date,close,high,low,open,volume,vix,atr,ema_fast,ema_slow,trend_strength,ret_1d,ret_5d,ret_10d,ret_21d,abs_move_5d,abs_move_10d,regime,vix_bucket,direction
2024-06-19,51398.05078125,51957.0,50441.75,50607.8984375,435300,13.710000038146973,,51398.05078125,51398.05078125,,0.7494432432650244,2.8647958363571924,3.29039563377167,1.6879059965567489,2.8647958363571924,3.29039563377167,RANGING,LOW,NEUTRAL
2024-06-20,51783.25,51842.19921875,51281.5,51712.8984375,235900,13.350000381469727,,51434.73642113095,51413.156632965685,,-0.23521270150096418,1.9852959813260185,2.549954316791636,0.9600564613074791,1.9852959813260185,2.549954316791636,RANGING,LOW,NEUTRAL
2024-06-21,51661.44921875,51934.3515625,51224.94921875,51927.30078125,289400,13.180000305175781,,51456.328116142286,51422.89359711409,,0.08226637200989817,1.3178120078809474,1.933554630882206,0.22618715554265645,1.3178120078809474,1.933554630882206,RANGING,LOW,NEUTRAL
2024-06-24,51703.94921875,51783.94921875,51138.8984375,51280.25,176600,14.0600004196167,,51479.9110782954,51433.91538619785,,1.7446458053592462,1.684205547947215,1.3961246160249408,-0.7483939323723376,1.684205547947215,1.3961246160249408,RANGING,MEDIUM,NEUTRAL
2024-06-25,52606.0,52746.5,51747.6484375,51759.44921875,204000,14.3100004196167,,51587.157642267266,51479.879488699895,,0.502794358058023,-0.8324115832794687,-0.07071288208568838,-3.264361479679123,0.8324115832794687,0.07071288208568838,RANGING,MEDIUM,NEUTRAL
2024-06-26,52870.5,52988.30078125,52373.69921875,52653.19921875,214300,14.050000190734863,,51709.3807239561,51534.41362639794,,-0.11197022678053337,0.41374679641765777,-1.2884296890515512,-2.9781272756073784,0.41374679641765777,1.2884296890515512,RANGING,MEDIUM,NEUTRAL
2024-06-27,52811.30078125,53180.75,52639.0,52980.30078125,332900,14.149999618530273,,51814.325491317424,51584.48763247057,,-0.8881636587457997,0.5536664183128925,-1.0237436604514594,-2.660511595936388,0.5536664183128925,1.0237436604514594,RANGING,MEDIUM,NEUTRAL
2024-06-28,52342.25,53030.30078125,52242.30078125,52874.94921875,244600,13.800000190734863,,51864.60401595386,51614.20380374623,,0.4441918335570172,0.6077338335665816,-0.12103331916377691,-1.6104565981592267,0.6077338335665816,0.12103331916377691,RANGING,LOW,NEUTRAL
2024-07-01,52574.75,52656.1484375,52166.05078125,52351.1484375,0,13.829999923706055,,51932.2369668154,51651.872282030694,,-0.773467182440235,-0.2833094189701346,-0.22606205925848055,-1.9426655618904554,0.2833094189701346,0.22606205925848055,RANGING,LOW,BULL
2024-07-02,52168.1015625,52828.44921875,51996.6484375,52793.75,0,13.640000343322754,,51954.7002616425,51672.11656753929,,1.7657311842111278,0.7680923912286586,0.4383889999830748,-1.1579903128662972,0.7680923912286586,0.4383889999830748,RANGING,LOW,BULL
2024-07-03,53089.25,53256.69921875,52482.6484375,52872.30078125,0,13.210000038146973,,52062.752617676546,51727.69042763579,,0.027216844747290914,-1.6951628036749433,-0.8825718601223387,-3.2758073668398002,1.6951628036749433,0.8825718601223387,RANGING,LOW,BULL
2024-07-04,53103.69921875,53357.69921875,52815.8984375,53357.69921875,163700,12.859999656677246,,52161.89038920735,51781.65155669909,,-0.8348715113493665,-1.5687245775824699,-1.5782283881912385,-5.671163592284467,1.5687245775824699,1.5782283881912385,RANGING,LOW,BULL
2024-07-05,52660.3515625,52817.8515625,52290.05078125,52560.1015625,199600,12.699999809265137,,52209.36288190189,51816.11038045599,,-0.4454029916067359,-0.7243649418999243,-0.7215164990857503,-5.529873414904629,0.7243649418999243,0.7215164990857503,RANGING,LOW,BULL
2024-07-08,52425.80078125,52710.80078125,52246.69921875,52533.1015625,158000,13.600000381469727,760.5251116071429,52229.976015173146,51840.01980793811,,0.2727664582495848,0.057410007670810614,-1.2350788931231316,-4.400125027894708,0.057410007670810614,1.2350788931231316,RANGING,LOW,BULL
2024-07-09,52568.80078125,52626.6015625,52292.94921875,52390.5,145100,14.279999732971191,676.1252790178571,52262.2450405138,51868.599453950344,0.5487,-0.7219110848261101,-0.32719026769457704,-2.3812618181248024,-4.588466022912085,0.32719026769457704,2.3812618181248024,RANGING,MEDIUM,BULL
2024-07-10,52189.30078125,52528.80078125,52075.3984375,52528.80078125,228000,14.430000305175781,671.318359375,52255.29796820296,51881.17597658955,0.5173,0.15587037004187732,0.8266032137663526,-2.4919873648072466,-3.2665714154623826,0.8266032137663526,2.4919873648072466,RANGING,MEDIUM,BULL
2024-07-11,52270.6484375,52400.30078125,51749.44921875,52316.8984375,138300,14.0,667.1361607142857,52256.75991765982,51896.44940642917,0.5256,0.015783236379518506,-0.009655275285203047,-1.8647161416324276,-3.2383359865412076,0.009655275285203047,1.8647161416324276,RANGING,MEDIUM,BULL
2024-07-12,52278.8984375,52794.55078125,52171.1484375,52272.6484375,171000,13.729999542236328,665.58984375,52258.86834812079,51911.44740764763,0.5242,0.33856872522211034,0.0028692264849361493,-1.669217339273632,-4.680754469081771,0.0028692264849361493,1.669217339273632,RANGING,LOW,BULL
2024-07-15,52455.8984375,52662.25,52154.0,52330.05078125,186100,14.1899995803833,627.4255022321429,52277.63311853786,51932.79842842616,0.4937,-0.11266160338557762,-1.2917473085650055,-1.823622671127756,-5.2016984505585455,1.2917473085650055,1.823622671127756,RANGING,MEDIUM,BULL
2024-07-16,52396.80078125,52619.05078125,52331.6015625,52466.69921875,158800,14.220000267028809,604.0574776785714,52288.982419748536,51950.99459912514,0.4777,0.4273131835562882,-2.0608143343675334,-1.609644732454374,-3.5878189426075013,2.0608143343675334,1.609644732454374,RANGING,MEDIUM,BULL
2024-07-18,52620.69921875,52782.75,52168.6484375,52215.05078125,139400,14.510000228881836,609.2254464285714,52320.57449584391,51977.25752538494,0.4917,-0.6748250432283665,-3.2913838935322737,-2.008143628721437,-4.280345357796833,3.2913838935322737,2.008143628721437,RANGING,MEDIUM,BULL
2024-07-19,52265.6015625,52586.75,52146.30078125,52531.55078125,134100,14.829999923706055,586.8253348214286,52315.338978382584,51988.56513468357,0.497,0.02831092450414907,-1.8552399948759346,-1.751540396804363,-2.7981178466896184,1.8552399948759346,1.751540396804363,RANGING,MEDIUM,BULL
2024-07-22,52280.3984375,52427.0,51874.55078125,52145.6015625,175300,15.4399995803833,591.2790178571429,52312.01130782234,52000.009577931276,0.486,-0.9603937063529577,-1.672038591184466,-4.185692803424324,-3.050565228871782,1.672038591184466,4.185692803424324,RANGING,MEDIUM,BULL
2024-07-23,51778.30078125,52547.55078125,51342.6484375,52511.0,207800,12.75,617.9291294642857,52261.181733863064,51991.31511531633,0.4815,-0.8909152565644729,-0.5388357589769188,-3.920561257072197,-1.53076008779921,0.5388357589769188,3.920561257072197,RANGING,LOW,BULL
2024-07-24,51317.0,51944.6484375,50784.25,51657.6484375,292200,11.760000228881836,623.0577566964286,52171.259663971345,51964.87138530392,0.3782,-0.8345187754545291,0.4606630112828025,-2.3345090320946227,-0.7474146603464793,0.4606630112828025,2.3345090320946227,RANGING,LOW,NEUTRAL
2024-07-25,50888.75,51006.1015625,50559.8984375,50762.30078125,188400,12.619999885559082,638.4363839285714,52049.115886450265,51922.67054666455,0.3523,0.8001753211662743,1.3269141018398045,-1.4385316622043232,0.5096441993564405,1.3269141018398045,1.4385316622043232,RANGING,LOW,NEUTRAL
2024-07-26,51295.94921875,51398.6015625,50438.30078125,50456.1015625,215700,12.25,648.9115513392857,51977.385727621666,51898.09323968751,0.4178,0.21502824868222525,0.1056598417135568,-1.5818972669549347,-0.03352938977043696,0.1056598417135568,1.5818972669549347,RANGING,LOW,NEUTRAL
2024-07-29,51406.25,52340.25,51186.94921875,51546.6484375,513700,12.949999809265137,698.1400669642857,51922.99184880056,51878.80526950369,0.4391,0.18101063829787378,-2.5563981762917964,-1.6112841945288725,-0.5104407294832858,2.5563981762917964,1.6112841945288725,RANGING,LOW,NEUTRAL
2024-07-30,51499.30078125,51957.75,51260.05078125,51383.8984375,235200,12.880000114440918,724.1434151785714,51882.64031855765,51863.92274055257,0.4357,0.10504541892673025,-3.4000461626413125,-3.2378094332439766,-0.6729232746712777,3.4000461626413125,3.2378094332439766,RANGING,LOW,NEUTRAL
2024-07-31,51553.3984375,51663.1015625,51335.69921875,51583.44921875,219000,13.25,712.2862723214286,51851.28394893311,51851.74531690345,0.4603,0.02056423595984125,-2.7823547641363966,-3.5421479700583514,-0.39259960280867423,2.7823547641363966,3.5421479700583514,RANGING,LOW,NEUTRAL
2024-08-01,51564.0,51877.1484375,51456.19921875,51672.6015625,156400,12.930000305175781,695.8646763392857,51823.92357284424,51840.461186828805,0.4556,-0.41473035935923885,-2.7292312102435767,-2.030683349817697,-0.24134903954309284,2.7292312102435767,2.030683349817697,RANGING,LOW,NEUTRAL
2024-08-02,51350.1484375,51608.69921875,51087.8515625,51172.25,163000,14.319999694824219,688.5393415178571,51778.80213138289,51821.23323587474,0.4419,-2.4499381467829817,-1.685775920499255,-1.911965018358186,0.6600820743732694,1.685775920499255,1.911965018358186,RANGING,MEDIUM,NEUTRAL
2024-08-05,50092.1015625,50747.55078125,49719.1015625,50586.25,257800,20.3700008392334,768.7391183035714,51618.16398196547,51753.42415064436,0.3992,-0.6863373077311219,0.9699087103459014,1.4194790252767264,2.611486435377075,0.9699087103459014,1.4194790252767264,RANGING,MEDIUM,NEUTRAL
2024-08-06,49748.30078125,50688.80078125,49659.05078125,50436.8984375,162800,18.739999771118164,821.7606026785714,51440.08177237352,51674.7918616485,0.3869,0.7451495084827453,0.16794700509950022,1.8839839457456264,3.4669525851424687,0.16794700509950022,1.8839839457456264,RANGING,MEDIUM,NEUTRAL
2024-08-07,50119.0,50292.44921875,49782.19921875,50286.19921875,171000,16.170000076293945,816.7639508928571,51314.2644607189,51613.78041609365,0.3974,0.07521941529160525,-0.7815383761647254,1.7292827445679393,0.9135289261557489,0.7815383761647254,1.7292827445679393,RANGING,MEDIUM,BEAR
2024-08-08,50156.69921875,50440.75,49829.6015625,50051.8984375,124800,16.600000381469727,826.5318080357143,51204.02015195996,51556.63997698213,0.4135,0.6535533365550128,0.7181477735985986,1.548646565860201,1.916197791063401,0.7181477735985986,1.548646565860201,RANGING,MEDIUM,BEAR
2024-08-09,50484.5,50707.75,50386.44921875,50612.1015625,120200,15.34000015258789,826.4319196428571,51135.49442320187,51514.595272002436,0.4297,0.18510477225683886,-0.23006752072418646,1.3144659499450428,1.5604805063930582,0.23006752072418646,1.3144659499450428,RANGING,MEDIUM,BEAR
2024-08-12,50577.94921875,50830.69921875,50149.25,50412.6015625,163500,15.869999885559082,789.0424107142857,51082.394879920736,51477.86405422783,0.4521,-1.4751441443841884,0.4452517791419641,1.3855856001971034,0.8542275594871862,0.4452517791419641,1.3855856001971034,RANGING,MEDIUM,BEAR
2024-08-13,49831.8515625,50559.25,49785.1015625,50395.3515625,148900,16.170000076293945,762.7887834821429,50963.295516356855,51413.31454474831,0.4433,-0.20980713734641832,1.713159740169945,2.6328542064194993,3.8941897885655052,1.713159740169945,2.6328542064194993,RANGING,MEDIUM,BEAR
2024-08-14,49727.30078125,49959.25,49654.6484375,49887.1484375,137100,15.4399995803833,730.4673549107143,50845.581732060964,51347.19635794446,0.4547,1.587855451321274,2.5305987208830816,2.86653246075137,4.4457470348633565,2.5305987208830816,2.86653246075137,RANGING,MEDIUM,BEAR
2024-08-16,50516.8984375,50603.3984375,49806.05078125,50133.0,130700,14.399999618530273,724.4528459821429,50814.27856115039,51314.635655181926,0.4731,-0.2940538306875351,0.8245771101037747,1.6511337558301475,3.239015162469605,0.8245771101037747,1.6511337558301475,RANGING,MEDIUM,BEAR
2024-08-19,50368.3515625,50728.25,50283.55078125,50683.55078125,115300,14.319999694824219,673.8384486607143,50771.80932318369,51277.52647507675,0.4637,0.8632342761118128,1.5480951347642158,2.1267307456365625,3.613969523583216,1.5480951347642158,2.1267307456365625,RANGING,MEDIUM,BEAR
2024-08-20,50803.1484375,51025.6015625,50398.6015625,50417.25,144200,13.819999694824219,670.94921875,50774.79400073763,51258.92341477962,0.477,-0.23147710302772184,0.9361655273887326,1.7438941330377045,3.8329317372831406,0.9361655273887326,1.7438941330377045,RANGING,LOW,BEAR
2024-08-21,50685.55078125,50772.44921875,50333.3515625,50666.6484375,180800,13.329999923706055,681.1202566964286,50766.29464650071,51236.43821346474,0.471,0.5921775197736068,0.9042040072287039,1.410065014059958,4.6404759245904925,0.9042040072287039,1.410065014059958,RANGING,LOW,BEAR
2024-08-22,50985.69921875,51080.0,50794.44921875,50894.80078125,133100,13.0,679.2273995535714,50787.19032004826,51226.605311711224,0.4815,-0.10247971647073806,0.32764242485581185,0.9558593291210116,5.5064460094087275,0.32764242485581185,0.9558593291210116,RANGING,LOW,BEAR
2024-08-23,50933.44921875,51117.8515625,50856.69921875,51040.05078125,88500,13.550000190734863,660.677734375,50801.11973897224,51215.1089943402,0.4869,0.4214368888078024,0.8197967890544611,-0.7001246954991713,6.228424760465989,0.8197967890544611,0.7001246954991713,RANGING,LOW,BEAR
2024-08-26,51148.1015625,51317.8515625,51061.55078125,51100.6484375,100300,13.800000190734863,571.6316964285714,50834.165626927264,51212.48125191509,0.5505,0.25543164557213505,0.5698143427549596,-0.059241262772913306,5.51437866477511,0.5698143427549596,0.059241262772913306,RANGING,LOW,BEAR
2024-08-27,51278.75,51404.69921875,50938.1015625,51214.05078125,111400,13.630000114440918,531.4065290178571,50876.50699579133,51215.080026349795,0.577,-0.263068888184681,0.8002370621358779,-0.012576786193108092,5.505006337908003,0.8002370621358779,0.012576786193108092,RANGING,LOW,BEAR
2024-08-28,51143.8515625,51260.75,51033.69921875,51208.94921875,128100,13.949999809265137,510.0424107142857,50901.968383096915,51212.28675325765,0.5521,0.0173988411669157,0.5013279791543868,-0.2617158434703115,6.318452563258692,0.5013279791543868,0.2617158434703115,RANGING,LOW,BEAR
2024-08-29,51152.75,51368.94921875,50984.3984375,51103.75,143600,13.789999961853027,493.8568638392857,50925.85234661149,51209.9519786201,0.5506,0.38756469593521636,0.6261653210237972,1.2113687680525453,5.242241680554804,0.6261653210237972,1.2113687680525453,RANGING,LOW,BEAR
2024-08-30,51351.0,51466.55078125,51256.0,51437.44921875,478600,13.390000343322754,476.91043526785717,50966.34259931516,51215.483273576174,0.5446,0.17244217493330716,-1.5075625352962918,1.143211974937186,3.1685878804696976,1.5075625352962918,1.143211974937186,RANGING,LOW,NEUTRAL
2024-09-02,51439.55078125,51579.5,51295.80078125,51579.5,150200,14.0600004196167,448.49972098214283,51011.41004521372,51224.270234661424,0.5443,0.48513406019277117,-0.6254914654450716,1.387254836817342,2.8830943480761873,0.6254914654450716,1.387254836817342,RANGING,MEDIUM,NEUTRAL
2024-09-03,51689.1015625,51750.1015625,51240.05078125,51479.75,127200,13.84000015258789,428.29994419642856,51075.952094479086,51242.49891418451,0.6254,-0.5588248852627764,-0.8063610483653338,0.966445265828364,0.30199336326488524,0.8063610483653338,0.966445265828364,RANGING,LOW,NEUTRAL
2024-09-04,51400.25,51503.55078125,51259.8984375,51364.6484375,159700,14.380000114440918,437.20005580357144,51106.8376092906,51248.68523127531,0.6071,0.14163507230022798,-0.7592375523465367,2.626735156930171,0.12023439817898662,0.7592375523465367,2.626735156930171,RANGING,MEDIUM,NEUTRAL
2024-09-05,51473.05078125,51636.75,51389.1484375,51544.25,129600,14.210000038146973,392.30747767857144,51141.71505423911,51257.48388029393,0.5848,-1.7411037526387618,0.5815619080403289,3.0395532370890876,-1.9314035765529924,0.5815619080403289,3.0395532370890876,RANGING,MEDIUM,NEUTRAL
2024-09-06,50576.8515625,51380.05078125,50447.30078125,51200.3984375,186000,15.220000267028809,433.8111049107143,51087.91853121634,51230.792416851036,0.5124,1.0695589030122354,2.6913482684225665,6.359327551805838,0.8781654527291849,2.6913482684225665,6.359327551805838,RANGING,MEDIUM,NEUTRAL
2024-09-09,51117.80078125,51192.75,50369.3984375,50549.25,172400,14.239999771118164,445.67550223214283,51090.764459790975,51226.36137231766,0.5175,0.3022430496592676,2.0254151008580967,5.84532189243947,-0.21675576718206413,2.0254151008580967,5.84532189243947,RANGING,MEDIUM,NEUTRAL
2024-09-10,51272.30078125,51366.0,50958.25,51328.30078125,119300,13.359999656677246,441.2435825892857,51108.05363326326,51228.16291776599,0.5321,-0.5115837933021394,1.7872177419139712,5.258786401557436,0.5043613263100655,1.7872177419139712,5.258786401557436,RANGING,LOW,NEUTRAL
2024-09-11,51010.0,51420.1484375,50947.69921875,51218.55078125,145100,13.630000114440918,446.8150111607143,51098.71519200009,51219.60750922615,0.5021,1.4946058370907567,3.411876960399929,6.0608673544403135,0.3181744388355279,3.411876960399929,6.0608673544403135,RANGING,LOW,NEUTRAL
2024-09-12,51772.3984375,51878.1015625,51025.0,51271.0,127900,13.180000305175781,490.1685267857143,51162.87550109532,51241.285584844736,0.539,0.31996266108855753,2.4437792398730895,5.027685028234297,0.08595313592381082,2.4437792398730895,5.027685028234297,RANGING,LOW,NEUTRAL
2024-09-13,51938.05078125,51994.1015625,51643.94921875,51952.55078125,152000,12.550000190734863,487.7220982142857,51236.70171825291,51268.60971019396,0.5368,0.414142720056887,3.5718484032321918,3.6509841464527293,-0.061709634396922564,3.5718484032321918,3.6509841464527293,RANGING,LOW,NEUTRAL
2024-09-16,52153.1484375,52208.69921875,51921.44921875,52038.69921875,93800,12.460000038146973,474.9115513392857,51323.98235818121,51303.29750342165,0.5403,0.06806875723437411,3.7440737563333215,1.581789690010016,-0.6751225320019816,3.7440737563333215,1.581789690010016,RANGING,LOW,NEUTRAL
2024-09-17,52188.6484375,52284.6015625,52085.5,52249.05078125,111400,12.59000015258789,471.6294642857143,51406.33150859253,51338.01714789531,0.5485,1.0763834987463694,3.410613568833143,1.4063462974692076,-1.7242210388483947,3.410613568833143,1.4063462974692076,RANGING,LOW,NEUTRAL
2024-09-18,52750.3984375,52954.19921875,52154.55078125,52177.1015625,205100,13.369999885559082,501.279296875,51534.3378827742,51393.404649448436,0.5699,0.5444567880189322,2.561592025889614,-1.7160045147763259,-1.2439701655097113,2.561592025889614,1.7160045147763259,RANGING,LOW,NEUTRAL
2024-09-19,53037.6015625,53353.30078125,52847.8984375,52929.25,164900,12.470000267028809,521.9294084821429,51677.5058522719,51457.88295976419,0.5731,1.424645221484222,2.5222671474379954,-2.9706297698876116,-2.026679774505502,2.5222671474379954,2.9706297698876116,RANGING,LOW,NEUTRAL
2024-09-20,53793.19921875,54066.1015625,53037.6015625,53235.80078125,271900,12.789999961853027,575.1294642857143,51879.00045860315,51549.46398952834,0.594,0.5811172546715593,0.07640661477088528,-6.161189201208128,-4.714444982045318,0.07640661477088528,6.161189201208128,RANGING,LOW,BULL
2024-09-23,54105.80078125,54197.94921875,53741.3984375,53917.8984375,163700,13.789999961853027,571.3080357142857,52091.07667980761,51649.712491164486,0.5958,-0.2535758029064139,-2.0842482736911916,-5.701423390297588,-5.298509105965343,2.0842482736911916,5.701423390297588,RANGING,LOW,BULL
2024-09-24,53968.6015625,54247.69921875,53904.6484375,54110.6484375,192600,13.390000343322754,565.154296875,52269.88857339736,51740.64931749137,0.6046,0.24652644528118106,-1.9381639874226586,-5.487638139132112,-4.516428171994102,1.9381639874226586,5.487638139132112,RANGING,LOW,BULL
2024-09-25,54101.6484375,54141.30078125,53792.8515625,53794.0,184600,12.739999771118164,572.3577008928571,52444.341893788085,51833.23751827602,0.607,0.5059053335799701,-4.170758717928392,-4.751703643503236,-6.125874745902927,4.170758717928392,4.751703643503236,RANGING,LOW,BULL
2024-09-26,54375.3515625,54467.3515625,54010.8984375,54045.8515625,170500,12.0,531.6936383928571,52628.24757652255,51932.928265108334,0.7229,-0.9950294861599263,-5.3577598995408815,-5.890630017478338,-5.730631051954404,5.3577598995408815,5.890630017478338,TRENDING,LOW,BULL
2024-09-27,53834.30078125,54338.69921875,53763.19921875,54338.69921875,217400,11.960000038146973,516.6079799107143,52743.1097864966,52007.491893192324,0.6359,-1.5904343630821494,-6.232833518882918,-3.747429268093405,-2.811593241733301,6.232833518882918,3.747429268093405,RANGING,LOW,BULL
2024-09-30,52978.1015625,53726.3984375,52926.55078125,53556.94921875,179300,12.789999961853027,552.322265625,52765.48995563978,52045.5550174789,0.5687,-0.10476026577608266,-3.69417080789719,-2.0236692725487893,-2.2095951496468813,3.69417080789719,2.0236692725487893,RANGING,LOW,BULL
2024-10-01,52922.6015625,53235.25,52817.80078125,52844.0,240200,11.989999771118164,548.3936941964286,52780.45296581695,52079.948999636596,0.579,-2.035807598153727,-3.6196284875333107,-2.1192283601657036,-2.734653923410857,3.6196284875333107,2.1192283601657036,RANGING,LOW,BULL
2024-10-03,51845.19921875,52582.94921875,51683.3984375,52314.44921875,272300,13.170000076293945,574.9009486607143,52691.381180382006,52070.74312587634,0.5037,-0.7390239468140214,-0.6062292863874941,-1.073191820813324,-0.3304081840388551,0.6062292863874941,1.073191820813324,RANGING,LOW,BULL
2024-10-04,51462.05078125,52358.3515625,51347.25,51643.75,255800,14.130000114440918,622.1116071428571,52574.30209475039,52046.87283785178,0.4844,-1.9104414395164526,-0.5630362482669793,1.2283778588363603,-0.4795782086086664,0.5630362482669793,1.2283778588363603,RANGING,MEDIUM,BULL
2024-10-07,50478.8984375,51784.80078125,50194.30078125,51543.19921875,328700,15.079999923706055,715.2008928571429,52374.73984167893,51985.383645681126,0.4477,1.0739171798116676,2.650612516151929,2.9394476250054424,3.4239090312954135,2.650612516151929,2.9394476250054424,RANGING,MEDIUM,BULL
2024-10-08,51021.0,51176.05078125,50466.0,50736.1015625,153200,14.59000015258789,751.697265625,52245.812237709506,51947.56467918382,0.4659,-0.027439681699692464,1.734579878873399,0.4628455684914101,2.5409114629270313,1.734579878873399,0.4628455684914101,RANGING,MEDIUM,BULL
2024-10-09,51007.0,51707.1484375,50903.75,51161.75,310000,14.119999885559082,751.9651227678571,52127.83011983241,51910.67978980407,0.446,1.0271108622345926,1.5567486447938483,0.4548395318289655,1.7830885956829468,1.5567486447938483,0.4548395318289655,RANGING,MEDIUM,NEUTRAL
2024-10-10,51530.8984375,51659.44921875,51047.0,51195.69921875,123700,13.5,755.5041852678571,52070.9794834198,51895.786403439204,0.4553,-0.6958886165839506,-0.46981066426317053,0.00048514582042802346,0.05880118951691049,0.46981066426317053,0.00048514582042802346,RANGING,LOW,NEUTRAL
2024-10-11,51172.30078125,51560.0,51005.8515625,51491.8984375,109400,13.220000267028809,721.6219308035714,51985.391035594104,51867.414418255314,0.414,1.259661274574131,1.8015575290251329,-0.7520700781955325,1.3766221334494233,1.8015575290251329,0.7520700781955325,RANGING,LOW,NEUTRAL
2024-10-14,51816.8984375,51893.0,51220.8515625,51263.25,126600,13.0,740.4896763392857,51969.34412148991,51865.433399402165,0.4301,0.17195464257180326,0.28137689758844786,-1.076092303985654,-1.2719743483778467,0.28137689758844786,1.076092303985654,RANGING,LOW,NEUTRAL
2024-10-15,51906.0,52022.05078125,51698.75,51975.94921875,101400,13.0,739.0789620535714,51963.31134801468,51867.024246484434,0.4375,-0.20219091964319702,-1.2500511742380427,0.7989427402419702,-3.501807955727665,1.2500511742380427,0.7989427402419702,RANGING,LOW,NEUTRAL
2024-10-16,51801.05078125,52031.6015625,51711.19921875,51711.19921875,94400,13.050000190734863,737.0756138392857,51947.85796070375,51864.43705176936,0.4296,-0.9888795541294626,-1.0850181082686428,0.012449976694939302,-3.130245382178465,1.0850181082686428,0.012449976694939302,RANGING,LOW,NEUTRAL
2024-10-17,51288.80078125,51930.19921875,51150.25,51849.30078125,107800,13.390000343322754,760.1824776785714,51885.090610279585,51841.863080376446,0.4037,1.570320275053949,0.4725157394177115,0.3637261515348156,-1.8035126302624715,0.4725157394177115,0.3637261515348156,RANGING,LOW,NEUTRAL
2024-10-18,52094.19921875,52199.44921875,51000.8984375,51261.0,139100,13.039999961853027,802.0680803571429,51905.005715848194,51851.758615214625,0.4515,-0.25242733734675005,-2.5084366773981737,-0.8068091794349419,-2.817394721026323,2.5084366773981737,0.8068091794349419,RANGING,LOW,NEUTRAL
2024-10-21,51962.69921875,52577.5,51855.1484375,52361.1015625,145700,13.760000228881836,788.8253348214286,51910.500335172175,51856.10922711797,0.4701,-1.3578024079923368,-1.3536603141781955,-1.4384341652527,-3.0595038463212543,1.3536603141781955,1.4384341652527,RANGING,LOW,NEUTRAL
2024-10-22,51257.1484375,52257.30078125,51179.6015625,52071.3515625,203900,14.399999618530273,835.9860491071429,51848.276344917685,51832.62056870158,0.452,-0.035406646786306784,2.0749316215802116,1.8535981642804344,-0.23752784482042877,2.0749316215802116,1.8535981642804344,RANGING,MEDIUM,NEUTRAL
2024-10-23,51239.0,51551.55078125,51107.8984375,51117.80078125,208100,14.619999885559082,779.1609933035714,51790.2500263541,51809.34133071329,0.4808,0.5701681092527222,1.1095064306485325,2.104643801596451,1.890161790823397,1.1095064306485325,2.104643801596451,RANGING,MEDIUM,NEUTRAL
2024-10-24,51531.1484375,51781.55078125,51201.8515625,51272.30078125,171800,13.970000267028809,748.3465401785714,51765.57368455847,51798.431805489236,0.5035,-1.4432032688966756,-0.10827795749143165,0.7478031718376688,1.2814609852930259,0.10827795749143165,0.7478031718376688,RANGING,LOW,NEUTRAL
2024-10-25,50787.44921875,51501.05078125,50382.1015625,51369.75,271700,14.630000114440918,716.8141741071429,51672.41897352909,51758.78542953868,0.5124,0.9290711972315346,1.7454100026404573,1.5235063227281298,2.9817436902125793,1.7454100026404573,1.5235063227281298,RANGING,MEDIUM,NEUTRAL
2024-10-28,51259.30078125,51589.1484375,51012.55078125,51061.3515625,447600,14.289999961853027,723.3604910714286,51633.074383788226,51739.19779627246,0.5098,2.0706455634842413,-0.08593714814407738,1.2045603614161182,1.2632844603429838,0.08593714814407738,1.2045603614161182,RANGING,MEDIUM,NEUTRAL
2024-10-29,52320.69921875,52354.8515625,51278.8984375,51404.1015625,374600,14.520000457763672,744.228515625,51698.56246330839,51762.00177362452,0.5427,-0.9808722482938181,-0.21683429396781584,-2.222635505381887,-0.5066783514143025,0.21683429396781584,2.222635505381887,RANGING,MEDIUM,NEUTRAL
2024-10-30,51807.5,52220.0,51733.0,51988.69921875,247700,15.510000228881836,739.603515625,51708.93746680283,51763.786017796105,0.5099,-0.6411203734980497,0.9842174154321315,-3.3183389229358706,0.5819620711287055,0.9842174154321315,3.3183389229358706,RANGING,MEDIUM,NEUTRAL
2024-10-31,51475.3515625,52005.6015625,51318.1015625,51649.44921875,319900,15.550000190734863,749.1286272321429,51686.69119020256,51752.47486268645,0.5108,0.38571251865842093,0.8570090812577869,-2.517322838828351,2.3708404128492955,0.8570090812577869,2.517322838828351,RANGING,MEDIUM,NEUTRAL
2024-11-01,51673.8984375,51825.5,51459.3984375,51550.1484375,51400,15.899999618530273,723.8002232142857,51685.47283280231,51749.393434247766,0.4966,-0.8875824185294201,-0.21809699317791864,-2.5353180152153043,3.0827943084780873,0.21809699317791864,2.5353180152153043,RANGING,MEDIUM,NEUTRAL
2024-11-04,51215.25,51764.5,51066.80078125,51764.5,320500,16.690000534057617,750.54296875,51640.689705868754,51728.44663290471,0.4791,1.936923084432851,1.2916074801938793,-1.1495599455240368,4.663261003802588,1.2916074801938793,1.1495599455240368,RANGING,MEDIUM,NEUTRAL
2024-11-05,52207.25,52289.55078125,50865.44921875,51052.6015625,245000,16.1200008392334,829.3786272321429,51694.64782911935,51747.2232355359,0.513,0.21098302917699208,-2.0101599275004878,-3.513595453696561,2.4943853583554,2.0101599275004878,3.513595453696561,RANGING,MEDIUM,NEUTRAL
2024-11-06,52317.3984375,52493.94921875,52185.3984375,52440.3984375,219100,14.869999885559082,795.7073102678571,51753.95741086989,51769.58304737764,0.5317,-0.7662812935527064,-4.260622549232618,-2.2592866528179045,2.0841089103514454,4.260622549232618,2.2592866528179045,RANGING,MEDIUM,NEUTRAL
2024-11-07,51916.5,52377.25,51752.25,52258.94921875,160500,14.9399995803833,754.7393973214286,51769.43765745371,51775.34449650008,0.4958,-0.6843696729363469,-3.345659315920757,0.5605154430672332,3.199751945431606,3.345659315920757,0.5605154430672332,RANGING,MEDIUM,NEUTRAL
2024-11-08,51561.19921875,52007.1484375,51494.0,51869.1484375,157200,14.470000267028809,739.7963169642857,51749.60542519622,51766.94664247067,0.489,0.6119927116343238,-2.322285857665951,1.222432353785896,3.549475907233113,2.322285857665951,1.222432353785896,RANGING,MEDIUM,NEUTRAL
2024-11-11,51876.75,52177.69921875,51294.19921875,51562.69921875,160700,14.270000457763672,725.9249441964286,51761.71443232039,51771.25265649143,0.5212,-1.385879452259442,-2.41003917940118,0.819347359366196,2.5824655915222205,2.41003917940118,0.819347359366196,RANGING,MEDIUM,NEUTRAL
2024-11-12,51157.80078125,52169.05078125,51006.8515625,52053.75,131400,14.59000015258789,777.2497209821429,51704.198846504165,51747.19572020745,0.4988,-2.0904909953478046,-1.5342769465525485,1.4641966030809916,4.742189779372152,1.5342769465525485,1.4641966030809916,RANGING,MEDIUM,NEUTRAL
2024-11-13,50088.3515625,51353.5,49904.3984375,51030.94921875,207100,15.4399995803833,839.3498883928571,51550.30862897996,51682.14300814049,0.4611,0.18207670227718964,2.0903999479669366,3.9275598789576316,6.973677294293568,2.0903999479669366,3.9275598789576316,RANGING,MEDIUM,NEUTRAL
2024-11-14,50179.55078125,50561.80078125,49939.3515625,50053.44921875,133900,14.779999732971191,801.7357700892857,51419.76026252949,51623.21782277224,0.4836,0.3671814456913225,4.041385758096028,3.8450906568716414,5.291498147472762,4.041385758096028,3.8450906568716414,RANGING,MEDIUM,NEUTRAL
2024-11-18,50363.80078125,50445.80078125,50074.0,50312.44921875,161500,15.170000076293945,771.0287388392857,51319.19269288383,51573.828919183135,0.4747,0.5216032441455409,3.6289938217499262,4.630208964725635,3.5258458902114764,3.6289938217499262,4.630208964725635,RANGING,MEDIUM,NEUTRAL
2024-11-19,50626.5,50983.5,50440.8515625,50580.55078125,185800,15.65999984741211,737.0393415178571,51253.22196022823,51536.678765489676,0.4436,-0.5009265157575604,3.3091380625759337,5.215447320079414,1.8749058669866647,3.3091380625759337,5.215447320079414,RANGING,MEDIUM,BEAR
2024-11-21,50372.8984375,50652.1484375,49787.1015625,50625.0,254600,15.989999771118164,756.8498883928571,51169.381624730304,51491.04032125479,0.4511,1.5137107922151172,3.0451952787732717,6.413473204759934,0.7668821791728009,3.0451952787732717,6.413473204759934,RANGING,MEDIUM,BEAR
2024-11-22,51135.3984375,51271.5,50508.25,50512.80078125,183400,16.100000381469727,771.9285714285714,51166.14513070837,51477.09358071539,0.4904,2.096593739873498,1.7995422996942345,4.642775132380628,0.35631505878006564,1.7995422996942345,4.642775132380628,RANGING,MEDIUM,BEAR
2024-11-25,52207.5,52331.1015625,51774.05078125,52046.3515625,458500,15.300000190734863,831.1858258928571,51265.32178492662,51505.73696970694,0.5164,-0.030646937700518073,-0.18867021021883312,2.29899918594072,-1.8665900493224141,0.18867021021883312,2.29899918594072,RANGING,MEDIUM,NEUTRAL
2024-11-26,52191.5,52555.5,51999.75,52554.8984375,113100,15.3100004196167,821.0465959821429,51353.52923398123,51532.629637561564,0.5296,0.21133859201210026,0.9661534924269244,2.6559865471389,-1.955875537683338,0.9661534924269244,2.6559865471389,RANGING,MEDIUM,NEUTRAL
2024-11-27,52301.80078125,52444.3515625,52019.6484375,52154.30078125,151600,14.630000114440918,749.6609933035714,51443.84080991159,51562.79321182386,0.5042,-0.7551350294837,1.8452474710889621,2.0831993640276325,-1.8938162457211027,1.8452474710889621,2.0831993640276325,RANGING,MEDIUM,NEUTRAL
2024-11-28,51906.8515625,52760.19921875,51782.8984375,52389.94921875,172000,15.210000038146973,797.4288504464286,51487.937072062865,51576.28569616411,0.4885,0.28657103161207065,3.2687384568240274,2.5229764796524723,-1.8381033211987141,3.2687384568240274,2.5229764796524723,RANGING,MEDIUM,NEUTRAL
2024-11-29,52055.6015625,52170.8984375,51759.44921875,51984.1484375,139600,14.430000305175781,782.1752232142857,51542.000356866396,51595.08239680473,0.5057,0.1025796185178729,2.792972118004222,2.9357056164554862,-2.296395215632563,2.792972118004222,2.9357056164554862,RANGING,MEDIUM,NEUTRAL
2024-12-02,52109.0,52197.25,51693.94921875,52087.6484375,102500,14.699999809265137,781.4718191964286,51596.00032287912,51615.23602830259,0.519,1.1260051046844133,2.492371759197076,2.8255225824713515,-2.011933519161757,2.492371759197076,2.8255225824713515,RANGING,MEDIUM,NEUTRAL
2024-12-03,52695.75,52780.8984375,52216.8515625,52357.94921875,173600,14.369999885559082,766.357421875,51700.73838736682,51657.6091252319,0.5269,1.083860534293568,1.6736629021315785,0.2638747550798737,-2.06885606287035,1.6736629021315785,0.2638747550798737,RANGING,MEDIUM,NEUTRAL
2024-12-04,53266.8984375,53387.1015625,52685.1484375,52775.0,228600,14.449999809265137,733.4827008928571,51849.896487379505,51720.71851002673,0.5716,0.6320104110153935,0.23364064484818758,-2.116413174633691,-4.276760470525565,0.23364064484818758,2.116413174633691,RANGING,MEDIUM,NEUTRAL
2024-12-05,53603.55078125,53888.30078125,52850.3515625,53354.44921875,155600,14.529999732971191,704.1146763392857,52016.91118203384,51794.555069682545,0.6598,-0.17545625220577454,-0.722156567723875,-3.7830545419937467,-6.86810990614034,0.722156567723875,3.7830545419937467,TRENDING,MEDIUM,NEUTRAL
2024-12-06,53509.5,53868.5,53160.6484375,53634.19921875,209400,14.140000343322754,710.21484375,52159.06249803061,51861.80781204793,0.6482,-0.1901531503751719,0.13885530840318516,-5.139836442594303,-6.180868000074757,0.13885530840318516,5.139836442594303,RANGING,MEDIUM,BULL
2024-12-09,53407.75,53775.1015625,53326.3984375,53380.75,121800,14.109999656677246,715.7078683035714,52277.98511726579,51922.43299588919,0.6322,0.31821078167495465,0.32504938421857865,-3.9135676704223687,-6.689477124106524,0.32504938421857865,3.9135676704223687,RANGING,MEDIUM,BULL
2024-12-10,53577.69921875,53624.05078125,53302.6484375,53450.05078125,121800,13.779999732971191,694.4009486607143,52401.76741264524,51987.34539678569,0.6276,-0.3478082466534582,-1.3865814477528327,-4.3762596246937235,-7.60428177797563,1.3865814477528327,4.3762596246937235,RANGING,LOW,BULL
2024-12-11,53391.3515625,53648.05078125,53302.1484375,53459.30078125,101600,13.270000457763672,657.3191964285714,52496.01352215522,52042.40446210782,0.6331,-0.327585533296082,-2.3445759371433783,-4.15919859445869,-8.722766868990517,2.3445759371433783,4.15919859445869,RANGING,LOW,BULL
2024-12-12,53216.44921875,53537.44921875,53174.3984375,53201.0,99500,13.1899995803833,619.0655691964286,52564.62644564044,52088.445432956534,0.5968,0.6902970188596758,-3.083163240101905,-3.57999916467322,-9.724811209175144,3.083163240101905,3.57999916467322,RANGING,LOW,BULL
2024-12-13,53583.80078125,53654.0,52264.55078125,53109.80078125,139900,13.050000190734863,632.9045758928571,52661.69066807944,52147.08681916413,0.5852,-0.00457081937879078,-5.271372170912492,-4.910160800259344,-9.05992533745149,5.271372170912492,4.910160800259344,RANGING,LOW,BULL
2024-12-16,53581.3515625,53738.8984375,53335.0,53502.5,85800,14.020000457763672,622.0580357142857,52749.277419929014,52203.33249537338,0.5862,-1.393303377909727,-4.2248840949065,-5.078543680586167,-9.013681444964018,4.2248840949065,5.078543680586167,RANGING,MEDIUM,BULL
2024-12-17,52834.80078125,53515.69921875,52709.3984375,53394.1015625,116200,14.489999771118164,654.0044642857143,52757.42250195958,52228.09595756463,0.5269,-1.3158940503599448,-3.031715379947919,-3.358012507884056,-6.730604658136585,3.031715379947919,3.358012507884056,RANGING,MEDIUM,BULL
2024-12-18,52139.55078125,52827.6015625,52010.6484375,52696.94921875,149500,14.369999885559082,643.0652901785714,52698.57757617772,52224.62359770915,0.5114,-1.0814277339396772,-1.858189316906067,-1.0241745316149409,-6.902532079436763,1.858189316906067,1.0241745316149409,RANGING,MEDIUM,BULL
2024-12-19,51575.69921875,51789.8515625,51263.75,51428.44921875,145900,14.510000228881836,676.2332589285714,52591.63678023222,52199.17558284801,0.4805,-1.5831098993674297,-0.5126414988163241,-1.137935978358262,-4.313850265148034,0.5126414988163241,1.137935978358262,RANGING,MEDIUM,BULL
2024-12-20,50759.19921875,51629.0,50609.3515625,51401.3515625,228200,15.069999694824219,713.115234375,52417.118917233915,52142.70592151084,0.4492,1.1001007745286229,0.3813117311324721,-1.6493546620821142,-4.311141260955242,0.3813117311324721,1.6493546620821142,RANGING,MEDIUM,BULL
2024-12-23,51317.6015625,51417.3515625,51030.3984375,51044.3984375,110800,13.520000457763672,712.1333705357143,52312.40297868783,52110.34888782414,0.4485,-0.16485876175831304,-0.8913166824309315,-2.1736267694457245,-5.053243031714416,0.8913166824309315,2.1736267694457245,RANGING,LOW,NEUTRAL
2024-12-24,51233.0,51382.1015625,51137.5,51314.94921875,112000,13.180000305175781,679.4654017857143,52209.602695003276,52075.94304908594,0.4166,-0.12160283655066051,-0.3364988142408265,-2.7286108928815445,-5.16073624421759,0.3364988142408265,2.7286108928815445,RANGING,LOW,NEUTRAL
2024-12-26,51170.69921875,51740.0,50951.80078125,51395.80078125,91300,14.039999961853027,661.6261160714286,52110.659506788674,52040.44329103355,0.3951,0.2747696721886461,0.8498057856138441,-3.258113029925347,-5.477545705439491,0.8498057856138441,3.258113029925347,RANGING,MEDIUM,NEUTRAL
2024-12-27,51311.30078125,51628.44921875,51240.1015625,51268.19921875,78200,13.239999771118164,643.76171875,52034.53010435642,52011.849467120475,0.4073,-0.6987754662049372,-0.628516516030031,-5.022582363945316,-6.327363162339439,0.628516516030031,5.022582363945316,RANGING,LOW,NEUTRAL
2024-12-30,50952.75,51979.75,50718.3515625,51255.3515625,316300,13.970000267028809,701.8113839285714,51931.50342775104,51970.316154684384,0.3967,-0.18164040459053288,-2.022952637492581,-5.714117491205084,-4.0937897120371325,2.022952637492581,5.714117491205084,RANGING,LOW,NEUTRAL
2024-12-31,50860.19921875,50945.55078125,50599.80078125,50648.19921875,105300,14.449999809265137,704.0647321428571,51829.47445546523,51926.78215719676,0.3827,0.39402587254537824,-1.2938423194524318,-4.1900165826805775,-3.3311902549044703,1.2938423194524318,4.1900165826805775,RANGING,MEDIUM,NEUTRAL
2025-01-01,51060.6015625,51321.94921875,50485.05078125,50841.8984375,81100,14.449999809265137,739.1358816964286,51756.24846565902,51892.81429073807,0.4028,1.0672596915705324,-2.400188685105642,-4.521886294120181,-3.4246606781739297,2.400188685105642,4.521886294120181,RANGING,MEDIUM,NEUTRAL
2025-01-02,51605.55078125,51672.75,50992.80078125,51084.94921875,134400,13.739999771118164,761.771484375,51741.89630523911,51881.54905507187,0.4395,-1.1951233746430368,-4.073303645494164,-4.50891721389286,-3.9111133045659385,4.073303645494164,4.50891721389286,RANGING,LOW,NEUTRAL
2025-01-03,50988.80078125,51671.6015625,50904.3515625,51567.1484375,148200,13.539999961853027,717.3286830357143,51670.17292200206,51846.53931884356,0.4011,-2.092225674862891,-4.4218579554808795,-4.801444986425862,-3.487530541518269,4.4218579554808795,4.801444986425862,RANGING,LOW,NEUTRAL
2025-01-06,49922.0,51026.1015625,49751.0,50990.6484375,184600,15.649999618530273,779.5574776785714,51503.680262763766,51771.06718869283,0.3742,0.5611723037939109,-3.7673771082889274,-1.1441833635471355,0.4726357492688571,3.7673771082889274,1.1441833635471355,RANGING,MEDIUM,BEAR
2025-01-07,50202.1484375,50447.6015625,49969.30078125,50061.19921875,103800,14.65999984741211,754.8180803571429,51379.72485083388,51709.54096315586,0.4096,-0.7312389363316241,-2.9341373742875487,-3.2493629272278057,0.280669947672485,2.9341373742875487,3.2493629272278057,RANGING,MEDIUM,BEAR
2025-01-08,49835.05078125,50246.8984375,49389.75,50201.75,131200,14.470000267028809,757.1749441964286,51232.61303468304,51636.03154425759,0.4174,-0.6652963648122623,-2.173874703680645,-2.228656992094158,1.0977229333050564,2.173874703680645,2.228656992094158,RANGING,MEDIUM,BEAR
2025-01-09,49503.5,49798.1015625,49230.1484375,49712.55078125,136400,14.65999984741211,737.8250558035714,51067.935602808466,51552.402856247485,0.4236,-1.5541356924257843,-0.4541108835738883,-1.847344127182926,1.3238489450240865,0.4541108835738883,1.847344127182926,RANGING,MEDIUM,BEAR
2025-01-10,48734.1484375,49483.1484375,48631.19921875,49426.5,142400,14.920000076293945,727.3002232142857,50845.670158493376,51441.88307512013,0.4239,-1.4217924385990233,-0.3971483676342813,-0.7517268034750391,2.558476145528732,0.3971483676342813,0.7517268034750391,RANGING,MEDIUM,BEAR
2025-01-13,48041.25,48606.3515625,47898.3515625,48264.25,168800,16.0,739.9891183035714,50578.58252435115,51308.5249153115,0.3698,1.4318912132802453,2.7258882340696733,0.04870488902766201,2.835372596466579,2.7258882340696733,0.04870488902766201,RANGING,MEDIUM,BEAR
2025-01-14,48729.1484375,49007.3515625,48235.19921875,48266.8984375,151900,15.470000267028809,791.5248325892857,50402.445944651045,51207.3728965738,0.4144,0.046277806965822066,-0.3247542899358691,0.2825888188393355,1.5397371087088274,0.3247542899358691,0.2825888188393355,RANGING,MEDIUM,BEAR
2025-01-15,48751.69921875,49083.6484375,48522.3984375,48832.75,145100,15.260000228881836,775.3141741071429,50245.2319707557,51111.07196803168,0.4176,1.0809879623586927,-0.05599965065320456,0.8497139723094627,1.2474485064022156,0.05599965065320456,0.8497139723094627,RANGING,MEDIUM,BEAR
2025-01-16,49278.69921875,49459.0,49038.44921875,49082.8984375,146700,15.470000267028809,793.1392299107143,50153.18123246945,51039.214213157895,0.4352,-1.497802636740786,-1.3995889292621078,0.06747337191754799,-0.3637474260517748,1.3995889292621078,0.06747337191754799,RANGING,MEDIUM,BEAR
2025-01-17,48540.6015625,49047.19921875,48309.5,48959.5,130600,15.75,772.2678571428571,49999.602216281884,50941.22940332817,0.4251,1.6691165594781454,-0.35599225326349293,2.156128318480799,1.4797856884306126,0.35599225326349293,2.156128318480799,RANGING,MEDIUM,BEAR
2025-01-20,49350.80078125,49650.6015625,48683.6015625,48834.1484375,173100,16.420000076293945,826.3429129464286,49937.81160342171,50878.859653442756,0.4586,-1.5803235842250185,-2.6061428049586,-0.28418991744767474,-0.5339325721744115,2.6061428049586,0.28418991744767474,RANGING,MEDIUM,BEAR
2025-01-21,48570.8984375,49543.1484375,48430.94921875,49532.0,134700,17.059999465942383,846.0072544642857,49807.62939714345,50788.35137046461,0.4326,0.3160328611123475,0.609321907810334,3.2674931539349306,2.0572053578250316,0.609321907810334,3.2674931539349306,RANGING,MEDIUM,BEAR
2025-01-22,48724.3984375,48781.75,48074.05078125,48689.55078125,151700,16.770000457763672,847.9893973214286,49704.46454384408,50707.41203976012,0.4191,-0.2778863194661696,0.9062211036148238,3.322057112364929,1.2522521843602696,0.9062211036148238,3.322057112364929,RANGING,MEDIUM,BEAR
2025-01-23,48589.0,48892.69921875,48493.0,48770.1484375,124600,16.700000762939453,821.7357700892857,49598.22982538274,50624.33705780874,0.4312,-0.45524546450842474,1.487886597275101,3.6903446510527127,0.8071769716396782,1.487886597275101,3.6903446510527127,RANGING,MEDIUM,BEAR
2025-01-24,48367.80078125,48858.6484375,48203.0,48546.05078125,139900,16.75,777.4891183035714,49481.046106893904,50535.84543912017,0.4507,-0.6267647874275917,2.5210954763374316,3.70298163720586,0.587474379463937,2.5210954763374316,3.70298163720586,RANGING,MEDIUM,BEAR
2025-01-27,48064.6484375,48319.19921875,47844.1484375,47881.6484375,271800,18.1299991607666,777.3498883928571,49346.15109076115,50438.93575278212,0.4305,1.6690086187629793,2.3840855618450174,3.987029188389668,1.1311913072806323,2.3840855618450174,3.987029188389668,RANGING,MEDIUM,BEAR
2025-01-28,48866.8515625,49247.1484375,48449.05078125,48642.5,299900,18.200000762939453,800.5892857142857,49300.50351664104,50377.2853923789,0.4724,0.6120665577717066,2.6420725194433725,1.097977172345077,-0.2518082858123605,2.6420725194433725,1.097977172345077,RANGING,MEDIUM,BEAR
2025-01-29,49165.94921875,49199.6484375,48849.80078125,48997.19921875,177200,18.639999389648438,782.37109375,49287.68882160379,50329.78201302091,0.4913,0.29695348573544056,2.3941398085549404,0.6376364231374332,-1.670363357261917,2.3941398085549404,0.6376364231374332,RANGING,MEDIUM,BEAR
2025-01-30,49311.94921875,49426.19921875,49031.80078125,49206.19921875,197900,17.389999389648438,748.2352120535714,49289.999335617715,50289.86700148087,0.5199,0.558181139380598,2.1701684088835327,0.09714145254633433,-2.4287185083420204,2.1701684088835327,0.09714145254633433,RANGING,MEDIUM,BEAR
2025-01-31,49587.19921875,49674.80078125,49031.80078125,49259.6484375,232000,16.25,734.4640066964286,49318.30408639222,50262.31140215809,0.5551,-0.7595678792795768,1.1528224073075855,-0.9836207885997594,-2.70634361517349,1.1528224073075855,0.9836207885997594,RANGING,MEDIUM,BEAR
2025-02-03,49210.55078125,49373.44921875,48906.05078125,49074.80078125,122900,14.350000381469727,714.1102120535714,49308.04186685487,50221.065887612676,0.5184,1.9251937287013021,1.5656179549275784,0.09824652535370682,-1.464323302747017,1.5656179549275784,0.09824652535370682,RANGING,MEDIUM,BEAR
2025-02-04,50157.94921875,50206.6015625,49482.5,49538.80078125,155700,14.020000457763672,745.1674107142857,49388.98542417821,50218.59072412787,0.5462,0.3690373418034465,-1.5043493464201196,-2.1345538527316243,-3.0508623734320506,1.5043493464201196,2.1345538527316243,RANGING,MEDIUM,BEAR
2025-02-05,50343.05078125,50522.1484375,50215.44921875,50402.30078125,149000,14.079999923706055,720.66015625,49479.84879151838,50223.47151068168,0.5358,0.07756935792326836,-1.7154335088918393,-1.5353642791904099,-3.6659494262063386,1.7154335088918393,1.5353642791904099,RANGING,MEDIUM,BEAR
2025-02-06,50382.1015625,50553.3515625,50149.80078125,50468.3515625,158400,14.180000305175781,680.2566964285714,49565.777626849966,50229.6922970275,0.5677,-0.44311371117191634,-2.0289943616819572,-2.079212158211563,-4.297757961850602,2.0289943616819572,2.079212158211563,RANGING,MEDIUM,BEAR
2025-02-07,50158.8515625,50641.75,49871.1484375,50484.44921875,178700,13.6899995803833,656.0139508928571,49622.26085881663,50226.91422900681,0.5323,-0.35457662398508116,-2.1120944972791933,-2.347845508947899,-4.595205575785554,2.1120944972791933,2.347845508947899,RANGING,LOW,BEAR
2025-02-10,49981.0,50155.6484375,49703.1015625,50052.5,98400,14.449999809265137,609.1247209821429,49656.42649131029,50217.270533751645,0.5643,-1.1556422690622403,-1.4447521308097122,-2.659112025069521,-3.8501661881514937,1.4447521308097122,2.659112025069521,RANGING,MEDIUM,BEAR
2025-02-11,49403.3984375,49906.75,49177.3984375,49812.1484375,127000,14.869999885559082,615.9748883928571,49632.32858142359,50185.353980957465,0.529,0.15393835981993842,-0.63982978144691,-1.6092959191983724,-2.7184364688980334,0.63982978144691,1.6092959191983724,RANGING,MEDIUM,BEAR
2025-02-12,49479.44921875,49702.3515625,48734.3515625,49402.25,136500,14.899999618530273,656.5678013392857,49617.768642121344,50157.67144126306,0.538,-0.24171177759326756,0.18321211165714946,-1.4867757202544407,-2.2742791179324096,0.18321211165714946,1.4867757202544407,RANGING,MEDIUM,BEAR
2025-02-13,49359.8515625,49836.1015625,49276.1015625,49469.3515625,118600,14.960000038146973,649.7357700892857,49593.205110728835,50126.38438719392,0.5428,-0.5275590090060844,-0.05125781469978996,-2.056635730487566,-0.09187945478842385,0.05125781469978996,2.056635730487566,RANGING,MEDIUM,BEAR
2025-02-14,49099.44921875,49592.94921875,48719.75,49485.6484375,130600,15.020000457763672,674.7034040178571,49546.180740064185,50086.11241980396,0.5451,0.32474746924271436,-0.24083773215697324,-2.006434803598145,1.2284299586799996,0.24083773215697324,2.006434803598145,RANGING,MEDIUM,BEAR
2025-02-17,49258.8984375,49319.0,48525.6015625,48880.3984375,114800,15.720000267028809,646.9104352678571,49518.82052077235,50053.67265579205,0.5199,-0.3483586959779905,-1.2321615748677406,-2.0579007060748333,1.6320972463890193,1.2321615748677406,2.0579007060748333,RANGING,MEDIUM,BEAR
2025-02-18,49087.30078125,49328.55078125,48814.94921875,49211.8515625,107800,15.670000076293945,658.6071428571429,49477.72340272261,50015.7757195355,0.497,0.9835553667974617,-0.9757090146071845,-1.2169167034911998,3.0685125807026425,0.9757090146071845,1.2169167034911998,RANGING,MEDIUM,BEAR
2025-02-19,49570.1015625,49628.25,48804.0,48895.3515625,113300,15.420000076293945,689.3108258928571,49486.5213227014,49998.29830161254,0.5128,-0.47518720725840957,-1.666933807283344,-1.9011507219967694,4.306724394256678,1.666933807283344,1.9011507219967694,RANGING,MEDIUM,BEAR
2025-02-20,49334.55078125,49455.80078125,49150.94921875,49314.1015625,112000,14.680000305175781,673.3217075892857,49472.047937801275,49972.26898708852,0.4892,-0.7162354919714731,-2.006406355839774,-1.6966826858553774,4.608126356679065,2.006406355839774,1.6966826858553774,RANGING,MEDIUM,BEAR
2025-02-21,48981.19921875,49306.55078125,48764.0,49127.94921875,95300,14.529999732971191,665.421875,49425.300440748775,49933.40350597721,0.4901,-0.6721966902638932,-1.7698595610704304,-1.5605955952327721,4.548277332493722,1.7698595610704304,1.5605955952327721,RANGING,MEDIUM,BEAR
2025-02-24,48651.94921875,48748.3984375,48281.8984375,48619.80078125,95700,14.4399995803833,644.2254464285714,49351.647943415555,49883.15039667418,0.4012,-0.08961132482888656,-0.8360405010108929,-1.640222052382756,6.0098359689628955,0.8360405010108929,1.640222052382756,RANGING,MEDIUM,BEAR
2025-02-25,48608.3515625,48862.1484375,48534.1484375,48691.19921875,106700,13.720000267028809,641.6397879464286,49280.85781189979,49833.158285530095,0.3809,0.2786542114596058,-0.24358436347663437,-1.1349965741805246,6.08228813560685,0.24358436347663437,1.1349965741805246,RANGING,LOW,BEAR
2025-02-27,48743.80078125,48972.55078125,48627.1015625,48732.19921875,186700,13.3100004196167,638.8289620535714,49229.70952326648,49790.438383401466,0.3904,-0.8187739899296442,-0.2381873400086998,-1.4020292484308694,4.274798405854985,0.2381873400086998,1.4020292484308694,RANGING,LOW,BEAR
2025-02-28,48344.69921875,48574.5,48078.69921875,48437.55078125,287700,13.90999984741211,631.2932477678571,49145.422827598246,49733.74272988573,0.3823,-0.4765743529761002,0.31606522270126725,0.019545511509422298,6.212369941346507,0.31606522270126725,0.019545511509422298,RANGING,LOW,BEAR
2025-03-03,48114.30078125,48574.69921875,47841.30078125,48478.6015625,151000,13.760000228881836,651.1252790178571,49047.22072794603,49670.23520248825,0.3789,0.27205723740042487,0.21303437509361256,2.494475029797605,7.239117527833505,0.21303437509361256,2.494475029797605,RANGING,LOW,BEAR
2025-03-04,48245.19921875,48374.8984375,47924.75,47942.5,139300,13.829999923706055,625.8786272321429,48970.83772707022,49614.35143842008,0.4179,0.5073043618086581,-0.8109615181108976,3.0208235583025544,6.751967144399318,0.8109615181108976,3.0208235583025544,RANGING,LOW,BEAR
2025-03-05,48489.94921875,48657.6484375,48190.25,48241.30078125,127800,13.670000076293945,590.1213727678571,48925.03882151592,49570.25723372714,0.4335,0.2840794890887066,-0.8935888534245984,3.2437698308452667,2.8256419440014335,0.8935888534245984,3.2437698308452667,RANGING,LOW,BEAR
2025-03-06,48627.69921875,48839.1015625,48299.3984375,48760.0,137400,13.729999542236328,588.6715959821429,48896.72076410964,49533.294174316274,0.452,-0.2677470265749271,-1.1666206511190658,4.042657979059805,3.8728971584241156,1.1666206511190658,4.042657979059805,RANGING,LOW,BEAR
2025-03-07,48497.5,48709.05078125,48359.3515625,48463.80078125,106000,13.470000267028809,551.2787388392857,48858.69973895634,49492.67479493133,0.4596,-0.5787911103665166,-0.29558546832311183,6.613638267436461,3.593274782205258,0.29558546832311183,6.613638267436461,RANGING,LOW,BEAR
2025-03-10,48216.80078125,48599.1484375,48124.6484375,48312.0,123800,13.989999771118164,528.5002790178571,48797.56650488907,49442.640519885004,0.4297,-0.7525417626652264,2.276590733860684,7.033126177087046,5.777137296784751,2.276590733860684,7.033126177087046,RANGING,LOW,BEAR
2025-03-11,47853.94921875,48029.05078125,47702.8984375,47874.80078125,222400,14.069999694824219,528.5217633928571,48707.698191923446,49380.33890023265,0.4195,0.4235788729231471,3.8631134398112943,7.0110217359770965,9.457005858728195,3.8631134398112943,7.0110217359770965,RANGING,MEDIUM,BEAR
2025-03-12,48056.6484375,48222.1484375,47844.94921875,47894.3984375,243300,13.6899995803833,496.58956473214283,48645.69345340692,49328.42947032157,0.3866,0.007803290745256319,4.174663007573587,7.323030713589795,10.53153252891159,4.174663007573587,7.323030713589795,RANGING,LOW,BEAR
2025-03-13,48060.3984375,48352.44921875,48006.1015625,48219.1484375,145900,13.279999732971191,491.3892299107143,48589.9510709396,49278.702763152105,0.4039,0.6112100805448106,5.270768504019441,7.29176877207407,12.962440977994639,5.270768504019441,7.29176877207407,RANGING,LOW,BEAR
2025-03-17,48354.1484375,48481.3515625,48196.1015625,48219.55078125,131300,13.420000076293945,480.7036830357143,48567.49367727868,49242.445730773594,0.4546,1.9860789477893492,6.929706942478919,5.115076249759465,14.373847512760275,6.929706942478919,5.115076249759465,RANGING,LOW,BEAR
2025-03-18,49314.5,49400.30078125,48629.44921875,48792.8984375,146600,13.210000038146973,505.47879464285717,48638.63713658547,49245.27138839032,0.5344,0.7869927962363965,4.650658972006205,4.123636620567983,12.841454782569016,4.650658972006205,4.123636620567983,RANGING,LOW,BEAR
2025-03-19,49702.6015625,49807.55078125,49324.80078125,49375.3984375,137600,13.300000190734863,517.2681361607143,48739.96708191066,49263.20590502207,0.5546,0.7248111540941959,3.0308241221653764,3.8121746959611125,11.402721468459355,3.0308241221653764,3.8121746959611125,RANGING,LOW,BEAR
2025-03-20,50062.8515625,50155.30078125,49771.6484375,49947.6015625,115700,12.600000381469727,523.5895647321429,48865.956080062024,49294.5645582565,0.5641,1.0600659015347125,3.022200998900604,2.8760799900749756,10.264191340728734,3.022200998900604,2.8760799900749756,RANGING,LOW,BEAR
2025-03-21,50593.55078125,50672.1484375,49891.94921875,49927.1015625,225500,12.579999923706055,531.8108258928571,49030.4889087466,49345.50519445232,0.6127,2.196719582512263,1.9198114507708475,-1.4496891548908986,8.045491840648843,1.9198114507708475,1.4496891548908986,RANGING,LOW,BEAR
2025-03-24,51704.94921875,51801.1484375,50795.8984375,50982.69921875,180400,13.699999809265137,565.6821986607143,49285.19941446121,49438.032411091444,0.6541,-0.18760293060073874,-1.697031390627124,-2.3091584786182007,7.209854412057237,1.697031390627124,2.3091584786182007,TRENDING,LOW,NEUTRAL
2025-03-25,51607.94921875,52063.94921875,51429.6015625,51874.19921875,185200,13.640000343322754,578.8392857142857,49506.41368153633,49523.127187862374,0.6411,-0.7730383105497562,-0.5036015602913668,-2.650368406332748,7.3308489070429195,0.5036015602913668,2.650368406332748,RANGING,LOW,NEUTRAL
2025-03-26,51209.0,51875.80078125,51069.1484375,51640.05078125,152900,13.470000267028809,603.0717075892857,49668.56475948525,49589.23984716189,0.6067,0.7163810316545893,0.7583658390126757,-0.403539294850519,7.573177444394541,0.7583658390126757,0.403539294850519,RANGING,LOW,NEUTRAL
2025-03-27,51575.8515625,51714.3515625,51050.8515625,51084.69921875,415800,13.300000190734863,611.9143415178571,49850.21112167713,49667.146188939856,0.6147,-0.021327810722948648,-0.14183448558547918,1.5581874329813727,6.862707823080361,0.14183448558547918,1.5581874329813727,RANGING,LOW,NEUTRAL
2025-03-28,51564.8515625,51839.1015625,51335.3515625,51608.3984375,171200,12.720000267028809,622.91796875,50013.51021127931,49741.56600751084,0.621,-1.4299499371316582,-3.306031043129698,3.011544473502048,6.505688149676803,3.306031043129698,3.011544473502048,RANGING,LOW,BULL
2025-04-01,50827.5,51683.8515625,50742.0,51178.1484375,176300,13.779999732971191,656.3002232142857,50091.03304830033,49784.15165427513,0.5944,1.0241518493925517,-0.622694407554969,6.812649094978118,6.775659706851611,0.622694407554969,6.812649094978118,RANGING,LOW,BULL
2025-04-02,51348.05078125,51404.19921875,50908.3515625,50966.8984375,149900,13.720000267028809,660.7857142857143,50210.74902286696,49845.48103180355,0.6313,0.48551167465353817,-2.1576327180749644,7.705159511516868,6.3543749112311865,2.1576327180749644,7.705159511516868,RANGING,LOW,BULL
2025-04-03,51597.3515625,51661.6015625,50906.6484375,50910.0,291200,13.600000381469727,687.7681361607143,50342.80640759392,49914.1818369289,0.6325,-0.18344419022233716,-1.1531599626373734,7.8489448268374895,5.365191799906155,1.1531599626373734,7.8489448268374895,RANGING,LOW,BULL
2025-04-04,51502.69921875,51893.6015625,51360.3984375,51711.6015625,189600,13.760000228881836,701.1149553571429,50453.27238960878,49976.47663621601,0.6278,-3.1893428522519085,1.702436560705145,7.509026946479058,4.062992450865943,1.702436560705145,7.509026946479058,RANGING,LOW,BULL
2025-04-07,49860.1015625,50426.25,49156.94921875,49336.1015625,236800,22.790000915527344,838.6004464285714,50396.77992988413,49971.91290783499,0.5412,1.3054494818549367,6.533577621009279,10.712567178196863,11.076491677573497,6.533577621009279,10.712567178196863,HIGH_VOL,HIGH,BULL
2025-04-08,50511.0,50793.69921875,50030.80078125,50388.55078125,162300,20.440000534057617,830.5608258928571,50407.658031799925,49993.05357811596,0.5337,-0.5362229266892338,7.48193308140801,8.222071986794965,8.770072979153065,7.48193308140801,8.222071986794965,RANGING,MEDIUM,BULL
2025-04-09,50240.1484375,50496.8984375,49910.8515625,50487.1015625,141800,21.43000030517578,838.2106584821429,50391.704737104694,50002.74357260161,0.516,1.5171195721051633,10.08028781762096,10.335662821955616,9.078699975228343,10.08028781762096,10.335662821955616,RANGING,MEDIUM,BULL
2025-04-11,51002.3515625,51244.69921875,50634.1015625,50634.1015625,140000,20.110000610351562,877.6286272321429,50449.86157761853,50041.94388593096,0.5257,2.700166551756733,9.107124502990892,8.605286429041792,8.535390754807404,9.107124502990892,8.605286429041792,RANGING,MEDIUM,BULL
2025-04-15,52379.5,52486.3515625,51863.30078125,52299.0,203800,16.1299991607666,927.9001116071429,50633.636665464386,50133.612753149355,0.5425,1.4094254431600062,5.709391615517512,5.169290347368727,5.680463611718323,5.709391615517512,5.169290347368727,RANGING,MEDIUM,BULL
2025-04-16,53117.75,53164.44921875,52471.3515625,52690.8984375,200500,15.869999885559082,897.7109375,50870.218887801115,50250.63774322193,0.5347,2.207264461973635,3.9226970974862496,3.7607044020125047,4.335554911023154,3.9226970974862496,3.7607044020125047,RANGING,MEDIUM,BULL
2025-04-17,54290.19921875,54407.19921875,53084.8984375,53153.75,294900,15.470000267028809,946.8504464285714,51195.93130027244,50409.05191873284,0.5604,1.868294454332542,0.6886170393179958,1.1591425161554092,1.0815070716248432,0.6886170393179958,1.1591425161554092,RANGING,MEDIUM,BULL
2025-04-21,55304.5,55461.6484375,54674.94921875,54891.25,300,15.520000457763672,972.9073660714286,51587.22355738935,50601.03027486097,0.5902,0.6196588320118712,0.23198976801164228,-1.8680244148306158,-0.4147916308799515,0.23198976801164228,1.8680244148306158,RANGING,MEDIUM,BULL
2025-04-22,55647.19921875,55961.19921875,55243.55078125,55414.30078125,276900,15.229999542236328,976.7751116071429,51973.887906090364,50798.91925305269,0.5892,-0.49804561845157025,-0.459949866917575,-1.862269432781849,-1.2685246470808043,0.459949866917575,1.862269432781849,RANGING,MEDIUM,BULL
2025-04-23,55370.05078125,56098.69921875,55162.5,56097.1015625,245500,15.960000038146973,1007.6643415178571,52297.3319894389,50978.179312982,0.5827,-0.30459127519368856,-0.5109302587921749,-1.8139812580596715,0.050928648885317784,0.5109302587921749,1.8139812580596715,RANGING,MEDIUM,BULL
2025-04-24,55201.3984375,55550.44921875,55088.3984375,55103.8984375,233200,16.25,973.3928571428571,52573.9097463971,51143.79574923761,0.6006,-0.973431238084288,-0.15587807091050898,-2.909615486133943,0.6713626339006629,0.15587807091050898,2.909615486133943,RANGING,MEDIUM,BULL
2025-04-25,54664.05078125,55350.55078125,54176.44921875,55233.55078125,210800,17.15999984741211,1016.064453125,52772.970797335474,51281.84496617927,0.5742,1.4063172944799085,0.4673075176448771,1.3149423999447851,1.2599688280624965,0.4673075176448771,1.3149423999447851,RANGING,MEDIUM,BULL
2025-04-28,55432.80078125,55577.3984375,54582.3515625,54610.30078125,178600,16.940000534057617,1033.2140066964287,53026.287938660666,51444.62754716244,0.5837,-0.07495703024995581,-2.095153640771552,-0.8874695339521788,-0.02850438914742126,2.095153640771552,0.8874695339521788,RANGING,MEDIUM,BULL
2025-04-29,55391.25,55957.75,55262.3984375,55524.3515625,193900,17.3700008392334,1044.7960379464287,53251.522420692985,51599.39705511686,0.5852,-0.5490064992214494,-1.4087993365378138,-1.065058504276395,0.27946793266084846,1.4087993365378138,1.065058504276395,RANGING,MEDIUM,BULL
2025-04-30,55087.1484375,55478.25,54723.69921875,55382.3984375,193500,18.219999313354492,931.1389508928571,53426.34394610318,51736.171619131885,0.6507,0.05119728611837626,-1.3097428719124782,0.48732441706358376,1.2027320346808423,1.3097428719124782,0.48732441706358376,TRENDING,MEDIUM,BULL
2025-05-02,55115.3515625,55691.94921875,54994.3984375,55100.94921875,154200,18.260000228881836,914.2784598214286,53587.20181433145,51868.68847965613,0.632,-0.3553484772348847,-2.7580365894540826,0.43462822645403687,1.429813749997333,2.7580365894540826,0.43462822645403687,RANGING,MEDIUM,BULL
2025-05-05,54919.5,55345.5,54786.5,55065.80078125,139400,18.34000015258789,911.3392857142857,53714.08735582369,51988.3281471206,0.6362,-1.1800937053323524,0.8436922450131501,0.9126070316554324,1.2389938341572648,0.8436922450131501,0.9126070316554324,RANGING,MEDIUM,BULL
2025-05-06,54271.3984375,55036.94921875,54172.94921875,54918.25,198700,19.0,901.2999441964286,53767.16460169762,52077.86031537077,0.5905,0.6255597050644823,1.2335284224727516,1.116523882644782,2.5896755297701635,1.2335284224727516,1.116523882644782,RANGING,MEDIUM,BULL
2025-05-07,54610.8984375,54684.30078125,53919.8984375,54013.3984375,268900,19.059999465942383,849.9001116071429,53847.52020510737,52177.19514368957,0.5709,-0.4490861842909921,0.3486526484597352,0.8500192054728073,2.1057209419765854,0.3486526484597352,0.8500192054728073,RANGING,MEDIUM,BULL
2025-05-08,54365.6484375,54937.25,54108.0,54801.75,302200,21.010000228881836,853.064453125,53896.865751049525,52263.01684148606,0.5412,-1.4170684239803832,1.820916614538448,1.0588530814854114,4.070125278729697,1.820916614538448,1.0588530814854114,RANGING,MEDIUM,BULL
2025-05-09,53595.25,54054.80078125,53483.05078125,53595.94921875,179300,21.6299991607666,821.6570870535714,53868.14044142576,52315.261279074846,0.4766,3.3353731207523163,3.283217146109041,3.364104095045728,6.0534311576119215,3.283217146109041,3.364104095045728,RANGING,MEDIUM,BULL
2025-05-12,55382.8515625,55466.30078125,54558.05078125,54658.75,199600,18.389999389648438,871.6286272321429,54012.39864343283,52435.55893724839,0.5035,-0.798080971871229,0.06833822235983167,0.34152888875096377,2.25024527419575,0.06833822235983167,0.34152888875096377,RANGING,MEDIUM,BULL
2025-05-13,54940.8515625,55499.6484375,54888.5,55233.5,190000,18.200000762939453,864.021484375,54100.82273096304,52533.8057068661,0.4827,-0.25400185341366566,-0.11557884196200519,0.7498049393744433,2.7646066529786406,0.11557884196200519,0.7498049393744433,RANGING,MEDIUM,BULL
2025-05-14,54801.30078125,55208.6015625,54491.0,55008.55078125,145200,17.229999542236328,848.4073660714286,54167.534926228465,52622.72708233213,0.4862,1.0114737667680451,0.4996246026037321,1.1235120516713382,2.3379919486115064,0.4996246026037321,1.1235120516713382,RANGING,MEDIUM,BULL
2025-05-15,55355.6015625,55490.55078125,54442.30078125,54853.69921875,138400,16.889999389648438,890.2787388392857,54280.68412968289,52729.898630574,0.5054,-0.001270196656077971,-0.7484351530029465,0.34404687759552743,0.3102667031918749,0.7484351530029465,0.34404687759552743,RANGING,MEDIUM,BULL
2025-05-16,55354.8984375,55418.8984375,55170.25,55276.0,136000,16.549999237060547,824.1749441964286,54382.99025423691,52832.83979947306,0.5199,0.11887074695708932,0.07831567525853345,0.7132174250048751,1.0658496657999672,0.07831567525853345,0.7132174250048751,RANGING,MEDIUM,BULL
2025-05-19,55420.69921875,55695.55078125,55296.55078125,55326.05078125,138100,17.360000610351562,781.6001674107143,54481.819679428634,52934.324482581964,0.501,-0.9804056316672582,0.2730041002420469,0.870972805385839,0.5294938946759364,0.2730041002420469,0.870972805385839,RANGING,MEDIUM,BULL
2025-05-20,54877.3515625,55568.3515625,54829.44921875,55445.30078125,143400,17.389999389648438,784.7109375,54519.489382578286,53010.521622970904,0.4873,0.36034902262873647,0.8663851392473054,1.3167502360733163,1.7336814011814194,0.8663851392473054,1.3167502360733163,RANGING,MEDIUM,BULL
2025-05-21,55075.1015625,55336.8515625,54690.80078125,55060.19921875,119500,17.549999237060547,776.9609375,54572.404828285114,53091.48554216812,0.501,-0.242942414002012,0.6207858502303543,1.0925989838023842,0.9121138990182853,0.6207858502303543,1.0925989838023842,RANGING,MEDIUM,BULL
2025-05-22,54941.30078125,54996.1015625,54576.6015625,54875.8984375,148200,17.260000228881836,762.7430245535714,54607.53777618654,53164.02731624976,0.4966,0.8317044049782396,1.1007202075681288,1.4916843423730786,2.3871855281911936,1.1007202075681288,1.4916843423730786,RANGING,MEDIUM,BULL
2025-05-23,55398.25,55441.30078125,54854.5,54959.30078125,88900,17.280000686645508,764.7287946428571,54682.843702264014,53251.643892083106,0.5143,0.31363806618440737,0.6344049112562145,2.130299129485147,1.1933618164833737,0.6344049112562145,2.130299129485147,RANGING,MEDIUM,BULL
2025-05-26,55572.0,55875.75,55307.5,55534.8984375,90800,18.020000457763672,743.6037946428571,54767.52525442935,53342.63824925631,0.5384,-0.39444183896566454,0.5963406706614771,2.281007634240262,1.6013431899157826,0.5963406706614771,2.281007634240262,RANGING,MEDIUM,BULL
2025-05-27,55352.80078125,55831.3515625,55037.8515625,55458.94921875,145400,18.540000915527344,745.6821986607143,54823.26578079322,53421.46815247176,0.5224,0.11598187958674622,0.44649671563452564,2.3057564626112415,2.291388400132477,0.44649671563452564,2.3057564626112415,RANGING,MEDIUM,BULL
2025-05-28,55417.0,55521.80078125,55235.55078125,55328.6015625,128300,18.020000457763672,706.896484375,54879.811896908155,53499.72430335522,0.5315,0.23287218949059607,0.4689022547232691,1.8816428171860577,3.2295129991699367,0.4689022547232691,1.8816428171860577,RANGING,MEDIUM,BULL
2025-05-29,55546.05078125,55782.75,55096.44921875,55571.3984375,185700,16.420000076293945,692.8752790178571,54943.26321922643,53579.972400527564,0.5626,0.36662991272233825,0.3867075664765407,0.965865245961095,3.416710332340367,0.3867075664765407,0.965865245961095,RANGING,MEDIUM,BULL
2025-05-30,55749.69921875,55813.30078125,55356.6015625,55615.55078125,281100,16.079999923706055,591.8501674107143,55020.06664775248,53665.05972673237,0.5219,0.275695153344091,1.4864640174978572,-0.3988320284519453,2.8036936578203164,1.4864640174978572,0.3988320284519453,RANGING,MEDIUM,BULL
2025-06-02,55903.3984375,55966.30078125,55400.55078125,55598.25,211300,17.15999984741211,588.607421875,55104.19348487129,53752.83771538993,0.5626,-0.5428099672495912,1.6746801646534415,0.0742352006495528,2.783463661855312,1.6746801646534415,0.0742352006495528,RANGING,MEDIUM,BULL
2025-06-03,55599.94921875,56161.3984375,55455.80078125,56104.80078125,212800,16.559999465942383,587.75,55151.408316669265,53825.273460619734,0.5501,0.13831369422199202,1.8509951145835535,0.2053944659206497,2.5166389891739804,1.8509951145835535,0.2053944659206497,RANGING,MEDIUM,BULL
2025-06-04,55676.8515625,55791.0,55408.3515625,55650.3515625,151500,15.75,540.20703125,55201.45053055791,53897.88436657582,0.5233,0.15087059997582752,1.4061471069734655,0.27282152858354447,2.0028030051200796,1.4061471069734655,0.27282152858354447,RANGING,MEDIUM,BULL
2025-06-05,55760.8515625,56010.1484375,55580.44921875,55806.75,141300,15.079999923706055,553.1392299107143,55254.726819314295,53970.941903670886,0.5292,1.4661664090327653,0.5769266604356282,-0.32890879283726804,2.2794610185881803,0.5769266604356282,0.32890879283726804,RANGING,MEDIUM,BULL
2025-06-06,56578.3984375,56695.0,55534.75,55699.44921875,347000,14.630000114440918,607.5142299107143,55380.79078295103,54073.19510107595,0.5632,0.4616658163071552,-1.8576822674842064,-0.5753907568798011,0.6553751811472885,1.8576822674842064,0.5753907568798011,RANGING,MEDIUM,BULL
2025-06-09,56839.6015625,57049.5,56792.69921875,57049.5,207500,14.6899995803833,588.3856026785714,55519.72514290808,54181.68162897494,0.6268,-0.37034038630361366,-1.574084089974126,-1.3727225007762356,0.7331142500916377,1.574084089974126,1.3727225007762356,RANGING,MEDIUM,BULL
2025-06-10,56629.1015625,57015.3984375,56564.1484375,56993.8984375,146000,14.020000457763672,574.4712611607143,55625.380040012074,54277.658881270036,0.5957,-0.29905394545787223,-1.6156942274462738,-0.29526007015220346,1.0320651442879747,1.6156942274462738,0.29526007015220346,RANGING,MEDIUM,BULL
2025-06-11,56459.75,56782.5,56399.3984375,56639.8515625,135300,13.670000076293945,566.228515625,55704.84384572521,54363.231082004546,0.5931,-0.6680851735085591,-1.1176103330248544,0.2858645982314778,0.8789447349660584,1.1176103330248544,0.2858645982314778,RANGING,LOW,BULL
2025-06-12,56082.55078125,56611.05078125,55968.5,56480.8984375,135300,14.020000457763672,570.2106584821429,55740.815934822815,54430.65538393574,0.5412,-0.9899678438585191,-0.9006394243196048,2.0044531174852276,1.1984983352874234,0.9006394243196048,2.0044531174852276,RANGING,MEDIUM,BULL
2025-06-13,55527.3515625,55688.0,55149.30078125,55149.30078125,142000,15.079999923706055,596.2820870535714,55720.48599460159,54473.66307721277,0.4983,0.7519661270536604,1.3065633054430759,3.4515366230690736,2.2295318706251344,1.3065633054430759,3.4515366230690736,RANGING,MEDIUM,BULL
2025-06-16,55944.8984375,55999.8515625,55381.44921875,55554.1015625,107700,14.84000015258789,583.7751116071429,55741.85860821097,54531.35858153776,0.531,-0.4124594135384574,0.20458188002230315,2.4449978473517486,1.8978495442013577,0.20458188002230315,2.4449978473517486,RANGING,MEDIUM,BULL
2025-06-17,55714.1484375,56067.30078125,55643.94921875,55975.0,106300,14.399999618530273,593.5680803571429,55739.21954433373,54577.742497457846,0.5157,0.20569561900163347,1.3421186915184125,3.1325988643762015,2.6111873232379956,1.3421186915184125,3.1325988643762015,RANGING,MEDIUM,BULL
2025-06-18,55828.75,55933.6015625,55511.80078125,55544.94921875,116400,14.279999732971191,574.6752232142857,55747.746254397185,54626.801615204604,0.5149,-0.45012790229048694,1.4193375948772013,2.0964990596243016,1.7912827732127212,1.4193375948772013,2.0964990596243016,RANGING,MEDIUM,BULL
2025-06-19,55577.44921875,55942.44921875,55475.44921875,55784.8515625,131300,14.260000228881836,575.4109933035714,55731.527489097454,54664.081913382855,0.4922,1.2152453076636371,2.9314947391474444,2.1852388281077717,1.2694911176527546,2.9314947391474444,2.1852388281077717,RANGING,MEDIUM,BULL
2025-06-20,56252.8515625,56328.19921875,55566.3984375,55566.69921875,161500,13.670000076293945,589.4146205357143,55781.17740085008,54726.3866055051,0.5162,-0.34398256199512645,2.1173093308464175,1.3849020153839486,1.2442008148197958,2.1173093308464175,1.3849020153839486,RANGING,LOW,BULL
2025-06-23,56059.3515625,56233.55078125,55779.25,55832.3515625,86800,14.050000190734863,572.8434709821429,55807.670178150074,54778.65974107353,0.5215,0.7180726565329643,2.2358418400587388,1.5873313398174327,1.2426979943271688,2.2358418400587388,1.5873313398174327,RANGING,MEDIUM,BULL
2025-06-24,56461.8984375,56862.0,56276.1484375,56529.44921875,132900,13.640000343322754,602.8434709821429,55869.97763142149,54844.66910171771,0.535,0.2820486104913478,1.7667680486411985,1.4069706576185226,1.325762685926346,1.7667680486411985,1.4069706576185226,RANGING,LOW,BULL
2025-06-25,56621.1484375,56681.3984375,56420.6484375,56564.5,98700,12.960000038146973,590.7756696428571,55941.51770819088,54914.3349580229,0.5381,1.034155606886622,0.6676847638781069,1.046256319586858,0.7857529492555138,0.6676847638781069,1.046256319586858,RANGING,LOW,BULL
2025-06-26,57206.69921875,57263.44921875,56558.3515625,56693.55078125,176500,12.59000015258789,558.2647879464286,56062.01118538698,55004.231595698475,0.5298,0.41463538709511916,-0.7250025008680439,-0.4382340218430758,-1.1848276347114384,0.7250025008680439,0.4382340218430758,RANGING,LOW,BULL
2025-06-27,57443.8984375,57475.3984375,56993.8515625,57234.69921875,238000,12.390000343322754,559.0108816964286,56193.61949511203,55099.904805180886,0.5286,-0.22830699354901007,-0.7172215173527285,-1.1997779355101712,-2.3657865099086517,0.7172215173527285,1.1997779355101712,RANGING,LOW,BULL
2025-06-30,57312.75,57614.5,57193.80078125,57529.94921875,183000,12.789999961853027,556.8286830357143,56300.20335272041,55186.683048114974,0.5327,0.2559626239362123,-0.6343279309577676,-0.9551076113081258,-1.9031541847145728,0.6343279309577676,0.9551076113081258,RANGING,LOW,BULL
2025-07-01,57459.44921875,57533.8515625,57150.3515625,57375.80078125,283300,12.529999732971191,556.8571428571429,56410.60772091371,55275.81113323792,0.548,-0.8009996723912449,-0.3535509655280711,-0.7880353665176476,-2.2776932563650987,0.3535509655280711,0.7880353665176476,RANGING,LOW,BULL
2025-07-02,56999.19921875,57628.3984375,56833.80078125,57558.19921875,169600,12.449999809265137,567.7176339285714,56466.66405404097,55343.39497972859,0.5436,-0.3636015993919828,0.3760606560056612,0.2978112014320411,-1.8197624075722008,0.3760606560056612,0.2978112014320411,RANGING,LOW,BULL
2025-07-03,56791.94921875,57193.25,56764.1015625,57050.3984375,149900,12.390000343322754,531.7103794642857,56497.64359353707,55400.201028317664,0.566,0.42250569323791787,0.2888627411221867,0.06488870871126373,-2.067806568368824,0.2888627411221867,0.06488870871126373,RANGING,LOW,BULL
2025-07-04,57031.8984375,57075.1015625,56623.6015625,56825.25,93900,12.319999694824219,519.7887834821429,56548.52500724782,55464.18916201109,0.5582,-0.1450052006258029,-0.48604241896975653,-1.3131220562834667,-2.476766360053717,0.48604241896975653,1.3131220562834667,RANGING,LOW,BULL
2025-07-07,56949.19921875,57152.19921875,56838.55078125,56938.69921875,103300,12.5600004196167,511.95284598214283,56586.68445596232,55522.42485051065,0.5679,0.5392552778843873,-0.3228274651304819,0.00623499767988811,-2.790116877054971,0.3228274651304819,0.00623499767988811,RANGING,LOW,BULL
2025-07-08,57256.30078125,57303.30078125,56923.05078125,56942.55078125,105500,12.199999809265137,508.9849330357143,56650.45743932306,55590.41998504945,0.577,-0.07466427173373757,-0.436025975034271,-0.8737916603474227,-3.222618853424497,0.436025975034271,0.8737916603474227,RANGING,LOW,BULL
2025-07-09,57213.55078125,57290.6484375,57037.8984375,57199.75,91100,11.9399995803833,493.68136160714283,56704.08537664943,55654.07217313575,0.5918,-0.4501569606031208,-0.07795629163190876,-0.005421027811847168,-2.958044590206821,0.07795629163190876,0.005421027811847168,RANGING,LOW,BULL
2025-07-10,56956.0,57363.69921875,56886.6015625,57339.75,102000,11.670000076293945,473.34542410714283,56728.077245539964,55705.12816634611,0.5438,-0.35343209012219656,-0.2233289183755871,0.19322069887282023,-3.425629542980546,0.2233289183755871,0.19322069887282023,RANGING,LOW,BULL
2025-07-11,56754.69921875,57091.05078125,56607.75,56843.44921875,95500,11.819999694824219,474.03822544642856,56730.61267155997,55746.28781545999,0.5434,0.018769095593196283,-0.8311192293204206,-0.3978538946699306,-2.1917995088925335,0.8311192293204206,0.3978538946699306,RANGING,LOW,BULL
2025-07-14,56765.3515625,56896.30078125,56594.25,56780.75,123000,11.979999542236328,438.28125,56733.92113736378,55786.25109965764,0.5204,0.42507774259854525,0.3301282073337797,-1.1987120774735405,-3.0329281795329344,0.3301282073337797,1.1987120774735405,RANGING,LOW,BULL
2025-07-15,57006.6484375,57134.94921875,56707.80078125,56709.19921875,124600,11.479999542236328,450.16685267857144,56759.89516594818,55834.10981878871,0.5254,0.28470500493980033,-0.4396828166012945,-1.3764156620438062,-3.201730445091999,0.4396828166012945,1.3764156620438062,RANGING,LOW,BULL
2025-07-16,57168.94921875,57276.55078125,56937.6015625,57111.25,161300,11.239999771118164,424.01339285714283,56798.85269478645,55886.45646192445,0.4976,-0.594988087324233,0.07259185373724719,-1.7811242185050369,-3.1959615861730017,0.07259185373724719,1.7811242185050369,RANGING,LOW,BULL
2025-07-17,56828.80078125,57262.8515625,56780.1484375,57231.94921875,129800,11.239999771118164,424.09598214285717,56801.70489349726,55923.41114111369,0.4543,-0.9604298766587416,0.4174819752280845,-1.5253736671951845,-1.92490837165602,0.4174819752280845,1.5253736671951845,RANGING,LOW,BULL
2025-07-18,56283.0,56705.1484375,56204.8515625,56524.25,141200,11.390000343322754,438.6138392857143,56752.3044274499,55937.51266499159,0.4329,1.1899685517829495,0.43689646518487724,-1.1822369765293272,-0.7424116740401221,0.43689646518487724,1.1822369765293272,RANGING,LOW,BULL
2025-07-21,56952.75,56983.44921875,56255.69921875,56558.8984375,133700,11.199999809265137,463.203125,56771.39448197848,55977.325893815454,0.4738,-0.3454618082533334,-1.5238097589668653,-2.3412362660275354,-2.2022641575692115,1.5238097589668653,2.3412362660275354,RANGING,LOW,BULL
2025-07-22,56756.0,57286.1484375,56692.0,57253.3515625,132800,10.75,448.8853236607143,56769.92834083768,56007.86213327367,0.4869,0.8007069186517723,-0.9408696877863165,-2.4592113609133825,-1.7628986913277855,0.9408696877863165,2.4592113609133825,RANGING,LOW,BULL
2025-07-23,57210.44921875,57249.0,56715.80078125,56918.1484375,129800,10.520000457763672,456.31752232142856,56811.88271016267,56055.02241113549,0.523,-0.2523987129481875,-1.8523714015038384,-3.1450562018315753,-3.6025775175604013,1.8523714015038384,3.1450562018315753,RANGING,LOW,BULL
2025-07-24,57066.05078125,57316.6015625,56850.8984375,57316.6015625,179800,10.720000267028809,457.33203125,56836.089193123364,56094.67058251253,0.5025,-0.9412817890781522,-1.9347782917944145,-2.707217903814718,-3.3763506912117824,1.9347782917944145,2.707217903814718,RANGING,LOW,BULL
2025-07-25,56528.8984375,57170.69921875,56439.3984375,57170.69921875,125100,11.279999732971191,487.16434151785717,56806.83293068304,56111.69912584538,0.4799,-0.7854389741751233,-1.6120902762815303,-2.695966208655165,-3.676790590653367,1.6120902762815303,2.695966208655165,RANGING,LOW,BULL
2025-07-28,56084.8984375,56578.3984375,55997.44921875,56215.1015625,145700,12.0600004196167,501.5,56738.07726466561,56110.64811845929,0.4431,0.2444536164272204,-0.8300752751095652,-1.02371307338609,-4.037712357674272,0.8300752751095652,1.02371307338609,RANGING,LOW,BULL
2025-07-29,56222.0,56296.3984375,55843.25,55881.80078125,145100,11.529999732971191,515.8141741071429,56688.927048983176,56115.01485891187,0.4526,-0.12682007265838457,-1.5327629753477234,-2.0958001872042997,-4.564674971541393,1.5327629753477234,2.0958001872042997,RANGING,LOW,BULL
2025-07-30,56150.69921875,56321.1484375,56064.55078125,56310.1015625,139700,11.210000038146973,500.06417410714283,56637.66725562764,56116.41424557219,0.4611,-0.33614897521520026,-1.3170820515856496,-1.726158380012377,-3.825865091422853,1.3170820515856496,1.726158380012377,RANGING,LOW,BULL
2025-07-31,55961.94921875,56406.19921875,55547.3515625,55728.1484375,182800,11.539999961853027,526.8889508928571,56573.31315687739,56110.35679353995,0.4616,-0.6153246287115111,-0.7876794632848627,-1.1080701528570769,-4.111631654851422,0.7876794632848627,1.1080701528570769,RANGING,LOW,BULL
2025-08-01,55617.6015625,56097.6015625,55562.1015625,55897.1484375,98900,11.979999542236328,543.5638950892857,56482.29300503193,56091.033058989364,0.445,0.0031464859160390546,-1.1016352877271762,0.21089883724703107,-2.7869788299089815,1.1016352877271762,0.21089883724703107,RANGING,LOW,BULL
2025-08-04,55619.3515625,55752.44921875,55437.30078125,55557.5,131100,11.970000267028809,535.5638950892857,56400.108105743166,56072.53574540155,0.4315,-0.46584786629316755,-0.19525859156765968,0.4419268979139357,-2.7758366474573193,0.19525859156765968,0.4419268979139357,RANGING,LOW,BULL
2025-08-05,55360.25,55648.1484375,55202.8515625,55545.05078125,105700,11.710000038146973,543.16015625,56301.074000434295,56044.602971072076,0.409,0.09194040399023162,-0.5718015746858041,0.6109979633401208,-2.2501690630913007,0.5718015746858041,0.6109979633401208,RANGING,LOW,NEUTRAL
2025-08-06,55411.1484375,55559.3984375,55227.69921875,55329.80078125,117600,11.960000038146973,532.3741629464286,56216.31918491674,56019.76161681435,0.4281,0.1985160082434989,-0.41453610911725836,0.6213565157169532,-2.209392937200838,0.41453610911725836,0.6213565157169532,RANGING,LOW,NEUTRAL
2025-08-07,55521.1484375,55614.80078125,54973.55078125,55215.6484375,95500,11.6899995803833,533.6099330357143,56150.11244706753,56000.20815880202,0.4591,-0.9298258673109738,-0.3229343773424209,-0.6695646802379773,-2.3505401306118334,0.3229343773424209,0.6695646802379773,RANGING,LOW,NEUTRAL
2025-08-08,55004.8984375,55652.6015625,54905.6015625,55609.3515625,97300,12.029999732971191,534.9849330357143,56041.04444615634,55961.17640502547,0.3749,0.9196482074678825,1.327154527572616,0.24434613564956464,-0.8524666908217071,1.327154527572616,0.24434613564956464,RANGING,LOW,NEUTRAL
2025-08-11,55510.75,55582.1484375,54927.55078125,54999.3515625,105200,12.220000267028809,539.302734375,55990.540213189066,55943.51262443624,0.4327,-0.8413699711317224,0.6384320829749157,-1.9100818872921033,-1.5152892682948838,0.6384320829749157,1.9100818872921033,RANGING,LOW,NEUTRAL
2025-08-12,55043.69921875,55566.69921875,55001.5,55441.1015625,74700,12.229999542236328,541.5884486607143,55900.36488038534,55908.22582421325,0.3727,0.2502557094728797,1.189601699274867,-2.222502618125788,-0.425840633581831,1.189601699274867,2.222502618125788,RANGING,LOW,NEUTRAL
2025-08-13,55181.44921875,55340.05078125,55026.94921875,55340.05078125,80100,12.140000343322754,530.6883370535714,55831.896722134356,55879.724780861754,0.393,0.290681643959978,1.04020464871184,-2.76506109000767,-0.5320586182615883,1.04020464871184,2.76506109000767,RANGING,LOW,NEUTRAL
2025-08-14,55341.8515625,55472.80078125,55074.30078125,55102.55078125,74200,12.359999656677246,506.91685267857144,55785.225754550134,55858.63171347502,0.4296,0.7102163442365361,-0.3477533179074288,-2.4202340650589793,-0.3510001825302589,0.3477533179074288,2.4202340650589793,RANGING,LOW,NEUTRAL
2025-08-18,55734.8984375,56156.30078125,55647.6484375,55940.6015625,101700,12.34000015258789,523.5954241071429,55780.432676735836,55853.77942814267,0.4802,0.23369559046753086,-1.0686260726174845,-3.7210051433495095,-0.4334764447824768,1.0686260726174845,3.7210051433495095,RANGING,LOW,NEUTRAL
2025-08-19,55865.1484375,55965.55078125,55608.1484375,55622.30078125,89300,11.789999961853027,516.7564174107143,55788.50084442766,55854.22527164688,0.4798,-0.2983048325494786,-2.532346656758133,-3.217744347821949,-0.2464850136468466,2.532346656758133,3.217744347821949,RANGING,LOW,NEUTRAL
2025-08-20,55698.5,55812.6015625,55577.3515625,55751.5,69100,11.789999961853027,518.9849330357143,55779.92933543455,55848.11839824896,0.4744,0.10224551603723597,-3.371991054516732,-2.913993700458717,-0.430260128190163,3.371991054516732,2.913993700458717,RANGING,LOW,NEUTRAL
2025-08-21,55755.44921875,55993.6484375,55708.19921875,55972.05078125,70300,11.369999885559082,478.720703125,55777.5978957503,55844.48431277841,0.4885,-1.0869803575113024,-3.766090688305057,-2.943027920126917,-0.8442210139914197,3.766090688305057,2.943027920126917,RANGING,LOW,NEUTRAL
2025-08-22,55149.3984375,55745.0,55102.6015625,55669.25,77100,11.729999542236328,487.10267857142856,55717.76937591694,55817.22604315965,0.4754,-0.018309639880198514,-2.0797130181752,-1.7452592907079234,0.6534097790901194,2.0797130181752,1.7452592907079234,RANGING,LOW,NEUTRAL
2025-08-25,55139.30078125,55306.0,55048.3984375,55147.75,79900,11.760000228881836,482.9921875,55662.6771288058,55790.64073877104,0.4747,-1.2492932495332676,-2.681029248293787,-1.674303456281645,-0.03228329158655452,2.681029248293787,1.674303456281645,RANGING,LOW,NEUTRAL
2025-08-26,54450.44921875,55068.8984375,54396.1015625,54999.05078125,123800,12.1899995803833,504.2709263392857,55547.22685165763,55738.08420857414,0.4566,-1.157194596721578,-0.7032052866299376,0.1571167593242606,0.9655567723378056,0.7032052866299376,0.1571167593242606,RANGING,LOW,NEUTRAL
2025-08-28,53820.3515625,54382.25,53768.44921875,54256.0,134300,12.180000305175781,529.2924107142857,55382.762538404524,55662.87900676731,0.4287,-0.30602387427501876,0.47397991437079234,1.5779346944878148,1.0572208903898206,0.47397991437079234,1.5779346944878148,RANGING,LOW,BEAR
2025-08-29,53655.6484375,54086.0,53606.44921875,53660.3515625,103900,11.75,517.7424665178571,55218.27548117552,55584.16408248232,0.4152,0.6463453361372773,0.8552731298822058,2.1501041872484583,1.5009632460934785,0.8552731298822058,2.1501041872484583,RANGING,LOW,BEAR
2025-09-01,54002.44921875,54035.8515625,53658.1484375,53658.1484375,78000,11.289999961853027,491.54268973214283,55102.48250380166,55522.13604861047,0.4552,-0.6322846902126145,0.3415571356825797,1.6395596062013018,1.172914104662648,0.3415571356825797,1.6395596062013018,RANGING,LOW,BEAR
2025-09-02,53661.0,54160.94921875,53578.0,54038.25,77500,11.399999618530273,486.42494419642856,54965.198455820544,55449.15032121398,0.4095,0.7576280375878097,1.0344599662697407,2.7703575455172214,3.1437155825459806,1.0344599662697407,2.7703575455172214,RANGING,LOW,BEAR
2025-09-03,54067.55078125,54136.1484375,53561.75,53630.75,100100,10.930000305175781,487.08203125,54879.70820109954,55394.96994709775,0.4544,0.014608461796172811,0.8664147200698746,2.636979074137069,2.814440818498687,0.8664147200698746,2.636979074137069,RANGING,LOW,BEAR
2025-09-04,54075.44921875,54450.55078125,53971.8515625,54379.6015625,120000,10.850000381469727,498.91043526785717,54803.11210754244,55343.22403618215,0.4477,0.07230926985335451,1.0987469403101802,3.054990802419799,3.7529088950153833,1.0987469403101802,3.054990802419799,RANGING,LOW,BEAR
2025-09-05,54114.55078125,54308.05078125,53719.55078125,54308.05078125,79900,10.779999732971191,512.4818638392857,54737.53483837173,55295.04077128286,0.4413,0.13369353566743403,1.2838506279178485,2.4841761815304286,3.926486962516229,1.2838506279178485,2.4841761815304286,RANGING,LOW,BEAR
2025-09-08,54186.8984375,54518.69921875,54067.1484375,54215.3984375,76300,10.84000015258789,486.560546875,54685.093276383945,55251.58420917373,0.4212,0.053893331860810356,1.2935841415771199,2.026046136902049,3.3796943824203396,1.2935841415771199,2.026046136902049,RANGING,LOW,BEAR
2025-09-09,54216.1015625,54350.6484375,54079.44921875,54330.55078125,93800,10.6899995803833,480.40318080357144,54640.42739887119,55210.97704655907,0.4151,0.5900432312183623,1.7181242714881861,2.3860963813650216,3.644580045048307,1.7181242714881861,2.3860963813650216,RANGING,LOW,BEAR
2025-09-10,54536.0,54705.19921875,54400.0,54554.75,116900,10.539999961853027,494.7818080357143,54630.481932312025,55184.507358458715,0.4436,0.2449786608845539,1.755355693945293,1.073602757811365,3.8025341059116924,1.755355693945293,1.073602757811365,RANGING,LOW,BEAR
2025-09-11,54669.6015625,54757.44921875,54402.3984375,54413.05078125,96900,10.359999656677246,499.060546875,54634.20761137754,55164.314974303474,0.4479,0.255533632507432,1.9349832923889698,0.5608192624185993,3.576756335537823,1.9349832923889698,0.5608192624185993,RANGING,LOW,BEAR
2025-09-12,54809.30078125,54852.25,54580.3515625,54781.55078125,80100,10.119999885559082,471.84988839285717,54650.88315136539,55150.39284908569,0.4826,0.14331651769012854,1.185110504953224,-0.7662006498241336,3.078215582850796,1.185110504953224,0.7662006498241336,RANGING,LOW,BEAR
2025-09-15,54887.8515625,55018.69921875,54807.5,54884.05078125,72000,10.399999618530273,468.53543526785717,54673.45157147345,55140.09711235684,0.4874,0.47323768849691916,0.7231079851031552,-0.7776794870791193,3.483552043976035,0.7231079851031552,0.7776794870791193,RANGING,LOW,BEAR
2025-09-16,55147.6015625,55185.44921875,54777.75,54778.3984375,98700,10.270000457763672,444.57114955357144,54718.60871347599,55140.391404519316,0.5447,0.6268617473023097,0.656689370415453,-0.9279642006189914,4.1252006511502515,0.656689370415453,0.9279642006189914,RANGING,LOW,BEAR
2025-09-17,55493.30078125,55540.75,55146.55078125,55158.3515625,155300,10.25,424.01395089285717,54792.38891040685,55154.23098792052,0.6418,0.42194000753892347,-0.6699921900764294,-0.2619263234547198,4.000574393657463,0.6699921900764294,0.2619263234547198,RANGING,LOW,BEAR
2025-09-18,55727.44921875,55835.25,55490.8984375,55797.1015625,134300,9.890000343322754,414.3568638392857,54881.4422731062,55176.71013422756,0.6892,-0.4819844798488071,-1.3480789279464056,-0.24799128739504406,4.137548070698727,1.3480789279464056,0.24799128739504406,TRENDING,LOW,BEAR
2025-09-19,55458.8515625,55688.75,55355.30078125,55647.94921875,190000,9.970000267028809,413.78152901785717,54936.43363400085,55187.77450396373,0.6214,-0.3139292603342003,-1.928456810532242,1.1648275826122712,4.595024210658427,1.928456810532242,1.1648275826122712,RANGING,LOW,NEUTRAL
2025-09-22,55284.75,55666.3515625,55215.6015625,55429.30078125,118600,10.5600004196167,404.33872767857144,54969.60662123886,55191.57746459261,0.6532,0.4069838427414485,-1.4900130687033997,1.7266996097477172,5.052570159492453,1.4900130687033997,1.7266996097477172,TRENDING,LOW,NEUTRAL
2025-09-23,55509.75,55662.0,55159.0,55248.69921875,171200,10.630000114440918,399.2388392857143,55021.04884778754,55204.054818922305,0.6484,-0.6994266772954338,-1.5743152103909641,0.9160552875846051,3.9449854530060113,1.5743152103909641,0.9160552875846051,RANGING,LOW,NEUTRAL
2025-09-24,55121.5,55511.1015625,55040.44921875,55387.1015625,172000,10.520000457763672,398.6640625,55030.61562418872,55200.817375043,0.587,-0.26360092023983706,0.4108183172627733,1.9421655456582254,5.429369665194161,0.4108183172627733,1.9421655456582254,RANGING,LOW,NEUTRAL
2025-09-25,54976.19921875,55276.6484375,54903.30078125,55061.6484375,158400,10.779999732971191,383.29603794642856,55025.433109385034,55192.008819894254,0.5693,-1.0674576718462059,1.1151203429154322,2.971378168123473,5.889643863640703,1.1151203429154322,2.971378168123473,RANGING,LOW,NEUTRAL
2025-09-26,54389.3515625,54897.0,54310.94921875,54797.8984375,127700,11.430000305175781,398.56026785714283,54964.8539144436,55160.532064702325,0.5135,0.13173247233453367,3.1541100430820146,4.110452456729452,7.346839634424085,3.1541100430820146,4.110452456729452,RANGING,LOW,NEUTRAL
2025-09-29,54461.0,54686.05078125,54226.6015625,54460.3984375,218300,11.369999885559082,412.00669642857144,54916.86782735374,55133.099434714,0.5161,0.3210583031894476,3.2653670746038532,3.7374437097188906,6.555336043223581,3.2653670746038532,3.7374437097188906,RANGING,LOW,NEUTRAL
2025-09-30,54635.8515625,54793.05078125,54502.94921875,54705.5,206900,11.069999694824219,400.7890625,54890.10437355814,55113.59951815659,0.5071,1.303352351771081,2.5302038825525175,3.9608550303722456,5.748057200879297,2.5302038825525175,3.9608550303722456,RANGING,LOW,NEUTRAL
2025-10-01,55347.94921875,55406.75,54582.55078125,54653.8984375,173000,10.289999961853027,434.29966517857144,54933.70864452879,55122.78970249359,0.537,0.4359705908818956,1.5250819125454562,3.7482898495491135,4.974890739162574,1.5250819125454562,3.7482898495491135,RANGING,LOW,NEUTRAL
2025-10-03,55589.25,55616.44921875,55177.0,55182.6015625,156900,10.0600004196167,446.267578125,54996.14115457367,55141.08226318011,0.5419,0.9275202714553732,1.8357865954298669,3.821065336373497,4.0255998799228365,1.8357865954298669,3.821065336373497,RANGING,LOW,NEUTRAL
2025-10-06,56104.8515625,56164.19921875,55727.25,55834.69921875,162600,10.1899995803833,472.24972098214283,55101.73262199523,55178.87713766325,0.561,0.23972971365973095,0.9271006392745917,3.43704261315414,2.583374515990644,0.9271006392745917,3.43704261315414,RANGING,LOW,NEUTRAL
2025-10-07,56239.3515625,56502.44921875,56025.05078125,56126.3984375,153700,10.050000190734863,477.22823660714283,55210.077282995684,55220.46437000979,0.5551,-0.39314386876293517,0.45714904085314423,3.1434353475525922,2.9115720100902465,0.45714904085314423,3.1434353475525922,RANGING,LOW,NEUTRAL
2025-10-08,56018.25,56303.6015625,55821.0,56098.5,133600,10.3100004196167,483.54268973214283,55287.046113186574,55251.7500809898,0.5269,0.31025742726700223,1.3953460479397384,3.6770173671080375,3.426206247517549,1.3953460479397384,3.6770173671080375,RANGING,LOW,NEUTRAL
2025-10-09,56192.05078125,56286.25,55843.8984375,55979.0,118000,10.119999885559082,490.54268973214283,55373.23703395452,55288.62461825491,0.5239,0.7433421862036438,2.1898115176294475,2.682854176507532,3.463297084183603,2.1898115176294475,2.682854176507532,RANGING,LOW,NEUTRAL
2025-10-10,56609.75,56760.25,56152.44921875,56168.6015625,163000,10.100000381469727,507.375,55491.0001735779,55340.43345675472,0.5578,0.026938822376010307,1.9494902600700303,2.6576693944064367,2.941010051272097,1.9494902600700303,2.6576693944064367,RANGING,LOW,NEUTRAL
2025-10-13,56625.0,56770.8984375,56327.3984375,56337.05078125,123500,11.010000228881836,506.85714285714283,55599.00015704668,55390.80861531336,0.5686,-0.2270212472406219,2.4868860375276025,2.806360375275929,3.102780077262701,2.4868860375276025,2.806360375275929,RANGING,LOW,NEUTRAL
2025-10-14,56496.44921875,56721.30078125,56230.1484375,56598.6484375,129800,11.15999984741211,506.01088169642856,55684.47149625652,55434.16707035009,0.5503,0.5371120184475053,2.6740618585612053,3.343220339276032,3.5773957309678917,2.6740618585612053,3.343220339276032,RANGING,LOW,NEUTRAL
2025-10-15,56799.8984375,56922.69921875,56491.8515625,56528.94921875,123700,10.529999732971191,503.16768973214283,55790.7026335178,55487.7251631795,0.5906,1.0962208751748692,2.250272234476647,2.1676150114154913,3.8077546628535686,2.250272234476647,2.1676150114154913,RANGING,LOW,BULL
2025-10-16,57422.55078125,57525.80078125,56994.69921875,57139.94921875,148600,10.869999885559082,528.3501674107143,55946.11674282563,55563.60067761364,0.6258,0.506422611488988,0.48247731506290137,0.6161356060231382,2.571636401830091,0.48247731506290137,0.6161356060231382,RANGING,LOW,BULL
2025-10-17,57713.3515625,57830.19921875,57238.6484375,57362.8984375,147200,11.630000114440918,523.0859375,56114.42482088986,55647.90463388369,0.7218,0.5542004537782308,0.6946372488276786,0.6724573183550353,2.6037289085917514,0.6946372488276786,0.6724573183550353,TRENDING,LOW,BULL
2025-10-20,58033.19921875,58261.55078125,57872.8515625,57872.8515625,341700,11.359999656677246,529.4252232142857,56297.16523973368,55741.4455979961,0.7409,-0.04480194156106787,0.311722162805661,-0.3552250096069076,2.265082776231475,0.311722162805661,0.3552250096069076,TRENDING,LOW,BULL
2025-10-21,58007.19921875,58155.55078125,57887.19921875,58063.3984375,39000,11.300000190734863,524.8752790178571,56460.025618687614,55830.298681162916,0.7188,0.12214270548180917,0.6517307960764329,-0.780850006292999,1.48343655889156,0.6517307960764329,0.780850006292999,TRENDING,LOW,BULL
2025-10-23,58078.05078125,58577.5,57951.44921875,58314.55078125,291600,11.729999542236328,510.72181919642856,56614.12325321737,55918.44582234281,0.7024,-0.6516217635736843,-0.08083814473531792,-0.34651645035058687,1.3039362910135521,0.08083814473531792,0.34651645035058687,TRENDING,LOW,BULL
2025-10-24,57699.6015625,58232.8984375,57482.05078125,58172.75,132100,11.59000015258789,532.9645647321429,56717.50213981572,55988.29506705486,0.6335,0.7186331036460603,0.13301651644312962,0.41239317483372506,1.9422997532072328,0.13301651644312962,0.41239317483372506,RANGING,LOW,BULL
2025-10-27,58114.25,58224.55078125,57652.75,57796.44921875,153000,11.859999656677246,532.7396763392857,56850.52574554755,56071.66584873899,0.6309,0.1718194117621863,-0.022026923258922082,0.04112319697837652,2.432795366454865,0.022026923258922082,0.04112319697837652,RANGING,LOW,BULL
2025-10-28,58214.1015625,58313.80078125,57770.3515625,58006.55078125,256100,11.949999809265137,537.4575892857143,56980.39010906684,56155.68293555315,0.6282,0.2939982459683854,-0.6648746108955272,0.10400723085108865,2.6165468123125812,0.6648746108955272,0.10400723085108865,RANGING,LOW,BULL
2025-10-29,58385.25,58469.8984375,58087.05078125,58316.25,151800,11.970000267028809,530.3323102678571,57114.18628915571,56243.116938080486,0.6662,-0.606571758277985,-1.4233046873996402,-0.005653450571851959,2.3421141790948896,1.4233046873996402,0.005653450571851959,TRENDING,LOW,BULL
2025-10-30,58031.1015625,58331.19921875,57999.19921875,58152.05078125,223000,12.069999694824219,526.3108258928571,57201.51155328374,56313.23398217537,0.614,-0.43898873731637034,-0.26589324878456555,0.8382560483124468,2.8437337144508135,0.26589324878456555,0.8382560483124468,RANGING,LOW,BULL
2025-10-31,57776.3515625,58254.94921875,57656.94921875,57942.44921875,307900,12.149999618530273,525.6107700892857,57256.25822082814,56370.6111421881,0.5715,0.5626829099762753,0.2790055349473297,2.053344706210214,2.5918030098008638,0.2790055349473297,2.053344706210214,RANGING,LOW,BULL
2025-11-03,58101.44921875,58247.55078125,57718.3984375,57726.8515625,27800,12.670000076293945,531.7287946428571,57336.7526015826,56438.48714519053,0.5883,-0.472274687102725,0.06316403333044285,1.3731168361159174,2.1459030678492086,0.06316403333044285,1.3731168361159174,RANGING,LOW,BULL
2025-11-04,57827.05078125,58119.6484375,57732.94921875,57966.6484375,168600,12.649999618530273,524.2678571428571,57383.44766631283,56492.94062111442,0.5772,-0.47175288652011593,0.7740281584533548,2.4019900396690774,2.527620581981904,0.7740281584533548,2.4019900396690774,RANGING,LOW,BULL
2025-11-06,57554.25,57945.05078125,57521.0,57714.80078125,170400,12.40999984741211,523.7823660714286,57399.71455523542,56534.56059675699,0.543,0.5604291277359952,1.438120067154025,3.1161021449328308,3.862354593709405,1.438120067154025,3.1161021449328308,RANGING,LOW,BULL
2025-11-07,57876.80078125,58001.3515625,57157.8515625,57391.3984375,142400,12.5600004196167,532.1821986607143,57445.15133866538,56587.19746673711,0.5288,0.1049643366253239,1.1070929825955034,1.7120822576997208,2.3528425580170653,1.1070929825955034,1.7120822576997208,RANGING,LOW,BULL
2025-11-10,57937.55078125,58097.19921875,57846.19921875,57846.19921875,123400,12.300000190734863,507.85714285714283,57492.04652367344,56640.15249867879,0.5149,0.3462308184330798,1.7694024405183528,1.5496008532355,2.2175614328277637,1.7694024405183528,1.5496008532355,RANGING,LOW,BULL
2025-11-11,58138.1484375,58187.3515625,57594.25,57962.30078125,119600,12.489999771118164,511.064453125,57553.58003927597,56698.89743745609,0.5074,0.23478559890282025,1.3091259060618476,1.1733300115041256,1.4143037267241754,1.3091259060618476,1.1733300115041256,RANGING,LOW,BULL
2025-11-12,58274.6484375,58507.69921875,58171.8515625,58505.3515625,149300,12.109999656677246,518.29296875,57622.25322005921,56760.69159432056,0.518,0.1841294355727996,1.6154577830866934,2.150853548424725,1.6048198488970877,1.6154577830866934,2.150853548424725,RANGING,LOW,BULL
2025-11-13,58381.94921875,58615.94921875,58127.1015625,58158.75,121200,12.15999984741211,508.4927455357143,57694.60521993453,56824.27032469034,0.5203,0.23226624721266464,1.6541927991843064,2.32152502723344,1.726561057807685,1.6541927991843064,2.32152502723344,RANGING,LOW,BULL
2025-11-14,58517.55078125,58590.1484375,58050.0,58050.0,114800,11.9399995803833,493.4428013392857,57772.980987678864,56890.673479849545,0.559,0.7607092770578472,0.5983648201697944,2.1107316027583423,1.6136184570160639,0.5983648201697944,2.1107316027583423,RANGING,LOW,BULL
2025-11-17,58962.69921875,59001.55078125,58605.30078125,58696.30078125,157500,11.789999961853027,487.1713169642857,57886.28748587611,56971.92939117897,0.5601,-0.10760908097949828,-0.21598003133734833,1.2188253815922145,0.12194547519481791,0.21598003133734833,1.2188253815922145,RANGING,LOW,BULL
2025-11-18,58899.25,59103.6484375,58798.8984375,58990.5,145500,12.100000381469727,470.12137276785717,57982.76010626886,57047.5105915249,0.5483,0.5378689563109829,-0.134041127433715,0.6359177430103058,0.04668989842824267,0.134041127433715,0.6359177430103058,RANGING,LOW,BULL
2025-11-19,59216.05078125,59264.25,58688.55078125,58908.1484375,149800,11.970000267028809,483.896484375,58100.21636102897,57132.55138327883,0.5565,0.22231884052235085,0.5268841739422214,0.22324896207339684,-0.5120220189455904,0.5268841739422214,0.22324896207339684,RANGING,LOW,BULL
2025-11-20,59347.69921875,59440.1015625,59125.25,59308.19921875,120000,12.140000343322754,478.81082589285717,58219.0242522405,57219.41992584633,0.6,-0.8087929377527558,0.6564729005988257,-0.09941413193210735,-0.46926840242530465,0.6564729005988257,0.09941413193210735,RANGING,LOW,BULL
2025-11-21,58867.69921875,59232.1484375,58823.6484375,59116.69921875,121400,13.630000114440918,473.5287388392857,58280.8028204795,57284.05832948961,0.5742,-0.05494975458408824,1.5033711385786797,1.5449898876127799,0.7411548048255279,1.5033711385786797,1.5449898876127799,RANGING,LOW,BULL
2025-11-24,58835.3515625,59309.8984375,58649.5,58996.8984375,190400,13.239999771118164,482.90345982142856,58333.616986386216,57344.89335823512,0.5516,-0.02558118690598743,1.4379110135873008,0.68530094244732,0.7889801053655443,1.4379110135873008,0.68530094244732,RANGING,LOW,BULL
2025-11-25,58820.30078125,59166.1484375,58746.19921875,58925.6484375,137400,12.239999771118164,485.27845982142856,58379.96782399229,57402.752472863154,0.5747,1.203241041952663,0.7709923172384725,0.6835238445060066,0.6176452286449585,0.7709923172384725,0.6835238445060066,RANGING,LOW,BULL
2025-11-26,59528.05078125,59554.94921875,58783.05078125,58783.05078125,140200,11.970000267028809,510.12472098214283,58489.30905801683,57486.0975045646,0.6304,0.3515149534610851,-0.30204379093601297,-0.9535879913756484,-0.8679928402976489,0.30204379093601297,0.9535879913756484,RANGING,LOW,BULL
2025-11-27,59737.30078125,59866.6015625,59523.0,59605.30078125,137800,11.789999961853027,474.41768973214283,58608.16541261046,57574.379986003245,0.6244,0.025776922121711898,-0.7509572020046873,-0.8829478597994433,-1.347481737913836,0.7509572020046873,0.8829478597994433,RANGING,LOW,BULL
2025-11-28,59752.69921875,59897.5,59598.94921875,59758.69921875,100000,11.619999885559082,477.81417410714283,58717.1686322428,57659.80426964037,0.6208,-0.11940490920552271,0.04100233181150159,-0.6070855454947788,-0.9730928081112422,0.04100233181150159,0.6070855454947788,RANGING,LOW,BULL
2025-12-01,59681.3515625,60114.30078125,59527.6015625,60102.05078125,122300,11.630000114440918,477.3568638392857,58808.99557798158,57739.080634066246,0.6011,-0.6828779352009207,-0.7419416110010291,-0.36787166426698326,-0.1667187444570506,0.7419416110010291,0.36787166426698326,RANGING,LOW,BULL
2025-12-02,59273.80078125,59656.55078125,59251.94921875,59354.19921875,207100,11.229999542236328,481.63197544642856,58853.26274019762,57799.26573787737,0.559,0.12560223533624182,-0.08679925712857806,-0.40354965532372056,0.7385219004522936,0.08679925712857806,0.40354965532372056,RANGING,LOW,BULL
2025-12-03,59348.25,59414.8984375,58925.69921875,59158.69921875,166400,11.210000038146973,481.65708705357144,58900.40438398832,57860.01021874493,0.557,-0.10034125900931778,-0.6535181113175192,-0.7102147072575837,1.3525238212584112,0.6535181113175192,0.7102147072575837,RANGING,LOW,BULL
2025-12-04,59288.69921875,59548.69921875,59062.1484375,59287.1015625,109600,10.819999694824219,477.8286830357143,58937.38484444181,57916.03723835297,0.5454,0.8239344199434173,-0.13298935090325648,-0.6339279849323143,1.2742731919493266,0.13298935090325648,0.6339279849323143,RANGING,LOW,BULL
2025-12-05,59777.19921875,59806.6015625,59106.55078125,59133.19921875,119500,10.319999694824219,493.26088169642856,59017.36716580449,57989.023982682265,0.547,-0.9010934679774096,-0.6478222550757029,-1.1843980802933363,0.57078488656086,0.6478222550757029,1.1843980802933363,RANGING,LOW,BULL
2025-12-08,59238.55078125,59713.1484375,59030.6015625,59672.05078125,131200,11.130000114440918,524.8214285714286,59038.4322720374,58038.02503360649,0.518,-0.02734573776089766,0.3768660729469797,0.11048416594741095,1.2699513599311762,0.3768660729469797,0.11048416594741095,RANGING,LOW,BULL
2025-12-09,59222.3515625,59358.25,58878.44921875,58918.8515625,137800,10.949999809265137,517.9715401785714,59055.9483949386,58084.46921121016,0.501,-0.44232138388416997,-0.3170255740383099,0.1303548689189249,0.7837386143138225,0.3170255740383099,0.1303548689189249,RANGING,LOW,BULL
2025-12-10,58960.3984375,59440.8984375,58853.8984375,59281.55078125,105200,10.90999984741211,537.4107142857143,59046.848398992064,58118.81937694702,0.4806,0.4230858874952004,-0.057069555823419105,0.37856447872652854,0.49381000038293266,0.057069555823419105,0.37856447872652854,RANGING,LOW,BULL
2025-12-11,59209.8515625,59423.3515625,58799.8984375,58966.19921875,96900,10.399999618530273,544.5108816964286,59062.37250980234,58161.60495285106,0.5195,0.3041683968079134,-0.5016057162151366,-0.3352482648777966,0.40643310386614395,0.5016057162151366,0.3352482648777966,RANGING,LOW,BULL
2025-12-12,59389.94921875,59545.69921875,59224.8515625,59401.5,107700,10.109999656677246,521.3286830357143,59093.570291606884,58209.775316219646,0.531,0.12098269731692923,-0.5400745483357561,-0.7704967966289056,0.3179857281985665,0.5400745483357561,0.7704967966289056,RANGING,LOW,BULL
2025-12-15,59461.80078125,59533.0,59052.30078125,59053.69921875,125200,10.25,525.66796875,59128.63986204909,58258.87435406398,0.5357,-0.7184431233786426,-0.2653817731328445,-0.4886343458027631,0.19903140284194265,0.2653817731328445,0.4886343458027631,RANGING,LOW,BULL
2025-12-16,59034.6015625,59335.25,58966.3515625,59288.75,123300,10.0600004196167,505.92159598214283,59119.683833520605,58289.295028904606,0.47,-0.18269211554823306,0.4488032640814765,0.9269987185746009,1.7964834976944788,0.4488032640814765,0.9269987185746009,RANGING,LOW,BULL
2025-12-17,58926.75,59127.19921875,58801.3984375,59072.80078125,132700,9.84000015258789,504.65011160714283,59101.30918270912,58314.29326306521,0.4489,-0.023585956293192822,0.43588279092263704,1.3318243094180504,1.6369502178552153,0.43588279092263704,1.3318243094180504,RANGING,LOW,BULL
2025-12-18,58912.8515625,59211.0,58712.69921875,58712.69921875,97400,9.710000038146973,518.91796875,59083.3608379273,58337.76613755285,0.447,0.265388030121283,0.16719611661557554,2.1015748235111653,0.834024568864633,0.16719611661557554,2.1015748235111653,RANGING,LOW,BULL
2025-12-19,59069.19921875,59140.55078125,58897.5,59047.3984375,179100,9.520000457763672,494.3716517857143,59082.01211229137,58366.44978779588,0.4623,0.397501209353579,-0.23167345767328706,1.6506064292310718,-0.4552261433309668,0.23167345767328706,1.6506064292310718,RANGING,LOW,BULL
2025-12-22,59304.0,59371.19921875,59155.5,59224.75,114800,9.680000305175781,485.271484375,59103.153815882666,58403.21646278428,0.5025,-0.007502392334413077,-0.22384662080129347,1.3732605515648144,-0.17519634004451445,0.22384662080129347,1.3732605515648144,RANGING,LOW,BULL
2025-12-23,59299.55078125,59402.3515625,59216.75,59334.3515625,91800,9.380000114440918,463.5859375,59121.8582887748,58438.366828214304,0.4974,-0.19553136106835733,0.47605888667079377,1.1657774336270021,-1.3936854628101458,0.47605888667079377,1.1657774336270021,RANGING,LOW,BULL
2025-12-24,59183.6015625,59478.1484375,59118.25,59322.94921875,82500,9.1899995803833,454.53934151785717,59127.73860055815,58467.59171975492,0.4937,-0.29104345705980306,0.8920532120581859,0.8497259785194444,0.03691505023892816,0.8920532120581859,0.8497259785194444,RANGING,LOW,BULL
2025-12-26,59011.3515625,59180.6484375,58947.05078125,59092.8515625,72900,9.149999618530273,421.4321986607143,59116.654120743086,58488.91563515669,0.4429,-0.13387254809158478,1.931149899258,0.40703900586922526,0.9954851112464747,1.931149899258,0.40703900586922526,RANGING,LOW,BULL
2025-12-29,58932.3515625,59140.3984375,58809.55078125,59007.05078125,106900,9.720000267028809,391.7357700892857,59099.101496148505,58506.305279366235,0.472,0.40537740505168784,1.8866507559448742,0.8792257966330874,1.7401307988065273,1.8866507559448742,0.8792257966330874,RANGING,LOW,BULL
2025-12-30,59171.25,59272.69921875,58737.6015625,58885.94921875,295700,9.680000305175781,395.685546875,59105.972782229604,58532.3815429205,0.496,0.6939207174092132,1.6006902634303044,0.6887648668060908,0.7422510404123672,1.6006902634303044,0.6887648668060908,RANGING,LOW,BULL
2025-12-31,59581.8515625,59766.19921875,59187.1015625,59194.6015625,122600,9.479999542236328,396.2533482142857,59151.29457082679,58573.537229962836,0.5512,0.21768242400783677,0.6864506376928592,-0.0028584626951655423,-1.6160148388305595,0.6864506376928592,0.0028584626951655423,RANGING,LOW,BULL
2026-01-01,59711.55078125,59743.19921875,59569.6484375,59674.80078125,71800,9.479999542236328,364.11746651785717,59204.652305152806,58618.16521236625,0.5425,0.7358684069514565,-0.041952990539084745,0.6424178424963234,0.5522382113437585,0.041952990539084745,0.6424178424963234,RANGING,LOW,BULL
2026-01-02,60150.94921875,60203.75,59738.25,59757.3984375,250400,9.449999809265137,375.28543526785717,59294.77582073349,58678.27438908718,0.5577,-0.17747018357396893,-1.4952356516090393,-0.43157699025816454,0.14496731952289288,1.4952356516090393,0.43157699025816454,RANGING,LOW,BULL
2026-01-05,60044.19921875,60437.3515625,59859.80078125,60360.3984375,318500,10.020000457763672,382.20340401785717,59366.149477687446,58731.8400686818,0.5436,0.12357433310032917,-0.9887703166580053,-1.065881481187525,0.032391503264350696,0.9887703166580053,1.065881481187525,RANGING,LOW,BULL
2026-01-06,60118.3984375,60305.0,59844.80078125,59957.80078125,295400,10.020000457763672,379.685546875,59437.792235764835,58786.21490667467,0.5978,-0.2121594691724904,-0.8975582688067973,-2.192502945034891,0.003580174798289981,0.8975582688067973,2.192502945034891,RANGING,LOW,BULL
2026-01-07,59990.8515625,60065.3984375,59760.6484375,60039.69921875,376300,9.949999809265137,381.96763392857144,59490.46455259676,58833.45555984429,0.5956,-0.5073299587736613,-0.6846095934679663,-1.3181176452815913,1.1310057822618624,0.6846095934679663,1.3181176452815913,RANGING,LOW,BULL
2026-01-08,59686.5,60112.8515625,59564.80078125,59893.1484375,312900,10.600000381469727,385.52120535714283,59509.13459520659,58866.90828298766,0.5626,-0.7287229419550512,0.6846580675697211,-2.0329529081115516,1.5747253357124347,0.6846580675697211,2.0329529081115516,RANGING,LOW,BULL
2026-01-09,59251.55078125,59739.6484375,59154.19921875,59558.1484375,272500,10.930000305175781,409.97823660714283,59484.602803401205,58881.99230252736,0.5133,0.3357704838553577,1.0798042799117225,-0.07780650783335563,2.5211167666563616,1.0798042799117225,0.07780650783335563,RANGING,LOW,BULL
2026-01-12,59450.5,59541.1015625,58864.19921875,59217.25,262400,11.369999885559082,436.75697544642856,59481.354917362994,58904.28672203609,0.5108,0.21581110545747517,-0.07788123102412392,0.2494525382461088,2.1686108611365773,0.07788123102412392,0.2494525382461088,RANGING,LOW,BULL
2026-01-13,59578.80078125,59767.55078125,59312.05078125,59767.55078125,224200,11.199999809265137,456.03543526785717,59490.63547582842,58930.738253769974,0.52,0.002261972769379561,-1.3066728262261407,0.6362175409366344,1.0202415091934869,1.3066728262261407,0.6362175409366344,RANGING,LOW,BULL
2026-01-14,59580.1484375,59796.6484375,59324.19921875,59330.3515625,341500,11.319999694824219,464.0747767857143,59499.160519797144,58956.20531979861,0.5286,0.8643818679643589,-0.6378750052942084,0.05085717650030741,2.297666522996389,0.6378750052942084,0.05085717650030741,RANGING,LOW,BULL
2026-01-16,60095.1484375,60235.1484375,59510.5,59590.3515625,478100,11.369999885559082,498.9388950892857,59555.92127386408,59000.8697557869,0.5706,-0.3391236735390546,-2.6991311564642517,-2.456352094770542,1.7952390343490388,2.6991311564642517,2.456352094770542,RANGING,LOW,BULL
2026-01-19,59891.3515625,60107.5,59594.6015625,60093.30078125,492900,11.829999923706055,511.94252232142856,59587.86701563893,59035.79061095212,0.5611,-0.8133934717463043,-1.1452443898084752,0.25036873411266036,2.770766021231408,1.1452443898084752,0.25036873411266036,RANGING,LOW,BULL
2026-01-20,59404.19921875,59993.5,59283.94921875,59851.3984375,396100,12.729999542236328,524.4034598214286,59570.374844506645,59050.23800733635,0.5139,-1.01659216931147,0.3275888995379006,1.4038556696624571,2.2479076901326556,0.3275888995379006,1.4038556696624571,RANGING,LOW,BULL
2026-01-21,58800.30078125,59447.3515625,58278.6015625,59142.0,331700,13.779999732971191,565.3892299107143,59497.03445752982,59040.43654748983,0.4585,0.6799298233819417,1.9686137075324517,2.148539445316655,4.03348144012603,1.9686137075324517,2.148539445316655,RANGING,LOW,BULL
2026-01-22,59200.1015625,59573.1015625,58823.05078125,59194.25,300700,13.350000381469727,608.1928013392857,59468.75513419365,59046.697920627485,0.4747,-1.228038433738965,0.6931536355841983,1.5548102021045507,3.486731243730712,0.6931536355841983,1.5548102021045507,RANGING,LOW,BULL
2026-01-23,58473.1015625,59400.1484375,58346.25,59305.1484375,323400,14.1899995803833,648.3141741071429,59373.93098450854,59024.20394579896,0.4194,1.2524522159427676,0.24951376547737159,3.7560005221418002,4.402364762537059,0.24951376547737159,3.7560005221418002,RANGING,MEDIUM,BULL
2026-01-27,59205.44921875,59436.80078125,58121.6015625,58366.05078125,388800,14.449999809265137,701.0033482142857,59357.88510205535,59031.31160356175,0.4666,0.6643840519588995,1.4117814720258748,2.400031141559178,3.1042790283701605,1.4117814720258748,2.400031141559178,RANGING,MEDIUM,BULL
2026-01-28,59598.80078125,59699.8984375,59240.1015625,59575.6484375,289300,13.529999732971191,703.4497767857143,59380.82945245484,59053.56608111815,0.4805,0.602446318622829,1.072752551845202,1.923781630201371,2.665990618388192,1.072752551845202,1.923781630201371,RANGING,LOW,BULL
2026-01-29,59957.8515625,60060.69921875,59339.0,59416.25,617400,13.369999885559082,729.4461495535714,59435.78393912581,59089.02825685862,0.4996,-0.5794109273376313,0.1764520779896861,1.3040801448413353,0.9525832274104085,0.1764520779896861,1.3040801448413353,RANGING,LOW,BULL
2026-01-30,59610.44921875,59906.8984375,59501.80078125,59542.25,317800,13.630000114440918,722.8747209821429,59452.41872766145,59109.47613771711,0.498,-1.6632138018482623,0.8557250770382607,0.9666077446179644,0.38449503695050513,0.8557250770382607,0.9666077446179644,RANGING,LOW,BULL
2026-02-02,58619.0,58687.05078125,57829.8515625,58239.30078125,282500,13.869999885559082,808.2424665178571,59373.04551550321,59090.24177937526,0.4793,2.4263477392142407,3.497759365564068,3.9749937093775056,0.23243317013255105,3.497759365564068,3.9749937093775056,RANGING,LOW,NEUTRAL
2026-02-03,60041.30078125,61764.8515625,59793.19921875,61411.19921875,368300,12.899999618530273,984.5959821428571,59436.68887414576,59127.53821082133,0.5173,0.3278537501497203,0.9744919724202772,1.8865334428326053,-1.6412855916301927,0.9744919724202772,1.8865334428326053,RANGING,LOW,BULL
2026-02-04,60238.1484375,60389.3984375,59891.75,60163.3515625,255600,12.25,987.6065848214286,59513.018356369976,59171.091553044025,0.5191,-0.28968353863175755,0.8419965389976136,2.1791047331276125,-4.075321870238224,0.8419965389976136,2.1791047331276125,RANGING,LOW,BULL
2026-02-05,60063.6484375,60328.30078125,59881.05078125,60315.3515625,200,12.170000076293945,985.806640625,59565.459316477594,59206.09378380701,0.5143,0.09473674215647598,1.1256418484193897,1.1253101690173128,-6.732604098230688,1.1256418484193897,1.1253101690173128,RANGING,LOW,BULL
2026-02-06,60120.55078125,60149.8984375,59644.55078125,59967.1015625,204800,11.9399995803833,970.1422991071429,59618.325170265445,59241.95484253027,0.502,0.9128339213771097,0.10994186744976986,1.7489015071996405,-5.2723236211411395,0.10994186744976986,1.7489015071996405,RANGING,LOW,BULL
2026-02-09,60669.3515625,60876.19921875,60495.69921875,60805.19921875,263400,12.1899995803833,987.4815848214286,59718.42292190683,59297.93118448987,0.5221,-0.07079872109025942,0.46110596667876536,0.9805584239468201,-8.131950375994268,0.46110596667876536,0.9805584239468201,RANGING,LOW,BULL
2026-02-10,60626.3984375,60797.55078125,60531.55078125,60740.80078125,215900,11.670000076293945,955.7993861607143,59804.89678053476,59350.02793950988,0.535,0.1962068143015694,0.9032394742440886,0.6942558928086484,-9.113932810055026,0.9032394742440886,0.6942558928086484,RANGING,LOW,BULL
2026-02-11,60745.3515625,60779.94921875,60444.6484375,60670.25,235100,11.550000190734863,896.2672991071429,59894.46390262669,59404.746512960475,0.558,-0.009221384609547911,1.3259437932815032,0.4905725168013797,-11.502937789092659,1.3259437932815032,0.4905725168013797,RANGING,LOW,BULL
2026-02-12,60739.75,60864.3984375,60597.6484375,60786.1484375,267000,11.729999542236328,860.1208147321429,59974.96734047176,59457.09959088359,0.5463,-0.9106088887425479,-0.00032798743820894316,0.7374894015039546,-10.415504776526085,0.00032798743820894316,0.7374894015039546,RANGING,LOW,BULL
2026-02-13,60186.6484375,60621.8984375,60073.55078125,60504.3984375,236600,13.289999961853027,832.4280133928571,59995.127444950645,59485.709349574434,0.5535,1.2668143928827647,1.6371597157851747,0.5688164591113765,-8.823632110059709,1.6371597157851747,0.5688164591113765,RANGING,LOW,BULL
2026-02-16,60949.1015625,61011.30078125,59861.1015625,59947.80078125,168600,13.329999923706055,820.6422991071429,60085.98212281249,59543.097279493086,0.5537,0.36899385181154987,0.5170682248315517,-1.8202944695785428,-9.225814059759141,0.5170682248315517,1.8202944695785428,RANGING,LOW,BULL
2026-02-17,61174.0,61241.6015625,60560.0,60821.1484375,264000,12.670000076293945,834.0103236607143,60189.60287302083,59607.05424892473,0.5487,0.6159492288390522,-0.20711285636054733,-3.953885637689214,-12.624644456795375,0.20711285636054733,3.953885637689214,RANGING,LOW,BULL
2026-02-18,61550.80078125,61596.8515625,61100.8984375,61255.3515625,218100,12.220000267028809,817.8856026785714,60319.24076904265,59683.27960313356,0.5489,-1.3180169708646994,-0.8244396698484313,-4.053479706327446,-13.198447293759186,0.8244396698484313,4.053479706327446,RANGING,LOW,BULL
2026-02-19,60739.55078125,61678.80078125,60592.8984375,61660.8515625,190600,13.460000038146973,862.875,60359.27029401478,59724.70200227538,0.5333,0.7119730277680869,0.7378198088984655,-4.86717590634963,-15.314240328760253,0.7378198088984655,4.86717590634963,RANGING,LOW,BULL
2026-02-20,61172.0,61360.5,60562.3515625,60627.8515625,219800,14.359999656677246,792.7000558035714,60436.67312315623,59781.458786499876,0.5846,0.1508042895442374,-1.0511345059831312,-8.422479596465704,-14.00371340237363,1.0511345059831312,8.422479596465704,RANGING,MEDIUM,BULL
2026-02-23,61264.25,61517.80078125,61029.1484375,61145.55078125,841900,14.170000076293945,602.9001116071429,60515.48996856992,59839.6074615391,0.5539,-0.354120418922943,-2.3253391047797,-7.04072802450042,-12.333699404628307,2.3253391047797,7.04072802450042,RANGING,MEDIUM,BULL
2026-02-24,61047.30078125,61435.6484375,60801.8515625,61392.1015625,587700,14.149999618530273,612.625,60566.138617396595,59886.967983880706,0.5354,-0.006469112801810173,-3.754548934871138,-8.700713566817331,-14.370331049009188,3.754548934871138,8.700713566817331,RANGING,MEDIUM,BULL
2026-02-25,61043.3515625,61317.55078125,60816.75,61175.05078125,321600,13.489999771118164,616.4500558035714,60611.5874693112,59932.316359512835,0.5432,0.23646744904268768,-3.255882826101175,-9.734724899018355,-17.63992265230563,3.255882826101175,9.734724899018355,RANGING,LOW,BULL
2026-02-26,61187.69921875,61284.75,60813.30078125,61193.8984375,602700,13.0600004196167,614.0287388392857,60666.45525497203,59981.547059875076,0.5469,-1.0765222866038981,-5.563943835473983,-12.14271455066126,-15.916680812645467,5.563943835473983,12.14271455066126,RANGING,LOW,BULL
2026-02-27,60529.0,61086.44921875,60438.94921875,61057.44921875,369200,13.699999809265137,613.5359933035714,60653.36427830803,60003.01580262507,0.495,-1.1388781617076127,-7.449650942110397,-10.103589291909664,-14.83627682598424,7.449650942110397,10.103589291909664,RANGING,LOW,BULL
2026-03-02,59839.6484375,60177.5,59148.0,59204.30078125,387100,17.1299991607666,693.1788504464286,60575.86753156441,59996.60923928683,0.4708,-1.812173810868234,-4.827648109041416,-8.294915774253454,-12.083204136053716,4.827648109041416,8.294915774253454,RANGING,MEDIUM,BULL
2026-03-04,58755.25,59058.3984375,58393.55078125,58447.1484375,363100,21.139999389648438,772.521484375,60402.475385701124,59947.928484804994,0.4345,0.5116165151199281,-5.139115228000901,-5.83641328859974,-10.278230456001802,5.139115228000901,5.83641328859974,RANGING,MEDIUM,BULL
2026-03-05,59055.8515625,59274.3515625,58506.3984375,59008.25,273500,17.860000610351562,808.3217075892857,60274.22549777721,59912.945076087155,0.4462,-2.1549118822767,-6.696884794836033,-9.49076410585371,-5.675903464794785,6.696884794836033,9.49076410585371,RANGING,MEDIUM,BULL
2026-03-06,57783.25,58807.1484375,57696.3984375,58629.6015625,256900,19.8799991607666,857.83984375,60036.98973608414,59829.42762212295,0.4314,-3.051834603886072,-6.966375961026772,-7.538861553737464,-5.125275544816188,6.966375961026772,7.538861553737464,RANGING,MEDIUM,NEUTRAL
2026-03-09,56019.80078125,56274.1484375,55270.6015625,56121.3984375,374100,23.360000610351562,955.1576450892857,59654.40031181422,59680.03049110833,0.3737,1.6619123720832851,-2.8675616859524244,-8.179341442398746,-0.19109454113915847,2.8675616859524244,8.179341442398746,HIGH_VOL,HIGH,NEUTRAL
2026-03-10,56950.80078125,57097.05078125,56387.19921875,56583.8515625,346800,18.90999984741211,983.4182477678571,59396.914642236676,59573.00187503546,0.4036,-2.133509563661895,-3.643145930852454,-7.6296597837840485,-2.363004525904866,3.643145930852454,7.6296597837840485,RANGING,MEDIUM,NEUTRAL
2026-03-11,55735.75,56938.3984375,55631.94921875,56790.3984375,261000,21.059999465942383,1042.1967075892858,59048.23229535699,59422.52140934779,0.3685,-1.1389472309065507,-0.7350743799984794,-3.637967440108014,1.015863640033543,0.7350743799984794,3.637967440108014,RANGING,MEDIUM,BEAR
2026-03-12,55100.94921875,55636.94921875,54760.55078125,55008.19921875,311300,21.520000457763672,1034.289341517857,58672.30057377537,59253.047990108666,0.3704,-2.437521812769361,-2.994411606594516,-5.12939921421215,1.7884432713450638,2.994411606594516,5.12939921421215,RANGING,MEDIUM,BEAR
2026-03-13,53757.8515625,54713.75,53675.69921875,54592.05078125,327500,22.649999618530273,1079.082310267857,58204.257810796764,59037.550090986755,0.3293,1.2194439620375253,-0.6153534258440452,-6.478123471789365,5.223139643119001,0.6153534258440452,6.478123471789365,HIGH_VOL,HIGH,BEAR
2026-03-16,54413.3984375,54664.1484375,53258.1484375,53721.5,390200,21.600000381469727,1144.607142857143,57843.2235847685,58856.210810457866,0.3538,0.8501611290302913,-5.468595094125339,-5.448566134690802,3.9860644386902067,5.468595094125339,5.448566134690802,RANGING,MEDIUM,BEAR
2026-03-17,54876.0,54996.0,54113.1484375,54649.1015625,277100,19.790000915527344,1162.396763392857,57560.6308624096,58700.12411200854,0.3747,0.8201231526532515,-4.13723952638676,-6.0632152489248465,4.547432791657546,4.13723952638676,6.0632152489248465,RANGING,MEDIUM,BEAR
2026-03-18,55326.05078125,55554.1484375,54689.1015625,54927.05078125,223200,18.719999313354492,1188.414341517857,57347.81371182297,58567.807510802326,0.3881,-3.3890920367037225,-2.9243894980812923,-4.9107955120316955,3.2505454701810654,2.9243894980812923,4.9107955120316955,RANGING,MEDIUM,BEAR
2026-03-19,53451.0,54150.30078125,53240.6015625,53474.55078125,395300,22.799999237060547,1303.7000558035713,56976.68859641126,58367.14839273165,0.3582,-0.0448059320686256,-2.200891353763257,-1.3746234869319585,5.339469794765295,2.200891353763257,1.3746234869319585,HIGH_VOL,HIGH,BEAR
2026-03-20,53427.05078125,54382.44921875,53297.55078125,53548.19921875,403500,22.809999465942383,1327.710658482143,56638.627852110185,58173.41907463433,0.3705,-3.7233962050327807,-5.899070176368548,4.261600861279535,4.983803484965077,5.899070176368548,4.261600861279535,HIGH_VOL,HIGH,BEAR
2026-03-23,51437.75,52665.30078125,51323.6015625,52576.1015625,397300,26.729999542236328,1379.314174107143,56143.306151909215,57909.27518935455,0.3571,2.2705084057914604,0.021187624847507358,6.578727138628726,9.383285196669755,0.021187624847507358,6.578727138628726,HIGH_VOL,HIGH,BEAR
2026-03-24,52605.6484375,52949.1484375,51827.5,52384.80078125,340600,24.739999771118164,1383.978515625,55806.38636958453,57701.289826536726,0.4058,2.0956934430906404,-2.009096872469285,6.286590244066881,5.312553324611802,2.009096872469285,6.286590244066881,HIGH_VOL,HIGH,BEAR
2026-03-25,53708.1015625,54146.1484375,53024.75,53024.75,348600,24.639999389648438,1439.160435267857,55606.549721290765,57544.694208339206,0.4241,-2.6690572898612652,-2.046246223618786,3.5319610329970885,3.1568794105055975,2.046246223618786,3.5319610329970885,HIGH_VOL,HIGH,BEAR
2026-03-27,52274.6015625,53292.5,52211.19921875,53244.25,653000,26.799999237060547,1448.978236607143,55289.221325215454,57338.02390850238,0.421,-3.8245150421848284,0.8448623696767132,7.704214926315345,4.952213737879707,0.8448623696767132,7.704214926315345,HIGH_VOL,HIGH,BEAR
2026-03-30,50275.3515625,51624.5,50105.25,51527.8984375,564900,27.889999389648438,1424.45703125,54811.70991924255,57061.056365521894,0.4174,2.3337417611916766,10.797630859431152,11.558441053914814,9.155875184239303,10.797630859431152,11.558441053914814,HIGH_VOL,HIGH,BEAR
2026-04-01,51448.6484375,52025.8515625,51133.55078125,51433.8984375,370100,25.010000228881836,1472.5463169642858,54491.41834955278,56840.96193697202,0.4248,0.19456597119671404,6.556150421225526,9.945938205677486,6.0223201927528835,6.556150421225526,9.945938205677486,HIGH_VOL,HIGH,BEAR
2026-04-02,51548.75,51731.94921875,49954.8515625,50625.6484375,339200,25.520000457763672,1505.2781808035713,54211.16422102395,56633.42421395351,0.442,2.056987924052467,8.465772690899387,9.764740294381525,8.598270144765884,8.465772690899387,9.764740294381525,HIGH_VOL,HIGH,BEAR
2026-04-06,52609.1015625,52704.55078125,51111.1015625,51747.6015625,355000,25.469999313354492,1549.4388950892858,54058.58682497405,56475.60763938671,0.4682,0.20366901223869416,5.694735568123677,9.052326526793642,6.535555204103383,5.694735568123677,9.052326526793642,HIGH_VOL,HIGH,BEAR
2026-04-07,52716.25,52778.19921875,51868.44921875,52258.69921875,279700,24.700000762939453,1512.617466517857,53930.74522259557,56328.181849606844,0.4876,5.667414578047558,6.80188598155218,8.362125945510158,4.921254416332732,6.80188598155218,8.362125945510158,HIGH_VOL,HIGH,BEAR
2026-04-08,55703.8984375,55778.25,54797.5,54904.44921875,443600,19.700000762939453,1630.9031808035713,54099.61695734837,56303.70014717128,0.5184,-1.5837297630790226,0.6866664824709989,1.0791014262214293,-2.2691410035120096,0.6866664824709989,1.0791014262214293,RANGING,MEDIUM,BEAR
2026-04-09,54821.69921875,55583.1015625,54626.8515625,55505.94921875,298800,20.43000030517578,1644.7742745535713,54168.38669652948,56245.58246370378,0.5026,1.9901805248620175,3.1812220796751944,2.3130453804253825,-2.310216607745774,3.1812220796751944,2.3130453804253825,RANGING,MEDIUM,BEAR
2026-04-10,55912.75,55978.5,55145.25,55182.25,281000,18.850000381469727,1665.6138392857142,54334.51653495524,56232.5302102252,0.5099,-0.5503203093212172,1.197582952904308,0.6287488654197926,-4.3936339430630795,1.197582952904308,0.6287488654197926,RANGING,MEDIUM,BEAR
2026-04-13,55605.05078125,55752.6484375,54356.19921875,54646.0,303600,20.5,1627.8353794642858,54455.51979650712,56207.92317379481,0.5296,1.2533006043670358,3.1766870323507224,-0.3681306210029156,-2.654617776192625,3.1766870323507224,0.3681306210029156,RANGING,MEDIUM,BEAR
2026-04-15,56301.94921875,56786.25,56109.19921875,56343.44921875,268000,18.670000076293945,1634.7140066964287,54631.3702176731,56211.610469675405,0.5381,-0.38284781298161263,1.4608730450953678,-1.5955889071613605,-4.603033628872888,1.4608730450953678,1.5955889071613605,RANGING,MEDIUM,BEAR
2026-04-16,56086.3984375,56834.25,55898.25,56657.25,402200,18.09000015258789,1551.3247767857142,54769.944333847096,56206.70019390382,0.567,0.8545757877181481,0.38975860206749147,-2.1806479094265696,-4.545484303722813,0.38975860206749147,2.1806479094265696,RANGING,MEDIUM,BEAR
2026-04-17,56565.69921875,56628.69921875,55841.6484375,56072.3984375,290600,17.209999084472656,1499.585658482143,54940.96860859975,56220.77858703504,0.5575,0.029438942645443333,-0.8414095915431297,-2.9827249411790824,-5.580326637602473,0.8414095915431297,2.9827249411790824,RANGING,MEDIUM,BEAR
2026-04-20,56582.3515625,57085.1015625,56356.55078125,56704.05078125,596100,18.790000915527344,1441.5892857142858,55097.29079468549,56234.95791940622,0.5427,1.3946003205228763,-0.5621024444321443,-3.597059374603473,-5.337622527784102,0.5621024444321443,3.597059374603473,RANGING,MEDIUM,BEAR
2026-04-21,57371.44921875,57456.30078125,56696.30078125,56823.6015625,281400,17.530000686645508,1397.0926339285713,55313.87731126306,56279.52620565499,0.5794,-0.4305277335042046,-3.435676949233857,-2.4235023804237366,-6.853671703947361,3.435676949233857,2.4235023804237366,RANGING,MEDIUM,BEAR
2026-04-22,57124.44921875,57438.19921875,57002.1484375,57163.3515625,261900,18.299999237060547,1273.285435267857,55486.31273102372,56312.660441462634,0.6309,-1.434498240170401,-3.012453826312189,-1.8854462423358975,-5.372651637300385,3.012453826312189,1.8854462423358975,RANGING,MEDIUM,BEAR
2026-04-23,56305.0,56868.69921875,56217.1484375,56608.94921875,336300,18.59000015258789,1213.056919642857,55564.2829471167,56312.360031993514,0.5902,-0.38229286919456706,-2.5604270269070195,-1.7661827879406844,-1.796202046887485,2.5604270269070195,1.7661827879406844,RANGING,MEDIUM,BEAR
2026-04-24,56089.75,56460.5,55750.3984375,56170.19921875,241200,19.709999084472656,1136.8429129464287,55614.327428343684,56303.630226817295,0.5838,0.31119907157723947,-2.1594854674873765,-2.9414493066915126,-1.7772437254578555,2.1594854674873765,2.9414493066915126,RANGING,MEDIUM,BEAR
2026-04-27,56264.30078125,56474.94921875,55911.1015625,56162.6015625,235500,18.3799991607666,1063.2999441964287,55676.22965243,56302.08789561858,0.5686,-1.5355193377572518,-3.0521129315664974,-4.814956419760231,-2.506827951588142,3.0521129315664974,4.814956419760231,RANGING,MEDIUM,BEAR
2026-04-28,55400.3515625,56138.05078125,55263.75,55862.5,292600,18.049999237060547,1069.7857142857142,55649.95554862715,56266.72568647667,0.5493,0.0058663887652965485,1.0481868839674835,-3.509369652296601,-2.0959295582087534,1.0481868839674835,3.509369652296601,RANGING,MEDIUM,BEAR
2026-04-29,55403.6015625,56178.75,55290.5,55634.5,313100,17.440000534057617,914.5178571428571,55626.49326423409,56232.877681614846,0.4926,-0.9751171129020464,1.1620126793990826,-2.3006669382532485,-3.177591258239787,1.1620126793990826,2.3006669382532485,RANGING,MEDIUM,BEAR
2026-04-30,54863.3515625,55111.6015625,54440.25,54880.6484375,299000,18.459999084472656,906.3967633928571,55553.81310216417,56179.17077498289,0.5025,0.027611214168610232,0.8151146548904364,-2.1015850602683406,-2.093753101633622,0.8151146548904364,2.1015850602683406,RANGING,MEDIUM,BEAR
2026-05-04,54878.5,55602.30078125,54723.5,54937.8984375,282600,18.299999237060547,886.5396205357143,55489.49756862472,56128.16407792474,0.4635,-0.6039691659757485,-0.799222942500255,-2.4444910119627905,-1.2619710474047197,0.799222942500255,2.4444910119627905,RANGING,MEDIUM,BEAR
2026-05-05,54547.05078125,54888.55078125,54221.6484375,54691.30078125,379800,17.90999984741211,822.9933035714286,55399.74073173189,56066.15963491789,0.4625,2.628923066346456,-1.8183413187224717,-2.086093248768539,-0.4385190680780582,1.8183413187224717,2.086093248768539,RANGING,MEDIUM,BEAR
2026-05-06,55981.05078125,56078.80078125,54587.19921875,55113.3984375,653300,16.68000030517578,848.0326450892857,55455.10359359076,56062.82203281327,0.492,0.11851806160134704,-4.510280369006003,-4.320839871248284,-2.6523274581821688,4.510280369006003,4.320839871248284,RANGING,MEDIUM,BEAR
2026-05-07,56047.3984375,56334.1484375,55783.19921875,56114.0,463500,16.6200008392334,820.5290178571429,55511.51262634402,56062.217185938236,0.5001,-1.314686634512896,-3.422905027232115,-4.6532043818380835,-3.539233742868586,3.422905027232115,4.6532043818380835,RANGING,MEDIUM,BEAR
2026-05-08,55310.55078125,55797.69921875,55062.5,55783.94921875,429500,16.84000015258789,834.6609933035714,55492.37340300173,56032.7400720289,0.4657,-1.5741162064962566,-2.893117490510433,-2.2693666959026304,-0.20981671599867857,2.893117490510433,2.2693666959026304,RANGING,MEDIUM,BEAR
2026-05-11,54439.8984375,55002.44921875,54360.69921875,54832.44921875,486800,18.549999237060547,850.4681919642857,55392.13769200156,55970.27569420424,0.4432,-1.6250934409175688,-1.6585233687321788,1.5682431902038774,1.2130851869758263,1.6585233687321788,1.5682431902038774,RANGING,MEDIUM,BEAR
2026-05-12,53555.19921875,54365.44921875,53457.5,54178.3984375,364400,19.280000686645508,858.2145647321429,55217.191170739505,55875.56681281388,0.3929,-0.18495082213291214,-0.2727107421511832,2.871241711694794,3.0278120610226056,0.2727107421511832,2.871241711694794,RANGING,MEDIUM,BEAR
2026-05-13,53456.1484375,54103.8984375,53194.25,53600.3984375,305900,19.43000030517578,892.04296875,55049.47281519289,55780.68766084079,0.3971,1.2586031745938975,0.1983883694389066,2.614672335838364,6.28300474673531,0.1983883694389066,2.614672335838364,RANGING,MEDIUM,BEAR
2026-05-14,54128.94921875,54393.75,53191.6015625,53639.5,311800,18.610000610351562,913.103515625,54961.80390124595,55715.91360428821,0.4421,-0.7733341627570334,-1.2739038743636688,0.20368028862789433,5.671367367753399,1.2739038743636688,0.20368028862789433,RANGING,MEDIUM,BEAR
2026-05-15,53710.3515625,54325.44921875,53628.30078125,54207.75,315100,18.790000915527344,912.1782924107143,54842.617964222525,55637.264112453384,0.4366,-0.32275261184667725,0.642334280010326,-0.12520863863969556,6.67803648767078,0.642334280010326,0.12520863863969556,RANGING,MEDIUM,BEAR
2026-05-18,53537.0,53667.55078125,52783.44921875,53282.1484375,311800,19.6299991607666,938.1107700892857,54718.27339620133,55554.90081392581,0.4262,-0.2388097250499599,3.2811857920690413,0.33182366867774427,7.561220802902668,3.2811857920690413,0.33182366867774427,RANGING,MEDIUM,BEAR
2026-05-19,53409.1484375,53770.6484375,53337.05078125,53553.75,267800,18.68000030517578,897.6141183035714,54593.594828705965,55470.75366190911,0.4435,0.2865628562288336,3.152549795790782,1.4544339387081218,8.012957459447412,3.152549795790782,1.4544339387081218,RANGING,MEDIUM,BEAR
