date,close,high,low,open,volume,vix,atr,ema_fast,ema_slow,trend_strength,ret_1d,ret_5d,ret_10d,ret_21d,abs_move_5d,abs_move_10d,regime,vix_bucket,direction
2024-06-19,23516.0,23664.0,23412.900390625,23629.849609375,328800,13.710000038146973,,23516.0,23516.0,,0.21687361796223215,1.5002584676390596,3.2764926007824435,4.315786658551635,1.5002584676390596,3.2764926007824435,RANGING,LOW,NEUTRAL
2024-06-20,23567.0,23624.0,23442.599609375,23586.150390625,280300,13.350000381469727,,23520.857142857145,23518.000000000004,,-0.279629951309035,2.0261382441549625,3.1194059092162663,3.998175414774896,2.0261382441549625,3.1194059092162663,RANGING,LOW,NEUTRAL
2024-06-21,23501.099609375,23667.099609375,23398.19921875,23661.150390625,609900,13.180000305175781,,23518.9754730017,23517.33723958334,,0.156375661610908,2.167983662333617,3.500900016064734,4.161299633336646,2.167983662333617,3.500900016064734,RANGING,LOW,NEUTRAL
2024-06-24,23537.849609375,23558.099609375,23350.0,23382.30078125,239400,14.0600004196167,,23520.77300979916,23518.141646241835,,0.7793879853915442,2.5665029703239695,3.3252875044424313,3.720180072338608,2.5665029703239695,3.3252875044424313,RANGING,MEDIUM,NEUTRAL
2024-06-25,23721.30078125,23754.150390625,23562.05078125,23577.099609375,298100,14.3100004196167,,23539.87089279448,23526.108671144117,,0.6218040121837909,1.6969930605289063,3.001093591219517,2.8868519245212942,1.6969930605289063,3.001093591219517,RANGING,MEDIUM,NEUTRAL
2024-06-26,23868.80078125,23889.900390625,23670.44921875,23723.099609375,287800,14.050000190734863,,23571.197548837863,23539.54757742278,,0.7361040898544724,1.7499799113415149,1.9089708011553297,4.047328715751286,1.7499799113415149,1.9089708011553297,RANGING,MEDIUM,NEUTRAL
2024-06-27,24044.5,24087.44921875,23805.400390625,23881.55078125,515200,14.149999618530273,,23616.273972758067,23559.349633210124,,-0.14099020825968367,1.0715564500197505,1.128945158976058,3.2922273674852898,1.0715564500197505,1.128945158976058,RANGING,MEDIUM,NEUTRAL
2024-06-28,24010.599609375,24174.0,23985.80078125,24085.900390625,354800,13.800000190734863,,23653.82879529301,23577.04571070679,,0.5470484349075377,1.3046321420381757,2.0472240978858025,3.526364129383941,1.3046321420381757,2.0472240978858025,RANGING,LOW,NEUTRAL
2024-07-01,24141.94921875,24164.0,23992.69921875,23992.94921875,0,13.829999923706055,,23700.316454669868,23599.19878945358,,-0.07497161563467802,0.7397976065714129,1.8422290427758004,3.351846880891163,0.7397976065714129,1.8422290427758004,RANGING,LOW,NEUTRAL
2024-07-02,24123.849609375,24236.349609375,24056.400390625,24228.75,0,13.640000343322754,,23740.652945594164,23619.773331411285,,0.6742306607722792,1.2823393213941214,2.02766307428357,3.6770697695996057,1.2823393213941214,2.02766307428357,RANGING,LOW,BULL
2024-07-03,24286.5,24309.150390625,24207.099609375,24291.75,0,13.210000038146973,,23792.6383793471,23645.919475277507,,0.06444070008029268,0.1562564336153871,2.1178416378440756,1.7754687532168134,0.1562564336153871,2.1178416378440756,RANGING,LOW,BULL
2024-07-04,24302.150390625,24401.0,24281.0,24369.94921875,251200,12.859999656677246,,23841.163332802134,23671.65402097741,,0.0892892949850621,0.05678027624387294,0.9412747280514111,-1.014522489932046,0.05678027624387294,0.9412747280514111,RANGING,LOW,BULL
2024-07-05,24323.849609375,24363.0,24168.849609375,24213.349609375,298400,12.699999809265137,,23887.133454380502,23697.23031856163,,-0.013562113637344275,0.7330286287466459,0.7622164813646304,-1.3620328749167632,0.7330286287466459,0.7622164813646304,RANGING,LOW,BULL
2024-07-08,24320.55078125,24344.599609375,24240.55078125,24329.44921875,266300,13.600000381469727,197.875,23928.41129503474,23721.6742582749,,0.4631820986013446,1.0943355678654676,0.6517122141912912,-0.09477902641814584,1.0943355678654676,0.6517122141912912,RANGING,LOW,BULL
2024-07-09,24433.19921875,24443.599609375,24331.900390625,24351.0,250500,14.279999732971191,188.728515625,23976.486335388578,23749.577197901373,0.6931,-0.4450911197766749,0.7358871821911084,-0.08062480305437436,-1.2941376031811225,0.7358871821911084,0.08062480305437436,TRENDING,MEDIUM,BULL
2024-07-10,24324.44921875,24461.05078125,24141.80078125,24459.849609375,292300,14.430000305175781,198.57491629464286,24009.625657613473,23772.121198718967,0.6405,-0.03494426502141934,1.958524883094892,0.33567210460025976,0.17698563639754195,1.958524883094892,0.33567210460025976,RANGING,MEDIUM,BULL
2024-07-11,24315.94921875,24402.650390625,24193.75,24396.55078125,306400,14.0,194.28920200892858,24038.799330102665,23793.447787739795,0.6586,0.7657573644356042,0.883992518413601,2.133991915992639,0.12769717920801948,0.883992518413601,2.133991915992639,TRENDING,MEDIUM,BULL
2024-07-12,24502.150390625,24592.19921875,24331.150390625,24387.94921875,325800,13.729999542236328,199.15708705357142,24082.928002533365,23821.24004667647,0.6763,0.3450669707641296,0.028975454243052035,1.3629384091845997,-1.4821164054398595,0.028975454243052035,1.3629384091845997,TRENDING,LOW,BULL
2024-07-15,24586.69921875,24635.05078125,24522.75,24587.599609375,305400,14.1899995803833,193.19991629464286,24130.906213601615,23851.25805342445,0.6674,0.10697158254551198,-0.43783200234501773,1.1006014271880638,-1.8015806628170927,0.43783200234501773,1.1006014271880638,TRENDING,MEDIUM,BULL
2024-07-16,24613.0,24661.25,24587.650390625,24615.900390625,283200,14.220000267028809,182.84988839285714,24176.819907544315,23881.130286623495,0.6485,0.7632129743428306,-0.8105472717669482,1.3738690554788047,-0.29191731757607364,0.8105472717669482,1.3738690554788047,RANGING,MEDIUM,BULL
2024-07-18,24800.849609375,24837.75,24504.44921875,24543.80078125,350900,14.510000228881836,186.5107421875,24236.251307718667,23917.197711045123,0.6486,-1.0884676251089243,-1.591679342512442,0.8469499414673232,-0.9201266180160927,1.591679342512442,0.8469499414673232,RANGING,MEDIUM,BULL
2024-07-19,24530.900390625,24854.80078125,24508.150390625,24853.80078125,343800,14.829999923706055,197.82868303571428,24264.31312513832,23941.264482793355,0.5762,-0.08825762723847497,1.2390463208034497,0.7614837822927489,0.6846435152220831,1.2390463208034497,0.7614837822927489,RANGING,MEDIUM,BULL
2024-07-22,24509.25,24595.19921875,24362.30078125,24445.75,324200,15.4399995803833,202.228515625,24287.64044655372,23963.538424644594,0.5549,-0.12321559717249908,1.3335765450799286,-1.8509354248905985,1.0646968746493624,1.3335765450799286,1.8509354248905985,RANGING,MEDIUM,BULL
2024-07-23,24479.05078125,24582.55078125,24074.19921875,24568.900390625,436400,12.75,225.68582589285714,24305.870002239077,23983.754595491864,0.553,-0.2677831825905974,1.5451988043985843,-1.9874136638200035,1.3580968548202232,1.5451988043985843,1.9874136638200035,RANGING,LOW,BULL
2024-07-24,24413.5,24504.25,24307.25,24444.94921875,366600,11.760000228881836,226.521484375,24316.120478216308,24000.60735645297,0.52,-0.030312698404566518,2.2022667402257,-0.4751469473856629,1.6779666603518484,2.2022667402257,0.4751469473856629,RANGING,LOW,BULL
2024-07-25,24406.099609375,24426.150390625,24210.80078125,24230.94921875,391800,12.619999885559082,233.33217075892858,24324.68991927904,24016.509013430303,0.5165,1.756732976027453,2.478072248044416,-1.1845383490279193,2.4768398460842,2.478072248044416,1.1845383490279193,RANGING,LOW,BULL
2024-07-26,24834.849609375,24861.150390625,24410.900390625,24423.349609375,383800,12.25,251.96791294642858,24373.276556431036,24048.600801506564,0.5566,0.00503324972633834,-0.47171773724281607,-1.8818298347922258,0.736466672848124,0.47171773724281607,1.8818298347922258,RANGING,LOW,BULL
2024-07-29,24836.099609375,24999.75,24774.599609375,24943.30078125,355000,12.949999809265137,260.61802455357144,24417.3549424257,24079.48310769748,0.5571,0.08536433743000504,-3.1426029540700506,-1.969309259777563,0.8707083777292013,3.1426029540700506,1.969309259777563,RANGING,LOW,BULL
2024-07-30,24857.30078125,24971.75,24798.650390625,24839.400390625,385000,12.880000114440918,264.19308035714283,24459.254546123255,24109.985761562286,0.5474,0.377553501085659,-3.4788572082302904,-2.88969742761378,1.1853597463898913,3.4788572082302904,2.88969742761378,RANGING,LOW,BULL
2024-07-31,24951.150390625,24984.599609375,24856.5,24886.69921875,333600,13.25,250.53948102678572,24506.101769409135,24142.972609760825,0.5717,0.23946791656728195,-2.619720455336594,-3.235924508428145,1.1412299454817587,2.619720455336594,3.235924508428145,RANGING,LOW,BULL
2024-08-01,25010.900390625,25078.30078125,24956.400390625,25030.94921875,431300,12.930000305175781,244.7001953125,24554.177828572552,24177.00899332413,0.5797,-1.172293549195469,-3.5740432238099973,-1.878181083700925,1.070728458162118,3.5740432238099973,1.878181083700925,RANGING,LOW,BULL
2024-08-02,24717.69921875,24851.900390625,24686.849609375,24789.0,345000,14.319999694824219,248.11453683035714,24569.751294303736,24198.212531576126,0.5228,-2.678645789462286,-1.4167953726225035,-0.5868217217198435,2.274282835348096,1.4167953726225035,0.5868217217198435,RANGING,MEDIUM,BULL
2024-08-05,24055.599609375,24350.05078125,23893.69921875,24302.849609375,487000,20.3700008392334,297.47879464285717,24520.784467167665,24192.6198679604,0.4628,-0.26209626510589334,1.2113619920387952,2.6740135787316266,4.751906532936756,1.2113619920387952,2.6740135787316266,RANGING,MEDIUM,BULL
2024-08-06,23992.55078125,24382.599609375,23960.400390625,24189.849609375,312300,18.739999771118164,322.31082589285717,24470.476497080268,24184.774021422738,0.4562,1.2710162480444431,0.6103945348922668,3.2412078423429858,4.803777800173337,0.6103945348922668,3.2412078423429858,RANGING,MEDIUM,BULL
2024-08-07,24297.5,24337.69921875,24184.900390625,24289.400390625,317600,16.170000076293945,323.15708705357144,24454.002544977386,24189.194648033612,0.4666,-0.7428747813561065,-0.6327811503241021,2.115443975717657,2.2827467460644124,0.6327811503241021,2.115443975717657,RANGING,MEDIUM,BULL
2024-08-08,24117.0,24340.5,24079.69921875,24248.55078125,311900,16.600000381469727,317.0249720982143,24421.907064503346,24186.36348536563,0.4719,1.0386864037815746,1.75871953653024,2.9280192006675865,3.3976049700418898,1.75871953653024,2.9280192006675865,RANGING,MEDIUM,BULL
2024-08-09,24367.5,24419.75,24311.19921875,24386.849609375,215100,15.34000015258789,322.01436941964283,24416.72543931255,24193.46687809639,0.4917,-0.08412844977941925,0.8419016748743235,2.6391694239253027,2.7643361418898227,0.8419016748743235,2.6391694239253027,RANGING,MEDIUM,BULL
2024-08-12,24347.0,24472.80078125,24212.099609375,24320.05078125,279900,15.869999885559082,304.32505580357144,24410.084921282785,24199.48778483771,0.4923,-0.8543146999630324,1.4451456416601616,2.754959543270208,2.3471032108678624,1.4451456416601616,2.754959543270208,RANGING,MEDIUM,BULL
2024-08-13,24139.0,24359.94921875,24116.5,24342.349609375,239700,16.170000076293945,307.64285714285717,24384.267309732044,24197.115714844076,0.483,0.019677699987563635,2.614852391358391,3.7837093888520634,5.177929452856378,2.614852391358391,3.7837093888520634,RANGING,MEDIUM,BULL
2024-08-14,24143.75,24196.5,24099.69921875,24184.400390625,303300,15.4399995803833,299.17508370535717,24361.360899281375,24195.022941712938,0.4838,1.6459762490292462,2.765726119596179,4.175818664250586,5.0230390887910925,2.765726119596179,4.175818664250586,RANGING,MEDIUM,BULL
2024-08-16,24541.150390625,24563.900390625,24204.5,24334.849609375,271600,14.399999618530273,296.6821986607143,24378.48370798077,24208.59656716047,0.4818,0.12835584110202358,1.149090387008611,2.830959384305798,3.433415288049746,1.149090387008611,2.830959384305798,RANGING,MEDIUM,BULL
2024-08-19,24572.650390625,24638.80078125,24522.94921875,24636.349609375,243600,14.319999694824219,288.87513950892856,24396.97577299451,24222.873187688492,0.4838,0.5135759339910173,1.7822628482806468,2.8733116570704764,3.4424466924729114,1.7822628482806468,2.8733116570704764,RANGING,MEDIUM,BULL
2024-08-20,24698.849609375,24734.30078125,24607.19921875,24648.900390625,238300,13.819999694824219,288.05733816964283,24425.7256621736,24241.538929715414,0.4909,0.28887826964991703,1.291154833802266,2.3523362795790703,2.7479060061865512,1.291154833802266,2.3523362795790703,RANGING,LOW,BULL
2024-08-21,24770.19921875,24787.94921875,24654.5,24680.55078125,257100,13.329999923706055,288.439453125,24458.53266756183,24262.27070575599,0.4895,0.1667357653657442,1.1390719474368316,1.7299013068721836,2.606364029609032,1.1390719474368316,1.7299013068721836,RANGING,LOW,BULL
2024-08-22,24811.5,24867.349609375,24784.44921875,24863.400390625,220300,13.0,286.29659598214283,24492.148603984515,24283.809109451835,0.4883,0.046955607782672715,1.3721428319529272,1.3445362407553008,3.9475614886242294,1.3721428319529272,1.3445362407553008,RANGING,LOW,BULL
2024-08-23,24823.150390625,24858.400390625,24771.650390625,24845.400390625,206800,13.550000190734863,269.34654017857144,24523.67258366456,24304.959747929213,0.5085,0.7551387144671073,1.6627623549180237,0.11682642832857582,4.495401965765167,1.6627623549180237,0.11682642832857582,RANGING,LOW,BULL
2024-08-26,25010.599609375,25043.80078125,24874.69921875,24906.099609375,210300,13.800000190734863,226.25013950892858,24570.046586113174,24332.631899358457,0.5984,0.02858944102370753,1.071943950014309,-0.2966710910928594,3.717626909278393,1.071943950014309,0.2966710910928594,RANGING,LOW,BULL
2024-08-27,25017.75,25073.099609375,24973.650390625,25024.80078125,223300,13.630000114440918,203.19656808035714,24612.68500648335,24359.499275854207,0.6076,0.138300244326528,1.0476546027320621,0.09333217165812258,3.942802172957194,1.0476546027320621,0.09333217165812258,RANGING,LOW,BULL
2024-08-28,25052.349609375,25129.599609375,24964.650390625,25030.80078125,220400,13.949999809265137,190.3251953125,24654.55782580636,24386.669877168748,0.5858,0.397565940632294,0.5841751837928788,-0.5344823647794428,4.645077966816835,0.5841751837928788,0.5344823647794428,RANGING,LOW,BULL
2024-08-29,25151.94921875,25192.900390625,24998.5,25035.30078125,354000,13.789999961853027,185.58231026785714,24701.928434658133,24416.680831740563,0.63,0.3337760073577778,-0.02723291668342842,0.9420787622231641,4.083182544096431,0.02723291668342842,0.9420787622231641,RANGING,LOW,BULL
2024-08-30,25235.900390625,25268.349609375,25199.400390625,25249.69921875,638200,13.390000343322754,172.27162388392858,24752.78290665498,24448.807088951715,0.6162,0.1695950113232314,-1.5206511123437516,0.4778890687799686,2.2782988118133174,1.5206511123437516,0.4778890687799686,RANGING,LOW,BULL
2024-09-02,25278.69921875,25333.650390625,25235.5,25333.599609375,222800,14.0600004196167,160.66085379464286,24802.87017447355,24481.35187835557,0.6265,0.004550829989491412,-1.3540998496912593,0.4155703596175675,2.049951887914525,1.3540998496912593,0.4155703596175675,RANGING,MEDIUM,BULL
2024-09-03,25279.849609375,25321.69921875,25235.80078125,25313.400390625,212100,13.84000015258789,149.4072265625,24848.29678732131,24512.665514866138,0.6906,-0.3210082017058524,-0.9444280867535682,0.5486629628665307,-0.11768266211903411,0.9444280867535682,0.5486629628665307,TRENDING,LOW,BULL
2024-09-04,25198.69921875,25216.0,25083.80078125,25089.94921875,253800,14.380000114440918,156.49637276785714,24881.668447457374,24539.568797371387,0.6661,-0.21270784221717465,-1.1121605824457426,0.7097650594873439,-0.7305917173614063,1.1121605824457426,0.7097650594873439,TRENDING,MEDIUM,BULL
2024-09-05,25145.099609375,25275.44921875,25127.75,25250.5,222200,14.210000038146973,137.03557477678572,24906.75712954477,24563.31510372447,0.6565,-1.1650350298901935,0.9695757226553248,1.0765563711430781,-1.3893347602598083,0.9695757226553248,1.0765563711430781,TRENDING,MEDIUM,BULL
2024-09-06,24852.150390625,25168.75,24801.30078125,25093.69921875,311700,15.220000267028809,155.0068359375,24901.556487742888,24574.64197772057,0.545,0.3390048695012693,2.0294002790408605,3.7775355990085524,0.6478312639727646,2.0294002790408605,3.7775355990085524,RANGING,MEDIUM,BULL
2024-09-09,24936.400390625,24957.5,24753.150390625,24823.400390625,254400,14.239999771118164,158.05678013392858,24904.87495468404,24588.828582148195,0.5391,0.41986500501236534,1.7939622494318908,4.020830492447303,0.18265999667748112,1.7939622494318908,4.020830492447303,RANGING,MEDIUM,BULL
2024-09-10,25041.099609375,25130.5,24896.80078125,24999.400390625,251300,13.359999656677246,165.21749441964286,24917.848731321275,24606.56470086297,0.5437,-0.4897963449619458,1.5073266660130535,3.5912990854176208,-0.17032155652235703,1.5073266660130535,3.5912990854176208,RANGING,LOW,BULL
2024-09-11,24918.44921875,25113.69921875,24885.150390625,25034.0,279200,13.630000114440918,174.60309709821428,24917.9059206002,24618.795466270305,0.5168,1.887963282727112,1.842416269446434,4.357017414462772,0.18380269513535996,1.842416269446434,4.357017414462772,RANGING,LOW,BULL
2024-09-12,25388.900390625,25433.349609375,24941.44921875,25059.650390625,380100,13.180000305175781,205.18526785714286,24962.762536793038,24648.995659382254,0.5595,-0.12761636040355961,0.10595335052372423,3.257921288038257,-1.0278159662690967,0.10595335052372423,3.257921288038257,RANGING,LOW,BULL
2024-09-13,25356.5,25430.5,25292.44921875,25430.44921875,250800,12.550000190734863,199.28529575892858,25000.26134281275,24676.740927641775,0.5375,0.10746751326089488,1.713364300080844,3.243543938437865,-1.1797779292291866,1.713364300080844,3.243543938437865,RANGING,LOW,BULL
2024-09-16,25383.75,25445.69921875,25336.19921875,25406.650390625,168700,12.460000038146973,200.00320870535714,25036.78407206868,24704.46677361661,0.5397,0.13709866056039743,2.1876231102575527,1.6825709730634797,-1.6248553454473846,2.1876231102575527,1.6825709730634797,RANGING,LOW,BULL
2024-09-17,25418.55078125,25441.650390625,25352.25,25416.900390625,216000,12.59000015258789,194.60686383928572,25073.142806276424,24732.470068033606,0.5396,-0.16129951842196455,2.053026601972685,1.4884782874958091,-2.6307604144303443,2.053026601972685,1.4884782874958091,RANGING,LOW,BULL
2024-09-18,25377.55078125,25482.19921875,25285.55078125,25402.400390625,215700,13.369999885559082,194.76743861607142,25102.134041988193,24757.767350904836,0.5247,0.15072376499098983,2.4691098631864694,-0.5022201432029694,-2.062846822817843,2.4691098631864694,0.5022201432029694,RANGING,LOW,BULL
2024-09-19,25415.80078125,25611.94921875,25376.05078125,25487.05078125,314500,12.470000267028809,203.30301339285714,25132.00706477503,24783.57258346739,0.5199,1.4760441377741573,3.1486318565668414,-1.5785501913871514,-2.497270014577857,3.1486318565668414,1.5785501913871514,RANGING,LOW,BULL
2024-09-20,25790.94921875,25849.25,25426.599609375,25525.94921875,533100,12.789999961853027,227.2529296875,25194.763460391692,24823.077549556907,0.5478,0.5742385099666292,1.5044037220542705,-3.8587149713221525,-5.113614075189588,1.5044037220542705,3.8587149713221525,RANGING,LOW,BULL
2024-09-23,25939.05078125,25956.0,25847.349609375,25872.55078125,209200,13.789999961853027,232.90666852678572,25265.647967140103,24866.841205701734,0.5606,0.0052030021699067674,-0.4942400281187975,-3.5695230270117895,-5.796475722761752,0.4942400281187975,3.5695230270117895,RANGING,LOW,BULL
2024-09-24,25940.400390625,26011.55078125,25886.849609375,25921.44921875,384100,13.390000343322754,227.81040736607142,25329.910102710095,24908.941565894806,0.5692,0.24575565157058943,-0.5531911529471301,-3.694820270474275,-5.940540534435723,0.5531911529471301,3.694820270474275,RANGING,LOW,BULL
2024-09-25,26004.150390625,26032.80078125,25871.349609375,25899.44921875,278500,12.739999771118164,228.79268973214286,25394.123463463897,24951.890931570502,0.5811,0.8148714241454025,-2.8997324270276903,-3.867464065419246,-7.011763822256434,2.8997324270276903,3.867464065419246,RANGING,LOW,BULL
2024-09-26,26216.05078125,26250.900390625,25998.400390625,26005.400390625,370900,12.0,220.58203125,25472.402255634002,25001.465827636366,0.6497,-0.14152231703233875,-4.582883905360335,-4.774940328332367,-7.159355946805612,4.582883905360335,4.774940328332367,RANGING,LOW,BULL
2024-09-27,26178.94921875,26277.349609375,26151.400390625,26248.25,490300,11.960000038146973,214.98200334821428,25539.692442597432,25047.641646895725,0.6331,-1.4060900852023384,-5.283631543772271,-4.014676033090159,-6.539985982893281,5.283631543772271,4.014676033090159,RANGING,LOW,BULL
2024-09-30,25810.849609375,26134.69921875,25794.099609375,26061.30078125,343100,12.789999961853027,225.77845982142858,25565.516934671487,25077.57137091452,0.568,-0.05404401234794243,-3.0905577724968047,-2.9193149834413568,-5.69527939702561,3.0905577724968047,2.9193149834413568,RANGING,LOW,BULL
2024-10-01,25796.900390625,25907.599609375,25739.19921875,25788.44921875,247400,11.989999771118164,221.48214285714286,25587.553454286106,25105.780352079637,0.5798,-2.119637526098739,-3.1591050069378346,-3.2003829796351635,-6.169542685943751,3.1591050069378346,3.2003829796351635,RANGING,LOW,BULL
2024-10-03,25250.099609375,25639.44921875,25230.30078125,25452.849609375,423400,13.170000076293945,225.17494419642858,25555.414992866004,25111.439930797103,0.4897,-0.9326695880144675,-0.9966312787596521,-1.9811803032027009,-3.745529778618606,0.9966312787596521,1.9811803032027009,RANGING,LOW,BULL
2024-10-04,25014.599609375,25485.05078125,24966.80078125,25181.900390625,374900,14.130000114440918,252.33203125,25503.90876586686,25107.64227113349,0.4742,-0.8748875168602677,-0.20128089260372795,-0.6418204993568155,-4.0746204853025265,0.20128089260372795,0.6418204993568155,RANGING,MEDIUM,BULL
2024-10-07,24795.75,25143.0,24694.349609375,25084.099609375,374300,15.079999923706055,276.5570591517857,25436.465073879543,25095.411201677274,0.4557,0.8767647303469239,1.3397425718117084,-0.05908428107639363,-2.3489881078410657,1.3397425718117084,0.05908428107639363,RANGING,MEDIUM,BULL
2024-10-08,25013.150390625,25044.0,24756.80078125,24832.19921875,333200,14.59000015258789,290.685546875,25396.14938976006,25092.18528751836,0.4713,-0.12473907279866303,0.17670392597393114,-2.1630653188443927,-2.1152857641367206,0.17670392597393114,2.1630653188443927,RANGING,MEDIUM,BULL
2024-10-09,24981.94921875,25234.05078125,24947.69921875,25065.80078125,290600,14.119999885559082,297.09291294642856,25356.70175442577,25087.862304429407,0.4719,0.06604768849507447,-0.04262452623996493,-2.1873762289928433,-3.132660316143887,0.04262452623996493,2.1873762289928433,RANGING,MEDIUM,BULL
2024-10-10,24998.44921875,25134.05078125,24979.400390625,25067.05078125,261400,13.5,291.2894810267857,25322.58246531379,25084.35590891257,0.4703,-0.13680536120755926,-0.9944601251046348,-2.3963439607113113,-3.4012109813686853,0.9944601251046348,2.3963439607113113,RANGING,LOW,BULL
2024-10-11,24964.25,25028.650390625,24920.05078125,24985.30078125,210500,13.220000267028809,268.0859375,25288.455563855332,25079.64587326894,0.4321,0.6557345754428789,-0.44142811720760955,-3.1382846220094684,-3.2965108855663616,0.44142811720760955,3.1382846220094684,RANGING,LOW,BULL
2024-10-14,25127.94921875,25159.75,25017.5,25023.44921875,206400,13.0,270.26088169642856,25273.16924527387,25081.540122111335,0.4343,-0.2809604904896901,-1.3803339315736407,-3.1391293466018877,-4.952652479380914,1.3803339315736407,3.1391293466018877,RANGING,LOW,BULL
2024-10-15,25057.349609375,25212.05078125,25008.150390625,25186.30078125,257200,13.0,275.91796875,25252.614994235882,25080.59147455305,0.4281,-0.34340754096676696,-2.335642073577615,-2.3565940101624716,-5.979478482290979,2.335642073577615,2.3565940101624716,RANGING,LOW,BULL
2024-10-16,24971.30078125,25093.400390625,24908.44921875,25008.55078125,226800,13.050000190734863,277.59654017857144,25225.823164427704,25076.305565011757,0.4145,-0.8868227322834543,-2.1456662828406303,-2.5247029676098487,-5.761019720607397,2.1456662828406303,2.5247029676098487,RANGING,LOW,BULL
2024-10-17,24749.849609375,25029.5,24728.900390625,25027.400390625,252800,13.390000343322754,281.0322265625,25180.49234966078,25063.50337067306,0.3704,0.4210173941240125,-1.4159650433481996,-2.2000133681367884,-5.236592741291124,1.4159650433481996,2.2000133681367884,RANGING,LOW,NEUTRAL
2024-10-18,24854.05078125,24886.19921875,24567.650390625,24664.94921875,290900,13.039999961853027,294.78934151785717,25149.4026764788,25055.289543636864,0.3873,-0.293518237799828,-2.7088139713140946,-2.2117166200114835,-5.3735738813954,2.7088139713140946,2.2117166200114835,RANGING,LOW,NEUTRAL
2024-10-21,24781.099609375,24978.30078125,24679.599609375,24956.150390625,242000,13.760000228881836,288.63588169642856,25114.326193897487,25044.53699719522,0.405,-1.2469180337869368,-1.78341246238648,-3.1707632525827867,-5.775366070553867,1.78341246238648,3.1707632525827867,RANGING,LOW,NEUTRAL
2024-10-22,24472.099609375,24882.0,24445.80078125,24798.650390625,279500,14.399999618530273,307.76436941964283,25053.1617572763,25022.088472182662,0.3828,-0.1495564743491773,-0.02145300192382127,-1.0575260490761407,-2.3081370964942116,0.02145300192382127,1.0575260490761407,RANGING,MEDIUM,NEUTRAL
2024-10-23,24435.5,24604.25,24378.099609375,24378.150390625,284600,14.619999885559082,283.44656808035717,24994.336828011892,24999.085002685304,0.4058,-0.14773427748562273,-0.38734787757566114,0.1986895346933748,-0.874136438276274,0.38734787757566114,0.1986895346933748,RANGING,MEDIUM,NEUTRAL
2024-10-24,24399.400390625,24480.650390625,24341.19921875,24412.69921875,216700,13.970000267028809,256.38950892857144,24937.67621492743,24975.567959075095,0.4244,-0.8959220549493163,-0.7953096311520857,-0.819900399383855,-0.8397763360763921,0.7953096311520857,0.819900399383855,RANGING,LOW,NEUTRAL
2024-10-25,24180.80078125,24440.25,24073.900390625,24418.05078125,372600,14.630000114440918,250.51088169642858,24865.592840291483,24944.40061876823,0.424,0.6548567634608204,0.510937703191372,-0.134824163992453,0.38915009567410674,0.510937703191372,0.134824163992453,RANGING,MEDIUM,NEUTRAL
2024-10-28,24339.150390625,24492.599609375,24134.900390625,24251.099609375,278600,14.289999961853027,255.54659598214286,24815.45546413277,24920.665315703794,0.413,0.5246658848009123,-1.4125422446234048,-0.8128862602007958,-1.7461579109339098,1.4125422446234048,0.8128862602007958,RANGING,MEDIUM,NEUTRAL
2024-10-29,24466.849609375,24484.5,24140.849609375,24328.849609375,332000,14.520000457763672,259.63936941964283,24782.254906536793,24902.868621337962,0.4375,-0.5149825253829232,-1.0362953636166017,-2.3844524323289207,-1.3722649436294865,1.0362953636166017,2.3844524323289207,RANGING,MEDIUM,NEUTRAL
2024-10-30,24340.849609375,24498.19921875,24307.30078125,24371.44921875,285200,15.510000228881836,262.228515625,24740.2163068071,24880.828660084517,0.4205,-0.5566773640794054,0.5883162427487543,-3.2118797850995584,-0.2662143235133474,0.5883162427487543,3.2118797850995584,RANGING,MEDIUM,BEAR
2024-10-31,24205.349609375,24372.44921875,24172.599609375,24349.849609375,287000,15.550000190734863,268.74637276785717,24689.276621337376,24854.33928554689,0.409,0.4090004961616156,-0.024787908858281416,-2.778932762716535,1.0402691360114735,0.024787908858281416,2.778932762716535,RANGING,MEDIUM,BEAR
2024-11-01,24304.349609375,24368.25,24280.19921875,24302.75,38800,15.899999618530273,266.41782924107144,24652.616905912386,24832.771062951913,0.3975,-1.27137736646451,-0.6424791987223899,-3.499574527996896,0.6710716887979862,0.6424791987223899,3.499574527996896,RANGING,MEDIUM,BEAR
2024-11-04,23995.349609375,24316.75,23816.150390625,24315.75,285500,16.690000534057617,287.61063058035717,24590.020020527874,24799.931005948896,0.38,0.908305881860727,0.6082477407121312,-1.9872584360625223,2.971620721756052,0.6082477407121312,1.9872584360625223,RANGING,MEDIUM,BEAR
2024-11-05,24213.30078125,24229.05078125,23842.75,23916.5,289500,16.1200008392334,301.9927455357143,24554.141997739505,24776.925899097958,0.4241,1.1181870759630508,-1.362274253642548,-3.565810371849798,1.918367116472175,1.362274253642548,3.565810371849798,RANGING,MEDIUM,BEAR
2024-11-06,24484.05078125,24537.599609375,24204.05078125,24308.75,351100,14.869999885559082,304.3462611607143,24547.466643788124,24765.440600358823,0.4759,-1.1628025706147627,-3.7779696189340073,-2.3558225164755697,0.5511719443636487,3.7779696189340073,2.3558225164755697,RANGING,MEDIUM,BEAR
2024-11-07,24199.349609375,24503.349609375,24179.05078125,24489.599609375,322200,14.9399995803833,304.75697544642856,24514.312640510685,24743.240953653574,0.442,-0.2113709312467793,-2.7548277180422076,0.09318755096321407,1.6971578926893605,2.7548277180422076,0.09318755096321407,RANGING,MEDIUM,BEAR
2024-11-08,24148.19921875,24276.150390625,24066.650390625,24207.69921875,298700,14.470000267028809,298.38546316964283,24479.444695581096,24719.905983657358,0.4438,-0.028567088740283353,-2.875570270104577,0.19173595857222558,2.04405122729292,2.875570270104577,0.19173595857222558,RANGING,MEDIUM,BEAR
2024-11-11,24141.30078125,24336.80078125,24004.599609375,24087.25,273400,14.270000457763672,290.95703125,24447.24051326385,24697.21558356295,0.4684,-1.0680930776533315,-2.579814513283041,0.553406838287529,1.687557937293982,2.579814513283041,0.553406838287529,RANGING,MEDIUM,BEAR
2024-11-12,23883.44921875,24242.0,23839.150390625,24225.80078125,255800,14.59000015258789,303.57840401785717,24393.54610426253,24665.303177099697,0.4494,-1.3582562322921432,-2.233968901385197,0.1285458042253662,3.7048734225763935,2.233968901385197,0.1285458042253662,RANGING,MEDIUM,BEAR
2024-11-13,23559.05078125,23873.599609375,23509.599609375,23822.44921875,304600,15.4399995803833,320.32114955357144,24314.070359213714,24621.92073020363,0.4278,-0.11185324376894457,1.4779849238540699,2.428148881873793,4.7081659997642245,1.4779849238540699,2.428148881873793,RANGING,MEDIUM,BEAR
2024-11-14,23532.69921875,23675.900390625,23484.150390625,23542.150390625,257700,14.779999732971191,307.84974888392856,24239.654060121935,24579.20616112702,0.4428,-0.33527151631265184,2.9286957924736123,3.1588028028154413,3.4135513898463365,2.9286957924736123,3.1588028028154413,RANGING,MEDIUM,BEAR
2024-11-18,23453.80078125,23606.80078125,23350.400390625,23605.30078125,263300,15.170000076293945,300.61411830357144,24164.81089070556,24535.072616818117,0.418,0.2758581406631766,3.1581201940716896,4.277982996159513,3.1766656290549866,3.1581201940716896,4.277982996159513,RANGING,MEDIUM,BEAR
2024-11-19,23518.5,23780.650390625,23464.80078125,23529.55078125,297500,15.65999984741211,299.4140625,24103.257472543126,24495.20702400172,0.4106,-0.7168807933116472,3.2161931697387125,4.034905367051467,1.8419508844101484,3.2161931697387125,4.034905367051467,RANGING,MEDIUM,BEAR
2024-11-21,23349.900390625,23507.30078125,23263.150390625,23488.44921875,420300,15.989999771118164,304.01771763392856,24031.509179027114,24450.293038379106,0.4068,2.3869464111237804,2.41649853130228,5.81801197124352,1.0175615544398386,2.41649853130228,5.81801197124352,RANGING,MEDIUM,BEAR
2024-11-22,23907.25,23956.099609375,23359.0,23411.80078125,367600,16.100000381469727,333.04268973214283,24019.674971500724,24428.997232952475,0.4803,1.3161295867362366,0.9363252125401234,3.2230841324284443,-0.6433227629693894,0.9363252125401234,3.2230841324284443,RANGING,MEDIUM,BEAR
2024-11-25,24221.900390625,24351.55078125,24135.44921875,24253.55078125,687200,15.300000190734863,353.14271763392856,24038.934535226846,24420.875788155317,0.4959,-0.11312238174179257,0.22355962889666348,1.639423839463472,-2.0405087628520557,0.22355962889666348,1.639423839463472,RANGING,MEDIUM,BEAR
2024-11-26,24194.5,24343.30078125,24125.400390625,24343.30078125,230700,15.3100004196167,332.94991629464283,24053.75029377667,24411.998306266873,0.5152,0.3323085437806128,1.0855789151460016,1.7175423391679878,-1.836370998574055,1.0855789151460016,1.7175423391679878,RANGING,MEDIUM,BEAR
2024-11-27,24274.900390625,24354.55078125,24145.650390625,24204.80078125,295000,14.630000114440918,320.27845982142856,24074.812207762225,24406.621917418175,0.5056,-1.4861029054492936,0.7932013109283931,1.5114393250680314,-1.901140653818012,0.7932013109283931,1.5114393250680314,RANGING,MEDIUM,BEAR
2024-11-28,23914.150390625,24345.75,23873.349609375,24274.150390625,366700,15.210000038146973,330.19642857142856,24059.511082320587,24387.309308524327,0.4614,0.9072001940535257,3.3212553531124733,2.6534450012230426,-1.1259024284866692,3.3212553531124733,2.6534450012230426,RANGING,MEDIUM,BEAR
2024-11-29,24131.099609375,24188.44921875,23927.150390625,23927.150390625,282100,14.430000305175781,326.625,24066.32903727815,24377.261869342,0.4964,0.6006820004948565,2.265546041103761,2.6405807534251258,-2.0152369183212504,2.265546041103761,2.6405807534251258,RANGING,MEDIUM,BEAR
2024-12-02,24276.05078125,24301.69921875,24008.650390625,24140.849609375,220400,14.699999809265137,332.5927734375,24086.30253670404,24373.292807063885,0.5101,0.7460011144599932,1.4127059703421097,1.6155808137167105,-2.1961990252417296,1.4127059703421097,1.6155808137167105,RANGING,MEDIUM,BEAR
2024-12-03,24457.150390625,24481.349609375,24280.0,24367.5,339500,14.369999885559082,323.5283203125,24121.621379934608,24376.581339752556,0.5228,0.04210968146538541,0.6251766382546764,-0.49535775300887375,-1.0978384468818714,0.6251766382546764,0.49535775300887375,RANGING,MEDIUM,BEAR
2024-12-04,24467.44921875,24573.19921875,24366.30078125,24488.75,348000,14.449999809265137,309.5318080357143,24154.557364583696,24380.14478598775,0.5434,0.9847825562885104,0.712585774435337,-1.0977834549633636,-1.891080735933115,0.712585774435337,1.0977834549633636,RANGING,MEDIUM,BEAR
2024-12-05,24708.400390625,24857.75,24295.55078125,24539.150390625,361500,14.529999732971191,322.9853515625,24207.30431944477,24393.017554797058,0.5916,-0.12384293961259507,-0.6463436294953162,-3.0625259422383033,-4.420964498330959,0.6463436294953162,3.0625259422383033,RANGING,MEDIUM,BEAR
2024-12-06,24677.80078125,24751.05078125,24620.5,24729.44921875,226700,14.140000343322754,318.61397879464283,24252.113506283364,24404.18552446188,0.5913,-0.23827399277279726,0.3667263578396307,-4.418144027154969,-3.9302545604546824,0.3667263578396307,4.418144027154969,RANGING,MEDIUM,BEAR
2024-12-09,24619.0,24705.0,24580.05078125,24633.900390625,248100,14.109999656677246,309.224609375,24287.05507711352,24412.609621541807,0.5937,-0.03635086213900074,0.20004874284089702,-3.5157836681018684,-3.7777764379138046,0.20004874284089702,3.5157836681018684,RANGING,MEDIUM,BEAR
2024-12-10,24610.05078125,24677.80078125,24510.650390625,24652.650390625,261000,13.779999732971191,297.81752232142856,24317.816572745563,24420.352412118602,0.5872,0.12901233029631864,-1.1135725955461862,-3.5855285243754365,-4.4028790955423,1.1135725955461862,3.5855285243754365,RANGING,LOW,NEUTRAL
2024-12-11,24641.80078125,24691.75,24583.849609375,24620.5,187300,13.270000457763672,287.28543526785717,24348.672211650744,24429.036661888462,0.6085,-0.3778196379659149,-1.7975600720384177,-3.6182484000050086,-4.911576032912823,1.7975600720384177,3.6182484000050086,RANGING,LOW,NEUTRAL
2024-12-12,24548.69921875,24675.25,24527.94921875,24604.44921875,266100,13.1899995803833,254.50697544642858,24367.722402803054,24433.72931117715,0.5678,0.8945547808588916,-2.4319007483053046,-2.9952659469768883,-5.958564186907179,2.4319007483053046,2.9952659469768883,RANGING,LOW,NEUTRAL
2024-12-13,24768.30078125,24792.30078125,24180.80078125,24498.349609375,310100,13.050000190734863,266.4497767857143,24405.872724559908,24446.84976098393,0.5609,-0.4039468921733236,-4.767387119845889,-4.535637711067498,-6.428579877410723,4.767387119845889,4.535637711067498,RANGING,LOW,NEUTRAL
2024-12-16,24668.25,24781.25,24601.75,24753.400390625,187600,14.020000457763672,263.70689174107144,24430.861036506583,24455.532123298282,0.552,-1.3468730047733413,-3.7084137758049307,-4.148852142936777,-5.898475900195599,3.7084137758049307,4.148852142936777,RANGING,MEDIUM,NEUTRAL
2024-12-17,24336.0,24624.099609375,24303.44921875,24584.80078125,264900,14.489999771118164,274.84263392857144,24421.826652077387,24450.844589051292,0.5067,-0.5635699812006956,-2.4997929379314554,-2.4371285723824743,-4.208576671392173,2.4997929379314554,2.4371285723824743,RANGING,MEDIUM,NEUTRAL
2024-12-18,24198.849609375,24394.44921875,24149.849609375,24297.94921875,235300,14.369999885559082,258.57114955357144,24400.590743248587,24440.962432985554,0.5321,-1.0213311567061067,-1.8540153679503235,-0.042147535583880735,-4.114453400459461,1.8540153679503235,0.042147535583880735,RANGING,MEDIUM,NEUTRAL
2024-12-19,23951.69921875,24004.900390625,23870.30078125,23877.150390625,271100,14.510000228881836,262.44614955357144,24357.839169486815,24421.775640270436,0.4816,-1.520556915080562,-0.5774071679087278,0.22149067907661912,-2.534054946192976,0.5774071679087278,0.22149067907661912,RANGING,MEDIUM,NEUTRAL
2024-12-20,23587.5,24065.80078125,23537.349609375,23960.69921875,442700,15.069999694824219,279.26060267857144,24284.473534297595,24389.058948495127,0.4339,0.7035472972972912,0.24335088765234936,0.12104199788023351,-2.3862198595654527,0.24335088765234936,0.12104199788023351,RANGING,MEDIUM,NEUTRAL
2024-12-23,23753.44921875,23869.55078125,23647.19921875,23738.19921875,189800,13.520000457763672,284.74288504464283,24233.89978995973,24364.133076740418,0.4326,-0.10861087115143775,-0.45740067684248986,-0.1917566905990431,-2.5179484624190285,0.45740067684248986,0.1917566905990431,RANGING,LOW,BEAR
2024-12-24,23727.650390625,23867.650390625,23685.150390625,23769.099609375,177700,13.180000305175781,283.00013950892856,24185.68556145166,24339.17297140256,0.4288,0.09503186263191132,0.06427100765959981,-0.1631057910828404,-2.2012326237593527,0.06427100765959981,0.1631057910828404,RANGING,LOW,BEAR
2024-12-26,23750.19921875,23854.5,23653.599609375,23775.80078125,177700,14.039999961853027,257.19308035714283,24144.210671670553,24316.07596149462,0.3979,0.2661079652128029,1.8460947120344962,-0.9418835467005171,-2.7705030763722216,1.8460947120344962,0.9418835467005171,RANGING,MEDIUM,BEAR
2024-12-27,23813.400390625,23938.849609375,23800.599609375,23801.400390625,176800,13.239999771118164,261.34305245535717,24112.704930618595,24296.363194009537,0.4099,-0.7075847935867907,0.8035375302820391,-1.6037205286119072,-4.133177050966164,0.8035375302820391,1.6037205286119072,RANGING,LOW,BEAR
2024-12-30,23644.900390625,23915.349609375,23599.30078125,23796.900390625,364900,13.970000267028809,274.99302455357144,24068.15211728587,24270.815633092494,0.3995,-0.0004212721278373799,-0.12201197255387042,-2.3639396345125574,-2.908239744150698,0.12201197255387042,2.3639396345125574,RANGING,LOW,BEAR
2024-12-31,23644.80078125,23689.849609375,23460.44921875,23560.599609375,193600,14.449999809265137,279.439453125,24027.832942425313,24246.266031059455,0.4005,0.41488871182535636,0.2668646268529251,-1.9824654237379447,-2.0372392913412973,0.2668646268529251,1.9824654237379447,RANGING,MEDIUM,BEAR
2025-01-01,23742.900390625,23822.80078125,23562.80078125,23637.650390625,154900,14.449999809265137,290.3037109375,24000.69650892052,24226.526202022807,0.4098,1.8774033191665485,-0.22723075524632153,-2.230987634872761,-2.0780965362589887,0.22723075524632153,2.230987634872761,RANGING,MEDIUM,BEAR
2025-01-02,24188.650390625,24226.69921875,23751.55078125,23783.0,283200,13.739999771118164,314.3392857142857,24018.59687860666,24225.04087608564,0.4725,-0.7602755327609123,-2.737442477905405,-3.625045611122013,-2.812269345393703,2.737442477905405,3.625045611122013,RANGING,LOW,BEAR
2025-01-03,24004.75,24196.44921875,23976.0,24196.400390625,312300,13.539999961853027,286.40708705357144,24017.27812826317,24216.40201819993,0.4384,-1.6192595996625703,-2.388069028004869,-3.3391340515939505,-2.177067494454221,2.388069028004869,3.3391340515939505,RANGING,LOW,BEAR
2025-01-06,23616.05078125,24089.94921875,23551.900390625,24045.80078125,278100,15.649999618530273,312.01771763392856,23979.065999976203,24192.85883243719,0.4207,0.38892874268343647,-2.2446664237395497,-1.1487982633633265,-1.0797741009367146,2.2446664237395497,1.1487982633633265,RANGING,MEDIUM,BEAR
2025-01-07,23707.900390625,23795.19921875,23637.80078125,23679.900390625,262300,14.65999984741211,298.7568359375,23953.240703847518,24173.840854326907,0.4511,-0.07993610384197103,-2.243343360702299,-2.8819506946729967,0.13223275304208304,2.243343360702299,2.8819506946729967,RANGING,MEDIUM,BEAR
2025-01-08,23688.94921875,23751.849609375,23496.150390625,23746.650390625,266400,14.470000267028809,299.54966517857144,23928.07008621918,24154.82549606899,0.4601,-0.6857594959147506,-2.0083204012419476,-2.2525254474041856,0.03103372138677507,2.0083204012419476,2.2525254474041856,RANGING,MEDIUM,BEAR
2025-01-09,23526.5,23689.5,23503.05078125,23674.75,269200,14.65999984741211,289.39969308035717,23889.825316103066,24130.185280536873,0.4658,-0.4037999702463213,-0.9125846120332404,-1.3650580860944062,0.32665126293753843,0.9125846120332404,1.3650580860944062,RANGING,MEDIUM,BEAR
2025-01-10,23431.5,23596.599609375,23344.349609375,23551.900390625,261000,14.920000076293945,269.67103794642856,23846.17528599801,24102.78585777072,0.4865,-1.4747275302477436,-0.9743327625205356,-1.4480540351663351,0.5481903367261953,0.9743327625205356,1.4480540351663351,RANGING,MEDIUM,BEAR
2025-01-13,23085.94921875,23340.94921875,23047.25,23195.400390625,316500,16.0,276.97098214285717,23773.77280340296,24062.90991114246,0.4427,0.3902874499386977,1.121031579848597,-1.1123598414417013,1.2806507881637286,1.121031579848597,1.1123598414417013,RANGING,MEDIUM,BEAR
2025-01-14,23176.05078125,23264.94921875,23134.150390625,23165.900390625,311200,15.470000267028809,276.72098214285717,23716.84689653125,24028.131121734914,0.4537,0.16028803979861728,-0.6532622492676166,-0.9440813851987917,-0.4498177924443514,0.6532622492676166,0.9440813851987917,RANGING,MEDIUM,BEAR
2025-01-15,23213.19921875,23293.650390625,23146.44921875,23250.44921875,228000,15.260000228881836,272.8853236607143,23668.880451028275,23996.17300789237,0.4551,0.4247650725383689,-0.24920998105367742,-0.21582380309963511,-0.7235074199266056,0.24920998105367742,0.21582380309963511,RANGING,MEDIUM,BEAR
2025-01-16,23311.80078125,23391.650390625,23272.05078125,23377.25,299400,15.470000267028809,272.1568080357143,23634.872863430344,23969.334881357376,0.4586,-0.46586517926727744,-0.4566407068844702,-0.26724997281252216,-1.2028259560734167,0.4566407068844702,0.26724997281252216,RANGING,MEDIUM,BEAR
2025-01-17,23203.19921875,23292.099609375,23100.349609375,23277.099609375,272900,15.75,264.685546875,23593.7610877465,23939.29034556885,0.463,0.6100485537167577,-0.4783823082047389,1.3153409105256975,-1.1806527891577434,0.4783823082047389,1.3153409105256975,RANGING,MEDIUM,BEAR
2025-01-20,23344.75,23391.099609375,23170.650390625,23290.400390625,301500,16.420000076293945,264.04617745535717,23570.04574605636,23915.975037899487,0.4759,-1.3711845677293555,-2.2086319595412296,0.5885708376615728,-1.6502639779822026,2.2086319595412296,0.5885708376615728,RANGING,MEDIUM,BEAR
2025-01-21,23024.650390625,23426.30078125,22976.849609375,23421.650390625,312900,17.059999465942383,277.57840401785717,23518.103331253373,23881.021130163233,0.4438,0.5676490914416465,-0.29273143991990214,1.461044510634446,-0.3446289434531846,0.29273143991990214,1.461044510634446,RANGING,MEDIUM,BEAR
2025-01-22,23155.349609375,23169.55078125,22981.30078125,23099.150390625,276000,16.770000457763672,256.4677734375,23483.55535774115,23852.563423465657,0.4016,0.21593282262408753,0.03346958750674034,2.521665189579325,-0.9606817539042245,0.03346958750674034,2.521665189579325,RANGING,MEDIUM,BEAR
2025-01-23,23205.349609375,23270.80078125,23090.650390625,23128.30078125,275600,16.700000762939453,253.58928571428572,23457.059572182465,23827.18248957975,0.4238,-0.48760476583936674,0.1902595365646409,2.1156809965778622,-1.2591890390306837,0.1902595365646409,2.1156809965778622,RANGING,MEDIUM,BEAR
2025-01-24,23092.19921875,23347.30078125,23050.0,23183.900390625,264300,16.75,236.39299665178572,23422.31096709366,23798.35961621388,0.4421,-1.1391241935562957,1.8023453198734662,2.2135197509034255,-1.2831122116962135,1.8023453198734662,2.2135197509034255,RANGING,MEDIUM,BEAR
2025-01-27,22829.150390625,23007.44921875,22786.900390625,22940.150390625,257400,18.1299991607666,245.40373883928572,23365.819483620453,23760.351411288826,0.4059,0.5611229817278129,2.860378020323351,3.2011652454009276,-1.2081079520298799,2.860378020323351,3.2011652454009276,RANGING,MEDIUM,BEAR
2025-01-28,22957.25,23137.94921875,22857.650390625,22960.44921875,361900,18.200000762939453,249.19656808035714,23326.90810422803,23728.857238297107,0.4255,0.8966649288351114,1.7589248766729515,1.8484339778283454,-1.7846180128281874,1.7589248766729515,1.8484339778283454,RANGING,MEDIUM,BEAR
2025-01-29,23163.099609375,23183.349609375,22976.5,23026.75,226300,18.639999389648438,252.02873883928572,23311.30729519441,23706.67066461389,0.4656,0.3730087599762788,2.4873630919059364,-0.3941563506813517,-2.6682475080962442,2.4873630919059364,0.3941563506813517,RANGING,MEDIUM,BEAR
2025-01-30,23249.5,23322.05078125,23139.19921875,23169.5,361900,17.389999389648438,247.07170758928572,23305.420886128275,23688.74240325648,0.4833,1.1135740150325812,1.9217651186046902,-0.87851351641971,-4.837956864663761,1.9217651186046902,0.87851351641971,RANGING,MEDIUM,BEAR
2025-01-31,23508.400390625,23546.80078125,23277.400390625,23296.75,304900,16.25,240.86104910714286,23324.752267508917,23681.670167467015,0.5451,-0.11166221250199504,0.40389485108422996,-2.029061918607722,-5.908949934037045,0.40389485108422996,2.029061918607722,RANGING,MEDIUM,BEAR
2025-02-01,23482.150390625,23632.44921875,23318.30078125,23528.599609375,281000,16.25,250.51450892857142,23339.742564948545,23673.84586249282,0.5329,-0.5157091976693451,0.3313104925691146,-2.3545560411951882,-5.959845996722413,0.3313104925691146,2.3545560411951882,RANGING,MEDIUM,BEAR
2025-02-03,23361.05078125,23381.599609375,23222.0,23319.349609375,329700,14.350000381469727,258.58231026785717,23341.77191888202,23661.579388718594,0.516,1.6189306820631133,0.08796191711331058,-1.718890066247758,-4.382294313668799,0.08796191711331058,1.718890066247758,RANGING,MEDIUM,BEAR
2025-02-04,23739.25,23762.75,23423.150390625,23509.900390625,376700,14.020000457763672,274.52859933035717,23379.626974226587,23664.625295043355,0.5389,-0.1809207062143936,-2.811585112208681,-3.3444578862011243,-5.031965126320337,2.811585112208681,3.3444578862011243,RANGING,MEDIUM,BEAR
2025-02-05,23696.30078125,23807.30078125,23680.44921875,23801.75,267000,14.079999923706055,268.4857700892857,23409.78638441929,23665.86747097303,0.5455,-0.39226026346081966,-2.7474785505978705,-3.2216015388741637,-4.8269170441786695,2.7474785505978705,3.2216015388741637,RANGING,MEDIUM,BEAR
2025-02-06,23603.349609375,23773.55078125,23556.25,23761.94921875,307000,14.180000305175781,268.26088169642856,23428.220977272216,23663.41579012605,0.5243,-0.18387386257991967,-2.423169711992179,-2.924157927465776,-4.842739895150272,2.423169711992179,2.924157927465776,RANGING,MEDIUM,BEAR
2025-02-07,23559.94921875,23694.5,23443.19921875,23649.5,368100,13.6899995803833,254.10728236607142,23440.766524079623,23659.358277523068,0.5563,-0.7570033692307909,-2.676997360622757,-3.2429986203745154,-4.5078570342578566,2.676997360622757,3.2429986203745154,RANGING,LOW,BEAR
2025-02-10,23381.599609375,23568.599609375,23316.30078125,23543.80078125,234200,14.449999809265137,258.6821986607143,23435.131579822042,23648.46578073295,0.5235,-1.3249684936046169,-1.8052640385038399,-3.542315384050576,-3.896652173488113,1.8052640385038399,3.542315384050576,RANGING,MEDIUM,BEAR
2025-02-11,23071.80078125,23390.05078125,22986.650390625,23383.55078125,268000,14.869999885559082,274.62862723214283,23400.528646624705,23625.851467027736,0.4889,-0.11507892904301098,-0.5482883681225403,-2.2722543635434245,-2.9239224492967897,0.5482883681225403,2.2722543635434245,RANGING,MEDIUM,BEAR
2025-02-12,23045.25,23144.69921875,22798.349609375,23050.80078125,279700,14.899999618530273,278.13211495535717,23366.6925850414,23603.08278204626,0.4967,-0.06009745771905495,-0.4875174249574177,-2.170508971480023,-2.328028552521666,0.4875174249574177,2.170508971480023,RANGING,MEDIUM,BEAR
2025-02-13,23031.400390625,23235.5,22992.19921875,23055.75,265700,14.960000038146973,273.7036830357143,23334.75999509698,23580.663864735623,0.5211,-0.4435266153706374,-0.5134294832029984,-3.936804347529277,-0.8557864742572474,0.5134294832029984,3.936804347529277,RANGING,MEDIUM,BEAR
2025-02-14,22929.25,23133.69921875,22774.849609375,23096.44921875,254500,15.020000457763672,277.2787388392857,23296.139995563935,23555.118222981288,0.4981,0.13192755977626813,-0.5815698698169336,-3.532384263549837,-0.09442258523502112,0.5815698698169336,3.532384263549837,RANGING,MEDIUM,BEAR
2025-02-17,22959.5,22974.19921875,22725.44921875,22809.900390625,207400,15.720000267028809,278.89662388392856,23264.079043605467,23531.760645609473,0.4794,-0.06184463402948426,-1.768986217578783,-3.8191145685881667,1.0067744969402659,1.768986217578783,3.8191145685881667,RANGING,MEDIUM,BEAR
2025-02-18,22945.30078125,22992.5,22801.5,22963.650390625,210600,15.670000076293945,279.47865513392856,23233.719209095423,23508.762219556163,0.4683,-0.05404326900405598,-1.733470412055027,-2.649780039043259,1.765501412411341,1.733470412055027,2.649780039043259,RANGING,MEDIUM,BEAR
2025-02-19,22932.900390625,23049.94921875,22814.849609375,22847.25,207000,15.420000076293945,275.0357142857143,23205.069797812524,23486.17940273533,0.4312,-0.08612081186238907,-1.6912366197410988,-1.6927696246990975,3.1633557308196503,1.6912366197410988,1.6927696246990975,RANGING,MEDIUM,BEAR
2025-02-20,22913.150390625,22923.849609375,22812.75,22821.099609375,240800,14.680000305175781,261.1787109375,23177.26794950895,23463.707676770224,0.4319,-0.5117148798882476,-3.4410421894564003,-1.5739886679771553,3.2972331919451703,3.4410421894564003,1.5739886679771553,RANGING,MEDIUM,BEAR
2025-02-21,22795.900390625,22921.0,22720.30078125,22857.19921875,242800,14.529999732971191,256.9321986607143,23140.94722961524,23437.51915574492,0.432,-1.0640105330068539,-2.968075828464567,-1.4721928224998626,3.0310240302425573,2.968075828464567,1.4721928224998626,RANGING,MEDIUM,BEAR
2025-02-24,22553.349609375,22668.05078125,22518.80078125,22609.349609375,214300,14.4399995803833,248.0322265625,23084.985551497124,23402.845840201004,0.2846,-0.025711604818956513,-2.0870479414478615,-0.2458580198080651,4.605079189404626,2.0870479414478615,0.2458580198080651,RANGING,MEDIUM,BEAR
2025-02-25,22547.55078125,22625.30078125,22513.900390625,22516.44921875,250300,13.720000267028809,246.92857142857142,23033.801287664064,23369.30485749704,0.2946,-0.011087678764998277,-0.9324737841364117,-0.341725724436881,4.309997292180956,0.9324737841364117,0.341725724436881,RANGING,LOW,BEAR
2025-02-27,22545.05078125,22613.30078125,22508.400390625,22568.94921875,289200,13.3100004196167,238.89997209821428,22987.253620386535,23336.98116823245,0.3145,-1.8644959666695105,-0.0015593777251243779,-0.6558049655091658,2.7529254359283772,0.0015593777251243779,0.6558049655091658,RANGING,LOW,BEAR
2025-02-28,22124.69921875,22450.349609375,22104.849609375,22433.400390625,551300,13.90999984741211,252.39285714285714,22905.105582135435,23289.440699625295,0.3136,-0.024400049223838316,1.933589139541625,1.7358463383065015,5.458381054968431,1.933589139541625,1.7358463383065015,RANGING,LOW,BEAR
2025-03-03,22119.30078125,22261.55078125,22004.69921875,22194.55078125,282400,13.760000228881836,252.71805245535714,22830.267029670158,23243.55285968901,0.3362,-0.16569416451024388,1.5416400517011652,3.232471076147614,5.112272034763188,1.5416400517011652,3.232471076147614,RANGING,LOW,BEAR
2025-03-04,22082.650390625,22105.05078125,21964.599609375,21974.44921875,253300,13.829999923706055,234.95382254464286,22759.06544499919,23198.02727266689,0.3559,1.1531695069225467,1.8804355122892913,3.735734634010357,3.721468273001727,1.8804355122892913,3.735734634010357,RANGING,LOW,BEAR
2025-03-05,22337.30078125,22394.900390625,22067.80078125,22073.05078125,305900,13.670000076293945,233.57882254464286,22718.89738178498,23164.273292611328,0.4173,0.9284847776867,0.596308479947627,3.8202897374749245,-0.7865819312532385,0.596308479947627,3.8202897374749245,RANGING,LOW,BEAR
2025-03-06,22544.69921875,22556.44921875,22245.849609375,22476.349609375,372100,13.729999542236328,238.38588169642858,22702.307080543553,23139.976270106963,0.4489,0.03460139864501777,-0.6542557901030976,3.5737942833360847,-0.03925361473725575,0.6542557901030976,3.5737942833360847,RANGING,LOW,BEAR
2025-03-07,22552.5,22633.80078125,22464.75,22508.650390625,289800,13.470000267028809,224.82882254464286,22688.039739539403,23116.93798500473,0.4604,-0.4088203913091726,-0.19399179691830248,4.903445779292759,-0.6799672292428727,0.19399179691830248,4.903445779292759,RANGING,LOW,BEAR
2025-03-10,22460.30078125,22676.75,22429.05078125,22521.849609375,293900,13.989999771118164,224.75376674107142,22666.350314940413,23091.18750642611,0.4472,0.16740474556060647,1.6651602471513538,5.37993511816075,1.6395595214264258,1.6651602471513538,5.37993511816075,RANGING,LOW,BEAR
2025-03-11,22497.900390625,22522.099609375,22314.69921875,22345.94921875,347900,14.069999694824219,225.92522321428572,22650.30746500561,23067.921345022147,0.4531,-0.12179087892316698,1.821055350217149,4.395740053867869,3.6921240480340067,1.821055350217149,4.395740053867869,RANGING,MEDIUM,BEAR
2025-03-12,22470.5,22577.400390625,22329.55078125,22536.349609375,369700,13.6899995803833,226.8359375,22633.182944528886,23044.493056982064,0.4514,-0.3262089461738671,3.2048703438953385,4.9907621937651525,4.302081479050313,3.2048703438953385,4.9907621937651525,RANGING,LOW,BEAR
2025-03-13,22397.19921875,22558.05078125,22377.349609375,22541.5,287500,13.279999732971191,231.16099330357142,22610.708303978518,23019.108984894534,0.4457,0.4980568336268254,4.255894509689506,5.010226411191554,6.493897552410899,4.255894509689506,5.010226411191554,RANGING,LOW,BEAR
2025-03-17,22508.75,22577.0,22353.150390625,22353.150390625,251100,13.420000076293945,232.81459263392858,22600.9979893139,22999.094907055536,0.4707,1.446329899483545,5.10734540734159,2.9186392791692217,7.1829878658299595,5.10734540734159,2.9186392791692217,RANGING,LOW,BEAR
2025-03-18,22834.30078125,22857.80078125,22599.19921875,22662.25,272600,13.210000038146973,237.95396205357142,22623.217302831625,22992.632392318064,0.5287,0.32100316461272094,3.6539310634819744,2.1811433286101023,5.837486470549291,3.6539310634819744,2.1811433286101023,RANGING,LOW,BEAR
2025-03-19,22907.599609375,22940.69921875,22807.94921875,22874.94921875,324000,13.300000190734863,239.47893415178572,22650.301332026233,22989.29777337912,0.5364,1.2356195589090069,2.5286368274174853,1.4951370106007555,6.204707754684646,2.5286368274174853,1.4951370106007555,RANGING,LOW,BEAR
2025-03-20,23190.650390625,23216.69921875,22973.94921875,23036.599609375,313700,12.600000381469727,254.06459263392858,22701.763147130878,22997.193954447586,0.5604,0.6888551951288902,1.730433693602773,-1.2341230929456826,4.553769775046557,1.730433693602773,1.2341230929456826,RANGING,LOW,BEAR
2025-03-21,23350.400390625,23402.69921875,23132.80078125,23168.25,541000,12.579999923706055,241.90011160714286,22763.538122701746,23011.04518723886,0.6582,1.3188177230298859,0.7235388512559782,-5.091136603067814,2.9504813931439333,0.7235388512559782,5.091136603067814,TRENDING,LOW,BEAR
2025-03-24,23658.349609375,23708.75,23433.5,23515.400390625,311900,13.699999809265137,249.14997209821428,22848.758264289674,23036.429674381456,0.6868,0.04353972876416368,-2.08235315970553,-4.744625126155,2.832616821079692,2.08235315970553,4.744625126155,TRENDING,LOW,BEAR
2025-03-25,23668.650390625,23869.599609375,23601.400390625,23751.5,338200,13.640000343322754,257.25697544642856,22926.84322870256,23061.22264364591,0.6968,-0.7681079328545448,-1.4208701201789076,-5.363634930797911,2.8193361983550824,1.4208701201789076,5.363634930797911,TRENDING,LOW,BEAR
2025-03-26,23486.849609375,23736.5,23451.69921875,23700.94921875,278600,13.470000267028809,254.23563058035714,22980.177169718983,23077.913897203915,0.6315,0.4474827877002596,-1.0080108824194967,-2.8028400533643083,3.6077618900270503,1.0080108824194967,2.8028400533643083,RANGING,LOW,NEUTRAL
2025-03-27,23591.94921875,23646.44921875,23412.19921875,23433.94921875,510300,13.300000190734863,248.78208705357142,23038.441174388605,23098.072145107686,0.6224,-0.30773044101545244,-2.914129704270474,-1.1164759429486248,3.1991845735245716,2.914129704270474,1.1164759429486248,RANGING,LOW,NEUTRAL
2025-03-28,23519.349609375,23649.19921875,23450.19921875,23600.400390625,295400,12.720000267028809,250.92131696428572,23084.24197772064,23114.592829980917,0.6103,-1.5036571865236992,-5.772906234867947,-0.34928853046282127,4.004365753696648,5.772906234867947,0.34928853046282127,RANGING,LOW,NEUTRAL
2025-04-01,23165.69921875,23565.150390625,23136.400390625,23341.099609375,314300,13.779999732971191,263.853515625,23091.999810199628,23116.597002089507,0.5682,0.7193842458686373,-2.718888833993016,2.9610639652948745,5.24007662864967,2.718888833993016,2.9610639652948745,RANGING,LOW,NEUTRAL
2025-04-02,23332.349609375,23350.0,23158.44921875,23192.599609375,341000,13.720000267028809,262.72140066964283,23114.89026726395,23125.05788864972,0.5792,-0.35251486188494496,-3.999593844483784,3.399576918546976,4.6375560085694545,3.999593844483784,3.399576918546976,RANGING,LOW,NEUTRAL
2025-04-03,23250.099609375,23306.5,23145.80078125,23150.30078125,283200,13.600000381469727,258.3427734375,23127.767347465,23129.96148554091,0.5734,-1.4866619775066536,-1.8131054714063288,3.9447159626584183,4.402996929364633,1.8131054714063288,3.9447159626584183,RANGING,LOW,NEUTRAL
2025-04-04,22904.44921875,23214.69921875,22857.44921875,23190.400390625,466800,13.760000228881836,273.4820033482143,23106.498954254046,23121.11786723538,0.5431,-3.2432546283055363,1.851612140722514,6.219315672668002,4.818062947990964,1.851612140722514,6.219315672668002,RANGING,LOW,NEUTRAL
2025-04-07,22161.599609375,22254.0,21743.650390625,21758.400390625,647100,22.790000915527344,340.40694754464283,23016.50854045604,23083.489700260467,0.4804,1.6887318902814252,5.755900439765127,9.408615109592278,12.467961059120158,5.755900439765127,9.408615109592278,HIGH_VOL,HIGH,NEUTRAL
2025-04-08,22535.849609375,22697.19921875,22270.849609375,22446.75,468300,20.440000534057617,353.7318638392857,22970.731499400703,23062.01361826496,0.4839,-0.6065856008070525,5.838700577335332,6.671592267701931,9.063337018145123,5.838700577335332,6.671592267701931,RANGING,MEDIUM,NEUTRAL
2025-04-09,22399.150390625,22468.69921875,22353.25,22460.30078125,383800,21.43000030517578,357.2925502232143,22916.295203326827,23036.018981886922,0.4716,1.9170387409190415,7.707436936302603,8.61349460014571,10.124267931828124,7.707436936302603,8.61349460014571,RANGING,MEDIUM,BEAR
2025-04-11,22828.55078125,22923.900390625,22695.400390625,22695.400390625,402200,20.110000610351562,372.69614955357144,22907.938591700462,23027.88297401881,0.4816,2.190239778210845,5.864144559932072,6.603128038850747,9.78401497987118,5.864144559932072,6.603128038850747,RANGING,MEDIUM,BEAR
2025-04-15,23328.55078125,23368.349609375,23207.0,23368.349609375,388300,16.1299991607666,391.97474888392856,22947.996895467084,23039.673868420035,0.5007,0.4657316201027051,4.288300833089287,4.310805445781374,7.249700231526246,4.288300833089287,4.310805445781374,RANGING,MEDIUM,NEUTRAL
2025-04-16,23437.19921875,23452.19921875,23273.05078125,23344.099609375,348400,15.869999885559082,379.17466517857144,22994.5875929226,23055.263097844738,0.4904,1.7683476937954135,3.4539109918577227,3.8805831341502284,6.435282586126512,3.4539109918577227,3.8805831341502284,RANGING,MEDIUM,NEUTRAL
2025-04-17,23851.650390625,23872.349609375,23298.55078125,23401.849609375,505300,15.470000267028809,401.00320870535717,23076.21262127521,23086.493972071414,0.5107,1.1483498464016417,0.7869443651739028,2.555378726495028,3.4892763660795634,0.7869443651739028,2.555378726495028,RANGING,MEDIUM,NEUTRAL
2025-04-21,24125.55078125,24189.55078125,23903.650390625,23949.150390625,406100,15.520000457763672,404.79603794642856,23176.149588891854,23127.241297921555,0.5325,0.17284255654137493,0.8412210796353348,1.0530280963468863,2.8513273903558956,0.8412210796353348,1.0530280963468863,RANGING,MEDIUM,NEUTRAL
2025-04-22,24167.25,24242.599609375,24072.0,24185.400390625,440900,15.229999542236328,400.2495814732143,23270.540104235486,23168.025952905024,0.5294,0.6690840652122221,0.6980488833028264,1.0226665864961904,1.8307801622029718,0.6980488833028264,1.0226665864961904,RANGING,MEDIUM,NEUTRAL
2025-04-23,24328.94921875,24359.30078125,24119.94921875,24357.599609375,415000,15.960000038146973,403.1318359375,23371.340972284488,23213.55235548718,0.5406,-0.33807460922566923,0.02157923037611198,-0.2266782547990065,2.15463959072677,0.02157923037611198,0.2266782547990065,RANGING,MEDIUM,BULL
2025-04-24,24246.69921875,24347.849609375,24216.150390625,24277.900390625,358800,16.25,381.91392299107144,23454.708424328823,23254.06791875239,0.5566,-0.855166336268387,0.412427271431115,-0.9844606748180107,3.111562382444122,0.412427271431115,0.9844606748180107,RANGING,MEDIUM,BULL
2025-04-25,24039.349609375,24365.44921875,23847.849609375,24289.0,387700,17.15999984741211,405.203125,23510.388537190363,23284.863279168963,0.537,1.2028211882747275,1.754626427519912,3.682918314186523,3.2731734516982858,1.754626427519912,3.682918314186523,RANGING,MEDIUM,BULL
2025-04-28,24328.5,24355.099609375,24054.05078125,24070.25,320500,16.940000534057617,414.43178013392856,23588.303914600805,23325.790209397634,0.5549,0.03061930965739812,0.21004011498859665,1.0269832064245588,1.7426031968678757,0.21004011498859665,1.0269832064245588,RANGING,MEDIUM,BULL
2025-04-29,24335.94921875,24457.650390625,24290.75,24370.69921875,357600,17.3700008392334,398.30678013392856,23659.50822928168,23365.404288195765,0.5771,-0.007191007773188485,0.3223674210108829,1.3599271139997926,2.0449187584660855,0.3223674210108829,1.3599271139997926,RANGING,MEDIUM,BULL
2025-04-30,24334.19921875,24396.150390625,24198.75,24342.05078125,424500,18.219999313354492,329.4926060267857,23723.76451399295,23403.396246256718,0.6703,0.05136803511647248,-0.2482039246784029,2.9912650261535445,1.7115829300808905,0.2482039246784029,2.9912650261535445,TRENDING,MEDIUM,BULL
2025-05-02,24346.69921875,24589.150390625,24238.5,24311.900390625,421100,18.260000228881836,316.28194754464283,23783.091628731716,23440.38851968783,0.6456,0.4700890697612925,-1.391150462355728,2.7646522284286768,1.519304063772764,1.391150462355728,2.7646522284286768,RANGING,MEDIUM,BULL
2025-05-05,24461.150390625,24526.400390625,24400.650390625,24419.5,291500,18.34000015258789,316.07491629464283,23847.668653673933,23480.418396979483,0.6767,-0.3333889859949313,1.8950409965291737,1.9798693863172234,0.3325665722008653,1.8950409965291737,1.9798693863172234,TRENDING,MEDIUM,BULL
2025-05-06,24379.599609375,24509.650390625,24331.80078125,24500.75,302400,19.0,291.2963169642857,23898.32874469308,23515.68040530872,0.6392,0.14274549954715887,0.8152307797687275,1.2481779279631233,0.9868890926431728,0.8152307797687275,1.2481779279631233,RANGING,MEDIUM,BULL
2025-05-07,24414.400390625,24449.599609375,24220.0,24233.30078125,330100,19.059999465942383,269.1392299107143,23947.478425258025,23550.92432630152,0.6178,-0.5758880297096702,1.0342256863165034,1.634481378777708,1.3782849245366435,1.0342256863165034,1.634481378777708,RANGING,MEDIUM,BULL
2025-05-08,24273.80078125,24447.25,24150.19921875,24431.5,411400,21.010000228881836,277.56082589285717,23978.556744876307,23579.27242257401,0.5863,-1.09501096942064,3.247529446372943,1.3837900398336433,3.0042678794797606,3.247529446372943,1.3837900398336433,RANGING,MEDIUM,BULL
2025-05-09,24008.0,24164.25,23935.75,23935.75,335600,21.6299991607666,260.7216796875,23981.360864411898,23596.085268747578,0.518,3.8183073090219954,4.214431777949024,3.520286532093464,4.5618094749666716,4.214431777949024,3.520286532093464,RANGING,MEDIUM,BULL
2025-05-12,24924.69921875,24944.80078125,24378.849609375,24420.099609375,368700,18.389999389648438,303.50027901785717,24071.2026124441,23648.187776590814,0.5503,-1.389583907654357,0.08325075387225489,0.3067285635185879,0.7203729107187362,0.08325075387225489,0.3067285635185879,RANGING,MEDIUM,BULL
2025-05-13,24578.349609375,24973.80078125,24547.5,24864.05078125,423000,18.200000762939453,321.7646484375,24119.50232643752,23684.664711209803,0.5252,0.36027960647213586,0.42944617082727454,1.0084062327783805,2.2908404762671086,0.42944617082727454,1.0084062327783805,RANGING,MEDIUM,BULL
2025-05-14,24666.900390625,24767.55078125,24535.55078125,24613.80078125,345500,17.229999542236328,321.23953683035717,24171.635475407755,23723.18375746138,0.521,1.6021438141461841,0.5941112413973881,0.3468162872928948,0.8971489105664254,0.5941112413973881,0.3468162872928948,RANGING,MEDIUM,BULL
2025-05-15,25062.099609375,25116.25,24494.44921875,24694.44921875,500800,16.889999389648438,356.24679129464283,24256.441583404638,23775.690261457992,0.5465,-0.16877607536591732,-1.8051176783918432,-0.911735263850455,-1.3705954622872274,1.8051176783918432,0.911735263850455,RANGING,MEDIUM,BULL
2025-05-16,25019.80078125,25070.0,24953.05078125,25064.650390625,432700,16.549999237060547,327.62890625,24329.142459389914,23824.47890929297,0.5572,-0.29717088137536374,-0.6660740110684182,-1.0755543773220855,-0.2929710827471177,0.6660740110684182,1.0755543773220855,RANGING,MEDIUM,BULL
2025-05-19,24945.44921875,25062.94921875,24916.650390625,25005.349609375,255300,17.360000610351562,315.52525111607144,24387.83834123373,23868.43852927168,0.5369,-1.0484831354666824,0.22329191744172583,-0.917400233478205,-0.3690004830853577,0.22329191744172583,0.917400233478205,RANGING,MEDIUM,BULL
2025-05-20,24683.900390625,25010.349609375,24669.69921875,24996.19921875,414800,17.389999389648438,327.9359654017857,24416.034726890044,23900.41742579534,0.5209,0.524831270888626,0.5764843718906176,-0.5728446006803001,0.5191658878743066,0.5764843718906176,0.5728446006803001,RANGING,MEDIUM,BULL
2025-05-21,24813.44921875,24946.19921875,24685.349609375,24744.25,332700,17.549999237060547,332.57156808035717,24453.8837261148,23936.2225941465,0.5281,-0.8211272774042211,-0.24583442415537782,-0.778811515869271,-0.08140431655401237,0.24583442415537782,0.778811515869271,RANGING,MEDIUM,BULL
2025-05-22,24609.69921875,24737.5,24462.400390625,24733.94921875,403300,17.260000228881836,332.6000279017857,24468.723296841963,23962.63344217017,0.5159,0.9892488718005854,0.9098054739913763,0.5737622821794464,2.0426953105221024,0.9098054739913763,0.5737622821794464,RANGING,MEDIUM,BULL
2025-05-23,24853.150390625,24909.05078125,24614.05078125,24639.5,270500,17.280000686645508,341.146484375,24505.335401011776,23997.55567544291,0.5225,0.5954979456279652,-0.4122260971536451,0.603144423419022,0.4778066286710958,0.4122260971536451,0.603144423419022,RANGING,MEDIUM,BULL
2025-05-26,25001.150390625,25079.19921875,24900.5,24919.349609375,302800,18.020000457763672,344.5892857142857,24552.555876213035,24036.912330940246,0.5348,-0.6997724870316469,-1.1381507522817857,0.40817653000186915,0.17278892400967027,1.1381507522817857,0.40817653000186915,RANGING,MEDIUM,BULL
2025-05-27,24826.19921875,25062.900390625,24704.099609375,24956.650390625,525700,18.540000915527344,353.8179408482143,24578.61714693084,24067.864757913176,0.5233,-0.29706520659956714,-1.1427412478658305,1.1199893257925808,1.685923719382254,1.1427412478658305,1.1199893257925808,RANGING,MEDIUM,BULL
2025-05-28,24752.44921875,24864.25,24737.05078125,24832.5,684400,18.020000457763672,341.68568638392856,24595.172582342188,24094.711207357755,0.5271,0.3278479228775888,-0.534290561839923,1.5713643867628635,3.2180685402501963,0.534290561839923,1.5713643867628635,RANGING,MEDIUM,BULL
2025-05-29,24833.599609375,24892.599609375,24677.30078125,24825.099609375,345400,16.420000076293945,332.91768973214283,24617.879918250077,24123.68722312314,0.5474,-0.333823496911434,-0.3330134175102861,0.21986184135136533,3.238359257316059,0.3330134175102861,0.21986184135136533,RANGING,MEDIUM,BULL
2025-05-30,24750.69921875,24863.94921875,24717.400390625,24812.599609375,853900,16.079999923706055,276.4711216517857,24630.529375440547,24148.275928834,0.4858,-0.13777230725331435,1.019573468489443,-0.1296917274590914,3.0962824756055607,1.019573468489443,0.1296917274590914,RANGING,MEDIUM,BULL
2025-06-02,24716.599609375,24754.400390625,24526.150390625,24669.69921875,311100,17.15999984741211,262.3246372767857,24638.72654057716,24170.563131992472,0.5145,-0.7043833380258491,1.5641294331942168,0.9301457087883547,3.3386516952841783,1.5641294331942168,0.9301457087883547,RANGING,MEDIUM,BULL
2025-06-03,24542.5,24845.099609375,24502.150390625,24786.30078125,349300,16.559999465942383,270.2495814732143,24629.56210814124,24185.14889152218,0.4889,0.3165904807986175,2.288886625241937,1.2667837042884766,3.711522422837943,2.288886625241937,1.2667837042884766,RANGING,MEDIUM,BULL
2025-06-04,24620.19921875,24644.25,24530.44921875,24560.44921875,280900,15.75,233.9638671875,24628.670404389693,24202.20968866837,0.4479,0.5308696762106768,2.1169656965166483,0.7792445576715323,3.1888513798137286,2.1169656965166483,0.7792445576715323,RANGING,MEDIUM,BULL
2025-06-05,24750.900390625,24899.849609375,24613.099609375,24691.19921875,388400,15.079999923706055,246.09249441964286,24640.311355459722,24223.72697109804,0.4699,1.018752395450262,0.5547225594144667,0.17110330818930208,2.8689849588016125,0.5547225594144667,0.17110330818930208,RANGING,MEDIUM,BULL
2025-06-06,25003.05078125,25029.5,24671.44921875,24748.69921875,335600,14.630000114440918,261.21763392857144,24674.857967439748,24254.288689143214,0.5068,0.4005448710087123,-1.1376658567134212,0.4373450677346957,1.8327763440117772,1.1376658567134212,0.4373450677346957,RANGING,MEDIUM,BULL
2025-06-09,25103.19921875,25160.099609375,25077.150390625,25160.099609375,279200,14.6899995803833,248.10323660714286,24715.65237232644,24287.579298147404,0.5494,0.00418584595869298,-0.6242201138767944,-0.5230362352657059,1.67030814517386,0.6242201138767944,0.5230362352657059,RANGING,MEDIUM,BULL
2025-06-10,25104.25,25199.30078125,25055.44921875,25196.05078125,307300,14.020000457763672,239.64271763392858,24752.661670200112,24319.60560018084,0.535,0.14798446727146697,-0.9992316415547209,-0.2386065730902165,1.4812217428323837,0.9992316415547209,0.2386065730902165,RANGING,MEDIUM,BULL
2025-06-11,25141.400390625,25222.400390625,25081.30078125,25134.150390625,301200,13.670000076293945,224.64634486607142,24789.68440547867,24351.832846864923,0.5702,-1.0071084662786611,-1.3099891185767487,0.41107339992698666,0.8505875013022024,1.3099891185767487,0.41107339992698666,RANGING,LOW,BULL
2025-06-12,24888.19921875,25196.19921875,24825.900390625,25164.44921875,328300,14.020000457763672,229.71400669642858,24799.066768647368,24372.866822232965,0.5051,-0.6814458847919758,-0.3815029681957349,2.6550767110228524,1.0513030224696962,0.3815029681957349,2.6550767110228524,RANGING,MEDIUM,BULL
2025-06-13,24718.599609375,24754.349609375,24473.0,24473.0,318700,15.079999923706055,243.22474888392858,24791.403229669046,24386.42497074834,0.4654,0.921979376770854,1.5931354828881306,3.718662005133888,1.471366410810182,1.5931354828881306,3.718662005133888,RANGING,MEDIUM,BULL
2025-06-16,24946.5,24967.099609375,24703.599609375,24732.349609375,305800,14.84000015258789,236.41755022321428,24806.174350652946,24408.38869738566,0.515,-0.37319707924959866,0.10181945613612076,2.2870975136792815,0.999341716272828,0.10181945613612076,2.2870975136792815,RANGING,MEDIUM,BULL
2025-06-17,24853.400390625,24982.05078125,24813.69921875,24977.849609375,242400,14.399999618530273,239.35700334821428,24810.672068745524,24425.84013633622,0.5127,-0.16637405234334324,0.7683021870199536,2.7698438837555406,1.4430636652853712,0.7683021870199536,2.7698438837555406,RANGING,MEDIUM,BULL
2025-06-18,24812.05078125,24947.55078125,24750.44921875,24788.349609375,237600,14.279999732971191,238.05719866071428,24810.80337469833,24440.985651823037,0.4981,-0.07577278241026608,1.7439075172173357,2.584831117062092,1.2066654229413887,1.7439075172173357,2.584831117062092,RANGING,MEDIUM,BULL
2025-06-19,24793.25,24863.099609375,24733.400390625,24803.25,274600,14.260000228881836,236.85365513392858,24809.131624727062,24454.79993998684,0.5058,1.287247095983779,3.0482086858318214,2.4686186008288535,0.7064438531656725,3.0482086858318214,2.4686186008288535,RANGING,MEDIUM,BULL
2025-06-20,25112.400390625,25136.19921875,24783.650390625,24787.650390625,574700,13.670000076293945,245.73214285714286,24838.014364336388,24480.58819295304,0.5423,-0.559484548726974,2.092195020995069,1.3881572607656434,-0.0864161590984458,2.092195020995069,1.3881572607656434,RANGING,LOW,BULL
2025-06-23,24971.900390625,25057.0,24824.849609375,24939.75,248500,14.050000190734863,241.77511160714286,24850.765414459114,24499.855337959787,0.547,0.29012296868362597,2.183055282527313,1.959804351969674,0.3564005886929289,2.183055282527313,1.959804351969674,RANGING,MEDIUM,BULL
2025-06-24,25044.349609375,25317.69921875,24999.69921875,25179.900390625,450200,13.640000343322754,258.34640066964283,24869.202004451105,24521.208054485873,0.5463,0.8001820520425307,1.9862810559424071,1.9092146455502723,0.700959633562559,1.9862810559424071,1.9092146455502723,RANGING,LOW,BULL
2025-06-25,25244.75,25266.80078125,25125.05078125,25150.349609375,260600,12.960000038146973,253.75362723214286,24904.968480217667,24549.582248427603,0.5522,1.2052010814129765,0.8265100293130212,0.9164266208815608,-0.7235183181651617,0.8265100293130212,0.9164266208815608,RANGING,LOW,BULL
2025-06-26,25549.0,25565.30078125,25259.900390625,25268.94921875,428900,12.59000015258789,251.07505580357142,24966.304815435033,24588.77510143044,0.5555,0.3475704773181043,-0.5624455702767261,-0.7583467063290161,-2.7868018317742327,0.5624455702767261,0.7583467063290161,RANGING,LOW,BULL
2025-06-27,25637.80078125,25654.19921875,25523.55078125,25576.650390625,564000,12.390000343322754,249.18931361607142,25030.256812179316,24629.91336338415,0.5542,-0.4709842354665206,-0.6896097787736255,-1.9032489410396702,-3.7323809432391775,0.6896097787736255,1.9032489410396702,RANGING,LOW,BULL
2025-06-30,25517.05078125,25669.349609375,25473.30078125,25661.650390625,271000,12.789999961853027,252.91768973214286,25076.618142567,24664.703066045553,0.5411,0.09699396772837598,-0.2184813616507908,-1.7037627260571009,-2.7273965860756366,0.2184813616507908,1.7037627260571009,RANGING,LOW,BULL
2025-07-01,25541.80078125,25593.400390625,25501.80078125,25551.349609375,260700,12.529999732971191,249.38197544642858,25120.921251013,24699.0990548771,0.5398,-0.34610085397696055,-0.07556546781998241,-1.354642152929153,-2.6887297645205033,0.07556546781998241,1.354642152929153,RANGING,LOW,BULL
2025-07-02,25453.400390625,25608.099609375,25378.75,25588.30078125,309800,12.449999809265137,239.31417410714286,25152.585930976045,24728.679499416234,0.5612,-0.188971251922454,0.0891795139417173,-0.9482018342189535,-2.6913919976771283,0.0891795139417173,0.9482018342189535,RANGING,LOW,BULL
2025-07-03,25405.30078125,25587.5,25384.349609375,25505.099609375,293400,12.390000343322754,224.16782924107142,25176.654011954517,24755.213667331285,0.5787,0.21924250859925998,-0.19700920560223878,-1.156654530604384,-3.306204398473067,0.19700920560223878,1.156654530604384,RANGING,LOW,BULL
2025-07-04,25461.0,25470.25,25331.650390625,25428.849609375,193500,12.319999694824219,215.24637276785714,25203.73458224456,24782.89156273006,0.5622,0.0011813410706551508,-1.2220666534111024,-1.9347221608538523,-2.8995326185145887,1.2220666534111024,1.9347221608538523,RANGING,LOW,BULL
2025-07-07,25461.30078125,25489.80078125,25407.25,25450.44921875,196100,12.5600004196167,209.11774553571428,25228.264696435555,24809.495845809273,0.5757,0.24036171315751087,-1.4885335327372573,-1.4555484249764494,-3.1881717551437205,1.4885335327372573,1.4555484249764494,RANGING,LOW,BULL
2025-07-08,25522.5,25548.05078125,25424.150390625,25427.849609375,210400,12.199999809265137,203.88909040178572,25256.287106298838,24837.456793032437,0.5896,-0.181801902732881,-1.2800439563130595,-1.808598724164956,-3.7155481682828895,1.2800439563130595,1.808598724164956,RANGING,LOW,BULL
2025-07-09,25476.099609375,25548.69921875,25424.349609375,25514.599609375,239100,11.9399995803833,203.50697544642858,25277.221630401327,24862.5016093596,0.5855,-0.4743646446198069,-1.0364570408094687,-1.0056453800946885,-3.454018598773989,1.0364570408094687,1.0056453800946885,RANGING,LOW,BULL
2025-07-10,25355.25,25524.05078125,25340.44921875,25511.650390625,219600,11.670000076293945,191.43931361607142,25284.65290369644,24881.825075659224,0.5347,-0.8100901810276007,-0.961539646621512,-1.1561723533587753,-3.912204449768786,0.961539646621512,1.1561723533587753,RANGING,LOW,BULL
2025-07-11,25149.849609375,25322.44921875,25129.0,25255.5,250000,11.819999694824219,187.06068638392858,25271.814494713442,24892.335841687294,0.5245,-0.2685854157148504,-0.7214723808223522,-1.2439422669882738,-2.2457344155030756,0.7214723808223522,1.2439422669882738,RANGING,LOW,BULL
2025-07-14,25082.30078125,25151.099609375,25001.94921875,25149.5,259500,11.979999542236328,173.01436941964286,25253.765569621686,24899.785447160342,0.5057,0.4525103218794291,0.033483521201849165,-1.6003332155440142,-2.371793544034495,0.033483521201849165,1.6003332155440142,RANGING,LOW,BULL
2025-07-15,25195.80078125,25245.19921875,25088.44921875,25089.5,241300,11.479999542236328,168.76060267857142,25248.24511358629,24911.39389163445,0.4937,0.06449487413033861,-0.5354082285227046,-1.4871572256351606,-2.2878858936842272,0.5354082285227046,1.4871572256351606,RANGING,LOW,BULL
2025-07-16,25212.05078125,25255.30078125,25121.05078125,25196.599609375,228800,11.239999771118164,155.45340401785714,25244.79803431617,24923.184357893882,0.4346,-0.3990217351728331,0.03113435492854144,-1.4159895325353666,-2.303461963641207,0.03113435492854144,1.4159895325353666,RANGING,LOW,BULL
2025-07-17,25111.44921875,25238.349609375,25101.0,25230.75,243400,11.239999771118164,155.93205915178572,25232.09814711939,24930.56729361373,0.3929,-0.5696558047242783,-0.19652234701831306,-1.3663074814448284,-0.9338369839081428,0.19652234701831306,1.3663074814448284,RANGING,LOW,BULL
2025-07-18,24968.400390625,25144.599609375,24918.650390625,25108.55078125,317000,11.390000343322754,158.06780133928572,25206.984075072305,24932.05094447692,0.3904,0.48981443028652816,-0.526266755455973,-1.6142435035659486,0.049062013618628164,0.526266755455973,1.6142435035659486,RANGING,LOW,BULL
2025-07-21,25090.69921875,25111.400390625,24882.30078125,24999.0,305200,11.199999809265137,167.88922991071428,25195.90932685113,24938.272445428804,0.4185,-0.11876443882732346,-1.633269860485842,-1.4664765439260319,-0.16001322701281184,1.633269860485842,1.4664765439260319,RANGING,LOW,BULL
2025-07-22,25060.900390625,25182.0,25035.55078125,25166.650390625,483700,10.75,161.9677734375,25183.051332924835,24943.081384456105,0.428,0.6344544590244583,-0.9568721694441118,-1.6413999615467967,0.09117633053419283,0.9568721694441118,1.6413999615467967,RANGING,LOW,BULL
2025-07-23,25219.900390625,25233.5,25085.5,25139.349609375,271500,10.520000457763672,159.78557477678572,25186.560766991515,24953.937031756846,0.4701,-0.6256994627491075,-1.4466734750095411,-2.5602843860359825,-1.3870030247226217,1.4466734750095411,2.5602843860359825,RANGING,LOW,BULL
2025-07-24,25062.099609375,25246.25,25018.69921875,25243.30078125,338700,10.720000267028809,166.13922991071428,25174.70732340899,24958.178701467365,0.4376,-0.8981674037030651,-1.1720885503547995,-1.8591787041485675,-0.37646330852386667,1.1720885503547995,1.8591787041485675,RANGING,LOW,BULL
2025-07-25,24837.0,25010.349609375,24806.349609375,25010.349609375,278100,11.279999732971191,178.51060267857142,25142.544721179565,24953.426595527468,0.4107,-0.6284962329387578,-1.0937326997020547,-1.9072320278213928,-0.5030769366268117,1.0937326997020547,1.9072320278213928,RANGING,LOW,BULL
2025-07-28,24680.900390625,24889.19921875,24646.599609375,24782.44921875,262100,12.0600004196167,186.98911830357142,25098.578594460083,24942.73929337443,0.3788,0.5680474234370125,0.16956273358201823,-0.38835539975441424,-0.7293088872412978,0.16956273358201823,0.38835539975441424,RANGING,LOW,BULL
2025-07-29,24821.099609375,24847.150390625,24598.599609375,24609.650390625,284700,11.529999732971191,195.86063058035714,25072.15202445198,24937.96910968818,0.414,0.1367835124523431,-0.6911411292197744,-1.3444175479798703,-1.5883663745948295,0.6911411292197744,1.3444175479798703,RANGING,LOW,BULL
2025-07-30,24855.05078125,24902.30078125,24771.94921875,24890.400390625,243900,11.210000038146973,192.05705915178572,25051.4757155756,24934.717410533744,0.4343,-0.34882717656889994,-1.1299577094884383,-0.9483029181851732,-0.9253652387365308,1.1299577094884383,0.9483029181851732,RANGING,LOW,NEUTRAL
2025-07-31,24768.349609375,24956.5,24635.0,24642.25,346300,11.539999961853027,198.86063058035714,25024.51132450888,24928.19318303732,0.4466,-0.8195943742782208,-0.6952389701606165,-0.5533224065648934,-0.7620612716503161,0.6952389701606165,0.5533224065648934,RANGING,LOW,NEUTRAL
2025-08-01,24565.349609375,24784.150390625,24535.05078125,24734.900390625,263400,11.979999542236328,205.99986049107142,24980.781637353273,24913.96402328586,0.4317,0.6407415043054421,-0.82249522737462,1.2684517596121658,0.609399720563597,0.82249522737462,1.2684517596121658,RANGING,LOW,NEUTRAL
2025-08-04,24722.75,24736.25,24554.0,24596.05078125,259300,11.970000267028809,207.38211495535714,24956.20719570058,24906.465434137393,0.4399,-0.29608040671041946,-0.5569737134825226,1.0431703213639176,0.046721263815707736,0.5569737134825226,1.0431703213639176,RANGING,LOW,NEUTRAL
2025-08-05,24649.55078125,24733.099609375,24590.30078125,24720.25,251800,11.710000038146973,207.99274553571428,24927.001822895763,24896.390349710437,0.4282,-0.3056914228121266,-0.6578229034029381,1.6268044945672022,0.37099750645177565,0.6578229034029381,1.6268044945672022,RANGING,LOW,NEUTRAL
2025-08-06,24574.19921875,24671.400390625,24539.19921875,24641.349609375,225100,11.960000038146973,207.625,24893.40157488188,24883.755403398263,0.4308,0.08932609229541644,0.18373087246135178,2.0735193717368983,0.8095937129182218,0.18373087246135178,2.0735193717368983,RANGING,LOW,NEUTRAL
2025-08-07,24596.150390625,24634.19921875,24344.150390625,24464.19921875,616700,11.6899995803833,212.20354352678572,24865.091938285987,24872.476775446372,0.4512,-0.9466912735407229,0.14291013051537238,1.1137890051868382,1.1076904898656315,0.14291013051537238,1.1137890051868382,RANGING,LOW,NEUTRAL
2025-08-08,24363.30078125,24585.5,24337.5,24544.25,312600,12.029999732971191,214.31431361607142,24817.30230428256,24852.509089399457,0.4064,0.9101804471857822,2.1082875514770283,2.480982458728187,2.5029401130831186,2.1082875514770283,2.480982458728187,RANGING,LOW,NEUTRAL
2025-08-11,24585.05078125,24600.849609375,24347.44921875,24371.5,241100,12.220000267028809,221.95368303571428,24795.18311161279,24842.020528295558,0.4466,-0.39719417907191357,1.6091063341496348,0.5165740804442764,1.7101824295220114,1.6091063341496348,0.5165740804442764,RANGING,LOW,NEUTRAL
2025-08-12,24487.400390625,24702.599609375,24465.650390625,24563.349609375,237000,12.229999542236328,226.55008370535714,24765.870471518716,24828.113856230048,0.4123,0.5388453516712133,2.299755717804164,0.05513039271072273,2.5588653731283495,2.299755717804164,0.05513039271072273,RANGING,LOW,NEUTRAL
2025-08-13,24619.349609375,24664.55078125,24535.25,24586.19921875,236000,12.140000343322754,222.95005580357142,24751.916103695505,24819.92702302005,0.4488,0.048543816407109475,1.8863227420441664,-0.7819053023508604,1.827219713406647,1.8863227420441664,0.7819053023508604,RANGING,LOW,NEUTRAL
2025-08-14,24631.30078125,24673.650390625,24596.900390625,24607.25,270200,12.359999656677246,210.16434151785714,24740.428930129267,24812.529915499654,0.4747,0.9973019276634965,0.9694933704304409,-0.025374218176721364,2.4675872115843545,0.9694933704304409,0.025374218176721364,RANGING,LOW,NEUTRAL
2025-08-18,24876.94921875,25022.0,24852.849609375,24938.19921875,363100,12.34000015258789,220.74288504464286,24753.43086237886,24815.05616268594,0.5238,0.41685646806257637,0.3649996647561604,-1.195281651139457,1.8221719120941948,0.3649996647561604,1.195281651139457,RANGING,LOW,NEUTRAL
2025-08-19,24980.650390625,25012.650390625,24873.94921875,24891.349609375,252300,11.789999961853027,212.896484375,24775.07081744992,24821.55005397767,0.5197,0.27981813736617234,-1.0752306492220143,-1.0632213542153268,1.7731692803171883,1.0752306492220143,1.0632213542153268,RANGING,LOW,NEUTRAL
2025-08-20,25050.55078125,25088.69921875,24929.69921875,24965.80078125,287100,11.789999961853027,214.94280133928572,24801.307004478498,24830.530474655014,0.5238,0.13252889742787488,-2.1941648925196677,-1.2624472921238472,1.103768146315387,2.1941648925196677,1.2624472921238472,RANGING,LOW,NEUTRAL
2025-08-21,25083.75,25153.650390625,25054.900390625,25142.0,226500,11.369999885559082,199.3427734375,24828.20633738531,24840.460652119524,0.5387,-0.8517482060098724,-2.6188284870683254,-1.3664224846763329,0.47281450889520293,2.6188284870683254,1.3664224846763329,RANGING,LOW,NEUTRAL
2025-08-22,24870.099609375,25084.849609375,24859.150390625,25064.150390625,210200,11.729999542236328,197.67131696428572,24832.1961728129,24841.62296416876,0.5375,0.39264173509054867,-0.9853150247642217,-0.3898223982723992,1.2038568213540213,0.9853150247642217,0.3898223982723992,RANGING,LOW,NEUTRAL
2025-08-25,24967.75,25021.55078125,24894.349609375,24949.150390625,213000,11.760000228881836,195.47140066964286,24845.106061116436,24846.569122436653,0.5308,-1.0241179872034878,-1.5546070055371453,-0.39711383935276956,0.3570621727027934,1.5546070055371453,0.39711383935276956,RANGING,LOW,NEUTRAL
2025-08-26,24712.05078125,24919.650390625,24689.599609375,24899.5,750500,12.1899995803833,205.13936941964286,24832.434129700585,24841.29389337051,0.5077,-0.8544430103923584,0.012139826138080068,1.0563624623297851,0.7235288957105235,0.012139826138080068,1.0563624623297851,RANGING,LOW,NEUTRAL
2025-08-28,24500.900390625,24702.650390625,24481.599609375,24695.80078125,326600,12.180000305175781,212.1572265625,24800.859487883863,24827.945128556963,0.493,-0.30223697933294824,0.9526196462326997,2.0595145538736093,0.627727249500798,0.9526196462326997,2.0595145538736093,RANGING,LOW,NEUTRAL
2025-08-29,24426.849609375,24572.44921875,24404.69921875,24466.69921875,325500,11.75,203.42159598214286,24765.23949945445,24812.215892510612,0.4829,0.8114070174605414,1.2860863993874538,2.8130946135652035,0.8517298979486609,1.2860863993874538,2.8130946135652035,RANGING,LOW,NEUTRAL
2025-09-01,24625.05078125,24635.599609375,24432.69921875,24432.69921875,229300,11.289999961853027,199.85728236607142,24751.888192958788,24804.876084225885,0.5292,-0.18457290617897026,0.6014184932676914,1.8036447577122638,-0.056654388244437026,0.6014184932676914,1.8036447577122638,RANGING,LOW,NEUTRAL
2025-09-02,24579.599609375,24756.099609375,24522.349609375,24653.0,271600,11.399999618530273,198.45368303571428,24735.479756426997,24796.041712663107,0.5001,0.5510715147017065,1.1757717969082426,2.683119377373666,1.044366775515293,1.1757717969082426,2.683119377373666,RANGING,LOW,NEUTRAL
2025-09-03,24715.05078125,24737.05078125,24533.19921875,24616.5,340300,10.930000305175781,196.08956473214286,24733.534139743475,24792.86559770573,0.5268,0.07788776228048189,1.0440958847665716,2.489168337929204,0.7250610987453499,1.0440958847665716,2.489168337929204,RANGING,LOW,NEUTRAL
2025-09-04,24734.30078125,24980.75,24708.19921875,24980.75,314100,10.850000381469727,202.90387834821428,24733.607153220288,24790.56893823688,0.5141,0.027084730671167456,1.0964499103834902,2.786813479067618,1.3881516700697594,1.0964499103834902,2.786813479067618,RANGING,LOW,NEUTRAL
2025-09-05,24741.0,24832.349609375,24621.599609375,24818.849609375,210100,10.779999732971191,212.47530691964286,24734.311233865974,24788.62505830602,0.5135,0.12994782193525012,1.5076189321369338,2.3687433056464924,1.4845834091184784,1.5076189321369338,2.3687433056464924,RANGING,LOW,NEUTRAL
2025-09-08,24773.150390625,24885.5,24751.55078125,24802.599609375,213200,10.84000015258789,194.8896484375,24738.01020117636,24788.01820859304,0.4872,0.3852930178235292,1.195039078425153,1.7325177136631842,1.101999526484576,1.195039078425153,1.7325177136631842,RANGING,LOW,NEUTRAL
2025-09-09,24868.599609375,24891.80078125,24814.0,24864.099609375,226900,10.6899995803833,193.45744977678572,24750.447287671468,24791.178263525664,0.4862,0.42020862308871365,1.4898305727690797,1.209961137142468,1.2594242409891487,1.4898305727690797,1.209961137142468,RANGING,LOW,NEUTRAL
2025-09-10,24973.099609375,25035.69921875,24915.05078125,24991.0,244100,10.539999961853027,194.03599330357142,24771.65227069085,24798.312433951127,0.4908,0.12974116602184615,1.4301404159334785,0.3355641973195045,1.250345391177543,1.4301404159334785,0.3355641973195045,RANGING,LOW,NEUTRAL
2025-09-11,25005.5,25037.30078125,24940.150390625,24945.5,224600,10.359999656677246,193.61104910714286,24793.92348300601,24806.43743654128,0.4907,0.4339045410009845,1.672030590770035,-0.4585006923476853,0.8872032527843965,1.672030590770035,0.4585006923476853,RANGING,LOW,NEUTRAL
2025-09-12,25114.0,25139.44921875,25038.05078125,25074.44921875,225700,10.119999885559082,187.05747767857142,24824.40696081496,24818.498713539662,0.5342,-0.17838966811339896,0.8483347186827972,-1.828863507406231,0.1254280481006509,0.8483347186827972,1.828863507406231,RANGING,LOW,NEUTRAL
2025-09-15,25069.19921875,25138.44921875,25048.75,25118.900390625,185400,10.399999618530273,182.64662388392858,24847.720509189723,24828.33010590085,0.5147,0.6777256391098607,0.531131407362273,-1.7324000832071862,1.0145978747887696,0.531131407362273,1.7324000832071862,RANGING,LOW,NEUTRAL
2025-09-16,25239.099609375,25261.400390625,25070.44921875,25073.599609375,240100,10.270000457763672,176.50739397321428,24884.994709207367,24844.43871388023,0.5858,0.3611475529465391,-0.27576106300221115,-2.4882028666614153,1.3716859049377694,0.27576106300221115,2.4882028666614153,RANGING,LOW,NEUTRAL
2025-09-17,25330.25,25346.5,25275.349609375,25276.599609375,268900,10.25,167.71805245535714,24927.399974997144,24863.49013686532,0.6776,0.36853015416349333,-1.0791429590114587,-1.9500368877133023,1.4986019063175426,1.0791429590114587,1.9500368877133023,TRENDING,LOW,NEUTRAL
2025-09-18,25423.599609375,25448.94921875,25329.75,25441.05078125,272200,9.890000343322754,164.25013950892858,24974.657083033133,24885.45521421864,0.74,-0.37976065391384095,-2.095493982699237,-2.082119044935715,1.6502414594953274,2.095493982699237,2.082119044935715,TRENDING,LOW,NEUTRAL
2025-09-19,25327.05078125,25428.75,25286.30078125,25410.19921875,380400,9.970000267028809,159.51436941964286,25008.218387625217,24902.772687435554,0.664,-0.49236357186648316,-2.654677673713801,-0.9847194321165653,2.1382230122344748,2.654677673713801,0.9847194321165653,TRENDING,LOW,NEUTRAL
2025-09-22,25202.349609375,25331.69921875,25151.05078125,25238.099609375,254500,10.5600004196167,155.72140066964286,25026.707075410908,24914.520802021416,0.6299,-0.13034343973540308,-2.2515726809016035,-0.37317484116645705,2.7340735761941737,2.2515726809016035,0.37317484116645705,RANGING,LOW,NEUTRAL
2025-09-23,25169.5,25261.900390625,25084.650390625,25209.0,299200,10.630000114440918,153.8212890625,25040.306401562248,24924.519986255873,0.597,-0.447365300760838,-2.2185597275472313,-0.49007572409066613,2.4857481897733402,2.2185597275472313,0.49007572409066613,RANGING,LOW,NEUTRAL
2025-09-24,25056.900390625,25149.849609375,25027.44921875,25108.75,244400,10.520000457763672,144.49986049107142,25041.886781472986,24929.711374662507,0.5629,-0.6626948212322681,-0.8803946455306022,0.4984670437199412,3.628343396237299,0.8803946455306022,0.4984670437199412,RANGING,LOW,NEUTRAL
2025-09-25,24890.849609375,25092.69921875,24878.30078125,25034.5,342500,10.779999732971191,144.76046316964286,25027.502288892225,24928.18738386692,0.526,-0.9487437927231501,0.013661207545601073,1.5849197845436924,4.1997345441405765,0.013661207545601073,1.5849197845436924,RANGING,LOW,NEUTRAL
2025-09-26,24654.69921875,24868.599609375,24629.44921875,24818.55078125,291500,11.430000305175781,153.11049107142858,24991.997234592964,24917.462357783905,0.4834,-0.08030448049409777,1.715499216284666,2.3226825261348116,5.67519059738073,1.715499216284666,2.3226825261348116,RANGING,LOW,NEUTRAL
2025-09-29,24634.900390625,24791.30078125,24606.19921875,24728.55078125,394400,11.369999885559082,157.85700334821428,24957.98801135792,24906.381496326692,0.4656,-0.09661407544825362,1.921665535961159,2.0726676433784563,5.045481000698571,1.921665535961159,2.0726676433784563,RANGING,LOW,NEUTRAL
2025-09-30,24611.099609375,24731.80078125,24587.69921875,24691.94921875,303000,11.069999694824219,156.21428571428572,24924.95102069288,24894.80181448545,0.4441,0.9150390492475902,1.7677015174254018,2.8948368142137415,4.514223328634981,1.7677015174254018,2.8948368142137415,RANGING,LOW,NEUTRAL
2025-10-01,24836.30078125,24867.94921875,24605.94921875,24620.55078125,308900,10.289999961853027,167.9892578125,24916.50814074594,24892.507656319354,0.4779,0.23332467769816567,1.391108937852903,3.015747017226711,3.732636499654851,1.391108937852903,3.015747017226711,RANGING,LOW,NEUTRAL
2025-10-03,24894.25,24904.80078125,24747.55078125,24759.55078125,365900,10.0600004196167,169.65359933035714,24914.388317817757,24892.575983522518,0.4706,0.7367178791287232,1.5710439534229792,3.2762570046295902,2.825553654458357,1.5710439534229792,3.2762570046295902,RANGING,LOW,NEUTRAL
2025-10-06,25077.650390625,25095.94921875,24881.650390625,24916.55078125,268800,10.1899995803833,178.55357142857142,24929.93708665654,24899.83380340889,0.5017,0.12222193924698033,0.5969427614556988,3.0525188288220706,1.7228441317074683,0.5969427614556988,3.0525188288220706,RANGING,LOW,NEUTRAL
2025-10-07,25108.30078125,25220.900390625,25076.30078125,25085.30078125,288000,10.050000190734863,175.15345982142858,24946.92410518925,24908.0089790105,0.4831,-0.24752925801897474,0.14815506263881062,3.0280775857710163,1.5293747010022951,0.14815506263881062,3.0280775857710163,RANGING,LOW,NEUTRAL
2025-10-08,25046.150390625,25192.5,25008.5,25079.75,227400,10.3100004196167,180.62486049107142,24956.3742276117,24913.426289269893,0.4619,0.5416017571936882,1.1075569949816844,3.374770121624704,2.108903805623208,1.1075569949816844,3.374770121624704,RANGING,LOW,NEUTRAL
2025-10-09,25181.80078125,25199.25,25024.30078125,25074.30078125,286300,10.119999885559082,184.60700334821428,24977.8434231963,24923.950779151466,0.4686,0.41120501676790155,1.6023476776150236,2.4356860524116675,2.037774986616858,1.6023476776150236,2.4356860524116675,RANGING,LOW,NEUTRAL
2025-10-10,25285.349609375,25330.75,25156.849609375,25167.650390625,232900,10.100000381469727,186.853515625,25007.12972664189,24938.12328229749,0.4952,-0.22938183927065925,1.678837771903341,2.692077358592737,2.3351513069689966,1.678837771903341,2.692077358592737,RANGING,LOW,NEUTRAL
2025-10-13,25227.349609375,25267.30078125,25152.30078125,25177.30078125,234300,11.010000228881836,183.45354352678572,25028.103048806952,24949.46549120249,0.504,-0.3244479132464395,2.4410046667017182,2.809845744206041,2.583706934508001,2.4410046667017182,2.809845744206041,RANGING,LOW,NEUTRAL
2025-10-14,25145.5,25310.349609375,25060.55078125,25277.55078125,292100,11.15999984741211,188.63560267857142,25039.283710825337,24957.15311899847,0.4974,0.7080820872521931,2.8756620841701386,3.612576368038023,3.040507372094403,2.8756620841701386,3.612576368038023,RANGING,LOW,NEUTRAL
2025-10-15,25323.55078125,25365.150390625,25159.349609375,25181.94921875,289900,10.529999732971191,194.17843191964286,25066.356765151493,24971.52165477304,0.5351,1.0336228211479837,2.2423775175930194,2.1888669283117057,2.7243353171894524,2.2423775175930194,2.1888669283117057,RANGING,LOW,NEUTRAL
2025-10-16,25585.30078125,25625.400390625,25376.849609375,25394.900390625,372800,10.869999885559082,200.42494419642858,25115.78000477992,24995.591424438808,0.5886,0.48679837376106594,0.8201959835030914,0.534677427850494,1.2692834951465226,0.8201959835030914,0.534677427850494,RANGING,LOW,NEUTRAL
2025-10-17,25709.849609375,25781.5,25508.599609375,25546.849609375,422100,11.630000114440918,201.24637276785714,25172.358062360407,25023.601549338266,0.6654,0.5184813729964155,0.9965098037040931,0.20809145449256494,1.3333441714299177,0.9965098037040931,0.20809145449256494,TRENDING,LOW,BULL
2025-10-20,25843.150390625,25926.19921875,25788.5,25824.599609375,301100,11.359999656677246,203.47837611607142,25236.243046004656,25055.740719584806,0.6934,0.09847568259027106,0.3600521868214468,-0.9499615808800876,1.3504545487867725,0.3600521868214468,0.9499615808800876,TRENDING,LOW,BULL
2025-10-21,25868.599609375,25934.349609375,25825.80078125,25901.19921875,42500,11.300000190734863,200.93889508928572,25296.467480611354,25087.617538792267,0.7068,0.08814076368377499,0.7163154714523001,-1.387397833839188,0.7714015612104497,0.7163154714523001,1.387397833839188,TRENDING,LOW,BULL
2025-10-23,25891.400390625,26104.19921875,25862.44921875,26057.19921875,448400,11.729999542236328,199.49246651785714,25353.127757755512,25119.13843494257,0.6838,-0.37174505259611745,-0.05233699624415111,-1.5414369379553094,0.2630201856507419,0.05233699624415111,1.5414369379553094,TRENDING,LOW,BULL
2025-10-24,25795.150390625,25944.150390625,25718.19921875,25935.099609375,284900,11.59000015258789,204.39969308035714,25395.22515136213,25145.648707714434,0.6438,0.6625291500029773,-0.28319579511562054,-0.855977879199521,0.34754746247800394,0.28319579511562054,0.855977879199521,RANGING,LOW,BULL
2025-10-27,25966.05078125,26005.94921875,25827.0,25843.19921875,266300,11.859999656677246,204.14969308035714,25449.589497065735,25177.82133804916,0.6427,-0.1149638146805021,-0.780639203021849,-1.0440615894341643,0.9213954097816224,0.780639203021849,1.0440615894341643,RANGING,LOW,BULL
2025-10-28,25936.19921875,26041.69921875,25810.05078125,25939.94921875,395200,11.949999809265137,210.36746651785714,25495.933280083285,25207.561647096252,0.6301,0.45381040946781415,-1.305313956257148,-0.23287312451061304,1.0770720881032148,1.305313956257148,0.23287312451061304,RANGING,LOW,BULL
2025-10-29,26053.900390625,26097.849609375,25960.30078125,25982.0,321900,11.970000267028809,208.77106584821428,25549.07300489678,25240.751401744437,0.6651,-0.6757175647810088,-2.088751256878296,-0.6707249102053114,0.572078751704419,2.088751256878296,0.6707249102053114,TRENDING,LOW,BULL
2025-10-30,25877.849609375,26032.05078125,25845.25,25984.400390625,257400,12.069999694824219,211.17829241071428,25580.38506246614,25265.735645180932,0.5998,-0.6018660837397216,-1.4898796999937902,0.12443526939476257,1.1511790783306663,1.4898796999937902,0.12443526939476257,RANGING,LOW,BULL
2025-10-31,25722.099609375,25953.75,25711.19921875,25863.80078125,334400,12.149999618530273,216.08189174107142,25593.88168598127,25283.632271227758,0.5583,0.16036793506921665,-0.5744087856115354,1.1326820663924764,1.2055765823330233,0.5744087856115354,1.1326820663924764,RANGING,LOW,BULL
2025-11-03,25763.349609375,25803.099609375,25645.5,25696.849609375,23300,12.670000076293945,217.83551897321428,25610.021488209244,25302.444715860984,0.5728,-0.6431586779760301,-0.26549494402742235,0.5694180846019137,0.8642136756316088,0.26549494402742235,0.5694180846019137,RANGING,LOW,BULL
2025-11-04,25597.650390625,25787.400390625,25578.400390625,25744.75,305100,12.649999618530273,214.92131696428572,25608.843288439315,25314.021408988985,0.5587,-0.34359080045569534,1.0866246955496761,1.777506892455416,1.7036704647498402,1.0866246955496761,1.777506892455416,RANGING,LOW,BULL
2025-11-06,25509.69921875,25679.150390625,25491.55078125,25593.349609375,371900,12.40999984741211,212.63197544642858,25599.400996087952,25321.69504858746,0.5251,-0.06820322478444663,1.4482772560620694,2.675261538847895,2.6529125027965117,1.4482772560620694,2.675261538847895,RANGING,LOW,BULL
2025-11-07,25492.30078125,25551.25,25318.44921875,25433.80078125,305600,12.5600004196167,207.69991629464286,25589.200975627195,25328.385469476187,0.4862,0.32185728871263475,1.6387300761305124,2.2589157970337004,1.8368291038853846,1.6387300761305124,2.2589157970337004,RANGING,LOW,BULL
2025-11-10,25574.349609375,25653.44921875,25503.5,25503.5,243600,12.300000190734863,199.71763392857142,25587.78655979365,25338.03112202124,0.4792,0.47156471705849246,1.71695318192584,1.5060026804506244,1.037370589290565,1.71695318192584,1.5060026804506244,RANGING,LOW,BULL
2025-11-11,25694.94921875,25715.80078125,25449.25,25617.0,297700,12.489999771118164,203.30343191964286,25597.9925273133,25352.02791012825,0.4771,0.7038409025849734,0.8371355812722747,0.7388672415101105,0.2453820037285448,0.8371355812722747,0.7388672415101105,RANGING,LOW,BULL
2025-11-12,25875.80078125,25934.55078125,25781.150390625,25834.30078125,312600,12.109999656677246,212.66434151785714,25624.450456259656,25372.56802272126,0.5016,0.012944949620363744,0.6834555995776093,1.2733905427141812,0.08791998436039616,0.6834555995776093,1.2733905427141812,RANGING,LOW,BULL
2025-11-13,25879.150390625,26010.69921875,25808.400390625,25906.099609375,385200,12.15999984741211,209.84640066964286,25648.707592865878,25392.433997933174,0.4988,0.1194026471448284,1.2094678352090993,1.2998896236827928,0.6483938830765812,1.2094678352090993,1.2998896236827928,RANGING,LOW,BULL
2025-11-14,25910.05078125,25940.19921875,25740.80078125,25767.900390625,518900,11.9399995803833,207.94977678571428,25673.597420331032,25412.73269531815,0.5175,0.39906690408659795,0.6101864126387913,1.1304433170465256,0.4525270945622717,0.6101864126387913,1.1304433170465256,RANGING,LOW,BULL
2025-11-17,26013.44921875,26024.19921875,25906.349609375,25948.19921875,281800,11.789999961853027,201.310546875,25705.964258275697,25436.29020604097,0.5078,-0.39748069020186794,-0.2073897171279926,0.623911038806102,-0.5895012540838573,0.2073897171279926,0.623911038806102,RANGING,LOW,BULL
2025-11-18,25910.05078125,26029.849609375,25876.5,26021.80078125,280000,12.100000381469727,195.7177734375,25725.401069987536,25454.8690521276,0.4966,0.5503640675154298,-0.09745252995904119,0.4714326441551897,-0.35314481153473354,0.09745252995904119,0.4714326441551897,RANGING,LOW,BULL
2025-11-19,26052.650390625,26074.650390625,25856.19921875,25918.099609375,250100,11.970000267028809,199.77497209821428,25756.56767195301,25478.31145755887,0.5004,0.5354541588221684,0.5859303692185236,-0.2558295974715241,-0.910078651576729,0.5859303692185236,0.2558295974715241,RANGING,LOW,BULL
2025-11-20,26192.150390625,26246.650390625,26063.19921875,26132.099609375,240400,12.140000343322754,198.728515625,25798.05174039796,25506.305141208522,0.5491,-0.47342428227803435,0.08934123497310598,-0.6047628326145249,-0.8618994493892473,0.08934123497310598,0.6047628326145249,RANGING,LOW,BULL
2025-11-21,26068.150390625,26179.19921875,26052.19921875,26109.55078125,235600,13.630000114440918,191.39997209821428,25823.775421371964,25528.338288244464,0.5561,-0.4167936312968079,0.5171016205794077,0.4538059906526559,0.3999132981735931,0.5171016205794077,0.4538059906526559,RANGING,LOW,BULL
2025-11-24,25959.5,26142.80078125,25912.150390625,26122.80078125,464700,13.239999771118164,196.61788504464286,25836.70157171749,25545.24659066625,0.5306,-0.2877529180069005,0.8330283711165398,0.00404777152873681,0.8384228919085412,0.8330283711165398,0.00404777152873681,RANGING,LOW,BULL
2025-11-25,25884.80078125,26032.599609375,25857.5,25998.5,260500,12.239999771118164,194.19642857142858,25841.282448815826,25558.56244127738,0.5483,1.2381783530362567,0.569440107905983,-0.17442819439316137,0.994015099051393,0.569440107905983,0.17442819439316137,RANGING,LOW,BULL
2025-11-26,26205.30078125,26215.150390625,25842.94921875,25842.94921875,275300,11.970000267028809,207.38225446428572,25875.950861428602,25583.924729119444,0.5969,0.03911422381892571,-0.8368565699002017,-1.7069095485064856,-0.6220115592667663,0.8368565699002017,1.7069095485064856,RANGING,LOW,BULL
2025-11-27,26215.55078125,26310.44921875,26141.900390625,26261.25,240300,11.789999961853027,202.79282924107142,25908.293710935402,25608.6943782226,0.6015,-0.04806903583736144,-0.6934844999710199,-1.2092059504877017,-1.0430876473157213,0.6934844999710199,1.2092059504877017,RANGING,LOW,BULL
2025-11-28,26202.94921875,26280.75,26172.400390625,26237.44921875,202500,11.619999885559082,199.021484375,25936.35614025108,25631.998489615835,0.5877,-0.10380212747401751,-0.06297001097950172,-0.5953528310789213,-1.007900321334898,0.06297001097950172,0.5953528310789213,RANGING,LOW,BULL
2025-12-01,26175.75,26325.80078125,26124.19921875,26325.80078125,213800,11.630000114440918,194.38225446428572,25959.155555465262,25653.322078258352,0.5674,-0.5484113396941881,-0.8221320067237858,-0.5671249868676176,-0.17630971653151972,0.8221320067237858,0.5671249868676176,RANGING,LOW,BULL
2025-12-02,26032.19921875,26154.599609375,25997.849609375,26087.94921875,254800,11.229999542236328,189.97502790178572,25966.112094825716,25668.180005336457,0.5222,-0.17746951904364927,-0.7396564020849761,-0.66110284393891,0.43926969649816794,0.7396564020849761,0.66110284393891,RANGING,LOW,BULL
2025-12-03,25986.0,26066.44921875,25891.0,26004.900390625,265700,11.210000038146973,188.05719866071428,25968.00618103279,25680.64353453895,0.5153,0.18375278996383138,-0.8773955206649697,-0.6443824318864033,1.3182128117062986,0.8773955206649697,0.6443824318864033,RANGING,LOW,BULL
2025-12-04,26033.75,26098.25,25938.94921875,25981.849609375,248100,10.819999694824219,185.19308035714286,25974.267497124907,25694.490846909976,0.5175,0.5865433091659877,-0.5193228741537381,-0.8381397944975277,0.8318078695923603,0.5193228741537381,0.8381397944975277,RANGING,LOW,BULL
2025-12-05,26186.44921875,26202.599609375,25985.349609375,25999.80078125,249300,10.319999694824219,192.29310825892858,25994.475280136823,25713.783332080173,0.5236,-0.862653945989178,-0.5327182728543267,-0.8403156391567634,-0.029595459603015684,0.5327182728543267,0.8403156391567634,RANGING,LOW,BULL
2025-12-08,25960.55078125,26178.69921875,25892.25,26159.80078125,320700,11.130000114440918,202.35379464285714,25991.244375480936,25723.460486949578,0.5069,-0.46570811090926867,0.257120893013596,0.8160443557615471,0.6941271018030548,0.257120893013596,0.8160443557615471,RANGING,LOW,BULL
2025-12-09,25839.650390625,25923.650390625,25728.0,25867.099609375,276000,10.949999809265137,203.36090959821428,25976.806853113703,25728.01695376038,0.474,-0.31598875909956137,0.07913891419142338,1.3061322227581273,0.14396177265423304,0.07913891419142338,1.3061322227581273,RANGING,LOW,BULL
2025-12-10,25758.0,25947.650390625,25734.55078125,25864.05078125,207900,10.90999984741211,204.72516741071428,25955.96810519811,25729.19275949527,0.444,0.54565875164998,0.23507563184252955,1.49118568745632,-0.2900039550819189,0.23507563184252955,1.49118568745632,RANGING,LOW,BULL
2025-12-11,25898.55078125,25922.80078125,25693.25,25771.400390625,206100,10.399999618530273,211.12513950892858,25950.499788631623,25735.834250544474,0.4792,0.5729990019651465,-0.3204812527969336,0.5550503625248115,-0.4181731331793559,0.3204812527969336,0.5550503625248115,RANGING,LOW,BULL
2025-12-12,26046.94921875,26057.599609375,25938.44921875,25971.19921875,216300,10.109999656677246,206.0107421875,25959.685448642897,25748.034837532927,0.5114,-0.07543469807149705,-0.30924476969846904,-0.40254084458967165,-1.2080049561946304,0.30924476969846904,0.40254084458967165,RANGING,LOW,BULL
2025-12-15,26027.30078125,26047.150390625,25904.75,25930.05078125,181600,10.25,203.67508370535714,25966.125004129288,25758.98644316889,0.5185,-0.6424068837574293,0.5574900393802151,-0.3398399727209567,-1.3896991275237025,0.5574900393802151,0.3398399727209567,RANGING,LOW,BULL
2025-12-16,25860.099609375,25980.75,25834.349609375,25951.5,264400,10.0600004196167,190.87151227678572,25956.027347486022,25762.951665373053,0.4487,-0.1606677033445636,1.2260230472393774,1.0421460244580683,-0.6409488072501857,1.2260230472393774,1.0421460244580683,RANGING,LOW,BULL
2025-12-17,25818.55078125,25929.150390625,25770.349609375,25902.400390625,206500,9.84000015258789,190.17522321428572,25942.93434117783,25765.132022858426,0.4407,-0.011619552256891819,1.253164172018395,1.2704043800870535,-0.902648577081433,1.253164172018395,1.2704043800870535,RANGING,LOW,BULL
2025-12-18,25815.55078125,25902.349609375,25726.30078125,25764.69921875,197600,9.710000038146973,195.01088169642858,25930.80257356566,25767.109229069858,0.4422,0.5843362036054733,0.878346551353415,1.9871743366893124,-2.2585254375958264,0.878346551353415,1.9871743366893124,RANGING,LOW,BULL
2025-12-19,25966.400390625,25993.349609375,25880.44921875,25911.5,382900,9.520000457763672,193.31068638392858,25934.192841857024,25774.92456873869,0.4714,0.7933329106115661,-0.09358548310289816,1.093337491350943,-3.1151810742202413,0.09358548310289816,1.093337491350943,RANGING,LOW,BULL
2025-12-22,26172.400390625,26180.69921875,26047.80078125,26055.849609375,253000,9.680000305175781,195.91057477678572,25956.87927507302,25790.51185587149,0.5191,0.018148889399149937,-0.8923552206302698,0.024066681049461636,-3.371872609422988,0.8923552206302698,0.024066681049461636,RANGING,LOW,BULL
2025-12-23,26177.150390625,26233.55078125,26119.05078125,26205.19921875,216600,9.380000114440918,191.55705915178572,25977.857476554163,25805.67415135202,0.526,-0.13389838361685946,-0.1816499524983861,-0.1390540608195323,-4.311011638624185,0.1816499524983861,0.1390540608195323,RANGING,LOW,BULL
2025-12-24,26142.099609375,26236.400390625,26123.0,26170.650390625,188800,9.1899995803833,188.27845982142858,25993.499584441863,25818.86730656861,0.515,-0.3817552133005053,0.01702683388675741,-1.014646887447701,-3.6978637263065384,0.01702683388675741,1.014646887447701,RANGING,LOW,BULL
2025-12-26,26042.30078125,26144.19921875,26008.599609375,26121.25,142200,9.149999618530273,182.4462890625,25998.14731747121,25827.62940361494,0.4809,-0.3847631310177624,1.099173235131734,-1.3785264328813551,-2.6862095907964623,1.099173235131734,1.3785264328813551,RANGING,LOW,BULL
2025-12-29,25942.099609375,26106.80078125,25920.30078125,26063.349609375,234300,9.720000267028809,174.75348772321428,25992.809440509664,25832.118431291805,0.4977,-0.012527898855285713,1.1880348025632426,-0.5853404761429704,-2.016795967281404,1.1880348025632426,0.5853404761429704,RANGING,LOW,BULL
2025-12-30,25938.849609375,25976.75,25878.0,25940.900390625,396900,9.680000305175781,165.1962890625,25987.67040897303,25836.303967687225,0.5163,0.7353834224439026,0.924673271895271,-0.7962913977894726,-2.3832946644116615,0.924673271895271,0.7962913977894726,RANGING,LOW,BULL
2025-12-31,26129.599609375,26187.94921875,25969.0,25971.05078125,246300,9.479999542236328,167.76771763392858,26001.18747567798,25847.805757557333,0.5562,0.06487344669803274,0.04267340790402585,-1.7757639111834034,-3.984749993553016,0.04267340790402585,1.7757639111834034,RANGING,LOW,BULL
2026-01-01,26146.55078125,26197.55078125,26113.400390625,26173.30078125,425600,9.479999542236328,157.38197544642858,26015.031600018174,25859.521248682537,0.5391,0.6960765170238581,-1.0314980898681547,-1.7294869050157091,-1.6025058276538329,1.0314980898681547,1.7294869050157091,RANGING,LOW,BULL
2026-01-02,26328.55078125,26340.0,26118.400390625,26155.099609375,357500,9.449999809265137,161.84988839285714,26044.8905696593,25877.914563685183,0.5429,-0.2972058760474017,-2.4507615529659854,-2.8222243883592957,-2.0986752588125768,2.4507615529659854,2.8222243883592957,RANGING,LOW,BULL
2026-01-05,26250.30078125,26373.19921875,26210.05078125,26333.69921875,338800,10.020000457763672,163.33189174107142,26064.453446953652,25892.517944766158,0.5335,-0.27276473171363724,-1.7525543234102825,-3.87729188222099,-2.3142591967324155,1.7525543234102825,3.87729188222099,RANGING,LOW,BULL
2026-01-06,26178.69921875,26273.94921875,26124.75,26189.69921875,383000,10.020000457763672,160.20675223214286,26075.333996648544,25903.74073982435,0.5515,-0.1449622016468255,-1.7051971672460975,-3.9008783829052374,-1.8526512564559616,1.7051971672460975,3.9008783829052374,RANGING,LOW,BULL
2026-01-07,26140.75,26187.150390625,26067.900390625,26143.099609375,338200,9.949999809265137,157.38169642857142,26081.564092205823,25913.03522061555,0.5522,-1.0095364158449915,-1.8176616609125618,-3.254878338896172,-1.0460649321461735,1.8176616609125618,3.254878338896172,RANGING,LOW,BULL
2026-01-08,25876.849609375,26133.19921875,25858.44921875,26106.5,328500,10.600000381469727,164.97112165178572,26062.067474793363,25911.616177037493,0.5088,-0.7479613285493514,-0.705263595665373,-3.200541144892499,0.2253009239149284,0.705263595665373,3.200541144892499,RANGING,LOW,BULL
2026-01-09,25683.30078125,25940.599609375,25623.0,25840.400390625,348800,10.930000305175781,174.95689174107142,26025.99445636066,25902.662632104653,0.4637,0.41641539637333747,-0.3807952181964058,-1.9775510747270908,1.053403650992224,0.3807952181964058,1.9775510747270908,RANGING,LOW,NEUTRAL
2026-01-12,25790.25,25813.150390625,25473.400390625,25669.05078125,275800,11.369999885559082,183.91768973214286,26003.54260337393,25898.254293590744,0.447,-0.2246942885392733,-2.162638981785747,-1.735151850020844,0.06571948216864687,2.162638981785747,1.735151850020844,RANGING,LOW,NEUTRAL
2026-01-13,25732.30078125,25899.80078125,25603.30078125,25897.349609375,339500,11.199999809265137,196.91768973214286,25977.71004888594,25891.74631271464,0.4381,-0.259211846006413,-2.233771422681463,-1.2179260350219434,-1.0150711904678422,2.233771422681463,1.2179260350219434,RANGING,LOW,NEUTRAL
2026-01-14,25665.599609375,25791.75,25603.94921875,25648.55078125,393100,11.319999694824219,202.23200334821428,25947.985245122993,25882.87781454446,0.4338,0.11201764399650926,-1.4638240464593166,-1.3440138707065286,0.06682248178895289,1.4638240464593166,1.3440138707065286,RANGING,LOW,NEUTRAL
2026-01-16,25694.349609375,25873.5,25662.400390625,25696.05078125,434000,11.369999885559082,207.62486049107142,25923.829470289853,25875.48455159664,0.4515,-0.4236324757381116,-2.5130008292344796,-2.3582975555408114,0.12084672981436118,2.5130008292344796,2.3582975555408114,RANGING,LOW,NEUTRAL
2026-01-19,25585.5,25653.30078125,25494.349609375,25653.099609375,443100,11.829999923706055,208.58914620535714,25891.607615976533,25864.112608396776,0.4503,-1.3796877137441155,-1.6028594687420572,0.5552003331965372,0.9139927278145832,1.6028594687420572,0.5552003331965372,RANGING,LOW,NEUTRAL
2026-01-20,25232.5,25585.0,25171.349609375,25580.30078125,409800,12.729999542236328,231.11774553571428,25828.835462074003,25839.343486498867,0.4183,-0.29723570791637677,0.4369364906370743,2.153968096700676,0.8792216759140103,0.4369364906370743,2.153968096700676,RANGING,LOW,NEUTRAL
2026-01-21,25157.5,25300.94921875,24919.80078125,25141.0,395600,13.779999732971191,240.5498046875,25764.898751400287,25812.60452624401,0.3741,0.526285960946038,1.0390555127695489,1.9290501093113477,1.6446387757130143,1.0390555127695489,1.9290501093113477,RANGING,LOW,NEUTRAL
2026-01-22,25289.900390625,25435.75,25168.5,25344.150390625,486400,13.350000381469727,254.4140625,25719.66081227883,25792.106324847187,0.3964,-0.9539381186706164,0.12159003999636653,1.596680184136634,1.6729983228081169,0.12159003999636653,1.596680184136634,RANGING,LOW,NEUTRAL
2026-01-23,25048.650390625,25347.94921875,25025.30078125,25344.599609375,393900,14.1899995803833,261.6318359375,25655.75505783561,25762.951190171807,0.3334,0.5060152863462841,0.15869118447546793,3.2682415134485554,1.5010788770509098,0.15869118447546793,3.2682415134485554,RANGING,MEDIUM,NEUTRAL
2026-01-27,25175.400390625,25246.650390625,24932.55078125,25063.349609375,618700,14.449999809265137,272.4140625,25610.00699429174,25739.909982346446,0.3719,0.6647346488174222,2.193213939233374,3.0178268794601726,1.2198400208536908,2.193213939233374,3.0178268794601726,RANGING,MEDIUM,BEAR
2026-01-28,25342.75,25372.099609375,25187.650390625,25258.849609375,574900,13.529999732971191,275.80691964285717,25584.553947216336,25724.335081077956,0.4094,0.30048195489833507,1.7095619062651002,2.4113389800830554,0.6068827623284756,1.7095619062651002,2.4113389800830554,RANGING,LOW,BEAR
2026-01-29,25418.900390625,25458.150390625,25159.80078125,25345.0,582400,13.369999885559082,288.59974888392856,25568.777418017162,25712.357250079804,0.4238,-0.3865234077404689,0.8808421575450254,1.5275988424275466,-0.9451628367394216,0.8808421575450254,1.5275988424275466,RANGING,LOW,BEAR
2026-01-30,25320.650390625,25370.69921875,25213.650390625,25247.55078125,508400,13.630000114440918,283.0961216517857,25545.14627255124,25696.99619676785,0.4371,-0.917235522852089,1.4732987595892144,0.5941759647915879,-1.7967594230653972,1.4732987595892144,0.5941759647915879,RANGING,LOW,BEAR
2026-02-02,25088.400390625,25108.099609375,24679.400390625,24796.5,449200,13.869999885559082,306.21400669642856,25501.64666474874,25673.12969456617,0.4337,2.547593233021894,3.1046235650641796,2.369021540317484,-2.4230336775562633,3.1046235650641796,2.369021540317484,RANGING,LOW,BEAR
2026-02-03,25727.55078125,26341.19921875,25641.30078125,26308.05078125,637300,12.899999618530273,371.43178013392856,25523.161342510764,25675.263854828285,0.4965,0.18831648283172964,0.806915555779586,-0.008358318455126135,-3.7378233116766135,0.806915555779586,0.008358318455126135,RANGING,LOW,BEAR
2026-02-04,25776.0,25818.55078125,25563.94921875,25675.05078125,429800,12.25,368.4390345982143,25547.241214652597,25679.214291893844,0.5043,-0.516756745616076,0.6899814143971117,0.16817818658829697,-5.1425775188159495,0.6899814143971117,0.16817818658829697,RANGING,LOW,BEAR
2026-02-05,25642.80078125,25757.650390625,25579.5,25755.900390625,343800,12.170000076293945,369.06040736607144,25556.342125757114,25677.786311084285,0.4994,0.19849016468285186,0.6411095219372775,-0.7349086922392445,-6.2970890495733345,0.6411095219372775,0.7349086922392445,RANGING,LOW,NEUTRAL
2026-02-06,25693.69921875,25703.94921875,25491.900390625,25605.80078125,375500,11.9399995803833,369.12820870535717,25569.423753661198,25678.410346679022,0.5011,0.6756581098813275,-0.8663587421952723,-0.4765729438470423,-5.573738515355253,0.8663587421952723,0.4765729438470423,RANGING,LOW,NEUTRAL
2026-02-09,25867.30078125,25922.25,25780.900390625,25888.69921875,359400,12.1899995803833,371.1675502232143,25597.79299438394,25685.81781470141,0.5214,0.26229876069705504,-0.7134520250515308,-0.5965090155902408,-7.733513398989944,0.7134520250515308,0.5965090155902408,RANGING,LOW,NEUTRAL
2026-02-10,25935.150390625,25989.44921875,25870.44921875,25922.650390625,460900,11.670000076293945,350.31026785714283,25629.922270216422,25695.595562776845,0.5574,0.07209990483325601,-0.808747961129308,-1.9683710806031596,-8.852850149000702,0.808747961129308,1.9683710806031596,RANGING,LOW,NEUTRAL
2026-02-11,25953.849609375,26009.400390625,25899.80078125,25997.44921875,331400,11.550000190734863,330.91392299107144,25660.772492993427,25705.723172447364,0.5658,-0.565042923620962,-0.5182275540019154,-1.8161067297112643,-10.798976037017628,0.5182275540019154,1.8161067297112643,RANGING,LOW,NEUTRAL
2026-02-12,25807.19921875,25906.69921875,25752.400390625,25906.69921875,419400,11.729999542236328,325.4281529017857,25674.717895446433,25709.702625243546,0.5421,-1.302348257655217,-1.3672526273933672,-1.2037278236465943,-9.293524714442725,1.3672526273933672,1.2037278236465943,RANGING,LOW,NEUTRAL
2026-02-13,25471.099609375,25630.349609375,25444.30078125,25571.150390625,453500,13.289999961853027,328.3031529017857,25655.325677725345,25700.34564422909,0.5336,0.8309432803093486,0.39319225381277967,-1.1481609480352373,-7.419974982369338,0.39319225381277967,1.1481609480352373,RANGING,LOW,NEUTRAL
2026-02-16,25682.75,25697.0,25372.69921875,25423.599609375,275800,13.329999923706055,329.0318080357143,25657.93751794198,25699.655618965207,0.5393,0.166066292063749,0.11778333706475852,-3.1813212418841386,-7.417232261926776,0.11778333706475852,3.1813212418841386,RANGING,LOW,NEUTRAL
2026-02-17,25725.400390625,25764.400390625,25570.30078125,25637.94921875,344100,12.670000076293945,328.8461216517857,25664.362553435603,25700.665217853828,0.5302,0.3652002197183979,-1.1690780140767076,-4.8391876189366245,-10.585841070106039,1.1690780140767076,4.8391876189366245,RANGING,LOW,NEUTRAL
2026-02-18,25819.349609375,25828.05078125,25645.150390625,25752.650390625,310200,12.220000267028809,320.59974888392856,25679.12322542983,25705.319507717402,0.5314,-1.4136684522350174,-1.3046401806058316,-4.08007651117398,-10.476056330996308,1.3046401806058316,4.08007651117398,RANGING,LOW,NEUTRAL
2026-02-19,25454.349609375,25885.30078125,25388.75,25873.349609375,298200,13.460000038146973,341.40694754464283,25657.71621437699,25695.477550919662,0.5105,0.4592550680687868,0.1657915936671861,-3.9439247359722596,-11.556764419023114,0.1657915936671861,3.9439247359722596,RANGING,LOW,NEUTRAL
2026-02-20,25571.25,25663.55078125,25379.75,25406.55078125,296600,14.359999656677246,315.87486049107144,25649.481336817276,25690.605882256146,0.5363,0.554333479982394,-1.5353164564696709,-6.034899423180329,-10.397808512978447,1.5353164564696709,6.034899423180329,RANGING,MEDIUM,NEUTRAL
2026-02-23,25713.0,25771.44921875,25609.349609375,25678.400390625,313700,14.170000076293945,240.68917410714286,25655.53073331087,25691.484082951985,0.4994,-1.1214156627970318,-3.2952233549177423,-5.64461708328472,-9.359276557577878,3.2952233549177423,5.64461708328472,RANGING,MEDIUM,NEUTRAL
2026-02-24,25424.650390625,25641.80078125,25327.599609375,25641.80078125,439100,14.149999618530273,250.03194754464286,25633.542129245547,25681.020016586222,0.4683,0.2275335490801167,-3.7135235927300836,-6.127127639184449,-10.246161662897746,3.7135235927300836,6.127127639184449,RANGING,MEDIUM,NEUTRAL
2026-02-25,25482.5,25652.599609375,25428.19921875,25512.599609375,414200,13.489999771118164,252.2783203125,25619.157164555498,25673.234917896567,0.4859,0.05513894339252978,-2.8121244358873754,-7.23378636073776,-12.365739662022957,2.8121244358873754,7.23378636073776,RANGING,LOW,NEUTRAL
2026-02-26,25496.55078125,25572.94921875,25400.94921875,25556.30078125,405200,13.0600004196167,249.41768973214286,25607.48036614545,25666.306128224154,0.4824,-1.2468368500212268,-4.102914043060668,-9.199092034048107,-11.049143136242234,4.102914043060668,9.199092034048107,RANGING,LOW,NEUTRAL
2026-02-27,25178.650390625,25476.400390625,25141.30078125,25459.849609375,438900,13.699999809265137,258.46763392857144,25566.63941609588,25647.182373808504,0.4388,-1.2429227421638323,-4.569742982743086,-7.029167893899446,-9.792227712761047,4.569742982743086,7.029167893899446,RANGING,LOW,NEUTRAL
2026-03-02,24865.69921875,24989.349609375,24603.5,24659.25,519200,17.1299991607666,290.82491629464283,25499.883206824845,25616.535975570918,0.4084,-1.5491187895474101,-2.429449516221438,-5.165946940902366,-7.630789715815545,2.429449516221438,5.165946940902366,RANGING,MEDIUM,NEUTRAL
2026-03-04,24480.5,24602.44921875,24305.400390625,24388.80078125,599000,21.139999389648438,323.01771763392856,25402.799091889145,25571.98554515637,0.3811,1.1658274570576665,-2.50669059302302,-2.8704447162026914,-5.542573106656324,2.50669059302302,2.8704447162026914,RANGING,MEDIUM,BEAR
2026-03-05,24765.900390625,24854.19921875,24529.400390625,24615.94921875,504300,17.860000610351562,335.3212890625,25342.14207272113,25540.37436262573,0.4249,-1.2737318930444053,-4.5496024058407585,-7.121687369249285,-3.1032620220863505,4.5496024058407585,7.121687369249285,RANGING,MEDIUM,BEAR
2026-03-06,24450.44921875,24700.900390625,24415.75,24656.400390625,433400,19.8799991607666,334.4107142857143,25257.2189437715,25497.6322001208,0.4252,-1.7275692308183932,-5.314215692931256,-5.463904596589241,-2.7621153432923595,5.314215692931256,5.463904596589241,RANGING,MEDIUM,BEAR
2026-03-09,24028.05078125,24078.150390625,23697.80078125,23868.05078125,526900,23.360000610351562,365.00697544642856,25140.15530924564,25440.001556243515,0.3795,0.9719840791548862,-2.5771961514382324,-6.30679701995438,0.09384376756267354,2.5771961514382324,6.30679701995438,HIGH_VOL,HIGH,BEAR
2026-03-10,24261.599609375,24303.80078125,24079.94921875,24280.80078125,444300,18.90999984741211,370.83914620535717,25056.48333782939,25393.78971518985,0.4006,-1.6270567743087438,-2.804634606561829,-5.56104807792085,-1.7267996566397548,2.804634606561829,5.56104807792085,RANGING,MEDIUM,BEAR
2026-03-11,23866.849609375,24299.0,23834.30078125,24231.849609375,407400,21.059999465942383,390.96763392857144,24943.1848875004,25333.90971104025,0.369,-0.9540396930332928,-0.373106755111996,-2.3480283313339845,1.5270183448587327,0.373106755111996,2.3480283313339845,RANGING,MEDIUM,BEAR
2026-03-12,23639.150390625,23833.150390625,23556.30078125,23674.849609375,501000,21.520000457763672,377.68178013392856,24818.99112589322,25267.448561220048,0.3742,-2.064586811222946,-2.6946822938806902,-3.466921474364937,2.358797165553539,2.6946822938806902,3.466921474364937,RANGING,MEDIUM,BEAR
2026-03-13,23151.099609375,23492.400390625,23112.0,23462.5,519800,22.649999618530273,395.0638950892857,24660.144314796245,25184.454484677102,0.3362,1.1131271353117311,-0.15809015551113692,-3.5406491811648677,5.193926820599359,0.15809015551113692,3.5406491811648677,HIGH_VOL,HIGH,BEAR
2026-03-16,23408.80078125,23502.0,22955.25,23116.099609375,540300,21.600000381469727,419.81752232142856,24540.968740172793,25114.821006111335,0.3536,0.7362598835607637,-3.828262707685559,-3.115923782004393,4.0841426994020935,3.828262707685559,3.115923782004393,RANGING,MEDIUM,BEAR
2026-03-17,23581.150390625,23656.80078125,23346.599609375,23493.19921875,458800,19.790000915527344,414.44614955357144,24449.55746878729,25054.67706040599,0.3879,0.8339304375208911,-2.835951549954363,-3.681121433308465,4.221376829629797,2.835951549954363,3.681121433308465,RANGING,MEDIUM,BEAR
2026-03-18,23777.80078125,23862.25,23618.44921875,23632.900390625,382900,18.719999313354492,418.2426060267857,24385.580641402787,25004.603480831243,0.4005,-3.2620779262169552,-1.9823177376087853,-3.404649524561465,2.5246187973715584,1.9823177376087853,3.404649524561465,RANGING,MEDIUM,BEAR
2026-03-19,23002.150390625,23378.69921875,22930.349609375,23197.75,550100,22.799999237060547,466.48911830357144,24253.82537942395,24926.07590866629,0.3722,0.4884308965338757,-0.7936248487637187,0.5282114843033092,5.090395335830089,0.7936248487637187,0.5282114843033092,HIGH_VOL,HIGH,BEAR
2026-03-20,23114.5,23345.150390625,23067.599609375,23110.150390625,663300,22.809999465942383,465.61411830357144,24145.31820043119,24855.033716169575,0.396,-2.6037751600726855,-3.3879149857232504,3.819462282874375,3.389427496809372,3.3879149857232504,3.819462282874375,HIGH_VOL,HIGH,BEAR
2026-03-23,22512.650390625,22851.69921875,22471.25,22824.349609375,550300,26.729999542236328,470.47837611607144,23989.826028068695,24763.175546540377,0.3863,1.7756683156527453,0.7406946632522615,5.60773252746698,7.018493161440387,0.7406946632522615,5.60773252746698,HIGH_VOL,HIGH,BEAR
2026-03-24,22912.400390625,23057.30078125,22624.19921875,22878.44921875,538100,24.739999771118164,469.36063058035717,23887.214062597868,24690.596128661342,0.4301,1.719805962740728,-0.8698380695701724,4.967612294413781,4.7280023465732235,0.8698380695701724,4.967612294413781,HIGH_VOL,HIGH,BEAR
2026-03-25,23306.44921875,23465.349609375,23063.19921875,23064.400390625,505400,24.639999389648438,482.16420200892856,23831.903125088545,24636.315857684425,0.438,-2.088905112938999,-1.4510971430084618,2.300655783479999,3.7380261733482856,1.4510971430084618,2.300655783479999,HIGH_VOL,HIGH,BEAR
2026-03-27,22819.599609375,23186.099609375,22804.55078125,23173.55078125,612600,26.799999237060547,493.0033482142857,23735.493266449157,24565.072083240917,0.4312,-2.139385559374285,1.3324106752735876,6.186353818824375,5.162015074931725,1.3324106752735876,6.186353818824375,HIGH_VOL,HIGH,BEAR
2026-03-30,22331.400390625,22714.099609375,22283.849609375,22549.650390625,698600,27.889999389648438,477.51060267857144,23601.770135418286,24477.47711490304,0.428,1.5583438293735208,7.460119784737662,8.353034636189216,8.006217072600519,7.460119784737662,8.353034636189216,HIGH_VOL,HIGH,BEAR
2026-04-01,22679.400390625,22941.30078125,22618.599609375,22899.0,518000,25.010000228881836,501.3784877232143,23513.925397818926,24406.964302186254,0.4356,0.14858954897207788,4.831253030847016,7.381810637802588,5.9675316247975285,4.831253030847016,7.381810637802588,HIGH_VOL,HIGH,BEAR
2026-04-02,22713.099609375,22782.30078125,22182.55078125,22383.400390625,495100,25.520000457763672,511.0249720982143,23437.65627510998,24340.538235801498,0.4525,1.123362266767347,5.888672277243634,7.272235090794155,7.122980294187675,5.888672277243634,7.272235090794155,HIGH_VOL,HIGH,BEAR
2026-04-06,22968.25,22998.349609375,22542.94921875,22780.30078125,426400,25.469999313354492,521.3715122767857,23392.950915575697,24286.723010868107,0.4738,0.6765878576948658,3.8069961386914652,7.00249087054956,5.91425289530112,3.8069961386914652,7.00249087054956,HIGH_VOL,HIGH,BEAR
2026-04-07,23123.650390625,23153.849609375,22719.30078125,22838.69921875,477000,24.700000762939453,514.7571149553571,23367.303246532774,24241.112319878182,0.5008,3.7783792956159967,4.790119085497313,5.424961879109658,4.55161699048483,4.790119085497313,5.424961879109658,HIGH_VOL,HIGH,BEAR
2026-04-08,23997.349609375,24025.150390625,23828.5,23855.150390625,639300,19.700000762939453,540.0964006696429,23427.307662041556,24231.552997897667,0.5245,-0.9261439434677166,0.8309267226206618,0.7321690717309925,-0.756333524136743,0.8309267226206618,0.7321690717309925,RANGING,MEDIUM,BEAR
2026-04-09,23775.099609375,23990.75,23682.80078125,23909.05078125,466600,20.43000030517578,540.4069475446429,23460.430704644743,24213.65286501443,0.5096,1.1587753764504383,2.4330126114252115,0.5167154350283365,-1.6637104980583461,2.4330126114252115,0.5167154350283365,RANGING,MEDIUM,BEAR
2026-04-10,24050.599609375,24074.05078125,23856.349609375,23880.55078125,481300,18.850000381469727,541.6820591517857,23516.637267000006,24207.258619695236,0.5124,-0.8646321593950623,1.306620230281097,0.17504598662310134,-2.6527405152564465,1.306620230281097,0.17504598662310134,RANGING,MEDIUM,BEAR
2026-04-13,23842.650390625,23907.400390625,23555.599609375,23589.599609375,488800,20.5,516.5069754464286,23547.686135916672,24192.960257770916,0.5376,1.6300637062472756,3.0783038241360527,0.6419119754621727,-0.6419201671898911,3.0783038241360527,0.6419119754621727,RANGING,MEDIUM,BEAR
2026-04-15,24231.30078125,24280.900390625,24145.80078125,24163.80078125,460300,18.670000076293945,523.310546875,23612.792292615082,24194.463807711272,0.5479,-0.1425873978533332,0.6058231435870365,-0.22140945345581198,-2.425791279454692,0.6058231435870365,0.22140945345581198,RANGING,MEDIUM,BEAR
2026-04-16,24196.75,24400.94921875,24102.80078125,24385.19921875,508000,18.09000015258789,498.66043526785717,23668.407312366027,24194.55346231083,0.5804,0.6480241406387144,-0.0979438096025298,-0.8232478277041322,-2.259810847531174,0.0979438096025298,0.8232478277041322,RANGING,MEDIUM,BEAR
2026-04-17,24353.55078125,24371.900390625,24096.05078125,24165.900390625,498600,17.209999084472656,479.4603794642857,23733.65907130736,24200.788651288836,0.5698,0.04639499277327985,-1.870780842565145,-0.9618720576071049,-3.0203019997244396,1.870780842565145,0.9618720576071049,RANGING,MEDIUM,BEAR
2026-04-20,24364.849609375,24480.650390625,24241.25,24391.5,415900,18.790000915527344,457.0640345982143,23793.77245588523,24207.22241435104,0.5525,0.8690798564113589,-1.1169795627233525,-1.362819116261793,-2.896999656026633,1.1169795627233525,1.362819116261793,RANGING,MEDIUM,BEAR
2026-04-21,24576.599609375,24601.69921875,24354.900390625,24374.55078125,425800,17.530000686645508,438.84263392857144,23868.327422884257,24221.707794548056,0.596,-0.8076788618238351,-2.363632072206645,-0.9995296116200425,-3.7511307718636977,2.363632072206645,0.9995296116200425,RANGING,MEDIUM,BEAR
2026-04-22,24378.099609375,24515.94921875,24352.900390625,24470.849609375,440500,18.299999237060547,416.5532924107143,23916.877154930993,24227.84080689421,0.6273,-0.8411190019346093,-0.8222512089207878,-0.21104688049684572,-2.7024207738967854,0.8222512089207878,0.21104688049684572,RANGING,MEDIUM,BEAR
2026-04-23,24173.05078125,24310.19921875,24134.80078125,24202.349609375,467500,18.59000015258789,390.36746651785717,23941.27464315185,24225.692178437577,0.5909,-1.1380506539678703,-0.7260151049536812,0.012822582482652223,-0.5847485440672595,0.7260151049536812,0.012822582482652223,RANGING,MEDIUM,BEAR
2026-04-24,23897.94921875,24206.0,23813.650390625,24100.55078125,438400,19.709999084472656,375.5531529017857,23937.148412256436,24212.83951335179,0.5692,0.8149234824183171,0.9262366426251001,-0.34354248820055444,0.06590523670391146,0.9262366426251001,0.34354248820055444,RANGING,MEDIUM,BEAR
2026-04-27,24092.69921875,24130.69921875,23936.19921875,23945.44921875,430300,18.3799991607666,359.64955357142856,23951.962774779633,24208.12812924976,0.5656,-0.4026115924964935,-0.2486165495868775,-2.9600188464769306,-0.7701454554357223,0.2486165495868775,2.9600188464769306,RANGING,MEDIUM,BEAR
2026-04-28,23995.69921875,24181.80078125,23957.05078125,24049.900390625,554100,18.049999237060547,344.66392299107144,23956.12815039586,24199.797583739964,0.5508,0.7582657634449097,1.397125363773677,-2.430017162906306,-1.86678960536385,1.397125363773677,2.430017162906306,RANGING,MEDIUM,BEAR
2026-04-29,24177.650390625,24334.69921875,24059.94921875,24096.900390625,531100,17.440000534057617,304.4853515625,23977.22550660816,24198.929066362907,0.5157,-0.7449012061355398,0.6162716293464765,-2.0186030212399952,-3.288370740765967,0.6162716293464765,2.0186030212399952,RANGING,MEDIUM,BEAR
2026-04-30,23997.55078125,24087.44921875,23796.849609375,23996.94921875,505500,18.459999084472656,309.21763392857144,23979.16124705024,24191.031878711423,0.5196,0.5073434414612388,0.7442409894369062,-1.4753621504017378,-2.141885247729547,0.7442409894369062,1.4753621504017378,RANGING,MEDIUM,BEAR
2026-05-04,24119.30078125,24290.19921875,24004.75,24063.55078125,419100,18.299999237060547,308.76743861607144,23992.50786935498,24188.218894497248,0.507,-0.35863394542201554,-1.2581259076585583,-1.9459584121313656,-2.9590458626803207,1.2581259076585583,1.9459584121313656,RANGING,MEDIUM,BEAR
2026-05-05,24032.80078125,24081.69921875,23882.05078125,24052.599609375,363300,17.90999984741211,290.35672433035717,23996.345289535457,24182.12406652677,0.5182,1.240589643353629,-2.7181600927248306,-1.7259776961727313,-2.5642038379512844,2.7181600927248306,1.7259776961727313,RANGING,MEDIUM,BEAR
2026-05-06,24330.94921875,24356.5,23997.900390625,24171.0,429200,16.68000030517578,284.6674107142857,24028.212330413033,24187.960347006112,0.5104,-0.017668148029703623,-3.7744092970581566,-2.761705730050923,-3.963059522794643,3.7744092970581566,2.761705730050923,RANGING,MEDIUM,BEAR
2026-05-07,24326.650390625,24482.099609375,24284.0,24398.5,440600,16.6200008392334,277.5210658482143,24056.63500281417,24193.399172246067,0.5133,-0.6186630612244115,-2.618736122814125,-2.7622017872791726,-4.9478673442393095,2.618736122814125,2.7622017872791726,RANGING,MEDIUM,BEAR
2026-05-08,24176.150390625,24253.80078125,24126.650390625,24233.650390625,335900,16.84000015258789,272.10323660714283,24068.01742070092,24192.7227494374,0.4839,-1.4903149402549887,-2.2032059778696267,-1.8896706133667895,-3.8635215539203682,2.2032059778696267,1.8896706133667895,RANGING,MEDIUM,BEAR
2026-05-11,23815.849609375,23997.44921875,23799.099609375,23970.099609375,390100,18.549999237060547,281.93540736607144,24044.00143866988,24177.943410611424,0.4535,-1.8319683541890175,-0.696596566345864,0.9063275630109446,-2.523111291349678,0.696596566345864,0.9063275630109446,RANGING,MEDIUM,BEAR
2026-05-12,23379.55078125,23757.55078125,23348.400390625,23722.599609375,447500,19.280000686645508,297.69614955357144,23980.72042367751,24146.633895734507,0.4032,0.14135784059419176,1.0199050485659056,2.2846822100978104,-0.9322299385229993,1.0199050485659056,2.2846822100978104,RANGING,MEDIUM,BEAR
2026-05-13,23412.599609375,23582.94921875,23262.55078125,23362.44921875,415400,19.43000030517578,304.60323660714283,23926.613679458227,24117.8482374459,0.4217,1.1831236369372666,1.0524264487329127,2.112327505280409,0.898237635968413,1.0524264487329127,2.112327505280409,RANGING,MEDIUM,BEAR
2026-05-14,23689.599609375,23777.19921875,23426.55078125,23530.25,428700,18.610000610351562,313.267578125,23904.040910878874,24101.054173599983,0.464,-0.19459851637491088,-0.14732368296840326,-0.5987843260924719,0.6935565985040082,0.14732368296840326,0.5987843260924719,RANGING,MEDIUM,BEAR
2026-05-15,23643.5,23839.30078125,23610.30078125,23731.400390625,408900,18.790000915527344,301.59974888392856,23879.227490795172,24083.110872674497,0.4805,0.027276920718177777,0.3205988167995333,-1.10347618002834,1.461925648169693,0.3205988167995333,1.10347618002834,RANGING,MEDIUM,BEAR
2026-05-18,23649.94921875,23695.650390625,23317.099609375,23482.19921875,392000,19.6299991607666,312.0140904017857,23857.391464886106,24066.124141148044,0.464,-0.1350921241076941,1.6141683708028598,-0.7035889843183152,1.8424986707985536,1.6141683708028598,0.7035889843183152,RANGING,MEDIUM,BEAR
2026-05-19,23618.0,23782.30078125,23587.19921875,23675.30078125,442000,18.68000030517578,309.89634486607144,23834.592277754095,24048.55064541675,0.4693,0.173596409518173,1.252007870056726,-0.8993157364086679,2.3287323228046386,1.252007870056726,0.8993157364086679,RANGING,MEDIUM,BEAR
2026-05-20,23659.0,23690.900390625,23397.30078125,23457.25,344100,18.440000534057617,306.65345982142856,23817.869203682276,24033.274149518056,0.456,-0.018178203854768427,1.0488625496639647,-1.024765284881013,1.552478047466077,1.0488625496639647,1.024765284881013,RANGING,MEDIUM,BEAR
