trading_date,model,direction,selection_rank,symbol,v3_score,gap_pct,gap_band,gap_direction,nifty_gap_pct,C1_score,C2_score,t1_ret_pct,dir_adj_ret,favorable,ge2,ge3,mfe_pct,mae_pct,eod_cont_pct,regime
2026-05-14,A_V3_Top5,UP,1,IDEA.NS,0.9546,0.23130300693907646,NO_GAP,NEUTRAL,0.17645211698722463,0.5,0.23130300693907646,-0.1542,-0.1542,False,False,False,2.775636083269073,2.2359290670778798,-0.3846133846153732,RANGE
2026-05-14,A_V3_Top5,UP,2,OIL.NS,0.9051,1.2462564003478116,MEDIUM,GAP_UP,0.17645211698722463,1.0,1.2462564003478116,0.1449,0.1449,True,False,False,1.439474446913347,0.7438894792773487,-1.0877996278626068,RANGE
2026-05-14,A_V3_Top5,UP,3,SAIL.NS,0.8891,0.4571026722925531,SMALL,GAP_UP,0.17645211698722463,1.0,0.4571026722925531,-3.3554,-3.3554,False,False,False,0.5826803295157612,3.7823990355635884,-3.795154917745891,RANGE
2026-05-14,A_V3_Top5,UP,4,METROBRAND.NS,0.8454,0.6379129772446035,SMALL,GAP_UP,0.17645211698722463,1.0,0.6379129772446035,-1.9137,-1.9137,False,False,False,1.2091783300009595,2.5421308197657755,-2.5354390823084216,RANGE
2026-05-14,A_V3_Top5,UP,5,RATNAMANI.NS,0.834,0.0,NO_GAP,NEUTRAL,0.17645211698722463,0.5,0.0,-6.7576,-6.7576,False,False,False,0.380807298317265,7.259578783508324,-6.7575999999999965,RANGE
2026-05-14,C1_Top5,UP,1,OIL.NS,0.9051,1.2462564003478116,MEDIUM,GAP_UP,0.17645211698722463,1.0,1.2462564003478116,0.1449,0.1449,True,False,False,1.439474446913347,0.7438894792773487,-1.0877996278626068,RANGE
2026-05-14,C1_Top5,UP,2,SAIL.NS,0.8891,0.4571026722925531,SMALL,GAP_UP,0.17645211698722463,1.0,0.4571026722925531,-3.3554,-3.3554,False,False,False,0.5826803295157612,3.7823990355635884,-3.795154917745891,RANGE
2026-05-14,C1_Top5,UP,3,METROBRAND.NS,0.8454,0.6379129772446035,SMALL,GAP_UP,0.17645211698722463,1.0,0.6379129772446035,-1.9137,-1.9137,False,False,False,1.2091783300009595,2.5421308197657755,-2.5354390823084216,RANGE
2026-05-14,C1_Top5,UP,4,STLTECH.NS,0.8284,1.9508157956963812,MEDIUM,GAP_UP,0.17645211698722463,1.0,1.9508157956963812,-0.733,-0.733,False,False,False,2.790257744147562,2.5183258453535085,-2.632461324365065,RANGE
2026-05-14,C1_Top5,UP,5,TATACOMM.NS,0.8002,0.8393212970231323,SMALL,GAP_UP,0.17645211698722463,1.0,0.8393212970231323,1.4431,1.4431,True,False,False,3.61693134472556,-0.6883642292132119,0.598753239520966,RANGE
2026-05-14,C2_Top5,UP,1,IDEAFORGE.NS,0.7971,3.1596321622258783,LARGE,GAP_UP,0.17645211698722463,1.0,3.1596321622258783,-3.478,-3.478,False,False,False,4.692289554350393,5.423249233671301,-6.434330971428559,RANGE
2026-05-14,C2_Top5,UP,2,STLTECH.NS,0.8284,1.9508157956963812,MEDIUM,GAP_UP,0.17645211698722463,1.0,1.9508157956963812,-0.733,-0.733,False,False,False,2.790257744147562,2.5183258453535085,-2.632461324365065,RANGE
2026-05-14,C2_Top5,UP,3,OIL.NS,0.9051,1.2462564003478116,MEDIUM,GAP_UP,0.17645211698722463,1.0,1.2462564003478116,0.1449,0.1449,True,False,False,1.439474446913347,0.7438894792773487,-1.0877996278626068,RANGE
2026-05-14,C2_Top5,UP,4,AJANTPHARM.NS,0.7786,0.9419458762886634,SMALL,GAP_UP,0.17645211698722463,1.0,0.9419458762886634,-2.516,-2.516,False,False,False,0.9419458762886634,3.043691703485507,-3.425677845091879,RANGE
2026-05-14,C2_Top5,UP,5,TATACOMM.NS,0.8002,0.8393212970231323,SMALL,GAP_UP,0.17645211698722463,1.0,0.8393212970231323,1.4431,1.4431,True,False,False,3.61693134472556,-0.6883642292132119,0.598753239520966,RANGE
2026-05-14,A_V3_Top5,DOWN,1,TEJASNET.NS,0.8975,0.09824254993995307,NO_GAP,NEUTRAL,0.17645211698722463,0.5,-0.09824254993995307,-2.6853,2.6853,True,True,False,3.2856675035476512,0.4257177164064929,-2.7808106106870123,RANGE
2026-05-14,A_V3_Top5,DOWN,2,GRSE.NS,0.8568,0.5027020219820377,SMALL,GAP_UP,0.17645211698722463,0.0,-0.5027020219820377,-0.7208,0.7208,True,False,False,2.491310064733865,1.149556485161396,-1.2173822169621151,RANGE
2026-05-14,A_V3_Top5,DOWN,3,INTELLECT.NS,0.8284,-0.4325259515570945,SMALL,GAP_DOWN,0.17645211698722463,1.0,0.4325259515570945,-1.0092,1.0092,True,False,False,1.5282583621683998,1.751730103806226,-0.5791791485664666,RANGE
2026-05-14,A_V3_Top5,DOWN,4,JYOTHYLAB.NS,0.8039,0.0,NO_GAP,NEUTRAL,0.17645211698722463,0.5,-0.0,-0.9261,0.9261,True,False,False,1.242376327083805,0.7906031172351558,-0.9260999999999964,RANGE
2026-05-14,A_V3_Top5,DOWN,5,ROUTE.NS,0.8002,0.0,NO_GAP,NEUTRAL,0.17645211698722463,0.5,-0.0,-0.553,0.553,True,False,False,1.0269576379974388,0.503604226325649,-0.5530000000000035,RANGE
2026-05-14,C1_Top5,DOWN,1,INTELLECT.NS,0.8284,-0.4325259515570945,SMALL,GAP_DOWN,0.17645211698722463,1.0,0.4325259515570945,-1.0092,1.0092,True,False,False,1.5282583621683998,1.751730103806226,-0.5791791485664666,RANGE
2026-05-14,C1_Top5,DOWN,2,CHOLAFIN.NS,0.7981,-1.990938676536269,MEDIUM,GAP_DOWN,0.17645211698722463,1.0,1.990938676536269,-1.3273,1.3273,True,False,False,2.4376236360155623,0.42116010465191867,0.6771197148251806,RANGE
2026-05-14,C1_Top5,DOWN,3,SHRIRAMFIN.NS,0.7308,-1.5078601219120968,MEDIUM,GAP_DOWN,0.17645211698722463,1.0,1.5078601219120968,0.2994,-0.2994,False,False,False,1.5078601219120968,1.1549566891241536,1.8349282736156214,RANGE
2026-05-14,C1_Top5,DOWN,4,SBIN.NS,0.7223,-0.8878456985406569,SMALL,GAP_DOWN,0.17645211698722463,1.0,0.8878456985406569,-1.7043,1.7043,True,False,False,2.3369731605265787,-0.7551790999081542,-0.8237680910214262,RANGE
2026-05-14,C1_Top5,DOWN,5,TEJASNET.NS,0.8975,0.09824254993995307,NO_GAP,NEUTRAL,0.17645211698722463,0.5,-0.09824254993995307,-2.6853,2.6853,True,True,False,3.2856675035476512,0.4257177164064929,-2.7808106106870123,RANGE
2026-05-14,C2_Top5,DOWN,1,CHOLAFIN.NS,0.7981,-1.990938676536269,MEDIUM,GAP_DOWN,0.17645211698722463,1.0,1.990938676536269,-1.3273,1.3273,True,False,False,2.4376236360155623,0.42116010465191867,0.6771197148251806,RANGE
2026-05-14,C2_Top5,DOWN,2,SHRIRAMFIN.NS,0.7308,-1.5078601219120968,MEDIUM,GAP_DOWN,0.17645211698722463,1.0,1.5078601219120968,0.2994,-0.2994,False,False,False,1.5078601219120968,1.1549566891241536,1.8349282736156214,RANGE
2026-05-14,C2_Top5,DOWN,3,SBIN.NS,0.7223,-0.8878456985406569,SMALL,GAP_DOWN,0.17645211698722463,1.0,0.8878456985406569,-1.7043,1.7043,True,False,False,2.3369731605265787,-0.7551790999081542,-0.8237680910214262,RANGE
2026-05-14,C2_Top5,DOWN,4,INTELLECT.NS,0.8284,-0.4325259515570945,SMALL,GAP_DOWN,0.17645211698722463,1.0,0.4325259515570945,-1.0092,1.0092,True,False,False,1.5282583621683998,1.751730103806226,-0.5791791485664666,RANGE
2026-05-14,C2_Top5,DOWN,5,COCHINSHIP.NS,0.7401,-0.00607828835400559,NO_GAP,NEUTRAL,0.17645211698722463,0.5,0.00607828835400559,-3.0817,3.0817,True,True,True,3.3552151714077327,0.23097495745196817,-3.075808668166058,RANGE
2026-05-15,A_V3_Top5,UP,1,JPPOWER.NS,0.9444,-1.7400204708290734,MEDIUM,GAP_DOWN,-0.6822204834309731,0.0,-1.7400204708290734,-2.5077,-2.5077,False,False,False,-1.1258955987717423,4.810644831115651,-0.7812738541666642,RANGE
2026-05-15,A_V3_Top5,UP,2,CROMPTON.NS,0.827,-1.0432190760059523,MEDIUM,GAP_DOWN,-0.6822204834309731,0.0,-1.0432190760059523,-2.8647,-2.8647,False,False,False,-1.0432190760059523,4.57029309488326,-1.8406832831325382,RANGE
2026-05-15,A_V3_Top5,UP,3,BIOCON.NS,0.8262,-0.38363171355499937,SMALL,GAP_DOWN,-0.6822204834309731,0.0,-0.38363171355499937,-0.8951,-0.8951,False,False,False,0.40688212043711314,1.8019065333643391,-0.5134379974325975,RANGE
2026-05-15,A_V3_Top5,UP,4,SOLARINDS.NS,0.8248,1.1262562088483419,MEDIUM,GAP_UP,-0.6822204834309731,1.0,1.1262562088483419,4.0718,4.0718,True,True,True,4.476146471063869,0.5024835393323324,2.9127388885715755,RANGE
2026-05-15,A_V3_Top5,UP,5,SAIL.NS,0.8223,-0.20790020790021346,NO_GAP,NEUTRAL,-0.6822204834309731,0.5,-0.20790020790021346,0.1715,0.1715,True,False,False,1.3513513513513375,2.177754677754673,0.38019062499998757,RANGE
2026-05-15,C1_Top5,UP,1,SOLARINDS.NS,0.8248,1.1262562088483419,MEDIUM,GAP_UP,-0.6822204834309731,1.0,1.1262562088483419,4.0718,4.0718,True,True,True,4.476146471063869,0.5024835393323324,2.9127388885715755,RANGE
2026-05-15,C1_Top5,UP,2,POLICYBZR.NS,0.8088,0.3731564295445189,SMALL,GAP_UP,-0.6822204834309731,1.0,0.3731564295445189,3.5539,3.5539,True,True,True,3.814487946455025,0.8470058638867517,3.168918547149757,RANGE
2026-05-15,C1_Top5,UP,3,SAIL.NS,0.8223,-0.20790020790021346,NO_GAP,NEUTRAL,-0.6822204834309731,0.5,-0.20790020790021346,0.1715,0.1715,True,False,False,1.3513513513513375,2.177754677754673,0.38019062499998757,RANGE
2026-05-15,C1_Top5,UP,4,ADANIGREEN.NS,0.7929,-0.29731689630165814,NO_GAP,NEUTRAL,-0.6822204834309731,0.5,-0.29731689630165814,-0.7252,-0.7252,False,False,False,-0.29731689630165814,4.82958665699782,-0.4291590661139155,RANGE
2026-05-15,C1_Top5,UP,5,PFIZER.NS,0.7926,0.2886108023246292,NO_GAP,NEUTRAL,-0.6822204834309731,0.5,0.2886108023246292,-1.9255,-1.9255,False,False,False,1.6287504135971798,2.84175216090774,-2.2077390289998,RANGE
2026-05-15,C2_Top5,UP,1,SOLARINDS.NS,0.8248,1.1262562088483419,MEDIUM,GAP_UP,-0.6822204834309731,1.0,1.1262562088483419,4.0718,4.0718,True,True,True,4.476146471063869,0.5024835393323324,2.9127388885715755,RANGE
2026-05-15,C2_Top5,UP,2,POLICYBZR.NS,0.8088,0.3731564295445189,SMALL,GAP_UP,-0.6822204834309731,1.0,0.3731564295445189,3.5539,3.5539,True,True,True,3.814487946455025,0.8470058638867517,3.168918547149757,RANGE
2026-05-15,C2_Top5,UP,3,OIL.NS,0.7826,0.2894076789504041,NO_GAP,NEUTRAL,-0.6822204834309731,0.5,0.2894076789504041,-2.3635,-2.3635,False,False,False,0.43411151842562834,2.6721975689754873,-2.6452521161985265,RANGE
2026-05-15,C2_Top5,UP,4,PFIZER.NS,0.7926,0.2886108023246292,NO_GAP,NEUTRAL,-0.6822204834309731,0.5,0.2886108023246292,-1.9255,-1.9255,False,False,False,1.6287504135971798,2.84175216090774,-2.2077390289998,RANGE
2026-05-15,C2_Top5,UP,5,AJANTPHARM.NS,0.7441,0.1605186957069238,NO_GAP,NEUTRAL,-0.6822204834309731,0.5,0.1605186957069238,1.1614,1.1614,True,False,False,1.6303663603172591,0.8560997104368528,0.9992772774408243,RANGE
2026-05-15,A_V3_Top5,DOWN,1,TEJASNET.NS,0.8882,-1.0768367919237298,MEDIUM,GAP_DOWN,-0.6822204834309731,1.0,1.0768367919237298,-2.0303,2.0303,True,True,False,4.441951766685359,-1.0768367919237298,-0.9638422156706961,RANGE
2026-05-15,A_V3_Top5,DOWN,2,KALYANKJIL.NS,0.8635,-1.7136382948590878,MEDIUM,GAP_DOWN,-0.6822204834309731,1.0,1.7136382948590878,-1.9686,1.9686,True,False,False,4.54609828636171,-1.1471462965585655,-0.2594070028818396,RANGE
2026-05-15,A_V3_Top5,DOWN,3,CRAFTSMAN.NS,0.8503,0.11816838995568624,NO_GAP,NEUTRAL,-0.6822204834309731,0.5,-0.11816838995568624,-0.4018,0.4018,True,False,False,2.5997045790251083,0.43131462333825255,-0.5193546768958335,RANGE
2026-05-15,A_V3_Top5,DOWN,4,GRSE.NS,0.8424,-1.1392792411958341,MEDIUM,GAP_DOWN,-0.6822204834309731,1.0,1.1392792411958341,-3.8795,3.8795,True,True,True,5.0597529714342615,-1.0015228043308677,-2.771799292754129,RANGE
2026-05-15,A_V3_Top5,DOWN,5,INTELLECT.NS,0.8257,-0.2330323332362383,NO_GAP,NEUTRAL,-0.6822204834309731,0.5,0.2330323332362383,0.6627,-0.6627,False,False,False,2.854646082143897,1.5802505097582298,0.8978245547445196,RANGE
2026-05-15,C1_Top5,DOWN,1,TEJASNET.NS,0.8882,-1.0768367919237298,MEDIUM,GAP_DOWN,-0.6822204834309731,1.0,1.0768367919237298,-2.0303,2.0303,True,True,False,4.441951766685359,-1.0768367919237298,-0.9638422156706961,RANGE
2026-05-15,C1_Top5,DOWN,2,KALYANKJIL.NS,0.8635,-1.7136382948590878,MEDIUM,GAP_DOWN,-0.6822204834309731,1.0,1.7136382948590878,-1.9686,1.9686,True,False,False,4.54609828636171,-1.1471462965585655,-0.2594070028818396,RANGE
2026-05-15,C1_Top5,DOWN,3,GRSE.NS,0.8424,-1.1392792411958341,MEDIUM,GAP_DOWN,-0.6822204834309731,1.0,1.1392792411958341,-3.8795,3.8795,True,True,True,5.0597529714342615,-1.0015228043308677,-2.771799292754129,RANGE
2026-05-15,C1_Top5,DOWN,4,OLECTRA.NS,0.8053,-1.4543104144784658,MEDIUM,GAP_DOWN,-0.6822204834309731,1.0,1.4543104144784658,-2.6662,2.6662,True,True,False,5.065847943766666,-1.090732810858852,-1.2297743215544776,RANGE
2026-05-15,C1_Top5,DOWN,5,JYOTHYLAB.NS,0.798,-0.31919744642043835,SMALL,GAP_DOWN,-0.6822204834309731,1.0,0.31919744642043835,-2.0064,2.0064,True,True,False,3.0323757409940755,-0.15959872321021917,-1.6926053064958757,RANGE
2026-05-15,C2_Top5,DOWN,1,RATNAMANI.NS,0.7797,-4.952844172898352,LARGE,GAP_DOWN,-0.6822204834309731,1.0,4.952844172898352,-8.428,8.428,True,True,True,9.315360114181336,-2.8588402338620367,-3.656243889531252,RANGE
2026-05-15,C2_Top5,DOWN,2,IDEAFORGE.NS,0.7302,-1.917674361793087,MEDIUM,GAP_DOWN,-0.6822204834309731,1.0,1.917674361793087,-0.1221,0.1221,True,False,False,7.035544155368267,1.984854036887751,1.8306808592777113,RANGE
2026-05-15,C2_Top5,DOWN,3,KALYANKJIL.NS,0.8635,-1.7136382948590878,MEDIUM,GAP_DOWN,-0.6822204834309731,1.0,1.7136382948590878,-1.9686,1.9686,True,False,False,4.54609828636171,-1.1471462965585655,-0.2594070028818396,RANGE
2026-05-15,C2_Top5,DOWN,4,MGL.NS,0.724,-1.4619345347554158,MEDIUM,GAP_DOWN,-0.6822204834309731,1.0,1.4619345347554158,-2.6572,2.6572,True,True,False,3.2456785582934855,-1.0665685913938905,-1.2129987123262187,RANGE
2026-05-15,C2_Top5,DOWN,5,BEML.NS,0.7589,-1.4596499077232816,MEDIUM,GAP_DOWN,-0.6822204834309731,1.0,1.4596499077232816,-1.1577,1.1577,True,False,False,4.697723840948498,-0.6207706504110511,0.3064226049943386,RANGE
2026-05-18,A_V3_Top5,UP,1,JPPOWER.NS,0.908,0.47244094488188004,SMALL,GAP_UP,0.1071951562585216,1.0,0.47244094488188004,-1.1024,-1.1024,False,False,False,1.3123359580052396,1.8372703412073532,-1.567435736677114,RANGE
2026-05-18,A_V3_Top5,UP,2,SAIL.NS,0.8959,-0.3787682249779434,SMALL,GAP_DOWN,0.1071951562585216,0.0,-0.3787682249779434,3.2792,3.2792,True,True,True,3.9225860011415037,0.7679136615991178,3.6718761249999954,RANGE
2026-05-18,A_V3_Top5,UP,3,POLICYBZR.NS,0.8553,0.6063032660298617,SMALL,GAP_UP,0.1071951562585216,1.0,0.6063032660298617,3.2317,3.2317,True,True,True,4.861865812503585,-0.15443573757365492,2.609574796747949,RANGE
2026-05-18,A_V3_Top5,UP,4,SOLARINDS.NS,0.8486,0.44952550086019283,SMALL,GAP_UP,0.1071951562585216,1.0,0.44952550086019283,0.5383,0.5383,True,False,False,2.658305122370841,0.5605194516898782,0.08837722099448442,RANGE
2026-05-18,A_V3_Top5,UP,5,GNFC.NS,0.8309,2.65844731265652,LARGE,GAP_UP,0.1071951562585216,1.0,2.65844731265652,5.1724,5.1724,True,True,True,6.337892506260823,-1.32922365632826,2.448851266654173,RANGE
2026-05-18,C1_Top5,UP,1,JPPOWER.NS,0.908,0.47244094488188004,SMALL,GAP_UP,0.1071951562585216,1.0,0.47244094488188004,-1.1024,-1.1024,False,False,False,1.3123359580052396,1.8372703412073532,-1.567435736677114,RANGE
2026-05-18,C1_Top5,UP,2,POLICYBZR.NS,0.8553,0.6063032660298617,SMALL,GAP_UP,0.1071951562585216,1.0,0.6063032660298617,3.2317,3.2317,True,True,True,4.861865812503585,-0.15443573757365492,2.609574796747949,RANGE
2026-05-18,C1_Top5,UP,3,SOLARINDS.NS,0.8486,0.44952550086019283,SMALL,GAP_UP,0.1071951562585216,1.0,0.44952550086019283,0.5383,0.5383,True,False,False,2.658305122370841,0.5605194516898782,0.08837722099448442,RANGE
2026-05-18,C1_Top5,UP,4,GNFC.NS,0.8309,2.65844731265652,LARGE,GAP_UP,0.1071951562585216,1.0,2.65844731265652,5.1724,5.1724,True,True,True,6.337892506260823,-1.32922365632826,2.448851266654173,RANGE
2026-05-18,C1_Top5,UP,5,ADANIENSOL.NS,0.7804,1.257246104042764,MEDIUM,GAP_UP,0.1071951562585216,1.0,1.257246104042764,0.0903,0.0903,True,False,False,2.4693216893773906,1.2798313633968217,-1.1524568847583572,RANGE
2026-05-18,C2_Top5,UP,1,GNFC.NS,0.8309,2.65844731265652,LARGE,GAP_UP,0.1071951562585216,1.0,2.65844731265652,5.1724,5.1724,True,True,True,6.337892506260823,-1.32922365632826,2.448851266654173,RANGE
2026-05-18,C2_Top5,UP,2,ADANIENSOL.NS,0.7804,1.257246104042764,MEDIUM,GAP_UP,0.1071951562585216,1.0,1.257246104042764,0.0903,0.0903,True,False,False,2.4693216893773906,1.2798313633968217,-1.1524568847583572,RANGE
2026-05-18,C2_Top5,UP,3,AJANTPHARM.NS,0.736,1.0889517722239006,MEDIUM,GAP_UP,0.1071951562585216,1.0,1.0889517722239006,1.0609,1.0609,True,False,False,3.1361748814232593,1.3067421266686696,-0.02774959254410181,RANGE
2026-05-18,C2_Top5,UP,4,GODREJCP.NS,0.7643,1.0449526813880228,MEDIUM,GAP_UP,0.1071951562585216,1.0,1.0449526813880228,0.7492,0.7492,True,False,False,2.1490536277602557,-0.4731861198738141,-0.2926941658536686,RANGE
2026-05-18,C2_Top5,UP,5,BSE.NS,0.7493,0.8420826149885929,SMALL,GAP_UP,0.1071951562585216,1.0,0.8420826149885929,1.7012,1.7012,True,False,False,4.3245004817385135,0.04125997809790727,0.8519433184372982,RANGE
2026-05-18,A_V3_Top5,DOWN,1,HFCL.NS,0.8865,0.22191996563820648,NO_GAP,NEUTRAL,0.1071951562585216,0.5,-0.22191996563820648,-1.0881,1.0881,True,False,False,3.407545278831692,2.0115971078817463,-1.3071192071428706,RANGE
2026-05-18,A_V3_Top5,DOWN,2,AMBER.NS,0.878,0.06290626965821389,NO_GAP,NEUTRAL,0.1071951562585216,0.5,-0.06290626965821389,-0.3495,0.3495,True,False,False,2.7748654504787917,0.7618648214160917,-0.4121470033529029,RANGE
2026-05-18,A_V3_Top5,DOWN,3,RATNAMANI.NS,0.8686,0.16217970167773377,NO_GAP,NEUTRAL,0.1071951562585216,0.5,-0.16217970167773377,2.6962,-2.6962,False,False,False,0.9690196630319337,3.9490797903454444,2.5299172860151042,RANGE
2026-05-18,A_V3_Top5,DOWN,4,TEJASNET.NS,0.8519,1.2594458438287104,MEDIUM,GAP_UP,0.1071951562585216,0.0,-1.2594458438287104,5.9537,-5.9537,False,False,False,-1.2136478131440365,8.999313029539735,4.635867910447766,RANGE
2026-05-18,A_V3_Top5,DOWN,5,MAPMYINDIA.NS,0.8457,1.1553615163454323,MEDIUM,GAP_UP,0.1071951562585216,0.0,-1.1553615163454323,2.9283,-2.9283,False,False,False,-0.14375465871578896,5.398786071770845,1.752688594136531,RANGE
2026-05-18,C1_Top5,DOWN,1,ENDURANCE.NS,0.7151,-0.7005184628171013,SMALL,GAP_DOWN,0.1071951562585216,1.0,0.7005184628171013,0.7322,-0.7322,False,False,False,1.0171369770847316,1.6741203941900595,1.4428257233957575,RANGE
2026-05-18,C1_Top5,DOWN,2,HFCL.NS,0.8865,0.22191996563820648,NO_GAP,NEUTRAL,0.1071951562585216,0.5,-0.22191996563820648,-1.0881,1.0881,True,False,False,3.407545278831692,2.0115971078817463,-1.3071192071428706,RANGE
2026-05-18,C1_Top5,DOWN,3,AMBER.NS,0.878,0.06290626965821389,NO_GAP,NEUTRAL,0.1071951562585216,0.5,-0.06290626965821389,-0.3495,0.3495,True,False,False,2.7748654504787917,0.7618648214160917,-0.4121470033529029,RANGE
2026-05-18,C1_Top5,DOWN,4,RATNAMANI.NS,0.8686,0.16217970167773377,NO_GAP,NEUTRAL,0.1071951562585216,0.5,-0.16217970167773377,2.6962,-2.6962,False,False,False,0.9690196630319337,3.9490797903454444,2.5299172860151042,RANGE
2026-05-18,C1_Top5,DOWN,5,COCHINSHIP.NS,0.7911,0.16518004625041272,NO_GAP,NEUTRAL,0.1071951562585216,0.5,-0.16518004625041272,-1.5791,1.5791,True,False,False,1.9425173439048593,1.156260323752889,-1.7414035949868123,RANGE
2026-05-18,C2_Top5,DOWN,1,ENDURANCE.NS,0.7151,-0.7005184628171013,SMALL,GAP_DOWN,0.1071951562585216,1.0,0.7005184628171013,0.7322,-0.7322,False,False,False,1.0171369770847316,1.6741203941900595,1.4428257233957575,RANGE
2026-05-18,C2_Top5,DOWN,2,TVSMOTOR.NS,0.7314,-0.1823154056517784,NO_GAP,NEUTRAL,0.1071951562585216,0.5,0.1823154056517784,-0.2309,0.2309,True,False,False,1.9143117593436676,0.7596475235490674,-0.04867333333333779,RANGE
2026-05-18,C2_Top5,DOWN,3,BEML.NS,0.7579,-0.07921240239900929,NO_GAP,NEUTRAL,0.1071951562585216,0.5,0.07921240239900929,3.3382,-3.3382,False,False,False,0.2772434083965214,3.819169401380562,3.420121562853917,RANGE
2026-05-18,C2_Top5,DOWN,4,CLEAN.NS,0.7319,-0.026746907388841556,NO_GAP,NEUTRAL,0.1071951562585216,0.5,0.026746907388841556,2.0595,-2.0595,False,False,False,0.7154797726512951,3.791374122367097,2.086805063206465,RANGE
2026-05-18,C2_Top5,DOWN,5,HAL.NS,0.7797,-0.018486074193913016,NO_GAP,NEUTRAL,0.1071951562585216,0.5,0.018486074193913016,0.1549,-0.1549,False,False,False,0.9545776031434139,1.190338610886399,0.17341813239852844,RANGE
2026-05-19,A_V3_Top5,UP,1,DEEPAKFERT.NS,0.9104,0.18120045300114018,NO_GAP,NEUTRAL,-0.6806249470742709,0.5,0.18120045300114018,-0.5059,-0.5059,False,False,False,0.3850509626273979,1.8422046055115215,-0.6858576757856727,RANGE
2026-05-19,A_V3_Top5,UP,2,SAIL.NS,0.9059,-1.0298919869379586,MEDIUM,GAP_DOWN,-0.6806249470742709,0.0,-1.0298919869379586,-0.005,-0.005,False,False,False,0.37678975131876236,2.3863350916855097,1.0355571065989944,RANGE
2026-05-19,A_V3_Top5,UP,3,POLICYBZR.NS,0.8948,-1.8617021276595702,MEDIUM,GAP_DOWN,-0.6806249470742709,0.0,-1.8617021276595702,1.3963,1.3963,True,False,False,2.2550975177304977,1.8617021276595702,3.3198070460704443,RANGE
2026-05-19,A_V3_Top5,UP,4,RATEGAIN.NS,0.8943,-0.00742280285036534,NO_GAP,NEUTRAL,-0.6806249470742709,0.5,-0.00742280285036534,-2.0932,-2.0932,False,False,False,1.247030878859845,2.4717933491686384,-2.085932031771942,RANGE
2026-05-19,A_V3_Top5,UP,5,GNFC.NS,0.8871,-1.2730103489330569,MEDIUM,GAP_DOWN,-0.6806249470742709,0.0,-1.2730103489330569,-4.6708,-4.6708,False,False,False,-0.943309826907246,4.918032786885251,-3.4416015955473056,RANGE
2026-05-19,C1_Top5,UP,1,DEEPAKFERT.NS,0.9104,0.18120045300114018,NO_GAP,NEUTRAL,-0.6806249470742709,0.5,0.18120045300114018,-0.5059,-0.5059,False,False,False,0.3850509626273979,1.8422046055115215,-0.6858576757856727,RANGE
2026-05-19,C1_Top5,UP,2,RATEGAIN.NS,0.8943,-0.00742280285036534,NO_GAP,NEUTRAL,-0.6806249470742709,0.5,-0.00742280285036534,-2.0932,-2.0932,False,False,False,1.247030878859845,2.4717933491686384,-2.085932031771942,RANGE
2026-05-19,C1_Top5,UP,3,KPITTECH.NS,0.8493,0.18152480839046525,NO_GAP,NEUTRAL,-0.6806249470742709,0.5,0.18152480839046525,0.9547,0.9547,True,False,False,2.31276052171574,0.2958182062659742,0.7717742299174768,RANGE
2026-05-19,C1_Top5,UP,4,SHYAMMETL.NS,0.8153,-0.07178354500275708,NO_GAP,NEUTRAL,-0.6806249470742709,0.5,-0.07178354500275708,1.8885,1.8885,True,False,False,2.043070127001667,1.1540585311982432,1.9616917168591375,RANGE
2026-05-19,C1_Top5,UP,5,PAGEIND.NS,0.7943,-0.20671834625323182,NO_GAP,NEUTRAL,-0.6806249470742709,0.5,-0.20671834625323182,-1.0724,-1.0724,False,False,False,0.0,1.7571059431524594,-0.8674748834800572,RANGE
2026-05-19,C2_Top5,UP,1,KPITTECH.NS,0.8493,0.18152480839046525,NO_GAP,NEUTRAL,-0.6806249470742709,0.5,0.18152480839046525,0.9547,0.9547,True,False,False,2.31276052171574,0.2958182062659742,0.7717742299174768,RANGE
2026-05-19,C2_Top5,UP,2,DEEPAKFERT.NS,0.9104,0.18120045300114018,NO_GAP,NEUTRAL,-0.6806249470742709,0.5,0.18120045300114018,-0.5059,-0.5059,False,False,False,0.3850509626273979,1.8422046055115215,-0.6858576757856727,RANGE
2026-05-19,C2_Top5,UP,3,RATEGAIN.NS,0.8943,-0.00742280285036534,NO_GAP,NEUTRAL,-0.6806249470742709,0.5,-0.00742280285036534,-2.0932,-2.0932,False,False,False,1.247030878859845,2.4717933491686384,-2.085932031771942,RANGE
2026-05-19,C2_Top5,UP,4,COFORGE.NS,0.775,-0.07082152974504652,NO_GAP,NEUTRAL,-0.6806249470742709,0.5,-0.07082152974504652,-0.687,-0.687,False,False,False,2.2946175637393873,1.3031161473087916,-0.6166151665485509,RANGE
2026-05-19,C2_Top5,UP,5,SHYAMMETL.NS,0.8153,-0.07178354500275708,NO_GAP,NEUTRAL,-0.6806249470742709,0.5,-0.07178354500275708,1.8885,1.8885,True,False,False,2.043070127001667,1.1540585311982432,1.9616917168591375,RANGE
2026-05-19,A_V3_Top5,DOWN,1,HFCL.NS,0.933,0.02171238329593539,NO_GAP,NEUTRAL,-0.6806249470742709,0.5,-0.02171238329593539,0.8468,-0.8468,False,False,False,1.8527900412535048,2.916696822754572,0.8249085094066633,RANGE
2026-05-19,A_V3_Top5,DOWN,2,AMBER.NS,0.8829,-0.5541137686750353,SMALL,GAP_DOWN,-0.6806249470742709,1.0,0.5541137686750353,-1.1082,1.1082,True,False,False,2.6723714666479603,-0.1543101634284949,-0.5571736069967637,RANGE
2026-05-19,A_V3_Top5,DOWN,3,RATNAMANI.NS,0.8668,-1.2989024951203132,MEDIUM,GAP_DOWN,-0.6806249470742709,1.0,1.2989024951203132,0.2724,-0.2724,False,False,False,2.747834606491939,0.8725216499870347,1.5919807731039848,RANGE
2026-05-19,A_V3_Top5,DOWN,4,MAPMYINDIA.NS,0.8355,1.3863025036209287,MEDIUM,GAP_UP,-0.6806249470742709,0.0,-1.3863025036209287,-5.6538,5.6538,True,True,True,6.372853300227598,5.002069108214369,-6.943839877551006,RANGE
2026-05-19,A_V3_Top5,DOWN,5,STLTECH.NS,0.815,-3.6916936891992935,LARGE,GAP_DOWN,-0.6806249470742709,1.0,3.6916936891992935,0.9978,-0.9978,False,False,False,4.926415564978804,2.6939386380643526,4.869251541051534,RANGE
2026-05-19,C1_Top5,DOWN,1,AMBER.NS,0.8829,-0.5541137686750353,SMALL,GAP_DOWN,-0.6806249470742709,1.0,0.5541137686750353,-1.1082,1.1082,True,False,False,2.6723714666479603,-0.1543101634284949,-0.5571736069967637,RANGE
2026-05-19,C1_Top5,DOWN,2,RATNAMANI.NS,0.8668,-1.2989024951203132,MEDIUM,GAP_DOWN,-0.6806249470742709,1.0,1.2989024951203132,0.2724,-0.2724,False,False,False,2.747834606491939,0.8725216499870347,1.5919807731039848,RANGE
2026-05-19,C1_Top5,DOWN,3,STLTECH.NS,0.815,-3.6916936891992935,LARGE,GAP_DOWN,-0.6806249470742709,1.0,3.6916936891992935,0.9978,-0.9978,False,False,False,4.926415564978804,2.6939386380643526,4.869251541051534,RANGE
2026-05-19,C1_Top5,DOWN,4,HAL.NS,0.778,-0.7661820010070208,SMALL,GAP_DOWN,-0.6806249470742709,1.0,0.7661820010070208,-0.1546,0.1546,True,False,False,1.8946759025811999,0.3300055234004562,0.6163040114139484,RANGE
2026-05-19,C1_Top5,DOWN,5,CERA.NS,0.7704,-0.7880834848878471,SMALL,GAP_DOWN,-0.6806249470742709,1.0,0.7880834848878471,-0.433,0.433,True,False,False,1.9572183251060915,1.8446349701221054,0.35790406773743566,RANGE
2026-05-19,C2_Top5,DOWN,1,STLTECH.NS,0.815,-3.6916936891992935,LARGE,GAP_DOWN,-0.6806249470742709,1.0,3.6916936891992935,0.9978,-0.9978,False,False,False,4.926415564978804,2.6939386380643526,4.869251541051534,RANGE
2026-05-19,C2_Top5,DOWN,2,RATNAMANI.NS,0.8668,-1.2989024951203132,MEDIUM,GAP_DOWN,-0.6806249470742709,1.0,1.2989024951203132,0.2724,-0.2724,False,False,False,2.747834606491939,0.8725216499870347,1.5919807731039848,RANGE
2026-05-19,C2_Top5,DOWN,3,CERA.NS,0.7704,-0.7880834848878471,SMALL,GAP_DOWN,-0.6806249470742709,1.0,0.7880834848878471,-0.433,0.433,True,False,False,1.9572183251060915,1.8446349701221054,0.35790406773743566,RANGE
2026-05-19,C2_Top5,DOWN,4,OLECTRA.NS,0.7606,-0.7871433256805394,SMALL,GAP_DOWN,-0.6806249470742709,1.0,0.7871433256805394,0.0984,-0.0984,False,False,False,2.6566087241718495,3.4765496884224367,0.8925691239669353,RANGE
2026-05-19,C2_Top5,DOWN,5,YESBANK.NS,0.7428,-0.7737824305871555,SMALL,GAP_DOWN,-0.6806249470742709,1.0,0.7737824305871555,0.1365,-0.1365,False,False,False,1.6841147018661684,0.3641329085116052,0.9173809633027386,RANGE
2026-05-20,A_V3_Top5,UP,1,POLICYBZR.NS,0.9101,0.0,NO_GAP,NEUTRAL,0.7229840652605901,0.5,0.0,-0.5847,-0.5847,False,False,False,0.721311475409836,0.8415300546448123,-0.5847000000000047,RANGE
2026-05-20,A_V3_Top5,UP,2,ERIS.NS,0.8849,2.119050884652296,LARGE,GAP_UP,0.7229840652605901,1.0,2.119050884652296,-4.9582,-4.9582,False,False,False,4.923878754628985,5.890824303936371,-6.930392344369074,RANGE
2026-05-20,A_V3_Top5,UP,3,TATACOMM.NS,0.8832,0.5293985131786583,SMALL,GAP_UP,0.7229840652605901,1.0,0.5293985131786583,6.7977,6.7977,True,True,True,8.69565217391306,0.25343545843657944,6.235291943977561,RANGE
2026-05-20,A_V3_Top5,UP,4,KPITTECH.NS,0.871,0.6393180607352278,SMALL,GAP_UP,0.7229840652605901,1.0,0.6393180607352278,0.0133,0.0133,True,False,False,0.8191262653170162,1.1054874800213055,-0.6220412387506813,RANGE
2026-05-20,A_V3_Top5,UP,5,COFORGE.NS,0.8668,0.1854096840904429,NO_GAP,NEUTRAL,0.7229840652605901,0.5,0.1854096840904429,-1.8042,-1.8042,False,False,False,1.511802039506538,2.581473293874348,-1.9859275820343303,RANGE
2026-05-20,C1_Top5,UP,1,ERIS.NS,0.8849,2.119050884652296,LARGE,GAP_UP,0.7229840652605901,1.0,2.119050884652296,-4.9582,-4.9582,False,False,False,4.923878754628985,5.890824303936371,-6.930392344369074,RANGE
2026-05-20,C1_Top5,UP,2,TATACOMM.NS,0.8832,0.5293985131786583,SMALL,GAP_UP,0.7229840652605901,1.0,0.5293985131786583,6.7977,6.7977,True,True,True,8.69565217391306,0.25343545843657944,6.235291943977561,RANGE
2026-05-20,C1_Top5,UP,3,KPITTECH.NS,0.871,0.6393180607352278,SMALL,GAP_UP,0.7229840652605901,1.0,0.6393180607352278,0.0133,0.0133,True,False,False,0.8191262653170162,1.1054874800213055,-0.6220412387506813,RANGE
2026-05-20,C1_Top5,UP,4,SOLARINDS.NS,0.8413,0.49972542559033606,SMALL,GAP_UP,0.7229840652605901,1.0,0.49972542559033606,0.9995,0.9995,True,False,False,2.6853377265238842,-0.21965952773201902,0.4972894923774618,RANGE
2026-05-20,C1_Top5,UP,5,SHYAMMETL.NS,0.8342,1.127249078690662,MEDIUM,GAP_UP,0.7229840652605901,1.0,1.127249078690662,1.3169,1.3169,True,False,False,1.6691957511380862,0.33058747019294454,0.1875369131832727,RANGE
2026-05-20,C2_Top5,UP,1,JPPOWER.NS,0.8111,3.222282905516116,LARGE,GAP_UP,0.7229840652605901,1.0,3.222282905516116,1.3654,1.3654,True,False,False,5.843801201529231,-0.6007646095030239,-1.7989167195767153,RANGE
2026-05-20,C2_Top5,UP,2,MOTHERSON.NS,0.8035,2.91291518498904,LARGE,GAP_UP,0.7229840652605901,1.0,2.91291518498904,3.6544,3.6544,True,True,True,4.713626390254988,-0.9003556026329962,0.7204973386266467,RANGE
2026-05-20,C2_Top5,UP,3,ERIS.NS,0.8849,2.119050884652296,LARGE,GAP_UP,0.7229840652605901,1.0,2.119050884652296,-4.9582,-4.9582,False,False,False,4.923878754628985,5.890824303936371,-6.930392344369074,RANGE
2026-05-20,C2_Top5,UP,4,RATEGAIN.NS,0.8144,1.7968157695223752,MEDIUM,GAP_UP,0.7229840652605901,1.0,1.7968157695223752,-1.069,-1.069,False,False,False,3.8665655799848375,2.115238817285825,-2.8152312504654886,RANGE
2026-05-20,C2_Top5,UP,5,BSE.NS,0.7886,1.218411292409538,MEDIUM,GAP_UP,0.7229840652605901,1.0,1.218411292409538,-0.7514,-0.7514,False,False,False,1.7825747455891827,1.5502749359911916,-1.9460997927728374,RANGE
2026-05-20,A_V3_Top5,DOWN,1,HFCL.NS,0.9257,1.1195636572412848,MEDIUM,GAP_UP,0.7229840652605901,0.0,-1.1195636572412848,1.7296,-1.7296,False,False,False,0.2798909143103323,4.923209415817409,0.6032822143364092,RANGE
2026-05-20,A_V3_Top5,DOWN,2,MAPMYINDIA.NS,0.8842,0.11513789133175134,NO_GAP,NEUTRAL,0.7229840652605901,0.5,-0.11513789133175134,-1.7545,1.7545,True,False,False,2.8071714458029473,1.9134820987992684,-1.8674877053669103,RANGE
2026-05-20,A_V3_Top5,DOWN,3,AMBER.NS,0.8809,1.4256330236186887,MEDIUM,GAP_UP,0.7229840652605901,0.0,-1.4256330236186887,6.9154,-6.9154,False,False,False,-1.0000709270161057,8.298460883750614,5.412603118881121,RANGE
2026-05-20,A_V3_Top5,DOWN,4,RATNAMANI.NS,0.8532,-0.4646035120875691,SMALL,GAP_DOWN,0.7229840652605901,1.0,0.4646035120875691,-0.4331,0.4331,True,False,False,1.342625403575104,0.5512245058665988,0.03165056170886249,RANGE
2026-05-20,A_V3_Top5,DOWN,5,STLTECH.NS,0.8351,0.6174364040503866,SMALL,GAP_UP,0.7229840652605901,0.0,-0.6174364040503866,3.7664,-3.7664,False,False,False,-0.02469745616202612,4.89009632007904,3.1296400589101436,RANGE
2026-05-20,C1_Top5,DOWN,1,RATNAMANI.NS,0.8532,-0.4646035120875691,SMALL,GAP_DOWN,0.7229840652605901,1.0,0.4646035120875691,-0.4331,0.4331,True,False,False,1.342625403575104,0.5512245058665988,0.03165056170886249,RANGE
2026-05-20,C1_Top5,DOWN,2,MAPMYINDIA.NS,0.8842,0.11513789133175134,NO_GAP,NEUTRAL,0.7229840652605901,0.5,-0.11513789133175134,-1.7545,1.7545,True,False,False,2.8071714458029473,1.9134820987992684,-1.8674877053669103,RANGE
2026-05-20,C1_Top5,DOWN,3,HFCL.NS,0.9257,1.1195636572412848,MEDIUM,GAP_UP,0.7229840652605901,0.0,-1.1195636572412848,1.7296,-1.7296,False,False,False,0.2798909143103323,4.923209415817409,0.6032822143364092,RANGE
2026-05-20,C1_Top5,DOWN,4,AMBER.NS,0.8809,1.4256330236186887,MEDIUM,GAP_UP,0.7229840652605901,0.0,-1.4256330236186887,6.9154,-6.9154,False,False,False,-1.0000709270161057,8.298460883750614,5.412603118881121,RANGE
2026-05-20,C1_Top5,DOWN,5,STLTECH.NS,0.8351,0.6174364040503866,SMALL,GAP_UP,0.7229840652605901,0.0,-0.6174364040503866,3.7664,-3.7664,False,False,False,-0.02469745616202612,4.89009632007904,3.1296400589101436,RANGE
2026-05-20,C2_Top5,DOWN,1,RATNAMANI.NS,0.8532,-0.4646035120875691,SMALL,GAP_DOWN,0.7229840652605901,1.0,0.4646035120875691,-0.4331,0.4331,True,False,False,1.342625403575104,0.5512245058665988,0.03165056170886249,RANGE
2026-05-20,C2_Top5,DOWN,2,MAPMYINDIA.NS,0.8842,0.11513789133175134,NO_GAP,NEUTRAL,0.7229840652605901,0.5,-0.11513789133175134,-1.7545,1.7545,True,False,False,2.8071714458029473,1.9134820987992684,-1.8674877053669103,RANGE
2026-05-20,C2_Top5,DOWN,3,SAIL.NS,0.7658,0.5124598070739506,SMALL,GAP_UP,0.7229840652605901,0.0,-0.5124598070739506,-1.2611,1.2611,True,False,False,1.753416398713814,1.4871382636655994,-1.7645173647905632,RANGE
2026-05-20,C2_Top5,DOWN,4,HINDZINC.NS,0.74,0.5630898564517262,SMALL,GAP_UP,0.7229840652605901,0.0,-0.5630898564517262,-0.3807,0.3807,True,False,False,0.7692917757157636,1.1975573003410123,-0.9385052287066098,RANGE
2026-05-20,C2_Top5,DOWN,5,STLTECH.NS,0.8351,0.6174364040503866,SMALL,GAP_UP,0.7229840652605901,0.0,-0.6174364040503866,3.7664,-3.7664,False,False,False,-0.02469745616202612,4.89009632007904,3.1296400589101436,RANGE
2026-05-21,A_V3_Top5,UP,1,SUDARSCHEM.NS,0.9568,0.9010843557501369,SMALL,GAP_UP,0.06975358198593185,1.0,0.9010843557501369,3.1411,3.1411,True,True,True,6.175227816524975,-0.0967265692613184,2.220011468213934,RANGE
2026-05-21,A_V3_Top5,UP,2,CENTUM.NS,0.9476,-0.38970369912160185,SMALL,GAP_DOWN,0.06975358198593185,0.0,-0.38970369912160185,-1.4104,-1.4104,False,False,False,2.8083632314734652,2.63206420883334,-1.0246895539747558,RANGE
2026-05-21,A_V3_Top5,UP,3,JPPOWER.NS,0.9161,1.2392241379310276,MEDIUM,GAP_UP,0.06975358198593185,1.0,1.2392241379310276,1.0776,1.0776,True,False,False,1.9935344827586299,-0.37715517241379004,-0.1596457690260844,RANGE
2026-05-21,A_V3_Top5,UP,4,DEEPAKFERT.NS,0.9032,0.8166510081665024,SMALL,GAP_UP,0.06975358198593185,1.0,0.8166510081665024,6.5188,6.5188,True,True,True,7.320951073209514,-0.23126400231263666,5.655959541218647,RANGE
2026-05-21,A_V3_Top5,UP,5,TATACOMM.NS,0.8902,0.18456995201181492,NO_GAP,NEUTRAL,0.06975358198593185,0.5,0.18456995201181492,3.5701,3.5701,True,True,True,4.3611242946791196,0.6222644096398278,3.379292888725116,RANGE
2026-05-21,C1_Top5,UP,1,SUDARSCHEM.NS,0.9568,0.9010843557501369,SMALL,GAP_UP,0.06975358198593185,1.0,0.9010843557501369,3.1411,3.1411,True,True,True,6.175227816524975,-0.0967265692613184,2.220011468213934,RANGE
2026-05-21,C1_Top5,UP,2,JPPOWER.NS,0.9161,1.2392241379310276,MEDIUM,GAP_UP,0.06975358198593185,1.0,1.2392241379310276,1.0776,1.0776,True,False,False,1.9935344827586299,-0.37715517241379004,-0.1596457690260844,RANGE
2026-05-21,C1_Top5,UP,3,DEEPAKFERT.NS,0.9032,0.8166510081665024,SMALL,GAP_UP,0.06975358198593185,1.0,0.8166510081665024,6.5188,6.5188,True,True,True,7.320951073209514,-0.23126400231263666,5.655959541218647,RANGE
2026-05-21,C1_Top5,UP,4,PARAS.NS,0.8385,0.4173517136714322,SMALL,GAP_UP,0.06975358198593185,1.0,0.4173517136714322,2.6938,2.6938,True,True,False,4.552927785506511,0.5880865056279383,2.2669869773299656,RANGE
2026-05-21,C1_Top5,UP,5,MANAPPURAM.NS,0.812,0.341191066997526,SMALL,GAP_UP,0.06975358198593185,1.0,0.341191066997526,0.5273,0.5273,True,False,False,1.4112903225806495,0.6978908188585597,0.1854761051004683,RANGE
2026-05-21,C2_Top5,UP,1,PAGEIND.NS,0.7759,2.709744658676394,LARGE,GAP_UP,0.06975358198593185,1.0,2.709744658676394,2.8009,2.8009,True,True,False,5.497655028660753,0.15633142261594069,0.08875043125315951,RANGE
2026-05-21,C2_Top5,UP,2,RATEGAIN.NS,0.7827,2.0767874932944963,LARGE,GAP_UP,0.06975358198593185,1.0,2.0767874932944963,9.5026,9.5026,True,True,True,12.790252126599722,3.8163843972718325,7.274731786786792,RANGE
2026-05-21,C2_Top5,UP,3,ADANIENSOL.NS,0.7771,1.6987036209208828,MEDIUM,GAP_UP,0.06975358198593185,1.0,1.6987036209208828,1.9148,1.9148,True,False,False,3.695425420950671,-1.5571449858441166,0.2124868571428351,RANGE
2026-05-21,C2_Top5,UP,4,PRESTIGE.NS,0.7963,1.6527136258660535,MEDIUM,GAP_UP,0.06975358198593185,1.0,1.6527136258660535,0.2093,0.2093,True,False,False,1.67436489607391,3.0383949191685855,-1.4199459850905316,RANGE
2026-05-21,C2_Top5,UP,5,JPPOWER.NS,0.9161,1.2392241379310276,MEDIUM,GAP_UP,0.06975358198593185,1.0,1.2392241379310276,1.0776,1.0776,True,False,False,1.9935344827586299,-0.37715517241379004,-0.1596457690260844,RANGE
2026-05-21,A_V3_Top5,DOWN,1,HFCL.NS,0.9071,0.6984126984127093,SMALL,GAP_UP,0.06975358198593185,0.0,-0.6984126984127093,4.5573,-4.5573,False,False,False,0.4444444444444362,5.100529100529094,3.83212326607818,RANGE
2026-05-21,A_V3_Top5,DOWN,2,MAPMYINDIA.NS,0.8773,0.11719403984595811,NO_GAP,NEUTRAL,0.06975358198593185,0.5,-0.11719403984595811,-3.9288,3.9288,True,True,True,4.671019588146663,0.34042078240972273,-4.041257926421393,RANGE
2026-05-21,A_V3_Top5,DOWN,3,STLTECH.NS,0.8371,1.154349637034402,MEDIUM,GAP_UP,0.06975358198593185,0.0,-1.154349637034402,4.9982,-4.9982,False,False,False,-0.23801023444007807,4.998214923241706,3.7999852470588014,RANGE
2026-05-21,A_V3_Top5,DOWN,4,BASF.NS,0.8366,-0.0027907236346491615,NO_GAP,NEUTRAL,0.06975358198593185,0.5,0.0027907236346491615,-2.6149,2.6149,True,True,False,2.882817514581537,0.35442190159908904,-2.61218217515069,RANGE
2026-05-21,A_V3_Top5,DOWN,5,AMBER.NS,0.8349,0.10614302772986584,NO_GAP,NEUTRAL,0.06975358198593185,0.5,-0.10614302772986584,-2.3617,2.3617,True,True,False,2.8194241740745696,1.2471805758259347,-2.4652263618290204,RANGE
2026-05-21,C1_Top5,DOWN,1,WELCORP.NS,0.7263,-3.6310329273793407,LARGE,GAP_DOWN,0.06975358198593185,1.0,3.6310329273793407,-3.9618,3.9618,True,True,True,5.8637798827244065,-1.7591339648173276,-0.34322986192371063,RANGE
2026-05-21,C1_Top5,DOWN,2,MAPMYINDIA.NS,0.8773,0.11719403984595811,NO_GAP,NEUTRAL,0.06975358198593185,0.5,-0.11719403984595811,-3.9288,3.9288,True,True,True,4.671019588146663,0.34042078240972273,-4.041257926421393,RANGE
2026-05-21,C1_Top5,DOWN,3,BASF.NS,0.8366,-0.0027907236346491615,NO_GAP,NEUTRAL,0.06975358198593185,0.5,0.0027907236346491615,-2.6149,2.6149,True,True,False,2.882817514581537,0.35442190159908904,-2.61218217515069,RANGE
2026-05-21,C1_Top5,DOWN,4,AMBER.NS,0.8349,0.10614302772986584,NO_GAP,NEUTRAL,0.06975358198593185,0.5,-0.10614302772986584,-2.3617,2.3617,True,True,False,2.8194241740745696,1.2471805758259347,-2.4652263618290204,RANGE
2026-05-21,C1_Top5,DOWN,5,AJANTPHARM.NS,0.7782,0.05715737330116433,NO_GAP,NEUTRAL,0.06975358198593185,0.5,-0.05715737330116433,-1.3241,1.3241,True,False,False,1.6099326813158843,0.48901625809729676,-1.3804683338622725,RANGE
2026-05-21,C2_Top5,DOWN,1,WELCORP.NS,0.7263,-3.6310329273793407,LARGE,GAP_DOWN,0.06975358198593185,1.0,3.6310329273793407,-3.9618,3.9618,True,True,True,5.8637798827244065,-1.7591339648173276,-0.34322986192371063,RANGE
2026-05-21,C2_Top5,DOWN,2,OIL.NS,0.7323,-0.09930486593843213,NO_GAP,NEUTRAL,0.06975358198593185,0.5,0.09930486593843213,-0.7448,0.7448,True,False,False,1.012909632572001,0.6951340615690249,-0.646136779324058,RANGE
2026-05-21,C2_Top5,DOWN,3,BASF.NS,0.8366,-0.0027907236346491615,NO_GAP,NEUTRAL,0.06975358198593185,0.5,0.0027907236346491615,-2.6149,2.6149,True,True,False,2.882817514581537,0.35442190159908904,-2.61218217515069,RANGE
2026-05-21,C2_Top5,DOWN,4,HAL.NS,0.7401,0.0,NO_GAP,NEUTRAL,0.06975358198593185,0.5,-0.0,-0.0458,0.0458,True,False,False,0.5697396249711661,1.356862103168166,-0.045799999999995844,RANGE
2026-05-21,C2_Top5,DOWN,5,OLECTRA.NS,0.7146,0.0,NO_GAP,NEUTRAL,0.06975358198593185,0.5,-0.0,-0.2478,0.2478,True,False,False,0.644255389444115,1.172875196167511,-0.24779999999999802,RANGE
2026-05-22,A_V3_Top5,UP,1,RATEGAIN.NS,0.9773,0.3569179088809493,SMALL,GAP_UP,0.9315164973159762,1.0,0.3569179088809493,1.5956,1.5956,True,False,False,4.094058366575681,2.1625026243963896,1.234276736401685,RANGE
2026-05-22,A_V3_Top5,UP,2,SUDARSCHEM.NS,0.9488,0.7699901283316768,SMALL,GAP_UP,0.9315164973159762,1.0,0.7699901283316768,3.0553,3.0553,True,True,True,3.6525172754195534,2.265547877591323,2.267847668495304,RANGE
2026-05-22,A_V3_Top5,UP,3,DEEPAKFERT.NS,0.9411,0.9498609132234215,SMALL,GAP_UP,0.9315164973159762,1.0,0.9498609132234215,-1.1805,-1.1805,False,False,False,2.0014926385779175,1.9336454304905382,-2.110315847839228,RANGE
2026-05-22,A_V3_Top5,UP,4,PARAS.NS,0.9397,1.4778325123152802,MEDIUM,GAP_UP,0.9315164973159762,1.0,1.4778325123152802,5.3879,5.3879,True,True,True,7.14285714285714,0.49261083743842304,3.8531247572815452,RANGE
2026-05-22,A_V3_Top5,UP,5,TATACOMM.NS,0.9057,0.0,NO_GAP,NEUTRAL,0.9315164973159762,0.5,0.0,-1.4257,-1.4257,False,False,False,1.0336048879836968,2.673116089613037,-1.4256999999999964,RANGE
2026-05-22,C1_Top5,UP,1,RATEGAIN.NS,0.9773,0.3569179088809493,SMALL,GAP_UP,0.9315164973159762,1.0,0.3569179088809493,1.5956,1.5956,True,False,False,4.094058366575681,2.1625026243963896,1.234276736401685,RANGE
2026-05-22,C1_Top5,UP,2,SUDARSCHEM.NS,0.9488,0.7699901283316768,SMALL,GAP_UP,0.9315164973159762,1.0,0.7699901283316768,3.0553,3.0553,True,True,True,3.6525172754195534,2.265547877591323,2.267847668495304,RANGE
2026-05-22,C1_Top5,UP,3,DEEPAKFERT.NS,0.9411,0.9498609132234215,SMALL,GAP_UP,0.9315164973159762,1.0,0.9498609132234215,-1.1805,-1.1805,False,False,False,2.0014926385779175,1.9336454304905382,-2.110315847839228,RANGE
2026-05-22,C1_Top5,UP,4,PARAS.NS,0.9397,1.4778325123152802,MEDIUM,GAP_UP,0.9315164973159762,1.0,1.4778325123152802,5.3879,5.3879,True,True,True,7.14285714285714,0.49261083743842304,3.8531247572815452,RANGE
2026-05-22,C1_Top5,UP,5,CENTUM.NS,0.897,0.7027198926239153,SMALL,GAP_UP,0.9315164973159762,1.0,0.7027198926239153,-0.4925,-0.4925,False,False,False,4.279078169184403,0.7215459680779857,-1.1868794545950023,RANGE
2026-05-22,C2_Top5,UP,1,PRESTIGE.NS,0.8547,1.8149081742887985,MEDIUM,GAP_UP,0.9315164973159762,1.0,1.8149081742887985,0.9291,0.9291,True,False,False,2.355059416636651,-0.26647461289162067,-0.870018143877771,RANGE
2026-05-22,C2_Top5,UP,2,PARAS.NS,0.9397,1.4778325123152802,MEDIUM,GAP_UP,0.9315164973159762,1.0,1.4778325123152802,5.3879,5.3879,True,True,True,7.14285714285714,0.49261083743842304,3.8531247572815452,RANGE
2026-05-22,C2_Top5,UP,3,DATAPATTNS.NS,0.7919,1.267098269390643,MEDIUM,GAP_UP,0.9315164973159762,1.0,1.267098269390643,3.1816,3.1816,True,True,True,4.491523288913535,-0.007557246139522356,1.8905466467661558,RANGE
2026-05-22,C2_Top5,UP,4,ENDURANCE.NS,0.8675,1.2565214196487595,MEDIUM,GAP_UP,0.9315164973159762,1.0,1.2565214196487595,2.9172,2.9172,True,True,False,3.2772430009552433,-0.9699463590270962,1.6400707402032033,RANGE
2026-05-22,C2_Top5,UP,5,PERSISTENT.NS,0.8067,1.2011388125923617,MEDIUM,GAP_UP,0.9315164973159762,1.0,1.2011388125923617,1.3621,1.3621,True,False,False,2.1467558154137922,-0.024147436740129535,0.1590507669145147,RANGE
2026-05-22,A_V3_Top5,DOWN,1,AMBER.NS,0.8847,1.1006930289441552,MEDIUM,GAP_UP,0.9315164973159762,0.0,-1.1006930289441552,1.3929,-1.3929,False,False,False,-0.21062644381029116,2.11985324092947,0.2890256854838791,RANGE
2026-05-22,A_V3_Top5,DOWN,2,MAPMYINDIA.NS,0.8835,1.3069997095556118,MEDIUM,GAP_UP,0.9315164973159762,0.0,-1.3069997095556118,0.6041,-0.6041,False,False,False,-0.1452221899506334,2.5849549811211237,-0.6938313360091652,RANGE
2026-05-22,A_V3_Top5,DOWN,3,BASF.NS,0.8416,0.8682886041870397,SMALL,GAP_UP,0.9315164973159762,0.0,-0.8682886041870397,0.7279,-0.7279,False,False,False,-0.29802555312856693,1.7910361705915756,-0.13918011907382288,RANGE
2026-05-22,A_V3_Top5,DOWN,4,ONMOBILE.NS,0.7825,1.8368556191981078,MEDIUM,GAP_UP,0.9315164973159762,0.0,-1.8368556191981078,1.8171,-1.8171,False,False,False,0.059253407070913866,2.212127197313851,-0.019399282389453987,RANGE
2026-05-22,A_V3_Top5,DOWN,5,GNFC.NS,0.7801,1.2633241215949331,MEDIUM,GAP_UP,0.9315164973159762,0.0,-1.2633241215949331,1.668,-1.668,False,False,False,-0.6908803789972273,3.6320568495854744,0.39962729044835665,RANGE
2026-05-22,C1_Top5,DOWN,1,OIL.NS,0.746,-1.4507253626813377,MEDIUM,GAP_DOWN,0.9315164973159762,1.0,1.4507253626813377,-3.4417,3.4417,True,True,True,3.7518759379689848,-1.1705852926463312,-2.0202834010152326,RANGE
2026-05-22,C1_Top5,DOWN,2,NATCOPHARM.NS,0.7484,0.051295203898438224,NO_GAP,NEUTRAL,0.9315164973159762,0.5,-0.051295203898438224,0.2821,-0.2821,False,False,False,1.4875609130546419,0.7095836539283473,0.23068646500896683,RANGE
2026-05-22,C1_Top5,DOWN,3,BIOCON.NS,0.7438,0.06972690296338513,NO_GAP,NEUTRAL,0.9315164973159762,0.5,-0.06972690296338513,-0.0465,0.0465,True,False,False,0.7205113306217314,0.5229517722254551,-0.11614591801184515,RANGE
2026-05-22,C1_Top5,DOWN,4,TATACONSUM.NS,0.7394,-0.06712535660344798,NO_GAP,NEUTRAL,0.9315164973159762,0.5,0.06712535660344798,-0.386,0.386,True,False,False,0.8642389662695038,0.5705655311293745,-0.31908883291352774,RANGE
2026-05-22,C1_Top5,DOWN,5,AMBER.NS,0.8847,1.1006930289441552,MEDIUM,GAP_UP,0.9315164973159762,0.0,-1.1006930289441552,1.3929,-1.3929,False,False,False,-0.21062644381029116,2.11985324092947,0.2890256854838791,RANGE
2026-05-22,C2_Top5,DOWN,1,OIL.NS,0.746,-1.4507253626813377,MEDIUM,GAP_DOWN,0.9315164973159762,1.0,1.4507253626813377,-3.4417,3.4417,True,True,True,3.7518759379689848,-1.1705852926463312,-2.0202834010152326,RANGE
2026-05-22,C2_Top5,DOWN,2,TATACONSUM.NS,0.7394,-0.06712535660344798,NO_GAP,NEUTRAL,0.9315164973159762,0.5,0.06712535660344798,-0.386,0.386,True,False,False,0.8642389662695038,0.5705655311293745,-0.31908883291352774,RANGE
2026-05-22,C2_Top5,DOWN,3,NATCOPHARM.NS,0.7484,0.051295203898438224,NO_GAP,NEUTRAL,0.9315164973159762,0.5,-0.051295203898438224,0.2821,-0.2821,False,False,False,1.4875609130546419,0.7095836539283473,0.23068646500896683,RANGE
2026-05-22,C2_Top5,DOWN,4,BIOCON.NS,0.7438,0.06972690296338513,NO_GAP,NEUTRAL,0.9315164973159762,0.5,-0.06972690296338513,-0.0465,0.0465,True,False,False,0.7205113306217314,0.5229517722254551,-0.11614591801184515,RANGE
2026-05-22,C2_Top5,DOWN,5,DEEPAKNTR.NS,0.7604,0.39084952293366726,SMALL,GAP_UP,0.9315164973159762,0.0,-0.39084952293366726,0.3506,-0.3506,False,False,False,-0.01724336130588533,1.4024600528796505,-0.04009282033664574,RANGE
2026-05-25,A_V3_Top5,UP,1,PARAS.NS,0.9723,0.2629272567922891,NO_GAP,NEUTRAL,-0.11484664388607957,0.5,0.2629272567922891,0.2805,0.2805,True,False,False,3.0616418346479657,0.22202746129126316,0.01752666083916221,RANGE
2026-05-25,A_V3_Top5,UP,2,HFCL.NS,0.9623,0.3254728567919418,SMALL,GAP_UP,-0.11484664388607957,1.0,0.3254728567919418,-0.6387,-0.6387,False,False,False,3.3161385408990496,1.7440432326209843,-0.9610449164473289,RANGE
2026-05-25,A_V3_Top5,UP,3,RATEGAIN.NS,0.9444,0.0,NO_GAP,NEUTRAL,-0.11484664388607957,0.5,0.0,0.6406,0.6406,True,False,False,1.908107735758069,0.9092787766067367,0.6405999999999912,RANGE
2026-05-25,A_V3_Top5,UP,4,SUDARSCHEM.NS,0.9282,4.4111308012835915,LARGE,GAP_UP,-0.11484664388607957,1.0,4.4111308012835915,-3.9082,-3.9082,False,False,False,8.233152928780108,4.5931318549738975,-7.967858155963303,RANGE
2026-05-25,A_V3_Top5,UP,5,DATAPATTNS.NS,0.9025,-0.09765625,NO_GAP,NEUTRAL,-0.11484664388607957,0.5,-0.09765625,0.1392,0.1392,True,False,False,1.2451171875,0.87890625,0.23708778103617156,RANGE
2026-05-25,C1_Top5,UP,1,HFCL.NS,0.9623,0.3254728567919418,SMALL,GAP_UP,-0.11484664388607957,1.0,0.3254728567919418,-0.6387,-0.6387,False,False,False,3.3161385408990496,1.7440432326209843,-0.9610449164473289,RANGE
2026-05-25,C1_Top5,UP,2,SUDARSCHEM.NS,0.9282,4.4111308012835915,LARGE,GAP_UP,-0.11484664388607957,1.0,4.4111308012835915,-3.9082,-3.9082,False,False,False,8.233152928780108,4.5931318549738975,-7.967858155963303,RANGE
2026-05-25,C1_Top5,UP,3,DEEPAKFERT.NS,0.8973,0.4050806728458589,SMALL,GAP_UP,-0.11484664388607957,1.0,0.4050806728458589,-0.5355,-0.5355,False,False,False,1.846893237212499,0.9268795056642687,-0.9367859340809637,RANGE
2026-05-25,C1_Top5,UP,4,RAJESHEXPO.NS,0.8792,4.2903997872528965,LARGE,GAP_UP,-0.11484664388607957,1.0,4.2903997872528965,4.9996,4.9996,True,True,True,4.999556776881486,-1.409449516886796,0.6800244453888604,RANGE
2026-05-25,C1_Top5,UP,5,IDEA.NS,0.8375,0.35612535612536966,SMALL,GAP_UP,-0.11484664388607957,1.0,0.35612535612536966,0.7123,0.7123,True,False,False,1.139601139601143,0.6410256410256387,0.3549107168204335,RANGE
2026-05-25,C2_Top5,UP,1,SUDARSCHEM.NS,0.9282,4.4111308012835915,LARGE,GAP_UP,-0.11484664388607957,1.0,4.4111308012835915,-3.9082,-3.9082,False,False,False,8.233152928780108,4.5931318549738975,-7.967858155963303,RANGE
2026-05-25,C2_Top5,UP,2,RAJESHEXPO.NS,0.8792,4.2903997872528965,LARGE,GAP_UP,-0.11484664388607957,1.0,4.2903997872528965,4.9996,4.9996,True,True,True,4.999556776881486,-1.409449516886796,0.6800244453888604,RANGE
2026-05-25,C2_Top5,UP,3,TEJASNET.NS,0.8181,0.8439708830045412,SMALL,GAP_UP,-0.11484664388607957,1.0,0.8439708830045412,5.7918,5.7918,True,True,True,7.81728030382951,-0.07384745226290956,4.906420357777996,RANGE
2026-05-25,C2_Top5,UP,4,DEEPAKFERT.NS,0.8973,0.4050806728458589,SMALL,GAP_UP,-0.11484664388607957,1.0,0.4050806728458589,-0.5355,-0.5355,False,False,False,1.846893237212499,0.9268795056642687,-0.9367859340809637,RANGE
2026-05-25,C2_Top5,UP,5,IDEA.NS,0.8375,0.35612535612536966,SMALL,GAP_UP,-0.11484664388607957,1.0,0.35612535612536966,0.7123,0.7123,True,False,False,1.139601139601143,0.6410256410256387,0.3549107168204335,RANGE
2026-05-25,A_V3_Top5,DOWN,1,BASF.NS,0.8404,0.0,NO_GAP,NEUTRAL,-0.11484664388607957,0.5,-0.0,-0.6714,0.6714,True,False,False,0.8819345661450928,0.221906116642967,-0.6713999999999998,RANGE
2026-05-25,A_V3_Top5,DOWN,2,VINATIORGA.NS,0.84,0.47043010752687575,SMALL,GAP_UP,-0.11484664388607957,0.0,-0.47043010752687575,-0.3659,0.3659,True,False,False,0.6720430107526876,1.351553166069297,-0.8324141806019925,RANGE
2026-05-25,A_V3_Top5,DOWN,3,GNFC.NS,0.8291,0.0,NO_GAP,NEUTRAL,-0.11484664388607957,0.5,-0.0,0.4271,-0.4271,False,False,False,0.22327929327249363,1.5435394621881482,0.4270999999999914,RANGE
2026-05-25,A_V3_Top5,DOWN,4,AJANTPHARM.NS,0.7958,0.0,NO_GAP,NEUTRAL,-0.11484664388607957,0.5,-0.0,0.5063,-0.5063,False,False,False,0.1882200227162123,1.37595002433879,0.506300000000004,RANGE
2026-05-25,A_V3_Top5,DOWN,5,BIOCON.NS,0.7814,0.0,NO_GAP,NEUTRAL,-0.11484664388607957,0.5,-0.0,1.4184,-1.4184,False,False,False,0.12789210556912733,2.4066968957098034,1.4183999999999974,RANGE
2026-05-25,C1_Top5,DOWN,1,HINDZINC.NS,0.7231,-0.4097714736012614,SMALL,GAP_DOWN,-0.11484664388607957,1.0,0.4097714736012614,2.0331,-2.0331,False,False,False,0.7643814026792817,2.190701339637502,2.4529228517170543,RANGE
2026-05-25,C1_Top5,DOWN,2,BASF.NS,0.8404,0.0,NO_GAP,NEUTRAL,-0.11484664388607957,0.5,-0.0,-0.6714,0.6714,True,False,False,0.8819345661450928,0.221906116642967,-0.6713999999999998,RANGE
2026-05-25,C1_Top5,DOWN,3,GNFC.NS,0.8291,0.0,NO_GAP,NEUTRAL,-0.11484664388607957,0.5,-0.0,0.4271,-0.4271,False,False,False,0.22327929327249363,1.5435394621881482,0.4270999999999914,RANGE
2026-05-25,C1_Top5,DOWN,4,AJANTPHARM.NS,0.7958,0.0,NO_GAP,NEUTRAL,-0.11484664388607957,0.5,-0.0,0.5063,-0.5063,False,False,False,0.1882200227162123,1.37595002433879,0.506300000000004,RANGE
2026-05-25,C1_Top5,DOWN,5,BIOCON.NS,0.7814,0.0,NO_GAP,NEUTRAL,-0.11484664388607957,0.5,-0.0,1.4184,-1.4184,False,False,False,0.12789210556912733,2.4066968957098034,1.4183999999999974,RANGE
2026-05-25,C2_Top5,DOWN,1,HINDZINC.NS,0.7231,-0.4097714736012614,SMALL,GAP_DOWN,-0.11484664388607957,1.0,0.4097714736012614,2.0331,-2.0331,False,False,False,0.7643814026792817,2.190701339637502,2.4529228517170543,RANGE
2026-05-25,C2_Top5,DOWN,2,ZYDUSWELL.NS,0.6949,-0.24678663239073861,NO_GAP,NEUTRAL,-0.11484664388607957,0.5,0.24678663239073861,-1.0694,1.0694,True,False,False,1.285347043701801,1.7686375321336767,-0.8246484898464135,RANGE
2026-05-25,C2_Top5,DOWN,3,POLICYBZR.NS,0.6839,-0.22327658386827043,NO_GAP,NEUTRAL,-0.11484664388607957,0.5,0.22327658386827043,-0.1395,0.1395,True,False,False,1.0159084566006116,0.5526095450739676,0.08396405594406353,RANGE
2026-05-25,C2_Top5,DOWN,4,VGUARD.NS,0.6748,-0.195694716242667,NO_GAP,NEUTRAL,-0.11484664388607957,0.5,0.195694716242667,2.5603,-2.5603,False,False,False,0.5218525766471083,3.0658838878016903,2.761398627450995,RANGE
2026-05-25,C2_Top5,DOWN,5,TITAN.NS,0.7049,-0.17552172650885378,NO_GAP,NEUTRAL,-0.11484664388607957,0.5,0.17552172650885378,-1.2815,1.2815,True,False,False,1.6397431410010044,0.019229658625219415,-1.1079229189268403,RANGE
2026-05-26,A_V3_Top5,UP,1,SUDARSCHEM.NS,0.9837,0.18441907989832362,NO_GAP,NEUTRAL,-0.1394581395420369,0.5,0.18441907989832362,-2.4224,-2.4224,False,False,False,2.7762547973882334,2.880925085979158,-2.6020204577114514,RANGE
2026-05-26,A_V3_Top5,UP,2,TATACOMM.NS,0.9529,-0.004977353043644772,NO_GAP,NEUTRAL,-0.1394581395420369,0.5,-0.004977353043644772,-2.1154,-2.1154,False,False,False,1.9361903339804032,4.210840674929073,-2.110527695370834,RANGE
2026-05-26,A_V3_Top5,UP,3,TEJASNET.NS,0.9459,0.7179896290387067,SMALL,GAP_UP,-0.1394581395420369,1.0,0.7179896290387067,-1.426,-1.426,False,False,False,1.1667331471878706,1.974471479856399,-2.1287057425742772,RANGE
2026-05-26,A_V3_Top5,UP,4,ADANIENSOL.NS,0.929,1.4829494977106616,MEDIUM,GAP_UP,-0.1394581395420369,1.0,1.4829494977106616,5.2484,5.2484,True,True,True,6.526344563657482,-0.8063965010592478,3.7104267474747266,RANGE
2026-05-26,A_V3_Top5,UP,5,PARAS.NS,0.9278,0.5651692594534685,SMALL,GAP_UP,-0.1394581395420369,1.0,0.5651692594534685,-1.3401,-1.3401,False,False,False,2.528695449513485,3.023946862436633,-1.8945617786790159,RANGE
2026-05-26,C1_Top5,UP,1,TEJASNET.NS,0.9459,0.7179896290387067,SMALL,GAP_UP,-0.1394581395420369,1.0,0.7179896290387067,-1.426,-1.426,False,False,False,1.1667331471878706,1.974471479856399,-2.1287057425742772,RANGE
2026-05-26,C1_Top5,UP,2,ADANIENSOL.NS,0.929,1.4829494977106616,MEDIUM,GAP_UP,-0.1394581395420369,1.0,1.4829494977106616,5.2484,5.2484,True,True,True,6.526344563657482,-0.8063965010592478,3.7104267474747266,RANGE
2026-05-26,C1_Top5,UP,3,PARAS.NS,0.9278,0.5651692594534685,SMALL,GAP_UP,-0.1394581395420369,1.0,0.5651692594534685,-1.3401,-1.3401,False,False,False,2.528695449513485,3.023946862436633,-1.8945617786790159,RANGE
2026-05-26,C1_Top5,UP,4,HFCL.NS,0.9198,0.4264524103831935,SMALL,GAP_UP,-0.1394581395420369,1.0,0.4264524103831935,7.4907,7.4907,True,True,True,9.04820766378245,0.37700865265760664,7.03424986152994,RANGE
2026-05-26,C1_Top5,UP,5,RAJESHEXPO.NS,0.9088,3.3262980160405187,LARGE,GAP_UP,-0.1394581395420369,1.0,3.3262980160405187,3.0984,3.0984,True,True,True,3.841283241874205,2.068383284086117,-0.22056148378135632,RANGE
2026-05-26,C2_Top5,UP,1,FINPIPE.NS,0.8312,5.871786235545073,LARGE,GAP_UP,-0.1394581395420369,1.0,5.871786235545073,7.7411,7.7411,True,True,True,12.495789828225012,-5.815650611878298,1.7656392046659697,RANGE
2026-05-26,C2_Top5,UP,2,RAJESHEXPO.NS,0.9088,3.3262980160405187,LARGE,GAP_UP,-0.1394581395420369,1.0,3.3262980160405187,3.0984,3.0984,True,True,True,3.841283241874205,2.068383284086117,-0.22056148378135632,RANGE
2026-05-26,C2_Top5,UP,3,ADANIENSOL.NS,0.929,1.4829494977106616,MEDIUM,GAP_UP,-0.1394581395420369,1.0,1.4829494977106616,5.2484,5.2484,True,True,True,6.526344563657482,-0.8063965010592478,3.7104267474747266,RANGE
2026-05-26,C2_Top5,UP,4,JSWENERGY.NS,0.8046,1.041666666666674,MEDIUM,GAP_UP,-0.1394581395420369,1.0,1.041666666666674,4.5226,4.5226,True,True,True,5.711805555555549,-0.5381944444444509,3.445047422680414,RANGE
2026-05-26,C2_Top5,UP,5,ADANIGREEN.NS,0.7973,1.0017839989021393,MEDIUM,GAP_UP,-0.1394581395420369,1.0,1.0017839989021393,2.23,2.23,True,True,False,4.158089748867844,-0.6587072869493449,1.2160339673913168,RANGE
2026-05-26,A_V3_Top5,DOWN,1,MAPMYINDIA.NS,0.8807,0.4983388704318914,SMALL,GAP_UP,-0.1394581395420369,0.0,-0.4983388704318914,0.3085,-0.3085,False,False,False,1.7501186521120093,1.7857142857143016,-0.18889752066115761,RANGE
2026-05-26,A_V3_Top5,DOWN,2,GNFC.NS,0.8775,0.531657805703234,SMALL,GAP_UP,-0.1394581395420369,0.0,-0.531657805703234,-0.2127,0.2127,True,False,False,0.4349927501208328,4.320927984533585,-0.7404212980769209,RANGE
2026-05-26,A_V3_Top5,DOWN,3,ZYDUSWELL.NS,0.7956,0.9042719052073434,SMALL,GAP_UP,-0.1394581395420369,0.0,-0.9042719052073434,0.0832,-0.0832,False,False,False,0.2182725288431553,1.4239684024529575,-0.8137137206427614,RANGE
2026-05-26,A_V3_Top5,DOWN,4,POLICYBZR.NS,0.7954,0.0,NO_GAP,NEUTRAL,-0.1394581395420369,0.5,-0.0,-0.2348,0.2348,True,False,False,0.8943543879262106,0.6651760760201242,-0.23480000000000167,RANGE
2026-05-26,A_V3_Top5,DOWN,5,BASF.NS,0.7751,-0.8649796890926154,SMALL,GAP_DOWN,-0.1394581395420369,1.0,0.8649796890926154,-1.7529,1.7529,True,False,False,1.9734175967639822,0.472589805596324,-0.8956676541979736,RANGE
2026-05-26,C1_Top5,DOWN,1,BASF.NS,0.7751,-0.8649796890926154,SMALL,GAP_DOWN,-0.1394581395420369,1.0,0.8649796890926154,-1.7529,1.7529,True,False,False,1.9734175967639822,0.472589805596324,-0.8956676541979736,RANGE
2026-05-26,C1_Top5,DOWN,2,PAGEIND.NS,0.7265,-0.3002219031458031,SMALL,GAP_DOWN,-0.1394581395420369,1.0,0.3002219031458031,-0.4177,0.4177,True,False,False,0.9789844667797976,0.27411565069834776,-0.11783185388845041,RANGE
2026-05-26,C1_Top5,DOWN,3,GLENMARK.NS,0.7065,-1.2503147593057151,MEDIUM,GAP_DOWN,-0.1394581395420369,1.0,1.2503147593057151,1.4247,-1.4247,False,False,False,1.2503147593057151,1.6415795543752498,2.7088843400215223,RANGE
2026-05-26,C1_Top5,DOWN,4,INFY.NS,0.6927,-0.5737775113470955,SMALL,GAP_DOWN,-0.1394581395420369,1.0,0.5737775113470955,-0.668,0.668,True,False,False,1.0876081185235975,-0.03425537381177568,-0.0947662360034407,RANGE
2026-05-26,C1_Top5,DOWN,5,CROMPTON.NS,0.6894,-0.32866286109669574,SMALL,GAP_DOWN,-0.1394581395420369,1.0,0.32866286109669574,-0.2768,0.2768,True,False,False,0.4497491783428509,0.6573257221933915,0.05203387712600094,RANGE
2026-05-26,C2_Top5,DOWN,1,GLENMARK.NS,0.7065,-1.2503147593057151,MEDIUM,GAP_DOWN,-0.1394581395420369,1.0,1.2503147593057151,1.4247,-1.4247,False,False,False,1.2503147593057151,1.6415795543752498,2.7088843400215223,RANGE
2026-05-26,C2_Top5,DOWN,2,BASF.NS,0.7751,-0.8649796890926154,SMALL,GAP_DOWN,-0.1394581395420369,1.0,0.8649796890926154,-1.7529,1.7529,True,False,False,1.9734175967639822,0.472589805596324,-0.8956676541979736,RANGE
2026-05-26,C2_Top5,DOWN,3,INFY.NS,0.6927,-0.5737775113470955,SMALL,GAP_DOWN,-0.1394581395420369,1.0,0.5737775113470955,-0.668,0.668,True,False,False,1.0876081185235975,-0.03425537381177568,-0.0947662360034407,RANGE
2026-05-26,C2_Top5,DOWN,4,CROMPTON.NS,0.6894,-0.32866286109669574,SMALL,GAP_DOWN,-0.1394581395420369,1.0,0.32866286109669574,-0.2768,0.2768,True,False,False,0.4497491783428509,0.6573257221933915,0.05203387712600094,RANGE
2026-05-26,C2_Top5,DOWN,5,PAGEIND.NS,0.7265,-0.3002219031458031,SMALL,GAP_DOWN,-0.1394581395420369,1.0,0.3002219031458031,-0.4177,0.4177,True,False,False,0.9789844667797976,0.27411565069834776,-0.11783185388845041,RANGE
2026-05-27,A_V3_Top5,UP,1,JPPOWER.NS,0.9584,0.0,NO_GAP,NEUTRAL,,0.5,0.0,0.0,0.0,False,False,False,0.0,0.0,0.0,RANGE
2026-05-27,A_V3_Top5,UP,2,ADANIENSOL.NS,0.9571,0.0,NO_GAP,NEUTRAL,,0.5,0.0,0.0,0.0,False,False,False,0.0,0.0,0.0,RANGE
2026-05-27,A_V3_Top5,UP,3,RAJESHEXPO.NS,0.9377,0.0,NO_GAP,NEUTRAL,,0.5,0.0,0.0,0.0,False,False,False,0.0,0.0,0.0,RANGE
2026-05-27,A_V3_Top5,UP,4,HFCL.NS,0.9308,0.0,NO_GAP,NEUTRAL,,0.5,0.0,0.0,0.0,False,False,False,0.0,0.0,0.0,RANGE
2026-05-27,A_V3_Top5,UP,5,FINPIPE.NS,0.9276,0.0,NO_GAP,NEUTRAL,,0.5,0.0,0.0,0.0,False,False,False,0.0,0.0,0.0,RANGE
2026-05-27,C1_Top5,UP,1,JPPOWER.NS,0.9584,0.0,NO_GAP,NEUTRAL,,0.5,0.0,0.0,0.0,False,False,False,0.0,0.0,0.0,RANGE
2026-05-27,C1_Top5,UP,2,ADANIENSOL.NS,0.9571,0.0,NO_GAP,NEUTRAL,,0.5,0.0,0.0,0.0,False,False,False,0.0,0.0,0.0,RANGE
2026-05-27,C1_Top5,UP,3,RAJESHEXPO.NS,0.9377,0.0,NO_GAP,NEUTRAL,,0.5,0.0,0.0,0.0,False,False,False,0.0,0.0,0.0,RANGE
2026-05-27,C1_Top5,UP,4,HFCL.NS,0.9308,0.0,NO_GAP,NEUTRAL,,0.5,0.0,0.0,0.0,False,False,False,0.0,0.0,0.0,RANGE
2026-05-27,C1_Top5,UP,5,FINPIPE.NS,0.9276,0.0,NO_GAP,NEUTRAL,,0.5,0.0,0.0,0.0,False,False,False,0.0,0.0,0.0,RANGE
2026-05-27,C2_Top5,UP,1,JPPOWER.NS,0.9584,0.0,NO_GAP,NEUTRAL,,0.5,0.0,0.0,0.0,False,False,False,0.0,0.0,0.0,RANGE
2026-05-27,C2_Top5,UP,2,ADANIENSOL.NS,0.9571,0.0,NO_GAP,NEUTRAL,,0.5,0.0,0.0,0.0,False,False,False,0.0,0.0,0.0,RANGE
2026-05-27,C2_Top5,UP,3,RAJESHEXPO.NS,0.9377,0.0,NO_GAP,NEUTRAL,,0.5,0.0,0.0,0.0,False,False,False,0.0,0.0,0.0,RANGE
2026-05-27,C2_Top5,UP,4,HFCL.NS,0.9308,0.0,NO_GAP,NEUTRAL,,0.5,0.0,0.0,0.0,False,False,False,0.0,0.0,0.0,RANGE
2026-05-27,C2_Top5,UP,5,FINPIPE.NS,0.9276,0.0,NO_GAP,NEUTRAL,,0.5,0.0,0.0,0.0,False,False,False,0.0,0.0,0.0,RANGE
2026-05-27,A_V3_Top5,DOWN,1,ERIS.NS,0.8672,0.0,NO_GAP,NEUTRAL,,0.5,-0.0,0.0,-0.0,False,False,False,0.0,0.0,0.0,RANGE
2026-05-27,A_V3_Top5,DOWN,2,GNFC.NS,0.8275,0.0,NO_GAP,NEUTRAL,,0.5,-0.0,0.0,-0.0,False,False,False,0.0,0.0,0.0,RANGE
2026-05-27,A_V3_Top5,DOWN,3,ZYDUSWELL.NS,0.7771,0.0,NO_GAP,NEUTRAL,,0.5,-0.0,0.0,-0.0,False,False,False,0.0,0.0,0.0,RANGE
2026-05-27,A_V3_Top5,DOWN,4,COFORGE.NS,0.7737,0.0,NO_GAP,NEUTRAL,,0.5,-0.0,0.0,-0.0,False,False,False,0.0,0.0,0.0,RANGE
2026-05-27,A_V3_Top5,DOWN,5,DEEPAKNTR.NS,0.7538,0.0,NO_GAP,NEUTRAL,,0.5,-0.0,0.0,-0.0,False,False,False,0.0,0.0,0.0,RANGE
2026-05-27,C1_Top5,DOWN,1,ERIS.NS,0.8672,0.0,NO_GAP,NEUTRAL,,0.5,-0.0,0.0,-0.0,False,False,False,0.0,0.0,0.0,RANGE
2026-05-27,C1_Top5,DOWN,2,GNFC.NS,0.8275,0.0,NO_GAP,NEUTRAL,,0.5,-0.0,0.0,-0.0,False,False,False,0.0,0.0,0.0,RANGE
2026-05-27,C1_Top5,DOWN,3,ZYDUSWELL.NS,0.7771,0.0,NO_GAP,NEUTRAL,,0.5,-0.0,0.0,-0.0,False,False,False,0.0,0.0,0.0,RANGE
2026-05-27,C1_Top5,DOWN,4,COFORGE.NS,0.7737,0.0,NO_GAP,NEUTRAL,,0.5,-0.0,0.0,-0.0,False,False,False,0.0,0.0,0.0,RANGE
2026-05-27,C1_Top5,DOWN,5,DEEPAKNTR.NS,0.7538,0.0,NO_GAP,NEUTRAL,,0.5,-0.0,0.0,-0.0,False,False,False,0.0,0.0,0.0,RANGE
2026-05-27,C2_Top5,DOWN,1,ERIS.NS,0.8672,0.0,NO_GAP,NEUTRAL,,0.5,-0.0,0.0,-0.0,False,False,False,0.0,0.0,0.0,RANGE
2026-05-27,C2_Top5,DOWN,2,GNFC.NS,0.8275,0.0,NO_GAP,NEUTRAL,,0.5,-0.0,0.0,-0.0,False,False,False,0.0,0.0,0.0,RANGE
2026-05-27,C2_Top5,DOWN,3,ZYDUSWELL.NS,0.7771,0.0,NO_GAP,NEUTRAL,,0.5,-0.0,0.0,-0.0,False,False,False,0.0,0.0,0.0,RANGE
2026-05-27,C2_Top5,DOWN,4,COFORGE.NS,0.7737,0.0,NO_GAP,NEUTRAL,,0.5,-0.0,0.0,-0.0,False,False,False,0.0,0.0,0.0,RANGE
2026-05-27,C2_Top5,DOWN,5,DEEPAKNTR.NS,0.7538,0.0,NO_GAP,NEUTRAL,,0.5,-0.0,0.0,-0.0,False,False,False,0.0,0.0,0.0,RANGE
2026-05-29,A_V3_Top5,UP,1,JPPOWER.NS,0.9687,0.548696844993124,SMALL,GAP_UP,0.45333418267137215,1.0,0.548696844993124,-14.0832,-14.0832,False,False,False,0.548696844993124,15.317786922725196,-14.552050204638455,RANGE
2026-05-29,A_V3_Top5,UP,2,CLEAN.NS,0.9019,0.37617554858935254,SMALL,GAP_UP,0.45333418267137215,1.0,0.37617554858935254,-1.2414,-1.2414,False,False,False,1.4984326018808725,2.3824451410658254,-1.6115134291068256,RANGE
2026-05-29,A_V3_Top5,UP,3,CENTUM.NS,0.8682,1.4380051664753202,MEDIUM,GAP_UP,0.45333418267137215,1.0,1.4380051664753202,0.7836,0.7836,True,False,False,6.601607347876004,0.11481056257175437,-0.6451281897759564,RANGE
2026-05-29,A_V3_Top5,UP,4,HFCL.NS,0.866,0.03334444814937498,NO_GAP,NEUTRAL,0.45333418267137215,0.5,0.03334444814937498,1.3004,1.3004,True,False,False,4.479270868067142,1.072579748805158,1.2666332000000002,RANGE
2026-05-29,A_V3_Top5,UP,5,MOTHERSON.NS,0.86,0.185261424454497,NO_GAP,NEUTRAL,0.45333418267137215,0.5,0.185261424454497,-2.724,-2.724,False,False,False,0.7273226293399215,3.16316728420476,-2.903881651941642,RANGE
2026-05-29,C1_Top5,UP,1,JPPOWER.NS,0.9687,0.548696844993124,SMALL,GAP_UP,0.45333418267137215,1.0,0.548696844993124,-14.0832,-14.0832,False,False,False,0.548696844993124,15.317786922725196,-14.552050204638455,RANGE
2026-05-29,C1_Top5,UP,2,CLEAN.NS,0.9019,0.37617554858935254,SMALL,GAP_UP,0.45333418267137215,1.0,0.37617554858935254,-1.2414,-1.2414,False,False,False,1.4984326018808725,2.3824451410658254,-1.6115134291068256,RANGE
2026-05-29,C1_Top5,UP,3,CENTUM.NS,0.8682,1.4380051664753202,MEDIUM,GAP_UP,0.45333418267137215,1.0,1.4380051664753202,0.7836,0.7836,True,False,False,6.601607347876004,0.11481056257175437,-0.6451281897759564,RANGE
2026-05-29,C1_Top5,UP,4,TEJASNET.NS,0.8539,0.903151421983095,SMALL,GAP_UP,0.45333418267137215,1.0,0.903151421983095,1.0953,1.0953,True,False,False,6.398923904688725,-0.18255188316680382,0.1904287183393638,RANGE
2026-05-29,C1_Top5,UP,5,ADANIENSOL.NS,0.801,0.5616863807572869,SMALL,GAP_UP,0.45333418267137215,1.0,0.5616863807572869,-1.1102,-1.1102,False,False,False,0.7070640322474064,1.7709641181523739,-1.66254807464844,RANGE
2026-05-29,C2_Top5,UP,1,CENTUM.NS,0.8682,1.4380051664753202,MEDIUM,GAP_UP,0.45333418267137215,1.0,1.4380051664753202,0.7836,0.7836,True,False,False,6.601607347876004,0.11481056257175437,-0.6451281897759564,RANGE
2026-05-29,C2_Top5,UP,2,OFSS.NS,0.7597,1.0537936571658024,MEDIUM,GAP_UP,0.45333418267137215,1.0,1.0537936571658024,2.2782,2.2782,True,True,False,3.2818145323163295,-0.9935768767563191,1.2116381765815865,RANGE
2026-05-29,C2_Top5,UP,3,NAUKRI.NS,0.7806,1.005025125628145,MEDIUM,GAP_UP,0.45333418267137215,1.0,1.005025125628145,0.9095,0.9095,True,False,False,2.3216080402010064,-0.18592964824120095,-0.0945746268656733,RANGE
2026-05-29,C2_Top5,UP,4,TEJASNET.NS,0.8539,0.903151421983095,SMALL,GAP_UP,0.45333418267137215,1.0,0.903151421983095,1.0953,1.0953,True,False,False,6.398923904688725,-0.18255188316680382,0.1904287183393638,RANGE
2026-05-29,C2_Top5,UP,5,MGL.NS,0.7803,0.6392694063926951,SMALL,GAP_UP,0.45333418267137215,1.0,0.6392694063926951,-1.6256,-1.6256,False,False,False,1.0958904109588996,3.8356164383561597,-2.2504827586206977,RANGE
2026-05-29,A_V3_Top5,DOWN,1,SUDARSCHEM.NS,0.8802,0.7995735607675858,SMALL,GAP_UP,0.45333418267137215,0.0,-0.7995735607675858,-3.3475,3.3475,True,True,True,4.7974413646055485,2.121535181236678,-4.114177683765208,RANGE
2026-05-29,A_V3_Top5,DOWN,2,DEEPAKFERT.NS,0.8438,1.0850294305368546,MEDIUM,GAP_UP,0.45333418267137215,0.0,-1.0850294305368546,0.0355,-0.0355,False,False,False,0.6808027799446781,4.574143677753351,-1.038263960993413,RANGE
2026-05-29,A_V3_Top5,DOWN,3,TATACOMM.NS,0.8177,0.9974554707379069,SMALL,GAP_UP,0.45333418267137215,0.0,-0.9974554707379069,-1.1399,1.1399,True,False,False,2.2086513994911017,3.053435114503822,-2.1162468507507803,RANGE
2026-05-29,A_V3_Top5,DOWN,4,TORNTPOWER.NS,0.8102,0.38020136590861675,SMALL,GAP_UP,0.45333418267137215,0.0,-0.38020136590861675,-0.5703,0.5703,True,False,False,1.67570231641202,1.4574385693163494,-0.9469012344813121,RANGE
2026-05-29,A_V3_Top5,DOWN,5,NATCOPHARM.NS,0.7976,-0.5807658234078139,SMALL,GAP_DOWN,0.45333418267137215,1.0,0.5807658234078139,-8.1307,8.1307,True,True,True,8.849296190569934,-0.18702628211437755,-7.594037752475247,RANGE
2026-05-29,C1_Top5,DOWN,1,NATCOPHARM.NS,0.7976,-0.5807658234078139,SMALL,GAP_DOWN,0.45333418267137215,1.0,0.5807658234078139,-8.1307,8.1307,True,True,True,8.849296190569934,-0.18702628211437755,-7.594037752475247,RANGE
2026-05-29,C1_Top5,DOWN,2,PAGEIND.NS,0.774,-0.2487236549286509,NO_GAP,NEUTRAL,0.45333418267137215,0.5,0.2487236549286509,-2.5396,2.5396,True,True,False,3.0239560151852363,1.5839769603351206,-2.2965885039370137,RANGE
2026-05-29,C1_Top5,DOWN,3,METROBRAND.NS,0.7701,-0.009762764814991165,NO_GAP,NEUTRAL,0.45333418267137215,0.5,0.009762764814991165,0.8103,-0.8103,False,False,False,0.41003612222980657,2.9190666796836906,0.8201428334309702,RANGE
2026-05-29,C1_Top5,DOWN,4,VBL.NS,0.7033,0.18939393939394478,NO_GAP,NEUTRAL,0.45333418267137215,0.5,-0.18939393939394478,-0.4735,0.4735,True,False,False,1.1363636363636354,0.8143939393939315,-0.661640831758048,RANGE
2026-05-29,C1_Top5,DOWN,5,CROMPTON.NS,0.7001,0.23119331317802416,NO_GAP,NEUTRAL,0.45333418267137215,0.5,-0.23119331317802416,-2.7565,2.7565,True,True,False,3.2722745865196523,0.9603414547394884,-2.9808018985095774,RANGE
2026-05-29,C2_Top5,DOWN,1,NATCOPHARM.NS,0.7976,-0.5807658234078139,SMALL,GAP_DOWN,0.45333418267137215,1.0,0.5807658234078139,-8.1307,8.1307,True,True,True,8.849296190569934,-0.18702628211437755,-7.594037752475247,RANGE
2026-05-29,C2_Top5,DOWN,2,PAGEIND.NS,0.774,-0.2487236549286509,NO_GAP,NEUTRAL,0.45333418267137215,0.5,0.2487236549286509,-2.5396,2.5396,True,True,False,3.0239560151852363,1.5839769603351206,-2.2965885039370137,RANGE
2026-05-29,C2_Top5,DOWN,3,METROBRAND.NS,0.7701,-0.009762764814991165,NO_GAP,NEUTRAL,0.45333418267137215,0.5,0.009762764814991165,0.8103,-0.8103,False,False,False,0.41003612222980657,2.9190666796836906,0.8201428334309702,RANGE
2026-05-29,C2_Top5,DOWN,4,POLICYBZR.NS,0.6874,0.0,NO_GAP,NEUTRAL,0.45333418267137215,0.5,-0.0,-1.8267,1.8267,True,False,False,2.4082232011747418,0.37591776798826526,-1.8267000000000033,RANGE
2026-05-29,C2_Top5,DOWN,5,MASTEK.NS,0.6769,0.11677934849416705,NO_GAP,NEUTRAL,0.45333418267137215,0.5,-0.11677934849416705,1.4136,-1.4136,False,False,False,0.0,4.917025199754144,1.2953079992632954,RANGE
2026-06-01,A_V3_Top5,UP,1,CENTUM.NS,0.9551,-0.8942585367243017,SMALL,GAP_DOWN,-0.6562538067837576,0.0,-0.8942585367243017,2.5261,2.5261,True,True,False,3.3520348588841786,1.6717426594138995,3.451221378523006,RANGE
2026-06-01,A_V3_Top5,UP,2,TEJASNET.NS,0.9403,-0.43717924348984916,SMALL,GAP_DOWN,-0.6562538067837576,0.0,-0.43717924348984916,2.1289,2.1289,True,True,False,2.870176772476718,1.5016156624215848,2.577346869033992,RANGE
2026-06-01,A_V3_Top5,UP,3,OFSS.NS,0.8614,0.9714453929938083,SMALL,GAP_UP,-0.6562538067837576,1.0,0.9714453929938083,1.5062,1.5062,True,False,False,2.791678932391317,0.14228240604454712,0.5296097376093378,RANGE
2026-06-01,A_V3_Top5,UP,4,PERSISTENT.NS,0.8597,0.7126990003702316,SMALL,GAP_UP,-0.6562538067837576,1.0,0.7126990003702316,1.268,1.268,True,False,False,3.887449092928552,-0.24065161051463058,0.5513713813068755,RANGE
2026-06-01,A_V3_Top5,UP,5,MOTHERSON.NS,0.8572,-0.260986104253369,NO_GAP,NEUTRAL,-0.6562538067837576,0.5,-0.260986104253369,2.2007,2.2007,True,True,False,2.5111095436270103,0.8534950976934574,2.468127574257406,RANGE
2026-06-01,C1_Top5,UP,1,OFSS.NS,0.8614,0.9714453929938083,SMALL,GAP_UP,-0.6562538067837576,1.0,0.9714453929938083,1.5062,1.5062,True,False,False,2.791678932391317,0.14228240604454712,0.5296097376093378,RANGE
2026-06-01,C1_Top5,UP,2,PERSISTENT.NS,0.8597,0.7126990003702316,SMALL,GAP_UP,-0.6562538067837576,1.0,0.7126990003702316,1.268,1.268,True,False,False,3.887449092928552,-0.24065161051463058,0.5513713813068755,RANGE
2026-06-01,C1_Top5,UP,3,RATEGAIN.NS,0.8541,0.38602586373286396,SMALL,GAP_UP,-0.6562538067837576,1.0,0.38602586373286396,-0.3024,-0.3024,False,False,False,1.6534774496558047,2.2067811876729015,-0.6857785810421069,RANGE
2026-06-01,C1_Top5,UP,4,COFORGE.NS,0.8483,0.7528059129482623,SMALL,GAP_UP,-0.6562538067837576,1.0,0.7528059129482623,3.9899,3.9899,True,True,True,6.350944429236249,-0.05474952094168817,3.212907132183118,RANGE
2026-06-01,C1_Top5,UP,5,TECHM.NS,0.8307,1.2765681700362963,MEDIUM,GAP_UP,-0.6562538067837576,1.0,1.2765681700362963,1.8274,1.8274,True,False,False,2.9678589942975675,-0.6998444790046632,0.5438887196877351,RANGE
2026-06-01,C2_Top5,UP,1,TECHM.NS,0.8307,1.2765681700362963,MEDIUM,GAP_UP,-0.6562538067837576,1.0,1.2765681700362963,1.8274,1.8274,True,False,False,2.9678589942975675,-0.6998444790046632,0.5438887196877351,RANGE
2026-06-01,C2_Top5,UP,2,OFSS.NS,0.8614,0.9714453929938083,SMALL,GAP_UP,-0.6562538067837576,1.0,0.9714453929938083,1.5062,1.5062,True,False,False,2.791678932391317,0.14228240604454712,0.5296097376093378,RANGE
2026-06-01,C2_Top5,UP,3,INTELLECT.NS,0.7923,0.7739195945483335,SMALL,GAP_UP,-0.6562538067837576,1.0,0.7739195945483335,2.493,2.493,True,True,False,4.129854119580867,-0.2191630710225434,1.7058782791898652,RANGE
2026-06-01,C2_Top5,UP,4,COFORGE.NS,0.8483,0.7528059129482623,SMALL,GAP_UP,-0.6562538067837576,1.0,0.7528059129482623,3.9899,3.9899,True,True,True,6.350944429236249,-0.05474952094168817,3.212907132183118,RANGE
2026-06-01,C2_Top5,UP,5,PERSISTENT.NS,0.8597,0.7126990003702316,SMALL,GAP_UP,-0.6562538067837576,1.0,0.7126990003702316,1.268,1.268,True,False,False,3.887449092928552,-0.24065161051463058,0.5513713813068755,RANGE
2026-06-01,A_V3_Top5,DOWN,1,SUDARSCHEM.NS,0.8795,-0.887932936245317,SMALL,GAP_DOWN,-0.6562538067837576,1.0,0.887932936245317,-1.0313,1.0313,True,False,False,1.4339289653651055,0.4136333553937721,-0.14465147181570437,RANGE
2026-06-01,A_V3_Top5,DOWN,2,DATAPATTNS.NS,0.8331,-0.388028344176361,SMALL,GAP_DOWN,-0.6562538067837576,1.0,0.388028344176361,4.8256,-4.8256,False,False,False,0.7317873051846946,5.351702006606995,5.233937505213082,RANGE
2026-06-01,A_V3_Top5,DOWN,3,NATCOPHARM.NS,0.8244,-0.3535840565734416,SMALL,GAP_DOWN,-0.6562538067837576,1.0,0.3535840565734416,0.6429,-0.6429,False,False,False,0.8893174756241295,2.2179363548698205,1.0000199677419275,RANGE
2026-06-01,A_V3_Top5,DOWN,4,NAVINFLUOR.NS,0.8088,-0.8144602414803193,SMALL,GAP_DOWN,-0.6562538067837576,1.0,0.8144602414803193,0.7644,-0.7644,False,False,False,1.3931556762163289,2.071872544116604,1.5918250234099318,RANGE
2026-06-01,A_V3_Top5,DOWN,5,ASHOKLEY.NS,0.7749,-2.857524369074649,LARGE,GAP_DOWN,-0.6562538067837576,1.0,2.857524369074649,-0.4874,0.4874,True,False,False,2.857524369074649,0.24035251702496652,2.439843491408933,RANGE
2026-06-01,C1_Top5,DOWN,1,SUDARSCHEM.NS,0.8795,-0.887932936245317,SMALL,GAP_DOWN,-0.6562538067837576,1.0,0.887932936245317,-1.0313,1.0313,True,False,False,1.4339289653651055,0.4136333553937721,-0.14465147181570437,RANGE
2026-06-01,C1_Top5,DOWN,2,DATAPATTNS.NS,0.8331,-0.388028344176361,SMALL,GAP_DOWN,-0.6562538067837576,1.0,0.388028344176361,4.8256,-4.8256,False,False,False,0.7317873051846946,5.351702006606995,5.233937505213082,RANGE
2026-06-01,C1_Top5,DOWN,3,NATCOPHARM.NS,0.8244,-0.3535840565734416,SMALL,GAP_DOWN,-0.6562538067837576,1.0,0.3535840565734416,0.6429,-0.6429,False,False,False,0.8893174756241295,2.2179363548698205,1.0000199677419275,RANGE
2026-06-01,C1_Top5,DOWN,4,NAVINFLUOR.NS,0.8088,-0.8144602414803193,SMALL,GAP_DOWN,-0.6562538067837576,1.0,0.8144602414803193,0.7644,-0.7644,False,False,False,1.3931556762163289,2.071872544116604,1.5918250234099318,RANGE
2026-06-01,C1_Top5,DOWN,5,ASHOKLEY.NS,0.7749,-2.857524369074649,LARGE,GAP_DOWN,-0.6562538067837576,1.0,2.857524369074649,-0.4874,0.4874,True,False,False,2.857524369074649,0.24035251702496652,2.439843491408933,RANGE
2026-06-01,C2_Top5,DOWN,1,ASHOKLEY.NS,0.7749,-2.857524369074649,LARGE,GAP_DOWN,-0.6562538067837576,1.0,2.857524369074649,-0.4874,0.4874,True,False,False,2.857524369074649,0.24035251702496652,2.439843491408933,RANGE
2026-06-01,C2_Top5,DOWN,2,TORNTPHARM.NS,0.6869,-1.6182397392938586,MEDIUM,GAP_DOWN,-0.6562538067837576,1.0,1.6182397392938586,-0.7471,0.7471,True,False,False,2.5308041221681843,-0.27583671101132357,0.8854687464275868,RANGE
2026-06-01,C2_Top5,DOWN,3,BSE.NS,0.7452,-1.1459228558028167,MEDIUM,GAP_DOWN,-0.6562538067837576,1.0,1.1459228558028167,-3.3124,3.3124,True,True,True,4.696798192672058,-0.5311586944583002,-2.191591087373135,RANGE
2026-06-01,C2_Top5,DOWN,4,CHOLAFIN.NS,0.6964,-1.1320249179449404,MEDIUM,GAP_DOWN,-0.6562538067837576,1.0,1.1320249179449404,-0.6765,0.6765,True,False,False,2.732935896577149,-0.32822024248108095,0.4607406165311634,RANGE
2026-06-01,C2_Top5,DOWN,5,BDL.NS,0.737,-0.9966777408637828,SMALL,GAP_DOWN,-0.6562538067837576,1.0,0.9966777408637828,0.1744,-0.1744,False,False,False,1.7857142857142905,0.8139534883720989,1.182867114093944,RANGE
2026-06-02,A_V3_Top5,UP,1,STLTECH.NS,0.9405,3.206158531427139,LARGE,GAP_UP,-0.2878678806954582,1.0,3.206158531427139,4.9996,4.9996,True,True,True,4.999577023940449,-2.055663649437456,1.7377271803278527,RANGE
2026-06-02,A_V3_Top5,UP,2,MASTEK.NS,0.938,0.17940853058624473,NO_GAP,NEUTRAL,-0.2878678806954582,0.5,0.17940853058624473,-2.639,-2.639,False,False,False,0.17940853058624473,3.8891139533537844,-2.8133611207394438,RANGE
2026-06-02,A_V3_Top5,UP,3,COFORGE.NS,0.9156,-1.9414281013491297,MEDIUM,GAP_DOWN,-0.2878678806954582,0.0,-1.9414281013491297,-6.489,-6.489,False,False,False,-1.9414281013491297,6.745640013162224,-4.637607718120806,RANGE
2026-06-02,A_V3_Top5,UP,4,ALKYLAMINE.NS,0.9134,-0.044976668353291505,NO_GAP,NEUTRAL,-0.2878678806954582,0.5,-0.044976668353291505,3.2664,3.2664,True,True,True,4.61573058975655,2.3668971720919862,3.312866685415372,RANGE
2026-06-02,A_V3_Top5,UP,5,OLECTRA.NS,0.9044,1.0037348272642355,MEDIUM,GAP_UP,-0.2878678806954582,1.0,1.0037348272642355,2.8011,2.8011,True,True,False,4.022720199190788,1.8051665110488724,1.7795036746013349,RANGE
2026-06-02,C1_Top5,UP,1,STLTECH.NS,0.9405,3.206158531427139,LARGE,GAP_UP,-0.2878678806954582,1.0,3.206158531427139,4.9996,4.9996,True,True,True,4.999577023940449,-2.055663649437456,1.7377271803278527,RANGE
2026-06-02,C1_Top5,UP,2,OLECTRA.NS,0.9044,1.0037348272642355,MEDIUM,GAP_UP,-0.2878678806954582,1.0,1.0037348272642355,2.8011,2.8011,True,True,False,4.022720199190788,1.8051665110488724,1.7795036746013349,RANGE
2026-06-02,C1_Top5,UP,3,NMDC.NS,0.8327,0.8288741999790128,SMALL,GAP_UP,-0.2878678806954582,1.0,0.8288741999790128,0.7659,0.7659,True,False,False,2.2872731088028564,0.25180988353793454,-0.06245651404785946,RANGE
2026-06-02,C1_Top5,UP,4,CENTUM.NS,0.8317,0.694444444444442,SMALL,GAP_UP,-0.2878678806954582,1.0,0.694444444444442,-0.2806,-0.2806,False,False,False,0.708333333333333,2.3527777777777703,-0.9683200000000003,RANGE
2026-06-02,C1_Top5,UP,5,ROUTE.NS,0.8041,0.9979481440029803,SMALL,GAP_UP,-0.2878678806954582,1.0,0.9979481440029803,-1.5762,-1.5762,False,False,False,1.0912143256855078,3.0031710501772113,-2.5487133068612056,RANGE
2026-06-02,C2_Top5,UP,1,STLTECH.NS,0.9405,3.206158531427139,LARGE,GAP_UP,-0.2878678806954582,1.0,3.206158531427139,4.9996,4.9996,True,True,True,4.999577023940449,-2.055663649437456,1.7377271803278527,RANGE
2026-06-02,C2_Top5,UP,2,OLECTRA.NS,0.9044,1.0037348272642355,MEDIUM,GAP_UP,-0.2878678806954582,1.0,1.0037348272642355,2.8011,2.8011,True,True,False,4.022720199190788,1.8051665110488724,1.7795036746013349,RANGE
2026-06-02,C2_Top5,UP,3,ROUTE.NS,0.8041,0.9979481440029803,SMALL,GAP_UP,-0.2878678806954582,1.0,0.9979481440029803,-1.5762,-1.5762,False,False,False,1.0912143256855078,3.0031710501772113,-2.5487133068612056,RANGE
2026-06-02,C2_Top5,UP,4,NMDC.NS,0.8327,0.8288741999790128,SMALL,GAP_UP,-0.2878678806954582,1.0,0.8288741999790128,0.7659,0.7659,True,False,False,2.2872731088028564,0.25180988353793454,-0.06245651404785946,RANGE
2026-06-02,C2_Top5,UP,5,CENTUM.NS,0.8317,0.694444444444442,SMALL,GAP_UP,-0.2878678806954582,1.0,0.694444444444442,-0.2806,-0.2806,False,False,False,0.708333333333333,2.3527777777777703,-0.9683200000000003,RANGE
2026-06-02,A_V3_Top5,DOWN,1,TATACOMM.NS,0.9092,0.0,NO_GAP,NEUTRAL,-0.2878678806954582,0.5,-0.0,1.4427,-1.4427,False,False,False,0.015738117721120215,2.8223691113209437,1.4426999999999968,RANGE
2026-06-02,A_V3_Top5,DOWN,2,SUDARSCHEM.NS,0.8788,0.19504040122597655,NO_GAP,NEUTRAL,-0.2878678806954582,0.5,-0.19504040122597655,-1.265,1.265,True,False,False,2.1565895792699963,1.053218166620229,-1.4571982758620816,RANGE
2026-06-02,A_V3_Top5,DOWN,3,BSE.NS,0.8348,0.09156133400038957,NO_GAP,NEUTRAL,-0.2878678806954582,0.5,-0.09156133400038957,0.8698,-0.8698,False,False,False,1.9557949580557676,2.18978362089024,0.7775267521331619,RANGE
2026-06-02,A_V3_Top5,DOWN,4,NATCOPHARM.NS,0.8132,-1.8205046311082662,MEDIUM,GAP_DOWN,-0.2878678806954582,1.0,1.8205046311082662,-0.511,0.511,True,False,False,5.738315767060575,0.34067922921325877,1.3337862719583704,RANGE
2026-06-02,A_V3_Top5,DOWN,5,RAJESHEXPO.NS,0.8,-4.026217228464413,LARGE,GAP_DOWN,-0.2878678806954582,1.0,4.026217228464413,2.4157,-2.4157,False,False,False,4.026217228464413,3.370786516853941,6.712163512195102,RANGE
2026-06-02,C1_Top5,DOWN,1,NATCOPHARM.NS,0.8132,-1.8205046311082662,MEDIUM,GAP_DOWN,-0.2878678806954582,1.0,1.8205046311082662,-0.511,0.511,True,False,False,5.738315767060575,0.34067922921325877,1.3337862719583704,RANGE
2026-06-02,C1_Top5,DOWN,2,RAJESHEXPO.NS,0.8,-4.026217228464413,LARGE,GAP_DOWN,-0.2878678806954582,1.0,4.026217228464413,2.4157,-2.4157,False,False,False,4.026217228464413,3.370786516853941,6.712163512195102,RANGE
2026-06-02,C1_Top5,DOWN,3,ASHOKLEY.NS,0.7649,-1.2479033881248047,MEDIUM,GAP_DOWN,-0.2878678806954582,1.0,1.2479033881248047,-2.1536,2.1536,True,True,False,4.595773230459588,-0.8386447500838612,-0.9171416536449373,RANGE
2026-06-02,C1_Top5,DOWN,4,TATACOMM.NS,0.9092,0.0,NO_GAP,NEUTRAL,-0.2878678806954582,0.5,-0.0,1.4427,-1.4427,False,False,False,0.015738117721120215,2.8223691113209437,1.4426999999999968,RANGE
2026-06-02,C1_Top5,DOWN,5,SUDARSCHEM.NS,0.8788,0.19504040122597655,NO_GAP,NEUTRAL,-0.2878678806954582,0.5,-0.19504040122597655,-1.265,1.265,True,False,False,2.1565895792699963,1.053218166620229,-1.4571982758620816,RANGE
2026-06-02,C2_Top5,DOWN,1,RAJESHEXPO.NS,0.8,-4.026217228464413,LARGE,GAP_DOWN,-0.2878678806954582,1.0,4.026217228464413,2.4157,-2.4157,False,False,False,4.026217228464413,3.370786516853941,6.712163512195102,RANGE
2026-06-02,C2_Top5,DOWN,2,NATCOPHARM.NS,0.8132,-1.8205046311082662,MEDIUM,GAP_DOWN,-0.2878678806954582,1.0,1.8205046311082662,-0.511,0.511,True,False,False,5.738315767060575,0.34067922921325877,1.3337862719583704,RANGE
2026-06-02,C2_Top5,DOWN,3,ASHOKLEY.NS,0.7649,-1.2479033881248047,MEDIUM,GAP_DOWN,-0.2878678806954582,1.0,1.2479033881248047,-2.1536,2.1536,True,True,False,4.595773230459588,-0.8386447500838612,-0.9171416536449373,RANGE
2026-06-02,C2_Top5,DOWN,4,BDL.NS,0.728,-0.17411491584444772,NO_GAP,NEUTRAL,-0.2878678806954582,0.5,0.17411491584444772,1.7329,-1.7329,False,False,False,2.0562142442583475,1.981593566039308,1.9103411046511365,RANGE
2026-06-02,C2_Top5,DOWN,5,BPCL.NS,0.6878,-0.13586956521738358,NO_GAP,NEUTRAL,-0.2878678806954582,0.5,0.13586956521738358,-0.7812,0.7812,True,False,False,1.4436141304347783,-0.05095108695651884,-0.6462084353741626,RANGE
2026-06-03,A_V3_Top5,UP,1,TEJASNET.NS,0.978,-0.061484409310497146,NO_GAP,NEUTRAL,-0.5261578515595944,0.5,-0.061484409310497146,5.7444,5.7444,True,True,True,10.575318401405376,0.9222661396574461,5.809456319212525,RANGE
2026-06-03,A_V3_Top5,UP,2,ALKYLAMINE.NS,0.9732,-0.09255226480836543,NO_GAP,NEUTRAL,-0.5261578515595944,0.5,-0.09255226480836543,-1.9599,-1.9599,False,False,False,-0.09255226480836543,2.7112369337979114,-1.8690776088496563,RANGE
2026-06-03,A_V3_Top5,UP,3,OLECTRA.NS,0.9324,0.7417499243112191,SMALL,GAP_UP,-0.5261578515595944,1.0,0.7417499243112191,0.0076,0.0076,True,False,False,5.434453527096572,0.764456554647297,-0.7287444628099049,RANGE
2026-06-03,A_V3_Top5,UP,4,MASTEK.NS,0.8949,-0.7905843190869621,SMALL,GAP_DOWN,-0.5261578515595944,0.0,-0.7905843190869621,-0.5469,-0.5469,False,False,False,-0.2080485050228842,1.9021577602092332,0.24562620131816093,RANGE
2026-06-03,A_V3_Top5,UP,5,MRPL.NS,0.8727,-0.0064867669953283524,NO_GAP,NEUTRAL,-0.5261578515595944,0.5,-0.0064867669953283524,1.5763,1.5763,True,False,False,3.0422937208095524,0.3697457187337827,1.5828894453454367,RANGE
2026-06-03,C1_Top5,UP,1,OLECTRA.NS,0.9324,0.7417499243112191,SMALL,GAP_UP,-0.5261578515595944,1.0,0.7417499243112191,0.0076,0.0076,True,False,False,5.434453527096572,0.764456554647297,-0.7287444628099049,RANGE
2026-06-03,C1_Top5,UP,2,WELCORP.NS,0.8678,0.3466327108092804,SMALL,GAP_UP,-0.5261578515595944,1.0,0.3466327108092804,-0.7711,-0.7711,False,False,False,0.9479343520090611,1.9100169779286968,-1.1138716672541404,RANGE
2026-06-03,C1_Top5,UP,3,STLTECH.NS,0.8207,4.576216564614888,LARGE,GAP_UP,-0.5261578515595944,1.0,4.576216564614888,4.9952,4.9952,True,True,True,4.99516596841767,-2.578150177247829,0.4006488751925996,RANGE
2026-06-03,C1_Top5,UP,4,TEJASNET.NS,0.978,-0.061484409310497146,NO_GAP,NEUTRAL,-0.5261578515595944,0.5,-0.061484409310497146,5.7444,5.7444,True,True,True,10.575318401405376,0.9222661396574461,5.809456319212525,RANGE
2026-06-03,C1_Top5,UP,5,ALKYLAMINE.NS,0.9732,-0.09255226480836543,NO_GAP,NEUTRAL,-0.5261578515595944,0.5,-0.09255226480836543,-1.9599,-1.9599,False,False,False,-0.09255226480836543,2.7112369337979114,-1.8690776088496563,RANGE
2026-06-03,C2_Top5,UP,1,STLTECH.NS,0.8207,4.576216564614888,LARGE,GAP_UP,-0.5261578515595944,1.0,4.576216564614888,4.9952,4.9952,True,True,True,4.99516596841767,-2.578150177247829,0.4006488751925996,RANGE
2026-06-03,C2_Top5,UP,2,OLECTRA.NS,0.9324,0.7417499243112191,SMALL,GAP_UP,-0.5261578515595944,1.0,0.7417499243112191,0.0076,0.0076,True,False,False,5.434453527096572,0.764456554647297,-0.7287444628099049,RANGE
2026-06-03,C2_Top5,UP,3,WELCORP.NS,0.8678,0.3466327108092804,SMALL,GAP_UP,-0.5261578515595944,1.0,0.3466327108092804,-0.7711,-0.7711,False,False,False,0.9479343520090611,1.9100169779286968,-1.1138716672541404,RANGE
2026-06-03,C2_Top5,UP,4,HFCL.NS,0.791,0.2958728248332543,NO_GAP,NEUTRAL,-0.5261578515595944,0.5,0.2958728248332543,-1.1684,-1.1684,False,False,False,4.799157514668262,2.8835063437139596,-1.4599532199999987,RANGE
2026-06-03,C2_Top5,UP,5,MRPL.NS,0.8727,-0.0064867669953283524,NO_GAP,NEUTRAL,-0.5261578515595944,0.5,-0.0064867669953283524,1.5763,1.5763,True,False,False,3.0422937208095524,0.3697457187337827,1.5828894453454367,RANGE
2026-06-03,A_V3_Top5,DOWN,1,JPPOWER.NS,0.8956,-0.9311950336264863,SMALL,GAP_DOWN,-0.5261578515595944,1.0,0.9311950336264863,-1.5003,1.5003,True,False,False,2.0175892395240425,1.1381272633212758,-0.574454255874679,RANGE
2026-06-03,A_V3_Top5,DOWN,2,SUDARSCHEM.NS,0.8705,0.0,NO_GAP,NEUTRAL,-0.5261578515595944,0.5,-0.0,0.2201,-0.2201,False,False,False,0.5305339203070192,3.84919291116379,0.22009999999998975,RANGE
2026-06-03,A_V3_Top5,DOWN,3,ASHOKLEY.NS,0.8241,0.0,NO_GAP,NEUTRAL,-0.5261578515595944,0.5,-0.0,-0.96,0.96,True,False,False,1.1930883159627093,0.9462424574876449,-0.9600000000000053,RANGE
2026-06-03,A_V3_Top5,DOWN,4,NATCOPHARM.NS,0.8007,-0.07490636704120535,NO_GAP,NEUTRAL,-0.5261578515595944,0.5,0.07490636704120535,-1.6907,1.6907,True,False,False,1.9796682718031033,0.5671482075976453,-1.6170048725637098,RANGE
2026-06-03,A_V3_Top5,DOWN,5,GLENMARK.NS,0.7841,0.0,NO_GAP,NEUTRAL,-0.5261578515595944,0.5,-0.0,0.3036,-0.3036,False,False,False,1.2649494020239183,1.5593330266789218,0.30360000000000387,RANGE
2026-06-03,C1_Top5,DOWN,1,JPPOWER.NS,0.8956,-0.9311950336264863,SMALL,GAP_DOWN,-0.5261578515595944,1.0,0.9311950336264863,-1.5003,1.5003,True,False,False,2.0175892395240425,1.1381272633212758,-0.574454255874679,RANGE
2026-06-03,C1_Top5,DOWN,2,RAJESHEXPO.NS,0.7744,-4.991771804717493,LARGE,GAP_DOWN,-0.5261578515595944,1.0,4.991771804717493,-4.9918,4.9918,True,True,True,4.991771804717493,-4.991771804717493,-2.9676674373479983e-05,RANGE
2026-06-03,C1_Top5,DOWN,3,NHPC.NS,0.7634,-1.0252996005326143,MEDIUM,GAP_DOWN,-0.5261578515595944,1.0,1.0252996005326143,1.3582,-1.3582,False,False,False,1.1185086551264822,2.1171770972037374,2.408190770886587,RANGE
2026-06-03,C1_Top5,DOWN,4,BSE.NS,0.7458,-0.43115654090526423,SMALL,GAP_DOWN,-0.5261578515595944,1.0,0.43115654090526423,1.6969,-1.6969,False,False,False,1.0009883512521633,3.499654484262771,2.137271526890361,RANGE
2026-06-03,C1_Top5,DOWN,5,CHOLAFIN.NS,0.7149,-0.37399700802394076,SMALL,GAP_DOWN,-0.5261578515595944,1.0,0.37399700802394076,1.0472,-1.0472,False,False,False,1.2443900448796397,1.5911872705018482,1.4265321957545707,RANGE
2026-06-03,C2_Top5,DOWN,1,RAJESHEXPO.NS,0.7744,-4.991771804717493,LARGE,GAP_DOWN,-0.5261578515595944,1.0,4.991771804717493,-4.9918,4.9918,True,True,True,4.991771804717493,-4.991771804717493,-2.9676674373479983e-05,RANGE
2026-06-03,C2_Top5,DOWN,2,OFSS.NS,0.7121,-1.2253063265816433,MEDIUM,GAP_DOWN,-0.5261578515595944,1.0,1.2253063265816433,1.0053,-1.0053,False,False,False,2.225556389097272,2.115528882220552,2.2582771392405165,RANGE
2026-06-03,C2_Top5,DOWN,3,NHPC.NS,0.7634,-1.0252996005326143,MEDIUM,GAP_DOWN,-0.5261578515595944,1.0,1.0252996005326143,1.3582,-1.3582,False,False,False,1.1185086551264822,2.1171770972037374,2.408190770886587,RANGE
2026-06-03,C2_Top5,DOWN,4,JPPOWER.NS,0.8956,-0.9311950336264863,SMALL,GAP_DOWN,-0.5261578515595944,1.0,0.9311950336264863,-1.5003,1.5003,True,False,False,2.0175892395240425,1.1381272633212758,-0.574454255874679,RANGE
2026-06-03,C2_Top5,DOWN,5,BPCL.NS,0.7093,-0.6846970215679593,SMALL,GAP_DOWN,-0.5261578515595944,1.0,0.6846970215679593,1.0442,-1.0442,False,False,False,0.6846970215679593,1.4036288942143038,1.740816339193385,RANGE
2026-06-04,A_V3_Top5,UP,1,TEJASNET.NS,0.9862,0.9884541905473831,SMALL,GAP_UP,0.2664713540988295,1.0,0.9884541905473831,-4.2778,-4.2778,False,False,False,2.4420632942935283,5.2994434753717234,-5.2147091791412965,RANGE
2026-06-04,A_V3_Top5,UP,2,OLECTRA.NS,0.9583,0.9611746007719635,SMALL,GAP_UP,0.2664713540988295,1.0,0.9611746007719635,-2.3083,-2.3083,False,False,False,0.9611746007719635,3.125709528494658,-3.2383484182908484,RANGE
2026-06-04,A_V3_Top5,UP,3,MIDHANI.NS,0.9553,1.0152284263959421,MEDIUM,GAP_UP,0.2664713540988295,1.0,1.0152284263959421,-1.7372,-1.7372,False,False,False,1.0490693739424684,2.538071065989844,-2.7247658291457366,RANGE
2026-06-04,A_V3_Top5,UP,4,STLTECH.NS,0.9539,-1.01289134438306,MEDIUM,GAP_DOWN,0.2664713540988295,0.0,-1.01289134438306,-4.9647,-4.9647,False,False,False,4.34315531000613,4.995395948434633,-3.99224576744186,RANGE
2026-06-04,A_V3_Top5,UP,5,PARAS.NS,0.9206,1.5887223092414526,MEDIUM,GAP_UP,0.2664713540988295,1.0,1.5887223092414526,7.4234,7.4234,True,True,True,11.210561646900885,-1.2586708435891714,5.74343052863433,RANGE
2026-06-04,C1_Top5,UP,1,TEJASNET.NS,0.9862,0.9884541905473831,SMALL,GAP_UP,0.2664713540988295,1.0,0.9884541905473831,-4.2778,-4.2778,False,False,False,2.4420632942935283,5.2994434753717234,-5.2147091791412965,RANGE
2026-06-04,C1_Top5,UP,2,OLECTRA.NS,0.9583,0.9611746007719635,SMALL,GAP_UP,0.2664713540988295,1.0,0.9611746007719635,-2.3083,-2.3083,False,False,False,0.9611746007719635,3.125709528494658,-3.2383484182908484,RANGE
2026-06-04,C1_Top5,UP,3,MIDHANI.NS,0.9553,1.0152284263959421,MEDIUM,GAP_UP,0.2664713540988295,1.0,1.0152284263959421,-1.7372,-1.7372,False,False,False,1.0490693739424684,2.538071065989844,-2.7247658291457366,RANGE
2026-06-04,C1_Top5,UP,4,PARAS.NS,0.9206,1.5887223092414526,MEDIUM,GAP_UP,0.2664713540988295,1.0,1.5887223092414526,7.4234,7.4234,True,True,True,11.210561646900885,-1.2586708435891714,5.74343052863433,RANGE
2026-06-04,C1_Top5,UP,5,MRPL.NS,0.8398,0.40232454179705,SMALL,GAP_UP,0.2664713540988295,1.0,0.40232454179705,-1.0793,-1.0793,False,False,False,1.219745833067254,1.6220703748642928,-1.475687488869104,RANGE
2026-06-04,C2_Top5,UP,1,PARAS.NS,0.9206,1.5887223092414526,MEDIUM,GAP_UP,0.2664713540988295,1.0,1.5887223092414526,7.4234,7.4234,True,True,True,11.210561646900885,-1.2586708435891714,5.74343052863433,RANGE
2026-06-04,C2_Top5,UP,2,KALYANKJIL.NS,0.7796,1.353217343275337,MEDIUM,GAP_UP,0.2664713540988295,1.0,1.353217343275337,2.6926,2.6926,True,True,False,3.3554266777133357,0.06904170118752218,1.321499891008182,RANGE
2026-06-04,C2_Top5,UP,3,RATNAMANI.NS,0.7658,1.0225723762525618,MEDIUM,GAP_UP,0.2664713540988295,1.0,1.0225723762525618,-0.9658,-0.9658,False,False,False,1.0452999941410468,1.4921944210041782,-1.9682456400407,RANGE
2026-06-04,C2_Top5,UP,4,MIDHANI.NS,0.9553,1.0152284263959421,MEDIUM,GAP_UP,0.2664713540988295,1.0,1.0152284263959421,-1.7372,-1.7372,False,False,False,1.0490693739424684,2.538071065989844,-2.7247658291457366,RANGE
2026-06-04,C2_Top5,UP,5,IDEA.NS,0.8388,1.0046885465505806,MEDIUM,GAP_UP,0.2664713540988295,1.0,1.0046885465505806,0.134,0.134,True,False,False,2.1433355659745468,0.06697923643670389,-0.8620278514589019,RANGE
2026-06-04,A_V3_Top5,DOWN,1,FINPIPE.NS,0.8777,0.4972822944373956,SMALL,GAP_UP,0.2664713540988295,0.0,-0.4972822944373956,-0.0058,0.0058,True,False,False,0.7112293280906568,1.3819821903550356,-0.5005929344073845,RANGE
2026-06-04,A_V3_Top5,DOWN,2,JPPOWER.NS,0.8723,0.31512605042018915,SMALL,GAP_UP,0.2664713540988295,0.0,-0.31512605042018915,-0.0525,0.0525,True,False,False,0.682773109243695,1.5756302521008347,-0.366471204188501,RANGE
2026-06-04,A_V3_Top5,DOWN,3,RAJESHEXPO.NS,0.8595,-4.994226327944573,LARGE,GAP_DOWN,0.2664713540988295,1.0,4.994226327944573,-4.9942,4.9942,True,True,True,4.994226327944573,-4.994226327944573,2.7711941652519556e-05,RANGE
2026-06-04,A_V3_Top5,DOWN,4,SUDARSCHEM.NS,0.8459,-0.11826322013854806,NO_GAP,NEUTRAL,0.2664713540988295,0.5,0.11826322013854806,-0.1352,0.1352,True,False,False,0.5462634454018178,1.5430534437123278,-0.016956833558856577,RANGE
2026-06-04,A_V3_Top5,DOWN,5,ASHOKLEY.NS,0.8325,1.080033231791755,MEDIUM,GAP_UP,0.2664713540988295,0.0,-1.080033231791755,0.5885,-0.5885,False,False,False,0.4430905566324972,1.4469675990030462,-0.48628123287672853,RANGE
2026-06-04,C1_Top5,DOWN,1,RAJESHEXPO.NS,0.8595,-4.994226327944573,LARGE,GAP_DOWN,0.2664713540988295,1.0,4.994226327944573,-4.9942,4.9942,True,True,True,4.994226327944573,-4.994226327944573,2.7711941652519556e-05,RANGE
2026-06-04,C1_Top5,DOWN,2,JINDALPOLY.NS,0.7871,-0.7274931797514372,SMALL,GAP_DOWN,0.2664713540988295,1.0,0.7274931797514372,-1.3489,1.3489,True,False,False,1.485298575325844,1.6899060321309722,-0.6259606412213792,RANGE
2026-06-04,C1_Top5,DOWN,3,POLICYBZR.NS,0.7772,-2.362819761765278,LARGE,GAP_DOWN,0.2664713540988295,1.0,2.362819761765278,-0.1432,0.1432,True,False,False,2.3693289071144874,1.5752131745101927,2.2733345600000066,RANGE
2026-06-04,C1_Top5,DOWN,4,NATIONALUM.NS,0.743,-0.36231884057971175,SMALL,GAP_DOWN,0.2664713540988295,1.0,0.36231884057971175,-4.4203,4.4203,True,True,True,5.434782608695654,-0.36231884057971175,-4.07273745454545,RANGE
2026-06-04,C1_Top5,DOWN,5,SUDARSCHEM.NS,0.8459,-0.11826322013854806,NO_GAP,NEUTRAL,0.2664713540988295,0.5,0.11826322013854806,-0.1352,0.1352,True,False,False,0.5462634454018178,1.5430534437123278,-0.016956833558856577,RANGE
2026-06-04,C2_Top5,DOWN,1,RAJESHEXPO.NS,0.8595,-4.994226327944573,LARGE,GAP_DOWN,0.2664713540988295,1.0,4.994226327944573,-4.9942,4.9942,True,True,True,4.994226327944573,-4.994226327944573,2.7711941652519556e-05,RANGE
2026-06-04,C2_Top5,DOWN,2,POLICYBZR.NS,0.7772,-2.362819761765278,LARGE,GAP_DOWN,0.2664713540988295,1.0,2.362819761765278,-0.1432,0.1432,True,False,False,2.3693289071144874,1.5752131745101927,2.2733345600000066,RANGE
2026-06-04,C2_Top5,DOWN,3,JINDALPOLY.NS,0.7871,-0.7274931797514372,SMALL,GAP_DOWN,0.2664713540988295,1.0,0.7274931797514372,-1.3489,1.3489,True,False,False,1.485298575325844,1.6899060321309722,-0.6259606412213792,RANGE
2026-06-04,C2_Top5,DOWN,4,NATIONALUM.NS,0.743,-0.36231884057971175,SMALL,GAP_DOWN,0.2664713540988295,1.0,0.36231884057971175,-4.4203,4.4203,True,True,True,5.434782608695654,-0.36231884057971175,-4.07273745454545,RANGE
2026-06-04,C2_Top5,DOWN,5,SUDARSCHEM.NS,0.8459,-0.11826322013854806,NO_GAP,NEUTRAL,0.2664713540988295,0.5,0.11826322013854806,-0.1352,0.1352,True,False,False,0.5462634454018178,1.5430534437123278,-0.016956833558856577,RANGE
2026-06-05,A_V3_Top5,UP,1,PARAS.NS,0.9927,-1.2654272769879737,MEDIUM,GAP_DOWN,-1.2239640590742895,0.0,-1.2654272769879737,0.4791,0.4791,True,False,False,2.5256470343175463,1.9944800291621045,1.7668859335443043,RANGE
2026-06-05,A_V3_Top5,UP,2,TEJASNET.NS,0.8961,-2.4730996181881237,LARGE,GAP_DOWN,-1.2239640590742895,0.0,-2.4730996181881237,-5.8487,-5.8487,False,False,False,0.11280805275946104,6.889968760846932,-3.4611992881928955,RANGE
2026-06-05,A_V3_Top5,UP,3,DATAPATTNS.NS,0.8886,-1.709158198994487,MEDIUM,GAP_DOWN,-1.2239640590742895,0.0,-1.709158198994487,-1.6925,-1.6925,False,False,False,1.2961140080683275,3.235533797760659,0.01694786481554189,RANGE
2026-06-05,A_V3_Top5,UP,4,OLECTRA.NS,0.8697,-1.9987604586302998,MEDIUM,GAP_DOWN,-1.2239640590742895,0.0,-1.9987604586302998,-3.9355,-3.9355,False,False,False,-1.0845986984815648,4.322900526805073,-1.9762398418972427,RANGE
2026-06-05,A_V3_Top5,UP,5,NMDC.NS,0.8587,-1.8837459634015064,MEDIUM,GAP_DOWN,-1.2239640590742895,0.0,-1.8837459634015064,-3.563,-3.563,False,False,False,-0.9580193756727695,4.187298170075349,-1.7114942402633115,RANGE
2026-06-05,C1_Top5,UP,1,COROMANDEL.NS,0.7981,-0.10574354407835163,NO_GAP,NEUTRAL,-1.2239640590742895,0.5,-0.10574354407835163,-2.5434,-2.5434,False,False,False,-0.10574354407835163,5.025601068566344,-2.4402368488495196,RANGE
2026-06-05,C1_Top5,UP,2,PARAS.NS,0.9927,-1.2654272769879737,MEDIUM,GAP_DOWN,-1.2239640590742895,0.0,-1.2654272769879737,0.4791,0.4791,True,False,False,2.5256470343175463,1.9944800291621045,1.7668859335443043,RANGE
2026-06-05,C1_Top5,UP,3,TEJASNET.NS,0.8961,-2.4730996181881237,LARGE,GAP_DOWN,-1.2239640590742895,0.0,-2.4730996181881237,-5.8487,-5.8487,False,False,False,0.11280805275946104,6.889968760846932,-3.4611992881928955,RANGE
2026-06-05,C1_Top5,UP,4,DATAPATTNS.NS,0.8886,-1.709158198994487,MEDIUM,GAP_DOWN,-1.2239640590742895,0.0,-1.709158198994487,-1.6925,-1.6925,False,False,False,1.2961140080683275,3.235533797760659,0.01694786481554189,RANGE
2026-06-05,C1_Top5,UP,5,OLECTRA.NS,0.8697,-1.9987604586302998,MEDIUM,GAP_DOWN,-1.2239640590742895,0.0,-1.9987604586302998,-3.9355,-3.9355,False,False,False,-1.0845986984815648,4.322900526805073,-1.9762398418972427,RANGE
2026-06-05,C2_Top5,UP,1,COROMANDEL.NS,0.7981,-0.10574354407835163,NO_GAP,NEUTRAL,-1.2239640590742895,0.5,-0.10574354407835163,-2.5434,-2.5434,False,False,False,-0.10574354407835163,5.025601068566344,-2.4402368488495196,RANGE
2026-06-05,C2_Top5,UP,2,IDEAFORGE.NS,0.7699,-0.5343915343915318,SMALL,GAP_DOWN,-1.2239640590742895,0.0,-0.5343915343915318,-0.6614,-0.6614,False,False,False,5.000000000000004,3.1428571428571472,-0.12769083461886543,RANGE
2026-06-05,C2_Top5,UP,3,FINEORG.NS,0.8017,-0.6183724679953873,SMALL,GAP_DOWN,-1.2239640590742895,0.0,-0.6183724679953873,-1.2935,-1.2935,False,False,False,1.1063457240944263,3.0371845666579356,-0.6793283112486725,RANGE
2026-06-05,C2_Top5,UP,4,CANBK.NS,0.7602,-0.721596347838882,SMALL,GAP_DOWN,-1.2239640590742895,0.0,-0.721596347838882,-2.8717,-2.8717,False,False,False,0.5080627347028965,3.2471835652750136,-2.1657314915078385,RANGE
2026-06-05,C2_Top5,UP,5,IDEA.NS,0.8201,-0.8695652173912993,SMALL,GAP_DOWN,-1.2239640590742895,0.0,-0.8695652173912993,-3.6789,-3.6789,False,False,False,0.6020066889632192,4.61538461538461,-2.833978070175436,RANGE
2026-06-05,A_V3_Top5,DOWN,1,RAJESHEXPO.NS,0.8813,-4.993416388129246,LARGE,GAP_DOWN,-1.2239640590742895,1.0,4.993416388129246,-4.9934,4.9934,True,True,True,4.993416388129246,-4.993416388129246,1.7249466943702885e-05,RANGE
2026-06-05,A_V3_Top5,DOWN,2,JPPOWER.NS,0.8617,-1.2086179716237488,MEDIUM,GAP_DOWN,-1.2239640590742895,1.0,1.2086179716237488,-2.7325,2.7325,True,True,False,3.573305307409347,1.1035207566999272,-1.5425252659574507,RANGE
2026-06-05,A_V3_Top5,DOWN,3,NATIONALUM.NS,0.8476,-2.577710386656551,LARGE,GAP_DOWN,-1.2239640590742895,1.0,2.577710386656551,-4.4225,4.4225,True,True,True,5.1933282789992425,-1.4910285569876058,-1.8936011673151731,RANGE
2026-06-05,A_V3_Top5,DOWN,4,LTTS.NS,0.8182,0.0,NO_GAP,NEUTRAL,-1.2239640590742895,0.5,-0.0,-1.4785,1.4785,True,False,False,1.8893765368692916,0.270797148815638,-1.4785000000000048,RANGE
2026-06-05,A_V3_Top5,DOWN,5,BSE.NS,0.8022,-1.7396907216494895,MEDIUM,GAP_DOWN,-1.2239640590742895,1.0,1.7396907216494895,0.9485,-0.9485,False,False,False,2.4536082474226784,1.9845360824742198,2.735784918032791,RANGE
2026-06-05,C1_Top5,DOWN,1,RAJESHEXPO.NS,0.8813,-4.993416388129246,LARGE,GAP_DOWN,-1.2239640590742895,1.0,4.993416388129246,-4.9934,4.9934,True,True,True,4.993416388129246,-4.993416388129246,1.7249466943702885e-05,RANGE
2026-06-05,C1_Top5,DOWN,2,JPPOWER.NS,0.8617,-1.2086179716237488,MEDIUM,GAP_DOWN,-1.2239640590742895,1.0,1.2086179716237488,-2.7325,2.7325,True,True,False,3.573305307409347,1.1035207566999272,-1.5425252659574507,RANGE
2026-06-05,C1_Top5,DOWN,3,NATIONALUM.NS,0.8476,-2.577710386656551,LARGE,GAP_DOWN,-1.2239640590742895,1.0,2.577710386656551,-4.4225,4.4225,True,True,True,5.1933282789992425,-1.4910285569876058,-1.8936011673151731,RANGE
2026-06-05,C1_Top5,DOWN,4,BSE.NS,0.8022,-1.7396907216494895,MEDIUM,GAP_DOWN,-1.2239640590742895,1.0,1.7396907216494895,0.9485,-0.9485,False,False,False,2.4536082474226784,1.9845360824742198,2.735784918032791,RANGE
2026-06-05,C1_Top5,DOWN,5,GLENMARK.NS,0.7886,-0.8401809620533607,SMALL,GAP_DOWN,-1.2239640590742895,1.0,0.8401809620533607,0.4755,-0.4755,False,False,False,1.569568830209589,1.901943495522107,1.3268287243947796,RANGE
2026-06-05,C2_Top5,DOWN,1,RAJESHEXPO.NS,0.8813,-4.993416388129246,LARGE,GAP_DOWN,-1.2239640590742895,1.0,4.993416388129246,-4.9934,4.9934,True,True,True,4.993416388129246,-4.993416388129246,1.7249466943702885e-05,RANGE
2026-06-05,C2_Top5,DOWN,2,ASHOKLEY.NS,0.7752,-3.159198843691924,LARGE,GAP_DOWN,-1.2239640590742895,1.0,3.159198843691924,-2.9389,2.9389,True,True,False,3.4276275036134507,-1.9684768394245933,0.2274855650319818,RANGE
2026-06-05,C2_Top5,DOWN,3,NATIONALUM.NS,0.8476,-2.577710386656551,LARGE,GAP_DOWN,-1.2239640590742895,1.0,2.577710386656551,-4.4225,4.4225,True,True,True,5.1933282789992425,-1.4910285569876058,-1.8936011673151731,RANGE
2026-06-05,C2_Top5,DOWN,4,WIPRO.NS,0.7114,-2.5104602510460317,LARGE,GAP_DOWN,-1.2239640590742895,1.0,2.5104602510460317,-8.3732,8.3732,True,True,True,8.756364369612346,-2.258406008973135,-6.0137115879828285,RANGE
2026-06-05,C2_Top5,DOWN,5,HINDZINC.NS,0.751,-2.0818630910373948,LARGE,GAP_DOWN,-1.2239640590742895,1.0,2.0818630910373948,-1.9054,1.9054,True,False,False,2.2582921665490363,0.3793225123500443,0.1802149189189084,RANGE
2026-06-08,A_V3_Top5,UP,1,PARAS.NS,0.9854,0.34205752785694266,SMALL,GAP_UP,0.5883786705877414,1.0,0.34205752785694266,7.7118,7.7118,True,True,True,8.623995853848143,0.3887017362010914,7.344619647745487,RANGE
2026-06-08,A_V3_Top5,UP,2,IDEAFORGE.NS,0.9718,-1.9973368841544659,MEDIUM,GAP_DOWN,0.5883786705877414,0.0,-1.9973368841544659,2.7856,2.7856,True,True,False,4.964047936085225,2.743009320905454,4.88041521739131,RANGE
2026-06-08,A_V3_Top5,UP,3,DATAPATTNS.NS,0.9177,0.5795281954713793,SMALL,GAP_UP,0.5883786705877414,1.0,0.5795281954713793,10.0741,10.0741,True,True,True,11.559177628241258,-0.3622051221696232,9.439865124517578,RANGE
2026-06-08,A_V3_Top5,UP,4,ZYDUSWELL.NS,0.9034,1.4326647564469885,MEDIUM,GAP_UP,0.5883786705877414,1.0,1.4326647564469885,-2.7221,-2.7221,False,False,False,2.282712511938878,3.28557784145177,-4.096081638418081,RANGE
2026-06-08,A_V3_Top5,UP,5,DEEPAKFERT.NS,0.8971,0.23422430421604634,NO_GAP,NEUTRAL,0.5883786705877414,0.5,0.23422430421604634,4.6156,4.6156,True,True,True,5.056489391016816,-0.04133370074401732,4.371137429553262,RANGE
2026-06-08,C1_Top5,UP,1,PARAS.NS,0.9854,0.34205752785694266,SMALL,GAP_UP,0.5883786705877414,1.0,0.34205752785694266,7.7118,7.7118,True,True,True,8.623995853848143,0.3887017362010914,7.344619647745487,RANGE
2026-06-08,C1_Top5,UP,2,DATAPATTNS.NS,0.9177,0.5795281954713793,SMALL,GAP_UP,0.5883786705877414,1.0,0.5795281954713793,10.0741,10.0741,True,True,True,11.559177628241258,-0.3622051221696232,9.439865124517578,RANGE
2026-06-08,C1_Top5,UP,3,ZYDUSWELL.NS,0.9034,1.4326647564469885,MEDIUM,GAP_UP,0.5883786705877414,1.0,1.4326647564469885,-2.7221,-2.7221,False,False,False,2.282712511938878,3.28557784145177,-4.096081638418081,RANGE
2026-06-08,C1_Top5,UP,4,FINEORG.NS,0.8748,0.7053229496755131,SMALL,GAP_UP,0.5883786705877414,1.0,0.7053229496755131,0.9482,0.9482,True,False,False,1.216733815268456,0.5476294092699563,0.24117598078292612,RANGE
2026-06-08,C1_Top5,UP,5,MIDHANI.NS,0.8612,1.2237139123203011,MEDIUM,GAP_UP,0.5883786705877414,1.0,1.2237139123203011,7.0096,7.0096,True,True,True,7.8769157657122335,0.1900914815254895,5.715939342723009,RANGE
2026-06-08,C2_Top5,UP,1,IDEA.NS,0.785,2.77777777777779,LARGE,GAP_UP,0.5883786705877414,1.0,2.77777777777779,-1.8056,-1.8056,False,False,False,3.125,2.5694444444444464,-4.459502702702711,RANGE
2026-06-08,C2_Top5,UP,2,AJANTPHARM.NS,0.7621,1.9704931285367877,MEDIUM,GAP_UP,0.5883786705877414,1.0,1.9704931285367877,1.6303,1.6303,True,False,False,3.903934249528418,-1.077876583131232,-0.33361918541274793,RANGE
2026-06-08,C2_Top5,UP,3,ADANIGREEN.NS,0.7791,1.8986917141898596,MEDIUM,GAP_UP,0.5883786705877414,1.0,1.8986917141898596,2.952,2.952,True,True,False,3.6430727943643104,0.013418316001345687,1.0336818540953363,RANGE
2026-06-08,C2_Top5,UP,4,ADANIENSOL.NS,0.8478,1.719307182883334,MEDIUM,GAP_UP,0.5883786705877414,1.0,1.719307182883334,0.5604,0.5604,True,False,False,1.821192052980125,0.7896077432501314,-1.1393187930386905,RANGE
2026-06-08,C2_Top5,UP,5,ZYDUSWELL.NS,0.9034,1.4326647564469885,MEDIUM,GAP_UP,0.5883786705877414,1.0,1.4326647564469885,-2.7221,-2.7221,False,False,False,2.282712511938878,3.28557784145177,-4.096081638418081,RANGE
2026-06-08,A_V3_Top5,DOWN,1,RAJESHEXPO.NS,0.8908,-4.999999999999993,LARGE,GAP_DOWN,0.5883786705877414,1.0,4.999999999999993,-5.0,5.0,True,True,True,4.999999999999993,-4.999999999999993,-1.1102230246251565e-14,RANGE
2026-06-08,A_V3_Top5,DOWN,2,NATIONALUM.NS,0.876,0.06610259122157292,NO_GAP,NEUTRAL,0.5883786705877414,0.5,-0.06610259122157292,1.5071,-1.5071,False,False,False,2.115282919090433,1.877313590692764,1.4400455013872548,RANGE
2026-06-08,A_V3_Top5,DOWN,3,WIPRO.NS,0.8665,1.2158890845070491,MEDIUM,GAP_UP,0.5883786705877414,0.0,-1.2158890845070491,-0.0495,0.0495,True,False,False,0.6382042253521125,1.4249559859154992,-1.2501881828559047,RANGE
2026-06-08,A_V3_Top5,DOWN,4,HINDALCO.NS,0.8092,1.091867469879504,MEDIUM,GAP_UP,0.5883786705877414,0.0,-1.091867469879504,1.346,-1.346,False,False,False,0.8094879518072418,1.8919427710843317,0.25138770949721945,RANGE
2026-06-08,A_V3_Top5,DOWN,5,TCS.NS,0.7968,1.050483454982043,MEDIUM,GAP_UP,0.5883786705877414,0.0,-1.050483454982043,-0.0186,0.0186,True,False,False,0.8645487061703316,1.050483454982043,-1.0579696587580623,RANGE
2026-06-08,C1_Top5,DOWN,1,RAJESHEXPO.NS,0.8908,-4.999999999999993,LARGE,GAP_DOWN,0.5883786705877414,1.0,4.999999999999993,-5.0,5.0,True,True,True,4.999999999999993,-4.999999999999993,-1.1102230246251565e-14,RANGE
2026-06-08,C1_Top5,DOWN,2,NATIONALUM.NS,0.876,0.06610259122157292,NO_GAP,NEUTRAL,0.5883786705877414,0.5,-0.06610259122157292,1.5071,-1.5071,False,False,False,2.115282919090433,1.877313590692764,1.4400455013872548,RANGE
2026-06-08,C1_Top5,DOWN,3,KPITTECH.NS,0.7711,0.0926784059314345,NO_GAP,NEUTRAL,0.5883786705877414,0.5,-0.0926784059314345,0.1125,-0.1125,False,False,False,1.2246789355223053,2.343439692837279,0.019803240740734473,RANGE
2026-06-08,C1_Top5,DOWN,4,WELCORP.NS,0.7553,0.10396554284866077,NO_GAP,NEUTRAL,0.5883786705877414,0.5,-0.10396554284866077,4.827,-4.827,False,False,False,-0.10396554284866077,5.06460715877024,4.718129228486645,RANGE
2026-06-08,C1_Top5,DOWN,5,SOBHA.NS,0.7456,0.03867873443181846,NO_GAP,NEUTRAL,0.5883786705877414,0.5,-0.03867873443181846,0.5957,-0.5957,False,False,False,0.7813104355225642,1.3382842113406124,0.5568059000927938,RANGE
2026-06-08,C2_Top5,DOWN,1,RAJESHEXPO.NS,0.8908,-4.999999999999993,LARGE,GAP_DOWN,0.5883786705877414,1.0,4.999999999999993,-5.0,5.0,True,True,True,4.999999999999993,-4.999999999999993,-1.1102230246251565e-14,RANGE
2026-06-08,C2_Top5,DOWN,2,SOBHA.NS,0.7456,0.03867873443181846,NO_GAP,NEUTRAL,0.5883786705877414,0.5,-0.03867873443181846,0.5957,-0.5957,False,False,False,0.7813104355225642,1.3382842113406124,0.5568059000927938,RANGE
2026-06-08,C2_Top5,DOWN,3,NATIONALUM.NS,0.876,0.06610259122157292,NO_GAP,NEUTRAL,0.5883786705877414,0.5,-0.06610259122157292,1.5071,-1.5071,False,False,False,2.115282919090433,1.877313590692764,1.4400455013872548,RANGE
2026-06-08,C2_Top5,DOWN,4,KPITTECH.NS,0.7711,0.0926784059314345,NO_GAP,NEUTRAL,0.5883786705877414,0.5,-0.0926784059314345,0.1125,-0.1125,False,False,False,1.2246789355223053,2.343439692837279,0.019803240740734473,RANGE
2026-06-08,C2_Top5,DOWN,5,WELCORP.NS,0.7553,0.10396554284866077,NO_GAP,NEUTRAL,0.5883786705877414,0.5,-0.10396554284866077,4.827,-4.827,False,False,False,-0.10396554284866077,5.06460715877024,4.718129228486645,RANGE
2026-06-09,A_V3_Top5,UP,1,PARAS.NS,0.9865,0.5629601116296845,SMALL,GAP_UP,-0.035067399848864866,1.0,0.5629601116296845,0.1299,0.1299,True,False,False,2.656016936919592,3.6664581629216264,-0.43063580382773914,RANGE
2026-06-09,A_V3_Top5,UP,2,DATAPATTNS.NS,0.9765,0.9103871887682358,SMALL,GAP_UP,-0.035067399848864866,1.0,0.9103871887682358,-4.4905,-4.4905,False,False,False,3.5867061533399136,4.902928594932543,-5.352161793478261,RANGE
2026-06-09,A_V3_Top5,UP,3,MIDHANI.NS,0.9637,0.14433218607750042,NO_GAP,NEUTRAL,-0.035067399848864866,0.5,0.14433218607750042,-3.7637,-3.7637,False,False,False,0.9881203508382397,4.496502720106587,-3.9023997671840394,RANGE
2026-06-09,A_V3_Top5,UP,4,DEEPAKFERT.NS,0.9213,0.8758066640326634,SMALL,GAP_UP,-0.035067399848864866,1.0,0.8758066640326634,-1.5606,-1.5606,False,False,False,2.475964704332956,2.8710654550243575,-2.4152537110777472,RANGE
2026-06-09,A_V3_Top5,UP,5,MRPL.NS,0.9113,0.29312710490208005,NO_GAP,NEUTRAL,-0.035067399848864866,0.5,0.29312710490208005,2.0457,2.0457,True,True,False,5.9124360733441295,0.1995759012099252,1.7474506436166992,RANGE
2026-06-09,C1_Top5,UP,1,PARAS.NS,0.9865,0.5629601116296845,SMALL,GAP_UP,-0.035067399848864866,1.0,0.5629601116296845,0.1299,0.1299,True,False,False,2.656016936919592,3.6664581629216264,-0.43063580382773914,RANGE
2026-06-09,C1_Top5,UP,2,DATAPATTNS.NS,0.9765,0.9103871887682358,SMALL,GAP_UP,-0.035067399848864866,1.0,0.9103871887682358,-4.4905,-4.4905,False,False,False,3.5867061533399136,4.902928594932543,-5.352161793478261,RANGE
2026-06-09,C1_Top5,UP,3,DEEPAKFERT.NS,0.9213,0.8758066640326634,SMALL,GAP_UP,-0.035067399848864866,1.0,0.8758066640326634,-1.5606,-1.5606,False,False,False,2.475964704332956,2.8710654550243575,-2.4152537110777472,RANGE
2026-06-09,C1_Top5,UP,4,JINDALPOLY.NS,0.8873,0.761307657859378,SMALL,GAP_UP,-0.035067399848864866,1.0,0.761307657859378,4.5529,4.5529,True,True,True,4.9932825794894775,0.0,3.7629447555555418,RANGE
2026-06-09,C1_Top5,UP,5,AJANTPHARM.NS,0.8576,0.7821821556410091,SMALL,GAP_UP,-0.035067399848864866,1.0,0.7821821556410091,1.9124,1.9124,True,False,False,2.3863184409386173,1.1666445711255413,1.1214460931333603,RANGE
2026-06-09,C2_Top5,UP,1,IDEAFORGE.NS,0.8355,1.1503782775417193,MEDIUM,GAP_UP,-0.035067399848864866,1.0,1.1503782775417193,-4.9953,-4.9953,False,False,False,2.38366670121255,4.9953363042802295,-6.075783780737709,RANGE
2026-06-09,C2_Top5,UP,2,DATAPATTNS.NS,0.9765,0.9103871887682358,SMALL,GAP_UP,-0.035067399848864866,1.0,0.9103871887682358,-4.4905,-4.4905,False,False,False,3.5867061533399136,4.902928594932543,-5.352161793478261,RANGE
2026-06-09,C2_Top5,UP,3,DEEPAKFERT.NS,0.9213,0.8758066640326634,SMALL,GAP_UP,-0.035067399848864866,1.0,0.8758066640326634,-1.5606,-1.5606,False,False,False,2.475964704332956,2.8710654550243575,-2.4152537110777472,RANGE
2026-06-09,C2_Top5,UP,4,AJANTPHARM.NS,0.8576,0.7821821556410091,SMALL,GAP_UP,-0.035067399848864866,1.0,0.7821821556410091,1.9124,1.9124,True,False,False,2.3863184409386173,1.1666445711255413,1.1214460931333603,RANGE
2026-06-09,C2_Top5,UP,5,JINDALPOLY.NS,0.8873,0.761307657859378,SMALL,GAP_UP,-0.035067399848864866,1.0,0.761307657859378,4.5529,4.5529,True,True,True,4.9932825794894775,0.0,3.7629447555555418,RANGE
2026-06-09,A_V3_Top5,DOWN,1,HFCL.NS,0.9123,-1.0842087523172728,MEDIUM,GAP_DOWN,-0.035067399848864866,1.0,1.0842087523172728,-4.9997,4.9997,True,True,True,4.999719116903534,-0.9044435705859111,-3.958408660835988,RANGE
2026-06-09,A_V3_Top5,DOWN,2,WIPRO.NS,0.8716,0.2366929047173505,NO_GAP,NEUTRAL,-0.035067399848864866,0.5,-0.2366929047173505,-1.5082,1.5082,True,False,False,1.7449221115208857,0.3412781416854749,-1.7407726194398787,RANGE
2026-06-09,A_V3_Top5,DOWN,3,RAJESHEXPO.NS,0.8664,-4.993827853215127,LARGE,GAP_DOWN,-0.035067399848864866,1.0,4.993827853215127,-4.9938,4.9938,True,True,True,4.993827853215127,-4.993827853215127,2.931726907906551e-05,RANGE
2026-06-09,A_V3_Top5,DOWN,4,NATIONALUM.NS,0.8627,-0.20838760093773168,NO_GAP,NEUTRAL,-0.035067399848864866,0.5,0.20838760093773168,-2.0188,2.0188,True,True,False,3.07371711383172,0.0,-1.8141929522318079,RANGE
2026-06-09,A_V3_Top5,DOWN,5,TCS.NS,0.8436,0.01394700139469851,NO_GAP,NEUTRAL,-0.035067399848864866,0.5,-0.01394700139469851,0.1348,-0.1348,False,False,False,0.2882380288237951,1.3854021385402149,0.12083614558637823,RANGE
2026-06-09,C1_Top5,DOWN,1,HFCL.NS,0.9123,-1.0842087523172728,MEDIUM,GAP_DOWN,-0.035067399848864866,1.0,1.0842087523172728,-4.9997,4.9997,True,True,True,4.999719116903534,-0.9044435705859111,-3.958408660835988,RANGE
2026-06-09,C1_Top5,DOWN,2,RAJESHEXPO.NS,0.8664,-4.993827853215127,LARGE,GAP_DOWN,-0.035067399848864866,1.0,4.993827853215127,-4.9938,4.9938,True,True,True,4.993827853215127,-4.993827853215127,2.931726907906551e-05,RANGE
2026-06-09,C1_Top5,DOWN,3,KPITTECH.NS,0.7973,-0.6149573497321925,SMALL,GAP_DOWN,-0.035067399848864866,1.0,0.6149573497321925,-3.0682,3.0682,True,True,True,3.4583085366659994,0.5620577927659909,-2.4684223952095796,RANGE
2026-06-09,C1_Top5,DOWN,4,INFY.NS,0.7885,-1.7114292976362022,MEDIUM,GAP_DOWN,-0.035067399848864866,1.0,1.7114292976362022,-2.9653,2.9653,True,True,False,3.1347962382445194,-0.7540455816317793,-1.275703465218514,RANGE
2026-06-09,C1_Top5,DOWN,5,HINDALCO.NS,0.7341,-0.9101885390545128,SMALL,GAP_DOWN,-0.035067399848864866,1.0,0.9101885390545128,-3.4736,3.4736,True,True,True,3.9472462152874477,-0.9101885390545128,-2.586957653013411,RANGE
2026-06-09,C2_Top5,DOWN,1,RAJESHEXPO.NS,0.8664,-4.993827853215127,LARGE,GAP_DOWN,-0.035067399848864866,1.0,4.993827853215127,-4.9938,4.9938,True,True,True,4.993827853215127,-4.993827853215127,2.931726907906551e-05,RANGE
2026-06-09,C2_Top5,DOWN,2,INFY.NS,0.7885,-1.7114292976362022,MEDIUM,GAP_DOWN,-0.035067399848864866,1.0,1.7114292976362022,-2.9653,2.9653,True,True,False,3.1347962382445194,-0.7540455816317793,-1.275703465218514,RANGE
2026-06-09,C2_Top5,DOWN,3,HFCL.NS,0.9123,-1.0842087523172728,MEDIUM,GAP_DOWN,-0.035067399848864866,1.0,1.0842087523172728,-4.9997,4.9997,True,True,True,4.999719116903534,-0.9044435705859111,-3.958408660835988,RANGE
2026-06-09,C2_Top5,DOWN,4,HINDALCO.NS,0.7341,-0.9101885390545128,SMALL,GAP_DOWN,-0.035067399848864866,1.0,0.9101885390545128,-3.4736,3.4736,True,True,True,3.9472462152874477,-0.9101885390545128,-2.586957653013411,RANGE
2026-06-09,C2_Top5,DOWN,5,KPITTECH.NS,0.7973,-0.6149573497321925,SMALL,GAP_DOWN,-0.035067399848864866,1.0,0.6149573497321925,-3.0682,3.0682,True,True,True,3.4583085366659994,0.5620577927659909,-2.4684223952095796,RANGE
2026-06-10,A_V3_Top5,UP,1,PARAS.NS,0.9737,-1.2013455069677992,MEDIUM,GAP_DOWN,-0.4761966052460709,0.0,-1.2013455069677992,-4.9399,-4.9399,False,False,False,0.4180682364247845,6.958193176357518,-3.7840135700389133,RANGE
2026-06-10,A_V3_Top5,UP,2,DATAPATTNS.NS,0.9715,-0.22508614199485688,NO_GAP,NEUTRAL,-0.4761966052460709,0.5,-0.22508614199485688,-3.4177,-3.4177,False,False,False,1.7731683482552496,4.336437334578402,-3.1998162008425424,RANGE
2026-06-10,A_V3_Top5,UP,3,JINDALPOLY.NS,0.9686,-0.8423757852655589,SMALL,GAP_DOWN,-0.4761966052460709,0.0,-0.8423757852655589,4.476,4.476,True,True,True,4.997144488863503,1.4920045688178063,5.36355709143268,RANGE
2026-06-10,A_V3_Top5,UP,4,DEEPAKFERT.NS,0.9106,0.0,NO_GAP,NEUTRAL,-0.4761966052460709,0.5,0.0,0.4482,0.4482,True,False,False,3.0102347983142597,1.7994514683256413,0.4482000000000097,RANGE
2026-06-10,A_V3_Top5,UP,5,COROMANDEL.NS,0.9029,-0.20736959642686514,NO_GAP,NEUTRAL,-0.4761966052460709,0.5,-0.20736959642686514,-0.8029,-0.8029,False,False,False,0.43600786941033753,2.1640878396341767,-0.5967679187979469,RANGE
2026-06-10,C1_Top5,UP,1,DATAPATTNS.NS,0.9715,-0.22508614199485688,NO_GAP,NEUTRAL,-0.4761966052460709,0.5,-0.22508614199485688,-3.4177,-3.4177,False,False,False,1.7731683482552496,4.336437334578402,-3.1998162008425424,RANGE
2026-06-10,C1_Top5,UP,2,DEEPAKFERT.NS,0.9106,0.0,NO_GAP,NEUTRAL,-0.4761966052460709,0.5,0.0,0.4482,0.4482,True,False,False,3.0102347983142597,1.7994514683256413,0.4482000000000097,RANGE
2026-06-10,C1_Top5,UP,3,COROMANDEL.NS,0.9029,-0.20736959642686514,NO_GAP,NEUTRAL,-0.4761966052460709,0.5,-0.20736959642686514,-0.8029,-0.8029,False,False,False,0.43600786941033753,2.1640878396341767,-0.5967679187979469,RANGE
2026-06-10,C1_Top5,UP,4,CERA.NS,0.8635,0.008518613169772316,NO_GAP,NEUTRAL,-0.4761966052460709,0.5,0.008518613169772316,-0.2556,-0.2556,False,False,False,0.511116790186561,1.362978107164159,-0.26409611584327086,RANGE
2026-06-10,C1_Top5,UP,5,AJANTPHARM.NS,0.8623,0.01626069193341184,NO_GAP,NEUTRAL,-0.4761966052460709,0.5,0.01626069193341184,2.2277,2.2277,True,True,False,2.715535552880932,0.4260268765171715,2.2110797711966113,RANGE
2026-06-10,C2_Top5,UP,1,BEML.NS,0.7444,0.24850333220378662,NO_GAP,NEUTRAL,-0.4761966052460709,0.5,0.24850333220378662,-2.4399,-2.4399,False,False,False,1.491019993222631,2.57539817011182,-2.6817391211267694,RANGE
2026-06-10,C2_Top5,UP,2,AJANTPHARM.NS,0.8623,0.01626069193341184,NO_GAP,NEUTRAL,-0.4761966052460709,0.5,0.01626069193341184,2.2277,2.2277,True,True,False,2.715535552880932,0.4260268765171715,2.2110797711966113,RANGE
2026-06-10,C2_Top5,UP,3,CERA.NS,0.8635,0.008518613169772316,NO_GAP,NEUTRAL,-0.4761966052460709,0.5,0.008518613169772316,-0.2556,-0.2556,False,False,False,0.511116790186561,1.362978107164159,-0.26409611584327086,RANGE
2026-06-10,C2_Top5,UP,4,DEEPAKFERT.NS,0.9106,0.0,NO_GAP,NEUTRAL,-0.4761966052460709,0.5,0.0,0.4482,0.4482,True,False,False,3.0102347983142597,1.7994514683256413,0.4482000000000097,RANGE
2026-06-10,C2_Top5,UP,5,TATACHEM.NS,0.7758,0.0,NO_GAP,NEUTRAL,-0.4761966052460709,0.5,0.0,2.8873,2.8873,True,True,False,5.823153803442538,0.7287617990005546,2.8872999999999927,RANGE
2026-06-10,A_V3_Top5,DOWN,1,STLTECH.NS,0.9248,-4.996994934317856,LARGE,GAP_DOWN,-0.4761966052460709,1.0,4.996994934317856,-2.3955,2.3955,True,True,False,4.996994934317856,2.738902721730896,2.7383291007681887,RANGE
2026-06-10,A_V3_Top5,DOWN,2,HFCL.NS,0.9119,-4.996747679025493,LARGE,GAP_DOWN,-0.4761966052460709,1.0,4.996747679025493,-3.2109,3.2109,True,True,True,4.996747679025493,0.9402164271775648,1.8797753081040813,RANGE
2026-06-10,A_V3_Top5,DOWN,3,RAJESHEXPO.NS,0.8879,-4.996456413890849,LARGE,GAP_DOWN,-0.4761966052460709,1.0,4.996456413890849,-4.9965,4.9965,True,True,True,4.996456413890849,-4.996456413890849,-4.587840359837614e-05,RANGE
2026-06-10,A_V3_Top5,DOWN,4,NATIONALUM.NS,0.8725,-1.9008374318755794,MEDIUM,GAP_DOWN,-0.4761966052460709,1.0,1.9008374318755794,-1.4755,1.4755,True,False,False,2.1401036820417274,1.754619167885152,0.4335790650406457,RANGE
2026-06-10,A_V3_Top5,DOWN,5,WIPRO.NS,0.864,-1.095400435924665,MEDIUM,GAP_DOWN,-0.4761966052460709,1.0,1.095400435924665,-0.8718,0.8718,True,False,False,1.7325210976359418,-0.40798077460459936,0.2260768830875337,RANGE
2026-06-10,C1_Top5,DOWN,1,STLTECH.NS,0.9248,-4.996994934317856,LARGE,GAP_DOWN,-0.4761966052460709,1.0,4.996994934317856,-2.3955,2.3955,True,True,False,4.996994934317856,2.738902721730896,2.7383291007681887,RANGE
2026-06-10,C1_Top5,DOWN,2,HFCL.NS,0.9119,-4.996747679025493,LARGE,GAP_DOWN,-0.4761966052460709,1.0,4.996747679025493,-3.2109,3.2109,True,True,True,4.996747679025493,0.9402164271775648,1.8797753081040813,RANGE
2026-06-10,C1_Top5,DOWN,3,RAJESHEXPO.NS,0.8879,-4.996456413890849,LARGE,GAP_DOWN,-0.4761966052460709,1.0,4.996456413890849,-4.9965,4.9965,True,True,True,4.996456413890849,-4.996456413890849,-4.587840359837614e-05,RANGE
2026-06-10,C1_Top5,DOWN,4,NATIONALUM.NS,0.8725,-1.9008374318755794,MEDIUM,GAP_DOWN,-0.4761966052460709,1.0,1.9008374318755794,-1.4755,1.4755,True,False,False,2.1401036820417274,1.754619167885152,0.4335790650406457,RANGE
2026-06-10,C1_Top5,DOWN,5,WIPRO.NS,0.864,-1.095400435924665,MEDIUM,GAP_DOWN,-0.4761966052460709,1.0,1.095400435924665,-0.8718,0.8718,True,False,False,1.7325210976359418,-0.40798077460459936,0.2260768830875337,RANGE
2026-06-10,C2_Top5,DOWN,1,STLTECH.NS,0.9248,-4.996994934317856,LARGE,GAP_DOWN,-0.4761966052460709,1.0,4.996994934317856,-2.3955,2.3955,True,True,False,4.996994934317856,2.738902721730896,2.7383291007681887,RANGE
2026-06-10,C2_Top5,DOWN,2,HFCL.NS,0.9119,-4.996747679025493,LARGE,GAP_DOWN,-0.4761966052460709,1.0,4.996747679025493,-3.2109,3.2109,True,True,True,4.996747679025493,0.9402164271775648,1.8797753081040813,RANGE
2026-06-10,C2_Top5,DOWN,3,RAJESHEXPO.NS,0.8879,-4.996456413890849,LARGE,GAP_DOWN,-0.4761966052460709,1.0,4.996456413890849,-4.9965,4.9965,True,True,True,4.996456413890849,-4.996456413890849,-4.587840359837614e-05,RANGE
2026-06-10,C2_Top5,DOWN,4,HINDZINC.NS,0.73,-2.3833439868505057,LARGE,GAP_DOWN,-0.4761966052460709,1.0,2.3833439868505057,-0.4657,0.4657,True,False,False,2.3924755730070135,1.25102730344262,1.9644639195509628,RANGE
2026-06-10,C2_Top5,DOWN,5,NATIONALUM.NS,0.8725,-1.9008374318755794,MEDIUM,GAP_DOWN,-0.4761966052460709,1.0,1.9008374318755794,-1.4755,1.4755,True,False,False,2.1401036820417274,1.754619167885152,0.4335790650406457,RANGE
2026-06-11,A_V3_Top5,UP,1,JINDALPOLY.NS,0.9769,1.571574991458835,MEDIUM,GAP_UP,1.0834795710741751,1.0,1.571574991458835,2.7605,2.7605,True,True,False,4.803553126067639,0.4851383669285947,1.1705292633703346,RANGE
2026-06-11,A_V3_Top5,UP,2,PARAS.NS,0.9318,1.9108280254777066,MEDIUM,GAP_UP,1.0834795710741751,1.0,1.9108280254777066,10.9241,10.9241,True,True,True,11.737943585077337,-1.8046709129511784,8.844273125,RANGE
2026-06-11,A_V3_Top5,UP,3,TATACHEM.NS,0.9199,1.8618456556934726,MEDIUM,GAP_UP,1.0834795710741751,1.0,1.8618456556934726,0.6409,0.6409,True,False,False,2.9276848354020446,-0.09444144630328388,-1.1986290331125748,RANGE
2026-06-11,A_V3_Top5,UP,4,AJANTPHARM.NS,0.8973,1.1293504208611749,MEDIUM,GAP_UP,1.0834795710741751,1.0,1.1293504208611749,-0.3945,-0.3945,False,False,False,1.1293504208611749,1.0625405949780675,-1.506832996078289,RANGE
2026-06-11,A_V3_Top5,UP,5,TORNTPHARM.NS,0.8643,1.0345085064297876,MEDIUM,GAP_UP,1.0834795710741751,1.0,1.0345085064297876,-0.0219,-0.0219,False,False,False,2.0515243405133443,0.31276626950849096,-1.0455917706201912,RANGE
2026-06-11,C1_Top5,UP,1,JINDALPOLY.NS,0.9769,1.571574991458835,MEDIUM,GAP_UP,1.0834795710741751,1.0,1.571574991458835,2.7605,2.7605,True,True,False,4.803553126067639,0.4851383669285947,1.1705292633703346,RANGE
2026-06-11,C1_Top5,UP,2,PARAS.NS,0.9318,1.9108280254777066,MEDIUM,GAP_UP,1.0834795710741751,1.0,1.9108280254777066,10.9241,10.9241,True,True,True,11.737943585077337,-1.8046709129511784,8.844273125,RANGE
2026-06-11,C1_Top5,UP,3,TATACHEM.NS,0.9199,1.8618456556934726,MEDIUM,GAP_UP,1.0834795710741751,1.0,1.8618456556934726,0.6409,0.6409,True,False,False,2.9276848354020446,-0.09444144630328388,-1.1986290331125748,RANGE
2026-06-11,C1_Top5,UP,4,AJANTPHARM.NS,0.8973,1.1293504208611749,MEDIUM,GAP_UP,1.0834795710741751,1.0,1.1293504208611749,-0.3945,-0.3945,False,False,False,1.1293504208611749,1.0625405949780675,-1.506832996078289,RANGE
2026-06-11,C1_Top5,UP,5,TORNTPHARM.NS,0.8643,1.0345085064297876,MEDIUM,GAP_UP,1.0834795710741751,1.0,1.0345085064297876,-0.0219,-0.0219,False,False,False,2.0515243405133443,0.31276626950849096,-1.0455917706201912,RANGE
2026-06-11,C2_Top5,UP,1,DATAPATTNS.NS,0.7835,2.021403091557672,LARGE,GAP_UP,1.0834795710741751,1.0,2.021403091557672,8.1023,8.1023,True,True,True,8.656361474435204,-1.1533888228299594,5.960412937062931,RANGE
2026-06-11,C2_Top5,UP,2,PARAS.NS,0.9318,1.9108280254777066,MEDIUM,GAP_UP,1.0834795710741751,1.0,1.9108280254777066,10.9241,10.9241,True,True,True,11.737943585077337,-1.8046709129511784,8.844273125,RANGE
2026-06-11,C2_Top5,UP,3,TATACHEM.NS,0.9199,1.8618456556934726,MEDIUM,GAP_UP,1.0834795710741751,1.0,1.8618456556934726,0.6409,0.6409,True,False,False,2.9276848354020446,-0.09444144630328388,-1.1986290331125748,RANGE
2026-06-11,C2_Top5,UP,4,ADANIGREEN.NS,0.7772,1.7531797868683308,MEDIUM,GAP_UP,1.0834795710741751,1.0,1.7531797868683308,2.1451,2.1451,True,True,False,2.6469577174286663,-0.04812650395324969,0.3851675337837923,RANGE
2026-06-11,C2_Top5,UP,5,JINDALPOLY.NS,0.9769,1.571574991458835,MEDIUM,GAP_UP,1.0834795710741751,1.0,1.571574991458835,2.7605,2.7605,True,True,False,4.803553126067639,0.4851383669285947,1.1705292633703346,RANGE
2026-06-11,A_V3_Top5,DOWN,1,STLTECH.NS,0.9418,1.1611541168191408,MEDIUM,GAP_UP,1.0834795710741751,0.0,-1.1611541168191408,2.683,-2.683,False,False,False,-1.1611541168191408,4.996481351161153,1.5043777391304358,RANGE
2026-06-11,A_V3_Top5,DOWN,2,HFCL.NS,0.8976,3.861192570869987,LARGE,GAP_UP,1.0834795710741751,0.0,-3.861192570869987,4.9976,-4.9976,False,False,False,-3.2563538611925624,4.997556207233633,1.0941598117647056,RANGE
2026-06-11,A_V3_Top5,DOWN,3,RAJESHEXPO.NS,0.8779,-4.998135024244698,LARGE,GAP_DOWN,1.0834795710741751,1.0,4.998135024244698,-4.9981,4.9981,True,True,True,4.998135024244698,-4.998135024244698,3.686690224213862e-05,RANGE
2026-06-11,A_V3_Top5,DOWN,4,WIPRO.NS,0.8638,0.7216552968371204,SMALL,GAP_UP,1.0834795710741751,0.0,-0.7216552968371204,1.5617,-1.5617,False,False,False,-0.1127586401307834,1.7364830580143042,0.8340259109991699,RANGE
2026-06-11,A_V3_Top5,DOWN,5,TEJASNET.NS,0.861,1.2554489973844785,MEDIUM,GAP_UP,1.0834795710741751,0.0,-1.2554489973844785,4.4202,-4.4202,False,False,False,-0.2615518744550904,5.126416739319972,3.12551179610816,RANGE
2026-06-11,C1_Top5,DOWN,1,RAJESHEXPO.NS,0.8779,-4.998135024244698,LARGE,GAP_DOWN,1.0834795710741751,1.0,4.998135024244698,-4.9981,4.9981,True,True,True,4.998135024244698,-4.998135024244698,3.686690224213862e-05,RANGE
2026-06-11,C1_Top5,DOWN,2,OIL.NS,0.8415,-0.5822755327821172,SMALL,GAP_DOWN,1.0834795710741751,1.0,0.5822755327821172,-2.6901,2.6901,True,True,False,3.4587166647257583,-0.5589845114708392,-2.1201696966147265,RANGE
2026-06-11,C1_Top5,DOWN,3,STLTECH.NS,0.9418,1.1611541168191408,MEDIUM,GAP_UP,1.0834795710741751,0.0,-1.1611541168191408,2.683,-2.683,False,False,False,-1.1611541168191408,4.996481351161153,1.5043777391304358,RANGE
2026-06-11,C1_Top5,DOWN,4,HFCL.NS,0.8976,3.861192570869987,LARGE,GAP_UP,1.0834795710741751,0.0,-3.861192570869987,4.9976,-4.9976,False,False,False,-3.2563538611925624,4.997556207233633,1.0941598117647056,RANGE
2026-06-11,C1_Top5,DOWN,5,WIPRO.NS,0.8638,0.7216552968371204,SMALL,GAP_UP,1.0834795710741751,0.0,-0.7216552968371204,1.5617,-1.5617,False,False,False,-0.1127586401307834,1.7364830580143042,0.8340259109991699,RANGE
2026-06-11,C2_Top5,DOWN,1,RAJESHEXPO.NS,0.8779,-4.998135024244698,LARGE,GAP_DOWN,1.0834795710741751,1.0,4.998135024244698,-4.9981,4.9981,True,True,True,4.998135024244698,-4.998135024244698,3.686690224213862e-05,RANGE
2026-06-11,C2_Top5,DOWN,2,OIL.NS,0.8415,-0.5822755327821172,SMALL,GAP_DOWN,1.0834795710741751,1.0,0.5822755327821172,-2.6901,2.6901,True,True,False,3.4587166647257583,-0.5589845114708392,-2.1201696966147265,RANGE
2026-06-11,C2_Top5,DOWN,3,INFY.NS,0.8041,0.48447873676655817,SMALL,GAP_UP,1.0834795710741751,0.0,-0.48447873676655817,0.1615,-0.1615,False,False,False,0.27812668221782744,0.780549075901682,-0.32142151785715667,RANGE
2026-06-11,C2_Top5,DOWN,4,WIPRO.NS,0.8638,0.7216552968371204,SMALL,GAP_UP,1.0834795710741751,0.0,-0.7216552968371204,1.5617,-1.5617,False,False,False,-0.1127586401307834,1.7364830580143042,0.8340259109991699,RANGE
2026-06-11,C2_Top5,DOWN,5,MIDHANI.NS,0.7449,0.8648264423646523,SMALL,GAP_UP,1.0834795710741751,0.0,-0.8648264423646523,3.0921,-3.0921,False,False,False,-0.8648264423646523,4.703234213955687,2.2081766619685084,RANGE
2026-06-12,A_V3_Top5,UP,1,JINDALPOLY.NS,0.9786,2.4004255602101177,LARGE,GAP_UP,1.5321962751026152,1.0,2.4004255602101177,-1.669,-1.669,False,False,False,3.065363388523168,3.504222355209796,-3.9740318831168797,RANGE
2026-06-12,A_V3_Top5,UP,2,DATAPATTNS.NS,0.9397,0.9987438238887592,SMALL,GAP_UP,1.5321962751026152,1.0,0.9987438238887592,-2.6443,-2.6443,False,False,False,1.6345072646893888,4.632951816752029,-3.6070189449495804,RANGE
2026-06-12,A_V3_Top5,UP,3,ASHOKLEY.NS,0.9317,4.296490652673013,LARGE,GAP_UP,1.5321962751026152,1.0,4.296490652673013,3.4438,3.4438,True,True,True,5.47720564119385,-3.148573302722202,-0.8175640880503265,RANGE
2026-06-12,A_V3_Top5,UP,4,DEEPAKFERT.NS,0.9161,1.9554869419786458,MEDIUM,GAP_UP,1.5321962751026152,1.0,1.9554869419786458,-2.9783,-2.9783,False,False,False,2.463656245979684,3.3191817830953263,-4.839157842271291,RANGE
2026-06-12,A_V3_Top5,UP,5,CHOLAFIN.NS,0.8954,2.6720234678910826,LARGE,GAP_UP,1.5321962751026152,1.0,2.6720234678910826,5.4525,5.4525,True,True,True,6.115681397870043,-2.4998405713921423,2.7081150621117933,RANGE
2026-06-12,C1_Top5,UP,1,JINDALPOLY.NS,0.9786,2.4004255602101177,LARGE,GAP_UP,1.5321962751026152,1.0,2.4004255602101177,-1.669,-1.669,False,False,False,3.065363388523168,3.504222355209796,-3.9740318831168797,RANGE
2026-06-12,C1_Top5,UP,2,DATAPATTNS.NS,0.9397,0.9987438238887592,SMALL,GAP_UP,1.5321962751026152,1.0,0.9987438238887592,-2.6443,-2.6443,False,False,False,1.6345072646893888,4.632951816752029,-3.6070189449495804,RANGE
2026-06-12,C1_Top5,UP,3,ASHOKLEY.NS,0.9317,4.296490652673013,LARGE,GAP_UP,1.5321962751026152,1.0,4.296490652673013,3.4438,3.4438,True,True,True,5.47720564119385,-3.148573302722202,-0.8175640880503265,RANGE
2026-06-12,C1_Top5,UP,4,DEEPAKFERT.NS,0.9161,1.9554869419786458,MEDIUM,GAP_UP,1.5321962751026152,1.0,1.9554869419786458,-2.9783,-2.9783,False,False,False,2.463656245979684,3.3191817830953263,-4.839157842271291,RANGE
2026-06-12,C1_Top5,UP,5,CHOLAFIN.NS,0.8954,2.6720234678910826,LARGE,GAP_UP,1.5321962751026152,1.0,2.6720234678910826,5.4525,5.4525,True,True,True,6.115681397870043,-2.4998405713921423,2.7081150621117933,RANGE
2026-06-12,C2_Top5,UP,1,SHRIRAMFIN.NS,0.7892,5.241112100109957,LARGE,GAP_UP,1.5321962751026152,1.0,5.241112100109957,4.7856,4.7856,True,True,True,5.712340960259699,-3.4609141839886837,-0.4328271442786247,RANGE
2026-06-12,C2_Top5,UP,2,ASHOKLEY.NS,0.9317,4.296490652673013,LARGE,GAP_UP,1.5321962751026152,1.0,4.296490652673013,3.4438,3.4438,True,True,True,5.47720564119385,-3.148573302722202,-0.8175640880503265,RANGE
2026-06-12,C2_Top5,UP,3,BSE.NS,0.8281,2.692331229310563,LARGE,GAP_UP,1.5321962751026152,1.0,2.692331229310563,2.1009,2.1009,True,True,False,3.7415480007535473,-0.17074311027336364,-0.5759254096490363,RANGE
2026-06-12,C2_Top5,UP,4,CHOLAFIN.NS,0.8954,2.6720234678910826,LARGE,GAP_UP,1.5321962751026152,1.0,2.6720234678910826,5.4525,5.4525,True,True,True,6.115681397870043,-2.4998405713921423,2.7081150621117933,RANGE
2026-06-12,C2_Top5,UP,5,PARAS.NS,0.8611,2.583967552294575,LARGE,GAP_UP,1.5321962751026152,1.0,2.583967552294575,1.0026,1.0026,True,False,False,3.2675568518434117,5.2089504625621,-1.5415347934251256,RANGE
2026-06-12,A_V3_Top5,DOWN,1,STLTECH.NS,0.9332,2.1159941745909405,LARGE,GAP_UP,1.5321962751026152,0.0,-2.1159941745909405,4.3091,-4.3091,False,False,False,3.709414889060225,4.857363145720894,2.1476614345637524,RANGE
2026-06-12,A_V3_Top5,DOWN,2,IDEAFORGE.NS,0.8897,2.404786560810024,LARGE,GAP_UP,1.5321962751026152,0.0,-2.404786560810024,-0.489,0.489,True,False,False,2.048095731216204,3.325279024277994,-2.825831348314589,RANGE
2026-06-12,A_V3_Top5,DOWN,3,RAJESHEXPO.NS,0.8752,-4.946996466431097,LARGE,GAP_DOWN,1.5321962751026152,1.0,4.946996466431097,4.9993,-4.9993,False,False,False,4.946996466431097,4.999345635388042,10.46394758364313,RANGE
2026-06-12,A_V3_Top5,DOWN,4,KALYANKJIL.NS,0.8562,2.1029731689630182,LARGE,GAP_UP,1.5321962751026152,0.0,-2.1029731689630182,11.095,-11.095,False,False,False,-1.7984046410442378,12.168237853517038,8.80682173295455,RANGE
2026-06-12,A_V3_Top5,DOWN,5,WIPRO.NS,0.838,1.5876540468524603,MEDIUM,GAP_UP,1.5321962751026152,0.0,-1.5876540468524603,0.6884,-0.6884,False,False,False,-0.4274453203064299,1.5876540468524603,-0.8852001311475677,RANGE
2026-06-12,C1_Top5,DOWN,1,RAJESHEXPO.NS,0.8752,-4.946996466431097,LARGE,GAP_DOWN,1.5321962751026152,1.0,4.946996466431097,4.9993,-4.9993,False,False,False,4.946996466431097,4.999345635388042,10.46394758364313,RANGE
2026-06-12,C1_Top5,DOWN,2,OIL.NS,0.8334,0.23934897079942452,NO_GAP,NEUTRAL,1.5321962751026152,0.5,-0.23934897079942452,-0.1436,0.1436,True,False,False,1.7472474868358123,0.47869794159884904,-0.38203457497612003,RANGE
2026-06-12,C1_Top5,DOWN,3,STLTECH.NS,0.9332,2.1159941745909405,LARGE,GAP_UP,1.5321962751026152,0.0,-2.1159941745909405,4.3091,-4.3091,False,False,False,3.709414889060225,4.857363145720894,2.1476614345637524,RANGE
2026-06-12,C1_Top5,DOWN,4,IDEAFORGE.NS,0.8897,2.404786560810024,LARGE,GAP_UP,1.5321962751026152,0.0,-2.404786560810024,-0.489,0.489,True,False,False,2.048095731216204,3.325279024277994,-2.825831348314589,RANGE
2026-06-12,C1_Top5,DOWN,5,KALYANKJIL.NS,0.8562,2.1029731689630182,LARGE,GAP_UP,1.5321962751026152,0.0,-2.1029731689630182,11.095,-11.095,False,False,False,-1.7984046410442378,12.168237853517038,8.80682173295455,RANGE
2026-06-12,C2_Top5,DOWN,1,RAJESHEXPO.NS,0.8752,-4.946996466431097,LARGE,GAP_DOWN,1.5321962751026152,1.0,4.946996466431097,4.9993,-4.9993,False,False,False,4.946996466431097,4.999345635388042,10.46394758364313,RANGE
2026-06-12,C2_Top5,DOWN,2,OIL.NS,0.8334,0.23934897079942452,NO_GAP,NEUTRAL,1.5321962751026152,0.5,-0.23934897079942452,-0.1436,0.1436,True,False,False,1.7472474868358123,0.47869794159884904,-0.38203457497612003,RANGE
2026-06-12,C2_Top5,DOWN,3,ONGC.NS,0.7346,0.7514216084484326,SMALL,GAP_UP,1.5321962751026152,0.0,-0.7514216084484326,-1.0357,1.0357,True,False,False,1.380991064175463,0.8529650690495716,-1.7737929449707868,RANGE
2026-06-12,C2_Top5,DOWN,4,EXIDEIND.NS,0.7675,0.9057277713994116,SMALL,GAP_UP,1.5321962751026152,0.0,-0.9057277713994116,0.7399,-0.7399,False,False,False,-0.4337287919377486,1.9135093761959432,-0.1643393046776298,RANGE
2026-06-12,C2_Top5,DOWN,5,COALINDIA.NS,0.8224,1.0822998872604295,MEDIUM,GAP_UP,1.5321962751026152,0.0,-1.0822998872604295,0.124,-0.124,False,False,False,0.5186020293122873,1.3754227733934643,-0.9480392594245046,RANGE
2026-06-15,A_V3_Top5,UP,1,JINDALPOLY.NS,0.9668,1.3930213686773163,MEDIUM,GAP_UP,0.2934530572618721,1.0,1.3930213686773163,-2.6711,-2.6711,False,False,False,1.3930213686773163,4.226399783608336,-4.008285100706965,RANGE
2026-06-15,A_V3_Top5,UP,2,CHOLAFIN.NS,0.932,-0.2237542331881892,NO_GAP,NEUTRAL,0.2934530572618721,0.5,-0.2237542331881892,1.6207,1.6207,True,False,False,1.9412191582002913,0.2298016448959772,1.8485905327595642,RANGE
2026-06-15,A_V3_Top5,UP,3,ASHOKLEY.NS,0.924,1.4584654407102216,MEDIUM,GAP_UP,0.2934530572618721,1.0,1.4584654407102216,0.5073,0.5073,True,False,False,2.0228281547241656,0.27901077996195234,-0.9374924374999982,RANGE
2026-06-15,A_V3_Top5,UP,4,MRPL.NS,0.9171,1.0949985202722834,MEDIUM,GAP_UP,0.2934530572618721,1.0,1.0949985202722834,-2.0302,-2.0302,False,False,False,1.0949985202722834,2.929860905593362,-3.0913483021077437,RANGE
2026-06-15,A_V3_Top5,UP,5,PRESTIGE.NS,0.8938,0.37351443123938566,SMALL,GAP_UP,0.2934530572618721,1.0,0.37351443123938566,3.3005,3.3005,True,True,True,3.7623089983022107,0.7741935483871032,2.916093538565634,RANGE
2026-06-15,C1_Top5,UP,1,JINDALPOLY.NS,0.9668,1.3930213686773163,MEDIUM,GAP_UP,0.2934530572618721,1.0,1.3930213686773163,-2.6711,-2.6711,False,False,False,1.3930213686773163,4.226399783608336,-4.008285100706965,RANGE
2026-06-15,C1_Top5,UP,2,ASHOKLEY.NS,0.924,1.4584654407102216,MEDIUM,GAP_UP,0.2934530572618721,1.0,1.4584654407102216,0.5073,0.5073,True,False,False,2.0228281547241656,0.27901077996195234,-0.9374924374999982,RANGE
2026-06-15,C1_Top5,UP,3,MRPL.NS,0.9171,1.0949985202722834,MEDIUM,GAP_UP,0.2934530572618721,1.0,1.0949985202722834,-2.0302,-2.0302,False,False,False,1.0949985202722834,2.929860905593362,-3.0913483021077437,RANGE
2026-06-15,C1_Top5,UP,4,PRESTIGE.NS,0.8938,0.37351443123938566,SMALL,GAP_UP,0.2934530572618721,1.0,0.37351443123938566,3.3005,3.3005,True,True,True,3.7623089983022107,0.7741935483871032,2.916093538565634,RANGE
2026-06-15,C1_Top5,UP,5,KALYANKJIL.NS,0.893,0.5221932114882533,SMALL,GAP_UP,0.2934530572618721,1.0,0.5221932114882533,-1.1619,-1.1619,False,False,False,0.6788511749347359,2.219321148825071,-1.675344675324686,RANGE
2026-06-15,C2_Top5,UP,1,ASHOKLEY.NS,0.924,1.4584654407102216,MEDIUM,GAP_UP,0.2934530572618721,1.0,1.4584654407102216,0.5073,0.5073,True,False,False,2.0228281547241656,0.27901077996195234,-0.9374924374999982,RANGE
2026-06-15,C2_Top5,UP,2,JINDALPOLY.NS,0.9668,1.3930213686773163,MEDIUM,GAP_UP,0.2934530572618721,1.0,1.3930213686773163,-2.6711,-2.6711,False,False,False,1.3930213686773163,4.226399783608336,-4.008285100706965,RANGE
2026-06-15,C2_Top5,UP,3,CENTUM.NS,0.8875,1.3263083514501561,MEDIUM,GAP_UP,0.2934530572618721,1.0,1.3263083514501561,0.0331,0.0331,True,False,False,1.9081205010720748,0.7334721024245261,-1.2762809308759726,RANGE
2026-06-15,C2_Top5,UP,4,MRPL.NS,0.9171,1.0949985202722834,MEDIUM,GAP_UP,0.2934530572618721,1.0,1.0949985202722834,-2.0302,-2.0302,False,False,False,1.0949985202722834,2.929860905593362,-3.0913483021077437,RANGE
2026-06-15,C2_Top5,UP,5,BPCL.NS,0.7913,1.0946555054732743,MEDIUM,GAP_UP,0.2934530572618721,1.0,1.0946555054732743,0.4829,0.4829,True,False,False,1.0946555054732743,0.3541532517707724,-0.605131401273884,RANGE
2026-06-15,A_V3_Top5,DOWN,1,IDEAFORGE.NS,0.8928,0.3642250101173694,SMALL,GAP_UP,0.2934530572618721,0.0,-0.3642250101173694,4.9951,-4.9951,False,False,False,2.295195698676078,4.995085853038095,4.614069395161291,RANGE
2026-06-15,A_V3_Top5,DOWN,2,INFY.NS,0.8087,0.17622698035069106,NO_GAP,NEUTRAL,0.2934530572618721,0.5,-0.17622698035069106,0.7666,-0.7666,False,False,False,1.0309278350515538,1.6653449643140306,0.5893344533380196,RANGE
2026-06-15,A_V3_Top5,DOWN,3,OIL.NS,0.8082,-0.1318312559923318,NO_GAP,NEUTRAL,0.2934530572618721,0.5,0.1318312559923318,0.5872,-0.5872,False,False,False,0.5992329817833153,1.114573346116976,0.7199804152166145,RANGE
2026-06-15,A_V3_Top5,DOWN,4,RAJESHEXPO.NS,0.7899,3.203290539698367,LARGE,GAP_UP,0.2934530572618721,0.0,-3.203290539698367,4.9981,-4.9981,False,False,False,-3.0163280568366035,4.998130375171361,1.7391010024154552,RANGE
2026-06-15,A_V3_Top5,DOWN,5,ZENSARTECH.NS,0.7712,0.9092925260590023,SMALL,GAP_UP,0.2934530572618721,0.0,-0.9092925260590023,2.9497,-2.9497,False,False,False,0.4213794632956236,3.1270791749833826,2.02202138461538,RANGE
2026-06-15,C1_Top5,DOWN,1,STLTECH.NS,0.7326,-1.2812089356110334,MEDIUM,GAP_DOWN,0.2934530572618721,1.0,1.2812089356110334,2.6117,-2.6117,False,False,False,2.874507227332457,3.4822601839684664,3.943432545757064,RANGE
2026-06-15,C1_Top5,DOWN,2,JPPOWER.NS,0.7113,-1.3535462912831586,MEDIUM,GAP_DOWN,0.2934530572618721,1.0,1.3535462912831586,-2.7071,2.7071,True,True,False,3.627504060638864,-1.1369788846778417,-1.3721260702524662,RANGE
2026-06-15,C1_Top5,DOWN,3,INFY.NS,0.8087,0.17622698035069106,NO_GAP,NEUTRAL,0.2934530572618721,0.5,-0.17622698035069106,0.7666,-0.7666,False,False,False,1.0309278350515538,1.6653449643140306,0.5893344533380196,RANGE
2026-06-15,C1_Top5,DOWN,4,OIL.NS,0.8082,-0.1318312559923318,NO_GAP,NEUTRAL,0.2934530572618721,0.5,0.1318312559923318,0.5872,-0.5872,False,False,False,0.5992329817833153,1.114573346116976,0.7199804152166145,RANGE
2026-06-15,C1_Top5,DOWN,5,ONGC.NS,0.719,0.20521239482864662,NO_GAP,NEUTRAL,0.2934530572618721,0.5,-0.20521239482864662,1.8674,-1.8674,False,False,False,0.061563718448598426,2.1136876667350757,1.658783575670708,RANGE
2026-06-15,C2_Top5,DOWN,1,JPPOWER.NS,0.7113,-1.3535462912831586,MEDIUM,GAP_DOWN,0.2934530572618721,1.0,1.3535462912831586,-2.7071,2.7071,True,True,False,3.627504060638864,-1.1369788846778417,-1.3721260702524662,RANGE
2026-06-15,C2_Top5,DOWN,2,STLTECH.NS,0.7326,-1.2812089356110334,MEDIUM,GAP_DOWN,0.2934530572618721,1.0,1.2812089356110334,2.6117,-2.6117,False,False,False,2.874507227332457,3.4822601839684664,3.943432545757064,RANGE
2026-06-15,C2_Top5,DOWN,3,OIL.NS,0.8082,-0.1318312559923318,NO_GAP,NEUTRAL,0.2934530572618721,0.5,0.1318312559923318,0.5872,-0.5872,False,False,False,0.5992329817833153,1.114573346116976,0.7199804152166145,RANGE
2026-06-15,C2_Top5,DOWN,4,NMDC.NS,0.7135,0.0,NO_GAP,NEUTRAL,0.2934530572618721,0.5,-0.0,-0.4295,0.4295,True,False,False,1.559850796880291,0.42952413247427934,-0.4295000000000049,RANGE
2026-06-15,C2_Top5,DOWN,5,ZYDUSWELL.NS,0.6995,0.090117152297986,NO_GAP,NEUTRAL,0.2934530572618721,0.5,-0.090117152297986,2.2329,-2.2329,False,False,False,0.5607289476319277,2.633423450485628,2.1408535714285692,RANGE
2026-06-16,A_V3_Top5,UP,1,PRESTIGE.NS,0.9315,-0.7297350601538355,SMALL,GAP_DOWN,0.23072763760738635,0.0,-0.7297350601538355,0.0263,0.0263,True,False,False,0.3747288146735972,1.9130892117546483,0.761592668874167,RANGE
2026-06-16,A_V3_Top5,UP,2,COROMANDEL.NS,0.9125,0.0,NO_GAP,NEUTRAL,0.23072763760738635,0.5,0.0,-1.1555,-1.1555,False,False,False,0.24275379909695083,3.053842792639694,-1.1554999999999982,RANGE
2026-06-16,A_V3_Top5,UP,3,CHOLAFIN.NS,0.9077,0.0,NO_GAP,NEUTRAL,0.23072763760738635,0.5,0.0,-0.0714,-0.0714,False,False,False,0.6248512258985928,0.4641751963818219,-0.07139999999999924,RANGE
2026-06-16,A_V3_Top5,UP,4,ASHOKLEY.NS,0.8805,0.8832807570978041,SMALL,GAP_UP,0.23072763760738635,1.0,0.8832807570978041,0.6751,0.6751,True,False,False,1.1041009463722329,0.2712933753943214,-0.20635803627269134,RANGE
2026-06-16,A_V3_Top5,UP,5,MGL.NS,0.88,0.3711201079622306,SMALL,GAP_UP,0.23072763760738635,1.0,0.3711201079622306,1.9652,1.9652,True,False,False,3.7449392712550766,-0.28677462887989336,1.5881858151260309,RANGE
2026-06-16,C1_Top5,UP,1,ASHOKLEY.NS,0.8805,0.8832807570978041,SMALL,GAP_UP,0.23072763760738635,1.0,0.8832807570978041,0.6751,0.6751,True,False,False,1.1041009463722329,0.2712933753943214,-0.20635803627269134,RANGE
2026-06-16,C1_Top5,UP,2,MGL.NS,0.88,0.3711201079622306,SMALL,GAP_UP,0.23072763760738635,1.0,0.3711201079622306,1.9652,1.9652,True,False,False,3.7449392712550766,-0.28677462887989336,1.5881858151260309,RANGE
2026-06-16,C1_Top5,UP,3,DLF.NS,0.8442,0.5959002065787367,SMALL,GAP_UP,0.23072763760738635,1.0,0.5959002065787367,-0.9137,-0.9137,False,False,False,0.7071349118067838,1.7638646114730538,-1.5006577837453516,RANGE
2026-06-16,C1_Top5,UP,4,GNFC.NS,0.8346,0.5130118459099053,SMALL,GAP_UP,0.23072763760738635,1.0,0.5130118459099053,4.328,4.328,True,True,True,5.00886111370209,-0.26116966700868716,3.7955167037861726,RANGE
2026-06-16,C1_Top5,UP,5,COFORGE.NS,0.8214,2.027580557072639,LARGE,GAP_UP,0.23072763760738635,1.0,2.027580557072639,0.0614,0.0614,True,False,False,2.252867285636273,0.7850901146914224,-1.927106912010712,RANGE
2026-06-16,C2_Top5,UP,1,COFORGE.NS,0.8214,2.027580557072639,LARGE,GAP_UP,0.23072763760738635,1.0,2.027580557072639,0.0614,0.0614,True,False,False,2.252867285636273,0.7850901146914224,-1.927106912010712,RANGE
2026-06-16,C2_Top5,UP,2,NAVINFLUOR.NS,0.7904,1.1550816758936433,MEDIUM,GAP_UP,0.23072763760738635,1.0,1.1550816758936433,0.3896,0.3896,True,False,False,2.658738295400176,0.10252204223908379,-0.7567407027027073,RANGE
2026-06-16,C2_Top5,UP,3,ASHOKLEY.NS,0.8805,0.8832807570978041,SMALL,GAP_UP,0.23072763760738635,1.0,0.8832807570978041,0.6751,0.6751,True,False,False,1.1041009463722329,0.2712933753943214,-0.20635803627269134,RANGE
2026-06-16,C2_Top5,UP,4,SUZLON.NS,0.8159,0.7941988950276313,SMALL,GAP_UP,0.23072763760738635,1.0,0.7941988950276313,2.3308,2.3308,True,True,False,2.7279005524861955,1.070441988950288,1.5244935936964854,RANGE
2026-06-16,C2_Top5,UP,5,M&MFIN.NS,0.7572,0.6211180124223503,SMALL,GAP_UP,0.23072763760738635,1.0,0.6211180124223503,-0.1175,-0.1175,False,False,False,0.7218398522746305,0.9232835319791799,-0.7340586419752992,RANGE
2026-06-16,A_V3_Top5,DOWN,1,IDEAFORGE.NS,0.9057,3.7387809041352416,LARGE,GAP_UP,0.23072763760738635,0.0,-3.7387809041352416,2.3182,-2.3182,False,False,False,1.9877760035240333,3.7387809041352416,-1.3693826857749447,RANGE
2026-06-16,A_V3_Top5,DOWN,2,DATAPATTNS.NS,0.8224,0.3506622451326713,SMALL,GAP_UP,0.23072763760738635,0.0,-0.3506622451326713,6.5285,-6.5285,False,False,False,-0.3506622451326713,7.089103124164264,6.156250110015571,RANGE
2026-06-16,A_V3_Top5,DOWN,3,OLECTRA.NS,0.8144,0.25976070528968,NO_GAP,NEUTRAL,0.23072763760738635,0.5,-0.25976070528968,6.6514,-6.6514,False,False,False,-0.02361460957178707,7.643261964735504,6.375079343644496,RANGE
2026-06-16,A_V3_Top5,DOWN,4,OIL.NS,0.8002,-0.1548909805790477,NO_GAP,NEUTRAL,0.23072763760738635,0.5,0.1548909805790477,-0.6196,0.6196,True,False,False,1.7038007863695914,-0.011914690813763507,-0.4654299284009622,RANGE
2026-06-16,A_V3_Top5,DOWN,5,MIDHANI.NS,0.7812,0.0569411228789507,NO_GAP,NEUTRAL,0.23072763760738635,0.5,-0.0569411228789507,2.2321,-2.2321,False,False,False,0.18221159321262226,2.767338571916622,2.1739210220805827,RANGE
2026-06-16,C1_Top5,DOWN,1,STLTECH.NS,0.7571,-1.5527453177525241,MEDIUM,GAP_DOWN,0.23072763760738635,1.0,1.5527453177525241,-1.2966,1.2966,True,False,False,3.6337441972146722,0.6883303985913081,0.2601853333333404,RANGE
2026-06-16,C1_Top5,DOWN,2,OLECTRA.NS,0.8144,0.25976070528968,NO_GAP,NEUTRAL,0.23072763760738635,0.5,-0.25976070528968,6.6514,-6.6514,False,False,False,-0.02361460957178707,7.643261964735504,6.375079343644496,RANGE
2026-06-16,C1_Top5,DOWN,3,OIL.NS,0.8002,-0.1548909805790477,NO_GAP,NEUTRAL,0.23072763760738635,0.5,0.1548909805790477,-0.6196,0.6196,True,False,False,1.7038007863695914,-0.011914690813763507,-0.4654299284009622,RANGE
2026-06-16,C1_Top5,DOWN,4,MIDHANI.NS,0.7812,0.0569411228789507,NO_GAP,NEUTRAL,0.23072763760738635,0.5,-0.0569411228789507,2.2321,-2.2321,False,False,False,0.18221159321262226,2.767338571916622,2.1739210220805827,RANGE
2026-06-16,C1_Top5,DOWN,5,SOLARINDS.NS,0.7385,0.0,NO_GAP,NEUTRAL,0.23072763760738635,0.5,-0.0,3.302,-3.302,False,False,False,0.39647316409254785,4.142256938280364,3.302000000000005,RANGE
2026-06-16,C2_Top5,DOWN,1,STLTECH.NS,0.7571,-1.5527453177525241,MEDIUM,GAP_DOWN,0.23072763760738635,1.0,1.5527453177525241,-1.2966,1.2966,True,False,False,3.6337441972146722,0.6883303985913081,0.2601853333333404,RANGE
2026-06-16,C2_Top5,DOWN,2,OIL.NS,0.8002,-0.1548909805790477,NO_GAP,NEUTRAL,0.23072763760738635,0.5,0.1548909805790477,-0.6196,0.6196,True,False,False,1.7038007863695914,-0.011914690813763507,-0.4654299284009622,RANGE
2026-06-16,C2_Top5,DOWN,3,LAURUSLABS.NS,0.7317,-0.029061319383905104,NO_GAP,NEUTRAL,0.23072763760738635,0.5,0.029061319383905104,-0.4795,0.4795,True,False,False,1.4022086602731854,0.9154315605928387,-0.4505696220930222,RANGE
2026-06-16,C2_Top5,DOWN,4,SOLARINDS.NS,0.7385,0.0,NO_GAP,NEUTRAL,0.23072763760738635,0.5,-0.0,3.302,-3.302,False,False,False,0.39647316409254785,4.142256938280364,3.302000000000005,RANGE
2026-06-16,C2_Top5,DOWN,5,MIDHANI.NS,0.7812,0.0569411228789507,NO_GAP,NEUTRAL,0.23072763760738635,0.5,-0.0569411228789507,2.2321,-2.2321,False,False,False,0.18221159321262226,2.767338571916622,2.1739210220805827,RANGE
2026-06-17,A_V3_Top5,UP,1,PRESTIGE.NS,0.8947,-0.6375287545185682,SMALL,GAP_DOWN,-0.049400268189014884,0.0,-0.6375287545185682,0.4075,0.4075,True,False,False,0.9464344396976632,1.741702267499179,1.0517338602989978,RANGE
2026-06-17,A_V3_Top5,UP,2,GNFC.NS,0.872,0.652659812248535,SMALL,GAP_UP,-0.049400268189014884,1.0,0.652659812248535,0.599,0.599,True,False,False,3.102369244523917,0.03576218149308197,-0.0533118671167121,RANGE
2026-06-17,A_V3_Top5,UP,3,PARAS.NS,0.8691,0.3383502508458758,SMALL,GAP_UP,-0.049400268189014884,1.0,0.3383502508458758,1.9173,1.9173,True,False,False,4.8807995955353345,0.7311476684945473,1.5736253837209446,RANGE
2026-06-17,A_V3_Top5,UP,4,YESBANK.NS,0.8636,0.5177220230983659,SMALL,GAP_UP,-0.049400268189014884,1.0,0.5177220230983659,1.4735,1.4735,True,False,False,2.668259657506966,0.039824771007557214,0.9508551901743267,RANGE
2026-06-17,A_V3_Top5,UP,5,SUZLON.NS,0.8608,-0.0843597098026061,NO_GAP,NEUTRAL,-0.049400268189014884,0.5,-0.0843597098026061,-1.4004,-1.4004,False,False,False,0.28682301332882965,1.6365783701704162,-1.3171514353259028,RANGE
2026-06-17,C1_Top5,UP,1,GNFC.NS,0.872,0.652659812248535,SMALL,GAP_UP,-0.049400268189014884,1.0,0.652659812248535,0.599,0.599,True,False,False,3.102369244523917,0.03576218149308197,-0.0533118671167121,RANGE
2026-06-17,C1_Top5,UP,2,PARAS.NS,0.8691,0.3383502508458758,SMALL,GAP_UP,-0.049400268189014884,1.0,0.3383502508458758,1.9173,1.9173,True,False,False,4.8807995955353345,0.7311476684945473,1.5736253837209446,RANGE
2026-06-17,C1_Top5,UP,3,YESBANK.NS,0.8636,0.5177220230983659,SMALL,GAP_UP,-0.049400268189014884,1.0,0.5177220230983659,1.4735,1.4735,True,False,False,2.668259657506966,0.039824771007557214,0.9508551901743267,RANGE
2026-06-17,C1_Top5,UP,4,OLECTRA.NS,0.8553,0.40593401727064826,SMALL,GAP_UP,-0.049400268189014884,1.0,0.40593401727064826,6.768,6.768,True,True,True,7.31419292936748,0.8782936010037656,6.336344604528077,RANGE
2026-06-17,C1_Top5,UP,5,BDL.NS,0.8533,0.5191632310276306,SMALL,GAP_UP,-0.049400268189014884,1.0,0.5191632310276306,0.1527,0.1527,True,False,False,0.8550923805161093,0.977248434875555,-0.3645705149627698,RANGE
2026-06-17,C2_Top5,UP,1,RAJESHEXPO.NS,0.8462,4.997173544375344,LARGE,GAP_UP,-0.049400268189014884,1.0,4.997173544375344,4.9972,4.9972,True,True,True,4.997173544375344,-4.013566986998307,2.519651125520994e-05,RANGE
2026-06-17,C2_Top5,UP,2,HFCL.NS,0.84,3.681691474254456,LARGE,GAP_UP,-0.049400268189014884,1.0,3.681691474254456,4.9966,4.9966,True,True,True,4.996581286488189,-2.329984747278191,1.2682166996398347,RANGE
2026-06-17,C2_Top5,UP,3,COCHINSHIP.NS,0.8163,0.7265697906945645,SMALL,GAP_UP,-0.049400268189014884,1.0,0.7265697906945645,-2.0397,-2.0397,False,False,False,1.5597920277296229,3.7195040661245127,-2.746315889087414,RANGE
2026-06-17,C2_Top5,UP,4,GNFC.NS,0.872,0.652659812248535,SMALL,GAP_UP,-0.049400268189014884,1.0,0.652659812248535,0.599,0.599,True,False,False,3.102369244523917,0.03576218149308197,-0.0533118671167121,RANGE
2026-06-17,C2_Top5,UP,5,BDL.NS,0.8533,0.5191632310276306,SMALL,GAP_UP,-0.049400268189014884,1.0,0.5191632310276306,0.1527,0.1527,True,False,False,0.8550923805161093,0.977248434875555,-0.3645705149627698,RANGE
2026-06-17,A_V3_Top5,DOWN,1,MRPL.NS,0.858,-0.32284100080709477,SMALL,GAP_DOWN,-0.049400268189014884,1.0,0.32284100080709477,-1.2417,1.2417,True,False,False,2.1170919476004246,0.8753957906500354,-0.9218350607287484,RANGE
2026-06-17,A_V3_Top5,DOWN,2,IDEAFORGE.NS,0.8171,-0.33365622645571413,SMALL,GAP_DOWN,-0.049400268189014884,1.0,0.33365622645571413,-1.0064,1.0064,True,False,False,2.6369604994080253,-0.236788289742762,-0.6749959395248251,RANGE
2026-06-17,A_V3_Top5,DOWN,3,TECHM.NS,0.7653,-0.5743982494529565,SMALL,GAP_DOWN,-0.049400268189014884,1.0,0.5743982494529565,-1.0052,1.0052,True,False,False,1.8394420131291112,-0.1641137855579955,-0.4332905639614748,RANGE
2026-06-17,A_V3_Top5,DOWN,4,JINDALPOLY.NS,0.7397,0.5825808330905957,SMALL,GAP_UP,-0.049400268189014884,0.0,-0.5825808330905957,0.6336,-0.6336,False,False,False,0.08010486454996801,2.3885814156714202,0.050723660584983676,RANGE
2026-06-17,A_V3_Top5,DOWN,5,AJANTPHARM.NS,0.7267,-0.5650419096266068,SMALL,GAP_DOWN,-0.049400268189014884,1.0,0.5650419096266068,-0.1883,0.1883,True,False,False,0.8638014179320974,0.6657141217676799,0.3788827559862762,RANGE
2026-06-17,C1_Top5,DOWN,1,MRPL.NS,0.858,-0.32284100080709477,SMALL,GAP_DOWN,-0.049400268189014884,1.0,0.32284100080709477,-1.2417,1.2417,True,False,False,2.1170919476004246,0.8753957906500354,-0.9218350607287484,RANGE
2026-06-17,C1_Top5,DOWN,2,IDEAFORGE.NS,0.8171,-0.33365622645571413,SMALL,GAP_DOWN,-0.049400268189014884,1.0,0.33365622645571413,-1.0064,1.0064,True,False,False,2.6369604994080253,-0.236788289742762,-0.6749959395248251,RANGE
2026-06-17,C1_Top5,DOWN,3,TECHM.NS,0.7653,-0.5743982494529565,SMALL,GAP_DOWN,-0.049400268189014884,1.0,0.5743982494529565,-1.0052,1.0052,True,False,False,1.8394420131291112,-0.1641137855579955,-0.4332905639614748,RANGE
2026-06-17,C1_Top5,DOWN,4,AJANTPHARM.NS,0.7267,-0.5650419096266068,SMALL,GAP_DOWN,-0.049400268189014884,1.0,0.5650419096266068,-0.1883,0.1883,True,False,False,0.8638014179320974,0.6657141217676799,0.3788827559862762,RANGE
2026-06-17,C1_Top5,DOWN,5,ADANIENSOL.NS,0.7124,0.13413816230718467,NO_GAP,NEUTRAL,-0.049400268189014884,0.5,-0.13413816230718467,2.1663,-2.1663,False,False,False,0.5030181086519092,3.2863849765258246,2.0294395847287205,RANGE
2026-06-17,C2_Top5,DOWN,1,TECHM.NS,0.7653,-0.5743982494529565,SMALL,GAP_DOWN,-0.049400268189014884,1.0,0.5743982494529565,-1.0052,1.0052,True,False,False,1.8394420131291112,-0.1641137855579955,-0.4332905639614748,RANGE
2026-06-17,C2_Top5,DOWN,2,AJANTPHARM.NS,0.7267,-0.5650419096266068,SMALL,GAP_DOWN,-0.049400268189014884,1.0,0.5650419096266068,-0.1883,0.1883,True,False,False,0.8638014179320974,0.6657141217676799,0.3788827559862762,RANGE
2026-06-17,C2_Top5,DOWN,3,IDEAFORGE.NS,0.8171,-0.33365622645571413,SMALL,GAP_DOWN,-0.049400268189014884,1.0,0.33365622645571413,-1.0064,1.0064,True,False,False,2.6369604994080253,-0.236788289742762,-0.6749959395248251,RANGE
2026-06-17,C2_Top5,DOWN,4,MRPL.NS,0.858,-0.32284100080709477,SMALL,GAP_DOWN,-0.049400268189014884,1.0,0.32284100080709477,-1.2417,1.2417,True,False,False,2.1170919476004246,0.8753957906500354,-0.9218350607287484,RANGE
2026-06-17,C2_Top5,DOWN,5,MPHASIS.NS,0.6405,-0.21792581830611946,NO_GAP,NEUTRAL,-0.049400268189014884,0.5,0.21792581830611946,-0.1538,0.1538,True,False,False,2.2647636954106543,0.846081531493037,0.0642658702296961,RANGE
2026-06-18,A_V3_Top5,UP,1,PARAS.NS,0.9913,-0.40448752194153226,SMALL,GAP_DOWN,-0.7315491559086396,0.0,-0.40448752194153226,7.5059,7.5059,True,True,True,10.127451728611781,0.8623979241395019,7.942513999999989,RANGE
2026-06-18,A_V3_Top5,UP,2,RAJESHEXPO.NS,0.9791,4.996231291052,LARGE,GAP_UP,-0.7315491559086396,1.0,4.996231291052,4.9962,4.9962,True,True,True,4.996231291052,-4.996231291052,-2.980207156610959e-05,RANGE
2026-06-18,A_V3_Top5,UP,3,OLECTRA.NS,0.9687,-0.1866445458315935,NO_GAP,NEUTRAL,-0.7315491559086396,0.5,-0.1866445458315935,5.0947,5.0947,True,True,True,6.090142402875709,0.7880547490667689,5.291220319966761,RANGE
2026-06-18,A_V3_Top5,UP,4,BATAINDIA.NS,0.9365,-0.6203316875553866,SMALL,GAP_DOWN,-0.7315491559086396,0.0,-0.6203316875553866,-5.3424,-5.3424,False,False,False,-0.4937333839726499,6.279275857703515,-4.751543643312106,RANGE
2026-06-18,A_V3_Top5,UP,5,DATAPATTNS.NS,0.9175,-0.6684596183240687,SMALL,GAP_DOWN,-0.7315491559086396,0.0,-0.6684596183240687,0.4165,0.4165,True,False,False,3.2027612252397697,1.3514899449930118,1.0922609416456952,RANGE
2026-06-18,C1_Top5,UP,1,RAJESHEXPO.NS,0.9791,4.996231291052,LARGE,GAP_UP,-0.7315491559086396,1.0,4.996231291052,4.9962,4.9962,True,True,True,4.996231291052,-4.996231291052,-2.980207156610959e-05,RANGE
2026-06-18,C1_Top5,UP,2,STLTECH.NS,0.8971,3.445611866501852,LARGE,GAP_UP,-0.7315491559086396,1.0,3.445611866501852,1.1048,1.1048,True,False,False,4.758961681087759,0.30902348578492056,-2.2628430769230823,RANGE
2026-06-18,C1_Top5,UP,3,GALAXYSURF.NS,0.8781,0.4912207357859577,SMALL,GAP_UP,-0.7315491559086396,1.0,0.4912207357859577,1.6618,1.6618,True,False,False,3.2086120401337848,2.0171404682274185,1.1648572438897498,RANGE
2026-06-18,C1_Top5,UP,4,HFCL.NS,0.832,3.6868206181435825,LARGE,GAP_UP,-0.7315491559086396,1.0,3.6868206181435825,4.9992,4.9992,True,True,True,4.999248609928375,-2.19405900916696,1.2657147495047871,RANGE
2026-06-18,C1_Top5,UP,5,AMBER.NS,0.7868,3.1699202812127236,LARGE,GAP_UP,-0.7315491559086396,1.0,3.1699202812127236,-0.9604,-0.9604,False,False,False,3.1699202812127236,3.2891846086246956,-4.003415210513495,RANGE
2026-06-18,C2_Top5,UP,1,RAJESHEXPO.NS,0.9791,4.996231291052,LARGE,GAP_UP,-0.7315491559086396,1.0,4.996231291052,4.9962,4.9962,True,True,True,4.996231291052,-4.996231291052,-2.980207156610959e-05,RANGE
2026-06-18,C2_Top5,UP,2,HFCL.NS,0.832,3.6868206181435825,LARGE,GAP_UP,-0.7315491559086396,1.0,3.6868206181435825,4.9992,4.9992,True,True,True,4.999248609928375,-2.19405900916696,1.2657147495047871,RANGE
2026-06-18,C2_Top5,UP,3,STLTECH.NS,0.8971,3.445611866501852,LARGE,GAP_UP,-0.7315491559086396,1.0,3.445611866501852,1.1048,1.1048,True,False,False,4.758961681087759,0.30902348578492056,-2.2628430769230823,RANGE
2026-06-18,C2_Top5,UP,4,AMBER.NS,0.7868,3.1699202812127236,LARGE,GAP_UP,-0.7315491559086396,1.0,3.1699202812127236,-0.9604,-0.9604,False,False,False,3.1699202812127236,3.2891846086246956,-4.003415210513495,RANGE
2026-06-18,C2_Top5,UP,5,GALAXYSURF.NS,0.8781,0.4912207357859577,SMALL,GAP_UP,-0.7315491559086396,1.0,0.4912207357859577,1.6618,1.6618,True,False,False,3.2086120401337848,2.0171404682274185,1.1648572438897498,RANGE
2026-06-18,A_V3_Top5,DOWN,1,ALKYLAMINE.NS,0.8249,0.0,NO_GAP,NEUTRAL,-0.7315491559086396,0.5,-0.0,3.0259,-3.0259,False,False,False,1.1277355962483249,3.506029477445294,3.0259000000000036,RANGE
2026-06-18,A_V3_Top5,DOWN,2,TECHM.NS,0.8142,-6.748635767078815,LARGE,GAP_DOWN,-0.7315491559086396,1.0,6.748635767078815,-2.6318,2.6318,True,True,False,7.163086274780694,-2.106790080817844,4.41477269629631,RANGE
2026-06-18,A_V3_Top5,DOWN,3,JINDALPOLY.NS,0.756,0.0,NO_GAP,NEUTRAL,-0.7315491559086396,0.5,-0.0,-0.5861,0.5861,True,False,False,1.9900137491859038,0.7308777769737151,-0.5861000000000005,RANGE
2026-06-18,A_V3_Top5,DOWN,4,MRPL.NS,0.7354,-0.16973659395234098,NO_GAP,NEUTRAL,-0.7315491559086396,0.5,0.16973659395234098,-3.0678,3.0678,True,True,True,3.432451122147473,-0.08801156723454717,-2.9029908438287233,RANGE
2026-06-18,A_V3_Top5,DOWN,5,LAURUSLABS.NS,0.7336,-0.058445353594382965,NO_GAP,NEUTRAL,-0.7315491559086396,0.5,0.058445353594382965,3.2218,-3.2218,False,False,False,0.36528345996493794,4.076563413208656,3.282163625730994,RANGE
2026-06-18,C1_Top5,DOWN,1,TECHM.NS,0.8142,-6.748635767078815,LARGE,GAP_DOWN,-0.7315491559086396,1.0,6.748635767078815,-2.6318,2.6318,True,True,False,7.163086274780694,-2.106790080817844,4.41477269629631,RANGE
2026-06-18,C1_Top5,DOWN,2,PERSISTENT.NS,0.7084,-4.867928347333262,LARGE,GAP_DOWN,-0.7315491559086396,1.0,4.867928347333262,-2.2569,2.2569,True,True,False,6.851533245622909,-1.9431231656714898,2.744635223404246,RANGE
2026-06-18,C1_Top5,DOWN,3,TATACOMM.NS,0.7009,-1.0813594232749746,MEDIUM,GAP_DOWN,-0.7315491559086396,1.0,1.0813594232749746,2.4099,-2.4099,False,False,False,1.0813594232749746,3.836251287332648,3.5294251952108446,RANGE
2026-06-18,C1_Top5,DOWN,4,MPHASIS.NS,0.6813,-6.928874992344658,LARGE,GAP_DOWN,-0.7315491559086396,1.0,6.928874992344658,-2.9573,2.9573,True,True,False,7.985966447574833,-2.4651244344293333,4.267247217671422,RANGE
2026-06-18,C1_Top5,DOWN,5,NESTLEIND.NS,0.6764,-0.4570122822050937,SMALL,GAP_DOWN,-0.7315491559086396,1.0,0.4570122822050937,1.0283,-1.0283,False,False,False,0.4570122822050937,1.3996001142530634,1.4921315064562624,RANGE
2026-06-18,C2_Top5,DOWN,1,MPHASIS.NS,0.6813,-6.928874992344658,LARGE,GAP_DOWN,-0.7315491559086396,1.0,6.928874992344658,-2.9573,2.9573,True,True,False,7.985966447574833,-2.4651244344293333,4.267247217671422,RANGE
2026-06-18,C2_Top5,DOWN,2,TECHM.NS,0.8142,-6.748635767078815,LARGE,GAP_DOWN,-0.7315491559086396,1.0,6.748635767078815,-2.6318,2.6318,True,True,False,7.163086274780694,-2.106790080817844,4.41477269629631,RANGE
2026-06-18,C2_Top5,DOWN,3,INFY.NS,0.6577,-5.782705099778274,LARGE,GAP_DOWN,-0.7315491559086396,1.0,5.782705099778274,-6.7494,6.7494,True,True,True,8.64745011086474,-5.454545454545457,-1.0260270168502172,RANGE
2026-06-18,C2_Top5,DOWN,4,PERSISTENT.NS,0.7084,-4.867928347333262,LARGE,GAP_DOWN,-0.7315491559086396,1.0,4.867928347333262,-2.2569,2.2569,True,True,False,6.851533245622909,-1.9431231656714898,2.744635223404246,RANGE
2026-06-18,C2_Top5,DOWN,5,TATACOMM.NS,0.7009,-1.0813594232749746,MEDIUM,GAP_DOWN,-0.7315491559086396,1.0,1.0813594232749746,2.4099,-2.4099,False,False,False,1.0813594232749746,3.836251287332648,3.5294251952108446,RANGE
2026-06-19,A_V3_Top5,UP,1,PARAS.NS,0.9888,0.0,NO_GAP,NEUTRAL,0.3893708082566727,0.5,0.0,-2.1155,-2.1155,False,False,False,0.6389095942924028,3.389770347495824,-2.1155000000000035,RANGE
2026-06-19,A_V3_Top5,UP,2,OLECTRA.NS,0.9754,0.6380319673748636,SMALL,GAP_UP,0.3893708082566727,1.0,0.6380319673748636,0.1908,0.1908,True,False,False,2.1443136223114,0.9406038281917994,-0.44439657516339715,RANGE
2026-06-19,A_V3_Top5,UP,3,BATAINDIA.NS,0.9323,0.0,NO_GAP,NEUTRAL,0.3893708082566727,0.5,0.0,-2.2335,-2.2335,False,False,False,0.1471178280058716,2.962418082118512,-2.2334999999999994,RANGE
2026-06-19,A_V3_Top5,UP,4,COFORGE.NS,0.9038,0.7995626324062144,SMALL,GAP_UP,0.3893708082566727,1.0,0.7995626324062144,1.4078,1.4078,True,False,False,2.849723228319556,-0.7653932891409809,0.6034127050847493,RANGE
2026-06-19,A_V3_Top5,UP,5,CRAFTSMAN.NS,0.8952,-0.5761484729516098,SMALL,GAP_DOWN,0.3893708082566727,0.0,-0.5761484729516098,-2.9011,-2.9011,False,False,False,-0.5761484729516098,4.9304033039310635,-2.3384243230769264,RANGE
2026-06-19,C1_Top5,UP,1,OLECTRA.NS,0.9754,0.6380319673748636,SMALL,GAP_UP,0.3893708082566727,1.0,0.6380319673748636,0.1908,0.1908,True,False,False,2.1443136223114,0.9406038281917994,-0.44439657516339715,RANGE
2026-06-19,C1_Top5,UP,2,COFORGE.NS,0.9038,0.7995626324062144,SMALL,GAP_UP,0.3893708082566727,1.0,0.7995626324062144,1.4078,1.4078,True,False,False,2.849723228319556,-0.7653932891409809,0.6034127050847493,RANGE
2026-06-19,C1_Top5,UP,3,GALAXYSURF.NS,0.8923,0.5654364141050694,SMALL,GAP_UP,0.3893708082566727,1.0,0.5654364141050694,0.5757,0.5757,True,False,False,1.5215379870463508,0.8018916418217392,0.010205878143532132,RANGE
2026-06-19,C1_Top5,UP,4,AMBER.NS,0.8816,2.0408163265306145,LARGE,GAP_UP,0.3893708082566727,1.0,2.0408163265306145,0.2218,0.2218,True,False,False,2.890100139434648,0.49435923437698426,-1.782635999999993,RANGE
2026-06-19,C1_Top5,UP,5,STLTECH.NS,0.8797,0.6953465270879366,SMALL,GAP_UP,0.3893708082566727,1.0,0.6953465270879366,-4.6458,-4.6458,False,False,False,1.6275693436234473,4.9973255902804326,-5.304263514949148,RANGE
2026-06-19,C2_Top5,UP,1,RAJESHEXPO.NS,0.8141,4.9943595528663565,LARGE,GAP_UP,0.3893708082566727,1.0,4.9943595528663565,4.9944,4.9944,True,True,True,4.9943595528663565,-4.9943595528663565,3.852314907071275e-05,RANGE
2026-06-19,C2_Top5,UP,2,HFCL.NS,0.8141,4.474977338867414,LARGE,GAP_UP,0.3893708082566727,1.0,4.474977338867414,-0.0716,-0.0716,False,False,False,4.999761461762309,2.1516149038691035,-4.351833764098812,RANGE
2026-06-19,C2_Top5,UP,3,AMBER.NS,0.8816,2.0408163265306145,LARGE,GAP_UP,0.3893708082566727,1.0,2.0408163265306145,0.2218,0.2218,True,False,False,2.890100139434648,0.49435923437698426,-1.782635999999993,RANGE
2026-06-19,C2_Top5,UP,4,RATNAMANI.NS,0.8148,1.7647732420792428,MEDIUM,GAP_UP,0.3893708082566727,1.0,1.7647732420792428,-0.6749,-0.6749,False,False,False,1.9380057720598254,1.1187701150806584,-2.3973651828179454,RANGE
2026-06-19,C2_Top5,UP,5,BDL.NS,0.855,0.8227755934177905,SMALL,GAP_UP,0.3893708082566727,1.0,0.8227755934177905,2.4246,2.4246,True,True,False,2.9561671763506547,0.1310615989515207,1.5887525384559842,RANGE
2026-06-19,A_V3_Top5,DOWN,1,MRPL.NS,0.8761,0.5253258966210428,SMALL,GAP_UP,0.3893708082566727,0.0,-0.5253258966210428,0.1167,-0.1167,False,False,False,0.2529346909656782,1.2841299695181219,-0.40649049677419224,RANGE
2026-06-19,A_V3_Top5,DOWN,2,INFY.NS,0.7938,0.3424006087121789,SMALL,GAP_UP,0.3893708082566727,0.0,-0.3424006087121789,1.3316,-1.3316,False,False,False,-0.3424006087121789,2.7487159977173103,0.9858239241706368,RANGE
2026-06-19,A_V3_Top5,DOWN,3,JINDALPOLY.NS,0.7797,0.4658611151550529,SMALL,GAP_UP,0.3893708082566727,0.0,-0.4658611151550529,-2.5186,2.5186,True,True,False,3.7487261610132494,1.7906536613772062,-2.970622141718604,RANGE
2026-06-19,A_V3_Top5,DOWN,4,TCS.NS,0.778,0.338823529411747,SMALL,GAP_UP,0.3893708082566727,0.0,-0.338823529411747,0.1318,-0.1318,False,False,False,0.1882352941176446,1.5058823529411791,-0.20632445361596918,RANGE
2026-06-19,A_V3_Top5,DOWN,5,IDEA.NS,0.7682,0.40214477211797384,SMALL,GAP_UP,0.3893708082566727,0.0,-0.40214477211797384,-0.6702,0.6702,True,False,False,1.1394101876675555,0.7372654155495928,-1.0680496662216377,RANGE
2026-06-19,C1_Top5,DOWN,1,ALKYLAMINE.NS,0.7562,0.0,NO_GAP,NEUTRAL,0.3893708082566727,0.5,-0.0,-0.6448,0.6448,True,False,False,1.333044326433297,2.850330551641922,-0.6448000000000009,RANGE
2026-06-19,C1_Top5,DOWN,2,CENTUM.NS,0.7274,-0.02825656965244061,NO_GAP,NEUTRAL,0.3893708082566727,0.5,0.02825656965244061,4.6454,-4.6454,False,False,False,0.8363972873693171,5.450689460299518,4.674977557942328,RANGE
2026-06-19,C1_Top5,DOWN,3,SAIL.NS,0.6785,0.027770063871135342,NO_GAP,NEUTRAL,0.3893708082566727,0.5,-0.027770063871135342,-2.8881,2.8881,True,True,False,4.27658983615663,0.41099694529296293,-2.9150605496946036,RANGE
2026-06-19,C1_Top5,DOWN,4,IDFCFIRSTB.NS,0.6682,0.0,NO_GAP,NEUTRAL,0.3893708082566727,0.5,-0.0,2.5547,-2.5547,False,False,False,0.31774275546517794,3.5332994407727414,2.5546999999999986,RANGE
2026-06-19,C1_Top5,DOWN,5,VEDL.NS,0.6682,0.0,NO_GAP,NEUTRAL,0.3893708082566727,0.5,-0.0,1.6789,-1.6789,False,False,False,0.0,1.9946808510638236,1.6788999999999943,RANGE
2026-06-19,C2_Top5,DOWN,1,CENTUM.NS,0.7274,-0.02825656965244061,NO_GAP,NEUTRAL,0.3893708082566727,0.5,0.02825656965244061,4.6454,-4.6454,False,False,False,0.8363972873693171,5.450689460299518,4.674977557942328,RANGE
2026-06-19,C2_Top5,DOWN,2,ALKYLAMINE.NS,0.7562,0.0,NO_GAP,NEUTRAL,0.3893708082566727,0.5,-0.0,-0.6448,0.6448,True,False,False,1.333044326433297,2.850330551641922,-0.6448000000000009,RANGE
2026-06-19,C2_Top5,DOWN,3,IDFCFIRSTB.NS,0.6682,0.0,NO_GAP,NEUTRAL,0.3893708082566727,0.5,-0.0,2.5547,-2.5547,False,False,False,0.31774275546517794,3.5332994407727414,2.5546999999999986,RANGE
2026-06-19,C2_Top5,DOWN,4,VEDL.NS,0.6682,0.0,NO_GAP,NEUTRAL,0.3893708082566727,0.5,-0.0,1.6789,-1.6789,False,False,False,0.0,1.9946808510638236,1.6788999999999943,RANGE
2026-06-19,C2_Top5,DOWN,5,SAIL.NS,0.6785,0.027770063871135342,NO_GAP,NEUTRAL,0.3893708082566727,0.5,-0.027770063871135342,-2.8881,2.8881,True,True,False,4.27658983615663,0.41099694529296293,-2.9150605496946036,RANGE
2026-06-22,A_V3_Top5,UP,1,NOCIL.NS,0.9582,3.3434650455927084,LARGE,GAP_UP,-0.1311028941562431,1.0,3.3434650455927084,-0.8018,-0.8018,False,False,False,7.169059846976222,2.6569541976732003,-4.011153529411759,RANGE
2026-06-22,A_V3_Top5,UP,2,GNFC.NS,0.9345,-0.2751504729148757,NO_GAP,NEUTRAL,-0.1311028941562431,0.5,-0.2751504729148757,-3.7403,-3.7403,False,False,False,-0.008598452278585356,4.032674118658653,-3.4747102086566617,RANGE
2026-06-22,A_V3_Top5,UP,3,OLECTRA.NS,0.9222,0.05252100840336116,NO_GAP,NEUTRAL,-0.1311028941562431,0.5,0.05252100840336116,-1.4246,-1.4246,False,False,False,1.1751575630251976,2.757352941176472,-1.4763456167979028,RANGE
2026-06-22,A_V3_Top5,UP,4,ZYDUSWELL.NS,0.9205,0.6616345168204418,SMALL,GAP_UP,-0.1311028941562431,1.0,0.6616345168204418,-1.1835,-1.1835,False,False,False,1.5748765259528508,1.9569471624266144,-1.8330067117200755,RANGE
2026-06-22,A_V3_Top5,UP,5,TATACOMM.NS,0.9128,0.6936023669787073,SMALL,GAP_UP,-0.1311028941562431,1.0,0.6936023669787073,-1.8674,-1.8674,False,False,False,0.6936023669787073,4.054906145413972,-2.5433615510597307,RANGE
2026-06-22,C1_Top5,UP,1,NOCIL.NS,0.9582,3.3434650455927084,LARGE,GAP_UP,-0.1311028941562431,1.0,3.3434650455927084,-0.8018,-0.8018,False,False,False,7.169059846976222,2.6569541976732003,-4.011153529411759,RANGE
2026-06-22,C1_Top5,UP,2,ZYDUSWELL.NS,0.9205,0.6616345168204418,SMALL,GAP_UP,-0.1311028941562431,1.0,0.6616345168204418,-1.1835,-1.1835,False,False,False,1.5748765259528508,1.9569471624266144,-1.8330067117200755,RANGE
2026-06-22,C1_Top5,UP,3,TATACOMM.NS,0.9128,0.6936023669787073,SMALL,GAP_UP,-0.1311028941562431,1.0,0.6936023669787073,-1.8674,-1.8674,False,False,False,0.6936023669787073,4.054906145413972,-2.5433615510597307,RANGE
2026-06-22,C1_Top5,UP,4,RAJESHEXPO.NS,0.8795,4.991209220550896,LARGE,GAP_UP,-0.1311028941562431,1.0,4.991209220550896,4.9912,4.9912,True,True,True,4.991209220550896,-4.991209220550896,-8.782212312929971e-06,RANGE
2026-06-22,C1_Top5,UP,5,BDL.NS,0.8483,0.4976185398450239,SMALL,GAP_UP,-0.1311028941562431,1.0,0.4976185398450239,-1.1445,-1.1445,False,False,False,2.40278666382312,1.6634676903390933,-1.6339875150314764,RANGE
2026-06-22,C2_Top5,UP,1,RAJESHEXPO.NS,0.8795,4.991209220550896,LARGE,GAP_UP,-0.1311028941562431,1.0,4.991209220550896,4.9912,4.9912,True,True,True,4.991209220550896,-4.991209220550896,-8.782212312929971e-06,RANGE
2026-06-22,C2_Top5,UP,2,NOCIL.NS,0.9582,3.3434650455927084,LARGE,GAP_UP,-0.1311028941562431,1.0,3.3434650455927084,-0.8018,-0.8018,False,False,False,7.169059846976222,2.6569541976732003,-4.011153529411759,RANGE
2026-06-22,C2_Top5,UP,3,TATACOMM.NS,0.9128,0.6936023669787073,SMALL,GAP_UP,-0.1311028941562431,1.0,0.6936023669787073,-1.8674,-1.8674,False,False,False,0.6936023669787073,4.054906145413972,-2.5433615510597307,RANGE
2026-06-22,C2_Top5,UP,4,ZYDUSWELL.NS,0.9205,0.6616345168204418,SMALL,GAP_UP,-0.1311028941562431,1.0,0.6616345168204418,-1.1835,-1.1835,False,False,False,1.5748765259528508,1.9569471624266144,-1.8330067117200755,RANGE
2026-06-22,C2_Top5,UP,5,BDL.NS,0.8483,0.4976185398450239,SMALL,GAP_UP,-0.1311028941562431,1.0,0.4976185398450239,-1.1445,-1.1445,False,False,False,2.40278666382312,1.6634676903390933,-1.6339875150314764,RANGE
2026-06-22,A_V3_Top5,DOWN,1,MRPL.NS,0.8792,0.5052795232234342,SMALL,GAP_UP,-0.1311028941562431,0.0,-0.5052795232234342,-0.6996,0.6996,True,False,False,1.06886052989571,2.027596035499113,-1.198822120528531,RANGE
2026-06-22,A_V3_Top5,DOWN,2,IDEA.NS,0.8163,0.13495276653170407,NO_GAP,NEUTRAL,-0.1311028941562431,0.5,-0.13495276653170407,-2.4966,2.4966,True,True,False,2.8340080971659964,1.0121457489878471,-2.6280061994609083,RANGE
2026-06-22,A_V3_Top5,DOWN,3,SHRIRAMFIN.NS,0.8054,-0.8410132446996066,SMALL,GAP_DOWN,-0.1311028941562431,1.0,0.8410132446996066,0.0504,-0.0504,False,False,False,0.8410132446996066,1.4956942136274298,0.8989737328593206,RANGE
2026-06-22,A_V3_Top5,DOWN,4,JINDALPOLY.NS,0.7911,-0.08960573476702871,NO_GAP,NEUTRAL,-0.1311028941562431,0.5,0.08960573476702871,-4.5326,4.5326,True,True,True,4.988052568697732,0.32108721624850567,-4.446979013452912,RANGE
2026-06-22,A_V3_Top5,DOWN,5,SAIL.NS,0.7879,-0.25736345438946984,NO_GAP,NEUTRAL,-0.1311028941562431,0.5,0.25736345438946984,-3.2428,3.2428,True,True,True,4.009150700600506,-0.25736345438946984,-2.9931397935779924,RANGE
2026-06-22,C1_Top5,DOWN,1,SHRIRAMFIN.NS,0.8054,-0.8410132446996066,SMALL,GAP_DOWN,-0.1311028941562431,1.0,0.8410132446996066,0.0504,-0.0504,False,False,False,0.8410132446996066,1.4956942136274298,0.8989737328593206,RANGE
2026-06-22,C1_Top5,DOWN,2,INFY.NS,0.7606,-1.0887929416181885,MEDIUM,GAP_DOWN,-0.1311028941562431,1.0,1.0887929416181885,-3.3884,3.3884,True,True,True,3.6981415430824227,-0.9480007508916977,-2.3249206301005687,RANGE
2026-06-22,C1_Top5,DOWN,3,PIDILITIND.NS,0.7152,-0.4579570029258351,SMALL,GAP_DOWN,-0.1311028941562431,1.0,0.4579570029258351,-0.3498,0.3498,True,False,False,0.6042488233049204,1.7236992749014135,0.10865459424920232,RANGE
2026-06-22,C1_Top5,DOWN,4,NATIONALUM.NS,0.7114,-1.5742823124751948,MEDIUM,GAP_DOWN,-0.1311028941562431,1.0,1.5742823124751948,-5.9664,5.9664,True,True,True,7.302553247784093,-1.5610530493451402,-4.4623679569892545,RANGE
2026-06-22,C1_Top5,DOWN,5,IDEA.NS,0.8163,0.13495276653170407,NO_GAP,NEUTRAL,-0.1311028941562431,0.5,-0.13495276653170407,-2.4966,2.4966,True,True,False,2.8340080971659964,1.0121457489878471,-2.6280061994609083,RANGE
2026-06-22,C2_Top5,DOWN,1,NATIONALUM.NS,0.7114,-1.5742823124751948,MEDIUM,GAP_DOWN,-0.1311028941562431,1.0,1.5742823124751948,-5.9664,5.9664,True,True,True,7.302553247784093,-1.5610530493451402,-4.4623679569892545,RANGE
2026-06-22,C2_Top5,DOWN,2,INFY.NS,0.7606,-1.0887929416181885,MEDIUM,GAP_DOWN,-0.1311028941562431,1.0,1.0887929416181885,-3.3884,3.3884,True,True,True,3.6981415430824227,-0.9480007508916977,-2.3249206301005687,RANGE
2026-06-22,C2_Top5,DOWN,3,SHRIRAMFIN.NS,0.8054,-0.8410132446996066,SMALL,GAP_DOWN,-0.1311028941562431,1.0,0.8410132446996066,0.0504,-0.0504,False,False,False,0.8410132446996066,1.4956942136274298,0.8989737328593206,RANGE
2026-06-22,C2_Top5,DOWN,4,PIDILITIND.NS,0.7152,-0.4579570029258351,SMALL,GAP_DOWN,-0.1311028941562431,1.0,0.4579570029258351,-0.3498,0.3498,True,False,False,0.6042488233049204,1.7236992749014135,0.10865459424920232,RANGE
2026-06-22,C2_Top5,DOWN,5,SAIL.NS,0.7879,-0.25736345438946984,NO_GAP,NEUTRAL,-0.1311028941562431,0.5,0.25736345438946984,-3.2428,3.2428,True,True,True,4.009150700600506,-0.25736345438946984,-2.9931397935779924,RANGE
2026-06-23,A_V3_Top5,UP,1,NOCIL.NS,0.9722,-0.20603307094932966,NO_GAP,NEUTRAL,-0.11878224350606592,0.5,-0.20603307094932966,-3.1433,-3.1433,False,False,False,1.16223783612448,4.3689576839769595,-2.943331164637386,RANGE
2026-06-23,A_V3_Top5,UP,2,BASF.NS,0.9171,0.6727534839019667,SMALL,GAP_UP,-0.11878224350606592,1.0,0.6727534839019667,0.3497,0.3497,True,False,False,0.9397191521170356,1.4656441881574112,-0.32089465393793093,RANGE
2026-06-23,A_V3_Top5,UP,3,ZYDUSWELL.NS,0.8681,0.17917766880422015,NO_GAP,NEUTRAL,-0.11878224350606592,0.5,0.17917766880422015,-0.877,-0.877,False,False,False,1.8389287061486126,2.1595624292719773,-1.0542886190341605,RANGE
2026-06-23,A_V3_Top5,UP,4,BDL.NS,0.856,-0.4027038688335871,SMALL,GAP_DOWN,-0.11878224350606592,0.0,-0.4027038688335871,-0.5106,-0.5106,False,False,False,2.9771321731626665,1.6899180209981268,-0.10833238989170768,RANGE
2026-06-23,A_V3_Top5,UP,5,LAURUSLABS.NS,0.8553,0.2025658338960179,NO_GAP,NEUTRAL,-0.11878224350606592,0.5,0.2025658338960179,-1.8096,-1.8096,False,False,False,0.78325455773125,2.6941255908170203,-2.008098113207546,RANGE
2026-06-23,C1_Top5,UP,1,BASF.NS,0.9171,0.6727534839019667,SMALL,GAP_UP,-0.11878224350606592,1.0,0.6727534839019667,0.3497,0.3497,True,False,False,0.9397191521170356,1.4656441881574112,-0.32089465393793093,RANGE
2026-06-23,C1_Top5,UP,2,AUROPHARMA.NS,0.8176,0.3976013557554392,SMALL,GAP_UP,-0.11878224350606592,1.0,0.3976013557554392,-0.2346,-0.2346,False,False,False,1.0885151870681842,0.5866249511145893,-0.6296976692852008,RANGE
2026-06-23,C1_Top5,UP,3,ERIS.NS,0.7961,0.951403148528418,SMALL,GAP_UP,-0.11878224350606592,1.0,0.951403148528418,0.3696,0.3696,True,False,False,1.848049281314168,0.698151950718684,-0.5763200216964082,RANGE
2026-06-23,C1_Top5,UP,4,NOCIL.NS,0.9722,-0.20603307094932966,NO_GAP,NEUTRAL,-0.11878224350606592,0.5,-0.20603307094932966,-3.1433,-3.1433,False,False,False,1.16223783612448,4.3689576839769595,-2.943331164637386,RANGE
2026-06-23,C1_Top5,UP,5,ZYDUSWELL.NS,0.8681,0.17917766880422015,NO_GAP,NEUTRAL,-0.11878224350606592,0.5,0.17917766880422015,-0.877,-0.877,False,False,False,1.8389287061486126,2.1595624292719773,-1.0542886190341605,RANGE
2026-06-23,C2_Top5,UP,1,ERIS.NS,0.7961,0.951403148528418,SMALL,GAP_UP,-0.11878224350606592,1.0,0.951403148528418,0.3696,0.3696,True,False,False,1.848049281314168,0.698151950718684,-0.5763200216964082,RANGE
2026-06-23,C2_Top5,UP,2,BASF.NS,0.9171,0.6727534839019667,SMALL,GAP_UP,-0.11878224350606592,1.0,0.6727534839019667,0.3497,0.3497,True,False,False,0.9397191521170356,1.4656441881574112,-0.32089465393793093,RANGE
2026-06-23,C2_Top5,UP,3,AUROPHARMA.NS,0.8176,0.3976013557554392,SMALL,GAP_UP,-0.11878224350606592,1.0,0.3976013557554392,-0.2346,-0.2346,False,False,False,1.0885151870681842,0.5866249511145893,-0.6296976692852008,RANGE
2026-06-23,C2_Top5,UP,4,BATAINDIA.NS,0.8266,0.2657762028076771,NO_GAP,NEUTRAL,-0.11878224350606592,0.5,0.2657762028076771,-2.5487,-2.5487,False,False,False,0.7223660896824358,3.0053155240561624,-2.8070158227417874,RANGE
2026-06-23,C2_Top5,UP,5,GRANULES.NS,0.8188,0.20939086294415876,NO_GAP,NEUTRAL,-0.11878224350606592,0.5,0.20939086294415876,-2.1764,-2.1764,False,False,False,1.5101522842639659,2.633248730964466,-2.3808056733995997,RANGE
2026-06-23,A_V3_Top5,DOWN,1,STLTECH.NS,0.8323,-1.366705088094844,MEDIUM,GAP_DOWN,-0.11878224350606592,1.0,1.366705088094844,-3.812,3.812,True,True,True,4.85756627696361,-1.366705088094844,-2.479177963272128,RANGE
2026-06-23,A_V3_Top5,DOWN,2,INFY.NS,0.8297,1.1269795006315197,MEDIUM,GAP_UP,-0.11878224350606592,0.0,-1.1269795006315197,2.6523,-2.6523,False,False,False,-0.8160886039055848,3.5169532692120864,1.5083220194062719,RANGE
2026-06-23,A_V3_Top5,DOWN,3,MRPL.NS,0.8295,0.006523582751660761,NO_GAP,NEUTRAL,-0.11878224350606592,0.5,-0.006523582751660761,1.9179,-1.9179,False,False,False,0.4436036271119992,2.6811925109269996,1.9112517351598024,RANGE
2026-06-23,A_V3_Top5,DOWN,4,JINDALPOLY.NS,0.8188,1.36096988658585,MEDIUM,GAP_UP,-0.11878224350606592,0.0,-1.36096988658585,2.9722,-2.9722,False,False,False,-0.3206883066092958,4.028157997653503,1.5895961879774712,RANGE
2026-06-23,A_V3_Top5,DOWN,5,WIPRO.NS,0.7785,-1.7135652472921148,MEDIUM,GAP_DOWN,-0.11878224350606592,1.0,1.7135652472921148,-0.0057,0.0057,True,False,False,1.719296234741241,0.5730987449137581,1.7376408571428748,RANGE
2026-06-23,C1_Top5,DOWN,1,STLTECH.NS,0.8323,-1.366705088094844,MEDIUM,GAP_DOWN,-0.11878224350606592,1.0,1.366705088094844,-3.812,3.812,True,True,True,4.85756627696361,-1.366705088094844,-2.479177963272128,RANGE
2026-06-23,C1_Top5,DOWN,2,WIPRO.NS,0.7785,-1.7135652472921148,MEDIUM,GAP_DOWN,-0.11878224350606592,1.0,1.7135652472921148,-0.0057,0.0057,True,False,False,1.719296234741241,0.5730987449137581,1.7376408571428748,RANGE
2026-06-23,C1_Top5,DOWN,3,SAIL.NS,0.7756,-0.3960278992788835,SMALL,GAP_DOWN,-0.11878224350606592,1.0,0.3960278992788835,1.324,-1.324,False,False,False,2.257950112306417,3.0381841825274813,1.7268667734852583,RANGE
2026-06-23,C1_Top5,DOWN,4,MUTHOOTFIN.NS,0.7611,-1.4296736302835789,MEDIUM,GAP_DOWN,-0.11878224350606592,1.0,1.4296736302835789,0.3302,-0.3302,False,False,False,2.195794262219697,0.6475156863855691,1.7853990091121874,RANGE
2026-06-23,C1_Top5,DOWN,5,PRESTIGE.NS,0.75,-0.509023600185099,SMALL,GAP_DOWN,-0.11878224350606592,1.0,0.509023600185099,1.8774,-1.8774,False,False,False,0.971772327626097,2.1352548423348994,2.3986332093023366,RANGE
2026-06-23,C2_Top5,DOWN,1,WIPRO.NS,0.7785,-1.7135652472921148,MEDIUM,GAP_DOWN,-0.11878224350606592,1.0,1.7135652472921148,-0.0057,0.0057,True,False,False,1.719296234741241,0.5730987449137581,1.7376408571428748,RANGE
2026-06-23,C2_Top5,DOWN,2,MUTHOOTFIN.NS,0.7611,-1.4296736302835789,MEDIUM,GAP_DOWN,-0.11878224350606592,1.0,1.4296736302835789,0.3302,-0.3302,False,False,False,2.195794262219697,0.6475156863855691,1.7853990091121874,RANGE
2026-06-23,C2_Top5,DOWN,3,STLTECH.NS,0.8323,-1.366705088094844,MEDIUM,GAP_DOWN,-0.11878224350606592,1.0,1.366705088094844,-3.812,3.812,True,True,True,4.85756627696361,-1.366705088094844,-2.479177963272128,RANGE
2026-06-23,C2_Top5,DOWN,4,HCLTECH.NS,0.735,-1.072555205047332,MEDIUM,GAP_DOWN,-0.11878224350606592,1.0,1.072555205047332,0.3966,-0.3966,False,False,False,1.4691302388463279,1.081568273997302,1.4850835459183642,RANGE
2026-06-23,C2_Top5,DOWN,5,HINDZINC.NS,0.7309,-1.0607168983174708,MEDIUM,GAP_DOWN,-0.11878224350606592,1.0,1.0607168983174708,-0.887,0.887,True,False,False,2.103145574250187,0.0,0.17557929759701718,RANGE
2026-06-24,A_V3_Top5,UP,1,TATACOMM.NS,0.9466,0.17254128666501778,NO_GAP,NEUTRAL,0.43377202758725364,0.5,0.17254128666501778,-1.8043,-1.8043,False,False,False,1.2521518363322492,2.144441705693867,-1.9734362942913308,RANGE
2026-06-24,A_V3_Top5,UP,2,GALAXYSURF.NS,0.9208,-0.2344490447448555,NO_GAP,NEUTRAL,0.43377202758725364,0.5,-0.2344490447448555,0.3891,0.3891,True,False,False,2.0102758517484,2.03022896193944,0.6250143850000223,RANGE
2026-06-24,A_V3_Top5,UP,3,OFSS.NS,0.9063,0.3391125758227087,SMALL,GAP_UP,0.43377202758725364,1.0,0.3391125758227087,4.8335,4.8335,True,True,True,5.411472512776427,0.5492668481635432,4.479197900799692,RANGE
2026-06-24,A_V3_Top5,UP,4,ONMOBILE.NS,0.8937,0.696552955884977,SMALL,GAP_UP,0.43377202758725364,1.0,0.696552955884977,1.9468,1.9468,True,False,False,2.6969101625290204,0.8572959457045948,1.241598652004261,RANGE
2026-06-24,A_V3_Top5,UP,5,NOCIL.NS,0.8802,1.7235736882295072,MEDIUM,GAP_UP,0.43377202758725364,1.0,1.7235736882295072,-0.8072,-0.8072,False,False,False,1.7235736882295072,2.367186647758268,-2.4878930187667403,RANGE
2026-06-24,C1_Top5,UP,1,OFSS.NS,0.9063,0.3391125758227087,SMALL,GAP_UP,0.43377202758725364,1.0,0.3391125758227087,4.8335,4.8335,True,True,True,5.411472512776427,0.5492668481635432,4.479197900799692,RANGE
2026-06-24,C1_Top5,UP,2,ONMOBILE.NS,0.8937,0.696552955884977,SMALL,GAP_UP,0.43377202758725364,1.0,0.696552955884977,1.9468,1.9468,True,False,False,2.6969101625290204,0.8572959457045948,1.241598652004261,RANGE
2026-06-24,C1_Top5,UP,3,NOCIL.NS,0.8802,1.7235736882295072,MEDIUM,GAP_UP,0.43377202758725364,1.0,1.7235736882295072,-0.8072,-0.8072,False,False,False,1.7235736882295072,2.367186647758268,-2.4878930187667403,RANGE
2026-06-24,C1_Top5,UP,4,BASF.NS,0.858,0.5320705667102299,SMALL,GAP_UP,0.43377202758725364,1.0,0.5320705667102299,-2.8333,-2.8333,False,False,False,0.6464683989057418,3.3866238364049006,-3.3475591895593904,RANGE
2026-06-24,C1_Top5,UP,5,OLECTRA.NS,0.8425,0.39541585684605973,SMALL,GAP_UP,0.43377202758725364,1.0,0.39541585684605973,0.0871,0.0871,True,False,False,2.1111185577374236,2.794718852623812,-0.3071015287049339,RANGE
2026-06-24,C2_Top5,UP,1,NOCIL.NS,0.8802,1.7235736882295072,MEDIUM,GAP_UP,0.43377202758725364,1.0,1.7235736882295072,-0.8072,-0.8072,False,False,False,1.7235736882295072,2.367186647758268,-2.4878930187667403,RANGE
2026-06-24,C2_Top5,UP,2,ZYDUSWELL.NS,0.8329,1.398534868233292,MEDIUM,GAP_UP,0.43377202758725364,1.0,1.398534868233292,-1.4176,-1.4176,False,False,False,1.4175625535153724,4.319284559033376,-2.777293450928886,RANGE
2026-06-24,C2_Top5,UP,3,SUNDRMFAST.NS,0.7345,0.9260799645095075,SMALL,GAP_UP,0.43377202758725364,1.0,0.9260799645095075,3.0333,3.0333,True,True,True,3.6544113569566994,-0.35490489657850066,2.087884554945063,RANGE
2026-06-24,C2_Top5,UP,4,CHOLAFIN.NS,0.742,0.7864353840147276,SMALL,GAP_UP,0.43377202758725364,1.0,0.7864353840147276,0.3514,0.3514,True,False,False,1.3218807518545317,0.39042891404986735,-0.4316408079690137,RANGE
2026-06-24,C2_Top5,UP,5,ENDURANCE.NS,0.7638,0.7157049835569529,SMALL,GAP_UP,0.43377202758725364,1.0,0.7157049835569529,-0.4206,-0.4206,False,False,False,2.8923447615898823,0.8300744916227232,-1.1282301839047548,RANGE
2026-06-24,A_V3_Top5,DOWN,1,STLTECH.NS,0.8872,4.998716083197818,LARGE,GAP_UP,0.43377202758725364,0.0,-4.998716083197818,4.9987,-4.9987,False,False,False,-2.7133441752974496,4.998716083197818,-1.5317518553548126e-05,RANGE
2026-06-24,A_V3_Top5,DOWN,2,IDEAFORGE.NS,0.8592,-0.3180622668053079,SMALL,GAP_DOWN,0.43377202758725364,1.0,0.3180622668053079,0.893,-0.893,False,False,False,3.9329622606887327,1.2905988133830704,1.2149264895379597,RANGE
2026-06-24,A_V3_Top5,DOWN,3,RATEGAIN.NS,0.8375,0.31969309462915874,SMALL,GAP_UP,0.43377202758725364,0.0,-0.31969309462915874,-2.2379,2.2379,True,True,False,2.627295977679611,1.389211811206681,-2.5494427023581956,RANGE
2026-06-24,A_V3_Top5,DOWN,4,INFY.NS,0.8285,0.7950028392958552,SMALL,GAP_UP,0.43377202758725364,0.0,-0.7950028392958552,-1.4575,1.4575,True,False,False,1.6562559151997003,1.0789324247586718,-2.234736619718314,RANGE
2026-06-24,A_V3_Top5,DOWN,5,DATAPATTNS.NS,0.8226,0.0021666197232539375,NO_GAP,NEUTRAL,0.43377202758725364,0.5,-0.0021666197232539375,-2.4567,2.4567,True,True,False,2.8159584680859995,0.45020236682751236,-2.458813346588329,RANGE
2026-06-24,C1_Top5,DOWN,1,IDEAFORGE.NS,0.8592,-0.3180622668053079,SMALL,GAP_DOWN,0.43377202758725364,1.0,0.3180622668053079,0.893,-0.893,False,False,False,3.9329622606887327,1.2905988133830704,1.2149264895379597,RANGE
2026-06-24,C1_Top5,DOWN,2,IRFC.NS,0.8188,-1.6108108108108032,MEDIUM,GAP_DOWN,0.43377202758725364,1.0,1.6108108108108032,-0.7892,0.7892,True,False,False,1.6108108108108032,-0.2702702702702675,0.8350620810899878,RANGE
2026-06-24,C1_Top5,DOWN,3,HINDZINC.NS,0.8179,-2.5740381954054925,LARGE,GAP_DOWN,0.43377202758725364,1.0,2.5740381954054925,-4.41,4.41,True,True,True,4.631423563059323,-2.0020297075376003,-1.8844687499999901,RANGE
2026-06-24,C1_Top5,DOWN,4,VEDL.NS,0.8027,-1.256414793841798,MEDIUM,GAP_DOWN,0.43377202758725364,1.0,1.256414793841798,-3.2207,3.2207,True,True,True,3.9462042116439666,-1.256414793841798,-1.9892787992831562,RANGE
2026-06-24,C1_Top5,DOWN,5,MUTHOOTFIN.NS,0.77,-0.3770024721876819,SMALL,GAP_DOWN,0.43377202758725364,1.0,0.3770024721876819,-3.3324,3.3324,True,True,True,3.568801034180036,-0.15655133252024944,-2.96658161383595,RANGE
2026-06-24,C2_Top5,DOWN,1,HINDZINC.NS,0.8179,-2.5740381954054925,LARGE,GAP_DOWN,0.43377202758725364,1.0,2.5740381954054925,-4.41,4.41,True,True,True,4.631423563059323,-2.0020297075376003,-1.8844687499999901,RANGE
2026-06-24,C2_Top5,DOWN,2,NATIONALUM.NS,0.7411,-2.45301965284751,LARGE,GAP_DOWN,0.43377202758725364,1.0,2.45301965284751,-4.7052,4.7052,True,True,True,4.920384449863735,-1.8218333094247696,-2.3088160588235263,RANGE
2026-06-24,C2_Top5,DOWN,3,IRFC.NS,0.8188,-1.6108108108108032,MEDIUM,GAP_DOWN,0.43377202758725364,1.0,1.6108108108108032,-0.7892,0.7892,True,False,False,1.6108108108108032,-0.2702702702702675,0.8350620810899878,RANGE
2026-06-24,C2_Top5,DOWN,4,VEDL.NS,0.8027,-1.256414793841798,MEDIUM,GAP_DOWN,0.43377202758725364,1.0,1.256414793841798,-3.2207,3.2207,True,True,True,3.9462042116439666,-1.256414793841798,-1.9892787992831562,RANGE
2026-06-24,C2_Top5,DOWN,5,MUTHOOTFIN.NS,0.77,-0.3770024721876819,SMALL,GAP_DOWN,0.43377202758725364,1.0,0.3770024721876819,-3.3324,3.3324,True,True,True,3.568801034180036,-0.15655133252024944,-2.96658161383595,RANGE
2026-06-25,A_V3_Top5,UP,1,OFSS.NS,0.9192,0.0,NO_GAP,NEUTRAL,,0.5,0.0,0.0,0.0,False,False,False,0.0,0.0,0.0,RANGE
2026-06-25,A_V3_Top5,UP,2,ONMOBILE.NS,0.9092,0.0,NO_GAP,NEUTRAL,,0.5,0.0,0.0,0.0,False,False,False,0.0,0.0,0.0,RANGE
2026-06-25,A_V3_Top5,UP,3,M&MFIN.NS,0.9058,0.0,NO_GAP,NEUTRAL,,0.5,0.0,0.0,0.0,False,False,False,0.0,0.0,0.0,RANGE
2026-06-25,A_V3_Top5,UP,4,MOTHERSON.NS,0.8624,0.0,NO_GAP,NEUTRAL,,0.5,0.0,0.0,0.0,False,False,False,0.0,0.0,0.0,RANGE
2026-06-25,A_V3_Top5,UP,5,WELCORP.NS,0.8624,0.0,NO_GAP,NEUTRAL,,0.5,0.0,0.0,0.0,False,False,False,0.0,0.0,0.0,RANGE
2026-06-25,C1_Top5,UP,1,OFSS.NS,0.9192,0.0,NO_GAP,NEUTRAL,,0.5,0.0,0.0,0.0,False,False,False,0.0,0.0,0.0,RANGE
2026-06-25,C1_Top5,UP,2,ONMOBILE.NS,0.9092,0.0,NO_GAP,NEUTRAL,,0.5,0.0,0.0,0.0,False,False,False,0.0,0.0,0.0,RANGE
2026-06-25,C1_Top5,UP,3,M&MFIN.NS,0.9058,0.0,NO_GAP,NEUTRAL,,0.5,0.0,0.0,0.0,False,False,False,0.0,0.0,0.0,RANGE
2026-06-25,C1_Top5,UP,4,MOTHERSON.NS,0.8624,0.0,NO_GAP,NEUTRAL,,0.5,0.0,0.0,0.0,False,False,False,0.0,0.0,0.0,RANGE
2026-06-25,C1_Top5,UP,5,WELCORP.NS,0.8624,0.0,NO_GAP,NEUTRAL,,0.5,0.0,0.0,0.0,False,False,False,0.0,0.0,0.0,RANGE
2026-06-25,C2_Top5,UP,1,OFSS.NS,0.9192,0.0,NO_GAP,NEUTRAL,,0.5,0.0,0.0,0.0,False,False,False,0.0,0.0,0.0,RANGE
2026-06-25,C2_Top5,UP,2,ONMOBILE.NS,0.9092,0.0,NO_GAP,NEUTRAL,,0.5,0.0,0.0,0.0,False,False,False,0.0,0.0,0.0,RANGE
2026-06-25,C2_Top5,UP,3,M&MFIN.NS,0.9058,0.0,NO_GAP,NEUTRAL,,0.5,0.0,0.0,0.0,False,False,False,0.0,0.0,0.0,RANGE
2026-06-25,C2_Top5,UP,4,MOTHERSON.NS,0.8624,0.0,NO_GAP,NEUTRAL,,0.5,0.0,0.0,0.0,False,False,False,0.0,0.0,0.0,RANGE
2026-06-25,C2_Top5,UP,5,WELCORP.NS,0.8624,0.0,NO_GAP,NEUTRAL,,0.5,0.0,0.0,0.0,False,False,False,0.0,0.0,0.0,RANGE
2026-06-25,A_V3_Top5,DOWN,1,PARAS.NS,0.9148,0.0,NO_GAP,NEUTRAL,,0.5,-0.0,0.0,-0.0,False,False,False,0.0,0.0,0.0,RANGE
2026-06-25,A_V3_Top5,DOWN,2,BATAINDIA.NS,0.8827,0.0,NO_GAP,NEUTRAL,,0.5,-0.0,0.0,-0.0,False,False,False,0.0,0.0,0.0,RANGE
2026-06-25,A_V3_Top5,DOWN,3,DATAPATTNS.NS,0.8565,0.0,NO_GAP,NEUTRAL,,0.5,-0.0,0.0,-0.0,False,False,False,0.0,0.0,0.0,RANGE
2026-06-25,A_V3_Top5,DOWN,4,IDEAFORGE.NS,0.8536,0.0,NO_GAP,NEUTRAL,,0.5,-0.0,0.0,-0.0,False,False,False,0.0,0.0,0.0,RANGE
2026-06-25,A_V3_Top5,DOWN,5,RATEGAIN.NS,0.8515,0.0,NO_GAP,NEUTRAL,,0.5,-0.0,0.0,-0.0,False,False,False,0.0,0.0,0.0,RANGE
2026-06-25,C1_Top5,DOWN,1,PARAS.NS,0.9148,0.0,NO_GAP,NEUTRAL,,0.5,-0.0,0.0,-0.0,False,False,False,0.0,0.0,0.0,RANGE
2026-06-25,C1_Top5,DOWN,2,BATAINDIA.NS,0.8827,0.0,NO_GAP,NEUTRAL,,0.5,-0.0,0.0,-0.0,False,False,False,0.0,0.0,0.0,RANGE
2026-06-25,C1_Top5,DOWN,3,DATAPATTNS.NS,0.8565,0.0,NO_GAP,NEUTRAL,,0.5,-0.0,0.0,-0.0,False,False,False,0.0,0.0,0.0,RANGE
2026-06-25,C1_Top5,DOWN,4,IDEAFORGE.NS,0.8536,0.0,NO_GAP,NEUTRAL,,0.5,-0.0,0.0,-0.0,False,False,False,0.0,0.0,0.0,RANGE
2026-06-25,C1_Top5,DOWN,5,RATEGAIN.NS,0.8515,0.0,NO_GAP,NEUTRAL,,0.5,-0.0,0.0,-0.0,False,False,False,0.0,0.0,0.0,RANGE
2026-06-25,C2_Top5,DOWN,1,PARAS.NS,0.9148,0.0,NO_GAP,NEUTRAL,,0.5,-0.0,0.0,-0.0,False,False,False,0.0,0.0,0.0,RANGE
2026-06-25,C2_Top5,DOWN,2,BATAINDIA.NS,0.8827,0.0,NO_GAP,NEUTRAL,,0.5,-0.0,0.0,-0.0,False,False,False,0.0,0.0,0.0,RANGE
2026-06-25,C2_Top5,DOWN,3,DATAPATTNS.NS,0.8565,0.0,NO_GAP,NEUTRAL,,0.5,-0.0,0.0,-0.0,False,False,False,0.0,0.0,0.0,RANGE
2026-06-25,C2_Top5,DOWN,4,IDEAFORGE.NS,0.8536,0.0,NO_GAP,NEUTRAL,,0.5,-0.0,0.0,-0.0,False,False,False,0.0,0.0,0.0,RANGE
2026-06-25,C2_Top5,DOWN,5,RATEGAIN.NS,0.8515,0.0,NO_GAP,NEUTRAL,,0.5,-0.0,0.0,-0.0,False,False,False,0.0,0.0,0.0,RANGE
2026-06-29,A_V3_Top5,UP,1,ONMOBILE.NS,0.9555,0.4483560278977228,SMALL,GAP_UP,0.358305789006641,1.0,0.4483560278977228,2.0425,2.0425,True,True,False,3.454001992693456,1.345068083693124,1.5870284344519536,RANGE
2026-06-29,A_V3_Top5,UP,2,M&MFIN.NS,0.9428,0.7292327203550997,SMALL,GAP_UP,0.358305789006641,1.0,0.7292327203550997,0.1268,0.1268,True,False,False,1.9816106531388655,1.3950538998097617,-0.5980713881019728,RANGE
2026-06-29,A_V3_Top5,UP,3,ZYDUSWELL.NS,0.9195,-0.27219246641497774,NO_GAP,NEUTRAL,0.358305789006641,0.5,-0.27219246641497774,1.0449,1.0449,True,False,False,1.8526648520502231,1.8526648520502342,1.3206872776897471,RANGE
2026-06-29,A_V3_Top5,UP,4,AJANTPHARM.NS,0.8935,-1.54246202943088,MEDIUM,GAP_DOWN,0.358305789006641,0.0,-1.54246202943088,1.1376,1.1376,True,False,False,1.4685863719638315,3.4336032149400064,2.7220485954381646,RANGE
2026-06-29,A_V3_Top5,UP,5,WELCORP.NS,0.8661,0.6089489012443661,SMALL,GAP_UP,0.358305789006641,1.0,0.6089489012443661,0.7347,0.7347,True,False,False,0.9398993910511022,1.9989409584326268,0.12498997368421971,RANGE
2026-06-29,C1_Top5,UP,1,ONMOBILE.NS,0.9555,0.4483560278977228,SMALL,GAP_UP,0.358305789006641,1.0,0.4483560278977228,2.0425,2.0425,True,True,False,3.454001992693456,1.345068083693124,1.5870284344519536,RANGE
2026-06-29,C1_Top5,UP,2,M&MFIN.NS,0.9428,0.7292327203550997,SMALL,GAP_UP,0.358305789006641,1.0,0.7292327203550997,0.1268,0.1268,True,False,False,1.9816106531388655,1.3950538998097617,-0.5980713881019728,RANGE
2026-06-29,C1_Top5,UP,3,WELCORP.NS,0.8661,0.6089489012443661,SMALL,GAP_UP,0.358305789006641,1.0,0.6089489012443661,0.7347,0.7347,True,False,False,0.9398993910511022,1.9989409584326268,0.12498997368421971,RANGE
2026-06-29,C1_Top5,UP,4,GRANULES.NS,0.8091,0.39632611977857835,SMALL,GAP_UP,0.358305789006641,1.0,0.39632611977857835,2.3213,2.3213,True,True,False,2.8812279818822395,0.25792652239556846,1.9173748229838639,RANGE
2026-06-29,C1_Top5,UP,5,SUNDRMFAST.NS,0.793,1.0874246339362736,MEDIUM,GAP_UP,0.358305789006641,1.0,1.0874246339362736,0.576,0.576,True,False,False,1.5396210163652002,1.049741602067189,-0.5059231015017707,RANGE
2026-06-29,C2_Top5,UP,1,SUNDRMFAST.NS,0.793,1.0874246339362736,MEDIUM,GAP_UP,0.358305789006641,1.0,1.0874246339362736,0.576,0.576,True,False,False,1.5396210163652002,1.049741602067189,-0.5059231015017707,RANGE
2026-06-29,C2_Top5,UP,2,ASHOKLEY.NS,0.7627,1.0803253685815806,MEDIUM,GAP_UP,0.358305789006641,1.0,1.0803253685815806,0.2161,0.2161,True,False,False,1.5950686324351704,1.0167768174885738,-0.8549887086633734,RANGE
2026-06-29,C2_Top5,UP,3,M&MFIN.NS,0.9428,0.7292327203550997,SMALL,GAP_UP,0.358305789006641,1.0,0.7292327203550997,0.1268,0.1268,True,False,False,1.9816106531388655,1.3950538998097617,-0.5980713881019728,RANGE
2026-06-29,C2_Top5,UP,4,WELCORP.NS,0.8661,0.6089489012443661,SMALL,GAP_UP,0.358305789006641,1.0,0.6089489012443661,0.7347,0.7347,True,False,False,0.9398993910511022,1.9989409584326268,0.12498997368421971,RANGE
2026-06-29,C2_Top5,UP,5,LICHSGFIN.NS,0.7397,0.5795809184128364,SMALL,GAP_UP,0.358305789006641,1.0,0.5795809184128364,0.5796,0.5796,True,False,False,0.9362460989745802,1.4355773517610304,1.8971631199349304e-05,RANGE
2026-06-29,A_V3_Top5,DOWN,1,PARAS.NS,0.8937,0.9130103981739746,SMALL,GAP_UP,0.358305789006641,0.0,-0.9130103981739746,8.9737,-8.9737,False,False,False,-0.9130103981739746,9.8993997802012,7.987760517718012,RANGE
2026-06-29,A_V3_Top5,DOWN,2,NOCIL.NS,0.8659,0.7887817703768674,SMALL,GAP_UP,0.358305789006641,0.0,-0.7887817703768674,-1.5064,1.5064,True,False,False,1.6980718667835237,1.3310692375109623,-2.2772194782608723,RANGE
2026-06-29,A_V3_Top5,DOWN,3,GNFC.NS,0.85,0.3568487510293483,SMALL,GAP_UP,0.358305789006641,0.0,-0.3568487510293483,-0.5581,0.5581,True,False,False,1.1803458687894675,0.9973465092872003,-0.9116953774616743,RANGE
2026-06-29,A_V3_Top5,DOWN,4,MGL.NS,0.8252,1.0857192890289857,MEDIUM,GAP_UP,0.358305789006641,0.0,-1.0857192890289857,2.8019,-2.8019,False,False,False,-0.971893879695318,6.050258296121203,1.6977479341706347,RANGE
2026-06-29,A_V3_Top5,DOWN,5,PERSISTENT.NS,0.8216,0.756077701523794,SMALL,GAP_UP,0.358305789006641,0.0,-0.756077701523794,0.6514,-0.6514,False,False,False,1.2562521809933669,1.1283005699662674,-0.10389219579775011,RANGE
2026-06-29,C1_Top5,DOWN,1,NATIONALUM.NS,0.7428,-1.5544041450777146,MEDIUM,GAP_DOWN,0.358305789006641,1.0,1.5544041450777146,-2.2453,2.2453,True,True,False,3.986758779504884,-1.3960852043753524,-0.7018047368421043,RANGE
2026-06-29,C1_Top5,DOWN,2,BATAINDIA.NS,0.813,0.0,NO_GAP,NEUTRAL,0.358305789006641,0.5,-0.0,-1.7737,1.7737,True,False,False,2.1614246732730047,0.38058308200490387,-1.7737000000000003,RANGE
2026-06-29,C1_Top5,DOWN,3,GRSE.NS,0.8101,0.07468817686160367,NO_GAP,NEUTRAL,0.358305789006641,0.5,-0.07468817686160367,1.8075,-1.8075,False,False,False,0.8066323101053263,2.6215550078422467,1.7315185834763769,RANGE
2026-06-29,C1_Top5,DOWN,4,BDL.NS,0.8032,0.0,NO_GAP,NEUTRAL,0.358305789006641,0.5,-0.0,2.4942,-2.4942,False,False,False,0.0,4.022170623923316,2.494200000000002,RANGE
2026-06-29,C1_Top5,DOWN,5,RATNAMANI.NS,0.7913,0.0,NO_GAP,NEUTRAL,0.358305789006641,0.5,-0.0,-2.3422,2.3422,True,True,False,2.653490000778147,1.0038129328457046,-2.3422000000000054,RANGE
2026-06-29,C2_Top5,DOWN,1,NATIONALUM.NS,0.7428,-1.5544041450777146,MEDIUM,GAP_DOWN,0.358305789006641,1.0,1.5544041450777146,-2.2453,2.2453,True,True,False,3.986758779504884,-1.3960852043753524,-0.7018047368421043,RANGE
2026-06-29,C2_Top5,DOWN,2,VEDL.NS,0.7748,-0.2284308557371384,NO_GAP,NEUTRAL,0.358305789006641,0.5,0.2284308557371384,-1.3354,1.3354,True,False,False,2.284308557371284,-0.2284308557371384,-1.1095035928143648,RANGE
2026-06-29,C2_Top5,DOWN,3,MUTHOOTFIN.NS,0.7685,-0.19859658413875492,NO_GAP,NEUTRAL,0.358305789006641,0.5,0.19859658413875492,-0.7911,0.7911,True,False,False,1.443131868131864,0.24493909704754735,-0.5936824489254477,RANGE
2026-06-29,C2_Top5,DOWN,4,HINDZINC.NS,0.7688,-0.019029495718370093,NO_GAP,NEUTRAL,0.358305789006641,0.5,0.019029495718370093,1.4558,-1.4558,False,False,False,1.5509039010466186,1.8078020932445371,1.475110201751062,RANGE
2026-06-29,C2_Top5,DOWN,5,BATAINDIA.NS,0.813,0.0,NO_GAP,NEUTRAL,0.358305789006641,0.5,-0.0,-1.7737,1.7737,True,False,False,2.1614246732730047,0.38058308200490387,-1.7737000000000003,RANGE
2026-06-30,A_V3_Top5,UP,1,ONMOBILE.NS,0.9637,-0.6509357200976451,SMALL,GAP_DOWN,0.1336660276756385,0.0,-0.6509357200976451,5.3539,5.3539,True,True,True,7.241659886086249,0.7323026851098535,6.044179443079445,RANGE
2026-06-30,A_V3_Top5,UP,2,ZYDUSWELL.NS,0.9293,-0.9384775808133461,SMALL,GAP_DOWN,0.1336660276756385,0.0,-0.9384775808133461,-1.1992,-1.1992,False,False,False,-0.2606882168926017,3.519290928050056,-0.2631924210526382,RANGE
2026-06-30,A_V3_Top5,UP,3,RATEGAIN.NS,0.9151,0.20574987488184426,NO_GAP,NEUTRAL,0.1336660276756385,0.5,0.20574987488184426,0.4226,0.4226,True,False,False,2.2020797419785465,0.7785130400934204,0.21640487236402883,RANGE
2026-06-30,A_V3_Top5,UP,4,CENTUM.NS,0.874,1.080864164904849,MEDIUM,GAP_UP,0.1336660276756385,1.0,1.080864164904849,-1.7759,-1.7759,False,False,False,2.3229360465116144,2.193446088794926,-2.8262166024266233,RANGE
2026-06-30,A_V3_Top5,UP,5,M&MFIN.NS,0.818,0.0,NO_GAP,NEUTRAL,0.1336660276756385,0.5,0.0,-0.2058,-0.2058,False,False,False,0.981633945535143,1.2032932235592209,-0.20580000000000043,RANGE
2026-06-30,C1_Top5,UP,1,CENTUM.NS,0.874,1.080864164904849,MEDIUM,GAP_UP,0.1336660276756385,1.0,1.080864164904849,-1.7759,-1.7759,False,False,False,2.3229360465116144,2.193446088794926,-2.8262166024266233,RANGE
2026-06-30,C1_Top5,UP,2,KALYANKJIL.NS,0.7995,0.4654771140419012,SMALL,GAP_UP,0.1336660276756385,1.0,0.4654771140419012,-1.4611,-1.4611,False,False,False,1.706749418153608,1.8360486164985645,-1.9176508880308973,RANGE
2026-06-30,C1_Top5,UP,3,GODREJPROP.NS,0.7873,0.9803921568627638,SMALL,GAP_UP,0.1336660276756385,1.0,0.9803921568627638,4.9823,4.9823,True,True,True,5.593056894889115,-0.38572806171648377,3.9630543689320064,RANGE
2026-06-30,C1_Top5,UP,4,BEML.NS,0.7647,0.4033174278573082,SMALL,GAP_UP,0.1336660276756385,1.0,0.4033174278573082,3.7094,3.7094,True,True,True,6.850715746421265,-0.39763690070437896,3.292802127298433,RANGE
2026-06-30,C1_Top5,UP,5,COCHINSHIP.NS,0.7625,0.3183234962530701,SMALL,GAP_UP,0.1336660276756385,1.0,0.3183234962530701,-0.2321,-0.2321,False,False,False,0.6897009085482964,0.9218117912328516,-0.5486769286705884,RANGE
2026-06-30,C2_Top5,UP,1,CENTUM.NS,0.874,1.080864164904849,MEDIUM,GAP_UP,0.1336660276756385,1.0,1.080864164904849,-1.7759,-1.7759,False,False,False,2.3229360465116144,2.193446088794926,-2.8262166024266233,RANGE
2026-06-30,C2_Top5,UP,2,GODREJPROP.NS,0.7873,0.9803921568627638,SMALL,GAP_UP,0.1336660276756385,1.0,0.9803921568627638,4.9823,4.9823,True,True,True,5.593056894889115,-0.38572806171648377,3.9630543689320064,RANGE
2026-06-30,C2_Top5,UP,3,PRESTIGE.NS,0.7495,0.9778857215901882,SMALL,GAP_UP,0.1336660276756385,1.0,0.9778857215901882,3.8796,3.8796,True,True,True,4.179982104052149,-0.012782819890078123,2.8736136211152674,RANGE
2026-06-30,C2_Top5,UP,4,GRANULES.NS,0.7589,0.5410390408853383,SMALL,GAP_UP,0.1336660276756385,1.0,0.5410390408853383,-0.2275,-0.2275,False,False,False,1.936673839532732,0.8300030740854614,-0.7644033204916578,RANGE
2026-06-30,C2_Top5,UP,5,KALYANKJIL.NS,0.7995,0.4654771140419012,SMALL,GAP_UP,0.1336660276756385,1.0,0.4654771140419012,-1.4611,-1.4611,False,False,False,1.706749418153608,1.8360486164985645,-1.9176508880308973,RANGE
2026-06-30,A_V3_Top5,DOWN,1,RAJESHEXPO.NS,0.8978,-4.998910912655186,LARGE,GAP_DOWN,0.1336660276756385,1.0,4.998910912655186,-4.9009,4.9009,True,True,True,4.998910912655186,0.19603572206492448,0.10316819901410312,RANGE
2026-06-30,A_V3_Top5,DOWN,2,NOCIL.NS,0.8872,0.4671597797675453,SMALL,GAP_UP,0.1336660276756385,0.0,-0.4671597797675453,-0.5673,0.5673,True,False,False,1.5627606918413917,0.7563539291474353,-1.0296496706338365,RANGE
2026-06-30,A_V3_Top5,DOWN,3,PARAS.NS,0.8588,0.5779449982545426,SMALL,GAP_UP,0.1336660276756385,0.0,-0.5779449982545426,-0.865,0.865,True,False,False,3.96028082696559,0.7874015748031482,-1.4346534901658492,RANGE
2026-06-30,A_V3_Top5,DOWN,4,BATAINDIA.NS,0.8572,0.14620951823964834,NO_GAP,NEUTRAL,0.1336660276756385,0.5,-0.14620951823964834,-0.2705,0.2705,True,False,False,0.5775275970465787,1.4620951823963724,-0.4161011387692648,RANGE
2026-06-30,A_V3_Top5,DOWN,5,RATNAMANI.NS,0.8276,0.8964143426294813,SMALL,GAP_UP,0.1336660276756385,0.0,-0.8964143426294813,-1.2032,1.2032,True,False,False,1.5936254980079667,1.0517888446215151,-2.0809603158933876,RANGE
2026-06-30,C1_Top5,DOWN,1,RAJESHEXPO.NS,0.8978,-4.998910912655186,LARGE,GAP_DOWN,0.1336660276756385,1.0,4.998910912655186,-4.9009,4.9009,True,True,True,4.998910912655186,0.19603572206492448,0.10316819901410312,RANGE
2026-06-30,C1_Top5,DOWN,2,KPITTECH.NS,0.7495,-9.999255453800904,LARGE,GAP_DOWN,0.1336660276756385,1.0,9.999255453800904,-16.9757,16.9757,True,True,True,17.280917280917272,-9.999255453800904,-7.751540924884182,RANGE
2026-06-30,C1_Top5,DOWN,3,BATAINDIA.NS,0.8572,0.14620951823964834,NO_GAP,NEUTRAL,0.1336660276756385,0.5,-0.14620951823964834,-0.2705,0.2705,True,False,False,0.5775275970465787,1.4620951823963724,-0.4161011387692648,RANGE
2026-06-30,C1_Top5,DOWN,4,MGL.NS,0.8058,0.0,NO_GAP,NEUTRAL,0.1336660276756385,0.5,-0.0,-1.0306,1.0306,True,False,False,2.0441188995826587,1.107231070607284,-1.0306000000000037,RANGE
2026-06-30,C1_Top5,DOWN,5,GNFC.NS,0.7931,0.10121457489880026,NO_GAP,NEUTRAL,0.1336660276756385,0.5,-0.10121457489880026,-2.3555,2.3555,True,True,False,2.8156054471843883,1.5826278984173658,-2.4542305358948524,RANGE
2026-06-30,C2_Top5,DOWN,1,KPITTECH.NS,0.7495,-9.999255453800904,LARGE,GAP_DOWN,0.1336660276756385,1.0,9.999255453800904,-16.9757,16.9757,True,True,True,17.280917280917272,-9.999255453800904,-7.751540924884182,RANGE
2026-06-30,C2_Top5,DOWN,2,RAJESHEXPO.NS,0.8978,-4.998910912655186,LARGE,GAP_DOWN,0.1336660276756385,1.0,4.998910912655186,-4.9009,4.9009,True,True,True,4.998910912655186,0.19603572206492448,0.10316819901410312,RANGE
2026-06-30,C2_Top5,DOWN,3,MUTHOOTFIN.NS,0.7123,-0.2969372435191797,NO_GAP,NEUTRAL,0.1336660276756385,0.5,0.2969372435191797,-2.7491,2.7491,True,True,False,3.169519233977247,0.2268741867680779,-2.4594658265113645,RANGE
2026-06-30,C2_Top5,DOWN,4,MGL.NS,0.8058,0.0,NO_GAP,NEUTRAL,0.1336660276756385,0.5,-0.0,-1.0306,1.0306,True,False,False,2.0441188995826587,1.107231070607284,-1.0306000000000037,RANGE
2026-06-30,C2_Top5,DOWN,5,EICHERMOT.NS,0.7459,0.0,NO_GAP,NEUTRAL,0.1336660276756385,0.5,-0.0,0.926,-0.926,False,False,False,0.2827454584010791,1.2228741075846372,0.9260000000000046,RANGE
2026-07-01,A_V3_Top5,UP,1,ONMOBILE.NS,0.972,0.556070435588496,SMALL,GAP_UP,0.2347327877951777,1.0,0.556070435588496,19.9876,19.9876,True,True,True,19.987642879209155,1.143033673154148,19.324074101382504,RANGE
2026-07-01,A_V3_Top5,UP,2,RATEGAIN.NS,0.9217,0.6700260258043045,SMALL,GAP_UP,0.2347327877951777,1.0,0.6700260258043045,4.6791,4.6791,True,True,True,5.1885486461044295,-0.5482031120217057,3.9823909185918716,RANGE
2026-07-01,A_V3_Top5,UP,3,BEML.NS,0.8865,0.21909404611930583,NO_GAP,NEUTRAL,0.2347327877951777,0.5,0.21909404611930583,2.2621,2.2621,True,True,False,2.6839020649613854,0.8599441310182421,2.038539634912828,RANGE
2026-07-01,A_V3_Top5,UP,4,PRESTIGE.NS,0.8807,1.1197932689349654,MEDIUM,GAP_UP,0.2347327877951777,1.0,1.1197932689349654,3.0025,3.0025,True,True,True,3.5193502737956184,-0.6398818679628437,1.8618577730453278,RANGE
2026-07-01,A_V3_Top5,UP,5,ASHOKLEY.NS,0.8783,1.0349926071956617,MEDIUM,GAP_UP,0.2347327877951777,1.0,1.0349926071956617,1.4847,1.4847,True,False,False,1.9960571710202046,-0.18482010842779673,0.4451006341463559,RANGE
2026-07-01,C1_Top5,UP,1,ONMOBILE.NS,0.972,0.556070435588496,SMALL,GAP_UP,0.2347327877951777,1.0,0.556070435588496,19.9876,19.9876,True,True,True,19.987642879209155,1.143033673154148,19.324074101382504,RANGE
2026-07-01,C1_Top5,UP,2,RATEGAIN.NS,0.9217,0.6700260258043045,SMALL,GAP_UP,0.2347327877951777,1.0,0.6700260258043045,4.6791,4.6791,True,True,True,5.1885486461044295,-0.5482031120217057,3.9823909185918716,RANGE
2026-07-01,C1_Top5,UP,3,PRESTIGE.NS,0.8807,1.1197932689349654,MEDIUM,GAP_UP,0.2347327877951777,1.0,1.1197932689349654,3.0025,3.0025,True,True,True,3.5193502737956184,-0.6398818679628437,1.8618577730453278,RANGE
2026-07-01,C1_Top5,UP,4,ASHOKLEY.NS,0.8783,1.0349926071956617,MEDIUM,GAP_UP,0.2347327877951777,1.0,1.0349926071956617,1.4847,1.4847,True,False,False,1.9960571710202046,-0.18482010842779673,0.4451006341463559,RANGE
2026-07-01,C1_Top5,UP,5,WELCORP.NS,0.8024,0.839198700595567,SMALL,GAP_UP,0.2347327877951777,1.0,0.839198700595567,1.4348,1.4348,True,False,False,2.5649702219815884,0.37899296155927686,0.5906446174496649,RANGE
2026-07-01,C2_Top5,UP,1,IDEAFORGE.NS,0.7884,2.2886501634750145,LARGE,GAP_UP,0.2347327877951777,1.0,2.2886501634750145,-1.0918,-1.0918,False,False,False,2.2886501634750145,1.9149929939280663,-3.3048145205479496,RANGE
2026-07-01,C2_Top5,UP,2,PRESTIGE.NS,0.8807,1.1197932689349654,MEDIUM,GAP_UP,0.2347327877951777,1.0,1.1197932689349654,3.0025,3.0025,True,True,True,3.5193502737956184,-0.6398818679628437,1.8618577730453278,RANGE
2026-07-01,C2_Top5,UP,3,ASHOKLEY.NS,0.8783,1.0349926071956617,MEDIUM,GAP_UP,0.2347327877951777,1.0,1.0349926071956617,1.4847,1.4847,True,False,False,1.9960571710202046,-0.18482010842779673,0.4451006341463559,RANGE
2026-07-01,C2_Top5,UP,4,EMAMILTD.NS,0.7437,0.8922112370388202,SMALL,GAP_UP,0.2347327877951777,1.0,0.8922112370388202,0.5184,0.5184,True,False,False,1.2298046780805372,0.3978779840848712,-0.3705055449330641,RANGE
2026-07-01,C2_Top5,UP,5,WELCORP.NS,0.8024,0.839198700595567,SMALL,GAP_UP,0.2347327877951777,1.0,0.839198700595567,1.4348,1.4348,True,False,False,2.5649702219815884,0.37899296155927686,0.5906446174496649,RANGE
2026-07-01,A_V3_Top5,DOWN,1,RAJESHEXPO.NS,0.8971,-1.5116811726981094,MEDIUM,GAP_DOWN,0.2347327877951777,1.0,1.5116811726981094,4.9931,-4.9931,False,False,False,1.5116811726981094,4.993128721942308,6.604621999999982,RANGE
2026-07-01,A_V3_Top5,DOWN,2,KPITTECH.NS,0.8899,0.6187785848802863,SMALL,GAP_UP,0.2347327877951777,0.0,-0.6187785848802863,0.2242,-0.2242,False,False,False,1.0223298358891464,2.322661644695545,-0.3921520320855576,RANGE
2026-07-01,A_V3_Top5,DOWN,3,PERSISTENT.NS,0.8399,1.24243216283626,MEDIUM,GAP_UP,0.2347327877951777,0.0,-1.24243216283626,5.7826,-5.7826,False,False,False,-1.1846981116484967,6.066687170722496,4.484451568549264,RANGE
2026-07-01,A_V3_Top5,DOWN,4,RATNAMANI.NS,0.8345,0.6129526574723654,SMALL,GAP_UP,0.2347327877951777,0.0,-0.6129526574723654,0.1976,-0.1976,False,False,False,1.0000806516654692,1.1694491491249348,-0.41282225250499627,RANGE
2026-07-01,A_V3_Top5,DOWN,5,BATAINDIA.NS,0.828,0.564433367541417,SMALL,GAP_UP,0.2347327877951777,0.0,-0.564433367541417,2.4117,-2.4117,False,False,False,-0.491130332795775,2.74153349948687,1.836898564035283,RANGE
2026-07-01,C1_Top5,DOWN,1,RAJESHEXPO.NS,0.8971,-1.5116811726981094,MEDIUM,GAP_DOWN,0.2347327877951777,1.0,1.5116811726981094,4.9931,-4.9931,False,False,False,1.5116811726981094,4.993128721942308,6.604621999999982,RANGE
2026-07-01,C1_Top5,DOWN,2,GALAXYSURF.NS,0.8169,-0.1322078714532604,NO_GAP,NEUTRAL,0.2347327877951777,0.5,0.1322078714532604,0.7577,-0.7577,False,False,False,0.33560459676599264,1.586494457439236,0.8910859572301311,RANGE
2026-07-01,C1_Top5,DOWN,3,IGL.NS,0.7587,0.02550857725909239,NO_GAP,NEUTRAL,0.2347327877951777,0.5,-0.02550857725909239,-0.6441,0.6441,True,False,False,0.9629487915311485,1.2690517186404016,-0.6694378131973155,RANGE
2026-07-01,C1_Top5,DOWN,4,VINATIORGA.NS,0.7512,-0.2265689902575363,NO_GAP,NEUTRAL,0.2347327877951777,0.5,0.2265689902575363,-1.8126,1.8126,True,False,False,1.9258364171890308,0.4153764821388073,-1.5896326243282077,RANGE
2026-07-01,C1_Top5,DOWN,5,FINPIPE.NS,0.7469,0.15925378227732434,NO_GAP,NEUTRAL,0.2347327877951777,0.5,-0.15925378227732434,0.2787,-0.2787,False,False,False,0.5687635081333187,0.7735183710613214,0.11925629755822342,RANGE
2026-07-01,C2_Top5,DOWN,1,RAJESHEXPO.NS,0.8971,-1.5116811726981094,MEDIUM,GAP_DOWN,0.2347327877951777,1.0,1.5116811726981094,4.9931,-4.9931,False,False,False,1.5116811726981094,4.993128721942308,6.604621999999982,RANGE
2026-07-01,C2_Top5,DOWN,2,VINATIORGA.NS,0.7512,-0.2265689902575363,NO_GAP,NEUTRAL,0.2347327877951777,0.5,0.2265689902575363,-1.8126,1.8126,True,False,False,1.9258364171890308,0.4153764821388073,-1.5896326243282077,RANGE
2026-07-01,C2_Top5,DOWN,3,GALAXYSURF.NS,0.8169,-0.1322078714532604,NO_GAP,NEUTRAL,0.2347327877951777,0.5,0.1322078714532604,0.7577,-0.7577,False,False,False,0.33560459676599264,1.586494457439236,0.8910859572301311,RANGE
2026-07-01,C2_Top5,DOWN,4,IGL.NS,0.7587,0.02550857725909239,NO_GAP,NEUTRAL,0.2347327877951777,0.5,-0.02550857725909239,-0.6441,0.6441,True,False,False,0.9629487915311485,1.2690517186404016,-0.6694378131973155,RANGE
2026-07-01,C2_Top5,DOWN,5,FINPIPE.NS,0.7469,0.15925378227732434,NO_GAP,NEUTRAL,0.2347327877951777,0.5,-0.15925378227732434,0.2787,-0.2787,False,False,False,0.5687635081333187,0.7735183710613214,0.11925629755822342,RANGE
2026-07-02,A_V3_Top5,UP,1,ONMOBILE.NS,0.9893,6.848609680741502,LARGE,GAP_UP,0.8270751482546634,1.0,6.848609680741502,3.0252,3.0252,True,True,True,8.135942327497414,2.8063851699279163,-3.5783429397590383,RANGE
2026-07-02,A_V3_Top5,UP,2,MAPMYINDIA.NS,0.9786,0.24060808224422026,NO_GAP,NEUTRAL,0.8270751482546634,0.5,0.24060808224422026,2.6248,2.6248,True,True,False,3.319297861869086,0.8530650188658728,2.378469128798222,RANGE
2026-07-02,A_V3_Top5,UP,3,RATEGAIN.NS,0.9595,0.48666948793905096,SMALL,GAP_UP,0.8270751482546634,1.0,0.48666948793905096,-0.4391,-0.4391,False,False,False,1.5658061785865485,1.777401608125273,-0.9212858707096205,RANGE
2026-07-02,A_V3_Top5,UP,4,ZYDUSWELL.NS,0.9534,0.6644797712170858,SMALL,GAP_UP,0.8270751482546634,1.0,0.6644797712170858,0.6477,0.6477,True,False,False,0.91681386155269,1.4046597695348662,-0.016669009024050663,RANGE
2026-07-02,A_V3_Top5,UP,5,ZENSARTECH.NS,0.9238,2.385792232801953,LARGE,GAP_UP,0.8270751482546634,1.0,2.385792232801953,10.4312,10.4312,True,True,True,11.779180485717333,-2.385792232801953,7.8579337931034665,RANGE
2026-07-02,C1_Top5,UP,1,ONMOBILE.NS,0.9893,6.848609680741502,LARGE,GAP_UP,0.8270751482546634,1.0,6.848609680741502,3.0252,3.0252,True,True,True,8.135942327497414,2.8063851699279163,-3.5783429397590383,RANGE
2026-07-02,C1_Top5,UP,2,RATEGAIN.NS,0.9595,0.48666948793905096,SMALL,GAP_UP,0.8270751482546634,1.0,0.48666948793905096,-0.4391,-0.4391,False,False,False,1.5658061785865485,1.777401608125273,-0.9212858707096205,RANGE
2026-07-02,C1_Top5,UP,3,ZYDUSWELL.NS,0.9534,0.6644797712170858,SMALL,GAP_UP,0.8270751482546634,1.0,0.6644797712170858,0.6477,0.6477,True,False,False,0.91681386155269,1.4046597695348662,-0.016669009024050663,RANGE
2026-07-02,C1_Top5,UP,4,ZENSARTECH.NS,0.9238,2.385792232801953,LARGE,GAP_UP,0.8270751482546634,1.0,2.385792232801953,10.4312,10.4312,True,True,True,11.779180485717333,-2.385792232801953,7.8579337931034665,RANGE
2026-07-02,C1_Top5,UP,5,PRESTIGE.NS,0.8961,0.47189534675349254,SMALL,GAP_UP,0.8270751482546634,1.0,0.47189534675349254,-0.3644,-0.3644,False,False,False,1.481392987276764,1.5709933695717049,-0.8323674435196327,RANGE
2026-07-02,C2_Top5,UP,1,ONMOBILE.NS,0.9893,6.848609680741502,LARGE,GAP_UP,0.8270751482546634,1.0,6.848609680741502,3.0252,3.0252,True,True,True,8.135942327497414,2.8063851699279163,-3.5783429397590383,RANGE
2026-07-02,C2_Top5,UP,2,ZENSARTECH.NS,0.9238,2.385792232801953,LARGE,GAP_UP,0.8270751482546634,1.0,2.385792232801953,10.4312,10.4312,True,True,True,11.779180485717333,-2.385792232801953,7.8579337931034665,RANGE
2026-07-02,C2_Top5,UP,3,IDEAFORGE.NS,0.768,1.280916120654041,MEDIUM,GAP_UP,0.8270751482546634,1.0,1.280916120654041,-3.0045,-3.0045,False,False,False,1.280916120654041,3.594829112803255,-4.231217770136386,RANGE
2026-07-02,C2_Top5,UP,4,NAUKRI.NS,0.8456,1.1548019295424483,MEDIUM,GAP_UP,0.8270751482546634,1.0,1.1548019295424483,0.8283,0.8283,True,False,False,2.8212249671100587,-0.10719680358621808,-0.3227745231213719,RANGE
2026-07-02,C2_Top5,UP,5,DEEPAKFERT.NS,0.7697,0.7690921107973203,SMALL,GAP_UP,0.8270751482546634,1.0,0.7690921107973203,-0.9013,-0.9013,False,False,False,0.9433395421498458,1.7004145887159705,-1.657643306898804,RANGE
2026-07-02,A_V3_Top5,DOWN,1,HFCL.NS,0.9112,0.410577252065103,SMALL,GAP_UP,0.8270751482546634,0.0,-0.410577252065103,4.8341,-4.8341,False,False,False,-0.410577252065103,4.995356566792131,4.405435033831484,RANGE
2026-07-02,A_V3_Top5,DOWN,2,KPITTECH.NS,0.8956,1.1184681460272072,MEDIUM,GAP_UP,0.8270751482546634,0.0,-1.1184681460272072,-0.0268,0.0268,True,False,False,0.4115962777380022,1.7358625626342272,-1.13260037164854,RANGE
2026-07-02,A_V3_Top5,DOWN,3,RAJESHEXPO.NS,0.8842,4.057591623036649,LARGE,GAP_UP,0.8270751482546634,0.0,-4.057591623036649,3.6431,-3.6431,False,False,False,-0.3490401396160525,4.995636998254804,-0.3983290566037634,RANGE
2026-07-02,A_V3_Top5,DOWN,4,RATNAMANI.NS,0.8405,0.012073892220398896,NO_GAP,NEUTRAL,0.8270751482546634,0.5,-0.012073892220398896,1.1188,-1.1188,False,False,False,0.18915764478608654,2.225620799291672,1.1065924989939413,RANGE
2026-07-02,A_V3_Top5,DOWN,5,GALAXYSURF.NS,0.8332,-0.1766338632349207,NO_GAP,NEUTRAL,0.8270751482546634,0.5,0.1766338632349207,3.4519,-3.4519,False,False,False,0.751955589200104,4.107993943981825,3.634954423660264,RANGE
2026-07-02,C1_Top5,DOWN,1,STLTECH.NS,0.7845,-3.483825097760407,LARGE,GAP_DOWN,0.8270751482546634,1.0,3.483825097760407,2.524,-2.524,False,False,False,4.9946676146462865,3.9815143974404554,6.224682136279935,RANGE
2026-07-02,C1_Top5,DOWN,2,RATNAMANI.NS,0.8405,0.012073892220398896,NO_GAP,NEUTRAL,0.8270751482546634,0.5,-0.012073892220398896,1.1188,-1.1188,False,False,False,0.18915764478608654,2.225620799291672,1.1065924989939413,RANGE
2026-07-02,C1_Top5,DOWN,3,GALAXYSURF.NS,0.8332,-0.1766338632349207,NO_GAP,NEUTRAL,0.8270751482546634,0.5,0.1766338632349207,3.4519,-3.4519,False,False,False,0.751955589200104,4.107993943981825,3.634954423660264,RANGE
2026-07-02,C1_Top5,DOWN,4,IGL.NS,0.8175,0.18613607188702197,NO_GAP,NEUTRAL,0.8270751482546634,0.5,-0.18613607188702197,-1.1617,1.1617,True,False,False,1.4762516046213148,0.6996148908857247,-1.3453319238900474,RANGE
2026-07-02,C1_Top5,DOWN,5,MGL.NS,0.7308,0.05247507433967513,NO_GAP,NEUTRAL,0.8270751482546634,0.5,-0.05247507433967513,-1.2944,1.2944,True,False,False,1.6092356130837926,0.629700892076257,-1.3461686713286514,RANGE
2026-07-02,C2_Top5,DOWN,1,STLTECH.NS,0.7845,-3.483825097760407,LARGE,GAP_DOWN,0.8270751482546634,1.0,3.483825097760407,2.524,-2.524,False,False,False,4.9946676146462865,3.9815143974404554,6.224682136279935,RANGE
2026-07-02,C2_Top5,DOWN,2,GALAXYSURF.NS,0.8332,-0.1766338632349207,NO_GAP,NEUTRAL,0.8270751482546634,0.5,0.1766338632349207,3.4519,-3.4519,False,False,False,0.751955589200104,4.107993943981825,3.634954423660264,RANGE
2026-07-02,C2_Top5,DOWN,3,TATACOMM.NS,0.7252,0.0,NO_GAP,NEUTRAL,0.8270751482546634,0.5,-0.0,-1.6151,1.6151,True,False,False,2.2755417956656254,1.5479876160990669,-1.6151000000000026,RANGE
2026-07-02,C2_Top5,DOWN,4,RATNAMANI.NS,0.8405,0.012073892220398896,NO_GAP,NEUTRAL,0.8270751482546634,0.5,-0.012073892220398896,1.1188,-1.1188,False,False,False,0.18915764478608654,2.225620799291672,1.1065924989939413,RANGE
2026-07-02,C2_Top5,DOWN,5,MGL.NS,0.7308,0.05247507433967513,NO_GAP,NEUTRAL,0.8270751482546634,0.5,-0.05247507433967513,-1.2944,1.2944,True,False,False,1.6092356130837926,0.629700892076257,-1.3461686713286514,RANGE
2026-07-03,A_V3_Top5,UP,1,ONMOBILE.NS,0.992,-1.899287767087332,MEDIUM,GAP_DOWN,0.14832608084720533,0.0,-1.899287767087332,-5.5604,-5.5604,False,False,False,-0.912157940772218,7.4097213544920715,-3.731993529486699,RANGE
2026-07-03,A_V3_Top5,UP,2,ZENSARTECH.NS,0.9742,-0.40689788800620796,SMALL,GAP_DOWN,0.14832608084720533,0.0,-0.40689788800620796,-7.392,-7.392,False,False,False,-0.40689788800620796,7.8570044565006825,-7.013640466926063,RANGE
2026-07-03,A_V3_Top5,UP,3,MAPMYINDIA.NS,0.9563,0.18649757553150792,NO_GAP,NEUTRAL,0.14832608084720533,0.5,0.18649757553150792,0.9272,0.9272,True,False,False,3.612724463153416,1.2575265092982457,0.7393236038719442,RANGE
2026-07-03,A_V3_Top5,UP,4,RATEGAIN.NS,0.9058,0.00531321396313178,NO_GAP,NEUTRAL,0.14832608084720533,0.5,0.00531321396313178,0.3188,0.3188,True,False,False,2.0137080920248795,1.1317145741459034,0.31347013069811247,RANGE
2026-07-03,A_V3_Top5,UP,5,INTELLECT.NS,0.8763,0.5082592121982143,SMALL,GAP_UP,0.14832608084720533,1.0,0.5082592121982143,-2.2427,-2.2427,False,False,False,0.7306226175349373,2.630241423125801,-2.737047914032864,RANGE
2026-07-03,C1_Top5,UP,1,INTELLECT.NS,0.8763,0.5082592121982143,SMALL,GAP_UP,0.14832608084720533,1.0,0.5082592121982143,-2.2427,-2.2427,False,False,False,0.7306226175349373,2.630241423125801,-2.737047914032864,RANGE
2026-07-03,C1_Top5,UP,2,GRANULES.NS,0.8614,0.6836171743823449,SMALL,GAP_UP,0.14832608084720533,1.0,0.6836171743823449,2.4466,2.4466,True,True,False,3.74190453346126,-0.08395298632766224,1.7510126027397321,RANGE
2026-07-03,C1_Top5,UP,3,NATIONALUM.NS,0.8582,0.3883774453394606,SMALL,GAP_UP,0.14832608084720533,1.0,0.3883774453394606,0.9925,0.9925,True,False,False,1.5535097813578869,0.5753739930955071,0.6017853560682074,RANGE
2026-07-03,C1_Top5,UP,4,HCLTECH.NS,0.8527,0.5267778753292429,SMALL,GAP_UP,0.14832608084720533,1.0,0.5267778753292429,-0.4214,-0.4214,False,False,False,0.7813871817383689,1.1413520632133412,-0.9432092576419304,RANGE
2026-07-03,C1_Top5,UP,5,EMAMILTD.NS,0.8256,0.9403642423520875,SMALL,GAP_UP,0.14832608084720533,1.0,0.9403642423520875,-0.7856,-0.7856,False,False,False,0.9403642423520875,1.0832043804309022,-1.7098850943396027,RANGE
2026-07-03,C2_Top5,UP,1,GODREJPROP.NS,0.7763,0.9817671809256634,SMALL,GAP_UP,0.14832608084720533,1.0,0.9817671809256634,2.5045,2.5045,True,True,False,2.7599679422961376,-0.250450811460623,1.5079284722222308,RANGE
2026-07-03,C2_Top5,UP,2,EMAMILTD.NS,0.8256,0.9403642423520875,SMALL,GAP_UP,0.14832608084720533,1.0,0.9403642423520875,-0.7856,-0.7856,False,False,False,0.9403642423520875,1.0832043804309022,-1.7098850943396027,RANGE
2026-07-03,C2_Top5,UP,3,PRESTIGE.NS,0.8082,0.8992805755395628,SMALL,GAP_UP,0.14832608084720533,1.0,0.8992805755395628,2.1283,2.1283,True,True,False,3.0275779376498724,0.06594724220623238,1.2180655971479437,RANGE
2026-07-03,C2_Top5,UP,4,GRANULES.NS,0.8614,0.6836171743823449,SMALL,GAP_UP,0.14832608084720533,1.0,0.6836171743823449,2.4466,2.4466,True,True,False,3.74190453346126,-0.08395298632766224,1.7510126027397321,RANGE
2026-07-03,C2_Top5,UP,5,HCLTECH.NS,0.8527,0.5267778753292429,SMALL,GAP_UP,0.14832608084720533,1.0,0.5267778753292429,-0.4214,-0.4214,False,False,False,0.7813871817383689,1.1413520632133412,-0.9432092576419304,RANGE
2026-07-03,A_V3_Top5,DOWN,1,KPITTECH.NS,0.892,0.4027566454846587,SMALL,GAP_UP,0.14832608084720533,0.0,-0.4027566454846587,-0.1164,0.1164,True,False,False,2.7387451892956105,0.5996598943882603,-0.5170740952041508,RANGE
2026-07-03,A_V3_Top5,DOWN,2,PERSISTENT.NS,0.8203,0.4719413811714812,SMALL,GAP_UP,0.14832608084720533,0.0,-0.4719413811714812,0.7068,-0.7068,False,False,False,0.6812394267734723,1.1168726966547915,0.23375543022257084,RANGE
2026-07-03,A_V3_Top5,DOWN,3,IGL.NS,0.7884,0.0,NO_GAP,NEUTRAL,0.14832608084720533,0.5,-0.0,-1.1494,1.1494,True,False,False,1.415676342619654,0.2662510552633224,-1.1494000000000004,RANGE
2026-07-03,A_V3_Top5,DOWN,4,COFORGE.NS,0.7883,0.1980874316940051,NO_GAP,NEUTRAL,0.14832608084720533,0.5,-0.1980874316940051,1.2227,-1.2227,False,False,False,0.15710382513660637,1.8442622950819665,1.022586952075799,RANGE
2026-07-03,A_V3_Top5,DOWN,5,HFCL.NS,0.7835,-0.7366654233494918,SMALL,GAP_DOWN,0.14832608084720533,1.0,0.7366654233494918,4.8816,-4.8816,False,False,False,1.6924654979485254,4.998135024244688,5.659960394551433,RANGE
2026-07-03,C1_Top5,DOWN,1,HFCL.NS,0.7835,-0.7366654233494918,SMALL,GAP_DOWN,0.14832608084720533,1.0,0.7366654233494918,4.8816,-4.8816,False,False,False,1.6924654979485254,4.998135024244688,5.659960394551433,RANGE
2026-07-03,C1_Top5,DOWN,2,RAJESHEXPO.NS,0.7829,-1.073458219322243,MEDIUM,GAP_DOWN,0.14832608084720533,1.0,1.073458219322243,2.5468,-2.5468,False,False,False,4.9989475899810625,4.998947589981051,3.6595418723404327,RANGE
2026-07-03,C1_Top5,DOWN,3,STLTECH.NS,0.7608,-1.6990291262135804,MEDIUM,GAP_DOWN,0.14832608084720533,1.0,1.6990291262135804,1.4476,-1.4476,False,False,False,4.325589459084589,2.115117891816931,3.2010153086419635,RANGE
2026-07-03,C1_Top5,DOWN,4,POLICYBZR.NS,0.7097,-0.9552538964303747,SMALL,GAP_DOWN,0.14832608084720533,1.0,0.9552538964303747,-0.6599,0.6599,True,False,False,1.9293614881850218,0.12569130216188995,0.29820248730965115,RANGE
2026-07-03,C1_Top5,DOWN,5,IGL.NS,0.7884,0.0,NO_GAP,NEUTRAL,0.14832608084720533,0.5,-0.0,-1.1494,1.1494,True,False,False,1.415676342619654,0.2662510552633224,-1.1494000000000004,RANGE
2026-07-03,C2_Top5,DOWN,1,STLTECH.NS,0.7608,-1.6990291262135804,MEDIUM,GAP_DOWN,0.14832608084720533,1.0,1.6990291262135804,1.4476,-1.4476,False,False,False,4.325589459084589,2.115117891816931,3.2010153086419635,RANGE
2026-07-03,C2_Top5,DOWN,2,RAJESHEXPO.NS,0.7829,-1.073458219322243,MEDIUM,GAP_DOWN,0.14832608084720533,1.0,1.073458219322243,2.5468,-2.5468,False,False,False,4.9989475899810625,4.998947589981051,3.6595418723404327,RANGE
2026-07-03,C2_Top5,DOWN,3,POLICYBZR.NS,0.7097,-0.9552538964303747,SMALL,GAP_DOWN,0.14832608084720533,1.0,0.9552538964303747,-0.6599,0.6599,True,False,False,1.9293614881850218,0.12569130216188995,0.29820248730965115,RANGE
2026-07-03,C2_Top5,DOWN,4,HFCL.NS,0.7835,-0.7366654233494918,SMALL,GAP_DOWN,0.14832608084720533,1.0,0.7366654233494918,4.8816,-4.8816,False,False,False,1.6924654979485254,4.998135024244688,5.659960394551433,RANGE
2026-07-03,C2_Top5,DOWN,5,TECHM.NS,0.7423,-0.02127508687327362,NO_GAP,NEUTRAL,0.14832608084720533,0.5,0.02127508687327362,-0.2553,0.2553,True,False,False,1.354513864264939,0.5176937805829507,-0.2340747127252074,RANGE
2026-07-06,A_V3_Top5,UP,1,ONMOBILE.NS,0.957,-0.7673987827467532,SMALL,GAP_DOWN,0.13957884581397018,0.0,-0.7673987827467532,-2.8579,-2.8579,False,False,False,-0.03969304048689892,4.988092087853923,-2.1066677600000028,RANGE
2026-07-06,A_V3_Top5,UP,2,MAPMYINDIA.NS,0.9435,-0.00527955229395749,NO_GAP,NEUTRAL,0.13957884581397018,0.5,-0.00527955229395749,0.9186,0.9186,True,False,False,3.0726994350879,1.1139855340267069,0.923928331573376,RANGE
2026-07-06,A_V3_Top5,UP,3,ZENSARTECH.NS,0.9399,0.11507479861909697,NO_GAP,NEUTRAL,0.13957884581397018,0.5,0.11507479861909697,-2.1446,-2.1446,False,False,False,0.42891515848937356,3.546396066534152,-2.257077471264357,RANGE
2026-07-06,A_V3_Top5,UP,4,PARAS.NS,0.9353,0.11778563015312216,NO_GAP,NEUTRAL,0.13957884581397018,0.5,0.11778563015312216,-4.7041,-4.7041,False,False,False,0.8981154299175342,5.764134275618382,-4.816212823529408,RANGE
2026-07-06,A_V3_Top5,UP,5,MANAPPURAM.NS,0.9217,-0.4189540595203822,SMALL,GAP_DOWN,0.13957884581397018,0.0,-0.4189540595203822,-1.1557,-1.1557,False,False,False,-0.028893383415207197,1.9358566888182716,-0.7398455534600279,RANGE
2026-07-06,C1_Top5,UP,1,ADANIENSOL.NS,0.906,0.9181661326103097,SMALL,GAP_UP,0.13957884581397018,1.0,0.9181661326103097,1.7377,1.7377,True,False,False,2.532659600690179,0.41902883904362254,0.8120776454784151,RANGE
2026-07-06,C1_Top5,UP,2,PRESTIGE.NS,0.8536,0.6750807161725936,SMALL,GAP_UP,0.13957884581397018,1.0,0.6750807161725936,-1.7728,-1.7728,False,False,False,0.6750807161725936,2.588787789844438,-2.43146635568513,RANGE
2026-07-06,C1_Top5,UP,3,PERSISTENT.NS,0.8483,0.3011196531286231,SMALL,GAP_UP,0.13957884581397018,1.0,0.3011196531286231,3.5837,3.5837,True,True,True,3.9463104434586116,-0.3011196531286231,3.2727255271162603,RANGE
2026-07-06,C1_Top5,UP,4,GODREJPROP.NS,0.8266,0.6645817044566016,SMALL,GAP_UP,0.13957884581397018,1.0,0.6645817044566016,-0.1613,-0.1613,False,False,False,0.7525410476935113,1.8275996872556766,-0.820429281553392,RANGE
2026-07-06,C1_Top5,UP,5,APOLLOTYRE.NS,0.7971,0.5819699132535439,SMALL,GAP_UP,0.13957884581397018,1.0,0.5819699132535439,-0.2196,-0.2196,False,False,False,1.372570550126273,0.6368727352585979,-0.7969320087336196,RANGE
2026-07-06,C2_Top5,UP,1,ADANIENSOL.NS,0.906,0.9181661326103097,SMALL,GAP_UP,0.13957884581397018,1.0,0.9181661326103097,1.7377,1.7377,True,False,False,2.532659600690179,0.41902883904362254,0.8120776454784151,RANGE
2026-07-06,C2_Top5,UP,2,PRESTIGE.NS,0.8536,0.6750807161725936,SMALL,GAP_UP,0.13957884581397018,1.0,0.6750807161725936,-1.7728,-1.7728,False,False,False,0.6750807161725936,2.588787789844438,-2.43146635568513,RANGE
2026-07-06,C2_Top5,UP,3,GODREJPROP.NS,0.8266,0.6645817044566016,SMALL,GAP_UP,0.13957884581397018,1.0,0.6645817044566016,-0.1613,-0.1613,False,False,False,0.7525410476935113,1.8275996872556766,-0.820429281553392,RANGE
2026-07-06,C2_Top5,UP,4,APOLLOTYRE.NS,0.7971,0.5819699132535439,SMALL,GAP_UP,0.13957884581397018,1.0,0.5819699132535439,-0.2196,-0.2196,False,False,False,1.372570550126273,0.6368727352585979,-0.7969320087336196,RANGE
2026-07-06,C2_Top5,UP,5,PERSISTENT.NS,0.8483,0.3011196531286231,SMALL,GAP_UP,0.13957884581397018,1.0,0.3011196531286231,3.5837,3.5837,True,True,True,3.9463104434586116,-0.3011196531286231,3.2727255271162603,RANGE
2026-07-06,A_V3_Top5,DOWN,1,KPITTECH.NS,0.8937,0.25985663082437327,NO_GAP,NEUTRAL,0.13957884581397018,0.5,-0.25985663082437327,0.7885,-0.7885,False,False,False,0.2956989247311803,1.5053763440860068,0.5272732147644899,RANGE
2026-07-06,A_V3_Top5,DOWN,2,FINEORG.NS,0.8465,0.0,NO_GAP,NEUTRAL,0.13957884581397018,0.5,-0.0,-2.6764,2.6764,True,True,False,3.036496350364959,0.029197080291964994,-2.676400000000001,RANGE
2026-07-06,A_V3_Top5,DOWN,3,STLTECH.NS,0.7987,-1.9054943176963102,MEDIUM,GAP_DOWN,0.13957884581397018,1.0,1.9054943176963102,-4.9987,4.9987,True,True,True,4.998718277364778,-1.691873878492689,-3.1532914721254413,RANGE
2026-07-06,A_V3_Top5,DOWN,4,AJANTPHARM.NS,0.7886,0.4891062694530879,SMALL,GAP_UP,0.13957884581397018,0.0,-0.4891062694530879,-1.7489,1.7489,True,False,False,2.3121387283236983,0.4891062694530879,-2.227113318584062,RANGE
2026-07-06,A_V3_Top5,DOWN,5,IGL.NS,0.7732,-0.14452765733806716,NO_GAP,NEUTRAL,0.13957884581397018,0.5,0.14452765733806716,0.0394,-0.0394,False,False,False,0.4664301668637516,1.4781237682301995,0.18419386842105645,RANGE
2026-07-06,C1_Top5,DOWN,1,STLTECH.NS,0.7987,-1.9054943176963102,MEDIUM,GAP_DOWN,0.13957884581397018,1.0,1.9054943176963102,-4.9987,4.9987,True,True,True,4.998718277364778,-1.691873878492689,-3.1532914721254413,RANGE
2026-07-06,C1_Top5,DOWN,2,POLICYBZR.NS,0.7698,-0.36059973429493075,SMALL,GAP_DOWN,0.13957884581397018,1.0,0.36059973429493075,1.7271,-1.7271,False,False,False,1.8789144050104456,2.2205352059214256,2.0952552190476315,RANGE
2026-07-06,C1_Top5,DOWN,3,DRREDDY.NS,0.7573,-0.4313180788069415,SMALL,GAP_DOWN,0.13957884581397018,1.0,0.4313180788069415,-0.9723,0.9723,True,False,False,1.1989180495650342,0.8991885371737673,-0.5433253817914707,RANGE
2026-07-06,C1_Top5,DOWN,4,TCS.NS,0.7539,-0.36936720599888284,SMALL,GAP_DOWN,0.13957884581397018,1.0,0.36936720599888284,1.8711,-1.8711,False,False,False,0.41796751467887416,3.1638752350371613,2.2487734376146262,RANGE
2026-07-06,C1_Top5,DOWN,5,TECHM.NS,0.7483,-0.5687877710629174,SMALL,GAP_DOWN,0.13957884581397018,1.0,0.5687877710629174,2.915,-2.915,False,False,False,0.5687877710629174,4.0383931745467505,3.5037164819449407,RANGE
2026-07-06,C2_Top5,DOWN,1,STLTECH.NS,0.7987,-1.9054943176963102,MEDIUM,GAP_DOWN,0.13957884581397018,1.0,1.9054943176963102,-4.9987,4.9987,True,True,True,4.998718277364778,-1.691873878492689,-3.1532914721254413,RANGE
2026-07-06,C2_Top5,DOWN,2,TECHM.NS,0.7483,-0.5687877710629174,SMALL,GAP_DOWN,0.13957884581397018,1.0,0.5687877710629174,2.915,-2.915,False,False,False,0.5687877710629174,4.0383931745467505,3.5037164819449407,RANGE
2026-07-06,C2_Top5,DOWN,3,SAIL.NS,0.7461,-0.4431838326537818,SMALL,GAP_DOWN,0.13957884581397018,1.0,0.4431838326537818,-2.1096,2.1096,True,True,False,2.7950127046031947,-0.43727471488506087,-1.6738343304843362,RANGE
2026-07-06,C2_Top5,DOWN,4,DRREDDY.NS,0.7573,-0.4313180788069415,SMALL,GAP_DOWN,0.13957884581397018,1.0,0.4313180788069415,-0.9723,0.9723,True,False,False,1.1989180495650342,0.8991885371737673,-0.5433253817914707,RANGE
2026-07-06,C2_Top5,DOWN,5,TCS.NS,0.7539,-0.36936720599888284,SMALL,GAP_DOWN,0.13957884581397018,1.0,0.36936720599888284,1.8711,-1.8711,False,False,False,0.41796751467887416,3.1638752350371613,2.2487734376146262,RANGE
2026-07-07,A_V3_Top5,UP,1,NAUKRI.NS,0.9587,1.082409763249803,MEDIUM,GAP_UP,-0.5703107319754097,1.0,1.082409763249803,1.6861,1.6861,True,False,False,5.032558540687382,-1.082409763249803,0.5972258063140057,BULL
2026-07-07,A_V3_Top5,UP,2,PERSISTENT.NS,0.9336,0.0,NO_GAP,NEUTRAL,-0.5703107319754097,0.5,0.0,-2.3604,-2.3604,False,False,False,0.5158901292126705,3.0257084435681425,-2.360399999999996,BULL
2026-07-07,A_V3_Top5,UP,3,MPHASIS.NS,0.9229,-2.17300167720873,LARGE,GAP_DOWN,-0.5703107319754097,0.0,-2.17300167720873,-5.5883,-5.5883,False,False,False,-2.08877696922527,5.9925921842587275,-3.4911613167584954,BULL
2026-07-07,A_V3_Top5,UP,4,ADANIENSOL.NS,0.9099,-0.6844336765596593,SMALL,GAP_DOWN,-0.5703107319754097,0.0,-0.6844336765596593,0.2726,0.2726,True,False,False,3.6947304663839997,1.120533010296787,0.9636290784899693,BULL
2026-07-07,A_V3_Top5,UP,5,INTELLECT.NS,0.9031,-0.506442720687228,SMALL,GAP_DOWN,-0.5703107319754097,0.0,-0.506442720687228,-3.8656,-3.8656,False,False,False,-0.17308801846273036,5.436245913199578,-3.376256082474227,BULL
2026-07-07,C1_Top5,UP,1,NAUKRI.NS,0.9587,1.082409763249803,MEDIUM,GAP_UP,-0.5703107319754097,1.0,1.082409763249803,1.6861,1.6861,True,False,False,5.032558540687382,-1.082409763249803,0.5972258063140057,BULL
2026-07-07,C1_Top5,UP,2,PERSISTENT.NS,0.9336,0.0,NO_GAP,NEUTRAL,-0.5703107319754097,0.5,0.0,-2.3604,-2.3604,False,False,False,0.5158901292126705,3.0257084435681425,-2.360399999999996,BULL
2026-07-07,C1_Top5,UP,3,INFY.NS,0.8988,0.009330098899051897,NO_GAP,NEUTRAL,-0.5703107319754097,0.5,0.009330098899051897,-0.2333,-0.2333,False,False,False,0.7370778130248334,0.6904273185295629,-0.24260746338278238,BULL
2026-07-07,C1_Top5,UP,4,HCLTECH.NS,0.8821,-0.27392569765452013,NO_GAP,NEUTRAL,-0.5703107319754097,0.5,-0.27392569765452013,-1.9346,-1.9346,False,False,False,0.7104947782913928,2.2684471837014164,-1.6652358111587828,BULL
2026-07-07,C1_Top5,UP,5,RATNAMANI.NS,0.8452,-0.11525163273146122,NO_GAP,NEUTRAL,-0.5703107319754097,0.5,-0.11525163273146122,-0.4802,-0.4802,False,False,False,0.8451786400307304,1.7364579331540453,-0.3653694615384562,BULL
2026-07-07,C2_Top5,UP,1,NAUKRI.NS,0.9587,1.082409763249803,MEDIUM,GAP_UP,-0.5703107319754097,1.0,1.082409763249803,1.6861,1.6861,True,False,False,5.032558540687382,-1.082409763249803,0.5972258063140057,BULL
2026-07-07,C2_Top5,UP,2,INFY.NS,0.8988,0.009330098899051897,NO_GAP,NEUTRAL,-0.5703107319754097,0.5,0.009330098899051897,-0.2333,-0.2333,False,False,False,0.7370778130248334,0.6904273185295629,-0.24260746338278238,BULL
2026-07-07,C2_Top5,UP,3,PERSISTENT.NS,0.9336,0.0,NO_GAP,NEUTRAL,-0.5703107319754097,0.5,0.0,-2.3604,-2.3604,False,False,False,0.5158901292126705,3.0257084435681425,-2.360399999999996,BULL
2026-07-07,C2_Top5,UP,4,ROUTE.NS,0.7809,0.0,NO_GAP,NEUTRAL,-0.5703107319754097,0.5,0.0,-3.8649,-3.8649,False,False,False,0.28828828828828534,4.288288288288278,-3.8649000000000044,BULL
2026-07-07,C2_Top5,UP,5,GRANULES.NS,0.8164,-0.02895026344740259,NO_GAP,NEUTRAL,-0.5703107319754097,0.5,-0.02895026344740259,-0.4632,-0.4632,False,False,False,1.0364194314168351,1.4301430143014215,-0.4343754894011287,BULL
2026-07-07,A_V3_Top5,DOWN,1,KPITTECH.NS,0.8763,-0.026671408250356077,NO_GAP,NEUTRAL,-0.5703107319754097,0.5,0.026671408250356077,-1.3869,1.3869,True,False,False,2.0092460881934504,0.9601706970127966,-1.3605914806580688,BULL
2026-07-07,A_V3_Top5,DOWN,2,STLTECH.NS,0.8486,-3.0221262817053396,LARGE,GAP_DOWN,-0.5703107319754097,1.0,3.0221262817053396,-4.9919,4.9919,True,True,True,4.991905018888287,-2.680338190321996,-2.0311578742348457,BULL
2026-07-07,A_V3_Top5,DOWN,3,AJANTPHARM.NS,0.8477,0.0,NO_GAP,NEUTRAL,-0.5703107319754097,0.5,-0.0,-1.0771,1.0771,True,False,False,1.801176648061542,2.519233670236831,-1.0770999999999975,BULL
2026-07-07,A_V3_Top5,DOWN,4,FINEORG.NS,0.8346,-0.770000000000004,SMALL,GAP_DOWN,-0.5703107319754097,1.0,0.770000000000004,-2.44,2.44,True,True,False,2.959999999999996,0.48999999999999044,-1.6829587826262205,BULL
2026-07-07,A_V3_Top5,DOWN,5,OLECTRA.NS,0.8233,-0.32490464754908466,SMALL,GAP_DOWN,-0.5703107319754097,1.0,0.32490464754908466,-1.4903,1.4903,True,False,False,2.528605735273337,2.2037010877242524,-1.169194118480732,BULL
2026-07-07,C1_Top5,DOWN,1,STLTECH.NS,0.8486,-3.0221262817053396,LARGE,GAP_DOWN,-0.5703107319754097,1.0,3.0221262817053396,-4.9919,4.9919,True,True,True,4.991905018888287,-2.680338190321996,-2.0311578742348457,BULL
2026-07-07,C1_Top5,DOWN,2,FINEORG.NS,0.8346,-0.770000000000004,SMALL,GAP_DOWN,-0.5703107319754097,1.0,0.770000000000004,-2.44,2.44,True,True,False,2.959999999999996,0.48999999999999044,-1.6829587826262205,BULL
2026-07-07,C1_Top5,DOWN,3,OLECTRA.NS,0.8233,-0.32490464754908466,SMALL,GAP_DOWN,-0.5703107319754097,1.0,0.32490464754908466,-1.4903,1.4903,True,False,False,2.528605735273337,2.2037010877242524,-1.169194118480732,BULL
2026-07-07,C1_Top5,DOWN,4,MOTHERSON.NS,0.7614,-0.46034735300272134,SMALL,GAP_DOWN,-0.5703107319754097,1.0,0.46034735300272134,-1.8972,1.8972,True,False,False,2.6225849201367057,1.0183441445211772,-1.443497750683198,BULL
2026-07-07,C1_Top5,DOWN,5,COCHINSHIP.NS,0.7604,-1.8468561942311723,MEDIUM,GAP_DOWN,-0.5703107319754097,1.0,1.8468561942311723,-2.8775,2.8775,True,True,False,3.3271079753752653,-1.0513937884761737,-1.0500364693446063,BULL
2026-07-07,C2_Top5,DOWN,1,STLTECH.NS,0.8486,-3.0221262817053396,LARGE,GAP_DOWN,-0.5703107319754097,1.0,3.0221262817053396,-4.9919,4.9919,True,True,True,4.991905018888287,-2.680338190321996,-2.0311578742348457,BULL
2026-07-07,C2_Top5,DOWN,2,COCHINSHIP.NS,0.7604,-1.8468561942311723,MEDIUM,GAP_DOWN,-0.5703107319754097,1.0,1.8468561942311723,-2.8775,2.8775,True,True,False,3.3271079753752653,-1.0513937884761737,-1.0500364693446063,BULL
2026-07-07,C2_Top5,DOWN,3,BANKBARODA.NS,0.7188,-1.1700625378253005,MEDIUM,GAP_DOWN,-0.5703107319754097,1.0,1.1700625378253005,-2.9857,2.9857,True,True,False,3.570708089570307,-0.746419205164417,-1.8371330679730513,BULL
2026-07-07,C2_Top5,DOWN,4,SAIL.NS,0.737,-1.0322346975733532,MEDIUM,GAP_DOWN,-0.5703107319754097,1.0,1.0322346975733532,-2.1973,2.1973,True,True,False,2.6137872751418434,0.12676566461427008,-1.1772169441902958,BULL
2026-07-07,C2_Top5,DOWN,5,GNFC.NS,0.7143,-0.9640666082384008,SMALL,GAP_DOWN,-0.5703107319754097,1.0,0.9640666082384008,-3.0675,3.0675,True,True,True,3.46674457103906,0.3310935826273065,-2.1239092920353864,BULL
2026-07-08,A_V3_Top5,UP,1,NAUKRI.NS,0.9546,-0.5046649703138284,SMALL,GAP_DOWN,0.1963750952242327,0.0,-0.5046649703138284,1.9381,1.9381,True,False,False,3.2866836301950864,0.9033078880407164,2.4551552789736197,RANGE
2026-07-08,A_V3_Top5,UP,2,ALKYLAMINE.NS,0.925,0.07552870090634656,NO_GAP,NEUTRAL,0.1963750952242327,0.5,0.07552870090634656,5.4489,5.4489,True,True,True,7.196806214933105,-0.07552870090634656,5.369315924528295,RANGE
2026-07-08,A_V3_Top5,UP,3,JINDALPOLY.NS,0.9056,2.83170900161156,LARGE,GAP_UP,0.1963750952242327,1.0,2.83170900161156,4.9958,4.9958,True,True,True,4.995779295526059,-1.3199293991251748,2.104497746268641,RANGE
2026-07-08,A_V3_Top5,UP,4,ADANIENSOL.NS,0.9019,0.30202355783750523,SMALL,GAP_UP,0.1963750952242327,1.0,0.30202355783750523,-2.235,-2.235,False,False,False,1.7819389912413275,2.742373905164608,-2.52938422161999,RANGE
2026-07-08,A_V3_Top5,UP,5,EXIDEIND.NS,0.8801,1.103595585617656,MEDIUM,GAP_UP,0.1963750952242327,1.0,1.103595585617656,0.9137,0.9137,True,False,False,1.7918594992286652,0.7713302480123363,-0.187822781690139,RANGE
2026-07-08,C1_Top5,UP,1,JINDALPOLY.NS,0.9056,2.83170900161156,LARGE,GAP_UP,0.1963750952242327,1.0,2.83170900161156,4.9958,4.9958,True,True,True,4.995779295526059,-1.3199293991251748,2.104497746268641,RANGE
2026-07-08,C1_Top5,UP,2,ADANIENSOL.NS,0.9019,0.30202355783750523,SMALL,GAP_UP,0.1963750952242327,1.0,0.30202355783750523,-2.235,-2.235,False,False,False,1.7819389912413275,2.742373905164608,-2.52938422161999,RANGE
2026-07-08,C1_Top5,UP,3,EXIDEIND.NS,0.8801,1.103595585617656,MEDIUM,GAP_UP,0.1963750952242327,1.0,1.103595585617656,0.9137,0.9137,True,False,False,1.7918594992286652,0.7713302480123363,-0.187822781690139,RANGE
2026-07-08,C1_Top5,UP,4,M&MFIN.NS,0.8782,0.4975124378109541,SMALL,GAP_UP,0.1963750952242327,1.0,0.4975124378109541,1.5378,1.5378,True,False,False,2.517714458012965,0.34675109301974816,1.03513762376235,RANGE
2026-07-08,C1_Top5,UP,5,LTTS.NS,0.8155,0.31198623692381133,SMALL,GAP_UP,0.1963750952242327,1.0,0.31198623692381133,2.4355,2.4355,True,True,False,2.989395339549983,0.3056285917153678,2.1169092974200776,RANGE
2026-07-08,C2_Top5,UP,1,JINDALPOLY.NS,0.9056,2.83170900161156,LARGE,GAP_UP,0.1963750952242327,1.0,2.83170900161156,4.9958,4.9958,True,True,True,4.995779295526059,-1.3199293991251748,2.104497746268641,RANGE
2026-07-08,C2_Top5,UP,2,EXIDEIND.NS,0.8801,1.103595585617656,MEDIUM,GAP_UP,0.1963750952242327,1.0,1.103595585617656,0.9137,0.9137,True,False,False,1.7918594992286652,0.7713302480123363,-0.187822781690139,RANGE
2026-07-08,C2_Top5,UP,3,SUDARSCHEM.NS,0.8107,0.6233254961999002,SMALL,GAP_UP,0.1963750952242327,1.0,0.6233254961999002,3.0073,3.0073,True,True,True,4.42342391601509,-0.23511400295259666,2.3692066347878127,RANGE
2026-07-08,C2_Top5,UP,4,M&MFIN.NS,0.8782,0.4975124378109541,SMALL,GAP_UP,0.1963750952242327,1.0,0.4975124378109541,1.5378,1.5378,True,False,False,2.517714458012965,0.34675109301974816,1.03513762376235,RANGE
2026-07-08,C2_Top5,UP,5,LTTS.NS,0.8155,0.31198623692381133,SMALL,GAP_UP,0.1963750952242327,1.0,0.31198623692381133,2.4355,2.4355,True,True,False,2.989395339549983,0.3056285917153678,2.1169092974200776,RANGE
2026-07-08,A_V3_Top5,DOWN,1,POLICYBZR.NS,0.8595,-0.031999999999998696,NO_GAP,NEUTRAL,0.1963750952242327,0.5,0.031999999999998696,0.64,-0.64,False,False,False,0.031999999999998696,2.0672000000000024,0.6722151088348172,RANGE
2026-07-08,A_V3_Top5,DOWN,2,STLTECH.NS,0.8165,-4.998579948878157,LARGE,GAP_DOWN,0.1963750952242327,1.0,4.998579948878157,4.9607,-4.9607,False,False,False,4.998579948878157,4.998579948878157,10.483295874439458,RANGE
2026-07-08,A_V3_Top5,DOWN,3,PAGEIND.NS,0.8095,0.5432814197754432,SMALL,GAP_UP,0.1963750952242327,0.0,-0.5432814197754432,-1.9317,1.9317,True,False,False,4.599782687432086,0.6398647832910775,-2.4616079610951025,RANGE
2026-07-08,A_V3_Top5,DOWN,4,ZYDUSWELL.NS,0.7641,0.017860332202190854,NO_GAP,NEUTRAL,0.1963750952242327,0.5,-0.017860332202190854,2.0718,-2.0718,False,False,False,0.16074298981960666,2.6433291659224922,2.053572892857125,RANGE
2026-07-08,A_V3_Top5,DOWN,5,UNIONBANK.NS,0.7597,0.22669862037698607,NO_GAP,NEUTRAL,0.1963750952242327,0.5,-0.22669862037698607,1.8589,-1.8589,False,False,False,-0.03886262063605983,2.4030053759958703,1.6285095708930886,RANGE
2026-07-08,C1_Top5,DOWN,1,STLTECH.NS,0.8165,-4.998579948878157,LARGE,GAP_DOWN,0.1963750952242327,1.0,4.998579948878157,4.9607,-4.9607,False,False,False,4.998579948878157,4.998579948878157,10.483295874439458,RANGE
2026-07-08,C1_Top5,DOWN,2,MOTHERSON.NS,0.7417,-0.3128332740846007,SMALL,GAP_DOWN,0.1963750952242327,1.0,0.3128332740846007,1.5286,-1.5286,False,False,False,0.4621400639886253,2.4884464984002763,1.8472119677626297,RANGE
2026-07-08,C1_Top5,DOWN,3,AJANTPHARM.NS,0.7298,-0.4818836159570683,SMALL,GAP_DOWN,0.1963750952242327,1.0,0.4818836159570683,0.8784,-0.8784,False,False,False,0.4818836159570683,3.2420428205441,1.3668703401777504,RANGE
2026-07-08,C1_Top5,DOWN,4,POLICYBZR.NS,0.8595,-0.031999999999998696,NO_GAP,NEUTRAL,0.1963750952242327,0.5,0.031999999999998696,0.64,-0.64,False,False,False,0.031999999999998696,2.0672000000000024,0.6722151088348172,RANGE
2026-07-08,C1_Top5,DOWN,5,ZYDUSWELL.NS,0.7641,0.017860332202190854,NO_GAP,NEUTRAL,0.1963750952242327,0.5,-0.017860332202190854,2.0718,-2.0718,False,False,False,0.16074298981960666,2.6433291659224922,2.053572892857125,RANGE
2026-07-08,C2_Top5,DOWN,1,STLTECH.NS,0.8165,-4.998579948878157,LARGE,GAP_DOWN,0.1963750952242327,1.0,4.998579948878157,4.9607,-4.9607,False,False,False,4.998579948878157,4.998579948878157,10.483295874439458,RANGE
2026-07-08,C2_Top5,DOWN,2,AJANTPHARM.NS,0.7298,-0.4818836159570683,SMALL,GAP_DOWN,0.1963750952242327,1.0,0.4818836159570683,0.8784,-0.8784,False,False,False,0.4818836159570683,3.2420428205441,1.3668703401777504,RANGE
2026-07-08,C2_Top5,DOWN,3,MOTHERSON.NS,0.7417,-0.3128332740846007,SMALL,GAP_DOWN,0.1963750952242327,1.0,0.3128332740846007,1.5286,-1.5286,False,False,False,0.4621400639886253,2.4884464984002763,1.8472119677626297,RANGE
2026-07-08,C2_Top5,DOWN,4,MGL.NS,0.6813,-0.16454886187038387,NO_GAP,NEUTRAL,0.1963750952242327,0.5,0.16454886187038387,2.6328,-2.6328,False,False,False,0.4479385684249104,2.9344547033549606,2.801959454262426,RANGE
2026-07-08,C2_Top5,DOWN,5,BEML.NS,0.7117,-0.06755995946402527,NO_GAP,NEUTRAL,0.1963750952242327,0.5,0.06755995946402527,2.2464,-2.2464,False,False,False,0.3715797770521445,2.843148294111031,2.315524326760565,RANGE
2026-07-09,A_V3_Top5,UP,1,KALYANKJIL.NS,0.9824,1.828442437923261,MEDIUM,GAP_UP,0.6756238611306253,1.0,1.828442437923261,7.4831,7.4831,True,True,True,9.119638826185096,-0.6772009029345272,5.553121924185334,RANGE
2026-07-09,A_V3_Top5,UP,2,MAPMYINDIA.NS,0.9822,0.5377852600074728,SMALL,GAP_UP,0.6756238611306253,1.0,0.5377852600074728,1.3234,1.3234,True,False,False,4.442573887018342,0.3928170594837299,0.7814124191823035,RANGE
2026-07-09,A_V3_Top5,UP,3,ALKYLAMINE.NS,0.9517,0.5064974930932165,SMALL,GAP_UP,0.6756238611306253,1.0,0.5064974930932165,0.0716,0.0716,True,False,False,2.680855417988348,1.181827483884168,-0.43270584881649476,RANGE
2026-07-09,A_V3_Top5,UP,4,JINDALPOLY.NS,0.9405,1.5494810700189987,MEDIUM,GAP_UP,0.6756238611306253,1.0,1.5494810700189987,4.9993,4.9993,True,True,True,4.999269112702809,-1.5129367051600617,3.3971802648625316,RANGE
2026-07-09,A_V3_Top5,UP,5,NAUKRI.NS,0.9405,1.0941465241086634,MEDIUM,GAP_UP,0.6756238611306253,1.0,1.0941465241086634,0.1831,0.1831,True,False,False,2.2673378541415268,0.06240379415068942,-0.9011862263374582,RANGE
2026-07-09,C1_Top5,UP,1,KALYANKJIL.NS,0.9824,1.828442437923261,MEDIUM,GAP_UP,0.6756238611306253,1.0,1.828442437923261,7.4831,7.4831,True,True,True,9.119638826185096,-0.6772009029345272,5.553121924185334,RANGE
2026-07-09,C1_Top5,UP,2,MAPMYINDIA.NS,0.9822,0.5377852600074728,SMALL,GAP_UP,0.6756238611306253,1.0,0.5377852600074728,1.3234,1.3234,True,False,False,4.442573887018342,0.3928170594837299,0.7814124191823035,RANGE
2026-07-09,C1_Top5,UP,3,ALKYLAMINE.NS,0.9517,0.5064974930932165,SMALL,GAP_UP,0.6756238611306253,1.0,0.5064974930932165,0.0716,0.0716,True,False,False,2.680855417988348,1.181827483884168,-0.43270584881649476,RANGE
2026-07-09,C1_Top5,UP,4,JINDALPOLY.NS,0.9405,1.5494810700189987,MEDIUM,GAP_UP,0.6756238611306253,1.0,1.5494810700189987,4.9993,4.9993,True,True,True,4.999269112702809,-1.5129367051600617,3.3971802648625316,RANGE
2026-07-09,C1_Top5,UP,5,NAUKRI.NS,0.9405,1.0941465241086634,MEDIUM,GAP_UP,0.6756238611306253,1.0,1.0941465241086634,0.1831,0.1831,True,False,False,2.2673378541415268,0.06240379415068942,-0.9011862263374582,RANGE
2026-07-09,C2_Top5,UP,1,HFCL.NS,0.889,3.311906092789263,LARGE,GAP_UP,0.6756238611306253,1.0,3.311906092789263,1.1971,1.1971,True,False,False,3.717160424818333,0.0,-2.047011010415256,RANGE
2026-07-09,C2_Top5,UP,2,PERSISTENT.NS,0.7778,1.997971013850619,MEDIUM,GAP_UP,0.6756238611306253,1.0,1.997971013850619,4.6378,4.6378,True,True,True,4.875877448309018,-1.513490993881672,2.5881191163997785,RANGE
2026-07-09,C2_Top5,UP,3,HCLTECH.NS,0.7539,1.9645340751043072,MEDIUM,GAP_UP,0.6756238611306253,1.0,1.9645340751043072,1.1909,1.1909,True,False,False,3.5726703755215583,-0.26947148817801914,-0.7587285933503884,RANGE
2026-07-09,C2_Top5,UP,4,KALYANKJIL.NS,0.9824,1.828442437923261,MEDIUM,GAP_UP,0.6756238611306253,1.0,1.828442437923261,7.4831,7.4831,True,True,True,9.119638826185096,-0.6772009029345272,5.553121924185334,RANGE
2026-07-09,C2_Top5,UP,5,NATIONALUM.NS,0.8241,1.573676680972813,MEDIUM,GAP_UP,0.6756238611306253,1.0,1.573676680972813,1.5308,1.5308,True,False,False,4.105865522174534,-1.3161659513590829,-0.04221239436618118,RANGE
2026-07-09,A_V3_Top5,DOWN,1,ZYDUSWELL.NS,0.8575,0.8573928258967634,SMALL,GAP_UP,0.6756238611306253,0.0,-0.8573928258967634,3.6658,-3.6658,False,False,False,-0.33245844269464975,4.986876640419946,2.784532789729366,RANGE
2026-07-09,A_V3_Top5,DOWN,2,POLICYBZR.NS,0.8568,-0.03815580286168352,NO_GAP,NEUTRAL,0.6756238611306253,0.5,0.03815580286168352,0.5024,-0.5024,False,False,False,0.19713831478537225,1.0747217806041487,0.5407621349958536,RANGE
2026-07-09,A_V3_Top5,DOWN,3,PAGEIND.NS,0.8177,-0.024621445278838472,NO_GAP,NEUTRAL,0.6756238611306253,0.5,0.024621445278838472,-3.0038,3.0038,True,True,True,3.3608272805613737,0.738643358365132,-2.9799122521856902,RANGE
2026-07-09,A_V3_Top5,DOWN,4,ZENSARTECH.NS,0.8122,1.553419758605279,MEDIUM,GAP_UP,0.6756238611306253,0.0,-1.553419758605279,13.6008,-13.6008,False,False,False,-1.2963790791238328,15.28833258828788,11.86309655551887,RANGE
2026-07-09,A_V3_Top5,DOWN,5,DRREDDY.NS,0.7822,-1.9377707758960194,MEDIUM,GAP_DOWN,0.6756238611306253,1.0,1.9377707758960194,-1.985,1.985,True,False,False,3.7416305632138602,-1.3942497046081193,-0.04816250301229452,RANGE
2026-07-09,C1_Top5,DOWN,1,DRREDDY.NS,0.7822,-1.9377707758960194,MEDIUM,GAP_DOWN,0.6756238611306253,1.0,1.9377707758960194,-1.985,1.985,True,False,False,3.7416305632138602,-1.3942497046081193,-0.04816250301229452,RANGE
2026-07-09,C1_Top5,DOWN,2,POLICYBZR.NS,0.8568,-0.03815580286168352,NO_GAP,NEUTRAL,0.6756238611306253,0.5,0.03815580286168352,0.5024,-0.5024,False,False,False,0.19713831478537225,1.0747217806041487,0.5407621349958536,RANGE
2026-07-09,C1_Top5,DOWN,3,PAGEIND.NS,0.8177,-0.024621445278838472,NO_GAP,NEUTRAL,0.6756238611306253,0.5,0.024621445278838472,-3.0038,3.0038,True,True,True,3.3608272805613737,0.738643358365132,-2.9799122521856902,RANGE
2026-07-09,C1_Top5,DOWN,4,ADANIPORTS.NS,0.6966,0.0,NO_GAP,NEUTRAL,0.6756238611306253,0.5,-0.0,1.5555,-1.5555,False,False,False,0.0,2.9331703794233777,1.5554999999999986,RANGE
2026-07-09,C1_Top5,DOWN,5,ZYDUSWELL.NS,0.8575,0.8573928258967634,SMALL,GAP_UP,0.6756238611306253,0.0,-0.8573928258967634,3.6658,-3.6658,False,False,False,-0.33245844269464975,4.986876640419946,2.784532789729366,RANGE
2026-07-09,C2_Top5,DOWN,1,DRREDDY.NS,0.7822,-1.9377707758960194,MEDIUM,GAP_DOWN,0.6756238611306253,1.0,1.9377707758960194,-1.985,1.985,True,False,False,3.7416305632138602,-1.3942497046081193,-0.04816250301229452,RANGE
2026-07-09,C2_Top5,DOWN,2,POLICYBZR.NS,0.8568,-0.03815580286168352,NO_GAP,NEUTRAL,0.6756238611306253,0.5,0.03815580286168352,0.5024,-0.5024,False,False,False,0.19713831478537225,1.0747217806041487,0.5407621349958536,RANGE
2026-07-09,C2_Top5,DOWN,3,PAGEIND.NS,0.8177,-0.024621445278838472,NO_GAP,NEUTRAL,0.6756238611306253,0.5,0.024621445278838472,-3.0038,3.0038,True,True,True,3.3608272805613737,0.738643358365132,-2.9799122521856902,RANGE
2026-07-09,C2_Top5,DOWN,4,ADANIPORTS.NS,0.6966,0.0,NO_GAP,NEUTRAL,0.6756238611306253,0.5,-0.0,1.5555,-1.5555,False,False,False,0.0,2.9331703794233777,1.5554999999999986,RANGE
2026-07-09,C2_Top5,DOWN,5,UNIONBANK.NS,0.7583,0.34338038916446045,SMALL,GAP_UP,0.6756238611306253,0.0,-0.34338038916446045,4.6102,-4.6102,False,False,False,-0.21620246725169157,5.239730382805541,4.252218326996182,RANGE
2026-07-10,A_V3_Top5,UP,1,KALYANKJIL.NS,0.9874,-1.1866008610731837,MEDIUM,GAP_DOWN,-0.6919514569490248,0.0,-1.1866008610731837,7.2456,7.2456,True,True,True,11.708495222093873,1.5016276383492566,8.533458958554728,RANGE
2026-07-10,A_V3_Top5,UP,2,IDEAFORGE.NS,0.9542,-0.6383569247848997,SMALL,GAP_DOWN,-0.6919514569490248,0.0,-0.6383569247848997,0.7494,0.7494,True,False,False,3.802386899805721,0.8603941160144291,1.396672681564226,RANGE
2026-07-10,A_V3_Top5,UP,3,MAPMYINDIA.NS,0.9485,-1.4076706512207493,MEDIUM,GAP_DOWN,-0.6919514569490248,0.0,-1.4076706512207493,9.3737,9.3737,True,True,True,12.429039553237642,1.924585775603449,10.935303712199218,RANGE
2026-07-10,A_V3_Top5,UP,4,SUDARSCHEM.NS,0.9367,-0.9256942707030258,SMALL,GAP_DOWN,-0.6919514569490248,0.0,-0.9256942707030258,3.8829,3.8829,True,True,True,5.308981736302232,1.305979484613451,4.853523055555553,RANGE
2026-07-10,A_V3_Top5,UP,5,MRPL.NS,0.9298,0.006154224875376535,NO_GAP,NEUTRAL,-0.6919514569490248,0.5,0.006154224875376535,1.3847,1.3847,True,False,False,4.621822881408089,-0.006154224875376535,1.3784609415384619,RANGE
2026-07-10,C1_Top5,UP,1,JINDALPOLY.NS,0.8606,0.890992621467368,SMALL,GAP_UP,-0.6919514569490248,1.0,0.890992621467368,-4.274,-4.274,False,False,False,4.072114715300024,4.837811499373523,-5.119379329377683,RANGE
2026-07-10,C1_Top5,UP,2,MRPL.NS,0.9298,0.006154224875376535,NO_GAP,NEUTRAL,-0.6919514569490248,0.5,0.006154224875376535,1.3847,1.3847,True,False,False,4.621822881408089,-0.006154224875376535,1.3784609415384619,RANGE
2026-07-10,C1_Top5,UP,3,SOBHA.NS,0.8436,0.15218685899556217,NO_GAP,NEUTRAL,-0.6919514569490248,0.5,0.15218685899556217,0.4169,0.4169,True,False,False,2.5805597829682947,1.6740554489512283,0.2643108945560302,RANGE
2026-07-10,C1_Top5,UP,4,OFSS.NS,0.8222,-0.22315681057419878,NO_GAP,NEUTRAL,-0.6919514569490248,0.5,-0.22315681057419878,0.8154,0.8154,True,False,False,2.634966955626128,0.8754613337910944,1.0408796043010815,RANGE
2026-07-10,C1_Top5,UP,5,NATCOPHARM.NS,0.801,-0.005080784473132649,NO_GAP,NEUTRAL,-0.6919514569490248,0.5,-0.005080784473132649,-0.4217,-0.4217,False,False,False,0.49283609389290106,2.245706737120212,-0.4166403841268207,RANGE
2026-07-10,C2_Top5,UP,1,JINDALPOLY.NS,0.8606,0.890992621467368,SMALL,GAP_UP,-0.6919514569490248,1.0,0.890992621467368,-4.274,-4.274,False,False,False,4.072114715300024,4.837811499373523,-5.119379329377683,RANGE
2026-07-10,C2_Top5,UP,2,SOBHA.NS,0.8436,0.15218685899556217,NO_GAP,NEUTRAL,-0.6919514569490248,0.5,0.15218685899556217,0.4169,0.4169,True,False,False,2.5805597829682947,1.6740554489512283,0.2643108945560302,RANGE
2026-07-10,C2_Top5,UP,3,MRPL.NS,0.9298,0.006154224875376535,NO_GAP,NEUTRAL,-0.6919514569490248,0.5,0.006154224875376535,1.3847,1.3847,True,False,False,4.621822881408089,-0.006154224875376535,1.3784609415384619,RANGE
2026-07-10,C2_Top5,UP,4,LTTS.NS,0.7771,0.0,NO_GAP,NEUTRAL,-0.6919514569490248,0.5,0.0,0.5948,0.5948,True,False,False,1.549630895003351,1.8485723872856963,0.5948000000000064,RANGE
2026-07-10,C2_Top5,UP,5,NATCOPHARM.NS,0.801,-0.005080784473132649,NO_GAP,NEUTRAL,-0.6919514569490248,0.5,-0.005080784473132649,-0.4217,-0.4217,False,False,False,0.49283609389290106,2.245706737120212,-0.4166403841268207,RANGE
2026-07-10,A_V3_Top5,DOWN,1,DRREDDY.NS,0.864,0.0,NO_GAP,NEUTRAL,-0.6919514569490248,0.5,-0.0,-0.7876,0.7876,True,False,False,1.4465964799485698,0.3857590613196127,-0.7875999999999994,RANGE
2026-07-10,A_V3_Top5,DOWN,2,PAGEIND.NS,0.8473,0.012691965985522913,NO_GAP,NEUTRAL,-0.6919514569490248,0.5,-0.012691965985522913,1.4215,-1.4215,False,False,False,0.24114735372509077,2.449549435207521,1.4086292512690557,RANGE
2026-07-10,A_V3_Top5,DOWN,3,ZENSARTECH.NS,0.8329,-0.8362026561731462,SMALL,GAP_DOWN,-0.6919514569490248,1.0,0.8362026561731462,6.2863,-6.2863,False,False,False,2.390555828824392,7.702902115100829,7.182563442460332,RANGE
2026-07-10,A_V3_Top5,DOWN,4,INTELLECT.NS,0.8279,-0.006589785831956352,NO_GAP,NEUTRAL,-0.6919514569490248,0.5,0.006589785831956352,2.5766,-2.5766,False,False,False,0.5667215815485904,4.955518945634263,2.58336002372479,RANGE
2026-07-10,A_V3_Top5,DOWN,5,ASHOKLEY.NS,0.8145,-2.025525430186037,LARGE,GAP_DOWN,-0.6919514569490248,1.0,2.025525430186037,1.0985,-1.0985,False,False,False,2.6604863800876233,1.8286875357165444,3.1886115683732896,RANGE
2026-07-10,C1_Top5,DOWN,1,ZENSARTECH.NS,0.8329,-0.8362026561731462,SMALL,GAP_DOWN,-0.6919514569490248,1.0,0.8362026561731462,6.2863,-6.2863,False,False,False,2.390555828824392,7.702902115100829,7.182563442460332,RANGE
2026-07-10,C1_Top5,DOWN,2,ASHOKLEY.NS,0.8145,-2.025525430186037,LARGE,GAP_DOWN,-0.6919514569490248,1.0,2.025525430186037,1.0985,-1.0985,False,False,False,2.6604863800876233,1.8286875357165444,3.1886115683732896,RANGE
2026-07-10,C1_Top5,DOWN,3,ZYDUSWELL.NS,0.8002,-0.4135370073424016,SMALL,GAP_DOWN,-0.6919514569490248,1.0,0.4135370073424016,0.0338,-0.0338,False,False,False,1.6288294370833123,1.434720229555242,0.4491945932203478,RANGE
2026-07-10,C1_Top5,DOWN,4,MARUTI.NS,0.7842,-1.2415186949617407,MEDIUM,GAP_DOWN,-0.6919514569490248,1.0,1.2415186949617407,-1.1477,1.1477,True,False,False,2.2953659592897413,-0.09383571531688117,0.09499811431077365,RANGE
2026-07-10,C1_Top5,DOWN,5,DEEPAKFERT.NS,0.7428,-1.8084130520246489,MEDIUM,GAP_DOWN,-0.6919514569490248,1.0,1.8084130520246489,-0.8387,0.8387,True,False,False,3.3088717075088425,0.36037216616433554,0.9875724409448949,RANGE
2026-07-10,C2_Top5,DOWN,1,SHRIRAMFIN.NS,0.7318,-2.317785652715254,LARGE,GAP_DOWN,-0.6919514569490248,1.0,2.317785652715254,0.3831,-0.3831,False,False,False,2.5955368259745204,0.8619863997701316,2.7649717717423083,RANGE
2026-07-10,C2_Top5,DOWN,2,ASHOKLEY.NS,0.8145,-2.025525430186037,LARGE,GAP_DOWN,-0.6919514569490248,1.0,2.025525430186037,1.0985,-1.0985,False,False,False,2.6604863800876233,1.8286875357165444,3.1886115683732896,RANGE
2026-07-10,C2_Top5,DOWN,3,DEEPAKFERT.NS,0.7428,-1.8084130520246489,MEDIUM,GAP_DOWN,-0.6919514569490248,1.0,1.8084130520246489,-0.8387,0.8387,True,False,False,3.3088717075088425,0.36037216616433554,0.9875724409448949,RANGE
2026-07-10,C2_Top5,DOWN,4,BEML.NS,0.678,-1.3207344572103485,MEDIUM,GAP_DOWN,-0.6919514569490248,1.0,1.3207344572103485,1.2509,-1.2509,False,False,False,1.6482336518844565,1.4710619564050287,2.606053503808492,RANGE
2026-07-10,C2_Top5,DOWN,5,MARUTI.NS,0.7842,-1.2415186949617407,MEDIUM,GAP_DOWN,-0.6919514569490248,1.0,1.2415186949617407,-1.1477,1.1477,True,False,False,2.2953659592897413,-0.09383571531688117,0.09499811431077365,RANGE
2026-07-13,A_V3_Top5,UP,1,KALYANKJIL.NS,0.9942,0.9595613433858841,SMALL,GAP_UP,-0.5906406179009505,1.0,0.9595613433858841,3.7403,3.7403,True,True,True,4.76843239009106,0.6560266327229947,2.7543093686354325,RANGE
2026-07-13,A_V3_Top5,UP,2,MAPMYINDIA.NS,0.9854,-0.5823276225841889,SMALL,GAP_DOWN,-0.5906406179009505,0.0,-0.5823276225841889,-0.5064,-0.5064,False,False,False,3.9707992235631595,1.0043041606886738,0.07637235993209757,RANGE
2026-07-13,A_V3_Top5,UP,3,JINDALPOLY.NS,0.9609,0.0,NO_GAP,NEUTRAL,-0.5906406179009505,0.5,0.0,-2.2106,-2.2106,False,False,False,0.0,3.054101221640493,-2.210599999999996,RANGE
2026-07-13,A_V3_Top5,UP,4,ZENSARTECH.NS,0.9592,0.9903739355793917,SMALL,GAP_UP,-0.5906406179009505,1.0,0.9903739355793917,-2.2769,-2.2769,False,False,False,3.2950758978156136,3.1654942613846715,-3.235233030886242,RANGE
2026-07-13,A_V3_Top5,UP,5,SUDARSCHEM.NS,0.9381,-0.7706757863301328,SMALL,GAP_DOWN,-0.5906406179009505,0.0,-0.7706757863301328,2.7118,2.7118,True,True,False,3.9159963392900288,0.7706757863301328,3.509522828988887,RANGE
2026-07-13,C1_Top5,UP,1,KALYANKJIL.NS,0.9942,0.9595613433858841,SMALL,GAP_UP,-0.5906406179009505,1.0,0.9595613433858841,3.7403,3.7403,True,True,True,4.76843239009106,0.6560266327229947,2.7543093686354325,RANGE
2026-07-13,C1_Top5,UP,2,ZENSARTECH.NS,0.9592,0.9903739355793917,SMALL,GAP_UP,-0.5906406179009505,1.0,0.9903739355793917,-2.2769,-2.2769,False,False,False,3.2950758978156136,3.1654942613846715,-3.235233030886242,RANGE
2026-07-13,C1_Top5,UP,3,MASTEK.NS,0.9228,0.4686249857126512,SMALL,GAP_UP,-0.5906406179009505,1.0,0.4686249857126512,-1.7316,-1.7316,False,False,False,0.5429191907646569,2.4688535832666614,-2.189962275312851,RANGE
2026-07-13,C1_Top5,UP,4,IDEAFORGE.NS,0.9,1.1570247933884392,MEDIUM,GAP_UP,-0.5906406179009505,1.0,1.1570247933884392,-0.4738,-0.4738,False,False,False,1.1570247933884392,4.115702479338845,-1.612171568627463,RANGE
2026-07-13,C1_Top5,UP,5,ROUTE.NS,0.866,1.0551599897057562,MEDIUM,GAP_UP,-0.5906406179009505,1.0,1.0551599897057562,-2.3076,-2.3076,False,False,False,2.5392468044951544,3.216951188127304,-3.32764797962648,RANGE
2026-07-13,C2_Top5,UP,1,IDEAFORGE.NS,0.9,1.1570247933884392,MEDIUM,GAP_UP,-0.5906406179009505,1.0,1.1570247933884392,-0.4738,-0.4738,False,False,False,1.1570247933884392,4.115702479338845,-1.612171568627463,RANGE
2026-07-13,C2_Top5,UP,2,ROUTE.NS,0.866,1.0551599897057562,MEDIUM,GAP_UP,-0.5906406179009505,1.0,1.0551599897057562,-2.3076,-2.3076,False,False,False,2.5392468044951544,3.216951188127304,-3.32764797962648,RANGE
2026-07-13,C2_Top5,UP,3,ZENSARTECH.NS,0.9592,0.9903739355793917,SMALL,GAP_UP,-0.5906406179009505,1.0,0.9903739355793917,-2.2769,-2.2769,False,False,False,3.2950758978156136,3.1654942613846715,-3.235233030886242,RANGE
2026-07-13,C2_Top5,UP,4,KALYANKJIL.NS,0.9942,0.9595613433858841,SMALL,GAP_UP,-0.5906406179009505,1.0,0.9595613433858841,3.7403,3.7403,True,True,True,4.76843239009106,0.6560266327229947,2.7543093686354325,RANGE
2026-07-13,C2_Top5,UP,5,SHYAMMETL.NS,0.8638,0.8451935687569856,SMALL,GAP_UP,-0.5906406179009505,1.0,0.8451935687569856,0.6412,0.6412,True,False,False,1.617525622965954,0.8889104774857826,-0.20228387842589068,RANGE
2026-07-13,A_V3_Top5,DOWN,1,DRREDDY.NS,0.8376,0.0,NO_GAP,NEUTRAL,-0.5906406179009505,0.5,-0.0,0.9478,-0.9478,False,False,False,0.26731470230861865,1.0935601458080146,0.9478000000000097,RANGE
2026-07-13,A_V3_Top5,DOWN,2,PAGEIND.NS,0.835,0.11262670504317285,NO_GAP,NEUTRAL,-0.5906406179009505,0.5,-0.11262670504317285,1.4391,-1.4391,False,False,False,0.7007883869353027,1.6894005756475927,1.3249810125000039,RANGE
2026-07-13,A_V3_Top5,DOWN,3,MANAPPURAM.NS,0.8123,-1.868877166541072,MEDIUM,GAP_DOWN,-0.5906406179009505,1.0,1.868877166541072,-1.1002,1.1002,True,False,False,2.7128862094951023,0.01507159005276204,0.783316387651678,RANGE
2026-07-13,A_V3_Top5,DOWN,4,ASHOKLEY.NS,0.8074,-1.7083280994849903,MEDIUM,GAP_DOWN,-0.5906406179009505,1.0,1.7083280994849903,-2.5311,2.5311,True,True,False,3.3726918728802957,-1.4571033789724908,-0.8370718338658101,RANGE
2026-07-13,A_V3_Top5,DOWN,5,MARUTI.NS,0.807,-0.554947060971156,SMALL,GAP_DOWN,-0.5906406179009505,1.0,0.554947060971156,-1.5042,1.5042,True,False,False,1.642935377875132,-0.03650967506388936,-0.9545501872384232,RANGE
2026-07-13,C1_Top5,DOWN,1,MANAPPURAM.NS,0.8123,-1.868877166541072,MEDIUM,GAP_DOWN,-0.5906406179009505,1.0,1.868877166541072,-1.1002,1.1002,True,False,False,2.7128862094951023,0.01507159005276204,0.783316387651678,RANGE
2026-07-13,C1_Top5,DOWN,2,ASHOKLEY.NS,0.8074,-1.7083280994849903,MEDIUM,GAP_DOWN,-0.5906406179009505,1.0,1.7083280994849903,-2.5311,2.5311,True,True,False,3.3726918728802957,-1.4571033789724908,-0.8370718338658101,RANGE
2026-07-13,C1_Top5,DOWN,3,MARUTI.NS,0.807,-0.554947060971156,SMALL,GAP_DOWN,-0.5906406179009505,1.0,0.554947060971156,-1.5042,1.5042,True,False,False,1.642935377875132,-0.03650967506388936,-0.9545501872384232,RANGE
2026-07-13,C1_Top5,DOWN,4,HFCL.NS,0.8037,-1.2486604854866523,MEDIUM,GAP_DOWN,-0.5906406179009505,1.0,1.2486604854866523,-0.8619,0.8619,True,False,False,3.974281321343709,-0.03727344732795679,0.3916508752064063,RANGE
2026-07-13,C1_Top5,DOWN,5,STLTECH.NS,0.7507,-3.5028466660233515,LARGE,GAP_DOWN,-0.5906406179009505,1.0,3.5028466660233515,3.03,-3.03,False,False,False,4.9985525426999855,4.19762617002799,6.769988999999987,RANGE
2026-07-13,C2_Top5,DOWN,1,STLTECH.NS,0.7507,-3.5028466660233515,LARGE,GAP_DOWN,-0.5906406179009505,1.0,3.5028466660233515,3.03,-3.03,False,False,False,4.9985525426999855,4.19762617002799,6.769988999999987,RANGE
2026-07-13,C2_Top5,DOWN,2,GODREJCP.NS,0.6985,-1.974361373631528,MEDIUM,GAP_DOWN,-0.5906406179009505,1.0,1.974361373631528,-0.6644,0.6644,True,False,False,2.6387199401141648,0.3368578646954168,1.336345666284866,RANGE
2026-07-13,C2_Top5,DOWN,3,MANAPPURAM.NS,0.8123,-1.868877166541072,MEDIUM,GAP_DOWN,-0.5906406179009505,1.0,1.868877166541072,-1.1002,1.1002,True,False,False,2.7128862094951023,0.01507159005276204,0.783316387651678,RANGE
2026-07-13,C2_Top5,DOWN,4,ASHOKLEY.NS,0.8074,-1.7083280994849903,MEDIUM,GAP_DOWN,-0.5906406179009505,1.0,1.7083280994849903,-2.5311,2.5311,True,True,False,3.3726918728802957,-1.4571033789724908,-0.8370718338658101,RANGE
2026-07-13,C2_Top5,DOWN,5,HFCL.NS,0.8037,-1.2486604854866523,MEDIUM,GAP_DOWN,-0.5906406179009505,1.0,1.2486604854866523,-0.8619,0.8619,True,False,False,3.974281321343709,-0.03727344732795679,0.3916508752064063,RANGE
2026-07-14,A_V3_Top5,UP,1,KALYANKJIL.NS,0.9909,0.8022652194431323,SMALL,GAP_UP,0.1405235681607664,1.0,0.8022652194431323,3.4639,3.4639,True,True,True,4.011326097215662,2.1613968853232746,2.64045135767792,RANGE
2026-07-14,A_V3_Top5,UP,2,WELCORP.NS,0.9628,0.5702744445764463,SMALL,GAP_UP,0.1405235681607664,1.0,0.5702744445764463,-0.196,-0.196,False,False,False,0.9148152548413835,1.1286681715575675,-0.7619293561724638,RANGE
2026-07-14,A_V3_Top5,UP,3,SUDARSCHEM.NS,0.9525,0.44550740949165224,SMALL,GAP_UP,0.1405235681607664,1.0,0.44550740949165224,0.3095,0.3095,True,False,False,1.7632714312511677,-0.1266178953291952,-0.13540417386431747,RANGE
2026-07-14,A_V3_Top5,UP,4,BIOCON.NS,0.9333,0.16007317630917228,NO_GAP,NEUTRAL,0.1405235681607664,0.5,0.16007317630917228,-0.6174,-0.6174,False,False,False,0.9032700663160309,1.4177909901669339,-0.7762306392694152,RANGE
2026-07-14,A_V3_Top5,UP,5,ZENSARTECH.NS,0.9217,-0.18942981625307276,NO_GAP,NEUTRAL,0.1405235681607664,0.5,-0.18942981625307276,-2.8036,-2.8036,False,False,False,0.0,3.5802235271831795,-2.619131599924085,RANGE
2026-07-14,C1_Top5,UP,1,KALYANKJIL.NS,0.9909,0.8022652194431323,SMALL,GAP_UP,0.1405235681607664,1.0,0.8022652194431323,3.4639,3.4639,True,True,True,4.011326097215662,2.1613968853232746,2.64045135767792,RANGE
2026-07-14,C1_Top5,UP,2,WELCORP.NS,0.9628,0.5702744445764463,SMALL,GAP_UP,0.1405235681607664,1.0,0.5702744445764463,-0.196,-0.196,False,False,False,0.9148152548413835,1.1286681715575675,-0.7619293561724638,RANGE
2026-07-14,C1_Top5,UP,3,SUDARSCHEM.NS,0.9525,0.44550740949165224,SMALL,GAP_UP,0.1405235681607664,1.0,0.44550740949165224,0.3095,0.3095,True,False,False,1.7632714312511677,-0.1266178953291952,-0.13540417386431747,RANGE
2026-07-14,C1_Top5,UP,4,MRPL.NS,0.9158,0.6625891946992812,SMALL,GAP_UP,0.1405235681607664,1.0,0.6625891946992812,0.3249,0.3249,True,False,False,3.402140672782883,0.5160550458715663,-0.33546643037973833,RANGE
2026-07-14,C1_Top5,UP,5,BLUESTARCO.NS,0.8333,0.3894170198144531,SMALL,GAP_UP,0.1405235681607664,1.0,0.3894170198144531,0.441,0.441,True,False,False,0.9735425495361438,0.4524109494903228,0.0513828864803223,RANGE
2026-07-14,C2_Top5,UP,1,LTTS.NS,0.7825,1.733925427896943,MEDIUM,GAP_UP,0.1405235681607664,1.0,1.733925427896943,6.5349,6.5349,True,True,True,9.319482878762164,0.9444019026327188,4.71914806384397,RANGE
2026-07-14,C2_Top5,UP,2,KALYANKJIL.NS,0.9909,0.8022652194431323,SMALL,GAP_UP,0.1405235681607664,1.0,0.8022652194431323,3.4639,3.4639,True,True,True,4.011326097215662,2.1613968853232746,2.64045135767792,RANGE
2026-07-14,C2_Top5,UP,3,ROUTE.NS,0.7943,0.7903055848261342,SMALL,GAP_UP,0.1405235681607664,1.0,0.7903055848261342,1.484,1.484,True,False,False,4.812082894274661,0.42149631190726566,0.6882550967067358,RANGE
2026-07-14,C2_Top5,UP,4,JINDALPOLY.NS,0.7803,0.7733491969066142,SMALL,GAP_UP,0.1405235681607664,1.0,0.7733491969066142,0.4759,0.4759,True,False,False,2.171326591314693,0.773349196906592,-0.2951665289256389,RANGE
2026-07-14,C2_Top5,UP,5,MRPL.NS,0.9158,0.6625891946992812,SMALL,GAP_UP,0.1405235681607664,1.0,0.6625891946992812,0.3249,0.3249,True,False,False,3.402140672782883,0.5160550458715663,-0.33546643037973833,RANGE
2026-07-14,A_V3_Top5,DOWN,1,RAJESHEXPO.NS,0.8951,0.0,NO_GAP,NEUTRAL,0.1405235681607664,0.5,-0.0,-2.4111,2.4111,True,True,False,2.777777777777779,1.0999999999999899,-2.4110999999999994,RANGE
2026-07-14,A_V3_Top5,DOWN,2,ASHOKLEY.NS,0.8203,0.5154971325472157,SMALL,GAP_UP,0.1405235681607664,0.0,-0.5154971325472157,0.857,-0.857,False,False,False,-0.36084799278304214,1.726915394033135,0.33975145842679577,RANGE
2026-07-14,A_V3_Top5,DOWN,3,MARUTI.NS,0.8155,0.10378827192527584,NO_GAP,NEUTRAL,0.1405235681607664,0.5,-0.10378827192527584,0.6969,-0.6969,False,False,False,0.400326191711764,0.8673734153754831,0.5924967858994323,RANGE
2026-07-14,A_V3_Top5,DOWN,4,INTELLECT.NS,0.8117,0.7191871206122968,SMALL,GAP_UP,0.1405235681607664,0.0,-0.7191871206122968,-0.3167,0.3167,True,False,False,1.0292953285827355,1.2008445500131915,-1.028490350474942,RANGE
2026-07-14,A_V3_Top5,DOWN,5,DRREDDY.NS,0.8101,0.23270743058898535,NO_GAP,NEUTRAL,0.1405235681607664,0.5,-0.23270743058898535,-1.3401,1.3401,True,False,False,1.5888300433317237,0.23270743058898535,-1.5691558882395262,RANGE
2026-07-14,C1_Top5,DOWN,1,HCLTECH.NS,0.7023,-0.8314048170052324,SMALL,GAP_DOWN,0.1405235681607664,1.0,0.8314048170052324,0.1114,-0.1114,False,False,False,1.902802777063517,1.277106368389469,0.9507090579083943,RANGE
2026-07-14,C1_Top5,DOWN,2,RAJESHEXPO.NS,0.8951,0.0,NO_GAP,NEUTRAL,0.1405235681607664,0.5,-0.0,-2.4111,2.4111,True,True,False,2.777777777777779,1.0999999999999899,-2.4110999999999994,RANGE
2026-07-14,C1_Top5,DOWN,3,MARUTI.NS,0.8155,0.10378827192527584,NO_GAP,NEUTRAL,0.1405235681607664,0.5,-0.10378827192527584,0.6969,-0.6969,False,False,False,0.400326191711764,0.8673734153754831,0.5924967858994323,RANGE
2026-07-14,C1_Top5,DOWN,4,DRREDDY.NS,0.8101,0.23270743058898535,NO_GAP,NEUTRAL,0.1405235681607664,0.5,-0.23270743058898535,-1.3401,1.3401,True,False,False,1.5888300433317237,0.23270743058898535,-1.5691558882395262,RANGE
2026-07-14,C1_Top5,DOWN,5,TVSMOTOR.NS,0.7601,-0.01939640891798211,NO_GAP,NEUTRAL,0.1405235681607664,0.5,0.01939640891798211,0.1081,-0.1081,False,False,False,0.717766897177885,1.1778073710732473,0.12752114344043441,RANGE
2026-07-14,C2_Top5,DOWN,1,HCLTECH.NS,0.7023,-0.8314048170052324,SMALL,GAP_DOWN,0.1405235681607664,1.0,0.8314048170052324,0.1114,-0.1114,False,False,False,1.902802777063517,1.277106368389469,0.9507090579083943,RANGE
2026-07-14,C2_Top5,DOWN,2,M&M.NS,0.7118,-0.14547570555717426,NO_GAP,NEUTRAL,0.1405235681607664,0.5,0.14547570555717426,-0.3362,0.3362,True,False,False,0.44936152329229095,0.8599198267222663,-0.19100215617715577,RANGE
2026-07-14,C2_Top5,DOWN,3,DABUR.NS,0.7432,-0.10357923811715741,NO_GAP,NEUTRAL,0.1405235681607664,0.5,0.10357923811715741,-0.7251,0.7251,True,False,False,1.0127747727011083,0.7250546668201352,-0.622165195852542,RANGE
2026-07-14,C2_Top5,DOWN,4,TVSMOTOR.NS,0.7601,-0.01939640891798211,NO_GAP,NEUTRAL,0.1405235681607664,0.5,0.01939640891798211,0.1081,-0.1081,False,False,False,0.717766897177885,1.1778073710732473,0.12752114344043441,RANGE
2026-07-14,C2_Top5,DOWN,5,RAJESHEXPO.NS,0.8951,0.0,NO_GAP,NEUTRAL,0.1405235681607664,0.5,-0.0,-2.4111,2.4111,True,True,False,2.777777777777779,1.0999999999999899,-2.4110999999999994,RANGE
2026-07-15,A_V3_Top5,UP,1,KALYANKJIL.NS,0.9871,-0.5747126436781547,SMALL,GAP_DOWN,0.2641343937537677,0.0,-0.5747126436781547,-0.2737,-0.2737,False,False,False,1.3683634373289566,2.8461959496442257,0.3027526011560644,RANGE
2026-07-15,A_V3_Top5,UP,2,LTTS.NS,0.9578,0.6812416269988297,SMALL,GAP_UP,0.2641343937537677,1.0,0.6812416269988297,-0.801,-0.801,False,False,False,4.5492090186129985,1.530653022831574,-1.4722123039465407,RANGE
2026-07-15,A_V3_Top5,UP,3,UNIONBANK.NS,0.9385,1.54890358510269,MEDIUM,GAP_UP,0.2641343937537677,1.0,1.54890358510269,-2.0942,-2.0942,False,False,False,1.5721081331941056,2.5118923308968477,-3.587536109682954,RANGE
2026-07-15,A_V3_Top5,UP,4,ROUTE.NS,0.9337,0.6835684001038178,SMALL,GAP_UP,0.2641343937537677,1.0,0.6835684001038178,-1.6267,-1.6267,False,False,False,1.9728303192870111,2.2670243142684177,-2.294583353386026,RANGE
2026-07-15,A_V3_Top5,UP,5,BIOCON.NS,0.9176,0.8743672342383713,SMALL,GAP_UP,0.2641343937537677,1.0,0.8743672342383713,1.4036,1.4036,True,False,False,2.887712839392531,0.13805798435343464,0.524645437956206,RANGE
2026-07-15,C1_Top5,UP,1,LTTS.NS,0.9578,0.6812416269988297,SMALL,GAP_UP,0.2641343937537677,1.0,0.6812416269988297,-0.801,-0.801,False,False,False,4.5492090186129985,1.530653022831574,-1.4722123039465407,RANGE
2026-07-15,C1_Top5,UP,2,UNIONBANK.NS,0.9385,1.54890358510269,MEDIUM,GAP_UP,0.2641343937537677,1.0,1.54890358510269,-2.0942,-2.0942,False,False,False,1.5721081331941056,2.5118923308968477,-3.587536109682954,RANGE
2026-07-15,C1_Top5,UP,3,ROUTE.NS,0.9337,0.6835684001038178,SMALL,GAP_UP,0.2641343937537677,1.0,0.6835684001038178,-1.6267,-1.6267,False,False,False,1.9728303192870111,2.2670243142684177,-2.294583353386026,RANGE
2026-07-15,C1_Top5,UP,4,BIOCON.NS,0.9176,0.8743672342383713,SMALL,GAP_UP,0.2641343937537677,1.0,0.8743672342383713,1.4036,1.4036,True,False,False,2.887712839392531,0.13805798435343464,0.524645437956206,RANGE
2026-07-15,C1_Top5,UP,5,SUDARSCHEM.NS,0.9041,0.514258999532502,SMALL,GAP_UP,0.2641343937537677,1.0,0.514258999532502,-0.0888,-0.0888,False,False,False,1.757830762038326,1.4913510986442335,-0.5999735813953633,RANGE
2026-07-15,C2_Top5,UP,1,MRPL.NS,0.8683,3.9880612180097863,LARGE,GAP_UP,0.2641343937537677,1.0,3.9880612180097863,10.0718,10.0718,True,True,True,13.291420588048531,-2.000381024957143,5.8504204335877885,RANGE
2026-07-15,C2_Top5,UP,2,UNIONBANK.NS,0.9385,1.54890358510269,MEDIUM,GAP_UP,0.2641343937537677,1.0,1.54890358510269,-2.0942,-2.0942,False,False,False,1.5721081331941056,2.5118923308968477,-3.587536109682954,RANGE
2026-07-15,C2_Top5,UP,3,ZENSARTECH.NS,0.7912,1.3447671019294338,MEDIUM,GAP_UP,0.2641343937537677,1.0,1.3447671019294338,3.5763,3.5763,True,True,True,7.152601832001548,-0.9939582927304569,2.201922173076931,RANGE
2026-07-15,C2_Top5,UP,4,HFCL.NS,0.8251,1.3089474627936193,MEDIUM,GAP_UP,0.2641343937537677,1.0,1.3089474627936193,0.5828,0.5828,True,False,False,2.8330643715259063,0.851712390173931,-0.7167653805309815,RANGE
2026-07-15,C2_Top5,UP,5,BIOCON.NS,0.9176,0.8743672342383713,SMALL,GAP_UP,0.2641343937537677,1.0,0.8743672342383713,1.4036,1.4036,True,False,False,2.887712839392531,0.13805798435343464,0.524645437956206,RANGE
2026-07-15,A_V3_Top5,DOWN,1,RAJESHEXPO.NS,0.8966,0.0,NO_GAP,NEUTRAL,0.2641343937537677,0.5,-0.0,-1.0589,1.0589,True,False,False,1.502903335989969,1.3321188659911165,-1.058899999999996,RANGE
2026-07-15,A_V3_Top5,DOWN,2,DRREDDY.NS,0.8298,-0.16266775111833942,NO_GAP,NEUTRAL,0.2641343937537677,0.5,0.16266775111833942,-0.4148,0.4148,True,False,False,0.6262708418056206,0.44733631557543063,-0.2525430549898178,RANGE
2026-07-15,A_V3_Top5,DOWN,3,APOLLOTYRE.NS,0.8076,0.5854800936768045,SMALL,GAP_UP,0.2641343937537677,0.0,-0.5854800936768045,1.1827,-1.1827,False,False,False,-0.23419203747072626,2.4004683840749497,0.5937436554132924,RANGE
2026-07-15,A_V3_Top5,DOWN,4,M&MFIN.NS,0.7961,0.6308662871211013,SMALL,GAP_UP,0.2641343937537677,0.0,-0.6308662871211013,-0.954,0.954,True,False,False,1.4156024003692758,0.7231881827973519,-1.5749305810397574,RANGE
2026-07-15,A_V3_Top5,DOWN,5,NAUKRI.NS,0.7917,0.4890594038534424,SMALL,GAP_UP,0.2641343937537677,0.0,-0.4890594038534424,1.7749,-1.7749,False,False,False,0.14756102702474516,2.0953665837514235,1.279582676735913,RANGE
2026-07-15,C1_Top5,DOWN,1,BAJAJFINSV.NS,0.726,-0.3243944636678209,SMALL,GAP_DOWN,0.2641343937537677,1.0,0.3243944636678209,-0.5947,0.5947,True,False,False,1.1840397923875368,0.37846020761245214,-0.27118524625732165,RANGE
2026-07-15,C1_Top5,DOWN,2,RAJESHEXPO.NS,0.8966,0.0,NO_GAP,NEUTRAL,0.2641343937537677,0.5,-0.0,-1.0589,1.0589,True,False,False,1.502903335989969,1.3321188659911165,-1.058899999999996,RANGE
2026-07-15,C1_Top5,DOWN,3,DRREDDY.NS,0.8298,-0.16266775111833942,NO_GAP,NEUTRAL,0.2641343937537677,0.5,0.16266775111833942,-0.4148,0.4148,True,False,False,0.6262708418056206,0.44733631557543063,-0.2525430549898178,RANGE
2026-07-15,C1_Top5,DOWN,4,MUTHOOTFIN.NS,0.7883,0.0,NO_GAP,NEUTRAL,0.2641343937537677,0.5,-0.0,-0.6664,0.6664,True,False,False,0.8686426629533783,0.12598634042835233,-0.6664000000000003,RANGE
2026-07-15,C1_Top5,DOWN,5,MANAPPURAM.NS,0.7721,0.0,NO_GAP,NEUTRAL,0.2641343937537677,0.5,-0.0,-1.0651,1.0651,True,False,False,1.567255021302505,0.09129640900789049,-1.0650999999999966,RANGE
2026-07-15,C2_Top5,DOWN,1,BAJAJFINSV.NS,0.726,-0.3243944636678209,SMALL,GAP_DOWN,0.2641343937537677,1.0,0.3243944636678209,-0.5947,0.5947,True,False,False,1.1840397923875368,0.37846020761245214,-0.27118524625732165,RANGE
2026-07-15,C2_Top5,DOWN,2,DRREDDY.NS,0.8298,-0.16266775111833942,NO_GAP,NEUTRAL,0.2641343937537677,0.5,0.16266775111833942,-0.4148,0.4148,True,False,False,0.6262708418056206,0.44733631557543063,-0.2525430549898178,RANGE
2026-07-15,C2_Top5,DOWN,3,RAJESHEXPO.NS,0.8966,0.0,NO_GAP,NEUTRAL,0.2641343937537677,0.5,-0.0,-1.0589,1.0589,True,False,False,1.502903335989969,1.3321188659911165,-1.058899999999996,RANGE
2026-07-15,C2_Top5,DOWN,4,MUTHOOTFIN.NS,0.7883,0.0,NO_GAP,NEUTRAL,0.2641343937537677,0.5,-0.0,-0.6664,0.6664,True,False,False,0.8686426629533783,0.12598634042835233,-0.6664000000000003,RANGE
2026-07-15,C2_Top5,DOWN,5,MANAPPURAM.NS,0.7721,0.0,NO_GAP,NEUTRAL,0.2641343937537677,0.5,-0.0,-1.0651,1.0651,True,False,False,1.567255021302505,0.09129640900789049,-1.0650999999999966,RANGE
2026-07-16,A_V3_Top5,UP,1,MRPL.NS,0.9787,1.2461778111117594,MEDIUM,GAP_UP,0.22784933171324795,1.0,1.2461778111117594,0.6692,0.6692,True,False,False,3.2135233369872562,4.59239600761554,-0.569876141090675,RANGE
2026-07-16,A_V3_Top5,UP,2,KALYANKJIL.NS,0.9596,-0.8415660446395967,SMALL,GAP_DOWN,0.22784933171324795,0.0,-0.8415660446395967,5.086,5.086,True,True,True,5.6531284302963725,0.9787778997438767,5.977873800737998,RANGE
2026-07-16,A_V3_Top5,UP,3,ZENSARTECH.NS,0.9554,-1.204252516699611,MEDIUM,GAP_DOWN,0.22784933171324795,0.0,-1.204252516699611,-2.5026,-2.5026,False,False,False,0.3669206886818932,3.28346975256375,-1.3141734501475932,RANGE
2026-07-16,A_V3_Top5,UP,4,LTTS.NS,0.9341,0.15516636974888254,NO_GAP,NEUTRAL,0.22784933171324795,0.5,0.15516636974888254,-1.8648,-1.8648,False,False,False,1.6320901097638174,3.712430320096538,-2.0168369171208345,RANGE
2026-07-16,A_V3_Top5,UP,5,MASTEK.NS,0.9321,0.7974211062097059,SMALL,GAP_UP,0.22784933171324795,1.0,0.7974211062097059,0.2488,0.2488,True,False,False,1.7418844022169422,2.3413640990838203,-0.5442808954721379,RANGE
2026-07-16,C1_Top5,UP,1,MRPL.NS,0.9787,1.2461778111117594,MEDIUM,GAP_UP,0.22784933171324795,1.0,1.2461778111117594,0.6692,0.6692,True,False,False,3.2135233369872562,4.59239600761554,-0.569876141090675,RANGE
2026-07-16,C1_Top5,UP,2,MASTEK.NS,0.9321,0.7974211062097059,SMALL,GAP_UP,0.22784933171324795,1.0,0.7974211062097059,0.2488,0.2488,True,False,False,1.7418844022169422,2.3413640990838203,-0.5442808954721379,RANGE
2026-07-16,C1_Top5,UP,3,SUDARSCHEM.NS,0.9002,0.6036217303823088,SMALL,GAP_UP,0.22784933171324795,1.0,0.6036217303823088,-2.8918,-2.8918,False,False,False,0.6036217303823088,4.028824107435303,-3.4744492000000182,RANGE
2026-07-16,C1_Top5,UP,4,DEEPAKFERT.NS,0.8956,0.4934107800886878,SMALL,GAP_UP,0.22784933171324795,1.0,0.4934107800886878,-0.4434,-0.4434,False,False,False,0.5558678408594142,1.630129286115789,-0.9322111497824803,RANGE
2026-07-16,C1_Top5,UP,5,BIOCON.NS,0.8934,0.8395734059450932,SMALL,GAP_UP,0.22784933171324795,1.0,0.8395734059450932,-0.7942,-0.7942,False,False,False,0.8509189925119065,1.7926026775584192,-1.6201708820882121,RANGE
2026-07-16,C2_Top5,UP,1,TECHM.NS,0.8417,1.966496722505462,MEDIUM,GAP_UP,0.22784933171324795,1.0,1.966496722505462,4.1449,4.1449,True,True,True,4.9460372111501005,-1.1256041845990827,2.1363912142857266,RANGE
2026-07-16,C2_Top5,UP,2,MRPL.NS,0.9787,1.2461778111117594,MEDIUM,GAP_UP,0.22784933171324795,1.0,1.2461778111117594,0.6692,0.6692,True,False,False,3.2135233369872562,4.59239600761554,-0.569876141090675,RANGE
2026-07-16,C2_Top5,UP,3,TCS.NS,0.8412,1.0813266696956036,MEDIUM,GAP_UP,0.22784933171324795,1.0,1.0813266696956036,3.0895,3.0895,True,True,True,3.3621081326669744,-0.640622444343486,1.9866907137719991,RANGE
2026-07-16,C2_Top5,UP,4,BIOCON.NS,0.8934,0.8395734059450932,SMALL,GAP_UP,0.22784933171324795,1.0,0.8395734059450932,-0.7942,-0.7942,False,False,False,0.8509189925119065,1.7926026775584192,-1.6201708820882121,RANGE
2026-07-16,C2_Top5,UP,5,MASTEK.NS,0.9321,0.7974211062097059,SMALL,GAP_UP,0.22784933171324795,1.0,0.7974211062097059,0.2488,0.2488,True,False,False,1.7418844022169422,2.3413640990838203,-0.5442808954721379,RANGE
2026-07-16,A_V3_Top5,DOWN,1,RAJESHEXPO.NS,0.8917,0.0,NO_GAP,NEUTRAL,0.22784933171324795,0.5,-0.0,-1.0702,1.0702,True,False,False,1.599539700805519,1.2658227848101111,-1.070199999999999,RANGE
2026-07-16,A_V3_Top5,DOWN,2,ICICIGI.NS,0.8696,-0.4249291784702458,SMALL,GAP_DOWN,0.22784933171324795,1.0,0.4249291784702458,-0.7144,0.7144,True,False,False,3.2023648232541,-0.4249291784702458,-0.2907061166429692,RANGE
2026-07-16,A_V3_Top5,DOWN,3,ALKYLAMINE.NS,0.8333,0.349372717166907,SMALL,GAP_UP,0.22784933171324795,0.0,-0.349372717166907,-3.2926,3.2926,True,True,True,4.176592027949811,0.3811338732729874,-3.629292957746477,RANGE
2026-07-16,A_V3_Top5,DOWN,4,M&MFIN.NS,0.8012,0.0776759359950363,NO_GAP,NEUTRAL,0.22784933171324795,0.5,-0.0776759359950363,0.7302,-0.7302,False,False,False,0.9165760447413573,1.6156594686965953,0.6520176032287939,RANGE
2026-07-16,A_V3_Top5,DOWN,5,BAJAJFINSV.NS,0.7771,-0.14141194387032874,NO_GAP,NEUTRAL,0.22784933171324795,0.5,0.14141194387032874,0.8376,-0.8376,False,False,False,0.9028608724029108,1.8002828238877555,0.9803983442265629,RANGE
2026-07-16,C1_Top5,DOWN,1,ICICIGI.NS,0.8696,-0.4249291784702458,SMALL,GAP_DOWN,0.22784933171324795,1.0,0.4249291784702458,-0.7144,0.7144,True,False,False,3.2023648232541,-0.4249291784702458,-0.2907061166429692,RANGE
2026-07-16,C1_Top5,DOWN,2,STLTECH.NS,0.7605,-2.244389027431415,LARGE,GAP_DOWN,0.22784933171324795,1.0,2.244389027431415,-3.87,3.87,True,True,True,4.996767340907004,-2.244389027431415,-1.6629336734693911,RANGE
2026-07-16,C1_Top5,DOWN,3,MANAPPURAM.NS,0.7295,-0.3383574284835489,SMALL,GAP_DOWN,0.22784933171324795,1.0,0.3383574284835489,0.1077,-0.1077,False,False,False,1.9532451553368246,0.8766533374346297,0.4475718209876689,RANGE
2026-07-16,C1_Top5,DOWN,4,DABUR.NS,0.7078,-0.686925136802885,SMALL,GAP_DOWN,0.22784933171324795,1.0,0.686925136802885,-0.5239,0.5239,True,False,False,1.6532774478984713,-0.18628478286180084,0.1641527432590939,RANGE
2026-07-16,C1_Top5,DOWN,5,TATACONSUM.NS,0.6615,-0.5971520440973821,SMALL,GAP_DOWN,0.22784933171324795,1.0,0.5971520440973821,0.0092,-0.0092,False,False,False,1.2494258153422089,0.3031694993109735,0.6099946395563771,RANGE
2026-07-16,C2_Top5,DOWN,1,STLTECH.NS,0.7605,-2.244389027431415,LARGE,GAP_DOWN,0.22784933171324795,1.0,2.244389027431415,-3.87,3.87,True,True,True,4.996767340907004,-2.244389027431415,-1.6629336734693911,RANGE
2026-07-16,C2_Top5,DOWN,2,DABUR.NS,0.7078,-0.686925136802885,SMALL,GAP_DOWN,0.22784933171324795,1.0,0.686925136802885,-0.5239,0.5239,True,False,False,1.6532774478984713,-0.18628478286180084,0.1641527432590939,RANGE
2026-07-16,C2_Top5,DOWN,3,TATACONSUM.NS,0.6615,-0.5971520440973821,SMALL,GAP_DOWN,0.22784933171324795,1.0,0.5971520440973821,0.0092,-0.0092,False,False,False,1.2494258153422089,0.3031694993109735,0.6099946395563771,RANGE
2026-07-16,C2_Top5,DOWN,4,ICICIGI.NS,0.8696,-0.4249291784702458,SMALL,GAP_DOWN,0.22784933171324795,1.0,0.4249291784702458,-0.7144,0.7144,True,False,False,3.2023648232541,-0.4249291784702458,-0.2907061166429692,RANGE
2026-07-16,C2_Top5,DOWN,5,MANAPPURAM.NS,0.7295,-0.3383574284835489,SMALL,GAP_DOWN,0.22784933171324795,1.0,0.3383574284835489,0.1077,-0.1077,False,False,False,1.9532451553368246,0.8766533374346297,0.4475718209876689,RANGE
2026-07-17,A_V3_Top5,UP,1,TECHM.NS,0.9329,0.29881111323033505,NO_GAP,NEUTRAL,-0.5927846507099988,0.5,0.29881111323033505,0.2225,0.2225,True,False,False,2.231546824337216,0.03178841630110396,-0.076083766480739,RANGE
2026-07-17,A_V3_Top5,UP,2,MASTEK.NS,0.9188,-1.5344691413742395,MEDIUM,GAP_DOWN,-0.5927846507099988,0.0,-1.5344691413742395,-1.6022,-1.6022,False,False,False,0.07898002933544035,2.121177930723228,-0.06878636415722506,RANGE
2026-07-17,A_V3_Top5,UP,3,BIOCON.NS,0.9056,0.7319304666056681,SMALL,GAP_UP,-0.5927846507099988,1.0,0.7319304666056681,-0.1601,-0.1601,False,False,False,1.235132662397076,0.4002744739249775,-0.8855488646684728,RANGE
2026-07-17,A_V3_Top5,UP,4,MRPL.NS,0.9034,-1.4270158748352357,MEDIUM,GAP_DOWN,-0.5927846507099988,0.0,-1.4270158748352357,-2.046,-2.046,False,False,False,1.2780102011576533,2.429938678434296,-0.6279449999999964,RANGE
2026-07-17,A_V3_Top5,UP,5,TCS.NS,0.8788,0.48920669898633307,SMALL,GAP_UP,-0.5927846507099988,1.0,0.48920669898633307,-0.7889,-0.7889,False,False,False,0.6346364037020713,1.0533230498016688,-1.2718845545421464,RANGE
2026-07-17,C1_Top5,UP,1,BIOCON.NS,0.9056,0.7319304666056681,SMALL,GAP_UP,-0.5927846507099988,1.0,0.7319304666056681,-0.1601,-0.1601,False,False,False,1.235132662397076,0.4002744739249775,-0.8855488646684728,RANGE
2026-07-17,C1_Top5,UP,2,TCS.NS,0.8788,0.48920669898633307,SMALL,GAP_UP,-0.5927846507099988,1.0,0.48920669898633307,-0.7889,-0.7889,False,False,False,0.6346364037020713,1.0533230498016688,-1.2718845545421464,RANGE
2026-07-17,C1_Top5,UP,3,MPHASIS.NS,0.8478,0.32996825662017226,SMALL,GAP_UP,-0.5927846507099988,1.0,0.32996825662017226,0.8019,0.8019,True,False,False,2.689837941692441,-0.158716899173017,0.4703796398826121,RANGE
2026-07-17,C1_Top5,UP,4,TECHM.NS,0.9329,0.29881111323033505,NO_GAP,NEUTRAL,-0.5927846507099988,0.5,0.29881111323033505,0.2225,0.2225,True,False,False,2.231546824337216,0.03178841630110396,-0.076083766480739,RANGE
2026-07-17,C1_Top5,UP,5,KALYANKJIL.NS,0.8517,-0.08704735376044992,NO_GAP,NEUTRAL,-0.5927846507099988,0.5,-0.08704735376044992,-0.766,-0.766,False,False,False,0.40041782729807185,1.9672701949860594,-0.6795441714584349,RANGE
2026-07-17,C2_Top5,UP,1,BIOCON.NS,0.9056,0.7319304666056681,SMALL,GAP_UP,-0.5927846507099988,1.0,0.7319304666056681,-0.1601,-0.1601,False,False,False,1.235132662397076,0.4002744739249775,-0.8855488646684728,RANGE
2026-07-17,C2_Top5,UP,2,TCS.NS,0.8788,0.48920669898633307,SMALL,GAP_UP,-0.5927846507099988,1.0,0.48920669898633307,-0.7889,-0.7889,False,False,False,0.6346364037020713,1.0533230498016688,-1.2718845545421464,RANGE
2026-07-17,C2_Top5,UP,3,MPHASIS.NS,0.8478,0.32996825662017226,SMALL,GAP_UP,-0.5927846507099988,1.0,0.32996825662017226,0.8019,0.8019,True,False,False,2.689837941692441,-0.158716899173017,0.4703796398826121,RANGE
2026-07-17,C2_Top5,UP,4,TECHM.NS,0.9329,0.29881111323033505,NO_GAP,NEUTRAL,-0.5927846507099988,0.5,0.29881111323033505,0.2225,0.2225,True,False,False,2.231546824337216,0.03178841630110396,-0.076083766480739,RANGE
2026-07-17,C2_Top5,UP,5,DEEPAKFERT.NS,0.8444,0.25094102885820924,NO_GAP,NEUTRAL,-0.5927846507099988,0.5,0.25094102885820924,0.6964,0.6964,True,False,False,1.5683814303638632,1.0978670012547043,0.44434392991239413,RANGE
2026-07-17,A_V3_Top5,DOWN,1,RAJESHEXPO.NS,0.8737,-1.1283005699662674,MEDIUM,GAP_DOWN,-0.5927846507099988,1.0,1.1283005699662674,1.6866,-1.6866,False,False,False,2.2914970338490104,2.2449691752937095,2.8470235529411747,RANGE
2026-07-17,A_V3_Top5,DOWN,2,ICICIGI.NS,0.87,0.35975685398834667,SMALL,GAP_UP,-0.5927846507099988,0.0,-0.35975685398834667,0.5831,-0.5831,False,False,False,0.5024190547078589,0.911797543729076,0.22254253399256463,RANGE
2026-07-17,A_V3_Top5,DOWN,3,MANAPPURAM.NS,0.8273,0.38408357658625825,SMALL,GAP_UP,-0.5927846507099988,0.0,-0.38408357658625825,3.5797,-3.5797,False,False,False,0.39944691964971524,4.347826086956541,3.183389546985027,RANGE
2026-07-17,A_V3_Top5,DOWN,4,ALKYLAMINE.NS,0.8061,0.0,NO_GAP,NEUTRAL,-0.5927846507099988,0.5,-0.0,0.2244,-0.2244,False,False,False,0.3995839947452118,1.25896327111501,0.22439999999999127,RANGE
2026-07-17,A_V3_Top5,DOWN,5,NAUKRI.NS,0.802,-0.18951358180669953,NO_GAP,NEUTRAL,-0.5927846507099988,0.5,0.18951358180669953,0.358,-0.358,False,False,False,0.48010107391029955,1.549799957885889,0.548553164556953,RANGE
2026-07-17,C1_Top5,DOWN,1,RAJESHEXPO.NS,0.8737,-1.1283005699662674,MEDIUM,GAP_DOWN,-0.5927846507099988,1.0,1.1283005699662674,1.6866,-1.6866,False,False,False,2.2914970338490104,2.2449691752937095,2.8470235529411747,RANGE
2026-07-17,C1_Top5,DOWN,2,DLF.NS,0.7766,-0.41928721174003813,SMALL,GAP_DOWN,-0.5927846507099988,1.0,0.41928721174003813,0.1198,-0.1198,False,False,False,2.0440251572326984,0.2994908655286066,0.5413570526315858,RANGE
2026-07-17,C1_Top5,DOWN,3,GODREJPROP.NS,0.7693,-0.5756195910936901,SMALL,GAP_DOWN,-0.5927846507099988,1.0,0.5756195910936901,0.7897,-0.7897,False,False,False,1.741120701150245,1.184524942461107,1.3732241382631738,RANGE
2026-07-17,C1_Top5,DOWN,4,RBLBANK.NS,0.7646,-2.0510730779679465,LARGE,GAP_DOWN,-0.5927846507099988,1.0,2.0510730779679465,0.0951,-0.0951,False,False,False,2.58082042923119,1.5349089921216974,2.191114436277908,RANGE
2026-07-17,C1_Top5,DOWN,5,PFIZER.NS,0.6988,-0.4795353627085275,SMALL,GAP_DOWN,-0.5927846507099988,1.0,0.4795353627085275,0.2409,-0.2409,False,False,False,0.4795353627085275,0.5058157723141665,0.7239067515753872,RANGE
2026-07-17,C2_Top5,DOWN,1,RBLBANK.NS,0.7646,-2.0510730779679465,LARGE,GAP_DOWN,-0.5927846507099988,1.0,2.0510730779679465,0.0951,-0.0951,False,False,False,2.58082042923119,1.5349089921216974,2.191114436277908,RANGE
2026-07-17,C2_Top5,DOWN,2,RAJESHEXPO.NS,0.8737,-1.1283005699662674,MEDIUM,GAP_DOWN,-0.5927846507099988,1.0,1.1283005699662674,1.6866,-1.6866,False,False,False,2.2914970338490104,2.2449691752937095,2.8470235529411747,RANGE
2026-07-17,C2_Top5,DOWN,3,GODREJPROP.NS,0.7693,-0.5756195910936901,SMALL,GAP_DOWN,-0.5927846507099988,1.0,0.5756195910936901,0.7897,-0.7897,False,False,False,1.741120701150245,1.184524942461107,1.3732241382631738,RANGE
2026-07-17,C2_Top5,DOWN,4,PFIZER.NS,0.6988,-0.4795353627085275,SMALL,GAP_DOWN,-0.5927846507099988,1.0,0.4795353627085275,0.2409,-0.2409,False,False,False,0.4795353627085275,0.5058157723141665,0.7239067515753872,RANGE
2026-07-17,C2_Top5,DOWN,5,DLF.NS,0.7766,-0.41928721174003813,SMALL,GAP_DOWN,-0.5927846507099988,1.0,0.41928721174003813,0.1198,-0.1198,False,False,False,2.0440251572326984,0.2994908655286066,0.5413570526315858,RANGE
2026-07-20,A_V3_Top5,UP,1,SOLARINDS.NS,0.8902,0.6043725036787961,SMALL,GAP_UP,-0.09261794252943822,1.0,0.6043725036787961,0.0893,0.0893,True,False,False,0.6043725036787961,0.8618877443767103,-0.511978247923528,RANGE
2026-07-20,A_V3_Top5,UP,2,DEEPAKFERT.NS,0.8363,0.4111893339978856,SMALL,GAP_UP,-0.09261794252943822,1.0,0.4111893339978856,0.0997,0.0997,True,False,False,1.7880505887483578,0.25543579839262254,-0.3102137680709882,RANGE
2026-07-20,A_V3_Top5,UP,3,NAVINFLUOR.NS,0.8337,0.36252623545125484,SMALL,GAP_UP,-0.09261794252943822,1.0,0.36252623545125484,0.2608,0.2608,True,False,False,0.9476562996883597,0.6550912675698073,-0.10135878326997805,RANGE
2026-07-20,A_V3_Top5,UP,4,MANAPPURAM.NS,0.8273,0.5636309700385533,SMALL,GAP_UP,-0.09261794252943822,1.0,0.5636309700385533,4.3459,4.3459,True,True,True,4.865025215069707,-0.13349154553543574,3.761070471976402,RANGE
2026-07-20,A_V3_Top5,UP,5,BIOCON.NS,0.8166,-0.16036655211912887,NO_GAP,NEUTRAL,-0.09261794252943822,0.5,-0.16036655211912887,0.8706,0.8706,True,False,False,1.1683848797250818,0.45819014891179677,1.0326225332721428,RANGE
2026-07-20,C1_Top5,UP,1,SOLARINDS.NS,0.8902,0.6043725036787961,SMALL,GAP_UP,-0.09261794252943822,1.0,0.6043725036787961,0.0893,0.0893,True,False,False,0.6043725036787961,0.8618877443767103,-0.511978247923528,RANGE
2026-07-20,C1_Top5,UP,2,DEEPAKFERT.NS,0.8363,0.4111893339978856,SMALL,GAP_UP,-0.09261794252943822,1.0,0.4111893339978856,0.0997,0.0997,True,False,False,1.7880505887483578,0.25543579839262254,-0.3102137680709882,RANGE
2026-07-20,C1_Top5,UP,3,NAVINFLUOR.NS,0.8337,0.36252623545125484,SMALL,GAP_UP,-0.09261794252943822,1.0,0.36252623545125484,0.2608,0.2608,True,False,False,0.9476562996883597,0.6550912675698073,-0.10135878326997805,RANGE
2026-07-20,C1_Top5,UP,4,MANAPPURAM.NS,0.8273,0.5636309700385533,SMALL,GAP_UP,-0.09261794252943822,1.0,0.5636309700385533,4.3459,4.3459,True,True,True,4.865025215069707,-0.13349154553543574,3.761070471976402,RANGE
2026-07-20,C1_Top5,UP,5,COLPAL.NS,0.8054,0.32652972757891696,SMALL,GAP_UP,-0.09261794252943822,1.0,0.32652972757891696,-0.956,-0.956,False,False,False,0.6293975377692496,1.5664236635074769,-1.278355516792451,RANGE
2026-07-20,C2_Top5,UP,1,SHYAMMETL.NS,0.7734,1.3270142180094702,MEDIUM,GAP_UP,-0.09261794252943822,1.0,1.3270142180094702,0.7251,0.7251,True,False,False,3.2180094786729896,0.28436018957346265,-0.594031337698786,RANGE
2026-07-20,C2_Top5,UP,2,BASF.NS,0.7612,0.8761222773754351,SMALL,GAP_UP,-0.09261794252943822,1.0,0.8761222773754351,3.9873,3.9873,True,True,True,4.269403531613647,-0.08951094474733967,3.084156738370525,RANGE
2026-07-20,C2_Top5,UP,3,SOLARINDS.NS,0.8902,0.6043725036787961,SMALL,GAP_UP,-0.09261794252943822,1.0,0.6043725036787961,0.0893,0.0893,True,False,False,0.6043725036787961,0.8618877443767103,-0.511978247923528,RANGE
2026-07-20,C2_Top5,UP,4,MANAPPURAM.NS,0.8273,0.5636309700385533,SMALL,GAP_UP,-0.09261794252943822,1.0,0.5636309700385533,4.3459,4.3459,True,True,True,4.865025215069707,-0.13349154553543574,3.761070471976402,RANGE
2026-07-20,C2_Top5,UP,5,DEEPAKFERT.NS,0.8363,0.4111893339978856,SMALL,GAP_UP,-0.09261794252943822,1.0,0.4111893339978856,0.0997,0.0997,True,False,False,1.7880505887483578,0.25543579839262254,-0.3102137680709882,RANGE
2026-07-20,A_V3_Top5,DOWN,1,MAPMYINDIA.NS,0.9362,-0.1823154056517784,NO_GAP,NEUTRAL,-0.09261794252943822,0.5,0.1823154056517784,-2.4385,2.4385,True,True,False,2.9033728350045473,2.274384685505937,-2.2603054794520516,RANGE
2026-07-20,A_V3_Top5,DOWN,2,ROUTE.NS,0.8752,0.0,NO_GAP,NEUTRAL,-0.09261794252943822,0.5,-0.0,2.4457,-2.4457,False,False,False,0.3913198150124586,2.774813233724638,2.445699999999995,RANGE
2026-07-20,A_V3_Top5,DOWN,3,ZENSARTECH.NS,0.8678,0.31347962382444194,SMALL,GAP_UP,-0.09261794252943822,0.0,-0.31347962382444194,-2.3653,2.3653,True,True,False,3.144295620784654,0.6744561603495791,-2.6704084374999937,RANGE
2026-07-20,A_V3_Top5,DOWN,4,ICICIGI.NS,0.8598,0.14800197335964604,NO_GAP,NEUTRAL,-0.09261794252943822,0.5,-0.14800197335964604,0.148,-0.148,False,False,False,0.7585101134681804,0.3330044400592147,-1.970443352927731e-06,RANGE
2026-07-20,A_V3_Top5,DOWN,5,COFORGE.NS,0.7998,-0.02653575693247756,NO_GAP,NEUTRAL,-0.09261794252943822,0.5,0.02653575693247756,-0.8889,0.8889,True,False,False,1.087966034231136,1.6186811728804429,-0.8625931386861185,RANGE
2026-07-20,C1_Top5,DOWN,1,AXISBANK.NS,0.7329,-0.8757961783439461,SMALL,GAP_DOWN,-0.09261794252943822,1.0,0.8757961783439461,0.1752,-0.1752,False,False,False,0.9156050955414052,0.9315286624203889,1.0602820883534037,RANGE
2026-07-20,C1_Top5,DOWN,2,MAPMYINDIA.NS,0.9362,-0.1823154056517784,NO_GAP,NEUTRAL,-0.09261794252943822,0.5,0.1823154056517784,-2.4385,2.4385,True,True,False,2.9033728350045473,2.274384685505937,-2.2603054794520516,RANGE
2026-07-20,C1_Top5,DOWN,3,ROUTE.NS,0.8752,0.0,NO_GAP,NEUTRAL,-0.09261794252943822,0.5,-0.0,2.4457,-2.4457,False,False,False,0.3913198150124586,2.774813233724638,2.445699999999995,RANGE
2026-07-20,C1_Top5,DOWN,4,ICICIGI.NS,0.8598,0.14800197335964604,NO_GAP,NEUTRAL,-0.09261794252943822,0.5,-0.14800197335964604,0.148,-0.148,False,False,False,0.7585101134681804,0.3330044400592147,-1.970443352927731e-06,RANGE
2026-07-20,C1_Top5,DOWN,5,COFORGE.NS,0.7998,-0.02653575693247756,NO_GAP,NEUTRAL,-0.09261794252943822,0.5,0.02653575693247756,-0.8889,0.8889,True,False,False,1.087966034231136,1.6186811728804429,-0.8625931386861185,RANGE
2026-07-20,C2_Top5,DOWN,1,AXISBANK.NS,0.7329,-0.8757961783439461,SMALL,GAP_DOWN,-0.09261794252943822,1.0,0.8757961783439461,0.1752,-0.1752,False,False,False,0.9156050955414052,0.9315286624203889,1.0602820883534037,RANGE
2026-07-20,C2_Top5,DOWN,2,HCLTECH.NS,0.7379,-0.18832391713746732,NO_GAP,NEUTRAL,-0.09261794252943822,0.5,0.18832391713746732,1.4902,-1.4902,False,False,False,0.33570785228853595,1.5884713010726248,1.681690943396208,RANGE
2026-07-20,C2_Top5,DOWN,3,MAPMYINDIA.NS,0.9362,-0.1823154056517784,NO_GAP,NEUTRAL,-0.09261794252943822,0.5,0.1823154056517784,-2.4385,2.4385,True,True,False,2.9033728350045473,2.274384685505937,-2.2603054794520516,RANGE
2026-07-20,C2_Top5,DOWN,4,GODREJPROP.NS,0.7918,-0.17463538962571024,NO_GAP,NEUTRAL,-0.09261794252943822,0.5,0.17463538962571024,2.1523,-2.1523,False,False,False,0.5522254212488753,2.369372728559971,2.331006151300219,RANGE
2026-07-20,C2_Top5,DOWN,5,COFORGE.NS,0.7998,-0.02653575693247756,NO_GAP,NEUTRAL,-0.09261794252943822,0.5,0.02653575693247756,-0.8889,0.8889,True,False,False,1.087966034231136,1.6186811728804429,-0.8625931386861185,RANGE
2026-07-21,A_V3_Top5,UP,1,M&MFIN.NS,0.9677,3.5443761612119484,LARGE,GAP_UP,-0.154003899635069,1.0,3.5443761612119484,8.0892,8.0892,True,True,True,9.904244676289832,-3.2156638559382555,4.389252229123519,RANGE
2026-07-21,A_V3_Top5,UP,2,MANAPPURAM.NS,0.9456,0.0,NO_GAP,NEUTRAL,-0.154003899635069,0.5,0.0,-0.4407,-0.4407,False,False,False,0.8102345415778256,1.3077469793887797,-0.440700000000005,RANGE
2026-07-21,A_V3_Top5,UP,3,JPPOWER.NS,0.9192,-0.28169014084507005,NO_GAP,NEUTRAL,-0.154003899635069,0.5,-0.28169014084507005,-2.1408,-2.1408,False,False,False,-0.22535211267604716,2.422535211267607,-1.8643615819209036,RANGE
2026-07-21,A_V3_Top5,UP,4,MRPL.NS,0.886,0.5047926946854853,SMALL,GAP_UP,-0.154003899635069,1.0,0.5047926946854853,-0.9359,-0.9359,False,False,False,2.2914185241903473,1.3101922749702233,-1.4334567099322681,RANGE
2026-07-21,A_V3_Top5,UP,5,HCLTECH.NS,0.8828,0.3469140782573543,SMALL,GAP_UP,-0.154003899635069,1.0,0.3469140782573543,-0.1775,-0.1775,False,False,False,0.3469140782573543,0.951996772892294,-0.5226011014632492,RANGE
2026-07-21,C1_Top5,UP,1,M&MFIN.NS,0.9677,3.5443761612119484,LARGE,GAP_UP,-0.154003899635069,1.0,3.5443761612119484,8.0892,8.0892,True,True,True,9.904244676289832,-3.2156638559382555,4.389252229123519,RANGE
2026-07-21,C1_Top5,UP,2,MRPL.NS,0.886,0.5047926946854853,SMALL,GAP_UP,-0.154003899635069,1.0,0.5047926946854853,-0.9359,-0.9359,False,False,False,2.2914185241903473,1.3101922749702233,-1.4334567099322681,RANGE
2026-07-21,C1_Top5,UP,3,HCLTECH.NS,0.8828,0.3469140782573543,SMALL,GAP_UP,-0.154003899635069,1.0,0.3469140782573543,-0.1775,-0.1775,False,False,False,0.3469140782573543,0.951996772892294,-0.5226011014632492,RANGE
2026-07-21,C1_Top5,UP,4,BASF.NS,0.8576,0.5973367764822601,SMALL,GAP_UP,-0.154003899635069,1.0,0.5973367764822601,-1.7972,-1.7972,False,False,False,0.7251480293189339,2.4441140412656104,-2.3803182601172534,RANGE
2026-07-21,C1_Top5,UP,5,TVSMOTOR.NS,0.8475,1.5479957805907052,MEDIUM,GAP_UP,-0.154003899635069,1.0,1.5479957805907052,3.0485,3.0485,True,True,True,4.56223628691983,-0.9493670886076,1.47763056067729,RANGE
2026-07-21,C2_Top5,UP,1,M&MFIN.NS,0.9677,3.5443761612119484,LARGE,GAP_UP,-0.154003899635069,1.0,3.5443761612119484,8.0892,8.0892,True,True,True,9.904244676289832,-3.2156638559382555,4.389252229123519,RANGE
2026-07-21,C2_Top5,UP,2,HFCL.NS,0.834,1.8488782860026642,MEDIUM,GAP_UP,-0.154003899635069,1.0,1.8488782860026642,-0.0321,-0.0321,False,False,False,4.601550672110832,1.7708859017295908,-1.846832599099102,RANGE
2026-07-21,C2_Top5,UP,3,TVSMOTOR.NS,0.8475,1.5479957805907052,MEDIUM,GAP_UP,-0.154003899635069,1.0,1.5479957805907052,3.0485,3.0485,True,True,True,4.56223628691983,-0.9493670886076,1.47763056067729,RANGE
2026-07-21,C2_Top5,UP,4,BASF.NS,0.8576,0.5973367764822601,SMALL,GAP_UP,-0.154003899635069,1.0,0.5973367764822601,-1.7972,-1.7972,False,False,False,0.7251480293189339,2.4441140412656104,-2.3803182601172534,RANGE
2026-07-21,C2_Top5,UP,5,MRPL.NS,0.886,0.5047926946854853,SMALL,GAP_UP,-0.154003899635069,1.0,0.5047926946854853,-0.9359,-0.9359,False,False,False,2.2914185241903473,1.3101922749702233,-1.4334567099322681,RANGE
2026-07-21,A_V3_Top5,DOWN,1,MAPMYINDIA.NS,0.9146,0.07007708479327412,NO_GAP,NEUTRAL,-0.154003899635069,0.5,-0.07007708479327412,-2.4153,2.4153,True,True,False,4.120532585844416,1.9948610137818124,-2.4836366246498542,RANGE
2026-07-21,A_V3_Top5,DOWN,2,SUDARSCHEM.NS,0.8672,0.0,NO_GAP,NEUTRAL,-0.154003899635069,0.5,-0.0,-2.2947,2.2947,True,True,False,3.0580314811302745,0.6258296984638756,-2.294700000000005,RANGE
2026-07-21,A_V3_Top5,DOWN,3,ICICIGI.NS,0.8631,-0.49261083743842304,SMALL,GAP_DOWN,-0.154003899635069,1.0,0.49261083743842304,-2.4938,2.4938,True,True,False,3.0541871921182184,-0.2032019704433452,-2.0110960396039657,RANGE
2026-07-21,A_V3_Top5,DOWN,4,WELCORP.NS,0.8468,0.2271471545214343,NO_GAP,NEUTRAL,-0.154003899635069,0.5,-0.2271471545214343,-1.0498,1.0498,True,False,False,1.9154030327214744,0.5586592178770999,-1.274053178978296,RANGE
2026-07-21,A_V3_Top5,DOWN,5,ADANIGREEN.NS,0.8286,0.3956157986899189,SMALL,GAP_UP,-0.154003899635069,0.0,-0.3956157986899189,-4.5139,4.5139,True,True,True,5.006809780141386,0.3956157986899189,-4.890169515503873,RANGE
2026-07-21,C1_Top5,DOWN,1,ICICIGI.NS,0.8631,-0.49261083743842304,SMALL,GAP_DOWN,-0.154003899635069,1.0,0.49261083743842304,-2.4938,2.4938,True,True,False,3.0541871921182184,-0.2032019704433452,-2.0110960396039657,RANGE
2026-07-21,C1_Top5,DOWN,2,INFY.NS,0.7744,-0.8849557522123908,SMALL,GAP_DOWN,-0.154003899635069,1.0,0.8849557522123908,-1.9935,1.9935,True,False,False,2.5430833721471813,-0.3912435957149518,-1.1184419642857213,RANGE
2026-07-21,C1_Top5,DOWN,3,IDEAFORGE.NS,0.7635,-1.205386017522192,MEDIUM,GAP_DOWN,-0.154003899635069,1.0,1.205386017522192,1.3289,-1.3289,False,False,False,1.8051390603869066,1.7110601517022372,2.5652066599214374,RANGE
2026-07-21,C1_Top5,DOWN,4,RATEGAIN.NS,0.7615,-0.6908462867012077,SMALL,GAP_DOWN,-0.154003899635069,1.0,0.6908462867012077,-3.2383,3.2383,True,True,True,4.409542314335058,-0.15651986183073952,-2.5651751304347936,RANGE
2026-07-21,C1_Top5,DOWN,5,BIOCON.NS,0.7273,-1.203724733136502,MEDIUM,GAP_DOWN,-0.154003899635069,1.0,1.203724733136502,-0.5337,0.5337,True,False,False,3.1682943447649325,0.2725414490120315,0.6781882528735572,RANGE
2026-07-21,C2_Top5,DOWN,1,IDEAFORGE.NS,0.7635,-1.205386017522192,MEDIUM,GAP_DOWN,-0.154003899635069,1.0,1.205386017522192,1.3289,-1.3289,False,False,False,1.8051390603869066,1.7110601517022372,2.5652066599214374,RANGE
2026-07-21,C2_Top5,DOWN,2,BIOCON.NS,0.7273,-1.203724733136502,MEDIUM,GAP_DOWN,-0.154003899635069,1.0,1.203724733136502,-0.5337,0.5337,True,False,False,3.1682943447649325,0.2725414490120315,0.6781882528735572,RANGE
2026-07-21,C2_Top5,DOWN,3,INFY.NS,0.7744,-0.8849557522123908,SMALL,GAP_DOWN,-0.154003899635069,1.0,0.8849557522123908,-1.9935,1.9935,True,False,False,2.5430833721471813,-0.3912435957149518,-1.1184419642857213,RANGE
2026-07-21,C2_Top5,DOWN,4,RATEGAIN.NS,0.7615,-0.6908462867012077,SMALL,GAP_DOWN,-0.154003899635069,1.0,0.6908462867012077,-3.2383,3.2383,True,True,True,4.409542314335058,-0.15651986183073952,-2.5651751304347936,RANGE
2026-07-21,C2_Top5,DOWN,5,ICICIGI.NS,0.8631,-0.49261083743842304,SMALL,GAP_DOWN,-0.154003899635069,1.0,0.49261083743842304,-2.4938,2.4938,True,True,False,3.0541871921182184,-0.2032019704433452,-2.0110960396039657,RANGE
2026-07-22,A_V3_Top5,UP,1,DATAPATTNS.NS,0.9864,-2.1995422012018984,LARGE,GAP_DOWN,-0.381097879877057,0.0,-2.1995422012018984,-3.8743,-3.8743,False,False,False,1.0224220549645446,4.637446877872664,-1.7124232713138454,RANGE
2026-07-22,A_V3_Top5,UP,2,M&MFIN.NS,0.9796,-1.1106703689012232,MEDIUM,GAP_DOWN,-0.381097879877057,0.0,-1.1106703689012232,-2.0627,-2.0627,False,False,False,-0.7404469126008117,4.138569350786714,-0.9627223024468501,RANGE
2026-07-22,A_V3_Top5,UP,3,MRPL.NS,0.8995,0.0,NO_GAP,NEUTRAL,-0.381097879877057,0.5,0.0,0.7386,0.7386,True,False,False,4.774991411885954,0.486659796175426,0.7385999999999893,RANGE
2026-07-22,A_V3_Top5,UP,4,MANAPPURAM.NS,0.8964,-0.5139920045688195,SMALL,GAP_DOWN,-0.381097879877057,0.0,-0.5139920045688195,0.6425,0.6425,True,False,False,1.8560822387207354,0.5139920045688195,1.1624669919632513,RANGE
2026-07-22,A_V3_Top5,UP,5,TVSMOTOR.NS,0.8748,0.0,NO_GAP,NEUTRAL,-0.381097879877057,0.5,0.0,0.3122,0.3122,True,False,False,1.7171639441814879,0.2712688025573562,0.3122000000000069,RANGE
2026-07-22,C1_Top5,UP,1,STLTECH.NS,0.8274,1.2749796545799663,MEDIUM,GAP_UP,-0.381097879877057,1.0,1.2749796545799663,-0.7415,-0.7415,False,False,False,1.2749796545799663,3.7254724658649097,-1.9910936160714154,RANGE
2026-07-22,C1_Top5,UP,2,ADANIENSOL.NS,0.8061,0.3073532823010927,SMALL,GAP_UP,-0.381097879877057,1.0,0.3073532823010927,-2.3544,-2.3544,False,False,False,0.3247506379030263,3.4388772906518317,-2.653597363704696,RANGE
2026-07-22,C1_Top5,UP,3,KALYANKJIL.NS,0.7619,0.3355141754739055,SMALL,GAP_UP,-0.381097879877057,1.0,0.3355141754739055,-1.7614,-1.7614,False,False,False,0.9897668176480412,2.1137393054856624,-2.0899022571476245,RANGE
2026-07-22,C1_Top5,UP,4,NESTLEIND.NS,0.7585,0.435190144617037,SMALL,GAP_UP,-0.381097879877057,1.0,0.435190144617037,-3.0597,-3.0597,False,False,False,0.6628280664167097,3.501606855918582,-3.479746630224656,RANGE
2026-07-22,C1_Top5,UP,5,NAVINFLUOR.NS,0.7396,0.3979971755039058,SMALL,GAP_UP,-0.381097879877057,1.0,0.3979971755039058,-1.4829,-1.4829,False,False,False,0.6419309282321262,1.7845679804852965,-1.8734409335038227,RANGE
2026-07-22,C2_Top5,UP,1,STLTECH.NS,0.8274,1.2749796545799663,MEDIUM,GAP_UP,-0.381097879877057,1.0,1.2749796545799663,-0.7415,-0.7415,False,False,False,1.2749796545799663,3.7254724658649097,-1.9910936160714154,RANGE
2026-07-22,C2_Top5,UP,2,NESTLEIND.NS,0.7585,0.435190144617037,SMALL,GAP_UP,-0.381097879877057,1.0,0.435190144617037,-3.0597,-3.0597,False,False,False,0.6628280664167097,3.501606855918582,-3.479746630224656,RANGE
2026-07-22,C2_Top5,UP,3,NAVINFLUOR.NS,0.7396,0.3979971755039058,SMALL,GAP_UP,-0.381097879877057,1.0,0.3979971755039058,-1.4829,-1.4829,False,False,False,0.6419309282321262,1.7845679804852965,-1.8734409335038227,RANGE
2026-07-22,C2_Top5,UP,4,KALYANKJIL.NS,0.7619,0.3355141754739055,SMALL,GAP_UP,-0.381097879877057,1.0,0.3355141754739055,-1.7614,-1.7614,False,False,False,0.9897668176480412,2.1137393054856624,-2.0899022571476245,RANGE
2026-07-22,C2_Top5,UP,5,ADANIENSOL.NS,0.8061,0.3073532823010927,SMALL,GAP_UP,-0.381097879877057,1.0,0.3073532823010927,-2.3544,-2.3544,False,False,False,0.3247506379030263,3.4388772906518317,-2.653597363704696,RANGE
2026-07-22,A_V3_Top5,DOWN,1,SUDARSCHEM.NS,0.8726,0.32511645962731706,SMALL,GAP_UP,-0.381097879877057,0.0,-0.32511645962731706,-1.5043,1.5043,True,False,False,1.7177795031055987,2.4941770186335255,-1.8234879999999953,RANGE
2026-07-22,A_V3_Top5,DOWN,2,ICICIGI.NS,0.8701,0.1578781180928246,NO_GAP,NEUTRAL,-0.381097879877057,0.5,-0.1578781180928246,2.2419,-2.2419,False,False,False,0.8272813388064404,2.841806125670976,2.0807368537200555,RANGE
2026-07-22,A_V3_Top5,DOWN,3,MAPMYINDIA.NS,0.87,0.0,NO_GAP,NEUTRAL,-0.381097879877057,0.5,-0.0,3.5858,-3.5858,False,False,False,1.5463423975488388,8.129069322098804,3.5857999999999945,RANGE
2026-07-22,A_V3_Top5,DOWN,4,BLUESTARCO.NS,0.8136,-0.10236647196965043,NO_GAP,NEUTRAL,-0.381097879877057,0.5,0.10236647196965043,-1.6138,1.6138,True,False,False,2.336364183777917,0.21075450111398553,-1.512982314647382,RANGE
2026-07-22,A_V3_Top5,DOWN,5,WELCORP.NS,0.8047,0.0,NO_GAP,NEUTRAL,-0.381097879877057,0.5,-0.0,0.062,-0.062,False,False,False,0.7321007569177307,0.6824668072962004,0.062000000000006494,RANGE
2026-07-22,C1_Top5,DOWN,1,VOLTAS.NS,0.7876,-0.4587155963302725,SMALL,GAP_DOWN,-0.381097879877057,1.0,0.4587155963302725,0.1682,-0.1682,False,False,False,1.1009174311926717,1.0474006116208079,0.6298046082949149,RANGE
2026-07-22,C1_Top5,DOWN,2,HDFCBANK.NS,0.7779,-0.4979087831109341,SMALL,GAP_DOWN,-0.381097879877057,1.0,0.4979087831109341,-0.7834,0.7834,True,False,False,1.3144791874128647,-0.28546770231693275,-0.286919815852682,RANGE
2026-07-22,C1_Top5,DOWN,3,AXISBANK.NS,0.75,-0.6702196382429082,SMALL,GAP_DOWN,-0.381097879877057,1.0,0.6702196382429082,-1.2435,1.2435,True,False,False,1.5503875968992276,0.0807493540051718,-0.5771485245101848,RANGE
2026-07-22,C1_Top5,DOWN,4,ICICIGI.NS,0.8701,0.1578781180928246,NO_GAP,NEUTRAL,-0.381097879877057,0.5,-0.1578781180928246,2.2419,-2.2419,False,False,False,0.8272813388064404,2.841806125670976,2.0807368537200555,RANGE
2026-07-22,C1_Top5,DOWN,5,MAPMYINDIA.NS,0.87,0.0,NO_GAP,NEUTRAL,-0.381097879877057,0.5,-0.0,3.5858,-3.5858,False,False,False,1.5463423975488388,8.129069322098804,3.5857999999999945,RANGE
2026-07-22,C2_Top5,DOWN,1,AXISBANK.NS,0.75,-0.6702196382429082,SMALL,GAP_DOWN,-0.381097879877057,1.0,0.6702196382429082,-1.2435,1.2435,True,False,False,1.5503875968992276,0.0807493540051718,-0.5771485245101848,RANGE
2026-07-22,C2_Top5,DOWN,2,HDFCBANK.NS,0.7779,-0.4979087831109341,SMALL,GAP_DOWN,-0.381097879877057,1.0,0.4979087831109341,-0.7834,0.7834,True,False,False,1.3144791874128647,-0.28546770231693275,-0.286919815852682,RANGE
2026-07-22,C2_Top5,DOWN,3,VOLTAS.NS,0.7876,-0.4587155963302725,SMALL,GAP_DOWN,-0.381097879877057,1.0,0.4587155963302725,0.1682,-0.1682,False,False,False,1.1009174311926717,1.0474006116208079,0.6298046082949149,RANGE
2026-07-22,C2_Top5,DOWN,4,ADANIGREEN.NS,0.8027,-0.29206004211097536,NO_GAP,NEUTRAL,-0.381097879877057,0.5,0.29206004211097536,-6.2759,6.2759,True,True,True,6.812470284588734,-0.29206004211097536,-6.001367554495918,RANGE
2026-07-22,C2_Top5,DOWN,5,GRANULES.NS,0.7485,-0.20496603420004922,NO_GAP,NEUTRAL,-0.381097879877057,0.5,0.20496603420004922,-0.1464,0.1464,True,False,False,1.9676739283204459,0.9604122745373589,0.058686321225276394,RANGE
2026-07-23,A_V3_Top5,UP,1,RAJESHEXPO.NS,0.9706,-2.1739130434782483,LARGE,GAP_DOWN,-0.8515015057060316,0.0,-2.1739130434782483,-3.8179,-3.8179,False,False,False,-0.0757084144494824,4.174778282500535,-1.6805200000000076,RANGE
2026-07-23,A_V3_Top5,UP,2,DATAPATTNS.NS,0.9597,-1.2506797172376238,MEDIUM,GAP_DOWN,-0.8515015057060316,0.0,-1.2506797172376238,-0.2828,-0.2828,False,False,False,1.5399630233822625,3.8346884176182705,0.9801381057268577,RANGE
2026-07-23,A_V3_Top5,UP,3,M&MFIN.NS,0.9189,-1.444579451869854,MEDIUM,GAP_DOWN,-0.8515015057060316,0.0,-1.444579451869854,-3.7397,-3.7397,False,False,False,-0.6345348994194699,3.9962197920885623,-2.3287613561643883,RANGE
2026-07-23,A_V3_Top5,UP,4,ROUTE.NS,0.908,-1.8236322757931633,MEDIUM,GAP_DOWN,-0.8515015057060316,0.0,-1.8236322757931633,-5.3127,-5.3127,False,False,False,1.5738196352735434,6.403530685319348,-3.553877379134851,RANGE
2026-07-23,A_V3_Top5,UP,5,MANAPPURAM.NS,0.8648,-1.7023691303731048,MEDIUM,GAP_DOWN,-0.8515015057060316,0.0,-1.7023691303731048,0.1419,0.1419,True,False,False,0.49652432969216065,2.525180876720101,1.8762091355174038,RANGE
2026-07-23,C1_Top5,UP,1,OIL.NS,0.7653,0.37053182214472624,SMALL,GAP_UP,-0.8515015057060316,1.0,0.37053182214472624,-1.9725,-1.9725,False,False,False,1.3513513513513598,2.146904969485619,-2.334382193268192,RANGE
2026-07-23,C1_Top5,UP,2,METROBRAND.NS,0.7155,0.4097960776660914,SMALL,GAP_UP,-0.8515015057060316,1.0,0.4097960776660914,-0.2927,-0.2927,False,False,False,0.4097960776660914,1.8245682505610317,-0.6996290253619475,RANGE
2026-07-23,C1_Top5,UP,3,ICICIGI.NS,0.7383,-0.29030265596047267,NO_GAP,NEUTRAL,-0.8515015057060316,0.5,-0.29030265596047267,2.6436,2.6436,True,True,False,2.915379864113654,0.8647313156269321,2.9424446509322966,RANGE
2026-07-23,C1_Top5,UP,4,MRPL.NS,0.7369,0.0,NO_GAP,NEUTRAL,-0.8515015057060316,0.5,0.0,-3.5237,-3.5237,False,False,False,0.8695652173912993,4.171639670360882,-3.5236999999999963,RANGE
2026-07-23,C1_Top5,UP,5,ATUL.NS,0.7102,0.09787928221860476,NO_GAP,NEUTRAL,-0.8515015057060316,0.5,0.09787928221860476,4.5269,4.5269,True,True,True,6.435562805872763,0.8646003262642754,4.424689863102982,RANGE
2026-07-23,C2_Top5,UP,1,METROBRAND.NS,0.7155,0.4097960776660914,SMALL,GAP_UP,-0.8515015057060316,1.0,0.4097960776660914,-0.2927,-0.2927,False,False,False,0.4097960776660914,1.8245682505610317,-0.6996290253619475,RANGE
2026-07-23,C2_Top5,UP,2,OIL.NS,0.7653,0.37053182214472624,SMALL,GAP_UP,-0.8515015057060316,1.0,0.37053182214472624,-1.9725,-1.9725,False,False,False,1.3513513513513598,2.146904969485619,-2.334382193268192,RANGE
2026-07-23,C2_Top5,UP,3,ATUL.NS,0.7102,0.09787928221860476,NO_GAP,NEUTRAL,-0.8515015057060316,0.5,0.09787928221860476,4.5269,4.5269,True,True,True,6.435562805872763,0.8646003262642754,4.424689863102982,RANGE
2026-07-23,C2_Top5,UP,4,MRPL.NS,0.7369,0.0,NO_GAP,NEUTRAL,-0.8515015057060316,0.5,0.0,-3.5237,-3.5237,False,False,False,0.8695652173912993,4.171639670360882,-3.5236999999999963,RANGE
2026-07-23,C2_Top5,UP,5,ICICIGI.NS,0.7383,-0.29030265596047267,NO_GAP,NEUTRAL,-0.8515015057060316,0.5,-0.29030265596047267,2.6436,2.6436,True,True,False,2.915379864113654,0.8647313156269321,2.9424446509322966,RANGE
2026-07-23,A_V3_Top5,DOWN,1,MAPMYINDIA.NS,0.8918,-0.3558718861209842,SMALL,GAP_DOWN,-0.8515015057060316,1.0,0.3558718861209842,3.2583,-3.2583,False,False,False,0.8180431667976107,4.91288071359246,3.627079642857134,RANGE
2026-07-23,A_V3_Top5,DOWN,2,SUDARSCHEM.NS,0.8663,0.0,NO_GAP,NEUTRAL,-0.8515015057060316,0.5,-0.0,2.5766,-2.5766,False,False,False,2.547048970341903,2.94610306434131,2.5765999999999956,RANGE
2026-07-23,A_V3_Top5,DOWN,3,HFCL.NS,0.8486,-2.4201729385053827,LARGE,GAP_DOWN,-0.8515015057060316,1.0,2.4201729385053827,-4.908,4.908,True,True,True,4.999758465774596,-1.0772426452828276,-2.5495300990099112,RANGE
2026-07-23,A_V3_Top5,DOWN,4,ADANIGREEN.NS,0.841,-1.732009565910575,MEDIUM,GAP_DOWN,-0.8515015057060316,1.0,1.732009565910575,1.1015,-1.1015,False,False,False,2.0218856438872446,1.8189723893035747,2.88345121681417,RANGE
2026-07-23,A_V3_Top5,DOWN,5,OFSS.NS,0.8249,-1.429493682560179,MEDIUM,GAP_DOWN,-0.8515015057060316,1.0,1.429493682560179,-1.7615,1.7615,True,False,False,2.711426726920596,0.8023609702112022,-0.3368211545658695,RANGE
2026-07-23,C1_Top5,DOWN,1,MAPMYINDIA.NS,0.8918,-0.3558718861209842,SMALL,GAP_DOWN,-0.8515015057060316,1.0,0.3558718861209842,3.2583,-3.2583,False,False,False,0.8180431667976107,4.91288071359246,3.627079642857134,RANGE
2026-07-23,C1_Top5,DOWN,2,HFCL.NS,0.8486,-2.4201729385053827,LARGE,GAP_DOWN,-0.8515015057060316,1.0,2.4201729385053827,-4.908,4.908,True,True,True,4.999758465774596,-1.0772426452828276,-2.5495300990099112,RANGE
2026-07-23,C1_Top5,DOWN,3,ADANIGREEN.NS,0.841,-1.732009565910575,MEDIUM,GAP_DOWN,-0.8515015057060316,1.0,1.732009565910575,1.1015,-1.1015,False,False,False,2.0218856438872446,1.8189723893035747,2.88345121681417,RANGE
2026-07-23,C1_Top5,DOWN,4,OFSS.NS,0.8249,-1.429493682560179,MEDIUM,GAP_DOWN,-0.8515015057060316,1.0,1.429493682560179,-1.7615,1.7615,True,False,False,2.711426726920596,0.8023609702112022,-0.3368211545658695,RANGE
2026-07-23,C1_Top5,DOWN,5,MASTEK.NS,0.8097,-0.45254257472907566,SMALL,GAP_DOWN,-0.8515015057060316,1.0,0.45254257472907566,0.6848,-0.6848,False,False,False,2.8164820769322474,0.8098130284625471,1.1425129321689154,RANGE
2026-07-23,C2_Top5,DOWN,1,HFCL.NS,0.8486,-2.4201729385053827,LARGE,GAP_DOWN,-0.8515015057060316,1.0,2.4201729385053827,-4.908,4.908,True,True,True,4.999758465774596,-1.0772426452828276,-2.5495300990099112,RANGE
2026-07-23,C2_Top5,DOWN,2,ADANIGREEN.NS,0.841,-1.732009565910575,MEDIUM,GAP_DOWN,-0.8515015057060316,1.0,1.732009565910575,1.1015,-1.1015,False,False,False,2.0218856438872446,1.8189723893035747,2.88345121681417,RANGE
2026-07-23,C2_Top5,DOWN,3,SOBHA.NS,0.8068,-1.5115180582806476,MEDIUM,GAP_DOWN,-0.8515015057060316,1.0,1.5115180582806476,-1.0028,1.0028,True,False,False,3.6625245258338657,-0.07993605115906854,0.5165254334833502,RANGE
2026-07-23,C2_Top5,DOWN,4,OFSS.NS,0.8249,-1.429493682560179,MEDIUM,GAP_DOWN,-0.8515015057060316,1.0,1.429493682560179,-1.7615,1.7615,True,False,False,2.711426726920596,0.8023609702112022,-0.3368211545658695,RANGE
2026-07-23,C2_Top5,DOWN,5,HDFCBANK.NS,0.7585,-1.1709601873536313,MEDIUM,GAP_DOWN,-0.8515015057060316,1.0,1.1709601873536313,-0.5955,0.5955,True,False,False,1.3382402141184357,0.13382402141184357,0.5822784360189459,RANGE
2026-07-24,A_V3_Top5,UP,1,STLTECH.NS,0.9737,4.050341221306386,LARGE,GAP_UP,0.6771917282566431,1.0,4.050341221306386,-1.551,-1.551,False,False,False,4.998670566338759,2.8627138172471867,-5.383299233390115,RANGE
2026-07-24,A_V3_Top5,UP,2,DATAPATTNS.NS,0.9643,0.33809575744356835,SMALL,GAP_UP,0.6771917282566431,1.0,0.33809575744356835,-0.1222,-0.1222,False,False,False,2.213981895517514,0.9706620133057009,-0.45874476086956717,RANGE
2026-07-24,A_V3_Top5,UP,3,ICICIGI.NS,0.8952,0.3189312793356658,SMALL,GAP_UP,0.6771917282566431,1.0,0.3189312793356658,1.1554,1.1554,True,False,False,1.883499819472867,0.5897219882055604,0.833809441545208,RANGE
2026-07-24,A_V3_Top5,UP,4,ATUL.NS,0.8882,2.848224736636751,LARGE,GAP_UP,0.6771917282566431,1.0,2.848224736636751,5.9618,5.9618,True,True,True,6.718689036285608,-2.2239563012095287,3.0273495447648013,RANGE
2026-07-24,A_V3_Top5,UP,5,IDEAFORGE.NS,0.8833,0.0,NO_GAP,NEUTRAL,0.6771917282566431,0.5,0.0,-1.1945,-1.1945,False,False,False,1.6367082065123828,1.567794176764481,-1.1944999999999983,RANGE
2026-07-24,C1_Top5,UP,1,STLTECH.NS,0.9737,4.050341221306386,LARGE,GAP_UP,0.6771917282566431,1.0,4.050341221306386,-1.551,-1.551,False,False,False,4.998670566338759,2.8627138172471867,-5.383299233390115,RANGE
2026-07-24,C1_Top5,UP,2,DATAPATTNS.NS,0.9643,0.33809575744356835,SMALL,GAP_UP,0.6771917282566431,1.0,0.33809575744356835,-0.1222,-0.1222,False,False,False,2.213981895517514,0.9706620133057009,-0.45874476086956717,RANGE
2026-07-24,C1_Top5,UP,3,ICICIGI.NS,0.8952,0.3189312793356658,SMALL,GAP_UP,0.6771917282566431,1.0,0.3189312793356658,1.1554,1.1554,True,False,False,1.883499819472867,0.5897219882055604,0.833809441545208,RANGE
2026-07-24,C1_Top5,UP,4,ATUL.NS,0.8882,2.848224736636751,LARGE,GAP_UP,0.6771917282566431,1.0,2.848224736636751,5.9618,5.9618,True,True,True,6.718689036285608,-2.2239563012095287,3.0273495447648013,RANGE
2026-07-24,C1_Top5,UP,5,KPITTECH.NS,0.8804,0.42866941015089477,SMALL,GAP_UP,0.6771917282566431,1.0,0.42866941015089477,0.3429,0.3429,True,False,False,1.8689986282578896,0.42866941015089477,-0.08540331227592235,RANGE
2026-07-24,C2_Top5,UP,1,STLTECH.NS,0.9737,4.050341221306386,LARGE,GAP_UP,0.6771917282566431,1.0,4.050341221306386,-1.551,-1.551,False,False,False,4.998670566338759,2.8627138172471867,-5.383299233390115,RANGE
2026-07-24,C2_Top5,UP,2,ATUL.NS,0.8882,2.848224736636751,LARGE,GAP_UP,0.6771917282566431,1.0,2.848224736636751,5.9618,5.9618,True,True,True,6.718689036285608,-2.2239563012095287,3.0273495447648013,RANGE
2026-07-24,C2_Top5,UP,3,HINDZINC.NS,0.7626,1.7106870946517416,MEDIUM,GAP_UP,0.6771917282566431,1.0,1.7106870946517416,-0.4324,-0.4324,False,False,False,1.8140802707021342,0.7425509916345607,-2.107042195730513,RANGE
2026-07-24,C2_Top5,UP,4,LAURUSLABS.NS,0.807,1.4738945790657043,MEDIUM,GAP_UP,0.6771917282566431,1.0,1.4738945790657043,7.0072,7.0072,True,True,True,8.325006245316002,-0.9930052460654482,5.452934908911855,RANGE
2026-07-24,C2_Top5,UP,5,M&MFIN.NS,0.849,1.2622720897615736,MEDIUM,GAP_UP,0.6771917282566431,1.0,1.2622720897615736,1.8233,1.8233,True,False,False,3.5063113604488105,-0.028050490883591017,0.5540344875346159,RANGE
2026-07-24,A_V3_Top5,DOWN,1,MAPMYINDIA.NS,0.886,1.6023632620177253,MEDIUM,GAP_UP,0.6771917282566431,0.0,-1.6023632620177253,1.3428,-1.3428,False,False,False,-0.9757407573180554,4.5519649091397385,-0.25546970925109935,RANGE
2026-07-24,A_V3_Top5,DOWN,2,OFSS.NS,0.8518,1.0138941043935423,MEDIUM,GAP_UP,0.6771917282566431,0.0,-1.0138941043935423,4.1025,-4.1025,False,False,False,-0.12204280886218832,5.041306796845668,3.0576050185873616,RANGE
2026-07-24,A_V3_Top5,DOWN,3,MRPL.NS,0.8336,2.2091310751104487,LARGE,GAP_UP,0.6771917282566431,0.0,-2.2091310751104487,-4.3947,4.3947,True,True,True,4.860088365243009,2.6273932253313648,-6.461096974063385,RANGE
2026-07-24,A_V3_Top5,DOWN,4,MASTEK.NS,0.8296,0.5500029570051357,SMALL,GAP_UP,0.6771917282566431,0.0,-0.5500029570051357,2.407,-2.407,False,False,False,-0.5500029570051357,3.495180081613336,1.8468393718386267,RANGE
2026-07-24,A_V3_Top5,DOWN,5,MPHASIS.NS,0.8237,1.9229927921422751,MEDIUM,GAP_UP,0.6771917282566431,0.0,-1.9229927921422751,1.9492,-1.9492,False,False,False,-1.2368252595242657,3.5138279133854367,0.025712753461992754,RANGE
2026-07-24,C1_Top5,DOWN,1,KALYANKJIL.NS,0.8033,0.27024670909250315,NO_GAP,NEUTRAL,0.6771917282566431,0.5,-0.27024670909250315,-1.5605,1.5605,True,False,False,1.9353151425333337,2.0922325865225355,-1.825812510867686,RANGE
2026-07-24,C1_Top5,DOWN,2,METROBRAND.NS,0.7971,0.1859281730110629,NO_GAP,NEUTRAL,0.6771917282566431,0.5,-0.1859281730110629,0.959,-0.959,False,False,False,-0.1859281730110629,1.7614247969468755,0.7716371361593977,RANGE
2026-07-24,C1_Top5,DOWN,3,RATEGAIN.NS,0.7486,-0.1554864504664577,NO_GAP,NEUTRAL,0.6771917282566431,0.5,0.1554864504664577,0.5997,-0.5997,False,False,False,0.5997334517992003,3.17636605952909,0.756362491657403,RANGE
2026-07-24,C1_Top5,DOWN,4,MAPMYINDIA.NS,0.886,1.6023632620177253,MEDIUM,GAP_UP,0.6771917282566431,0.0,-1.6023632620177253,1.3428,-1.3428,False,False,False,-0.9757407573180554,4.5519649091397385,-0.25546970925109935,RANGE
2026-07-24,C1_Top5,DOWN,5,OFSS.NS,0.8518,1.0138941043935423,MEDIUM,GAP_UP,0.6771917282566431,0.0,-1.0138941043935423,4.1025,-4.1025,False,False,False,-0.12204280886218832,5.041306796845668,3.0576050185873616,RANGE
2026-07-24,C2_Top5,DOWN,1,RATEGAIN.NS,0.7486,-0.1554864504664577,NO_GAP,NEUTRAL,0.6771917282566431,0.5,0.1554864504664577,0.5997,-0.5997,False,False,False,0.5997334517992003,3.17636605952909,0.756362491657403,RANGE
2026-07-24,C2_Top5,DOWN,2,METROBRAND.NS,0.7971,0.1859281730110629,NO_GAP,NEUTRAL,0.6771917282566431,0.5,-0.1859281730110629,0.959,-0.959,False,False,False,-0.1859281730110629,1.7614247969468755,0.7716371361593977,RANGE
2026-07-24,C2_Top5,DOWN,3,KALYANKJIL.NS,0.8033,0.27024670909250315,NO_GAP,NEUTRAL,0.6771917282566431,0.5,-0.27024670909250315,-1.5605,1.5605,True,False,False,1.9353151425333337,2.0922325865225355,-1.825812510867686,RANGE
2026-07-24,C2_Top5,DOWN,4,HDFCBANK.NS,0.7756,0.44426494345719547,SMALL,GAP_UP,0.6771917282566431,0.0,-0.44426494345719547,-0.4375,0.4375,True,False,False,0.6327409800753858,0.6933225632741014,-0.8778648974668402,RANGE
2026-07-24,C2_Top5,DOWN,5,MASTEK.NS,0.8296,0.5500029570051357,SMALL,GAP_UP,0.6771917282566431,0.0,-0.5500029570051357,2.407,-2.407,False,False,False,-0.5500029570051357,3.495180081613336,1.8468393718386267,RANGE
2026-07-27,A_V3_Top5,UP,1,STLTECH.NS,0.9831,-3.132877205617568,LARGE,GAP_DOWN,-0.10293070632104717,0.0,-3.132877205617568,-4.5643,-4.5643,False,False,False,-2.952826791501617,4.996398991717676,-1.4777178810408964,RANGE
2026-07-27,A_V3_Top5,UP,2,ATUL.NS,0.9387,0.08100743795567134,NO_GAP,NEUTRAL,-0.10293070632104717,0.5,0.08100743795567134,-2.0546,-2.0546,False,False,False,1.6275130716547626,2.408130201045733,-2.133878837380432,RANGE
2026-07-27,A_V3_Top5,UP,3,SAPPHIRE.NS,0.9297,0.4810519001550162,SMALL,GAP_UP,-0.10293070632104717,1.0,0.4810519001550162,-1.5287,-1.5287,False,False,False,0.823133251376329,2.1861136351488564,-2.0001302356508432,RANGE
2026-07-27,A_V3_Top5,UP,4,DATAPATTNS.NS,0.8848,0.021839306860593766,NO_GAP,NEUTRAL,-0.10293070632104717,0.5,0.021839306860593766,-4.3067,-4.3067,False,False,False,0.021839306860593766,6.047301885765188,-4.327594190285689,RANGE
2026-07-27,A_V3_Top5,UP,5,LAURUSLABS.NS,0.8775,-0.023345395120821788,NO_GAP,NEUTRAL,-0.10293070632104717,0.5,-0.023345395120821788,2.6555,2.6555,True,True,False,2.8364655071787093,0.33267188047158003,2.6794709281961593,RANGE
2026-07-27,C1_Top5,UP,1,SAPPHIRE.NS,0.9297,0.4810519001550162,SMALL,GAP_UP,-0.10293070632104717,1.0,0.4810519001550162,-1.5287,-1.5287,False,False,False,0.823133251376329,2.1861136351488564,-2.0001302356508432,RANGE
2026-07-27,C1_Top5,UP,2,KPITTECH.NS,0.861,0.3075871496924121,SMALL,GAP_UP,-0.10293070632104717,1.0,0.3075871496924121,2.9477,2.9477,True,True,False,3.622693096377305,-0.3075871496924121,2.632017103918227,RANGE
2026-07-27,C1_Top5,UP,3,COFORGE.NS,0.8221,2.7218005757654984,LARGE,GAP_UP,-0.10293070632104717,1.0,2.7218005757654984,10.3114,10.3114,True,True,True,10.756346506150205,-2.545145249934566,7.388499210191091,RANGE
2026-07-27,C1_Top5,UP,4,HCLTECH.NS,0.8142,0.39354888494482765,SMALL,GAP_UP,-0.10293070632104717,1.0,0.39354888494482765,1.7517,1.7517,True,False,False,3.5573732541090974,-0.39354888494482765,1.3528270791698604,RANGE
2026-07-27,C1_Top5,UP,5,JINDALSTEL.NS,0.7662,0.5911607394200935,SMALL,GAP_UP,-0.10293070632104717,1.0,0.5911607394200935,-1.0603,-1.0603,False,False,False,0.5911607394200935,1.3324575396453042,-1.6417553264925333,RANGE
2026-07-27,C2_Top5,UP,1,COFORGE.NS,0.8221,2.7218005757654984,LARGE,GAP_UP,-0.10293070632104717,1.0,2.7218005757654984,10.3114,10.3114,True,True,True,10.756346506150205,-2.545145249934566,7.388499210191091,RANGE
2026-07-27,C2_Top5,UP,2,PIDILITIND.NS,0.765,0.8502451436728231,SMALL,GAP_UP,-0.10293070632104717,1.0,0.8502451436728231,0.5151,0.5151,True,False,False,1.328120151430534,0.049649351455338664,-0.3323196123077188,RANGE
2026-07-27,C2_Top5,UP,3,SHRIRAMFIN.NS,0.7551,0.6549797726834949,SMALL,GAP_UP,-0.10293070632104717,1.0,0.6549797726834949,0.2601,0.2601,True,False,False,1.126950491234835,0.1733769986515088,-0.39231022009569294,RANGE
2026-07-27,C2_Top5,UP,4,JINDALSTEL.NS,0.7662,0.5911607394200935,SMALL,GAP_UP,-0.10293070632104717,1.0,0.5911607394200935,-1.0603,-1.0603,False,False,False,0.5911607394200935,1.3324575396453042,-1.6417553264925333,RANGE
2026-07-27,C2_Top5,UP,5,SAPPHIRE.NS,0.9297,0.4810519001550162,SMALL,GAP_UP,-0.10293070632104717,1.0,0.4810519001550162,-1.5287,-1.5287,False,False,False,0.823133251376329,2.1861136351488564,-2.0001302356508432,RANGE
2026-07-27,A_V3_Top5,DOWN,1,MRPL.NS,0.8784,0.4374884466079365,SMALL,GAP_UP,-0.10293070632104717,0.0,-0.4374884466079365,-1.3926,1.3926,True,False,False,1.8423809230389887,1.053669357323317,-1.8221168957055278,RANGE
2026-07-27,A_V3_Top5,DOWN,2,SRF.NS,0.8458,0.7623781528541596,SMALL,GAP_UP,-0.10293070632104717,0.0,-0.7623781528541596,-0.1176,0.1176,True,False,False,0.967191352171437,0.860989948795754,-0.873320150819834,RANGE
2026-07-27,A_V3_Top5,DOWN,3,KALYANKJIL.NS,0.8422,0.0708466170740385,NO_GAP,NEUTRAL,-0.10293070632104717,0.5,-0.0708466170740385,7.7488,-7.7488,False,False,False,-0.0708466170740385,8.218207580588022,7.672517663716816,RANGE
2026-07-27,A_V3_Top5,DOWN,4,AMBER.NS,0.825,0.0,NO_GAP,NEUTRAL,-0.10293070632104717,0.5,-0.0,-0.9821,0.9821,True,False,False,1.1743698921777401,0.3090447084678205,-0.9820999999999969,RANGE
2026-07-27,A_V3_Top5,DOWN,5,ADANIGREEN.NS,0.8211,0.3786525684075226,SMALL,GAP_UP,-0.10293070632104717,0.0,-0.3786525684075226,-1.5646,1.5646,True,False,False,2.636279202686298,0.3786525684075226,-1.935922149466207,RANGE
2026-07-27,C1_Top5,DOWN,1,DRREDDY.NS,0.7865,-0.5039972193256803,SMALL,GAP_DOWN,-0.10293070632104717,1.0,0.5039972193256803,-1.3208,1.3208,True,False,False,1.7900590893291546,-0.15641293013555213,-0.82094029694324,RANGE
2026-07-27,C1_Top5,DOWN,2,HFCL.NS,0.7765,-2.8773241923756077,LARGE,GAP_DOWN,-0.10293070632104717,1.0,2.8773241923756077,-2.1554,2.1554,True,True,False,4.996364391814689,2.2644645268515617,0.7433116791443872,RANGE
2026-07-27,C1_Top5,DOWN,3,OIL.NS,0.7528,-0.8936651583710375,SMALL,GAP_DOWN,-0.10293070632104717,1.0,0.8936651583710375,0.5882,-0.5882,False,False,False,1.4932126696832637,3.619909502262453,1.4952274854468595,RANGE
2026-07-27,C1_Top5,DOWN,4,RATEGAIN.NS,0.752,-0.5851181276219863,SMALL,GAP_DOWN,-0.10293070632104717,1.0,0.5851181276219863,0.2705,-0.2705,False,False,False,0.5851181276219863,2.837270920733048,0.8606539700166449,RANGE
2026-07-27,C1_Top5,DOWN,5,VOLTAS.NS,0.6951,-0.5533237322822626,SMALL,GAP_DOWN,-0.10293070632104717,1.0,0.5533237322822626,-0.6215,0.6215,True,False,False,1.8039869627832883,-0.03789888577275802,-0.06855560213415712,RANGE
2026-07-27,C2_Top5,DOWN,1,HFCL.NS,0.7765,-2.8773241923756077,LARGE,GAP_DOWN,-0.10293070632104717,1.0,2.8773241923756077,-2.1554,2.1554,True,True,False,4.996364391814689,2.2644645268515617,0.7433116791443872,RANGE
2026-07-27,C2_Top5,DOWN,2,OIL.NS,0.7528,-0.8936651583710375,SMALL,GAP_DOWN,-0.10293070632104717,1.0,0.8936651583710375,0.5882,-0.5882,False,False,False,1.4932126696832637,3.619909502262453,1.4952274854468595,RANGE
2026-07-27,C2_Top5,DOWN,3,RATEGAIN.NS,0.752,-0.5851181276219863,SMALL,GAP_DOWN,-0.10293070632104717,1.0,0.5851181276219863,0.2705,-0.2705,False,False,False,0.5851181276219863,2.837270920733048,0.8606539700166449,RANGE
2026-07-27,C2_Top5,DOWN,4,VOLTAS.NS,0.6951,-0.5533237322822626,SMALL,GAP_DOWN,-0.10293070632104717,1.0,0.5533237322822626,-0.6215,0.6215,True,False,False,1.8039869627832883,-0.03789888577275802,-0.06855560213415712,RANGE
2026-07-27,C2_Top5,DOWN,5,DRREDDY.NS,0.7865,-0.5039972193256803,SMALL,GAP_DOWN,-0.10293070632104717,1.0,0.5039972193256803,-1.3208,1.3208,True,False,False,1.7900590893291546,-0.15641293013555213,-0.82094029694324,RANGE
2026-07-28,A_V3_Top5,UP,1,MASTEK.NS,0.9632,0.7206149247357851,SMALL,GAP_UP,0.797573532136453,1.0,0.7206149247357851,1.6227,1.6227,True,False,False,2.861108145617597,0.0,0.8956310244315979,RANGE
2026-07-28,A_V3_Top5,UP,2,COFORGE.NS,0.9617,2.016607354685651,LARGE,GAP_UP,0.797573532136453,1.0,2.016607354685651,1.7141,1.7141,True,False,False,4.6797153024911164,-1.1387900355871894,-0.2965275581395366,RANGE
2026-07-28,A_V3_Top5,UP,3,ATUL.NS,0.899,1.473684210526316,MEDIUM,GAP_UP,0.797573532136453,1.0,1.473684210526316,2.2331,2.2331,True,True,False,3.345864661654141,0.14285714285714457,0.7483869294605983,RANGE
2026-07-28,A_V3_Top5,UP,4,KPITTECH.NS,0.8734,1.2532160345256838,MEDIUM,GAP_UP,0.797573532136453,1.0,1.2532160345256838,6.0254,6.0254,True,True,True,9.992530500456454,-0.6971532907295019,4.713118409836081,RANGE
2026-07-28,A_V3_Top5,UP,5,LAURUSLABS.NS,0.8654,0.1762465177099326,NO_GAP,NEUTRAL,0.797573532136453,0.5,0.1762465177099326,1.2735,1.2735,True,False,False,2.2172949002217335,0.26152709079538816,1.0953230136208747,RANGE
2026-07-28,C1_Top5,UP,1,MASTEK.NS,0.9632,0.7206149247357851,SMALL,GAP_UP,0.797573532136453,1.0,0.7206149247357851,1.6227,1.6227,True,False,False,2.861108145617597,0.0,0.8956310244315979,RANGE
2026-07-28,C1_Top5,UP,2,COFORGE.NS,0.9617,2.016607354685651,LARGE,GAP_UP,0.797573532136453,1.0,2.016607354685651,1.7141,1.7141,True,False,False,4.6797153024911164,-1.1387900355871894,-0.2965275581395366,RANGE
2026-07-28,C1_Top5,UP,3,ATUL.NS,0.899,1.473684210526316,MEDIUM,GAP_UP,0.797573532136453,1.0,1.473684210526316,2.2331,2.2331,True,True,False,3.345864661654141,0.14285714285714457,0.7483869294605983,RANGE
2026-07-28,C1_Top5,UP,4,KPITTECH.NS,0.8734,1.2532160345256838,MEDIUM,GAP_UP,0.797573532136453,1.0,1.2532160345256838,6.0254,6.0254,True,True,True,9.992530500456454,-0.6971532907295019,4.713118409836081,RANGE
2026-07-28,C1_Top5,UP,5,TCS.NS,0.8602,1.7514595496246788,MEDIUM,GAP_UP,0.797573532136453,1.0,1.7514595496246788,2.0267,2.0267,True,True,False,3.2318598832360212,-0.7130984153461251,0.27050270491804085,RANGE
2026-07-28,C2_Top5,UP,1,INFY.NS,0.8524,3.7351903771366546,LARGE,GAP_UP,0.797573532136453,1.0,3.7351903771366546,4.513,4.513,True,True,True,5.317898164058965,-2.052998100750658,0.7498030514385245,RANGE
2026-07-28,C2_Top5,UP,2,COFORGE.NS,0.9617,2.016607354685651,LARGE,GAP_UP,0.797573532136453,1.0,2.016607354685651,1.7141,1.7141,True,False,False,4.6797153024911164,-1.1387900355871894,-0.2965275581395366,RANGE
2026-07-28,C2_Top5,UP,3,HCLTECH.NS,0.8037,1.9262854542696939,MEDIUM,GAP_UP,0.797573532136453,1.0,1.9262854542696939,1.949,1.949,True,False,False,2.586076141362059,-0.34885484604885164,0.022285267857125035,RANGE
2026-07-28,C2_Top5,UP,4,TCS.NS,0.8602,1.7514595496246788,MEDIUM,GAP_UP,0.797573532136453,1.0,1.7514595496246788,2.0267,2.0267,True,True,False,3.2318598832360212,-0.7130984153461251,0.27050270491804085,RANGE
2026-07-28,C2_Top5,UP,5,MPHASIS.NS,0.8302,1.7194945100476478,MEDIUM,GAP_UP,0.797573532136453,1.0,1.7194945100476478,-2.1628,-2.1628,False,False,False,2.423865755127408,2.838201781644911,-3.81666712830957,RANGE
2026-07-28,A_V3_Top5,DOWN,1,MRPL.NS,0.8905,0.9998125351496467,SMALL,GAP_UP,0.797573532136453,0.0,-0.9998125351496467,2.1121,-2.1121,False,False,False,0.6436293195025922,2.824470411797786,1.101276761739789,RANGE
2026-07-28,A_V3_Top5,DOWN,2,SRF.NS,0.8495,0.4784727150631385,SMALL,GAP_UP,0.797573532136453,0.0,-0.4784727150631385,0.3949,-0.3949,False,False,False,0.20505431020939602,0.9721311222044227,-0.08317474659486068,RANGE
2026-07-28,A_V3_Top5,DOWN,3,HFCL.NS,0.8444,0.3237963798503163,SMALL,GAP_UP,0.797573532136453,0.0,-0.3237963798503163,2.7443,-2.7443,False,False,False,3.8961728329529044,3.774085673337235,2.41269141269842,RANGE
2026-07-28,A_V3_Top5,DOWN,4,JPPOWER.NS,0.8,0.059101654846327456,NO_GAP,NEUTRAL,0.797573532136453,0.5,-0.059101654846327456,0.7092,-0.7092,False,False,False,0.17730496453901567,1.4184397163120366,0.6497143532191663,RANGE
2026-07-28,A_V3_Top5,DOWN,5,METROBRAND.NS,0.7966,0.7797270955165692,SMALL,GAP_UP,0.797573532136453,0.0,-0.7797270955165692,0.6433,-0.6433,False,False,False,-0.11695906432749315,1.5594541910331383,-0.13537156673114614,RANGE
2026-07-28,C1_Top5,DOWN,1,ROUTE.NS,0.7822,-0.4625011335812168,SMALL,GAP_DOWN,0.797573532136453,1.0,0.4625011335812168,-0.5078,0.5078,True,False,False,1.759318037544222,0.3355400380883333,-0.045509347667638256,RANGE
2026-07-28,C1_Top5,DOWN,2,TORNTPHARM.NS,0.7472,-0.34297206553179915,SMALL,GAP_DOWN,0.797573532136453,1.0,0.34297206553179915,-0.4042,0.4042,True,False,False,0.8390584831087677,1.0350571028747702,-0.061438651881595696,RANGE
2026-07-28,C1_Top5,DOWN,3,CENTUM.NS,0.7356,-0.31539976027661343,SMALL,GAP_DOWN,0.797573532136453,1.0,0.31539976027661343,3.5476,-3.5476,False,False,False,0.31539976027661343,3.8224515704288864,3.8752222018113125,RANGE
2026-07-28,C1_Top5,DOWN,4,JPPOWER.NS,0.8,0.059101654846327456,NO_GAP,NEUTRAL,0.797573532136453,0.5,-0.059101654846327456,0.7092,-0.7092,False,False,False,0.17730496453901567,1.4184397163120366,0.6497143532191663,RANGE
2026-07-28,C1_Top5,DOWN,5,UNIONBANK.NS,0.7832,0.0,NO_GAP,NEUTRAL,0.797573532136453,0.5,-0.0,1.6881,-1.6881,False,False,False,0.0594388968140902,2.1992391821207713,1.6880999999999924,RANGE
2026-07-28,C2_Top5,DOWN,1,ROUTE.NS,0.7822,-0.4625011335812168,SMALL,GAP_DOWN,0.797573532136453,1.0,0.4625011335812168,-0.5078,0.5078,True,False,False,1.759318037544222,0.3355400380883333,-0.045509347667638256,RANGE
2026-07-28,C2_Top5,DOWN,2,TORNTPHARM.NS,0.7472,-0.34297206553179915,SMALL,GAP_DOWN,0.797573532136453,1.0,0.34297206553179915,-0.4042,0.4042,True,False,False,0.8390584831087677,1.0350571028747702,-0.061438651881595696,RANGE
2026-07-28,C2_Top5,DOWN,3,CENTUM.NS,0.7356,-0.31539976027661343,SMALL,GAP_DOWN,0.797573532136453,1.0,0.31539976027661343,3.5476,-3.5476,False,False,False,0.31539976027661343,3.8224515704288864,3.8752222018113125,RANGE
2026-07-28,C2_Top5,DOWN,4,UNIONBANK.NS,0.7832,0.0,NO_GAP,NEUTRAL,0.797573532136453,0.5,-0.0,1.6881,-1.6881,False,False,False,0.0594388968140902,2.1992391821207713,1.6880999999999924,RANGE
2026-07-28,C2_Top5,DOWN,5,RATNAMANI.NS,0.7288,0.021217907914272693,NO_GAP,NEUTRAL,0.797573532136453,0.5,-0.021217907914272693,1.3877,-1.3877,False,False,False,-0.021217907914272693,2.2151495862507975,1.3661922146796845,RANGE
2026-07-29,A_V3_Top5,UP,1,KPITTECH.NS,0.9527,-4.500978473581219,LARGE,GAP_DOWN,-0.0026737924692987747,0.0,-4.500978473581219,-7.6712,-7.6712,False,False,False,-2.778864970645789,9.174168297455976,-3.3196377049180326,RANGE
2026-07-29,A_V3_Top5,UP,2,COFORGE.NS,0.9456,-0.7697241821680634,SMALL,GAP_DOWN,-0.0026737924692987747,0.0,-0.7697241821680634,1.866,1.866,True,False,False,2.880634439325891,0.7697241821680634,2.656169360051708,RANGE
2026-07-29,A_V3_Top5,UP,3,MASTEK.NS,0.9411,0.05252652589557982,NO_GAP,NEUTRAL,-0.0026737924692987747,0.5,0.05252652589557982,1.3867,1.3867,True,False,False,2.2008614350246924,0.7196134047694147,1.3334730470390577,RANGE
2026-07-29,A_V3_Top5,UP,4,SAPPHIRE.NS,0.9288,0.005163422316312172,NO_GAP,NEUTRAL,-0.0026737924692987747,0.5,0.005163422316312172,0.8158,0.8158,True,False,False,5.88113801827852,1.2598750451799479,0.8105947232548649,RANGE
2026-07-29,A_V3_Top5,UP,5,ATUL.NS,0.9148,-0.12502757961314614,NO_GAP,NEUTRAL,-0.0026737924692987747,0.5,-0.12502757961314614,0.0662,0.0662,True,False,False,1.4194307567845899,0.46333750091932524,0.19146696612664105,RANGE
2026-07-29,C1_Top5,UP,1,INFY.NS,0.8985,1.0730356524749185,MEDIUM,GAP_UP,-0.0026737924692987747,1.0,1.0730356524749185,-0.0433,-0.0433,False,False,False,2.77777777777779,0.37210107303564666,-1.1044841438356268,RANGE
2026-07-29,C1_Top5,UP,2,MASTEK.NS,0.9411,0.05252652589557982,NO_GAP,NEUTRAL,-0.0026737924692987747,0.5,0.05252652589557982,1.3867,1.3867,True,False,False,2.2008614350246924,0.7196134047694147,1.3334730470390577,RANGE
2026-07-29,C1_Top5,UP,3,SAPPHIRE.NS,0.9288,0.005163422316312172,NO_GAP,NEUTRAL,-0.0026737924692987747,0.5,0.005163422316312172,0.8158,0.8158,True,False,False,5.88113801827852,1.2598750451799479,0.8105947232548649,RANGE
2026-07-29,C1_Top5,UP,4,ATUL.NS,0.9148,-0.12502757961314614,NO_GAP,NEUTRAL,-0.0026737924692987747,0.5,-0.12502757961314614,0.0662,0.0662,True,False,False,1.4194307567845899,0.46333750091932524,0.19146696612664105,RANGE
2026-07-29,C1_Top5,UP,5,SAIL.NS,0.8719,-0.15208235844643703,NO_GAP,NEUTRAL,-0.0026737924692987747,0.5,-0.15208235844643703,-1.1172,-1.1172,False,False,False,0.23397285914834587,1.9653720168460564,-0.9665876508494264,RANGE
2026-07-29,C2_Top5,UP,1,INFY.NS,0.8985,1.0730356524749185,MEDIUM,GAP_UP,-0.0026737924692987747,1.0,1.0730356524749185,-0.0433,-0.0433,False,False,False,2.77777777777779,0.37210107303564666,-1.1044841438356268,RANGE
2026-07-29,C2_Top5,UP,2,LAURUSLABS.NS,0.8202,0.20771346769212773,NO_GAP,NEUTRAL,-0.0026737924692987747,0.5,0.20771346769212773,0.0,0.0,False,False,False,0.9880424409139499,0.4491102004154257,-0.20728291316526315,RANGE
2026-07-29,C2_Top5,UP,3,WELCORP.NS,0.8039,0.1767825574543247,NO_GAP,NEUTRAL,-0.0026737924692987747,0.5,0.1767825574543247,-2.475,-2.475,False,False,False,0.1767825574543247,2.657631113730108,-2.6471029411764713,RANGE
2026-07-29,C2_Top5,UP,4,MAPMYINDIA.NS,0.8517,0.16335654715846637,NO_GAP,NEUTRAL,-0.0026737924692987747,0.5,0.16335654715846637,1.8614,1.8614,True,False,False,3.1338663915398524,0.48147192846702547,1.6952741115879633,RANGE
2026-07-29,C2_Top5,UP,5,MASTEK.NS,0.9411,0.05252652589557982,NO_GAP,NEUTRAL,-0.0026737924692987747,0.5,0.05252652589557982,1.3867,1.3867,True,False,False,2.2008614350246924,0.7196134047694147,1.3334730470390577,RANGE
2026-07-29,A_V3_Top5,DOWN,1,MRPL.NS,0.8898,-0.25090263753747566,NO_GAP,NEUTRAL,-0.0026737924692987747,0.5,0.25090263753747566,2.099,-2.099,False,False,False,1.4442200599718458,6.603023070803493,2.355813435582821,RANGE
2026-07-29,A_V3_Top5,DOWN,2,HFCL.NS,0.833,-0.2893159743748708,NO_GAP,NEUTRAL,-0.0026737924692987747,0.5,0.2893159743748708,-4.5826,4.5826,True,True,True,4.990700557966521,1.0177722669973077,-4.305741222797932,RANGE
2026-07-29,A_V3_Top5,DOWN,3,STLTECH.NS,0.8209,-0.5865948648908659,SMALL,GAP_DOWN,-0.0026737924692987747,1.0,0.5865948648908659,2.0387,-2.0387,False,False,False,4.35618809500914,2.8560438503702157,2.640785577481153,RANGE
2026-07-29,A_V3_Top5,DOWN,4,TORNTPHARM.NS,0.8133,0.0,NO_GAP,NEUTRAL,-0.0026737924692987747,0.5,-0.0,-0.1312,0.1312,True,False,False,0.33821871476887866,1.5025069181100692,-0.13119999999999798,RANGE
2026-07-29,A_V3_Top5,DOWN,5,SRF.NS,0.8079,-0.1437325062410233,NO_GAP,NEUTRAL,-0.0026737924692987747,0.5,0.1437325062410233,-1.4751,1.4751,True,False,False,1.819350934261299,-0.1437325062410233,-1.3332838560605964,RANGE
2026-07-29,C1_Top5,DOWN,1,STLTECH.NS,0.8209,-0.5865948648908659,SMALL,GAP_DOWN,-0.0026737924692987747,1.0,0.5865948648908659,2.0387,-2.0387,False,False,False,4.35618809500914,2.8560438503702157,2.640785577481153,RANGE
2026-07-29,C1_Top5,DOWN,2,SHRIRAMFIN.NS,0.726,-0.6413324399349163,SMALL,GAP_DOWN,-0.0026737924692987747,1.0,0.6413324399349163,-1.6751,1.6751,True,False,False,2.412175744232803,0.6030439360581896,-1.040440240847773,RANGE
2026-07-29,C1_Top5,DOWN,3,M&MFIN.NS,0.72,-0.4825396825396733,SMALL,GAP_DOWN,-0.0026737924692987747,1.0,0.4825396825396733,-0.3048,0.3048,True,False,False,1.282539682539685,1.282539682539685,0.17860150567818867,RANGE
2026-07-29,C1_Top5,DOWN,4,MRPL.NS,0.8898,-0.25090263753747566,NO_GAP,NEUTRAL,-0.0026737924692987747,0.5,0.25090263753747566,2.099,-2.099,False,False,False,1.4442200599718458,6.603023070803493,2.355813435582821,RANGE
2026-07-29,C1_Top5,DOWN,5,HFCL.NS,0.833,-0.2893159743748708,NO_GAP,NEUTRAL,-0.0026737924692987747,0.5,0.2893159743748708,-4.5826,4.5826,True,True,True,4.990700557966521,1.0177722669973077,-4.305741222797932,RANGE
2026-07-29,C2_Top5,DOWN,1,SHRIRAMFIN.NS,0.726,-0.6413324399349163,SMALL,GAP_DOWN,-0.0026737924692987747,1.0,0.6413324399349163,-1.6751,1.6751,True,False,False,2.412175744232803,0.6030439360581896,-1.040440240847773,RANGE
2026-07-29,C2_Top5,DOWN,2,STLTECH.NS,0.8209,-0.5865948648908659,SMALL,GAP_DOWN,-0.0026737924692987747,1.0,0.5865948648908659,2.0387,-2.0387,False,False,False,4.35618809500914,2.8560438503702157,2.640785577481153,RANGE
2026-07-29,C2_Top5,DOWN,3,M&MFIN.NS,0.72,-0.4825396825396733,SMALL,GAP_DOWN,-0.0026737924692987747,1.0,0.4825396825396733,-0.3048,0.3048,True,False,False,1.282539682539685,1.282539682539685,0.17860150567818867,RANGE
2026-07-29,C2_Top5,DOWN,4,HFCL.NS,0.833,-0.2893159743748708,NO_GAP,NEUTRAL,-0.0026737924692987747,0.5,0.2893159743748708,-4.5826,4.5826,True,True,True,4.990700557966521,1.0177722669973077,-4.305741222797932,RANGE
2026-07-29,C2_Top5,DOWN,5,DATAPATTNS.NS,0.7857,-0.2592074953972068,NO_GAP,NEUTRAL,-0.0026737924692987747,0.5,0.2592074953972068,0.5725,-0.5725,False,False,False,1.704009788937244,1.158542551536268,0.833868946207561,RANGE
2026-07-30,A_V3_Top5,UP,1,SAPPHIRE.NS,0.95,,UNKNOWN,NEUTRAL,,,,,,False,False,False,,,,RANGE
2026-07-30,A_V3_Top5,UP,2,COFORGE.NS,0.9338,,UNKNOWN,NEUTRAL,,,,,,False,False,False,,,,RANGE
2026-07-30,A_V3_Top5,UP,3,MASTEK.NS,0.9203,,UNKNOWN,NEUTRAL,,,,,,False,False,False,,,,RANGE
2026-07-30,A_V3_Top5,UP,4,KPITTECH.NS,0.9157,,UNKNOWN,NEUTRAL,,,,,,False,False,False,,,,RANGE
2026-07-30,A_V3_Top5,UP,5,VGUARD.NS,0.9066,,UNKNOWN,NEUTRAL,,,,,,False,False,False,,,,RANGE
2026-07-30,C1_Top5,UP,1,SAPPHIRE.NS,0.95,,UNKNOWN,NEUTRAL,,,,,,False,False,False,,,,RANGE
2026-07-30,C1_Top5,UP,2,COFORGE.NS,0.9338,,UNKNOWN,NEUTRAL,,,,,,False,False,False,,,,RANGE
2026-07-30,C1_Top5,UP,3,MASTEK.NS,0.9203,,UNKNOWN,NEUTRAL,,,,,,False,False,False,,,,RANGE
2026-07-30,C1_Top5,UP,4,KPITTECH.NS,0.9157,,UNKNOWN,NEUTRAL,,,,,,False,False,False,,,,RANGE
2026-07-30,C1_Top5,UP,5,VGUARD.NS,0.9066,,UNKNOWN,NEUTRAL,,,,,,False,False,False,,,,RANGE
2026-07-30,C2_Top5,UP,1,SAPPHIRE.NS,0.95,,UNKNOWN,NEUTRAL,,,,,,False,False,False,,,,RANGE
2026-07-30,C2_Top5,UP,2,COFORGE.NS,0.9338,,UNKNOWN,NEUTRAL,,,,,,False,False,False,,,,RANGE
2026-07-30,C2_Top5,UP,3,MASTEK.NS,0.9203,,UNKNOWN,NEUTRAL,,,,,,False,False,False,,,,RANGE
2026-07-30,C2_Top5,UP,4,KPITTECH.NS,0.9157,,UNKNOWN,NEUTRAL,,,,,,False,False,False,,,,RANGE
2026-07-30,C2_Top5,UP,5,VGUARD.NS,0.9066,,UNKNOWN,NEUTRAL,,,,,,False,False,False,,,,RANGE
2026-07-30,A_V3_Top5,DOWN,1,ROUTE.NS,0.8904,,UNKNOWN,NEUTRAL,,,,,,False,False,False,,,,RANGE
2026-07-30,A_V3_Top5,DOWN,2,MRPL.NS,0.8692,,UNKNOWN,NEUTRAL,,,,,,False,False,False,,,,RANGE
2026-07-30,A_V3_Top5,DOWN,3,TORNTPHARM.NS,0.8397,,UNKNOWN,NEUTRAL,,,,,,False,False,False,,,,RANGE
2026-07-30,A_V3_Top5,DOWN,4,STLTECH.NS,0.8123,,UNKNOWN,NEUTRAL,,,,,,False,False,False,,,,RANGE
2026-07-30,A_V3_Top5,DOWN,5,HFCL.NS,0.8118,,UNKNOWN,NEUTRAL,,,,,,False,False,False,,,,RANGE
2026-07-30,C1_Top5,DOWN,1,ROUTE.NS,0.8904,,UNKNOWN,NEUTRAL,,,,,,False,False,False,,,,RANGE
2026-07-30,C1_Top5,DOWN,2,MRPL.NS,0.8692,,UNKNOWN,NEUTRAL,,,,,,False,False,False,,,,RANGE
2026-07-30,C1_Top5,DOWN,3,TORNTPHARM.NS,0.8397,,UNKNOWN,NEUTRAL,,,,,,False,False,False,,,,RANGE
2026-07-30,C1_Top5,DOWN,4,STLTECH.NS,0.8123,,UNKNOWN,NEUTRAL,,,,,,False,False,False,,,,RANGE
2026-07-30,C1_Top5,DOWN,5,HFCL.NS,0.8118,,UNKNOWN,NEUTRAL,,,,,,False,False,False,,,,RANGE
2026-07-30,C2_Top5,DOWN,1,ROUTE.NS,0.8904,,UNKNOWN,NEUTRAL,,,,,,False,False,False,,,,RANGE
2026-07-30,C2_Top5,DOWN,2,MRPL.NS,0.8692,,UNKNOWN,NEUTRAL,,,,,,False,False,False,,,,RANGE
2026-07-30,C2_Top5,DOWN,3,TORNTPHARM.NS,0.8397,,UNKNOWN,NEUTRAL,,,,,,False,False,False,,,,RANGE
2026-07-30,C2_Top5,DOWN,4,STLTECH.NS,0.8123,,UNKNOWN,NEUTRAL,,,,,,False,False,False,,,,RANGE
2026-07-30,C2_Top5,DOWN,5,HFCL.NS,0.8118,,UNKNOWN,NEUTRAL,,,,,,False,False,False,,,,RANGE
