trading_date,symbol,direction,split,regime,v3_score,knowledge_score,knowledge_confidence,conflict_type,inv_knowledge_score,t1_ret_pct,kn_group,v3_favorable
2025-09-16,COCHINSHIP.NS,UP,TRAIN,RANGE,0.9621,1.0,HIGH,ALIGNED,0.0,3.7824,HIGH_KN,True
2025-09-16,PARAS.NS,UP,TRAIN,RANGE,0.9621,0.875,HIGH,ALIGNED,0.125,1.2387,HIGH_KN,True
2025-09-16,MIDHANI.NS,UP,TRAIN,RANGE,0.9434,1.0,HIGH,ALIGNED,0.0,0.3893,HIGH_KN,True
2025-09-16,HFCL.NS,UP,TRAIN,RANGE,0.9141,1.0,HIGH,ALIGNED,0.0,-1.7526,HIGH_KN,False
2025-09-16,MOTHERSON.NS,UP,TRAIN,RANGE,0.9085,0.75,HIGH,ALIGNED,0.25,-0.5005,HIGH_KN,False
2025-09-16,BDL.NS,UP,TRAIN,RANGE,0.8932,0.75,HIGH,ALIGNED,0.25,1.2212,HIGH_KN,True
2025-09-16,RADICO.NS,UP,TRAIN,RANGE,0.8917,0.875,HIGH,ALIGNED,0.125,0.551,HIGH_KN,True
2025-09-16,IRCON.NS,UP,TRAIN,RANGE,0.8862,1.0,HIGH,ALIGNED,0.0,0.9773,HIGH_KN,True
2025-09-16,DATAPATTNS.NS,UP,TRAIN,RANGE,0.8735,0.875,HIGH,ALIGNED,0.125,3.9137,HIGH_KN,True
2025-09-16,PERSISTENT.NS,UP,TRAIN,RANGE,0.859,1.0,HIGH,ALIGNED,0.0,0.8196,HIGH_KN,True
2025-09-16,RVNL.NS,UP,TRAIN,RANGE,0.858,1.0,HIGH,ALIGNED,0.0,1.6624,HIGH_KN,True
2025-09-16,RAILTEL.NS,UP,TRAIN,RANGE,0.8529,0.75,HIGH,ALIGNED,0.25,0.9951,HIGH_KN,True
2025-09-16,SOBHA.NS,UP,TRAIN,RANGE,0.85,0.75,HIGH,ALIGNED,0.25,1.1451,HIGH_KN,True
2025-09-16,TIINDIA.NS,UP,TRAIN,RANGE,0.8444,0.75,HIGH,ALIGNED,0.25,-0.5111,HIGH_KN,False
2025-09-16,MGL.NS,UP,TRAIN,RANGE,0.8434,1.0,HIGH,ALIGNED,0.0,-0.1174,HIGH_KN,False
2025-09-16,GRSE.NS,UP,TRAIN,RANGE,0.8342,0.75,HIGH,ALIGNED,0.25,6.6918,HIGH_KN,True
2025-09-16,JSWENERGY.NS,UP,TRAIN,RANGE,0.8248,1.0,HIGH,ALIGNED,0.0,-0.9351,HIGH_KN,False
2025-09-16,NHPC.NS,UP,TRAIN,RANGE,0.8248,1.0,HIGH,ALIGNED,0.0,-1.58,HIGH_KN,False
2025-09-16,IDEA.NS,UP,TRAIN,RANGE,0.8233,0.75,HIGH,ALIGNED,0.25,-2.1411,HIGH_KN,False
2025-09-16,NCC.NS,UP,TRAIN,RANGE,0.8192,1.0,HIGH,ALIGNED,0.0,-0.1758,HIGH_KN,False
2025-09-16,M&M.NS,DOWN,TRAIN,RANGE,0.8993,0.5,MEDIUM,ALIGNED,0.5,0.6984,HIGH_KN,False
2025-09-16,TVSMOTOR.NS,DOWN,TRAIN,RANGE,0.8613,0.75,HIGH,ALIGNED,0.25,0.0057,HIGH_KN,False
2025-09-16,EICHERMOT.NS,DOWN,TRAIN,RANGE,0.8311,0.375,MEDIUM,CONFLICT,0.625,-0.5341,LOW_KN,True
2025-09-16,JPPOWER.NS,DOWN,TRAIN,RANGE,0.8235,0.625,HIGH,ALIGNED,0.375,-0.1572,HIGH_KN,True
2025-09-16,ENDURANCE.NS,DOWN,TRAIN,RANGE,0.8112,0.75,HIGH,ALIGNED,0.25,-1.427,HIGH_KN,True
2025-09-16,BAJAJ-AUTO.NS,DOWN,TRAIN,RANGE,0.7981,0.75,HIGH,ALIGNED,0.25,0.1268,HIGH_KN,False
2025-09-16,WHIRLPOOL.NS,DOWN,TRAIN,RANGE,0.7872,0.5,MEDIUM,ALIGNED,0.5,-1.4761,HIGH_KN,True
2025-09-16,RBLBANK.NS,DOWN,TRAIN,RANGE,0.787,0.625,HIGH,ALIGNED,0.375,-1.0849,HIGH_KN,True
2025-09-16,ASHOKLEY.NS,DOWN,TRAIN,RANGE,0.7846,0.625,HIGH,ALIGNED,0.375,1.6575,HIGH_KN,False
2025-09-16,CENTUM.NS,DOWN,TRAIN,RANGE,0.7838,0.75,HIGH,ALIGNED,0.25,0.1225,HIGH_KN,False
2025-09-16,GLENMARK.NS,DOWN,TRAIN,RANGE,0.78,0.75,HIGH,ALIGNED,0.25,-1.6659,HIGH_KN,True
2025-09-16,BSE.NS,DOWN,TRAIN,RANGE,0.7711,0.625,HIGH,ALIGNED,0.375,0.4774,HIGH_KN,False
2025-09-16,MANAPPURAM.NS,DOWN,TRAIN,RANGE,0.7635,0.375,MEDIUM,CONFLICT,0.625,-1.0976,LOW_KN,True
2025-09-16,MOIL.NS,DOWN,TRAIN,RANGE,0.7616,0.5,MEDIUM,ALIGNED,0.5,-0.408,HIGH_KN,True
2025-09-16,MUTHOOTFIN.NS,DOWN,TRAIN,RANGE,0.7577,0.25,LOW,CONFLICT,0.75,-1.5493,LOW_KN,True
2025-09-16,BOSCHLTD.NS,DOWN,TRAIN,RANGE,0.756,0.75,HIGH,ALIGNED,0.25,-0.3632,HIGH_KN,True
2025-09-16,HEROMOTOCO.NS,DOWN,TRAIN,RANGE,0.7454,0.625,HIGH,ALIGNED,0.375,0.6396,HIGH_KN,False
2025-09-16,EXIDEIND.NS,DOWN,TRAIN,RANGE,0.7133,0.75,HIGH,ALIGNED,0.25,0.1435,HIGH_KN,False
2025-09-16,RATEGAIN.NS,DOWN,TRAIN,RANGE,0.7104,0.375,MEDIUM,CONFLICT,0.625,-0.21,LOW_KN,True
2025-09-16,ZYDUSWELL.NS,DOWN,TRAIN,RANGE,0.7085,0.375,MEDIUM,CONFLICT,0.625,-1.6442,LOW_KN,True
2025-09-17,ONMOBILE.NS,UP,TRAIN,RANGE,0.992,0.75,HIGH,ALIGNED,0.25,0.6871,HIGH_KN,True
2025-09-17,COCHINSHIP.NS,UP,TRAIN,RANGE,0.9833,0.875,HIGH,ALIGNED,0.125,0.8939,HIGH_KN,True
2025-09-17,DATAPATTNS.NS,UP,TRAIN,RANGE,0.9773,0.875,HIGH,ALIGNED,0.125,-1.2682,HIGH_KN,False
2025-09-17,GRSE.NS,UP,TRAIN,RANGE,0.9655,1.0,HIGH,ALIGNED,0.0,0.8757,HIGH_KN,True
2025-09-17,PARAS.NS,UP,TRAIN,RANGE,0.9543,0.75,HIGH,ALIGNED,0.25,-1.0162,HIGH_KN,False
2025-09-17,IDEAFORGE.NS,UP,TRAIN,RANGE,0.9452,1.0,HIGH,ALIGNED,0.0,-0.2055,HIGH_KN,False
2025-09-17,IRCON.NS,UP,TRAIN,RANGE,0.9292,1.0,HIGH,ALIGNED,0.0,-0.5989,HIGH_KN,False
2025-09-17,RVNL.NS,UP,TRAIN,RANGE,0.9116,1.0,HIGH,ALIGNED,0.0,0.4712,HIGH_KN,True
2025-09-17,RAILTEL.NS,UP,TRAIN,RANGE,0.9092,0.875,HIGH,ALIGNED,0.125,-0.8231,HIGH_KN,False
2025-09-17,BEML.NS,UP,TRAIN,RANGE,0.9063,0.875,HIGH,ALIGNED,0.125,-1.1014,HIGH_KN,False
2025-09-17,MIDHANI.NS,UP,TRAIN,RANGE,0.8932,1.0,HIGH,ALIGNED,0.0,-1.6362,HIGH_KN,False
2025-09-17,BDL.NS,UP,TRAIN,RANGE,0.8659,1.0,HIGH,ALIGNED,0.0,-0.8864,HIGH_KN,False
2025-09-17,HFCL.NS,UP,TRAIN,RANGE,0.8638,0.875,HIGH,ALIGNED,0.125,3.3546,HIGH_KN,True
2025-09-17,MAZDOCK.NS,UP,TRAIN,RANGE,0.8384,1.0,HIGH,ALIGNED,0.0,-0.4137,HIGH_KN,False
2025-09-17,VEDL.NS,UP,TRAIN,RANGE,0.8343,0.875,HIGH,ALIGNED,0.125,-0.1096,HIGH_KN,False
2025-09-17,PRESTIGE.NS,UP,TRAIN,RANGE,0.8292,1.0,HIGH,ALIGNED,0.0,-1.5293,HIGH_KN,False
2025-09-17,MOTHERSON.NS,UP,TRAIN,RANGE,0.8208,0.5,MEDIUM,ALIGNED,0.5,-0.3292,HIGH_KN,False
2025-09-17,COROMANDEL.NS,UP,TRAIN,RANGE,0.807,0.75,HIGH,ALIGNED,0.25,-0.9753,HIGH_KN,False
2025-09-17,TATACHEM.NS,UP,TRAIN,RANGE,0.7993,1.0,HIGH,ALIGNED,0.0,-1.5819,HIGH_KN,False
2025-09-17,AMBER.NS,UP,TRAIN,RANGE,0.7971,0.875,HIGH,ALIGNED,0.125,-0.3198,HIGH_KN,False
2025-09-17,OFSS.NS,DOWN,TRAIN,RANGE,0.8835,0.625,HIGH,ALIGNED,0.375,0.5479,HIGH_KN,False
2025-09-17,SAPPHIRE.NS,DOWN,TRAIN,RANGE,0.858,0.875,HIGH,ALIGNED,0.125,0.5446,HIGH_KN,False
2025-09-17,RATEGAIN.NS,DOWN,TRAIN,RANGE,0.8543,0.5,MEDIUM,ALIGNED,0.5,-0.5456,HIGH_KN,True
2025-09-17,GLENMARK.NS,DOWN,TRAIN,RANGE,0.8391,0.625,HIGH,ALIGNED,0.375,3.2315,HIGH_KN,False
2025-09-17,JPPOWER.NS,DOWN,TRAIN,RANGE,0.8167,0.625,HIGH,ALIGNED,0.375,-1.1549,HIGH_KN,True
2025-09-17,M&M.NS,DOWN,TRAIN,RANGE,0.8146,0.375,MEDIUM,CONFLICT,0.625,0.2477,LOW_KN,False
2025-09-17,ENDURANCE.NS,DOWN,TRAIN,RANGE,0.8125,0.75,HIGH,ALIGNED,0.25,1.0866,HIGH_KN,False
2025-09-17,WHIRLPOOL.NS,DOWN,TRAIN,RANGE,0.7987,0.625,HIGH,ALIGNED,0.375,-0.4621,HIGH_KN,True
2025-09-17,BAJAJ-AUTO.NS,DOWN,TRAIN,RANGE,0.7795,0.625,HIGH,ALIGNED,0.375,-0.0991,HIGH_KN,True
2025-09-17,EICHERMOT.NS,DOWN,TRAIN,RANGE,0.7788,0.5,MEDIUM,ALIGNED,0.5,0.4934,HIGH_KN,False
2025-09-17,GALAXYSURF.NS,DOWN,TRAIN,RANGE,0.7495,0.625,HIGH,ALIGNED,0.375,0.1691,HIGH_KN,False
2025-09-17,INFY.NS,DOWN,TRAIN,RANGE,0.746,0.625,HIGH,ALIGNED,0.375,1.1955,HIGH_KN,False
2025-09-17,BSE.NS,DOWN,TRAIN,RANGE,0.7442,0.5,MEDIUM,ALIGNED,0.5,-0.5204,HIGH_KN,True
2025-09-17,ZYDUSWELL.NS,DOWN,TRAIN,RANGE,0.7437,0.5,MEDIUM,ALIGNED,0.5,1.0201,HIGH_KN,False
2025-09-17,BRITANNIA.NS,DOWN,TRAIN,RANGE,0.7418,0.875,HIGH,ALIGNED,0.125,0.0492,HIGH_KN,False
2025-09-17,COLPAL.NS,DOWN,TRAIN,RANGE,0.7361,0.625,HIGH,ALIGNED,0.375,0.7582,HIGH_KN,False
2025-09-17,WELCORP.NS,DOWN,TRAIN,RANGE,0.732,0.375,MEDIUM,CONFLICT,0.625,0.5502,LOW_KN,False
2025-09-17,BATAINDIA.NS,DOWN,TRAIN,RANGE,0.7276,0.625,HIGH,ALIGNED,0.375,-1.0563,HIGH_KN,True
2025-09-17,POLICYBZR.NS,DOWN,TRAIN,RANGE,0.7275,0.875,HIGH,ALIGNED,0.125,-0.3008,HIGH_KN,True
2025-09-17,NOCIL.NS,DOWN,TRAIN,RANGE,0.7255,0.75,HIGH,ALIGNED,0.25,-0.5105,HIGH_KN,True
2025-09-18,GRSE.NS,UP,TRAIN,RANGE,0.9846,1.0,HIGH,ALIGNED,0.0,-0.8034,HIGH_KN,False
2025-09-18,COCHINSHIP.NS,UP,TRAIN,RANGE,0.9802,0.75,HIGH,ALIGNED,0.25,-0.346,HIGH_KN,False
2025-09-18,ONMOBILE.NS,UP,TRAIN,RANGE,0.978,0.75,HIGH,ALIGNED,0.25,-1.3966,HIGH_KN,False
2025-09-18,HFCL.NS,UP,TRAIN,RANGE,0.9473,1.0,HIGH,ALIGNED,0.0,-1.5714,HIGH_KN,False
2025-09-18,DATAPATTNS.NS,UP,TRAIN,RANGE,0.9234,0.75,HIGH,ALIGNED,0.25,0.9316,HIGH_KN,True
2025-09-18,PARAS.NS,UP,TRAIN,RANGE,0.9,0.5,MEDIUM,ALIGNED,0.5,1.0537,HIGH_KN,True
2025-09-18,IRCON.NS,UP,TRAIN,RANGE,0.8517,0.75,HIGH,ALIGNED,0.25,-0.3819,HIGH_KN,False
2025-09-18,RVNL.NS,UP,TRAIN,RANGE,0.8473,0.875,HIGH,ALIGNED,0.125,0.2621,HIGH_KN,True
2025-09-18,RADICO.NS,UP,TRAIN,RANGE,0.8212,0.875,HIGH,ALIGNED,0.125,1.3951,HIGH_KN,True
2025-09-18,PRESTIGE.NS,UP,TRAIN,RANGE,0.8168,0.875,HIGH,ALIGNED,0.125,-0.6323,HIGH_KN,False
2025-09-18,NATCOPHARM.NS,UP,TRAIN,RANGE,0.8051,1.0,HIGH,ALIGNED,0.0,-0.0057,HIGH_KN,False
2025-09-18,IDEAFORGE.NS,UP,TRAIN,RANGE,0.7993,0.75,HIGH,ALIGNED,0.25,0.1965,HIGH_KN,True
2025-09-18,BDL.NS,UP,TRAIN,RANGE,0.7934,0.75,HIGH,ALIGNED,0.25,1.329,HIGH_KN,True
2025-09-18,AMBER.NS,UP,TRAIN,RANGE,0.7834,0.75,HIGH,ALIGNED,0.25,0.3087,HIGH_KN,True
2025-09-18,M&MFIN.NS,UP,TRAIN,RANGE,0.7817,0.75,HIGH,ALIGNED,0.25,1.259,HIGH_KN,True
2025-09-18,BEML.NS,UP,TRAIN,RANGE,0.781,0.625,HIGH,ALIGNED,0.375,0.0299,HIGH_KN,True
2025-09-18,RAILTEL.NS,UP,TRAIN,RANGE,0.7715,0.5,MEDIUM,ALIGNED,0.5,-0.9557,HIGH_KN,False
2025-09-18,MAZDOCK.NS,UP,TRAIN,RANGE,0.7522,0.5,MEDIUM,ALIGNED,0.5,0.0134,HIGH_KN,True
2025-09-18,RATNAMANI.NS,UP,TRAIN,RANGE,0.75,1.0,HIGH,ALIGNED,0.0,-2.6973,HIGH_KN,False
2025-09-18,SOBHA.NS,UP,TRAIN,RANGE,0.7483,0.875,HIGH,ALIGNED,0.125,-2.0929,HIGH_KN,False
2025-09-18,RATEGAIN.NS,DOWN,TRAIN,RANGE,0.8779,0.5,MEDIUM,ALIGNED,0.5,0.1881,HIGH_KN,False
2025-09-18,OFSS.NS,DOWN,TRAIN,RANGE,0.8569,0.375,MEDIUM,CONFLICT,0.625,-1.7112,LOW_KN,True
2025-09-18,NATIONALUM.NS,DOWN,TRAIN,RANGE,0.8549,0.625,HIGH,ALIGNED,0.375,-1.029,HIGH_KN,True
2025-09-18,GLENMARK.NS,DOWN,TRAIN,RANGE,0.8464,0.625,HIGH,ALIGNED,0.375,-1.1004,HIGH_KN,True
2025-09-18,SAPPHIRE.NS,DOWN,TRAIN,RANGE,0.8454,0.625,HIGH,ALIGNED,0.375,-1.4856,HIGH_KN,True
2025-09-18,NOCIL.NS,DOWN,TRAIN,RANGE,0.8038,0.75,HIGH,ALIGNED,0.25,-0.0331,HIGH_KN,True
2025-09-18,ZYDUSWELL.NS,DOWN,TRAIN,RANGE,0.8005,0.375,MEDIUM,CONFLICT,0.625,-0.9599,LOW_KN,True
2025-09-18,RAJESHEXPO.NS,DOWN,TRAIN,RANGE,0.7755,0.5,MEDIUM,ALIGNED,0.5,-1.1856,HIGH_KN,True
2025-09-18,EXIDEIND.NS,DOWN,TRAIN,RANGE,0.7603,0.375,MEDIUM,CONFLICT,0.625,-2.505,LOW_KN,True
2025-09-18,BRITANNIA.NS,DOWN,TRAIN,RANGE,0.757,0.75,HIGH,ALIGNED,0.25,-0.5082,HIGH_KN,True
2025-09-18,GLAXO.NS,DOWN,TRAIN,RANGE,0.7505,0.5,MEDIUM,ALIGNED,0.5,-0.519,HIGH_KN,True
2025-09-18,M&M.NS,DOWN,TRAIN,RANGE,0.7505,0.375,MEDIUM,CONFLICT,0.625,-1.3755,LOW_KN,True
2025-09-18,SAIL.NS,DOWN,TRAIN,RANGE,0.7486,0.375,MEDIUM,CONFLICT,0.625,2.2676,LOW_KN,False
2025-09-18,JPPOWER.NS,DOWN,TRAIN,RANGE,0.741,0.75,HIGH,ALIGNED,0.25,-0.7966,HIGH_KN,True
2025-09-18,GALAXYSURF.NS,DOWN,TRAIN,RANGE,0.73,0.5,MEDIUM,ALIGNED,0.5,1.515,HIGH_KN,False
2025-09-18,SRF.NS,DOWN,TRAIN,RANGE,0.7175,0.75,HIGH,ALIGNED,0.25,-0.0102,HIGH_KN,True
2025-09-18,MASTEK.NS,DOWN,TRAIN,RANGE,0.7134,0.5,MEDIUM,ALIGNED,0.5,-1.7773,HIGH_KN,True
2025-09-18,BAJAJ-AUTO.NS,DOWN,TRAIN,RANGE,0.7113,0.625,HIGH,ALIGNED,0.375,-1.1405,HIGH_KN,True
2025-09-18,GODREJCP.NS,DOWN,TRAIN,RANGE,0.7098,0.875,HIGH,ALIGNED,0.125,0.0404,HIGH_KN,False
2025-09-18,AUROPHARMA.NS,DOWN,TRAIN,RANGE,0.7074,0.375,MEDIUM,CONFLICT,0.625,-0.8592,LOW_KN,True
2025-09-19,SUDARSCHEM.NS,UP,TRAIN,RANGE,0.9265,1.0,HIGH,ALIGNED,0.0,2.6587,HIGH_KN,True
2025-09-19,CENTUM.NS,UP,TRAIN,RANGE,0.9226,0.875,HIGH,ALIGNED,0.125,-0.7698,HIGH_KN,False
2025-09-19,RADICO.NS,UP,TRAIN,RANGE,0.8823,1.0,HIGH,ALIGNED,0.0,-0.8157,HIGH_KN,False
2025-09-19,ONMOBILE.NS,UP,TRAIN,RANGE,0.86,0.5,MEDIUM,ALIGNED,0.5,4.8286,HIGH_KN,True
2025-09-19,ASHOKLEY.NS,UP,TRAIN,RANGE,0.858,0.75,HIGH,ALIGNED,0.25,-1.0434,HIGH_KN,False
2025-09-19,COCHINSHIP.NS,UP,TRAIN,RANGE,0.8556,0.5,MEDIUM,ALIGNED,0.5,1.1627,HIGH_KN,True
2025-09-19,GODREJPROP.NS,UP,TRAIN,RANGE,0.8148,1.0,HIGH,ALIGNED,0.0,-1.9346,HIGH_KN,False
2025-09-19,CANBK.NS,UP,TRAIN,RANGE,0.8041,1.0,HIGH,ALIGNED,0.0,0.9426,HIGH_KN,True
2025-09-19,M&MFIN.NS,UP,TRAIN,RANGE,0.8017,0.75,HIGH,ALIGNED,0.25,0.2418,HIGH_KN,True
2025-09-19,CHOLAFIN.NS,UP,TRAIN,RANGE,0.7983,1.0,HIGH,ALIGNED,0.0,2.4577,HIGH_KN,True
2025-09-19,RVNL.NS,UP,TRAIN,RANGE,0.7971,0.875,HIGH,ALIGNED,0.125,-1.2519,HIGH_KN,False
2025-09-19,PARAS.NS,UP,TRAIN,RANGE,0.7964,0.75,HIGH,ALIGNED,0.25,-1.8448,HIGH_KN,False
2025-09-19,ADANIGREEN.NS,UP,TRAIN,RANGE,0.7874,0.625,HIGH,ALIGNED,0.375,11.7833,HIGH_KN,True
2025-09-19,PRESTIGE.NS,UP,TRAIN,RANGE,0.7801,0.75,HIGH,ALIGNED,0.25,-0.0803,HIGH_KN,False
2025-09-19,IRCON.NS,UP,TRAIN,RANGE,0.7782,0.625,HIGH,ALIGNED,0.375,-1.6956,HIGH_KN,False
2025-09-19,LAURUSLABS.NS,UP,TRAIN,RANGE,0.7689,0.75,HIGH,ALIGNED,0.25,-3.0362,HIGH_KN,False
2025-09-19,PGHH.NS,UP,TRAIN,RANGE,0.7684,1.0,HIGH,ALIGNED,0.0,-1.7709,HIGH_KN,False
2025-09-19,ADANIENSOL.NS,UP,TRAIN,RANGE,0.7672,0.625,HIGH,ALIGNED,0.375,6.8688,HIGH_KN,True
2025-09-19,BANKBARODA.NS,UP,TRAIN,RANGE,0.766,1.0,HIGH,ALIGNED,0.0,-0.3729,HIGH_KN,False
2025-09-19,CESC.NS,UP,TRAIN,RANGE,0.7604,1.0,HIGH,ALIGNED,0.0,-0.7494,HIGH_KN,False
2025-09-19,NATIONALUM.NS,DOWN,TRAIN,RANGE,0.8881,0.75,HIGH,ALIGNED,0.25,-0.3119,HIGH_KN,True
2025-09-19,BEML.NS,DOWN,TRAIN,RANGE,0.8832,0.625,HIGH,ALIGNED,0.375,-0.6474,HIGH_KN,True
2025-09-19,SAPPHIRE.NS,DOWN,TRAIN,RANGE,0.8566,0.75,HIGH,ALIGNED,0.25,-1.7593,HIGH_KN,True
2025-09-19,GLENMARK.NS,DOWN,TRAIN,RANGE,0.8452,0.5,MEDIUM,ALIGNED,0.5,-3.2323,HIGH_KN,True
2025-09-19,OFSS.NS,DOWN,TRAIN,RANGE,0.8076,0.625,HIGH,ALIGNED,0.375,0.4269,HIGH_KN,False
2025-09-19,BAJFINANCE.NS,DOWN,TRAIN,RANGE,0.7996,0.75,HIGH,ALIGNED,0.25,1.4157,HIGH_KN,False
2025-09-19,BATAINDIA.NS,DOWN,TRAIN,RANGE,0.7713,0.625,HIGH,ALIGNED,0.375,-0.8483,HIGH_KN,True
2025-09-19,ZYDUSWELL.NS,DOWN,TRAIN,RANGE,0.7587,0.75,HIGH,ALIGNED,0.25,-3.5472,HIGH_KN,True
2025-09-19,NOCIL.NS,DOWN,TRAIN,RANGE,0.7547,0.75,HIGH,ALIGNED,0.25,0.0166,HIGH_KN,False
2025-09-19,BRITANNIA.NS,DOWN,TRAIN,RANGE,0.7469,0.75,HIGH,ALIGNED,0.25,-0.2142,HIGH_KN,True
2025-09-19,RAJESHEXPO.NS,DOWN,TRAIN,RANGE,0.7312,0.75,HIGH,ALIGNED,0.25,-4.0389,HIGH_KN,True
2025-09-19,METROBRAND.NS,DOWN,TRAIN,RANGE,0.7271,0.375,MEDIUM,CONFLICT,0.625,-2.2882,LOW_KN,True
2025-09-19,WHIRLPOOL.NS,DOWN,TRAIN,RANGE,0.7269,0.75,HIGH,ALIGNED,0.25,-0.6428,HIGH_KN,True
2025-09-19,M&M.NS,DOWN,TRAIN,RANGE,0.7168,0.75,HIGH,ALIGNED,0.25,-0.2032,HIGH_KN,True
2025-09-19,MOIL.NS,DOWN,TRAIN,RANGE,0.7163,0.5,MEDIUM,ALIGNED,0.5,-0.3656,HIGH_KN,True
2025-09-19,HINDZINC.NS,DOWN,TRAIN,RANGE,0.7161,0.75,HIGH,ALIGNED,0.25,1.3685,HIGH_KN,False
2025-09-19,MUTHOOTFIN.NS,DOWN,TRAIN,RANGE,0.7106,0.625,HIGH,ALIGNED,0.375,3.84,HIGH_KN,False
2025-09-19,INFY.NS,DOWN,TRAIN,RANGE,0.7086,0.625,HIGH,ALIGNED,0.375,-2.6425,HIGH_KN,True
2025-09-19,ROUTE.NS,DOWN,TRAIN,RANGE,0.7049,0.875,HIGH,ALIGNED,0.125,-1.6947,HIGH_KN,True
2025-09-19,GRSE.NS,DOWN,TRAIN,RANGE,0.6976,0.5,MEDIUM,ALIGNED,0.5,2.422,HIGH_KN,False
2025-09-22,ONMOBILE.NS,UP,TRAIN,RANGE,0.9668,0.75,HIGH,ALIGNED,0.25,3.5928,HIGH_KN,True
2025-09-22,ADANIGREEN.NS,UP,TRAIN,RANGE,0.9582,0.75,HIGH,ALIGNED,0.25,-1.7966,HIGH_KN,False
2025-09-22,GRSE.NS,UP,TRAIN,RANGE,0.9452,1.0,HIGH,ALIGNED,0.0,0.4647,HIGH_KN,True
2025-09-22,ADANIENSOL.NS,UP,TRAIN,RANGE,0.9404,0.75,HIGH,ALIGNED,0.25,-1.3121,HIGH_KN,False
2025-09-22,SUDARSCHEM.NS,UP,TRAIN,RANGE,0.8921,0.875,HIGH,ALIGNED,0.125,0.6739,HIGH_KN,True
2025-09-22,RATEGAIN.NS,UP,TRAIN,RANGE,0.8892,0.75,HIGH,ALIGNED,0.25,1.1476,HIGH_KN,True
2025-09-22,NAUKRI.NS,UP,TRAIN,RANGE,0.851,1.0,HIGH,ALIGNED,0.0,-1.6788,HIGH_KN,False
2025-09-22,CHOLAFIN.NS,UP,TRAIN,RANGE,0.8471,0.75,HIGH,ALIGNED,0.25,-0.3804,HIGH_KN,False
2025-09-22,COCHINSHIP.NS,UP,TRAIN,RANGE,0.8442,0.625,HIGH,ALIGNED,0.375,-1.9502,HIGH_KN,False
2025-09-22,CENTUM.NS,UP,TRAIN,RANGE,0.8416,0.625,HIGH,ALIGNED,0.375,-0.5516,HIGH_KN,False
2025-09-22,BLUESTARCO.NS,UP,TRAIN,RANGE,0.8385,0.75,HIGH,ALIGNED,0.25,-1.6426,HIGH_KN,False
2025-09-22,MUTHOOTFIN.NS,UP,TRAIN,RANGE,0.8075,0.75,HIGH,ALIGNED,0.25,0.4331,HIGH_KN,True
2025-09-22,M&MFIN.NS,UP,TRAIN,RANGE,0.8038,0.625,HIGH,ALIGNED,0.375,-2.5668,HIGH_KN,False
2025-09-22,ASHOKLEY.NS,UP,TRAIN,RANGE,0.8017,0.625,HIGH,ALIGNED,0.375,3.3137,HIGH_KN,True
2025-09-22,CANBK.NS,UP,TRAIN,RANGE,0.7959,1.0,HIGH,ALIGNED,0.0,2.549,HIGH_KN,True
2025-09-22,INTELLECT.NS,UP,TRAIN,RANGE,0.7952,0.875,HIGH,ALIGNED,0.125,-0.8907,HIGH_KN,False
2025-09-22,IDEA.NS,UP,TRAIN,RANGE,0.7692,0.75,HIGH,ALIGNED,0.25,3.9333,HIGH_KN,True
2025-09-22,POLYCAB.NS,UP,TRAIN,RANGE,0.7687,0.75,HIGH,ALIGNED,0.25,-0.4832,HIGH_KN,False
2025-09-22,MRPL.NS,UP,TRAIN,RANGE,0.7389,0.75,HIGH,ALIGNED,0.25,-0.5929,HIGH_KN,False
2025-09-22,TORNTPHARM.NS,UP,TRAIN,RANGE,0.7385,1.0,HIGH,ALIGNED,0.0,-0.1204,HIGH_KN,False
2025-09-22,ZYDUSWELL.NS,DOWN,TRAIN,RANGE,0.881,0.75,HIGH,ALIGNED,0.25,-4.783,HIGH_KN,True
2025-09-22,RAILTEL.NS,DOWN,TRAIN,RANGE,0.876,0.75,HIGH,ALIGNED,0.25,-1.2905,HIGH_KN,True
2025-09-22,RAJESHEXPO.NS,DOWN,TRAIN,RANGE,0.8682,0.625,HIGH,ALIGNED,0.375,-0.9159,HIGH_KN,True
2025-09-22,GLENMARK.NS,DOWN,TRAIN,RANGE,0.8339,0.625,HIGH,ALIGNED,0.375,-0.0496,HIGH_KN,True
2025-09-22,MPHASIS.NS,DOWN,TRAIN,RANGE,0.8269,0.875,HIGH,ALIGNED,0.125,-3.008,HIGH_KN,True
2025-09-22,PERSISTENT.NS,DOWN,TRAIN,RANGE,0.8255,0.875,HIGH,ALIGNED,0.125,-0.5786,HIGH_KN,True
2025-09-22,COFORGE.NS,DOWN,TRAIN,RANGE,0.8133,0.875,HIGH,ALIGNED,0.125,-2.854,HIGH_KN,True
2025-09-22,BEML.NS,DOWN,TRAIN,RANGE,0.8021,0.875,HIGH,ALIGNED,0.125,0.1571,HIGH_KN,False
2025-09-22,NATIONALUM.NS,DOWN,TRAIN,RANGE,0.7866,0.625,HIGH,ALIGNED,0.375,-0.9955,HIGH_KN,True
2025-09-22,TATACOMM.NS,DOWN,TRAIN,RANGE,0.7725,0.625,HIGH,ALIGNED,0.375,0.1452,HIGH_KN,False
2025-09-22,SAPPHIRE.NS,DOWN,TRAIN,RANGE,0.7647,0.625,HIGH,ALIGNED,0.375,-2.1426,HIGH_KN,True
2025-09-22,NOCIL.NS,DOWN,TRAIN,RANGE,0.7608,0.5,MEDIUM,ALIGNED,0.5,0.5297,HIGH_KN,False
2025-09-22,WELCORP.NS,DOWN,TRAIN,RANGE,0.7559,0.5,MEDIUM,ALIGNED,0.5,-1.031,HIGH_KN,True
2025-09-22,SOBHA.NS,DOWN,TRAIN,RANGE,0.747,0.5,MEDIUM,ALIGNED,0.5,-1.1092,HIGH_KN,True
2025-09-22,BATAINDIA.NS,DOWN,TRAIN,RANGE,0.744,0.625,HIGH,ALIGNED,0.375,-0.057,HIGH_KN,True
2025-09-22,LUPIN.NS,DOWN,TRAIN,RANGE,0.7313,0.625,HIGH,ALIGNED,0.375,0.1297,HIGH_KN,False
2025-09-22,BAJFINANCE.NS,DOWN,TRAIN,RANGE,0.7301,0.625,HIGH,ALIGNED,0.375,1.8877,HIGH_KN,False
2025-09-22,BRITANNIA.NS,DOWN,TRAIN,RANGE,0.7192,0.625,HIGH,ALIGNED,0.375,-2.0226,HIGH_KN,True
2025-09-22,FINPIPE.NS,DOWN,TRAIN,RANGE,0.7183,0.625,HIGH,ALIGNED,0.375,-2.1287,HIGH_KN,True
2025-09-22,OFSS.NS,DOWN,TRAIN,RANGE,0.7044,0.5,MEDIUM,ALIGNED,0.5,0.5245,HIGH_KN,False
2025-09-23,ONMOBILE.NS,UP,TRAIN,RANGE,0.9966,0.75,HIGH,ALIGNED,0.25,-1.7489,HIGH_KN,False
2025-09-23,ADANIGREEN.NS,UP,TRAIN,RANGE,0.9743,0.625,HIGH,ALIGNED,0.375,-3.1994,HIGH_KN,False
2025-09-23,ADANIENSOL.NS,UP,TRAIN,RANGE,0.9466,0.625,HIGH,ALIGNED,0.375,-3.9023,HIGH_KN,False
2025-09-23,ASHOKLEY.NS,UP,TRAIN,RANGE,0.9182,0.75,HIGH,ALIGNED,0.25,-1.2358,HIGH_KN,False
2025-09-23,DEEPAKFERT.NS,UP,TRAIN,RANGE,0.91,1.0,HIGH,ALIGNED,0.0,4.063,HIGH_KN,True
2025-09-23,GRSE.NS,UP,TRAIN,RANGE,0.8857,0.875,HIGH,ALIGNED,0.125,1.2683,HIGH_KN,True
2025-09-23,MOIL.NS,UP,TRAIN,RANGE,0.8425,1.0,HIGH,ALIGNED,0.0,0.0276,HIGH_KN,True
2025-09-23,NAUKRI.NS,UP,TRAIN,RANGE,0.8393,0.875,HIGH,ALIGNED,0.125,-0.617,HIGH_KN,False
2025-09-23,CANBK.NS,UP,TRAIN,RANGE,0.8391,0.75,HIGH,ALIGNED,0.25,0.8285,HIGH_KN,True
2025-09-23,PNBHOUSING.NS,UP,TRAIN,RANGE,0.8364,0.75,HIGH,ALIGNED,0.25,-0.2075,HIGH_KN,False
2025-09-23,SUDARSCHEM.NS,UP,TRAIN,RANGE,0.832,0.875,HIGH,ALIGNED,0.125,-0.2166,HIGH_KN,False
2025-09-23,IDEAFORGE.NS,UP,TRAIN,RANGE,0.8083,0.75,HIGH,ALIGNED,0.25,0.0657,HIGH_KN,True
2025-09-23,OLECTRA.NS,UP,TRAIN,RANGE,0.7932,0.75,HIGH,ALIGNED,0.25,-1.5619,HIGH_KN,False
2025-09-23,CENTUM.NS,UP,TRAIN,RANGE,0.7745,0.625,HIGH,ALIGNED,0.375,3.0021,HIGH_KN,True
2025-09-23,BPCL.NS,UP,TRAIN,RANGE,0.7689,1.0,HIGH,ALIGNED,0.0,-0.0151,HIGH_KN,False
2025-09-23,IDEA.NS,UP,TRAIN,RANGE,0.7684,0.625,HIGH,ALIGNED,0.375,-1.4908,HIGH_KN,False
2025-09-23,LAURUSLABS.NS,UP,TRAIN,RANGE,0.7602,0.75,HIGH,ALIGNED,0.25,-0.033,HIGH_KN,False
2025-09-23,MARUTI.NS,UP,TRAIN,RANGE,0.7473,0.75,HIGH,ALIGNED,0.25,0.9443,HIGH_KN,True
2025-09-23,NMDC.NS,UP,TRAIN,RANGE,0.7456,1.0,HIGH,ALIGNED,0.0,-1.1524,HIGH_KN,False
2025-09-23,TORNTPHARM.NS,UP,TRAIN,RANGE,0.7437,1.0,HIGH,ALIGNED,0.0,-1.0105,HIGH_KN,False
2025-09-23,PERSISTENT.NS,DOWN,TRAIN,RANGE,0.8667,0.75,HIGH,ALIGNED,0.25,-0.935,HIGH_KN,True
2025-09-23,ZYDUSWELL.NS,DOWN,TRAIN,RANGE,0.8602,0.625,HIGH,ALIGNED,0.375,2.5116,HIGH_KN,False
2025-09-23,COFORGE.NS,DOWN,TRAIN,RANGE,0.8529,0.875,HIGH,ALIGNED,0.125,-2.68,HIGH_KN,True
2025-09-23,RAJESHEXPO.NS,DOWN,TRAIN,RANGE,0.8458,0.625,HIGH,ALIGNED,0.375,-0.8257,HIGH_KN,True
2025-09-23,RAILTEL.NS,DOWN,TRAIN,RANGE,0.8413,0.75,HIGH,ALIGNED,0.25,-2.1702,HIGH_KN,True
2025-09-23,MPHASIS.NS,DOWN,TRAIN,RANGE,0.8296,0.875,HIGH,ALIGNED,0.125,-0.9289,HIGH_KN,True
2025-09-23,PARAS.NS,DOWN,TRAIN,RANGE,0.8269,0.75,HIGH,ALIGNED,0.25,-0.5189,HIGH_KN,True
2025-09-23,TATACOMM.NS,DOWN,TRAIN,RANGE,0.8008,0.5,MEDIUM,ALIGNED,0.5,-0.0423,HIGH_KN,True
2025-09-23,SAPPHIRE.NS,DOWN,TRAIN,RANGE,0.7803,0.625,HIGH,ALIGNED,0.375,0.6046,HIGH_KN,False
2025-09-23,MASTEK.NS,DOWN,TRAIN,RANGE,0.7641,0.625,HIGH,ALIGNED,0.375,-3.3438,HIGH_KN,True
2025-09-23,TECHM.NS,DOWN,TRAIN,RANGE,0.7476,0.75,HIGH,ALIGNED,0.25,-1.3248,HIGH_KN,True
2025-09-23,NHPC.NS,DOWN,TRAIN,RANGE,0.7462,0.75,HIGH,ALIGNED,0.25,-0.3925,HIGH_KN,True
2025-09-23,HFCL.NS,DOWN,TRAIN,RANGE,0.7454,0.625,HIGH,ALIGNED,0.375,0.438,HIGH_KN,False
2025-09-23,OFSS.NS,DOWN,TRAIN,RANGE,0.7264,0.625,HIGH,ALIGNED,0.375,-0.4668,HIGH_KN,True
2025-09-23,SOBHA.NS,DOWN,TRAIN,RANGE,0.7246,0.75,HIGH,ALIGNED,0.25,-0.2598,HIGH_KN,True
2025-09-23,METROBRAND.NS,DOWN,TRAIN,RANGE,0.7243,0.75,HIGH,ALIGNED,0.25,-0.1174,HIGH_KN,True
2025-09-23,EMAMILTD.NS,DOWN,TRAIN,RANGE,0.7226,0.75,HIGH,ALIGNED,0.25,0.1908,HIGH_KN,False
2025-09-23,HCLTECH.NS,DOWN,TRAIN,RANGE,0.7226,0.75,HIGH,ALIGNED,0.25,0.8742,HIGH_KN,False
2025-09-23,NATIONALUM.NS,DOWN,TRAIN,RANGE,0.7194,0.75,HIGH,ALIGNED,0.25,-1.3168,HIGH_KN,True
2025-09-23,CLEAN.NS,DOWN,TRAIN,RANGE,0.7117,0.75,HIGH,ALIGNED,0.25,-0.415,HIGH_KN,True
2025-09-24,ADANIGREEN.NS,UP,TRAIN,RANGE,0.9718,0.875,HIGH,ALIGNED,0.125,-1.4335,HIGH_KN,False
2025-09-24,IDEA.NS,UP,TRAIN,RANGE,0.9556,0.5,MEDIUM,ALIGNED,0.5,1.0477,HIGH_KN,True
2025-09-24,CENTUM.NS,UP,TRAIN,RANGE,0.9502,0.875,HIGH,ALIGNED,0.125,-4.5647,HIGH_KN,False
2025-09-24,ADANIENSOL.NS,UP,TRAIN,RANGE,0.949,0.875,HIGH,ALIGNED,0.125,0.5849,HIGH_KN,True
2025-09-24,SUDARSCHEM.NS,UP,TRAIN,RANGE,0.9466,1.0,HIGH,ALIGNED,0.0,-5.2483,HIGH_KN,False
2025-09-24,DEEPAKFERT.NS,UP,TRAIN,RANGE,0.94,0.875,HIGH,ALIGNED,0.125,-2.1262,HIGH_KN,False
2025-09-24,ASHOKLEY.NS,UP,TRAIN,RANGE,0.8937,0.875,HIGH,ALIGNED,0.125,-1.2723,HIGH_KN,False
2025-09-24,GRSE.NS,UP,TRAIN,RANGE,0.8726,0.875,HIGH,ALIGNED,0.125,0.0774,HIGH_KN,True
2025-09-24,RATEGAIN.NS,UP,TRAIN,RANGE,0.8527,0.5,MEDIUM,ALIGNED,0.5,0.5539,HIGH_KN,True
2025-09-24,CANBK.NS,UP,TRAIN,RANGE,0.8257,0.75,HIGH,ALIGNED,0.25,-1.196,HIGH_KN,False
2025-09-24,MOIL.NS,UP,TRAIN,RANGE,0.816,0.75,HIGH,ALIGNED,0.25,-0.6069,HIGH_KN,False
2025-09-24,SHYAMMETL.NS,UP,TRAIN,RANGE,0.8114,0.75,HIGH,ALIGNED,0.25,0.1687,HIGH_KN,True
2025-09-24,PNBHOUSING.NS,UP,TRAIN,RANGE,0.808,0.625,HIGH,ALIGNED,0.375,2.0058,HIGH_KN,True
2025-09-24,LAURUSLABS.NS,UP,TRAIN,RANGE,0.8012,0.875,HIGH,ALIGNED,0.125,-1.4729,HIGH_KN,False
2025-09-24,CHOLAFIN.NS,UP,TRAIN,RANGE,0.7845,0.75,HIGH,ALIGNED,0.25,-2.2942,HIGH_KN,False
2025-09-24,APOLLOTYRE.NS,UP,TRAIN,RANGE,0.7801,0.625,HIGH,ALIGNED,0.375,-0.2931,HIGH_KN,False
2025-09-24,SAIL.NS,UP,TRAIN,RANGE,0.7796,0.75,HIGH,ALIGNED,0.25,0.132,HIGH_KN,True
2025-09-24,MUTHOOTFIN.NS,UP,TRAIN,RANGE,0.7782,0.75,HIGH,ALIGNED,0.25,-1.1884,HIGH_KN,False
2025-09-24,BANKBARODA.NS,UP,TRAIN,RANGE,0.7532,1.0,HIGH,ALIGNED,0.0,-0.6093,HIGH_KN,False
2025-09-24,JSWSTEEL.NS,UP,TRAIN,RANGE,0.751,0.75,HIGH,ALIGNED,0.25,-0.0522,HIGH_KN,False
2025-09-24,COFORGE.NS,DOWN,TRAIN,RANGE,0.8512,0.75,HIGH,ALIGNED,0.25,-1.9653,HIGH_KN,True
2025-09-24,RAJESHEXPO.NS,DOWN,TRAIN,RANGE,0.847,0.625,HIGH,ALIGNED,0.375,-1.0263,HIGH_KN,True
2025-09-24,RAILTEL.NS,DOWN,TRAIN,RANGE,0.8458,0.625,HIGH,ALIGNED,0.375,1.7239,HIGH_KN,False
2025-09-24,PARAS.NS,DOWN,TRAIN,RANGE,0.8389,0.5,MEDIUM,ALIGNED,0.5,0.1692,HIGH_KN,False
2025-09-24,PERSISTENT.NS,DOWN,TRAIN,RANGE,0.8243,0.75,HIGH,ALIGNED,0.25,-1.7143,HIGH_KN,True
2025-09-24,ZYDUSWELL.NS,DOWN,TRAIN,RANGE,0.8216,0.625,HIGH,ALIGNED,0.375,-2.3677,HIGH_KN,True
2025-09-24,MPHASIS.NS,DOWN,TRAIN,RANGE,0.8175,0.625,HIGH,ALIGNED,0.375,-0.8574,HIGH_KN,True
2025-09-24,DATAPATTNS.NS,DOWN,TRAIN,RANGE,0.798,0.75,HIGH,ALIGNED,0.25,0.5442,HIGH_KN,False
2025-09-24,METROBRAND.NS,DOWN,TRAIN,RANGE,0.7937,0.625,HIGH,ALIGNED,0.375,-1.5281,HIGH_KN,True
2025-09-24,BHARATFORG.NS,DOWN,TRAIN,RANGE,0.784,0.625,HIGH,ALIGNED,0.375,-0.1406,HIGH_KN,True
2025-09-24,CLEAN.NS,DOWN,TRAIN,RANGE,0.7823,0.5,MEDIUM,ALIGNED,0.5,-0.7271,HIGH_KN,True
2025-09-24,TECHM.NS,DOWN,TRAIN,RANGE,0.7748,0.75,HIGH,ALIGNED,0.25,-0.5577,HIGH_KN,True
2025-09-24,BDL.NS,DOWN,TRAIN,RANGE,0.766,0.625,HIGH,ALIGNED,0.375,-0.6703,HIGH_KN,True
2025-09-24,TATACHEM.NS,DOWN,TRAIN,RANGE,0.7654,0.625,HIGH,ALIGNED,0.375,-1.2342,HIGH_KN,True
2025-09-24,DLF.NS,DOWN,TRAIN,RANGE,0.7539,0.75,HIGH,ALIGNED,0.25,-1.7174,HIGH_KN,True
2025-09-24,PRESTIGE.NS,DOWN,TRAIN,RANGE,0.7488,0.875,HIGH,ALIGNED,0.125,-2.4289,HIGH_KN,True
2025-09-24,MASTEK.NS,DOWN,TRAIN,RANGE,0.7444,0.75,HIGH,ALIGNED,0.25,-1.5717,HIGH_KN,True
2025-09-24,SOBHA.NS,DOWN,TRAIN,RANGE,0.7286,0.5,MEDIUM,ALIGNED,0.5,-0.9085,HIGH_KN,True
2025-09-24,BEL.NS,DOWN,TRAIN,RANGE,0.7264,0.625,HIGH,ALIGNED,0.375,1.9471,HIGH_KN,False
2025-09-24,IRCON.NS,DOWN,TRAIN,RANGE,0.7234,0.625,HIGH,ALIGNED,0.375,-1.0805,HIGH_KN,True
2025-09-25,IDEA.NS,UP,TRAIN,RANGE,0.9476,0.875,HIGH,ALIGNED,0.125,-7.6037,HIGH_KN,False
2025-09-25,ADANIGREEN.NS,UP,TRAIN,RANGE,0.9184,0.625,HIGH,ALIGNED,0.375,-2.9781,HIGH_KN,False
2025-09-25,INTELLECT.NS,UP,TRAIN,RANGE,0.9109,0.75,HIGH,ALIGNED,0.25,-6.9099,HIGH_KN,False
2025-09-25,ADANIENSOL.NS,UP,TRAIN,RANGE,0.8857,0.75,HIGH,ALIGNED,0.25,-1.6775,HIGH_KN,False
2025-09-25,PNBHOUSING.NS,UP,TRAIN,RANGE,0.8633,0.625,HIGH,ALIGNED,0.375,-4.8086,HIGH_KN,False
2025-09-25,HINDZINC.NS,UP,TRAIN,RANGE,0.8396,1.0,HIGH,ALIGNED,0.0,-3.7815,HIGH_KN,False
2025-09-25,GRSE.NS,UP,TRAIN,RANGE,0.8367,0.875,HIGH,ALIGNED,0.125,-3.8794,HIGH_KN,False
2025-09-25,OIL.NS,UP,TRAIN,RANGE,0.8284,1.0,HIGH,ALIGNED,0.0,-1.0969,HIGH_KN,False
2025-09-25,DEEPAKFERT.NS,UP,TRAIN,RANGE,0.8279,0.75,HIGH,ALIGNED,0.25,-0.9763,HIGH_KN,False
2025-09-25,CANBK.NS,UP,TRAIN,RANGE,0.8226,0.875,HIGH,ALIGNED,0.125,-2.7668,HIGH_KN,False
2025-09-25,RATEGAIN.NS,UP,TRAIN,RANGE,0.8163,0.625,HIGH,ALIGNED,0.375,-1.9543,HIGH_KN,False
2025-09-25,CENTUM.NS,UP,TRAIN,RANGE,0.8104,0.5,MEDIUM,ALIGNED,0.5,-4.7066,HIGH_KN,False
2025-09-25,VGUARD.NS,UP,TRAIN,RANGE,0.8027,0.625,HIGH,ALIGNED,0.375,0.2163,HIGH_KN,True
2025-09-25,AMBER.NS,UP,TRAIN,RANGE,0.801,0.625,HIGH,ALIGNED,0.375,-3.2707,HIGH_KN,False
2025-09-25,SUDARSCHEM.NS,UP,TRAIN,RANGE,0.7961,0.5,MEDIUM,ALIGNED,0.5,-2.8528,HIGH_KN,False
2025-09-25,COCHINSHIP.NS,UP,TRAIN,RANGE,0.767,0.875,HIGH,ALIGNED,0.125,-2.735,HIGH_KN,False
2025-09-25,RBLBANK.NS,UP,TRAIN,RANGE,0.7585,0.875,HIGH,ALIGNED,0.125,-1.1254,HIGH_KN,False
2025-09-25,KEI.NS,UP,TRAIN,RANGE,0.7532,0.875,HIGH,ALIGNED,0.125,-2.6119,HIGH_KN,False
2025-09-25,VEDL.NS,UP,TRAIN,RANGE,0.7524,0.875,HIGH,ALIGNED,0.125,-2.9676,HIGH_KN,False
2025-09-25,VINATIORGA.NS,UP,TRAIN,RANGE,0.7498,0.875,HIGH,ALIGNED,0.125,-0.3476,HIGH_KN,False
2025-09-25,COFORGE.NS,DOWN,TRAIN,RANGE,0.8578,0.625,HIGH,ALIGNED,0.375,-3.318,HIGH_KN,True
2025-09-25,PERSISTENT.NS,DOWN,TRAIN,RANGE,0.8561,0.75,HIGH,ALIGNED,0.25,-2.9691,HIGH_KN,True
2025-09-25,RAJESHEXPO.NS,DOWN,TRAIN,RANGE,0.8493,0.75,HIGH,ALIGNED,0.25,-3.3912,HIGH_KN,True
2025-09-25,MPHASIS.NS,DOWN,TRAIN,RANGE,0.825,0.75,HIGH,ALIGNED,0.25,-2.76,HIGH_KN,True
2025-09-25,LTTS.NS,DOWN,TRAIN,RANGE,0.8126,0.75,HIGH,ALIGNED,0.25,-1.5021,HIGH_KN,True
2025-09-25,PARAS.NS,DOWN,TRAIN,RANGE,0.809,0.5,MEDIUM,ALIGNED,0.5,-2.2097,HIGH_KN,True
2025-09-25,MASTEK.NS,DOWN,TRAIN,RANGE,0.8087,0.75,HIGH,ALIGNED,0.25,-0.6516,HIGH_KN,True
2025-09-25,RAILTEL.NS,DOWN,TRAIN,RANGE,0.8087,0.625,HIGH,ALIGNED,0.375,-0.6963,HIGH_KN,True
2025-09-25,KALYANKJIL.NS,DOWN,TRAIN,RANGE,0.8017,0.75,HIGH,ALIGNED,0.25,-1.4593,HIGH_KN,True
2025-09-25,TECHM.NS,DOWN,TRAIN,RANGE,0.783,0.625,HIGH,ALIGNED,0.375,-2.5341,HIGH_KN,True
2025-09-25,BHARATFORG.NS,DOWN,TRAIN,RANGE,0.7743,0.5,MEDIUM,ALIGNED,0.5,-2.1701,HIGH_KN,True
2025-09-25,ZENSARTECH.NS,DOWN,TRAIN,RANGE,0.7726,0.75,HIGH,ALIGNED,0.25,-3.5556,HIGH_KN,True
2025-09-25,SOBHA.NS,DOWN,TRAIN,RANGE,0.7688,0.625,HIGH,ALIGNED,0.375,-1.122,HIGH_KN,True
2025-09-25,BDL.NS,DOWN,TRAIN,RANGE,0.7427,0.625,HIGH,ALIGNED,0.375,-3.7342,HIGH_KN,True
2025-09-25,IRCON.NS,DOWN,TRAIN,RANGE,0.7374,0.75,HIGH,ALIGNED,0.25,-1.8378,HIGH_KN,True
2025-09-25,MOTHERSON.NS,DOWN,TRAIN,RANGE,0.7283,0.75,HIGH,ALIGNED,0.25,0.2657,HIGH_KN,False
2025-09-25,WIPRO.NS,DOWN,TRAIN,RANGE,0.7252,0.75,HIGH,ALIGNED,0.25,-2.5826,HIGH_KN,True
2025-09-25,GODREJPROP.NS,DOWN,TRAIN,RANGE,0.7223,0.75,HIGH,ALIGNED,0.25,-0.4981,HIGH_KN,True
2025-09-25,CLEAN.NS,DOWN,TRAIN,RANGE,0.7199,0.625,HIGH,ALIGNED,0.375,-1.6436,HIGH_KN,True
2025-09-25,WHIRLPOOL.NS,DOWN,TRAIN,RANGE,0.7133,0.75,HIGH,ALIGNED,0.25,-1.3131,HIGH_KN,True
2025-09-26,ONMOBILE.NS,UP,TRAIN,RANGE,0.9097,0.625,HIGH,ALIGNED,0.375,-2.2206,HIGH_KN,False
2025-09-26,DEEPAKFERT.NS,UP,TRAIN,RANGE,0.8486,0.875,HIGH,ALIGNED,0.125,-2.011,HIGH_KN,False
2025-09-26,HINDZINC.NS,UP,TRAIN,RANGE,0.8457,0.625,HIGH,ALIGNED,0.375,3.7965,HIGH_KN,True
2025-09-26,RATNAMANI.NS,UP,TRAIN,RANGE,0.8019,0.375,MEDIUM,CONFLICT,0.625,-0.1077,LOW_KN,False
2025-09-26,GRSE.NS,UP,TRAIN,RANGE,0.794,0.5,MEDIUM,ALIGNED,0.5,-4.5146,HIGH_KN,False
2025-09-26,ADANIGREEN.NS,UP,TRAIN,RANGE,0.792,0.375,MEDIUM,CONFLICT,0.625,-1.1505,LOW_KN,False
2025-09-26,RATEGAIN.NS,UP,TRAIN,RANGE,0.7862,0.25,LOW,CONFLICT,0.75,-3.4324,LOW_KN,False
2025-09-26,ICICIGI.NS,UP,TRAIN,RANGE,0.7831,0.875,HIGH,ALIGNED,0.125,0.5016,HIGH_KN,True
2025-09-26,MOIL.NS,UP,TRAIN,RANGE,0.7732,0.5,MEDIUM,ALIGNED,0.5,1.6225,HIGH_KN,True
2025-09-26,DEEPAKNTR.NS,UP,TRAIN,RANGE,0.7684,0.75,HIGH,ALIGNED,0.25,-0.8007,HIGH_KN,False
2025-09-26,SHYAMMETL.NS,UP,TRAIN,RANGE,0.7529,0.5,MEDIUM,ALIGNED,0.5,0.1819,HIGH_KN,True
2025-09-26,JSWSTEEL.NS,UP,TRAIN,RANGE,0.7382,0.75,HIGH,ALIGNED,0.25,-0.7605,HIGH_KN,False
2025-09-26,ASHOKLEY.NS,UP,TRAIN,RANGE,0.7357,0.625,HIGH,ALIGNED,0.375,0.3452,HIGH_KN,True
2025-09-26,GODREJAGRO.NS,UP,TRAIN,RANGE,0.7333,0.375,MEDIUM,CONFLICT,0.625,-0.3912,LOW_KN,False
2025-09-26,BAJFINANCE.NS,UP,TRAIN,RANGE,0.7331,0.5,MEDIUM,ALIGNED,0.5,0.5938,HIGH_KN,True
2025-09-26,LT.NS,UP,TRAIN,RANGE,0.7329,0.875,HIGH,ALIGNED,0.125,-1.102,HIGH_KN,False
2025-09-26,CERA.NS,UP,TRAIN,RANGE,0.7314,0.375,MEDIUM,CONFLICT,0.625,-0.3398,LOW_KN,False
2025-09-26,CRAFTSMAN.NS,UP,TRAIN,RANGE,0.728,0.5,MEDIUM,ALIGNED,0.5,-0.8924,HIGH_KN,False
2025-09-26,MUTHOOTFIN.NS,UP,TRAIN,RANGE,0.7217,0.75,HIGH,ALIGNED,0.25,1.4701,HIGH_KN,True
2025-09-26,CANBK.NS,UP,TRAIN,RANGE,0.721,0.625,HIGH,ALIGNED,0.375,2.0325,HIGH_KN,True
2025-09-26,COFORGE.NS,DOWN,TRAIN,RANGE,0.8643,0.75,HIGH,ALIGNED,0.25,0.8905,HIGH_KN,False
2025-09-26,PERSISTENT.NS,DOWN,TRAIN,RANGE,0.8391,0.625,HIGH,ALIGNED,0.375,-1.6259,HIGH_KN,True
2025-09-26,ZENSARTECH.NS,DOWN,TRAIN,RANGE,0.8329,0.75,HIGH,ALIGNED,0.25,-3.2089,HIGH_KN,True
2025-09-26,BDL.NS,DOWN,TRAIN,RANGE,0.8316,0.75,HIGH,ALIGNED,0.25,0.0734,HIGH_KN,False
2025-09-26,LAURUSLABS.NS,DOWN,TRAIN,RANGE,0.8246,0.75,HIGH,ALIGNED,0.25,1.0393,HIGH_KN,False
2025-09-26,PARAS.NS,DOWN,TRAIN,RANGE,0.8179,0.625,HIGH,ALIGNED,0.375,-3.4542,HIGH_KN,True
2025-09-26,MPHASIS.NS,DOWN,TRAIN,RANGE,0.8155,0.625,HIGH,ALIGNED,0.375,1.3511,HIGH_KN,False
2025-09-26,INTELLECT.NS,DOWN,TRAIN,RANGE,0.8133,0.75,HIGH,ALIGNED,0.25,-2.9154,HIGH_KN,True
2025-09-26,KALYANKJIL.NS,DOWN,TRAIN,RANGE,0.7944,0.625,HIGH,ALIGNED,0.375,-1.6455,HIGH_KN,True
2025-09-26,TECHM.NS,DOWN,TRAIN,RANGE,0.7942,0.625,HIGH,ALIGNED,0.375,0.2131,HIGH_KN,False
2025-09-26,GODREJPROP.NS,DOWN,TRAIN,RANGE,0.7638,0.625,HIGH,ALIGNED,0.375,2.0076,HIGH_KN,False
2025-09-26,GALAXYSURF.NS,DOWN,TRAIN,RANGE,0.7609,0.625,HIGH,ALIGNED,0.375,0.5357,HIGH_KN,False
2025-09-26,SUZLON.NS,DOWN,TRAIN,RANGE,0.7609,0.625,HIGH,ALIGNED,0.375,0.0,HIGH_KN,False
2025-09-26,HFCL.NS,DOWN,TRAIN,RANGE,0.7575,0.75,HIGH,ALIGNED,0.25,2.7323,HIGH_KN,False
2025-09-26,LTTS.NS,DOWN,TRAIN,RANGE,0.7505,0.625,HIGH,ALIGNED,0.375,-1.7689,HIGH_KN,True
2025-09-26,MASTEK.NS,DOWN,TRAIN,RANGE,0.7493,0.625,HIGH,ALIGNED,0.375,1.4687,HIGH_KN,False
2025-09-26,IDEA.NS,DOWN,TRAIN,RANGE,0.7482,0.75,HIGH,ALIGNED,0.25,2.7431,HIGH_KN,False
2025-09-26,RAJESHEXPO.NS,DOWN,TRAIN,RANGE,0.7478,0.75,HIGH,ALIGNED,0.25,-1.0295,HIGH_KN,True
2025-09-26,DATAPATTNS.NS,DOWN,TRAIN,RANGE,0.7471,0.625,HIGH,ALIGNED,0.375,-4.2751,HIGH_KN,True
2025-09-26,WIPRO.NS,DOWN,TRAIN,RANGE,0.7389,0.75,HIGH,ALIGNED,0.25,1.6501,HIGH_KN,False
2025-09-29,MRPL.NS,UP,TRAIN,RANGE,0.9087,1.0,HIGH,ALIGNED,0.0,-0.9843,HIGH_KN,False
2025-09-29,HINDZINC.NS,UP,TRAIN,RANGE,0.8937,1.0,HIGH,ALIGNED,0.0,3.4967,HIGH_KN,True
2025-09-29,VINATIORGA.NS,UP,TRAIN,RANGE,0.8738,1.0,HIGH,ALIGNED,0.0,-2.8594,HIGH_KN,False
2025-09-29,PGHH.NS,UP,TRAIN,RANGE,0.8548,1.0,HIGH,ALIGNED,0.0,-0.4854,HIGH_KN,False
2025-09-29,BPCL.NS,UP,TRAIN,RANGE,0.8284,1.0,HIGH,ALIGNED,0.0,0.4584,HIGH_KN,True
2025-09-29,HFCL.NS,UP,TRAIN,RANGE,0.813,0.5,MEDIUM,ALIGNED,0.5,-1.6066,HIGH_KN,False
2025-09-29,TEJASNET.NS,UP,TRAIN,RANGE,0.8125,0.625,HIGH,ALIGNED,0.375,-1.4229,HIGH_KN,False
2025-09-29,DEEPAKFERT.NS,UP,TRAIN,RANGE,0.788,0.625,HIGH,ALIGNED,0.375,0.0733,HIGH_KN,True
2025-09-29,OIL.NS,UP,TRAIN,RANGE,0.7774,0.875,HIGH,ALIGNED,0.125,-0.8268,HIGH_KN,False
2025-09-29,COROMANDEL.NS,UP,TRAIN,RANGE,0.7589,0.5,MEDIUM,ALIGNED,0.5,0.4423,HIGH_KN,True
2025-09-29,RBLBANK.NS,UP,TRAIN,RANGE,0.7548,0.875,HIGH,ALIGNED,0.125,-0.198,HIGH_KN,False
2025-09-29,MOIL.NS,UP,TRAIN,RANGE,0.75,0.75,HIGH,ALIGNED,0.25,2.8183,HIGH_KN,True
2025-09-29,INDUSINDBK.NS,UP,TRAIN,RANGE,0.7425,0.375,MEDIUM,CONFLICT,0.625,1.6796,LOW_KN,True
2025-09-29,PETRONET.NS,UP,TRAIN,RANGE,0.7346,1.0,HIGH,ALIGNED,0.0,0.0898,HIGH_KN,True
2025-09-29,VOLTAS.NS,UP,TRAIN,RANGE,0.7312,0.75,HIGH,ALIGNED,0.25,-1.5278,HIGH_KN,False
2025-09-29,PNBHOUSING.NS,UP,TRAIN,RANGE,0.7209,0.625,HIGH,ALIGNED,0.375,-0.7413,HIGH_KN,False
2025-09-29,IDEA.NS,UP,TRAIN,RANGE,0.72,0.625,HIGH,ALIGNED,0.375,-1.335,HIGH_KN,False
2025-09-29,SHYAMMETL.NS,UP,TRAIN,RANGE,0.719,0.25,LOW,CONFLICT,0.75,0.4841,LOW_KN,True
2025-09-29,CANBK.NS,UP,TRAIN,RANGE,0.7087,0.75,HIGH,ALIGNED,0.25,2.6809,HIGH_KN,True
2025-09-29,TATACOMM.NS,UP,TRAIN,RANGE,0.7079,0.25,LOW,CONFLICT,0.75,0.0186,LOW_KN,True
2025-09-29,ADANIGREEN.NS,DOWN,TRAIN,RANGE,0.8991,0.625,HIGH,ALIGNED,0.375,-0.821,HIGH_KN,True
2025-09-29,ADANIENSOL.NS,DOWN,TRAIN,RANGE,0.8674,0.625,HIGH,ALIGNED,0.375,0.0574,HIGH_KN,False
2025-09-29,PARAS.NS,DOWN,TRAIN,RANGE,0.8543,0.75,HIGH,ALIGNED,0.25,0.0149,HIGH_KN,False
2025-09-29,GRSE.NS,DOWN,TRAIN,RANGE,0.8399,0.75,HIGH,ALIGNED,0.25,1.4236,HIGH_KN,False
2025-09-29,BDL.NS,DOWN,TRAIN,RANGE,0.8356,0.625,HIGH,ALIGNED,0.375,-0.3803,HIGH_KN,True
2025-09-29,COCHINSHIP.NS,DOWN,TRAIN,RANGE,0.8293,0.875,HIGH,ALIGNED,0.125,0.9932,HIGH_KN,False
2025-09-29,DATAPATTNS.NS,DOWN,TRAIN,RANGE,0.8288,0.875,HIGH,ALIGNED,0.125,0.3148,HIGH_KN,False
2025-09-29,ZENSARTECH.NS,DOWN,TRAIN,RANGE,0.8212,0.75,HIGH,ALIGNED,0.25,1.8078,HIGH_KN,False
2025-09-29,OFSS.NS,DOWN,TRAIN,RANGE,0.8171,0.75,HIGH,ALIGNED,0.25,-0.5974,HIGH_KN,True
2025-09-29,INTELLECT.NS,DOWN,TRAIN,RANGE,0.8094,0.75,HIGH,ALIGNED,0.25,1.7965,HIGH_KN,False
2025-09-29,COFORGE.NS,DOWN,TRAIN,RANGE,0.805,0.75,HIGH,ALIGNED,0.25,2.4997,HIGH_KN,False
2025-09-29,KALYANKJIL.NS,DOWN,TRAIN,RANGE,0.7882,0.875,HIGH,ALIGNED,0.125,1.3384,HIGH_KN,False
2025-09-29,PERSISTENT.NS,DOWN,TRAIN,RANGE,0.7825,0.625,HIGH,ALIGNED,0.375,-0.9855,HIGH_KN,True
2025-09-29,SUDARSCHEM.NS,DOWN,TRAIN,RANGE,0.7803,0.75,HIGH,ALIGNED,0.25,-1.5351,HIGH_KN,True
2025-09-29,MAZDOCK.NS,DOWN,TRAIN,RANGE,0.7779,0.875,HIGH,ALIGNED,0.125,0.378,HIGH_KN,False
2025-09-29,LAURUSLABS.NS,DOWN,TRAIN,RANGE,0.7731,0.75,HIGH,ALIGNED,0.25,0.1011,HIGH_KN,False
2025-09-29,SUZLON.NS,DOWN,TRAIN,RANGE,0.7726,0.625,HIGH,ALIGNED,0.375,-0.4161,HIGH_KN,True
2025-09-29,NATCOPHARM.NS,DOWN,TRAIN,RANGE,0.7531,0.75,HIGH,ALIGNED,0.25,0.0189,HIGH_KN,False
2025-09-29,M&MFIN.NS,DOWN,TRAIN,RANGE,0.7476,0.75,HIGH,ALIGNED,0.25,0.861,HIGH_KN,False
2025-09-29,NAUKRI.NS,DOWN,TRAIN,RANGE,0.7401,0.875,HIGH,ALIGNED,0.125,-0.494,HIGH_KN,True
2025-09-30,HINDZINC.NS,UP,TRAIN,RANGE,0.9225,1.0,HIGH,ALIGNED,0.0,-0.228,HIGH_KN,False
2025-09-30,NATIONALUM.NS,UP,TRAIN,RANGE,0.9074,1.0,HIGH,ALIGNED,0.0,0.2946,HIGH_KN,True
2025-09-30,RBLBANK.NS,UP,TRAIN,RANGE,0.8603,0.875,HIGH,ALIGNED,0.125,-0.7394,HIGH_KN,False
2025-09-30,VEDL.NS,UP,TRAIN,RANGE,0.8555,1.0,HIGH,ALIGNED,0.0,-0.204,HIGH_KN,False
2025-09-30,MOIL.NS,UP,TRAIN,RANGE,0.8246,1.0,HIGH,ALIGNED,0.0,-0.5131,HIGH_KN,False
2025-09-30,COROMANDEL.NS,UP,TRAIN,RANGE,0.816,0.625,HIGH,ALIGNED,0.375,0.1156,HIGH_KN,True
2025-09-30,MRPL.NS,UP,TRAIN,RANGE,0.8136,0.75,HIGH,ALIGNED,0.25,0.3916,HIGH_KN,True
2025-09-30,VINATIORGA.NS,UP,TRAIN,RANGE,0.8043,0.75,HIGH,ALIGNED,0.25,-0.3168,HIGH_KN,False
2025-09-30,METROBRAND.NS,UP,TRAIN,RANGE,0.7911,0.875,HIGH,ALIGNED,0.125,-3.1388,HIGH_KN,False
2025-09-30,VGUARD.NS,UP,TRAIN,RANGE,0.7505,0.875,HIGH,ALIGNED,0.125,-1.4381,HIGH_KN,False
2025-09-30,MGL.NS,UP,TRAIN,RANGE,0.7419,0.75,HIGH,ALIGNED,0.25,-1.3976,HIGH_KN,False
2025-09-30,OIL.NS,UP,TRAIN,RANGE,0.7402,0.625,HIGH,ALIGNED,0.375,-0.6042,HIGH_KN,False
2025-09-30,HINDALCO.NS,UP,TRAIN,RANGE,0.7361,0.875,HIGH,ALIGNED,0.125,0.525,HIGH_KN,True
2025-09-30,CANBK.NS,UP,TRAIN,RANGE,0.727,0.875,HIGH,ALIGNED,0.125,0.0404,HIGH_KN,True
2025-09-30,PETRONET.NS,UP,TRAIN,RANGE,0.7251,0.875,HIGH,ALIGNED,0.125,-1.5423,HIGH_KN,False
2025-09-30,BPCL.NS,UP,TRAIN,RANGE,0.7206,0.75,HIGH,ALIGNED,0.25,0.0147,HIGH_KN,True
2025-09-30,JINDALSTEL.NS,UP,TRAIN,RANGE,0.7163,0.875,HIGH,ALIGNED,0.125,0.1175,HIGH_KN,True
2025-09-30,PFIZER.NS,UP,TRAIN,RANGE,0.7144,0.625,HIGH,ALIGNED,0.375,2.2836,HIGH_KN,True
2025-09-30,INDIAMART.NS,UP,TRAIN,RANGE,0.7127,0.5,MEDIUM,ALIGNED,0.5,1.8036,HIGH_KN,True
2025-09-30,HEROMOTOCO.NS,UP,TRAIN,RANGE,0.7112,0.875,HIGH,ALIGNED,0.125,-0.7309,HIGH_KN,False
2025-09-30,ADANIGREEN.NS,DOWN,TRAIN,RANGE,0.897,0.75,HIGH,ALIGNED,0.25,3.686,HIGH_KN,False
2025-09-30,KPITTECH.NS,DOWN,TRAIN,RANGE,0.8732,0.75,HIGH,ALIGNED,0.25,5.056,HIGH_KN,False
2025-09-30,ADANIENSOL.NS,DOWN,TRAIN,RANGE,0.847,0.75,HIGH,ALIGNED,0.25,2.763,HIGH_KN,False
2025-09-30,DATAPATTNS.NS,DOWN,TRAIN,RANGE,0.8397,0.625,HIGH,ALIGNED,0.375,3.1968,HIGH_KN,False
2025-09-30,GRSE.NS,DOWN,TRAIN,RANGE,0.8364,0.625,HIGH,ALIGNED,0.375,4.551,HIGH_KN,False
2025-09-30,IDEA.NS,DOWN,TRAIN,RANGE,0.8359,0.75,HIGH,ALIGNED,0.25,4.797,HIGH_KN,False
2025-09-30,SUDARSCHEM.NS,DOWN,TRAIN,RANGE,0.8208,0.75,HIGH,ALIGNED,0.25,0.8769,HIGH_KN,False
2025-09-30,LAURUSLABS.NS,DOWN,TRAIN,RANGE,0.8096,0.75,HIGH,ALIGNED,0.25,3.5876,HIGH_KN,False
2025-09-30,COCHINSHIP.NS,DOWN,TRAIN,RANGE,0.8077,0.5,MEDIUM,ALIGNED,0.5,4.0232,HIGH_KN,False
2025-09-30,KALYANKJIL.NS,DOWN,TRAIN,RANGE,0.7691,0.75,HIGH,ALIGNED,0.25,2.4213,HIGH_KN,False
2025-09-30,MAZDOCK.NS,DOWN,TRAIN,RANGE,0.7627,0.625,HIGH,ALIGNED,0.375,2.9006,HIGH_KN,False
2025-09-30,BDL.NS,DOWN,TRAIN,RANGE,0.762,0.75,HIGH,ALIGNED,0.25,3.2548,HIGH_KN,False
2025-09-30,IDEAFORGE.NS,DOWN,TRAIN,RANGE,0.7541,0.625,HIGH,ALIGNED,0.375,0.9321,HIGH_KN,False
2025-09-30,SUZLON.NS,DOWN,TRAIN,RANGE,0.7445,0.625,HIGH,ALIGNED,0.375,0.2361,HIGH_KN,False
2025-09-30,RVNL.NS,DOWN,TRAIN,RANGE,0.7414,0.75,HIGH,ALIGNED,0.25,1.4582,HIGH_KN,False
2025-09-30,ROUTE.NS,DOWN,TRAIN,RANGE,0.7388,0.625,HIGH,ALIGNED,0.375,0.8085,HIGH_KN,False
2025-09-30,OFSS.NS,DOWN,TRAIN,RANGE,0.7359,0.75,HIGH,ALIGNED,0.25,3.8201,HIGH_KN,False
2025-09-30,PNBHOUSING.NS,DOWN,TRAIN,RANGE,0.7283,0.75,HIGH,ALIGNED,0.25,2.1654,HIGH_KN,False
2025-09-30,JINDALPOLY.NS,DOWN,TRAIN,RANGE,0.7273,0.625,HIGH,ALIGNED,0.375,1.6699,HIGH_KN,False
2025-09-30,WHIRLPOOL.NS,DOWN,TRAIN,RANGE,0.723,0.875,HIGH,ALIGNED,0.125,-1.5782,HIGH_KN,True
2025-10-01,RATEGAIN.NS,UP,TRAIN,RANGE,0.9431,0.75,HIGH,ALIGNED,0.25,2.0426,HIGH_KN,True
2025-10-01,HINDZINC.NS,UP,TRAIN,RANGE,0.9033,0.875,HIGH,ALIGNED,0.125,2.1087,HIGH_KN,True
2025-10-01,GRANULES.NS,UP,TRAIN,RANGE,0.888,1.0,HIGH,ALIGNED,0.0,2.6997,HIGH_KN,True
2025-10-01,PFIZER.NS,UP,TRAIN,RANGE,0.8789,0.875,HIGH,ALIGNED,0.125,1.3881,HIGH_KN,True
2025-10-01,MRPL.NS,UP,TRAIN,RANGE,0.8275,0.75,HIGH,ALIGNED,0.25,7.5688,HIGH_KN,True
2025-10-01,BEML.NS,UP,TRAIN,RANGE,0.8237,1.0,HIGH,ALIGNED,0.0,1.6556,HIGH_KN,True
2025-10-01,NATIONALUM.NS,UP,TRAIN,RANGE,0.823,0.75,HIGH,ALIGNED,0.25,3.1049,HIGH_KN,True
2025-10-01,RBLBANK.NS,UP,TRAIN,RANGE,0.8179,0.75,HIGH,ALIGNED,0.25,0.2544,HIGH_KN,True
2025-10-01,SHRIRAMFIN.NS,UP,TRAIN,RANGE,0.8053,1.0,HIGH,ALIGNED,0.0,-0.447,HIGH_KN,False
2025-10-01,COROMANDEL.NS,UP,TRAIN,RANGE,0.7866,0.5,MEDIUM,ALIGNED,0.5,2.2434,HIGH_KN,True
2025-10-01,VEDL.NS,UP,TRAIN,RANGE,0.7811,0.75,HIGH,ALIGNED,0.25,1.3123,HIGH_KN,True
2025-10-01,RAILTEL.NS,UP,TRAIN,RANGE,0.7718,0.875,HIGH,ALIGNED,0.125,0.9902,HIGH_KN,True
2025-10-01,ENDURANCE.NS,UP,TRAIN,RANGE,0.7715,0.75,HIGH,ALIGNED,0.25,2.8728,HIGH_KN,True
2025-10-01,VGUARD.NS,UP,TRAIN,RANGE,0.766,0.5,MEDIUM,ALIGNED,0.5,-0.7566,HIGH_KN,False
2025-10-01,INDIAMART.NS,UP,TRAIN,RANGE,0.7624,0.625,HIGH,ALIGNED,0.375,-1.1464,HIGH_KN,False
2025-10-01,MOIL.NS,UP,TRAIN,RANGE,0.7605,0.625,HIGH,ALIGNED,0.375,6.3246,HIGH_KN,True
2025-10-01,BPCL.NS,UP,TRAIN,RANGE,0.7495,0.875,HIGH,ALIGNED,0.125,0.5446,HIGH_KN,True
2025-10-01,GODREJPROP.NS,UP,TRAIN,RANGE,0.749,0.75,HIGH,ALIGNED,0.25,0.1281,HIGH_KN,True
2025-10-01,BEL.NS,UP,TRAIN,RANGE,0.7464,0.75,HIGH,ALIGNED,0.25,1.5129,HIGH_KN,True
2025-10-01,PNB.NS,UP,TRAIN,RANGE,0.7457,0.875,HIGH,ALIGNED,0.125,1.6171,HIGH_KN,True
2025-10-01,ADANIGREEN.NS,DOWN,TRAIN,RANGE,0.8332,0.5,MEDIUM,ALIGNED,0.5,0.526,HIGH_KN,False
2025-10-01,KPITTECH.NS,DOWN,TRAIN,RANGE,0.8146,0.75,HIGH,ALIGNED,0.25,0.3902,HIGH_KN,False
2025-10-01,SUDARSCHEM.NS,DOWN,TRAIN,RANGE,0.8139,0.75,HIGH,ALIGNED,0.25,-0.6613,HIGH_KN,True
2025-10-01,LAURUSLABS.NS,DOWN,TRAIN,RANGE,0.8093,0.5,MEDIUM,ALIGNED,0.5,-0.8716,HIGH_KN,True
2025-10-01,GRSE.NS,DOWN,TRAIN,RANGE,0.8039,0.5,MEDIUM,ALIGNED,0.5,3.033,HIGH_KN,False
2025-10-01,APOLLOTYRE.NS,DOWN,TRAIN,RANGE,0.7675,0.75,HIGH,ALIGNED,0.25,1.1761,HIGH_KN,False
2025-10-01,DEEPAKFERT.NS,DOWN,TRAIN,RANGE,0.7643,0.5,MEDIUM,ALIGNED,0.5,1.6353,HIGH_KN,False
2025-10-01,ROUTE.NS,DOWN,TRAIN,RANGE,0.7545,0.75,HIGH,ALIGNED,0.25,-0.4198,HIGH_KN,True
2025-10-01,IDEAFORGE.NS,DOWN,TRAIN,RANGE,0.7438,0.5,MEDIUM,ALIGNED,0.5,0.2063,HIGH_KN,False
2025-10-01,HFCL.NS,DOWN,TRAIN,RANGE,0.7421,0.5,MEDIUM,ALIGNED,0.5,3.337,HIGH_KN,False
2025-10-01,JINDALPOLY.NS,DOWN,TRAIN,RANGE,0.7294,0.625,HIGH,ALIGNED,0.375,1.9835,HIGH_KN,False
2025-10-01,NATCOPHARM.NS,DOWN,TRAIN,RANGE,0.7232,0.625,HIGH,ALIGNED,0.375,1.9838,HIGH_KN,False
2025-10-01,BAJFINANCE.NS,DOWN,TRAIN,RANGE,0.7208,0.625,HIGH,ALIGNED,0.375,0.2076,HIGH_KN,False
2025-10-01,PNBHOUSING.NS,DOWN,TRAIN,RANGE,0.7153,0.5,MEDIUM,ALIGNED,0.5,0.6517,HIGH_KN,False
2025-10-01,ZENSARTECH.NS,DOWN,TRAIN,RANGE,0.7153,0.75,HIGH,ALIGNED,0.25,-1.1122,HIGH_KN,True
2025-10-01,COCHINSHIP.NS,DOWN,TRAIN,RANGE,0.7142,0.75,HIGH,ALIGNED,0.25,-0.0054,HIGH_KN,True
2025-10-01,INTELLECT.NS,DOWN,TRAIN,RANGE,0.7089,0.75,HIGH,ALIGNED,0.25,1.0141,HIGH_KN,False
2025-10-01,BIOCON.NS,DOWN,TRAIN,RANGE,0.7065,0.5,MEDIUM,ALIGNED,0.5,1.6741,HIGH_KN,False
2025-10-01,MAZDOCK.NS,DOWN,TRAIN,RANGE,0.7041,0.375,MEDIUM,CONFLICT,0.625,1.3971,LOW_KN,False
2025-10-01,CENTUM.NS,DOWN,TRAIN,RANGE,0.7019,0.5,MEDIUM,ALIGNED,0.5,-8.7055,HIGH_KN,True
2025-10-03,KALYANKJIL.NS,UP,TRAIN,RANGE,0.9616,0.875,HIGH,ALIGNED,0.125,-1.3817,HIGH_KN,False
2025-10-03,MRPL.NS,UP,TRAIN,RANGE,0.9585,0.75,HIGH,ALIGNED,0.25,2.9358,HIGH_KN,True
2025-10-03,MOIL.NS,UP,TRAIN,RANGE,0.944,0.75,HIGH,ALIGNED,0.25,0.5617,HIGH_KN,True
2025-10-03,DATAPATTNS.NS,UP,TRAIN,RANGE,0.9261,1.0,HIGH,ALIGNED,0.0,0.2257,HIGH_KN,True
2025-10-03,NATIONALUM.NS,UP,TRAIN,RANGE,0.9133,1.0,HIGH,ALIGNED,0.0,-1.8132,HIGH_KN,False
2025-10-03,ENDURANCE.NS,UP,TRAIN,RANGE,0.9046,0.875,HIGH,ALIGNED,0.125,-0.7085,HIGH_KN,False
2025-10-03,GRANULES.NS,UP,TRAIN,RANGE,0.9029,0.75,HIGH,ALIGNED,0.25,-0.8254,HIGH_KN,False
2025-10-03,RATEGAIN.NS,UP,TRAIN,RANGE,0.8908,0.75,HIGH,ALIGNED,0.25,0.3961,HIGH_KN,True
2025-10-03,SHYAMMETL.NS,UP,TRAIN,RANGE,0.8616,1.0,HIGH,ALIGNED,0.0,-1.1794,HIGH_KN,False
2025-10-03,PARAS.NS,UP,TRAIN,RANGE,0.8592,1.0,HIGH,ALIGNED,0.0,-0.3582,HIGH_KN,False
2025-10-03,HINDZINC.NS,UP,TRAIN,RANGE,0.8266,1.0,HIGH,ALIGNED,0.0,0.0,HIGH_KN,False
2025-10-03,COROMANDEL.NS,UP,TRAIN,RANGE,0.8227,0.875,HIGH,ALIGNED,0.125,2.129,HIGH_KN,True
2025-10-03,JPPOWER.NS,UP,TRAIN,RANGE,0.8164,0.875,HIGH,ALIGNED,0.125,-2.6415,HIGH_KN,False
2025-10-03,MIDHANI.NS,UP,TRAIN,RANGE,0.7944,1.0,HIGH,ALIGNED,0.0,-2.008,HIGH_KN,False
2025-10-03,LTTS.NS,UP,TRAIN,RANGE,0.7732,0.875,HIGH,ALIGNED,0.125,0.2588,HIGH_KN,True
2025-10-03,SHRIRAMFIN.NS,UP,TRAIN,RANGE,0.771,0.875,HIGH,ALIGNED,0.125,3.9718,HIGH_KN,True
2025-10-03,HINDALCO.NS,UP,TRAIN,RANGE,0.763,0.75,HIGH,ALIGNED,0.25,-0.4677,HIGH_KN,False
2025-10-03,PFIZER.NS,UP,TRAIN,RANGE,0.7599,0.875,HIGH,ALIGNED,0.125,0.0191,HIGH_KN,True
2025-10-03,HEROMOTOCO.NS,UP,TRAIN,RANGE,0.7476,1.0,HIGH,ALIGNED,0.0,0.5585,HIGH_KN,True
2025-10-03,BASF.NS,UP,TRAIN,RANGE,0.7408,1.0,HIGH,ALIGNED,0.0,-0.448,HIGH_KN,False
2025-10-03,SUDARSCHEM.NS,DOWN,TRAIN,RANGE,0.8829,0.75,HIGH,ALIGNED,0.25,-0.5086,HIGH_KN,True
2025-10-03,KPITTECH.NS,DOWN,TRAIN,RANGE,0.8616,0.75,HIGH,ALIGNED,0.25,-0.0864,HIGH_KN,True
2025-10-03,COCHINSHIP.NS,DOWN,TRAIN,RANGE,0.8613,0.625,HIGH,ALIGNED,0.375,-0.4566,HIGH_KN,True
2025-10-03,PNBHOUSING.NS,DOWN,TRAIN,RANGE,0.8259,0.625,HIGH,ALIGNED,0.375,0.7882,HIGH_KN,False
2025-10-03,ADANIGREEN.NS,DOWN,TRAIN,RANGE,0.8222,0.625,HIGH,ALIGNED,0.375,-1.0184,HIGH_KN,True
2025-10-03,LAURUSLABS.NS,DOWN,TRAIN,RANGE,0.7959,0.625,HIGH,ALIGNED,0.375,-0.162,HIGH_KN,True
2025-10-03,APOLLOTYRE.NS,DOWN,TRAIN,RANGE,0.7667,0.5,MEDIUM,ALIGNED,0.5,0.3276,HIGH_KN,False
2025-10-03,KEI.NS,DOWN,TRAIN,RANGE,0.7597,0.875,HIGH,ALIGNED,0.125,2.3407,HIGH_KN,False
2025-10-03,SUZLON.NS,DOWN,TRAIN,RANGE,0.7418,0.75,HIGH,ALIGNED,0.25,-0.6427,HIGH_KN,True
2025-10-03,ZENSARTECH.NS,DOWN,TRAIN,RANGE,0.7408,0.5,MEDIUM,ALIGNED,0.5,-0.5854,HIGH_KN,True
2025-10-03,ONMOBILE.NS,DOWN,TRAIN,RANGE,0.7368,0.375,MEDIUM,CONFLICT,0.625,-1.7531,LOW_KN,True
2025-10-03,RATNAMANI.NS,DOWN,TRAIN,RANGE,0.7319,0.625,HIGH,ALIGNED,0.375,-1.6106,HIGH_KN,True
2025-10-03,IDEAFORGE.NS,DOWN,TRAIN,RANGE,0.72,0.625,HIGH,ALIGNED,0.375,-2.9706,HIGH_KN,True
2025-10-03,CENTUM.NS,DOWN,TRAIN,RANGE,0.707,0.75,HIGH,ALIGNED,0.25,5.5912,HIGH_KN,False
2025-10-03,CESC.NS,DOWN,TRAIN,RANGE,0.7038,0.375,MEDIUM,CONFLICT,0.625,0.0541,LOW_KN,False
2025-10-03,TATACOMM.NS,DOWN,TRAIN,RANGE,0.7014,0.625,HIGH,ALIGNED,0.375,2.7699,HIGH_KN,False
2025-10-03,GRSE.NS,DOWN,TRAIN,RANGE,0.6964,0.375,MEDIUM,CONFLICT,0.625,0.7341,LOW_KN,False
2025-10-03,POLICYBZR.NS,DOWN,TRAIN,RANGE,0.6947,0.625,HIGH,ALIGNED,0.375,1.4643,HIGH_KN,False
2025-10-03,VINATIORGA.NS,DOWN,TRAIN,RANGE,0.6882,0.875,HIGH,ALIGNED,0.125,0.1422,HIGH_KN,False
2025-10-03,NAVINFLUOR.NS,DOWN,TRAIN,RANGE,0.6814,0.625,HIGH,ALIGNED,0.375,-0.5587,HIGH_KN,True
2025-10-06,MRPL.NS,UP,TRAIN,RANGE,0.9668,0.75,HIGH,ALIGNED,0.25,1.1314,HIGH_KN,True
2025-10-06,MOIL.NS,UP,TRAIN,RANGE,0.9439,0.75,HIGH,ALIGNED,0.25,-4.2904,HIGH_KN,False
2025-10-06,BSE.NS,UP,TRAIN,RANGE,0.9202,0.875,HIGH,ALIGNED,0.125,0.5997,HIGH_KN,True
2025-10-06,KALYANKJIL.NS,UP,TRAIN,RANGE,0.8873,0.625,HIGH,ALIGNED,0.375,0.4842,HIGH_KN,True
2025-10-06,DATAPATTNS.NS,UP,TRAIN,RANGE,0.8749,0.875,HIGH,ALIGNED,0.125,-0.6932,HIGH_KN,False
2025-10-06,COFORGE.NS,UP,TRAIN,RANGE,0.8502,0.75,HIGH,ALIGNED,0.25,1.4497,HIGH_KN,True
2025-10-06,SHRIRAMFIN.NS,UP,TRAIN,RANGE,0.8466,0.875,HIGH,ALIGNED,0.125,-0.6925,HIGH_KN,False
2025-10-06,NATIONALUM.NS,UP,TRAIN,RANGE,0.8363,0.75,HIGH,ALIGNED,0.25,-0.0368,HIGH_KN,False
2025-10-06,PARAS.NS,UP,TRAIN,RANGE,0.82,0.75,HIGH,ALIGNED,0.25,-1.7146,HIGH_KN,False
2025-10-06,PERSISTENT.NS,UP,TRAIN,RANGE,0.8063,0.75,HIGH,ALIGNED,0.25,1.5783,HIGH_KN,True
2025-10-06,RATEGAIN.NS,UP,TRAIN,RANGE,0.8015,0.625,HIGH,ALIGNED,0.375,1.1484,HIGH_KN,True
2025-10-06,MANAPPURAM.NS,UP,TRAIN,RANGE,0.7949,0.875,HIGH,ALIGNED,0.125,0.0688,HIGH_KN,True
2025-10-06,HINDZINC.NS,UP,TRAIN,RANGE,0.7932,0.75,HIGH,ALIGNED,0.25,-0.3255,HIGH_KN,False
2025-10-06,BANKBARODA.NS,UP,TRAIN,RANGE,0.7871,0.75,HIGH,ALIGNED,0.25,-1.7817,HIGH_KN,False
2025-10-06,SHYAMMETL.NS,UP,TRAIN,RANGE,0.7866,0.875,HIGH,ALIGNED,0.125,-3.3356,HIGH_KN,False
2025-10-06,COROMANDEL.NS,UP,TRAIN,RANGE,0.7859,0.875,HIGH,ALIGNED,0.125,-2.642,HIGH_KN,False
2025-10-06,PNB.NS,UP,TRAIN,RANGE,0.7846,0.75,HIGH,ALIGNED,0.25,-0.323,HIGH_KN,False
2025-10-06,LTTS.NS,UP,TRAIN,RANGE,0.7785,0.875,HIGH,ALIGNED,0.125,0.0279,HIGH_KN,True
2025-10-06,POLICYBZR.NS,UP,TRAIN,RANGE,0.7746,0.625,HIGH,ALIGNED,0.375,2.2951,HIGH_KN,True
2025-10-06,LAURUSLABS.NS,UP,TRAIN,RANGE,0.7668,0.625,HIGH,ALIGNED,0.375,0.0463,HIGH_KN,True
2025-10-06,ONMOBILE.NS,DOWN,TRAIN,RANGE,0.9495,0.625,HIGH,ALIGNED,0.375,2.7135,HIGH_KN,False
2025-10-06,SUDARSCHEM.NS,DOWN,TRAIN,RANGE,0.8498,0.625,HIGH,ALIGNED,0.375,-1.4058,HIGH_KN,True
2025-10-06,KPITTECH.NS,DOWN,TRAIN,RANGE,0.8385,0.5,MEDIUM,ALIGNED,0.5,1.193,HIGH_KN,False
2025-10-06,ADANIGREEN.NS,DOWN,TRAIN,RANGE,0.7996,0.5,MEDIUM,ALIGNED,0.5,0.1227,HIGH_KN,False
2025-10-06,GODREJAGRO.NS,DOWN,TRAIN,RANGE,0.7956,0.625,HIGH,ALIGNED,0.375,-0.0741,HIGH_KN,True
2025-10-06,DEEPAKFERT.NS,DOWN,TRAIN,RANGE,0.7793,0.5,MEDIUM,ALIGNED,0.5,-0.5156,HIGH_KN,True
2025-10-06,COCHINSHIP.NS,DOWN,TRAIN,RANGE,0.7718,0.5,MEDIUM,ALIGNED,0.5,-0.7124,HIGH_KN,True
2025-10-06,RATNAMANI.NS,DOWN,TRAIN,RANGE,0.7639,0.75,HIGH,ALIGNED,0.25,1.0815,HIGH_KN,False
2025-10-06,DEEPAKNTR.NS,DOWN,TRAIN,RANGE,0.7387,0.5,MEDIUM,ALIGNED,0.5,-2.2671,HIGH_KN,True
2025-10-06,ZYDUSWELL.NS,DOWN,TRAIN,RANGE,0.7337,0.5,MEDIUM,ALIGNED,0.5,-0.4422,HIGH_KN,True
2025-10-06,MARUTI.NS,DOWN,TRAIN,RANGE,0.7329,0.625,HIGH,ALIGNED,0.375,0.6876,HIGH_KN,False
2025-10-06,LT.NS,DOWN,TRAIN,RANGE,0.7213,0.5,MEDIUM,ALIGNED,0.5,-0.1953,HIGH_KN,True
2025-10-06,SOBHA.NS,DOWN,TRAIN,RANGE,0.6944,0.875,HIGH,ALIGNED,0.125,-0.068,HIGH_KN,True
2025-10-06,CLEAN.NS,DOWN,TRAIN,RANGE,0.6941,0.625,HIGH,ALIGNED,0.375,-0.7303,HIGH_KN,True
2025-10-06,FINPIPE.NS,DOWN,TRAIN,RANGE,0.6898,0.75,HIGH,ALIGNED,0.25,-1.9405,HIGH_KN,True
2025-10-06,RBLBANK.NS,DOWN,TRAIN,RANGE,0.6894,0.5,MEDIUM,ALIGNED,0.5,-0.7438,HIGH_KN,True
2025-10-06,VINATIORGA.NS,DOWN,TRAIN,RANGE,0.6749,0.75,HIGH,ALIGNED,0.25,1.6327,HIGH_KN,False
2025-10-06,ZENSARTECH.NS,DOWN,TRAIN,RANGE,0.6739,0.625,HIGH,ALIGNED,0.375,0.6814,HIGH_KN,False
2025-10-06,ROUTE.NS,DOWN,TRAIN,RANGE,0.669,0.625,HIGH,ALIGNED,0.375,-1.2951,HIGH_KN,True
2025-10-06,APOLLOTYRE.NS,DOWN,TRAIN,RANGE,0.6686,0.5,MEDIUM,ALIGNED,0.5,0.8005,HIGH_KN,False
2025-10-07,RATEGAIN.NS,UP,TRAIN,RANGE,0.9635,0.75,HIGH,ALIGNED,0.25,-4.0538,HIGH_KN,False
2025-10-07,MRPL.NS,UP,TRAIN,RANGE,0.9315,0.75,HIGH,ALIGNED,0.25,-1.7015,HIGH_KN,False
2025-10-07,ENDURANCE.NS,UP,TRAIN,RANGE,0.9207,1.0,HIGH,ALIGNED,0.0,-1.0132,HIGH_KN,False
2025-10-07,IRCON.NS,UP,TRAIN,RANGE,0.8945,1.0,HIGH,ALIGNED,0.0,-1.9222,HIGH_KN,False
2025-10-07,COFORGE.NS,UP,TRAIN,RANGE,0.8832,0.75,HIGH,ALIGNED,0.25,1.6128,HIGH_KN,True
2025-10-07,NOCIL.NS,UP,TRAIN,RANGE,0.8793,1.0,HIGH,ALIGNED,0.0,-1.4114,HIGH_KN,False
2025-10-07,IDEA.NS,UP,TRAIN,RANGE,0.8591,0.75,HIGH,ALIGNED,0.25,-1.5251,HIGH_KN,False
2025-10-07,KALYANKJIL.NS,UP,TRAIN,RANGE,0.8565,0.75,HIGH,ALIGNED,0.25,-1.179,HIGH_KN,False
2025-10-07,BSE.NS,UP,TRAIN,RANGE,0.8502,1.0,HIGH,ALIGNED,0.0,0.5826,HIGH_KN,True
2025-10-07,DIVISLAB.NS,UP,TRAIN,RANGE,0.8255,1.0,HIGH,ALIGNED,0.0,0.2621,HIGH_KN,True
2025-10-07,DATAPATTNS.NS,UP,TRAIN,RANGE,0.819,0.75,HIGH,ALIGNED,0.25,-1.4458,HIGH_KN,False
2025-10-07,POLICYBZR.NS,UP,TRAIN,RANGE,0.8171,0.875,HIGH,ALIGNED,0.125,-0.0453,HIGH_KN,False
2025-10-07,GRSE.NS,UP,TRAIN,RANGE,0.7998,0.75,HIGH,ALIGNED,0.25,-0.9888,HIGH_KN,False
2025-10-07,IGL.NS,UP,TRAIN,RANGE,0.7935,1.0,HIGH,ALIGNED,0.0,-1.2675,HIGH_KN,False
2025-10-07,RAILTEL.NS,UP,TRAIN,RANGE,0.7906,0.875,HIGH,ALIGNED,0.125,-1.6849,HIGH_KN,False
2025-10-07,OFSS.NS,UP,TRAIN,RANGE,0.7808,0.875,HIGH,ALIGNED,0.125,-1.5323,HIGH_KN,False
2025-10-07,MGL.NS,UP,TRAIN,RANGE,0.7692,1.0,HIGH,ALIGNED,0.0,-2.634,HIGH_KN,False
2025-10-07,MOIL.NS,UP,TRAIN,RANGE,0.7632,0.75,HIGH,ALIGNED,0.25,-1.4721,HIGH_KN,False
2025-10-07,PERSISTENT.NS,UP,TRAIN,RANGE,0.7632,0.75,HIGH,ALIGNED,0.25,-0.1442,HIGH_KN,False
2025-10-07,NATIONALUM.NS,UP,TRAIN,RANGE,0.7563,0.75,HIGH,ALIGNED,0.25,3.0175,HIGH_KN,True
2025-10-07,KPITTECH.NS,DOWN,TRAIN,RANGE,0.838,0.375,MEDIUM,CONFLICT,0.625,-0.8287,LOW_KN,True
2025-10-07,GODREJAGRO.NS,DOWN,TRAIN,RANGE,0.8375,0.75,HIGH,ALIGNED,0.25,-0.3412,HIGH_KN,True
2025-10-07,PGHH.NS,DOWN,TRAIN,RANGE,0.8119,0.5,MEDIUM,ALIGNED,0.5,0.063,HIGH_KN,False
2025-10-07,JINDALSTEL.NS,DOWN,TRAIN,RANGE,0.7784,0.875,HIGH,ALIGNED,0.125,-1.4027,HIGH_KN,True
2025-10-07,RBLBANK.NS,DOWN,TRAIN,RANGE,0.7732,0.75,HIGH,ALIGNED,0.25,4.7158,HIGH_KN,False
2025-10-07,ONMOBILE.NS,DOWN,TRAIN,RANGE,0.7645,0.375,MEDIUM,CONFLICT,0.625,-1.2347,LOW_KN,True
2025-10-07,ZYDUSWELL.NS,DOWN,TRAIN,RANGE,0.7613,0.75,HIGH,ALIGNED,0.25,1.932,HIGH_KN,False
2025-10-07,ASHOKLEY.NS,DOWN,TRAIN,RANGE,0.7511,0.625,HIGH,ALIGNED,0.375,-0.329,HIGH_KN,True
2025-10-07,DEEPAKNTR.NS,DOWN,TRAIN,RANGE,0.744,0.75,HIGH,ALIGNED,0.25,-0.3718,HIGH_KN,True
2025-10-07,SBIN.NS,DOWN,TRAIN,RANGE,0.7347,0.625,HIGH,ALIGNED,0.375,-0.7459,HIGH_KN,True
2025-10-07,RATNAMANI.NS,DOWN,TRAIN,RANGE,0.7339,0.625,HIGH,ALIGNED,0.375,-2.6228,HIGH_KN,True
2025-10-07,VINATIORGA.NS,DOWN,TRAIN,RANGE,0.7291,0.625,HIGH,ALIGNED,0.375,-1.4726,HIGH_KN,True
2025-10-07,CLEAN.NS,DOWN,TRAIN,RANGE,0.7262,0.75,HIGH,ALIGNED,0.25,-0.8582,HIGH_KN,True
2025-10-07,BPCL.NS,DOWN,TRAIN,RANGE,0.7113,0.5,MEDIUM,ALIGNED,0.5,0.9359,HIGH_KN,False
2025-10-07,VGUARD.NS,DOWN,TRAIN,RANGE,0.707,0.75,HIGH,ALIGNED,0.25,-2.075,HIGH_KN,True
2025-10-07,PNBHOUSING.NS,DOWN,TRAIN,RANGE,0.7011,0.375,MEDIUM,CONFLICT,0.625,-1.5449,LOW_KN,True
2025-10-07,DEEPAKFERT.NS,DOWN,TRAIN,RANGE,0.6967,0.625,HIGH,ALIGNED,0.375,0.0389,HIGH_KN,False
2025-10-07,TATACONSUM.NS,DOWN,TRAIN,RANGE,0.6951,0.5,MEDIUM,ALIGNED,0.5,0.0179,HIGH_KN,False
2025-10-07,VBL.NS,DOWN,TRAIN,RANGE,0.6875,0.5,MEDIUM,ALIGNED,0.5,-1.1705,HIGH_KN,True
2025-10-07,SUDARSCHEM.NS,DOWN,TRAIN,RANGE,0.6817,0.625,HIGH,ALIGNED,0.375,0.1144,HIGH_KN,False
2025-10-08,IDEA.NS,UP,TRAIN,RANGE,0.9892,0.875,HIGH,ALIGNED,0.125,-0.1106,HIGH_KN,False
2025-10-08,COFORGE.NS,UP,TRAIN,RANGE,0.9206,1.0,HIGH,ALIGNED,0.0,0.3735,HIGH_KN,True
2025-10-08,KPITTECH.NS,UP,TRAIN,RANGE,0.9124,0.625,HIGH,ALIGNED,0.375,0.1378,HIGH_KN,True
2025-10-08,BSE.NS,UP,TRAIN,RANGE,0.8761,0.875,HIGH,ALIGNED,0.125,3.8321,HIGH_KN,True
2025-10-08,MPHASIS.NS,UP,TRAIN,RANGE,0.8627,0.875,HIGH,ALIGNED,0.125,0.2643,HIGH_KN,True
2025-10-08,ENDURANCE.NS,UP,TRAIN,RANGE,0.8586,0.75,HIGH,ALIGNED,0.25,0.6265,HIGH_KN,True
2025-10-08,KALYANKJIL.NS,UP,TRAIN,RANGE,0.8553,0.5,MEDIUM,ALIGNED,0.5,0.2075,HIGH_KN,True
2025-10-08,PARAS.NS,UP,TRAIN,RANGE,0.851,0.75,HIGH,ALIGNED,0.25,1.3929,HIGH_KN,True
2025-10-08,MRPL.NS,UP,TRAIN,RANGE,0.8488,0.5,MEDIUM,ALIGNED,0.5,-0.9541,HIGH_KN,False
2025-10-08,DIVISLAB.NS,UP,TRAIN,RANGE,0.8359,1.0,HIGH,ALIGNED,0.0,0.1879,HIGH_KN,True
2025-10-08,IRCON.NS,UP,TRAIN,RANGE,0.7988,0.625,HIGH,ALIGNED,0.375,-0.7091,HIGH_KN,False
2025-10-08,DATAPATTNS.NS,UP,TRAIN,RANGE,0.7981,0.625,HIGH,ALIGNED,0.375,1.5713,HIGH_KN,True
2025-10-08,GRSE.NS,UP,TRAIN,RANGE,0.7974,0.625,HIGH,ALIGNED,0.375,1.4309,HIGH_KN,True
2025-10-08,RATEGAIN.NS,UP,TRAIN,RANGE,0.7962,0.625,HIGH,ALIGNED,0.375,0.0653,HIGH_KN,True
2025-10-08,TATACOMM.NS,UP,TRAIN,RANGE,0.7928,1.0,HIGH,ALIGNED,0.0,0.4499,HIGH_KN,True
2025-10-08,PERSISTENT.NS,UP,TRAIN,RANGE,0.7907,0.75,HIGH,ALIGNED,0.25,1.5522,HIGH_KN,True
2025-10-08,JPPOWER.NS,UP,TRAIN,RANGE,0.7816,0.75,HIGH,ALIGNED,0.25,-0.1113,HIGH_KN,False
2025-10-08,INDIAMART.NS,UP,TRAIN,RANGE,0.7754,0.875,HIGH,ALIGNED,0.125,-1.042,HIGH_KN,False
2025-10-08,NATIONALUM.NS,UP,TRAIN,RANGE,0.7734,0.875,HIGH,ALIGNED,0.125,2.6518,HIGH_KN,True
2025-10-08,OFSS.NS,UP,TRAIN,RANGE,0.7699,0.625,HIGH,ALIGNED,0.375,1.3276,HIGH_KN,True
2025-10-08,RATNAMANI.NS,DOWN,TRAIN,RANGE,0.8141,0.625,HIGH,ALIGNED,0.375,0.047,HIGH_KN,False
2025-10-08,JINDALSTEL.NS,DOWN,TRAIN,RANGE,0.7898,0.75,HIGH,ALIGNED,0.25,2.0703,HIGH_KN,False
2025-10-08,VGUARD.NS,DOWN,TRAIN,RANGE,0.7847,0.625,HIGH,ALIGNED,0.375,-1.6419,HIGH_KN,True
2025-10-08,MOIL.NS,DOWN,TRAIN,RANGE,0.7783,0.75,HIGH,ALIGNED,0.25,4.9401,HIGH_KN,False
2025-10-08,GODREJAGRO.NS,DOWN,TRAIN,RANGE,0.7694,0.5,MEDIUM,ALIGNED,0.5,-0.6699,HIGH_KN,True
2025-10-08,SAIL.NS,DOWN,TRAIN,RANGE,0.7614,0.875,HIGH,ALIGNED,0.125,3.5985,HIGH_KN,False
2025-10-08,PGHH.NS,DOWN,TRAIN,RANGE,0.7452,0.5,MEDIUM,ALIGNED,0.5,-0.6579,HIGH_KN,True
2025-10-08,PFC.NS,DOWN,TRAIN,RANGE,0.7281,0.75,HIGH,ALIGNED,0.25,0.5875,HIGH_KN,False
2025-10-08,VINATIORGA.NS,DOWN,TRAIN,RANGE,0.7242,0.625,HIGH,ALIGNED,0.375,-0.2186,HIGH_KN,True
2025-10-08,ASHOKLEY.NS,DOWN,TRAIN,RANGE,0.7227,0.625,HIGH,ALIGNED,0.375,-0.5238,HIGH_KN,True
2025-10-08,METROBRAND.NS,DOWN,TRAIN,RANGE,0.7117,0.625,HIGH,ALIGNED,0.375,-3.2032,HIGH_KN,True
2025-10-08,CENTUM.NS,DOWN,TRAIN,RANGE,0.6967,0.5,MEDIUM,ALIGNED,0.5,0.2724,HIGH_KN,False
2025-10-08,JYOTHYLAB.NS,DOWN,TRAIN,RANGE,0.6959,0.5,MEDIUM,ALIGNED,0.5,0.6607,HIGH_KN,False
2025-10-08,CLEAN.NS,DOWN,TRAIN,RANGE,0.6947,0.625,HIGH,ALIGNED,0.375,-1.2938,HIGH_KN,True
2025-10-08,HINDZINC.NS,DOWN,TRAIN,RANGE,0.6868,0.5,MEDIUM,ALIGNED,0.5,4.4343,HIGH_KN,False
2025-10-08,SOBHA.NS,DOWN,TRAIN,RANGE,0.6775,0.625,HIGH,ALIGNED,0.375,-1.3341,HIGH_KN,True
2025-10-08,DABUR.NS,DOWN,TRAIN,RANGE,0.6708,0.5,MEDIUM,ALIGNED,0.5,1.0934,HIGH_KN,False
2025-10-08,BIKAJI.NS,DOWN,TRAIN,RANGE,0.6696,0.625,HIGH,ALIGNED,0.375,1.0268,HIGH_KN,False
2025-10-08,MGL.NS,DOWN,TRAIN,RANGE,0.6668,0.875,HIGH,ALIGNED,0.125,0.9382,HIGH_KN,False
2025-10-08,BPCL.NS,DOWN,TRAIN,RANGE,0.6656,0.375,MEDIUM,CONFLICT,0.625,-0.3187,LOW_KN,True
2025-10-09,JINDALPOLY.NS,UP,TRAIN,RANGE,0.9524,1.0,HIGH,ALIGNED,0.0,-1.3459,HIGH_KN,False
2025-10-09,BSE.NS,UP,TRAIN,RANGE,0.9332,1.0,HIGH,ALIGNED,0.0,2.3517,HIGH_KN,True
2025-10-09,IDEA.NS,UP,TRAIN,RANGE,0.9207,0.875,HIGH,ALIGNED,0.125,0.1107,HIGH_KN,True
2025-10-09,MOIL.NS,UP,TRAIN,RANGE,0.9005,0.875,HIGH,ALIGNED,0.125,-0.7055,HIGH_KN,False
2025-10-09,CESC.NS,UP,TRAIN,RANGE,0.8733,1.0,HIGH,ALIGNED,0.0,0.5345,HIGH_KN,True
2025-10-09,NATIONALUM.NS,UP,TRAIN,RANGE,0.8572,0.75,HIGH,ALIGNED,0.25,-2.2871,HIGH_KN,False
2025-10-09,GRANULES.NS,UP,TRAIN,RANGE,0.8264,1.0,HIGH,ALIGNED,0.0,0.4239,HIGH_KN,True
2025-10-09,DATAPATTNS.NS,UP,TRAIN,RANGE,0.8168,0.75,HIGH,ALIGNED,0.25,-0.6938,HIGH_KN,False
2025-10-09,COFORGE.NS,UP,TRAIN,RANGE,0.8084,0.75,HIGH,ALIGNED,0.25,0.1279,HIGH_KN,True
2025-10-09,HINDZINC.NS,UP,TRAIN,RANGE,0.8038,0.75,HIGH,ALIGNED,0.25,-2.7233,HIGH_KN,False
2025-10-09,PRESTIGE.NS,UP,TRAIN,RANGE,0.8026,0.875,HIGH,ALIGNED,0.125,2.4449,HIGH_KN,True
2025-10-09,MPHASIS.NS,UP,TRAIN,RANGE,0.7957,0.625,HIGH,ALIGNED,0.375,-0.8549,HIGH_KN,False
2025-10-09,POLICYBZR.NS,UP,TRAIN,RANGE,0.7897,0.625,HIGH,ALIGNED,0.375,0.5589,HIGH_KN,True
2025-10-09,ADANIENSOL.NS,UP,TRAIN,RANGE,0.7697,0.75,HIGH,ALIGNED,0.25,-0.6545,HIGH_KN,False
2025-10-09,ENDURANCE.NS,UP,TRAIN,RANGE,0.7695,0.875,HIGH,ALIGNED,0.125,-1.7214,HIGH_KN,False
2025-10-09,OFSS.NS,UP,TRAIN,RANGE,0.7647,0.875,HIGH,ALIGNED,0.125,-1.0578,HIGH_KN,False
2025-10-09,TATASTEEL.NS,UP,TRAIN,RANGE,0.7642,0.875,HIGH,ALIGNED,0.125,-1.4511,HIGH_KN,False
2025-10-09,MRPL.NS,UP,TRAIN,RANGE,0.762,0.625,HIGH,ALIGNED,0.375,-1.0252,HIGH_KN,False
2025-10-09,NOCIL.NS,UP,TRAIN,RANGE,0.7591,0.625,HIGH,ALIGNED,0.375,-0.1157,HIGH_KN,False
2025-10-09,M&MFIN.NS,UP,TRAIN,RANGE,0.7579,0.875,HIGH,ALIGNED,0.125,0.2666,HIGH_KN,True
2025-10-09,RATEGAIN.NS,DOWN,TRAIN,RANGE,0.8491,0.75,HIGH,ALIGNED,0.25,-0.8996,HIGH_KN,True
2025-10-09,GODREJAGRO.NS,DOWN,TRAIN,RANGE,0.8147,0.625,HIGH,ALIGNED,0.375,-0.9442,HIGH_KN,True
2025-10-09,VGUARD.NS,DOWN,TRAIN,RANGE,0.7861,0.75,HIGH,ALIGNED,0.25,-0.5992,HIGH_KN,True
2025-10-09,STLTECH.NS,DOWN,TRAIN,RANGE,0.7807,0.75,HIGH,ALIGNED,0.25,-1.4023,HIGH_KN,True
2025-10-09,PGHH.NS,DOWN,TRAIN,RANGE,0.7479,0.625,HIGH,ALIGNED,0.375,0.6904,HIGH_KN,False
2025-10-09,ONMOBILE.NS,DOWN,TRAIN,RANGE,0.7399,0.75,HIGH,ALIGNED,0.25,5.0591,HIGH_KN,False
2025-10-09,JINDALSTEL.NS,DOWN,TRAIN,RANGE,0.7387,0.875,HIGH,ALIGNED,0.125,-2.4128,HIGH_KN,True
2025-10-09,VINATIORGA.NS,DOWN,TRAIN,RANGE,0.7385,0.75,HIGH,ALIGNED,0.25,1.9361,HIGH_KN,False
2025-10-09,RATNAMANI.NS,DOWN,TRAIN,RANGE,0.7202,0.75,HIGH,ALIGNED,0.25,0.0299,HIGH_KN,False
2025-10-09,JYOTHYLAB.NS,DOWN,TRAIN,RANGE,0.7123,0.5,MEDIUM,ALIGNED,0.5,0.4162,HIGH_KN,False
2025-10-09,ATUL.NS,DOWN,TRAIN,RANGE,0.7111,0.75,HIGH,ALIGNED,0.25,0.7264,HIGH_KN,False
2025-10-09,PNBHOUSING.NS,DOWN,TRAIN,RANGE,0.709,0.625,HIGH,ALIGNED,0.375,-2.5682,HIGH_KN,True
2025-10-09,CLEAN.NS,DOWN,TRAIN,RANGE,0.7046,0.625,HIGH,ALIGNED,0.375,3.3443,HIGH_KN,False
2025-10-09,LUPIN.NS,DOWN,TRAIN,RANGE,0.6994,0.625,HIGH,ALIGNED,0.375,0.0868,HIGH_KN,False
2025-10-09,ADANIPORTS.NS,DOWN,TRAIN,RANGE,0.6988,0.875,HIGH,ALIGNED,0.125,0.9888,HIGH_KN,False
2025-10-09,MASTEK.NS,DOWN,TRAIN,RANGE,0.6959,0.875,HIGH,ALIGNED,0.125,1.8367,HIGH_KN,False
2025-10-09,DEEPAKFERT.NS,DOWN,TRAIN,RANGE,0.6954,0.625,HIGH,ALIGNED,0.375,-0.9921,HIGH_KN,True
2025-10-09,BHARATFORG.NS,DOWN,TRAIN,RANGE,0.6946,0.75,HIGH,ALIGNED,0.25,0.8848,HIGH_KN,False
2025-10-09,PFC.NS,DOWN,TRAIN,RANGE,0.6918,0.625,HIGH,ALIGNED,0.375,0.3728,HIGH_KN,False
2025-10-09,COCHINSHIP.NS,DOWN,TRAIN,RANGE,0.6755,0.75,HIGH,ALIGNED,0.25,-0.4985,HIGH_KN,True
2025-10-10,TATACOMM.NS,UP,TRAIN,RANGE,0.944,0.75,HIGH,ALIGNED,0.25,-3.8499,HIGH_KN,False
2025-10-10,BSE.NS,UP,TRAIN,RANGE,0.9293,1.0,HIGH,ALIGNED,0.0,3.8155,HIGH_KN,True
2025-10-10,CENTUM.NS,UP,TRAIN,RANGE,0.9192,0.875,HIGH,ALIGNED,0.125,-3.9541,HIGH_KN,False
2025-10-10,PRESTIGE.NS,UP,TRAIN,RANGE,0.8998,1.0,HIGH,ALIGNED,0.0,-0.4317,HIGH_KN,False
2025-10-10,ZENSARTECH.NS,UP,TRAIN,RANGE,0.8837,0.875,HIGH,ALIGNED,0.125,-2.5856,HIGH_KN,False
2025-10-10,DIVISLAB.NS,UP,TRAIN,RANGE,0.8817,1.0,HIGH,ALIGNED,0.0,1.2588,HIGH_KN,True
2025-10-10,NAVINFLUOR.NS,UP,TRAIN,RANGE,0.8474,0.875,HIGH,ALIGNED,0.125,1.4469,HIGH_KN,True
2025-10-10,YESBANK.NS,UP,TRAIN,RANGE,0.8421,0.75,HIGH,ALIGNED,0.25,0.125,HIGH_KN,True
2025-10-10,INTELLECT.NS,UP,TRAIN,RANGE,0.8394,0.75,HIGH,ALIGNED,0.25,-2.3211,HIGH_KN,False
2025-10-10,RBLBANK.NS,UP,TRAIN,RANGE,0.832,0.75,HIGH,ALIGNED,0.25,-0.5487,HIGH_KN,False
2025-10-10,NATCOPHARM.NS,UP,TRAIN,RANGE,0.8293,0.875,HIGH,ALIGNED,0.125,-0.7094,HIGH_KN,False
2025-10-10,VOLTAS.NS,UP,TRAIN,RANGE,0.8291,1.0,HIGH,ALIGNED,0.0,-2.7376,HIGH_KN,False
2025-10-10,COFORGE.NS,UP,TRAIN,RANGE,0.8264,0.75,HIGH,ALIGNED,0.25,-0.3658,HIGH_KN,False
2025-10-10,IDEA.NS,UP,TRAIN,RANGE,0.8204,0.75,HIGH,ALIGNED,0.25,-3.4292,HIGH_KN,False
2025-10-10,CESC.NS,UP,TRAIN,RANGE,0.8161,1.0,HIGH,ALIGNED,0.0,-0.2337,HIGH_KN,False
2025-10-10,LAURUSLABS.NS,UP,TRAIN,RANGE,0.8149,0.875,HIGH,ALIGNED,0.125,-0.2794,HIGH_KN,False
2025-10-10,BLUESTARCO.NS,UP,TRAIN,RANGE,0.8144,1.0,HIGH,ALIGNED,0.0,-1.9188,HIGH_KN,False
2025-10-10,IDFCFIRSTB.NS,UP,TRAIN,RANGE,0.7769,0.875,HIGH,ALIGNED,0.125,-0.9674,HIGH_KN,False
2025-10-10,GODREJPROP.NS,UP,TRAIN,RANGE,0.762,0.875,HIGH,ALIGNED,0.125,0.239,HIGH_KN,True
2025-10-10,TCS.NS,UP,TRAIN,RANGE,0.7536,0.75,HIGH,ALIGNED,0.25,-0.6968,HIGH_KN,False
2025-10-10,RATEGAIN.NS,DOWN,TRAIN,RANGE,0.9247,0.75,HIGH,ALIGNED,0.25,-2.877,HIGH_KN,True
2025-10-10,SHYAMMETL.NS,DOWN,TRAIN,RANGE,0.8506,0.5,MEDIUM,ALIGNED,0.5,-0.6226,HIGH_KN,True
2025-10-10,MOIL.NS,DOWN,TRAIN,RANGE,0.8401,0.625,HIGH,ALIGNED,0.375,-2.3382,HIGH_KN,True
2025-10-10,GODREJAGRO.NS,DOWN,TRAIN,RANGE,0.8245,0.625,HIGH,ALIGNED,0.375,1.3617,HIGH_KN,False
2025-10-10,STLTECH.NS,DOWN,TRAIN,RANGE,0.8124,0.75,HIGH,ALIGNED,0.25,1.2166,HIGH_KN,False
2025-10-10,MRPL.NS,DOWN,TRAIN,RANGE,0.7908,0.625,HIGH,ALIGNED,0.375,-0.8342,HIGH_KN,True
2025-10-10,DEEPAKFERT.NS,DOWN,TRAIN,RANGE,0.7887,0.625,HIGH,ALIGNED,0.375,-0.8617,HIGH_KN,True
2025-10-10,JINDALSTEL.NS,DOWN,TRAIN,RANGE,0.7815,0.75,HIGH,ALIGNED,0.25,-0.7486,HIGH_KN,True
2025-10-10,KALYANKJIL.NS,DOWN,TRAIN,RANGE,0.7548,0.5,MEDIUM,ALIGNED,0.5,-2.0728,HIGH_KN,True
2025-10-10,VGUARD.NS,DOWN,TRAIN,RANGE,0.7546,0.625,HIGH,ALIGNED,0.375,1.3636,HIGH_KN,False
2025-10-10,MIDHANI.NS,DOWN,TRAIN,RANGE,0.7513,0.75,HIGH,ALIGNED,0.25,-2.4833,HIGH_KN,True
2025-10-10,PNBHOUSING.NS,DOWN,TRAIN,RANGE,0.7312,0.75,HIGH,ALIGNED,0.25,-0.041,HIGH_KN,True
2025-10-10,HEROMOTOCO.NS,DOWN,TRAIN,RANGE,0.7227,0.75,HIGH,ALIGNED,0.25,1.0727,HIGH_KN,False
2025-10-10,IDEAFORGE.NS,DOWN,TRAIN,RANGE,0.7202,0.625,HIGH,ALIGNED,0.375,-1.0368,HIGH_KN,True
2025-10-10,SAIL.NS,DOWN,TRAIN,RANGE,0.7147,0.875,HIGH,ALIGNED,0.125,0.2572,HIGH_KN,False
2025-10-10,BPCL.NS,DOWN,TRAIN,RANGE,0.7013,0.75,HIGH,ALIGNED,0.25,-0.2214,HIGH_KN,True
2025-10-10,PFC.NS,DOWN,TRAIN,RANGE,0.6988,0.75,HIGH,ALIGNED,0.25,-0.1857,HIGH_KN,True
2025-10-10,BASF.NS,DOWN,TRAIN,RANGE,0.6928,0.625,HIGH,ALIGNED,0.375,-1.1892,HIGH_KN,True
2025-10-10,ADANIGREEN.NS,DOWN,TRAIN,RANGE,0.6845,0.375,MEDIUM,CONFLICT,0.625,-1.2215,LOW_KN,True
2025-10-10,HINDZINC.NS,DOWN,TRAIN,RANGE,0.6824,0.625,HIGH,ALIGNED,0.375,1.4549,HIGH_KN,False
2025-10-13,BSE.NS,UP,TRAIN,RANGE,0.951,0.875,HIGH,ALIGNED,0.125,-1.1187,HIGH_KN,False
2025-10-13,TATACOMM.NS,UP,TRAIN,RANGE,0.9246,0.75,HIGH,ALIGNED,0.25,4.1375,HIGH_KN,True
2025-10-13,RBLBANK.NS,UP,TRAIN,RANGE,0.9229,0.875,HIGH,ALIGNED,0.125,0.5172,HIGH_KN,True
2025-10-13,DIVISLAB.NS,UP,TRAIN,RANGE,0.8976,0.875,HIGH,ALIGNED,0.125,0.0763,HIGH_KN,True
2025-10-13,MAPMYINDIA.NS,UP,TRAIN,RANGE,0.881,0.75,HIGH,ALIGNED,0.25,8.9669,HIGH_KN,True
2025-10-13,PRESTIGE.NS,UP,TRAIN,RANGE,0.8576,0.75,HIGH,ALIGNED,0.25,-0.6813,HIGH_KN,False
2025-10-13,TORNTPOWER.NS,UP,TRAIN,RANGE,0.8524,1.0,HIGH,ALIGNED,0.0,0.8725,HIGH_KN,True
2025-10-13,NAVINFLUOR.NS,UP,TRAIN,RANGE,0.8476,0.875,HIGH,ALIGNED,0.125,1.7922,HIGH_KN,True
2025-10-13,YESBANK.NS,UP,TRAIN,RANGE,0.8461,0.75,HIGH,ALIGNED,0.25,-2.9546,HIGH_KN,False
2025-10-13,PFIZER.NS,UP,TRAIN,RANGE,0.8434,0.625,HIGH,ALIGNED,0.375,-2.5228,HIGH_KN,False
2025-10-13,HFCL.NS,UP,TRAIN,RANGE,0.839,0.75,HIGH,ALIGNED,0.25,-1.9238,HIGH_KN,False
2025-10-13,ZYDUSWELL.NS,UP,TRAIN,RANGE,0.8027,0.625,HIGH,ALIGNED,0.375,-1.7761,HIGH_KN,False
2025-10-13,FEDERALBNK.NS,UP,TRAIN,RANGE,0.7912,0.75,HIGH,ALIGNED,0.25,1.136,HIGH_KN,True
2025-10-13,AUROPHARMA.NS,UP,TRAIN,RANGE,0.7844,0.875,HIGH,ALIGNED,0.125,-1.0556,HIGH_KN,False
2025-10-13,HINDZINC.NS,UP,TRAIN,RANGE,0.7539,0.75,HIGH,ALIGNED,0.25,0.0198,HIGH_KN,True
2025-10-13,JPPOWER.NS,UP,TRAIN,RANGE,0.7473,0.5,MEDIUM,ALIGNED,0.5,-2.1798,HIGH_KN,False
2025-10-13,NATIONALUM.NS,UP,TRAIN,RANGE,0.7439,0.75,HIGH,ALIGNED,0.25,-0.6522,HIGH_KN,False
2025-10-13,NOCIL.NS,UP,TRAIN,RANGE,0.7407,0.875,HIGH,ALIGNED,0.125,-0.7523,HIGH_KN,False
2025-10-13,KEI.NS,UP,TRAIN,RANGE,0.74,0.875,HIGH,ALIGNED,0.125,1.1643,HIGH_KN,True
2025-10-13,GODREJPROP.NS,UP,TRAIN,RANGE,0.7361,0.875,HIGH,ALIGNED,0.125,-1.8837,HIGH_KN,False
2025-10-13,RATEGAIN.NS,DOWN,TRAIN,RANGE,0.9067,0.75,HIGH,ALIGNED,0.25,-0.6407,HIGH_KN,True
2025-10-13,MRPL.NS,DOWN,TRAIN,RANGE,0.8956,0.75,HIGH,ALIGNED,0.25,-1.1497,HIGH_KN,True
2025-10-13,MOIL.NS,DOWN,TRAIN,RANGE,0.8831,0.5,MEDIUM,ALIGNED,0.5,-0.5159,HIGH_KN,True
2025-10-13,PNBHOUSING.NS,DOWN,TRAIN,RANGE,0.8182,0.625,HIGH,ALIGNED,0.375,-1.1896,HIGH_KN,True
2025-10-13,SHYAMMETL.NS,DOWN,TRAIN,RANGE,0.81,0.75,HIGH,ALIGNED,0.25,0.2754,HIGH_KN,False
2025-10-13,DEEPAKFERT.NS,DOWN,TRAIN,RANGE,0.7805,0.75,HIGH,ALIGNED,0.25,-4.5886,HIGH_KN,True
2025-10-13,KALYANKJIL.NS,DOWN,TRAIN,RANGE,0.7788,0.75,HIGH,ALIGNED,0.25,-1.1268,HIGH_KN,True
2025-10-13,AXISBANK.NS,DOWN,TRAIN,RANGE,0.7598,0.5,MEDIUM,ALIGNED,0.5,-1.076,HIGH_KN,True
2025-10-13,MIDHANI.NS,DOWN,TRAIN,RANGE,0.7593,0.75,HIGH,ALIGNED,0.25,-0.2639,HIGH_KN,True
2025-10-13,JINDALSTEL.NS,DOWN,TRAIN,RANGE,0.751,0.625,HIGH,ALIGNED,0.375,-1.1513,HIGH_KN,True
2025-10-13,STLTECH.NS,DOWN,TRAIN,RANGE,0.7449,0.5,MEDIUM,ALIGNED,0.5,-4.664,HIGH_KN,True
2025-10-13,DATAPATTNS.NS,DOWN,TRAIN,RANGE,0.7343,0.625,HIGH,ALIGNED,0.375,1.5234,HIGH_KN,False
2025-10-13,SAPPHIRE.NS,DOWN,TRAIN,RANGE,0.728,0.75,HIGH,ALIGNED,0.25,-0.6998,HIGH_KN,True
2025-10-13,BDL.NS,DOWN,TRAIN,RANGE,0.7268,0.625,HIGH,ALIGNED,0.375,-1.3648,HIGH_KN,True
2025-10-13,BATAINDIA.NS,DOWN,TRAIN,RANGE,0.7041,0.625,HIGH,ALIGNED,0.375,-2.1584,HIGH_KN,True
2025-10-13,GRSE.NS,DOWN,TRAIN,RANGE,0.7025,0.625,HIGH,ALIGNED,0.375,-1.658,HIGH_KN,True
2025-10-13,OLECTRA.NS,DOWN,TRAIN,RANGE,0.6985,0.625,HIGH,ALIGNED,0.375,-1.8355,HIGH_KN,True
2025-10-13,BPCL.NS,DOWN,TRAIN,RANGE,0.6856,0.625,HIGH,ALIGNED,0.375,-1.6275,HIGH_KN,True
2025-10-13,BASF.NS,DOWN,TRAIN,RANGE,0.6795,0.75,HIGH,ALIGNED,0.25,-1.2145,HIGH_KN,True
2025-10-13,BHARATFORG.NS,DOWN,TRAIN,RANGE,0.6739,0.5,MEDIUM,ALIGNED,0.5,-0.2691,HIGH_KN,True
2025-10-14,TATACOMM.NS,UP,TRAIN,RANGE,0.9678,0.75,HIGH,ALIGNED,0.25,4.4056,HIGH_KN,True
2025-10-14,BSE.NS,UP,TRAIN,RANGE,0.9565,0.875,HIGH,ALIGNED,0.125,0.3268,HIGH_KN,True
2025-10-14,MAPMYINDIA.NS,UP,TRAIN,RANGE,0.9519,0.75,HIGH,ALIGNED,0.25,-4.1299,HIGH_KN,False
2025-10-14,RBLBANK.NS,UP,TRAIN,RANGE,0.9445,0.875,HIGH,ALIGNED,0.125,2.7616,HIGH_KN,True
2025-10-14,HINDZINC.NS,UP,TRAIN,RANGE,0.8812,0.75,HIGH,ALIGNED,0.25,1.4931,HIGH_KN,True
2025-10-14,NAVINFLUOR.NS,UP,TRAIN,RANGE,0.8791,1.0,HIGH,ALIGNED,0.0,-0.239,HIGH_KN,False
2025-10-14,BIKAJI.NS,UP,TRAIN,RANGE,0.8329,0.875,HIGH,ALIGNED,0.125,-2.6971,HIGH_KN,False
2025-10-14,LAURUSLABS.NS,UP,TRAIN,RANGE,0.8267,0.75,HIGH,ALIGNED,0.25,-0.3018,HIGH_KN,False
2025-10-14,PRESTIGE.NS,UP,TRAIN,RANGE,0.8197,0.875,HIGH,ALIGNED,0.125,4.5148,HIGH_KN,True
2025-10-14,TORNTPOWER.NS,UP,TRAIN,RANGE,0.8175,1.0,HIGH,ALIGNED,0.0,1.1508,HIGH_KN,True
2025-10-14,KEI.NS,UP,TRAIN,RANGE,0.8,0.875,HIGH,ALIGNED,0.125,1.3481,HIGH_KN,True
2025-10-14,YESBANK.NS,UP,TRAIN,RANGE,0.7998,0.625,HIGH,ALIGNED,0.375,0.0,HIGH_KN,False
2025-10-14,FEDERALBNK.NS,UP,TRAIN,RANGE,0.7853,0.75,HIGH,ALIGNED,0.25,0.4131,HIGH_KN,True
2025-10-14,GRANULES.NS,UP,TRAIN,RANGE,0.78,0.875,HIGH,ALIGNED,0.125,-0.2018,HIGH_KN,False
2025-10-14,M&MFIN.NS,UP,TRAIN,RANGE,0.7779,0.875,HIGH,ALIGNED,0.125,2.2265,HIGH_KN,True
2025-10-14,MOTHERSON.NS,UP,TRAIN,RANGE,0.7779,0.875,HIGH,ALIGNED,0.125,-0.257,HIGH_KN,False
2025-10-14,HFCL.NS,UP,TRAIN,RANGE,0.763,0.625,HIGH,ALIGNED,0.375,3.0558,HIGH_KN,True
2025-10-14,CESC.NS,UP,TRAIN,RANGE,0.7579,0.5,MEDIUM,ALIGNED,0.5,5.238,HIGH_KN,True
2025-10-14,VEDL.NS,UP,TRAIN,RANGE,0.7507,0.75,HIGH,ALIGNED,0.25,0.6249,HIGH_KN,True
2025-10-14,HCLTECH.NS,UP,TRAIN,RANGE,0.7459,1.0,HIGH,ALIGNED,0.0,0.0201,HIGH_KN,True
2025-10-14,MRPL.NS,DOWN,TRAIN,RANGE,0.9094,0.75,HIGH,ALIGNED,0.25,0.773,HIGH_KN,False
2025-10-14,RATEGAIN.NS,DOWN,TRAIN,RANGE,0.8973,0.625,HIGH,ALIGNED,0.375,-3.4289,HIGH_KN,True
2025-10-14,STLTECH.NS,DOWN,TRAIN,RANGE,0.82,0.75,HIGH,ALIGNED,0.25,5.2118,HIGH_KN,False
2025-10-14,RAILTEL.NS,DOWN,TRAIN,RANGE,0.801,0.625,HIGH,ALIGNED,0.375,2.0927,HIGH_KN,False
2025-10-14,OFSS.NS,DOWN,TRAIN,RANGE,0.789,0.75,HIGH,ALIGNED,0.25,-2.1564,HIGH_KN,True
2025-10-14,METROBRAND.NS,DOWN,TRAIN,RANGE,0.7822,0.625,HIGH,ALIGNED,0.375,1.726,HIGH_KN,False
2025-10-14,IGL.NS,DOWN,TRAIN,RANGE,0.7728,0.625,HIGH,ALIGNED,0.375,0.1134,HIGH_KN,False
2025-10-14,BATAINDIA.NS,DOWN,TRAIN,RANGE,0.7685,0.625,HIGH,ALIGNED,0.375,-0.0445,HIGH_KN,True
2025-10-14,KALYANKJIL.NS,DOWN,TRAIN,RANGE,0.7555,0.75,HIGH,ALIGNED,0.25,1.6083,HIGH_KN,False
2025-10-14,ENDURANCE.NS,DOWN,TRAIN,RANGE,0.7524,0.75,HIGH,ALIGNED,0.25,1.8117,HIGH_KN,False
2025-10-14,POLICYBZR.NS,DOWN,TRAIN,RANGE,0.7476,0.625,HIGH,ALIGNED,0.375,-2.0192,HIGH_KN,True
2025-10-14,IDEA.NS,DOWN,TRAIN,RANGE,0.747,1.0,HIGH,ALIGNED,0.0,4.6651,HIGH_KN,False
2025-10-14,DEEPAKFERT.NS,DOWN,TRAIN,RANGE,0.7236,0.875,HIGH,ALIGNED,0.125,0.2472,HIGH_KN,False
2025-10-14,PETRONET.NS,DOWN,TRAIN,RANGE,0.7226,0.875,HIGH,ALIGNED,0.125,1.0114,HIGH_KN,False
2025-10-14,IRCON.NS,DOWN,TRAIN,RANGE,0.7207,0.75,HIGH,ALIGNED,0.25,0.9949,HIGH_KN,False
2025-10-14,PNBHOUSING.NS,DOWN,TRAIN,RANGE,0.7137,0.75,HIGH,ALIGNED,0.25,0.682,HIGH_KN,False
2025-10-14,GRSE.NS,DOWN,TRAIN,RANGE,0.7087,0.75,HIGH,ALIGNED,0.25,2.2206,HIGH_KN,False
2025-10-14,BASF.NS,DOWN,TRAIN,RANGE,0.7058,0.75,HIGH,ALIGNED,0.25,-0.6158,HIGH_KN,True
2025-10-14,SAIL.NS,DOWN,TRAIN,RANGE,0.7043,0.625,HIGH,ALIGNED,0.375,1.1804,HIGH_KN,False
2025-10-14,CENTUM.NS,DOWN,TRAIN,RANGE,0.7007,0.75,HIGH,ALIGNED,0.25,0.5401,HIGH_KN,False
2025-10-15,TATACOMM.NS,UP,TRAIN,RANGE,0.9814,0.75,HIGH,ALIGNED,0.25,0.8286,HIGH_KN,True
2025-10-15,MAPMYINDIA.NS,UP,TRAIN,RANGE,0.9599,0.75,HIGH,ALIGNED,0.25,-1.1024,HIGH_KN,False
2025-10-15,PRESTIGE.NS,UP,TRAIN,RANGE,0.9336,1.0,HIGH,ALIGNED,0.0,1.247,HIGH_KN,True
2025-10-15,SOBHA.NS,UP,TRAIN,RANGE,0.8971,0.875,HIGH,ALIGNED,0.125,2.6279,HIGH_KN,True
2025-10-15,BEML.NS,UP,TRAIN,RANGE,0.8954,1.0,HIGH,ALIGNED,0.0,-1.011,HIGH_KN,False
2025-10-15,CESC.NS,UP,TRAIN,RANGE,0.8809,0.875,HIGH,ALIGNED,0.125,-0.7037,HIGH_KN,False
2025-10-15,MOIL.NS,UP,TRAIN,RANGE,0.8679,0.75,HIGH,ALIGNED,0.25,-1.8363,HIGH_KN,False
2025-10-15,RBLBANK.NS,UP,TRAIN,RANGE,0.8647,0.75,HIGH,ALIGNED,0.25,2.4036,HIGH_KN,True
2025-10-15,ICICIGI.NS,UP,TRAIN,RANGE,0.8534,0.875,HIGH,ALIGNED,0.125,-0.5049,HIGH_KN,False
2025-10-15,M&MFIN.NS,UP,TRAIN,RANGE,0.8478,1.0,HIGH,ALIGNED,0.0,-0.1872,HIGH_KN,False
2025-10-15,PERSISTENT.NS,UP,TRAIN,RANGE,0.8377,0.75,HIGH,ALIGNED,0.25,2.0421,HIGH_KN,True
2025-10-15,INTELLECT.NS,UP,TRAIN,RANGE,0.8338,0.75,HIGH,ALIGNED,0.25,-2.2413,HIGH_KN,False
2025-10-15,HFCL.NS,UP,TRAIN,RANGE,0.8256,0.875,HIGH,ALIGNED,0.125,0.1165,HIGH_KN,True
2025-10-15,GODREJPROP.NS,UP,TRAIN,RANGE,0.8234,1.0,HIGH,ALIGNED,0.0,3.2637,HIGH_KN,True
2025-10-15,HINDZINC.NS,UP,TRAIN,RANGE,0.8222,0.75,HIGH,ALIGNED,0.25,-1.2666,HIGH_KN,False
2025-10-15,CHOLAFIN.NS,UP,TRAIN,RANGE,0.8147,0.75,HIGH,ALIGNED,0.25,-1.784,HIGH_KN,False
2025-10-15,ALKYLAMINE.NS,UP,TRAIN,RANGE,0.807,0.75,HIGH,ALIGNED,0.25,1.4735,HIGH_KN,True
2025-10-15,TORNTPOWER.NS,UP,TRAIN,RANGE,0.8034,1.0,HIGH,ALIGNED,0.0,2.1303,HIGH_KN,True
2025-10-15,NAVINFLUOR.NS,UP,TRAIN,RANGE,0.7872,0.75,HIGH,ALIGNED,0.25,3.5523,HIGH_KN,True
2025-10-15,GRANULES.NS,UP,TRAIN,RANGE,0.7633,0.75,HIGH,ALIGNED,0.25,0.2197,HIGH_KN,True
2025-10-15,MRPL.NS,DOWN,TRAIN,RANGE,0.8991,0.75,HIGH,ALIGNED,0.25,1.0486,HIGH_KN,False
2025-10-15,RATEGAIN.NS,DOWN,TRAIN,RANGE,0.8865,0.75,HIGH,ALIGNED,0.25,4.1241,HIGH_KN,False
2025-10-15,OFSS.NS,DOWN,TRAIN,RANGE,0.8403,0.75,HIGH,ALIGNED,0.25,0.4511,HIGH_KN,False
2025-10-15,RAILTEL.NS,DOWN,TRAIN,RANGE,0.7908,0.625,HIGH,ALIGNED,0.375,-0.1206,HIGH_KN,True
2025-10-15,BATAINDIA.NS,DOWN,TRAIN,RANGE,0.7894,0.875,HIGH,ALIGNED,0.125,2.1358,HIGH_KN,False
2025-10-15,DATAPATTNS.NS,DOWN,TRAIN,RANGE,0.7687,0.625,HIGH,ALIGNED,0.375,1.2791,HIGH_KN,False
2025-10-15,ENDURANCE.NS,DOWN,TRAIN,RANGE,0.765,0.5,MEDIUM,ALIGNED,0.5,3.7429,HIGH_KN,False
2025-10-15,IDEA.NS,DOWN,TRAIN,RANGE,0.7638,0.75,HIGH,ALIGNED,0.25,1.1429,HIGH_KN,False
2025-10-15,IGL.NS,DOWN,TRAIN,RANGE,0.7594,0.625,HIGH,ALIGNED,0.375,0.8163,HIGH_KN,False
2025-10-15,BASF.NS,DOWN,TRAIN,RANGE,0.7582,0.75,HIGH,ALIGNED,0.25,3.179,HIGH_KN,False
2025-10-15,METROBRAND.NS,DOWN,TRAIN,RANGE,0.7292,0.625,HIGH,ALIGNED,0.375,0.1407,HIGH_KN,False
2025-10-15,ROUTE.NS,DOWN,TRAIN,RANGE,0.7261,0.625,HIGH,ALIGNED,0.375,-0.2515,HIGH_KN,True
2025-10-15,KPITTECH.NS,DOWN,TRAIN,RANGE,0.6964,0.5,MEDIUM,ALIGNED,0.5,-0.3345,HIGH_KN,True
2025-10-15,AMBER.NS,DOWN,TRAIN,RANGE,0.6962,0.75,HIGH,ALIGNED,0.25,1.1106,HIGH_KN,False
2025-10-15,STLTECH.NS,DOWN,TRAIN,RANGE,0.6919,0.375,MEDIUM,CONFLICT,0.625,-1.1983,LOW_KN,True
2025-10-15,GRSE.NS,DOWN,TRAIN,RANGE,0.6913,0.5,MEDIUM,ALIGNED,0.5,-0.2405,HIGH_KN,True
2025-10-15,GODREJAGRO.NS,DOWN,TRAIN,RANGE,0.6894,0.75,HIGH,ALIGNED,0.25,0.9419,HIGH_KN,False
2025-10-15,AXISBANK.NS,DOWN,TRAIN,RANGE,0.6892,0.75,HIGH,ALIGNED,0.25,2.2828,HIGH_KN,False
2025-10-15,POLICYBZR.NS,DOWN,TRAIN,RANGE,0.6879,0.875,HIGH,ALIGNED,0.125,1.0095,HIGH_KN,False
2025-10-15,PARAS.NS,DOWN,TRAIN,RANGE,0.6868,0.75,HIGH,ALIGNED,0.25,-0.0569,HIGH_KN,True
2025-10-16,TATACOMM.NS,UP,TRAIN,RANGE,0.9666,0.75,HIGH,ALIGNED,0.25,-2.2523,HIGH_KN,False
2025-10-16,WHIRLPOOL.NS,UP,TRAIN,RANGE,0.9498,0.875,HIGH,ALIGNED,0.125,11.8436,HIGH_KN,True
2025-10-16,SOBHA.NS,UP,TRAIN,RANGE,0.9108,1.0,HIGH,ALIGNED,0.0,-1.3385,HIGH_KN,False
2025-10-16,RBLBANK.NS,UP,TRAIN,RANGE,0.9084,0.75,HIGH,ALIGNED,0.25,-2.3635,HIGH_KN,False
2025-10-16,ZYDUSWELL.NS,UP,TRAIN,RANGE,0.8865,0.875,HIGH,ALIGNED,0.125,-1.9779,HIGH_KN,False
2025-10-16,GODREJPROP.NS,UP,TRAIN,RANGE,0.8853,1.0,HIGH,ALIGNED,0.0,1.4012,HIGH_KN,True
2025-10-16,NAVINFLUOR.NS,UP,TRAIN,RANGE,0.8853,1.0,HIGH,ALIGNED,0.0,1.0103,HIGH_KN,True
2025-10-16,ALKYLAMINE.NS,UP,TRAIN,RANGE,0.8608,0.875,HIGH,ALIGNED,0.125,-0.223,HIGH_KN,False
2025-10-16,PRESTIGE.NS,UP,TRAIN,RANGE,0.8543,0.875,HIGH,ALIGNED,0.125,0.5481,HIGH_KN,True
2025-10-16,PERSISTENT.NS,UP,TRAIN,RANGE,0.8404,0.75,HIGH,ALIGNED,0.25,-1.4688,HIGH_KN,False
2025-10-16,MAPMYINDIA.NS,UP,TRAIN,RANGE,0.8373,0.75,HIGH,ALIGNED,0.25,-0.184,HIGH_KN,False
2025-10-16,CRAFTSMAN.NS,UP,TRAIN,RANGE,0.825,1.0,HIGH,ALIGNED,0.0,-0.897,HIGH_KN,False
2025-10-16,MASTEK.NS,UP,TRAIN,RANGE,0.8226,0.75,HIGH,ALIGNED,0.25,-4.0285,HIGH_KN,False
2025-10-16,BSE.NS,UP,TRAIN,RANGE,0.8207,0.875,HIGH,ALIGNED,0.125,-0.9405,HIGH_KN,False
2025-10-16,BHARATFORG.NS,UP,TRAIN,RANGE,0.8156,1.0,HIGH,ALIGNED,0.0,-1.8653,HIGH_KN,False
2025-10-16,TORNTPOWER.NS,UP,TRAIN,RANGE,0.8149,1.0,HIGH,ALIGNED,0.0,-1.9288,HIGH_KN,False
2025-10-16,ONMOBILE.NS,UP,TRAIN,RANGE,0.7981,0.5,MEDIUM,ALIGNED,0.5,-2.2787,HIGH_KN,False
2025-10-16,NESTLEIND.NS,UP,TRAIN,RANGE,0.7745,0.75,HIGH,ALIGNED,0.25,1.0105,HIGH_KN,True
2025-10-16,CHOLAFIN.NS,UP,TRAIN,RANGE,0.7726,0.875,HIGH,ALIGNED,0.125,-0.8273,HIGH_KN,False
2025-10-16,SRF.NS,UP,TRAIN,RANGE,0.757,0.75,HIGH,ALIGNED,0.25,-0.6458,HIGH_KN,False
2025-10-16,MRPL.NS,DOWN,TRAIN,RANGE,0.8648,0.625,HIGH,ALIGNED,0.375,-1.8943,HIGH_KN,True
2025-10-16,MOIL.NS,DOWN,TRAIN,RANGE,0.8646,0.625,HIGH,ALIGNED,0.375,-2.806,HIGH_KN,True
2025-10-16,HINDZINC.NS,DOWN,TRAIN,RANGE,0.8335,0.625,HIGH,ALIGNED,0.375,-1.2729,HIGH_KN,True
2025-10-16,OFSS.NS,DOWN,TRAIN,RANGE,0.8239,0.625,HIGH,ALIGNED,0.375,-0.1819,HIGH_KN,True
2025-10-16,RATEGAIN.NS,DOWN,TRAIN,RANGE,0.8226,0.625,HIGH,ALIGNED,0.375,-1.8936,HIGH_KN,True
2025-10-16,NATIONALUM.NS,DOWN,TRAIN,RANGE,0.8201,0.625,HIGH,ALIGNED,0.375,-0.6569,HIGH_KN,True
2025-10-16,DATAPATTNS.NS,DOWN,TRAIN,RANGE,0.8129,0.375,MEDIUM,CONFLICT,0.625,2.7492,LOW_KN,False
2025-10-16,SAIL.NS,DOWN,TRAIN,RANGE,0.801,0.625,HIGH,ALIGNED,0.375,-2.0551,HIGH_KN,True
2025-10-16,PARAS.NS,DOWN,TRAIN,RANGE,0.7612,0.875,HIGH,ALIGNED,0.125,0.3342,HIGH_KN,False
2025-10-16,IGL.NS,DOWN,TRAIN,RANGE,0.7606,0.5,MEDIUM,ALIGNED,0.5,-2.546,HIGH_KN,True
2025-10-16,TATASTEEL.NS,DOWN,TRAIN,RANGE,0.7606,0.625,HIGH,ALIGNED,0.375,-1.023,HIGH_KN,True
2025-10-16,KEI.NS,DOWN,TRAIN,RANGE,0.7534,0.875,HIGH,ALIGNED,0.125,-0.9946,HIGH_KN,True
2025-10-16,IDEA.NS,DOWN,TRAIN,RANGE,0.7508,0.5,MEDIUM,ALIGNED,0.5,-1.6949,HIGH_KN,True
2025-10-16,MIDHANI.NS,DOWN,TRAIN,RANGE,0.7493,0.75,HIGH,ALIGNED,0.25,0.715,HIGH_KN,False
2025-10-16,VEDL.NS,DOWN,TRAIN,RANGE,0.7482,0.75,HIGH,ALIGNED,0.25,-1.0541,HIGH_KN,True
2025-10-16,GRSE.NS,DOWN,TRAIN,RANGE,0.7373,0.625,HIGH,ALIGNED,0.375,-0.6353,HIGH_KN,True
2025-10-16,IDFCFIRSTB.NS,DOWN,TRAIN,RANGE,0.7298,0.75,HIGH,ALIGNED,0.25,0.1254,HIGH_KN,False
2025-10-16,BASF.NS,DOWN,TRAIN,RANGE,0.7222,0.375,MEDIUM,CONFLICT,0.625,-1.5014,LOW_KN,True
2025-10-16,RAILTEL.NS,DOWN,TRAIN,RANGE,0.7179,0.75,HIGH,ALIGNED,0.25,-1.2341,HIGH_KN,True
2025-10-16,SOLARINDS.NS,DOWN,TRAIN,RANGE,0.7086,0.5,MEDIUM,ALIGNED,0.5,0.1639,HIGH_KN,False
2025-10-17,WHIRLPOOL.NS,UP,TRAIN,RANGE,0.9843,1.0,HIGH,ALIGNED,0.0,-1.9142,HIGH_KN,False
2025-10-17,M&MFIN.NS,UP,TRAIN,RANGE,0.8889,0.75,HIGH,ALIGNED,0.25,-1.083,HIGH_KN,False
2025-10-17,SAPPHIRE.NS,UP,TRAIN,RANGE,0.8853,0.75,HIGH,ALIGNED,0.25,-0.5549,HIGH_KN,False
2025-10-17,GODREJPROP.NS,UP,TRAIN,RANGE,0.8826,0.875,HIGH,ALIGNED,0.125,2.4864,HIGH_KN,True
2025-10-17,MAPMYINDIA.NS,UP,TRAIN,RANGE,0.8652,0.75,HIGH,ALIGNED,0.25,-0.2114,HIGH_KN,False
2025-10-17,NESTLEIND.NS,UP,TRAIN,RANGE,0.8027,0.75,HIGH,ALIGNED,0.25,-0.318,HIGH_KN,False
2025-10-17,NAVINFLUOR.NS,UP,TRAIN,RANGE,0.7944,0.875,HIGH,ALIGNED,0.125,0.8828,HIGH_KN,True
2025-10-17,MUTHOOTFIN.NS,UP,TRAIN,RANGE,0.7903,0.875,HIGH,ALIGNED,0.125,-0.3689,HIGH_KN,False
2025-10-17,SOBHA.NS,UP,TRAIN,RANGE,0.7899,0.625,HIGH,ALIGNED,0.375,1.7237,HIGH_KN,True
2025-10-17,ALKYLAMINE.NS,UP,TRAIN,RANGE,0.7756,0.75,HIGH,ALIGNED,0.25,-1.2423,HIGH_KN,False
2025-10-17,ONMOBILE.NS,UP,TRAIN,RANGE,0.7754,0.875,HIGH,ALIGNED,0.125,1.0948,HIGH_KN,True
2025-10-17,KALYANKJIL.NS,UP,TRAIN,RANGE,0.7732,1.0,HIGH,ALIGNED,0.0,1.0309,HIGH_KN,True
2025-10-17,ASIANPAINT.NS,UP,TRAIN,RANGE,0.7696,1.0,HIGH,ALIGNED,0.0,0.327,HIGH_KN,True
2025-10-17,RADICO.NS,UP,TRAIN,RANGE,0.7669,0.875,HIGH,ALIGNED,0.125,4.7032,HIGH_KN,True
2025-10-17,PRESTIGE.NS,UP,TRAIN,RANGE,0.7546,0.75,HIGH,ALIGNED,0.25,0.6623,HIGH_KN,True
2025-10-17,PERSISTENT.NS,UP,TRAIN,RANGE,0.7461,0.75,HIGH,ALIGNED,0.25,1.5463,HIGH_KN,True
2025-10-17,DATAPATTNS.NS,UP,TRAIN,RANGE,0.7447,1.0,HIGH,ALIGNED,0.0,-0.8836,HIGH_KN,False
2025-10-17,M&M.NS,UP,TRAIN,RANGE,0.7432,1.0,HIGH,ALIGNED,0.0,-1.3188,HIGH_KN,False
2025-10-17,TVSMOTOR.NS,UP,TRAIN,RANGE,0.7362,1.0,HIGH,ALIGNED,0.0,-0.0547,HIGH_KN,False
2025-10-17,CRAFTSMAN.NS,UP,TRAIN,RANGE,0.7295,0.75,HIGH,ALIGNED,0.25,-0.6825,HIGH_KN,False
2025-10-17,YESBANK.NS,DOWN,TRAIN,RANGE,0.8645,0.875,HIGH,ALIGNED,0.125,1.7528,HIGH_KN,False
2025-10-17,MOIL.NS,DOWN,TRAIN,RANGE,0.8261,0.75,HIGH,ALIGNED,0.25,0.5964,HIGH_KN,False
2025-10-17,IGL.NS,DOWN,TRAIN,RANGE,0.807,0.75,HIGH,ALIGNED,0.25,-0.4994,HIGH_KN,True
2025-10-17,MRPL.NS,DOWN,TRAIN,RANGE,0.7978,0.75,HIGH,ALIGNED,0.25,7.5673,HIGH_KN,False
2025-10-17,RATEGAIN.NS,DOWN,TRAIN,RANGE,0.7814,0.75,HIGH,ALIGNED,0.25,-1.1074,HIGH_KN,True
2025-10-17,AUROPHARMA.NS,DOWN,TRAIN,RANGE,0.7508,0.875,HIGH,ALIGNED,0.125,-0.1453,HIGH_KN,True
2025-10-17,NATCOPHARM.NS,DOWN,TRAIN,RANGE,0.7428,0.625,HIGH,ALIGNED,0.375,0.9017,HIGH_KN,False
2025-10-17,KEI.NS,DOWN,TRAIN,RANGE,0.7362,0.875,HIGH,ALIGNED,0.125,0.3486,HIGH_KN,False
2025-10-17,JPPOWER.NS,DOWN,TRAIN,RANGE,0.7357,0.75,HIGH,ALIGNED,0.25,-0.1675,HIGH_KN,True
2025-10-17,IDFCFIRSTB.NS,DOWN,TRAIN,RANGE,0.7343,0.5,MEDIUM,ALIGNED,0.5,7.0256,HIGH_KN,False
2025-10-17,CENTUM.NS,DOWN,TRAIN,RANGE,0.7341,0.5,MEDIUM,ALIGNED,0.5,-0.6918,HIGH_KN,True
2025-10-17,ZENSARTECH.NS,DOWN,TRAIN,RANGE,0.7327,0.625,HIGH,ALIGNED,0.375,-0.1278,HIGH_KN,True
2025-10-17,OFSS.NS,DOWN,TRAIN,RANGE,0.7234,0.625,HIGH,ALIGNED,0.375,-2.2208,HIGH_KN,True
2025-10-17,WIPRO.NS,DOWN,TRAIN,RANGE,0.7176,0.875,HIGH,ALIGNED,0.125,0.1411,HIGH_KN,False
2025-10-17,INFY.NS,DOWN,TRAIN,RANGE,0.7085,0.875,HIGH,ALIGNED,0.125,1.374,HIGH_KN,False
2025-10-17,TATACOMM.NS,DOWN,TRAIN,RANGE,0.7078,0.5,MEDIUM,ALIGNED,0.5,-1.1314,HIGH_KN,True
2025-10-17,IDEA.NS,DOWN,TRAIN,RANGE,0.7017,0.625,HIGH,ALIGNED,0.375,2.7586,HIGH_KN,False
2025-10-17,PETRONET.NS,DOWN,TRAIN,RANGE,0.6937,0.75,HIGH,ALIGNED,0.25,1.2337,HIGH_KN,False
2025-10-17,IRCON.NS,DOWN,TRAIN,RANGE,0.6928,0.75,HIGH,ALIGNED,0.25,0.7099,HIGH_KN,False
2025-10-17,VEDL.NS,DOWN,TRAIN,RANGE,0.6862,0.75,HIGH,ALIGNED,0.25,-0.0316,HIGH_KN,True
2025-10-20,WHIRLPOOL.NS,UP,TRAIN,RANGE,0.9755,0.875,HIGH,ALIGNED,0.125,2.9163,HIGH_KN,True
2025-10-20,RBLBANK.NS,UP,TRAIN,RANGE,0.9748,0.75,HIGH,ALIGNED,0.25,-0.6123,HIGH_KN,False
2025-10-20,MRPL.NS,UP,TRAIN,RANGE,0.9639,0.875,HIGH,ALIGNED,0.125,-0.7061,HIGH_KN,False
2025-10-20,SOBHA.NS,UP,TRAIN,RANGE,0.9567,1.0,HIGH,ALIGNED,0.0,-0.509,HIGH_KN,False
2025-10-20,GODREJPROP.NS,UP,TRAIN,RANGE,0.8726,0.625,HIGH,ALIGNED,0.375,0.0742,HIGH_KN,True
2025-10-20,CESC.NS,UP,TRAIN,RANGE,0.8637,1.0,HIGH,ALIGNED,0.0,0.776,HIGH_KN,True
2025-10-20,RADICO.NS,UP,TRAIN,RANGE,0.8493,0.75,HIGH,ALIGNED,0.25,1.4564,HIGH_KN,True
2025-10-20,ZYDUSWELL.NS,UP,TRAIN,RANGE,0.8238,0.875,HIGH,ALIGNED,0.125,4.1338,HIGH_KN,True
2025-10-20,NAVINFLUOR.NS,UP,TRAIN,RANGE,0.8072,1.0,HIGH,ALIGNED,0.0,0.6325,HIGH_KN,True
2025-10-20,SAPPHIRE.NS,UP,TRAIN,RANGE,0.795,0.5,MEDIUM,ALIGNED,0.5,2.7201,HIGH_KN,True
2025-10-20,PERSISTENT.NS,UP,TRAIN,RANGE,0.7743,0.875,HIGH,ALIGNED,0.125,-0.7631,HIGH_KN,False
2025-10-20,LAURUSLABS.NS,UP,TRAIN,RANGE,0.7714,0.875,HIGH,ALIGNED,0.125,0.353,HIGH_KN,True
2025-10-20,M&MFIN.NS,UP,TRAIN,RANGE,0.7671,0.75,HIGH,ALIGNED,0.25,1.1454,HIGH_KN,True
2025-10-20,SYMPHONY.NS,UP,TRAIN,RANGE,0.763,0.875,HIGH,ALIGNED,0.125,1.1902,HIGH_KN,True
2025-10-20,APOLLOTYRE.NS,UP,TRAIN,RANGE,0.7541,1.0,HIGH,ALIGNED,0.0,1.6075,HIGH_KN,True
2025-10-20,ENDURANCE.NS,UP,TRAIN,RANGE,0.7428,0.875,HIGH,ALIGNED,0.125,-0.5732,HIGH_KN,False
2025-10-20,ALKYLAMINE.NS,UP,TRAIN,RANGE,0.7418,0.375,MEDIUM,CONFLICT,0.625,0.4895,LOW_KN,True
2025-10-20,TATACONSUM.NS,UP,TRAIN,RANGE,0.7401,1.0,HIGH,ALIGNED,0.0,-0.153,HIGH_KN,False
2025-10-20,KALYANKJIL.NS,UP,TRAIN,RANGE,0.7397,0.875,HIGH,ALIGNED,0.125,-0.5658,HIGH_KN,False
2025-10-20,VOLTAS.NS,UP,TRAIN,RANGE,0.7363,0.875,HIGH,ALIGNED,0.125,0.7614,HIGH_KN,True
2025-10-20,YESBANK.NS,DOWN,TRAIN,RANGE,0.886,0.75,HIGH,ALIGNED,0.25,0.4859,HIGH_KN,False
2025-10-20,PFIZER.NS,DOWN,TRAIN,RANGE,0.8467,0.75,HIGH,ALIGNED,0.25,0.5071,HIGH_KN,False
2025-10-20,HINDZINC.NS,DOWN,TRAIN,RANGE,0.8216,0.75,HIGH,ALIGNED,0.25,-0.5243,HIGH_KN,True
2025-10-20,NOCIL.NS,DOWN,TRAIN,RANGE,0.8197,0.75,HIGH,ALIGNED,0.25,0.6286,HIGH_KN,False
2025-10-20,IGL.NS,DOWN,TRAIN,RANGE,0.8111,0.75,HIGH,ALIGNED,0.25,0.111,HIGH_KN,False
2025-10-20,JPPOWER.NS,DOWN,TRAIN,RANGE,0.8002,0.75,HIGH,ALIGNED,0.25,0.7271,HIGH_KN,False
2025-10-20,TEJASNET.NS,DOWN,TRAIN,RANGE,0.7865,0.75,HIGH,ALIGNED,0.25,1.6583,HIGH_KN,False
2025-10-20,AUROPHARMA.NS,DOWN,TRAIN,RANGE,0.7841,0.75,HIGH,ALIGNED,0.25,0.1001,HIGH_KN,False
2025-10-20,OFSS.NS,DOWN,TRAIN,RANGE,0.7839,0.875,HIGH,ALIGNED,0.125,0.4077,HIGH_KN,False
2025-10-20,INDIAMART.NS,DOWN,TRAIN,RANGE,0.7774,0.75,HIGH,ALIGNED,0.25,1.7989,HIGH_KN,False
2025-10-20,KEI.NS,DOWN,TRAIN,RANGE,0.7757,0.75,HIGH,ALIGNED,0.25,-0.041,HIGH_KN,True
2025-10-20,BSE.NS,DOWN,TRAIN,RANGE,0.765,0.5,MEDIUM,ALIGNED,0.5,-0.2526,HIGH_KN,True
2025-10-20,METROBRAND.NS,DOWN,TRAIN,RANGE,0.7577,0.75,HIGH,ALIGNED,0.25,0.4242,HIGH_KN,False
2025-10-20,SAIL.NS,DOWN,TRAIN,RANGE,0.7365,0.625,HIGH,ALIGNED,0.375,0.0847,HIGH_KN,False
2025-10-20,NATIONALUM.NS,DOWN,TRAIN,RANGE,0.7303,0.625,HIGH,ALIGNED,0.375,0.584,HIGH_KN,False
2025-10-20,NMDC.NS,DOWN,TRAIN,RANGE,0.7005,0.75,HIGH,ALIGNED,0.25,0.4918,HIGH_KN,False
2025-10-20,AMBER.NS,DOWN,TRAIN,RANGE,0.6954,0.625,HIGH,ALIGNED,0.375,0.0061,HIGH_KN,False
2025-10-20,JSWENERGY.NS,DOWN,TRAIN,RANGE,0.6954,0.875,HIGH,ALIGNED,0.125,0.5522,HIGH_KN,False
2025-10-20,ATUL.NS,DOWN,TRAIN,RANGE,0.6945,0.625,HIGH,ALIGNED,0.375,1.2665,HIGH_KN,False
2025-10-20,DIVISLAB.NS,DOWN,TRAIN,RANGE,0.6935,0.5,MEDIUM,ALIGNED,0.5,-0.2574,HIGH_KN,True
2025-10-21,WHIRLPOOL.NS,UP,TRAIN,RANGE,0.9856,0.875,HIGH,ALIGNED,0.125,0.136,HIGH_KN,True
2025-10-21,ZYDUSWELL.NS,UP,TRAIN,RANGE,0.9087,0.875,HIGH,ALIGNED,0.125,0.4706,HIGH_KN,True
2025-10-21,IDEA.NS,UP,TRAIN,RANGE,0.8856,0.875,HIGH,ALIGNED,0.125,5.7778,HIGH_KN,True
2025-10-21,RBLBANK.NS,UP,TRAIN,RANGE,0.8394,0.5,MEDIUM,ALIGNED,0.5,-2.0792,HIGH_KN,False
2025-10-21,SAPPHIRE.NS,UP,TRAIN,RANGE,0.8365,0.625,HIGH,ALIGNED,0.375,-1.5447,HIGH_KN,False
2025-10-21,GODREJPROP.NS,UP,TRAIN,RANGE,0.8308,0.5,MEDIUM,ALIGNED,0.5,-0.6409,HIGH_KN,False
2025-10-21,CESC.NS,UP,TRAIN,RANGE,0.8067,0.875,HIGH,ALIGNED,0.125,0.3601,HIGH_KN,True
2025-10-21,RADICO.NS,UP,TRAIN,RANGE,0.7827,0.625,HIGH,ALIGNED,0.375,-0.5693,HIGH_KN,False
2025-10-21,MRPL.NS,UP,TRAIN,RANGE,0.726,0.75,HIGH,ALIGNED,0.25,-2.9642,HIGH_KN,False
2025-10-21,APOLLOTYRE.NS,UP,TRAIN,RANGE,0.7154,0.75,HIGH,ALIGNED,0.25,-0.2329,HIGH_KN,False
2025-10-21,STLTECH.NS,UP,TRAIN,RANGE,0.701,0.5,MEDIUM,ALIGNED,0.5,-1.8844,HIGH_KN,False
2025-10-21,WELCORP.NS,UP,TRAIN,RANGE,0.6942,0.75,HIGH,ALIGNED,0.25,-0.6822,HIGH_KN,False
2025-10-21,ATUL.NS,UP,TRAIN,RANGE,0.6894,0.625,HIGH,ALIGNED,0.375,-1.0088,HIGH_KN,False
2025-10-21,SYMPHONY.NS,UP,TRAIN,RANGE,0.6817,0.875,HIGH,ALIGNED,0.125,-1.5593,HIGH_KN,False
2025-10-21,HFCL.NS,UP,TRAIN,RANGE,0.65,0.75,HIGH,ALIGNED,0.25,-0.6605,HIGH_KN,False
2025-10-21,IDFCFIRSTB.NS,UP,TRAIN,RANGE,0.6481,0.75,HIGH,ALIGNED,0.25,2.8527,HIGH_KN,True
2025-10-21,DATAPATTNS.NS,UP,TRAIN,RANGE,0.6413,0.875,HIGH,ALIGNED,0.125,-1.5517,HIGH_KN,False
2025-10-21,BAJAJFINSV.NS,UP,TRAIN,RANGE,0.6279,0.625,HIGH,ALIGNED,0.375,0.3458,HIGH_KN,True
2025-10-21,UNIONBANK.NS,UP,TRAIN,RANGE,0.6135,0.75,HIGH,ALIGNED,0.25,0.84,HIGH_KN,True
2025-10-21,CIPLA.NS,UP,TRAIN,RANGE,0.6087,0.75,HIGH,ALIGNED,0.25,-1.112,HIGH_KN,False
2025-10-21,TEJASNET.NS,DOWN,TRAIN,RANGE,0.7913,0.625,HIGH,ALIGNED,0.375,-1.6404,HIGH_KN,True
2025-10-21,HINDZINC.NS,DOWN,TRAIN,RANGE,0.7829,0.625,HIGH,ALIGNED,0.375,-0.3513,HIGH_KN,True
2025-10-21,INFY.NS,DOWN,TRAIN,RANGE,0.7288,0.375,MEDIUM,CONFLICT,0.625,3.8101,LOW_KN,False
2025-10-21,POLYCAB.NS,DOWN,TRAIN,RANGE,0.7128,0.625,HIGH,ALIGNED,0.375,-1.1374,HIGH_KN,True
2025-10-21,JSWENERGY.NS,DOWN,TRAIN,RANGE,0.6827,0.625,HIGH,ALIGNED,0.375,0.9847,HIGH_KN,False
2025-10-21,FINEORG.NS,DOWN,TRAIN,RANGE,0.6692,0.625,HIGH,ALIGNED,0.375,-0.8759,HIGH_KN,True
2025-10-21,ICICIBANK.NS,DOWN,TRAIN,RANGE,0.6577,0.75,HIGH,ALIGNED,0.25,-1.3242,HIGH_KN,True
2025-10-21,FEDERALBNK.NS,DOWN,TRAIN,RANGE,0.6553,0.5,MEDIUM,ALIGNED,0.5,0.1847,HIGH_KN,False
2025-10-21,MUTHOOTFIN.NS,DOWN,TRAIN,RANGE,0.6428,0.375,MEDIUM,CONFLICT,0.625,-2.8277,LOW_KN,True
2025-10-21,ROUTE.NS,DOWN,TRAIN,RANGE,0.5567,0.375,MEDIUM,CONFLICT,0.625,-1.1729,LOW_KN,True
2025-10-21,HFCL.NS,DOWN,TRAIN,RANGE,0.5537,0.375,MEDIUM,CONFLICT,0.625,-0.6605,LOW_KN,True
2025-10-21,RBLBANK.NS,DOWN,TRAIN,RANGE,0.5475,0.375,MEDIUM,CONFLICT,0.625,-2.0792,LOW_KN,True
2025-10-21,CANBK.NS,DOWN,TRAIN,RANGE,0.5474,0.5,MEDIUM,ALIGNED,0.5,-0.6923,HIGH_KN,True
2025-10-21,BASF.NS,DOWN,TRAIN,RANGE,0.5452,0.375,MEDIUM,CONFLICT,0.625,-1.6712,LOW_KN,True
2025-10-21,SUZLON.NS,DOWN,TRAIN,RANGE,0.5404,0.25,LOW,CONFLICT,0.75,0.646,LOW_KN,False
2025-10-21,PNB.NS,DOWN,TRAIN,RANGE,0.5349,0.375,MEDIUM,CONFLICT,0.625,0.4674,LOW_KN,False
2025-10-21,IDFCFIRSTB.NS,DOWN,TRAIN,RANGE,0.5212,0.375,MEDIUM,CONFLICT,0.625,2.8527,LOW_KN,False
2025-10-21,MANAPPURAM.NS,DOWN,TRAIN,RANGE,0.5096,0.375,MEDIUM,CONFLICT,0.625,-1.4505,LOW_KN,True
2025-10-21,MIDHANI.NS,DOWN,TRAIN,RANGE,0.5038,0.25,LOW,CONFLICT,0.75,-0.5757,LOW_KN,True
2025-10-21,PARAS.NS,DOWN,TRAIN,RANGE,0.5,0.25,LOW,CONFLICT,0.75,-1.3144,LOW_KN,True
2025-10-23,ZENSARTECH.NS,UP,TRAIN,RANGE,0.9473,1.0,HIGH,ALIGNED,0.0,0.4868,HIGH_KN,True
2025-10-23,ZYDUSWELL.NS,UP,TRAIN,RANGE,0.9348,1.0,HIGH,ALIGNED,0.0,-1.2424,HIGH_KN,False
2025-10-23,RADICO.NS,UP,TRAIN,RANGE,0.9229,0.625,HIGH,ALIGNED,0.375,-1.9279,HIGH_KN,False
2025-10-23,IDFCFIRSTB.NS,UP,TRAIN,RANGE,0.8886,0.75,HIGH,ALIGNED,0.25,-0.9625,HIGH_KN,False
2025-10-23,RATNAMANI.NS,UP,TRAIN,RANGE,0.8708,1.0,HIGH,ALIGNED,0.0,0.9505,HIGH_KN,True
2025-10-23,WHIRLPOOL.NS,UP,TRAIN,RANGE,0.857,0.875,HIGH,ALIGNED,0.125,-2.058,HIGH_KN,False
2025-10-23,BHARATFORG.NS,UP,TRAIN,RANGE,0.8401,1.0,HIGH,ALIGNED,0.0,-1.2461,HIGH_KN,False
2025-10-23,AXISBANK.NS,UP,TRAIN,RANGE,0.8304,0.75,HIGH,ALIGNED,0.25,-1.3425,HIGH_KN,False
2025-10-23,LAURUSLABS.NS,UP,TRAIN,RANGE,0.8297,1.0,HIGH,ALIGNED,0.0,-0.8562,HIGH_KN,False
2025-10-23,RBLBANK.NS,UP,TRAIN,RANGE,0.8203,0.75,HIGH,ALIGNED,0.25,-0.6134,HIGH_KN,False
2025-10-23,NAUKRI.NS,UP,TRAIN,RANGE,0.8128,1.0,HIGH,ALIGNED,0.0,-0.1449,HIGH_KN,False
2025-10-23,IDEA.NS,UP,TRAIN,RANGE,0.8029,0.875,HIGH,ALIGNED,0.125,1.0504,HIGH_KN,True
2025-10-23,GODREJPROP.NS,UP,TRAIN,RANGE,0.7865,0.75,HIGH,ALIGNED,0.25,0.3949,HIGH_KN,True
2025-10-23,WELCORP.NS,UP,TRAIN,RANGE,0.785,0.75,HIGH,ALIGNED,0.25,-1.2316,HIGH_KN,False
2025-10-23,APOLLOTYRE.NS,UP,TRAIN,RANGE,0.7836,0.875,HIGH,ALIGNED,0.125,-2.7532,HIGH_KN,False
2025-10-23,MASTEK.NS,UP,TRAIN,RANGE,0.7809,0.75,HIGH,ALIGNED,0.25,-2.3798,HIGH_KN,False
2025-10-23,RAJESHEXPO.NS,UP,TRAIN,RANGE,0.7785,0.75,HIGH,ALIGNED,0.25,-1.8563,HIGH_KN,False
2025-10-23,SAPPHIRE.NS,UP,TRAIN,RANGE,0.7756,0.5,MEDIUM,ALIGNED,0.5,-1.2414,HIGH_KN,False
2025-10-23,ENDURANCE.NS,UP,TRAIN,RANGE,0.7717,0.875,HIGH,ALIGNED,0.125,-1.7076,HIGH_KN,False
2025-10-23,ATUL.NS,UP,TRAIN,RANGE,0.7693,0.375,MEDIUM,CONFLICT,0.625,-0.6401,LOW_KN,False
2025-10-23,MAPMYINDIA.NS,DOWN,TRAIN,RANGE,0.9165,0.75,HIGH,ALIGNED,0.25,0.5355,HIGH_KN,False
2025-10-23,MOIL.NS,DOWN,TRAIN,RANGE,0.865,0.625,HIGH,ALIGNED,0.375,1.1636,HIGH_KN,False
2025-10-23,YESBANK.NS,DOWN,TRAIN,RANGE,0.8609,0.625,HIGH,ALIGNED,0.375,-0.2201,HIGH_KN,True
2025-10-23,KEI.NS,DOWN,TRAIN,RANGE,0.8514,0.75,HIGH,ALIGNED,0.25,1.0904,HIGH_KN,False
2025-10-23,TEJASNET.NS,DOWN,TRAIN,RANGE,0.8353,0.75,HIGH,ALIGNED,0.25,-0.176,HIGH_KN,True
2025-10-23,ICICIGI.NS,DOWN,TRAIN,RANGE,0.8196,0.75,HIGH,ALIGNED,0.25,0.7427,HIGH_KN,False
2025-10-23,HINDZINC.NS,DOWN,TRAIN,RANGE,0.7833,0.625,HIGH,ALIGNED,0.375,0.9437,HIGH_KN,False
2025-10-23,DIVISLAB.NS,DOWN,TRAIN,RANGE,0.7678,0.75,HIGH,ALIGNED,0.25,0.4189,HIGH_KN,False
2025-10-23,BSE.NS,DOWN,TRAIN,RANGE,0.765,0.375,MEDIUM,CONFLICT,0.625,-0.5025,LOW_KN,True
2025-10-23,NMDC.NS,DOWN,TRAIN,RANGE,0.7582,0.625,HIGH,ALIGNED,0.375,0.0,HIGH_KN,False
2025-10-23,MUTHOOTFIN.NS,DOWN,TRAIN,RANGE,0.7572,0.75,HIGH,ALIGNED,0.25,-0.5971,HIGH_KN,True
2025-10-23,GRANULES.NS,DOWN,TRAIN,RANGE,0.7548,0.625,HIGH,ALIGNED,0.375,1.3282,HIGH_KN,False
2025-10-23,NOCIL.NS,DOWN,TRAIN,RANGE,0.7461,0.375,MEDIUM,CONFLICT,0.625,3.4199,LOW_KN,False
2025-10-23,POLYCAB.NS,DOWN,TRAIN,RANGE,0.7343,0.5,MEDIUM,ALIGNED,0.5,-0.0732,HIGH_KN,True
2025-10-23,CHOLAFIN.NS,DOWN,TRAIN,RANGE,0.7336,0.5,MEDIUM,ALIGNED,0.5,2.9026,HIGH_KN,False
2025-10-23,WIPRO.NS,DOWN,TRAIN,RANGE,0.7261,0.5,MEDIUM,ALIGNED,0.5,-0.5403,HIGH_KN,True
2025-10-23,JSWENERGY.NS,DOWN,TRAIN,RANGE,0.7171,0.625,HIGH,ALIGNED,0.375,-0.4032,HIGH_KN,True
2025-10-23,AUROPHARMA.NS,DOWN,TRAIN,RANGE,0.7167,0.75,HIGH,ALIGNED,0.25,-1.2829,HIGH_KN,True
2025-10-23,HFCL.NS,DOWN,TRAIN,RANGE,0.7092,0.625,HIGH,ALIGNED,0.375,1.3559,HIGH_KN,False
2025-10-23,HDFCLIFE.NS,DOWN,TRAIN,RANGE,0.7056,0.625,HIGH,ALIGNED,0.375,-1.1699,HIGH_KN,True
2025-10-24,IDEA.NS,UP,TRAIN,RANGE,0.9671,1.0,HIGH,ALIGNED,0.0,3.6383,HIGH_KN,True
2025-10-24,IDEAFORGE.NS,UP,TRAIN,RANGE,0.9424,0.875,HIGH,ALIGNED,0.125,0.3332,HIGH_KN,True
2025-10-24,RATNAMANI.NS,UP,TRAIN,RANGE,0.9278,1.0,HIGH,ALIGNED,0.0,5.1212,HIGH_KN,True
2025-10-24,PARAS.NS,UP,TRAIN,RANGE,0.9159,1.0,HIGH,ALIGNED,0.0,-0.1241,HIGH_KN,False
2025-10-24,CESC.NS,UP,TRAIN,RANGE,0.9037,1.0,HIGH,ALIGNED,0.0,-2.4533,HIGH_KN,False
2025-10-24,NATIONALUM.NS,UP,TRAIN,RANGE,0.9022,1.0,HIGH,ALIGNED,0.0,0.7497,HIGH_KN,True
2025-10-24,RADICO.NS,UP,TRAIN,RANGE,0.8949,0.625,HIGH,ALIGNED,0.375,-0.1863,HIGH_KN,False
2025-10-24,LAURUSLABS.NS,UP,TRAIN,RANGE,0.8937,0.875,HIGH,ALIGNED,0.125,1.4842,HIGH_KN,True
2025-10-24,ZENSARTECH.NS,UP,TRAIN,RANGE,0.8812,0.875,HIGH,ALIGNED,0.125,0.3665,HIGH_KN,True
2025-10-24,STLTECH.NS,UP,TRAIN,RANGE,0.879,1.0,HIGH,ALIGNED,0.0,-0.3664,HIGH_KN,False
2025-10-24,INTELLECT.NS,UP,TRAIN,RANGE,0.8707,0.875,HIGH,ALIGNED,0.125,4.6896,HIGH_KN,True
2025-10-24,PNBHOUSING.NS,UP,TRAIN,RANGE,0.8666,1.0,HIGH,ALIGNED,0.0,2.2374,HIGH_KN,True
2025-10-24,BDL.NS,UP,TRAIN,RANGE,0.8424,1.0,HIGH,ALIGNED,0.0,-0.4016,HIGH_KN,False
2025-10-24,IDFCFIRSTB.NS,UP,TRAIN,RANGE,0.8415,0.75,HIGH,ALIGNED,0.25,-0.2174,HIGH_KN,False
2025-10-24,FEDERALBNK.NS,UP,TRAIN,RANGE,0.8402,0.625,HIGH,ALIGNED,0.375,2.92,HIGH_KN,True
2025-10-24,NOCIL.NS,UP,TRAIN,RANGE,0.8132,1.0,HIGH,ALIGNED,0.0,-0.7803,HIGH_KN,False
2025-10-24,VEDL.NS,UP,TRAIN,RANGE,0.808,1.0,HIGH,ALIGNED,0.0,1.9471,HIGH_KN,True
2025-10-24,SHRIRAMFIN.NS,UP,TRAIN,RANGE,0.8039,0.625,HIGH,ALIGNED,0.375,0.5801,HIGH_KN,True
2025-10-24,NAUKRI.NS,UP,TRAIN,RANGE,0.8015,0.875,HIGH,ALIGNED,0.125,-0.9508,HIGH_KN,False
2025-10-24,CHOLAFIN.NS,UP,TRAIN,RANGE,0.7939,0.875,HIGH,ALIGNED,0.125,-0.0692,HIGH_KN,False
2025-10-24,TATACOMM.NS,DOWN,TRAIN,RANGE,0.9286,0.625,HIGH,ALIGNED,0.375,2.3892,HIGH_KN,False
2025-10-24,BSE.NS,DOWN,TRAIN,RANGE,0.8633,0.75,HIGH,ALIGNED,0.25,1.4222,HIGH_KN,False
2025-10-24,TEJASNET.NS,DOWN,TRAIN,RANGE,0.8451,0.75,HIGH,ALIGNED,0.25,1.021,HIGH_KN,False
2025-10-24,YESBANK.NS,DOWN,TRAIN,RANGE,0.8205,0.625,HIGH,ALIGNED,0.375,0.4411,HIGH_KN,False
2025-10-24,MUTHOOTFIN.NS,DOWN,TRAIN,RANGE,0.7928,0.75,HIGH,ALIGNED,0.25,-0.5438,HIGH_KN,True
2025-10-24,MASTEK.NS,DOWN,TRAIN,RANGE,0.7746,0.625,HIGH,ALIGNED,0.375,4.0017,HIGH_KN,False
2025-10-24,TORNTPOWER.NS,DOWN,TRAIN,RANGE,0.7742,0.625,HIGH,ALIGNED,0.375,-0.3092,HIGH_KN,True
2025-10-24,PERSISTENT.NS,DOWN,TRAIN,RANGE,0.7739,0.75,HIGH,ALIGNED,0.25,0.8943,HIGH_KN,False
2025-10-24,WIPRO.NS,DOWN,TRAIN,RANGE,0.77,0.625,HIGH,ALIGNED,0.375,0.3827,HIGH_KN,False
2025-10-24,ICICIGI.NS,DOWN,TRAIN,RANGE,0.7605,0.625,HIGH,ALIGNED,0.375,-0.3761,HIGH_KN,True
2025-10-24,JSWENERGY.NS,DOWN,TRAIN,RANGE,0.7532,0.625,HIGH,ALIGNED,0.375,-0.3389,HIGH_KN,True
2025-10-24,CRAFTSMAN.NS,DOWN,TRAIN,RANGE,0.7466,0.75,HIGH,ALIGNED,0.25,-0.5906,HIGH_KN,True
2025-10-24,MOTHERSON.NS,DOWN,TRAIN,RANGE,0.7274,0.5,MEDIUM,ALIGNED,0.5,0.64,HIGH_KN,False
2025-10-24,ADANIPORTS.NS,DOWN,TRAIN,RANGE,0.7258,0.625,HIGH,ALIGNED,0.375,-0.5878,HIGH_KN,True
2025-10-24,SRF.NS,DOWN,TRAIN,RANGE,0.7176,0.625,HIGH,ALIGNED,0.375,-2.0312,HIGH_KN,True
2025-10-24,HINDZINC.NS,DOWN,TRAIN,RANGE,0.7103,0.375,MEDIUM,CONFLICT,0.625,-0.904,LOW_KN,True
2025-10-24,DIVISLAB.NS,DOWN,TRAIN,RANGE,0.7097,0.625,HIGH,ALIGNED,0.375,-1.5623,HIGH_KN,True
2025-10-24,METROBRAND.NS,DOWN,TRAIN,RANGE,0.7071,0.875,HIGH,ALIGNED,0.125,3.6167,HIGH_KN,False
2025-10-24,ALKYLAMINE.NS,DOWN,TRAIN,RANGE,0.7027,0.75,HIGH,ALIGNED,0.25,1.7581,HIGH_KN,False
2025-10-24,NESTLEIND.NS,DOWN,TRAIN,RANGE,0.6947,0.5,MEDIUM,ALIGNED,0.5,0.078,HIGH_KN,False
2025-10-27,INTELLECT.NS,UP,TRAIN,RANGE,0.9796,1.0,HIGH,ALIGNED,0.0,-1.9765,HIGH_KN,False
2025-10-27,RATNAMANI.NS,UP,TRAIN,RANGE,0.9569,1.0,HIGH,ALIGNED,0.0,-3.1037,HIGH_KN,False
2025-10-27,MRPL.NS,UP,TRAIN,RANGE,0.9433,0.875,HIGH,ALIGNED,0.125,2.124,HIGH_KN,True
2025-10-27,MASTEK.NS,UP,TRAIN,RANGE,0.9128,0.875,HIGH,ALIGNED,0.125,-1.5082,HIGH_KN,False
2025-10-27,CESC.NS,UP,TRAIN,RANGE,0.9052,0.75,HIGH,ALIGNED,0.25,-0.7662,HIGH_KN,False
2025-10-27,WELCORP.NS,UP,TRAIN,RANGE,0.9049,1.0,HIGH,ALIGNED,0.0,1.5291,HIGH_KN,True
2025-10-27,FEDERALBNK.NS,UP,TRAIN,RANGE,0.8951,0.75,HIGH,ALIGNED,0.25,0.7435,HIGH_KN,True
2025-10-27,INDIAMART.NS,UP,TRAIN,RANGE,0.8761,1.0,HIGH,ALIGNED,0.0,1.0305,HIGH_KN,True
2025-10-27,COFORGE.NS,UP,TRAIN,RANGE,0.8739,1.0,HIGH,ALIGNED,0.0,-1.1362,HIGH_KN,False
2025-10-27,PNBHOUSING.NS,UP,TRAIN,RANGE,0.8734,0.875,HIGH,ALIGNED,0.125,0.6361,HIGH_KN,True
2025-10-27,RBLBANK.NS,UP,TRAIN,RANGE,0.87,0.5,MEDIUM,ALIGNED,0.5,0.9471,HIGH_KN,True
2025-10-27,POLICYBZR.NS,UP,TRAIN,RANGE,0.8549,0.875,HIGH,ALIGNED,0.125,1.4634,HIGH_KN,True
2025-10-27,UNIONBANK.NS,UP,TRAIN,RANGE,0.8392,1.0,HIGH,ALIGNED,0.0,1.4556,HIGH_KN,True
2025-10-27,COROMANDEL.NS,UP,TRAIN,RANGE,0.8271,0.875,HIGH,ALIGNED,0.125,-0.1693,HIGH_KN,False
2025-10-27,STLTECH.NS,UP,TRAIN,RANGE,0.8207,0.75,HIGH,ALIGNED,0.25,-2.5157,HIGH_KN,False
2025-10-27,IDEAFORGE.NS,UP,TRAIN,RANGE,0.8091,0.625,HIGH,ALIGNED,0.375,-1.4792,HIGH_KN,False
2025-10-27,LAURUSLABS.NS,UP,TRAIN,RANGE,0.8069,1.0,HIGH,ALIGNED,0.0,2.0741,HIGH_KN,True
2025-10-27,ONMOBILE.NS,UP,TRAIN,RANGE,0.8042,0.5,MEDIUM,ALIGNED,0.5,-0.0542,HIGH_KN,False
2025-10-27,VEDL.NS,UP,TRAIN,RANGE,0.8025,0.75,HIGH,ALIGNED,0.25,-0.5542,HIGH_KN,False
2025-10-27,ZYDUSWELL.NS,UP,TRAIN,RANGE,0.8002,0.875,HIGH,ALIGNED,0.125,0.9092,HIGH_KN,True
2025-10-27,NAVINFLUOR.NS,DOWN,TRAIN,RANGE,0.8162,0.875,HIGH,ALIGNED,0.125,-0.965,HIGH_KN,True
2025-10-27,TEJASNET.NS,DOWN,TRAIN,RANGE,0.8155,0.625,HIGH,ALIGNED,0.375,-0.0643,HIGH_KN,True
2025-10-27,MUTHOOTFIN.NS,DOWN,TRAIN,RANGE,0.8102,0.75,HIGH,ALIGNED,0.25,1.1475,HIGH_KN,False
2025-10-27,ICICIGI.NS,DOWN,TRAIN,RANGE,0.79,0.75,HIGH,ALIGNED,0.25,1.6412,HIGH_KN,False
2025-10-27,WHIRLPOOL.NS,DOWN,TRAIN,RANGE,0.7877,0.5,MEDIUM,ALIGNED,0.5,-0.7188,HIGH_KN,True
2025-10-27,NESTLEIND.NS,DOWN,TRAIN,RANGE,0.7858,0.75,HIGH,ALIGNED,0.25,-0.9353,HIGH_KN,True
2025-10-27,DIVISLAB.NS,DOWN,TRAIN,RANGE,0.77,0.75,HIGH,ALIGNED,0.25,-0.7935,HIGH_KN,True
2025-10-27,SAPPHIRE.NS,DOWN,TRAIN,RANGE,0.7692,0.875,HIGH,ALIGNED,0.125,-1.5477,HIGH_KN,True
2025-10-27,SRF.NS,DOWN,TRAIN,RANGE,0.7655,0.75,HIGH,ALIGNED,0.25,0.2749,HIGH_KN,False
2025-10-27,CRAFTSMAN.NS,DOWN,TRAIN,RANGE,0.7623,0.75,HIGH,ALIGNED,0.25,-0.5169,HIGH_KN,True
2025-10-27,EXIDEIND.NS,DOWN,TRAIN,RANGE,0.7493,0.75,HIGH,ALIGNED,0.25,0.1974,HIGH_KN,False
2025-10-27,COLPAL.NS,DOWN,TRAIN,RANGE,0.748,0.875,HIGH,ALIGNED,0.125,0.7309,HIGH_KN,False
2025-10-27,HINDZINC.NS,DOWN,TRAIN,RANGE,0.7377,0.625,HIGH,ALIGNED,0.375,-2.3015,HIGH_KN,True
2025-10-27,TATACOMM.NS,DOWN,TRAIN,RANGE,0.7374,0.375,MEDIUM,CONFLICT,0.625,-1.7823,LOW_KN,True
2025-10-27,ADANIPORTS.NS,DOWN,TRAIN,RANGE,0.7323,0.75,HIGH,ALIGNED,0.25,-0.1901,HIGH_KN,True
2025-10-27,JSWENERGY.NS,DOWN,TRAIN,RANGE,0.7303,0.625,HIGH,ALIGNED,0.375,1.3224,HIGH_KN,False
2025-10-27,BRITANNIA.NS,DOWN,TRAIN,RANGE,0.7239,0.875,HIGH,ALIGNED,0.125,-0.8627,HIGH_KN,True
2025-10-27,ICICIBANK.NS,DOWN,TRAIN,RANGE,0.7192,0.75,HIGH,ALIGNED,0.25,-1.0526,HIGH_KN,True
2025-10-27,HINDUNILVR.NS,DOWN,TRAIN,RANGE,0.703,0.875,HIGH,ALIGNED,0.125,-0.5852,HIGH_KN,True
2025-10-27,BSE.NS,DOWN,TRAIN,RANGE,0.6887,0.375,MEDIUM,CONFLICT,0.625,-3.6053,LOW_KN,True
2025-10-28,WELCORP.NS,UP,TRAIN,BULL,0.9347,1.0,HIGH,ALIGNED,0.0,2.3184,HIGH_KN,True
2025-10-28,DEEPAKFERT.NS,UP,TRAIN,BULL,0.933,1.0,HIGH,ALIGNED,0.0,-1.0465,HIGH_KN,False
2025-10-28,PNBHOUSING.NS,UP,TRAIN,BULL,0.9117,0.875,HIGH,ALIGNED,0.125,0.5303,HIGH_KN,True
2025-10-28,OLECTRA.NS,UP,TRAIN,BULL,0.8913,0.75,HIGH,ALIGNED,0.25,2.0531,HIGH_KN,True
2025-10-28,POLICYBZR.NS,UP,TRAIN,BULL,0.8728,1.0,HIGH,ALIGNED,0.0,-2.907,HIGH_KN,False
2025-10-28,RATNAMANI.NS,UP,TRAIN,BULL,0.8694,0.625,HIGH,ALIGNED,0.375,-2.2788,HIGH_KN,False
2025-10-28,INTELLECT.NS,UP,TRAIN,BULL,0.8667,0.75,HIGH,ALIGNED,0.25,0.4687,HIGH_KN,True
2025-10-28,JINDALSTEL.NS,UP,TRAIN,BULL,0.8561,1.0,HIGH,ALIGNED,0.0,-0.2701,HIGH_KN,False
2025-10-28,SUZLON.NS,UP,TRAIN,BULL,0.849,1.0,HIGH,ALIGNED,0.0,3.5041,HIGH_KN,True
2025-10-28,INDIAMART.NS,UP,TRAIN,BULL,0.8359,0.875,HIGH,ALIGNED,0.125,0.133,HIGH_KN,True
2025-10-28,SAIL.NS,UP,TRAIN,BULL,0.8308,0.875,HIGH,ALIGNED,0.125,6.3484,HIGH_KN,True
2025-10-28,NAUKRI.NS,UP,TRAIN,BULL,0.8289,1.0,HIGH,ALIGNED,0.0,0.2454,HIGH_KN,True
2025-10-28,INDUSINDBK.NS,UP,TRAIN,BULL,0.8167,1.0,HIGH,ALIGNED,0.0,0.9628,HIGH_KN,True
2025-10-28,UNIONBANK.NS,UP,TRAIN,BULL,0.8107,1.0,HIGH,ALIGNED,0.0,-0.646,HIGH_KN,False
2025-10-28,TATASTEEL.NS,UP,TRAIN,BULL,0.8075,1.0,HIGH,ALIGNED,0.0,1.8591,HIGH_KN,True
2025-10-28,IDEA.NS,UP,TRAIN,BULL,0.8024,0.625,HIGH,ALIGNED,0.375,-0.8475,HIGH_KN,False
2025-10-28,MASTEK.NS,UP,TRAIN,BULL,0.7903,0.375,MEDIUM,CONFLICT,0.625,0.3598,LOW_KN,True
2025-10-28,HINDALCO.NS,UP,TRAIN,BULL,0.79,0.75,HIGH,ALIGNED,0.25,0.8599,HIGH_KN,True
2025-10-28,ZYDUSWELL.NS,UP,TRAIN,BULL,0.7871,0.875,HIGH,ALIGNED,0.125,-0.0911,HIGH_KN,False
2025-10-28,AMBER.NS,UP,TRAIN,BULL,0.7755,0.875,HIGH,ALIGNED,0.125,-2.5098,HIGH_KN,False
2025-10-28,RADICO.NS,DOWN,TRAIN,BULL,0.8515,0.75,HIGH,ALIGNED,0.25,-0.759,HIGH_KN,True
2025-10-28,NAVINFLUOR.NS,DOWN,TRAIN,BULL,0.8498,0.75,HIGH,ALIGNED,0.25,-0.4002,HIGH_KN,True
2025-10-28,RBLBANK.NS,DOWN,TRAIN,BULL,0.8375,0.5,MEDIUM,ALIGNED,0.5,-0.4614,HIGH_KN,True
2025-10-28,MUTHOOTFIN.NS,DOWN,TRAIN,BULL,0.8324,0.75,HIGH,ALIGNED,0.25,0.0377,HIGH_KN,False
2025-10-28,CIPLA.NS,DOWN,TRAIN,BULL,0.7947,0.625,HIGH,ALIGNED,0.375,0.829,HIGH_KN,False
2025-10-28,SRF.NS,DOWN,TRAIN,BULL,0.7854,0.625,HIGH,ALIGNED,0.375,0.0033,HIGH_KN,False
2025-10-28,NESTLEIND.NS,DOWN,TRAIN,BULL,0.7829,0.75,HIGH,ALIGNED,0.25,0.1574,HIGH_KN,False
2025-10-28,SAPPHIRE.NS,DOWN,TRAIN,BULL,0.7816,0.875,HIGH,ALIGNED,0.125,4.1265,HIGH_KN,False
2025-10-28,BATAINDIA.NS,DOWN,TRAIN,BULL,0.7757,0.75,HIGH,ALIGNED,0.25,-2.1798,HIGH_KN,True
2025-10-28,CRAFTSMAN.NS,DOWN,TRAIN,BULL,0.7612,0.75,HIGH,ALIGNED,0.25,0.38,HIGH_KN,False
2025-10-28,BSE.NS,DOWN,TRAIN,BULL,0.7556,0.75,HIGH,ALIGNED,0.25,1.1406,HIGH_KN,False
2025-10-28,GODREJPROP.NS,DOWN,TRAIN,BULL,0.7322,0.5,MEDIUM,ALIGNED,0.5,0.6401,HIGH_KN,False
2025-10-28,PERSISTENT.NS,DOWN,TRAIN,BULL,0.7272,0.75,HIGH,ALIGNED,0.25,1.1018,HIGH_KN,False
2025-10-28,APOLLOTYRE.NS,DOWN,TRAIN,BULL,0.719,0.75,HIGH,ALIGNED,0.25,0.2081,HIGH_KN,False
2025-10-28,POLYCAB.NS,DOWN,TRAIN,BULL,0.7187,0.75,HIGH,ALIGNED,0.25,3.0027,HIGH_KN,False
2025-10-28,CESC.NS,DOWN,TRAIN,BULL,0.7134,0.75,HIGH,ALIGNED,0.25,1.6057,HIGH_KN,False
2025-10-28,ADANIPORTS.NS,DOWN,TRAIN,BULL,0.7112,0.625,HIGH,ALIGNED,0.375,2.6024,HIGH_KN,False
2025-10-28,EXIDEIND.NS,DOWN,TRAIN,BULL,0.7017,0.75,HIGH,ALIGNED,0.25,1.0244,HIGH_KN,False
2025-10-28,WHIRLPOOL.NS,DOWN,TRAIN,BULL,0.6994,0.625,HIGH,ALIGNED,0.375,2.172,HIGH_KN,False
2025-10-28,ICICIGI.NS,DOWN,TRAIN,BULL,0.6964,0.375,MEDIUM,CONFLICT,0.625,0.5399,LOW_KN,False
2025-10-29,SAIL.NS,UP,TRAIN,BULL,0.9632,1.0,HIGH,ALIGNED,0.0,-2.4902,HIGH_KN,False
2025-10-29,ADANIGREEN.NS,UP,TRAIN,BULL,0.9288,1.0,HIGH,ALIGNED,0.0,2.4717,HIGH_KN,True
2025-10-29,OLECTRA.NS,UP,TRAIN,BULL,0.912,1.0,HIGH,ALIGNED,0.0,0.3277,HIGH_KN,True
2025-10-29,VBL.NS,UP,TRAIN,BULL,0.9095,1.0,HIGH,ALIGNED,0.0,-2.0587,HIGH_KN,False
2025-10-29,STLTECH.NS,UP,TRAIN,BULL,0.8951,1.0,HIGH,ALIGNED,0.0,-1.4864,HIGH_KN,False
2025-10-29,SUZLON.NS,UP,TRAIN,BULL,0.8876,1.0,HIGH,ALIGNED,0.0,0.5499,HIGH_KN,True
2025-10-29,MRPL.NS,UP,TRAIN,BULL,0.8802,0.75,HIGH,ALIGNED,0.25,1.9822,HIGH_KN,True
2025-10-29,M&MFIN.NS,UP,TRAIN,BULL,0.8761,0.75,HIGH,ALIGNED,0.25,-0.5513,HIGH_KN,False
2025-10-29,IDEAFORGE.NS,UP,TRAIN,BULL,0.8741,1.0,HIGH,ALIGNED,0.0,-2.6134,HIGH_KN,False
2025-10-29,INTELLECT.NS,UP,TRAIN,BULL,0.8737,0.75,HIGH,ALIGNED,0.25,1.7349,HIGH_KN,True
2025-10-29,VEDL.NS,UP,TRAIN,BULL,0.8722,0.75,HIGH,ALIGNED,0.25,-1.7919,HIGH_KN,False
2025-10-29,WELCORP.NS,UP,TRAIN,BULL,0.8666,1.0,HIGH,ALIGNED,0.0,2.117,HIGH_KN,True
2025-10-29,JINDALSTEL.NS,UP,TRAIN,BULL,0.8549,0.875,HIGH,ALIGNED,0.125,-0.0374,HIGH_KN,False
2025-10-29,POLICYBZR.NS,UP,TRAIN,BULL,0.8322,0.75,HIGH,ALIGNED,0.25,7.0268,HIGH_KN,True
2025-10-29,TATASTEEL.NS,UP,TRAIN,BULL,0.8251,0.875,HIGH,ALIGNED,0.125,-0.4536,HIGH_KN,False
2025-10-29,IOC.NS,UP,TRAIN,BULL,0.8239,0.75,HIGH,ALIGNED,0.25,0.2575,HIGH_KN,True
2025-10-29,ADANIENSOL.NS,UP,TRAIN,BULL,0.8102,1.0,HIGH,ALIGNED,0.0,-0.1964,HIGH_KN,False
2025-10-29,MPHASIS.NS,UP,TRAIN,BULL,0.8071,1.0,HIGH,ALIGNED,0.0,0.6644,HIGH_KN,True
2025-10-29,COROMANDEL.NS,UP,TRAIN,BULL,0.8046,0.75,HIGH,ALIGNED,0.25,-3.566,HIGH_KN,False
2025-10-29,DEEPAKFERT.NS,UP,TRAIN,BULL,0.7959,0.625,HIGH,ALIGNED,0.375,-1.1506,HIGH_KN,False
2025-10-29,RADICO.NS,DOWN,TRAIN,BULL,0.8888,0.875,HIGH,ALIGNED,0.125,-0.6131,HIGH_KN,True
2025-10-29,NAVINFLUOR.NS,DOWN,TRAIN,BULL,0.8353,0.625,HIGH,ALIGNED,0.375,-0.0241,HIGH_KN,True
2025-10-29,CIPLA.NS,DOWN,TRAIN,BULL,0.8085,0.5,MEDIUM,ALIGNED,0.5,-2.5931,HIGH_KN,True
2025-10-29,BATAINDIA.NS,DOWN,TRAIN,BULL,0.8017,0.75,HIGH,ALIGNED,0.25,-0.4643,HIGH_KN,True
2025-10-29,APOLLOTYRE.NS,DOWN,TRAIN,BULL,0.8001,0.625,HIGH,ALIGNED,0.375,-0.5044,HIGH_KN,True
2025-10-29,RBLBANK.NS,DOWN,TRAIN,BULL,0.795,0.625,HIGH,ALIGNED,0.375,0.4172,HIGH_KN,False
2025-10-29,MUTHOOTFIN.NS,DOWN,TRAIN,BULL,0.7779,0.625,HIGH,ALIGNED,0.375,0.2576,HIGH_KN,False
2025-10-29,SAPPHIRE.NS,DOWN,TRAIN,BULL,0.7732,0.5,MEDIUM,ALIGNED,0.5,3.414,HIGH_KN,False
2025-10-29,WHIRLPOOL.NS,DOWN,TRAIN,BULL,0.7684,0.375,MEDIUM,CONFLICT,0.625,0.6874,LOW_KN,False
2025-10-29,CRAFTSMAN.NS,DOWN,TRAIN,BULL,0.7678,0.75,HIGH,ALIGNED,0.25,2.8201,HIGH_KN,False
2025-10-29,BOSCHLTD.NS,DOWN,TRAIN,BULL,0.7661,0.875,HIGH,ALIGNED,0.125,-0.4548,HIGH_KN,True
2025-10-29,NESTLEIND.NS,DOWN,TRAIN,BULL,0.7635,0.75,HIGH,ALIGNED,0.25,0.542,HIGH_KN,False
2025-10-29,SRF.NS,DOWN,TRAIN,BULL,0.7537,0.625,HIGH,ALIGNED,0.375,-1.5424,HIGH_KN,True
2025-10-29,TVSMOTOR.NS,DOWN,TRAIN,BULL,0.7461,0.875,HIGH,ALIGNED,0.125,-0.2058,HIGH_KN,True
2025-10-29,GODREJPROP.NS,DOWN,TRAIN,BULL,0.7456,0.5,MEDIUM,ALIGNED,0.5,-0.5365,HIGH_KN,True
2025-10-29,DRREDDY.NS,DOWN,TRAIN,BULL,0.7293,0.875,HIGH,ALIGNED,0.125,-3.8932,HIGH_KN,True
2025-10-29,VOLTAS.NS,DOWN,TRAIN,BULL,0.7227,0.625,HIGH,ALIGNED,0.375,0.0705,HIGH_KN,False
2025-10-29,CESC.NS,DOWN,TRAIN,BULL,0.7109,0.625,HIGH,ALIGNED,0.375,-0.8645,HIGH_KN,True
2025-10-29,ENDURANCE.NS,DOWN,TRAIN,BULL,0.71,0.625,HIGH,ALIGNED,0.375,0.4225,HIGH_KN,False
2025-10-29,NATCOPHARM.NS,DOWN,TRAIN,BULL,0.7085,0.5,MEDIUM,ALIGNED,0.5,0.6279,HIGH_KN,False
2025-10-30,MRPL.NS,UP,TRAIN,BULL,0.9792,0.75,HIGH,ALIGNED,0.25,2.3496,HIGH_KN,True
2025-10-30,POLICYBZR.NS,UP,TRAIN,BULL,0.9635,1.0,HIGH,ALIGNED,0.0,-3.2041,HIGH_KN,False
2025-10-30,ADANIGREEN.NS,UP,TRAIN,BULL,0.9476,1.0,HIGH,ALIGNED,0.0,-0.0088,HIGH_KN,False
2025-10-30,INTELLECT.NS,UP,TRAIN,BULL,0.9464,1.0,HIGH,ALIGNED,0.0,8.2876,HIGH_KN,True
2025-10-30,WELCORP.NS,UP,TRAIN,BULL,0.9362,1.0,HIGH,ALIGNED,0.0,4.2758,HIGH_KN,True
2025-10-30,OLECTRA.NS,UP,TRAIN,BULL,0.9133,1.0,HIGH,ALIGNED,0.0,1.143,HIGH_KN,True
2025-10-30,SAIL.NS,UP,TRAIN,BULL,0.8896,0.875,HIGH,ALIGNED,0.125,-0.1459,HIGH_KN,False
2025-10-30,SAPPHIRE.NS,UP,TRAIN,BULL,0.8754,1.0,HIGH,ALIGNED,0.0,-5.0929,HIGH_KN,False
2025-10-30,M&MFIN.NS,UP,TRAIN,BULL,0.8691,0.75,HIGH,ALIGNED,0.25,-0.0475,HIGH_KN,False
2025-10-30,CANBK.NS,UP,TRAIN,BULL,0.8643,1.0,HIGH,ALIGNED,0.0,3.0853,HIGH_KN,True
2025-10-30,CENTUM.NS,UP,TRAIN,BULL,0.8604,0.75,HIGH,ALIGNED,0.25,-2.2333,HIGH_KN,False
2025-10-30,IOC.NS,UP,TRAIN,BULL,0.8575,0.75,HIGH,ALIGNED,0.25,1.4617,HIGH_KN,True
2025-10-30,BPCL.NS,UP,TRAIN,BULL,0.8486,1.0,HIGH,ALIGNED,0.0,-0.2237,HIGH_KN,False
2025-10-30,IDEAFORGE.NS,UP,TRAIN,BULL,0.8454,0.5,MEDIUM,ALIGNED,0.5,-0.7403,HIGH_KN,False
2025-10-30,POLYCAB.NS,UP,TRAIN,BULL,0.8386,1.0,HIGH,ALIGNED,0.0,-1.7973,HIGH_KN,False
2025-10-30,STLTECH.NS,UP,TRAIN,BULL,0.8367,0.75,HIGH,ALIGNED,0.25,-3.1495,HIGH_KN,False
2025-10-30,SUZLON.NS,UP,TRAIN,BULL,0.8341,1.0,HIGH,ALIGNED,0.0,1.3502,HIGH_KN,True
2025-10-30,VBL.NS,UP,TRAIN,BULL,0.8034,0.75,HIGH,ALIGNED,0.25,-3.2148,HIGH_KN,False
2025-10-30,OIL.NS,UP,TRAIN,BULL,0.7865,1.0,HIGH,ALIGNED,0.0,-0.322,HIGH_KN,False
2025-10-30,PNBHOUSING.NS,UP,TRAIN,BULL,0.7816,0.75,HIGH,ALIGNED,0.25,-0.626,HIGH_KN,False
2025-10-30,RADICO.NS,DOWN,TRAIN,BULL,0.8729,0.75,HIGH,ALIGNED,0.25,-0.4198,HIGH_KN,True
2025-10-30,CIPLA.NS,DOWN,TRAIN,BULL,0.8461,0.875,HIGH,ALIGNED,0.125,-2.5193,HIGH_KN,True
2025-10-30,DRREDDY.NS,DOWN,TRAIN,BULL,0.8396,0.75,HIGH,ALIGNED,0.25,-0.3826,HIGH_KN,True
2025-10-30,APOLLOTYRE.NS,DOWN,TRAIN,BULL,0.7803,0.75,HIGH,ALIGNED,0.25,-0.2982,HIGH_KN,True
2025-10-30,BATAINDIA.NS,DOWN,TRAIN,BULL,0.7686,0.875,HIGH,ALIGNED,0.125,-0.1306,HIGH_KN,True
2025-10-30,BOSCHLTD.NS,DOWN,TRAIN,BULL,0.7551,0.875,HIGH,ALIGNED,0.125,0.0941,HIGH_KN,False
2025-10-30,ZYDUSWELL.NS,DOWN,TRAIN,BULL,0.7464,0.625,HIGH,ALIGNED,0.375,-2.296,HIGH_KN,True
2025-10-30,NAVINFLUOR.NS,DOWN,TRAIN,BULL,0.7349,0.625,HIGH,ALIGNED,0.375,14.2783,HIGH_KN,False
2025-10-30,HFCL.NS,DOWN,TRAIN,BULL,0.7343,0.75,HIGH,ALIGNED,0.25,-1.5535,HIGH_KN,True
2025-10-30,RATNAMANI.NS,DOWN,TRAIN,BULL,0.7325,0.875,HIGH,ALIGNED,0.125,0.3144,HIGH_KN,False
2025-10-30,HINDUNILVR.NS,DOWN,TRAIN,BULL,0.7275,0.625,HIGH,ALIGNED,0.375,-0.166,HIGH_KN,True
2025-10-30,WHIRLPOOL.NS,DOWN,TRAIN,BULL,0.7221,0.375,MEDIUM,CONFLICT,0.625,-1.5342,LOW_KN,True
2025-10-30,INFY.NS,DOWN,TRAIN,BULL,0.721,0.625,HIGH,ALIGNED,0.375,-0.7698,HIGH_KN,True
2025-10-30,SRF.NS,DOWN,TRAIN,BULL,0.7128,0.625,HIGH,ALIGNED,0.375,-1.6974,HIGH_KN,True
2025-10-30,CLEAN.NS,DOWN,TRAIN,BULL,0.7116,0.75,HIGH,ALIGNED,0.25,-0.6108,HIGH_KN,True
2025-10-30,ENDURANCE.NS,DOWN,TRAIN,BULL,0.7065,0.5,MEDIUM,ALIGNED,0.5,-0.4768,HIGH_KN,True
2025-10-30,IDFCFIRSTB.NS,DOWN,TRAIN,BULL,0.7046,0.625,HIGH,ALIGNED,0.375,3.5981,HIGH_KN,False
2025-10-30,CESC.NS,DOWN,TRAIN,BULL,0.699,0.75,HIGH,ALIGNED,0.25,-0.0444,HIGH_KN,True
2025-10-30,RAJESHEXPO.NS,DOWN,TRAIN,BULL,0.6973,0.5,MEDIUM,ALIGNED,0.5,0.9041,HIGH_KN,False
2025-10-30,AMBER.NS,DOWN,TRAIN,BULL,0.6969,0.875,HIGH,ALIGNED,0.125,-0.606,HIGH_KN,True
2025-10-31,INTELLECT.NS,UP,TRAIN,RANGE,0.9836,1.0,HIGH,ALIGNED,0.0,5.6903,HIGH_KN,True
2025-10-31,MRPL.NS,UP,TRAIN,RANGE,0.9787,0.75,HIGH,ALIGNED,0.25,1.3161,HIGH_KN,True
2025-10-31,NAVINFLUOR.NS,UP,TRAIN,RANGE,0.9763,0.75,HIGH,ALIGNED,0.25,3.8348,HIGH_KN,True
2025-10-31,WELCORP.NS,UP,TRAIN,RANGE,0.9679,0.75,HIGH,ALIGNED,0.25,-1.3357,HIGH_KN,False
2025-10-31,OLECTRA.NS,UP,TRAIN,RANGE,0.913,1.0,HIGH,ALIGNED,0.0,-2.2667,HIGH_KN,False
2025-10-31,ADANIGREEN.NS,UP,TRAIN,RANGE,0.9101,1.0,HIGH,ALIGNED,0.0,-3.0526,HIGH_KN,False
2025-10-31,CANBK.NS,UP,TRAIN,RANGE,0.9022,0.75,HIGH,ALIGNED,0.25,1.9052,HIGH_KN,True
2025-10-31,UNIONBANK.NS,UP,TRAIN,RANGE,0.8961,1.0,HIGH,ALIGNED,0.0,1.4865,HIGH_KN,True
2025-10-31,POLICYBZR.NS,UP,TRAIN,RANGE,0.887,0.875,HIGH,ALIGNED,0.125,1.389,HIGH_KN,True
2025-10-31,SUZLON.NS,UP,TRAIN,RANGE,0.8539,1.0,HIGH,ALIGNED,0.0,-0.1012,HIGH_KN,False
2025-10-31,SAIL.NS,UP,TRAIN,RANGE,0.8514,0.875,HIGH,ALIGNED,0.125,0.8184,HIGH_KN,True
2025-10-31,SOBHA.NS,UP,TRAIN,RANGE,0.8459,0.875,HIGH,ALIGNED,0.125,2.3354,HIGH_KN,True
2025-10-31,IOC.NS,UP,TRAIN,RANGE,0.8411,0.75,HIGH,ALIGNED,0.25,1.1031,HIGH_KN,True
2025-10-31,ADANIENSOL.NS,UP,TRAIN,RANGE,0.8237,1.0,HIGH,ALIGNED,0.0,0.8467,HIGH_KN,True
2025-10-31,AUROPHARMA.NS,UP,TRAIN,RANGE,0.7978,1.0,HIGH,ALIGNED,0.0,1.7297,HIGH_KN,True
2025-10-31,DEEPAKFERT.NS,UP,TRAIN,RANGE,0.7978,0.625,HIGH,ALIGNED,0.375,-0.409,HIGH_KN,False
2025-10-31,PNB.NS,UP,TRAIN,RANGE,0.7915,1.0,HIGH,ALIGNED,0.0,0.5127,HIGH_KN,True
2025-10-31,BANKBARODA.NS,UP,TRAIN,RANGE,0.7901,1.0,HIGH,ALIGNED,0.0,4.5977,HIGH_KN,True
2025-10-31,M&MFIN.NS,UP,TRAIN,RANGE,0.7766,0.875,HIGH,ALIGNED,0.125,0.9666,HIGH_KN,True
2025-10-31,POLYCAB.NS,UP,TRAIN,RANGE,0.7746,0.875,HIGH,ALIGNED,0.125,-1.006,HIGH_KN,False
2025-10-31,RADICO.NS,DOWN,TRAIN,RANGE,0.8478,0.75,HIGH,ALIGNED,0.25,1.9831,HIGH_KN,False
2025-10-31,DRREDDY.NS,DOWN,TRAIN,RANGE,0.8384,0.875,HIGH,ALIGNED,0.125,-0.1336,HIGH_KN,True
2025-10-31,IDEA.NS,DOWN,TRAIN,RANGE,0.8208,0.75,HIGH,ALIGNED,0.25,9.2784,HIGH_KN,False
2025-10-31,CIPLA.NS,DOWN,TRAIN,RANGE,0.8041,0.875,HIGH,ALIGNED,0.125,0.6794,HIGH_KN,False
2025-10-31,CESC.NS,DOWN,TRAIN,RANGE,0.7942,0.5,MEDIUM,ALIGNED,0.5,-0.0445,HIGH_KN,True
2025-10-31,STLTECH.NS,DOWN,TRAIN,RANGE,0.763,0.5,MEDIUM,ALIGNED,0.5,3.354,HIGH_KN,False
2025-10-31,RATNAMANI.NS,DOWN,TRAIN,RANGE,0.7583,0.625,HIGH,ALIGNED,0.375,2.3631,HIGH_KN,False
2025-10-31,HFCL.NS,DOWN,TRAIN,RANGE,0.7575,0.75,HIGH,ALIGNED,0.25,5.4414,HIGH_KN,False
2025-10-31,SRF.NS,DOWN,TRAIN,RANGE,0.7519,0.75,HIGH,ALIGNED,0.25,1.2831,HIGH_KN,False
2025-10-31,BATAINDIA.NS,DOWN,TRAIN,RANGE,0.7425,0.625,HIGH,ALIGNED,0.375,-0.0093,HIGH_KN,True
2025-10-31,ZYDUSWELL.NS,DOWN,TRAIN,RANGE,0.7408,0.625,HIGH,ALIGNED,0.375,0.6714,HIGH_KN,False
2025-10-31,INFY.NS,DOWN,TRAIN,RANGE,0.7365,0.625,HIGH,ALIGNED,0.375,0.2159,HIGH_KN,False
2025-10-31,BAJFINANCE.NS,DOWN,TRAIN,RANGE,0.7208,0.625,HIGH,ALIGNED,0.375,0.0288,HIGH_KN,False
2025-10-31,BOSCHLTD.NS,DOWN,TRAIN,RANGE,0.7092,0.625,HIGH,ALIGNED,0.375,-0.5907,HIGH_KN,True
2025-10-31,BAJAJFINSV.NS,DOWN,TRAIN,RANGE,0.7007,0.625,HIGH,ALIGNED,0.375,-0.3208,HIGH_KN,True
2025-10-31,PFIZER.NS,DOWN,TRAIN,RANGE,0.6976,0.75,HIGH,ALIGNED,0.25,-0.5279,HIGH_KN,True
2025-10-31,IDEAFORGE.NS,DOWN,TRAIN,RANGE,0.6932,0.75,HIGH,ALIGNED,0.25,-0.0414,HIGH_KN,True
2025-10-31,MPHASIS.NS,DOWN,TRAIN,RANGE,0.6879,0.75,HIGH,ALIGNED,0.25,0.7163,HIGH_KN,False
2025-10-31,VOLTAS.NS,DOWN,TRAIN,RANGE,0.685,0.75,HIGH,ALIGNED,0.25,-1.2937,HIGH_KN,True
2025-10-31,AMBER.NS,DOWN,TRAIN,RANGE,0.6841,0.75,HIGH,ALIGNED,0.25,-0.983,HIGH_KN,True
2025-11-03,INTELLECT.NS,UP,TRAIN,RANGE,0.9895,0.875,HIGH,ALIGNED,0.125,-0.0334,HIGH_KN,False
2025-11-03,NAVINFLUOR.NS,UP,TRAIN,RANGE,0.9892,0.75,HIGH,ALIGNED,0.25,2.5315,HIGH_KN,True
2025-11-03,MRPL.NS,UP,TRAIN,RANGE,0.9392,0.75,HIGH,ALIGNED,0.25,4.3478,HIGH_KN,True
2025-11-03,ADANIGREEN.NS,UP,TRAIN,RANGE,0.9309,0.75,HIGH,ALIGNED,0.25,-1.701,HIGH_KN,False
2025-11-03,SHRIRAMFIN.NS,UP,TRAIN,RANGE,0.9088,0.75,HIGH,ALIGNED,0.25,0.0063,HIGH_KN,True
2025-11-03,WELCORP.NS,UP,TRAIN,RANGE,0.9076,0.875,HIGH,ALIGNED,0.125,-2.9386,HIGH_KN,False
2025-11-03,RATEGAIN.NS,UP,TRAIN,RANGE,0.8995,0.875,HIGH,ALIGNED,0.125,1.2849,HIGH_KN,True
2025-11-03,CRAFTSMAN.NS,UP,TRAIN,RANGE,0.8971,1.0,HIGH,ALIGNED,0.0,0.5005,HIGH_KN,True
2025-11-03,CANBK.NS,UP,TRAIN,RANGE,0.8877,0.75,HIGH,ALIGNED,0.25,0.0,HIGH_KN,False
2025-11-03,SUZLON.NS,UP,TRAIN,RANGE,0.8525,0.75,HIGH,ALIGNED,0.25,1.266,HIGH_KN,True
2025-11-03,BANKBARODA.NS,UP,TRAIN,RANGE,0.8463,0.75,HIGH,ALIGNED,0.25,-1.0646,HIGH_KN,False
2025-11-03,BPCL.NS,UP,TRAIN,RANGE,0.8429,0.75,HIGH,ALIGNED,0.25,1.5383,HIGH_KN,True
2025-11-03,SAIL.NS,UP,TRAIN,RANGE,0.8404,0.75,HIGH,ALIGNED,0.25,0.1522,HIGH_KN,True
2025-11-03,SOBHA.NS,UP,TRAIN,RANGE,0.8338,0.875,HIGH,ALIGNED,0.125,-2.2458,HIGH_KN,False
2025-11-03,AJANTPHARM.NS,UP,TRAIN,RANGE,0.8277,1.0,HIGH,ALIGNED,0.0,2.8078,HIGH_KN,True
2025-11-03,OLECTRA.NS,UP,TRAIN,RANGE,0.8225,0.5,MEDIUM,ALIGNED,0.5,0.3634,HIGH_KN,True
2025-11-03,ADANIENSOL.NS,UP,TRAIN,RANGE,0.8066,0.875,HIGH,ALIGNED,0.125,-0.8697,HIGH_KN,False
2025-11-03,AUROPHARMA.NS,UP,TRAIN,RANGE,0.8047,1.0,HIGH,ALIGNED,0.0,-0.82,HIGH_KN,False
2025-11-03,IOC.NS,UP,TRAIN,RANGE,0.8007,0.75,HIGH,ALIGNED,0.25,0.9062,HIGH_KN,True
2025-11-03,UNIONBANK.NS,UP,TRAIN,RANGE,0.7843,0.875,HIGH,ALIGNED,0.125,0.4374,HIGH_KN,True
2025-11-03,RATNAMANI.NS,DOWN,TRAIN,RANGE,0.8885,0.625,HIGH,ALIGNED,0.375,-1.398,HIGH_KN,True
2025-11-03,DRREDDY.NS,DOWN,TRAIN,RANGE,0.8338,0.75,HIGH,ALIGNED,0.25,0.3344,HIGH_KN,False
2025-11-03,COROMANDEL.NS,DOWN,TRAIN,RANGE,0.8221,0.75,HIGH,ALIGNED,0.25,1.1473,HIGH_KN,False
2025-11-03,MPHASIS.NS,DOWN,TRAIN,RANGE,0.8184,0.75,HIGH,ALIGNED,0.25,-0.6321,HIGH_KN,True
2025-11-03,ZENSARTECH.NS,DOWN,TRAIN,RANGE,0.7983,0.875,HIGH,ALIGNED,0.125,-2.6194,HIGH_KN,True
2025-11-03,ZYDUSWELL.NS,DOWN,TRAIN,RANGE,0.7891,0.5,MEDIUM,ALIGNED,0.5,-3.5015,HIGH_KN,True
2025-11-03,CIPLA.NS,DOWN,TRAIN,RANGE,0.7855,0.625,HIGH,ALIGNED,0.375,-0.5425,HIGH_KN,True
2025-11-03,BOSCHLTD.NS,DOWN,TRAIN,RANGE,0.7696,0.875,HIGH,ALIGNED,0.125,2.2282,HIGH_KN,False
2025-11-03,COFORGE.NS,DOWN,TRAIN,RANGE,0.7652,0.625,HIGH,ALIGNED,0.375,-1.5489,HIGH_KN,True
2025-11-03,RADICO.NS,DOWN,TRAIN,RANGE,0.7447,0.5,MEDIUM,ALIGNED,0.5,0.1879,HIGH_KN,False
2025-11-03,BATAINDIA.NS,DOWN,TRAIN,RANGE,0.7417,0.75,HIGH,ALIGNED,0.25,-0.411,HIGH_KN,True
2025-11-03,BAJAJFINSV.NS,DOWN,TRAIN,RANGE,0.7338,0.625,HIGH,ALIGNED,0.375,-0.4035,HIGH_KN,True
2025-11-03,PARAS.NS,DOWN,TRAIN,RANGE,0.7255,0.75,HIGH,ALIGNED,0.25,-0.9001,HIGH_KN,True
2025-11-03,MASTEK.NS,DOWN,TRAIN,RANGE,0.7228,0.5,MEDIUM,ALIGNED,0.5,-1.5693,HIGH_KN,True
2025-11-03,AMBER.NS,DOWN,TRAIN,RANGE,0.7152,0.625,HIGH,ALIGNED,0.375,-2.0107,HIGH_KN,True
2025-11-03,KPITTECH.NS,DOWN,TRAIN,RANGE,0.7066,0.75,HIGH,ALIGNED,0.25,-0.7388,HIGH_KN,True
2025-11-03,IDEAFORGE.NS,DOWN,TRAIN,RANGE,0.699,0.75,HIGH,ALIGNED,0.25,-1.3886,HIGH_KN,True
2025-11-03,WHIRLPOOL.NS,DOWN,TRAIN,RANGE,0.6966,0.625,HIGH,ALIGNED,0.375,-0.283,HIGH_KN,True
2025-11-03,HINDALCO.NS,DOWN,TRAIN,RANGE,0.692,0.625,HIGH,ALIGNED,0.375,-1.865,HIGH_KN,True
2025-11-03,BAJFINANCE.NS,DOWN,TRAIN,RANGE,0.6797,0.625,HIGH,ALIGNED,0.375,1.3326,HIGH_KN,False
2025-11-04,MRPL.NS,UP,TRAIN,RANGE,0.9914,0.75,HIGH,ALIGNED,0.25,-3.4447,HIGH_KN,False
2025-11-04,NAVINFLUOR.NS,UP,TRAIN,RANGE,0.963,0.75,HIGH,ALIGNED,0.25,0.4294,HIGH_KN,True
2025-11-04,CRAFTSMAN.NS,UP,TRAIN,RANGE,0.9125,1.0,HIGH,ALIGNED,0.0,-0.8056,HIGH_KN,False
2025-11-04,RATEGAIN.NS,UP,TRAIN,RANGE,0.9037,0.875,HIGH,ALIGNED,0.125,-0.5249,HIGH_KN,False
2025-11-04,INTELLECT.NS,UP,TRAIN,RANGE,0.8863,0.625,HIGH,ALIGNED,0.375,-5.3774,HIGH_KN,False
2025-11-04,AJANTPHARM.NS,UP,TRAIN,RANGE,0.8767,1.0,HIGH,ALIGNED,0.0,-1.6049,HIGH_KN,False
2025-11-04,SHRIRAMFIN.NS,UP,TRAIN,RANGE,0.8725,0.75,HIGH,ALIGNED,0.25,-0.5022,HIGH_KN,False
2025-11-04,APOLLOTYRE.NS,UP,TRAIN,RANGE,0.8716,1.0,HIGH,ALIGNED,0.0,-3.1684,HIGH_KN,False
2025-11-04,SUZLON.NS,UP,TRAIN,RANGE,0.8701,1.0,HIGH,ALIGNED,0.0,-0.6334,HIGH_KN,False
2025-11-04,SOBHA.NS,UP,TRAIN,RANGE,0.8559,0.75,HIGH,ALIGNED,0.25,2.1739,HIGH_KN,True
2025-11-04,ADANIENSOL.NS,UP,TRAIN,RANGE,0.8382,0.75,HIGH,ALIGNED,0.25,-1.8004,HIGH_KN,False
2025-11-04,ADANIGREEN.NS,UP,TRAIN,RANGE,0.837,0.5,MEDIUM,ALIGNED,0.5,-2.384,HIGH_KN,False
2025-11-04,CANBK.NS,UP,TRAIN,RANGE,0.836,0.625,HIGH,ALIGNED,0.375,-0.2579,HIGH_KN,False
2025-11-04,SAIL.NS,UP,TRAIN,RANGE,0.8321,0.875,HIGH,ALIGNED,0.125,-0.1954,HIGH_KN,False
2025-11-04,BPCL.NS,UP,TRAIN,RANGE,0.8181,0.75,HIGH,ALIGNED,0.25,-1.3407,HIGH_KN,False
2025-11-04,IOC.NS,UP,TRAIN,RANGE,0.8076,0.75,HIGH,ALIGNED,0.25,-0.5199,HIGH_KN,False
2025-11-04,WELCORP.NS,UP,TRAIN,RANGE,0.8034,0.625,HIGH,ALIGNED,0.375,-3.287,HIGH_KN,False
2025-11-04,KALYANKJIL.NS,UP,TRAIN,RANGE,0.7794,1.0,HIGH,ALIGNED,0.0,-1.8657,HIGH_KN,False
2025-11-04,HFCL.NS,UP,TRAIN,RANGE,0.7745,0.75,HIGH,ALIGNED,0.25,-2.9622,HIGH_KN,False
2025-11-04,STLTECH.NS,UP,TRAIN,RANGE,0.7635,0.625,HIGH,ALIGNED,0.375,-6.3706,HIGH_KN,False
2025-11-04,ZYDUSWELL.NS,DOWN,TRAIN,RANGE,0.8355,0.75,HIGH,ALIGNED,0.25,-4.1469,HIGH_KN,True
2025-11-04,COROMANDEL.NS,DOWN,TRAIN,RANGE,0.8118,0.75,HIGH,ALIGNED,0.25,-0.8622,HIGH_KN,True
2025-11-04,DRREDDY.NS,DOWN,TRAIN,RANGE,0.8078,0.625,HIGH,ALIGNED,0.375,0.4333,HIGH_KN,False
2025-11-04,RATNAMANI.NS,DOWN,TRAIN,RANGE,0.7994,0.625,HIGH,ALIGNED,0.375,-1.1236,HIGH_KN,True
2025-11-04,ZENSARTECH.NS,DOWN,TRAIN,RANGE,0.788,0.875,HIGH,ALIGNED,0.125,-4.4423,HIGH_KN,True
2025-11-04,HEROMOTOCO.NS,DOWN,TRAIN,RANGE,0.7711,0.75,HIGH,ALIGNED,0.25,0.3202,HIGH_KN,False
2025-11-04,COFORGE.NS,DOWN,TRAIN,RANGE,0.7695,0.75,HIGH,ALIGNED,0.25,-0.1754,HIGH_KN,True
2025-11-04,HINDALCO.NS,DOWN,TRAIN,RANGE,0.7646,0.75,HIGH,ALIGNED,0.25,-5.172,HIGH_KN,True
2025-11-04,MPHASIS.NS,DOWN,TRAIN,RANGE,0.7598,0.75,HIGH,ALIGNED,0.25,0.2639,HIGH_KN,False
2025-11-04,NAUKRI.NS,DOWN,TRAIN,RANGE,0.7412,0.75,HIGH,ALIGNED,0.25,-0.8889,HIGH_KN,True
2025-11-04,IDEAFORGE.NS,DOWN,TRAIN,RANGE,0.7365,0.75,HIGH,ALIGNED,0.25,-4.4767,HIGH_KN,True
2025-11-04,AMBER.NS,DOWN,TRAIN,RANGE,0.7208,0.625,HIGH,ALIGNED,0.375,0.4489,HIGH_KN,False
2025-11-04,ALKYLAMINE.NS,DOWN,TRAIN,RANGE,0.7127,0.875,HIGH,ALIGNED,0.125,-1.4524,HIGH_KN,True
2025-11-04,COALINDIA.NS,DOWN,TRAIN,RANGE,0.7125,0.75,HIGH,ALIGNED,0.25,-1.1654,HIGH_KN,True
2025-11-04,TIINDIA.NS,DOWN,TRAIN,RANGE,0.6983,0.75,HIGH,ALIGNED,0.25,-0.4979,HIGH_KN,True
2025-11-04,BAJAJFINSV.NS,DOWN,TRAIN,RANGE,0.6929,0.625,HIGH,ALIGNED,0.375,-0.4823,HIGH_KN,True
2025-11-04,MASTEK.NS,DOWN,TRAIN,RANGE,0.6858,0.625,HIGH,ALIGNED,0.375,-1.1969,HIGH_KN,True
2025-11-04,INFY.NS,DOWN,TRAIN,RANGE,0.6738,0.875,HIGH,ALIGNED,0.125,-0.0817,HIGH_KN,True
2025-11-04,CIPLA.NS,DOWN,TRAIN,RANGE,0.6733,0.5,MEDIUM,ALIGNED,0.5,-0.1197,HIGH_KN,True
2025-11-04,INDUSINDBK.NS,DOWN,TRAIN,RANGE,0.6704,0.75,HIGH,ALIGNED,0.25,-0.5062,HIGH_KN,True
2025-11-06,SYMPHONY.NS,UP,TRAIN,RANGE,0.9241,1.0,HIGH,ALIGNED,0.0,-3.9787,HIGH_KN,False
2025-11-06,INTELLECT.NS,UP,TRAIN,RANGE,0.9037,0.625,HIGH,ALIGNED,0.375,-0.0441,HIGH_KN,False
2025-11-06,SOBHA.NS,UP,TRAIN,RANGE,0.8946,1.0,HIGH,ALIGNED,0.0,2.8288,HIGH_KN,True
2025-11-06,MRPL.NS,UP,TRAIN,RANGE,0.8863,0.625,HIGH,ALIGNED,0.375,1.5483,HIGH_KN,True
2025-11-06,NAVINFLUOR.NS,UP,TRAIN,RANGE,0.8793,0.625,HIGH,ALIGNED,0.375,-1.8418,HIGH_KN,False
2025-11-06,SHRIRAMFIN.NS,UP,TRAIN,RANGE,0.8746,0.75,HIGH,ALIGNED,0.25,3.0095,HIGH_KN,True
2025-11-06,RATEGAIN.NS,UP,TRAIN,RANGE,0.8629,0.75,HIGH,ALIGNED,0.25,-1.5318,HIGH_KN,False
2025-11-06,BRITANNIA.NS,UP,TRAIN,RANGE,0.8159,1.0,HIGH,ALIGNED,0.0,2.3946,HIGH_KN,True
2025-11-06,BPCL.NS,UP,TRAIN,RANGE,0.7973,1.0,HIGH,ALIGNED,0.0,-0.2174,HIGH_KN,False
2025-11-06,TATACONSUM.NS,UP,TRAIN,RANGE,0.7934,1.0,HIGH,ALIGNED,0.0,-1.9489,HIGH_KN,False
2025-11-06,MANAPPURAM.NS,UP,TRAIN,RANGE,0.7849,0.75,HIGH,ALIGNED,0.25,-1.2226,HIGH_KN,False
2025-11-06,RADICO.NS,UP,TRAIN,RANGE,0.7849,0.875,HIGH,ALIGNED,0.125,3.9235,HIGH_KN,True
2025-11-06,POLICYBZR.NS,UP,TRAIN,RANGE,0.7778,0.5,MEDIUM,ALIGNED,0.5,1.5022,HIGH_KN,True
2025-11-06,CRAFTSMAN.NS,UP,TRAIN,RANGE,0.7768,0.875,HIGH,ALIGNED,0.125,-0.0295,HIGH_KN,False
2025-11-06,AJANTPHARM.NS,UP,TRAIN,RANGE,0.772,0.75,HIGH,ALIGNED,0.25,-1.7362,HIGH_KN,False
2025-11-06,GODREJCP.NS,UP,TRAIN,RANGE,0.772,0.875,HIGH,ALIGNED,0.125,-2.1117,HIGH_KN,False
2025-11-06,SUZLON.NS,UP,TRAIN,RANGE,0.771,0.875,HIGH,ALIGNED,0.125,-3.741,HIGH_KN,False
2025-11-06,DABUR.NS,UP,TRAIN,RANGE,0.7637,1.0,HIGH,ALIGNED,0.0,-0.9643,HIGH_KN,False
2025-11-06,ASIANPAINT.NS,UP,TRAIN,RANGE,0.7576,1.0,HIGH,ALIGNED,0.0,0.4188,HIGH_KN,True
2025-11-06,CANBK.NS,UP,TRAIN,RANGE,0.7498,0.625,HIGH,ALIGNED,0.375,1.027,HIGH_KN,True
2025-11-06,HINDALCO.NS,DOWN,TRAIN,RANGE,0.8429,0.875,HIGH,ALIGNED,0.125,0.2537,HIGH_KN,False
2025-11-06,ZYDUSWELL.NS,DOWN,TRAIN,RANGE,0.8268,0.75,HIGH,ALIGNED,0.25,1.4759,HIGH_KN,False
2025-11-06,ADANIGREEN.NS,DOWN,TRAIN,RANGE,0.8234,0.75,HIGH,ALIGNED,0.25,-0.066,HIGH_KN,True
2025-11-06,VBL.NS,DOWN,TRAIN,RANGE,0.8175,0.375,MEDIUM,CONFLICT,0.625,-0.3497,LOW_KN,True
2025-11-06,STLTECH.NS,DOWN,TRAIN,RANGE,0.7968,0.875,HIGH,ALIGNED,0.125,1.9542,HIGH_KN,False
2025-11-06,BLUESTARCO.NS,DOWN,TRAIN,RANGE,0.7939,0.75,HIGH,ALIGNED,0.25,-1.837,HIGH_KN,True
2025-11-06,COROMANDEL.NS,DOWN,TRAIN,RANGE,0.77,0.5,MEDIUM,ALIGNED,0.5,-0.1721,HIGH_KN,True
2025-11-06,IDEAFORGE.NS,DOWN,TRAIN,RANGE,0.7698,0.625,HIGH,ALIGNED,0.375,1.7052,HIGH_KN,False
2025-11-06,ZENSARTECH.NS,DOWN,TRAIN,RANGE,0.7571,0.75,HIGH,ALIGNED,0.25,-0.8175,HIGH_KN,True
2025-11-06,SHYAMMETL.NS,DOWN,TRAIN,RANGE,0.7473,0.75,HIGH,ALIGNED,0.25,2.5319,HIGH_KN,False
2025-11-06,WHIRLPOOL.NS,DOWN,TRAIN,RANGE,0.7458,0.625,HIGH,ALIGNED,0.375,-0.7554,HIGH_KN,True
2025-11-06,RECLTD.NS,DOWN,TRAIN,RANGE,0.7302,0.75,HIGH,ALIGNED,0.25,0.6203,HIGH_KN,False
2025-11-06,DEEPAKFERT.NS,DOWN,TRAIN,RANGE,0.729,0.875,HIGH,ALIGNED,0.125,-0.1889,HIGH_KN,True
2025-11-06,NCC.NS,DOWN,TRAIN,RANGE,0.7263,0.75,HIGH,ALIGNED,0.25,-0.1176,HIGH_KN,True
2025-11-06,NOCIL.NS,DOWN,TRAIN,RANGE,0.7254,0.75,HIGH,ALIGNED,0.25,-0.0398,HIGH_KN,True
2025-11-06,POWERGRID.NS,DOWN,TRAIN,RANGE,0.719,0.75,HIGH,ALIGNED,0.25,0.6662,HIGH_KN,False
2025-11-06,MPHASIS.NS,DOWN,TRAIN,RANGE,0.7071,0.5,MEDIUM,ALIGNED,0.5,-1.3663,HIGH_KN,True
2025-11-06,NAUKRI.NS,DOWN,TRAIN,RANGE,0.699,0.625,HIGH,ALIGNED,0.375,1.4019,HIGH_KN,False
2025-11-06,BEML.NS,DOWN,TRAIN,RANGE,0.6973,0.75,HIGH,ALIGNED,0.25,1.0016,HIGH_KN,False
2025-11-06,ONMOBILE.NS,DOWN,TRAIN,RANGE,0.6963,0.875,HIGH,ALIGNED,0.125,-4.4754,HIGH_KN,True
2025-11-07,BSE.NS,UP,TRAIN,RANGE,0.962,0.75,HIGH,ALIGNED,0.25,-1.9789,HIGH_KN,False
2025-11-07,RADICO.NS,UP,TRAIN,RANGE,0.9212,0.875,HIGH,ALIGNED,0.125,-1.5494,HIGH_KN,False
2025-11-07,SHRIRAMFIN.NS,UP,TRAIN,RANGE,0.911,0.75,HIGH,ALIGNED,0.25,0.5819,HIGH_KN,True
2025-11-07,SOBHA.NS,UP,TRAIN,RANGE,0.9059,0.875,HIGH,ALIGNED,0.125,-3.1331,HIGH_KN,False
2025-11-07,UNIONBANK.NS,UP,TRAIN,RANGE,0.8859,0.875,HIGH,ALIGNED,0.125,0.6132,HIGH_KN,True
2025-11-07,NAVINFLUOR.NS,UP,TRAIN,RANGE,0.8427,0.5,MEDIUM,ALIGNED,0.5,0.4105,HIGH_KN,True
2025-11-07,IDFCFIRSTB.NS,UP,TRAIN,RANGE,0.8249,0.5,MEDIUM,ALIGNED,0.5,-0.3191,HIGH_KN,False
2025-11-07,BRITANNIA.NS,UP,TRAIN,RANGE,0.8237,1.0,HIGH,ALIGNED,0.0,-0.3898,HIGH_KN,False
2025-11-07,APOLLOTYRE.NS,UP,TRAIN,RANGE,0.8141,0.875,HIGH,ALIGNED,0.125,1.2806,HIGH_KN,True
2025-11-07,SAIL.NS,UP,TRAIN,RANGE,0.8093,0.875,HIGH,ALIGNED,0.125,2.3688,HIGH_KN,True
2025-11-07,MRPL.NS,UP,TRAIN,RANGE,0.7961,0.5,MEDIUM,ALIGNED,0.5,-1.1131,HIGH_KN,False
2025-11-07,CANBK.NS,UP,TRAIN,RANGE,0.7727,0.625,HIGH,ALIGNED,0.375,0.263,HIGH_KN,True
2025-11-07,RATEGAIN.NS,UP,TRAIN,RANGE,0.7659,0.5,MEDIUM,ALIGNED,0.5,0.4689,HIGH_KN,True
2025-11-07,M&M.NS,UP,TRAIN,RANGE,0.7656,0.75,HIGH,ALIGNED,0.25,-0.7127,HIGH_KN,False
2025-11-07,INTELLECT.NS,UP,TRAIN,RANGE,0.7632,0.5,MEDIUM,ALIGNED,0.5,-2.9664,HIGH_KN,False
2025-11-07,BANKBARODA.NS,UP,TRAIN,RANGE,0.7461,0.625,HIGH,ALIGNED,0.375,-0.467,HIGH_KN,False
2025-11-07,ENDURANCE.NS,UP,TRAIN,RANGE,0.7378,0.625,HIGH,ALIGNED,0.375,-0.9594,HIGH_KN,False
2025-11-07,LUPIN.NS,UP,TRAIN,RANGE,0.7337,0.875,HIGH,ALIGNED,0.125,0.9332,HIGH_KN,True
2025-11-07,GODREJCP.NS,UP,TRAIN,RANGE,0.7278,0.375,MEDIUM,CONFLICT,0.625,0.4368,LOW_KN,True
2025-11-07,GLAXO.NS,UP,TRAIN,RANGE,0.7268,0.375,MEDIUM,CONFLICT,0.625,-1.8586,LOW_KN,False
2025-11-07,ADANIGREEN.NS,DOWN,TRAIN,RANGE,0.8654,0.75,HIGH,ALIGNED,0.25,-1.7456,HIGH_KN,True
2025-11-07,AMBER.NS,DOWN,TRAIN,RANGE,0.8539,0.75,HIGH,ALIGNED,0.25,-2.9127,HIGH_KN,True
2025-11-07,HINDALCO.NS,DOWN,TRAIN,RANGE,0.8398,0.75,HIGH,ALIGNED,0.25,-0.6579,HIGH_KN,True
2025-11-07,WHIRLPOOL.NS,DOWN,TRAIN,RANGE,0.8102,0.625,HIGH,ALIGNED,0.375,-4.0896,HIGH_KN,True
2025-11-07,POLICYBZR.NS,DOWN,TRAIN,RANGE,0.8032,0.625,HIGH,ALIGNED,0.375,0.8241,HIGH_KN,False
2025-11-07,MPHASIS.NS,DOWN,TRAIN,RANGE,0.799,0.75,HIGH,ALIGNED,0.25,1.4693,HIGH_KN,False
2025-11-07,BLUESTARCO.NS,DOWN,TRAIN,RANGE,0.7944,0.75,HIGH,ALIGNED,0.25,1.0783,HIGH_KN,False
2025-11-07,SAPPHIRE.NS,DOWN,TRAIN,RANGE,0.7851,0.625,HIGH,ALIGNED,0.375,-1.8868,HIGH_KN,True
2025-11-07,STLTECH.NS,DOWN,TRAIN,RANGE,0.7768,0.75,HIGH,ALIGNED,0.25,0.8625,HIGH_KN,False
2025-11-07,ZYDUSWELL.NS,DOWN,TRAIN,RANGE,0.7605,0.625,HIGH,ALIGNED,0.375,2.4981,HIGH_KN,False
2025-11-07,NCC.NS,DOWN,TRAIN,RANGE,0.7593,0.875,HIGH,ALIGNED,0.125,-3.7274,HIGH_KN,True
2025-11-07,SUDARSCHEM.NS,DOWN,TRAIN,RANGE,0.7593,0.875,HIGH,ALIGNED,0.125,-1.1615,HIGH_KN,True
2025-11-07,PNBHOUSING.NS,DOWN,TRAIN,RANGE,0.7539,0.625,HIGH,ALIGNED,0.375,0.3124,HIGH_KN,False
2025-11-07,SYMPHONY.NS,DOWN,TRAIN,RANGE,0.7534,0.875,HIGH,ALIGNED,0.125,-0.5658,HIGH_KN,True
2025-11-07,COFORGE.NS,DOWN,TRAIN,RANGE,0.7378,0.875,HIGH,ALIGNED,0.125,0.9999,HIGH_KN,False
2025-11-07,ZENSARTECH.NS,DOWN,TRAIN,RANGE,0.7373,0.75,HIGH,ALIGNED,0.25,3.5978,HIGH_KN,False
2025-11-07,PFC.NS,DOWN,TRAIN,RANGE,0.7351,0.75,HIGH,ALIGNED,0.25,-0.7758,HIGH_KN,True
2025-11-07,ONMOBILE.NS,DOWN,TRAIN,RANGE,0.7332,0.75,HIGH,ALIGNED,0.25,-1.0292,HIGH_KN,True
2025-11-07,BEML.NS,DOWN,TRAIN,RANGE,0.7322,0.625,HIGH,ALIGNED,0.375,0.0498,HIGH_KN,False
2025-11-07,WELCORP.NS,DOWN,TRAIN,RANGE,0.7318,0.625,HIGH,ALIGNED,0.375,0.6563,HIGH_KN,False
2025-11-10,IDEA.NS,UP,TRAIN,RANGE,0.9583,0.75,HIGH,ALIGNED,0.25,7.7895,HIGH_KN,True
2025-11-10,NATIONALUM.NS,UP,TRAIN,RANGE,0.9279,0.75,HIGH,ALIGNED,0.25,3.2251,HIGH_KN,True
2025-11-10,BSE.NS,UP,TRAIN,RANGE,0.9012,0.75,HIGH,ALIGNED,0.25,0.7199,HIGH_KN,True
2025-11-10,SHRIRAMFIN.NS,UP,TRAIN,RANGE,0.8811,0.625,HIGH,ALIGNED,0.375,1.364,HIGH_KN,True
2025-11-10,MANAPPURAM.NS,UP,TRAIN,RANGE,0.8585,0.875,HIGH,ALIGNED,0.125,-1.0973,HIGH_KN,False
2025-11-10,SAIL.NS,UP,TRAIN,RANGE,0.8556,0.875,HIGH,ALIGNED,0.125,0.0416,HIGH_KN,True
2025-11-10,GRSE.NS,UP,TRAIN,RANGE,0.8529,1.0,HIGH,ALIGNED,0.0,3.8546,HIGH_KN,True
2025-11-10,CHOLAFIN.NS,UP,TRAIN,RANGE,0.8345,0.875,HIGH,ALIGNED,0.125,-0.7182,HIGH_KN,False
2025-11-10,TORNTPHARM.NS,UP,TRAIN,RANGE,0.8272,1.0,HIGH,ALIGNED,0.0,0.2174,HIGH_KN,True
2025-11-10,VEDL.NS,UP,TRAIN,RANGE,0.8044,0.875,HIGH,ALIGNED,0.125,0.8179,HIGH_KN,True
2025-11-10,BRITANNIA.NS,UP,TRAIN,RANGE,0.7932,0.875,HIGH,ALIGNED,0.125,-2.9836,HIGH_KN,False
2025-11-10,KPITTECH.NS,UP,TRAIN,RANGE,0.7927,1.0,HIGH,ALIGNED,0.0,1.6431,HIGH_KN,True
2025-11-10,COROMANDEL.NS,UP,TRAIN,RANGE,0.7859,0.625,HIGH,ALIGNED,0.375,0.5447,HIGH_KN,True
2025-11-10,CRAFTSMAN.NS,UP,TRAIN,RANGE,0.7857,0.625,HIGH,ALIGNED,0.375,5.6852,HIGH_KN,True
2025-11-10,UNIONBANK.NS,UP,TRAIN,RANGE,0.7837,0.75,HIGH,ALIGNED,0.25,-1.0503,HIGH_KN,False
2025-11-10,MUTHOOTFIN.NS,UP,TRAIN,RANGE,0.7735,0.875,HIGH,ALIGNED,0.125,1.8358,HIGH_KN,True
2025-11-10,RATNAMANI.NS,UP,TRAIN,RANGE,0.766,0.625,HIGH,ALIGNED,0.375,0.9868,HIGH_KN,True
2025-11-10,RATEGAIN.NS,UP,TRAIN,RANGE,0.7636,0.625,HIGH,ALIGNED,0.375,-2.3115,HIGH_KN,False
2025-11-10,APOLLOTYRE.NS,UP,TRAIN,RANGE,0.7604,0.75,HIGH,ALIGNED,0.25,-0.3065,HIGH_KN,False
2025-11-10,RADICO.NS,UP,TRAIN,RANGE,0.7556,0.75,HIGH,ALIGNED,0.25,0.4909,HIGH_KN,True
2025-11-10,AMBER.NS,DOWN,TRAIN,RANGE,0.8779,0.875,HIGH,ALIGNED,0.125,1.8243,HIGH_KN,False
2025-11-10,ADANIGREEN.NS,DOWN,TRAIN,RANGE,0.8769,0.75,HIGH,ALIGNED,0.25,0.2785,HIGH_KN,False
2025-11-10,WELCORP.NS,DOWN,TRAIN,RANGE,0.8722,0.625,HIGH,ALIGNED,0.375,0.8821,HIGH_KN,False
2025-11-10,HINDALCO.NS,DOWN,TRAIN,RANGE,0.8272,0.75,HIGH,ALIGNED,0.25,1.0889,HIGH_KN,False
2025-11-10,SYMPHONY.NS,DOWN,TRAIN,RANGE,0.808,0.75,HIGH,ALIGNED,0.25,0.7308,HIGH_KN,False
2025-11-10,NCC.NS,DOWN,TRAIN,RANGE,0.8061,0.75,HIGH,ALIGNED,0.25,0.4042,HIGH_KN,False
2025-11-10,INTELLECT.NS,DOWN,TRAIN,RANGE,0.8024,0.75,HIGH,ALIGNED,0.25,-0.0182,HIGH_KN,True
2025-11-10,DEEPAKFERT.NS,DOWN,TRAIN,RANGE,0.8005,0.625,HIGH,ALIGNED,0.375,-1.8545,HIGH_KN,True
2025-11-10,SUZLON.NS,DOWN,TRAIN,RANGE,0.786,0.625,HIGH,ALIGNED,0.375,0.6791,HIGH_KN,False
2025-11-10,TEJASNET.NS,DOWN,TRAIN,RANGE,0.7803,0.625,HIGH,ALIGNED,0.375,0.1087,HIGH_KN,False
2025-11-10,SAPPHIRE.NS,DOWN,TRAIN,RANGE,0.7699,0.625,HIGH,ALIGNED,0.375,-3.6576,HIGH_KN,True
2025-11-10,BLUESTARCO.NS,DOWN,TRAIN,RANGE,0.7646,0.625,HIGH,ALIGNED,0.375,0.4798,HIGH_KN,False
2025-11-10,BEML.NS,DOWN,TRAIN,RANGE,0.7505,0.75,HIGH,ALIGNED,0.25,0.518,HIGH_KN,False
2025-11-10,SUDARSCHEM.NS,DOWN,TRAIN,RANGE,0.7398,0.625,HIGH,ALIGNED,0.375,-1.1375,HIGH_KN,True
2025-11-10,PFC.NS,DOWN,TRAIN,RANGE,0.7383,0.875,HIGH,ALIGNED,0.125,-0.6096,HIGH_KN,True
2025-11-10,ADANIENSOL.NS,DOWN,TRAIN,RANGE,0.7349,0.75,HIGH,ALIGNED,0.25,3.1434,HIGH_KN,False
2025-11-10,POWERGRID.NS,DOWN,TRAIN,RANGE,0.7337,0.625,HIGH,ALIGNED,0.375,-0.2051,HIGH_KN,True
2025-11-10,PNBHOUSING.NS,DOWN,TRAIN,RANGE,0.7284,0.5,MEDIUM,ALIGNED,0.5,-0.0501,HIGH_KN,True
2025-11-10,NOCIL.NS,DOWN,TRAIN,RANGE,0.7252,0.625,HIGH,ALIGNED,0.375,-2.2518,HIGH_KN,True
2025-11-10,ZENSARTECH.NS,DOWN,TRAIN,RANGE,0.7245,0.75,HIGH,ALIGNED,0.25,0.8786,HIGH_KN,False
2025-11-11,IDEA.NS,UP,TRAIN,RANGE,0.9786,1.0,HIGH,ALIGNED,0.0,1.2695,HIGH_KN,True
2025-11-11,NATIONALUM.NS,UP,TRAIN,RANGE,0.9257,0.75,HIGH,ALIGNED,0.25,0.4856,HIGH_KN,True
2025-11-11,CRAFTSMAN.NS,UP,TRAIN,RANGE,0.9117,1.0,HIGH,ALIGNED,0.0,-1.4424,HIGH_KN,False
2025-11-11,GRSE.NS,UP,TRAIN,RANGE,0.884,0.875,HIGH,ALIGNED,0.125,1.102,HIGH_KN,True
2025-11-11,BHARATFORG.NS,UP,TRAIN,RANGE,0.8633,0.75,HIGH,ALIGNED,0.25,-0.92,HIGH_KN,False
2025-11-11,BRITANNIA.NS,UP,TRAIN,RANGE,0.86,0.625,HIGH,ALIGNED,0.375,-1.1848,HIGH_KN,False
2025-11-11,KPITTECH.NS,UP,TRAIN,RANGE,0.8316,1.0,HIGH,ALIGNED,0.0,2.6227,HIGH_KN,True
2025-11-11,BSE.NS,UP,TRAIN,RANGE,0.8133,0.75,HIGH,ALIGNED,0.25,4.9618,HIGH_KN,True
2025-11-11,MANAPPURAM.NS,UP,TRAIN,RANGE,0.8124,0.625,HIGH,ALIGNED,0.375,-0.3092,HIGH_KN,False
2025-11-11,TORNTPHARM.NS,UP,TRAIN,RANGE,0.8107,0.875,HIGH,ALIGNED,0.125,-0.0314,HIGH_KN,False
2025-11-11,HFCL.NS,UP,TRAIN,RANGE,0.8063,1.0,HIGH,ALIGNED,0.0,-1.8391,HIGH_KN,False
2025-11-11,MASTEK.NS,UP,TRAIN,RANGE,0.7925,0.875,HIGH,ALIGNED,0.125,2.4065,HIGH_KN,True
2025-11-11,DATAPATTNS.NS,UP,TRAIN,RANGE,0.792,1.0,HIGH,ALIGNED,0.0,1.2878,HIGH_KN,True
2025-11-11,MRPL.NS,UP,TRAIN,RANGE,0.7879,0.5,MEDIUM,ALIGNED,0.5,-2.1531,HIGH_KN,False
2025-11-11,ASHOKLEY.NS,UP,TRAIN,RANGE,0.783,1.0,HIGH,ALIGNED,0.0,-2.4035,HIGH_KN,False
2025-11-11,CHOLAFIN.NS,UP,TRAIN,RANGE,0.7796,0.75,HIGH,ALIGNED,0.25,-1.3205,HIGH_KN,False
2025-11-11,MUTHOOTFIN.NS,UP,TRAIN,RANGE,0.7777,0.625,HIGH,ALIGNED,0.375,-1.9001,HIGH_KN,False
2025-11-11,PARAS.NS,UP,TRAIN,RANGE,0.7714,0.875,HIGH,ALIGNED,0.125,0.1352,HIGH_KN,True
2025-11-11,COROMANDEL.NS,UP,TRAIN,RANGE,0.7527,0.75,HIGH,ALIGNED,0.25,0.3168,HIGH_KN,True
2025-11-11,M&M.NS,UP,TRAIN,RANGE,0.7524,0.875,HIGH,ALIGNED,0.125,0.1387,HIGH_KN,True
2025-11-11,INTELLECT.NS,DOWN,TRAIN,RANGE,0.8899,0.75,HIGH,ALIGNED,0.25,4.4681,HIGH_KN,False
2025-11-11,ADANIGREEN.NS,DOWN,TRAIN,RANGE,0.8493,0.625,HIGH,ALIGNED,0.375,2.5474,HIGH_KN,False
2025-11-11,SAPPHIRE.NS,DOWN,TRAIN,RANGE,0.8434,0.75,HIGH,ALIGNED,0.25,-0.9785,HIGH_KN,True
2025-11-11,WELCORP.NS,DOWN,TRAIN,RANGE,0.8163,0.5,MEDIUM,ALIGNED,0.5,-0.7386,HIGH_KN,True
2025-11-11,AMBER.NS,DOWN,TRAIN,RANGE,0.809,0.625,HIGH,ALIGNED,0.375,0.8398,HIGH_KN,False
2025-11-11,GLAXO.NS,DOWN,TRAIN,RANGE,0.8063,0.75,HIGH,ALIGNED,0.25,1.2276,HIGH_KN,False
2025-11-11,NCC.NS,DOWN,TRAIN,RANGE,0.8027,0.75,HIGH,ALIGNED,0.25,-1.0541,HIGH_KN,True
2025-11-11,SYMPHONY.NS,DOWN,TRAIN,RANGE,0.7961,0.625,HIGH,ALIGNED,0.375,-1.3125,HIGH_KN,True
2025-11-11,DEEPAKFERT.NS,DOWN,TRAIN,RANGE,0.7951,0.75,HIGH,ALIGNED,0.25,2.036,HIGH_KN,False
2025-11-11,HINDALCO.NS,DOWN,TRAIN,RANGE,0.7893,0.5,MEDIUM,ALIGNED,0.5,0.0819,HIGH_KN,False
2025-11-11,BLUESTARCO.NS,DOWN,TRAIN,RANGE,0.7842,0.625,HIGH,ALIGNED,0.375,1.0056,HIGH_KN,False
2025-11-11,SUDARSCHEM.NS,DOWN,TRAIN,RANGE,0.7816,0.625,HIGH,ALIGNED,0.375,-1.9494,HIGH_KN,True
2025-11-11,OLECTRA.NS,DOWN,TRAIN,RANGE,0.7743,0.875,HIGH,ALIGNED,0.125,1.3781,HIGH_KN,False
2025-11-11,SUZLON.NS,DOWN,TRAIN,RANGE,0.7729,0.625,HIGH,ALIGNED,0.375,1.1415,HIGH_KN,False
2025-11-11,STLTECH.NS,DOWN,TRAIN,RANGE,0.7648,0.625,HIGH,ALIGNED,0.375,-0.6694,HIGH_KN,True
2025-11-11,ROUTE.NS,DOWN,TRAIN,RANGE,0.7568,0.625,HIGH,ALIGNED,0.375,5.3199,HIGH_KN,False
2025-11-11,SHYAMMETL.NS,DOWN,TRAIN,RANGE,0.7529,0.5,MEDIUM,ALIGNED,0.5,1.0353,HIGH_KN,False
2025-11-11,PFC.NS,DOWN,TRAIN,RANGE,0.7519,0.875,HIGH,ALIGNED,0.125,0.08,HIGH_KN,False
2025-11-11,DIVISLAB.NS,DOWN,TRAIN,RANGE,0.7499,0.75,HIGH,ALIGNED,0.25,-0.2982,HIGH_KN,True
2025-11-11,CLEAN.NS,DOWN,TRAIN,RANGE,0.749,0.75,HIGH,ALIGNED,0.25,1.4009,HIGH_KN,False
2025-11-12,BSE.NS,UP,TRAIN,RANGE,0.96,0.75,HIGH,ALIGNED,0.25,-0.5477,HIGH_KN,False
2025-11-12,GRSE.NS,UP,TRAIN,RANGE,0.8983,1.0,HIGH,ALIGNED,0.0,-2.3717,HIGH_KN,False
2025-11-12,NATIONALUM.NS,UP,TRAIN,RANGE,0.88,0.625,HIGH,ALIGNED,0.375,0.6443,HIGH_KN,True
2025-11-12,KPITTECH.NS,UP,TRAIN,RANGE,0.8644,0.875,HIGH,ALIGNED,0.125,-0.4501,HIGH_KN,False
2025-11-12,INDUSINDBK.NS,UP,TRAIN,RANGE,0.8571,0.75,HIGH,ALIGNED,0.25,-0.1099,HIGH_KN,False
2025-11-12,BHARATFORG.NS,UP,TRAIN,RANGE,0.828,0.75,HIGH,ALIGNED,0.25,-0.0288,HIGH_KN,False
2025-11-12,DATAPATTNS.NS,UP,TRAIN,RANGE,0.8254,1.0,HIGH,ALIGNED,0.0,7.5639,HIGH_KN,True
2025-11-12,BIOCON.NS,UP,TRAIN,RANGE,0.8166,0.75,HIGH,ALIGNED,0.25,2.7347,HIGH_KN,True
2025-11-12,MASTEK.NS,UP,TRAIN,RANGE,0.811,0.875,HIGH,ALIGNED,0.125,-0.4389,HIGH_KN,False
2025-11-12,SOLARINDS.NS,UP,TRAIN,RANGE,0.8095,1.0,HIGH,ALIGNED,0.0,-2.3076,HIGH_KN,False
2025-11-12,NAUKRI.NS,UP,TRAIN,RANGE,0.8073,1.0,HIGH,ALIGNED,0.0,-2.1142,HIGH_KN,False
2025-11-12,ASIANPAINT.NS,UP,TRAIN,RANGE,0.799,0.75,HIGH,ALIGNED,0.25,3.957,HIGH_KN,True
2025-11-12,NMDC.NS,UP,TRAIN,RANGE,0.7876,1.0,HIGH,ALIGNED,0.0,0.2721,HIGH_KN,True
2025-11-12,MPHASIS.NS,UP,TRAIN,RANGE,0.7793,0.875,HIGH,ALIGNED,0.125,-0.1345,HIGH_KN,False
2025-11-12,BDL.NS,UP,TRAIN,RANGE,0.7754,0.75,HIGH,ALIGNED,0.25,-0.9462,HIGH_KN,False
2025-11-12,GNFC.NS,UP,TRAIN,RANGE,0.7666,1.0,HIGH,ALIGNED,0.0,-0.5968,HIGH_KN,False
2025-11-12,TORNTPHARM.NS,UP,TRAIN,RANGE,0.7649,0.75,HIGH,ALIGNED,0.25,0.0392,HIGH_KN,True
2025-11-12,HEROMOTOCO.NS,UP,TRAIN,RANGE,0.7573,0.875,HIGH,ALIGNED,0.125,-0.4608,HIGH_KN,False
2025-11-12,TEJASNET.NS,UP,TRAIN,RANGE,0.7473,0.875,HIGH,ALIGNED,0.125,-4.2884,HIGH_KN,False
2025-11-12,INFY.NS,UP,TRAIN,RANGE,0.7402,1.0,HIGH,ALIGNED,0.0,-0.638,HIGH_KN,False
2025-11-12,INTELLECT.NS,DOWN,TRAIN,RANGE,0.8749,0.5,MEDIUM,ALIGNED,0.5,-2.4042,HIGH_KN,True
2025-11-12,NAVINFLUOR.NS,DOWN,TRAIN,RANGE,0.861,0.625,HIGH,ALIGNED,0.375,0.2574,HIGH_KN,False
2025-11-12,SAPPHIRE.NS,DOWN,TRAIN,RANGE,0.8293,0.75,HIGH,ALIGNED,0.25,-1.6206,HIGH_KN,True
2025-11-12,GLAXO.NS,DOWN,TRAIN,RANGE,0.802,0.75,HIGH,ALIGNED,0.25,-0.4867,HIGH_KN,True
2025-11-12,SUZLON.NS,DOWN,TRAIN,RANGE,0.7996,0.5,MEDIUM,ALIGNED,0.5,-1.539,HIGH_KN,True
2025-11-12,SYMPHONY.NS,DOWN,TRAIN,RANGE,0.7966,0.75,HIGH,ALIGNED,0.25,-0.303,HIGH_KN,True
2025-11-12,DIVISLAB.NS,DOWN,TRAIN,RANGE,0.7856,0.875,HIGH,ALIGNED,0.125,1.1273,HIGH_KN,False
2025-11-12,ADANIGREEN.NS,DOWN,TRAIN,RANGE,0.7843,0.5,MEDIUM,ALIGNED,0.5,0.5603,HIGH_KN,False
2025-11-12,NCC.NS,DOWN,TRAIN,RANGE,0.7834,0.875,HIGH,ALIGNED,0.125,-1.4026,HIGH_KN,True
2025-11-12,POLICYBZR.NS,DOWN,TRAIN,RANGE,0.7834,0.625,HIGH,ALIGNED,0.375,-2.8887,HIGH_KN,True
2025-11-12,SUDARSCHEM.NS,DOWN,TRAIN,RANGE,0.781,0.75,HIGH,ALIGNED,0.25,3.7242,HIGH_KN,False
2025-11-12,BLUESTARCO.NS,DOWN,TRAIN,RANGE,0.7795,0.5,MEDIUM,ALIGNED,0.5,-0.5729,HIGH_KN,True
2025-11-12,DEEPAKFERT.NS,DOWN,TRAIN,RANGE,0.7795,0.625,HIGH,ALIGNED,0.375,1.9093,HIGH_KN,False
2025-11-12,OLECTRA.NS,DOWN,TRAIN,RANGE,0.762,0.625,HIGH,ALIGNED,0.375,-0.4134,HIGH_KN,True
2025-11-12,WELCORP.NS,DOWN,TRAIN,RANGE,0.7613,0.625,HIGH,ALIGNED,0.375,1.5704,HIGH_KN,False
2025-11-12,MRPL.NS,DOWN,TRAIN,RANGE,0.7572,0.625,HIGH,ALIGNED,0.375,-0.5043,HIGH_KN,True
2025-11-12,VBL.NS,DOWN,TRAIN,RANGE,0.7549,0.75,HIGH,ALIGNED,0.25,-1.3717,HIGH_KN,True
2025-11-12,HINDALCO.NS,DOWN,TRAIN,RANGE,0.7534,0.625,HIGH,ALIGNED,0.375,2.2092,HIGH_KN,False
2025-11-12,VGUARD.NS,DOWN,TRAIN,RANGE,0.7512,0.75,HIGH,ALIGNED,0.25,-0.2393,HIGH_KN,True
2025-11-12,M&MFIN.NS,DOWN,TRAIN,RANGE,0.7478,0.75,HIGH,ALIGNED,0.25,0.1616,HIGH_KN,False
2025-11-13,DATAPATTNS.NS,UP,TRAIN,RANGE,0.958,1.0,HIGH,ALIGNED,0.0,3.2397,HIGH_KN,True
2025-11-13,PARAS.NS,UP,TRAIN,RANGE,0.9097,1.0,HIGH,ALIGNED,0.0,6.56,HIGH_KN,True
2025-11-13,STLTECH.NS,UP,TRAIN,RANGE,0.8847,0.875,HIGH,ALIGNED,0.125,1.7347,HIGH_KN,True
2025-11-13,BSE.NS,UP,TRAIN,RANGE,0.8837,0.5,MEDIUM,ALIGNED,0.5,2.4419,HIGH_KN,True
2025-11-13,IDEA.NS,UP,TRAIN,RANGE,0.8735,0.875,HIGH,ALIGNED,0.125,4.489,HIGH_KN,True
2025-11-13,INDUSINDBK.NS,UP,TRAIN,RANGE,0.8602,0.75,HIGH,ALIGNED,0.25,-1.7604,HIGH_KN,False
2025-11-13,NATIONALUM.NS,UP,TRAIN,RANGE,0.86,0.625,HIGH,ALIGNED,0.375,-2.2704,HIGH_KN,False
2025-11-13,MOTHERSON.NS,UP,TRAIN,RANGE,0.8347,1.0,HIGH,ALIGNED,0.0,0.6506,HIGH_KN,True
2025-11-13,GRSE.NS,UP,TRAIN,RANGE,0.8335,0.875,HIGH,ALIGNED,0.125,5.3568,HIGH_KN,True
2025-11-13,ASHOKLEY.NS,UP,TRAIN,RANGE,0.8235,1.0,HIGH,ALIGNED,0.0,-1.4294,HIGH_KN,False
2025-11-13,ADANIENSOL.NS,UP,TRAIN,RANGE,0.8206,1.0,HIGH,ALIGNED,0.0,0.2399,HIGH_KN,True
2025-11-13,BIOCON.NS,UP,TRAIN,RANGE,0.8066,0.75,HIGH,ALIGNED,0.25,-1.4029,HIGH_KN,False
2025-11-13,ASIANPAINT.NS,UP,TRAIN,RANGE,0.8012,0.75,HIGH,ALIGNED,0.25,0.9377,HIGH_KN,True
2025-11-13,VEDL.NS,UP,TRAIN,RANGE,0.8005,1.0,HIGH,ALIGNED,0.0,-0.8025,HIGH_KN,False
2025-11-13,HINDZINC.NS,UP,TRAIN,RANGE,0.7978,0.875,HIGH,ALIGNED,0.125,-1.6458,HIGH_KN,False
2025-11-13,BDL.NS,UP,TRAIN,RANGE,0.7947,0.75,HIGH,ALIGNED,0.25,6.3179,HIGH_KN,True
2025-11-13,SAIL.NS,UP,TRAIN,RANGE,0.7896,0.875,HIGH,ALIGNED,0.125,-1.8864,HIGH_KN,False
2025-11-13,VOLTAS.NS,UP,TRAIN,RANGE,0.7823,0.625,HIGH,ALIGNED,0.375,1.0472,HIGH_KN,True
2025-11-13,NMDC.NS,UP,TRAIN,RANGE,0.7799,1.0,HIGH,ALIGNED,0.0,-1.0854,HIGH_KN,False
2025-11-13,MASTEK.NS,UP,TRAIN,RANGE,0.776,0.75,HIGH,ALIGNED,0.25,-0.4676,HIGH_KN,False
2025-11-13,NAVINFLUOR.NS,DOWN,TRAIN,RANGE,0.9165,0.5,MEDIUM,ALIGNED,0.5,-0.2733,HIGH_KN,True
2025-11-13,AMBER.NS,DOWN,TRAIN,RANGE,0.8558,0.625,HIGH,ALIGNED,0.375,3.5664,HIGH_KN,False
2025-11-13,INTELLECT.NS,DOWN,TRAIN,RANGE,0.8486,0.625,HIGH,ALIGNED,0.375,-2.7401,HIGH_KN,True
2025-11-13,SUZLON.NS,DOWN,TRAIN,RANGE,0.8143,0.625,HIGH,ALIGNED,0.375,0.1737,HIGH_KN,False
2025-11-13,DIVISLAB.NS,DOWN,TRAIN,RANGE,0.8124,0.75,HIGH,ALIGNED,0.25,-1.2436,HIGH_KN,True
2025-11-13,OLECTRA.NS,DOWN,TRAIN,RANGE,0.808,0.75,HIGH,ALIGNED,0.25,-0.9992,HIGH_KN,True
2025-11-13,BRITANNIA.NS,DOWN,TRAIN,RANGE,0.8019,0.75,HIGH,ALIGNED,0.25,-0.8203,HIGH_KN,True
2025-11-13,SAPPHIRE.NS,DOWN,TRAIN,RANGE,0.801,0.625,HIGH,ALIGNED,0.375,-1.2455,HIGH_KN,True
2025-11-13,GLAXO.NS,DOWN,TRAIN,RANGE,0.7995,0.75,HIGH,ALIGNED,0.25,-0.6053,HIGH_KN,True
2025-11-13,POLICYBZR.NS,DOWN,TRAIN,RANGE,0.7896,0.625,HIGH,ALIGNED,0.375,0.2248,HIGH_KN,False
2025-11-13,BAJFINANCE.NS,DOWN,TRAIN,RANGE,0.767,0.75,HIGH,ALIGNED,0.25,1.303,HIGH_KN,False
2025-11-13,SYMPHONY.NS,DOWN,TRAIN,RANGE,0.757,0.75,HIGH,ALIGNED,0.25,-0.0113,HIGH_KN,True
2025-11-13,BANKBARODA.NS,DOWN,TRAIN,RANGE,0.739,0.75,HIGH,ALIGNED,0.25,1.2357,HIGH_KN,False
2025-11-13,ENDURANCE.NS,DOWN,TRAIN,RANGE,0.7383,0.75,HIGH,ALIGNED,0.25,-0.2043,HIGH_KN,True
2025-11-13,CERA.NS,DOWN,TRAIN,RANGE,0.7279,0.75,HIGH,ALIGNED,0.25,-1.2135,HIGH_KN,True
2025-11-13,VGUARD.NS,DOWN,TRAIN,RANGE,0.7262,0.75,HIGH,ALIGNED,0.25,-0.8609,HIGH_KN,True
2025-11-13,NCC.NS,DOWN,TRAIN,RANGE,0.7197,0.625,HIGH,ALIGNED,0.375,-0.0271,HIGH_KN,True
2025-11-13,VBL.NS,DOWN,TRAIN,RANGE,0.718,0.75,HIGH,ALIGNED,0.25,1.4128,HIGH_KN,False
2025-11-13,CLEAN.NS,DOWN,TRAIN,RANGE,0.7041,0.375,MEDIUM,CONFLICT,0.625,-2.1774,LOW_KN,True
2025-11-13,SHRIRAMFIN.NS,DOWN,TRAIN,RANGE,0.7012,0.625,HIGH,ALIGNED,0.375,-0.5774,HIGH_KN,True
2025-11-14,DATAPATTNS.NS,UP,TRAIN,RANGE,0.9601,1.0,HIGH,ALIGNED,0.0,-0.4773,HIGH_KN,False
2025-11-14,PARAS.NS,UP,TRAIN,RANGE,0.9429,1.0,HIGH,ALIGNED,0.0,-1.6321,HIGH_KN,False
2025-11-14,GRSE.NS,UP,TRAIN,RANGE,0.9217,1.0,HIGH,ALIGNED,0.0,-0.3107,HIGH_KN,False
2025-11-14,BDL.NS,UP,TRAIN,RANGE,0.92,1.0,HIGH,ALIGNED,0.0,-1.5058,HIGH_KN,False
2025-11-14,MUTHOOTFIN.NS,UP,TRAIN,RANGE,0.9042,0.75,HIGH,ALIGNED,0.25,0.9368,HIGH_KN,True
2025-11-14,MOTHERSON.NS,UP,TRAIN,RANGE,0.8798,1.0,HIGH,ALIGNED,0.0,0.1639,HIGH_KN,True
2025-11-14,ADANIENSOL.NS,UP,TRAIN,RANGE,0.8736,1.0,HIGH,ALIGNED,0.0,-0.2246,HIGH_KN,False
2025-11-14,STLTECH.NS,UP,TRAIN,RANGE,0.8466,0.875,HIGH,ALIGNED,0.125,-2.6795,HIGH_KN,False
2025-11-14,VOLTAS.NS,UP,TRAIN,RANGE,0.8433,0.875,HIGH,ALIGNED,0.125,1.7026,HIGH_KN,True
2025-11-14,GLENMARK.NS,UP,TRAIN,RANGE,0.8384,1.0,HIGH,ALIGNED,0.0,-1.4085,HIGH_KN,False
2025-11-14,MANAPPURAM.NS,UP,TRAIN,RANGE,0.82,1.0,HIGH,ALIGNED,0.0,0.5335,HIGH_KN,True
2025-11-14,NATIONALUM.NS,UP,TRAIN,RANGE,0.8089,0.375,MEDIUM,CONFLICT,0.625,-0.6893,LOW_KN,False
2025-11-14,ZENSARTECH.NS,UP,TRAIN,RANGE,0.8005,0.375,MEDIUM,CONFLICT,0.625,-0.0828,LOW_KN,False
2025-11-14,AUROPHARMA.NS,UP,TRAIN,RANGE,0.7966,0.75,HIGH,ALIGNED,0.25,1.1779,HIGH_KN,True
2025-11-14,INDUSINDBK.NS,UP,TRAIN,RANGE,0.7929,0.625,HIGH,ALIGNED,0.375,0.6838,HIGH_KN,True
2025-11-14,AMBER.NS,UP,TRAIN,RANGE,0.7882,0.625,HIGH,ALIGNED,0.375,0.9151,HIGH_KN,True
2025-11-14,ASHOKLEY.NS,UP,TRAIN,RANGE,0.783,0.875,HIGH,ALIGNED,0.125,0.1282,HIGH_KN,True
2025-11-14,ASIANPAINT.NS,UP,TRAIN,RANGE,0.7704,0.75,HIGH,ALIGNED,0.25,-0.6365,HIGH_KN,False
2025-11-14,KPITTECH.NS,UP,TRAIN,RANGE,0.7687,0.75,HIGH,ALIGNED,0.25,-0.5073,HIGH_KN,False
2025-11-14,HEROMOTOCO.NS,UP,TRAIN,RANGE,0.7665,1.0,HIGH,ALIGNED,0.0,4.6944,HIGH_KN,True
2025-11-14,INTELLECT.NS,DOWN,TRAIN,RANGE,0.8745,0.625,HIGH,ALIGNED,0.375,0.5965,HIGH_KN,False
2025-11-14,SHRIRAMFIN.NS,DOWN,TRAIN,RANGE,0.8432,0.75,HIGH,ALIGNED,0.25,1.0626,HIGH_KN,False
2025-11-14,BRITANNIA.NS,DOWN,TRAIN,RANGE,0.8394,0.75,HIGH,ALIGNED,0.25,0.4652,HIGH_KN,False
2025-11-14,BAJFINANCE.NS,DOWN,TRAIN,RANGE,0.8256,0.5,MEDIUM,ALIGNED,0.5,0.8149,HIGH_KN,False
2025-11-14,GLAXO.NS,DOWN,TRAIN,RANGE,0.8187,0.625,HIGH,ALIGNED,0.375,0.5526,HIGH_KN,False
2025-11-14,OLECTRA.NS,DOWN,TRAIN,RANGE,0.8165,0.75,HIGH,ALIGNED,0.25,0.0569,HIGH_KN,False
2025-11-14,TATASTEEL.NS,DOWN,TRAIN,RANGE,0.7729,0.875,HIGH,ALIGNED,0.125,-0.6255,HIGH_KN,True
2025-11-14,POLICYBZR.NS,DOWN,TRAIN,RANGE,0.769,0.375,MEDIUM,CONFLICT,0.625,4.4346,LOW_KN,False
2025-11-14,MAPMYINDIA.NS,DOWN,TRAIN,RANGE,0.7539,0.625,HIGH,ALIGNED,0.375,0.3723,HIGH_KN,False
2025-11-14,BANKBARODA.NS,DOWN,TRAIN,RANGE,0.7535,0.5,MEDIUM,ALIGNED,0.5,0.4185,HIGH_KN,False
2025-11-14,SOBHA.NS,DOWN,TRAIN,RANGE,0.752,0.625,HIGH,ALIGNED,0.375,2.8403,HIGH_KN,False
2025-11-14,UNIONBANK.NS,DOWN,TRAIN,RANGE,0.7494,0.5,MEDIUM,ALIGNED,0.5,0.8641,HIGH_KN,False
2025-11-14,ENDURANCE.NS,DOWN,TRAIN,RANGE,0.7411,0.875,HIGH,ALIGNED,0.125,0.0112,HIGH_KN,False
2025-11-14,NCC.NS,DOWN,TRAIN,RANGE,0.7362,0.625,HIGH,ALIGNED,0.375,0.0543,HIGH_KN,False
2025-11-14,DIVISLAB.NS,DOWN,TRAIN,RANGE,0.7315,0.875,HIGH,ALIGNED,0.125,0.1075,HIGH_KN,False
2025-11-14,SAPPHIRE.NS,DOWN,TRAIN,RANGE,0.7246,0.5,MEDIUM,ALIGNED,0.5,2.2172,HIGH_KN,False
2025-11-14,M&MFIN.NS,DOWN,TRAIN,RANGE,0.7214,0.75,HIGH,ALIGNED,0.25,1.7982,HIGH_KN,False
2025-11-14,BATAINDIA.NS,DOWN,TRAIN,RANGE,0.7209,0.625,HIGH,ALIGNED,0.375,-1.217,HIGH_KN,True
2025-11-14,CERA.NS,DOWN,TRAIN,RANGE,0.7076,0.75,HIGH,ALIGNED,0.25,0.0623,HIGH_KN,False
2025-11-14,SAIL.NS,DOWN,TRAIN,RANGE,0.7008,0.625,HIGH,ALIGNED,0.375,-0.4648,HIGH_KN,True
2025-11-17,IDEAFORGE.NS,UP,TRAIN,RANGE,0.9738,1.0,HIGH,ALIGNED,0.0,-3.6072,HIGH_KN,False
2025-11-17,IDEA.NS,UP,TRAIN,RANGE,0.9614,0.875,HIGH,ALIGNED,0.125,-1.7383,HIGH_KN,False
2025-11-17,DATAPATTNS.NS,UP,TRAIN,RANGE,0.9495,0.875,HIGH,ALIGNED,0.125,0.9236,HIGH_KN,True
2025-11-17,PARAS.NS,UP,TRAIN,RANGE,0.9415,0.875,HIGH,ALIGNED,0.125,-2.2963,HIGH_KN,False
2025-11-17,CENTUM.NS,UP,TRAIN,RANGE,0.9311,1.0,HIGH,ALIGNED,0.0,-1.5859,HIGH_KN,False
2025-11-17,MRPL.NS,UP,TRAIN,RANGE,0.9053,1.0,HIGH,ALIGNED,0.0,-2.7953,HIGH_KN,False
2025-11-17,MUTHOOTFIN.NS,UP,TRAIN,RANGE,0.8633,0.75,HIGH,ALIGNED,0.25,-1.7179,HIGH_KN,False
2025-11-17,MASTEK.NS,UP,TRAIN,RANGE,0.8558,1.0,HIGH,ALIGNED,0.0,-2.1315,HIGH_KN,False
2025-11-17,RAJESHEXPO.NS,UP,TRAIN,RANGE,0.8541,1.0,HIGH,ALIGNED,0.0,-0.0315,HIGH_KN,False
2025-11-17,GRSE.NS,UP,TRAIN,RANGE,0.8512,0.875,HIGH,ALIGNED,0.125,-1.0561,HIGH_KN,False
2025-11-17,HEROMOTOCO.NS,UP,TRAIN,RANGE,0.8352,1.0,HIGH,ALIGNED,0.0,0.0172,HIGH_KN,True
2025-11-17,BIOCON.NS,UP,TRAIN,RANGE,0.8279,0.625,HIGH,ALIGNED,0.375,0.1544,HIGH_KN,True
2025-11-17,RAILTEL.NS,UP,TRAIN,RANGE,0.8274,0.875,HIGH,ALIGNED,0.125,-2.2918,HIGH_KN,False
2025-11-17,IRCON.NS,UP,TRAIN,RANGE,0.8192,0.875,HIGH,ALIGNED,0.125,-0.3502,HIGH_KN,False
2025-11-17,BDL.NS,UP,TRAIN,RANGE,0.8175,0.75,HIGH,ALIGNED,0.25,-1.9692,HIGH_KN,False
2025-11-17,DEEPAKFERT.NS,UP,TRAIN,RANGE,0.8131,0.625,HIGH,ALIGNED,0.375,-2.1337,HIGH_KN,False
2025-11-17,ADANIGREEN.NS,UP,TRAIN,RANGE,0.8032,0.75,HIGH,ALIGNED,0.25,-1.0105,HIGH_KN,False
2025-11-17,AMBER.NS,UP,TRAIN,RANGE,0.8032,0.625,HIGH,ALIGNED,0.375,-1.1755,HIGH_KN,False
2025-11-17,FINEORG.NS,UP,TRAIN,RANGE,0.799,1.0,HIGH,ALIGNED,0.0,2.3715,HIGH_KN,True
2025-11-17,MOTHERSON.NS,UP,TRAIN,RANGE,0.7978,0.75,HIGH,ALIGNED,0.25,-0.9635,HIGH_KN,False
2025-11-17,NAVINFLUOR.NS,DOWN,TRAIN,RANGE,0.8685,0.625,HIGH,ALIGNED,0.375,0.3915,HIGH_KN,False
2025-11-17,SHRIRAMFIN.NS,DOWN,TRAIN,RANGE,0.8683,0.625,HIGH,ALIGNED,0.375,0.2812,HIGH_KN,False
2025-11-17,SAIL.NS,DOWN,TRAIN,RANGE,0.8567,0.75,HIGH,ALIGNED,0.25,-1.7194,HIGH_KN,True
2025-11-17,BAJFINANCE.NS,DOWN,TRAIN,RANGE,0.8466,0.5,MEDIUM,ALIGNED,0.5,-1.2855,HIGH_KN,True
2025-11-17,BRITANNIA.NS,DOWN,TRAIN,RANGE,0.8209,0.75,HIGH,ALIGNED,0.25,0.1629,HIGH_KN,False
2025-11-17,MIDHANI.NS,DOWN,TRAIN,RANGE,0.7961,0.75,HIGH,ALIGNED,0.25,-2.3533,HIGH_KN,True
2025-11-17,ENDURANCE.NS,DOWN,TRAIN,RANGE,0.7842,0.75,HIGH,ALIGNED,0.25,-2.6577,HIGH_KN,True
2025-11-17,TATASTEEL.NS,DOWN,TRAIN,RANGE,0.7825,0.75,HIGH,ALIGNED,0.25,-0.4158,HIGH_KN,True
2025-11-17,MPHASIS.NS,DOWN,TRAIN,RANGE,0.7765,0.875,HIGH,ALIGNED,0.125,-1.1232,HIGH_KN,True
2025-11-17,OLECTRA.NS,DOWN,TRAIN,RANGE,0.7675,0.75,HIGH,ALIGNED,0.25,-1.8824,HIGH_KN,True
2025-11-17,NATIONALUM.NS,DOWN,TRAIN,RANGE,0.7579,0.625,HIGH,ALIGNED,0.375,-1.3269,HIGH_KN,True
2025-11-17,VEDL.NS,DOWN,TRAIN,RANGE,0.7559,0.5,MEDIUM,ALIGNED,0.5,-1.9393,HIGH_KN,True
2025-11-17,MAPMYINDIA.NS,DOWN,TRAIN,RANGE,0.7432,0.75,HIGH,ALIGNED,0.25,-0.3356,HIGH_KN,True
2025-11-17,VGUARD.NS,DOWN,TRAIN,RANGE,0.7408,0.75,HIGH,ALIGNED,0.25,-0.4417,HIGH_KN,True
2025-11-17,CRAFTSMAN.NS,DOWN,TRAIN,RANGE,0.7277,0.625,HIGH,ALIGNED,0.375,-1.135,HIGH_KN,True
2025-11-17,COCHINSHIP.NS,DOWN,TRAIN,RANGE,0.718,0.625,HIGH,ALIGNED,0.375,-0.6796,HIGH_KN,True
2025-11-17,CHOLAFIN.NS,DOWN,TRAIN,RANGE,0.7164,0.75,HIGH,ALIGNED,0.25,-0.2589,HIGH_KN,True
2025-11-17,UNIONBANK.NS,DOWN,TRAIN,RANGE,0.7138,0.625,HIGH,ALIGNED,0.375,-0.6295,HIGH_KN,True
2025-11-17,DIVISLAB.NS,DOWN,TRAIN,RANGE,0.6909,0.75,HIGH,ALIGNED,0.25,-0.6903,HIGH_KN,True
2025-11-17,M&MFIN.NS,DOWN,TRAIN,RANGE,0.6899,0.25,LOW,CONFLICT,0.75,2.7689,LOW_KN,False
2025-11-18,CENTUM.NS,UP,TRAIN,RANGE,0.949,0.875,HIGH,ALIGNED,0.125,1.3767,HIGH_KN,True
2025-11-18,DATAPATTNS.NS,UP,TRAIN,RANGE,0.9276,0.75,HIGH,ALIGNED,0.25,-1.9008,HIGH_KN,False
2025-11-18,SAPPHIRE.NS,UP,TRAIN,RANGE,0.9236,0.75,HIGH,ALIGNED,0.25,0.3815,HIGH_KN,True
2025-11-18,RATEGAIN.NS,UP,TRAIN,RANGE,0.9137,0.875,HIGH,ALIGNED,0.125,-0.301,HIGH_KN,False
2025-11-18,IDEAFORGE.NS,UP,TRAIN,RANGE,0.8892,0.625,HIGH,ALIGNED,0.375,-0.8841,HIGH_KN,False
2025-11-18,BIOCON.NS,UP,TRAIN,RANGE,0.8817,0.75,HIGH,ALIGNED,0.25,-2.7277,HIGH_KN,False
2025-11-18,BSE.NS,UP,TRAIN,RANGE,0.8697,0.625,HIGH,ALIGNED,0.375,2.2653,HIGH_KN,True
2025-11-18,FINEORG.NS,UP,TRAIN,RANGE,0.8442,1.0,HIGH,ALIGNED,0.0,-0.873,HIGH_KN,False
2025-11-18,HEROMOTOCO.NS,UP,TRAIN,RANGE,0.8365,1.0,HIGH,ALIGNED,0.0,1.3277,HIGH_KN,True
2025-11-18,PARAS.NS,UP,TRAIN,RANGE,0.8325,0.75,HIGH,ALIGNED,0.25,-2.0514,HIGH_KN,False
2025-11-18,IDEA.NS,UP,TRAIN,RANGE,0.8257,0.75,HIGH,ALIGNED,0.25,-0.4655,HIGH_KN,False
2025-11-18,RAJESHEXPO.NS,UP,TRAIN,RANGE,0.8228,0.875,HIGH,ALIGNED,0.125,-0.7254,HIGH_KN,False
2025-11-18,ROUTE.NS,UP,TRAIN,RANGE,0.8166,0.5,MEDIUM,ALIGNED,0.5,-1.7895,HIGH_KN,False
2025-11-18,SUNDRMFAST.NS,UP,TRAIN,RANGE,0.8111,1.0,HIGH,ALIGNED,0.0,-2.5083,HIGH_KN,False
2025-11-18,VOLTAS.NS,UP,TRAIN,RANGE,0.8108,0.75,HIGH,ALIGNED,0.25,1.2715,HIGH_KN,True
2025-11-18,GRANULES.NS,UP,TRAIN,RANGE,0.7981,0.875,HIGH,ALIGNED,0.125,-1.3358,HIGH_KN,False
2025-11-18,GLENMARK.NS,UP,TRAIN,RANGE,0.795,0.5,MEDIUM,ALIGNED,0.5,-0.1085,HIGH_KN,False
2025-11-18,AUROPHARMA.NS,UP,TRAIN,RANGE,0.7947,0.75,HIGH,ALIGNED,0.25,-0.2824,HIGH_KN,False
2025-11-18,ATUL.NS,UP,TRAIN,RANGE,0.781,1.0,HIGH,ALIGNED,0.0,-0.1058,HIGH_KN,False
2025-11-18,M&MFIN.NS,UP,TRAIN,RANGE,0.7601,0.75,HIGH,ALIGNED,0.25,2.1524,HIGH_KN,True
2025-11-18,NATIONALUM.NS,DOWN,TRAIN,RANGE,0.8919,0.75,HIGH,ALIGNED,0.25,-0.2721,HIGH_KN,True
2025-11-18,SAIL.NS,DOWN,TRAIN,RANGE,0.8605,0.625,HIGH,ALIGNED,0.375,0.7847,HIGH_KN,False
2025-11-18,SHRIRAMFIN.NS,DOWN,TRAIN,RANGE,0.8582,0.5,MEDIUM,ALIGNED,0.5,-0.2621,HIGH_KN,True
2025-11-18,CRAFTSMAN.NS,DOWN,TRAIN,RANGE,0.8562,0.75,HIGH,ALIGNED,0.25,1.0362,HIGH_KN,False
2025-11-18,MIDHANI.NS,DOWN,TRAIN,RANGE,0.8536,0.75,HIGH,ALIGNED,0.25,-0.3402,HIGH_KN,True
2025-11-18,HFCL.NS,DOWN,TRAIN,RANGE,0.8192,0.75,HIGH,ALIGNED,0.25,-0.7131,HIGH_KN,True
2025-11-18,VEDL.NS,DOWN,TRAIN,RANGE,0.8107,0.75,HIGH,ALIGNED,0.25,0.2154,HIGH_KN,False
2025-11-18,ENDURANCE.NS,DOWN,TRAIN,RANGE,0.7904,0.625,HIGH,ALIGNED,0.375,4.6499,HIGH_KN,False
2025-11-18,NAVINFLUOR.NS,DOWN,TRAIN,RANGE,0.7874,0.5,MEDIUM,ALIGNED,0.5,-0.0581,HIGH_KN,True
2025-11-18,AJANTPHARM.NS,DOWN,TRAIN,RANGE,0.7781,0.875,HIGH,ALIGNED,0.125,2.4246,HIGH_KN,False
2025-11-18,VBL.NS,DOWN,TRAIN,RANGE,0.7595,0.625,HIGH,ALIGNED,0.375,-0.7316,HIGH_KN,True
2025-11-18,MOIL.NS,DOWN,TRAIN,RANGE,0.7531,0.75,HIGH,ALIGNED,0.25,-1.2082,HIGH_KN,True
2025-11-18,MPHASIS.NS,DOWN,TRAIN,RANGE,0.7526,0.75,HIGH,ALIGNED,0.25,2.0764,HIGH_KN,False
2025-11-18,BRITANNIA.NS,DOWN,TRAIN,RANGE,0.7418,0.625,HIGH,ALIGNED,0.375,0.5908,HIGH_KN,False
2025-11-18,COCHINSHIP.NS,DOWN,TRAIN,RANGE,0.7387,0.625,HIGH,ALIGNED,0.375,-0.6257,HIGH_KN,True
2025-11-18,TATASTEEL.NS,DOWN,TRAIN,RANGE,0.7274,0.75,HIGH,ALIGNED,0.25,0.4407,HIGH_KN,False
2025-11-18,M&M.NS,DOWN,TRAIN,RANGE,0.7272,0.75,HIGH,ALIGNED,0.25,0.7497,HIGH_KN,False
2025-11-18,INFY.NS,DOWN,TRAIN,RANGE,0.7077,0.75,HIGH,ALIGNED,0.25,3.68,HIGH_KN,False
2025-11-18,BEL.NS,DOWN,TRAIN,RANGE,0.7034,0.625,HIGH,ALIGNED,0.375,0.5464,HIGH_KN,False
2025-11-18,MRPL.NS,DOWN,TRAIN,RANGE,0.6992,0.5,MEDIUM,ALIGNED,0.5,-2.4104,HIGH_KN,True
2025-11-19,JPPOWER.NS,UP,TRAIN,RANGE,0.9507,0.75,HIGH,ALIGNED,0.25,6.7588,HIGH_KN,True
2025-11-19,SAPPHIRE.NS,UP,TRAIN,RANGE,0.9279,0.75,HIGH,ALIGNED,0.25,-0.532,HIGH_KN,False
2025-11-19,M&MFIN.NS,UP,TRAIN,RANGE,0.9012,0.75,HIGH,ALIGNED,0.25,5.0781,HIGH_KN,True
2025-11-19,DEEPAKFERT.NS,UP,TRAIN,RANGE,0.8964,0.875,HIGH,ALIGNED,0.125,-0.1794,HIGH_KN,False
2025-11-19,MOTHERSON.NS,UP,TRAIN,RANGE,0.8925,1.0,HIGH,ALIGNED,0.0,-0.1427,HIGH_KN,False
2025-11-19,CENTUM.NS,UP,TRAIN,RANGE,0.8883,0.875,HIGH,ALIGNED,0.125,-1.2717,HIGH_KN,False
2025-11-19,POLICYBZR.NS,UP,TRAIN,RANGE,0.8862,1.0,HIGH,ALIGNED,0.0,-0.3674,HIGH_KN,False
2025-11-19,FINEORG.NS,UP,TRAIN,RANGE,0.8641,0.875,HIGH,ALIGNED,0.125,-0.7818,HIGH_KN,False
2025-11-19,DATAPATTNS.NS,UP,TRAIN,RANGE,0.8279,0.625,HIGH,ALIGNED,0.375,1.6169,HIGH_KN,True
2025-11-19,SUDARSCHEM.NS,UP,TRAIN,RANGE,0.8252,0.5,MEDIUM,ALIGNED,0.5,-0.3279,HIGH_KN,False
2025-11-19,VOLTAS.NS,UP,TRAIN,RANGE,0.8165,0.875,HIGH,ALIGNED,0.125,0.7134,HIGH_KN,True
2025-11-19,RATEGAIN.NS,UP,TRAIN,RANGE,0.7985,0.75,HIGH,ALIGNED,0.25,0.3159,HIGH_KN,True
2025-11-19,ERIS.NS,UP,TRAIN,RANGE,0.7927,1.0,HIGH,ALIGNED,0.0,3.6439,HIGH_KN,True
2025-11-19,HEROMOTOCO.NS,UP,TRAIN,RANGE,0.7903,0.875,HIGH,ALIGNED,0.125,2.0931,HIGH_KN,True
2025-11-19,IDEA.NS,UP,TRAIN,RANGE,0.7859,0.625,HIGH,ALIGNED,0.375,-4.8644,HIGH_KN,False
2025-11-19,LTTS.NS,UP,TRAIN,RANGE,0.784,1.0,HIGH,ALIGNED,0.0,-2.4482,HIGH_KN,False
2025-11-19,PRESTIGE.NS,UP,TRAIN,RANGE,0.7782,0.625,HIGH,ALIGNED,0.375,-0.0058,HIGH_KN,False
2025-11-19,BHARATFORG.NS,UP,TRAIN,RANGE,0.7684,0.625,HIGH,ALIGNED,0.375,-0.7468,HIGH_KN,False
2025-11-19,BSE.NS,UP,TRAIN,RANGE,0.768,0.5,MEDIUM,ALIGNED,0.5,-0.0966,HIGH_KN,False
2025-11-19,INTELLECT.NS,UP,TRAIN,RANGE,0.7546,0.875,HIGH,ALIGNED,0.125,-3.9639,HIGH_KN,False
2025-11-19,NATIONALUM.NS,DOWN,TRAIN,RANGE,0.8895,0.75,HIGH,ALIGNED,0.25,0.3975,HIGH_KN,False
2025-11-19,MIDHANI.NS,DOWN,TRAIN,RANGE,0.8515,0.75,HIGH,ALIGNED,0.25,0.4694,HIGH_KN,False
2025-11-19,TEJASNET.NS,DOWN,TRAIN,RANGE,0.8505,0.75,HIGH,ALIGNED,0.25,-0.3909,HIGH_KN,True
2025-11-19,COCHINSHIP.NS,DOWN,TRAIN,RANGE,0.8182,0.75,HIGH,ALIGNED,0.25,1.4947,HIGH_KN,False
2025-11-19,CRAFTSMAN.NS,DOWN,TRAIN,RANGE,0.8155,0.5,MEDIUM,ALIGNED,0.5,-0.0959,HIGH_KN,True
2025-11-19,ROUTE.NS,DOWN,TRAIN,RANGE,0.8029,0.75,HIGH,ALIGNED,0.25,-0.2865,HIGH_KN,True
2025-11-19,INDUSINDBK.NS,DOWN,TRAIN,RANGE,0.7924,0.75,HIGH,ALIGNED,0.25,-1.2149,HIGH_KN,True
2025-11-19,HFCL.NS,DOWN,TRAIN,RANGE,0.774,0.75,HIGH,ALIGNED,0.25,-0.5285,HIGH_KN,True
2025-11-19,ENDURANCE.NS,DOWN,TRAIN,RANGE,0.7721,0.625,HIGH,ALIGNED,0.375,0.5737,HIGH_KN,False
2025-11-19,ZENSARTECH.NS,DOWN,TRAIN,RANGE,0.7701,0.625,HIGH,ALIGNED,0.375,1.4235,HIGH_KN,False
2025-11-19,GNFC.NS,DOWN,TRAIN,RANGE,0.7687,0.75,HIGH,ALIGNED,0.25,-0.4252,HIGH_KN,True
2025-11-19,SOLARINDS.NS,DOWN,TRAIN,RANGE,0.7456,0.625,HIGH,ALIGNED,0.375,1.0283,HIGH_KN,False
2025-11-19,UNIONBANK.NS,DOWN,TRAIN,RANGE,0.7389,0.5,MEDIUM,ALIGNED,0.5,-0.8351,HIGH_KN,True
2025-11-19,SHRIRAMFIN.NS,DOWN,TRAIN,RANGE,0.7387,0.625,HIGH,ALIGNED,0.375,1.0452,HIGH_KN,False
2025-11-19,MPHASIS.NS,DOWN,TRAIN,RANGE,0.7318,0.75,HIGH,ALIGNED,0.25,0.9839,HIGH_KN,False
2025-11-19,MOIL.NS,DOWN,TRAIN,RANGE,0.7138,0.625,HIGH,ALIGNED,0.375,-2.1512,HIGH_KN,True
2025-11-19,TORNTPHARM.NS,DOWN,TRAIN,RANGE,0.7011,0.75,HIGH,ALIGNED,0.25,-0.268,HIGH_KN,True
2025-11-19,PAGEIND.NS,DOWN,TRAIN,RANGE,0.6954,0.75,HIGH,ALIGNED,0.25,-0.6313,HIGH_KN,True
2025-11-19,SOBHA.NS,DOWN,TRAIN,RANGE,0.6948,0.75,HIGH,ALIGNED,0.25,-0.7965,HIGH_KN,True
2025-11-19,GRSE.NS,DOWN,TRAIN,RANGE,0.69,0.625,HIGH,ALIGNED,0.375,3.241,HIGH_KN,False
2025-11-20,JPPOWER.NS,UP,TRAIN,RANGE,0.9799,0.75,HIGH,ALIGNED,0.25,-7.5323,HIGH_KN,False
2025-11-20,RADICO.NS,UP,TRAIN,RANGE,0.9206,1.0,HIGH,ALIGNED,0.0,-2.8177,HIGH_KN,False
2025-11-20,M&MFIN.NS,UP,TRAIN,RANGE,0.9182,0.75,HIGH,ALIGNED,0.25,-1.1685,HIGH_KN,False
2025-11-20,ERIS.NS,UP,TRAIN,RANGE,0.9066,1.0,HIGH,ALIGNED,0.0,-0.2156,HIGH_KN,False
2025-11-20,GRSE.NS,UP,TRAIN,RANGE,0.892,0.875,HIGH,ALIGNED,0.125,-3.5672,HIGH_KN,False
2025-11-20,NATCOPHARM.NS,UP,TRAIN,RANGE,0.8646,1.0,HIGH,ALIGNED,0.0,-0.5177,HIGH_KN,False
2025-11-20,IDEAFORGE.NS,UP,TRAIN,RANGE,0.8641,0.75,HIGH,ALIGNED,0.25,-2.8571,HIGH_KN,False
2025-11-20,HEROMOTOCO.NS,UP,TRAIN,RANGE,0.8417,0.75,HIGH,ALIGNED,0.25,0.05,HIGH_KN,True
2025-11-20,PARAS.NS,UP,TRAIN,RANGE,0.8369,0.75,HIGH,ALIGNED,0.25,-3.3818,HIGH_KN,False
2025-11-20,ENDURANCE.NS,UP,TRAIN,RANGE,0.833,0.75,HIGH,ALIGNED,0.25,-1.5986,HIGH_KN,False
2025-11-20,METROBRAND.NS,UP,TRAIN,RANGE,0.8274,0.75,HIGH,ALIGNED,0.25,0.2803,HIGH_KN,True
2025-11-20,CENTUM.NS,UP,TRAIN,RANGE,0.8233,0.625,HIGH,ALIGNED,0.375,-1.6578,HIGH_KN,False
2025-11-20,RAJESHEXPO.NS,UP,TRAIN,RANGE,0.8027,0.875,HIGH,ALIGNED,0.125,-2.6262,HIGH_KN,False
2025-11-20,DATAPATTNS.NS,UP,TRAIN,RANGE,0.7876,0.875,HIGH,ALIGNED,0.125,-2.4544,HIGH_KN,False
2025-11-20,SAPPHIRE.NS,UP,TRAIN,RANGE,0.7876,0.5,MEDIUM,ALIGNED,0.5,-2.5788,HIGH_KN,False
2025-11-20,BSE.NS,UP,TRAIN,RANGE,0.7818,0.375,MEDIUM,CONFLICT,0.625,-1.2848,LOW_KN,False
2025-11-20,EICHERMOT.NS,UP,TRAIN,RANGE,0.7757,1.0,HIGH,ALIGNED,0.0,0.1263,HIGH_KN,True
2025-11-20,POLICYBZR.NS,UP,TRAIN,RANGE,0.774,0.75,HIGH,ALIGNED,0.25,-1.7951,HIGH_KN,False
2025-11-20,VOLTAS.NS,UP,TRAIN,RANGE,0.7716,0.875,HIGH,ALIGNED,0.125,-1.1333,HIGH_KN,False
2025-11-20,LTTS.NS,UP,TRAIN,RANGE,0.7682,0.875,HIGH,ALIGNED,0.125,-1.5215,HIGH_KN,False
2025-11-20,NATIONALUM.NS,DOWN,TRAIN,RANGE,0.9023,0.625,HIGH,ALIGNED,0.375,-2.6939,HIGH_KN,True
2025-11-20,BIOCON.NS,DOWN,TRAIN,RANGE,0.8637,0.875,HIGH,ALIGNED,0.125,0.4302,HIGH_KN,False
2025-11-20,MIDHANI.NS,DOWN,TRAIN,RANGE,0.8447,0.625,HIGH,ALIGNED,0.375,-2.1096,HIGH_KN,True
2025-11-20,ROUTE.NS,DOWN,TRAIN,RANGE,0.8214,0.75,HIGH,ALIGNED,0.25,-1.2821,HIGH_KN,True
2025-11-20,INDUSINDBK.NS,DOWN,TRAIN,RANGE,0.801,0.75,HIGH,ALIGNED,0.25,2.0678,HIGH_KN,False
2025-11-20,ASIANPAINT.NS,DOWN,TRAIN,RANGE,0.7867,0.75,HIGH,ALIGNED,0.25,0.5875,HIGH_KN,False
2025-11-20,FINPIPE.NS,DOWN,TRAIN,RANGE,0.7633,0.875,HIGH,ALIGNED,0.125,0.9892,HIGH_KN,False
2025-11-20,GNFC.NS,DOWN,TRAIN,RANGE,0.7629,0.75,HIGH,ALIGNED,0.25,0.1118,HIGH_KN,False
2025-11-20,MOIL.NS,DOWN,TRAIN,RANGE,0.7539,0.625,HIGH,ALIGNED,0.375,-1.8973,HIGH_KN,True
2025-11-20,TEJASNET.NS,DOWN,TRAIN,RANGE,0.7517,0.75,HIGH,ALIGNED,0.25,-1.2657,HIGH_KN,True
2025-11-20,TORNTPHARM.NS,DOWN,TRAIN,RANGE,0.7484,0.75,HIGH,ALIGNED,0.25,-0.9378,HIGH_KN,True
2025-11-20,ASHOKLEY.NS,DOWN,TRAIN,RANGE,0.7416,0.625,HIGH,ALIGNED,0.375,-1.0599,HIGH_KN,True
2025-11-20,WELCORP.NS,DOWN,TRAIN,RANGE,0.7405,0.75,HIGH,ALIGNED,0.25,-1.7268,HIGH_KN,True
2025-11-20,JINDALPOLY.NS,DOWN,TRAIN,RANGE,0.7311,0.75,HIGH,ALIGNED,0.25,-1.1598,HIGH_KN,True
2025-11-20,ADANIENSOL.NS,DOWN,TRAIN,RANGE,0.7298,0.75,HIGH,ALIGNED,0.25,-1.8921,HIGH_KN,True
2025-11-20,VEDL.NS,DOWN,TRAIN,RANGE,0.729,0.625,HIGH,ALIGNED,0.375,-2.6189,HIGH_KN,True
2025-11-20,ZENSARTECH.NS,DOWN,TRAIN,RANGE,0.7218,0.625,HIGH,ALIGNED,0.375,-1.4314,HIGH_KN,True
2025-11-20,NOCIL.NS,DOWN,TRAIN,RANGE,0.7175,0.75,HIGH,ALIGNED,0.25,0.4909,HIGH_KN,False
2025-11-20,PRESTIGE.NS,DOWN,TRAIN,RANGE,0.7156,0.75,HIGH,ALIGNED,0.25,-1.6713,HIGH_KN,True
2025-11-20,HFCL.NS,DOWN,TRAIN,RANGE,0.7153,0.75,HIGH,ALIGNED,0.25,-2.3842,HIGH_KN,True
2025-11-21,JPPOWER.NS,UP,TRAIN,RANGE,0.9914,0.75,HIGH,ALIGNED,0.25,-3.2484,HIGH_KN,False
2025-11-21,M&MFIN.NS,UP,TRAIN,RANGE,0.9292,0.75,HIGH,ALIGNED,0.25,4.3789,HIGH_KN,True
2025-11-21,ERIS.NS,UP,TRAIN,RANGE,0.8923,0.875,HIGH,ALIGNED,0.125,1.0804,HIGH_KN,True
2025-11-21,GODREJAGRO.NS,UP,TRAIN,RANGE,0.8816,0.625,HIGH,ALIGNED,0.375,-1.7309,HIGH_KN,False
2025-11-21,VOLTAS.NS,UP,TRAIN,RANGE,0.8593,0.875,HIGH,ALIGNED,0.125,-2.9517,HIGH_KN,False
2025-11-21,NATCOPHARM.NS,UP,TRAIN,RANGE,0.8416,0.875,HIGH,ALIGNED,0.125,-2.7232,HIGH_KN,False
2025-11-21,RADICO.NS,UP,TRAIN,RANGE,0.8371,0.625,HIGH,ALIGNED,0.375,-0.5194,HIGH_KN,False
2025-11-21,TATACOMM.NS,UP,TRAIN,RANGE,0.8275,1.0,HIGH,ALIGNED,0.0,-2.0876,HIGH_KN,False
2025-11-21,TATACONSUM.NS,UP,TRAIN,RANGE,0.8134,1.0,HIGH,ALIGNED,0.0,0.2451,HIGH_KN,True
2025-11-21,HEROMOTOCO.NS,UP,TRAIN,RANGE,0.7995,0.625,HIGH,ALIGNED,0.375,-0.3415,HIGH_KN,False
2025-11-21,POLICYBZR.NS,UP,TRAIN,RANGE,0.7983,0.75,HIGH,ALIGNED,0.25,-1.6291,HIGH_KN,False
2025-11-21,EICHERMOT.NS,UP,TRAIN,RANGE,0.7957,1.0,HIGH,ALIGNED,0.0,1.738,HIGH_KN,True
2025-11-21,SAPPHIRE.NS,UP,TRAIN,RANGE,0.7715,0.375,MEDIUM,CONFLICT,0.625,-0.1765,LOW_KN,False
2025-11-21,METROBRAND.NS,UP,TRAIN,RANGE,0.7694,0.75,HIGH,ALIGNED,0.25,0.4892,HIGH_KN,True
2025-11-21,IDEAFORGE.NS,UP,TRAIN,RANGE,0.749,0.5,MEDIUM,ALIGNED,0.5,-3.4001,HIGH_KN,False
2025-11-21,NAUKRI.NS,UP,TRAIN,RANGE,0.7431,0.625,HIGH,ALIGNED,0.375,0.4402,HIGH_KN,True
2025-11-21,ENDURANCE.NS,UP,TRAIN,RANGE,0.7397,0.5,MEDIUM,ALIGNED,0.5,-1.3477,HIGH_KN,False
2025-11-21,GLAXO.NS,UP,TRAIN,RANGE,0.7289,0.625,HIGH,ALIGNED,0.375,-0.8367,HIGH_KN,False
2025-11-21,BLUESTARCO.NS,UP,TRAIN,RANGE,0.7251,0.375,MEDIUM,CONFLICT,0.625,0.5067,LOW_KN,True
2025-11-21,M&M.NS,UP,TRAIN,RANGE,0.7232,1.0,HIGH,ALIGNED,0.0,-1.5682,HIGH_KN,False
2025-11-21,BDL.NS,DOWN,TRAIN,RANGE,0.8646,0.625,HIGH,ALIGNED,0.375,-2.36,HIGH_KN,True
2025-11-21,NATIONALUM.NS,DOWN,TRAIN,RANGE,0.8588,0.75,HIGH,ALIGNED,0.25,0.1516,HIGH_KN,False
2025-11-21,PARAS.NS,DOWN,TRAIN,RANGE,0.8555,0.625,HIGH,ALIGNED,0.375,-1.7327,HIGH_KN,True
2025-11-21,DATAPATTNS.NS,DOWN,TRAIN,RANGE,0.8314,0.75,HIGH,ALIGNED,0.25,-2.8794,HIGH_KN,True
2025-11-21,GRSE.NS,DOWN,TRAIN,RANGE,0.821,0.75,HIGH,ALIGNED,0.25,-3.7275,HIGH_KN,True
2025-11-21,BIOCON.NS,DOWN,TRAIN,RANGE,0.803,0.625,HIGH,ALIGNED,0.375,-0.4032,HIGH_KN,True
2025-11-21,MUTHOOTFIN.NS,DOWN,TRAIN,RANGE,0.7833,0.75,HIGH,ALIGNED,0.25,-0.5941,HIGH_KN,True
2025-11-21,MOIL.NS,DOWN,TRAIN,RANGE,0.7766,0.625,HIGH,ALIGNED,0.375,-2.7475,HIGH_KN,True
2025-11-21,ONMOBILE.NS,DOWN,TRAIN,RANGE,0.767,0.625,HIGH,ALIGNED,0.375,-2.7255,HIGH_KN,True
2025-11-21,HFCL.NS,DOWN,TRAIN,RANGE,0.7541,0.625,HIGH,ALIGNED,0.375,-0.6839,HIGH_KN,True
2025-11-21,STLTECH.NS,DOWN,TRAIN,RANGE,0.7481,0.75,HIGH,ALIGNED,0.25,1.4426,HIGH_KN,False
2025-11-21,ASIANPAINT.NS,DOWN,TRAIN,RANGE,0.7476,0.625,HIGH,ALIGNED,0.375,0.0904,HIGH_KN,False
2025-11-21,HINDZINC.NS,DOWN,TRAIN,RANGE,0.7421,0.625,HIGH,ALIGNED,0.375,-0.9383,HIGH_KN,True
2025-11-21,RATEGAIN.NS,DOWN,TRAIN,RANGE,0.7396,0.625,HIGH,ALIGNED,0.375,0.8113,HIGH_KN,False
2025-11-21,IDEA.NS,DOWN,TRAIN,RANGE,0.7315,0.75,HIGH,ALIGNED,0.25,0.1003,HIGH_KN,False
2025-11-21,IGL.NS,DOWN,TRAIN,RANGE,0.7285,0.625,HIGH,ALIGNED,0.375,-1.1966,HIGH_KN,True
2025-11-21,TEJASNET.NS,DOWN,TRAIN,RANGE,0.7275,0.75,HIGH,ALIGNED,0.25,-3.806,HIGH_KN,True
2025-11-21,ZENSARTECH.NS,DOWN,TRAIN,RANGE,0.7256,0.625,HIGH,ALIGNED,0.375,1.0503,HIGH_KN,False
2025-11-21,AMBER.NS,DOWN,TRAIN,RANGE,0.7196,0.625,HIGH,ALIGNED,0.375,-2.1192,HIGH_KN,True
2025-11-21,TORNTPHARM.NS,DOWN,TRAIN,RANGE,0.7194,0.625,HIGH,ALIGNED,0.375,0.8653,HIGH_KN,False
2025-11-24,M&MFIN.NS,UP,TRAIN,RANGE,0.9122,0.75,HIGH,ALIGNED,0.25,0.7831,HIGH_KN,True
2025-11-24,JPPOWER.NS,UP,TRAIN,RANGE,0.8849,0.5,MEDIUM,ALIGNED,0.5,1.4979,HIGH_KN,True
2025-11-24,CLEAN.NS,UP,TRAIN,RANGE,0.8624,0.75,HIGH,ALIGNED,0.25,-2.9652,HIGH_KN,False
2025-11-24,APOLLOTYRE.NS,UP,TRAIN,RANGE,0.8289,1.0,HIGH,ALIGNED,0.0,-1.155,HIGH_KN,False
2025-11-24,NOCIL.NS,UP,TRAIN,RANGE,0.8234,0.75,HIGH,ALIGNED,0.25,-0.4231,HIGH_KN,False
2025-11-24,METROBRAND.NS,UP,TRAIN,RANGE,0.8151,0.75,HIGH,ALIGNED,0.25,0.3825,HIGH_KN,True
2025-11-24,ERIS.NS,UP,TRAIN,RANGE,0.8091,0.875,HIGH,ALIGNED,0.125,-1.8943,HIGH_KN,False
2025-11-24,MPHASIS.NS,UP,TRAIN,RANGE,0.8024,0.875,HIGH,ALIGNED,0.125,1.1536,HIGH_KN,True
2025-11-24,EICHERMOT.NS,UP,TRAIN,RANGE,0.7902,1.0,HIGH,ALIGNED,0.0,-0.5511,HIGH_KN,False
2025-11-24,BHARATFORG.NS,UP,TRAIN,RANGE,0.7823,0.75,HIGH,ALIGNED,0.25,-0.177,HIGH_KN,False
2025-11-24,PERSISTENT.NS,UP,TRAIN,RANGE,0.7799,0.625,HIGH,ALIGNED,0.375,-0.0628,HIGH_KN,False
2025-11-24,NAUKRI.NS,UP,TRAIN,RANGE,0.7797,0.75,HIGH,ALIGNED,0.25,-1.0622,HIGH_KN,False
2025-11-24,NATCOPHARM.NS,UP,TRAIN,RANGE,0.7536,0.5,MEDIUM,ALIGNED,0.5,-0.8618,HIGH_KN,False
2025-11-24,COROMANDEL.NS,UP,TRAIN,RANGE,0.7522,1.0,HIGH,ALIGNED,0.0,0.1347,HIGH_KN,True
2025-11-24,INFY.NS,UP,TRAIN,RANGE,0.7486,1.0,HIGH,ALIGNED,0.0,-1.124,HIGH_KN,False
2025-11-24,SAPPHIRE.NS,UP,TRAIN,RANGE,0.7457,0.5,MEDIUM,ALIGNED,0.5,1.9643,HIGH_KN,True
2025-11-24,SUNDRMFAST.NS,UP,TRAIN,RANGE,0.7411,0.875,HIGH,ALIGNED,0.125,-2.2838,HIGH_KN,False
2025-11-24,TECHM.NS,UP,TRAIN,RANGE,0.7364,0.875,HIGH,ALIGNED,0.125,0.0,HIGH_KN,False
2025-11-24,VOLTAS.NS,UP,TRAIN,RANGE,0.7227,0.375,MEDIUM,CONFLICT,0.625,0.1255,LOW_KN,True
2025-11-24,BRITANNIA.NS,UP,TRAIN,RANGE,0.7175,0.625,HIGH,ALIGNED,0.375,0.8856,HIGH_KN,True
2025-11-24,IDEAFORGE.NS,DOWN,TRAIN,RANGE,0.8608,0.75,HIGH,ALIGNED,0.25,0.5074,HIGH_KN,False
2025-11-24,BDL.NS,DOWN,TRAIN,RANGE,0.8464,0.75,HIGH,ALIGNED,0.25,-0.9885,HIGH_KN,True
2025-11-24,TEJASNET.NS,DOWN,TRAIN,RANGE,0.8397,0.625,HIGH,ALIGNED,0.375,-1.5083,HIGH_KN,True
2025-11-24,GRSE.NS,DOWN,TRAIN,RANGE,0.8375,0.75,HIGH,ALIGNED,0.25,-0.0664,HIGH_KN,True
2025-11-24,PARAS.NS,DOWN,TRAIN,RANGE,0.8333,0.75,HIGH,ALIGNED,0.25,0.2186,HIGH_KN,False
2025-11-24,DATAPATTNS.NS,DOWN,TRAIN,RANGE,0.8272,0.625,HIGH,ALIGNED,0.375,0.1768,HIGH_KN,False
2025-11-24,ONMOBILE.NS,DOWN,TRAIN,RANGE,0.8203,0.625,HIGH,ALIGNED,0.375,2.0039,HIGH_KN,False
2025-11-24,BIOCON.NS,DOWN,TRAIN,RANGE,0.8163,0.625,HIGH,ALIGNED,0.375,-0.506,HIGH_KN,True
2025-11-24,AMBER.NS,DOWN,TRAIN,RANGE,0.8081,0.75,HIGH,ALIGNED,0.25,1.3417,HIGH_KN,False
2025-11-24,MOIL.NS,DOWN,TRAIN,RANGE,0.7787,0.625,HIGH,ALIGNED,0.375,1.7361,HIGH_KN,False
2025-11-24,HAL.NS,DOWN,TRAIN,RANGE,0.772,0.75,HIGH,ALIGNED,0.25,-0.0787,HIGH_KN,True
2025-11-24,MUTHOOTFIN.NS,DOWN,TRAIN,RANGE,0.7715,0.625,HIGH,ALIGNED,0.375,1.8537,HIGH_KN,False
2025-11-24,MIDHANI.NS,DOWN,TRAIN,RANGE,0.7641,0.75,HIGH,ALIGNED,0.25,0.7491,HIGH_KN,False
2025-11-24,BEML.NS,DOWN,TRAIN,RANGE,0.7567,0.625,HIGH,ALIGNED,0.375,0.9651,HIGH_KN,False
2025-11-24,ROUTE.NS,DOWN,TRAIN,RANGE,0.7567,0.75,HIGH,ALIGNED,0.25,4.0732,HIGH_KN,False
2025-11-24,MRPL.NS,DOWN,TRAIN,RANGE,0.7522,0.625,HIGH,ALIGNED,0.375,-0.6174,HIGH_KN,True
2025-11-24,PRESTIGE.NS,DOWN,TRAIN,RANGE,0.7459,0.75,HIGH,ALIGNED,0.25,1.508,HIGH_KN,False
2025-11-24,CENTUM.NS,DOWN,TRAIN,RANGE,0.7266,0.75,HIGH,ALIGNED,0.25,0.8235,HIGH_KN,False
2025-11-24,DEEPAKFERT.NS,DOWN,TRAIN,RANGE,0.7254,0.75,HIGH,ALIGNED,0.25,0.9603,HIGH_KN,False
2025-11-24,MASTEK.NS,DOWN,TRAIN,RANGE,0.7195,0.75,HIGH,ALIGNED,0.25,-0.8805,HIGH_KN,True
2025-11-25,JPPOWER.NS,UP,TRAIN,RANGE,0.9801,0.75,HIGH,ALIGNED,0.25,-2.1883,HIGH_KN,False
2025-11-25,CRAFTSMAN.NS,UP,TRAIN,RANGE,0.9598,1.0,HIGH,ALIGNED,0.0,1.1394,HIGH_KN,True
2025-11-25,ERIS.NS,UP,TRAIN,RANGE,0.9167,0.75,HIGH,ALIGNED,0.25,-2.1488,HIGH_KN,False
2025-11-25,M&MFIN.NS,UP,TRAIN,RANGE,0.8846,0.625,HIGH,ALIGNED,0.375,-2.9138,HIGH_KN,False
2025-11-25,NOCIL.NS,UP,TRAIN,RANGE,0.8282,0.5,MEDIUM,ALIGNED,0.5,0.7809,HIGH_KN,True
2025-11-25,COFORGE.NS,UP,TRAIN,RANGE,0.8032,0.75,HIGH,ALIGNED,0.25,2.151,HIGH_KN,True
2025-11-25,GLENMARK.NS,UP,TRAIN,RANGE,0.8012,0.875,HIGH,ALIGNED,0.125,2.1153,HIGH_KN,True
2025-11-25,RVNL.NS,UP,TRAIN,RANGE,0.7875,0.625,HIGH,ALIGNED,0.375,0.2168,HIGH_KN,True
2025-11-25,EICHERMOT.NS,UP,TRAIN,RANGE,0.7762,0.75,HIGH,ALIGNED,0.25,-0.2771,HIGH_KN,False
2025-11-25,MPHASIS.NS,UP,TRAIN,RANGE,0.7728,0.75,HIGH,ALIGNED,0.25,0.1073,HIGH_KN,True
2025-11-25,ENDURANCE.NS,UP,TRAIN,RANGE,0.7608,0.5,MEDIUM,ALIGNED,0.5,-0.4378,HIGH_KN,False
2025-11-25,METROBRAND.NS,UP,TRAIN,RANGE,0.7532,0.875,HIGH,ALIGNED,0.125,1.7665,HIGH_KN,True
2025-11-25,FEDERALBNK.NS,UP,TRAIN,RANGE,0.7507,0.75,HIGH,ALIGNED,0.25,0.1484,HIGH_KN,True
2025-11-25,INFY.NS,UP,TRAIN,RANGE,0.7343,0.625,HIGH,ALIGNED,0.375,1.7836,HIGH_KN,True
2025-11-25,ZENSARTECH.NS,UP,TRAIN,RANGE,0.7301,0.375,MEDIUM,CONFLICT,0.625,2.674,LOW_KN,True
2025-11-25,ABBOTINDIA.NS,UP,TRAIN,RANGE,0.7199,0.875,HIGH,ALIGNED,0.125,-0.5959,HIGH_KN,False
2025-11-25,LTTS.NS,UP,TRAIN,RANGE,0.7191,0.5,MEDIUM,ALIGNED,0.5,0.3073,HIGH_KN,True
2025-11-25,AJANTPHARM.NS,UP,TRAIN,RANGE,0.7135,0.5,MEDIUM,ALIGNED,0.5,1.0322,HIGH_KN,True
2025-11-25,FINPIPE.NS,UP,TRAIN,RANGE,0.7083,0.625,HIGH,ALIGNED,0.375,-0.3295,HIGH_KN,False
2025-11-25,EMAMILTD.NS,UP,TRAIN,RANGE,0.7032,0.375,MEDIUM,CONFLICT,0.625,-0.291,LOW_KN,False
2025-11-25,DATAPATTNS.NS,DOWN,TRAIN,RANGE,0.8863,0.625,HIGH,ALIGNED,0.375,-0.1561,HIGH_KN,True
2025-11-25,TEJASNET.NS,DOWN,TRAIN,RANGE,0.8382,0.625,HIGH,ALIGNED,0.375,0.9964,HIGH_KN,False
2025-11-25,GRSE.NS,DOWN,TRAIN,RANGE,0.836,0.75,HIGH,ALIGNED,0.25,1.7601,HIGH_KN,False
2025-11-25,BIOCON.NS,DOWN,TRAIN,RANGE,0.8319,0.75,HIGH,ALIGNED,0.25,1.3223,HIGH_KN,False
2025-11-25,BDL.NS,DOWN,TRAIN,RANGE,0.8262,0.75,HIGH,ALIGNED,0.25,1.7232,HIGH_KN,False
2025-11-25,ONMOBILE.NS,DOWN,TRAIN,RANGE,0.8216,0.75,HIGH,ALIGNED,0.25,0.9214,HIGH_KN,False
2025-11-25,FINEORG.NS,DOWN,TRAIN,RANGE,0.8132,0.75,HIGH,ALIGNED,0.25,1.2268,HIGH_KN,False
2025-11-25,HAL.NS,DOWN,TRAIN,RANGE,0.7939,0.75,HIGH,ALIGNED,0.25,1.7156,HIGH_KN,False
2025-11-25,PARAS.NS,DOWN,TRAIN,RANGE,0.7828,0.625,HIGH,ALIGNED,0.375,1.1472,HIGH_KN,False
2025-11-25,IGL.NS,DOWN,TRAIN,RANGE,0.7703,0.75,HIGH,ALIGNED,0.25,2.2479,HIGH_KN,False
2025-11-25,RATEGAIN.NS,DOWN,TRAIN,RANGE,0.7617,0.75,HIGH,ALIGNED,0.25,4.9927,HIGH_KN,False
2025-11-25,STLTECH.NS,DOWN,TRAIN,RANGE,0.7505,0.75,HIGH,ALIGNED,0.25,2.8022,HIGH_KN,False
2025-11-25,ASIANPAINT.NS,DOWN,TRAIN,RANGE,0.7419,0.625,HIGH,ALIGNED,0.375,-0.0626,HIGH_KN,True
2025-11-25,JINDALPOLY.NS,DOWN,TRAIN,RANGE,0.7414,0.625,HIGH,ALIGNED,0.375,0.8805,HIGH_KN,False
2025-11-25,AMBER.NS,DOWN,TRAIN,RANGE,0.7316,0.625,HIGH,ALIGNED,0.375,2.2976,HIGH_KN,False
2025-11-25,IRCON.NS,DOWN,TRAIN,RANGE,0.7167,0.625,HIGH,ALIGNED,0.375,0.6093,HIGH_KN,False
2025-11-25,MRPL.NS,DOWN,TRAIN,RANGE,0.7037,0.625,HIGH,ALIGNED,0.375,-3.1184,HIGH_KN,True
2025-11-25,CENTUM.NS,DOWN,TRAIN,RANGE,0.7022,0.625,HIGH,ALIGNED,0.375,0.5626,HIGH_KN,False
2025-11-25,IDEA.NS,DOWN,TRAIN,RANGE,0.7015,0.75,HIGH,ALIGNED,0.25,0.2985,HIGH_KN,False
2025-11-25,OLECTRA.NS,DOWN,TRAIN,RANGE,0.6988,0.75,HIGH,ALIGNED,0.25,1.1426,HIGH_KN,False
2025-11-26,NATCOPHARM.NS,UP,TRAIN,RANGE,0.965,0.875,HIGH,ALIGNED,0.125,-4.8145,HIGH_KN,False
2025-11-26,GODREJAGRO.NS,UP,TRAIN,RANGE,0.9382,0.875,HIGH,ALIGNED,0.125,0.6715,HIGH_KN,True
2025-11-26,CRAFTSMAN.NS,UP,TRAIN,RANGE,0.9365,0.875,HIGH,ALIGNED,0.125,-0.7182,HIGH_KN,False
2025-11-26,ZENSARTECH.NS,UP,TRAIN,RANGE,0.8848,0.875,HIGH,ALIGNED,0.125,1.598,HIGH_KN,True
2025-11-26,METROBRAND.NS,UP,TRAIN,RANGE,0.8717,0.875,HIGH,ALIGNED,0.125,-0.7743,HIGH_KN,False
2025-11-26,GLENMARK.NS,UP,TRAIN,RANGE,0.8232,0.875,HIGH,ALIGNED,0.125,1.1815,HIGH_KN,True
2025-11-26,SHRIRAMFIN.NS,UP,TRAIN,RANGE,0.7918,0.625,HIGH,ALIGNED,0.375,1.29,HIGH_KN,True
2025-11-26,RATEGAIN.NS,UP,TRAIN,RANGE,0.7903,0.875,HIGH,ALIGNED,0.125,-1.7097,HIGH_KN,False
2025-11-26,M&MFIN.NS,UP,TRAIN,RANGE,0.7857,0.5,MEDIUM,ALIGNED,0.5,3.9445,HIGH_KN,True
2025-11-26,ASHOKLEY.NS,UP,TRAIN,RANGE,0.7848,0.875,HIGH,ALIGNED,0.125,7.2508,HIGH_KN,True
2025-11-26,MPHASIS.NS,UP,TRAIN,RANGE,0.7826,0.625,HIGH,ALIGNED,0.375,-0.3107,HIGH_KN,False
2025-11-26,NOCIL.NS,UP,TRAIN,RANGE,0.7756,0.625,HIGH,ALIGNED,0.375,-2.0569,HIGH_KN,False
2025-11-26,EMAMILTD.NS,UP,TRAIN,RANGE,0.7469,0.625,HIGH,ALIGNED,0.375,2.6748,HIGH_KN,True
2025-11-26,RBLBANK.NS,UP,TRAIN,RANGE,0.7449,0.75,HIGH,ALIGNED,0.25,-1.811,HIGH_KN,False
2025-11-26,INDUSINDBK.NS,UP,TRAIN,RANGE,0.7432,0.875,HIGH,ALIGNED,0.125,0.7935,HIGH_KN,True
2025-11-26,FINPIPE.NS,UP,TRAIN,RANGE,0.743,0.5,MEDIUM,ALIGNED,0.5,-2.0595,HIGH_KN,False
2025-11-26,HDFCLIFE.NS,UP,TRAIN,RANGE,0.7401,1.0,HIGH,ALIGNED,0.0,-1.238,HIGH_KN,False
2025-11-26,RVNL.NS,UP,TRAIN,RANGE,0.7353,0.5,MEDIUM,ALIGNED,0.5,0.2936,HIGH_KN,True
2025-11-26,RADICO.NS,UP,TRAIN,RANGE,0.7345,0.625,HIGH,ALIGNED,0.375,-4.0619,HIGH_KN,False
2025-11-26,VBL.NS,UP,TRAIN,RANGE,0.728,0.75,HIGH,ALIGNED,0.25,0.3867,HIGH_KN,True
2025-11-26,JPPOWER.NS,DOWN,TRAIN,RANGE,0.9031,0.75,HIGH,ALIGNED,0.25,-2.9657,HIGH_KN,True
2025-11-26,DATAPATTNS.NS,DOWN,TRAIN,RANGE,0.881,0.625,HIGH,ALIGNED,0.375,0.809,HIGH_KN,False
2025-11-26,FINEORG.NS,DOWN,TRAIN,RANGE,0.8302,0.5,MEDIUM,ALIGNED,0.5,-0.224,HIGH_KN,True
2025-11-26,LTTS.NS,DOWN,TRAIN,RANGE,0.8181,0.5,MEDIUM,ALIGNED,0.5,2.5562,HIGH_KN,False
2025-11-26,HAL.NS,DOWN,TRAIN,RANGE,0.7867,0.625,HIGH,ALIGNED,0.375,-0.7659,HIGH_KN,True
2025-11-26,GRSE.NS,DOWN,TRAIN,RANGE,0.7745,0.5,MEDIUM,ALIGNED,0.5,0.9972,HIGH_KN,False
2025-11-26,OLECTRA.NS,DOWN,TRAIN,RANGE,0.7734,0.625,HIGH,ALIGNED,0.375,-1.0129,HIGH_KN,True
2025-11-26,BIOCON.NS,DOWN,TRAIN,RANGE,0.7713,0.5,MEDIUM,ALIGNED,0.5,0.3012,HIGH_KN,False
2025-11-26,BDL.NS,DOWN,TRAIN,RANGE,0.7691,0.625,HIGH,ALIGNED,0.375,1.1361,HIGH_KN,False
2025-11-26,DEEPAKFERT.NS,DOWN,TRAIN,RANGE,0.7606,0.75,HIGH,ALIGNED,0.25,-0.9629,HIGH_KN,True
2025-11-26,MASTEK.NS,DOWN,TRAIN,RANGE,0.7576,0.625,HIGH,ALIGNED,0.375,-0.997,HIGH_KN,True
2025-11-26,CENTUM.NS,DOWN,TRAIN,RANGE,0.7558,0.75,HIGH,ALIGNED,0.25,-0.9282,HIGH_KN,True
2025-11-26,PRESTIGE.NS,DOWN,TRAIN,RANGE,0.7457,0.75,HIGH,ALIGNED,0.25,0.1019,HIGH_KN,False
2025-11-26,IDEA.NS,DOWN,TRAIN,RANGE,0.7363,0.625,HIGH,ALIGNED,0.375,0.2976,HIGH_KN,False
2025-11-26,ASIANPAINT.NS,DOWN,TRAIN,RANGE,0.7306,0.75,HIGH,ALIGNED,0.25,0.1775,HIGH_KN,False
2025-11-26,BASF.NS,DOWN,TRAIN,RANGE,0.7287,0.75,HIGH,ALIGNED,0.25,-0.6668,HIGH_KN,True
2025-11-26,HCLTECH.NS,DOWN,TRAIN,RANGE,0.7284,0.625,HIGH,ALIGNED,0.375,0.6861,HIGH_KN,False
2025-11-26,AMBER.NS,DOWN,TRAIN,RANGE,0.7278,0.5,MEDIUM,ALIGNED,0.5,-2.7253,HIGH_KN,True
2025-11-26,BSE.NS,DOWN,TRAIN,RANGE,0.7229,0.5,MEDIUM,ALIGNED,0.5,1.4688,HIGH_KN,False
2025-11-26,IGL.NS,DOWN,TRAIN,RANGE,0.7164,0.625,HIGH,ALIGNED,0.375,-0.7579,HIGH_KN,True
2025-11-27,MOIL.NS,UP,TRAIN,RANGE,0.9512,0.875,HIGH,ALIGNED,0.125,-1.398,HIGH_KN,False
2025-11-27,ASHOKLEY.NS,UP,TRAIN,RANGE,0.9476,0.75,HIGH,ALIGNED,0.25,-1.0203,HIGH_KN,False
2025-11-27,GODREJAGRO.NS,UP,TRAIN,RANGE,0.9447,0.875,HIGH,ALIGNED,0.125,-0.8588,HIGH_KN,False
2025-11-27,GLENMARK.NS,UP,TRAIN,RANGE,0.8818,0.875,HIGH,ALIGNED,0.125,0.1132,HIGH_KN,True
2025-11-27,MOTHERSON.NS,UP,TRAIN,RANGE,0.8738,0.875,HIGH,ALIGNED,0.125,0.155,HIGH_KN,True
2025-11-27,ZENSARTECH.NS,UP,TRAIN,RANGE,0.8505,0.75,HIGH,ALIGNED,0.25,0.348,HIGH_KN,True
2025-11-27,KPITTECH.NS,UP,TRAIN,RANGE,0.8393,0.875,HIGH,ALIGNED,0.125,0.2871,HIGH_KN,True
2025-11-27,EMAMILTD.NS,UP,TRAIN,RANGE,0.8296,0.875,HIGH,ALIGNED,0.125,0.5116,HIGH_KN,True
2025-11-27,COFORGE.NS,UP,TRAIN,RANGE,0.8192,1.0,HIGH,ALIGNED,0.0,-0.0785,HIGH_KN,False
2025-11-27,INDUSINDBK.NS,UP,TRAIN,RANGE,0.8192,0.875,HIGH,ALIGNED,0.125,0.1283,HIGH_KN,True
2025-11-27,COROMANDEL.NS,UP,TRAIN,RANGE,0.8027,0.625,HIGH,ALIGNED,0.375,0.6507,HIGH_KN,True
2025-11-27,NATCOPHARM.NS,UP,TRAIN,RANGE,0.7968,0.75,HIGH,ALIGNED,0.25,-0.6231,HIGH_KN,False
2025-11-27,LAURUSLABS.NS,UP,TRAIN,RANGE,0.7954,1.0,HIGH,ALIGNED,0.0,2.806,HIGH_KN,True
2025-11-27,NATIONALUM.NS,UP,TRAIN,RANGE,0.7862,0.875,HIGH,ALIGNED,0.125,-0.5166,HIGH_KN,False
2025-11-27,FINPIPE.NS,UP,TRAIN,RANGE,0.7859,0.5,MEDIUM,ALIGNED,0.5,-1.0957,HIGH_KN,False
2025-11-27,RVNL.NS,UP,TRAIN,RANGE,0.7765,0.75,HIGH,ALIGNED,0.25,-0.1387,HIGH_KN,False
2025-11-27,MPHASIS.NS,UP,TRAIN,RANGE,0.7684,0.625,HIGH,ALIGNED,0.375,0.7129,HIGH_KN,True
2025-11-27,M&MFIN.NS,UP,TRAIN,RANGE,0.7675,0.5,MEDIUM,ALIGNED,0.5,2.2549,HIGH_KN,True
2025-11-27,CRAFTSMAN.NS,UP,TRAIN,RANGE,0.7597,0.75,HIGH,ALIGNED,0.25,-0.3617,HIGH_KN,False
2025-11-27,PAGEIND.NS,UP,TRAIN,RANGE,0.758,0.75,HIGH,ALIGNED,0.25,-1.5669,HIGH_KN,False
2025-11-27,JPPOWER.NS,DOWN,TRAIN,RANGE,0.9005,0.75,HIGH,ALIGNED,0.25,0.7507,HIGH_KN,False
2025-11-27,GRSE.NS,DOWN,TRAIN,RANGE,0.8839,0.5,MEDIUM,ALIGNED,0.5,0.2836,HIGH_KN,False
2025-11-27,DATAPATTNS.NS,DOWN,TRAIN,RANGE,0.8688,0.375,MEDIUM,CONFLICT,0.625,0.1753,LOW_KN,False
2025-11-27,IDEAFORGE.NS,DOWN,TRAIN,RANGE,0.8684,0.625,HIGH,ALIGNED,0.375,-0.4832,HIGH_KN,True
2025-11-27,WHIRLPOOL.NS,DOWN,TRAIN,RANGE,0.8575,0.75,HIGH,ALIGNED,0.25,0.7802,HIGH_KN,False
2025-11-27,RADICO.NS,DOWN,TRAIN,RANGE,0.8478,0.75,HIGH,ALIGNED,0.25,1.5157,HIGH_KN,False
2025-11-27,PARAS.NS,DOWN,TRAIN,RANGE,0.828,0.375,MEDIUM,CONFLICT,0.625,-0.2225,LOW_KN,True
2025-11-27,FINEORG.NS,DOWN,TRAIN,RANGE,0.8107,0.625,HIGH,ALIGNED,0.375,-0.797,HIGH_KN,True
2025-11-27,OLECTRA.NS,DOWN,TRAIN,RANGE,0.8005,0.75,HIGH,ALIGNED,0.25,-1.5821,HIGH_KN,True
2025-11-27,BDL.NS,DOWN,TRAIN,RANGE,0.7896,0.5,MEDIUM,ALIGNED,0.5,0.6049,HIGH_KN,False
2025-11-27,DEEPAKFERT.NS,DOWN,TRAIN,RANGE,0.7888,0.625,HIGH,ALIGNED,0.375,-0.6965,HIGH_KN,True
2025-11-27,MASTEK.NS,DOWN,TRAIN,RANGE,0.7743,0.625,HIGH,ALIGNED,0.375,-0.0361,HIGH_KN,True
2025-11-27,HAL.NS,DOWN,TRAIN,RANGE,0.7738,0.625,HIGH,ALIGNED,0.375,1.3205,HIGH_KN,False
2025-11-27,ERIS.NS,DOWN,TRAIN,RANGE,0.7654,0.625,HIGH,ALIGNED,0.375,-1.0482,HIGH_KN,True
2025-11-27,RAJESHEXPO.NS,DOWN,TRAIN,RANGE,0.7587,0.625,HIGH,ALIGNED,0.375,0.1718,HIGH_KN,False
2025-11-27,SOLARINDS.NS,DOWN,TRAIN,RANGE,0.7459,0.75,HIGH,ALIGNED,0.25,-0.6066,HIGH_KN,True
2025-11-27,COCHINSHIP.NS,DOWN,TRAIN,RANGE,0.7444,0.5,MEDIUM,ALIGNED,0.5,-0.5907,HIGH_KN,True
2025-11-27,DEEPAKNTR.NS,DOWN,TRAIN,RANGE,0.7335,0.75,HIGH,ALIGNED,0.25,-0.0641,HIGH_KN,True
2025-11-27,MRPL.NS,DOWN,TRAIN,RANGE,0.724,0.75,HIGH,ALIGNED,0.25,-1.3605,HIGH_KN,True
2025-11-27,CENTUM.NS,DOWN,TRAIN,RANGE,0.7126,0.625,HIGH,ALIGNED,0.375,-1.1126,HIGH_KN,True
2025-11-28,ASHOKLEY.NS,UP,TRAIN,RANGE,0.9481,0.625,HIGH,ALIGNED,0.375,1.3787,HIGH_KN,True
2025-11-28,MOTHERSON.NS,UP,TRAIN,RANGE,0.8918,0.75,HIGH,ALIGNED,0.25,0.2063,HIGH_KN,True
2025-11-28,HINDZINC.NS,UP,TRAIN,RANGE,0.8742,1.0,HIGH,ALIGNED,0.0,3.0194,HIGH_KN,True
2025-11-28,LAURUSLABS.NS,UP,TRAIN,RANGE,0.8565,0.875,HIGH,ALIGNED,0.125,-0.1891,HIGH_KN,False
2025-11-28,COFORGE.NS,UP,TRAIN,RANGE,0.8469,0.875,HIGH,ALIGNED,0.125,-0.3196,HIGH_KN,False
2025-11-28,VEDL.NS,UP,TRAIN,RANGE,0.8374,0.875,HIGH,ALIGNED,0.125,1.3878,HIGH_KN,True
2025-11-28,VBL.NS,UP,TRAIN,RANGE,0.8333,1.0,HIGH,ALIGNED,0.0,0.5399,HIGH_KN,True
2025-11-28,M&MFIN.NS,UP,TRAIN,RANGE,0.8331,0.625,HIGH,ALIGNED,0.375,-1.0623,HIGH_KN,False
2025-11-28,GLENMARK.NS,UP,TRAIN,RANGE,0.8147,0.875,HIGH,ALIGNED,0.125,-0.2312,HIGH_KN,False
2025-11-28,MOIL.NS,UP,TRAIN,RANGE,0.8133,0.5,MEDIUM,ALIGNED,0.5,-2.3926,HIGH_KN,False
2025-11-28,CRAFTSMAN.NS,UP,TRAIN,RANGE,0.8094,0.75,HIGH,ALIGNED,0.25,0.2776,HIGH_KN,True
2025-11-28,COROMANDEL.NS,UP,TRAIN,RANGE,0.7973,0.625,HIGH,ALIGNED,0.375,0.4282,HIGH_KN,True
2025-11-28,GRANULES.NS,UP,TRAIN,RANGE,0.7874,0.75,HIGH,ALIGNED,0.25,2.2748,HIGH_KN,True
2025-11-28,KPITTECH.NS,UP,TRAIN,RANGE,0.7848,0.875,HIGH,ALIGNED,0.125,2.9287,HIGH_KN,True
2025-11-28,RVNL.NS,UP,TRAIN,RANGE,0.7797,0.625,HIGH,ALIGNED,0.375,-0.7559,HIGH_KN,False
2025-11-28,SRF.NS,UP,TRAIN,RANGE,0.7705,1.0,HIGH,ALIGNED,0.0,-0.1469,HIGH_KN,False
2025-11-28,GLAXO.NS,UP,TRAIN,RANGE,0.7655,0.875,HIGH,ALIGNED,0.125,-2.8838,HIGH_KN,False
2025-11-28,ZENSARTECH.NS,UP,TRAIN,RANGE,0.7594,0.75,HIGH,ALIGNED,0.25,-0.4936,HIGH_KN,False
2025-11-28,CHOLAFIN.NS,UP,TRAIN,RANGE,0.7582,0.875,HIGH,ALIGNED,0.125,-0.6394,HIGH_KN,False
2025-11-28,RATEGAIN.NS,UP,TRAIN,RANGE,0.7514,0.875,HIGH,ALIGNED,0.125,-3.0333,HIGH_KN,False
2025-11-28,JPPOWER.NS,DOWN,TRAIN,RANGE,0.9002,0.75,HIGH,ALIGNED,0.25,-0.1064,HIGH_KN,True
2025-11-28,WHIRLPOOL.NS,DOWN,TRAIN,RANGE,0.814,0.75,HIGH,ALIGNED,0.25,-7.6299,HIGH_KN,True
2025-11-28,ERIS.NS,DOWN,TRAIN,RANGE,0.8121,0.625,HIGH,ALIGNED,0.375,-0.8713,HIGH_KN,True
2025-11-28,FINEORG.NS,DOWN,TRAIN,RANGE,0.7959,0.625,HIGH,ALIGNED,0.375,-1.5593,HIGH_KN,True
2025-11-28,TATACOMM.NS,DOWN,TRAIN,RANGE,0.7899,0.75,HIGH,ALIGNED,0.25,1.1789,HIGH_KN,False
2025-11-28,RADICO.NS,DOWN,TRAIN,RANGE,0.7865,0.625,HIGH,ALIGNED,0.375,0.2774,HIGH_KN,False
2025-11-28,MASTEK.NS,DOWN,TRAIN,RANGE,0.7827,0.625,HIGH,ALIGNED,0.375,-1.0254,HIGH_KN,True
2025-11-28,DATAPATTNS.NS,DOWN,TRAIN,RANGE,0.7664,0.25,LOW,CONFLICT,0.75,-1.4037,LOW_KN,True
2025-11-28,MARICO.NS,DOWN,TRAIN,RANGE,0.7592,0.75,HIGH,ALIGNED,0.25,0.2161,HIGH_KN,False
2025-11-28,DEEPAKFERT.NS,DOWN,TRAIN,RANGE,0.7353,0.75,HIGH,ALIGNED,0.25,-0.8183,HIGH_KN,True
2025-11-28,DEEPAKNTR.NS,DOWN,TRAIN,RANGE,0.729,0.625,HIGH,ALIGNED,0.375,-0.8212,HIGH_KN,True
2025-11-28,GAIL.NS,DOWN,TRAIN,RANGE,0.7256,0.75,HIGH,ALIGNED,0.25,-0.3862,HIGH_KN,True
2025-11-28,CENTUM.NS,DOWN,TRAIN,RANGE,0.7254,0.75,HIGH,ALIGNED,0.25,-0.8079,HIGH_KN,True
2025-11-28,MRPL.NS,DOWN,TRAIN,RANGE,0.7205,0.625,HIGH,ALIGNED,0.375,2.4674,HIGH_KN,False
2025-11-28,SOLARINDS.NS,DOWN,TRAIN,RANGE,0.72,0.625,HIGH,ALIGNED,0.375,-0.1808,HIGH_KN,True
2025-11-28,ENDURANCE.NS,DOWN,TRAIN,RANGE,0.7191,0.75,HIGH,ALIGNED,0.25,1.7401,HIGH_KN,False
2025-11-28,MIDHANI.NS,DOWN,TRAIN,RANGE,0.7118,0.625,HIGH,ALIGNED,0.375,-2.1448,HIGH_KN,True
2025-11-28,JYOTHYLAB.NS,DOWN,TRAIN,RANGE,0.7027,0.875,HIGH,ALIGNED,0.125,-1.5164,HIGH_KN,True
2025-11-28,BASF.NS,DOWN,TRAIN,RANGE,0.7002,0.75,HIGH,ALIGNED,0.25,-0.9671,HIGH_KN,True
2025-11-28,SAPPHIRE.NS,DOWN,TRAIN,RANGE,0.6925,0.75,HIGH,ALIGNED,0.25,-0.9087,HIGH_KN,True
2025-12-01,TEJASNET.NS,UP,TRAIN,RANGE,0.9638,0.875,HIGH,ALIGNED,0.125,1.6454,HIGH_KN,True
2025-12-01,ASHOKLEY.NS,UP,TRAIN,RANGE,0.9383,0.75,HIGH,ALIGNED,0.25,-0.1871,HIGH_KN,False
2025-12-01,NATCOPHARM.NS,UP,TRAIN,RANGE,0.9245,0.875,HIGH,ALIGNED,0.125,3.2496,HIGH_KN,True
2025-12-01,HINDZINC.NS,UP,TRAIN,RANGE,0.9085,1.0,HIGH,ALIGNED,0.0,-0.8403,HIGH_KN,False
2025-12-01,GRANULES.NS,UP,TRAIN,RANGE,0.8995,1.0,HIGH,ALIGNED,0.0,0.2549,HIGH_KN,True
2025-12-01,GODREJAGRO.NS,UP,TRAIN,RANGE,0.8852,0.75,HIGH,ALIGNED,0.25,-1.8659,HIGH_KN,False
2025-12-01,MOIL.NS,UP,TRAIN,RANGE,0.8546,0.5,MEDIUM,ALIGNED,0.5,0.348,HIGH_KN,True
2025-12-01,JSWSTEEL.NS,UP,TRAIN,RANGE,0.8505,1.0,HIGH,ALIGNED,0.0,-0.5478,HIGH_KN,False
2025-12-01,VEDL.NS,UP,TRAIN,RANGE,0.8415,0.875,HIGH,ALIGNED,0.125,0.9563,HIGH_KN,True
2025-12-01,KPITTECH.NS,UP,TRAIN,RANGE,0.8396,1.0,HIGH,ALIGNED,0.0,-0.3735,HIGH_KN,False
2025-12-01,LAURUSLABS.NS,UP,TRAIN,RANGE,0.8262,0.625,HIGH,ALIGNED,0.375,-0.8937,HIGH_KN,False
2025-12-01,ADANIGREEN.NS,UP,TRAIN,RANGE,0.8192,0.625,HIGH,ALIGNED,0.375,-1.6352,HIGH_KN,False
2025-12-01,POLICYBZR.NS,UP,TRAIN,RANGE,0.8056,0.875,HIGH,ALIGNED,0.125,0.1449,HIGH_KN,True
2025-12-01,NATIONALUM.NS,UP,TRAIN,RANGE,0.8039,0.875,HIGH,ALIGNED,0.125,0.5118,HIGH_KN,True
2025-12-01,ADANIENSOL.NS,UP,TRAIN,RANGE,0.7925,0.75,HIGH,ALIGNED,0.25,-2.217,HIGH_KN,False
2025-12-01,KALYANKJIL.NS,UP,TRAIN,RANGE,0.7854,0.875,HIGH,ALIGNED,0.125,-1.1145,HIGH_KN,False
2025-12-01,MOTHERSON.NS,UP,TRAIN,RANGE,0.7837,0.75,HIGH,ALIGNED,0.25,2.3252,HIGH_KN,True
2025-12-01,SUDARSCHEM.NS,UP,TRAIN,RANGE,0.7808,0.5,MEDIUM,ALIGNED,0.5,-0.7243,HIGH_KN,False
2025-12-01,TVSMOTOR.NS,UP,TRAIN,RANGE,0.768,1.0,HIGH,ALIGNED,0.0,0.243,HIGH_KN,True
2025-12-01,BANKBARODA.NS,UP,TRAIN,RANGE,0.7655,1.0,HIGH,ALIGNED,0.0,0.4568,HIGH_KN,True
2025-12-01,JPPOWER.NS,DOWN,TRAIN,RANGE,0.8828,0.75,HIGH,ALIGNED,0.25,2.1311,HIGH_KN,False
2025-12-01,WHIRLPOOL.NS,DOWN,TRAIN,RANGE,0.8478,0.75,HIGH,ALIGNED,0.25,1.9792,HIGH_KN,False
2025-12-01,ERIS.NS,DOWN,TRAIN,RANGE,0.8437,0.75,HIGH,ALIGNED,0.25,-0.7461,HIGH_KN,True
2025-12-01,SUNDRMFAST.NS,DOWN,TRAIN,RANGE,0.8245,0.625,HIGH,ALIGNED,0.375,-0.7932,HIGH_KN,True
2025-12-01,RAJESHEXPO.NS,DOWN,TRAIN,RANGE,0.8224,0.5,MEDIUM,ALIGNED,0.5,1.567,HIGH_KN,False
2025-12-01,FINEORG.NS,DOWN,TRAIN,RANGE,0.8153,0.75,HIGH,ALIGNED,0.25,1.1288,HIGH_KN,False
2025-12-01,PAGEIND.NS,DOWN,TRAIN,RANGE,0.7881,0.75,HIGH,ALIGNED,0.25,0.5347,HIGH_KN,False
2025-12-01,NOCIL.NS,DOWN,TRAIN,RANGE,0.775,0.75,HIGH,ALIGNED,0.25,-1.1188,HIGH_KN,True
2025-12-01,TATACOMM.NS,DOWN,TRAIN,RANGE,0.758,0.625,HIGH,ALIGNED,0.375,0.637,HIGH_KN,False
2025-12-01,ASIANPAINT.NS,DOWN,TRAIN,RANGE,0.7536,0.75,HIGH,ALIGNED,0.25,3.0269,HIGH_KN,False
2025-12-01,GAIL.NS,DOWN,TRAIN,RANGE,0.7427,0.875,HIGH,ALIGNED,0.125,-0.2337,HIGH_KN,True
2025-12-01,JYOTHYLAB.NS,DOWN,TRAIN,RANGE,0.7422,0.75,HIGH,ALIGNED,0.25,-0.0508,HIGH_KN,True
2025-12-01,RVNL.NS,DOWN,TRAIN,RANGE,0.74,0.625,HIGH,ALIGNED,0.375,-1.1659,HIGH_KN,True
2025-12-01,EICHERMOT.NS,DOWN,TRAIN,RANGE,0.7328,0.625,HIGH,ALIGNED,0.375,-0.1824,HIGH_KN,True
2025-12-01,APOLLOTYRE.NS,DOWN,TRAIN,RANGE,0.7226,0.625,HIGH,ALIGNED,0.375,0.5616,HIGH_KN,False
2025-12-01,M&MFIN.NS,DOWN,TRAIN,RANGE,0.722,0.625,HIGH,ALIGNED,0.375,-0.7883,HIGH_KN,True
2025-12-01,SAPPHIRE.NS,DOWN,TRAIN,RANGE,0.7218,0.75,HIGH,ALIGNED,0.25,0.0649,HIGH_KN,False
2025-12-01,FINPIPE.NS,DOWN,TRAIN,RANGE,0.7194,0.625,HIGH,ALIGNED,0.375,-0.8451,HIGH_KN,True
2025-12-01,MARICO.NS,DOWN,TRAIN,RANGE,0.7143,0.625,HIGH,ALIGNED,0.375,-0.2225,HIGH_KN,True
2025-12-01,DEEPAKNTR.NS,DOWN,TRAIN,RANGE,0.7119,0.625,HIGH,ALIGNED,0.375,-1.3715,HIGH_KN,True
2025-12-02,NATCOPHARM.NS,UP,TRAIN,RANGE,0.9865,1.0,HIGH,ALIGNED,0.0,0.3056,HIGH_KN,True
2025-12-02,ASHOKLEY.NS,UP,TRAIN,RANGE,0.945,0.75,HIGH,ALIGNED,0.25,1.6938,HIGH_KN,True
2025-12-02,MOTHERSON.NS,UP,TRAIN,RANGE,0.8966,0.75,HIGH,ALIGNED,0.25,-2.2556,HIGH_KN,False
2025-12-02,BDL.NS,UP,TRAIN,RANGE,0.8822,0.75,HIGH,ALIGNED,0.25,-2.7732,HIGH_KN,False
2025-12-02,MAPMYINDIA.NS,UP,TRAIN,RANGE,0.8659,0.875,HIGH,ALIGNED,0.125,-1.0145,HIGH_KN,False
2025-12-02,MOIL.NS,UP,TRAIN,RANGE,0.8644,0.5,MEDIUM,ALIGNED,0.5,-0.1659,HIGH_KN,False
2025-12-02,TEJASNET.NS,UP,TRAIN,RANGE,0.8519,0.875,HIGH,ALIGNED,0.125,-2.251,HIGH_KN,False
2025-12-02,HINDZINC.NS,UP,TRAIN,RANGE,0.8495,0.75,HIGH,ALIGNED,0.25,1.7654,HIGH_KN,True
2025-12-02,JSWSTEEL.NS,UP,TRAIN,RANGE,0.8317,0.75,HIGH,ALIGNED,0.25,-1.5835,HIGH_KN,False
2025-12-02,NAUKRI.NS,UP,TRAIN,RANGE,0.8171,1.0,HIGH,ALIGNED,0.0,-0.6779,HIGH_KN,False
2025-12-02,GLENMARK.NS,UP,TRAIN,RANGE,0.8099,0.875,HIGH,ALIGNED,0.125,-0.6419,HIGH_KN,False
2025-12-02,GRANULES.NS,UP,TRAIN,RANGE,0.801,0.875,HIGH,ALIGNED,0.125,-0.3332,HIGH_KN,False
2025-12-02,VEDL.NS,UP,TRAIN,RANGE,0.799,0.875,HIGH,ALIGNED,0.125,-1.0401,HIGH_KN,False
2025-12-02,CESC.NS,UP,TRAIN,RANGE,0.7959,0.75,HIGH,ALIGNED,0.25,1.3701,HIGH_KN,True
2025-12-02,NMDC.NS,UP,TRAIN,RANGE,0.7877,1.0,HIGH,ALIGNED,0.0,-0.0526,HIGH_KN,False
2025-12-02,IDEA.NS,UP,TRAIN,RANGE,0.7757,1.0,HIGH,ALIGNED,0.0,4.1461,HIGH_KN,True
2025-12-02,LAURUSLABS.NS,UP,TRAIN,RANGE,0.7695,0.75,HIGH,ALIGNED,0.25,-0.3627,HIGH_KN,False
2025-12-02,POLICYBZR.NS,UP,TRAIN,RANGE,0.7651,0.875,HIGH,ALIGNED,0.125,-1.4574,HIGH_KN,False
2025-12-02,KPITTECH.NS,UP,TRAIN,RANGE,0.7611,0.75,HIGH,ALIGNED,0.25,0.4148,HIGH_KN,True
2025-12-02,BANKBARODA.NS,UP,TRAIN,RANGE,0.7524,1.0,HIGH,ALIGNED,0.0,-3.3345,HIGH_KN,False
2025-12-02,WHIRLPOOL.NS,DOWN,TRAIN,RANGE,0.882,0.75,HIGH,ALIGNED,0.25,-2.723,HIGH_KN,True
2025-12-02,JPPOWER.NS,DOWN,TRAIN,RANGE,0.8753,0.5,MEDIUM,ALIGNED,0.5,0.9911,HIGH_KN,False
2025-12-02,ERIS.NS,DOWN,TRAIN,RANGE,0.8599,0.75,HIGH,ALIGNED,0.25,-0.5415,HIGH_KN,True
2025-12-02,RADICO.NS,DOWN,TRAIN,RANGE,0.8091,0.5,MEDIUM,ALIGNED,0.5,1.5288,HIGH_KN,False
2025-12-02,METROBRAND.NS,DOWN,TRAIN,RANGE,0.7923,0.75,HIGH,ALIGNED,0.25,-2.115,HIGH_KN,True
2025-12-02,NOCIL.NS,DOWN,TRAIN,RANGE,0.7844,0.75,HIGH,ALIGNED,0.25,-0.8873,HIGH_KN,True
2025-12-02,GAIL.NS,DOWN,TRAIN,RANGE,0.7488,0.625,HIGH,ALIGNED,0.375,-2.7029,HIGH_KN,True
2025-12-02,M&MFIN.NS,DOWN,TRAIN,RANGE,0.7471,0.5,MEDIUM,ALIGNED,0.5,-2.6027,HIGH_KN,True
2025-12-02,GRSE.NS,DOWN,TRAIN,RANGE,0.7469,0.625,HIGH,ALIGNED,0.375,-1.8517,HIGH_KN,True
2025-12-02,DEEPAKFERT.NS,DOWN,TRAIN,RANGE,0.7428,0.625,HIGH,ALIGNED,0.375,-0.8253,HIGH_KN,True
2025-12-02,PAGEIND.NS,DOWN,TRAIN,RANGE,0.7385,0.75,HIGH,ALIGNED,0.25,-0.9706,HIGH_KN,True
2025-12-02,FINPIPE.NS,DOWN,TRAIN,RANGE,0.7375,0.625,HIGH,ALIGNED,0.375,-1.4644,HIGH_KN,True
2025-12-02,SUNDRMFAST.NS,DOWN,TRAIN,RANGE,0.7356,0.625,HIGH,ALIGNED,0.375,-1.6885,HIGH_KN,True
2025-12-02,EICHERMOT.NS,DOWN,TRAIN,RANGE,0.7253,0.5,MEDIUM,ALIGNED,0.5,-0.4359,HIGH_KN,True
2025-12-02,RVNL.NS,DOWN,TRAIN,RANGE,0.7214,0.75,HIGH,ALIGNED,0.25,-1.966,HIGH_KN,True
2025-12-02,SBILIFE.NS,DOWN,TRAIN,RANGE,0.7166,0.75,HIGH,ALIGNED,0.25,-0.4391,HIGH_KN,True
2025-12-02,SAPPHIRE.NS,DOWN,TRAIN,RANGE,0.7144,0.625,HIGH,ALIGNED,0.375,3.8686,HIGH_KN,False
2025-12-02,ENDURANCE.NS,DOWN,TRAIN,RANGE,0.7075,0.75,HIGH,ALIGNED,0.25,0.2932,HIGH_KN,False
2025-12-02,ATUL.NS,DOWN,TRAIN,RANGE,0.7072,0.625,HIGH,ALIGNED,0.375,-0.1729,HIGH_KN,True
2025-12-02,CENTUM.NS,DOWN,TRAIN,RANGE,0.7062,0.625,HIGH,ALIGNED,0.375,1.1656,HIGH_KN,False
2025-12-03,ONMOBILE.NS,UP,TRAIN,RANGE,0.9959,0.875,HIGH,ALIGNED,0.125,-7.2099,HIGH_KN,False
2025-12-03,ROUTE.NS,UP,TRAIN,RANGE,0.9679,1.0,HIGH,ALIGNED,0.0,1.9452,HIGH_KN,True
2025-12-03,RAJESHEXPO.NS,UP,TRAIN,RANGE,0.8891,1.0,HIGH,ALIGNED,0.0,-1.9587,HIGH_KN,False
2025-12-03,BIOCON.NS,UP,TRAIN,RANGE,0.8812,1.0,HIGH,ALIGNED,0.0,-5.2805,HIGH_KN,False
2025-12-03,APOLLOTYRE.NS,UP,TRAIN,RANGE,0.8807,1.0,HIGH,ALIGNED,0.0,-0.8595,HIGH_KN,False
2025-12-03,HINDZINC.NS,UP,TRAIN,RANGE,0.8725,1.0,HIGH,ALIGNED,0.0,-1.5167,HIGH_KN,False
2025-12-03,ASHOKLEY.NS,UP,TRAIN,RANGE,0.8684,0.625,HIGH,ALIGNED,0.375,-1.5365,HIGH_KN,False
2025-12-03,MOTHERSON.NS,UP,TRAIN,RANGE,0.8403,0.75,HIGH,ALIGNED,0.25,0.8493,HIGH_KN,True
2025-12-03,LTTS.NS,UP,TRAIN,RANGE,0.8365,0.875,HIGH,ALIGNED,0.125,3.8111,HIGH_KN,True
2025-12-03,POLICYBZR.NS,UP,TRAIN,RANGE,0.8229,0.75,HIGH,ALIGNED,0.25,0.8265,HIGH_KN,True
2025-12-03,TATACOMM.NS,UP,TRAIN,RANGE,0.8169,0.875,HIGH,ALIGNED,0.125,-0.9706,HIGH_KN,False
2025-12-03,SAPPHIRE.NS,UP,TRAIN,RANGE,0.8111,0.625,HIGH,ALIGNED,0.375,-0.7145,HIGH_KN,False
2025-12-03,TEJASNET.NS,UP,TRAIN,RANGE,0.7906,0.625,HIGH,ALIGNED,0.375,-1.5287,HIGH_KN,False
2025-12-03,KPITTECH.NS,UP,TRAIN,RANGE,0.7783,0.875,HIGH,ALIGNED,0.125,0.8819,HIGH_KN,True
2025-12-03,CESC.NS,UP,TRAIN,RANGE,0.7664,0.875,HIGH,ALIGNED,0.125,0.2965,HIGH_KN,True
2025-12-03,MOIL.NS,UP,TRAIN,RANGE,0.765,0.5,MEDIUM,ALIGNED,0.5,-1.1328,HIGH_KN,False
2025-12-03,VEDL.NS,UP,TRAIN,RANGE,0.7647,0.75,HIGH,ALIGNED,0.25,-0.5912,HIGH_KN,False
2025-12-03,GLAXO.NS,UP,TRAIN,RANGE,0.7616,0.625,HIGH,ALIGNED,0.375,-0.3216,HIGH_KN,False
2025-12-03,BDL.NS,UP,TRAIN,RANGE,0.7575,0.25,LOW,CONFLICT,0.75,3.0344,LOW_KN,True
2025-12-03,AJANTPHARM.NS,UP,TRAIN,RANGE,0.7442,0.875,HIGH,ALIGNED,0.125,0.8363,HIGH_KN,True
2025-12-03,WHIRLPOOL.NS,DOWN,TRAIN,RANGE,0.8853,0.75,HIGH,ALIGNED,0.25,-0.3359,HIGH_KN,True
2025-12-03,GAIL.NS,DOWN,TRAIN,RANGE,0.8292,0.75,HIGH,ALIGNED,0.25,0.2114,HIGH_KN,False
2025-12-03,RATEGAIN.NS,DOWN,TRAIN,RANGE,0.8177,0.625,HIGH,ALIGNED,0.375,-0.2987,HIGH_KN,True
2025-12-03,METROBRAND.NS,DOWN,TRAIN,RANGE,0.8123,0.75,HIGH,ALIGNED,0.25,-1.4253,HIGH_KN,True
2025-12-03,GRSE.NS,DOWN,TRAIN,RANGE,0.7964,0.75,HIGH,ALIGNED,0.25,-0.3515,HIGH_KN,True
2025-12-03,MANAPPURAM.NS,DOWN,TRAIN,RANGE,0.763,0.75,HIGH,ALIGNED,0.25,-0.5439,HIGH_KN,True
2025-12-03,SUNDRMFAST.NS,DOWN,TRAIN,RANGE,0.744,0.75,HIGH,ALIGNED,0.25,0.3531,HIGH_KN,False
2025-12-03,FINPIPE.NS,DOWN,TRAIN,RANGE,0.7437,0.75,HIGH,ALIGNED,0.25,-1.0333,HIGH_KN,True
2025-12-03,RVNL.NS,DOWN,TRAIN,RANGE,0.7411,0.75,HIGH,ALIGNED,0.25,0.2407,HIGH_KN,False
2025-12-03,PNBHOUSING.NS,DOWN,TRAIN,RANGE,0.7244,0.75,HIGH,ALIGNED,0.25,0.4783,HIGH_KN,False
2025-12-03,NATCOPHARM.NS,DOWN,TRAIN,RANGE,0.7135,0.375,MEDIUM,CONFLICT,0.625,1.4806,LOW_KN,False
2025-12-03,ERIS.NS,DOWN,TRAIN,RANGE,0.7027,0.625,HIGH,ALIGNED,0.375,-0.0833,HIGH_KN,True
2025-12-03,PNB.NS,DOWN,TRAIN,RANGE,0.6998,0.875,HIGH,ALIGNED,0.125,-0.2254,HIGH_KN,True
2025-12-03,CANBK.NS,DOWN,TRAIN,RANGE,0.6991,0.875,HIGH,ALIGNED,0.125,0.8968,HIGH_KN,False
2025-12-03,NOCIL.NS,DOWN,TRAIN,RANGE,0.6973,0.625,HIGH,ALIGNED,0.375,-0.5347,HIGH_KN,True
2025-12-03,ABBOTINDIA.NS,DOWN,TRAIN,RANGE,0.6949,0.875,HIGH,ALIGNED,0.125,-0.1385,HIGH_KN,True
2025-12-03,JYOTHYLAB.NS,DOWN,TRAIN,RANGE,0.6906,0.75,HIGH,ALIGNED,0.25,0.5482,HIGH_KN,False
2025-12-03,PARAS.NS,DOWN,TRAIN,RANGE,0.6884,0.75,HIGH,ALIGNED,0.25,0.8308,HIGH_KN,False
2025-12-03,DEEPAKFERT.NS,DOWN,TRAIN,RANGE,0.6831,0.625,HIGH,ALIGNED,0.375,0.8322,HIGH_KN,False
2025-12-03,RBLBANK.NS,DOWN,TRAIN,RANGE,0.6807,0.625,HIGH,ALIGNED,0.375,-1.9224,HIGH_KN,True
2025-12-04,LTTS.NS,UP,TRAIN,RANGE,0.9565,0.75,HIGH,ALIGNED,0.25,-2.9605,HIGH_KN,False
2025-12-04,ROUTE.NS,UP,TRAIN,RANGE,0.9411,1.0,HIGH,ALIGNED,0.0,-5.2159,HIGH_KN,False
2025-12-04,ONMOBILE.NS,UP,TRAIN,RANGE,0.9007,0.625,HIGH,ALIGNED,0.375,-1.3208,HIGH_KN,False
2025-12-04,NATCOPHARM.NS,UP,TRAIN,RANGE,0.8925,0.875,HIGH,ALIGNED,0.125,-1.6487,HIGH_KN,False
2025-12-04,POLICYBZR.NS,UP,TRAIN,RANGE,0.8657,0.875,HIGH,ALIGNED,0.125,2.1302,HIGH_KN,True
2025-12-04,SAPPHIRE.NS,UP,TRAIN,RANGE,0.865,0.625,HIGH,ALIGNED,0.375,-3.6923,HIGH_KN,False
2025-12-04,NAUKRI.NS,UP,TRAIN,RANGE,0.8507,1.0,HIGH,ALIGNED,0.0,-0.5372,HIGH_KN,False
2025-12-04,APOLLOTYRE.NS,UP,TRAIN,RANGE,0.8377,0.875,HIGH,ALIGNED,0.125,-1.7245,HIGH_KN,False
2025-12-04,HINDZINC.NS,UP,TRAIN,RANGE,0.8367,0.75,HIGH,ALIGNED,0.25,0.2718,HIGH_KN,True
2025-12-04,KPITTECH.NS,UP,TRAIN,RANGE,0.8152,0.875,HIGH,ALIGNED,0.125,-0.2205,HIGH_KN,False
2025-12-04,AJANTPHARM.NS,UP,TRAIN,RANGE,0.8094,0.875,HIGH,ALIGNED,0.125,0.4603,HIGH_KN,True
2025-12-04,BDL.NS,UP,TRAIN,RANGE,0.8041,0.625,HIGH,ALIGNED,0.375,-1.0144,HIGH_KN,False
2025-12-04,IDEA.NS,UP,TRAIN,RANGE,0.7814,0.875,HIGH,ALIGNED,0.125,1.1236,HIGH_KN,True
2025-12-04,CESC.NS,UP,TRAIN,RANGE,0.7768,0.875,HIGH,ALIGNED,0.125,-1.0633,HIGH_KN,False
2025-12-04,COFORGE.NS,UP,TRAIN,RANGE,0.7749,0.875,HIGH,ALIGNED,0.125,0.5951,HIGH_KN,True
2025-12-04,MPHASIS.NS,UP,TRAIN,RANGE,0.7686,0.875,HIGH,ALIGNED,0.125,1.5541,HIGH_KN,True
2025-12-04,EXIDEIND.NS,UP,TRAIN,RANGE,0.7659,1.0,HIGH,ALIGNED,0.0,-0.0526,HIGH_KN,False
2025-12-04,JPPOWER.NS,UP,TRAIN,RANGE,0.7623,0.625,HIGH,ALIGNED,0.375,-0.5258,HIGH_KN,False
2025-12-04,GRANULES.NS,UP,TRAIN,RANGE,0.7577,0.625,HIGH,ALIGNED,0.375,-0.9799,HIGH_KN,False
2025-12-04,VEDL.NS,UP,TRAIN,RANGE,0.7488,0.75,HIGH,ALIGNED,0.25,-0.9723,HIGH_KN,False
2025-12-04,M&MFIN.NS,DOWN,TRAIN,RANGE,0.8954,0.75,HIGH,ALIGNED,0.25,5.9222,HIGH_KN,False
2025-12-04,METROBRAND.NS,DOWN,TRAIN,RANGE,0.849,0.75,HIGH,ALIGNED,0.25,0.2487,HIGH_KN,False
2025-12-04,GAIL.NS,DOWN,TRAIN,RANGE,0.8261,0.625,HIGH,ALIGNED,0.375,-0.3809,HIGH_KN,True
2025-12-04,COROMANDEL.NS,DOWN,TRAIN,RANGE,0.7865,0.625,HIGH,ALIGNED,0.375,-0.1389,HIGH_KN,True
2025-12-04,JSWENERGY.NS,DOWN,TRAIN,RANGE,0.7841,0.75,HIGH,ALIGNED,0.25,0.4567,HIGH_KN,False
2025-12-04,CANBK.NS,DOWN,TRAIN,RANGE,0.7794,0.625,HIGH,ALIGNED,0.375,0.8481,HIGH_KN,False
2025-12-04,MOIL.NS,DOWN,TRAIN,RANGE,0.7785,0.75,HIGH,ALIGNED,0.25,-0.2597,HIGH_KN,True
2025-12-04,PNB.NS,DOWN,TRAIN,RANGE,0.7667,0.75,HIGH,ALIGNED,0.25,1.8238,HIGH_KN,False
2025-12-04,RATEGAIN.NS,DOWN,TRAIN,RANGE,0.7628,0.625,HIGH,ALIGNED,0.375,-2.8062,HIGH_KN,True
2025-12-04,RAILTEL.NS,DOWN,TRAIN,RANGE,0.7609,0.625,HIGH,ALIGNED,0.375,1.1649,HIGH_KN,False
2025-12-04,RVNL.NS,DOWN,TRAIN,RANGE,0.7464,0.625,HIGH,ALIGNED,0.375,-0.4962,HIGH_KN,True
2025-12-04,PNBHOUSING.NS,DOWN,TRAIN,RANGE,0.7292,0.625,HIGH,ALIGNED,0.375,2.4483,HIGH_KN,False
2025-12-04,FINPIPE.NS,DOWN,TRAIN,RANGE,0.7263,0.75,HIGH,ALIGNED,0.25,-0.7919,HIGH_KN,True
2025-12-04,GRSE.NS,DOWN,TRAIN,RANGE,0.7261,0.75,HIGH,ALIGNED,0.25,-3.1437,HIGH_KN,True
2025-12-04,SHRIRAMFIN.NS,DOWN,TRAIN,RANGE,0.7006,0.875,HIGH,ALIGNED,0.125,3.2301,HIGH_KN,False
2025-12-04,IRCON.NS,DOWN,TRAIN,RANGE,0.6986,0.625,HIGH,ALIGNED,0.375,-1.6672,HIGH_KN,True
2025-12-04,MANAPPURAM.NS,DOWN,TRAIN,RANGE,0.6961,0.75,HIGH,ALIGNED,0.25,1.9686,HIGH_KN,False
2025-12-04,SUZLON.NS,DOWN,TRAIN,RANGE,0.6935,0.75,HIGH,ALIGNED,0.25,1.7502,HIGH_KN,False
2025-12-04,RBLBANK.NS,DOWN,TRAIN,RANGE,0.6896,0.625,HIGH,ALIGNED,0.375,2.4627,HIGH_KN,False
2025-12-04,WHIRLPOOL.NS,DOWN,TRAIN,RANGE,0.6894,0.625,HIGH,ALIGNED,0.375,-3.0232,HIGH_KN,True
2025-12-05,IDEA.NS,UP,TRAIN,RANGE,0.9764,1.0,HIGH,ALIGNED,0.0,-4.7222,HIGH_KN,False
2025-12-05,POLICYBZR.NS,UP,TRAIN,RANGE,0.8409,0.875,HIGH,ALIGNED,0.125,1.0614,HIGH_KN,True
2025-12-05,LTTS.NS,UP,TRAIN,RANGE,0.8178,0.75,HIGH,ALIGNED,0.25,-0.1386,HIGH_KN,False
2025-12-05,ROUTE.NS,UP,TRAIN,RANGE,0.8127,0.625,HIGH,ALIGNED,0.375,-3.6,HIGH_KN,False
2025-12-05,NATCOPHARM.NS,UP,TRAIN,RANGE,0.795,0.75,HIGH,ALIGNED,0.25,-3.84,HIGH_KN,False
2025-12-05,DEEPAKNTR.NS,UP,TRAIN,RANGE,0.7733,0.75,HIGH,ALIGNED,0.25,-1.5551,HIGH_KN,False
2025-12-05,HCLTECH.NS,UP,TRAIN,RANGE,0.7671,0.875,HIGH,ALIGNED,0.125,0.3327,HIGH_KN,True
2025-12-05,SUNDRMFAST.NS,UP,TRAIN,RANGE,0.7668,0.5,MEDIUM,ALIGNED,0.5,-2.0956,HIGH_KN,False
2025-12-05,TATACOMM.NS,UP,TRAIN,RANGE,0.7594,0.375,MEDIUM,CONFLICT,0.625,-1.4201,LOW_KN,False
2025-12-05,AJANTPHARM.NS,UP,TRAIN,RANGE,0.7534,0.75,HIGH,ALIGNED,0.25,0.6703,HIGH_KN,True
2025-12-05,MARICO.NS,UP,TRAIN,RANGE,0.7531,0.875,HIGH,ALIGNED,0.125,-0.9978,HIGH_KN,False
2025-12-05,APOLLOTYRE.NS,UP,TRAIN,RANGE,0.7476,0.75,HIGH,ALIGNED,0.25,-0.211,HIGH_KN,False
2025-12-05,COFORGE.NS,UP,TRAIN,RANGE,0.7416,0.75,HIGH,ALIGNED,0.25,-1.3449,HIGH_KN,False
2025-12-05,MPHASIS.NS,UP,TRAIN,RANGE,0.7389,0.875,HIGH,ALIGNED,0.125,-1.9231,HIGH_KN,False
2025-12-05,NATIONALUM.NS,UP,TRAIN,RANGE,0.737,0.625,HIGH,ALIGNED,0.375,-1.7573,HIGH_KN,False
2025-12-05,INFY.NS,UP,TRAIN,RANGE,0.7327,0.875,HIGH,ALIGNED,0.125,-0.3341,HIGH_KN,False
2025-12-05,SBILIFE.NS,UP,TRAIN,RANGE,0.7279,0.75,HIGH,ALIGNED,0.25,-0.1482,HIGH_KN,False
2025-12-05,NMDC.NS,UP,TRAIN,RANGE,0.7219,0.875,HIGH,ALIGNED,0.125,-2.3542,HIGH_KN,False
2025-12-05,PRESTIGE.NS,UP,TRAIN,RANGE,0.7185,0.75,HIGH,ALIGNED,0.25,-4.7168,HIGH_KN,False
2025-12-05,EICHERMOT.NS,UP,TRAIN,RANGE,0.7135,0.875,HIGH,ALIGNED,0.125,-0.9156,HIGH_KN,False
2025-12-05,METROBRAND.NS,DOWN,TRAIN,RANGE,0.8416,0.75,HIGH,ALIGNED,0.25,1.1024,HIGH_KN,False
2025-12-05,JSWENERGY.NS,DOWN,TRAIN,RANGE,0.8327,0.75,HIGH,ALIGNED,0.25,-1.7534,HIGH_KN,True
2025-12-05,M&MFIN.NS,DOWN,TRAIN,RANGE,0.8199,0.625,HIGH,ALIGNED,0.375,-4.394,HIGH_KN,True
2025-12-05,WHIRLPOOL.NS,DOWN,TRAIN,RANGE,0.8171,0.625,HIGH,ALIGNED,0.375,-3.6756,HIGH_KN,True
2025-12-05,COROMANDEL.NS,DOWN,TRAIN,RANGE,0.8168,0.625,HIGH,ALIGNED,0.375,0.626,HIGH_KN,False
2025-12-05,RATEGAIN.NS,DOWN,TRAIN,RANGE,0.8132,0.75,HIGH,ALIGNED,0.25,-0.7293,HIGH_KN,True
2025-12-05,HINDUNILVR.NS,DOWN,TRAIN,RANGE,0.776,0.75,HIGH,ALIGNED,0.25,-1.0519,HIGH_KN,True
2025-12-05,INTELLECT.NS,DOWN,TRAIN,RANGE,0.7714,0.625,HIGH,ALIGNED,0.375,-3.172,HIGH_KN,True
2025-12-05,BEML.NS,DOWN,TRAIN,RANGE,0.7697,0.75,HIGH,ALIGNED,0.25,-4.0344,HIGH_KN,True
2025-12-05,AMBER.NS,DOWN,TRAIN,RANGE,0.7587,0.75,HIGH,ALIGNED,0.25,-1.699,HIGH_KN,True
2025-12-05,CANBK.NS,DOWN,TRAIN,RANGE,0.7423,0.625,HIGH,ALIGNED,0.375,-3.902,HIGH_KN,True
2025-12-05,MOIL.NS,DOWN,TRAIN,RANGE,0.7337,0.75,HIGH,ALIGNED,0.25,-3.7065,HIGH_KN,True
2025-12-05,GRSE.NS,DOWN,TRAIN,RANGE,0.7329,0.625,HIGH,ALIGNED,0.375,-4.3425,HIGH_KN,True
2025-12-05,JINDALSTEL.NS,DOWN,TRAIN,RANGE,0.7178,0.625,HIGH,ALIGNED,0.375,-0.9237,HIGH_KN,True
2025-12-05,DATAPATTNS.NS,DOWN,TRAIN,RANGE,0.7103,0.75,HIGH,ALIGNED,0.25,-6.4671,HIGH_KN,True
2025-12-05,FINPIPE.NS,DOWN,TRAIN,RANGE,0.7103,0.75,HIGH,ALIGNED,0.25,-2.3296,HIGH_KN,True
2025-12-05,ABBOTINDIA.NS,DOWN,TRAIN,RANGE,0.706,0.625,HIGH,ALIGNED,0.375,-0.7601,HIGH_KN,True
2025-12-05,ZYDUSWELL.NS,DOWN,TRAIN,RANGE,0.705,0.625,HIGH,ALIGNED,0.375,0.6345,HIGH_KN,False
2025-12-05,BSE.NS,DOWN,TRAIN,RANGE,0.7021,0.625,HIGH,ALIGNED,0.375,-0.6073,HIGH_KN,True
2025-12-05,SUZLON.NS,DOWN,TRAIN,RANGE,0.7012,0.75,HIGH,ALIGNED,0.25,0.0773,HIGH_KN,False
2025-12-08,IDEA.NS,UP,TRAIN,RANGE,0.9586,0.625,HIGH,ALIGNED,0.375,4.3732,HIGH_KN,True
2025-12-08,LTTS.NS,UP,TRAIN,RANGE,0.8364,0.75,HIGH,ALIGNED,0.25,0.1938,HIGH_KN,True
2025-12-08,AJANTPHARM.NS,UP,TRAIN,RANGE,0.8337,1.0,HIGH,ALIGNED,0.0,-1.3994,HIGH_KN,False
2025-12-08,POLICYBZR.NS,UP,TRAIN,RANGE,0.8148,0.875,HIGH,ALIGNED,0.125,2.2676,HIGH_KN,True
2025-12-08,FINEORG.NS,UP,TRAIN,RANGE,0.7981,0.5,MEDIUM,ALIGNED,0.5,-0.8641,HIGH_KN,False
2025-12-08,SBILIFE.NS,UP,TRAIN,RANGE,0.7732,0.875,HIGH,ALIGNED,0.125,-0.7176,HIGH_KN,False
2025-12-08,GLAXO.NS,UP,TRAIN,RANGE,0.7689,0.875,HIGH,ALIGNED,0.125,0.5856,HIGH_KN,True
2025-12-08,SYMPHONY.NS,UP,TRAIN,RANGE,0.7672,0.875,HIGH,ALIGNED,0.125,1.3143,HIGH_KN,True
2025-12-08,COFORGE.NS,UP,TRAIN,RANGE,0.7524,0.75,HIGH,ALIGNED,0.25,-3.9871,HIGH_KN,False
2025-12-08,TECHM.NS,UP,TRAIN,RANGE,0.7428,0.625,HIGH,ALIGNED,0.375,-1.8972,HIGH_KN,False
2025-12-08,BPCL.NS,UP,TRAIN,RANGE,0.7404,0.625,HIGH,ALIGNED,0.375,-0.6992,HIGH_KN,False
2025-12-08,KEI.NS,UP,TRAIN,RANGE,0.7349,0.625,HIGH,ALIGNED,0.375,-0.5421,HIGH_KN,False
2025-12-08,VINATIORGA.NS,UP,TRAIN,RANGE,0.7333,0.75,HIGH,ALIGNED,0.25,0.4806,HIGH_KN,True
2025-12-08,HCLTECH.NS,UP,TRAIN,RANGE,0.7273,0.75,HIGH,ALIGNED,0.25,-1.8358,HIGH_KN,False
2025-12-08,MARICO.NS,UP,TRAIN,RANGE,0.7232,0.75,HIGH,ALIGNED,0.25,0.1645,HIGH_KN,True
2025-12-08,WIPRO.NS,UP,TRAIN,RANGE,0.7115,0.625,HIGH,ALIGNED,0.375,-1.5189,HIGH_KN,False
2025-12-08,APOLLOTYRE.NS,UP,TRAIN,RANGE,0.7074,0.625,HIGH,ALIGNED,0.375,0.8168,HIGH_KN,True
2025-12-08,TATACOMM.NS,UP,TRAIN,RANGE,0.7045,0.375,MEDIUM,CONFLICT,0.625,-0.298,LOW_KN,False
2025-12-08,DEEPAKNTR.NS,UP,TRAIN,RANGE,0.7041,0.5,MEDIUM,ALIGNED,0.5,-1.1848,HIGH_KN,False
2025-12-08,ONMOBILE.NS,UP,TRAIN,RANGE,0.6945,0.25,LOW,CONFLICT,0.75,-0.4737,LOW_KN,False
2025-12-08,JSWENERGY.NS,DOWN,TRAIN,RANGE,0.8323,0.625,HIGH,ALIGNED,0.375,-0.5839,HIGH_KN,True
2025-12-08,BEML.NS,DOWN,TRAIN,RANGE,0.8301,0.75,HIGH,ALIGNED,0.25,2.5772,HIGH_KN,False
2025-12-08,PNB.NS,DOWN,TRAIN,RANGE,0.8038,0.75,HIGH,ALIGNED,0.25,1.5776,HIGH_KN,False
2025-12-08,M&MFIN.NS,DOWN,TRAIN,RANGE,0.7924,0.625,HIGH,ALIGNED,0.375,0.5692,HIGH_KN,False
2025-12-08,DEEPAKFERT.NS,DOWN,TRAIN,RANGE,0.7885,0.75,HIGH,ALIGNED,0.25,1.2484,HIGH_KN,False
2025-12-08,AMBER.NS,DOWN,TRAIN,RANGE,0.7852,0.625,HIGH,ALIGNED,0.375,3.5886,HIGH_KN,False
2025-12-08,KALYANKJIL.NS,DOWN,TRAIN,RANGE,0.7708,0.625,HIGH,ALIGNED,0.375,-0.3579,HIGH_KN,True
2025-12-08,BDL.NS,DOWN,TRAIN,RANGE,0.7675,0.625,HIGH,ALIGNED,0.375,0.3022,HIGH_KN,False
2025-12-08,GRSE.NS,DOWN,TRAIN,RANGE,0.7522,0.625,HIGH,ALIGNED,0.375,3.4862,HIGH_KN,False
2025-12-08,TEJASNET.NS,DOWN,TRAIN,RANGE,0.7481,0.625,HIGH,ALIGNED,0.375,-0.4977,HIGH_KN,True
2025-12-08,INTELLECT.NS,DOWN,TRAIN,RANGE,0.7478,0.625,HIGH,ALIGNED,0.375,1.6331,HIGH_KN,False
2025-12-08,GODREJPROP.NS,DOWN,TRAIN,RANGE,0.7447,0.75,HIGH,ALIGNED,0.25,3.4378,HIGH_KN,False
2025-12-08,CANBK.NS,DOWN,TRAIN,RANGE,0.7439,0.75,HIGH,ALIGNED,0.25,2.3453,HIGH_KN,False
2025-12-08,BEL.NS,DOWN,TRAIN,RANGE,0.7416,0.75,HIGH,ALIGNED,0.25,0.7893,HIGH_KN,False
2025-12-08,MAZDOCK.NS,DOWN,TRAIN,RANGE,0.7404,0.75,HIGH,ALIGNED,0.25,0.2174,HIGH_KN,False
2025-12-08,JSWSTEEL.NS,DOWN,TRAIN,RANGE,0.738,0.75,HIGH,ALIGNED,0.25,-1.0097,HIGH_KN,True
2025-12-08,DATAPATTNS.NS,DOWN,TRAIN,RANGE,0.7306,0.625,HIGH,ALIGNED,0.375,1.3991,HIGH_KN,False
2025-12-08,HINDUNILVR.NS,DOWN,TRAIN,RANGE,0.7268,0.625,HIGH,ALIGNED,0.375,-0.3241,HIGH_KN,True
2025-12-08,VEDL.NS,DOWN,TRAIN,RANGE,0.711,0.75,HIGH,ALIGNED,0.25,0.9584,HIGH_KN,False
2025-12-08,WELCORP.NS,DOWN,TRAIN,RANGE,0.711,0.75,HIGH,ALIGNED,0.25,1.1594,HIGH_KN,False
2025-12-09,ERIS.NS,UP,TRAIN,RANGE,0.9653,1.0,HIGH,ALIGNED,0.0,-5.4135,HIGH_KN,False
2025-12-09,IDEA.NS,UP,TRAIN,RANGE,0.9574,1.0,HIGH,ALIGNED,0.0,-0.1862,HIGH_KN,False
2025-12-09,SHYAMMETL.NS,UP,TRAIN,RANGE,0.8077,0.625,HIGH,ALIGNED,0.375,-3.3192,HIGH_KN,False
2025-12-09,GLAXO.NS,UP,TRAIN,RANGE,0.8045,1.0,HIGH,ALIGNED,0.0,1.3324,HIGH_KN,True
2025-12-09,COROMANDEL.NS,UP,TRAIN,RANGE,0.8043,0.875,HIGH,ALIGNED,0.125,-3.5725,HIGH_KN,False
2025-12-09,SYMPHONY.NS,UP,TRAIN,RANGE,0.8043,1.0,HIGH,ALIGNED,0.0,-1.0277,HIGH_KN,False
2025-12-09,POLICYBZR.NS,UP,TRAIN,RANGE,0.7971,0.875,HIGH,ALIGNED,0.125,-1.7575,HIGH_KN,False
2025-12-09,BATAINDIA.NS,UP,TRAIN,RANGE,0.7866,0.75,HIGH,ALIGNED,0.25,-1.1888,HIGH_KN,False
2025-12-09,APOLLOTYRE.NS,UP,TRAIN,RANGE,0.7847,0.875,HIGH,ALIGNED,0.125,-0.7339,HIGH_KN,False
2025-12-09,RBLBANK.NS,UP,TRAIN,RANGE,0.7835,0.625,HIGH,ALIGNED,0.375,-0.6906,HIGH_KN,False
2025-12-09,ROUTE.NS,UP,TRAIN,RANGE,0.7825,0.625,HIGH,ALIGNED,0.375,-2.9063,HIGH_KN,False
2025-12-09,ONMOBILE.NS,UP,TRAIN,RANGE,0.761,0.375,MEDIUM,CONFLICT,0.625,-1.8156,LOW_KN,False
2025-12-09,CHOLAFIN.NS,UP,TRAIN,RANGE,0.7579,0.625,HIGH,ALIGNED,0.375,0.7394,HIGH_KN,True
2025-12-09,CRAFTSMAN.NS,UP,TRAIN,RANGE,0.7397,0.875,HIGH,ALIGNED,0.125,-1.4698,HIGH_KN,False
2025-12-09,CENTUM.NS,UP,TRAIN,RANGE,0.7392,0.5,MEDIUM,ALIGNED,0.5,1.521,HIGH_KN,True
2025-12-09,ATUL.NS,UP,TRAIN,RANGE,0.7333,0.75,HIGH,ALIGNED,0.25,0.2047,HIGH_KN,True
2025-12-09,GODREJAGRO.NS,UP,TRAIN,RANGE,0.722,0.625,HIGH,ALIGNED,0.375,0.5875,HIGH_KN,True
2025-12-09,SBILIFE.NS,UP,TRAIN,RANGE,0.7134,0.625,HIGH,ALIGNED,0.375,0.4137,HIGH_KN,True
2025-12-09,ZYDUSWELL.NS,UP,TRAIN,RANGE,0.7053,0.5,MEDIUM,ALIGNED,0.5,0.2005,HIGH_KN,True
2025-12-09,DEEPAKNTR.NS,UP,TRAIN,RANGE,0.6909,0.375,MEDIUM,CONFLICT,0.625,0.1441,LOW_KN,True
2025-12-09,NATCOPHARM.NS,DOWN,TRAIN,RANGE,0.8479,0.625,HIGH,ALIGNED,0.375,-2.8338,HIGH_KN,True
2025-12-09,JSWENERGY.NS,DOWN,TRAIN,RANGE,0.8232,0.875,HIGH,ALIGNED,0.125,-0.0111,HIGH_KN,True
2025-12-09,MAPMYINDIA.NS,DOWN,TRAIN,RANGE,0.8108,0.75,HIGH,ALIGNED,0.25,-0.9987,HIGH_KN,True
2025-12-09,BDL.NS,DOWN,TRAIN,RANGE,0.8019,0.875,HIGH,ALIGNED,0.125,-1.8986,HIGH_KN,True
2025-12-09,MAZDOCK.NS,DOWN,TRAIN,RANGE,0.7983,0.875,HIGH,ALIGNED,0.125,-2.0088,HIGH_KN,True
2025-12-09,JSWSTEEL.NS,DOWN,TRAIN,RANGE,0.7873,0.75,HIGH,ALIGNED,0.25,-0.993,HIGH_KN,True
2025-12-09,HINDUNILVR.NS,DOWN,TRAIN,RANGE,0.7816,0.75,HIGH,ALIGNED,0.25,-0.2081,HIGH_KN,True
2025-12-09,PNB.NS,DOWN,TRAIN,RANGE,0.7711,0.625,HIGH,ALIGNED,0.375,-0.5686,HIGH_KN,True
2025-12-09,JINDALPOLY.NS,DOWN,TRAIN,RANGE,0.7679,0.75,HIGH,ALIGNED,0.25,1.4068,HIGH_KN,False
2025-12-09,TEJASNET.NS,DOWN,TRAIN,RANGE,0.7644,0.625,HIGH,ALIGNED,0.375,-1.7454,HIGH_KN,True
2025-12-09,M&MFIN.NS,DOWN,TRAIN,RANGE,0.7547,0.5,MEDIUM,ALIGNED,0.5,-1.7685,HIGH_KN,True
2025-12-09,KALYANKJIL.NS,DOWN,TRAIN,RANGE,0.7483,0.875,HIGH,ALIGNED,0.125,-2.6724,HIGH_KN,True
2025-12-09,AMBER.NS,DOWN,TRAIN,RANGE,0.7438,0.75,HIGH,ALIGNED,0.25,-1.7359,HIGH_KN,True
2025-12-09,VEDL.NS,DOWN,TRAIN,RANGE,0.7412,0.5,MEDIUM,ALIGNED,0.5,1.5596,HIGH_KN,False
2025-12-09,CANBK.NS,DOWN,TRAIN,RANGE,0.7323,0.625,HIGH,ALIGNED,0.375,-0.4309,HIGH_KN,True
2025-12-09,BEML.NS,DOWN,TRAIN,RANGE,0.7313,0.75,HIGH,ALIGNED,0.25,-0.4871,HIGH_KN,True
2025-12-09,SOBHA.NS,DOWN,TRAIN,RANGE,0.7304,0.75,HIGH,ALIGNED,0.25,1.4721,HIGH_KN,False
2025-12-09,DATAPATTNS.NS,DOWN,TRAIN,RANGE,0.7256,0.625,HIGH,ALIGNED,0.375,-3.0645,HIGH_KN,True
2025-12-09,STLTECH.NS,DOWN,TRAIN,RANGE,0.7146,0.625,HIGH,ALIGNED,0.375,-1.2739,HIGH_KN,True
2025-12-09,HFCL.NS,DOWN,TRAIN,RANGE,0.7093,0.75,HIGH,ALIGNED,0.25,-1.7408,HIGH_KN,True
2025-12-10,METROBRAND.NS,UP,TRAIN,RANGE,0.9626,1.0,HIGH,ALIGNED,0.0,-1.7695,HIGH_KN,False
2025-12-10,ERIS.NS,UP,TRAIN,RANGE,0.9527,0.75,HIGH,ALIGNED,0.25,-1.1559,HIGH_KN,False
2025-12-10,NAVINFLUOR.NS,UP,TRAIN,RANGE,0.8824,1.0,HIGH,ALIGNED,0.0,1.563,HIGH_KN,True
2025-12-10,CHOLAFIN.NS,UP,TRAIN,RANGE,0.8348,0.875,HIGH,ALIGNED,0.125,-1.4106,HIGH_KN,False
2025-12-10,GODREJAGRO.NS,UP,TRAIN,RANGE,0.8333,0.75,HIGH,ALIGNED,0.25,-1.26,HIGH_KN,False
2025-12-10,BIKAJI.NS,UP,TRAIN,RANGE,0.8331,1.0,HIGH,ALIGNED,0.0,-0.6736,HIGH_KN,False
2025-12-10,MANAPPURAM.NS,UP,TRAIN,RANGE,0.8273,0.75,HIGH,ALIGNED,0.25,1.9258,HIGH_KN,True
2025-12-10,ZYDUSWELL.NS,UP,TRAIN,RANGE,0.8208,0.625,HIGH,ALIGNED,0.375,0.0118,HIGH_KN,True
2025-12-10,PNBHOUSING.NS,UP,TRAIN,RANGE,0.808,0.625,HIGH,ALIGNED,0.375,1.7924,HIGH_KN,True
2025-12-10,ADANIENSOL.NS,UP,TRAIN,RANGE,0.8007,0.875,HIGH,ALIGNED,0.125,1.7353,HIGH_KN,True
2025-12-10,IDEA.NS,UP,TRAIN,RANGE,0.7942,0.75,HIGH,ALIGNED,0.25,4.944,HIGH_KN,True
2025-12-10,GLAXO.NS,UP,TRAIN,RANGE,0.785,0.875,HIGH,ALIGNED,0.125,1.1106,HIGH_KN,True
2025-12-10,POLICYBZR.NS,UP,TRAIN,RANGE,0.7652,0.75,HIGH,ALIGNED,0.25,1.3105,HIGH_KN,True
2025-12-10,HINDZINC.NS,UP,TRAIN,RANGE,0.7295,0.875,HIGH,ALIGNED,0.125,1.9506,HIGH_KN,True
2025-12-10,SRF.NS,UP,TRAIN,RANGE,0.728,0.875,HIGH,ALIGNED,0.125,0.4093,HIGH_KN,True
2025-12-10,EICHERMOT.NS,UP,TRAIN,RANGE,0.7263,0.875,HIGH,ALIGNED,0.125,0.3804,HIGH_KN,True
2025-12-10,CENTUM.NS,UP,TRAIN,RANGE,0.7225,0.625,HIGH,ALIGNED,0.375,4.969,HIGH_KN,True
2025-12-10,RATNAMANI.NS,UP,TRAIN,RANGE,0.7225,0.875,HIGH,ALIGNED,0.125,0.1232,HIGH_KN,True
2025-12-10,SHRIRAMFIN.NS,UP,TRAIN,RANGE,0.7027,0.5,MEDIUM,ALIGNED,0.5,1.1824,HIGH_KN,True
2025-12-10,SBILIFE.NS,UP,TRAIN,RANGE,0.6978,0.625,HIGH,ALIGNED,0.375,-0.3773,HIGH_KN,False
2025-12-10,ONMOBILE.NS,DOWN,TRAIN,RANGE,0.8908,0.75,HIGH,ALIGNED,0.25,-0.5206,HIGH_KN,True
2025-12-10,TEJASNET.NS,DOWN,TRAIN,RANGE,0.8787,0.75,HIGH,ALIGNED,0.25,0.9424,HIGH_KN,False
2025-12-10,NATCOPHARM.NS,DOWN,TRAIN,RANGE,0.8514,0.625,HIGH,ALIGNED,0.375,5.7695,HIGH_KN,False
2025-12-10,MAPMYINDIA.NS,DOWN,TRAIN,RANGE,0.8256,0.75,HIGH,ALIGNED,0.25,-0.123,HIGH_KN,True
2025-12-10,MAZDOCK.NS,DOWN,TRAIN,RANGE,0.7816,0.75,HIGH,ALIGNED,0.25,1.1644,HIGH_KN,False
2025-12-10,AMBER.NS,DOWN,TRAIN,RANGE,0.7635,0.75,HIGH,ALIGNED,0.25,-0.6853,HIGH_KN,True
2025-12-10,KEI.NS,DOWN,TRAIN,RANGE,0.7606,0.625,HIGH,ALIGNED,0.375,2.7711,HIGH_KN,False
2025-12-10,JINDALPOLY.NS,DOWN,TRAIN,RANGE,0.7585,0.75,HIGH,ALIGNED,0.25,1.0609,HIGH_KN,False
2025-12-10,BDL.NS,DOWN,TRAIN,RANGE,0.7531,0.75,HIGH,ALIGNED,0.25,0.9355,HIGH_KN,False
2025-12-10,HINDUNILVR.NS,DOWN,TRAIN,RANGE,0.7527,0.75,HIGH,ALIGNED,0.25,0.1694,HIGH_KN,False
2025-12-10,M&MFIN.NS,DOWN,TRAIN,RANGE,0.7505,0.625,HIGH,ALIGNED,0.375,-1.9732,HIGH_KN,True
2025-12-10,JSWSTEEL.NS,DOWN,TRAIN,RANGE,0.7486,0.625,HIGH,ALIGNED,0.375,0.7841,HIGH_KN,False
2025-12-10,SAPPHIRE.NS,DOWN,TRAIN,RANGE,0.7367,0.625,HIGH,ALIGNED,0.375,0.0508,HIGH_KN,False
2025-12-10,KPITTECH.NS,DOWN,TRAIN,RANGE,0.7326,0.75,HIGH,ALIGNED,0.25,2.8197,HIGH_KN,False
2025-12-10,ASHOKLEY.NS,DOWN,TRAIN,RANGE,0.7282,0.75,HIGH,ALIGNED,0.25,1.4683,HIGH_KN,False
2025-12-10,STLTECH.NS,DOWN,TRAIN,RANGE,0.7159,0.75,HIGH,ALIGNED,0.25,1.8002,HIGH_KN,False
2025-12-10,DATAPATTNS.NS,DOWN,TRAIN,RANGE,0.7155,0.75,HIGH,ALIGNED,0.25,2.371,HIGH_KN,False
2025-12-10,COFORGE.NS,DOWN,TRAIN,RANGE,0.7143,0.75,HIGH,ALIGNED,0.25,1.1647,HIGH_KN,False
2025-12-10,KALYANKJIL.NS,DOWN,TRAIN,RANGE,0.7053,0.875,HIGH,ALIGNED,0.125,2.0295,HIGH_KN,False
2025-12-10,HFCL.NS,DOWN,TRAIN,RANGE,0.6812,0.75,HIGH,ALIGNED,0.25,1.2114,HIGH_KN,False
2025-12-11,CENTUM.NS,UP,TRAIN,RANGE,0.9833,0.875,HIGH,ALIGNED,0.125,-3.6163,HIGH_KN,False
2025-12-11,METROBRAND.NS,UP,TRAIN,RANGE,0.9813,0.875,HIGH,ALIGNED,0.125,-0.0515,HIGH_KN,False
2025-12-11,IRCON.NS,UP,TRAIN,RANGE,0.918,0.875,HIGH,ALIGNED,0.125,-0.3803,HIGH_KN,False
2025-12-11,NAVINFLUOR.NS,UP,TRAIN,RANGE,0.9074,1.0,HIGH,ALIGNED,0.0,1.3156,HIGH_KN,True
2025-12-11,RBLBANK.NS,UP,TRAIN,RANGE,0.8882,1.0,HIGH,ALIGNED,0.0,-1.1568,HIGH_KN,False
2025-12-11,RAILTEL.NS,UP,TRAIN,RANGE,0.8626,0.75,HIGH,ALIGNED,0.25,-0.918,HIGH_KN,False
2025-12-11,SUZLON.NS,UP,TRAIN,RANGE,0.8579,0.625,HIGH,ALIGNED,0.375,1.8832,HIGH_KN,True
2025-12-11,PNBHOUSING.NS,UP,TRAIN,RANGE,0.8537,0.875,HIGH,ALIGNED,0.125,4.1049,HIGH_KN,True
2025-12-11,GLAXO.NS,UP,TRAIN,RANGE,0.8534,0.875,HIGH,ALIGNED,0.125,-0.8123,HIGH_KN,False
2025-12-11,HINDZINC.NS,UP,TRAIN,RANGE,0.8463,1.0,HIGH,ALIGNED,0.0,7.462,HIGH_KN,True
2025-12-11,MANAPPURAM.NS,UP,TRAIN,RANGE,0.8426,0.875,HIGH,ALIGNED,0.125,1.5716,HIGH_KN,True
2025-12-11,CHOLAFIN.NS,UP,TRAIN,RANGE,0.8406,0.75,HIGH,ALIGNED,0.25,0.9422,HIGH_KN,True
2025-12-11,ADANIENSOL.NS,UP,TRAIN,RANGE,0.8143,0.75,HIGH,ALIGNED,0.25,1.1705,HIGH_KN,True
2025-12-11,ADANIGREEN.NS,UP,TRAIN,RANGE,0.7975,0.75,HIGH,ALIGNED,0.25,2.1005,HIGH_KN,True
2025-12-11,ZYDUSWELL.NS,UP,TRAIN,RANGE,0.7756,0.5,MEDIUM,ALIGNED,0.5,0.3885,HIGH_KN,True
2025-12-11,SHRIRAMFIN.NS,UP,TRAIN,RANGE,0.7707,0.875,HIGH,ALIGNED,0.125,0.1003,HIGH_KN,True
2025-12-11,ERIS.NS,UP,TRAIN,RANGE,0.7559,0.625,HIGH,ALIGNED,0.375,-1.1568,HIGH_KN,False
2025-12-11,RAJESHEXPO.NS,UP,TRAIN,RANGE,0.7539,0.875,HIGH,ALIGNED,0.125,-0.0935,HIGH_KN,False
2025-12-11,MOTHERSON.NS,UP,TRAIN,RANGE,0.753,1.0,HIGH,ALIGNED,0.0,1.2521,HIGH_KN,True
2025-12-11,SUDARSCHEM.NS,UP,TRAIN,RANGE,0.7342,0.375,MEDIUM,CONFLICT,0.625,-0.6679,LOW_KN,False
2025-12-11,TEJASNET.NS,DOWN,TRAIN,RANGE,0.8741,0.625,HIGH,ALIGNED,0.375,2.8758,HIGH_KN,False
2025-12-11,NATCOPHARM.NS,DOWN,TRAIN,RANGE,0.8423,0.625,HIGH,ALIGNED,0.375,-1.2969,HIGH_KN,True
2025-12-11,HFCL.NS,DOWN,TRAIN,RANGE,0.8116,0.625,HIGH,ALIGNED,0.375,-0.4189,HIGH_KN,True
2025-12-11,MAPMYINDIA.NS,DOWN,TRAIN,RANGE,0.77,0.75,HIGH,ALIGNED,0.25,1.3241,HIGH_KN,False
2025-12-11,HINDUNILVR.NS,DOWN,TRAIN,RANGE,0.7658,0.75,HIGH,ALIGNED,0.25,-1.9518,HIGH_KN,True
2025-12-11,BDL.NS,DOWN,TRAIN,RANGE,0.7579,0.625,HIGH,ALIGNED,0.375,-0.2476,HIGH_KN,True
2025-12-11,MAZDOCK.NS,DOWN,TRAIN,RANGE,0.7542,0.625,HIGH,ALIGNED,0.375,-0.3566,HIGH_KN,True
2025-12-11,DEEPAKFERT.NS,DOWN,TRAIN,RANGE,0.7525,0.875,HIGH,ALIGNED,0.125,0.504,HIGH_KN,False
2025-12-11,JSWSTEEL.NS,DOWN,TRAIN,RANGE,0.7367,0.625,HIGH,ALIGNED,0.375,1.8183,HIGH_KN,False
2025-12-11,SOBHA.NS,DOWN,TRAIN,RANGE,0.7342,0.75,HIGH,ALIGNED,0.25,3.0497,HIGH_KN,False
2025-12-11,NCC.NS,DOWN,TRAIN,RANGE,0.7276,0.75,HIGH,ALIGNED,0.25,-0.174,HIGH_KN,True
2025-12-11,KALYANKJIL.NS,DOWN,TRAIN,RANGE,0.7232,0.625,HIGH,ALIGNED,0.375,1.9679,HIGH_KN,False
2025-12-11,IGL.NS,DOWN,TRAIN,RANGE,0.7165,0.75,HIGH,ALIGNED,0.25,1.3737,HIGH_KN,False
2025-12-11,COFORGE.NS,DOWN,TRAIN,RANGE,0.714,0.625,HIGH,ALIGNED,0.375,0.5213,HIGH_KN,False
2025-12-11,DATAPATTNS.NS,DOWN,TRAIN,RANGE,0.7118,0.5,MEDIUM,ALIGNED,0.5,-0.3572,HIGH_KN,True
2025-12-11,HAL.NS,DOWN,TRAIN,RANGE,0.7116,0.5,MEDIUM,ALIGNED,0.5,-0.4235,HIGH_KN,True
2025-12-11,PERSISTENT.NS,DOWN,TRAIN,RANGE,0.7037,0.75,HIGH,ALIGNED,0.25,2.1357,HIGH_KN,False
2025-12-11,SAPPHIRE.NS,DOWN,TRAIN,RANGE,0.7002,0.75,HIGH,ALIGNED,0.25,0.7491,HIGH_KN,False
2025-12-11,VGUARD.NS,DOWN,TRAIN,RANGE,0.6988,0.75,HIGH,ALIGNED,0.25,0.1971,HIGH_KN,False
2025-12-11,SJVN.NS,DOWN,TRAIN,RANGE,0.6936,0.5,MEDIUM,ALIGNED,0.5,0.3052,HIGH_KN,False
2025-12-12,HINDZINC.NS,UP,TRAIN,RANGE,0.9542,0.75,HIGH,ALIGNED,0.25,1.1395,HIGH_KN,True
2025-12-12,CENTUM.NS,UP,TRAIN,RANGE,0.9498,0.625,HIGH,ALIGNED,0.375,-0.6514,HIGH_KN,False
2025-12-12,JSWENERGY.NS,UP,TRAIN,RANGE,0.9371,0.875,HIGH,ALIGNED,0.125,0.8814,HIGH_KN,True
2025-12-12,NAVINFLUOR.NS,UP,TRAIN,RANGE,0.9309,1.0,HIGH,ALIGNED,0.0,0.3512,HIGH_KN,True
2025-12-12,METROBRAND.NS,UP,TRAIN,RANGE,0.898,0.75,HIGH,ALIGNED,0.25,-2.6519,HIGH_KN,False
2025-12-12,PNBHOUSING.NS,UP,TRAIN,RANGE,0.8953,1.0,HIGH,ALIGNED,0.0,-1.606,HIGH_KN,False
2025-12-12,VEDL.NS,UP,TRAIN,RANGE,0.8522,1.0,HIGH,ALIGNED,0.0,1.067,HIGH_KN,True
2025-12-12,STLTECH.NS,UP,TRAIN,RANGE,0.8498,0.625,HIGH,ALIGNED,0.375,-3.1408,HIGH_KN,False
2025-12-12,GLAXO.NS,UP,TRAIN,RANGE,0.846,0.875,HIGH,ALIGNED,0.125,-0.8728,HIGH_KN,False
2025-12-12,RAJESHEXPO.NS,UP,TRAIN,RANGE,0.8443,0.75,HIGH,ALIGNED,0.25,1.7945,HIGH_KN,True
2025-12-12,ADANIGREEN.NS,UP,TRAIN,RANGE,0.8438,0.875,HIGH,ALIGNED,0.125,0.7114,HIGH_KN,True
2025-12-12,IRCON.NS,UP,TRAIN,RANGE,0.8436,0.625,HIGH,ALIGNED,0.375,-0.1527,HIGH_KN,False
2025-12-12,MOIL.NS,UP,TRAIN,RANGE,0.8379,0.75,HIGH,ALIGNED,0.25,2.0231,HIGH_KN,True
2025-12-12,ADANIENSOL.NS,UP,TRAIN,RANGE,0.8317,1.0,HIGH,ALIGNED,0.0,0.5092,HIGH_KN,True
2025-12-12,MANAPPURAM.NS,UP,TRAIN,RANGE,0.8317,0.875,HIGH,ALIGNED,0.125,-0.4694,HIGH_KN,False
2025-12-12,SRF.NS,UP,TRAIN,RANGE,0.8262,1.0,HIGH,ALIGNED,0.0,-0.7475,HIGH_KN,False
2025-12-12,GRANULES.NS,UP,TRAIN,RANGE,0.8181,0.875,HIGH,ALIGNED,0.125,-0.5048,HIGH_KN,False
2025-12-12,SUZLON.NS,UP,TRAIN,RANGE,0.8134,0.625,HIGH,ALIGNED,0.375,0.2263,HIGH_KN,True
2025-12-12,ZYDUSWELL.NS,UP,TRAIN,RANGE,0.8002,0.5,MEDIUM,ALIGNED,0.5,0.1407,HIGH_KN,True
2025-12-12,SUDARSCHEM.NS,UP,TRAIN,RANGE,0.7849,0.625,HIGH,ALIGNED,0.375,-1.1139,HIGH_KN,False
2025-12-12,NATCOPHARM.NS,DOWN,TRAIN,RANGE,0.8524,0.625,HIGH,ALIGNED,0.375,-0.0497,HIGH_KN,True
2025-12-12,M&MFIN.NS,DOWN,TRAIN,RANGE,0.8087,0.5,MEDIUM,ALIGNED,0.5,0.6357,HIGH_KN,False
2025-12-12,TEJASNET.NS,DOWN,TRAIN,RANGE,0.8,0.625,HIGH,ALIGNED,0.375,-2.1175,HIGH_KN,True
2025-12-12,BDL.NS,DOWN,TRAIN,RANGE,0.7851,0.75,HIGH,ALIGNED,0.25,-0.5178,HIGH_KN,True
2025-12-12,HFCL.NS,DOWN,TRAIN,RANGE,0.7844,0.75,HIGH,ALIGNED,0.25,-0.8413,HIGH_KN,True
2025-12-12,MAZDOCK.NS,DOWN,TRAIN,RANGE,0.7757,0.75,HIGH,ALIGNED,0.25,-0.4433,HIGH_KN,True
2025-12-12,ASIANPAINT.NS,DOWN,TRAIN,RANGE,0.7691,0.75,HIGH,ALIGNED,0.25,0.557,HIGH_KN,False
2025-12-12,HEROMOTOCO.NS,DOWN,TRAIN,RANGE,0.7586,0.75,HIGH,ALIGNED,0.25,-0.0084,HIGH_KN,True
2025-12-12,COFORGE.NS,DOWN,TRAIN,RANGE,0.756,0.75,HIGH,ALIGNED,0.25,1.0265,HIGH_KN,False
2025-12-12,NCC.NS,DOWN,TRAIN,RANGE,0.749,0.75,HIGH,ALIGNED,0.25,0.6473,HIGH_KN,False
2025-12-12,PERSISTENT.NS,DOWN,TRAIN,RANGE,0.7382,0.5,MEDIUM,ALIGNED,0.5,-0.6155,HIGH_KN,True
2025-12-12,JSWSTEEL.NS,DOWN,TRAIN,RANGE,0.7257,0.5,MEDIUM,ALIGNED,0.5,-0.9507,HIGH_KN,True
2025-12-12,SOBHA.NS,DOWN,TRAIN,RANGE,0.7238,0.5,MEDIUM,ALIGNED,0.5,-1.0969,HIGH_KN,True
2025-12-12,BANKBARODA.NS,DOWN,TRAIN,RANGE,0.7089,0.75,HIGH,ALIGNED,0.25,0.2285,HIGH_KN,False
2025-12-12,NOCIL.NS,DOWN,TRAIN,RANGE,0.7052,0.75,HIGH,ALIGNED,0.25,-1.6365,HIGH_KN,True
2025-12-12,CRAFTSMAN.NS,DOWN,TRAIN,RANGE,0.701,0.625,HIGH,ALIGNED,0.375,1.0619,HIGH_KN,False
2025-12-12,OFSS.NS,DOWN,TRAIN,RANGE,0.6973,0.625,HIGH,ALIGNED,0.375,-0.2816,HIGH_KN,True
2025-12-12,YESBANK.NS,DOWN,TRAIN,RANGE,0.6856,0.75,HIGH,ALIGNED,0.25,-0.7299,HIGH_KN,True
2025-12-12,KEI.NS,DOWN,TRAIN,RANGE,0.683,0.625,HIGH,ALIGNED,0.375,2.4784,HIGH_KN,False
2025-12-12,JINDALPOLY.NS,DOWN,TRAIN,RANGE,0.6698,0.625,HIGH,ALIGNED,0.375,-0.1011,HIGH_KN,True
2025-12-15,BEML.NS,UP,TRAIN,RANGE,0.9597,0.75,HIGH,ALIGNED,0.25,-1.9248,HIGH_KN,False
2025-12-15,HINDZINC.NS,UP,TRAIN,RANGE,0.9582,0.75,HIGH,ALIGNED,0.25,-0.0616,HIGH_KN,False
2025-12-15,MOIL.NS,UP,TRAIN,RANGE,0.9507,0.875,HIGH,ALIGNED,0.125,-2.818,HIGH_KN,False
2025-12-15,AMBER.NS,UP,TRAIN,RANGE,0.947,0.75,HIGH,ALIGNED,0.25,-0.3235,HIGH_KN,False
2025-12-15,RAILTEL.NS,UP,TRAIN,RANGE,0.928,0.75,HIGH,ALIGNED,0.25,-1.2653,HIGH_KN,False
2025-12-15,PNBHOUSING.NS,UP,TRAIN,RANGE,0.9171,0.875,HIGH,ALIGNED,0.125,-0.9381,HIGH_KN,False
2025-12-15,JSWENERGY.NS,UP,TRAIN,RANGE,0.9121,0.75,HIGH,ALIGNED,0.25,-1.6343,HIGH_KN,False
2025-12-15,RAJESHEXPO.NS,UP,TRAIN,RANGE,0.9072,0.875,HIGH,ALIGNED,0.125,0.0,HIGH_KN,False
2025-12-15,VEDL.NS,UP,TRAIN,RANGE,0.8745,1.0,HIGH,ALIGNED,0.0,3.6585,HIGH_KN,True
2025-12-15,OLECTRA.NS,UP,TRAIN,RANGE,0.8708,0.625,HIGH,ALIGNED,0.375,-1.8605,HIGH_KN,False
2025-12-15,CENTUM.NS,UP,TRAIN,RANGE,0.8671,0.625,HIGH,ALIGNED,0.375,-0.8392,HIGH_KN,False
2025-12-15,ADANIGREEN.NS,UP,TRAIN,RANGE,0.852,0.875,HIGH,ALIGNED,0.125,-1.8519,HIGH_KN,False
2025-12-15,NAVINFLUOR.NS,UP,TRAIN,RANGE,0.848,0.875,HIGH,ALIGNED,0.125,-1.8555,HIGH_KN,False
2025-12-15,MIDHANI.NS,UP,TRAIN,RANGE,0.8361,0.625,HIGH,ALIGNED,0.375,-1.5334,HIGH_KN,False
2025-12-15,IDFCFIRSTB.NS,UP,TRAIN,RANGE,0.8262,1.0,HIGH,ALIGNED,0.0,-0.4889,HIGH_KN,False
2025-12-15,GODREJPROP.NS,UP,TRAIN,RANGE,0.8223,0.5,MEDIUM,ALIGNED,0.5,-2.1375,HIGH_KN,False
2025-12-15,IRCON.NS,UP,TRAIN,RANGE,0.8119,0.625,HIGH,ALIGNED,0.375,-2.3197,HIGH_KN,False
2025-12-15,ASHOKLEY.NS,UP,TRAIN,RANGE,0.8082,0.625,HIGH,ALIGNED,0.375,0.5575,HIGH_KN,True
2025-12-15,ADANIENSOL.NS,UP,TRAIN,RANGE,0.7941,0.875,HIGH,ALIGNED,0.125,-2.1792,HIGH_KN,False
2025-12-15,TIINDIA.NS,UP,TRAIN,RANGE,0.7891,0.5,MEDIUM,ALIGNED,0.5,-0.9556,HIGH_KN,False
2025-12-15,BSE.NS,DOWN,TRAIN,RANGE,0.8196,0.625,HIGH,ALIGNED,0.375,-1.6233,HIGH_KN,True
2025-12-15,HEROMOTOCO.NS,DOWN,TRAIN,RANGE,0.7924,0.625,HIGH,ALIGNED,0.375,-0.2181,HIGH_KN,True
2025-12-15,ASIANPAINT.NS,DOWN,TRAIN,RANGE,0.7675,0.625,HIGH,ALIGNED,0.375,0.3849,HIGH_KN,False
2025-12-15,VGUARD.NS,DOWN,TRAIN,RANGE,0.7522,0.75,HIGH,ALIGNED,0.25,-0.9556,HIGH_KN,True
2025-12-15,COFORGE.NS,DOWN,TRAIN,RANGE,0.745,0.375,MEDIUM,CONFLICT,0.625,-0.1711,LOW_KN,True
2025-12-15,BAJFINANCE.NS,DOWN,TRAIN,RANGE,0.6953,0.625,HIGH,ALIGNED,0.375,-1.4121,HIGH_KN,True
2025-12-15,ICICIBANK.NS,DOWN,TRAIN,RANGE,0.6919,0.625,HIGH,ALIGNED,0.375,0.0586,HIGH_KN,False
2025-12-15,PERSISTENT.NS,DOWN,TRAIN,RANGE,0.6861,0.5,MEDIUM,ALIGNED,0.5,-0.5478,HIGH_KN,True
2025-12-15,NATCOPHARM.NS,DOWN,TRAIN,RANGE,0.6843,0.375,MEDIUM,CONFLICT,0.625,1.7952,LOW_KN,False
2025-12-15,NAUKRI.NS,DOWN,TRAIN,RANGE,0.6804,0.5,MEDIUM,ALIGNED,0.5,-1.0796,HIGH_KN,True
2025-12-15,AJANTPHARM.NS,DOWN,TRAIN,RANGE,0.679,0.75,HIGH,ALIGNED,0.25,-1.7373,HIGH_KN,True
2025-12-15,TCS.NS,DOWN,TRAIN,RANGE,0.6772,0.5,MEDIUM,ALIGNED,0.5,-0.777,HIGH_KN,True
2025-12-15,SYMPHONY.NS,DOWN,TRAIN,RANGE,0.6723,0.5,MEDIUM,ALIGNED,0.5,-0.6322,HIGH_KN,True
2025-12-15,PETRONET.NS,DOWN,TRAIN,RANGE,0.6715,0.75,HIGH,ALIGNED,0.25,-1.4336,HIGH_KN,True
2025-12-15,M&M.NS,DOWN,TRAIN,RANGE,0.6686,0.75,HIGH,ALIGNED,0.25,0.3603,HIGH_KN,False
2025-12-15,NOCIL.NS,DOWN,TRAIN,RANGE,0.6668,0.625,HIGH,ALIGNED,0.375,-0.5887,HIGH_KN,True
2025-12-15,SOBHA.NS,DOWN,TRAIN,RANGE,0.6604,0.625,HIGH,ALIGNED,0.375,2.3924,HIGH_KN,False
2025-12-15,BHARTIARTL.NS,DOWN,TRAIN,RANGE,0.6547,0.625,HIGH,ALIGNED,0.375,1.5606,HIGH_KN,False
2025-12-15,POLICYBZR.NS,DOWN,TRAIN,RANGE,0.6489,0.375,MEDIUM,CONFLICT,0.625,-5.4973,LOW_KN,True
2025-12-15,HFCL.NS,DOWN,TRAIN,RANGE,0.6478,0.625,HIGH,ALIGNED,0.375,-0.8636,HIGH_KN,True
2025-12-16,HINDZINC.NS,UP,TRAIN,RANGE,0.9283,0.625,HIGH,ALIGNED,0.375,1.8672,HIGH_KN,True
2025-12-16,VEDL.NS,UP,TRAIN,RANGE,0.908,0.875,HIGH,ALIGNED,0.125,0.0527,HIGH_KN,True
2025-12-16,SOBHA.NS,UP,TRAIN,RANGE,0.8795,0.75,HIGH,ALIGNED,0.25,-1.6144,HIGH_KN,False
2025-12-16,BIKAJI.NS,UP,TRAIN,RANGE,0.8582,1.0,HIGH,ALIGNED,0.0,-0.6225,HIGH_KN,False
2025-12-16,ASHOKLEY.NS,UP,TRAIN,RANGE,0.8522,0.625,HIGH,ALIGNED,0.375,-0.9598,HIGH_KN,False
2025-12-16,ONMOBILE.NS,UP,TRAIN,RANGE,0.8418,0.75,HIGH,ALIGNED,0.25,1.6212,HIGH_KN,True
2025-12-16,RAJESHEXPO.NS,UP,TRAIN,RANGE,0.8367,0.875,HIGH,ALIGNED,0.125,-0.0102,HIGH_KN,False
2025-12-16,IDEA.NS,UP,TRAIN,RANGE,0.8295,0.625,HIGH,ALIGNED,0.375,-1.0667,HIGH_KN,False
2025-12-16,RAILTEL.NS,UP,TRAIN,RANGE,0.822,0.5,MEDIUM,ALIGNED,0.5,-0.8292,HIGH_KN,False
2025-12-16,METROBRAND.NS,UP,TRAIN,RANGE,0.8208,0.625,HIGH,ALIGNED,0.375,-2.0234,HIGH_KN,False
2025-12-16,BEML.NS,UP,TRAIN,RANGE,0.7993,0.5,MEDIUM,ALIGNED,0.5,-1.2947,HIGH_KN,False
2025-12-16,NAVINFLUOR.NS,UP,TRAIN,RANGE,0.7957,0.625,HIGH,ALIGNED,0.375,-1.9486,HIGH_KN,False
2025-12-16,JSWENERGY.NS,UP,TRAIN,RANGE,0.7886,0.5,MEDIUM,ALIGNED,0.5,-0.6792,HIGH_KN,False
2025-12-16,GODREJCP.NS,UP,TRAIN,RANGE,0.7845,1.0,HIGH,ALIGNED,0.0,-0.2283,HIGH_KN,False
2025-12-16,PNBHOUSING.NS,UP,TRAIN,RANGE,0.7836,0.75,HIGH,ALIGNED,0.25,-2.0309,HIGH_KN,False
2025-12-16,TATASTEEL.NS,UP,TRAIN,RANGE,0.7826,0.75,HIGH,ALIGNED,0.25,0.3003,HIGH_KN,True
2025-12-16,NATIONALUM.NS,UP,TRAIN,RANGE,0.7768,0.875,HIGH,ALIGNED,0.125,0.9391,HIGH_KN,True
2025-12-16,WHIRLPOOL.NS,UP,TRAIN,RANGE,0.772,0.625,HIGH,ALIGNED,0.375,-2.1912,HIGH_KN,False
2025-12-16,MOIL.NS,UP,TRAIN,RANGE,0.7717,0.5,MEDIUM,ALIGNED,0.5,-1.4422,HIGH_KN,False
2025-12-16,IDFCFIRSTB.NS,UP,TRAIN,RANGE,0.7688,1.0,HIGH,ALIGNED,0.0,0.5871,HIGH_KN,True
2025-12-16,POLICYBZR.NS,DOWN,TRAIN,RANGE,0.8181,0.875,HIGH,ALIGNED,0.125,-3.0486,HIGH_KN,True
2025-12-16,COROMANDEL.NS,DOWN,TRAIN,RANGE,0.79,0.5,MEDIUM,ALIGNED,0.5,-2.2901,HIGH_KN,True
2025-12-16,BATAINDIA.NS,DOWN,TRAIN,RANGE,0.7896,0.75,HIGH,ALIGNED,0.25,-1.0117,HIGH_KN,True
2025-12-16,VGUARD.NS,DOWN,TRAIN,RANGE,0.7606,0.625,HIGH,ALIGNED,0.375,1.072,HIGH_KN,False
2025-12-16,BSE.NS,DOWN,TRAIN,RANGE,0.7575,0.75,HIGH,ALIGNED,0.25,0.944,HIGH_KN,False
2025-12-16,LAURUSLABS.NS,DOWN,TRAIN,RANGE,0.7384,0.625,HIGH,ALIGNED,0.375,0.8689,HIGH_KN,False
2025-12-16,ATUL.NS,DOWN,TRAIN,RANGE,0.7333,0.75,HIGH,ALIGNED,0.25,2.0227,HIGH_KN,False
2025-12-16,GRSE.NS,DOWN,TRAIN,RANGE,0.7329,0.75,HIGH,ALIGNED,0.25,-2.406,HIGH_KN,True
2025-12-16,AXISBANK.NS,DOWN,TRAIN,RANGE,0.7263,0.75,HIGH,ALIGNED,0.25,0.4182,HIGH_KN,False
2025-12-16,BDL.NS,DOWN,TRAIN,RANGE,0.7222,0.625,HIGH,ALIGNED,0.375,-2.3089,HIGH_KN,True
2025-12-16,HFCL.NS,DOWN,TRAIN,RANGE,0.7198,0.625,HIGH,ALIGNED,0.375,-1.3755,HIGH_KN,True
2025-12-16,ERIS.NS,DOWN,TRAIN,RANGE,0.7147,0.75,HIGH,ALIGNED,0.25,0.5075,HIGH_KN,False
2025-12-16,OFSS.NS,DOWN,TRAIN,RANGE,0.713,0.75,HIGH,ALIGNED,0.25,-1.4818,HIGH_KN,True
2025-12-16,GODREJAGRO.NS,DOWN,TRAIN,RANGE,0.7128,0.75,HIGH,ALIGNED,0.25,-1.0701,HIGH_KN,True
2025-12-16,M&MFIN.NS,DOWN,TRAIN,RANGE,0.692,0.625,HIGH,ALIGNED,0.375,2.9567,HIGH_KN,False
2025-12-16,SYMPHONY.NS,DOWN,TRAIN,RANGE,0.6915,0.625,HIGH,ALIGNED,0.375,-0.4916,HIGH_KN,True
2025-12-16,ROUTE.NS,DOWN,TRAIN,RANGE,0.6812,0.25,LOW,CONFLICT,0.75,-2.1638,LOW_KN,True
2025-12-16,RBLBANK.NS,DOWN,TRAIN,RANGE,0.6754,0.75,HIGH,ALIGNED,0.25,-1.2471,HIGH_KN,True
2025-12-16,MASTEK.NS,DOWN,TRAIN,RANGE,0.6676,0.5,MEDIUM,ALIGNED,0.5,-0.7479,HIGH_KN,True
2025-12-16,YESBANK.NS,DOWN,TRAIN,RANGE,0.6628,0.5,MEDIUM,ALIGNED,0.5,0.2791,HIGH_KN,False
2025-12-17,HINDZINC.NS,UP,TRAIN,RANGE,0.9635,0.75,HIGH,ALIGNED,0.25,2.395,HIGH_KN,True
2025-12-17,VEDL.NS,UP,TRAIN,RANGE,0.9214,0.875,HIGH,ALIGNED,0.125,1.6409,HIGH_KN,True
2025-12-17,RAILTEL.NS,UP,TRAIN,RANGE,0.9081,0.5,MEDIUM,ALIGNED,0.5,-0.8665,HIGH_KN,False
2025-12-17,IGL.NS,UP,TRAIN,RANGE,0.9062,0.875,HIGH,ALIGNED,0.125,1.707,HIGH_KN,True
2025-12-17,GRANULES.NS,UP,TRAIN,RANGE,0.8778,1.0,HIGH,ALIGNED,0.0,0.3709,HIGH_KN,True
2025-12-17,KALYANKJIL.NS,UP,TRAIN,RANGE,0.8741,0.5,MEDIUM,ALIGNED,0.5,-0.8424,HIGH_KN,False
2025-12-17,IDEA.NS,UP,TRAIN,RANGE,0.8739,0.625,HIGH,ALIGNED,0.375,1.5274,HIGH_KN,True
2025-12-17,KEI.NS,UP,TRAIN,RANGE,0.8702,0.875,HIGH,ALIGNED,0.125,-0.4822,HIGH_KN,False
2025-12-17,BSE.NS,UP,TRAIN,RANGE,0.8559,0.625,HIGH,ALIGNED,0.375,1.992,HIGH_KN,True
2025-12-17,NATIONALUM.NS,UP,TRAIN,RANGE,0.8446,0.875,HIGH,ALIGNED,0.125,-0.0716,HIGH_KN,False
2025-12-17,ONMOBILE.NS,UP,TRAIN,RANGE,0.803,0.75,HIGH,ALIGNED,0.25,-3.679,HIGH_KN,False
2025-12-17,UNIONBANK.NS,UP,TRAIN,RANGE,0.7985,0.75,HIGH,ALIGNED,0.25,0.7253,HIGH_KN,True
2025-12-17,CANBK.NS,UP,TRAIN,RANGE,0.7946,0.875,HIGH,ALIGNED,0.125,-0.253,HIGH_KN,False
2025-12-17,SHRIRAMFIN.NS,UP,TRAIN,RANGE,0.7931,1.0,HIGH,ALIGNED,0.0,0.6075,HIGH_KN,True
2025-12-17,BPCL.NS,UP,TRAIN,RANGE,0.7828,0.875,HIGH,ALIGNED,0.125,-1.3574,HIGH_KN,False
2025-12-17,JSWENERGY.NS,UP,TRAIN,RANGE,0.7823,0.375,MEDIUM,CONFLICT,0.625,-0.6839,LOW_KN,False
2025-12-17,RAJESHEXPO.NS,UP,TRAIN,RANGE,0.7823,0.875,HIGH,ALIGNED,0.125,-3.4444,HIGH_KN,False
2025-12-17,IDFCFIRSTB.NS,UP,TRAIN,RANGE,0.7798,0.875,HIGH,ALIGNED,0.125,-0.1906,HIGH_KN,False
2025-12-17,MANAPPURAM.NS,UP,TRAIN,RANGE,0.7606,0.875,HIGH,ALIGNED,0.125,0.2795,HIGH_KN,True
2025-12-17,M&MFIN.NS,UP,TRAIN,RANGE,0.7532,0.75,HIGH,ALIGNED,0.25,3.8243,HIGH_KN,True
2025-12-17,POLICYBZR.NS,DOWN,TRAIN,RANGE,0.8746,0.875,HIGH,ALIGNED,0.125,3.932,HIGH_KN,False
2025-12-17,METROBRAND.NS,DOWN,TRAIN,RANGE,0.8732,0.75,HIGH,ALIGNED,0.25,1.7391,HIGH_KN,False
2025-12-17,CENTUM.NS,DOWN,TRAIN,RANGE,0.8049,0.75,HIGH,ALIGNED,0.25,-1.9927,HIGH_KN,True
2025-12-17,BDL.NS,DOWN,TRAIN,RANGE,0.7778,0.5,MEDIUM,ALIGNED,0.5,1.3743,HIGH_KN,False
2025-12-17,BATAINDIA.NS,DOWN,TRAIN,RANGE,0.7709,0.625,HIGH,ALIGNED,0.375,0.0852,HIGH_KN,False
2025-12-17,SJVN.NS,DOWN,TRAIN,RANGE,0.7589,0.75,HIGH,ALIGNED,0.25,-1.855,HIGH_KN,True
2025-12-17,LTTS.NS,DOWN,TRAIN,RANGE,0.7483,0.75,HIGH,ALIGNED,0.25,1.5529,HIGH_KN,False
2025-12-17,SUDARSCHEM.NS,DOWN,TRAIN,RANGE,0.7421,0.625,HIGH,ALIGNED,0.375,-0.8973,HIGH_KN,True
2025-12-17,AJANTPHARM.NS,DOWN,TRAIN,RANGE,0.7306,0.5,MEDIUM,ALIGNED,0.5,0.0,HIGH_KN,False
2025-12-17,HFCL.NS,DOWN,TRAIN,RANGE,0.7128,0.5,MEDIUM,ALIGNED,0.5,0.1395,HIGH_KN,False
2025-12-17,NAVINFLUOR.NS,DOWN,TRAIN,RANGE,0.7047,0.625,HIGH,ALIGNED,0.375,-1.7759,HIGH_KN,True
2025-12-17,GRSE.NS,DOWN,TRAIN,RANGE,0.702,0.625,HIGH,ALIGNED,0.375,-0.5727,HIGH_KN,True
2025-12-17,COCHINSHIP.NS,DOWN,TRAIN,RANGE,0.6968,0.75,HIGH,ALIGNED,0.25,0.2196,HIGH_KN,False
2025-12-17,GODREJAGRO.NS,DOWN,TRAIN,RANGE,0.6948,0.75,HIGH,ALIGNED,0.25,-1.7446,HIGH_KN,True
2025-12-17,CHOLAFIN.NS,DOWN,TRAIN,RANGE,0.6879,0.75,HIGH,ALIGNED,0.25,0.3287,HIGH_KN,False
2025-12-17,RATNAMANI.NS,DOWN,TRAIN,RANGE,0.6867,0.75,HIGH,ALIGNED,0.25,0.4718,HIGH_KN,False
2025-12-17,AXISBANK.NS,DOWN,TRAIN,RANGE,0.685,0.625,HIGH,ALIGNED,0.375,0.4164,HIGH_KN,False
2025-12-17,SOLARINDS.NS,DOWN,TRAIN,RANGE,0.6837,0.625,HIGH,ALIGNED,0.375,-0.3639,HIGH_KN,True
2025-12-17,COLPAL.NS,DOWN,TRAIN,RANGE,0.6791,0.625,HIGH,ALIGNED,0.375,0.1246,HIGH_KN,False
2025-12-17,HDFCLIFE.NS,DOWN,TRAIN,RANGE,0.6766,0.75,HIGH,ALIGNED,0.25,0.4645,HIGH_KN,False
2025-12-18,ROUTE.NS,UP,TRAIN,RANGE,0.9929,1.0,HIGH,ALIGNED,0.0,-1.3701,HIGH_KN,False
2025-12-18,M&MFIN.NS,UP,TRAIN,RANGE,0.9571,0.875,HIGH,ALIGNED,0.125,3.1357,HIGH_KN,True
2025-12-18,HINDZINC.NS,UP,TRAIN,RANGE,0.9461,0.75,HIGH,ALIGNED,0.25,-0.5742,HIGH_KN,False
2025-12-18,IGL.NS,UP,TRAIN,RANGE,0.915,0.875,HIGH,ALIGNED,0.125,-1.056,HIGH_KN,False
2025-12-18,VEDL.NS,UP,TRAIN,RANGE,0.9032,0.625,HIGH,ALIGNED,0.375,0.423,HIGH_KN,True
2025-12-18,ASHOKLEY.NS,UP,TRAIN,RANGE,0.8397,0.625,HIGH,ALIGNED,0.375,1.1599,HIGH_KN,True
2025-12-18,NATIONALUM.NS,UP,TRAIN,RANGE,0.8368,0.875,HIGH,ALIGNED,0.125,-0.2686,HIGH_KN,False
2025-12-18,BIOCON.NS,UP,TRAIN,RANGE,0.8301,0.75,HIGH,ALIGNED,0.25,1.6061,HIGH_KN,True
2025-12-18,MAPMYINDIA.NS,UP,TRAIN,RANGE,0.8297,0.625,HIGH,ALIGNED,0.375,0.3551,HIGH_KN,True
2025-12-18,CROMPTON.NS,UP,TRAIN,RANGE,0.8017,0.75,HIGH,ALIGNED,0.25,-0.0196,HIGH_KN,False
2025-12-18,SOBHA.NS,UP,TRAIN,RANGE,0.7978,0.5,MEDIUM,ALIGNED,0.5,1.8279,HIGH_KN,True
2025-12-18,DEEPAKNTR.NS,UP,TRAIN,RANGE,0.7968,0.625,HIGH,ALIGNED,0.375,5.3397,HIGH_KN,True
2025-12-18,BLUESTARCO.NS,UP,TRAIN,RANGE,0.7824,0.875,HIGH,ALIGNED,0.125,-3.9469,HIGH_KN,False
2025-12-18,AUROPHARMA.NS,UP,TRAIN,RANGE,0.7806,1.0,HIGH,ALIGNED,0.0,1.3065,HIGH_KN,True
2025-12-18,SHRIRAMFIN.NS,UP,TRAIN,RANGE,0.7642,1.0,HIGH,ALIGNED,0.0,3.7092,HIGH_KN,True
2025-12-18,IDFCFIRSTB.NS,UP,TRAIN,RANGE,0.7635,0.625,HIGH,ALIGNED,0.375,1.0622,HIGH_KN,True
2025-12-18,KALYANKJIL.NS,UP,TRAIN,RANGE,0.7586,0.375,MEDIUM,CONFLICT,0.625,2.9733,LOW_KN,True
2025-12-18,UNIONBANK.NS,UP,TRAIN,RANGE,0.7475,0.875,HIGH,ALIGNED,0.125,-0.0778,HIGH_KN,False
2025-12-18,VOLTAS.NS,UP,TRAIN,RANGE,0.7446,1.0,HIGH,ALIGNED,0.0,-1.8692,HIGH_KN,False
2025-12-18,ENDURANCE.NS,UP,TRAIN,RANGE,0.7336,0.375,MEDIUM,CONFLICT,0.625,3.0308,LOW_KN,True
2025-12-18,CENTUM.NS,DOWN,TRAIN,RANGE,0.8745,0.75,HIGH,ALIGNED,0.25,0.3965,HIGH_KN,False
2025-12-18,POLICYBZR.NS,DOWN,TRAIN,RANGE,0.8672,0.625,HIGH,ALIGNED,0.375,2.971,HIGH_KN,False
2025-12-18,METROBRAND.NS,DOWN,TRAIN,RANGE,0.8481,0.625,HIGH,ALIGNED,0.375,2.1368,HIGH_KN,False
2025-12-18,IRCON.NS,DOWN,TRAIN,RANGE,0.8331,0.75,HIGH,ALIGNED,0.25,1.9599,HIGH_KN,False
2025-12-18,NAVINFLUOR.NS,DOWN,TRAIN,RANGE,0.7833,0.625,HIGH,ALIGNED,0.375,0.6457,HIGH_KN,False
2025-12-18,RBLBANK.NS,DOWN,TRAIN,RANGE,0.7591,0.625,HIGH,ALIGNED,0.375,0.5021,HIGH_KN,False
2025-12-18,SUDARSCHEM.NS,DOWN,TRAIN,RANGE,0.7385,0.75,HIGH,ALIGNED,0.25,2.1689,HIGH_KN,False
2025-12-18,COCHINSHIP.NS,DOWN,TRAIN,RANGE,0.735,0.625,HIGH,ALIGNED,0.375,2.8019,HIGH_KN,False
2025-12-18,LTTS.NS,DOWN,TRAIN,RANGE,0.7136,0.625,HIGH,ALIGNED,0.375,-0.7975,HIGH_KN,True
2025-12-18,KPITTECH.NS,DOWN,TRAIN,RANGE,0.711,0.625,HIGH,ALIGNED,0.375,5.4962,HIGH_KN,False
2025-12-18,OFSS.NS,DOWN,TRAIN,RANGE,0.7086,0.75,HIGH,ALIGNED,0.25,2.1011,HIGH_KN,False
2025-12-18,IDEA.NS,DOWN,TRAIN,RANGE,0.7052,0.625,HIGH,ALIGNED,0.375,5.8407,HIGH_KN,False
2025-12-18,GODREJAGRO.NS,DOWN,TRAIN,RANGE,0.7049,0.75,HIGH,ALIGNED,0.25,1.3583,HIGH_KN,False
2025-12-18,RAILTEL.NS,DOWN,TRAIN,RANGE,0.7042,0.75,HIGH,ALIGNED,0.25,2.2236,HIGH_KN,False
2025-12-18,GRSE.NS,DOWN,TRAIN,RANGE,0.7027,0.875,HIGH,ALIGNED,0.125,3.375,HIGH_KN,False
2025-12-18,RATNAMANI.NS,DOWN,TRAIN,RANGE,0.6998,0.625,HIGH,ALIGNED,0.375,-1.0468,HIGH_KN,True
2025-12-18,SYMPHONY.NS,DOWN,TRAIN,RANGE,0.6885,0.75,HIGH,ALIGNED,0.25,-0.6799,HIGH_KN,True
2025-12-18,SUNPHARMA.NS,DOWN,TRAIN,RANGE,0.6873,0.75,HIGH,ALIGNED,0.25,-0.0573,HIGH_KN,True
2025-12-18,COLPAL.NS,DOWN,TRAIN,RANGE,0.6868,0.625,HIGH,ALIGNED,0.375,1.0096,HIGH_KN,False
2025-12-18,ADANIENSOL.NS,DOWN,TRAIN,RANGE,0.6863,0.625,HIGH,ALIGNED,0.375,1.224,HIGH_KN,False
2025-12-19,SHRIRAMFIN.NS,UP,TRAIN,RANGE,0.925,0.875,HIGH,ALIGNED,0.125,3.6764,HIGH_KN,True
2025-12-19,RAJESHEXPO.NS,UP,TRAIN,RANGE,0.9238,1.0,HIGH,ALIGNED,0.0,12.8743,HIGH_KN,True
2025-12-19,M&MFIN.NS,UP,TRAIN,RANGE,0.901,0.875,HIGH,ALIGNED,0.125,4.6999,HIGH_KN,True
2025-12-19,DEEPAKNTR.NS,UP,TRAIN,RANGE,0.8995,1.0,HIGH,ALIGNED,0.0,0.7918,HIGH_KN,True
2025-12-19,KEI.NS,UP,TRAIN,RANGE,0.8854,1.0,HIGH,ALIGNED,0.0,3.6691,HIGH_KN,True
2025-12-19,INTELLECT.NS,UP,TRAIN,RANGE,0.8415,0.75,HIGH,ALIGNED,0.25,-2.4582,HIGH_KN,False
2025-12-19,SOBHA.NS,UP,TRAIN,RANGE,0.8413,0.625,HIGH,ALIGNED,0.375,1.2695,HIGH_KN,True
2025-12-19,VEDL.NS,UP,TRAIN,RANGE,0.8371,0.625,HIGH,ALIGNED,0.375,0.6964,HIGH_KN,True
2025-12-19,POLYCAB.NS,UP,TRAIN,RANGE,0.8221,1.0,HIGH,ALIGNED,0.0,2.2046,HIGH_KN,True
2025-12-19,BIOCON.NS,UP,TRAIN,RANGE,0.8201,1.0,HIGH,ALIGNED,0.0,0.1882,HIGH_KN,True
2025-12-19,LAURUSLABS.NS,UP,TRAIN,RANGE,0.8194,1.0,HIGH,ALIGNED,0.0,1.8178,HIGH_KN,True
2025-12-19,COROMANDEL.NS,UP,TRAIN,RANGE,0.8167,1.0,HIGH,ALIGNED,0.0,1.5773,HIGH_KN,True
2025-12-19,ENDURANCE.NS,UP,TRAIN,RANGE,0.8073,1.0,HIGH,ALIGNED,0.0,-1.4504,HIGH_KN,False
2025-12-19,ROUTE.NS,UP,TRAIN,RANGE,0.7961,0.75,HIGH,ALIGNED,0.25,-0.5001,HIGH_KN,False
2025-12-19,KALYANKJIL.NS,UP,TRAIN,RANGE,0.7828,0.875,HIGH,ALIGNED,0.125,0.0928,HIGH_KN,True
2025-12-19,ATUL.NS,UP,TRAIN,RANGE,0.7799,1.0,HIGH,ALIGNED,0.0,-0.2664,HIGH_KN,False
2025-12-19,SJVN.NS,UP,TRAIN,RANGE,0.7697,0.75,HIGH,ALIGNED,0.25,0.151,HIGH_KN,True
2025-12-19,AUROPHARMA.NS,UP,TRAIN,RANGE,0.7607,1.0,HIGH,ALIGNED,0.0,-0.049,HIGH_KN,False
2025-12-19,IDFCFIRSTB.NS,UP,TRAIN,RANGE,0.758,0.875,HIGH,ALIGNED,0.125,0.7912,HIGH_KN,True
2025-12-19,MGL.NS,UP,TRAIN,RANGE,0.7495,0.625,HIGH,ALIGNED,0.375,0.8427,HIGH_KN,True
2025-12-19,CENTUM.NS,DOWN,TRAIN,RANGE,0.8359,0.75,HIGH,ALIGNED,0.25,6.3602,HIGH_KN,False
2025-12-19,NAVINFLUOR.NS,DOWN,TRAIN,RANGE,0.8296,0.625,HIGH,ALIGNED,0.375,0.6587,HIGH_KN,False
2025-12-19,METROBRAND.NS,DOWN,TRAIN,RANGE,0.8102,0.375,MEDIUM,CONFLICT,0.625,0.9589,LOW_KN,False
2025-12-19,IRCON.NS,DOWN,TRAIN,RANGE,0.7976,0.625,HIGH,ALIGNED,0.375,2.5237,HIGH_KN,False
2025-12-19,POLICYBZR.NS,DOWN,TRAIN,RANGE,0.7859,0.375,MEDIUM,CONFLICT,0.625,-0.36,LOW_KN,True
2025-12-19,LTTS.NS,DOWN,TRAIN,RANGE,0.7811,0.625,HIGH,ALIGNED,0.375,2.547,HIGH_KN,False
2025-12-19,RATNAMANI.NS,DOWN,TRAIN,RANGE,0.767,0.75,HIGH,ALIGNED,0.25,1.2973,HIGH_KN,False
2025-12-19,OLECTRA.NS,DOWN,TRAIN,RANGE,0.757,0.75,HIGH,ALIGNED,0.25,0.6722,HIGH_KN,False
2025-12-19,CHOLAFIN.NS,DOWN,TRAIN,RANGE,0.7563,0.875,HIGH,ALIGNED,0.125,-3.8347,HIGH_KN,True
2025-12-19,EMAMILTD.NS,DOWN,TRAIN,RANGE,0.7507,0.875,HIGH,ALIGNED,0.125,0.857,HIGH_KN,False
2025-12-19,HFCL.NS,DOWN,TRAIN,RANGE,0.7485,0.75,HIGH,ALIGNED,0.25,-0.2651,HIGH_KN,True
2025-12-19,PNBHOUSING.NS,DOWN,TRAIN,RANGE,0.747,0.625,HIGH,ALIGNED,0.375,0.9215,HIGH_KN,False
2025-12-19,JSWENERGY.NS,DOWN,TRAIN,RANGE,0.735,0.5,MEDIUM,ALIGNED,0.5,0.1464,HIGH_KN,False
2025-12-19,TEJASNET.NS,DOWN,TRAIN,RANGE,0.7294,0.75,HIGH,ALIGNED,0.25,0.9016,HIGH_KN,False
2025-12-19,ADANIENSOL.NS,DOWN,TRAIN,RANGE,0.7235,0.625,HIGH,ALIGNED,0.375,1.9884,HIGH_KN,False
2025-12-19,SYMPHONY.NS,DOWN,TRAIN,RANGE,0.7027,0.75,HIGH,ALIGNED,0.25,0.8571,HIGH_KN,False
2025-12-19,MUTHOOTFIN.NS,DOWN,TRAIN,RANGE,0.6843,0.75,HIGH,ALIGNED,0.25,0.2433,HIGH_KN,False
2025-12-19,SAPPHIRE.NS,DOWN,TRAIN,RANGE,0.684,0.625,HIGH,ALIGNED,0.375,4.3401,HIGH_KN,False
2025-12-19,JINDALSTEL.NS,DOWN,TRAIN,RANGE,0.683,0.75,HIGH,ALIGNED,0.25,0.9571,HIGH_KN,False
2025-12-19,COCHINSHIP.NS,DOWN,TRAIN,RANGE,0.6757,0.625,HIGH,ALIGNED,0.375,7.6213,HIGH_KN,False
2025-12-22,IDEAFORGE.NS,UP,TRAIN,RANGE,0.9919,1.0,HIGH,ALIGNED,0.0,-3.5224,HIGH_KN,False
2025-12-22,RAJESHEXPO.NS,UP,TRAIN,RANGE,0.9919,0.75,HIGH,ALIGNED,0.25,-3.3164,HIGH_KN,False
2025-12-22,STLTECH.NS,UP,TRAIN,RANGE,0.9848,1.0,HIGH,ALIGNED,0.0,-1.3451,HIGH_KN,False
2025-12-22,SHRIRAMFIN.NS,UP,TRAIN,RANGE,0.9382,0.75,HIGH,ALIGNED,0.25,2.4549,HIGH_KN,True
2025-12-22,M&MFIN.NS,UP,TRAIN,RANGE,0.9301,0.625,HIGH,ALIGNED,0.375,-2.0543,HIGH_KN,False
2025-12-22,COCHINSHIP.NS,UP,TRAIN,RANGE,0.912,1.0,HIGH,ALIGNED,0.0,-1.1703,HIGH_KN,False
2025-12-22,BSE.NS,UP,TRAIN,RANGE,0.9093,0.875,HIGH,ALIGNED,0.125,-1.3691,HIGH_KN,False
2025-12-22,MAZDOCK.NS,UP,TRAIN,RANGE,0.8973,0.875,HIGH,ALIGNED,0.125,-1.2417,HIGH_KN,False
2025-12-22,KEI.NS,UP,TRAIN,RANGE,0.8904,1.0,HIGH,ALIGNED,0.0,-0.7227,HIGH_KN,False
2025-12-22,GRSE.NS,UP,TRAIN,RANGE,0.8887,0.875,HIGH,ALIGNED,0.125,-0.2596,HIGH_KN,False
2025-12-22,SAPPHIRE.NS,UP,TRAIN,RANGE,0.8743,0.875,HIGH,ALIGNED,0.125,2.7675,HIGH_KN,True
2025-12-22,SOLARINDS.NS,UP,TRAIN,RANGE,0.8544,0.875,HIGH,ALIGNED,0.125,-0.5943,HIGH_KN,False
2025-12-22,RVNL.NS,UP,TRAIN,RANGE,0.8444,1.0,HIGH,ALIGNED,0.0,2.812,HIGH_KN,True
2025-12-22,SOBHA.NS,UP,TRAIN,RANGE,0.8238,0.75,HIGH,ALIGNED,0.25,0.5392,HIGH_KN,True
2025-12-22,IDEA.NS,UP,TRAIN,RANGE,0.8025,0.75,HIGH,ALIGNED,0.25,1.3502,HIGH_KN,True
2025-12-22,IGL.NS,UP,TRAIN,RANGE,0.8025,0.625,HIGH,ALIGNED,0.375,-0.0306,HIGH_KN,False
2025-12-22,NATIONALUM.NS,UP,TRAIN,RANGE,0.8017,1.0,HIGH,ALIGNED,0.0,-0.0517,HIGH_KN,False
2025-12-22,COROMANDEL.NS,UP,TRAIN,RANGE,0.8012,0.875,HIGH,ALIGNED,0.125,0.5218,HIGH_KN,True
2025-12-22,GRANULES.NS,UP,TRAIN,RANGE,0.7998,1.0,HIGH,ALIGNED,0.0,2.3387,HIGH_KN,True
2025-12-22,PERSISTENT.NS,UP,TRAIN,RANGE,0.7941,0.875,HIGH,ALIGNED,0.125,-1.1351,HIGH_KN,False
2025-12-22,OLECTRA.NS,DOWN,TRAIN,RANGE,0.8475,0.75,HIGH,ALIGNED,0.25,1.2255,HIGH_KN,False
2025-12-22,NAVINFLUOR.NS,DOWN,TRAIN,RANGE,0.8213,0.625,HIGH,ALIGNED,0.375,3.0594,HIGH_KN,False
2025-12-22,CHOLAFIN.NS,DOWN,TRAIN,RANGE,0.8145,0.75,HIGH,ALIGNED,0.25,5.9057,HIGH_KN,False
2025-12-22,POLICYBZR.NS,DOWN,TRAIN,RANGE,0.8051,0.625,HIGH,ALIGNED,0.375,1.6949,HIGH_KN,False
2025-12-22,JSWENERGY.NS,DOWN,TRAIN,RANGE,0.7946,0.5,MEDIUM,ALIGNED,0.5,1.3989,HIGH_KN,False
2025-12-22,HFCL.NS,DOWN,TRAIN,RANGE,0.7922,0.75,HIGH,ALIGNED,0.25,3.6122,HIGH_KN,False
2025-12-22,IOC.NS,DOWN,TRAIN,RANGE,0.7782,0.75,HIGH,ALIGNED,0.25,-0.2383,HIGH_KN,True
2025-12-22,GODREJPROP.NS,DOWN,TRAIN,RANGE,0.7431,0.625,HIGH,ALIGNED,0.375,-0.5368,HIGH_KN,True
2025-12-22,IRCON.NS,DOWN,TRAIN,RANGE,0.742,0.5,MEDIUM,ALIGNED,0.5,7.9651,HIGH_KN,False
2025-12-22,PRESTIGE.NS,DOWN,TRAIN,RANGE,0.7397,0.75,HIGH,ALIGNED,0.25,0.106,HIGH_KN,False
2025-12-22,TIINDIA.NS,DOWN,TRAIN,RANGE,0.7358,0.75,HIGH,ALIGNED,0.25,-0.0116,HIGH_KN,True
2025-12-22,EMAMILTD.NS,DOWN,TRAIN,RANGE,0.7353,0.625,HIGH,ALIGNED,0.375,-0.4105,HIGH_KN,True
2025-12-22,TATASTEEL.NS,DOWN,TRAIN,RANGE,0.7346,0.625,HIGH,ALIGNED,0.375,0.9928,HIGH_KN,False
2025-12-22,COLPAL.NS,DOWN,TRAIN,RANGE,0.7267,0.625,HIGH,ALIGNED,0.375,-0.0949,HIGH_KN,True
2025-12-22,MUTHOOTFIN.NS,DOWN,TRAIN,RANGE,0.7223,0.625,HIGH,ALIGNED,0.375,0.4696,HIGH_KN,False
2025-12-22,SYMPHONY.NS,DOWN,TRAIN,RANGE,0.7194,0.875,HIGH,ALIGNED,0.125,-0.7908,HIGH_KN,True
2025-12-22,RATNAMANI.NS,DOWN,TRAIN,RANGE,0.7167,0.5,MEDIUM,ALIGNED,0.5,-0.2664,HIGH_KN,True
2025-12-22,ADANIGREEN.NS,DOWN,TRAIN,RANGE,0.7039,0.5,MEDIUM,ALIGNED,0.5,-0.3821,HIGH_KN,True
2025-12-22,TEJASNET.NS,DOWN,TRAIN,RANGE,0.6946,0.625,HIGH,ALIGNED,0.375,0.1544,HIGH_KN,False
2025-12-22,HINDZINC.NS,DOWN,TRAIN,RANGE,0.684,0.25,LOW,CONFLICT,0.75,0.5441,LOW_KN,False
2025-12-23,RAJESHEXPO.NS,UP,TRAIN,RANGE,0.9805,0.875,HIGH,ALIGNED,0.125,0.426,HIGH_KN,True
2025-12-23,IDEAFORGE.NS,UP,TRAIN,RANGE,0.9771,0.875,HIGH,ALIGNED,0.125,0.4498,HIGH_KN,True
2025-12-23,M&MFIN.NS,UP,TRAIN,RANGE,0.971,0.875,HIGH,ALIGNED,0.125,0.8933,HIGH_KN,True
2025-12-23,IRCON.NS,UP,TRAIN,RANGE,0.9663,1.0,HIGH,ALIGNED,0.0,0.8269,HIGH_KN,True
2025-12-23,RAILTEL.NS,UP,TRAIN,RANGE,0.9512,1.0,HIGH,ALIGNED,0.0,-0.5436,HIGH_KN,False
2025-12-23,SAPPHIRE.NS,UP,TRAIN,RANGE,0.9344,1.0,HIGH,ALIGNED,0.0,2.1269,HIGH_KN,True
2025-12-23,BEML.NS,UP,TRAIN,RANGE,0.9261,1.0,HIGH,ALIGNED,0.0,1.6821,HIGH_KN,True
2025-12-23,STLTECH.NS,UP,TRAIN,RANGE,0.9161,0.75,HIGH,ALIGNED,0.25,-1.2014,HIGH_KN,False
2025-12-23,CENTUM.NS,UP,TRAIN,RANGE,0.9137,1.0,HIGH,ALIGNED,0.0,-0.1873,HIGH_KN,False
2025-12-23,SHRIRAMFIN.NS,UP,TRAIN,RANGE,0.9071,0.75,HIGH,ALIGNED,0.25,1.6601,HIGH_KN,True
2025-12-23,GRSE.NS,UP,TRAIN,RANGE,0.9005,0.5,MEDIUM,ALIGNED,0.5,1.3674,HIGH_KN,True
2025-12-23,RVNL.NS,UP,TRAIN,RANGE,0.8985,1.0,HIGH,ALIGNED,0.0,1.1262,HIGH_KN,True
2025-12-23,IRFC.NS,UP,TRAIN,RANGE,0.8876,1.0,HIGH,ALIGNED,0.0,0.0741,HIGH_KN,True
2025-12-23,IDEA.NS,UP,TRAIN,RANGE,0.8815,1.0,HIGH,ALIGNED,0.0,0.0833,HIGH_KN,True
2025-12-23,MIDHANI.NS,UP,TRAIN,RANGE,0.881,0.75,HIGH,ALIGNED,0.25,-0.4636,HIGH_KN,False
2025-12-23,ATUL.NS,UP,TRAIN,RANGE,0.8744,1.0,HIGH,ALIGNED,0.0,-0.5829,HIGH_KN,False
2025-12-23,GRANULES.NS,UP,TRAIN,RANGE,0.8732,0.75,HIGH,ALIGNED,0.25,-0.3904,HIGH_KN,False
2025-12-23,COCHINSHIP.NS,UP,TRAIN,RANGE,0.8661,0.875,HIGH,ALIGNED,0.125,0.1518,HIGH_KN,True
2025-12-23,BSE.NS,UP,TRAIN,RANGE,0.8502,0.625,HIGH,ALIGNED,0.375,-2.4329,HIGH_KN,False
2025-12-23,MAZDOCK.NS,UP,TRAIN,RANGE,0.8468,0.625,HIGH,ALIGNED,0.375,1.0783,HIGH_KN,True
2025-12-23,COFORGE.NS,DOWN,TRAIN,RANGE,0.8598,0.75,HIGH,ALIGNED,0.25,-2.3874,HIGH_KN,True
2025-12-23,CHOLAFIN.NS,DOWN,TRAIN,RANGE,0.79,0.625,HIGH,ALIGNED,0.375,1.1498,HIGH_KN,False
2025-12-23,EMAMILTD.NS,DOWN,TRAIN,RANGE,0.7861,0.75,HIGH,ALIGNED,0.25,-0.9299,HIGH_KN,True
2025-12-23,IOC.NS,DOWN,TRAIN,RANGE,0.7822,0.625,HIGH,ALIGNED,0.375,-1.2862,HIGH_KN,True
2025-12-23,AMBER.NS,DOWN,TRAIN,RANGE,0.7656,0.625,HIGH,ALIGNED,0.375,0.0827,HIGH_KN,False
2025-12-23,HEROMOTOCO.NS,DOWN,TRAIN,RANGE,0.7566,0.625,HIGH,ALIGNED,0.375,-0.7921,HIGH_KN,True
2025-12-23,BLUESTARCO.NS,DOWN,TRAIN,RANGE,0.7534,0.75,HIGH,ALIGNED,0.25,0.6227,HIGH_KN,False
2025-12-23,NAVINFLUOR.NS,DOWN,TRAIN,RANGE,0.7532,0.5,MEDIUM,ALIGNED,0.5,-3.1253,HIGH_KN,True
2025-12-23,SYMPHONY.NS,DOWN,TRAIN,RANGE,0.7505,0.75,HIGH,ALIGNED,0.25,0.4759,HIGH_KN,False
2025-12-23,PRESTIGE.NS,DOWN,TRAIN,RANGE,0.7317,0.75,HIGH,ALIGNED,0.25,0.8225,HIGH_KN,False
2025-12-23,TEJASNET.NS,DOWN,TRAIN,RANGE,0.722,0.625,HIGH,ALIGNED,0.375,-0.4296,HIGH_KN,True
2025-12-23,MUTHOOTFIN.NS,DOWN,TRAIN,RANGE,0.7177,0.375,MEDIUM,CONFLICT,0.625,-0.0919,LOW_KN,True
2025-12-23,BIKAJI.NS,DOWN,TRAIN,RANGE,0.7134,0.625,HIGH,ALIGNED,0.375,-0.7096,HIGH_KN,True
2025-12-23,VEDL.NS,DOWN,TRAIN,RANGE,0.7073,0.5,MEDIUM,ALIGNED,0.5,2.0038,HIGH_KN,False
2025-12-23,BRITANNIA.NS,DOWN,TRAIN,RANGE,0.706,0.625,HIGH,ALIGNED,0.375,-0.5115,HIGH_KN,True
2025-12-23,COLPAL.NS,DOWN,TRAIN,RANGE,0.7015,0.625,HIGH,ALIGNED,0.375,-0.6125,HIGH_KN,True
2025-12-23,HINDZINC.NS,DOWN,TRAIN,RANGE,0.6915,0.375,MEDIUM,CONFLICT,0.625,2.468,LOW_KN,False
2025-12-23,CERA.NS,DOWN,TRAIN,RANGE,0.691,0.625,HIGH,ALIGNED,0.375,-0.9247,HIGH_KN,True
2025-12-23,ENDURANCE.NS,DOWN,TRAIN,RANGE,0.689,0.625,HIGH,ALIGNED,0.375,-0.5814,HIGH_KN,True
2025-12-23,ADANIGREEN.NS,DOWN,TRAIN,RANGE,0.688,0.5,MEDIUM,ALIGNED,0.5,-0.1868,HIGH_KN,True
2025-12-24,IDEAFORGE.NS,UP,TRAIN,RANGE,0.9786,1.0,HIGH,ALIGNED,0.0,0.6145,HIGH_KN,True
2025-12-24,IRCON.NS,UP,TRAIN,RANGE,0.9623,1.0,HIGH,ALIGNED,0.0,4.6924,HIGH_KN,True
2025-12-24,RAJESHEXPO.NS,UP,TRAIN,RANGE,0.9571,1.0,HIGH,ALIGNED,0.0,-4.9962,HIGH_KN,False
2025-12-24,SAPPHIRE.NS,UP,TRAIN,RANGE,0.9507,1.0,HIGH,ALIGNED,0.0,-0.2415,HIGH_KN,False
2025-12-24,BDL.NS,UP,TRAIN,RANGE,0.9466,1.0,HIGH,ALIGNED,0.0,-0.2228,HIGH_KN,False
2025-12-24,BEML.NS,UP,TRAIN,RANGE,0.9197,1.0,HIGH,ALIGNED,0.0,0.4872,HIGH_KN,True
2025-12-24,GRSE.NS,UP,TRAIN,RANGE,0.9187,0.625,HIGH,ALIGNED,0.375,1.7279,HIGH_KN,True
2025-12-24,OLECTRA.NS,UP,TRAIN,RANGE,0.9153,1.0,HIGH,ALIGNED,0.0,-0.9364,HIGH_KN,False
2025-12-24,MOIL.NS,UP,TRAIN,RANGE,0.9131,1.0,HIGH,ALIGNED,0.0,4.9022,HIGH_KN,True
2025-12-24,COCHINSHIP.NS,UP,TRAIN,RANGE,0.9059,1.0,HIGH,ALIGNED,0.0,0.1698,HIGH_KN,True
2025-12-24,DATAPATTNS.NS,UP,TRAIN,RANGE,0.9049,0.625,HIGH,ALIGNED,0.375,0.2058,HIGH_KN,True
2025-12-24,CENTUM.NS,UP,TRAIN,RANGE,0.9047,0.875,HIGH,ALIGNED,0.125,2.4268,HIGH_KN,True
2025-12-24,RVNL.NS,UP,TRAIN,RANGE,0.9042,1.0,HIGH,ALIGNED,0.0,12.2216,HIGH_KN,True
2025-12-24,RAILTEL.NS,UP,TRAIN,RANGE,0.901,0.875,HIGH,ALIGNED,0.125,6.0266,HIGH_KN,True
2025-12-24,PNBHOUSING.NS,UP,TRAIN,RANGE,0.8943,1.0,HIGH,ALIGNED,0.0,-2.3285,HIGH_KN,False
2025-12-24,MIDHANI.NS,UP,TRAIN,RANGE,0.8808,0.625,HIGH,ALIGNED,0.375,2.3286,HIGH_KN,True
2025-12-24,MANAPPURAM.NS,UP,TRAIN,RANGE,0.8761,0.75,HIGH,ALIGNED,0.25,-0.3815,HIGH_KN,False
2025-12-24,IRFC.NS,UP,TRAIN,RANGE,0.8759,1.0,HIGH,ALIGNED,0.0,10.0008,HIGH_KN,True
2025-12-24,MAZDOCK.NS,UP,TRAIN,RANGE,0.8744,0.875,HIGH,ALIGNED,0.125,0.0433,HIGH_KN,True
2025-12-24,RADICO.NS,UP,TRAIN,RANGE,0.8729,1.0,HIGH,ALIGNED,0.0,0.103,HIGH_KN,True
2025-12-24,COFORGE.NS,DOWN,TRAIN,RANGE,0.8557,0.75,HIGH,ALIGNED,0.25,-3.706,HIGH_KN,True
2025-12-24,IOC.NS,DOWN,TRAIN,RANGE,0.8007,0.75,HIGH,ALIGNED,0.25,-0.5398,HIGH_KN,True
2025-12-24,EMAMILTD.NS,DOWN,TRAIN,RANGE,0.7946,0.75,HIGH,ALIGNED,0.25,-0.3871,HIGH_KN,True
2025-12-24,BLUESTARCO.NS,DOWN,TRAIN,RANGE,0.7682,0.5,MEDIUM,ALIGNED,0.5,-0.7595,HIGH_KN,True
2025-12-24,ENDURANCE.NS,DOWN,TRAIN,RANGE,0.7564,0.875,HIGH,ALIGNED,0.125,-1.2509,HIGH_KN,True
2025-12-24,BRITANNIA.NS,DOWN,TRAIN,RANGE,0.7561,0.75,HIGH,ALIGNED,0.25,0.0415,HIGH_KN,False
2025-12-24,CERA.NS,DOWN,TRAIN,RANGE,0.7552,0.75,HIGH,ALIGNED,0.25,-1.3143,HIGH_KN,True
2025-12-24,NAVINFLUOR.NS,DOWN,TRAIN,RANGE,0.7352,0.5,MEDIUM,ALIGNED,0.5,-1.6939,HIGH_KN,True
2025-12-24,TATASTEEL.NS,DOWN,TRAIN,RANGE,0.7165,0.5,MEDIUM,ALIGNED,0.5,-0.5586,HIGH_KN,True
2025-12-24,GODREJPROP.NS,DOWN,TRAIN,RANGE,0.7126,0.75,HIGH,ALIGNED,0.25,-0.1745,HIGH_KN,True
2025-12-24,SYMPHONY.NS,DOWN,TRAIN,RANGE,0.6993,0.375,MEDIUM,CONFLICT,0.625,2.0012,LOW_KN,False
2025-12-24,HINDZINC.NS,DOWN,TRAIN,RANGE,0.6968,0.375,MEDIUM,CONFLICT,0.625,1.9205,LOW_KN,False
2025-12-24,TATACOMM.NS,DOWN,TRAIN,RANGE,0.6901,0.75,HIGH,ALIGNED,0.25,0.35,HIGH_KN,False
2025-12-24,IGL.NS,DOWN,TRAIN,RANGE,0.68,0.5,MEDIUM,ALIGNED,0.5,-0.1032,HIGH_KN,True
2025-12-24,VEDL.NS,DOWN,TRAIN,RANGE,0.6652,0.375,MEDIUM,CONFLICT,0.625,0.4681,LOW_KN,False
2025-12-24,ADANIGREEN.NS,DOWN,TRAIN,RANGE,0.6643,0.5,MEDIUM,ALIGNED,0.5,0.3054,HIGH_KN,False
2025-12-24,PERSISTENT.NS,DOWN,TRAIN,RANGE,0.6635,0.5,MEDIUM,ALIGNED,0.5,-0.8186,HIGH_KN,True
2025-12-24,PGHH.NS,DOWN,TRAIN,RANGE,0.6624,0.375,MEDIUM,CONFLICT,0.625,-0.5529,LOW_KN,True
2025-12-24,HEROMOTOCO.NS,DOWN,TRAIN,RANGE,0.6557,0.625,HIGH,ALIGNED,0.375,-1.0792,HIGH_KN,True
2025-12-24,TIINDIA.NS,DOWN,TRAIN,RANGE,0.648,0.625,HIGH,ALIGNED,0.375,0.1965,HIGH_KN,False
2025-12-26,IRCON.NS,UP,TRAIN,RANGE,0.9826,1.0,HIGH,ALIGNED,0.0,-3.3238,HIGH_KN,False
2025-12-26,RAILTEL.NS,UP,TRAIN,RANGE,0.9811,1.0,HIGH,ALIGNED,0.0,-1.5598,HIGH_KN,False
2025-12-26,RVNL.NS,UP,TRAIN,RANGE,0.9652,0.75,HIGH,ALIGNED,0.25,-5.2455,HIGH_KN,False
2025-12-26,MOIL.NS,UP,TRAIN,RANGE,0.9542,1.0,HIGH,ALIGNED,0.0,-2.083,HIGH_KN,False
2025-12-26,IRFC.NS,UP,TRAIN,RANGE,0.9433,0.75,HIGH,ALIGNED,0.25,-5.455,HIGH_KN,False
2025-12-26,PARAS.NS,UP,TRAIN,RANGE,0.9433,1.0,HIGH,ALIGNED,0.0,-2.0331,HIGH_KN,False
2025-12-26,BEML.NS,UP,TRAIN,RANGE,0.9303,1.0,HIGH,ALIGNED,0.0,-0.9377,HIGH_KN,False
2025-12-26,MIDHANI.NS,UP,TRAIN,RANGE,0.9197,1.0,HIGH,ALIGNED,0.0,9.9969,HIGH_KN,True
2025-12-26,GRSE.NS,UP,TRAIN,RANGE,0.9177,0.75,HIGH,ALIGNED,0.25,-0.5128,HIGH_KN,False
2025-12-26,BDL.NS,UP,TRAIN,RANGE,0.9147,0.875,HIGH,ALIGNED,0.125,-0.2842,HIGH_KN,False
2025-12-26,COCHINSHIP.NS,UP,TRAIN,RANGE,0.9035,0.875,HIGH,ALIGNED,0.125,-0.8898,HIGH_KN,False
2025-12-26,CENTUM.NS,UP,TRAIN,RANGE,0.9022,0.875,HIGH,ALIGNED,0.125,-4.4903,HIGH_KN,False
2025-12-26,SAPPHIRE.NS,UP,TRAIN,RANGE,0.9015,0.75,HIGH,ALIGNED,0.25,0.4525,HIGH_KN,True
2025-12-26,MAZDOCK.NS,UP,TRAIN,RANGE,0.8985,0.75,HIGH,ALIGNED,0.25,-0.1613,HIGH_KN,False
2025-12-26,IDEAFORGE.NS,UP,TRAIN,RANGE,0.8784,0.75,HIGH,ALIGNED,0.25,-2.5463,HIGH_KN,False
2025-12-26,OLECTRA.NS,UP,TRAIN,RANGE,0.8719,0.75,HIGH,ALIGNED,0.25,-3.1588,HIGH_KN,False
2025-12-26,DATAPATTNS.NS,UP,TRAIN,RANGE,0.8697,0.625,HIGH,ALIGNED,0.375,-0.9859,HIGH_KN,False
2025-12-26,DEEPAKNTR.NS,UP,TRAIN,RANGE,0.8542,1.0,HIGH,ALIGNED,0.0,-0.7478,HIGH_KN,False
2025-12-26,SJVN.NS,UP,TRAIN,RANGE,0.847,0.625,HIGH,ALIGNED,0.375,-1.3758,HIGH_KN,False
2025-12-26,MANAPPURAM.NS,UP,TRAIN,RANGE,0.8458,0.625,HIGH,ALIGNED,0.375,-0.9095,HIGH_KN,False
2025-12-26,COFORGE.NS,DOWN,TRAIN,RANGE,0.8751,0.75,HIGH,ALIGNED,0.25,0.5976,HIGH_KN,False
2025-12-26,BLUESTARCO.NS,DOWN,TRAIN,RANGE,0.7985,0.75,HIGH,ALIGNED,0.25,-1.8312,HIGH_KN,True
2025-12-26,ENDURANCE.NS,DOWN,TRAIN,RANGE,0.7786,0.625,HIGH,ALIGNED,0.375,1.2158,HIGH_KN,False
2025-12-26,BSE.NS,DOWN,TRAIN,RANGE,0.7647,0.75,HIGH,ALIGNED,0.25,-0.7814,HIGH_KN,True
2025-12-26,ERIS.NS,DOWN,TRAIN,RANGE,0.7622,0.5,MEDIUM,ALIGNED,0.5,-0.0066,HIGH_KN,True
2025-12-26,CLEAN.NS,DOWN,TRAIN,RANGE,0.7585,0.75,HIGH,ALIGNED,0.25,-1.0173,HIGH_KN,True
2025-12-26,CERA.NS,DOWN,TRAIN,RANGE,0.7522,0.875,HIGH,ALIGNED,0.125,-0.7721,HIGH_KN,True
2025-12-26,MPHASIS.NS,DOWN,TRAIN,RANGE,0.7457,0.875,HIGH,ALIGNED,0.125,-1.3436,HIGH_KN,True
2025-12-26,PERSISTENT.NS,DOWN,TRAIN,RANGE,0.733,0.625,HIGH,ALIGNED,0.375,-1.1428,HIGH_KN,True
2025-12-26,HFCL.NS,DOWN,TRAIN,RANGE,0.7316,0.75,HIGH,ALIGNED,0.25,5.4986,HIGH_KN,False
2025-12-26,INDIAMART.NS,DOWN,TRAIN,RANGE,0.7296,0.75,HIGH,ALIGNED,0.25,-0.7626,HIGH_KN,True
2025-12-26,EMAMILTD.NS,DOWN,TRAIN,RANGE,0.7194,0.75,HIGH,ALIGNED,0.25,3.4,HIGH_KN,False
2025-12-26,IOC.NS,DOWN,TRAIN,RANGE,0.7194,0.625,HIGH,ALIGNED,0.375,1.048,HIGH_KN,False
2025-12-26,HINDZINC.NS,DOWN,TRAIN,RANGE,0.7117,0.375,MEDIUM,CONFLICT,0.625,-2.8735,LOW_KN,True
2025-12-26,PGHH.NS,DOWN,TRAIN,RANGE,0.701,0.625,HIGH,ALIGNED,0.375,0.7181,HIGH_KN,False
2025-12-26,VEDL.NS,DOWN,TRAIN,RANGE,0.6838,0.375,MEDIUM,CONFLICT,0.625,-1.3063,LOW_KN,True
2025-12-26,VOLTAS.NS,DOWN,TRAIN,RANGE,0.6836,0.625,HIGH,ALIGNED,0.375,-0.0724,HIGH_KN,True
2025-12-26,AUROPHARMA.NS,DOWN,TRAIN,RANGE,0.6831,0.625,HIGH,ALIGNED,0.375,-0.5057,HIGH_KN,True
2025-12-26,BRITANNIA.NS,DOWN,TRAIN,RANGE,0.6802,0.625,HIGH,ALIGNED,0.375,0.1492,HIGH_KN,False
2025-12-26,PFIZER.NS,DOWN,TRAIN,RANGE,0.6795,0.5,MEDIUM,ALIGNED,0.5,-1.8427,HIGH_KN,True
2025-12-29,MIDHANI.NS,UP,TRAIN,RANGE,0.9877,1.0,HIGH,ALIGNED,0.0,1.1129,HIGH_KN,True
2025-12-29,RVNL.NS,UP,TRAIN,RANGE,0.9815,0.875,HIGH,ALIGNED,0.125,-1.9723,HIGH_KN,False
2025-12-29,IRFC.NS,UP,TRAIN,RANGE,0.9608,0.875,HIGH,ALIGNED,0.125,-1.393,HIGH_KN,False
2025-12-29,MOIL.NS,UP,TRAIN,RANGE,0.953,0.875,HIGH,ALIGNED,0.125,0.9377,HIGH_KN,True
2025-12-29,RAILTEL.NS,UP,TRAIN,RANGE,0.9374,0.875,HIGH,ALIGNED,0.125,-1.4502,HIGH_KN,False
2025-12-29,IRCON.NS,UP,TRAIN,RANGE,0.9229,0.75,HIGH,ALIGNED,0.25,-0.7409,HIGH_KN,False
2025-12-29,GRSE.NS,UP,TRAIN,RANGE,0.9121,0.625,HIGH,ALIGNED,0.375,-2.7825,HIGH_KN,False
2025-12-29,PARAS.NS,UP,TRAIN,RANGE,0.9103,0.875,HIGH,ALIGNED,0.125,-0.6357,HIGH_KN,False
2025-12-29,MAZDOCK.NS,UP,TRAIN,RANGE,0.8963,0.875,HIGH,ALIGNED,0.125,-2.952,HIGH_KN,False
2025-12-29,NATIONALUM.NS,UP,TRAIN,RANGE,0.8933,0.625,HIGH,ALIGNED,0.375,5.2177,HIGH_KN,True
2025-12-29,BEML.NS,UP,TRAIN,RANGE,0.8889,0.875,HIGH,ALIGNED,0.125,-1.4413,HIGH_KN,False
2025-12-29,SAIL.NS,UP,TRAIN,RANGE,0.8865,1.0,HIGH,ALIGNED,0.0,5.1682,HIGH_KN,True
2025-12-29,BDL.NS,UP,TRAIN,RANGE,0.886,1.0,HIGH,ALIGNED,0.0,-1.2961,HIGH_KN,False
2025-12-29,COCHINSHIP.NS,UP,TRAIN,RANGE,0.8692,0.75,HIGH,ALIGNED,0.25,-1.4047,HIGH_KN,False
2025-12-29,WELCORP.NS,UP,TRAIN,RANGE,0.8589,0.875,HIGH,ALIGNED,0.125,-4.4564,HIGH_KN,False
2025-12-29,NMDC.NS,UP,TRAIN,RANGE,0.853,0.75,HIGH,ALIGNED,0.25,3.1791,HIGH_KN,True
2025-12-29,HINDZINC.NS,UP,TRAIN,RANGE,0.8502,0.625,HIGH,ALIGNED,0.375,1.0913,HIGH_KN,True
2025-12-29,HFCL.NS,UP,TRAIN,RANGE,0.8239,0.625,HIGH,ALIGNED,0.375,-2.0817,HIGH_KN,False
2025-12-29,SAPPHIRE.NS,UP,TRAIN,RANGE,0.8236,0.875,HIGH,ALIGNED,0.125,-2.2916,HIGH_KN,False
2025-12-29,NCC.NS,UP,TRAIN,RANGE,0.8209,0.625,HIGH,ALIGNED,0.375,-3.1916,HIGH_KN,False
2025-12-29,COFORGE.NS,DOWN,TRAIN,RANGE,0.88,0.75,HIGH,ALIGNED,0.25,-1.6872,HIGH_KN,True
2025-12-29,ENDURANCE.NS,DOWN,TRAIN,RANGE,0.7631,0.75,HIGH,ALIGNED,0.25,-0.6432,HIGH_KN,True
2025-12-29,CLEAN.NS,DOWN,TRAIN,RANGE,0.7618,0.75,HIGH,ALIGNED,0.25,1.6191,HIGH_KN,False
2025-12-29,PFIZER.NS,DOWN,TRAIN,RANGE,0.7606,0.75,HIGH,ALIGNED,0.25,-0.6574,HIGH_KN,True
2025-12-29,BLUESTARCO.NS,DOWN,TRAIN,RANGE,0.7505,0.75,HIGH,ALIGNED,0.25,-1.3629,HIGH_KN,True
2025-12-29,CERA.NS,DOWN,TRAIN,RANGE,0.7374,0.75,HIGH,ALIGNED,0.25,0.3307,HIGH_KN,False
2025-12-29,PERSISTENT.NS,DOWN,TRAIN,RANGE,0.7224,0.75,HIGH,ALIGNED,0.25,-0.7305,HIGH_KN,True
2025-12-29,MPHASIS.NS,DOWN,TRAIN,RANGE,0.7123,0.75,HIGH,ALIGNED,0.25,-0.5903,HIGH_KN,True
2025-12-29,MGL.NS,DOWN,TRAIN,RANGE,0.7015,0.75,HIGH,ALIGNED,0.25,-0.936,HIGH_KN,True
2025-12-29,KPITTECH.NS,DOWN,TRAIN,RANGE,0.6985,0.75,HIGH,ALIGNED,0.25,-2.2303,HIGH_KN,True
2025-12-29,MRPL.NS,DOWN,TRAIN,RANGE,0.697,0.75,HIGH,ALIGNED,0.25,-1.6989,HIGH_KN,True
2025-12-29,COROMANDEL.NS,DOWN,TRAIN,RANGE,0.6893,0.5,MEDIUM,ALIGNED,0.5,-5.3854,HIGH_KN,True
2025-12-29,SUDARSCHEM.NS,DOWN,TRAIN,RANGE,0.6872,0.75,HIGH,ALIGNED,0.25,-0.5123,HIGH_KN,True
2025-12-29,INTELLECT.NS,DOWN,TRAIN,RANGE,0.6865,0.625,HIGH,ALIGNED,0.375,-5.2331,HIGH_KN,True
2025-12-29,VEDL.NS,DOWN,TRAIN,RANGE,0.6836,0.625,HIGH,ALIGNED,0.375,2.0991,HIGH_KN,False
2025-12-29,BSE.NS,DOWN,TRAIN,RANGE,0.683,0.75,HIGH,ALIGNED,0.25,-1.7996,HIGH_KN,True
2025-12-29,FEDERALBNK.NS,DOWN,TRAIN,RANGE,0.6761,0.625,HIGH,ALIGNED,0.375,1.7878,HIGH_KN,False
2025-12-29,AUROPHARMA.NS,DOWN,TRAIN,RANGE,0.6724,0.75,HIGH,ALIGNED,0.25,-1.1499,HIGH_KN,True
2025-12-29,ZENSARTECH.NS,DOWN,TRAIN,RANGE,0.6724,0.75,HIGH,ALIGNED,0.25,-2.6995,HIGH_KN,True
2025-12-29,ALKYLAMINE.NS,DOWN,TRAIN,RANGE,0.6667,0.625,HIGH,ALIGNED,0.375,-1.8338,HIGH_KN,True
2025-12-30,MIDHANI.NS,UP,TRAIN,RANGE,0.9859,1.0,HIGH,ALIGNED,0.0,-3.0761,HIGH_KN,False
2025-12-30,NAVINFLUOR.NS,UP,TRAIN,RANGE,0.9317,1.0,HIGH,ALIGNED,0.0,-3.5281,HIGH_KN,False
2025-12-30,SAIL.NS,UP,TRAIN,RANGE,0.8932,1.0,HIGH,ALIGNED,0.0,4.2334,HIGH_KN,True
2025-12-30,RVNL.NS,UP,TRAIN,RANGE,0.892,0.875,HIGH,ALIGNED,0.125,-0.8603,HIGH_KN,False
2025-12-30,NATIONALUM.NS,UP,TRAIN,RANGE,0.89,0.75,HIGH,ALIGNED,0.25,-0.7265,HIGH_KN,False
2025-12-30,RADICO.NS,UP,TRAIN,RANGE,0.872,1.0,HIGH,ALIGNED,0.0,-2.2986,HIGH_KN,False
2025-12-30,CHOLAFIN.NS,UP,TRAIN,RANGE,0.861,1.0,HIGH,ALIGNED,0.0,0.0411,HIGH_KN,True
2025-12-30,MOIL.NS,UP,TRAIN,RANGE,0.8593,0.875,HIGH,ALIGNED,0.125,2.2047,HIGH_KN,True
2025-12-30,IRFC.NS,UP,TRAIN,RANGE,0.8485,0.75,HIGH,ALIGNED,0.25,0.0241,HIGH_KN,True
2025-12-30,NMDC.NS,UP,TRAIN,RANGE,0.8261,1.0,HIGH,ALIGNED,0.0,-0.2877,HIGH_KN,False
2025-12-30,RATEGAIN.NS,UP,TRAIN,RANGE,0.8237,0.875,HIGH,ALIGNED,0.125,2.0733,HIGH_KN,True
2025-12-30,RAILTEL.NS,UP,TRAIN,RANGE,0.8215,0.75,HIGH,ALIGNED,0.25,1.2536,HIGH_KN,True
2025-12-30,IRCON.NS,UP,TRAIN,RANGE,0.8212,0.75,HIGH,ALIGNED,0.25,3.592,HIGH_KN,True
2025-12-30,BDL.NS,UP,TRAIN,RANGE,0.809,0.75,HIGH,ALIGNED,0.25,0.8181,HIGH_KN,True
2025-12-30,MANAPPURAM.NS,UP,TRAIN,RANGE,0.7959,0.75,HIGH,ALIGNED,0.25,-0.323,HIGH_KN,False
2025-12-30,CRAFTSMAN.NS,UP,TRAIN,RANGE,0.791,0.875,HIGH,ALIGNED,0.125,7.4553,HIGH_KN,True
2025-12-30,EMAMILTD.NS,UP,TRAIN,RANGE,0.7878,0.75,HIGH,ALIGNED,0.25,0.0852,HIGH_KN,True
2025-12-30,OLECTRA.NS,UP,TRAIN,RANGE,0.779,0.5,MEDIUM,ALIGNED,0.5,-0.7943,HIGH_KN,False
2025-12-30,HFCL.NS,UP,TRAIN,RANGE,0.7668,0.375,MEDIUM,CONFLICT,0.625,6.7559,LOW_KN,True
2025-12-30,INDIAMART.NS,UP,TRAIN,RANGE,0.7571,0.75,HIGH,ALIGNED,0.25,-1.0414,HIGH_KN,False
2025-12-30,IDEAFORGE.NS,DOWN,TRAIN,RANGE,0.8759,0.625,HIGH,ALIGNED,0.375,0.9257,HIGH_KN,False
2025-12-30,COROMANDEL.NS,DOWN,TRAIN,RANGE,0.8644,0.875,HIGH,ALIGNED,0.125,1.3369,HIGH_KN,False
2025-12-30,COFORGE.NS,DOWN,TRAIN,RANGE,0.851,0.875,HIGH,ALIGNED,0.125,0.4895,HIGH_KN,False
2025-12-30,KPITTECH.NS,DOWN,TRAIN,RANGE,0.7976,0.75,HIGH,ALIGNED,0.25,0.9297,HIGH_KN,False
2025-12-30,PERSISTENT.NS,DOWN,TRAIN,RANGE,0.7841,0.875,HIGH,ALIGNED,0.125,1.4394,HIGH_KN,False
2025-12-30,COCHINSHIP.NS,DOWN,TRAIN,RANGE,0.7732,0.625,HIGH,ALIGNED,0.375,0.3531,HIGH_KN,False
2025-12-30,INFY.NS,DOWN,TRAIN,RANGE,0.7552,0.875,HIGH,ALIGNED,0.125,-0.3823,HIGH_KN,True
2025-12-30,KEI.NS,DOWN,TRAIN,RANGE,0.7539,0.75,HIGH,ALIGNED,0.25,2.4744,HIGH_KN,False
2025-12-30,STLTECH.NS,DOWN,TRAIN,RANGE,0.75,0.625,HIGH,ALIGNED,0.375,1.2062,HIGH_KN,False
2025-12-30,IGL.NS,DOWN,TRAIN,RANGE,0.7434,0.75,HIGH,ALIGNED,0.25,1.6668,HIGH_KN,False
2025-12-30,BSE.NS,DOWN,TRAIN,RANGE,0.7427,0.75,HIGH,ALIGNED,0.25,1.9837,HIGH_KN,False
2025-12-30,PFIZER.NS,DOWN,TRAIN,RANGE,0.7332,0.875,HIGH,ALIGNED,0.125,1.2402,HIGH_KN,False
2025-12-30,ZENSARTECH.NS,DOWN,TRAIN,RANGE,0.7307,0.75,HIGH,ALIGNED,0.25,1.4124,HIGH_KN,False
2025-12-30,MAZDOCK.NS,DOWN,TRAIN,RANGE,0.7183,0.875,HIGH,ALIGNED,0.125,1.129,HIGH_KN,False
2025-12-30,CERA.NS,DOWN,TRAIN,RANGE,0.7168,0.625,HIGH,ALIGNED,0.375,1.5025,HIGH_KN,False
2025-12-30,SOLARINDS.NS,DOWN,TRAIN,RANGE,0.7154,0.875,HIGH,ALIGNED,0.125,1.8623,HIGH_KN,False
2025-12-30,INTELLECT.NS,DOWN,TRAIN,RANGE,0.7127,0.75,HIGH,ALIGNED,0.25,2.7187,HIGH_KN,False
2025-12-30,SUDARSCHEM.NS,DOWN,TRAIN,RANGE,0.712,0.75,HIGH,ALIGNED,0.25,1.6736,HIGH_KN,False
2025-12-30,ENDURANCE.NS,DOWN,TRAIN,RANGE,0.7039,0.75,HIGH,ALIGNED,0.25,1.0023,HIGH_KN,False
2025-12-30,AUROPHARMA.NS,DOWN,TRAIN,RANGE,0.6995,0.875,HIGH,ALIGNED,0.125,-0.2782,HIGH_KN,True
2025-12-31,CRAFTSMAN.NS,UP,TRAIN,RANGE,0.9716,1.0,HIGH,ALIGNED,0.0,0.4292,HIGH_KN,True
2025-12-31,SAIL.NS,UP,TRAIN,RANGE,0.9463,0.75,HIGH,ALIGNED,0.25,0.9933,HIGH_KN,True
2025-12-31,ZYDUSWELL.NS,UP,TRAIN,RANGE,0.9338,1.0,HIGH,ALIGNED,0.0,2.1227,HIGH_KN,True
2025-12-31,MRPL.NS,UP,TRAIN,RANGE,0.9294,0.875,HIGH,ALIGNED,0.125,0.9538,HIGH_KN,True
2025-12-31,MOIL.NS,UP,TRAIN,RANGE,0.926,1.0,HIGH,ALIGNED,0.0,-0.1899,HIGH_KN,False
2025-12-31,RATEGAIN.NS,UP,TRAIN,RANGE,0.9157,1.0,HIGH,ALIGNED,0.0,1.4891,HIGH_KN,True
2025-12-31,NATIONALUM.NS,UP,TRAIN,RANGE,0.8782,0.5,MEDIUM,ALIGNED,0.5,0.0955,HIGH_KN,True
2025-12-31,HFCL.NS,UP,TRAIN,RANGE,0.8767,1.0,HIGH,ALIGNED,0.0,1.6669,HIGH_KN,True
2025-12-31,DEEPAKFERT.NS,UP,TRAIN,RANGE,0.8583,1.0,HIGH,ALIGNED,0.0,-3.3875,HIGH_KN,False
2025-12-31,JINDALSTEL.NS,UP,TRAIN,RANGE,0.8478,1.0,HIGH,ALIGNED,0.0,1.3855,HIGH_KN,True
2025-12-31,RBLBANK.NS,UP,TRAIN,RANGE,0.8385,1.0,HIGH,ALIGNED,0.0,-0.1583,HIGH_KN,False
2025-12-31,MIDHANI.NS,UP,TRAIN,RANGE,0.8368,0.75,HIGH,ALIGNED,0.25,-0.495,HIGH_KN,False
2025-12-31,JSWSTEEL.NS,UP,TRAIN,RANGE,0.8324,1.0,HIGH,ALIGNED,0.0,0.5752,HIGH_KN,True
2025-12-31,BPCL.NS,UP,TRAIN,RANGE,0.8277,1.0,HIGH,ALIGNED,0.0,-0.651,HIGH_KN,False
2025-12-31,SAPPHIRE.NS,UP,TRAIN,RANGE,0.8265,0.875,HIGH,ALIGNED,0.125,2.198,HIGH_KN,True
2025-12-31,TATASTEEL.NS,UP,TRAIN,RANGE,0.8243,1.0,HIGH,ALIGNED,0.0,1.0051,HIGH_KN,True
2025-12-31,IRCON.NS,UP,TRAIN,RANGE,0.8216,0.75,HIGH,ALIGNED,0.25,0.1858,HIGH_KN,True
2025-12-31,EMAMILTD.NS,UP,TRAIN,RANGE,0.8118,0.75,HIGH,ALIGNED,0.25,-0.6905,HIGH_KN,False
2025-12-31,SYMPHONY.NS,UP,TRAIN,RANGE,0.8042,1.0,HIGH,ALIGNED,0.0,3.9519,HIGH_KN,True
2025-12-31,CASTROLIND.NS,UP,TRAIN,RANGE,0.7806,0.625,HIGH,ALIGNED,0.375,-0.914,HIGH_KN,False
2025-12-31,RAJESHEXPO.NS,DOWN,TRAIN,RANGE,0.9,0.75,HIGH,ALIGNED,0.25,-2.7009,HIGH_KN,True
2025-12-31,COROMANDEL.NS,DOWN,TRAIN,RANGE,0.8765,0.75,HIGH,ALIGNED,0.25,-0.15,HIGH_KN,True
2025-12-31,CENTUM.NS,DOWN,TRAIN,RANGE,0.825,0.625,HIGH,ALIGNED,0.375,-2.0199,HIGH_KN,True
2025-12-31,POLICYBZR.NS,DOWN,TRAIN,RANGE,0.8162,0.75,HIGH,ALIGNED,0.25,-1.0846,HIGH_KN,True
2025-12-31,KPITTECH.NS,DOWN,TRAIN,RANGE,0.8042,0.75,HIGH,ALIGNED,0.25,-0.7932,HIGH_KN,True
2025-12-31,HINDZINC.NS,DOWN,TRAIN,RANGE,0.7804,0.625,HIGH,ALIGNED,0.375,-0.0816,HIGH_KN,True
2025-12-31,INFY.NS,DOWN,TRAIN,RANGE,0.743,0.75,HIGH,ALIGNED,0.25,0.8914,HIGH_KN,False
2025-12-31,GRANULES.NS,DOWN,TRAIN,RANGE,0.7404,0.75,HIGH,ALIGNED,0.25,3.4586,HIGH_KN,False
2025-12-31,COCHINSHIP.NS,DOWN,TRAIN,RANGE,0.7353,0.625,HIGH,ALIGNED,0.375,0.1543,HIGH_KN,False
2025-12-31,MASTEK.NS,DOWN,TRAIN,RANGE,0.7299,0.875,HIGH,ALIGNED,0.125,2.906,HIGH_KN,False
2025-12-31,ZENSARTECH.NS,DOWN,TRAIN,RANGE,0.7284,0.625,HIGH,ALIGNED,0.375,-0.3553,HIGH_KN,True
2025-12-31,CLEAN.NS,DOWN,TRAIN,RANGE,0.7233,0.875,HIGH,ALIGNED,0.125,-1.9462,HIGH_KN,True
2025-12-31,MAPMYINDIA.NS,DOWN,TRAIN,RANGE,0.7119,0.5,MEDIUM,ALIGNED,0.5,0.2026,HIGH_KN,False
2025-12-31,MPHASIS.NS,DOWN,TRAIN,RANGE,0.7113,0.75,HIGH,ALIGNED,0.25,1.3399,HIGH_KN,False
2025-12-31,LTTS.NS,DOWN,TRAIN,RANGE,0.711,0.75,HIGH,ALIGNED,0.25,-1.8421,HIGH_KN,True
2025-12-31,NAVINFLUOR.NS,DOWN,TRAIN,RANGE,0.7034,0.625,HIGH,ALIGNED,0.375,0.2111,HIGH_KN,False
2025-12-31,STLTECH.NS,DOWN,TRAIN,RANGE,0.7022,0.375,MEDIUM,CONFLICT,0.625,-0.6783,LOW_KN,True
2025-12-31,SOLARINDS.NS,DOWN,TRAIN,RANGE,0.6998,0.75,HIGH,ALIGNED,0.25,-0.7019,HIGH_KN,True
2025-12-31,WIPRO.NS,DOWN,TRAIN,RANGE,0.6974,0.75,HIGH,ALIGNED,0.25,1.5459,HIGH_KN,False
2025-12-31,COFORGE.NS,DOWN,TRAIN,RANGE,0.6971,0.75,HIGH,ALIGNED,0.25,-0.433,HIGH_KN,True
2026-01-01,CRAFTSMAN.NS,UP,TRAIN,RANGE,0.9678,0.875,HIGH,ALIGNED,0.125,3.7682,HIGH_KN,True
2026-01-01,HFCL.NS,UP,TRAIN,RANGE,0.9578,1.0,HIGH,ALIGNED,0.0,-1.7266,HIGH_KN,False
2026-01-01,ZYDUSWELL.NS,UP,TRAIN,RANGE,0.9518,1.0,HIGH,ALIGNED,0.0,1.5617,HIGH_KN,True
2026-01-01,MRPL.NS,UP,TRAIN,RANGE,0.9422,1.0,HIGH,ALIGNED,0.0,-1.4139,HIGH_KN,False
2026-01-01,RATEGAIN.NS,UP,TRAIN,RANGE,0.9322,1.0,HIGH,ALIGNED,0.0,-1.161,HIGH_KN,False
2026-01-01,SAIL.NS,UP,TRAIN,RANGE,0.9279,0.75,HIGH,ALIGNED,0.25,-0.6602,HIGH_KN,False
2026-01-01,AJANTPHARM.NS,UP,TRAIN,RANGE,0.9078,0.75,HIGH,ALIGNED,0.25,0.3676,HIGH_KN,True
2026-01-01,SYMPHONY.NS,UP,TRAIN,RANGE,0.8739,0.875,HIGH,ALIGNED,0.125,-0.0764,HIGH_KN,False
2026-01-01,ADANIENSOL.NS,UP,TRAIN,RANGE,0.8595,1.0,HIGH,ALIGNED,0.0,1.099,HIGH_KN,True
2026-01-01,JINDALSTEL.NS,UP,TRAIN,RANGE,0.8339,0.875,HIGH,ALIGNED,0.125,1.1138,HIGH_KN,True
2026-01-01,INDUSINDBK.NS,UP,TRAIN,RANGE,0.8221,1.0,HIGH,ALIGNED,0.0,1.3761,HIGH_KN,True
2026-01-01,BPCL.NS,UP,TRAIN,RANGE,0.8188,0.75,HIGH,ALIGNED,0.25,-0.0131,HIGH_KN,False
2026-01-01,NATIONALUM.NS,UP,TRAIN,RANGE,0.8133,0.5,MEDIUM,ALIGNED,0.5,4.9905,HIGH_KN,True
2026-01-01,ASHOKLEY.NS,UP,TRAIN,RANGE,0.8126,0.625,HIGH,ALIGNED,0.375,2.1095,HIGH_KN,True
2026-01-01,JSWENERGY.NS,UP,TRAIN,RANGE,0.809,1.0,HIGH,ALIGNED,0.0,1.7231,HIGH_KN,True
2026-01-01,SAPPHIRE.NS,UP,TRAIN,RANGE,0.797,0.875,HIGH,ALIGNED,0.125,-4.0731,HIGH_KN,False
2026-01-01,TATASTEEL.NS,UP,TRAIN,RANGE,0.7693,0.625,HIGH,ALIGNED,0.375,0.5443,HIGH_KN,True
2026-01-01,MOIL.NS,UP,TRAIN,RANGE,0.7686,0.5,MEDIUM,ALIGNED,0.5,1.9981,HIGH_KN,True
2026-01-01,JSWSTEEL.NS,UP,TRAIN,RANGE,0.7555,0.875,HIGH,ALIGNED,0.125,0.7853,HIGH_KN,True
2026-01-01,OIL.NS,UP,TRAIN,RANGE,0.7427,0.875,HIGH,ALIGNED,0.125,0.3041,HIGH_KN,True
2026-01-01,HINDZINC.NS,DOWN,TRAIN,RANGE,0.9088,0.75,HIGH,ALIGNED,0.25,2.7535,HIGH_KN,False
2026-01-01,COROMANDEL.NS,DOWN,TRAIN,RANGE,0.8706,0.75,HIGH,ALIGNED,0.25,0.7556,HIGH_KN,False
2026-01-01,DEEPAKNTR.NS,DOWN,TRAIN,RANGE,0.8354,0.75,HIGH,ALIGNED,0.25,0.576,HIGH_KN,False
2026-01-01,POLICYBZR.NS,DOWN,TRAIN,RANGE,0.8266,0.75,HIGH,ALIGNED,0.25,-1.3291,HIGH_KN,True
2026-01-01,CENTUM.NS,DOWN,TRAIN,RANGE,0.8088,0.625,HIGH,ALIGNED,0.375,-0.9915,HIGH_KN,True
2026-01-01,ITC.NS,DOWN,TRAIN,RANGE,0.7917,0.75,HIGH,ALIGNED,0.25,-3.7928,HIGH_KN,True
2026-01-01,RADICO.NS,DOWN,TRAIN,RANGE,0.7874,0.5,MEDIUM,ALIGNED,0.5,-4.908,HIGH_KN,True
2026-01-01,SOLARINDS.NS,DOWN,TRAIN,RANGE,0.7779,0.75,HIGH,ALIGNED,0.25,1.3973,HIGH_KN,False
2026-01-01,COCHINSHIP.NS,DOWN,TRAIN,RANGE,0.7573,0.625,HIGH,ALIGNED,0.375,0.3944,HIGH_KN,False
2026-01-01,CLEAN.NS,DOWN,TRAIN,RANGE,0.742,0.75,HIGH,ALIGNED,0.25,1.2573,HIGH_KN,False
2026-01-01,BEML.NS,DOWN,TRAIN,RANGE,0.7394,0.75,HIGH,ALIGNED,0.25,0.563,HIGH_KN,False
2026-01-01,KPITTECH.NS,DOWN,TRAIN,RANGE,0.7367,0.75,HIGH,ALIGNED,0.25,0.3783,HIGH_KN,False
2026-01-01,MAZDOCK.NS,DOWN,TRAIN,RANGE,0.709,0.75,HIGH,ALIGNED,0.25,0.7187,HIGH_KN,False
2026-01-01,INFY.NS,DOWN,TRAIN,RANGE,0.7063,0.625,HIGH,ALIGNED,0.375,0.6504,HIGH_KN,False
2026-01-01,INTELLECT.NS,DOWN,TRAIN,RANGE,0.706,0.75,HIGH,ALIGNED,0.25,1.4244,HIGH_KN,False
2026-01-01,OLECTRA.NS,DOWN,TRAIN,RANGE,0.7003,0.5,MEDIUM,ALIGNED,0.5,3.948,HIGH_KN,False
2026-01-01,MANAPPURAM.NS,DOWN,TRAIN,RANGE,0.6988,0.5,MEDIUM,ALIGNED,0.5,-0.9392,HIGH_KN,True
2026-01-01,STLTECH.NS,DOWN,TRAIN,RANGE,0.6872,0.625,HIGH,ALIGNED,0.375,1.1122,HIGH_KN,False
2026-01-01,LTTS.NS,DOWN,TRAIN,RANGE,0.6867,0.625,HIGH,ALIGNED,0.375,0.6073,HIGH_KN,False
2026-01-01,CROMPTON.NS,DOWN,TRAIN,RANGE,0.6817,0.75,HIGH,ALIGNED,0.25,1.1434,HIGH_KN,False
2026-01-02,SJVN.NS,UP,TRAIN,RANGE,0.9372,1.0,HIGH,ALIGNED,0.0,5.5515,HIGH_KN,True
2026-01-02,AJANTPHARM.NS,UP,TRAIN,RANGE,0.9145,0.625,HIGH,ALIGNED,0.375,-1.2342,HIGH_KN,False
2026-01-02,CRAFTSMAN.NS,UP,TRAIN,RANGE,0.9056,0.75,HIGH,ALIGNED,0.25,-0.1435,HIGH_KN,False
2026-01-02,ZYDUSWELL.NS,UP,TRAIN,RANGE,0.8833,0.625,HIGH,ALIGNED,0.375,2.3754,HIGH_KN,True
2026-01-02,TORNTPOWER.NS,UP,TRAIN,RANGE,0.8539,0.875,HIGH,ALIGNED,0.125,0.3144,HIGH_KN,True
2026-01-02,BOSCHLTD.NS,UP,TRAIN,RANGE,0.8461,0.75,HIGH,ALIGNED,0.25,-0.6342,HIGH_KN,False
2026-01-02,ASHOKLEY.NS,UP,TRAIN,RANGE,0.8418,0.75,HIGH,ALIGNED,0.25,-0.5403,HIGH_KN,False
2026-01-02,JINDALSTEL.NS,UP,TRAIN,RANGE,0.8399,1.0,HIGH,ALIGNED,0.0,0.1203,HIGH_KN,True
2026-01-02,SAIL.NS,UP,TRAIN,RANGE,0.8278,0.5,MEDIUM,ALIGNED,0.5,2.292,HIGH_KN,True
2026-01-02,HFCL.NS,UP,TRAIN,RANGE,0.8237,0.75,HIGH,ALIGNED,0.25,-0.7825,HIGH_KN,False
2026-01-02,BLUESTARCO.NS,UP,TRAIN,RANGE,0.8152,1.0,HIGH,ALIGNED,0.0,1.8061,HIGH_KN,True
2026-01-02,RATEGAIN.NS,UP,TRAIN,RANGE,0.8068,0.75,HIGH,ALIGNED,0.25,0.5837,HIGH_KN,True
2026-01-02,INDUSINDBK.NS,UP,TRAIN,RANGE,0.8024,0.875,HIGH,ALIGNED,0.125,-0.277,HIGH_KN,False
2026-01-02,VOLTAS.NS,UP,TRAIN,RANGE,0.794,1.0,HIGH,ALIGNED,0.0,3.2583,HIGH_KN,True
2026-01-02,JSWENERGY.NS,UP,TRAIN,RANGE,0.7925,1.0,HIGH,ALIGNED,0.0,1.2239,HIGH_KN,True
2026-01-02,NATIONALUM.NS,UP,TRAIN,RANGE,0.7913,0.625,HIGH,ALIGNED,0.375,0.1514,HIGH_KN,True
2026-01-02,MIDHANI.NS,UP,TRAIN,RANGE,0.7899,0.875,HIGH,ALIGNED,0.125,-1.1685,HIGH_KN,False
2026-01-02,SYMPHONY.NS,UP,TRAIN,RANGE,0.7899,0.75,HIGH,ALIGNED,0.25,0.4585,HIGH_KN,True
2026-01-02,RECLTD.NS,UP,TRAIN,RANGE,0.7838,0.75,HIGH,ALIGNED,0.25,0.0919,HIGH_KN,True
2026-01-02,CESC.NS,UP,TRAIN,RANGE,0.7833,1.0,HIGH,ALIGNED,0.0,-1.0891,HIGH_KN,False
2026-01-02,RVNL.NS,DOWN,TRAIN,RANGE,0.9349,0.5,MEDIUM,ALIGNED,0.5,-1.3257,HIGH_KN,True
2026-01-02,IRFC.NS,DOWN,TRAIN,RANGE,0.9187,0.5,MEDIUM,ALIGNED,0.5,-0.6849,HIGH_KN,True
2026-01-02,HINDZINC.NS,DOWN,TRAIN,RANGE,0.8893,0.5,MEDIUM,ALIGNED,0.5,-0.0318,HIGH_KN,True
2026-01-02,DEEPAKNTR.NS,DOWN,TRAIN,RANGE,0.878,0.75,HIGH,ALIGNED,0.25,-2.402,HIGH_KN,True
2026-01-02,RADICO.NS,DOWN,TRAIN,RANGE,0.8614,0.875,HIGH,ALIGNED,0.125,0.3361,HIGH_KN,False
2026-01-02,ITC.NS,DOWN,TRAIN,RANGE,0.8222,0.75,HIGH,ALIGNED,0.25,-0.1,HIGH_KN,True
2026-01-02,IDEA.NS,DOWN,TRAIN,RANGE,0.8217,0.625,HIGH,ALIGNED,0.375,-2.9711,HIGH_KN,True
2026-01-02,COROMANDEL.NS,DOWN,TRAIN,RANGE,0.8075,0.625,HIGH,ALIGNED,0.375,0.8377,HIGH_KN,False
2026-01-02,IRCON.NS,DOWN,TRAIN,RANGE,0.8011,0.5,MEDIUM,ALIGNED,0.5,-1.2275,HIGH_KN,True
2026-01-02,POLICYBZR.NS,DOWN,TRAIN,RANGE,0.7935,0.75,HIGH,ALIGNED,0.25,-0.55,HIGH_KN,True
2026-01-02,CASTROLIND.NS,DOWN,TRAIN,RANGE,0.7884,0.5,MEDIUM,ALIGNED,0.5,0.0731,HIGH_KN,False
2026-01-02,SAPPHIRE.NS,DOWN,TRAIN,RANGE,0.7869,0.5,MEDIUM,ALIGNED,0.5,-7.1032,HIGH_KN,True
2026-01-02,COCHINSHIP.NS,DOWN,TRAIN,RANGE,0.7824,0.5,MEDIUM,ALIGNED,0.5,0.0614,HIGH_KN,False
2026-01-02,RAILTEL.NS,DOWN,TRAIN,RANGE,0.7819,0.5,MEDIUM,ALIGNED,0.5,-1.5951,HIGH_KN,True
2026-01-02,CENTUM.NS,DOWN,TRAIN,RANGE,0.7708,0.75,HIGH,ALIGNED,0.25,-1.3367,HIGH_KN,True
2026-01-02,PARAS.NS,DOWN,TRAIN,RANGE,0.7686,0.5,MEDIUM,ALIGNED,0.5,2.7715,HIGH_KN,False
2026-01-02,BEML.NS,DOWN,TRAIN,RANGE,0.7373,0.5,MEDIUM,ALIGNED,0.5,1.5502,HIGH_KN,False
2026-01-02,MANAPPURAM.NS,DOWN,TRAIN,RANGE,0.737,0.625,HIGH,ALIGNED,0.375,-1.3016,HIGH_KN,True
2026-01-02,KPITTECH.NS,DOWN,TRAIN,RANGE,0.7304,0.625,HIGH,ALIGNED,0.375,-1.4217,HIGH_KN,True
2026-01-02,ABBOTINDIA.NS,DOWN,TRAIN,RANGE,0.7273,0.875,HIGH,ALIGNED,0.125,0.1067,HIGH_KN,False
2026-01-05,SJVN.NS,UP,TRAIN,RANGE,0.9638,0.75,HIGH,ALIGNED,0.25,-3.7536,HIGH_KN,False
2026-01-05,SOBHA.NS,UP,TRAIN,RANGE,0.8891,1.0,HIGH,ALIGNED,0.0,-1.801,HIGH_KN,False
2026-01-05,BLUESTARCO.NS,UP,TRAIN,RANGE,0.8739,1.0,HIGH,ALIGNED,0.0,-1.3684,HIGH_KN,False
2026-01-05,SAIL.NS,UP,TRAIN,RANGE,0.8674,0.75,HIGH,ALIGNED,0.25,-2.9234,HIGH_KN,False
2026-01-05,VOLTAS.NS,UP,TRAIN,RANGE,0.8543,1.0,HIGH,ALIGNED,0.0,0.6365,HIGH_KN,True
2026-01-05,CRAFTSMAN.NS,UP,TRAIN,RANGE,0.8442,0.625,HIGH,ALIGNED,0.375,0.2437,HIGH_KN,True
2026-01-05,TORNTPOWER.NS,UP,TRAIN,RANGE,0.8171,0.875,HIGH,ALIGNED,0.125,0.3704,HIGH_KN,True
2026-01-05,NHPC.NS,UP,TRAIN,RANGE,0.8135,0.75,HIGH,ALIGNED,0.25,-0.1554,HIGH_KN,False
2026-01-05,BOSCHLTD.NS,UP,TRAIN,RANGE,0.8133,0.625,HIGH,ALIGNED,0.375,-0.5361,HIGH_KN,False
2026-01-05,AJANTPHARM.NS,UP,TRAIN,RANGE,0.8118,0.5,MEDIUM,ALIGNED,0.5,-2.3483,HIGH_KN,False
2026-01-05,ZYDUSWELL.NS,UP,TRAIN,RANGE,0.8111,0.625,HIGH,ALIGNED,0.375,-0.8908,HIGH_KN,False
2026-01-05,UNIONBANK.NS,UP,TRAIN,RANGE,0.7959,1.0,HIGH,ALIGNED,0.0,2.0818,HIGH_KN,True
2026-01-05,NATIONALUM.NS,UP,TRAIN,RANGE,0.7889,0.625,HIGH,ALIGNED,0.375,4.8065,HIGH_KN,True
2026-01-05,JSWENERGY.NS,UP,TRAIN,RANGE,0.7809,0.875,HIGH,ALIGNED,0.125,-0.3966,HIGH_KN,False
2026-01-05,FINPIPE.NS,UP,TRAIN,RANGE,0.7664,1.0,HIGH,ALIGNED,0.0,-1.5799,HIGH_KN,False
2026-01-05,PRESTIGE.NS,UP,TRAIN,RANGE,0.7647,1.0,HIGH,ALIGNED,0.0,-0.8338,HIGH_KN,False
2026-01-05,ASHOKLEY.NS,UP,TRAIN,RANGE,0.7565,0.5,MEDIUM,ALIGNED,0.5,-0.8575,HIGH_KN,False
2026-01-05,GODREJPROP.NS,UP,TRAIN,RANGE,0.756,1.0,HIGH,ALIGNED,0.0,0.1742,HIGH_KN,True
2026-01-05,MUTHOOTFIN.NS,UP,TRAIN,RANGE,0.7406,1.0,HIGH,ALIGNED,0.0,0.5024,HIGH_KN,True
2026-01-05,JPPOWER.NS,UP,TRAIN,RANGE,0.7391,0.625,HIGH,ALIGNED,0.375,-1.909,HIGH_KN,False
2026-01-05,RAJESHEXPO.NS,DOWN,TRAIN,RANGE,0.8952,0.625,HIGH,ALIGNED,0.375,1.8895,HIGH_KN,False
2026-01-05,RVNL.NS,DOWN,TRAIN,RANGE,0.89,0.625,HIGH,ALIGNED,0.375,-0.7479,HIGH_KN,True
2026-01-05,SAPPHIRE.NS,DOWN,TRAIN,RANGE,0.8882,0.875,HIGH,ALIGNED,0.125,-2.6912,HIGH_KN,True
2026-01-05,DEEPAKNTR.NS,DOWN,TRAIN,RANGE,0.8446,0.625,HIGH,ALIGNED,0.375,-2.6647,HIGH_KN,True
2026-01-05,RADICO.NS,DOWN,TRAIN,RANGE,0.8355,0.75,HIGH,ALIGNED,0.25,0.773,HIGH_KN,False
2026-01-05,MIDHANI.NS,DOWN,TRAIN,RANGE,0.8326,0.5,MEDIUM,ALIGNED,0.5,-1.3248,HIGH_KN,True
2026-01-05,ITC.NS,DOWN,TRAIN,RANGE,0.828,0.875,HIGH,ALIGNED,0.125,-2.0732,HIGH_KN,True
2026-01-05,IDEA.NS,DOWN,TRAIN,RANGE,0.8148,0.625,HIGH,ALIGNED,0.375,1.3998,HIGH_KN,False
2026-01-05,IRFC.NS,DOWN,TRAIN,RANGE,0.7916,0.5,MEDIUM,ALIGNED,0.5,-0.2978,HIGH_KN,True
2026-01-05,COROMANDEL.NS,DOWN,TRAIN,RANGE,0.7751,0.5,MEDIUM,ALIGNED,0.5,0.5959,HIGH_KN,False
2026-01-05,IGL.NS,DOWN,TRAIN,RANGE,0.7729,0.625,HIGH,ALIGNED,0.375,-0.1312,HIGH_KN,True
2026-01-05,M&MFIN.NS,DOWN,TRAIN,RANGE,0.7689,0.625,HIGH,ALIGNED,0.375,-2.5638,HIGH_KN,True
2026-01-05,IRCTC.NS,DOWN,TRAIN,RANGE,0.7679,0.875,HIGH,ALIGNED,0.125,-0.6439,HIGH_KN,True
2026-01-05,HINDZINC.NS,DOWN,TRAIN,RANGE,0.7677,0.5,MEDIUM,ALIGNED,0.5,2.3067,HIGH_KN,False
2026-01-05,CENTUM.NS,DOWN,TRAIN,RANGE,0.7495,0.75,HIGH,ALIGNED,0.25,-2.0344,HIGH_KN,True
2026-01-05,MANAPPURAM.NS,DOWN,TRAIN,RANGE,0.7491,0.75,HIGH,ALIGNED,0.25,0.3745,HIGH_KN,False
2026-01-05,POLICYBZR.NS,DOWN,TRAIN,RANGE,0.7488,0.75,HIGH,ALIGNED,0.25,-1.5914,HIGH_KN,True
2026-01-05,RAILTEL.NS,DOWN,TRAIN,RANGE,0.7488,0.75,HIGH,ALIGNED,0.25,0.2296,HIGH_KN,False
2026-01-05,LTTS.NS,DOWN,TRAIN,RANGE,0.7476,0.75,HIGH,ALIGNED,0.25,-2.5747,HIGH_KN,True
2026-01-05,COCHINSHIP.NS,DOWN,TRAIN,RANGE,0.7466,0.5,MEDIUM,ALIGNED,0.5,-1.5215,HIGH_KN,True
2026-01-06,SJVN.NS,UP,TRAIN,RANGE,0.9517,0.875,HIGH,ALIGNED,0.125,-1.6003,HIGH_KN,False
2026-01-06,VOLTAS.NS,UP,TRAIN,RANGE,0.902,1.0,HIGH,ALIGNED,0.0,1.4399,HIGH_KN,True
2026-01-06,INDUSINDBK.NS,UP,TRAIN,RANGE,0.8632,1.0,HIGH,ALIGNED,0.0,-1.7938,HIGH_KN,False
2026-01-06,CRAFTSMAN.NS,UP,TRAIN,RANGE,0.8441,0.625,HIGH,ALIGNED,0.375,-2.6865,HIGH_KN,False
2026-01-06,HFCL.NS,UP,TRAIN,RANGE,0.8407,0.875,HIGH,ALIGNED,0.125,0.2159,HIGH_KN,True
2026-01-06,NATIONALUM.NS,UP,TRAIN,RANGE,0.8334,0.75,HIGH,ALIGNED,0.25,1.7018,HIGH_KN,True
2026-01-06,BLUESTARCO.NS,UP,TRAIN,RANGE,0.828,0.75,HIGH,ALIGNED,0.25,1.0474,HIGH_KN,True
2026-01-06,BDL.NS,UP,TRAIN,RANGE,0.8246,1.0,HIGH,ALIGNED,0.0,-0.1945,HIGH_KN,False
2026-01-06,RECLTD.NS,UP,TRAIN,RANGE,0.8022,0.875,HIGH,ALIGNED,0.125,0.6269,HIGH_KN,True
2026-01-06,APOLLOTYRE.NS,UP,TRAIN,RANGE,0.8005,1.0,HIGH,ALIGNED,0.0,-0.3754,HIGH_KN,False
2026-01-06,UNIONBANK.NS,UP,TRAIN,RANGE,0.7983,0.875,HIGH,ALIGNED,0.125,0.356,HIGH_KN,True
2026-01-06,SOBHA.NS,UP,TRAIN,RANGE,0.7871,0.75,HIGH,ALIGNED,0.25,-1.2528,HIGH_KN,False
2026-01-06,BOSCHLTD.NS,UP,TRAIN,RANGE,0.7837,0.625,HIGH,ALIGNED,0.375,0.4748,HIGH_KN,True
2026-01-06,MOIL.NS,UP,TRAIN,RANGE,0.7766,0.875,HIGH,ALIGNED,0.125,-1.1956,HIGH_KN,False
2026-01-06,AJANTPHARM.NS,UP,TRAIN,RANGE,0.7744,0.75,HIGH,ALIGNED,0.25,0.3375,HIGH_KN,True
2026-01-06,ZYDUSWELL.NS,UP,TRAIN,RANGE,0.7744,0.5,MEDIUM,ALIGNED,0.5,-0.9615,HIGH_KN,False
2026-01-06,TORNTPOWER.NS,UP,TRAIN,RANGE,0.7707,0.75,HIGH,ALIGNED,0.25,-0.8659,HIGH_KN,False
2026-01-06,AMBER.NS,UP,TRAIN,RANGE,0.7693,0.875,HIGH,ALIGNED,0.125,-0.8125,HIGH_KN,False
2026-01-06,SOLARINDS.NS,UP,TRAIN,RANGE,0.7627,0.875,HIGH,ALIGNED,0.125,3.6714,HIGH_KN,True
2026-01-06,SYMPHONY.NS,UP,TRAIN,RANGE,0.7524,0.625,HIGH,ALIGNED,0.375,1.3716,HIGH_KN,True
2026-01-06,SAPPHIRE.NS,DOWN,TRAIN,RANGE,0.889,0.875,HIGH,ALIGNED,0.125,0.5487,HIGH_KN,False
2026-01-06,M&MFIN.NS,DOWN,TRAIN,RANGE,0.8727,0.625,HIGH,ALIGNED,0.375,-3.8333,HIGH_KN,True
2026-01-06,RVNL.NS,DOWN,TRAIN,RANGE,0.8624,0.75,HIGH,ALIGNED,0.25,-0.2512,HIGH_KN,True
2026-01-06,RADICO.NS,DOWN,TRAIN,RANGE,0.8573,0.625,HIGH,ALIGNED,0.375,2.5155,HIGH_KN,False
2026-01-06,ITC.NS,DOWN,TRAIN,RANGE,0.8502,0.75,HIGH,ALIGNED,0.25,-0.3504,HIGH_KN,True
2026-01-06,IDEA.NS,DOWN,TRAIN,RANGE,0.8216,0.75,HIGH,ALIGNED,0.25,-1.1217,HIGH_KN,True
2026-01-06,DEEPAKNTR.NS,DOWN,TRAIN,RANGE,0.8098,0.75,HIGH,ALIGNED,0.25,0.8797,HIGH_KN,False
2026-01-06,IRFC.NS,DOWN,TRAIN,RANGE,0.7599,0.5,MEDIUM,ALIGNED,0.5,0.6446,HIGH_KN,False
2026-01-06,NMDC.NS,DOWN,TRAIN,RANGE,0.7536,0.375,MEDIUM,CONFLICT,0.625,2.7304,LOW_KN,False
2026-01-06,OLECTRA.NS,DOWN,TRAIN,RANGE,0.7534,0.75,HIGH,ALIGNED,0.25,1.6391,HIGH_KN,False
2026-01-06,MANAPPURAM.NS,DOWN,TRAIN,RANGE,0.7486,0.625,HIGH,ALIGNED,0.375,3.7794,HIGH_KN,False
2026-01-06,HINDZINC.NS,DOWN,TRAIN,RANGE,0.7399,0.375,MEDIUM,CONFLICT,0.625,-2.037,LOW_KN,True
2026-01-06,RAILTEL.NS,DOWN,TRAIN,RANGE,0.7396,0.375,MEDIUM,CONFLICT,0.625,-0.6199,LOW_KN,True
2026-01-06,IRCTC.NS,DOWN,TRAIN,RANGE,0.7388,0.75,HIGH,ALIGNED,0.25,0.2384,HIGH_KN,False
2026-01-06,LTTS.NS,DOWN,TRAIN,RANGE,0.7371,0.625,HIGH,ALIGNED,0.375,2.0965,HIGH_KN,False
2026-01-06,SHRIRAMFIN.NS,DOWN,TRAIN,RANGE,0.7327,0.5,MEDIUM,ALIGNED,0.5,-0.6782,HIGH_KN,True
2026-01-06,MGL.NS,DOWN,TRAIN,RANGE,0.7273,0.625,HIGH,ALIGNED,0.375,-1.1914,HIGH_KN,True
2026-01-06,CENTUM.NS,DOWN,TRAIN,RANGE,0.7256,0.75,HIGH,ALIGNED,0.25,2.8389,HIGH_KN,False
2026-01-06,NAVINFLUOR.NS,DOWN,TRAIN,RANGE,0.7176,0.75,HIGH,ALIGNED,0.25,1.4954,HIGH_KN,False
2026-01-06,CASTROLIND.NS,DOWN,TRAIN,RANGE,0.7123,0.625,HIGH,ALIGNED,0.375,-0.1418,HIGH_KN,True
2026-01-07,BLUESTARCO.NS,UP,TRAIN,RANGE,0.916,1.0,HIGH,ALIGNED,0.0,-1.2753,HIGH_KN,False
2026-01-07,NATIONALUM.NS,UP,TRAIN,RANGE,0.9129,0.75,HIGH,ALIGNED,0.25,-5.4169,HIGH_KN,False
2026-01-07,SOLARINDS.NS,UP,TRAIN,RANGE,0.9032,1.0,HIGH,ALIGNED,0.0,0.9304,HIGH_KN,True
2026-01-07,VOLTAS.NS,UP,TRAIN,RANGE,0.8964,0.75,HIGH,ALIGNED,0.25,-2.5537,HIGH_KN,False
2026-01-07,KALYANKJIL.NS,UP,TRAIN,RANGE,0.883,1.0,HIGH,ALIGNED,0.0,-1.7187,HIGH_KN,False
2026-01-07,IDEA.NS,UP,TRAIN,RANGE,0.8689,0.5,MEDIUM,ALIGNED,0.5,0.349,HIGH_KN,True
2026-01-07,BOSCHLTD.NS,UP,TRAIN,RANGE,0.8204,0.75,HIGH,ALIGNED,0.25,-1.239,HIGH_KN,False
2026-01-07,SJVN.NS,UP,TRAIN,RANGE,0.818,0.625,HIGH,ALIGNED,0.375,-3.4815,HIGH_KN,False
2026-01-07,NATCOPHARM.NS,UP,TRAIN,RANGE,0.8027,1.0,HIGH,ALIGNED,0.0,-3.8474,HIGH_KN,False
2026-01-07,RECLTD.NS,UP,TRAIN,RANGE,0.7988,0.875,HIGH,ALIGNED,0.125,-3.5951,HIGH_KN,False
2026-01-07,YESBANK.NS,UP,TRAIN,RANGE,0.7939,1.0,HIGH,ALIGNED,0.0,-3.3191,HIGH_KN,False
2026-01-07,KPITTECH.NS,UP,TRAIN,RANGE,0.79,1.0,HIGH,ALIGNED,0.0,-2.3335,HIGH_KN,False
2026-01-07,PERSISTENT.NS,UP,TRAIN,RANGE,0.782,1.0,HIGH,ALIGNED,0.0,-1.0593,HIGH_KN,False
2026-01-07,AUROPHARMA.NS,UP,TRAIN,RANGE,0.7801,1.0,HIGH,ALIGNED,0.0,-2.3717,HIGH_KN,False
2026-01-07,BDL.NS,UP,TRAIN,RANGE,0.7728,0.875,HIGH,ALIGNED,0.125,-0.3832,HIGH_KN,False
2026-01-07,SOBHA.NS,UP,TRAIN,RANGE,0.7709,0.75,HIGH,ALIGNED,0.25,2.6813,HIGH_KN,True
2026-01-07,CROMPTON.NS,UP,TRAIN,RANGE,0.768,0.875,HIGH,ALIGNED,0.125,-2.2016,HIGH_KN,False
2026-01-07,COALINDIA.NS,UP,TRAIN,RANGE,0.767,0.625,HIGH,ALIGNED,0.375,-1.4827,HIGH_KN,False
2026-01-07,ALKEM.NS,UP,TRAIN,RANGE,0.76,1.0,HIGH,ALIGNED,0.0,-0.2325,HIGH_KN,False
2026-01-07,INTELLECT.NS,UP,TRAIN,RANGE,0.76,0.75,HIGH,ALIGNED,0.25,-4.8719,HIGH_KN,False
2026-01-07,SAPPHIRE.NS,DOWN,TRAIN,RANGE,0.8796,0.625,HIGH,ALIGNED,0.375,-3.3617,HIGH_KN,True
2026-01-07,M&MFIN.NS,DOWN,TRAIN,RANGE,0.8718,0.75,HIGH,ALIGNED,0.25,-1.375,HIGH_KN,True
2026-01-07,ITC.NS,DOWN,TRAIN,RANGE,0.8478,0.75,HIGH,ALIGNED,0.25,-0.1026,HIGH_KN,True
2026-01-07,DEEPAKNTR.NS,DOWN,TRAIN,RANGE,0.81,0.625,HIGH,ALIGNED,0.375,-1.4453,HIGH_KN,True
2026-01-07,RVNL.NS,DOWN,TRAIN,RANGE,0.7924,0.625,HIGH,ALIGNED,0.375,-4.155,HIGH_KN,True
2026-01-07,IRCON.NS,DOWN,TRAIN,RANGE,0.7869,0.75,HIGH,ALIGNED,0.25,-4.3062,HIGH_KN,True
2026-01-07,MRPL.NS,DOWN,TRAIN,RANGE,0.7845,0.75,HIGH,ALIGNED,0.25,-2.8606,HIGH_KN,True
2026-01-07,CRAFTSMAN.NS,DOWN,TRAIN,RANGE,0.7788,0.625,HIGH,ALIGNED,0.375,-1.7807,HIGH_KN,True
2026-01-07,STLTECH.NS,DOWN,TRAIN,RANGE,0.7692,0.75,HIGH,ALIGNED,0.25,-2.6894,HIGH_KN,True
2026-01-07,RADICO.NS,DOWN,TRAIN,RANGE,0.7648,0.5,MEDIUM,ALIGNED,0.5,-3.9878,HIGH_KN,True
2026-01-07,SHRIRAMFIN.NS,DOWN,TRAIN,RANGE,0.7633,0.75,HIGH,ALIGNED,0.25,-0.2962,HIGH_KN,True
2026-01-07,CASTROLIND.NS,DOWN,TRAIN,RANGE,0.7609,0.75,HIGH,ALIGNED,0.25,-0.7364,HIGH_KN,True
2026-01-07,SAIL.NS,DOWN,TRAIN,RANGE,0.7604,0.375,MEDIUM,CONFLICT,0.625,-2.6003,LOW_KN,True
2026-01-07,GALAXYSURF.NS,DOWN,TRAIN,RANGE,0.7369,0.875,HIGH,ALIGNED,0.125,-0.7296,HIGH_KN,True
2026-01-07,MOIL.NS,DOWN,TRAIN,RANGE,0.731,0.5,MEDIUM,ALIGNED,0.5,-7.2739,HIGH_KN,True
2026-01-07,OIL.NS,DOWN,TRAIN,RANGE,0.7261,0.625,HIGH,ALIGNED,0.375,-2.0196,HIGH_KN,True
2026-01-07,RATEGAIN.NS,DOWN,TRAIN,RANGE,0.7248,0.5,MEDIUM,ALIGNED,0.5,-1.8586,HIGH_KN,True
2026-01-07,MGL.NS,DOWN,TRAIN,RANGE,0.7245,0.75,HIGH,ALIGNED,0.25,-0.1696,HIGH_KN,True
2026-01-07,DEEPAKFERT.NS,DOWN,TRAIN,RANGE,0.7223,0.75,HIGH,ALIGNED,0.25,-1.1579,HIGH_KN,True
2026-01-07,RELIANCE.NS,DOWN,TRAIN,RANGE,0.7177,0.875,HIGH,ALIGNED,0.125,-2.2337,HIGH_KN,True
2026-01-08,SOLARINDS.NS,UP,TRAIN,RANGE,0.9318,1.0,HIGH,ALIGNED,0.0,-1.9402,HIGH_KN,False
2026-01-08,SOBHA.NS,UP,TRAIN,RANGE,0.89,0.875,HIGH,ALIGNED,0.125,-0.8216,HIGH_KN,False
2026-01-08,DATAPATTNS.NS,UP,TRAIN,RANGE,0.8842,0.75,HIGH,ALIGNED,0.25,-1.2591,HIGH_KN,False
2026-01-08,KALYANKJIL.NS,UP,TRAIN,RANGE,0.8738,1.0,HIGH,ALIGNED,0.0,-0.9574,HIGH_KN,False
2026-01-08,NATIONALUM.NS,UP,TRAIN,RANGE,0.8714,0.75,HIGH,ALIGNED,0.25,4.3628,HIGH_KN,True
2026-01-08,APOLLOTYRE.NS,UP,TRAIN,RANGE,0.8534,1.0,HIGH,ALIGNED,0.0,-2.9907,HIGH_KN,False
2026-01-08,KPITTECH.NS,UP,TRAIN,RANGE,0.8284,0.625,HIGH,ALIGNED,0.375,0.1779,HIGH_KN,True
2026-01-08,BDL.NS,UP,TRAIN,RANGE,0.808,0.875,HIGH,ALIGNED,0.125,-0.8542,HIGH_KN,False
2026-01-08,SJVN.NS,UP,TRAIN,RANGE,0.801,0.5,MEDIUM,ALIGNED,0.5,-2.4838,HIGH_KN,False
2026-01-08,ZENSARTECH.NS,UP,TRAIN,RANGE,0.7879,0.875,HIGH,ALIGNED,0.125,-1.2597,HIGH_KN,False
2026-01-08,ALKEM.NS,UP,TRAIN,RANGE,0.785,1.0,HIGH,ALIGNED,0.0,0.1036,HIGH_KN,True
2026-01-08,IDEAFORGE.NS,UP,TRAIN,RANGE,0.7847,0.75,HIGH,ALIGNED,0.25,-0.6699,HIGH_KN,False
2026-01-08,YESBANK.NS,UP,TRAIN,RANGE,0.7823,0.75,HIGH,ALIGNED,0.25,0.5282,HIGH_KN,True
2026-01-08,BEL.NS,UP,TRAIN,RANGE,0.7692,1.0,HIGH,ALIGNED,0.0,0.7218,HIGH_KN,True
2026-01-08,BOSCHLTD.NS,UP,TRAIN,RANGE,0.759,0.75,HIGH,ALIGNED,0.25,-1.7201,HIGH_KN,False
2026-01-08,TORNTPOWER.NS,UP,TRAIN,RANGE,0.7522,0.625,HIGH,ALIGNED,0.375,-2.8242,HIGH_KN,False
2026-01-08,VOLTAS.NS,UP,TRAIN,RANGE,0.7398,0.625,HIGH,ALIGNED,0.375,-0.1566,HIGH_KN,False
2026-01-08,DABUR.NS,UP,TRAIN,RANGE,0.7388,0.875,HIGH,ALIGNED,0.125,0.5679,HIGH_KN,True
2026-01-08,BLUESTARCO.NS,UP,TRAIN,RANGE,0.7383,0.75,HIGH,ALIGNED,0.25,-0.9839,HIGH_KN,False
2026-01-08,IDEA.NS,UP,TRAIN,RANGE,0.735,0.75,HIGH,ALIGNED,0.25,-2.087,HIGH_KN,False
2026-01-08,SAPPHIRE.NS,DOWN,TRAIN,RANGE,0.882,0.625,HIGH,ALIGNED,0.375,0.2033,HIGH_KN,False
2026-01-08,RVNL.NS,DOWN,TRAIN,RANGE,0.8609,0.75,HIGH,ALIGNED,0.25,-3.0215,HIGH_KN,True
2026-01-08,M&MFIN.NS,DOWN,TRAIN,RANGE,0.8422,0.625,HIGH,ALIGNED,0.375,-1.8448,HIGH_KN,True
2026-01-08,AJANTPHARM.NS,DOWN,TRAIN,RANGE,0.8418,0.625,HIGH,ALIGNED,0.375,-2.6,HIGH_KN,True
2026-01-08,MOIL.NS,DOWN,TRAIN,RANGE,0.8303,0.875,HIGH,ALIGNED,0.125,-3.4132,HIGH_KN,True
2026-01-08,IRCON.NS,DOWN,TRAIN,RANGE,0.8253,0.625,HIGH,ALIGNED,0.375,-3.5517,HIGH_KN,True
2026-01-08,HFCL.NS,DOWN,TRAIN,RANGE,0.8007,0.625,HIGH,ALIGNED,0.375,-3.0624,HIGH_KN,True
2026-01-08,JINDALSTEL.NS,DOWN,TRAIN,RANGE,0.8007,0.875,HIGH,ALIGNED,0.125,-0.3256,HIGH_KN,True
2026-01-08,MRPL.NS,DOWN,TRAIN,RANGE,0.7947,0.75,HIGH,ALIGNED,0.25,-2.398,HIGH_KN,True
2026-01-08,JINDALPOLY.NS,DOWN,TRAIN,RANGE,0.7932,0.75,HIGH,ALIGNED,0.25,-1.0262,HIGH_KN,True
2026-01-08,SHRIRAMFIN.NS,DOWN,TRAIN,RANGE,0.7904,0.625,HIGH,ALIGNED,0.375,-1.7625,HIGH_KN,True
2026-01-08,ZYDUSWELL.NS,DOWN,TRAIN,RANGE,0.7895,0.75,HIGH,ALIGNED,0.25,-2.1232,HIGH_KN,True
2026-01-08,RATEGAIN.NS,DOWN,TRAIN,RANGE,0.7801,0.75,HIGH,ALIGNED,0.25,-2.6216,HIGH_KN,True
2026-01-08,SAIL.NS,DOWN,TRAIN,RANGE,0.7796,0.75,HIGH,ALIGNED,0.25,-0.5394,HIGH_KN,True
2026-01-08,STLTECH.NS,DOWN,TRAIN,RANGE,0.7762,0.75,HIGH,ALIGNED,0.25,-2.7533,HIGH_KN,True
2026-01-08,RAILTEL.NS,DOWN,TRAIN,RANGE,0.7624,0.625,HIGH,ALIGNED,0.375,-2.7872,HIGH_KN,True
2026-01-08,MAPMYINDIA.NS,DOWN,TRAIN,RANGE,0.7566,0.75,HIGH,ALIGNED,0.25,-2.5099,HIGH_KN,True
2026-01-08,SHYAMMETL.NS,DOWN,TRAIN,RANGE,0.7541,0.75,HIGH,ALIGNED,0.25,-0.081,HIGH_KN,True
2026-01-08,NCC.NS,DOWN,TRAIN,RANGE,0.7524,0.75,HIGH,ALIGNED,0.25,-2.8114,HIGH_KN,True
2026-01-08,MGL.NS,DOWN,TRAIN,RANGE,0.7512,0.75,HIGH,ALIGNED,0.25,-0.1132,HIGH_KN,True
2026-01-09,SOLARINDS.NS,UP,TRAIN,RANGE,0.9031,0.875,HIGH,ALIGNED,0.125,-1.1296,HIGH_KN,False
2026-01-09,NATIONALUM.NS,UP,TRAIN,RANGE,0.8949,0.625,HIGH,ALIGNED,0.375,0.5746,HIGH_KN,True
2026-01-09,GRSE.NS,UP,TRAIN,RANGE,0.8932,0.75,HIGH,ALIGNED,0.25,1.0676,HIGH_KN,True
2026-01-09,SOBHA.NS,UP,TRAIN,RANGE,0.8729,0.875,HIGH,ALIGNED,0.125,-0.5009,HIGH_KN,False
2026-01-09,DATAPATTNS.NS,UP,TRAIN,RANGE,0.8647,0.625,HIGH,ALIGNED,0.375,-1.2676,HIGH_KN,False
2026-01-09,MAZDOCK.NS,UP,TRAIN,RANGE,0.8594,0.875,HIGH,ALIGNED,0.125,0.8278,HIGH_KN,True
2026-01-09,ZENSARTECH.NS,UP,TRAIN,RANGE,0.8558,0.625,HIGH,ALIGNED,0.375,0.4017,HIGH_KN,True
2026-01-09,BDL.NS,UP,TRAIN,RANGE,0.8522,0.875,HIGH,ALIGNED,0.125,0.8221,HIGH_KN,True
2026-01-09,PARAS.NS,UP,TRAIN,RANGE,0.8145,0.5,MEDIUM,ALIGNED,0.5,0.3602,HIGH_KN,True
2026-01-09,COROMANDEL.NS,UP,TRAIN,RANGE,0.7988,0.625,HIGH,ALIGNED,0.375,-0.8317,HIGH_KN,False
2026-01-09,ENDURANCE.NS,UP,TRAIN,RANGE,0.7891,0.875,HIGH,ALIGNED,0.125,-1.865,HIGH_KN,False
2026-01-09,BEL.NS,UP,TRAIN,RANGE,0.7841,1.0,HIGH,ALIGNED,0.0,-0.2269,HIGH_KN,False
2026-01-09,ALKEM.NS,UP,TRAIN,RANGE,0.772,1.0,HIGH,ALIGNED,0.0,1.1726,HIGH_KN,True
2026-01-09,UNIONBANK.NS,UP,TRAIN,RANGE,0.772,0.75,HIGH,ALIGNED,0.25,1.06,HIGH_KN,True
2026-01-09,PERSISTENT.NS,UP,TRAIN,RANGE,0.7669,0.875,HIGH,ALIGNED,0.125,-1.4259,HIGH_KN,False
2026-01-09,IDEAFORGE.NS,UP,TRAIN,RANGE,0.7657,0.75,HIGH,ALIGNED,0.25,0.2002,HIGH_KN,True
2026-01-09,COFORGE.NS,UP,TRAIN,RANGE,0.7522,0.625,HIGH,ALIGNED,0.375,0.9217,HIGH_KN,True
2026-01-09,KALYANKJIL.NS,UP,TRAIN,RANGE,0.7483,0.875,HIGH,ALIGNED,0.125,-1.085,HIGH_KN,False
2026-01-09,KPITTECH.NS,UP,TRAIN,RANGE,0.737,0.625,HIGH,ALIGNED,0.375,-0.8288,HIGH_KN,False
2026-01-09,HAVELLS.NS,UP,TRAIN,RANGE,0.7341,0.75,HIGH,ALIGNED,0.25,-0.9898,HIGH_KN,False
2026-01-09,MOIL.NS,DOWN,TRAIN,RANGE,0.8524,0.75,HIGH,ALIGNED,0.25,0.5494,HIGH_KN,False
2026-01-09,SAPPHIRE.NS,DOWN,TRAIN,RANGE,0.8502,0.625,HIGH,ALIGNED,0.375,0.1127,HIGH_KN,False
2026-01-09,ZYDUSWELL.NS,DOWN,TRAIN,RANGE,0.8357,0.75,HIGH,ALIGNED,0.25,-0.798,HIGH_KN,True
2026-01-09,IRCON.NS,DOWN,TRAIN,RANGE,0.8355,0.75,HIGH,ALIGNED,0.25,0.0122,HIGH_KN,False
2026-01-09,AJANTPHARM.NS,DOWN,TRAIN,RANGE,0.8354,0.625,HIGH,ALIGNED,0.375,-1.2696,HIGH_KN,True
2026-01-09,CRAFTSMAN.NS,DOWN,TRAIN,RANGE,0.8315,0.625,HIGH,ALIGNED,0.375,-1.6468,HIGH_KN,True
2026-01-09,SJVN.NS,DOWN,TRAIN,RANGE,0.8287,0.75,HIGH,ALIGNED,0.25,3.0718,HIGH_KN,False
2026-01-09,M&MFIN.NS,DOWN,TRAIN,RANGE,0.8191,0.75,HIGH,ALIGNED,0.25,1.4491,HIGH_KN,False
2026-01-09,SUZLON.NS,DOWN,TRAIN,RANGE,0.8058,0.75,HIGH,ALIGNED,0.25,0.0,HIGH_KN,False
2026-01-09,HFCL.NS,DOWN,TRAIN,RANGE,0.7886,0.75,HIGH,ALIGNED,0.25,-2.6198,HIGH_KN,True
2026-01-09,RAILTEL.NS,DOWN,TRAIN,RANGE,0.7877,0.75,HIGH,ALIGNED,0.25,0.0,HIGH_KN,False
2026-01-09,ADANIENSOL.NS,DOWN,TRAIN,RANGE,0.7862,0.625,HIGH,ALIGNED,0.375,-1.0098,HIGH_KN,True
2026-01-09,MANAPPURAM.NS,DOWN,TRAIN,RANGE,0.7816,0.875,HIGH,ALIGNED,0.125,2.9211,HIGH_KN,False
2026-01-09,JINDALSTEL.NS,DOWN,TRAIN,RANGE,0.7783,0.625,HIGH,ALIGNED,0.375,1.2966,HIGH_KN,False
2026-01-09,STLTECH.NS,DOWN,TRAIN,RANGE,0.7756,0.75,HIGH,ALIGNED,0.25,-1.3092,HIGH_KN,True
2026-01-09,RATEGAIN.NS,DOWN,TRAIN,RANGE,0.7626,0.75,HIGH,ALIGNED,0.25,-0.6178,HIGH_KN,True
2026-01-09,NCC.NS,DOWN,TRAIN,RANGE,0.7599,0.625,HIGH,ALIGNED,0.375,-0.1345,HIGH_KN,True
2026-01-09,RVNL.NS,DOWN,TRAIN,RANGE,0.7529,0.75,HIGH,ALIGNED,0.25,-0.1656,HIGH_KN,True
2026-01-09,JINDALPOLY.NS,DOWN,TRAIN,RANGE,0.7374,0.5,MEDIUM,ALIGNED,0.5,-1.668,HIGH_KN,True
2026-01-09,OLECTRA.NS,DOWN,TRAIN,RANGE,0.7355,0.75,HIGH,ALIGNED,0.25,-1.721,HIGH_KN,True
2026-01-12,CENTUM.NS,UP,TRAIN,RANGE,0.9891,1.0,HIGH,ALIGNED,0.0,-0.0515,HIGH_KN,False
2026-01-12,BSE.NS,UP,TRAIN,RANGE,0.893,1.0,HIGH,ALIGNED,0.0,1.4835,HIGH_KN,True
2026-01-12,NATIONALUM.NS,UP,TRAIN,RANGE,0.8721,0.5,MEDIUM,ALIGNED,0.5,2.0997,HIGH_KN,True
2026-01-12,IDEA.NS,UP,TRAIN,RANGE,0.8301,0.5,MEDIUM,ALIGNED,0.5,-4.0,HIGH_KN,False
2026-01-12,DIVISLAB.NS,UP,TRAIN,RANGE,0.7981,0.625,HIGH,ALIGNED,0.375,-0.7555,HIGH_KN,False
2026-01-12,MAZDOCK.NS,UP,TRAIN,RANGE,0.7881,0.875,HIGH,ALIGNED,0.125,-1.5786,HIGH_KN,False
2026-01-12,ALKEM.NS,UP,TRAIN,RANGE,0.7857,1.0,HIGH,ALIGNED,0.0,-0.0597,HIGH_KN,False
2026-01-12,COFORGE.NS,UP,TRAIN,RANGE,0.7663,0.5,MEDIUM,ALIGNED,0.5,0.6717,HIGH_KN,True
2026-01-12,HCLTECH.NS,UP,TRAIN,RANGE,0.7597,1.0,HIGH,ALIGNED,0.0,-0.1559,HIGH_KN,False
2026-01-12,HINDZINC.NS,UP,TRAIN,RANGE,0.7575,0.5,MEDIUM,ALIGNED,0.5,0.2547,HIGH_KN,True
2026-01-12,COALINDIA.NS,UP,TRAIN,RANGE,0.7551,0.625,HIGH,ALIGNED,0.375,-0.7865,HIGH_KN,False
2026-01-12,SOLARINDS.NS,UP,TRAIN,RANGE,0.7549,0.5,MEDIUM,ALIGNED,0.5,-2.653,HIGH_KN,False
2026-01-12,GRSE.NS,UP,TRAIN,RANGE,0.7546,0.5,MEDIUM,ALIGNED,0.5,-1.2498,HIGH_KN,False
2026-01-12,ZENSARTECH.NS,UP,TRAIN,RANGE,0.7417,0.75,HIGH,ALIGNED,0.25,0.1615,HIGH_KN,True
2026-01-12,ENDURANCE.NS,UP,TRAIN,RANGE,0.7359,0.375,MEDIUM,CONFLICT,0.625,0.5713,LOW_KN,True
2026-01-12,KPITTECH.NS,UP,TRAIN,RANGE,0.733,0.375,MEDIUM,CONFLICT,0.625,0.0853,LOW_KN,True
2026-01-12,ASIANPAINT.NS,UP,TRAIN,RANGE,0.7296,1.0,HIGH,ALIGNED,0.0,-0.3487,HIGH_KN,False
2026-01-12,ATUL.NS,UP,TRAIN,RANGE,0.7184,0.875,HIGH,ALIGNED,0.125,-0.8642,HIGH_KN,False
2026-01-12,PERSISTENT.NS,UP,TRAIN,RANGE,0.7109,0.5,MEDIUM,ALIGNED,0.5,0.5059,HIGH_KN,True
2026-01-12,OIL.NS,UP,TRAIN,RANGE,0.7056,0.75,HIGH,ALIGNED,0.25,5.2397,HIGH_KN,True
2026-01-12,SJVN.NS,DOWN,TRAIN,RANGE,0.8782,0.5,MEDIUM,ALIGNED,0.5,-1.3784,HIGH_KN,True
2026-01-12,ZYDUSWELL.NS,DOWN,TRAIN,RANGE,0.8682,0.75,HIGH,ALIGNED,0.25,0.0567,HIGH_KN,False
2026-01-12,CRAFTSMAN.NS,DOWN,TRAIN,RANGE,0.8484,0.625,HIGH,ALIGNED,0.375,2.5482,HIGH_KN,False
2026-01-12,MOIL.NS,DOWN,TRAIN,RANGE,0.8223,0.625,HIGH,ALIGNED,0.375,0.4873,HIGH_KN,False
2026-01-12,IRCON.NS,DOWN,TRAIN,RANGE,0.8153,0.625,HIGH,ALIGNED,0.375,-0.9281,HIGH_KN,True
2026-01-12,AJANTPHARM.NS,DOWN,TRAIN,RANGE,0.8112,0.75,HIGH,ALIGNED,0.25,0.0403,HIGH_KN,False
2026-01-12,HFCL.NS,DOWN,TRAIN,RANGE,0.801,0.75,HIGH,ALIGNED,0.25,-0.8071,HIGH_KN,True
2026-01-12,RATEGAIN.NS,DOWN,TRAIN,RANGE,0.782,0.875,HIGH,ALIGNED,0.125,1.5655,HIGH_KN,False
2026-01-12,ADANIENSOL.NS,DOWN,TRAIN,RANGE,0.7811,0.75,HIGH,ALIGNED,0.25,-1.935,HIGH_KN,True
2026-01-12,TEJASNET.NS,DOWN,TRAIN,RANGE,0.7799,0.75,HIGH,ALIGNED,0.25,-0.5561,HIGH_KN,True
2026-01-12,RVNL.NS,DOWN,TRAIN,RANGE,0.7755,0.75,HIGH,ALIGNED,0.25,-0.4372,HIGH_KN,True
2026-01-12,AMBER.NS,DOWN,TRAIN,RANGE,0.7697,0.75,HIGH,ALIGNED,0.25,0.4413,HIGH_KN,False
2026-01-12,SUZLON.NS,DOWN,TRAIN,RANGE,0.7694,0.75,HIGH,ALIGNED,0.25,-1.0366,HIGH_KN,True
2026-01-12,JINDALPOLY.NS,DOWN,TRAIN,RANGE,0.7524,0.625,HIGH,ALIGNED,0.375,-3.6447,HIGH_KN,True
2026-01-12,GODREJPROP.NS,DOWN,TRAIN,RANGE,0.74,0.75,HIGH,ALIGNED,0.25,-2.6932,HIGH_KN,True
2026-01-12,OLECTRA.NS,DOWN,TRAIN,RANGE,0.7391,0.75,HIGH,ALIGNED,0.25,-0.5896,HIGH_KN,True
2026-01-12,JINDALSTEL.NS,DOWN,TRAIN,RANGE,0.7383,0.625,HIGH,ALIGNED,0.375,-1.2312,HIGH_KN,True
2026-01-12,JYOTHYLAB.NS,DOWN,TRAIN,RANGE,0.7381,0.75,HIGH,ALIGNED,0.25,0.1538,HIGH_KN,False
2026-01-12,RAILTEL.NS,DOWN,TRAIN,RANGE,0.7301,0.625,HIGH,ALIGNED,0.375,-0.9897,HIGH_KN,True
2026-01-12,BOSCHLTD.NS,DOWN,TRAIN,RANGE,0.7259,0.625,HIGH,ALIGNED,0.375,0.6506,HIGH_KN,False
2026-01-13,CENTUM.NS,UP,TRAIN,RANGE,0.9671,0.875,HIGH,ALIGNED,0.125,-0.0815,HIGH_KN,False
2026-01-13,ALKYLAMINE.NS,UP,TRAIN,RANGE,0.9451,1.0,HIGH,ALIGNED,0.0,1.9741,HIGH_KN,True
2026-01-13,OIL.NS,UP,TRAIN,RANGE,0.9015,1.0,HIGH,ALIGNED,0.0,2.255,HIGH_KN,True
2026-01-13,NAVINFLUOR.NS,UP,TRAIN,RANGE,0.8968,0.875,HIGH,ALIGNED,0.125,0.7348,HIGH_KN,True
2026-01-13,MANAPPURAM.NS,UP,TRAIN,RANGE,0.878,0.75,HIGH,ALIGNED,0.25,0.3084,HIGH_KN,True
2026-01-13,BSE.NS,UP,TRAIN,RANGE,0.8576,0.875,HIGH,ALIGNED,0.125,0.1695,HIGH_KN,True
2026-01-13,ZENSARTECH.NS,UP,TRAIN,RANGE,0.849,0.625,HIGH,ALIGNED,0.375,-0.5046,HIGH_KN,False
2026-01-13,COFORGE.NS,UP,TRAIN,RANGE,0.8046,0.625,HIGH,ALIGNED,0.375,-1.5745,HIGH_KN,False
2026-01-13,NATIONALUM.NS,UP,TRAIN,RANGE,0.7898,0.5,MEDIUM,ALIGNED,0.5,4.5187,HIGH_KN,True
2026-01-13,HCLTECH.NS,UP,TRAIN,RANGE,0.7724,0.875,HIGH,ALIGNED,0.125,0.2102,HIGH_KN,True
2026-01-13,VEDL.NS,UP,TRAIN,RANGE,0.7712,0.625,HIGH,ALIGNED,0.375,6.0499,HIGH_KN,True
2026-01-13,ALKEM.NS,UP,TRAIN,RANGE,0.7702,0.875,HIGH,ALIGNED,0.125,-0.5628,HIGH_KN,False
2026-01-13,ONGC.NS,UP,TRAIN,RANGE,0.7427,0.875,HIGH,ALIGNED,0.125,1.8254,HIGH_KN,True
2026-01-13,APOLLOTYRE.NS,UP,TRAIN,RANGE,0.7302,0.875,HIGH,ALIGNED,0.125,1.4313,HIGH_KN,True
2026-01-13,KPITTECH.NS,UP,TRAIN,RANGE,0.729,0.5,MEDIUM,ALIGNED,0.5,0.4942,HIGH_KN,True
2026-01-13,MGL.NS,UP,TRAIN,RANGE,0.7278,0.5,MEDIUM,ALIGNED,0.5,-1.4662,HIGH_KN,False
2026-01-13,COROMANDEL.NS,UP,TRAIN,RANGE,0.7215,0.625,HIGH,ALIGNED,0.375,-1.3141,HIGH_KN,False
2026-01-13,ENDURANCE.NS,UP,TRAIN,RANGE,0.719,0.75,HIGH,ALIGNED,0.25,-2.6045,HIGH_KN,False
2026-01-13,TECHM.NS,UP,TRAIN,RANGE,0.7156,1.0,HIGH,ALIGNED,0.0,-1.6287,HIGH_KN,False
2026-01-13,SAIL.NS,UP,TRAIN,RANGE,0.7127,0.625,HIGH,ALIGNED,0.375,3.1673,HIGH_KN,True
2026-01-13,HFCL.NS,DOWN,TRAIN,RANGE,0.8807,0.75,HIGH,ALIGNED,0.25,2.7601,HIGH_KN,False
2026-01-13,MOIL.NS,DOWN,TRAIN,RANGE,0.8659,0.625,HIGH,ALIGNED,0.375,2.601,HIGH_KN,False
2026-01-13,JINDALPOLY.NS,DOWN,TRAIN,RANGE,0.8449,0.75,HIGH,ALIGNED,0.25,-1.5939,HIGH_KN,True
2026-01-13,SJVN.NS,DOWN,TRAIN,RANGE,0.8383,0.625,HIGH,ALIGNED,0.375,-0.894,HIGH_KN,True
2026-01-13,CRAFTSMAN.NS,DOWN,TRAIN,RANGE,0.821,0.5,MEDIUM,ALIGNED,0.5,2.1271,HIGH_KN,False
2026-01-13,SUZLON.NS,DOWN,TRAIN,RANGE,0.82,0.875,HIGH,ALIGNED,0.125,0.6572,HIGH_KN,False
2026-01-13,TEJASNET.NS,DOWN,TRAIN,RANGE,0.8112,0.875,HIGH,ALIGNED,0.125,-1.2517,HIGH_KN,True
2026-01-13,GODREJPROP.NS,DOWN,TRAIN,RANGE,0.8037,0.75,HIGH,ALIGNED,0.25,-0.3939,HIGH_KN,True
2026-01-13,AMBER.NS,DOWN,TRAIN,RANGE,0.8032,0.625,HIGH,ALIGNED,0.375,-0.5207,HIGH_KN,True
2026-01-13,RVNL.NS,DOWN,TRAIN,RANGE,0.7756,0.75,HIGH,ALIGNED,0.25,2.4531,HIGH_KN,False
2026-01-13,JINDALSTEL.NS,DOWN,TRAIN,RANGE,0.762,0.75,HIGH,ALIGNED,0.25,2.9581,HIGH_KN,False
2026-01-13,ADANIENSOL.NS,DOWN,TRAIN,RANGE,0.7556,0.875,HIGH,ALIGNED,0.125,-1.0617,HIGH_KN,True
2026-01-13,DLF.NS,DOWN,TRAIN,RANGE,0.7461,0.875,HIGH,ALIGNED,0.125,-0.2069,HIGH_KN,True
2026-01-13,IRCON.NS,DOWN,TRAIN,RANGE,0.7246,0.75,HIGH,ALIGNED,0.25,1.6764,HIGH_KN,False
2026-01-13,PRESTIGE.NS,DOWN,TRAIN,RANGE,0.718,0.75,HIGH,ALIGNED,0.25,-1.1531,HIGH_KN,True
2026-01-13,TORNTPOWER.NS,DOWN,TRAIN,RANGE,0.7117,0.625,HIGH,ALIGNED,0.375,-0.104,HIGH_KN,True
2026-01-13,RECLTD.NS,DOWN,TRAIN,RANGE,0.7111,0.625,HIGH,ALIGNED,0.375,0.8177,HIGH_KN,False
2026-01-13,ADANIGREEN.NS,DOWN,TRAIN,RANGE,0.711,0.875,HIGH,ALIGNED,0.125,-0.1495,HIGH_KN,True
2026-01-13,AJANTPHARM.NS,DOWN,TRAIN,RANGE,0.6944,0.625,HIGH,ALIGNED,0.375,-0.8863,HIGH_KN,True
2026-01-13,VGUARD.NS,DOWN,TRAIN,RANGE,0.689,0.75,HIGH,ALIGNED,0.25,-3.2583,HIGH_KN,True
2026-01-14,MRPL.NS,UP,TRAIN,RANGE,0.9782,1.0,HIGH,ALIGNED,0.0,0.0,HIGH_KN,False
2026-01-14,ALKYLAMINE.NS,UP,TRAIN,RANGE,0.9326,1.0,HIGH,ALIGNED,0.0,0.0,HIGH_KN,False
2026-01-14,OIL.NS,UP,TRAIN,RANGE,0.9326,0.875,HIGH,ALIGNED,0.125,0.0,HIGH_KN,False
2026-01-14,HINDZINC.NS,UP,TRAIN,RANGE,0.9324,0.875,HIGH,ALIGNED,0.125,0.0,HIGH_KN,False
2026-01-14,CENTUM.NS,UP,TRAIN,RANGE,0.9311,,,,0.5,,LOW_KN,False
2026-01-14,VEDL.NS,UP,TRAIN,RANGE,0.8797,0.75,HIGH,ALIGNED,0.25,0.0,HIGH_KN,False
2026-01-14,UNIONBANK.NS,UP,TRAIN,RANGE,0.8787,0.625,HIGH,ALIGNED,0.375,0.0,HIGH_KN,False
2026-01-14,NAVINFLUOR.NS,UP,TRAIN,RANGE,0.8772,,,,0.5,,LOW_KN,False
2026-01-14,INDUSINDBK.NS,UP,TRAIN,RANGE,0.8762,1.0,HIGH,ALIGNED,0.0,0.0,HIGH_KN,False
2026-01-14,CRAFTSMAN.NS,UP,TRAIN,RANGE,0.852,,,,0.5,,LOW_KN,False
2026-01-14,NATIONALUM.NS,UP,TRAIN,RANGE,0.8441,0.625,HIGH,ALIGNED,0.375,0.0,HIGH_KN,False
2026-01-14,SAIL.NS,UP,TRAIN,RANGE,0.8414,0.875,HIGH,ALIGNED,0.125,0.0,HIGH_KN,False
2026-01-14,ZENSARTECH.NS,UP,TRAIN,RANGE,0.8189,0.625,HIGH,ALIGNED,0.375,0.0,HIGH_KN,False
2026-01-14,ONGC.NS,UP,TRAIN,RANGE,0.8162,1.0,HIGH,ALIGNED,0.0,0.0,HIGH_KN,False
2026-01-14,TATASTEEL.NS,UP,TRAIN,RANGE,0.8096,1.0,HIGH,ALIGNED,0.0,0.0,HIGH_KN,False
2026-01-14,APOLLOTYRE.NS,UP,TRAIN,RANGE,0.7973,0.875,HIGH,ALIGNED,0.125,0.0,HIGH_KN,False
2026-01-14,PNB.NS,UP,TRAIN,RANGE,0.7708,1.0,HIGH,ALIGNED,0.0,0.0,HIGH_KN,False
2026-01-14,SHYAMMETL.NS,UP,TRAIN,RANGE,0.7564,0.875,HIGH,ALIGNED,0.125,0.0,HIGH_KN,False
2026-01-14,BSE.NS,UP,TRAIN,RANGE,0.7544,0.75,HIGH,ALIGNED,0.25,0.0,HIGH_KN,False
2026-01-14,MGL.NS,UP,TRAIN,RANGE,0.7221,0.25,LOW,CONFLICT,0.75,0.0,LOW_KN,False
2026-01-14,TEJASNET.NS,DOWN,TRAIN,RANGE,0.8613,0.75,HIGH,ALIGNED,0.25,0.0,HIGH_KN,False
2026-01-14,HFCL.NS,DOWN,TRAIN,RANGE,0.839,0.625,HIGH,ALIGNED,0.375,0.0,HIGH_KN,False
2026-01-14,SJVN.NS,DOWN,TRAIN,RANGE,0.8269,0.5,MEDIUM,ALIGNED,0.5,0.0,HIGH_KN,False
2026-01-14,INTELLECT.NS,DOWN,TRAIN,RANGE,0.81,0.75,HIGH,ALIGNED,0.25,0.0,HIGH_KN,False
2026-01-14,GODREJPROP.NS,DOWN,TRAIN,RANGE,0.8064,0.875,HIGH,ALIGNED,0.125,0.0,HIGH_KN,False
2026-01-14,MOIL.NS,DOWN,TRAIN,RANGE,0.7987,0.5,MEDIUM,ALIGNED,0.5,0.0,HIGH_KN,False
2026-01-14,KALYANKJIL.NS,DOWN,TRAIN,RANGE,0.7944,0.875,HIGH,ALIGNED,0.125,0.0,HIGH_KN,False
2026-01-14,ADANIENSOL.NS,DOWN,TRAIN,RANGE,0.7672,0.75,HIGH,ALIGNED,0.25,0.0,HIGH_KN,False
2026-01-14,BOSCHLTD.NS,DOWN,TRAIN,RANGE,0.7577,0.625,HIGH,ALIGNED,0.375,0.0,HIGH_KN,False
2026-01-14,AMBER.NS,DOWN,TRAIN,RANGE,0.7564,0.75,HIGH,ALIGNED,0.25,0.0,HIGH_KN,False
2026-01-14,RECLTD.NS,DOWN,TRAIN,RANGE,0.744,0.375,MEDIUM,CONFLICT,0.625,0.0,LOW_KN,False
2026-01-14,ADANIGREEN.NS,DOWN,TRAIN,RANGE,0.7321,0.75,HIGH,ALIGNED,0.25,0.0,HIGH_KN,False
2026-01-14,VGUARD.NS,DOWN,TRAIN,RANGE,0.723,0.625,HIGH,ALIGNED,0.375,0.0,HIGH_KN,False
2026-01-14,MIDHANI.NS,DOWN,TRAIN,RANGE,0.7176,0.5,MEDIUM,ALIGNED,0.5,0.0,HIGH_KN,False
2026-01-14,NATCOPHARM.NS,DOWN,TRAIN,RANGE,0.7172,0.5,MEDIUM,ALIGNED,0.5,0.0,HIGH_KN,False
2026-01-14,DLF.NS,DOWN,TRAIN,RANGE,0.7164,0.875,HIGH,ALIGNED,0.125,0.0,HIGH_KN,False
2026-01-14,SUZLON.NS,DOWN,TRAIN,RANGE,0.7118,0.625,HIGH,ALIGNED,0.375,0.0,HIGH_KN,False
2026-01-14,PRESTIGE.NS,DOWN,TRAIN,RANGE,0.7037,0.875,HIGH,ALIGNED,0.125,0.0,HIGH_KN,False
2026-01-14,JINDALPOLY.NS,DOWN,TRAIN,RANGE,0.7025,0.625,HIGH,ALIGNED,0.375,0.0,HIGH_KN,False
2026-01-14,LT.NS,DOWN,TRAIN,RANGE,0.7005,0.875,HIGH,ALIGNED,0.125,0.0,HIGH_KN,False
2026-01-16,MRPL.NS,UP,TRAIN,RANGE,0.979,0.875,HIGH,ALIGNED,0.125,-5.2955,HIGH_KN,False
2026-01-16,FEDERALBNK.NS,UP,TRAIN,RANGE,0.9073,1.0,HIGH,ALIGNED,0.0,3.4968,HIGH_KN,True
2026-01-16,RBLBANK.NS,UP,TRAIN,RANGE,0.9024,1.0,HIGH,ALIGNED,0.0,-6.7006,HIGH_KN,False
2026-01-16,UNIONBANK.NS,UP,TRAIN,RANGE,0.8844,0.625,HIGH,ALIGNED,0.375,0.7267,HIGH_KN,True
2026-01-16,NAVINFLUOR.NS,UP,TRAIN,RANGE,0.8732,1.0,HIGH,ALIGNED,0.0,-0.7147,HIGH_KN,False
2026-01-16,INDUSINDBK.NS,UP,TRAIN,RANGE,0.8712,0.75,HIGH,ALIGNED,0.25,-0.4246,HIGH_KN,False
2026-01-16,VEDL.NS,UP,TRAIN,RANGE,0.8578,0.75,HIGH,ALIGNED,0.25,-1.1572,HIGH_KN,False
2026-01-16,OIL.NS,UP,TRAIN,RANGE,0.8512,0.875,HIGH,ALIGNED,0.125,-2.8641,HIGH_KN,False
2026-01-16,HFCL.NS,UP,TRAIN,RANGE,0.8502,0.875,HIGH,ALIGNED,0.125,-2.8815,HIGH_KN,False
2026-01-16,MANAPPURAM.NS,UP,TRAIN,RANGE,0.8432,0.875,HIGH,ALIGNED,0.125,0.1433,HIGH_KN,True
2026-01-16,INDIAMART.NS,UP,TRAIN,RANGE,0.8288,1.0,HIGH,ALIGNED,0.0,-4.1328,HIGH_KN,False
2026-01-16,HINDZINC.NS,UP,TRAIN,RANGE,0.8066,0.75,HIGH,ALIGNED,0.25,3.5515,HIGH_KN,True
2026-01-16,BSE.NS,UP,TRAIN,RANGE,0.7839,0.75,HIGH,ALIGNED,0.25,-2.9195,HIGH_KN,False
2026-01-16,CENTUM.NS,UP,TRAIN,RANGE,0.7822,0.625,HIGH,ALIGNED,0.375,-2.3073,HIGH_KN,False
2026-01-16,PNB.NS,UP,TRAIN,RANGE,0.78,0.75,HIGH,ALIGNED,0.25,-3.2563,HIGH_KN,False
2026-01-16,TECHM.NS,UP,TRAIN,RANGE,0.7637,1.0,HIGH,ALIGNED,0.0,2.8614,HIGH_KN,True
2026-01-16,CANBK.NS,UP,TRAIN,RANGE,0.7598,0.875,HIGH,ALIGNED,0.125,-0.1718,HIGH_KN,False
2026-01-16,BPCL.NS,UP,TRAIN,RANGE,0.7576,0.75,HIGH,ALIGNED,0.25,-0.5369,HIGH_KN,False
2026-01-16,OFSS.NS,UP,TRAIN,RANGE,0.7561,1.0,HIGH,ALIGNED,0.0,0.3895,HIGH_KN,True
2026-01-16,JINDALSTEL.NS,UP,TRAIN,RANGE,0.7515,0.875,HIGH,ALIGNED,0.125,1.2178,HIGH_KN,True
2026-01-16,TEJASNET.NS,DOWN,TRAIN,RANGE,0.8517,0.75,HIGH,ALIGNED,0.25,-4.262,HIGH_KN,True
2026-01-16,KALYANKJIL.NS,DOWN,TRAIN,RANGE,0.801,0.875,HIGH,ALIGNED,0.125,-1.8503,HIGH_KN,True
2026-01-16,SOBHA.NS,DOWN,TRAIN,RANGE,0.7971,0.625,HIGH,ALIGNED,0.375,-2.2327,HIGH_KN,True
2026-01-16,SOLARINDS.NS,DOWN,TRAIN,RANGE,0.7833,0.625,HIGH,ALIGNED,0.375,0.7012,HIGH_KN,False
2026-01-16,GODREJPROP.NS,DOWN,TRAIN,RANGE,0.7676,0.625,HIGH,ALIGNED,0.375,-4.828,HIGH_KN,True
2026-01-16,RATNAMANI.NS,DOWN,TRAIN,RANGE,0.7454,0.75,HIGH,ALIGNED,0.25,1.5884,HIGH_KN,False
2026-01-16,ERIS.NS,DOWN,TRAIN,RANGE,0.7432,0.625,HIGH,ALIGNED,0.375,-0.6126,HIGH_KN,True
2026-01-16,RADICO.NS,DOWN,TRAIN,RANGE,0.7407,0.625,HIGH,ALIGNED,0.375,-1.854,HIGH_KN,True
2026-01-16,IDEA.NS,DOWN,TRAIN,RANGE,0.732,0.5,MEDIUM,ALIGNED,0.5,-2.1257,HIGH_KN,True
2026-01-16,JINDALPOLY.NS,DOWN,TRAIN,RANGE,0.731,0.625,HIGH,ALIGNED,0.375,-0.2397,HIGH_KN,True
2026-01-16,NATCOPHARM.NS,DOWN,TRAIN,RANGE,0.7273,0.75,HIGH,ALIGNED,0.25,-1.5883,HIGH_KN,True
2026-01-16,SUDARSCHEM.NS,DOWN,TRAIN,RANGE,0.7241,0.625,HIGH,ALIGNED,0.375,-1.3465,HIGH_KN,True
2026-01-16,CESC.NS,DOWN,TRAIN,RANGE,0.7224,0.875,HIGH,ALIGNED,0.125,-2.2603,HIGH_KN,True
2026-01-16,LTTS.NS,DOWN,TRAIN,RANGE,0.7198,0.75,HIGH,ALIGNED,0.25,-1.2024,HIGH_KN,True
2026-01-16,AJANTPHARM.NS,DOWN,TRAIN,RANGE,0.7093,0.75,HIGH,ALIGNED,0.25,0.1753,HIGH_KN,False
2026-01-16,DIVISLAB.NS,DOWN,TRAIN,RANGE,0.708,0.625,HIGH,ALIGNED,0.375,-1.5394,HIGH_KN,True
2026-01-16,BOSCHLTD.NS,DOWN,TRAIN,RANGE,0.6983,0.625,HIGH,ALIGNED,0.375,-0.8823,HIGH_KN,True
2026-01-16,POLYCAB.NS,DOWN,TRAIN,RANGE,0.6902,0.875,HIGH,ALIGNED,0.125,4.1634,HIGH_KN,False
2026-01-16,CIPLA.NS,DOWN,TRAIN,RANGE,0.6837,0.75,HIGH,ALIGNED,0.25,-0.3721,HIGH_KN,True
2026-01-16,LT.NS,DOWN,TRAIN,RANGE,0.6807,0.875,HIGH,ALIGNED,0.125,0.3475,HIGH_KN,False
2026-01-19,NAVINFLUOR.NS,UP,TRAIN,RANGE,0.9282,0.875,HIGH,ALIGNED,0.125,-2.8466,HIGH_KN,False
2026-01-19,WELCORP.NS,UP,TRAIN,RANGE,0.9204,1.0,HIGH,ALIGNED,0.0,-3.7004,HIGH_KN,False
2026-01-19,FEDERALBNK.NS,UP,TRAIN,RANGE,0.9121,1.0,HIGH,ALIGNED,0.0,-2.306,HIGH_KN,False
2026-01-19,UNIONBANK.NS,UP,TRAIN,RANGE,0.8944,0.625,HIGH,ALIGNED,0.375,-0.9581,HIGH_KN,False
2026-01-19,HINDZINC.NS,UP,TRAIN,RANGE,0.874,1.0,HIGH,ALIGNED,0.0,3.0815,HIGH_KN,True
2026-01-19,MASTEK.NS,UP,TRAIN,RANGE,0.8522,1.0,HIGH,ALIGNED,0.0,0.7201,HIGH_KN,True
2026-01-19,MRPL.NS,UP,TRAIN,RANGE,0.8471,0.375,MEDIUM,CONFLICT,0.625,-2.6806,LOW_KN,False
2026-01-19,TECHM.NS,UP,TRAIN,RANGE,0.8252,0.75,HIGH,ALIGNED,0.25,-2.3162,HIGH_KN,False
2026-01-19,LAURUSLABS.NS,UP,TRAIN,RANGE,0.824,0.625,HIGH,ALIGNED,0.375,-2.5595,HIGH_KN,False
2026-01-19,PNB.NS,UP,TRAIN,RANGE,0.824,0.75,HIGH,ALIGNED,0.25,-1.7806,HIGH_KN,False
2026-01-19,MGL.NS,UP,TRAIN,RANGE,0.8158,0.875,HIGH,ALIGNED,0.125,-0.0455,HIGH_KN,False
2026-01-19,INDUSINDBK.NS,UP,TRAIN,RANGE,0.8041,0.75,HIGH,ALIGNED,0.25,-4.701,HIGH_KN,False
2026-01-19,CENTUM.NS,UP,TRAIN,RANGE,0.7976,0.5,MEDIUM,ALIGNED,0.5,-1.2342,HIGH_KN,False
2026-01-19,VEDL.NS,UP,TRAIN,RANGE,0.7976,0.375,MEDIUM,CONFLICT,0.625,-0.4446,LOW_KN,False
2026-01-19,MANAPPURAM.NS,UP,TRAIN,RANGE,0.7949,0.875,HIGH,ALIGNED,0.125,-4.007,HIGH_KN,False
2026-01-19,HFCL.NS,UP,TRAIN,RANGE,0.7745,0.625,HIGH,ALIGNED,0.375,-4.1477,HIGH_KN,False
2026-01-19,JINDALSTEL.NS,UP,TRAIN,RANGE,0.7738,0.875,HIGH,ALIGNED,0.125,-1.4968,HIGH_KN,False
2026-01-19,OFSS.NS,UP,TRAIN,RANGE,0.7532,1.0,HIGH,ALIGNED,0.0,-2.0712,HIGH_KN,False
2026-01-19,CANBK.NS,UP,TRAIN,RANGE,0.7512,0.75,HIGH,ALIGNED,0.25,-2.0273,HIGH_KN,False
2026-01-19,INDIAMART.NS,UP,TRAIN,RANGE,0.7427,0.75,HIGH,ALIGNED,0.25,-2.397,HIGH_KN,False
2026-01-19,IDEA.NS,DOWN,TRAIN,RANGE,0.8604,0.75,HIGH,ALIGNED,0.25,-4.3437,HIGH_KN,True
2026-01-19,KALYANKJIL.NS,DOWN,TRAIN,RANGE,0.8466,0.75,HIGH,ALIGNED,0.25,-1.6127,HIGH_KN,True
2026-01-19,WIPRO.NS,DOWN,TRAIN,RANGE,0.8405,0.75,HIGH,ALIGNED,0.25,-2.4598,HIGH_KN,True
2026-01-19,SOBHA.NS,DOWN,TRAIN,RANGE,0.8236,0.875,HIGH,ALIGNED,0.125,-8.6124,HIGH_KN,True
2026-01-19,SJVN.NS,DOWN,TRAIN,RANGE,0.7718,0.625,HIGH,ALIGNED,0.375,-3.6366,HIGH_KN,True
2026-01-19,CESC.NS,DOWN,TRAIN,RANGE,0.7689,0.75,HIGH,ALIGNED,0.25,-3.2915,HIGH_KN,True
2026-01-19,GODREJPROP.NS,DOWN,TRAIN,RANGE,0.7291,0.625,HIGH,ALIGNED,0.375,-5.7348,HIGH_KN,True
2026-01-19,LTTS.NS,DOWN,TRAIN,RANGE,0.7233,0.75,HIGH,ALIGNED,0.25,-1.1395,HIGH_KN,True
2026-01-19,JINDALPOLY.NS,DOWN,TRAIN,RANGE,0.7095,0.625,HIGH,ALIGNED,0.375,-3.7941,HIGH_KN,True
2026-01-19,ERIS.NS,DOWN,TRAIN,RANGE,0.7073,0.75,HIGH,ALIGNED,0.25,-4.2659,HIGH_KN,True
2026-01-19,VOLTAS.NS,DOWN,TRAIN,RANGE,0.7019,0.75,HIGH,ALIGNED,0.25,-5.2989,HIGH_KN,True
2026-01-19,SOLARINDS.NS,DOWN,TRAIN,RANGE,0.6995,0.375,MEDIUM,CONFLICT,0.625,-2.5455,LOW_KN,True
2026-01-19,SUDARSCHEM.NS,DOWN,TRAIN,RANGE,0.6973,0.625,HIGH,ALIGNED,0.375,1.9958,HIGH_KN,False
2026-01-19,PETRONET.NS,DOWN,TRAIN,RANGE,0.6937,0.75,HIGH,ALIGNED,0.25,-2.2496,HIGH_KN,True
2026-01-19,CIPLA.NS,DOWN,TRAIN,RANGE,0.6837,0.625,HIGH,ALIGNED,0.375,-0.9983,HIGH_KN,True
2026-01-19,METROBRAND.NS,DOWN,TRAIN,RANGE,0.6784,0.5,MEDIUM,ALIGNED,0.5,-3.6301,HIGH_KN,True
2026-01-19,DIVISLAB.NS,DOWN,TRAIN,RANGE,0.6782,0.625,HIGH,ALIGNED,0.375,-2.0684,HIGH_KN,True
2026-01-19,POLYCAB.NS,DOWN,TRAIN,RANGE,0.674,0.625,HIGH,ALIGNED,0.375,-4.6306,HIGH_KN,True
2026-01-19,RADICO.NS,DOWN,TRAIN,RANGE,0.6723,0.625,HIGH,ALIGNED,0.375,-2.9604,HIGH_KN,True
2026-01-19,BOSCHLTD.NS,DOWN,TRAIN,RANGE,0.6711,0.625,HIGH,ALIGNED,0.375,-2.5609,HIGH_KN,True
2026-01-20,HINDZINC.NS,UP,TRAIN,RANGE,0.9531,0.75,HIGH,ALIGNED,0.25,2.4679,HIGH_KN,True
2026-01-20,WELCORP.NS,UP,TRAIN,RANGE,0.8998,0.75,HIGH,ALIGNED,0.25,-1.0875,HIGH_KN,False
2026-01-20,DEEPAKNTR.NS,UP,TRAIN,RANGE,0.8339,0.875,HIGH,ALIGNED,0.125,-0.7858,HIGH_KN,False
2026-01-20,MASTEK.NS,UP,TRAIN,RANGE,0.832,1.0,HIGH,ALIGNED,0.0,-2.1765,HIGH_KN,False
2026-01-20,FEDERALBNK.NS,UP,TRAIN,RANGE,0.824,0.875,HIGH,ALIGNED,0.125,1.043,HIGH_KN,True
2026-01-20,MGL.NS,UP,TRAIN,RANGE,0.799,0.875,HIGH,ALIGNED,0.125,0.8018,HIGH_KN,True
2026-01-20,RATEGAIN.NS,UP,TRAIN,RANGE,0.7938,0.375,MEDIUM,CONFLICT,0.625,-2.7694,LOW_KN,False
2026-01-20,PNB.NS,UP,TRAIN,RANGE,0.7863,0.75,HIGH,ALIGNED,0.25,-1.4153,HIGH_KN,False
2026-01-20,UNIONBANK.NS,UP,TRAIN,RANGE,0.768,0.625,HIGH,ALIGNED,0.375,-1.8551,HIGH_KN,False
2026-01-20,HFCL.NS,UP,TRAIN,RANGE,0.7649,0.375,MEDIUM,CONFLICT,0.625,-2.0531,LOW_KN,False
2026-01-20,FINPIPE.NS,UP,TRAIN,RANGE,0.7639,0.875,HIGH,ALIGNED,0.125,-0.8877,HIGH_KN,False
2026-01-20,VEDL.NS,UP,TRAIN,RANGE,0.7514,0.625,HIGH,ALIGNED,0.375,0.7219,HIGH_KN,True
2026-01-20,CANBK.NS,UP,TRAIN,RANGE,0.7481,0.875,HIGH,ALIGNED,0.125,-1.9001,HIGH_KN,False
2026-01-20,NAVINFLUOR.NS,UP,TRAIN,RANGE,0.7404,0.5,MEDIUM,ALIGNED,0.5,-2.307,HIGH_KN,False
2026-01-20,JINDALSTEL.NS,UP,TRAIN,RANGE,0.738,0.625,HIGH,ALIGNED,0.375,0.1539,HIGH_KN,True
2026-01-20,MIDHANI.NS,UP,TRAIN,RANGE,0.7183,0.625,HIGH,ALIGNED,0.375,-1.9234,HIGH_KN,False
2026-01-20,INDUSINDBK.NS,UP,TRAIN,RANGE,0.7091,0.5,MEDIUM,ALIGNED,0.5,0.221,HIGH_KN,True
2026-01-20,BPCL.NS,UP,TRAIN,RANGE,0.7087,0.75,HIGH,ALIGNED,0.25,-0.915,HIGH_KN,False
2026-01-20,TECHM.NS,UP,TRAIN,RANGE,0.705,0.875,HIGH,ALIGNED,0.125,0.4885,HIGH_KN,True
2026-01-20,STLTECH.NS,UP,TRAIN,RANGE,0.7048,0.375,MEDIUM,CONFLICT,0.625,1.1359,LOW_KN,True
2026-01-20,SOBHA.NS,DOWN,TRAIN,RANGE,0.8837,0.75,HIGH,ALIGNED,0.25,-0.938,HIGH_KN,True
2026-01-20,WIPRO.NS,DOWN,TRAIN,RANGE,0.832,0.75,HIGH,ALIGNED,0.25,-0.1459,HIGH_KN,True
2026-01-20,KALYANKJIL.NS,DOWN,TRAIN,RANGE,0.831,0.75,HIGH,ALIGNED,0.25,-12.1608,HIGH_KN,True
2026-01-20,SJVN.NS,DOWN,TRAIN,RANGE,0.8022,0.625,HIGH,ALIGNED,0.375,-0.6127,HIGH_KN,True
2026-01-20,ONMOBILE.NS,DOWN,TRAIN,RANGE,0.7863,0.75,HIGH,ALIGNED,0.25,-3.3178,HIGH_KN,True
2026-01-20,CROMPTON.NS,DOWN,TRAIN,RANGE,0.7548,0.75,HIGH,ALIGNED,0.25,-0.5779,HIGH_KN,True
2026-01-20,DATAPATTNS.NS,DOWN,TRAIN,RANGE,0.75,0.75,HIGH,ALIGNED,0.25,-1.5951,HIGH_KN,True
2026-01-20,YESBANK.NS,DOWN,TRAIN,RANGE,0.745,0.875,HIGH,ALIGNED,0.125,-0.1843,HIGH_KN,True
2026-01-20,CESC.NS,DOWN,TRAIN,RANGE,0.7392,0.75,HIGH,ALIGNED,0.25,-1.413,HIGH_KN,True
2026-01-20,ALKYLAMINE.NS,DOWN,TRAIN,RANGE,0.7375,0.75,HIGH,ALIGNED,0.25,3.0129,HIGH_KN,False
2026-01-20,POLYCAB.NS,DOWN,TRAIN,RANGE,0.7365,0.875,HIGH,ALIGNED,0.125,-1.4065,HIGH_KN,True
2026-01-20,VOLTAS.NS,DOWN,TRAIN,RANGE,0.7349,0.625,HIGH,ALIGNED,0.375,-2.5447,HIGH_KN,True
2026-01-20,OIL.NS,DOWN,TRAIN,RANGE,0.7341,0.625,HIGH,ALIGNED,0.375,1.0606,HIGH_KN,False
2026-01-20,SAPPHIRE.NS,DOWN,TRAIN,RANGE,0.7221,0.625,HIGH,ALIGNED,0.375,-1.901,HIGH_KN,True
2026-01-20,BSE.NS,DOWN,TRAIN,RANGE,0.7219,0.75,HIGH,ALIGNED,0.25,-0.9271,HIGH_KN,True
2026-01-20,BOSCHLTD.NS,DOWN,TRAIN,RANGE,0.7216,0.75,HIGH,ALIGNED,0.25,-1.2509,HIGH_KN,True
2026-01-20,LTTS.NS,DOWN,TRAIN,RANGE,0.7192,0.5,MEDIUM,ALIGNED,0.5,1.9028,HIGH_KN,False
2026-01-20,IDEAFORGE.NS,DOWN,TRAIN,RANGE,0.7149,0.625,HIGH,ALIGNED,0.375,-0.4489,HIGH_KN,True
2026-01-20,GODREJPROP.NS,DOWN,TRAIN,RANGE,0.6995,0.625,HIGH,ALIGNED,0.375,-2.9681,HIGH_KN,True
2026-01-20,SUNPHARMA.NS,DOWN,TRAIN,RANGE,0.6969,0.875,HIGH,ALIGNED,0.125,-0.0558,HIGH_KN,True
2026-01-21,HINDZINC.NS,UP,TRAIN,RANGE,0.9053,0.75,HIGH,ALIGNED,0.25,-4.2004,HIGH_KN,False
2026-01-21,INDIAMART.NS,UP,TRAIN,RANGE,0.885,0.875,HIGH,ALIGNED,0.125,-2.3492,HIGH_KN,False
2026-01-21,VGUARD.NS,UP,TRAIN,RANGE,0.8645,0.75,HIGH,ALIGNED,0.25,0.2104,HIGH_KN,True
2026-01-21,NOCIL.NS,UP,TRAIN,RANGE,0.856,0.625,HIGH,ALIGNED,0.375,-3.5872,HIGH_KN,False
2026-01-21,NAUKRI.NS,UP,TRAIN,RANGE,0.8196,0.875,HIGH,ALIGNED,0.125,-1.0053,HIGH_KN,False
2026-01-21,PERSISTENT.NS,UP,TRAIN,RANGE,0.8118,0.375,MEDIUM,CONFLICT,0.625,1.2576,LOW_KN,True
2026-01-21,MPHASIS.NS,UP,TRAIN,RANGE,0.8075,0.5,MEDIUM,ALIGNED,0.5,0.4002,HIGH_KN,True
2026-01-21,WELCORP.NS,UP,TRAIN,RANGE,0.806,0.5,MEDIUM,ALIGNED,0.5,1.1661,HIGH_KN,True
2026-01-21,STLTECH.NS,UP,TRAIN,RANGE,0.7988,0.5,MEDIUM,ALIGNED,0.5,0.7667,HIGH_KN,True
2026-01-21,FEDERALBNK.NS,UP,TRAIN,RANGE,0.7894,0.875,HIGH,ALIGNED,0.125,2.2093,HIGH_KN,True
2026-01-21,OFSS.NS,UP,TRAIN,RANGE,0.7425,0.5,MEDIUM,ALIGNED,0.5,2.9126,HIGH_KN,True
2026-01-21,DABUR.NS,UP,TRAIN,RANGE,0.7401,1.0,HIGH,ALIGNED,0.0,1.7726,HIGH_KN,True
2026-01-21,ICICIGI.NS,UP,TRAIN,RANGE,0.7353,0.375,MEDIUM,CONFLICT,0.625,-0.5396,LOW_KN,False
2026-01-21,RADICO.NS,UP,TRAIN,RANGE,0.7338,0.5,MEDIUM,ALIGNED,0.5,5.4512,HIGH_KN,True
2026-01-21,SUDARSCHEM.NS,UP,TRAIN,RANGE,0.7319,0.625,HIGH,ALIGNED,0.375,0.5211,HIGH_KN,True
2026-01-21,POLICYBZR.NS,UP,TRAIN,RANGE,0.729,0.625,HIGH,ALIGNED,0.375,3.0594,HIGH_KN,True
2026-01-21,ADANIENSOL.NS,UP,TRAIN,RANGE,0.7251,0.5,MEDIUM,ALIGNED,0.5,2.8355,HIGH_KN,True
2026-01-21,AJANTPHARM.NS,UP,TRAIN,RANGE,0.7196,0.625,HIGH,ALIGNED,0.375,0.1659,HIGH_KN,True
2026-01-21,MASTEK.NS,UP,TRAIN,RANGE,0.7179,0.75,HIGH,ALIGNED,0.25,-2.9604,HIGH_KN,False
2026-01-21,INTELLECT.NS,UP,TRAIN,RANGE,0.714,0.25,LOW,CONFLICT,0.75,3.2188,LOW_KN,True
2026-01-21,KALYANKJIL.NS,DOWN,TRAIN,RANGE,0.8831,0.75,HIGH,ALIGNED,0.25,-5.8,HIGH_KN,True
2026-01-21,SOBHA.NS,DOWN,TRAIN,RANGE,0.8758,0.875,HIGH,ALIGNED,0.125,-0.5992,HIGH_KN,True
2026-01-21,ONMOBILE.NS,DOWN,TRAIN,RANGE,0.8471,0.75,HIGH,ALIGNED,0.25,2.0068,HIGH_KN,False
2026-01-21,SJVN.NS,DOWN,TRAIN,RANGE,0.8147,0.75,HIGH,ALIGNED,0.25,1.6113,HIGH_KN,False
2026-01-21,SRF.NS,DOWN,TRAIN,RANGE,0.7961,0.75,HIGH,ALIGNED,0.25,2.204,HIGH_KN,False
2026-01-21,LAURUSLABS.NS,DOWN,TRAIN,RANGE,0.7918,0.75,HIGH,ALIGNED,0.25,1.8119,HIGH_KN,False
2026-01-21,HAVELLS.NS,DOWN,TRAIN,RANGE,0.7737,0.75,HIGH,ALIGNED,0.25,-0.3191,HIGH_KN,True
2026-01-21,DATAPATTNS.NS,DOWN,TRAIN,RANGE,0.7691,0.75,HIGH,ALIGNED,0.25,3.5535,HIGH_KN,False
2026-01-21,WIPRO.NS,DOWN,TRAIN,RANGE,0.7662,0.75,HIGH,ALIGNED,0.25,0.4592,HIGH_KN,False
2026-01-21,UNIONBANK.NS,DOWN,TRAIN,RANGE,0.7576,0.75,HIGH,ALIGNED,0.25,1.3394,HIGH_KN,False
2026-01-21,BSE.NS,DOWN,TRAIN,RANGE,0.7531,0.75,HIGH,ALIGNED,0.25,3.0356,HIGH_KN,False
2026-01-21,KEI.NS,DOWN,TRAIN,RANGE,0.7481,0.75,HIGH,ALIGNED,0.25,-2.3075,HIGH_KN,True
2026-01-21,OIL.NS,DOWN,TRAIN,RANGE,0.7461,0.625,HIGH,ALIGNED,0.375,0.6689,HIGH_KN,False
2026-01-21,CROMPTON.NS,DOWN,TRAIN,RANGE,0.7394,0.875,HIGH,ALIGNED,0.125,-1.1195,HIGH_KN,True
2026-01-21,GODREJPROP.NS,DOWN,TRAIN,RANGE,0.7278,0.625,HIGH,ALIGNED,0.375,-1.4595,HIGH_KN,True
2026-01-21,GRANULES.NS,DOWN,TRAIN,RANGE,0.7271,0.625,HIGH,ALIGNED,0.375,6.2785,HIGH_KN,False
2026-01-21,VOLTAS.NS,DOWN,TRAIN,RANGE,0.7256,0.75,HIGH,ALIGNED,0.25,0.2247,HIGH_KN,False
2026-01-21,YESBANK.NS,DOWN,TRAIN,RANGE,0.7246,0.75,HIGH,ALIGNED,0.25,-0.1385,HIGH_KN,True
2026-01-21,MRPL.NS,DOWN,TRAIN,RANGE,0.7111,0.5,MEDIUM,ALIGNED,0.5,1.3998,HIGH_KN,False
2026-01-21,SAPPHIRE.NS,DOWN,TRAIN,RANGE,0.7053,0.625,HIGH,ALIGNED,0.375,-3.7019,HIGH_KN,True
2026-01-22,RADICO.NS,UP,TRAIN,RANGE,0.956,0.875,HIGH,ALIGNED,0.125,-0.8303,HIGH_KN,False
2026-01-22,FEDERALBNK.NS,UP,TRAIN,RANGE,0.8841,1.0,HIGH,ALIGNED,0.0,-1.2934,HIGH_KN,False
2026-01-22,OFSS.NS,UP,TRAIN,RANGE,0.8531,0.875,HIGH,ALIGNED,0.125,0.7471,HIGH_KN,True
2026-01-22,WELCORP.NS,UP,TRAIN,RANGE,0.8423,0.625,HIGH,ALIGNED,0.375,-3.7544,HIGH_KN,False
2026-01-22,POLICYBZR.NS,UP,TRAIN,RANGE,0.8295,0.75,HIGH,ALIGNED,0.25,-2.3737,HIGH_KN,False
2026-01-22,TECHM.NS,UP,TRAIN,RANGE,0.8024,0.75,HIGH,ALIGNED,0.25,0.8119,HIGH_KN,True
2026-01-22,NAUKRI.NS,UP,TRAIN,RANGE,0.7959,0.75,HIGH,ALIGNED,0.25,-1.4096,HIGH_KN,False
2026-01-22,HINDZINC.NS,UP,TRAIN,RANGE,0.7901,0.75,HIGH,ALIGNED,0.25,4.5567,HIGH_KN,True
2026-01-22,INDIAMART.NS,UP,TRAIN,RANGE,0.7877,0.625,HIGH,ALIGNED,0.375,-0.7868,HIGH_KN,False
2026-01-22,MASTEK.NS,UP,TRAIN,RANGE,0.7783,0.5,MEDIUM,ALIGNED,0.5,-4.9029,HIGH_KN,False
2026-01-22,DRREDDY.NS,UP,TRAIN,RANGE,0.7604,0.875,HIGH,ALIGNED,0.125,1.4867,HIGH_KN,True
2026-01-22,INTELLECT.NS,UP,TRAIN,RANGE,0.7556,0.625,HIGH,ALIGNED,0.375,-3.519,HIGH_KN,False
2026-01-22,JINDALSTEL.NS,UP,TRAIN,RANGE,0.749,1.0,HIGH,ALIGNED,0.0,-1.1524,HIGH_KN,False
2026-01-22,JINDALPOLY.NS,UP,TRAIN,RANGE,0.7476,0.625,HIGH,ALIGNED,0.375,-3.9037,HIGH_KN,False
2026-01-22,PERSISTENT.NS,UP,TRAIN,RANGE,0.7452,0.625,HIGH,ALIGNED,0.375,-2.6185,HIGH_KN,False
2026-01-22,IDFCFIRSTB.NS,UP,TRAIN,RANGE,0.7442,1.0,HIGH,ALIGNED,0.0,-1.4371,HIGH_KN,False
2026-01-22,DABUR.NS,UP,TRAIN,RANGE,0.7362,1.0,HIGH,ALIGNED,0.0,-1.2087,HIGH_KN,False
2026-01-22,ASHOKLEY.NS,UP,TRAIN,RANGE,0.7341,1.0,HIGH,ALIGNED,0.0,1.419,HIGH_KN,True
2026-01-22,ADANIENSOL.NS,UP,TRAIN,RANGE,0.7331,0.625,HIGH,ALIGNED,0.375,-12.1215,HIGH_KN,False
2026-01-22,COLPAL.NS,UP,TRAIN,RANGE,0.7222,1.0,HIGH,ALIGNED,0.0,-0.6102,HIGH_KN,False
2026-01-22,KALYANKJIL.NS,DOWN,TRAIN,RANGE,0.8901,0.75,HIGH,ALIGNED,0.25,-1.6999,HIGH_KN,True
2026-01-22,SOBHA.NS,DOWN,TRAIN,RANGE,0.8826,0.75,HIGH,ALIGNED,0.25,2.8355,HIGH_KN,False
2026-01-22,ONMOBILE.NS,DOWN,TRAIN,RANGE,0.8355,0.625,HIGH,ALIGNED,0.375,-3.856,HIGH_KN,True
2026-01-22,LAURUSLABS.NS,DOWN,TRAIN,RANGE,0.7961,0.75,HIGH,ALIGNED,0.25,1.0539,HIGH_KN,False
2026-01-22,GODREJPROP.NS,DOWN,TRAIN,RANGE,0.7942,0.75,HIGH,ALIGNED,0.25,-4.8877,HIGH_KN,True
2026-01-22,KEI.NS,DOWN,TRAIN,RANGE,0.7918,0.75,HIGH,ALIGNED,0.25,-1.0706,HIGH_KN,True
2026-01-22,DATAPATTNS.NS,DOWN,TRAIN,RANGE,0.7865,0.75,HIGH,ALIGNED,0.25,-4.8356,HIGH_KN,True
2026-01-22,OIL.NS,DOWN,TRAIN,RANGE,0.785,0.625,HIGH,ALIGNED,0.375,-0.1718,HIGH_KN,True
2026-01-22,SRF.NS,DOWN,TRAIN,RANGE,0.7843,0.75,HIGH,ALIGNED,0.25,-0.8114,HIGH_KN,True
2026-01-22,RBLBANK.NS,DOWN,TRAIN,RANGE,0.78,0.75,HIGH,ALIGNED,0.25,-2.5658,HIGH_KN,True
2026-01-22,WIPRO.NS,DOWN,TRAIN,RANGE,0.7787,0.75,HIGH,ALIGNED,0.25,-0.935,HIGH_KN,True
2026-01-22,HAVELLS.NS,DOWN,TRAIN,RANGE,0.778,0.75,HIGH,ALIGNED,0.25,-1.8905,HIGH_KN,True
2026-01-22,TATACOMM.NS,DOWN,TRAIN,RANGE,0.7604,0.75,HIGH,ALIGNED,0.25,0.7946,HIGH_KN,False
2026-01-22,NATCOPHARM.NS,DOWN,TRAIN,RANGE,0.7594,0.75,HIGH,ALIGNED,0.25,-0.3354,HIGH_KN,True
2026-01-22,UNIONBANK.NS,DOWN,TRAIN,RANGE,0.7538,0.625,HIGH,ALIGNED,0.375,-1.15,HIGH_KN,True
2026-01-22,YESBANK.NS,DOWN,TRAIN,RANGE,0.7478,0.75,HIGH,ALIGNED,0.25,-3.2825,HIGH_KN,True
2026-01-22,BSE.NS,DOWN,TRAIN,RANGE,0.7436,0.625,HIGH,ALIGNED,0.375,-0.8565,HIGH_KN,True
2026-01-22,PNBHOUSING.NS,DOWN,TRAIN,RANGE,0.7309,0.75,HIGH,ALIGNED,0.25,-5.5623,HIGH_KN,True
2026-01-22,CROMPTON.NS,DOWN,TRAIN,RANGE,0.7275,0.75,HIGH,ALIGNED,0.25,-1.8942,HIGH_KN,True
2026-01-22,SAPPHIRE.NS,DOWN,TRAIN,RANGE,0.7167,0.625,HIGH,ALIGNED,0.375,-4.5924,HIGH_KN,True
2026-01-23,HINDZINC.NS,UP,TRAIN,RANGE,0.9558,1.0,HIGH,ALIGNED,0.0,4.079,HIGH_KN,True
2026-01-23,RADICO.NS,UP,TRAIN,RANGE,0.9553,0.875,HIGH,ALIGNED,0.125,-1.2829,HIGH_KN,False
2026-01-23,POLICYBZR.NS,UP,TRAIN,RANGE,0.8597,0.625,HIGH,ALIGNED,0.375,-2.6346,HIGH_KN,False
2026-01-23,ASHOKLEY.NS,UP,TRAIN,RANGE,0.8573,1.0,HIGH,ALIGNED,0.0,0.0104,HIGH_KN,True
2026-01-23,NATIONALUM.NS,UP,TRAIN,RANGE,0.84,0.75,HIGH,ALIGNED,0.25,3.7637,HIGH_KN,True
2026-01-23,SUDARSCHEM.NS,UP,TRAIN,RANGE,0.8049,0.5,MEDIUM,ALIGNED,0.5,-0.8655,HIGH_KN,False
2026-01-23,JINDALSTEL.NS,UP,TRAIN,RANGE,0.7934,0.875,HIGH,ALIGNED,0.125,1.6077,HIGH_KN,True
2026-01-23,SAIL.NS,UP,TRAIN,RANGE,0.7893,0.625,HIGH,ALIGNED,0.375,4.3817,HIGH_KN,True
2026-01-23,DRREDDY.NS,UP,TRAIN,RANGE,0.7867,1.0,HIGH,ALIGNED,0.0,0.3399,HIGH_KN,True
2026-01-23,FEDERALBNK.NS,UP,TRAIN,RANGE,0.7466,0.75,HIGH,ALIGNED,0.25,2.2976,HIGH_KN,True
2026-01-23,M&MFIN.NS,UP,TRAIN,RANGE,0.7408,0.625,HIGH,ALIGNED,0.375,0.9566,HIGH_KN,True
2026-01-23,SHRIRAMFIN.NS,UP,TRAIN,RANGE,0.718,0.75,HIGH,ALIGNED,0.25,-0.2491,HIGH_KN,False
2026-01-23,MRPL.NS,UP,TRAIN,RANGE,0.7058,0.75,HIGH,ALIGNED,0.25,0.6113,HIGH_KN,True
2026-01-23,ZENSARTECH.NS,UP,TRAIN,RANGE,0.6971,0.375,MEDIUM,CONFLICT,0.625,-4.2214,LOW_KN,False
2026-01-23,GLAXO.NS,UP,TRAIN,RANGE,0.6925,0.25,LOW,CONFLICT,0.75,1.1844,LOW_KN,True
2026-01-23,DABUR.NS,UP,TRAIN,RANGE,0.6871,0.875,HIGH,ALIGNED,0.125,-1.079,HIGH_KN,False
2026-01-23,IDFCFIRSTB.NS,UP,TRAIN,RANGE,0.6862,0.625,HIGH,ALIGNED,0.375,0.6145,HIGH_KN,True
2026-01-23,HINDUNILVR.NS,UP,TRAIN,RANGE,0.6857,0.875,HIGH,ALIGNED,0.125,-0.3569,HIGH_KN,False
2026-01-23,SOLARINDS.NS,UP,TRAIN,RANGE,0.676,0.5,MEDIUM,ALIGNED,0.5,0.8532,HIGH_KN,True
2026-01-23,WELCORP.NS,UP,TRAIN,RANGE,0.6752,0.25,LOW,CONFLICT,0.75,-1.1976,LOW_KN,False
2026-01-23,KALYANKJIL.NS,DOWN,TRAIN,RANGE,0.8777,0.625,HIGH,ALIGNED,0.375,0.463,HIGH_KN,False
2026-01-23,ADANIGREEN.NS,DOWN,TRAIN,RANGE,0.8726,0.75,HIGH,ALIGNED,0.25,3.4032,HIGH_KN,False
2026-01-23,GODREJPROP.NS,DOWN,TRAIN,RANGE,0.8595,0.75,HIGH,ALIGNED,0.25,-1.5118,HIGH_KN,True
2026-01-23,RBLBANK.NS,DOWN,TRAIN,RANGE,0.8532,0.625,HIGH,ALIGNED,0.375,2.3389,HIGH_KN,False
2026-01-23,ONMOBILE.NS,DOWN,TRAIN,RANGE,0.8461,0.75,HIGH,ALIGNED,0.25,-2.8238,HIGH_KN,True
2026-01-23,KEI.NS,DOWN,TRAIN,RANGE,0.8199,0.75,HIGH,ALIGNED,0.25,-0.0525,HIGH_KN,True
2026-01-23,SOBHA.NS,DOWN,TRAIN,RANGE,0.8092,0.5,MEDIUM,ALIGNED,0.5,-0.8757,HIGH_KN,True
2026-01-23,WIPRO.NS,DOWN,TRAIN,RANGE,0.7981,0.75,HIGH,ALIGNED,0.25,-1.5101,HIGH_KN,True
2026-01-23,PNBHOUSING.NS,DOWN,TRAIN,RANGE,0.7959,0.75,HIGH,ALIGNED,0.25,1.6002,HIGH_KN,False
2026-01-23,TEJASNET.NS,DOWN,TRAIN,RANGE,0.7837,0.625,HIGH,ALIGNED,0.375,-2.5983,HIGH_KN,True
2026-01-23,SRF.NS,DOWN,TRAIN,RANGE,0.783,0.625,HIGH,ALIGNED,0.375,-1.1608,HIGH_KN,True
2026-01-23,DATAPATTNS.NS,DOWN,TRAIN,RANGE,0.7799,0.75,HIGH,ALIGNED,0.25,5.2646,HIGH_KN,False
2026-01-23,MANAPPURAM.NS,DOWN,TRAIN,RANGE,0.7796,0.75,HIGH,ALIGNED,0.25,0.1187,HIGH_KN,False
2026-01-23,YESBANK.NS,DOWN,TRAIN,RANGE,0.7735,0.625,HIGH,ALIGNED,0.375,0.478,HIGH_KN,False
2026-01-23,HAVELLS.NS,DOWN,TRAIN,RANGE,0.7672,0.625,HIGH,ALIGNED,0.375,0.1476,HIGH_KN,False
2026-01-23,TATACOMM.NS,DOWN,TRAIN,RANGE,0.7672,0.75,HIGH,ALIGNED,0.25,-0.2564,HIGH_KN,True
2026-01-23,ADANIENSOL.NS,DOWN,TRAIN,RANGE,0.7282,0.75,HIGH,ALIGNED,0.25,4.4789,HIGH_KN,False
2026-01-23,ADANIPORTS.NS,DOWN,TRAIN,RANGE,0.725,0.75,HIGH,ALIGNED,0.25,4.2418,HIGH_KN,False
2026-01-23,DLF.NS,DOWN,TRAIN,RANGE,0.7223,0.75,HIGH,ALIGNED,0.25,3.5857,HIGH_KN,False
2026-01-23,IDEAFORGE.NS,DOWN,TRAIN,RANGE,0.7112,0.75,HIGH,ALIGNED,0.25,1.5699,HIGH_KN,False
2026-01-27,HINDZINC.NS,UP,TRAIN,RANGE,0.9125,0.875,HIGH,ALIGNED,0.125,-2.6128,HIGH_KN,False
2026-01-27,RADICO.NS,UP,TRAIN,RANGE,0.9026,0.75,HIGH,ALIGNED,0.25,-6.0602,HIGH_KN,False
2026-01-27,GRANULES.NS,UP,TRAIN,RANGE,0.887,0.875,HIGH,ALIGNED,0.125,-2.4521,HIGH_KN,False
2026-01-27,METROBRAND.NS,UP,TRAIN,RANGE,0.8851,0.75,HIGH,ALIGNED,0.25,-3.3613,HIGH_KN,False
2026-01-27,SAIL.NS,UP,TRAIN,RANGE,0.8613,1.0,HIGH,ALIGNED,0.0,0.1157,HIGH_KN,True
2026-01-27,GRSE.NS,UP,TRAIN,RANGE,0.8478,0.875,HIGH,ALIGNED,0.125,5.4909,HIGH_KN,True
2026-01-27,MRPL.NS,UP,TRAIN,RANGE,0.8137,0.875,HIGH,ALIGNED,0.125,4.8737,HIGH_KN,True
2026-01-27,COCHINSHIP.NS,UP,TRAIN,RANGE,0.7897,0.875,HIGH,ALIGNED,0.125,6.5524,HIGH_KN,True
2026-01-27,SUDARSCHEM.NS,UP,TRAIN,RANGE,0.7743,0.375,MEDIUM,CONFLICT,0.625,0.913,LOW_KN,True
2026-01-27,BSE.NS,UP,TRAIN,RANGE,0.7697,0.875,HIGH,ALIGNED,0.125,2.1838,HIGH_KN,True
2026-01-27,ASHOKLEY.NS,UP,TRAIN,RANGE,0.7567,0.875,HIGH,ALIGNED,0.125,1.2073,HIGH_KN,True
2026-01-27,MOIL.NS,UP,TRAIN,RANGE,0.7512,0.625,HIGH,ALIGNED,0.375,4.751,HIGH_KN,True
2026-01-27,JSWSTEEL.NS,UP,TRAIN,RANGE,0.7445,0.875,HIGH,ALIGNED,0.125,-0.27,HIGH_KN,False
2026-01-27,OIL.NS,UP,TRAIN,RANGE,0.7291,0.875,HIGH,ALIGNED,0.125,9.3524,HIGH_KN,True
2026-01-27,NATIONALUM.NS,UP,TRAIN,RANGE,0.7178,0.5,MEDIUM,ALIGNED,0.5,5.6032,HIGH_KN,True
2026-01-27,PARAS.NS,UP,TRAIN,RANGE,0.7142,0.75,HIGH,ALIGNED,0.25,6.204,HIGH_KN,True
2026-01-27,DRREDDY.NS,UP,TRAIN,RANGE,0.7063,0.875,HIGH,ALIGNED,0.125,-1.3954,HIGH_KN,False
2026-01-27,JINDALSTEL.NS,UP,TRAIN,RANGE,0.7031,0.75,HIGH,ALIGNED,0.25,3.581,HIGH_KN,True
2026-01-27,HINDALCO.NS,UP,TRAIN,RANGE,0.7012,1.0,HIGH,ALIGNED,0.0,3.7792,HIGH_KN,True
2026-01-27,CRAFTSMAN.NS,UP,TRAIN,RANGE,0.699,0.625,HIGH,ALIGNED,0.375,2.7673,HIGH_KN,True
2026-01-27,KALYANKJIL.NS,DOWN,TRAIN,RANGE,0.88,0.75,HIGH,ALIGNED,0.25,-0.2575,HIGH_KN,True
2026-01-27,TEJASNET.NS,DOWN,TRAIN,RANGE,0.8661,0.625,HIGH,ALIGNED,0.375,14.4859,HIGH_KN,False
2026-01-27,ADANIGREEN.NS,DOWN,TRAIN,RANGE,0.8587,0.75,HIGH,ALIGNED,0.25,2.9784,HIGH_KN,False
2026-01-27,GODREJPROP.NS,DOWN,TRAIN,RANGE,0.8536,0.75,HIGH,ALIGNED,0.25,2.1345,HIGH_KN,False
2026-01-27,ONMOBILE.NS,DOWN,TRAIN,RANGE,0.838,0.75,HIGH,ALIGNED,0.25,3.3902,HIGH_KN,False
2026-01-27,MASTEK.NS,DOWN,TRAIN,RANGE,0.8252,0.625,HIGH,ALIGNED,0.375,1.8327,HIGH_KN,False
2026-01-27,KEI.NS,DOWN,TRAIN,RANGE,0.8221,0.875,HIGH,ALIGNED,0.125,1.9421,HIGH_KN,False
2026-01-27,TATACOMM.NS,DOWN,TRAIN,RANGE,0.8089,0.75,HIGH,ALIGNED,0.25,-1.7221,HIGH_KN,True
2026-01-27,PNBHOUSING.NS,DOWN,TRAIN,RANGE,0.8079,0.625,HIGH,ALIGNED,0.375,2.4412,HIGH_KN,False
2026-01-27,MANAPPURAM.NS,DOWN,TRAIN,RANGE,0.7978,0.75,HIGH,ALIGNED,0.25,-1.1522,HIGH_KN,True
2026-01-27,LAURUSLABS.NS,DOWN,TRAIN,RANGE,0.7728,0.75,HIGH,ALIGNED,0.25,-0.12,HIGH_KN,True
2026-01-27,ENDURANCE.NS,DOWN,TRAIN,RANGE,0.7651,0.75,HIGH,ALIGNED,0.25,2.6006,HIGH_KN,False
2026-01-27,PRESTIGE.NS,DOWN,TRAIN,RANGE,0.7471,0.875,HIGH,ALIGNED,0.125,2.1552,HIGH_KN,False
2026-01-27,HAVELLS.NS,DOWN,TRAIN,RANGE,0.7459,0.75,HIGH,ALIGNED,0.25,-0.1629,HIGH_KN,True
2026-01-27,SOBHA.NS,DOWN,TRAIN,RANGE,0.7452,0.625,HIGH,ALIGNED,0.375,3.3876,HIGH_KN,False
2026-01-27,JSWENERGY.NS,DOWN,TRAIN,RANGE,0.7293,0.75,HIGH,ALIGNED,0.25,1.4089,HIGH_KN,False
2026-01-27,WELCORP.NS,DOWN,TRAIN,RANGE,0.7216,0.625,HIGH,ALIGNED,0.375,3.6365,HIGH_KN,False
2026-01-27,POLYCAB.NS,DOWN,TRAIN,RANGE,0.7207,0.625,HIGH,ALIGNED,0.375,2.3943,HIGH_KN,False
2026-01-27,BIKAJI.NS,DOWN,TRAIN,RANGE,0.7156,0.75,HIGH,ALIGNED,0.25,2.2085,HIGH_KN,False
2026-01-27,ZENSARTECH.NS,DOWN,TRAIN,RANGE,0.7089,0.75,HIGH,ALIGNED,0.25,1.9556,HIGH_KN,False
2026-01-28,DATAPATTNS.NS,UP,TRAIN,RANGE,0.9846,1.0,HIGH,ALIGNED,0.0,-1.8425,HIGH_KN,False
2026-01-28,MRPL.NS,UP,TRAIN,RANGE,0.9778,1.0,HIGH,ALIGNED,0.0,7.91,HIGH_KN,True
2026-01-28,STLTECH.NS,UP,TRAIN,RANGE,0.9702,1.0,HIGH,ALIGNED,0.0,-3.4403,HIGH_KN,False
2026-01-28,GRSE.NS,UP,TRAIN,RANGE,0.9317,1.0,HIGH,ALIGNED,0.0,2.6323,HIGH_KN,True
2026-01-28,OIL.NS,UP,TRAIN,RANGE,0.9215,0.75,HIGH,ALIGNED,0.25,4.9439,HIGH_KN,True
2026-01-28,PARAS.NS,UP,TRAIN,RANGE,0.9073,1.0,HIGH,ALIGNED,0.0,2.0858,HIGH_KN,True
2026-01-28,COCHINSHIP.NS,UP,TRAIN,RANGE,0.9024,1.0,HIGH,ALIGNED,0.0,-0.7825,HIGH_KN,False
2026-01-28,TEJASNET.NS,UP,TRAIN,RANGE,0.8944,0.75,HIGH,ALIGNED,0.25,-3.908,HIGH_KN,False
2026-01-28,OLECTRA.NS,UP,TRAIN,RANGE,0.8851,0.875,HIGH,ALIGNED,0.125,-2.444,HIGH_KN,False
2026-01-28,SOLARINDS.NS,UP,TRAIN,RANGE,0.8805,1.0,HIGH,ALIGNED,0.0,-4.2325,HIGH_KN,False
2026-01-28,BEML.NS,UP,TRAIN,RANGE,0.8671,1.0,HIGH,ALIGNED,0.0,-2.2154,HIGH_KN,False
2026-01-28,MOIL.NS,UP,TRAIN,RANGE,0.8612,1.0,HIGH,ALIGNED,0.0,3.5109,HIGH_KN,True
2026-01-28,ATUL.NS,UP,TRAIN,RANGE,0.8483,1.0,HIGH,ALIGNED,0.0,0.6261,HIGH_KN,True
2026-01-28,MAZDOCK.NS,UP,TRAIN,RANGE,0.8422,1.0,HIGH,ALIGNED,0.0,0.463,HIGH_KN,True
2026-01-28,NATIONALUM.NS,UP,TRAIN,RANGE,0.8332,0.625,HIGH,ALIGNED,0.375,5.5891,HIGH_KN,True
2026-01-28,RVNL.NS,UP,TRAIN,RANGE,0.83,0.875,HIGH,ALIGNED,0.125,-0.3066,HIGH_KN,False
2026-01-28,CRAFTSMAN.NS,UP,TRAIN,RANGE,0.8205,1.0,HIGH,ALIGNED,0.0,-5.9512,HIGH_KN,False
2026-01-28,BEL.NS,UP,TRAIN,RANGE,0.819,0.75,HIGH,ALIGNED,0.25,-1.8764,HIGH_KN,False
2026-01-28,BDL.NS,UP,TRAIN,RANGE,0.8154,1.0,HIGH,ALIGNED,0.0,-2.5032,HIGH_KN,False
2026-01-28,IRCON.NS,UP,TRAIN,RANGE,0.8066,0.875,HIGH,ALIGNED,0.125,-1.0566,HIGH_KN,False
2026-01-28,TATACOMM.NS,DOWN,TRAIN,RANGE,0.8588,0.75,HIGH,ALIGNED,0.25,-0.0523,HIGH_KN,True
2026-01-28,KALYANKJIL.NS,DOWN,TRAIN,RANGE,0.839,0.75,HIGH,ALIGNED,0.25,0.1223,HIGH_KN,False
2026-01-28,ADANIGREEN.NS,DOWN,TRAIN,RANGE,0.8388,0.75,HIGH,ALIGNED,0.25,4.3626,HIGH_KN,False
2026-01-28,BIKAJI.NS,DOWN,TRAIN,RANGE,0.8034,0.75,HIGH,ALIGNED,0.25,-0.272,HIGH_KN,True
2026-01-28,PNBHOUSING.NS,DOWN,TRAIN,RANGE,0.7917,0.625,HIGH,ALIGNED,0.375,-0.479,HIGH_KN,True
2026-01-28,LAURUSLABS.NS,DOWN,TRAIN,RANGE,0.7793,0.75,HIGH,ALIGNED,0.25,-2.5726,HIGH_KN,True
2026-01-28,GODREJPROP.NS,DOWN,TRAIN,RANGE,0.7693,0.625,HIGH,ALIGNED,0.375,1.045,HIGH_KN,False
2026-01-28,ASIANPAINT.NS,DOWN,TRAIN,RANGE,0.7602,0.625,HIGH,ALIGNED,0.375,-3.814,HIGH_KN,True
2026-01-28,KEI.NS,DOWN,TRAIN,RANGE,0.75,0.5,MEDIUM,ALIGNED,0.5,3.2533,HIGH_KN,False
2026-01-28,JSWENERGY.NS,DOWN,TRAIN,RANGE,0.7437,0.875,HIGH,ALIGNED,0.125,2.8571,HIGH_KN,False
2026-01-28,RATEGAIN.NS,DOWN,TRAIN,RANGE,0.7378,0.625,HIGH,ALIGNED,0.375,-2.4454,HIGH_KN,True
2026-01-28,MANAPPURAM.NS,DOWN,TRAIN,RANGE,0.7344,0.75,HIGH,ALIGNED,0.25,1.7827,HIGH_KN,False
2026-01-28,ONMOBILE.NS,DOWN,TRAIN,RANGE,0.7183,0.625,HIGH,ALIGNED,0.375,-1.6904,HIGH_KN,True
2026-01-28,AMBER.NS,DOWN,TRAIN,RANGE,0.7156,0.75,HIGH,ALIGNED,0.25,-1.1934,HIGH_KN,True
2026-01-28,ZENSARTECH.NS,DOWN,TRAIN,RANGE,0.7112,0.75,HIGH,ALIGNED,0.25,-2.8553,HIGH_KN,True
2026-01-28,ENDURANCE.NS,DOWN,TRAIN,RANGE,0.7049,0.5,MEDIUM,ALIGNED,0.5,-1.1483,HIGH_KN,True
2026-01-28,PNB.NS,DOWN,TRAIN,RANGE,0.6972,0.75,HIGH,ALIGNED,0.25,0.6024,HIGH_KN,False
2026-01-28,TATACONSUM.NS,DOWN,TRAIN,RANGE,0.6946,0.75,HIGH,ALIGNED,0.25,-2.1735,HIGH_KN,True
2026-01-28,HINDZINC.NS,DOWN,TRAIN,RANGE,0.6861,0.625,HIGH,ALIGNED,0.375,0.9884,HIGH_KN,False
2026-01-28,WELCORP.NS,DOWN,TRAIN,RANGE,0.6807,0.625,HIGH,ALIGNED,0.375,-0.6617,HIGH_KN,True
2026-01-29,MRPL.NS,UP,TRAIN,RANGE,0.9752,0.875,HIGH,ALIGNED,0.125,-0.2261,HIGH_KN,False
2026-01-29,MIDHANI.NS,UP,TRAIN,RANGE,0.9573,0.875,HIGH,ALIGNED,0.125,-3.1613,HIGH_KN,False
2026-01-29,DATAPATTNS.NS,UP,TRAIN,RANGE,0.9495,0.875,HIGH,ALIGNED,0.125,4.2654,HIGH_KN,True
2026-01-29,GRSE.NS,UP,TRAIN,RANGE,0.9417,1.0,HIGH,ALIGNED,0.0,6.9323,HIGH_KN,True
2026-01-29,OIL.NS,UP,TRAIN,RANGE,0.9376,0.75,HIGH,ALIGNED,0.25,-0.9131,HIGH_KN,False
2026-01-29,STLTECH.NS,UP,TRAIN,RANGE,0.9138,0.875,HIGH,ALIGNED,0.125,6.4351,HIGH_KN,True
2026-01-29,PARAS.NS,UP,TRAIN,RANGE,0.9022,1.0,HIGH,ALIGNED,0.0,1.836,HIGH_KN,True
2026-01-29,NATIONALUM.NS,UP,TRAIN,RANGE,0.893,0.75,HIGH,ALIGNED,0.25,-10.1201,HIGH_KN,False
2026-01-29,RVNL.NS,UP,TRAIN,RANGE,0.8905,0.75,HIGH,ALIGNED,0.25,0.5711,HIGH_KN,True
2026-01-29,COCHINSHIP.NS,UP,TRAIN,RANGE,0.8663,0.875,HIGH,ALIGNED,0.125,3.0866,HIGH_KN,True
2026-01-29,MOIL.NS,UP,TRAIN,RANGE,0.8621,1.0,HIGH,ALIGNED,0.0,-3.4314,HIGH_KN,False
2026-01-29,SHYAMMETL.NS,UP,TRAIN,RANGE,0.8201,1.0,HIGH,ALIGNED,0.0,-1.6652,HIGH_KN,False
2026-01-29,BEL.NS,UP,TRAIN,RANGE,0.8129,0.875,HIGH,ALIGNED,0.125,1.0124,HIGH_KN,True
2026-01-29,NMDC.NS,UP,TRAIN,RANGE,0.8087,1.0,HIGH,ALIGNED,0.0,-4.0071,HIGH_KN,False
2026-01-29,BEML.NS,UP,TRAIN,RANGE,0.8083,0.75,HIGH,ALIGNED,0.25,0.9051,HIGH_KN,True
2026-01-29,BDL.NS,UP,TRAIN,RANGE,0.799,0.875,HIGH,ALIGNED,0.125,0.49,HIGH_KN,True
2026-01-29,VEDL.NS,UP,TRAIN,RANGE,0.7966,0.75,HIGH,ALIGNED,0.25,-11.0654,HIGH_KN,False
2026-01-29,ONGC.NS,UP,TRAIN,RANGE,0.7871,0.75,HIGH,ALIGNED,0.25,-2.3349,HIGH_KN,False
2026-01-29,JINDALSTEL.NS,UP,TRAIN,RANGE,0.7811,0.75,HIGH,ALIGNED,0.25,-2.3801,HIGH_KN,False
2026-01-29,SRF.NS,UP,TRAIN,RANGE,0.7726,0.75,HIGH,ALIGNED,0.25,-0.1277,HIGH_KN,False
2026-01-29,ASIANPAINT.NS,DOWN,TRAIN,RANGE,0.8466,0.75,HIGH,ALIGNED,0.25,0.5091,HIGH_KN,False
2026-01-29,MASTEK.NS,DOWN,TRAIN,RANGE,0.8388,0.5,MEDIUM,ALIGNED,0.5,1.1091,HIGH_KN,False
2026-01-29,INDIAMART.NS,DOWN,TRAIN,RANGE,0.8289,0.75,HIGH,ALIGNED,0.25,1.2228,HIGH_KN,False
2026-01-29,NOCIL.NS,DOWN,TRAIN,RANGE,0.7879,0.625,HIGH,ALIGNED,0.375,3.134,HIGH_KN,False
2026-01-29,RATEGAIN.NS,DOWN,TRAIN,RANGE,0.7731,0.625,HIGH,ALIGNED,0.375,6.1844,HIGH_KN,False
2026-01-29,TATACOMM.NS,DOWN,TRAIN,RANGE,0.7701,0.625,HIGH,ALIGNED,0.375,2.7411,HIGH_KN,False
2026-01-29,ZENSARTECH.NS,DOWN,TRAIN,RANGE,0.7667,0.625,HIGH,ALIGNED,0.375,-2.7447,HIGH_KN,True
2026-01-29,PNBHOUSING.NS,DOWN,TRAIN,RANGE,0.749,0.625,HIGH,ALIGNED,0.375,-2.2698,HIGH_KN,True
2026-01-29,RADICO.NS,DOWN,TRAIN,RANGE,0.7473,0.875,HIGH,ALIGNED,0.125,4.694,HIGH_KN,False
2026-01-29,TATACONSUM.NS,DOWN,TRAIN,RANGE,0.7354,0.75,HIGH,ALIGNED,0.25,2.4115,HIGH_KN,False
2026-01-29,M&M.NS,DOWN,TRAIN,RANGE,0.7299,0.875,HIGH,ALIGNED,0.125,1.4005,HIGH_KN,False
2026-01-29,HINDZINC.NS,DOWN,TRAIN,RANGE,0.7255,0.5,MEDIUM,ALIGNED,0.5,-12.1225,HIGH_KN,True
2026-01-29,ENDURANCE.NS,DOWN,TRAIN,RANGE,0.7223,0.5,MEDIUM,ALIGNED,0.5,2.5134,HIGH_KN,False
2026-01-29,SUDARSCHEM.NS,DOWN,TRAIN,RANGE,0.7131,0.75,HIGH,ALIGNED,0.25,3.5563,HIGH_KN,False
2026-01-29,SUNDRMFAST.NS,DOWN,TRAIN,RANGE,0.7066,0.75,HIGH,ALIGNED,0.25,6.4722,HIGH_KN,False
2026-01-29,GODREJCP.NS,DOWN,TRAIN,RANGE,0.7027,0.875,HIGH,ALIGNED,0.125,-0.1039,HIGH_KN,True
2026-01-29,ADANIGREEN.NS,DOWN,TRAIN,RANGE,0.7024,0.5,MEDIUM,ALIGNED,0.5,-0.7569,HIGH_KN,True
2026-01-29,METROBRAND.NS,DOWN,TRAIN,RANGE,0.7005,0.625,HIGH,ALIGNED,0.375,2.5078,HIGH_KN,False
2026-01-29,MARUTI.NS,DOWN,TRAIN,RANGE,0.6961,0.875,HIGH,ALIGNED,0.125,0.6689,HIGH_KN,False
2026-01-29,JSWENERGY.NS,DOWN,TRAIN,RANGE,0.6908,0.625,HIGH,ALIGNED,0.375,0.1743,HIGH_KN,False
2026-01-30,STLTECH.NS,UP,TRAIN,RANGE,0.9772,1.0,HIGH,ALIGNED,0.0,3.7424,HIGH_KN,True
2026-01-30,GRSE.NS,UP,TRAIN,RANGE,0.9618,0.75,HIGH,ALIGNED,0.25,-6.5372,HIGH_KN,False
2026-01-30,DATAPATTNS.NS,UP,TRAIN,RANGE,0.956,1.0,HIGH,ALIGNED,0.0,-4.2743,HIGH_KN,False
2026-01-30,IDEAFORGE.NS,UP,TRAIN,RANGE,0.9255,1.0,HIGH,ALIGNED,0.0,-7.1289,HIGH_KN,False
2026-01-30,OIL.NS,UP,TRAIN,RANGE,0.9034,0.625,HIGH,ALIGNED,0.375,-5.2446,HIGH_KN,False
2026-01-30,PARAS.NS,UP,TRAIN,RANGE,0.8966,1.0,HIGH,ALIGNED,0.0,-7.8358,HIGH_KN,False
2026-01-30,MOIL.NS,UP,TRAIN,RANGE,0.8846,0.875,HIGH,ALIGNED,0.125,-10.2501,HIGH_KN,False
2026-01-30,RATNAMANI.NS,UP,TRAIN,RANGE,0.8829,1.0,HIGH,ALIGNED,0.0,-6.4014,HIGH_KN,False
2026-01-30,HFCL.NS,UP,TRAIN,RANGE,0.876,1.0,HIGH,ALIGNED,0.0,-3.1191,HIGH_KN,False
2026-01-30,BEML.NS,UP,TRAIN,RANGE,0.8755,1.0,HIGH,ALIGNED,0.0,-3.2592,HIGH_KN,False
2026-01-30,COCHINSHIP.NS,UP,TRAIN,RANGE,0.8755,1.0,HIGH,ALIGNED,0.0,-8.9102,HIGH_KN,False
2026-01-30,TEJASNET.NS,UP,TRAIN,RANGE,0.8678,0.75,HIGH,ALIGNED,0.25,-3.6825,HIGH_KN,False
2026-01-30,MIDHANI.NS,UP,TRAIN,RANGE,0.8673,0.875,HIGH,ALIGNED,0.125,-5.0633,HIGH_KN,False
2026-01-30,NATIONALUM.NS,UP,TRAIN,RANGE,0.8558,0.875,HIGH,ALIGNED,0.125,-4.0861,HIGH_KN,False
2026-01-30,SYMPHONY.NS,UP,TRAIN,RANGE,0.8457,1.0,HIGH,ALIGNED,0.0,1.809,HIGH_KN,True
2026-01-30,BLUESTARCO.NS,UP,TRAIN,RANGE,0.8358,1.0,HIGH,ALIGNED,0.0,1.1723,HIGH_KN,True
2026-01-30,IDEA.NS,UP,TRAIN,RANGE,0.8329,0.75,HIGH,ALIGNED,0.25,-3.2229,HIGH_KN,False
2026-01-30,SHYAMMETL.NS,UP,TRAIN,RANGE,0.8288,0.875,HIGH,ALIGNED,0.125,-2.4759,HIGH_KN,False
2026-01-30,MAZDOCK.NS,UP,TRAIN,RANGE,0.8149,1.0,HIGH,ALIGNED,0.0,-5.6551,HIGH_KN,False
2026-01-30,MRPL.NS,UP,TRAIN,RANGE,0.8007,0.75,HIGH,ALIGNED,0.25,0.5211,HIGH_KN,True
2026-01-30,HINDZINC.NS,DOWN,TRAIN,RANGE,0.8784,0.875,HIGH,ALIGNED,0.125,-2.9276,HIGH_KN,True
2026-01-30,DEEPAKFERT.NS,DOWN,TRAIN,RANGE,0.851,0.75,HIGH,ALIGNED,0.25,-8.1644,HIGH_KN,True
2026-01-30,ASIANPAINT.NS,DOWN,TRAIN,RANGE,0.8358,0.75,HIGH,ALIGNED,0.25,-1.0831,HIGH_KN,True
2026-01-30,RATEGAIN.NS,DOWN,TRAIN,RANGE,0.7969,0.625,HIGH,ALIGNED,0.375,4.264,HIGH_KN,False
2026-01-30,ADANIGREEN.NS,DOWN,TRAIN,RANGE,0.7887,0.625,HIGH,ALIGNED,0.375,-0.9797,HIGH_KN,True
2026-01-30,MASTEK.NS,DOWN,TRAIN,RANGE,0.7837,0.5,MEDIUM,ALIGNED,0.5,0.9312,HIGH_KN,False
2026-01-30,RADICO.NS,DOWN,TRAIN,RANGE,0.7774,0.625,HIGH,ALIGNED,0.375,-2.6484,HIGH_KN,True
2026-01-30,JSWENERGY.NS,DOWN,TRAIN,RANGE,0.7596,0.625,HIGH,ALIGNED,0.375,-1.8051,HIGH_KN,True
2026-01-30,ADANIENSOL.NS,DOWN,TRAIN,RANGE,0.7567,0.625,HIGH,ALIGNED,0.375,-1.1399,HIGH_KN,True
2026-01-30,ZENSARTECH.NS,DOWN,TRAIN,RANGE,0.7365,0.75,HIGH,ALIGNED,0.25,3.3682,HIGH_KN,False
2026-01-30,GODREJCP.NS,DOWN,TRAIN,RANGE,0.7296,0.875,HIGH,ALIGNED,0.125,1.3864,HIGH_KN,False
2026-01-30,CANBK.NS,DOWN,TRAIN,RANGE,0.7281,0.875,HIGH,ALIGNED,0.125,-0.6444,HIGH_KN,True
2026-01-30,CRAFTSMAN.NS,DOWN,TRAIN,RANGE,0.7264,0.75,HIGH,ALIGNED,0.25,2.3849,HIGH_KN,False
2026-01-30,WELCORP.NS,DOWN,TRAIN,RANGE,0.7212,0.75,HIGH,ALIGNED,0.25,3.531,HIGH_KN,False
2026-01-30,POLICYBZR.NS,DOWN,TRAIN,RANGE,0.72,0.625,HIGH,ALIGNED,0.375,-5.5122,HIGH_KN,True
2026-01-30,M&M.NS,DOWN,TRAIN,RANGE,0.7038,0.625,HIGH,ALIGNED,0.375,0.915,HIGH_KN,False
2026-01-30,INDIAMART.NS,DOWN,TRAIN,RANGE,0.6992,0.375,MEDIUM,CONFLICT,0.625,0.3724,LOW_KN,False
2026-01-30,ONMOBILE.NS,DOWN,TRAIN,RANGE,0.6853,0.625,HIGH,ALIGNED,0.375,0.1467,HIGH_KN,False
2026-01-30,BIKAJI.NS,DOWN,TRAIN,RANGE,0.6834,0.5,MEDIUM,ALIGNED,0.5,-0.3344,HIGH_KN,True
2026-01-30,MPHASIS.NS,DOWN,TRAIN,RANGE,0.6784,0.75,HIGH,ALIGNED,0.25,0.087,HIGH_KN,False
2026-02-02,STLTECH.NS,UP,TRAIN,RANGE,0.9923,1.0,HIGH,ALIGNED,0.0,12.8977,HIGH_KN,True
2026-02-02,DATAPATTNS.NS,UP,TRAIN,RANGE,0.98,0.75,HIGH,ALIGNED,0.25,1.9159,HIGH_KN,True
2026-02-02,MRPL.NS,UP,TRAIN,RANGE,0.9517,0.875,HIGH,ALIGNED,0.125,1.0369,HIGH_KN,True
2026-02-02,GRSE.NS,UP,TRAIN,RANGE,0.9155,0.875,HIGH,ALIGNED,0.125,-1.4476,HIGH_KN,False
2026-02-02,IDEA.NS,UP,TRAIN,RANGE,0.8744,0.625,HIGH,ALIGNED,0.375,5.5504,HIGH_KN,True
2026-02-02,ADANIGREEN.NS,UP,TRAIN,RANGE,0.8739,0.625,HIGH,ALIGNED,0.375,10.4449,HIGH_KN,True
2026-02-02,GODREJAGRO.NS,UP,TRAIN,RANGE,0.8592,1.0,HIGH,ALIGNED,0.0,-1.0377,HIGH_KN,False
2026-02-02,BEML.NS,UP,TRAIN,RANGE,0.8428,0.625,HIGH,ALIGNED,0.375,0.1958,HIGH_KN,True
2026-02-02,PARAS.NS,UP,TRAIN,RANGE,0.842,0.625,HIGH,ALIGNED,0.375,0.4415,HIGH_KN,True
2026-02-02,ADANIENSOL.NS,UP,TRAIN,RANGE,0.8372,0.625,HIGH,ALIGNED,0.375,10.1515,HIGH_KN,True
2026-02-02,SYMPHONY.NS,UP,TRAIN,RANGE,0.8297,1.0,HIGH,ALIGNED,0.0,-1.1385,HIGH_KN,False
2026-02-02,IDEAFORGE.NS,UP,TRAIN,RANGE,0.815,0.375,MEDIUM,CONFLICT,0.625,1.0616,LOW_KN,True
2026-02-02,KEI.NS,UP,TRAIN,RANGE,0.8128,0.625,HIGH,ALIGNED,0.375,7.0396,HIGH_KN,True
2026-02-02,CRAFTSMAN.NS,UP,TRAIN,RANGE,0.8082,0.75,HIGH,ALIGNED,0.25,2.95,HIGH_KN,True
2026-02-02,OIL.NS,UP,TRAIN,RANGE,0.8065,0.625,HIGH,ALIGNED,0.375,1.1587,HIGH_KN,True
2026-02-02,AMBER.NS,UP,TRAIN,RANGE,0.7973,0.875,HIGH,ALIGNED,0.125,3.2422,HIGH_KN,True
2026-02-02,HFCL.NS,UP,TRAIN,RANGE,0.7961,0.75,HIGH,ALIGNED,0.25,3.0841,HIGH_KN,True
2026-02-02,MIDHANI.NS,UP,TRAIN,RANGE,0.7906,0.5,MEDIUM,ALIGNED,0.5,1.6561,HIGH_KN,True
2026-02-02,MAZDOCK.NS,UP,TRAIN,RANGE,0.7829,0.625,HIGH,ALIGNED,0.375,0.9475,HIGH_KN,True
2026-02-02,VGUARD.NS,UP,TRAIN,RANGE,0.7829,0.875,HIGH,ALIGNED,0.125,1.1529,HIGH_KN,True
2026-02-02,HINDZINC.NS,DOWN,TRAIN,RANGE,0.8961,0.875,HIGH,ALIGNED,0.125,2.9749,HIGH_KN,False
2026-02-02,DEEPAKFERT.NS,DOWN,TRAIN,RANGE,0.8824,0.75,HIGH,ALIGNED,0.25,5.0846,HIGH_KN,False
2026-02-02,MUTHOOTFIN.NS,DOWN,TRAIN,RANGE,0.8297,0.75,HIGH,ALIGNED,0.25,2.5204,HIGH_KN,False
2026-02-02,POLICYBZR.NS,DOWN,TRAIN,RANGE,0.8193,0.75,HIGH,ALIGNED,0.25,-6.4735,HIGH_KN,True
2026-02-02,VEDL.NS,DOWN,TRAIN,RANGE,0.817,0.875,HIGH,ALIGNED,0.125,2.2705,HIGH_KN,False
2026-02-02,ASIANPAINT.NS,DOWN,TRAIN,RANGE,0.8053,0.625,HIGH,ALIGNED,0.375,0.9992,HIGH_KN,False
2026-02-02,BDL.NS,DOWN,TRAIN,RANGE,0.7877,0.625,HIGH,ALIGNED,0.375,-0.6108,HIGH_KN,True
2026-02-02,CLEAN.NS,DOWN,TRAIN,RANGE,0.7877,0.75,HIGH,ALIGNED,0.25,2.7948,HIGH_KN,False
2026-02-02,BANKBARODA.NS,DOWN,TRAIN,RANGE,0.765,0.75,HIGH,ALIGNED,0.25,2.8098,HIGH_KN,False
2026-02-02,NATIONALUM.NS,DOWN,TRAIN,RANGE,0.7484,0.875,HIGH,ALIGNED,0.125,0.3111,HIGH_KN,False
2026-02-02,DRREDDY.NS,DOWN,TRAIN,RANGE,0.7444,0.75,HIGH,ALIGNED,0.25,4.4736,HIGH_KN,False
2026-02-02,RADICO.NS,DOWN,TRAIN,RANGE,0.744,0.625,HIGH,ALIGNED,0.375,0.5303,HIGH_KN,False
2026-02-02,SHRIRAMFIN.NS,DOWN,TRAIN,RANGE,0.7403,0.875,HIGH,ALIGNED,0.125,3.9809,HIGH_KN,False
2026-02-02,HINDALCO.NS,DOWN,TRAIN,RANGE,0.7316,0.875,HIGH,ALIGNED,0.125,2.6652,HIGH_KN,False
2026-02-02,GRANULES.NS,DOWN,TRAIN,RANGE,0.7034,0.625,HIGH,ALIGNED,0.375,3.437,HIGH_KN,False
2026-02-02,UNIONBANK.NS,DOWN,TRAIN,RANGE,0.6936,0.5,MEDIUM,ALIGNED,0.5,1.9167,HIGH_KN,False
2026-02-02,JSWENERGY.NS,DOWN,TRAIN,RANGE,0.6925,0.625,HIGH,ALIGNED,0.375,1.6944,HIGH_KN,False
2026-02-02,MARUTI.NS,DOWN,TRAIN,RANGE,0.6826,0.75,HIGH,ALIGNED,0.25,2.767,HIGH_KN,False
2026-02-02,GODREJCP.NS,DOWN,TRAIN,RANGE,0.6809,0.75,HIGH,ALIGNED,0.25,-2.0255,HIGH_KN,True
2026-02-02,KPITTECH.NS,DOWN,TRAIN,RANGE,0.6795,0.75,HIGH,ALIGNED,0.25,-0.8713,HIGH_KN,True
2026-02-03,STLTECH.NS,UP,TRAIN,RANGE,0.9971,0.75,HIGH,ALIGNED,0.25,3.8857,HIGH_KN,True
2026-02-03,ADANIGREEN.NS,UP,TRAIN,RANGE,0.9563,1.0,HIGH,ALIGNED,0.0,2.3978,HIGH_KN,True
2026-02-03,ADANIENSOL.NS,UP,TRAIN,RANGE,0.9464,1.0,HIGH,ALIGNED,0.0,1.4111,HIGH_KN,True
2026-02-03,GODREJPROP.NS,UP,TRAIN,RANGE,0.9169,0.75,HIGH,ALIGNED,0.25,0.7238,HIGH_KN,True
2026-02-03,KEI.NS,UP,TRAIN,RANGE,0.9133,1.0,HIGH,ALIGNED,0.0,1.2892,HIGH_KN,True
2026-02-03,HFCL.NS,UP,TRAIN,RANGE,0.8961,1.0,HIGH,ALIGNED,0.0,0.4816,HIGH_KN,True
2026-02-03,WELCORP.NS,UP,TRAIN,RANGE,0.8903,1.0,HIGH,ALIGNED,0.0,0.797,HIGH_KN,True
2026-02-03,FINEORG.NS,UP,TRAIN,RANGE,0.8734,1.0,HIGH,ALIGNED,0.0,-0.0929,HIGH_KN,False
2026-02-03,AMBER.NS,UP,TRAIN,RANGE,0.8606,1.0,HIGH,ALIGNED,0.0,3.1727,HIGH_KN,True
2026-02-03,ADANIPORTS.NS,UP,TRAIN,RANGE,0.835,1.0,HIGH,ALIGNED,0.0,2.4236,HIGH_KN,True
2026-02-03,ATUL.NS,UP,TRAIN,RANGE,0.8329,1.0,HIGH,ALIGNED,0.0,0.7335,HIGH_KN,True
2026-02-03,DATAPATTNS.NS,UP,TRAIN,RANGE,0.8225,0.75,HIGH,ALIGNED,0.25,0.4604,HIGH_KN,True
2026-02-03,SUNDRMFAST.NS,UP,TRAIN,RANGE,0.8208,1.0,HIGH,ALIGNED,0.0,-3.0006,HIGH_KN,False
2026-02-03,ONMOBILE.NS,UP,TRAIN,RANGE,0.8186,0.75,HIGH,ALIGNED,0.25,5.2746,HIGH_KN,True
2026-02-03,ENDURANCE.NS,UP,TRAIN,RANGE,0.8181,1.0,HIGH,ALIGNED,0.0,-2.4521,HIGH_KN,False
2026-02-03,NAVINFLUOR.NS,UP,TRAIN,RANGE,0.8152,1.0,HIGH,ALIGNED,0.0,0.8598,HIGH_KN,True
2026-02-03,MOTHERSON.NS,UP,TRAIN,RANGE,0.8121,1.0,HIGH,ALIGNED,0.0,1.0715,HIGH_KN,True
2026-02-03,SOLARINDS.NS,UP,TRAIN,RANGE,0.8118,1.0,HIGH,ALIGNED,0.0,-1.6023,HIGH_KN,False
2026-02-03,OLECTRA.NS,UP,TRAIN,RANGE,0.8114,0.5,MEDIUM,ALIGNED,0.5,0.5195,HIGH_KN,True
2026-02-03,BLUESTARCO.NS,UP,TRAIN,RANGE,0.8106,0.875,HIGH,ALIGNED,0.125,3.4327,HIGH_KN,True
2026-02-03,HINDZINC.NS,DOWN,TRAIN,RANGE,0.8966,0.625,HIGH,ALIGNED,0.375,1.7509,HIGH_KN,False
2026-02-03,DEEPAKFERT.NS,DOWN,TRAIN,RANGE,0.8763,0.75,HIGH,ALIGNED,0.25,2.4831,HIGH_KN,False
2026-02-03,VEDL.NS,DOWN,TRAIN,RANGE,0.8693,0.625,HIGH,ALIGNED,0.375,1.7983,HIGH_KN,False
2026-02-03,BDL.NS,DOWN,TRAIN,RANGE,0.8676,0.875,HIGH,ALIGNED,0.125,-1.0697,HIGH_KN,True
2026-02-03,NATIONALUM.NS,DOWN,TRAIN,RANGE,0.8658,1.0,HIGH,ALIGNED,0.0,1.0921,HIGH_KN,False
2026-02-03,MUTHOOTFIN.NS,DOWN,TRAIN,RANGE,0.8415,0.75,HIGH,ALIGNED,0.25,2.6902,HIGH_KN,False
2026-02-03,POLICYBZR.NS,DOWN,TRAIN,RANGE,0.8176,0.75,HIGH,ALIGNED,0.25,-1.5184,HIGH_KN,True
2026-02-03,BANKBARODA.NS,DOWN,TRAIN,RANGE,0.7908,0.75,HIGH,ALIGNED,0.25,1.9096,HIGH_KN,False
2026-02-03,CLEAN.NS,DOWN,TRAIN,RANGE,0.7792,0.625,HIGH,ALIGNED,0.375,-2.5181,HIGH_KN,True
2026-02-03,ASIANPAINT.NS,DOWN,TRAIN,RANGE,0.7703,0.75,HIGH,ALIGNED,0.25,1.1006,HIGH_KN,False
2026-02-03,UNIONBANK.NS,DOWN,TRAIN,RANGE,0.7573,0.625,HIGH,ALIGNED,0.375,0.9747,HIGH_KN,False
2026-02-03,CANBK.NS,DOWN,TRAIN,RANGE,0.7454,0.875,HIGH,ALIGNED,0.125,0.1086,HIGH_KN,False
2026-02-03,HINDALCO.NS,DOWN,TRAIN,RANGE,0.7449,0.75,HIGH,ALIGNED,0.25,1.0102,HIGH_KN,False
2026-02-03,MOIL.NS,DOWN,TRAIN,RANGE,0.7425,0.75,HIGH,ALIGNED,0.25,0.8491,HIGH_KN,False
2026-02-03,METROBRAND.NS,DOWN,TRAIN,RANGE,0.7287,0.625,HIGH,ALIGNED,0.375,-0.3681,HIGH_KN,True
2026-02-03,GRANULES.NS,DOWN,TRAIN,RANGE,0.7229,0.625,HIGH,ALIGNED,0.375,1.9063,HIGH_KN,False
2026-02-03,COCHINSHIP.NS,DOWN,TRAIN,RANGE,0.7193,0.875,HIGH,ALIGNED,0.125,-0.4176,HIGH_KN,True
2026-02-03,DRREDDY.NS,DOWN,TRAIN,RANGE,0.7099,0.375,MEDIUM,CONFLICT,0.625,0.3885,LOW_KN,False
2026-02-03,TATASTEEL.NS,DOWN,TRAIN,RANGE,0.705,0.5,MEDIUM,ALIGNED,0.5,1.2803,HIGH_KN,False
2026-02-03,FEDERALBNK.NS,DOWN,TRAIN,RANGE,0.7048,0.625,HIGH,ALIGNED,0.375,0.6655,HIGH_KN,False
2026-02-04,STLTECH.NS,UP,TRAIN,RANGE,0.9655,0.75,HIGH,ALIGNED,0.25,3.6476,HIGH_KN,True
2026-02-04,ONMOBILE.NS,UP,TRAIN,RANGE,0.914,0.875,HIGH,ALIGNED,0.125,-2.4863,HIGH_KN,False
2026-02-04,SAPPHIRE.NS,UP,TRAIN,RANGE,0.9002,0.75,HIGH,ALIGNED,0.25,7.2443,HIGH_KN,True
2026-02-04,NOCIL.NS,UP,TRAIN,RANGE,0.8942,1.0,HIGH,ALIGNED,0.0,-2.1643,HIGH_KN,False
2026-02-04,ADANIGREEN.NS,UP,TRAIN,RANGE,0.886,0.875,HIGH,ALIGNED,0.125,1.3306,HIGH_KN,True
2026-02-04,TIINDIA.NS,UP,TRAIN,RANGE,0.8541,1.0,HIGH,ALIGNED,0.0,-9.6989,HIGH_KN,False
2026-02-04,BLUESTARCO.NS,UP,TRAIN,RANGE,0.8529,1.0,HIGH,ALIGNED,0.0,-0.968,HIGH_KN,False
2026-02-04,ADANIPORTS.NS,UP,TRAIN,RANGE,0.8498,1.0,HIGH,ALIGNED,0.0,0.1467,HIGH_KN,True
2026-02-04,IDEA.NS,UP,TRAIN,RANGE,0.8437,0.75,HIGH,ALIGNED,0.25,-0.9692,HIGH_KN,False
2026-02-04,ADANIENSOL.NS,UP,TRAIN,RANGE,0.836,0.875,HIGH,ALIGNED,0.125,2.3579,HIGH_KN,True
2026-02-04,RAJESHEXPO.NS,UP,TRAIN,RANGE,0.8316,1.0,HIGH,ALIGNED,0.0,1.4441,HIGH_KN,True
2026-02-04,HFCL.NS,UP,TRAIN,RANGE,0.8181,1.0,HIGH,ALIGNED,0.0,3.1954,HIGH_KN,True
2026-02-04,MRPL.NS,UP,TRAIN,RANGE,0.814,0.625,HIGH,ALIGNED,0.375,-0.1859,HIGH_KN,False
2026-02-04,SUNDRMFAST.NS,UP,TRAIN,RANGE,0.814,0.625,HIGH,ALIGNED,0.375,-2.7199,HIGH_KN,False
2026-02-04,KEI.NS,UP,TRAIN,RANGE,0.8135,0.875,HIGH,ALIGNED,0.125,0.4454,HIGH_KN,True
2026-02-04,CROMPTON.NS,UP,TRAIN,RANGE,0.8068,0.875,HIGH,ALIGNED,0.125,1.053,HIGH_KN,True
2026-02-04,AMBER.NS,UP,TRAIN,RANGE,0.7969,0.875,HIGH,ALIGNED,0.125,0.1487,HIGH_KN,True
2026-02-04,NAVINFLUOR.NS,UP,TRAIN,RANGE,0.7894,1.0,HIGH,ALIGNED,0.0,-0.9709,HIGH_KN,False
2026-02-04,GODREJPROP.NS,UP,TRAIN,RANGE,0.7882,0.625,HIGH,ALIGNED,0.375,-1.2794,HIGH_KN,False
2026-02-04,RATEGAIN.NS,UP,TRAIN,RANGE,0.7821,0.625,HIGH,ALIGNED,0.375,-3.729,HIGH_KN,False
2026-02-04,BDL.NS,DOWN,TRAIN,RANGE,0.88,0.75,HIGH,ALIGNED,0.25,-2.3543,HIGH_KN,True
2026-02-04,NATIONALUM.NS,DOWN,TRAIN,RANGE,0.8768,0.75,HIGH,ALIGNED,0.25,-2.9475,HIGH_KN,True
2026-02-04,HINDZINC.NS,DOWN,TRAIN,RANGE,0.8708,0.375,MEDIUM,CONFLICT,0.625,-4.4505,LOW_KN,True
2026-02-04,DEEPAKFERT.NS,DOWN,TRAIN,RANGE,0.8616,0.75,HIGH,ALIGNED,0.25,-2.5283,HIGH_KN,True
2026-02-04,VEDL.NS,DOWN,TRAIN,RANGE,0.8488,0.5,MEDIUM,ALIGNED,0.5,-4.7397,HIGH_KN,True
2026-02-04,HAL.NS,DOWN,TRAIN,RANGE,0.8389,0.875,HIGH,ALIGNED,0.125,-4.3063,HIGH_KN,True
2026-02-04,POLICYBZR.NS,DOWN,TRAIN,RANGE,0.8036,0.75,HIGH,ALIGNED,0.25,7.8408,HIGH_KN,False
2026-02-04,PARAS.NS,DOWN,TRAIN,RANGE,0.7961,0.75,HIGH,ALIGNED,0.25,-0.9623,HIGH_KN,True
2026-02-04,MUTHOOTFIN.NS,DOWN,TRAIN,RANGE,0.7957,0.625,HIGH,ALIGNED,0.375,-3.8396,HIGH_KN,True
2026-02-04,COCHINSHIP.NS,DOWN,TRAIN,RANGE,0.779,0.75,HIGH,ALIGNED,0.25,-1.2848,HIGH_KN,True
2026-02-04,BEL.NS,DOWN,TRAIN,RANGE,0.7731,0.75,HIGH,ALIGNED,0.25,-1.4344,HIGH_KN,True
2026-02-04,CLEAN.NS,DOWN,TRAIN,RANGE,0.7628,0.75,HIGH,ALIGNED,0.25,1.0358,HIGH_KN,False
2026-02-04,HINDALCO.NS,DOWN,TRAIN,RANGE,0.7608,0.5,MEDIUM,ALIGNED,0.5,-3.0572,HIGH_KN,True
2026-02-04,INFY.NS,DOWN,TRAIN,RANGE,0.7502,0.75,HIGH,ALIGNED,0.25,-1.0158,HIGH_KN,True
2026-02-04,TECHM.NS,DOWN,TRAIN,RANGE,0.75,0.875,HIGH,ALIGNED,0.125,0.0547,HIGH_KN,False
2026-02-04,NAUKRI.NS,DOWN,TRAIN,RANGE,0.7365,0.75,HIGH,ALIGNED,0.25,-1.8519,HIGH_KN,True
2026-02-04,MOIL.NS,DOWN,TRAIN,RANGE,0.7355,0.625,HIGH,ALIGNED,0.375,-2.6763,HIGH_KN,True
2026-02-04,DATAPATTNS.NS,DOWN,TRAIN,RANGE,0.7241,0.5,MEDIUM,ALIGNED,0.5,-3.6317,HIGH_KN,True
2026-02-04,BANKBARODA.NS,DOWN,TRAIN,RANGE,0.7215,0.5,MEDIUM,ALIGNED,0.5,-0.1375,HIGH_KN,True
2026-02-04,ONGC.NS,DOWN,TRAIN,RANGE,0.7173,0.75,HIGH,ALIGNED,0.25,0.8429,HIGH_KN,False
2026-02-05,STLTECH.NS,UP,TRAIN,RANGE,0.9924,0.75,HIGH,ALIGNED,0.25,-1.1706,HIGH_KN,False
2026-02-05,SAPPHIRE.NS,UP,TRAIN,RANGE,0.9662,1.0,HIGH,ALIGNED,0.0,-1.0714,HIGH_KN,False
2026-02-05,RAJESHEXPO.NS,UP,TRAIN,RANGE,0.9012,1.0,HIGH,ALIGNED,0.0,-4.3315,HIGH_KN,False
2026-02-05,RATEGAIN.NS,UP,TRAIN,RANGE,0.8904,0.5,MEDIUM,ALIGNED,0.5,-3.7413,HIGH_KN,False
2026-02-05,GODREJPROP.NS,UP,TRAIN,RANGE,0.8855,0.5,MEDIUM,ALIGNED,0.5,0.5918,HIGH_KN,True
2026-02-05,IDEA.NS,UP,TRAIN,RANGE,0.8814,0.625,HIGH,ALIGNED,0.375,-1.0676,HIGH_KN,False
2026-02-05,WELCORP.NS,UP,TRAIN,RANGE,0.8762,0.875,HIGH,ALIGNED,0.125,-1.6455,HIGH_KN,False
2026-02-05,ONMOBILE.NS,UP,TRAIN,RANGE,0.876,0.625,HIGH,ALIGNED,0.375,-3.4576,HIGH_KN,False
2026-02-05,HFCL.NS,UP,TRAIN,RANGE,0.8691,1.0,HIGH,ALIGNED,0.0,-0.197,HIGH_KN,False
2026-02-05,ADANIENSOL.NS,UP,TRAIN,RANGE,0.8672,0.875,HIGH,ALIGNED,0.125,0.6179,HIGH_KN,True
2026-02-05,ADANIGREEN.NS,UP,TRAIN,RANGE,0.8578,0.875,HIGH,ALIGNED,0.125,0.486,HIGH_KN,True
2026-02-05,AMBER.NS,UP,TRAIN,RANGE,0.8449,0.875,HIGH,ALIGNED,0.125,3.7581,HIGH_KN,True
2026-02-05,ADANIPORTS.NS,UP,TRAIN,RANGE,0.8029,0.875,HIGH,ALIGNED,0.125,-1.2419,HIGH_KN,False
2026-02-05,CROMPTON.NS,UP,TRAIN,RANGE,0.7983,0.875,HIGH,ALIGNED,0.125,-0.6487,HIGH_KN,False
2026-02-05,BHARATFORG.NS,UP,TRAIN,RANGE,0.789,0.875,HIGH,ALIGNED,0.125,-0.998,HIGH_KN,False
2026-02-05,KEI.NS,UP,TRAIN,RANGE,0.789,0.875,HIGH,ALIGNED,0.125,0.4411,HIGH_KN,True
2026-02-05,INDIAMART.NS,UP,TRAIN,RANGE,0.7831,1.0,HIGH,ALIGNED,0.0,-1.945,HIGH_KN,False
2026-02-05,BLUESTARCO.NS,UP,TRAIN,RANGE,0.764,0.75,HIGH,ALIGNED,0.25,1.015,HIGH_KN,True
2026-02-05,PAGEIND.NS,UP,TRAIN,RANGE,0.7637,1.0,HIGH,ALIGNED,0.0,-0.2245,HIGH_KN,False
2026-02-05,WHIRLPOOL.NS,UP,TRAIN,RANGE,0.7478,1.0,HIGH,ALIGNED,0.0,2.6792,HIGH_KN,True
2026-02-05,NATIONALUM.NS,DOWN,TRAIN,RANGE,0.8918,0.75,HIGH,ALIGNED,0.25,-2.5285,HIGH_KN,True
2026-02-05,HINDZINC.NS,DOWN,TRAIN,RANGE,0.8767,0.625,HIGH,ALIGNED,0.375,-0.3029,HIGH_KN,True
2026-02-05,BDL.NS,DOWN,TRAIN,RANGE,0.8748,0.75,HIGH,ALIGNED,0.25,-0.3848,HIGH_KN,True
2026-02-05,VEDL.NS,DOWN,TRAIN,RANGE,0.8624,0.75,HIGH,ALIGNED,0.25,2.4191,HIGH_KN,False
2026-02-05,MUTHOOTFIN.NS,DOWN,TRAIN,RANGE,0.8542,0.625,HIGH,ALIGNED,0.375,3.504,HIGH_KN,False
2026-02-05,HAL.NS,DOWN,TRAIN,RANGE,0.8507,0.75,HIGH,ALIGNED,0.25,0.793,HIGH_KN,False
2026-02-05,OIL.NS,DOWN,TRAIN,RANGE,0.8218,0.625,HIGH,ALIGNED,0.375,-0.2508,HIGH_KN,True
2026-02-05,HINDALCO.NS,DOWN,TRAIN,RANGE,0.8114,0.625,HIGH,ALIGNED,0.375,0.759,HIGH_KN,False
2026-02-05,DEEPAKFERT.NS,DOWN,TRAIN,RANGE,0.8083,0.625,HIGH,ALIGNED,0.375,-2.0534,HIGH_KN,True
2026-02-05,PARAS.NS,DOWN,TRAIN,RANGE,0.8015,0.75,HIGH,ALIGNED,0.25,-1.5913,HIGH_KN,True
2026-02-05,GRSE.NS,DOWN,TRAIN,RANGE,0.7973,0.75,HIGH,ALIGNED,0.25,-1.5457,HIGH_KN,True
2026-02-05,MIDHANI.NS,DOWN,TRAIN,RANGE,0.7555,0.375,MEDIUM,CONFLICT,0.625,-2.1,LOW_KN,True
2026-02-05,MOIL.NS,DOWN,TRAIN,RANGE,0.7498,0.75,HIGH,ALIGNED,0.25,-3.615,HIGH_KN,True
2026-02-05,INFY.NS,DOWN,TRAIN,RANGE,0.7478,0.875,HIGH,ALIGNED,0.125,-0.8617,HIGH_KN,True
2026-02-05,COCHINSHIP.NS,DOWN,TRAIN,RANGE,0.7456,0.75,HIGH,ALIGNED,0.25,0.4855,HIGH_KN,False
2026-02-05,ONGC.NS,DOWN,TRAIN,RANGE,0.7397,0.5,MEDIUM,ALIGNED,0.5,-0.0929,HIGH_KN,True
2026-02-05,TECHM.NS,DOWN,TRAIN,RANGE,0.737,0.625,HIGH,ALIGNED,0.375,-1.5976,HIGH_KN,True
2026-02-05,BEL.NS,DOWN,TRAIN,RANGE,0.735,0.75,HIGH,ALIGNED,0.25,-0.7508,HIGH_KN,True
2026-02-05,DATAPATTNS.NS,DOWN,TRAIN,RANGE,0.7316,0.625,HIGH,ALIGNED,0.375,7.9334,HIGH_KN,False
2026-02-05,AXISBANK.NS,DOWN,TRAIN,RANGE,0.7213,0.625,HIGH,ALIGNED,0.375,0.8267,HIGH_KN,False
2026-02-06,SAPPHIRE.NS,UP,TRAIN,RANGE,0.9359,0.875,HIGH,ALIGNED,0.125,-0.5717,HIGH_KN,False
2026-02-06,ONMOBILE.NS,UP,TRAIN,RANGE,0.8998,0.5,MEDIUM,ALIGNED,0.5,1.5406,HIGH_KN,True
2026-02-06,STLTECH.NS,UP,TRAIN,RANGE,0.8939,0.5,MEDIUM,ALIGNED,0.5,7.8008,HIGH_KN,True
2026-02-06,AMBER.NS,UP,TRAIN,RANGE,0.8895,1.0,HIGH,ALIGNED,0.0,6.1446,HIGH_KN,True
2026-02-06,ADANIENSOL.NS,UP,TRAIN,RANGE,0.8841,0.875,HIGH,ALIGNED,0.125,1.4543,HIGH_KN,True
2026-02-06,NCC.NS,UP,TRAIN,RANGE,0.849,1.0,HIGH,ALIGNED,0.0,1.0098,HIGH_KN,True
2026-02-06,JINDALPOLY.NS,UP,TRAIN,RANGE,0.8446,0.75,HIGH,ALIGNED,0.25,0.1292,HIGH_KN,True
2026-02-06,GODREJPROP.NS,UP,TRAIN,RANGE,0.8427,0.625,HIGH,ALIGNED,0.375,5.9772,HIGH_KN,True
2026-02-06,ADANIPORTS.NS,UP,TRAIN,RANGE,0.8407,0.875,HIGH,ALIGNED,0.125,0.7094,HIGH_KN,True
2026-02-06,MGL.NS,UP,TRAIN,RANGE,0.8171,1.0,HIGH,ALIGNED,0.0,2.4813,HIGH_KN,True
2026-02-06,SAIL.NS,UP,TRAIN,RANGE,0.8061,0.875,HIGH,ALIGNED,0.125,-1.3332,HIGH_KN,False
2026-02-06,RAJESHEXPO.NS,UP,TRAIN,RANGE,0.8056,0.75,HIGH,ALIGNED,0.25,4.9213,HIGH_KN,True
2026-02-06,MANAPPURAM.NS,UP,TRAIN,RANGE,0.798,0.875,HIGH,ALIGNED,0.125,1.9276,HIGH_KN,True
2026-02-06,KALYANKJIL.NS,UP,TRAIN,RANGE,0.7937,0.5,MEDIUM,ALIGNED,0.5,15.0164,HIGH_KN,True
2026-02-06,ADANIGREEN.NS,UP,TRAIN,RANGE,0.779,0.875,HIGH,ALIGNED,0.125,1.1113,HIGH_KN,True
2026-02-06,CRAFTSMAN.NS,UP,TRAIN,RANGE,0.7729,0.875,HIGH,ALIGNED,0.125,0.0511,HIGH_KN,True
2026-02-06,NAVINFLUOR.NS,UP,TRAIN,RANGE,0.7639,1.0,HIGH,ALIGNED,0.0,2.8126,HIGH_KN,True
2026-02-06,PFC.NS,UP,TRAIN,RANGE,0.7637,0.625,HIGH,ALIGNED,0.375,-0.9542,HIGH_KN,False
2026-02-06,MOTHERSON.NS,UP,TRAIN,RANGE,0.7629,0.75,HIGH,ALIGNED,0.25,5.3429,HIGH_KN,True
2026-02-06,PAGEIND.NS,UP,TRAIN,RANGE,0.7607,0.875,HIGH,ALIGNED,0.125,-1.9826,HIGH_KN,False
2026-02-06,BDL.NS,DOWN,TRAIN,RANGE,0.882,0.75,HIGH,ALIGNED,0.25,2.7436,HIGH_KN,False
2026-02-06,GRSE.NS,DOWN,TRAIN,RANGE,0.8583,0.75,HIGH,ALIGNED,0.25,4.7181,HIGH_KN,False
2026-02-06,HAL.NS,DOWN,TRAIN,RANGE,0.8524,0.75,HIGH,ALIGNED,0.25,1.5612,HIGH_KN,False
2026-02-06,NATIONALUM.NS,DOWN,TRAIN,RANGE,0.8466,0.75,HIGH,ALIGNED,0.25,2.9748,HIGH_KN,False
2026-02-06,MOIL.NS,DOWN,TRAIN,RANGE,0.842,0.625,HIGH,ALIGNED,0.375,0.7213,HIGH_KN,False
2026-02-06,RATNAMANI.NS,DOWN,TRAIN,RANGE,0.8378,0.75,HIGH,ALIGNED,0.25,0.0,HIGH_KN,False
2026-02-06,PARAS.NS,DOWN,TRAIN,RANGE,0.8144,0.75,HIGH,ALIGNED,0.25,4.1748,HIGH_KN,False
2026-02-06,COCHINSHIP.NS,DOWN,TRAIN,RANGE,0.7961,0.625,HIGH,ALIGNED,0.375,2.3019,HIGH_KN,False
2026-02-06,OIL.NS,DOWN,TRAIN,RANGE,0.7872,0.625,HIGH,ALIGNED,0.375,-1.448,HIGH_KN,True
2026-02-06,POLICYBZR.NS,DOWN,TRAIN,RANGE,0.7705,0.75,HIGH,ALIGNED,0.25,1.8074,HIGH_KN,False
2026-02-06,CLEAN.NS,DOWN,TRAIN,RANGE,0.759,0.75,HIGH,ALIGNED,0.25,0.2697,HIGH_KN,False
2026-02-06,NAUKRI.NS,DOWN,TRAIN,RANGE,0.7554,0.75,HIGH,ALIGNED,0.25,4.149,HIGH_KN,False
2026-02-06,BEML.NS,DOWN,TRAIN,RANGE,0.7488,0.75,HIGH,ALIGNED,0.25,8.8908,HIGH_KN,False
2026-02-06,ZYDUSWELL.NS,DOWN,TRAIN,RANGE,0.7463,0.625,HIGH,ALIGNED,0.375,4.7735,HIGH_KN,False
2026-02-06,MAZDOCK.NS,DOWN,TRAIN,RANGE,0.7429,0.75,HIGH,ALIGNED,0.25,2.9179,HIGH_KN,False
2026-02-06,COFORGE.NS,DOWN,TRAIN,RANGE,0.7415,0.75,HIGH,ALIGNED,0.25,0.2135,HIGH_KN,False
2026-02-06,INTELLECT.NS,DOWN,TRAIN,RANGE,0.7349,0.625,HIGH,ALIGNED,0.375,1.4861,HIGH_KN,False
2026-02-06,MUTHOOTFIN.NS,DOWN,TRAIN,RANGE,0.7327,0.625,HIGH,ALIGNED,0.375,2.0409,HIGH_KN,False
2026-02-06,IDEAFORGE.NS,DOWN,TRAIN,RANGE,0.7295,0.625,HIGH,ALIGNED,0.375,1.4329,HIGH_KN,False
2026-02-06,IRCON.NS,DOWN,TRAIN,RANGE,0.7283,0.75,HIGH,ALIGNED,0.25,2.1478,HIGH_KN,False
2026-02-09,KALYANKJIL.NS,UP,TRAIN,RANGE,0.9877,0.875,HIGH,ALIGNED,0.125,-0.7888,HIGH_KN,False
2026-02-09,DEEPAKFERT.NS,UP,TRAIN,RANGE,0.9474,0.75,HIGH,ALIGNED,0.25,-0.8437,HIGH_KN,False
2026-02-09,GODREJPROP.NS,UP,TRAIN,RANGE,0.9286,0.875,HIGH,ALIGNED,0.125,1.0769,HIGH_KN,True
2026-02-09,STLTECH.NS,UP,TRAIN,RANGE,0.9248,0.75,HIGH,ALIGNED,0.25,10.2107,HIGH_KN,True
2026-02-09,RAJESHEXPO.NS,UP,TRAIN,RANGE,0.8846,1.0,HIGH,ALIGNED,0.0,4.089,HIGH_KN,True
2026-02-09,AMBER.NS,UP,TRAIN,RANGE,0.8716,0.75,HIGH,ALIGNED,0.25,6.5621,HIGH_KN,True
2026-02-09,CROMPTON.NS,UP,TRAIN,RANGE,0.8673,1.0,HIGH,ALIGNED,0.0,-0.4792,HIGH_KN,False
2026-02-09,ONMOBILE.NS,UP,TRAIN,RANGE,0.8596,0.5,MEDIUM,ALIGNED,0.5,1.2611,HIGH_KN,True
2026-02-09,NAVINFLUOR.NS,UP,TRAIN,RANGE,0.8519,1.0,HIGH,ALIGNED,0.0,-3.9406,HIGH_KN,False
2026-02-09,VOLTAS.NS,UP,TRAIN,RANGE,0.8293,0.875,HIGH,ALIGNED,0.125,-1.8165,HIGH_KN,False
2026-02-09,NOCIL.NS,UP,TRAIN,RANGE,0.8243,0.875,HIGH,ALIGNED,0.125,1.3517,HIGH_KN,True
2026-02-09,ATUL.NS,UP,TRAIN,RANGE,0.8183,0.875,HIGH,ALIGNED,0.125,1.7302,HIGH_KN,True
2026-02-09,M&MFIN.NS,UP,TRAIN,RANGE,0.8113,0.875,HIGH,ALIGNED,0.125,0.7438,HIGH_KN,True
2026-02-09,BSE.NS,UP,TRAIN,RANGE,0.8082,1.0,HIGH,ALIGNED,0.0,6.3348,HIGH_KN,True
2026-02-09,MGL.NS,UP,TRAIN,RANGE,0.7995,1.0,HIGH,ALIGNED,0.0,-0.618,HIGH_KN,False
2026-02-09,SHRIRAMFIN.NS,UP,TRAIN,RANGE,0.7957,1.0,HIGH,ALIGNED,0.0,-1.3268,HIGH_KN,False
2026-02-09,WHIRLPOOL.NS,UP,TRAIN,RANGE,0.787,1.0,HIGH,ALIGNED,0.0,-2.5912,HIGH_KN,False
2026-02-09,MANAPPURAM.NS,UP,TRAIN,RANGE,0.7786,0.875,HIGH,ALIGNED,0.125,0.7336,HIGH_KN,True
2026-02-09,SAPPHIRE.NS,UP,TRAIN,RANGE,0.776,0.75,HIGH,ALIGNED,0.25,6.096,HIGH_KN,True
2026-02-09,SBIN.NS,UP,TRAIN,RANGE,0.7716,0.75,HIGH,ALIGNED,0.25,-0.1658,HIGH_KN,False
2026-02-09,GRSE.NS,DOWN,TRAIN,RANGE,0.8588,0.5,MEDIUM,ALIGNED,0.5,0.0278,HIGH_KN,False
2026-02-09,HAL.NS,DOWN,TRAIN,RANGE,0.8257,0.75,HIGH,ALIGNED,0.25,0.9029,HIGH_KN,False
2026-02-09,COFORGE.NS,DOWN,TRAIN,RANGE,0.8233,0.75,HIGH,ALIGNED,0.25,0.1097,HIGH_KN,False
2026-02-09,MOIL.NS,DOWN,TRAIN,RANGE,0.8043,0.75,HIGH,ALIGNED,0.25,1.0185,HIGH_KN,False
2026-02-09,NATIONALUM.NS,DOWN,TRAIN,RANGE,0.7996,0.625,HIGH,ALIGNED,0.375,0.9447,HIGH_KN,False
2026-02-09,RATNAMANI.NS,DOWN,TRAIN,RANGE,0.7887,0.875,HIGH,ALIGNED,0.125,-0.0299,HIGH_KN,True
2026-02-09,INFY.NS,DOWN,TRAIN,RANGE,0.762,0.75,HIGH,ALIGNED,0.25,0.0401,HIGH_KN,False
2026-02-09,OIL.NS,DOWN,TRAIN,RANGE,0.7513,0.625,HIGH,ALIGNED,0.375,-0.2449,HIGH_KN,True
2026-02-09,PERSISTENT.NS,DOWN,TRAIN,RANGE,0.7498,0.75,HIGH,ALIGNED,0.25,-0.0426,HIGH_KN,True
2026-02-09,SYMPHONY.NS,DOWN,TRAIN,RANGE,0.7453,0.375,MEDIUM,CONFLICT,0.625,0.3142,LOW_KN,False
2026-02-09,BEL.NS,DOWN,TRAIN,RANGE,0.7418,0.625,HIGH,ALIGNED,0.375,0.0,HIGH_KN,False
2026-02-09,SUNDRMFAST.NS,DOWN,TRAIN,RANGE,0.7365,0.75,HIGH,ALIGNED,0.25,0.2265,HIGH_KN,False
2026-02-09,NAUKRI.NS,DOWN,TRAIN,RANGE,0.7327,0.5,MEDIUM,ALIGNED,0.5,1.444,HIGH_KN,False
2026-02-09,RATEGAIN.NS,DOWN,TRAIN,RANGE,0.732,0.625,HIGH,ALIGNED,0.375,-0.2104,HIGH_KN,True
2026-02-09,ZENSARTECH.NS,DOWN,TRAIN,RANGE,0.7298,0.625,HIGH,ALIGNED,0.375,-0.352,HIGH_KN,True
2026-02-09,PARAS.NS,DOWN,TRAIN,RANGE,0.7279,0.25,LOW,CONFLICT,0.75,-0.6567,LOW_KN,True
2026-02-09,TATACHEM.NS,DOWN,TRAIN,RANGE,0.7216,0.875,HIGH,ALIGNED,0.125,0.8951,HIGH_KN,False
2026-02-09,OLECTRA.NS,DOWN,TRAIN,RANGE,0.7207,0.625,HIGH,ALIGNED,0.375,0.3879,HIGH_KN,False
2026-02-09,IDEAFORGE.NS,DOWN,TRAIN,RANGE,0.7144,0.625,HIGH,ALIGNED,0.375,0.7411,HIGH_KN,False
2026-02-09,COCHINSHIP.NS,DOWN,TRAIN,RANGE,0.7113,0.375,MEDIUM,CONFLICT,0.625,0.2755,LOW_KN,False
2026-02-10,KALYANKJIL.NS,UP,TRAIN,RANGE,0.9663,0.75,HIGH,ALIGNED,0.25,-1.6018,HIGH_KN,False
2026-02-10,SAPPHIRE.NS,UP,TRAIN,RANGE,0.9361,1.0,HIGH,ALIGNED,0.0,-1.3263,HIGH_KN,False
2026-02-10,AMBER.NS,UP,TRAIN,RANGE,0.9106,0.75,HIGH,ALIGNED,0.25,2.4699,HIGH_KN,True
2026-02-10,RAJESHEXPO.NS,UP,TRAIN,RANGE,0.8762,1.0,HIGH,ALIGNED,0.0,0.7263,HIGH_KN,True
2026-02-10,BSE.NS,UP,TRAIN,RANGE,0.876,0.75,HIGH,ALIGNED,0.25,0.0914,HIGH_KN,True
2026-02-10,M&MFIN.NS,UP,TRAIN,RANGE,0.8618,1.0,HIGH,ALIGNED,0.0,-2.6349,HIGH_KN,False
2026-02-10,MUTHOOTFIN.NS,UP,TRAIN,RANGE,0.8517,0.875,HIGH,ALIGNED,0.125,1.3189,HIGH_KN,True
2026-02-10,NOCIL.NS,UP,TRAIN,RANGE,0.8514,1.0,HIGH,ALIGNED,0.0,-2.1089,HIGH_KN,False
2026-02-10,VOLTAS.NS,UP,TRAIN,RANGE,0.8481,0.875,HIGH,ALIGNED,0.125,2.0941,HIGH_KN,True
2026-02-10,STLTECH.NS,UP,TRAIN,RANGE,0.8471,0.625,HIGH,ALIGNED,0.375,-8.7503,HIGH_KN,False
2026-02-10,CROMPTON.NS,UP,TRAIN,RANGE,0.8327,0.875,HIGH,ALIGNED,0.125,1.6739,HIGH_KN,True
2026-02-10,TATASTEEL.NS,UP,TRAIN,RANGE,0.8269,1.0,HIGH,ALIGNED,0.0,-0.2019,HIGH_KN,False
2026-02-10,GLAXO.NS,UP,TRAIN,RANGE,0.8226,1.0,HIGH,ALIGNED,0.0,2.9128,HIGH_KN,True
2026-02-10,POLICYBZR.NS,UP,TRAIN,RANGE,0.8171,0.5,MEDIUM,ALIGNED,0.5,3.3231,HIGH_KN,True
2026-02-10,DEEPAKFERT.NS,UP,TRAIN,RANGE,0.7976,0.5,MEDIUM,ALIGNED,0.5,-0.7106,HIGH_KN,False
2026-02-10,PFIZER.NS,UP,TRAIN,RANGE,0.795,1.0,HIGH,ALIGNED,0.0,4.7775,HIGH_KN,True
2026-02-10,TATACOMM.NS,UP,TRAIN,RANGE,0.795,1.0,HIGH,ALIGNED,0.0,1.5804,HIGH_KN,True
2026-02-10,GODREJAGRO.NS,UP,TRAIN,RANGE,0.7894,0.875,HIGH,ALIGNED,0.125,-0.6803,HIGH_KN,False
2026-02-10,MANAPPURAM.NS,UP,TRAIN,RANGE,0.787,0.875,HIGH,ALIGNED,0.125,-2.0715,HIGH_KN,False
2026-02-10,TORNTPOWER.NS,UP,TRAIN,RANGE,0.7865,1.0,HIGH,ALIGNED,0.0,-3.6682,HIGH_KN,False
2026-02-10,AUROPHARMA.NS,DOWN,TRAIN,RANGE,0.8329,0.875,HIGH,ALIGNED,0.125,2.0016,HIGH_KN,False
2026-02-10,HAL.NS,DOWN,TRAIN,RANGE,0.8197,0.5,MEDIUM,ALIGNED,0.5,-0.8469,HIGH_KN,True
2026-02-10,COFORGE.NS,DOWN,TRAIN,RANGE,0.8175,0.875,HIGH,ALIGNED,0.125,-1.9729,HIGH_KN,True
2026-02-10,TIINDIA.NS,DOWN,TRAIN,RANGE,0.8046,0.5,MEDIUM,ALIGNED,0.5,0.4757,HIGH_KN,False
2026-02-10,GRSE.NS,DOWN,TRAIN,RANGE,0.7973,0.5,MEDIUM,ALIGNED,0.5,-1.2642,HIGH_KN,True
2026-02-10,SUNDRMFAST.NS,DOWN,TRAIN,RANGE,0.7632,0.625,HIGH,ALIGNED,0.375,1.7596,HIGH_KN,False
2026-02-10,PERSISTENT.NS,DOWN,TRAIN,RANGE,0.762,0.75,HIGH,ALIGNED,0.25,-2.5287,HIGH_KN,True
2026-02-10,JPPOWER.NS,DOWN,TRAIN,RANGE,0.7543,0.625,HIGH,ALIGNED,0.375,1.1842,HIGH_KN,False
2026-02-10,INFY.NS,DOWN,TRAIN,RANGE,0.7536,0.75,HIGH,ALIGNED,0.25,-1.7292,HIGH_KN,True
2026-02-10,RATEGAIN.NS,DOWN,TRAIN,RANGE,0.7486,0.75,HIGH,ALIGNED,0.25,-0.2699,HIGH_KN,True
2026-02-10,OIL.NS,DOWN,TRAIN,RANGE,0.7298,0.75,HIGH,ALIGNED,0.25,-1.9638,HIGH_KN,True
2026-02-10,RATNAMANI.NS,DOWN,TRAIN,RANGE,0.7262,0.875,HIGH,ALIGNED,0.125,-2.8258,HIGH_KN,True
2026-02-10,ZENSARTECH.NS,DOWN,TRAIN,RANGE,0.7245,0.625,HIGH,ALIGNED,0.375,-1.4691,HIGH_KN,True
2026-02-10,NAUKRI.NS,DOWN,TRAIN,RANGE,0.7147,0.625,HIGH,ALIGNED,0.375,-1.8923,HIGH_KN,True
2026-02-10,ADANIPORTS.NS,DOWN,TRAIN,RANGE,0.7119,0.625,HIGH,ALIGNED,0.375,-0.0836,HIGH_KN,True
2026-02-10,ROUTE.NS,DOWN,TRAIN,RANGE,0.6983,0.875,HIGH,ALIGNED,0.125,-0.0433,HIGH_KN,True
2026-02-10,TCS.NS,DOWN,TRAIN,RANGE,0.6974,0.625,HIGH,ALIGNED,0.375,-2.5062,HIGH_KN,True
2026-02-10,STLTECH.NS,DOWN,TRAIN,RANGE,0.6942,0.375,MEDIUM,CONFLICT,0.625,-8.7503,LOW_KN,True
2026-02-10,RECLTD.NS,DOWN,TRAIN,RANGE,0.693,0.75,HIGH,ALIGNED,0.25,-0.52,HIGH_KN,True
2026-02-10,BEL.NS,DOWN,TRAIN,RANGE,0.6895,0.625,HIGH,ALIGNED,0.375,0.0572,HIGH_KN,False
2026-02-11,AMBER.NS,UP,TRAIN,RANGE,0.8812,0.75,HIGH,ALIGNED,0.25,1.1499,HIGH_KN,True
2026-02-11,GLAXO.NS,UP,TRAIN,RANGE,0.8573,1.0,HIGH,ALIGNED,0.0,-1.141,HIGH_KN,False
2026-02-11,BSE.NS,UP,TRAIN,RANGE,0.8568,0.75,HIGH,ALIGNED,0.25,-1.067,HIGH_KN,False
2026-02-11,MUTHOOTFIN.NS,UP,TRAIN,RANGE,0.8568,0.875,HIGH,ALIGNED,0.125,3.3993,HIGH_KN,True
2026-02-11,PFIZER.NS,UP,TRAIN,RANGE,0.8473,1.0,HIGH,ALIGNED,0.0,-1.4699,HIGH_KN,False
2026-02-11,WHIRLPOOL.NS,UP,TRAIN,RANGE,0.8383,1.0,HIGH,ALIGNED,0.0,-3.008,HIGH_KN,False
2026-02-11,TATACOMM.NS,UP,TRAIN,RANGE,0.8305,1.0,HIGH,ALIGNED,0.0,0.1174,HIGH_KN,True
2026-02-11,KALYANKJIL.NS,UP,TRAIN,RANGE,0.8273,0.625,HIGH,ALIGNED,0.375,1.2999,HIGH_KN,True
2026-02-11,DATAPATTNS.NS,UP,TRAIN,RANGE,0.8188,0.75,HIGH,ALIGNED,0.25,-1.7439,HIGH_KN,False
2026-02-11,SBIN.NS,UP,TRAIN,RANGE,0.8166,0.75,HIGH,ALIGNED,0.25,0.8031,HIGH_KN,True
2026-02-11,RAJESHEXPO.NS,UP,TRAIN,RANGE,0.8088,0.875,HIGH,ALIGNED,0.125,-2.8211,HIGH_KN,False
2026-02-11,POLICYBZR.NS,UP,TRAIN,RANGE,0.8078,0.625,HIGH,ALIGNED,0.375,-0.0643,HIGH_KN,False
2026-02-11,DIVISLAB.NS,UP,TRAIN,RANGE,0.8005,1.0,HIGH,ALIGNED,0.0,-3.1551,HIGH_KN,False
2026-02-11,SAPPHIRE.NS,UP,TRAIN,RANGE,0.7951,0.75,HIGH,ALIGNED,0.25,-1.6746,HIGH_KN,False
2026-02-11,CRAFTSMAN.NS,UP,TRAIN,RANGE,0.7924,1.0,HIGH,ALIGNED,0.0,-1.7921,HIGH_KN,False
2026-02-11,ENDURANCE.NS,UP,TRAIN,RANGE,0.7866,1.0,HIGH,ALIGNED,0.0,-1.8987,HIGH_KN,False
2026-02-11,SJVN.NS,UP,TRAIN,RANGE,0.7844,1.0,HIGH,ALIGNED,0.0,2.0677,HIGH_KN,True
2026-02-11,ATUL.NS,UP,TRAIN,RANGE,0.7807,0.875,HIGH,ALIGNED,0.125,-0.5327,HIGH_KN,False
2026-02-11,TATASTEEL.NS,UP,TRAIN,RANGE,0.7763,0.75,HIGH,ALIGNED,0.25,0.2505,HIGH_KN,True
2026-02-11,EICHERMOT.NS,UP,TRAIN,RANGE,0.7656,1.0,HIGH,ALIGNED,0.0,2.2134,HIGH_KN,True
2026-02-11,OIL.NS,DOWN,TRAIN,RANGE,0.8417,0.75,HIGH,ALIGNED,0.25,-0.9181,HIGH_KN,True
2026-02-11,TIINDIA.NS,DOWN,TRAIN,RANGE,0.8412,0.375,MEDIUM,CONFLICT,0.625,2.4978,LOW_KN,False
2026-02-11,JPPOWER.NS,DOWN,TRAIN,RANGE,0.8127,0.5,MEDIUM,ALIGNED,0.5,-0.3251,HIGH_KN,True
2026-02-11,AUROPHARMA.NS,DOWN,TRAIN,RANGE,0.8112,0.75,HIGH,ALIGNED,0.25,0.9855,HIGH_KN,False
2026-02-11,ADANIPORTS.NS,DOWN,TRAIN,RANGE,0.7914,0.625,HIGH,ALIGNED,0.375,-0.6244,HIGH_KN,True
2026-02-11,RATNAMANI.NS,DOWN,TRAIN,RANGE,0.7583,0.875,HIGH,ALIGNED,0.125,19.4205,HIGH_KN,False
2026-02-11,RECLTD.NS,DOWN,TRAIN,RANGE,0.7571,0.75,HIGH,ALIGNED,0.25,-0.9182,HIGH_KN,True
2026-02-11,RATEGAIN.NS,DOWN,TRAIN,RANGE,0.7556,0.625,HIGH,ALIGNED,0.375,-3.4162,HIGH_KN,True
2026-02-11,GRSE.NS,DOWN,TRAIN,RANGE,0.7488,0.5,MEDIUM,ALIGNED,0.5,0.5073,HIGH_KN,False
2026-02-11,TEJASNET.NS,DOWN,TRAIN,RANGE,0.7466,0.625,HIGH,ALIGNED,0.375,-1.7697,HIGH_KN,True
2026-02-11,IDEAFORGE.NS,DOWN,TRAIN,RANGE,0.712,0.75,HIGH,ALIGNED,0.25,-0.4604,HIGH_KN,True
2026-02-11,MASTEK.NS,DOWN,TRAIN,RANGE,0.6995,0.625,HIGH,ALIGNED,0.375,-5.2952,HIGH_KN,True
2026-02-11,PFC.NS,DOWN,TRAIN,RANGE,0.6942,0.5,MEDIUM,ALIGNED,0.5,-1.2745,HIGH_KN,True
2026-02-11,SYMPHONY.NS,DOWN,TRAIN,RANGE,0.694,0.625,HIGH,ALIGNED,0.375,-1.038,HIGH_KN,True
2026-02-11,SUZLON.NS,DOWN,TRAIN,RANGE,0.6905,0.625,HIGH,ALIGNED,0.375,-1.203,HIGH_KN,True
2026-02-11,IDFCFIRSTB.NS,DOWN,TRAIN,RANGE,0.6761,0.625,HIGH,ALIGNED,0.375,-0.4966,HIGH_KN,True
2026-02-11,NCC.NS,DOWN,TRAIN,RANGE,0.664,0.5,MEDIUM,ALIGNED,0.5,-0.6098,HIGH_KN,True
2026-02-11,MOIL.NS,DOWN,TRAIN,RANGE,0.6639,0.5,MEDIUM,ALIGNED,0.5,-0.9516,HIGH_KN,True
2026-02-11,COFORGE.NS,DOWN,TRAIN,RANGE,0.6615,0.625,HIGH,ALIGNED,0.375,-6.5049,HIGH_KN,True
2026-02-11,SUNDRMFAST.NS,DOWN,TRAIN,RANGE,0.6607,0.375,MEDIUM,CONFLICT,0.625,-0.5711,LOW_KN,True
2026-02-12,RATNAMANI.NS,UP,TRAIN,RANGE,0.978,1.0,HIGH,ALIGNED,0.0,-3.1578,HIGH_KN,False
2026-02-12,GODREJAGRO.NS,UP,TRAIN,RANGE,0.929,0.875,HIGH,ALIGNED,0.125,2.8752,HIGH_KN,True
2026-02-12,MUTHOOTFIN.NS,UP,TRAIN,RANGE,0.9251,1.0,HIGH,ALIGNED,0.0,-11.8223,HIGH_KN,False
2026-02-12,AMBER.NS,UP,TRAIN,RANGE,0.8676,0.75,HIGH,ALIGNED,0.25,-0.6423,HIGH_KN,False
2026-02-12,SJVN.NS,UP,TRAIN,RANGE,0.8639,1.0,HIGH,ALIGNED,0.0,-2.9248,HIGH_KN,False
2026-02-12,MOTHERSON.NS,UP,TRAIN,RANGE,0.831,1.0,HIGH,ALIGNED,0.0,-1.115,HIGH_KN,False
2026-02-12,BHARATFORG.NS,UP,TRAIN,RANGE,0.8176,0.75,HIGH,ALIGNED,0.25,0.7008,HIGH_KN,True
2026-02-12,SHRIRAMFIN.NS,UP,TRAIN,RANGE,0.8173,1.0,HIGH,ALIGNED,0.0,-1.57,HIGH_KN,False
2026-02-12,ATUL.NS,UP,TRAIN,RANGE,0.8132,0.875,HIGH,ALIGNED,0.125,0.0905,HIGH_KN,True
2026-02-12,KALYANKJIL.NS,UP,TRAIN,RANGE,0.8132,0.75,HIGH,ALIGNED,0.25,-3.341,HIGH_KN,False
2026-02-12,HAL.NS,UP,TRAIN,RANGE,0.812,0.75,HIGH,ALIGNED,0.25,1.2864,HIGH_KN,True
2026-02-12,FINPIPE.NS,UP,TRAIN,RANGE,0.8107,1.0,HIGH,ALIGNED,0.0,-1.3641,HIGH_KN,False
2026-02-12,NAVINFLUOR.NS,UP,TRAIN,RANGE,0.808,0.875,HIGH,ALIGNED,0.125,-4.2963,HIGH_KN,False
2026-02-12,VOLTAS.NS,UP,TRAIN,RANGE,0.7998,1.0,HIGH,ALIGNED,0.0,-0.6772,HIGH_KN,False
2026-02-12,SBIN.NS,UP,TRAIN,RANGE,0.7912,0.75,HIGH,ALIGNED,0.25,0.52,HIGH_KN,True
2026-02-12,DATAPATTNS.NS,UP,TRAIN,RANGE,0.7902,0.625,HIGH,ALIGNED,0.375,-0.521,HIGH_KN,False
2026-02-12,ERIS.NS,UP,TRAIN,RANGE,0.789,1.0,HIGH,ALIGNED,0.0,-6.3559,HIGH_KN,False
2026-02-12,TIINDIA.NS,UP,TRAIN,RANGE,0.788,0.875,HIGH,ALIGNED,0.125,-0.5097,HIGH_KN,False
2026-02-12,MANAPPURAM.NS,UP,TRAIN,RANGE,0.7871,0.875,HIGH,ALIGNED,0.125,-1.9439,HIGH_KN,False
2026-02-12,NOCIL.NS,UP,TRAIN,RANGE,0.7739,0.875,HIGH,ALIGNED,0.125,-1.5935,HIGH_KN,False
2026-02-12,COFORGE.NS,DOWN,TRAIN,RANGE,0.7863,0.75,HIGH,ALIGNED,0.25,-4.1998,HIGH_KN,True
2026-02-12,ADANIPORTS.NS,DOWN,TRAIN,RANGE,0.7785,0.75,HIGH,ALIGNED,0.25,-1.6001,HIGH_KN,True
2026-02-12,OIL.NS,DOWN,TRAIN,RANGE,0.7736,0.625,HIGH,ALIGNED,0.375,-4.1276,HIGH_KN,True
2026-02-12,PERSISTENT.NS,DOWN,TRAIN,RANGE,0.7568,0.75,HIGH,ALIGNED,0.25,0.4952,HIGH_KN,False
2026-02-12,RATEGAIN.NS,DOWN,TRAIN,RANGE,0.7534,0.75,HIGH,ALIGNED,0.25,-4.0711,HIGH_KN,True
2026-02-12,AUROPHARMA.NS,DOWN,TRAIN,RANGE,0.7422,0.625,HIGH,ALIGNED,0.375,-1.0623,HIGH_KN,True
2026-02-12,RECLTD.NS,DOWN,TRAIN,RANGE,0.7398,0.625,HIGH,ALIGNED,0.375,-1.0835,HIGH_KN,True
2026-02-12,ZENSARTECH.NS,DOWN,TRAIN,RANGE,0.7398,0.75,HIGH,ALIGNED,0.25,1.9936,HIGH_KN,False
2026-02-12,PFC.NS,DOWN,TRAIN,RANGE,0.7356,0.75,HIGH,ALIGNED,0.25,-2.4358,HIGH_KN,True
2026-02-12,TCS.NS,DOWN,TRAIN,RANGE,0.7351,0.75,HIGH,ALIGNED,0.25,-2.1054,HIGH_KN,True
2026-02-12,INFY.NS,DOWN,TRAIN,RANGE,0.722,0.75,HIGH,ALIGNED,0.25,-1.2193,HIGH_KN,True
2026-02-12,TEJASNET.NS,DOWN,TRAIN,RANGE,0.7195,0.625,HIGH,ALIGNED,0.375,-1.3211,HIGH_KN,True
2026-02-12,CLEAN.NS,DOWN,TRAIN,RANGE,0.718,0.75,HIGH,ALIGNED,0.25,-2.2638,HIGH_KN,True
2026-02-12,ADANIENSOL.NS,DOWN,TRAIN,RANGE,0.714,0.5,MEDIUM,ALIGNED,0.5,-3.4024,HIGH_KN,True
2026-02-12,HCLTECH.NS,DOWN,TRAIN,RANGE,0.7093,0.75,HIGH,ALIGNED,0.25,-1.4159,HIGH_KN,True
2026-02-12,WIPRO.NS,DOWN,TRAIN,RANGE,0.6966,0.75,HIGH,ALIGNED,0.25,-2.2777,HIGH_KN,True
2026-02-12,MASTEK.NS,DOWN,TRAIN,RANGE,0.6937,0.75,HIGH,ALIGNED,0.25,-2.2063,HIGH_KN,True
2026-02-12,RAJESHEXPO.NS,DOWN,TRAIN,RANGE,0.6925,0.5,MEDIUM,ALIGNED,0.5,-3.6395,HIGH_KN,True
2026-02-12,SYMPHONY.NS,DOWN,TRAIN,RANGE,0.6909,0.625,HIGH,ALIGNED,0.375,-6.1005,HIGH_KN,True
2026-02-12,ROUTE.NS,DOWN,TRAIN,RANGE,0.6661,0.75,HIGH,ALIGNED,0.25,-3.3184,HIGH_KN,True
2026-02-13,RATNAMANI.NS,UP,TRAIN,RANGE,0.9812,0.875,HIGH,ALIGNED,0.125,-4.398,HIGH_KN,False
2026-02-13,GODREJAGRO.NS,UP,TRAIN,RANGE,0.9293,0.75,HIGH,ALIGNED,0.25,-1.9963,HIGH_KN,False
2026-02-13,HAL.NS,UP,TRAIN,RANGE,0.8603,0.75,HIGH,ALIGNED,0.25,0.3252,HIGH_KN,True
2026-02-13,BHARATFORG.NS,UP,TRAIN,RANGE,0.8488,0.75,HIGH,ALIGNED,0.25,-0.6556,HIGH_KN,False
2026-02-13,MOTHERSON.NS,UP,TRAIN,RANGE,0.8154,0.875,HIGH,ALIGNED,0.125,0.7999,HIGH_KN,True
2026-02-13,METROBRAND.NS,UP,TRAIN,RANGE,0.8101,0.5,MEDIUM,ALIGNED,0.5,0.1308,HIGH_KN,True
2026-02-13,BEML.NS,UP,TRAIN,RANGE,0.7986,0.75,HIGH,ALIGNED,0.25,-0.9102,HIGH_KN,False
2026-02-13,FINPIPE.NS,UP,TRAIN,RANGE,0.7923,1.0,HIGH,ALIGNED,0.0,0.106,HIGH_KN,True
2026-02-13,NAUKRI.NS,UP,TRAIN,RANGE,0.7832,0.625,HIGH,ALIGNED,0.375,-1.3934,HIGH_KN,False
2026-02-13,KALYANKJIL.NS,UP,TRAIN,RANGE,0.7825,0.375,MEDIUM,CONFLICT,0.625,2.1529,LOW_KN,True
2026-02-13,EICHERMOT.NS,UP,TRAIN,RANGE,0.7752,0.75,HIGH,ALIGNED,0.25,-0.6758,HIGH_KN,False
2026-02-13,BLUESTARCO.NS,UP,TRAIN,RANGE,0.774,0.75,HIGH,ALIGNED,0.25,-1.0915,HIGH_KN,False
2026-02-13,SBIN.NS,UP,TRAIN,RANGE,0.7704,0.75,HIGH,ALIGNED,0.25,0.7926,HIGH_KN,True
2026-02-13,TIINDIA.NS,UP,TRAIN,RANGE,0.77,0.875,HIGH,ALIGNED,0.125,0.2321,HIGH_KN,True
2026-02-13,AMBER.NS,UP,TRAIN,RANGE,0.769,0.625,HIGH,ALIGNED,0.375,0.4719,HIGH_KN,True
2026-02-13,SUDARSCHEM.NS,UP,TRAIN,RANGE,0.7538,0.625,HIGH,ALIGNED,0.375,-0.9517,HIGH_KN,False
2026-02-13,SJVN.NS,UP,TRAIN,RANGE,0.7531,0.75,HIGH,ALIGNED,0.25,1.4869,HIGH_KN,True
2026-02-13,GODREJPROP.NS,UP,TRAIN,RANGE,0.7488,0.5,MEDIUM,ALIGNED,0.5,1.4447,HIGH_KN,True
2026-02-13,ONMOBILE.NS,UP,TRAIN,RANGE,0.7488,0.375,MEDIUM,CONFLICT,0.625,0.56,LOW_KN,True
2026-02-13,BSE.NS,UP,TRAIN,RANGE,0.7423,0.625,HIGH,ALIGNED,0.375,-7.2951,HIGH_KN,False
2026-02-13,OIL.NS,DOWN,TRAIN,RANGE,0.824,0.75,HIGH,ALIGNED,0.25,1.8781,HIGH_KN,False
2026-02-13,SYMPHONY.NS,DOWN,TRAIN,RANGE,0.7829,0.875,HIGH,ALIGNED,0.125,-1.9149,HIGH_KN,True
2026-02-13,COFORGE.NS,DOWN,TRAIN,RANGE,0.7642,0.75,HIGH,ALIGNED,0.25,2.2544,HIGH_KN,False
2026-02-13,M&MFIN.NS,DOWN,TRAIN,RANGE,0.7591,0.75,HIGH,ALIGNED,0.25,1.6784,HIGH_KN,False
2026-02-13,NMDC.NS,DOWN,TRAIN,RANGE,0.7459,0.75,HIGH,ALIGNED,0.25,1.2967,HIGH_KN,False
2026-02-13,PFC.NS,DOWN,TRAIN,RANGE,0.7378,0.625,HIGH,ALIGNED,0.375,2.8086,HIGH_KN,False
2026-02-13,TCS.NS,DOWN,TRAIN,RANGE,0.7344,0.75,HIGH,ALIGNED,0.25,0.5349,HIGH_KN,False
2026-02-13,RECLTD.NS,DOWN,TRAIN,RANGE,0.7315,0.5,MEDIUM,ALIGNED,0.5,1.9026,HIGH_KN,False
2026-02-13,INFY.NS,DOWN,TRAIN,RANGE,0.73,0.625,HIGH,ALIGNED,0.375,-0.2556,HIGH_KN,True
2026-02-13,WIPRO.NS,DOWN,TRAIN,RANGE,0.7274,0.75,HIGH,ALIGNED,0.25,-0.3877,HIGH_KN,True
2026-02-13,HCLTECH.NS,DOWN,TRAIN,RANGE,0.7264,0.625,HIGH,ALIGNED,0.375,0.4535,HIGH_KN,False
2026-02-13,NAVINFLUOR.NS,DOWN,TRAIN,RANGE,0.719,0.625,HIGH,ALIGNED,0.375,-0.8804,HIGH_KN,True
2026-02-13,KPITTECH.NS,DOWN,TRAIN,RANGE,0.7065,0.75,HIGH,ALIGNED,0.25,2.1585,HIGH_KN,False
2026-02-13,AUROPHARMA.NS,DOWN,TRAIN,RANGE,0.7038,0.5,MEDIUM,ALIGNED,0.5,3.4043,HIGH_KN,False
2026-02-13,HINDALCO.NS,DOWN,TRAIN,RANGE,0.6993,0.875,HIGH,ALIGNED,0.125,-0.1705,HIGH_KN,True
2026-02-13,MUTHOOTFIN.NS,DOWN,TRAIN,RANGE,0.6942,0.75,HIGH,ALIGNED,0.25,-2.4511,HIGH_KN,True
2026-02-13,NCC.NS,DOWN,TRAIN,RANGE,0.6923,0.625,HIGH,ALIGNED,0.375,-1.2374,HIGH_KN,True
2026-02-13,RATEGAIN.NS,DOWN,TRAIN,RANGE,0.6844,0.75,HIGH,ALIGNED,0.25,-1.6519,HIGH_KN,True
2026-02-13,COALINDIA.NS,DOWN,TRAIN,RANGE,0.6832,0.625,HIGH,ALIGNED,0.375,3.3134,HIGH_KN,False
2026-02-13,MASTEK.NS,DOWN,TRAIN,RANGE,0.6817,0.75,HIGH,ALIGNED,0.25,-2.2161,HIGH_KN,True
2026-02-16,NATCOPHARM.NS,UP,TRAIN,RANGE,0.859,1.0,HIGH,ALIGNED,0.0,0.3687,HIGH_KN,True
2026-02-16,RATNAMANI.NS,UP,TRAIN,RANGE,0.8557,0.625,HIGH,ALIGNED,0.375,0.0883,HIGH_KN,True
2026-02-16,BHARATFORG.NS,UP,TRAIN,RANGE,0.8485,0.5,MEDIUM,ALIGNED,0.5,1.3778,HIGH_KN,True
2026-02-16,SJVN.NS,UP,TRAIN,RANGE,0.8254,0.875,HIGH,ALIGNED,0.125,-0.3341,HIGH_KN,False
2026-02-16,GALAXYSURF.NS,UP,TRAIN,RANGE,0.8197,0.625,HIGH,ALIGNED,0.375,5.0789,HIGH_KN,True
2026-02-16,HAL.NS,UP,TRAIN,RANGE,0.8087,0.625,HIGH,ALIGNED,0.375,0.5087,HIGH_KN,True
2026-02-16,CENTUM.NS,UP,TRAIN,RANGE,0.8065,0.75,HIGH,ALIGNED,0.25,-1.357,HIGH_KN,False
2026-02-16,GODREJAGRO.NS,UP,TRAIN,RANGE,0.8022,0.75,HIGH,ALIGNED,0.25,1.1047,HIGH_KN,True
2026-02-16,TORNTPHARM.NS,UP,TRAIN,RANGE,0.7883,1.0,HIGH,ALIGNED,0.0,-0.0727,HIGH_KN,False
2026-02-16,EICHERMOT.NS,UP,TRAIN,RANGE,0.7803,0.75,HIGH,ALIGNED,0.25,0.3058,HIGH_KN,True
2026-02-16,GLENMARK.NS,UP,TRAIN,RANGE,0.7749,1.0,HIGH,ALIGNED,0.0,0.4088,HIGH_KN,True
2026-02-16,ONMOBILE.NS,UP,TRAIN,RANGE,0.7652,0.375,MEDIUM,CONFLICT,0.625,-0.8641,LOW_KN,False
2026-02-16,JINDALPOLY.NS,UP,TRAIN,RANGE,0.7488,0.75,HIGH,ALIGNED,0.25,8.0556,HIGH_KN,True
2026-02-16,MOTHERSON.NS,UP,TRAIN,RANGE,0.7433,0.75,HIGH,ALIGNED,0.25,0.2645,HIGH_KN,True
2026-02-16,BLUESTARCO.NS,UP,TRAIN,RANGE,0.7373,0.625,HIGH,ALIGNED,0.375,1.3668,HIGH_KN,True
2026-02-16,TORNTPOWER.NS,UP,TRAIN,RANGE,0.7311,0.75,HIGH,ALIGNED,0.25,1.0194,HIGH_KN,True
2026-02-16,TATAPOWER.NS,UP,TRAIN,RANGE,0.7219,0.875,HIGH,ALIGNED,0.125,-0.9683,HIGH_KN,False
2026-02-16,ONGC.NS,UP,TRAIN,RANGE,0.7211,0.625,HIGH,ALIGNED,0.375,0.1105,HIGH_KN,True
2026-02-16,FINPIPE.NS,UP,TRAIN,RANGE,0.7199,0.75,HIGH,ALIGNED,0.25,1.1009,HIGH_KN,True
2026-02-16,POWERGRID.NS,UP,TRAIN,RANGE,0.7114,0.625,HIGH,ALIGNED,0.375,0.0832,HIGH_KN,True
2026-02-16,MUTHOOTFIN.NS,DOWN,TRAIN,RANGE,0.8602,0.875,HIGH,ALIGNED,0.125,-0.0658,HIGH_KN,True
2026-02-16,RAJESHEXPO.NS,DOWN,TRAIN,RANGE,0.8448,0.875,HIGH,ALIGNED,0.125,-1.4317,HIGH_KN,True
2026-02-16,BSE.NS,DOWN,TRAIN,RANGE,0.8415,0.875,HIGH,ALIGNED,0.125,-2.2214,HIGH_KN,True
2026-02-16,DEEPAKFERT.NS,DOWN,TRAIN,RANGE,0.8209,0.75,HIGH,ALIGNED,0.25,1.0255,HIGH_KN,False
2026-02-16,NAVINFLUOR.NS,DOWN,TRAIN,RANGE,0.7997,0.625,HIGH,ALIGNED,0.375,-0.112,HIGH_KN,True
2026-02-16,SYMPHONY.NS,DOWN,TRAIN,RANGE,0.7868,0.875,HIGH,ALIGNED,0.125,0.1046,HIGH_KN,False
2026-02-16,M&MFIN.NS,DOWN,TRAIN,RANGE,0.7776,0.5,MEDIUM,ALIGNED,0.5,4.0184,HIGH_KN,False
2026-02-16,HINDALCO.NS,DOWN,TRAIN,RANGE,0.7766,0.75,HIGH,ALIGNED,0.25,-1.912,HIGH_KN,True
2026-02-16,MAPMYINDIA.NS,DOWN,TRAIN,RANGE,0.7741,0.75,HIGH,ALIGNED,0.25,0.1562,HIGH_KN,False
2026-02-16,INTELLECT.NS,DOWN,TRAIN,RANGE,0.749,0.625,HIGH,ALIGNED,0.375,2.6597,HIGH_KN,False
2026-02-16,OIL.NS,DOWN,TRAIN,RANGE,0.7464,0.625,HIGH,ALIGNED,0.375,0.194,HIGH_KN,False
2026-02-16,HFCL.NS,DOWN,TRAIN,RANGE,0.7455,0.625,HIGH,ALIGNED,0.375,4.5217,HIGH_KN,False
2026-02-16,BASF.NS,DOWN,TRAIN,RANGE,0.7433,0.75,HIGH,ALIGNED,0.25,0.5725,HIGH_KN,False
2026-02-16,CLEAN.NS,DOWN,TRAIN,RANGE,0.7353,0.625,HIGH,ALIGNED,0.375,0.1209,HIGH_KN,False
2026-02-16,SUDARSCHEM.NS,DOWN,TRAIN,RANGE,0.7333,0.625,HIGH,ALIGNED,0.375,0.404,HIGH_KN,False
2026-02-16,LTTS.NS,DOWN,TRAIN,RANGE,0.7219,0.875,HIGH,ALIGNED,0.125,-0.1961,HIGH_KN,True
2026-02-16,KPITTECH.NS,DOWN,TRAIN,RANGE,0.7164,0.625,HIGH,ALIGNED,0.375,-0.1136,HIGH_KN,True
2026-02-16,HCLTECH.NS,DOWN,TRAIN,RANGE,0.6908,0.625,HIGH,ALIGNED,0.375,1.4229,HIGH_KN,False
2026-02-16,NCC.NS,DOWN,TRAIN,RANGE,0.6888,0.625,HIGH,ALIGNED,0.375,1.3995,HIGH_KN,False
2026-02-16,NATIONALUM.NS,DOWN,TRAIN,RANGE,0.6769,0.75,HIGH,ALIGNED,0.25,-2.167,HIGH_KN,True
2026-02-17,AUROPHARMA.NS,UP,TRAIN,RANGE,0.9189,0.875,HIGH,ALIGNED,0.125,-2.2836,HIGH_KN,False
2026-02-17,JINDALPOLY.NS,UP,TRAIN,RANGE,0.9133,0.75,HIGH,ALIGNED,0.25,-3.6128,HIGH_KN,False
2026-02-17,BHARATFORG.NS,UP,TRAIN,RANGE,0.8512,0.625,HIGH,ALIGNED,0.375,1.1535,HIGH_KN,True
2026-02-17,NATCOPHARM.NS,UP,TRAIN,RANGE,0.8277,0.75,HIGH,ALIGNED,0.25,0.6556,HIGH_KN,True
2026-02-17,UNIONBANK.NS,UP,TRAIN,RANGE,0.8277,0.875,HIGH,ALIGNED,0.125,2.2341,HIGH_KN,True
2026-02-17,RATNAMANI.NS,UP,TRAIN,RANGE,0.8068,0.5,MEDIUM,ALIGNED,0.5,15.8085,HIGH_KN,True
2026-02-17,BANKBARODA.NS,UP,TRAIN,RANGE,0.7968,1.0,HIGH,ALIGNED,0.0,0.6265,HIGH_KN,True
2026-02-17,FINPIPE.NS,UP,TRAIN,RANGE,0.7944,0.75,HIGH,ALIGNED,0.25,0.1571,HIGH_KN,True
2026-02-17,TIINDIA.NS,UP,TRAIN,RANGE,0.7942,0.625,HIGH,ALIGNED,0.375,0.3451,HIGH_KN,True
2026-02-17,GALAXYSURF.NS,UP,TRAIN,RANGE,0.7927,0.875,HIGH,ALIGNED,0.125,-0.7634,HIGH_KN,False
2026-02-17,STLTECH.NS,UP,TRAIN,RANGE,0.7833,0.625,HIGH,ALIGNED,0.375,-2.9271,HIGH_KN,False
2026-02-17,ADANIGREEN.NS,UP,TRAIN,RANGE,0.782,0.75,HIGH,ALIGNED,0.25,-1.6424,HIGH_KN,False
2026-02-17,COROMANDEL.NS,UP,TRAIN,RANGE,0.7667,0.875,HIGH,ALIGNED,0.125,-0.4768,HIGH_KN,False
2026-02-17,RBLBANK.NS,UP,TRAIN,RANGE,0.7607,1.0,HIGH,ALIGNED,0.0,1.1016,HIGH_KN,True
2026-02-17,RADICO.NS,UP,TRAIN,RANGE,0.7524,0.5,MEDIUM,ALIGNED,0.5,-1.2224,HIGH_KN,False
2026-02-17,SJVN.NS,UP,TRAIN,RANGE,0.7454,0.625,HIGH,ALIGNED,0.375,-1.1605,HIGH_KN,False
2026-02-17,SBIN.NS,UP,TRAIN,RANGE,0.7427,0.5,MEDIUM,ALIGNED,0.5,0.4533,HIGH_KN,True
2026-02-17,HAL.NS,UP,TRAIN,RANGE,0.7371,0.625,HIGH,ALIGNED,0.375,0.0824,HIGH_KN,True
2026-02-17,WHIRLPOOL.NS,UP,TRAIN,RANGE,0.7354,0.75,HIGH,ALIGNED,0.25,-0.428,HIGH_KN,False
2026-02-17,RATEGAIN.NS,UP,TRAIN,RANGE,0.7299,0.625,HIGH,ALIGNED,0.375,-2.6864,HIGH_KN,False
2026-02-17,BSE.NS,DOWN,TRAIN,RANGE,0.891,0.875,HIGH,ALIGNED,0.125,2.9793,HIGH_KN,False
2026-02-17,MUTHOOTFIN.NS,DOWN,TRAIN,RANGE,0.8803,0.75,HIGH,ALIGNED,0.25,-1.1156,HIGH_KN,True
2026-02-17,RAJESHEXPO.NS,DOWN,TRAIN,RANGE,0.8743,0.875,HIGH,ALIGNED,0.125,-0.5522,HIGH_KN,True
2026-02-17,NATIONALUM.NS,DOWN,TRAIN,RANGE,0.8226,0.625,HIGH,ALIGNED,0.375,0.9388,HIGH_KN,False
2026-02-17,HINDALCO.NS,DOWN,TRAIN,RANGE,0.816,0.75,HIGH,ALIGNED,0.25,1.028,HIGH_KN,False
2026-02-17,SYMPHONY.NS,DOWN,TRAIN,RANGE,0.8119,0.875,HIGH,ALIGNED,0.125,-1.2711,HIGH_KN,True
2026-02-17,KPITTECH.NS,DOWN,TRAIN,RANGE,0.7983,0.75,HIGH,ALIGNED,0.25,-2.013,HIGH_KN,True
2026-02-17,MAPMYINDIA.NS,DOWN,TRAIN,RANGE,0.7731,0.875,HIGH,ALIGNED,0.125,0.6843,HIGH_KN,False
2026-02-17,SUDARSCHEM.NS,DOWN,TRAIN,RANGE,0.7621,0.625,HIGH,ALIGNED,0.375,-0.2664,HIGH_KN,True
2026-02-17,DEEPAKFERT.NS,DOWN,TRAIN,RANGE,0.7566,0.625,HIGH,ALIGNED,0.375,-0.2514,HIGH_KN,True
2026-02-17,BATAINDIA.NS,DOWN,TRAIN,RANGE,0.7481,0.625,HIGH,ALIGNED,0.375,-0.2206,HIGH_KN,True
2026-02-17,NMDC.NS,DOWN,TRAIN,RANGE,0.7408,0.75,HIGH,ALIGNED,0.25,1.3413,HIGH_KN,False
2026-02-17,LTTS.NS,DOWN,TRAIN,RANGE,0.7379,0.75,HIGH,ALIGNED,0.25,-0.4699,HIGH_KN,True
2026-02-17,M&MFIN.NS,DOWN,TRAIN,RANGE,0.7373,0.625,HIGH,ALIGNED,0.375,0.026,HIGH_KN,False
2026-02-17,HINDZINC.NS,DOWN,TRAIN,RANGE,0.7371,0.75,HIGH,ALIGNED,0.25,0.7142,HIGH_KN,False
2026-02-17,VEDL.NS,DOWN,TRAIN,RANGE,0.7233,0.75,HIGH,ALIGNED,0.25,1.4666,HIGH_KN,False
2026-02-17,RAILTEL.NS,DOWN,TRAIN,RANGE,0.7226,0.75,HIGH,ALIGNED,0.25,1.2291,HIGH_KN,False
2026-02-17,TATASTEEL.NS,DOWN,TRAIN,RANGE,0.7219,0.75,HIGH,ALIGNED,0.25,2.9299,HIGH_KN,False
2026-02-17,CLEAN.NS,DOWN,TRAIN,RANGE,0.7136,0.75,HIGH,ALIGNED,0.25,2.06,HIGH_KN,False
2026-02-17,TECHM.NS,DOWN,TRAIN,RANGE,0.7066,0.625,HIGH,ALIGNED,0.375,-1.2469,HIGH_KN,True
2026-02-18,RATNAMANI.NS,UP,TRAIN,RANGE,0.9978,1.0,HIGH,ALIGNED,0.0,-0.7056,HIGH_KN,False
2026-02-18,TORNTPOWER.NS,UP,TRAIN,RANGE,0.8692,1.0,HIGH,ALIGNED,0.0,-2.3104,HIGH_KN,False
2026-02-18,AUROPHARMA.NS,UP,TRAIN,RANGE,0.8522,0.75,HIGH,ALIGNED,0.25,1.0176,HIGH_KN,True
2026-02-18,UNIONBANK.NS,UP,TRAIN,RANGE,0.8517,0.75,HIGH,ALIGNED,0.25,-1.859,HIGH_KN,False
2026-02-18,STLTECH.NS,UP,TRAIN,RANGE,0.835,0.5,MEDIUM,ALIGNED,0.5,-1.1355,HIGH_KN,False
2026-02-18,HFCL.NS,UP,TRAIN,RANGE,0.8291,0.875,HIGH,ALIGNED,0.125,-3.266,HIGH_KN,False
2026-02-18,BHARATFORG.NS,UP,TRAIN,RANGE,0.8233,0.625,HIGH,ALIGNED,0.375,-0.7452,HIGH_KN,False
2026-02-18,JINDALPOLY.NS,UP,TRAIN,RANGE,0.8187,0.75,HIGH,ALIGNED,0.25,0.9008,HIGH_KN,True
2026-02-18,NATCOPHARM.NS,UP,TRAIN,RANGE,0.807,0.875,HIGH,ALIGNED,0.125,-0.2471,HIGH_KN,False
2026-02-18,PNB.NS,UP,TRAIN,RANGE,0.7879,1.0,HIGH,ALIGNED,0.0,-1.615,HIGH_KN,False
2026-02-18,BDL.NS,UP,TRAIN,RANGE,0.7779,0.625,HIGH,ALIGNED,0.375,-1.8935,HIGH_KN,False
2026-02-18,RBLBANK.NS,UP,TRAIN,RANGE,0.774,1.0,HIGH,ALIGNED,0.0,2.0718,HIGH_KN,True
2026-02-18,MANAPPURAM.NS,UP,TRAIN,RANGE,0.7704,0.75,HIGH,ALIGNED,0.25,-1.4348,HIGH_KN,False
2026-02-18,CANBK.NS,UP,TRAIN,RANGE,0.7682,0.875,HIGH,ALIGNED,0.125,-1.6585,HIGH_KN,False
2026-02-18,ITC.NS,UP,TRAIN,RANGE,0.7663,1.0,HIGH,ALIGNED,0.0,-1.9401,HIGH_KN,False
2026-02-18,BANKBARODA.NS,UP,TRAIN,RANGE,0.7655,0.875,HIGH,ALIGNED,0.125,-0.2294,HIGH_KN,False
2026-02-18,GRSE.NS,UP,TRAIN,RANGE,0.7629,0.75,HIGH,ALIGNED,0.25,-2.2673,HIGH_KN,False
2026-02-18,COROMANDEL.NS,UP,TRAIN,RANGE,0.7432,0.75,HIGH,ALIGNED,0.25,-2.0139,HIGH_KN,False
2026-02-18,FINPIPE.NS,UP,TRAIN,RANGE,0.7383,0.75,HIGH,ALIGNED,0.25,-2.0595,HIGH_KN,False
2026-02-18,GALAXYSURF.NS,UP,TRAIN,RANGE,0.7371,0.625,HIGH,ALIGNED,0.375,-2.6493,HIGH_KN,False
2026-02-18,MUTHOOTFIN.NS,DOWN,TRAIN,RANGE,0.8908,0.75,HIGH,ALIGNED,0.25,-1.3307,HIGH_KN,True
2026-02-18,BSE.NS,DOWN,TRAIN,RANGE,0.8891,0.625,HIGH,ALIGNED,0.375,-2.9249,HIGH_KN,True
2026-02-18,RAJESHEXPO.NS,DOWN,TRAIN,RANGE,0.875,0.875,HIGH,ALIGNED,0.125,-2.0218,HIGH_KN,True
2026-02-18,TECHM.NS,DOWN,TRAIN,RANGE,0.8017,0.75,HIGH,ALIGNED,0.25,-1.6946,HIGH_KN,True
2026-02-18,HINDALCO.NS,DOWN,TRAIN,RANGE,0.7891,0.625,HIGH,ALIGNED,0.375,0.7117,HIGH_KN,False
2026-02-18,HINDZINC.NS,DOWN,TRAIN,RANGE,0.7879,0.625,HIGH,ALIGNED,0.375,-0.1965,HIGH_KN,True
2026-02-18,KPITTECH.NS,DOWN,TRAIN,RANGE,0.782,0.75,HIGH,ALIGNED,0.25,-1.6365,HIGH_KN,True
2026-02-18,WIPRO.NS,DOWN,TRAIN,RANGE,0.7769,0.875,HIGH,ALIGNED,0.125,-0.3491,HIGH_KN,True
2026-02-18,MAPMYINDIA.NS,DOWN,TRAIN,RANGE,0.7755,0.75,HIGH,ALIGNED,0.25,-3.7853,HIGH_KN,True
2026-02-18,NATIONALUM.NS,DOWN,TRAIN,RANGE,0.7748,0.625,HIGH,ALIGNED,0.375,-1.1481,HIGH_KN,True
2026-02-18,BATAINDIA.NS,DOWN,TRAIN,RANGE,0.7692,0.75,HIGH,ALIGNED,0.25,-1.3681,HIGH_KN,True
2026-02-18,SUDARSCHEM.NS,DOWN,TRAIN,RANGE,0.7558,0.625,HIGH,ALIGNED,0.375,0.7251,HIGH_KN,False
2026-02-18,COFORGE.NS,DOWN,TRAIN,RANGE,0.7551,0.625,HIGH,ALIGNED,0.375,-0.8596,HIGH_KN,True
2026-02-18,TCS.NS,DOWN,TRAIN,RANGE,0.7502,0.625,HIGH,ALIGNED,0.375,-0.6308,HIGH_KN,True
2026-02-18,SYMPHONY.NS,DOWN,TRAIN,RANGE,0.7466,0.875,HIGH,ALIGNED,0.125,-3.0747,HIGH_KN,True
2026-02-18,VEDL.NS,DOWN,TRAIN,RANGE,0.7371,0.625,HIGH,ALIGNED,0.375,-0.2729,HIGH_KN,True
2026-02-18,INFY.NS,DOWN,TRAIN,RANGE,0.7354,0.75,HIGH,ALIGNED,0.25,-0.2329,HIGH_KN,True
2026-02-18,ALKEM.NS,DOWN,TRAIN,RANGE,0.7306,0.625,HIGH,ALIGNED,0.375,-1.5922,HIGH_KN,True
2026-02-18,POLICYBZR.NS,DOWN,TRAIN,RANGE,0.7306,0.625,HIGH,ALIGNED,0.375,-2.4368,HIGH_KN,True
2026-02-18,ONGC.NS,DOWN,TRAIN,RANGE,0.7187,0.75,HIGH,ALIGNED,0.25,3.7982,HIGH_KN,False
2026-02-19,NATCOPHARM.NS,UP,TRAIN,RANGE,0.9117,1.0,HIGH,ALIGNED,0.0,0.3828,HIGH_KN,True
2026-02-19,AUROPHARMA.NS,UP,TRAIN,RANGE,0.8803,0.75,HIGH,ALIGNED,0.25,-1.0756,HIGH_KN,False
2026-02-19,GALAXYSURF.NS,UP,TRAIN,RANGE,0.8687,0.5,MEDIUM,ALIGNED,0.5,-0.5547,HIGH_KN,False
2026-02-19,RATNAMANI.NS,UP,TRAIN,RANGE,0.8439,0.75,HIGH,ALIGNED,0.25,1.1305,HIGH_KN,True
2026-02-19,OIL.NS,UP,TRAIN,RANGE,0.8396,0.875,HIGH,ALIGNED,0.125,-0.2412,HIGH_KN,False
2026-02-19,UNIONBANK.NS,UP,TRAIN,RANGE,0.8206,0.75,HIGH,ALIGNED,0.25,2.3533,HIGH_KN,True
2026-02-19,INTELLECT.NS,UP,TRAIN,RANGE,0.7937,0.625,HIGH,ALIGNED,0.375,0.4708,HIGH_KN,True
2026-02-19,COCHINSHIP.NS,UP,TRAIN,RANGE,0.7927,0.75,HIGH,ALIGNED,0.25,-0.3022,HIGH_KN,False
2026-02-19,JINDALPOLY.NS,UP,TRAIN,RANGE,0.7917,0.875,HIGH,ALIGNED,0.125,0.5849,HIGH_KN,True
2026-02-19,MRPL.NS,UP,TRAIN,RANGE,0.7917,0.625,HIGH,ALIGNED,0.375,-1.2903,HIGH_KN,False
2026-02-19,TORNTPOWER.NS,UP,TRAIN,RANGE,0.7867,0.75,HIGH,ALIGNED,0.25,2.4119,HIGH_KN,True
2026-02-19,PNB.NS,UP,TRAIN,RANGE,0.7813,0.75,HIGH,ALIGNED,0.25,2.7676,HIGH_KN,True
2026-02-19,DATAPATTNS.NS,UP,TRAIN,RANGE,0.7784,0.75,HIGH,ALIGNED,0.25,2.4228,HIGH_KN,True
2026-02-19,INFY.NS,UP,TRAIN,RANGE,0.7767,0.5,MEDIUM,ALIGNED,0.5,-1.2623,HIGH_KN,False
2026-02-19,BANKBARODA.NS,UP,TRAIN,RANGE,0.7655,0.875,HIGH,ALIGNED,0.125,1.5109,HIGH_KN,True
2026-02-19,RBLBANK.NS,UP,TRAIN,RANGE,0.765,1.0,HIGH,ALIGNED,0.0,-1.0675,HIGH_KN,False
2026-02-19,M&MFIN.NS,UP,TRAIN,RANGE,0.7566,0.75,HIGH,ALIGNED,0.25,-1.3838,HIGH_KN,False
2026-02-19,CRAFTSMAN.NS,UP,TRAIN,RANGE,0.7527,0.875,HIGH,ALIGNED,0.125,-0.1553,HIGH_KN,False
2026-02-19,HFCL.NS,UP,TRAIN,RANGE,0.7468,0.5,MEDIUM,ALIGNED,0.5,-0.0981,HIGH_KN,False
2026-02-19,IDFCFIRSTB.NS,UP,TRAIN,RANGE,0.7328,0.625,HIGH,ALIGNED,0.375,0.6387,HIGH_KN,True
2026-02-19,MUTHOOTFIN.NS,DOWN,TRAIN,RANGE,0.8942,0.75,HIGH,ALIGNED,0.25,1.4395,HIGH_KN,False
2026-02-19,BSE.NS,DOWN,TRAIN,RANGE,0.8888,0.75,HIGH,ALIGNED,0.25,-0.0693,HIGH_KN,True
2026-02-19,RAJESHEXPO.NS,DOWN,TRAIN,RANGE,0.8587,0.875,HIGH,ALIGNED,0.125,-2.7288,HIGH_KN,True
2026-02-19,MAPMYINDIA.NS,DOWN,TRAIN,RANGE,0.8255,0.75,HIGH,ALIGNED,0.25,-0.5901,HIGH_KN,True
2026-02-19,KALYANKJIL.NS,DOWN,TRAIN,RANGE,0.8056,0.625,HIGH,ALIGNED,0.375,-0.8771,HIGH_KN,True
2026-02-19,HINDALCO.NS,DOWN,TRAIN,RANGE,0.7706,0.625,HIGH,ALIGNED,0.375,3.3181,HIGH_KN,False
2026-02-19,ALKEM.NS,DOWN,TRAIN,RANGE,0.7692,0.875,HIGH,ALIGNED,0.125,0.279,HIGH_KN,False
2026-02-19,NATIONALUM.NS,DOWN,TRAIN,RANGE,0.7583,0.625,HIGH,ALIGNED,0.375,0.3234,HIGH_KN,False
2026-02-19,MOTHERSON.NS,DOWN,TRAIN,RANGE,0.756,0.75,HIGH,ALIGNED,0.25,-0.3542,HIGH_KN,True
2026-02-19,SJVN.NS,DOWN,TRAIN,RANGE,0.7539,0.625,HIGH,ALIGNED,0.375,0.2129,HIGH_KN,False
2026-02-19,NAVINFLUOR.NS,DOWN,TRAIN,RANGE,0.7498,0.5,MEDIUM,ALIGNED,0.5,2.1603,HIGH_KN,False
2026-02-19,BATAINDIA.NS,DOWN,TRAIN,RANGE,0.7493,0.75,HIGH,ALIGNED,0.25,-1.6475,HIGH_KN,True
2026-02-19,CENTUM.NS,DOWN,TRAIN,RANGE,0.7476,0.625,HIGH,ALIGNED,0.375,10.807,HIGH_KN,False
2026-02-19,AMBER.NS,DOWN,TRAIN,RANGE,0.7312,0.75,HIGH,ALIGNED,0.25,-0.7138,HIGH_KN,True
2026-02-19,SHRIRAMFIN.NS,DOWN,TRAIN,RANGE,0.7255,0.75,HIGH,ALIGNED,0.25,0.4361,HIGH_KN,False
2026-02-19,BASF.NS,DOWN,TRAIN,RANGE,0.7231,0.75,HIGH,ALIGNED,0.25,0.6506,HIGH_KN,False
2026-02-19,POLICYBZR.NS,DOWN,TRAIN,RANGE,0.7126,0.75,HIGH,ALIGNED,0.25,3.2892,HIGH_KN,False
2026-02-19,NOCIL.NS,DOWN,TRAIN,RANGE,0.7028,0.5,MEDIUM,ALIGNED,0.5,0.299,HIGH_KN,False
2026-02-19,PFIZER.NS,DOWN,TRAIN,RANGE,0.6982,0.625,HIGH,ALIGNED,0.375,-1.1881,HIGH_KN,True
2026-02-19,HINDZINC.NS,DOWN,TRAIN,RANGE,0.6968,0.625,HIGH,ALIGNED,0.375,0.8988,HIGH_KN,False
2026-02-20,CENTUM.NS,UP,VAL,RANGE,0.9857,1.0,HIGH,ALIGNED,0.0,5.1282,HIGH_KN,True
2026-02-20,DATAPATTNS.NS,UP,VAL,RANGE,0.9488,1.0,HIGH,ALIGNED,0.0,2.5732,HIGH_KN,True
2026-02-20,INTELLECT.NS,UP,VAL,RANGE,0.8914,0.625,HIGH,ALIGNED,0.375,-0.3976,HIGH_KN,False
2026-02-20,OIL.NS,UP,VAL,RANGE,0.8783,0.625,HIGH,ALIGNED,0.375,-0.3785,HIGH_KN,False
2026-02-20,BDL.NS,UP,VAL,RANGE,0.8451,0.625,HIGH,ALIGNED,0.375,-2.6557,HIGH_KN,False
2026-02-20,GRANULES.NS,UP,VAL,RANGE,0.8441,1.0,HIGH,ALIGNED,0.0,0.0334,HIGH_KN,True
2026-02-20,TORNTPOWER.NS,UP,VAL,RANGE,0.8333,1.0,HIGH,ALIGNED,0.0,0.5103,HIGH_KN,True
2026-02-20,PNB.NS,UP,VAL,RANGE,0.8155,1.0,HIGH,ALIGNED,0.0,0.5247,HIGH_KN,True
2026-02-20,CANBK.NS,UP,VAL,RANGE,0.8148,1.0,HIGH,ALIGNED,0.0,1.4856,HIGH_KN,True
2026-02-20,GALAXYSURF.NS,UP,VAL,RANGE,0.7877,0.5,MEDIUM,ALIGNED,0.5,2.4734,HIGH_KN,True
2026-02-20,UNIONBANK.NS,UP,VAL,RANGE,0.7833,0.875,HIGH,ALIGNED,0.125,1.959,HIGH_KN,True
2026-02-20,ONGC.NS,UP,VAL,RANGE,0.7786,1.0,HIGH,ALIGNED,0.0,-1.0766,HIGH_KN,False
2026-02-20,BANKBARODA.NS,UP,VAL,RANGE,0.7778,1.0,HIGH,ALIGNED,0.0,1.3914,HIGH_KN,True
2026-02-20,KEI.NS,UP,VAL,RANGE,0.7635,0.875,HIGH,ALIGNED,0.125,0.204,HIGH_KN,True
2026-02-20,CESC.NS,UP,VAL,RANGE,0.7584,0.875,HIGH,ALIGNED,0.125,0.1866,HIGH_KN,True
2026-02-20,RATNAMANI.NS,UP,VAL,RANGE,0.752,0.75,HIGH,ALIGNED,0.25,1.9323,HIGH_KN,True
2026-02-20,IRCTC.NS,UP,VAL,RANGE,0.7411,1.0,HIGH,ALIGNED,0.0,-0.9066,HIGH_KN,False
2026-02-20,TIINDIA.NS,UP,VAL,RANGE,0.7355,0.75,HIGH,ALIGNED,0.25,-1.7867,HIGH_KN,False
2026-02-20,NAVINFLUOR.NS,UP,VAL,RANGE,0.7342,0.875,HIGH,ALIGNED,0.125,1.8924,HIGH_KN,True
2026-02-20,NATCOPHARM.NS,UP,VAL,RANGE,0.7333,0.75,HIGH,ALIGNED,0.25,0.1458,HIGH_KN,True
2026-02-20,BSE.NS,DOWN,VAL,RANGE,0.8754,0.75,HIGH,ALIGNED,0.25,-0.5183,HIGH_KN,True
2026-02-20,RAJESHEXPO.NS,DOWN,VAL,RANGE,0.8746,0.875,HIGH,ALIGNED,0.125,0.1836,HIGH_KN,False
2026-02-20,KALYANKJIL.NS,DOWN,VAL,RANGE,0.8475,0.625,HIGH,ALIGNED,0.375,0.2368,HIGH_KN,False
2026-02-20,NAUKRI.NS,DOWN,VAL,RANGE,0.8202,0.625,HIGH,ALIGNED,0.375,-0.4745,HIGH_KN,True
2026-02-20,AMBER.NS,DOWN,VAL,RANGE,0.8136,0.75,HIGH,ALIGNED,0.25,1.562,HIGH_KN,False
2026-02-20,MOTHERSON.NS,DOWN,VAL,RANGE,0.8087,0.75,HIGH,ALIGNED,0.25,1.0817,HIGH_KN,False
2026-02-20,MAPMYINDIA.NS,DOWN,VAL,RANGE,0.7983,0.75,HIGH,ALIGNED,0.25,0.2069,HIGH_KN,False
2026-02-20,PERSISTENT.NS,DOWN,VAL,RANGE,0.7919,0.75,HIGH,ALIGNED,0.25,-2.2486,HIGH_KN,True
2026-02-20,BATAINDIA.NS,DOWN,VAL,RANGE,0.7712,0.625,HIGH,ALIGNED,0.375,0.0554,HIGH_KN,False
2026-02-20,MUTHOOTFIN.NS,DOWN,VAL,RANGE,0.768,0.625,HIGH,ALIGNED,0.375,0.3815,HIGH_KN,False
2026-02-20,TECHM.NS,DOWN,VAL,RANGE,0.7537,0.5,MEDIUM,ALIGNED,0.5,-1.0982,HIGH_KN,True
2026-02-20,SRF.NS,DOWN,VAL,RANGE,0.7502,0.75,HIGH,ALIGNED,0.25,-1.599,HIGH_KN,True
2026-02-20,SUDARSCHEM.NS,DOWN,VAL,RANGE,0.7426,0.75,HIGH,ALIGNED,0.25,-0.0665,HIGH_KN,True
2026-02-20,CROMPTON.NS,DOWN,VAL,RANGE,0.7405,0.75,HIGH,ALIGNED,0.25,0.0113,HIGH_KN,False
2026-02-20,NOCIL.NS,DOWN,VAL,RANGE,0.7325,0.625,HIGH,ALIGNED,0.375,-0.5764,HIGH_KN,True
2026-02-20,BASF.NS,DOWN,VAL,RANGE,0.7217,0.625,HIGH,ALIGNED,0.375,-0.0588,HIGH_KN,True
2026-02-20,APOLLOTYRE.NS,DOWN,VAL,RANGE,0.7138,0.625,HIGH,ALIGNED,0.375,-0.4063,HIGH_KN,True
2026-02-20,ERIS.NS,DOWN,VAL,RANGE,0.6946,0.5,MEDIUM,ALIGNED,0.5,0.7673,HIGH_KN,False
2026-02-20,CLEAN.NS,DOWN,VAL,RANGE,0.6933,0.625,HIGH,ALIGNED,0.375,2.4611,HIGH_KN,False
2026-02-20,BHARATFORG.NS,DOWN,VAL,RANGE,0.693,0.5,MEDIUM,ALIGNED,0.5,2.9213,HIGH_KN,False
2026-02-23,CENTUM.NS,UP,VAL,RANGE,0.9843,1.0,HIGH,ALIGNED,0.0,4.0027,HIGH_KN,True
2026-02-23,JINDALPOLY.NS,UP,VAL,RANGE,0.9623,0.75,HIGH,ALIGNED,0.25,4.0376,HIGH_KN,True
2026-02-23,DATAPATTNS.NS,UP,VAL,RANGE,0.8947,0.875,HIGH,ALIGNED,0.125,1.1857,HIGH_KN,True
2026-02-23,STLTECH.NS,UP,VAL,RANGE,0.8599,0.625,HIGH,ALIGNED,0.375,-1.4857,HIGH_KN,False
2026-02-23,JYOTHYLAB.NS,UP,VAL,RANGE,0.8457,1.0,HIGH,ALIGNED,0.0,1.5484,HIGH_KN,True
2026-02-23,MGL.NS,UP,VAL,RANGE,0.8401,0.875,HIGH,ALIGNED,0.125,2.5619,HIGH_KN,True
2026-02-23,NAVINFLUOR.NS,UP,VAL,RANGE,0.835,0.875,HIGH,ALIGNED,0.125,-4.8349,HIGH_KN,False
2026-02-23,INTELLECT.NS,UP,VAL,RANGE,0.8331,0.5,MEDIUM,ALIGNED,0.5,-0.6273,HIGH_KN,False
2026-02-23,RATNAMANI.NS,UP,VAL,RANGE,0.8283,0.875,HIGH,ALIGNED,0.125,-2.585,HIGH_KN,False
2026-02-23,KEI.NS,UP,VAL,RANGE,0.8162,0.875,HIGH,ALIGNED,0.125,0.321,HIGH_KN,True
2026-02-23,M&MFIN.NS,UP,VAL,RANGE,0.8082,0.75,HIGH,ALIGNED,0.25,-4.09,HIGH_KN,False
2026-02-23,FINEORG.NS,UP,VAL,RANGE,0.8072,1.0,HIGH,ALIGNED,0.0,4.837,HIGH_KN,True
2026-02-23,UNIONBANK.NS,UP,VAL,RANGE,0.8058,1.0,HIGH,ALIGNED,0.0,1.4359,HIGH_KN,True
2026-02-23,PNB.NS,UP,VAL,RANGE,0.7957,1.0,HIGH,ALIGNED,0.0,0.5834,HIGH_KN,True
2026-02-23,ENDURANCE.NS,UP,VAL,RANGE,0.7824,1.0,HIGH,ALIGNED,0.0,5.0963,HIGH_KN,True
2026-02-23,IRCTC.NS,UP,VAL,RANGE,0.758,0.875,HIGH,ALIGNED,0.125,-3.9096,HIGH_KN,False
2026-02-23,GRANULES.NS,UP,VAL,RANGE,0.7548,0.75,HIGH,ALIGNED,0.25,0.0584,HIGH_KN,True
2026-02-23,GALAXYSURF.NS,UP,VAL,RANGE,0.7483,0.75,HIGH,ALIGNED,0.25,-0.2671,HIGH_KN,False
2026-02-23,OLECTRA.NS,UP,VAL,RANGE,0.7449,0.875,HIGH,ALIGNED,0.125,-1.5943,HIGH_KN,False
2026-02-23,TORNTPOWER.NS,UP,VAL,RANGE,0.7399,0.875,HIGH,ALIGNED,0.125,0.3515,HIGH_KN,True
2026-02-23,IDFCFIRSTB.NS,DOWN,VAL,RANGE,0.8884,0.75,HIGH,ALIGNED,0.25,1.3278,HIGH_KN,False
2026-02-23,PERSISTENT.NS,DOWN,VAL,RANGE,0.8751,0.625,HIGH,ALIGNED,0.375,-6.3385,HIGH_KN,True
2026-02-23,KALYANKJIL.NS,DOWN,VAL,RANGE,0.8336,0.625,HIGH,ALIGNED,0.375,1.1812,HIGH_KN,False
2026-02-23,CROMPTON.NS,DOWN,VAL,RANGE,0.8016,0.625,HIGH,ALIGNED,0.375,-1.1414,HIGH_KN,True
2026-02-23,RAJESHEXPO.NS,DOWN,VAL,RANGE,0.7976,0.75,HIGH,ALIGNED,0.25,-1.5424,HIGH_KN,True
2026-02-23,SJVN.NS,DOWN,VAL,RANGE,0.7903,0.75,HIGH,ALIGNED,0.25,0.3517,HIGH_KN,False
2026-02-23,MOTHERSON.NS,DOWN,VAL,RANGE,0.7897,0.625,HIGH,ALIGNED,0.375,0.5657,HIGH_KN,False
2026-02-23,AUROPHARMA.NS,DOWN,VAL,RANGE,0.7836,0.75,HIGH,ALIGNED,0.25,1.1994,HIGH_KN,False
2026-02-23,MPHASIS.NS,DOWN,VAL,RANGE,0.7816,0.625,HIGH,ALIGNED,0.375,-3.7579,HIGH_KN,True
2026-02-23,NAUKRI.NS,DOWN,VAL,RANGE,0.7751,0.875,HIGH,ALIGNED,0.125,-4.8425,HIGH_KN,True
2026-02-23,HAL.NS,DOWN,VAL,RANGE,0.7717,0.875,HIGH,ALIGNED,0.125,-1.8085,HIGH_KN,True
2026-02-23,FINPIPE.NS,DOWN,VAL,RANGE,0.7703,0.75,HIGH,ALIGNED,0.25,-2.1483,HIGH_KN,True
2026-02-23,AMBER.NS,DOWN,VAL,RANGE,0.7526,0.625,HIGH,ALIGNED,0.375,2.0528,HIGH_KN,False
2026-02-23,COFORGE.NS,DOWN,VAL,RANGE,0.7469,0.625,HIGH,ALIGNED,0.375,-5.9581,HIGH_KN,True
2026-02-23,ONMOBILE.NS,DOWN,VAL,RANGE,0.7329,0.625,HIGH,ALIGNED,0.375,0.3697,HIGH_KN,False
2026-02-23,TECHM.NS,DOWN,VAL,RANGE,0.7111,0.5,MEDIUM,ALIGNED,0.5,-6.6278,HIGH_KN,True
2026-02-23,APOLLOTYRE.NS,DOWN,VAL,RANGE,0.6891,0.875,HIGH,ALIGNED,0.125,0.2756,HIGH_KN,False
2026-02-23,SHRIRAMFIN.NS,DOWN,VAL,RANGE,0.6885,0.625,HIGH,ALIGNED,0.375,-0.2818,HIGH_KN,True
2026-02-23,ADANIGREEN.NS,DOWN,VAL,RANGE,0.688,0.625,HIGH,ALIGNED,0.375,1.1336,HIGH_KN,False
2026-02-23,BSE.NS,DOWN,VAL,RANGE,0.68,0.625,HIGH,ALIGNED,0.375,0.9467,HIGH_KN,False
2026-02-24,CENTUM.NS,UP,VAL,RANGE,0.9682,0.875,HIGH,ALIGNED,0.125,-3.4458,HIGH_KN,False
2026-02-24,NATCOPHARM.NS,UP,VAL,RANGE,0.8927,1.0,HIGH,ALIGNED,0.0,3.5297,HIGH_KN,True
2026-02-24,MGL.NS,UP,VAL,RANGE,0.8925,1.0,HIGH,ALIGNED,0.0,0.6706,HIGH_KN,True
2026-02-24,ENDURANCE.NS,UP,VAL,RANGE,0.8893,1.0,HIGH,ALIGNED,0.0,-0.3426,HIGH_KN,False
2026-02-24,FINEORG.NS,UP,VAL,RANGE,0.8845,1.0,HIGH,ALIGNED,0.0,0.2299,HIGH_KN,True
2026-02-24,DATAPATTNS.NS,UP,VAL,RANGE,0.8816,0.875,HIGH,ALIGNED,0.125,-0.8748,HIGH_KN,False
2026-02-24,ERIS.NS,UP,VAL,RANGE,0.8813,0.75,HIGH,ALIGNED,0.25,-0.3178,HIGH_KN,False
2026-02-24,JYOTHYLAB.NS,UP,VAL,RANGE,0.8558,1.0,HIGH,ALIGNED,0.0,1.5287,HIGH_KN,True
2026-02-24,JINDALPOLY.NS,UP,VAL,RANGE,0.8371,0.625,HIGH,ALIGNED,0.375,15.4424,HIGH_KN,True
2026-02-24,TIINDIA.NS,UP,VAL,RANGE,0.833,0.875,HIGH,ALIGNED,0.125,2.1852,HIGH_KN,True
2026-02-24,TORNTPOWER.NS,UP,VAL,RANGE,0.8083,0.875,HIGH,ALIGNED,0.125,1.5501,HIGH_KN,True
2026-02-24,SAIL.NS,UP,VAL,RANGE,0.8012,1.0,HIGH,ALIGNED,0.0,2.9654,HIGH_KN,True
2026-02-24,RATNAMANI.NS,UP,VAL,RANGE,0.7896,0.75,HIGH,ALIGNED,0.25,-3.0436,HIGH_KN,False
2026-02-24,PETRONET.NS,UP,VAL,RANGE,0.749,1.0,HIGH,ALIGNED,0.0,1.9321,HIGH_KN,True
2026-02-24,HINDALCO.NS,UP,VAL,RANGE,0.7442,0.75,HIGH,ALIGNED,0.25,1.5766,HIGH_KN,True
2026-02-24,KEI.NS,UP,VAL,RANGE,0.7437,0.875,HIGH,ALIGNED,0.125,3.4093,HIGH_KN,True
2026-02-24,UNIONBANK.NS,UP,VAL,RANGE,0.7405,0.875,HIGH,ALIGNED,0.125,-0.658,HIGH_KN,False
2026-02-24,PNB.NS,UP,VAL,RANGE,0.735,0.875,HIGH,ALIGNED,0.125,-0.374,HIGH_KN,False
2026-02-24,NMDC.NS,UP,VAL,RANGE,0.7335,0.75,HIGH,ALIGNED,0.25,1.3119,HIGH_KN,True
2026-02-24,POLYCAB.NS,UP,VAL,RANGE,0.724,1.0,HIGH,ALIGNED,0.0,2.8077,HIGH_KN,True
2026-02-24,IDFCFIRSTB.NS,DOWN,VAL,RANGE,0.8898,0.75,HIGH,ALIGNED,0.25,-1.0568,HIGH_KN,True
2026-02-24,PERSISTENT.NS,DOWN,VAL,RANGE,0.8733,0.75,HIGH,ALIGNED,0.25,1.4801,HIGH_KN,False
2026-02-24,RATEGAIN.NS,DOWN,VAL,RANGE,0.8294,0.75,HIGH,ALIGNED,0.25,-0.7602,HIGH_KN,True
2026-02-24,WHIRLPOOL.NS,DOWN,VAL,RANGE,0.8205,0.75,HIGH,ALIGNED,0.25,1.7252,HIGH_KN,False
2026-02-24,TECHM.NS,DOWN,VAL,RANGE,0.8184,0.75,HIGH,ALIGNED,0.25,1.219,HIGH_KN,False
2026-02-24,FINPIPE.NS,DOWN,VAL,RANGE,0.8098,0.625,HIGH,ALIGNED,0.375,0.8267,HIGH_KN,False
2026-02-24,NAUKRI.NS,DOWN,VAL,RANGE,0.8029,0.75,HIGH,ALIGNED,0.25,2.4855,HIGH_KN,False
2026-02-24,COFORGE.NS,DOWN,VAL,RANGE,0.7961,0.75,HIGH,ALIGNED,0.25,0.0577,HIGH_KN,False
2026-02-24,MPHASIS.NS,DOWN,VAL,RANGE,0.7871,0.75,HIGH,ALIGNED,0.25,1.5565,HIGH_KN,False
2026-02-24,HCLTECH.NS,DOWN,VAL,RANGE,0.7854,0.75,HIGH,ALIGNED,0.25,2.9122,HIGH_KN,False
2026-02-24,ROUTE.NS,DOWN,VAL,RANGE,0.7684,0.625,HIGH,ALIGNED,0.375,-0.7176,HIGH_KN,True
2026-02-24,INFY.NS,DOWN,VAL,RANGE,0.7677,0.75,HIGH,ALIGNED,0.25,1.1446,HIGH_KN,False
2026-02-24,KPITTECH.NS,DOWN,VAL,RANGE,0.7631,0.75,HIGH,ALIGNED,0.25,3.7081,HIGH_KN,False
2026-02-24,ZENSARTECH.NS,DOWN,VAL,RANGE,0.7587,0.75,HIGH,ALIGNED,0.25,1.0048,HIGH_KN,False
2026-02-24,GODREJPROP.NS,DOWN,VAL,RANGE,0.7536,0.625,HIGH,ALIGNED,0.375,1.5305,HIGH_KN,False
2026-02-24,LTTS.NS,DOWN,VAL,RANGE,0.7432,0.75,HIGH,ALIGNED,0.25,4.0462,HIGH_KN,False
2026-02-24,SJVN.NS,DOWN,VAL,RANGE,0.7354,0.5,MEDIUM,ALIGNED,0.5,1.3075,HIGH_KN,False
2026-02-24,AUROPHARMA.NS,DOWN,VAL,RANGE,0.7274,0.625,HIGH,ALIGNED,0.375,4.045,HIGH_KN,False
2026-02-24,CROMPTON.NS,DOWN,VAL,RANGE,0.7088,0.625,HIGH,ALIGNED,0.375,0.3315,HIGH_KN,False
2026-02-24,M&MFIN.NS,DOWN,VAL,RANGE,0.7012,0.875,HIGH,ALIGNED,0.125,3.7296,HIGH_KN,False
2026-02-25,JINDALPOLY.NS,UP,VAL,RANGE,0.9951,0.75,HIGH,ALIGNED,0.25,-6.6452,HIGH_KN,False
2026-02-25,NATCOPHARM.NS,UP,VAL,RANGE,0.9262,0.75,HIGH,ALIGNED,0.25,-0.6185,HIGH_KN,False
2026-02-25,CENTUM.NS,UP,VAL,RANGE,0.9064,0.75,HIGH,ALIGNED,0.25,-0.1937,HIGH_KN,False
2026-02-25,ENDURANCE.NS,UP,VAL,RANGE,0.8598,0.75,HIGH,ALIGNED,0.25,-1.1436,HIGH_KN,False
2026-02-25,VEDL.NS,UP,VAL,RANGE,0.8547,1.0,HIGH,ALIGNED,0.0,1.3259,HIGH_KN,True
2026-02-25,AUROPHARMA.NS,UP,VAL,RANGE,0.8424,1.0,HIGH,ALIGNED,0.0,0.7594,HIGH_KN,True
2026-02-25,MRPL.NS,UP,VAL,RANGE,0.8365,0.625,HIGH,ALIGNED,0.375,-1.4793,HIGH_KN,False
2026-02-25,SAIL.NS,UP,VAL,RANGE,0.8338,1.0,HIGH,ALIGNED,0.0,0.3517,HIGH_KN,True
2026-02-25,FINEORG.NS,UP,VAL,RANGE,0.8319,0.75,HIGH,ALIGNED,0.25,-3.5671,HIGH_KN,False
2026-02-25,JYOTHYLAB.NS,UP,VAL,RANGE,0.8245,0.875,HIGH,ALIGNED,0.125,-2.041,HIGH_KN,False
2026-02-25,NATIONALUM.NS,UP,VAL,RANGE,0.8088,0.75,HIGH,ALIGNED,0.25,0.4169,HIGH_KN,True
2026-02-25,MGL.NS,UP,VAL,RANGE,0.8049,0.75,HIGH,ALIGNED,0.25,0.2415,HIGH_KN,True
2026-02-25,KEI.NS,UP,VAL,RANGE,0.7912,1.0,HIGH,ALIGNED,0.0,1.3167,HIGH_KN,True
2026-02-25,ALKEM.NS,UP,VAL,RANGE,0.7772,0.875,HIGH,ALIGNED,0.125,2.2578,HIGH_KN,True
2026-02-25,LAURUSLABS.NS,UP,VAL,RANGE,0.7662,1.0,HIGH,ALIGNED,0.0,1.5237,HIGH_KN,True
2026-02-25,DATAPATTNS.NS,UP,VAL,RANGE,0.7556,0.75,HIGH,ALIGNED,0.25,5.6341,HIGH_KN,True
2026-02-25,HEROMOTOCO.NS,UP,VAL,RANGE,0.7502,1.0,HIGH,ALIGNED,0.0,0.8627,HIGH_KN,True
2026-02-25,CESC.NS,UP,VAL,RANGE,0.7498,1.0,HIGH,ALIGNED,0.0,-0.1749,HIGH_KN,False
2026-02-25,POLYCAB.NS,UP,VAL,RANGE,0.7495,0.75,HIGH,ALIGNED,0.25,1.8866,HIGH_KN,True
2026-02-25,HINDALCO.NS,UP,VAL,RANGE,0.7473,0.75,HIGH,ALIGNED,0.25,0.416,HIGH_KN,True
2026-02-25,IDFCFIRSTB.NS,DOWN,VAL,RANGE,0.8914,0.875,HIGH,ALIGNED,0.125,3.6884,HIGH_KN,False
2026-02-25,PERSISTENT.NS,DOWN,VAL,RANGE,0.8811,0.75,HIGH,ALIGNED,0.25,1.0674,HIGH_KN,False
2026-02-25,RATNAMANI.NS,DOWN,VAL,RANGE,0.8462,0.75,HIGH,ALIGNED,0.25,-1.949,HIGH_KN,True
2026-02-25,COFORGE.NS,DOWN,VAL,RANGE,0.815,0.875,HIGH,ALIGNED,0.125,-1.0306,HIGH_KN,True
2026-02-25,FINPIPE.NS,DOWN,VAL,RANGE,0.7955,0.5,MEDIUM,ALIGNED,0.5,0.5213,HIGH_KN,False
2026-02-25,RATEGAIN.NS,DOWN,VAL,RANGE,0.7792,0.75,HIGH,ALIGNED,0.25,0.6973,HIGH_KN,False
2026-02-25,TECHM.NS,DOWN,VAL,RANGE,0.7772,0.625,HIGH,ALIGNED,0.375,0.0,HIGH_KN,False
2026-02-25,MAPMYINDIA.NS,DOWN,VAL,RANGE,0.7505,0.625,HIGH,ALIGNED,0.375,0.1337,HIGH_KN,False
2026-02-25,RAILTEL.NS,DOWN,VAL,RANGE,0.7451,0.625,HIGH,ALIGNED,0.375,-1.5588,HIGH_KN,True
2026-02-25,NAUKRI.NS,DOWN,VAL,RANGE,0.7444,0.625,HIGH,ALIGNED,0.375,0.7477,HIGH_KN,False
2026-02-25,MPHASIS.NS,DOWN,VAL,RANGE,0.7426,0.625,HIGH,ALIGNED,0.375,0.1727,HIGH_KN,False
2026-02-25,GODREJPROP.NS,DOWN,VAL,RANGE,0.739,0.5,MEDIUM,ALIGNED,0.5,0.0,HIGH_KN,False
2026-02-25,CROMPTON.NS,DOWN,VAL,RANGE,0.7221,0.625,HIGH,ALIGNED,0.375,-0.3038,HIGH_KN,True
2026-02-25,ZENSARTECH.NS,DOWN,VAL,RANGE,0.7203,0.625,HIGH,ALIGNED,0.375,2.091,HIGH_KN,False
2026-02-25,INFY.NS,DOWN,VAL,RANGE,0.7184,0.5,MEDIUM,ALIGNED,0.5,-0.0775,HIGH_KN,True
2026-02-25,HCLTECH.NS,DOWN,VAL,RANGE,0.7181,0.75,HIGH,ALIGNED,0.25,-0.341,HIGH_KN,True
2026-02-25,PRESTIGE.NS,DOWN,VAL,RANGE,0.715,0.875,HIGH,ALIGNED,0.125,0.549,HIGH_KN,False
2026-02-25,KALYANKJIL.NS,DOWN,VAL,RANGE,0.7123,0.5,MEDIUM,ALIGNED,0.5,0.3451,HIGH_KN,False
2026-02-25,WHIRLPOOL.NS,DOWN,VAL,RANGE,0.6938,0.625,HIGH,ALIGNED,0.375,-1.8155,HIGH_KN,True
2026-02-25,IRFC.NS,DOWN,VAL,RANGE,0.6922,0.75,HIGH,ALIGNED,0.25,-1.272,HIGH_KN,True
2026-02-26,JINDALPOLY.NS,UP,VAL,RANGE,0.9868,0.625,HIGH,ALIGNED,0.375,3.4752,HIGH_KN,True
2026-02-26,TEJASNET.NS,UP,VAL,RANGE,0.975,1.0,HIGH,ALIGNED,0.0,17.464,HIGH_KN,True
2026-02-26,DATAPATTNS.NS,UP,VAL,RANGE,0.9397,0.875,HIGH,ALIGNED,0.125,-1.0297,HIGH_KN,False
2026-02-26,TIINDIA.NS,UP,VAL,RANGE,0.8463,1.0,HIGH,ALIGNED,0.0,1.2168,HIGH_KN,True
2026-02-26,LAURUSLABS.NS,UP,VAL,RANGE,0.8343,1.0,HIGH,ALIGNED,0.0,-1.5511,HIGH_KN,False
2026-02-26,JYOTHYLAB.NS,UP,VAL,RANGE,0.8164,0.75,HIGH,ALIGNED,0.25,-0.3617,HIGH_KN,False
2026-02-26,CENTUM.NS,UP,VAL,RANGE,0.8025,0.75,HIGH,ALIGNED,0.25,-0.7054,HIGH_KN,False
2026-02-26,ENDURANCE.NS,UP,VAL,RANGE,0.7998,0.75,HIGH,ALIGNED,0.25,0.6238,HIGH_KN,True
2026-02-26,WELCORP.NS,UP,VAL,RANGE,0.7995,1.0,HIGH,ALIGNED,0.0,0.0424,HIGH_KN,True
2026-02-26,KEI.NS,UP,VAL,RANGE,0.7985,0.625,HIGH,ALIGNED,0.375,1.4234,HIGH_KN,True
2026-02-26,HEROMOTOCO.NS,UP,VAL,RANGE,0.7946,0.875,HIGH,ALIGNED,0.125,-1.3306,HIGH_KN,False
2026-02-26,CHOLAFIN.NS,UP,VAL,RANGE,0.785,0.875,HIGH,ALIGNED,0.125,-0.9896,HIGH_KN,False
2026-02-26,SAIL.NS,UP,VAL,RANGE,0.7811,0.875,HIGH,ALIGNED,0.125,0.1208,HIGH_KN,True
2026-02-26,VEDL.NS,UP,VAL,RANGE,0.7706,0.875,HIGH,ALIGNED,0.125,-2.5832,HIGH_KN,False
2026-02-26,BHARATFORG.NS,UP,VAL,RANGE,0.76,0.625,HIGH,ALIGNED,0.375,-0.0418,HIGH_KN,False
2026-02-26,POLYCAB.NS,UP,VAL,RANGE,0.7569,0.75,HIGH,ALIGNED,0.25,1.2285,HIGH_KN,True
2026-02-26,UNIONBANK.NS,UP,VAL,RANGE,0.7556,1.0,HIGH,ALIGNED,0.0,0.3622,HIGH_KN,True
2026-02-26,IDEAFORGE.NS,UP,VAL,RANGE,0.752,0.75,HIGH,ALIGNED,0.25,-2.732,HIGH_KN,False
2026-02-26,CESC.NS,UP,VAL,RANGE,0.7473,0.75,HIGH,ALIGNED,0.25,-1.0202,HIGH_KN,False
2026-02-26,AUROPHARMA.NS,UP,VAL,RANGE,0.7466,0.875,HIGH,ALIGNED,0.125,-0.0246,HIGH_KN,False
2026-02-26,IDFCFIRSTB.NS,DOWN,VAL,RANGE,0.8934,0.625,HIGH,ALIGNED,0.375,0.9202,HIGH_KN,False
2026-02-26,COFORGE.NS,DOWN,VAL,RANGE,0.8826,0.875,HIGH,ALIGNED,0.125,-1.2163,HIGH_KN,True
2026-02-26,PERSISTENT.NS,DOWN,VAL,RANGE,0.8789,0.625,HIGH,ALIGNED,0.375,-1.0143,HIGH_KN,True
2026-02-26,INFY.NS,DOWN,VAL,RANGE,0.849,0.75,HIGH,ALIGNED,0.25,0.8533,HIGH_KN,False
2026-02-26,TECHM.NS,DOWN,VAL,RANGE,0.8402,0.75,HIGH,ALIGNED,0.25,-0.2937,HIGH_KN,True
2026-02-26,MASTEK.NS,DOWN,VAL,RANGE,0.8282,0.75,HIGH,ALIGNED,0.25,-0.1701,HIGH_KN,True
2026-02-26,HCLTECH.NS,DOWN,VAL,RANGE,0.8184,0.75,HIGH,ALIGNED,0.25,1.1358,HIGH_KN,False
2026-02-26,RAILTEL.NS,DOWN,VAL,RANGE,0.8164,0.625,HIGH,ALIGNED,0.375,0.3359,HIGH_KN,False
2026-02-26,KPITTECH.NS,DOWN,VAL,RANGE,0.8042,0.625,HIGH,ALIGNED,0.375,-2.8474,HIGH_KN,True
2026-02-26,SUDARSCHEM.NS,DOWN,VAL,RANGE,0.7961,0.75,HIGH,ALIGNED,0.25,-1.021,HIGH_KN,True
2026-02-26,RBLBANK.NS,DOWN,VAL,RANGE,0.7921,0.625,HIGH,ALIGNED,0.375,-2.1723,HIGH_KN,True
2026-02-26,ZENSARTECH.NS,DOWN,VAL,RANGE,0.7836,0.75,HIGH,ALIGNED,0.25,1.9128,HIGH_KN,False
2026-02-26,IRCTC.NS,DOWN,VAL,RANGE,0.7775,0.75,HIGH,ALIGNED,0.25,-4.2693,HIGH_KN,True
2026-02-26,WHIRLPOOL.NS,DOWN,VAL,RANGE,0.7679,0.75,HIGH,ALIGNED,0.25,2.0705,HIGH_KN,False
2026-02-26,MPHASIS.NS,DOWN,VAL,RANGE,0.765,0.75,HIGH,ALIGNED,0.25,1.5476,HIGH_KN,False
2026-02-26,WIPRO.NS,DOWN,VAL,RANGE,0.7534,0.75,HIGH,ALIGNED,0.25,-0.0597,HIGH_KN,True
2026-02-26,RATEGAIN.NS,DOWN,VAL,RANGE,0.7402,0.625,HIGH,ALIGNED,0.375,3.2576,HIGH_KN,False
2026-02-26,IRFC.NS,DOWN,VAL,RANGE,0.7255,0.75,HIGH,ALIGNED,0.25,0.31,HIGH_KN,False
2026-02-26,CROMPTON.NS,DOWN,VAL,RANGE,0.719,0.75,HIGH,ALIGNED,0.25,-1.7714,HIGH_KN,True
2026-02-26,RAJESHEXPO.NS,DOWN,VAL,RANGE,0.702,0.625,HIGH,ALIGNED,0.375,-4.7553,HIGH_KN,True
2026-02-27,TEJASNET.NS,UP,VAL,RANGE,0.9856,0.75,HIGH,ALIGNED,0.25,11.208,HIGH_KN,True
2026-02-27,JINDALPOLY.NS,UP,VAL,RANGE,0.9584,0.75,HIGH,ALIGNED,0.25,1.7847,HIGH_KN,True
2026-02-27,LTTS.NS,UP,VAL,RANGE,0.8897,0.875,HIGH,ALIGNED,0.125,-1.9702,HIGH_KN,False
2026-02-27,JPPOWER.NS,UP,VAL,RANGE,0.851,0.875,HIGH,ALIGNED,0.125,-5.1148,HIGH_KN,False
2026-02-27,OFSS.NS,UP,VAL,RANGE,0.8236,0.75,HIGH,ALIGNED,0.25,-1.2118,HIGH_KN,False
2026-02-27,MGL.NS,UP,VAL,RANGE,0.8144,1.0,HIGH,ALIGNED,0.0,-1.0248,HIGH_KN,False
2026-02-27,TIINDIA.NS,UP,VAL,RANGE,0.8103,1.0,HIGH,ALIGNED,0.0,3.058,HIGH_KN,True
2026-02-27,ENDURANCE.NS,UP,VAL,RANGE,0.8055,0.75,HIGH,ALIGNED,0.25,-0.2855,HIGH_KN,False
2026-02-27,DATAPATTNS.NS,UP,VAL,RANGE,0.7983,0.375,MEDIUM,CONFLICT,0.625,-0.1838,LOW_KN,False
2026-02-27,CLEAN.NS,UP,VAL,RANGE,0.7978,0.75,HIGH,ALIGNED,0.25,0.9658,HIGH_KN,True
2026-02-27,LAURUSLABS.NS,UP,VAL,RANGE,0.7901,0.75,HIGH,ALIGNED,0.25,-1.0039,HIGH_KN,False
2026-02-27,NATCOPHARM.NS,UP,VAL,RANGE,0.7897,0.625,HIGH,ALIGNED,0.375,-3.2625,HIGH_KN,False
2026-02-27,SAIL.NS,UP,VAL,RANGE,0.7764,0.875,HIGH,ALIGNED,0.125,-0.0724,HIGH_KN,False
2026-02-27,POLYCAB.NS,UP,VAL,RANGE,0.7659,0.75,HIGH,ALIGNED,0.25,-0.7201,HIGH_KN,False
2026-02-27,WELCORP.NS,UP,VAL,RANGE,0.7635,1.0,HIGH,ALIGNED,0.0,-0.9209,HIGH_KN,False
2026-02-27,KEI.NS,UP,VAL,RANGE,0.7608,0.75,HIGH,ALIGNED,0.25,2.4722,HIGH_KN,True
2026-02-27,AUROPHARMA.NS,UP,VAL,RANGE,0.7548,0.875,HIGH,ALIGNED,0.125,-0.8194,HIGH_KN,False
2026-02-27,HEROMOTOCO.NS,UP,VAL,RANGE,0.7538,0.75,HIGH,ALIGNED,0.25,-2.0753,HIGH_KN,False
2026-02-27,IOC.NS,UP,VAL,RANGE,0.7498,0.75,HIGH,ALIGNED,0.25,-4.4594,HIGH_KN,False
2026-02-27,PETRONET.NS,UP,VAL,RANGE,0.7452,0.625,HIGH,ALIGNED,0.375,-4.5609,HIGH_KN,False
2026-02-27,IDFCFIRSTB.NS,DOWN,VAL,RANGE,0.8916,0.5,MEDIUM,ALIGNED,0.5,-2.3136,HIGH_KN,True
2026-02-27,COFORGE.NS,DOWN,VAL,RANGE,0.8707,0.625,HIGH,ALIGNED,0.375,-1.9481,HIGH_KN,True
2026-02-27,IRCTC.NS,DOWN,VAL,RANGE,0.8459,0.75,HIGH,ALIGNED,0.25,-0.1053,HIGH_KN,True
2026-02-27,RATNAMANI.NS,DOWN,VAL,RANGE,0.8355,0.625,HIGH,ALIGNED,0.375,-2.8542,HIGH_KN,True
2026-02-27,KPITTECH.NS,DOWN,VAL,RANGE,0.83,0.625,HIGH,ALIGNED,0.375,-2.1852,HIGH_KN,True
2026-02-27,TATACOMM.NS,DOWN,VAL,RANGE,0.8151,0.875,HIGH,ALIGNED,0.125,-3.3177,HIGH_KN,True
2026-02-27,MASTEK.NS,DOWN,VAL,RANGE,0.8034,0.5,MEDIUM,ALIGNED,0.5,-1.6282,HIGH_KN,True
2026-02-27,NAVINFLUOR.NS,DOWN,VAL,RANGE,0.8027,0.75,HIGH,ALIGNED,0.25,0.1998,HIGH_KN,False
2026-02-27,RBLBANK.NS,DOWN,VAL,RANGE,0.7724,0.75,HIGH,ALIGNED,0.25,-2.0641,HIGH_KN,True
2026-02-27,TECHM.NS,DOWN,VAL,RANGE,0.7517,0.5,MEDIUM,ALIGNED,0.5,-0.9132,HIGH_KN,True
2026-02-27,NOCIL.NS,DOWN,VAL,RANGE,0.7501,0.625,HIGH,ALIGNED,0.375,-4.2834,HIGH_KN,True
2026-02-27,IRFC.NS,DOWN,VAL,RANGE,0.7459,0.75,HIGH,ALIGNED,0.25,-4.0657,HIGH_KN,True
2026-02-27,INFY.NS,DOWN,VAL,RANGE,0.7442,0.625,HIGH,ALIGNED,0.375,-0.8615,HIGH_KN,True
2026-02-27,PERSISTENT.NS,DOWN,VAL,RANGE,0.7216,0.5,MEDIUM,ALIGNED,0.5,-1.2592,HIGH_KN,True
2026-02-27,PRESTIGE.NS,DOWN,VAL,RANGE,0.7204,0.75,HIGH,ALIGNED,0.25,-1.1271,HIGH_KN,True
2026-02-27,RATEGAIN.NS,DOWN,VAL,RANGE,0.7149,0.5,MEDIUM,ALIGNED,0.5,-6.7252,HIGH_KN,True
2026-02-27,HCLTECH.NS,DOWN,VAL,RANGE,0.7065,0.625,HIGH,ALIGNED,0.375,-1.303,HIGH_KN,True
2026-02-27,MANAPPURAM.NS,DOWN,VAL,RANGE,0.7031,0.875,HIGH,ALIGNED,0.125,-0.4413,HIGH_KN,True
2026-02-27,STLTECH.NS,DOWN,VAL,RANGE,0.7016,0.75,HIGH,ALIGNED,0.25,8.3365,HIGH_KN,False
2026-02-27,CRAFTSMAN.NS,DOWN,VAL,RANGE,0.7002,0.75,HIGH,ALIGNED,0.25,1.8801,HIGH_KN,False
2026-03-02,TEJASNET.NS,UP,VAL,RANGE,0.9896,0.75,HIGH,ALIGNED,0.25,3.0844,HIGH_KN,True
2026-03-02,IDEAFORGE.NS,UP,VAL,RANGE,0.9629,1.0,HIGH,ALIGNED,0.0,2.7872,HIGH_KN,True
2026-03-02,TIINDIA.NS,UP,VAL,RANGE,0.9131,0.75,HIGH,ALIGNED,0.25,-2.3435,HIGH_KN,False
2026-03-02,PARAS.NS,UP,VAL,RANGE,0.8631,1.0,HIGH,ALIGNED,0.0,7.483,HIGH_KN,True
2026-03-02,KEI.NS,UP,VAL,RANGE,0.857,0.75,HIGH,ALIGNED,0.25,-4.3604,HIGH_KN,False
2026-03-02,OIL.NS,UP,VAL,RANGE,0.8532,0.875,HIGH,ALIGNED,0.125,0.8298,HIGH_KN,True
2026-03-02,DATAPATTNS.NS,UP,VAL,RANGE,0.841,0.625,HIGH,ALIGNED,0.375,-2.4342,HIGH_KN,False
2026-03-02,JINDALPOLY.NS,UP,VAL,RANGE,0.8328,0.5,MEDIUM,ALIGNED,0.5,5.9456,HIGH_KN,True
2026-03-02,LAURUSLABS.NS,UP,VAL,RANGE,0.8255,0.875,HIGH,ALIGNED,0.125,-3.23,HIGH_KN,False
2026-03-02,MIDHANI.NS,UP,VAL,RANGE,0.8155,0.75,HIGH,ALIGNED,0.25,-2.1066,HIGH_KN,False
2026-03-02,ERIS.NS,UP,VAL,RANGE,0.8058,0.75,HIGH,ALIGNED,0.25,-0.1691,HIGH_KN,False
2026-03-02,SOLARINDS.NS,UP,VAL,RANGE,0.7939,1.0,HIGH,ALIGNED,0.0,3.8173,HIGH_KN,True
2026-03-02,IDFCFIRSTB.NS,UP,VAL,RANGE,0.791,0.5,MEDIUM,ALIGNED,0.5,-2.3962,HIGH_KN,False
2026-03-02,ZENSARTECH.NS,UP,VAL,RANGE,0.7757,0.625,HIGH,ALIGNED,0.375,-2.4543,HIGH_KN,False
2026-03-02,SAIL.NS,UP,VAL,RANGE,0.7714,0.875,HIGH,ALIGNED,0.125,-6.0209,HIGH_KN,False
2026-03-02,WELCORP.NS,UP,VAL,RANGE,0.7709,0.875,HIGH,ALIGNED,0.125,-2.7212,HIGH_KN,False
2026-03-02,ONGC.NS,UP,VAL,RANGE,0.7687,1.0,HIGH,ALIGNED,0.0,-1.8604,HIGH_KN,False
2026-03-02,NATCOPHARM.NS,UP,VAL,RANGE,0.7653,0.625,HIGH,ALIGNED,0.375,-0.3294,HIGH_KN,False
2026-03-02,BASF.NS,UP,VAL,RANGE,0.7638,0.875,HIGH,ALIGNED,0.125,-2.7191,HIGH_KN,False
2026-03-02,NATIONALUM.NS,UP,VAL,RANGE,0.7609,0.75,HIGH,ALIGNED,0.25,2.9351,HIGH_KN,True
2026-03-02,RAJESHEXPO.NS,DOWN,VAL,RANGE,0.8464,0.75,HIGH,ALIGNED,0.25,-4.9993,HIGH_KN,True
2026-03-02,IRCTC.NS,DOWN,VAL,RANGE,0.835,0.625,HIGH,ALIGNED,0.375,-2.7243,HIGH_KN,True
2026-03-02,RAILTEL.NS,DOWN,VAL,RANGE,0.8296,0.75,HIGH,ALIGNED,0.25,-5.1099,HIGH_KN,True
2026-03-02,RATEGAIN.NS,DOWN,VAL,RANGE,0.8124,0.75,HIGH,ALIGNED,0.25,-3.2,HIGH_KN,True
2026-03-02,TATACOMM.NS,DOWN,VAL,RANGE,0.7978,0.75,HIGH,ALIGNED,0.25,-3.9948,HIGH_KN,True
2026-03-02,IRFC.NS,DOWN,VAL,RANGE,0.7973,0.75,HIGH,ALIGNED,0.25,-1.6106,HIGH_KN,True
2026-03-02,MAPMYINDIA.NS,DOWN,VAL,RANGE,0.7947,0.625,HIGH,ALIGNED,0.375,-0.1287,HIGH_KN,True
2026-03-02,LT.NS,DOWN,VAL,RANGE,0.7784,0.875,HIGH,ALIGNED,0.125,-4.527,HIGH_KN,True
2026-03-02,GODREJAGRO.NS,DOWN,VAL,RANGE,0.7607,0.75,HIGH,ALIGNED,0.25,-1.3078,HIGH_KN,True
2026-03-02,FINEORG.NS,DOWN,VAL,RANGE,0.7606,0.75,HIGH,ALIGNED,0.25,-4.551,HIGH_KN,True
2026-03-02,NOCIL.NS,DOWN,VAL,RANGE,0.7602,0.75,HIGH,ALIGNED,0.25,-2.5014,HIGH_KN,True
2026-03-02,COFORGE.NS,DOWN,VAL,RANGE,0.7422,0.625,HIGH,ALIGNED,0.375,0.6278,HIGH_KN,False
2026-03-02,ADANIGREEN.NS,DOWN,VAL,RANGE,0.7391,0.75,HIGH,ALIGNED,0.25,-3.4973,HIGH_KN,True
2026-03-02,RVNL.NS,DOWN,VAL,RANGE,0.735,0.75,HIGH,ALIGNED,0.25,-5.8107,HIGH_KN,True
2026-03-02,MASTEK.NS,DOWN,VAL,RANGE,0.7243,0.625,HIGH,ALIGNED,0.375,0.077,HIGH_KN,False
2026-03-02,SYMPHONY.NS,DOWN,VAL,RANGE,0.716,0.625,HIGH,ALIGNED,0.375,-3.7705,HIGH_KN,True
2026-03-02,SOBHA.NS,DOWN,VAL,RANGE,0.7126,0.625,HIGH,ALIGNED,0.375,-1.5593,HIGH_KN,True
2026-03-02,PRESTIGE.NS,DOWN,VAL,RANGE,0.7036,0.625,HIGH,ALIGNED,0.375,-1.9241,HIGH_KN,True
2026-03-02,CENTUM.NS,DOWN,VAL,RANGE,0.6934,0.375,MEDIUM,CONFLICT,0.625,-3.3828,LOW_KN,True
2026-03-02,SANOFI.NS,DOWN,VAL,RANGE,0.6879,0.75,HIGH,ALIGNED,0.25,-0.8991,HIGH_KN,True
2026-03-04,TEJASNET.NS,UP,VAL,RANGE,0.9898,0.75,HIGH,ALIGNED,0.25,-1.451,HIGH_KN,False
2026-03-04,IDEAFORGE.NS,UP,VAL,RANGE,0.9629,1.0,HIGH,ALIGNED,0.0,-3.9242,HIGH_KN,False
2026-03-04,PARAS.NS,UP,VAL,RANGE,0.9165,1.0,HIGH,ALIGNED,0.0,-0.5409,HIGH_KN,False
2026-03-04,JINDALPOLY.NS,UP,VAL,RANGE,0.8927,0.625,HIGH,ALIGNED,0.375,11.0359,HIGH_KN,True
2026-03-04,NATIONALUM.NS,UP,VAL,RANGE,0.8755,1.0,HIGH,ALIGNED,0.0,6.0107,HIGH_KN,True
2026-03-04,OIL.NS,UP,VAL,RANGE,0.8692,1.0,HIGH,ALIGNED,0.0,-2.6417,HIGH_KN,False
2026-03-04,SOLARINDS.NS,UP,VAL,RANGE,0.8148,1.0,HIGH,ALIGNED,0.0,1.0191,HIGH_KN,True
2026-03-04,WELCORP.NS,UP,VAL,RANGE,0.8029,0.625,HIGH,ALIGNED,0.375,3.3442,HIGH_KN,True
2026-03-04,KEI.NS,UP,VAL,RANGE,0.8022,0.375,MEDIUM,CONFLICT,0.625,-1.1749,LOW_KN,False
2026-03-04,MPHASIS.NS,UP,VAL,RANGE,0.8,0.625,HIGH,ALIGNED,0.375,-1.5702,HIGH_KN,False
2026-03-04,ZENSARTECH.NS,UP,VAL,RANGE,0.7881,0.5,MEDIUM,ALIGNED,0.5,-1.0551,HIGH_KN,False
2026-03-04,INFY.NS,UP,VAL,RANGE,0.7871,0.625,HIGH,ALIGNED,0.375,-0.1224,HIGH_KN,False
2026-03-04,LTTS.NS,UP,VAL,RANGE,0.7765,0.375,MEDIUM,CONFLICT,0.625,-0.5939,LOW_KN,False
2026-03-04,PERSISTENT.NS,UP,VAL,RANGE,0.7614,0.5,MEDIUM,ALIGNED,0.5,-1.4313,HIGH_KN,False
2026-03-04,BEL.NS,UP,VAL,RANGE,0.759,0.875,HIGH,ALIGNED,0.125,2.9428,HIGH_KN,True
2026-03-04,STLTECH.NS,UP,VAL,RANGE,0.7427,0.625,HIGH,ALIGNED,0.375,3.9538,HIGH_KN,True
2026-03-04,SHYAMMETL.NS,UP,VAL,RANGE,0.7374,0.375,MEDIUM,CONFLICT,0.625,-0.739,LOW_KN,False
2026-03-04,HCLTECH.NS,UP,VAL,RANGE,0.733,0.5,MEDIUM,ALIGNED,0.5,-0.7258,HIGH_KN,False
2026-03-04,GALAXYSURF.NS,UP,VAL,RANGE,0.7303,0.75,HIGH,ALIGNED,0.25,0.6167,HIGH_KN,True
2026-03-04,M&MFIN.NS,UP,VAL,RANGE,0.7267,0.5,MEDIUM,ALIGNED,0.5,0.704,HIGH_KN,True
2026-03-04,FINEORG.NS,DOWN,VAL,RANGE,0.8699,0.625,HIGH,ALIGNED,0.375,1.3134,HIGH_KN,False
2026-03-04,RVNL.NS,DOWN,VAL,RANGE,0.8476,0.75,HIGH,ALIGNED,0.25,-0.9927,HIGH_KN,True
2026-03-04,PETRONET.NS,DOWN,VAL,RANGE,0.8432,0.75,HIGH,ALIGNED,0.25,4.6607,HIGH_KN,False
2026-03-04,RAILTEL.NS,DOWN,VAL,RANGE,0.8415,0.625,HIGH,ALIGNED,0.375,1.2565,HIGH_KN,False
2026-03-04,CENTUM.NS,DOWN,VAL,RANGE,0.8305,0.75,HIGH,ALIGNED,0.25,4.0357,HIGH_KN,False
2026-03-04,RAJESHEXPO.NS,DOWN,VAL,RANGE,0.8121,0.75,HIGH,ALIGNED,0.25,-4.9966,HIGH_KN,True
2026-03-04,IRCTC.NS,DOWN,VAL,RANGE,0.8017,0.75,HIGH,ALIGNED,0.25,1.5358,HIGH_KN,False
2026-03-04,ADANIGREEN.NS,DOWN,VAL,RANGE,0.7891,0.625,HIGH,ALIGNED,0.375,1.445,HIGH_KN,False
2026-03-04,LT.NS,DOWN,VAL,RANGE,0.767,0.75,HIGH,ALIGNED,0.25,4.0205,HIGH_KN,False
2026-03-04,IRFC.NS,DOWN,VAL,RANGE,0.7522,0.75,HIGH,ALIGNED,0.25,1.1357,HIGH_KN,False
2026-03-04,PNB.NS,DOWN,VAL,RANGE,0.7512,0.875,HIGH,ALIGNED,0.125,0.6839,HIGH_KN,False
2026-03-04,RATNAMANI.NS,DOWN,VAL,RANGE,0.7491,0.5,MEDIUM,ALIGNED,0.5,-0.8169,HIGH_KN,True
2026-03-04,CANBK.NS,DOWN,VAL,RANGE,0.7333,0.875,HIGH,ALIGNED,0.125,1.0753,HIGH_KN,False
2026-03-04,SYMPHONY.NS,DOWN,VAL,RANGE,0.7313,0.75,HIGH,ALIGNED,0.25,-0.7836,HIGH_KN,True
2026-03-04,ENDURANCE.NS,DOWN,VAL,RANGE,0.726,0.75,HIGH,ALIGNED,0.25,0.1597,HIGH_KN,False
2026-03-04,GAIL.NS,DOWN,VAL,RANGE,0.7167,0.75,HIGH,ALIGNED,0.25,1.3712,HIGH_KN,False
2026-03-04,TATACOMM.NS,DOWN,VAL,RANGE,0.7124,0.625,HIGH,ALIGNED,0.375,-1.4297,HIGH_KN,True
2026-03-04,OLECTRA.NS,DOWN,VAL,RANGE,0.7121,0.625,HIGH,ALIGNED,0.375,2.5323,HIGH_KN,False
2026-03-04,RBLBANK.NS,DOWN,VAL,RANGE,0.7039,0.875,HIGH,ALIGNED,0.125,1.3233,HIGH_KN,False
2026-03-04,MANAPPURAM.NS,DOWN,VAL,RANGE,0.6983,0.75,HIGH,ALIGNED,0.25,-0.7242,HIGH_KN,True
2026-03-05,TEJASNET.NS,UP,VAL,RANGE,0.9761,0.625,HIGH,ALIGNED,0.375,-5.5544,HIGH_KN,False
2026-03-05,PARAS.NS,UP,VAL,RANGE,0.9519,0.875,HIGH,ALIGNED,0.125,4.49,HIGH_KN,True
2026-03-05,DATAPATTNS.NS,UP,VAL,RANGE,0.9464,0.75,HIGH,ALIGNED,0.25,3.9295,HIGH_KN,True
2026-03-05,NATIONALUM.NS,UP,VAL,RANGE,0.9092,1.0,HIGH,ALIGNED,0.0,0.0505,HIGH_KN,True
2026-03-05,MAZDOCK.NS,UP,VAL,RANGE,0.8944,1.0,HIGH,ALIGNED,0.0,5.0754,HIGH_KN,True
2026-03-05,MASTEK.NS,UP,VAL,RANGE,0.8872,0.75,HIGH,ALIGNED,0.25,-4.4319,HIGH_KN,False
2026-03-05,IDEAFORGE.NS,UP,VAL,RANGE,0.8749,0.625,HIGH,ALIGNED,0.375,1.2276,HIGH_KN,True
2026-03-05,STLTECH.NS,UP,VAL,RANGE,0.8742,0.625,HIGH,ALIGNED,0.375,4.4776,HIGH_KN,True
2026-03-05,CLEAN.NS,UP,VAL,RANGE,0.8512,1.0,HIGH,ALIGNED,0.0,-2.2385,HIGH_KN,False
2026-03-05,JINDALPOLY.NS,UP,VAL,RANGE,0.8447,0.625,HIGH,ALIGNED,0.375,4.1125,HIGH_KN,True
2026-03-05,HFCL.NS,UP,VAL,RANGE,0.8415,0.75,HIGH,ALIGNED,0.25,-0.6279,HIGH_KN,False
2026-03-05,NAVINFLUOR.NS,UP,VAL,RANGE,0.8297,1.0,HIGH,ALIGNED,0.0,1.0377,HIGH_KN,True
2026-03-05,BDL.NS,UP,VAL,RANGE,0.8285,0.625,HIGH,ALIGNED,0.375,5.9425,HIGH_KN,True
2026-03-05,GRSE.NS,UP,VAL,RANGE,0.8237,0.625,HIGH,ALIGNED,0.375,4.7362,HIGH_KN,True
2026-03-05,SOLARINDS.NS,UP,VAL,RANGE,0.8184,0.875,HIGH,ALIGNED,0.125,3.2786,HIGH_KN,True
2026-03-05,WELCORP.NS,UP,VAL,RANGE,0.8082,0.875,HIGH,ALIGNED,0.125,-1.5754,HIGH_KN,False
2026-03-05,BSE.NS,UP,VAL,RANGE,0.7995,0.75,HIGH,ALIGNED,0.25,-0.3549,HIGH_KN,False
2026-03-05,HINDALCO.NS,UP,VAL,RANGE,0.7983,0.875,HIGH,ALIGNED,0.125,0.4136,HIGH_KN,True
2026-03-05,BEL.NS,UP,VAL,RANGE,0.7877,1.0,HIGH,ALIGNED,0.0,1.837,HIGH_KN,True
2026-03-05,ZENSARTECH.NS,UP,VAL,RANGE,0.787,0.375,MEDIUM,CONFLICT,0.625,1.914,LOW_KN,True
2026-03-05,FINEORG.NS,DOWN,VAL,RANGE,0.8554,0.625,HIGH,ALIGNED,0.375,-1.0023,HIGH_KN,True
2026-03-05,RVNL.NS,DOWN,VAL,RANGE,0.8486,0.875,HIGH,ALIGNED,0.125,2.4172,HIGH_KN,False
2026-03-05,PETRONET.NS,DOWN,VAL,RANGE,0.8138,0.75,HIGH,ALIGNED,0.25,-0.9043,HIGH_KN,True
2026-03-05,RAJESHEXPO.NS,DOWN,VAL,RANGE,0.7894,0.75,HIGH,ALIGNED,0.25,-4.9716,HIGH_KN,True
2026-03-05,COROMANDEL.NS,DOWN,VAL,RANGE,0.78,0.75,HIGH,ALIGNED,0.25,-1.9966,HIGH_KN,True
2026-03-05,RAILTEL.NS,DOWN,VAL,RANGE,0.7737,0.75,HIGH,ALIGNED,0.25,3.1377,HIGH_KN,False
2026-03-05,SYMPHONY.NS,DOWN,VAL,RANGE,0.7696,0.875,HIGH,ALIGNED,0.125,-0.6319,HIGH_KN,True
2026-03-05,CANBK.NS,DOWN,VAL,RANGE,0.763,0.75,HIGH,ALIGNED,0.25,-1.7103,HIGH_KN,True
2026-03-05,TATACOMM.NS,DOWN,VAL,RANGE,0.7546,0.625,HIGH,ALIGNED,0.375,-0.3352,HIGH_KN,True
2026-03-05,ADANIGREEN.NS,DOWN,VAL,RANGE,0.7488,0.75,HIGH,ALIGNED,0.25,-2.9563,HIGH_KN,True
2026-03-05,GAIL.NS,DOWN,VAL,RANGE,0.7237,0.75,HIGH,ALIGNED,0.25,-0.6508,HIGH_KN,True
2026-03-05,BOSCHLTD.NS,DOWN,VAL,RANGE,0.7181,0.625,HIGH,ALIGNED,0.375,0.316,HIGH_KN,False
2026-03-05,ENDURANCE.NS,DOWN,VAL,RANGE,0.7163,0.75,HIGH,ALIGNED,0.25,-2.2798,HIGH_KN,True
2026-03-05,PNB.NS,DOWN,VAL,RANGE,0.7162,0.75,HIGH,ALIGNED,0.25,-2.365,HIGH_KN,True
2026-03-05,IRCTC.NS,DOWN,VAL,RANGE,0.7114,0.625,HIGH,ALIGNED,0.375,-1.6283,HIGH_KN,True
2026-03-05,SAIL.NS,DOWN,VAL,RANGE,0.7097,0.75,HIGH,ALIGNED,0.25,-0.7749,HIGH_KN,True
2026-03-05,JINDALSTEL.NS,DOWN,VAL,RANGE,0.7095,0.625,HIGH,ALIGNED,0.375,-0.3041,HIGH_KN,True
2026-03-05,GODREJCP.NS,DOWN,VAL,RANGE,0.701,0.875,HIGH,ALIGNED,0.125,-1.3953,HIGH_KN,True
2026-03-05,LT.NS,DOWN,VAL,RANGE,0.6969,0.75,HIGH,ALIGNED,0.25,-2.2012,HIGH_KN,True
2026-03-05,MUTHOOTFIN.NS,DOWN,VAL,RANGE,0.6964,0.625,HIGH,ALIGNED,0.375,-2.0415,HIGH_KN,True
2026-03-06,JINDALPOLY.NS,UP,VAL,RANGE,0.9677,0.75,HIGH,ALIGNED,0.25,5.7916,HIGH_KN,True
2026-03-06,PARAS.NS,UP,VAL,RANGE,0.9619,0.75,HIGH,ALIGNED,0.25,-4.1102,HIGH_KN,False
2026-03-06,MRPL.NS,UP,VAL,RANGE,0.9328,0.75,HIGH,ALIGNED,0.25,-7.9981,HIGH_KN,False
2026-03-06,MAZDOCK.NS,UP,VAL,RANGE,0.9279,1.0,HIGH,ALIGNED,0.0,-3.4346,HIGH_KN,False
2026-03-06,DATAPATTNS.NS,UP,VAL,RANGE,0.9041,0.625,HIGH,ALIGNED,0.375,0.0573,HIGH_KN,True
2026-03-06,BDL.NS,UP,VAL,RANGE,0.8934,1.0,HIGH,ALIGNED,0.0,-1.5626,HIGH_KN,False
2026-03-06,GRSE.NS,UP,VAL,RANGE,0.8934,1.0,HIGH,ALIGNED,0.0,-2.0648,HIGH_KN,False
2026-03-06,IDEAFORGE.NS,UP,VAL,RANGE,0.8694,0.625,HIGH,ALIGNED,0.375,1.5981,HIGH_KN,True
2026-03-06,TEJASNET.NS,UP,VAL,RANGE,0.8675,0.5,MEDIUM,ALIGNED,0.5,-8.3754,HIGH_KN,False
2026-03-06,PERSISTENT.NS,UP,VAL,RANGE,0.8641,0.625,HIGH,ALIGNED,0.375,0.1172,HIGH_KN,True
2026-03-06,STLTECH.NS,UP,VAL,RANGE,0.8604,0.625,HIGH,ALIGNED,0.375,-3.8941,HIGH_KN,False
2026-03-06,IRCON.NS,UP,VAL,RANGE,0.8558,0.875,HIGH,ALIGNED,0.125,-5.4849,HIGH_KN,False
2026-03-06,NATIONALUM.NS,UP,VAL,RANGE,0.8536,1.0,HIGH,ALIGNED,0.0,-2.0321,HIGH_KN,False
2026-03-06,SOLARINDS.NS,UP,VAL,RANGE,0.8417,0.75,HIGH,ALIGNED,0.25,-1.155,HIGH_KN,False
2026-03-06,OIL.NS,UP,VAL,RANGE,0.8308,0.625,HIGH,ALIGNED,0.375,-2.1569,HIGH_KN,False
2026-03-06,RADICO.NS,UP,VAL,RANGE,0.8291,1.0,HIGH,ALIGNED,0.0,-0.553,HIGH_KN,False
2026-03-06,MIDHANI.NS,UP,VAL,RANGE,0.8277,0.625,HIGH,ALIGNED,0.375,-4.4353,HIGH_KN,False
2026-03-06,COCHINSHIP.NS,UP,VAL,RANGE,0.8257,0.75,HIGH,ALIGNED,0.25,-2.3955,HIGH_KN,False
2026-03-06,MASTEK.NS,UP,VAL,RANGE,0.8138,0.5,MEDIUM,ALIGNED,0.5,-0.237,HIGH_KN,False
2026-03-06,CENTUM.NS,UP,VAL,RANGE,0.7813,0.625,HIGH,ALIGNED,0.375,-2.7735,HIGH_KN,False
2026-03-06,RVNL.NS,DOWN,VAL,RANGE,0.8539,0.75,HIGH,ALIGNED,0.25,-3.4266,HIGH_KN,True
2026-03-06,COROMANDEL.NS,DOWN,VAL,RANGE,0.8303,0.875,HIGH,ALIGNED,0.125,-1.1324,HIGH_KN,True
2026-03-06,PETRONET.NS,DOWN,VAL,RANGE,0.8107,0.875,HIGH,ALIGNED,0.125,-4.0806,HIGH_KN,True
2026-03-06,ADANIGREEN.NS,DOWN,VAL,RANGE,0.7888,0.75,HIGH,ALIGNED,0.25,-0.4951,HIGH_KN,True
2026-03-06,RAJESHEXPO.NS,DOWN,VAL,RANGE,0.7879,0.75,HIGH,ALIGNED,0.25,-4.9962,HIGH_KN,True
2026-03-06,FINEORG.NS,DOWN,VAL,RANGE,0.782,0.75,HIGH,ALIGNED,0.25,0.0514,HIGH_KN,False
2026-03-06,CANBK.NS,DOWN,VAL,RANGE,0.775,0.75,HIGH,ALIGNED,0.25,-4.1515,HIGH_KN,True
2026-03-06,BANKBARODA.NS,DOWN,VAL,RANGE,0.7694,0.75,HIGH,ALIGNED,0.25,-2.4716,HIGH_KN,True
2026-03-06,BPCL.NS,DOWN,VAL,RANGE,0.7687,0.875,HIGH,ALIGNED,0.125,-6.1233,HIGH_KN,True
2026-03-06,IOC.NS,DOWN,VAL,RANGE,0.7619,0.625,HIGH,ALIGNED,0.375,-4.4226,HIGH_KN,True
2026-03-06,PNB.NS,DOWN,VAL,RANGE,0.7507,0.75,HIGH,ALIGNED,0.25,-3.5538,HIGH_KN,True
2026-03-06,OLECTRA.NS,DOWN,VAL,RANGE,0.7449,0.75,HIGH,ALIGNED,0.25,-1.8449,HIGH_KN,True
2026-03-06,GODREJCP.NS,DOWN,VAL,RANGE,0.7432,0.625,HIGH,ALIGNED,0.375,-3.2509,HIGH_KN,True
2026-03-06,UNIONBANK.NS,DOWN,VAL,RANGE,0.7432,0.625,HIGH,ALIGNED,0.375,-5.0835,HIGH_KN,True
2026-03-06,TATACOMM.NS,DOWN,VAL,RANGE,0.7403,0.875,HIGH,ALIGNED,0.125,1.8329,HIGH_KN,False
2026-03-06,SAIL.NS,DOWN,VAL,RANGE,0.7267,0.75,HIGH,ALIGNED,0.25,-3.4981,HIGH_KN,True
2026-03-06,LT.NS,DOWN,VAL,RANGE,0.7238,0.75,HIGH,ALIGNED,0.25,-2.7267,HIGH_KN,True
2026-03-06,ENDURANCE.NS,DOWN,VAL,RANGE,0.7233,0.75,HIGH,ALIGNED,0.25,-1.1339,HIGH_KN,True
2026-03-06,CHOLAFIN.NS,DOWN,VAL,RANGE,0.7078,0.625,HIGH,ALIGNED,0.375,-2.6625,HIGH_KN,True
2026-03-06,BOSCHLTD.NS,DOWN,VAL,RANGE,0.7063,0.625,HIGH,ALIGNED,0.375,-5.2047,HIGH_KN,True
2026-03-09,JINDALPOLY.NS,UP,VAL,BEAR,0.9774,0.75,HIGH,ALIGNED,0.25,6.5018,HIGH_KN,True
2026-03-09,MAZDOCK.NS,UP,VAL,BEAR,0.9284,0.875,HIGH,ALIGNED,0.125,3.9841,HIGH_KN,True
2026-03-09,DATAPATTNS.NS,UP,VAL,BEAR,0.9277,0.75,HIGH,ALIGNED,0.25,-1.4714,HIGH_KN,False
2026-03-09,PARAS.NS,UP,VAL,BEAR,0.9163,0.75,HIGH,ALIGNED,0.25,-2.1432,HIGH_KN,False
2026-03-09,IDEAFORGE.NS,UP,VAL,BEAR,0.8961,0.75,HIGH,ALIGNED,0.25,-0.9817,HIGH_KN,False
2026-03-09,NATIONALUM.NS,UP,VAL,BEAR,0.8716,1.0,HIGH,ALIGNED,0.0,0.1675,HIGH_KN,True
2026-03-09,BDL.NS,UP,VAL,BEAR,0.849,0.875,HIGH,ALIGNED,0.125,3.6615,HIGH_KN,True
2026-03-09,STLTECH.NS,UP,VAL,BEAR,0.8371,0.75,HIGH,ALIGNED,0.25,3.3861,HIGH_KN,True
2026-03-09,SOLARINDS.NS,UP,VAL,BEAR,0.8357,1.0,HIGH,ALIGNED,0.0,-1.716,HIGH_KN,False
2026-03-09,GRSE.NS,UP,VAL,BEAR,0.8044,0.875,HIGH,ALIGNED,0.125,1.647,HIGH_KN,True
2026-03-09,PERSISTENT.NS,UP,VAL,BEAR,0.7871,0.625,HIGH,ALIGNED,0.375,0.9366,HIGH_KN,True
2026-03-09,OIL.NS,UP,VAL,BEAR,0.7782,0.5,MEDIUM,ALIGNED,0.5,-0.7383,HIGH_KN,False
2026-03-09,HFCL.NS,UP,VAL,BEAR,0.7731,0.625,HIGH,ALIGNED,0.375,2.0614,HIGH_KN,True
2026-03-09,INDIAMART.NS,UP,VAL,BEAR,0.7466,1.0,HIGH,ALIGNED,0.0,-0.1786,HIGH_KN,False
2026-03-09,CENTUM.NS,UP,VAL,BEAR,0.7456,0.625,HIGH,ALIGNED,0.375,2.2583,HIGH_KN,True
2026-03-09,HINDALCO.NS,UP,VAL,BEAR,0.7367,0.875,HIGH,ALIGNED,0.125,1.19,HIGH_KN,True
2026-03-09,RADICO.NS,UP,VAL,BEAR,0.7291,0.875,HIGH,ALIGNED,0.125,0.3961,HIGH_KN,True
2026-03-09,BEL.NS,UP,VAL,BEAR,0.7282,0.875,HIGH,ALIGNED,0.125,1.3119,HIGH_KN,True
2026-03-09,NAVINFLUOR.NS,UP,VAL,BEAR,0.7228,0.625,HIGH,ALIGNED,0.375,2.3875,HIGH_KN,True
2026-03-09,COFORGE.NS,UP,VAL,BEAR,0.7221,0.375,MEDIUM,CONFLICT,0.625,-2.5075,LOW_KN,False
2026-03-09,PETRONET.NS,DOWN,VAL,BEAR,0.8573,0.875,HIGH,ALIGNED,0.125,4.1465,HIGH_KN,False
2026-03-09,RVNL.NS,DOWN,VAL,BEAR,0.849,0.75,HIGH,ALIGNED,0.25,2.6792,HIGH_KN,False
2026-03-09,BPCL.NS,DOWN,VAL,BEAR,0.8442,0.75,HIGH,ALIGNED,0.25,-1.5854,HIGH_KN,True
2026-03-09,UNIONBANK.NS,DOWN,VAL,BEAR,0.8296,0.875,HIGH,ALIGNED,0.125,4.0433,HIGH_KN,False
2026-03-09,IOC.NS,DOWN,VAL,BEAR,0.8294,0.75,HIGH,ALIGNED,0.25,-0.7939,HIGH_KN,True
2026-03-09,SAIL.NS,DOWN,VAL,BEAR,0.8112,0.625,HIGH,ALIGNED,0.375,0.214,HIGH_KN,False
2026-03-09,CANBK.NS,DOWN,VAL,BEAR,0.785,0.625,HIGH,ALIGNED,0.375,1.6868,HIGH_KN,False
2026-03-09,GAIL.NS,DOWN,VAL,BEAR,0.7721,0.75,HIGH,ALIGNED,0.25,0.8793,HIGH_KN,False
2026-03-09,BOSCHLTD.NS,DOWN,VAL,BEAR,0.7648,0.625,HIGH,ALIGNED,0.375,1.519,HIGH_KN,False
2026-03-09,JPPOWER.NS,DOWN,VAL,BEAR,0.7643,0.625,HIGH,ALIGNED,0.375,1.1219,HIGH_KN,False
2026-03-09,LTTS.NS,DOWN,VAL,BEAR,0.7638,0.625,HIGH,ALIGNED,0.375,1.1883,HIGH_KN,False
2026-03-09,PNB.NS,DOWN,VAL,BEAR,0.7638,0.75,HIGH,ALIGNED,0.25,2.1378,HIGH_KN,False
2026-03-09,BANKBARODA.NS,DOWN,VAL,BEAR,0.7629,0.75,HIGH,ALIGNED,0.25,2.2045,HIGH_KN,False
2026-03-09,CHOLAFIN.NS,DOWN,VAL,BEAR,0.7621,0.625,HIGH,ALIGNED,0.375,2.4574,HIGH_KN,False
2026-03-09,RAJESHEXPO.NS,DOWN,VAL,BEAR,0.7587,0.625,HIGH,ALIGNED,0.375,-3.3289,HIGH_KN,True
2026-03-09,LT.NS,DOWN,VAL,BEAR,0.7505,0.875,HIGH,ALIGNED,0.125,0.8823,HIGH_KN,False
2026-03-09,RAILTEL.NS,DOWN,VAL,BEAR,0.7318,0.625,HIGH,ALIGNED,0.375,2.2151,HIGH_KN,False
2026-03-09,FINEORG.NS,DOWN,VAL,BEAR,0.7313,0.5,MEDIUM,ALIGNED,0.5,0.7315,HIGH_KN,False
2026-03-09,MGL.NS,DOWN,VAL,BEAR,0.7313,0.75,HIGH,ALIGNED,0.25,0.1535,HIGH_KN,False
2026-03-09,KEI.NS,DOWN,VAL,BEAR,0.7169,1.0,HIGH,ALIGNED,0.0,-5.2719,HIGH_KN,True
2026-03-10,MAZDOCK.NS,UP,VAL,BEAR,0.9626,1.0,HIGH,ALIGNED,0.0,-1.8533,HIGH_KN,False
2026-03-10,JINDALPOLY.NS,UP,VAL,BEAR,0.9425,0.625,HIGH,ALIGNED,0.375,4.3202,HIGH_KN,True
2026-03-10,BDL.NS,UP,VAL,BEAR,0.9027,1.0,HIGH,ALIGNED,0.0,-1.7625,HIGH_KN,False
2026-03-10,MRPL.NS,UP,VAL,BEAR,0.868,0.75,HIGH,ALIGNED,0.25,-3.4504,HIGH_KN,False
2026-03-10,GRSE.NS,UP,VAL,BEAR,0.8515,0.875,HIGH,ALIGNED,0.125,-2.4962,HIGH_KN,False
2026-03-10,HFCL.NS,UP,VAL,BEAR,0.8398,0.625,HIGH,ALIGNED,0.375,3.223,HIGH_KN,True
2026-03-10,DATAPATTNS.NS,UP,VAL,BEAR,0.8369,0.5,MEDIUM,ALIGNED,0.5,-1.7026,HIGH_KN,False
2026-03-10,PARAS.NS,UP,VAL,BEAR,0.8262,0.375,MEDIUM,CONFLICT,0.625,-3.1786,LOW_KN,False
2026-03-10,ADANIENSOL.NS,UP,VAL,BEAR,0.8194,1.0,HIGH,ALIGNED,0.0,-2.131,HIGH_KN,False
2026-03-10,DEEPAKFERT.NS,UP,VAL,BEAR,0.7833,0.75,HIGH,ALIGNED,0.25,1.7298,HIGH_KN,True
2026-03-10,BSE.NS,UP,VAL,BEAR,0.782,0.75,HIGH,ALIGNED,0.25,-0.811,HIGH_KN,False
2026-03-10,SHRIRAMFIN.NS,UP,VAL,BEAR,0.782,1.0,HIGH,ALIGNED,0.0,-2.9354,HIGH_KN,False
2026-03-10,IRCON.NS,UP,VAL,BEAR,0.7765,0.5,MEDIUM,ALIGNED,0.5,-2.1474,HIGH_KN,False
2026-03-10,RADICO.NS,UP,VAL,BEAR,0.7718,0.75,HIGH,ALIGNED,0.25,4.7602,HIGH_KN,True
2026-03-10,SOLARINDS.NS,UP,VAL,BEAR,0.7709,0.875,HIGH,ALIGNED,0.125,-1.3927,HIGH_KN,False
2026-03-10,SUZLON.NS,UP,VAL,BEAR,0.7689,0.75,HIGH,ALIGNED,0.25,0.4101,HIGH_KN,True
2026-03-10,OLECTRA.NS,UP,VAL,BEAR,0.7646,0.625,HIGH,ALIGNED,0.375,-3.4263,HIGH_KN,False
2026-03-10,VGUARD.NS,UP,VAL,BEAR,0.7641,0.875,HIGH,ALIGNED,0.125,-0.4745,HIGH_KN,False
2026-03-10,PERSISTENT.NS,UP,VAL,BEAR,0.7629,0.5,MEDIUM,ALIGNED,0.5,-1.6612,HIGH_KN,False
2026-03-10,NATIONALUM.NS,UP,VAL,BEAR,0.7595,0.625,HIGH,ALIGNED,0.375,2.3151,HIGH_KN,True
2026-03-10,KEI.NS,DOWN,VAL,BEAR,0.8641,0.875,HIGH,ALIGNED,0.125,-4.7609,HIGH_KN,True
2026-03-10,BPCL.NS,DOWN,VAL,BEAR,0.8636,0.875,HIGH,ALIGNED,0.125,-0.2608,HIGH_KN,True
2026-03-10,SAIL.NS,DOWN,VAL,BEAR,0.8449,0.75,HIGH,ALIGNED,0.25,2.6962,HIGH_KN,False
2026-03-10,IOC.NS,DOWN,VAL,BEAR,0.8386,0.875,HIGH,ALIGNED,0.125,0.4314,HIGH_KN,False
2026-03-10,IDFCFIRSTB.NS,DOWN,VAL,BEAR,0.8376,0.75,HIGH,ALIGNED,0.25,-1.6501,HIGH_KN,True
2026-03-10,POLYCAB.NS,DOWN,VAL,BEAR,0.8184,0.875,HIGH,ALIGNED,0.125,-3.8003,HIGH_KN,True
2026-03-10,PETRONET.NS,DOWN,VAL,BEAR,0.8063,0.75,HIGH,ALIGNED,0.25,-0.1551,HIGH_KN,True
2026-03-10,TIINDIA.NS,DOWN,VAL,BEAR,0.7793,0.75,HIGH,ALIGNED,0.25,-2.9537,HIGH_KN,True
2026-03-10,BOSCHLTD.NS,DOWN,VAL,BEAR,0.7779,0.75,HIGH,ALIGNED,0.25,-1.1378,HIGH_KN,True
2026-03-10,GAIL.NS,DOWN,VAL,BEAR,0.7769,0.875,HIGH,ALIGNED,0.125,-1.5437,HIGH_KN,True
2026-03-10,MGL.NS,DOWN,VAL,BEAR,0.7575,0.75,HIGH,ALIGNED,0.25,0.5173,HIGH_KN,False
2026-03-10,TATASTEEL.NS,DOWN,VAL,BEAR,0.7551,0.625,HIGH,ALIGNED,0.375,-0.1333,HIGH_KN,True
2026-03-10,CANBK.NS,DOWN,VAL,BEAR,0.7524,0.625,HIGH,ALIGNED,0.375,-2.0103,HIGH_KN,True
2026-03-10,CHOLAFIN.NS,DOWN,VAL,BEAR,0.7456,0.5,MEDIUM,ALIGNED,0.5,-3.9768,HIGH_KN,True
2026-03-10,LTTS.NS,DOWN,VAL,BEAR,0.7386,0.75,HIGH,ALIGNED,0.25,-1.6948,HIGH_KN,True
2026-03-10,UNIONBANK.NS,DOWN,VAL,BEAR,0.7345,0.625,HIGH,ALIGNED,0.375,-2.8878,HIGH_KN,True
2026-03-10,RAJESHEXPO.NS,DOWN,VAL,BEAR,0.7303,0.75,HIGH,ALIGNED,0.25,4.9272,HIGH_KN,False
2026-03-10,JPPOWER.NS,DOWN,VAL,BEAR,0.7211,0.75,HIGH,ALIGNED,0.25,1.0355,HIGH_KN,False
2026-03-10,BANKBARODA.NS,DOWN,VAL,BEAR,0.7036,0.625,HIGH,ALIGNED,0.375,-1.7323,HIGH_KN,True
2026-03-10,ONGC.NS,DOWN,VAL,BEAR,0.7019,0.75,HIGH,ALIGNED,0.25,0.5758,HIGH_KN,False
2026-03-11,STLTECH.NS,UP,VAL,BEAR,0.9231,0.625,HIGH,ALIGNED,0.375,5.3836,HIGH_KN,True
2026-03-11,HFCL.NS,UP,VAL,BEAR,0.9199,1.0,HIGH,ALIGNED,0.0,3.3444,HIGH_KN,True
2026-03-11,MAZDOCK.NS,UP,VAL,BEAR,0.9175,0.75,HIGH,ALIGNED,0.25,0.2956,HIGH_KN,True
2026-03-11,DEEPAKFERT.NS,UP,VAL,BEAR,0.8993,0.875,HIGH,ALIGNED,0.125,-1.8609,HIGH_KN,False
2026-03-11,SYMPHONY.NS,UP,VAL,BEAR,0.874,0.75,HIGH,ALIGNED,0.25,-0.6881,HIGH_KN,False
2026-03-11,JINDALPOLY.NS,UP,VAL,BEAR,0.8738,0.625,HIGH,ALIGNED,0.375,4.0084,HIGH_KN,True
2026-03-11,SUDARSCHEM.NS,UP,VAL,BEAR,0.8648,0.875,HIGH,ALIGNED,0.125,-1.5575,HIGH_KN,False
2026-03-11,NCC.NS,UP,VAL,BEAR,0.8597,0.875,HIGH,ALIGNED,0.125,0.3288,HIGH_KN,True
2026-03-11,RADICO.NS,UP,VAL,BEAR,0.8527,1.0,HIGH,ALIGNED,0.0,-1.2612,HIGH_KN,False
2026-03-11,ONMOBILE.NS,UP,VAL,BEAR,0.85,1.0,HIGH,ALIGNED,0.0,-1.0559,HIGH_KN,False
2026-03-11,BDL.NS,UP,VAL,BEAR,0.8248,0.875,HIGH,ALIGNED,0.125,-0.7794,HIGH_KN,False
2026-03-11,RATEGAIN.NS,UP,VAL,BEAR,0.8138,0.625,HIGH,ALIGNED,0.375,-0.2055,HIGH_KN,False
2026-03-11,BLUESTARCO.NS,UP,VAL,BEAR,0.8046,0.875,HIGH,ALIGNED,0.125,0.6388,HIGH_KN,True
2026-03-11,SHRIRAMFIN.NS,UP,VAL,BEAR,0.799,0.875,HIGH,ALIGNED,0.125,0.0,HIGH_KN,False
2026-03-11,CENTUM.NS,UP,VAL,BEAR,0.7869,0.875,HIGH,ALIGNED,0.125,-2.8842,HIGH_KN,False
2026-03-11,DATAPATTNS.NS,UP,VAL,BEAR,0.7854,0.625,HIGH,ALIGNED,0.375,-1.5134,HIGH_KN,False
2026-03-11,VGUARD.NS,UP,VAL,BEAR,0.7847,0.75,HIGH,ALIGNED,0.25,1.2871,HIGH_KN,True
2026-03-11,WELCORP.NS,UP,VAL,BEAR,0.7779,1.0,HIGH,ALIGNED,0.0,1.4114,HIGH_KN,True
2026-03-11,GRSE.NS,UP,VAL,BEAR,0.7765,0.375,MEDIUM,CONFLICT,0.625,-1.033,LOW_KN,False
2026-03-11,GLENMARK.NS,UP,VAL,BEAR,0.7714,1.0,HIGH,ALIGNED,0.0,-0.7172,HIGH_KN,False
2026-03-11,PARAS.NS,DOWN,VAL,BEAR,0.867,0.75,HIGH,ALIGNED,0.25,-1.7626,HIGH_KN,True
2026-03-11,KEI.NS,DOWN,VAL,BEAR,0.8643,0.75,HIGH,ALIGNED,0.25,0.2083,HIGH_KN,False
2026-03-11,IDFCFIRSTB.NS,DOWN,VAL,BEAR,0.8451,0.75,HIGH,ALIGNED,0.25,-2.0859,HIGH_KN,True
2026-03-11,POLYCAB.NS,DOWN,VAL,BEAR,0.8398,0.75,HIGH,ALIGNED,0.25,0.3432,HIGH_KN,False
2026-03-11,BPCL.NS,DOWN,VAL,BEAR,0.8342,0.75,HIGH,ALIGNED,0.25,0.3999,HIGH_KN,False
2026-03-11,TIINDIA.NS,DOWN,VAL,BEAR,0.8008,0.75,HIGH,ALIGNED,0.25,-0.6352,HIGH_KN,True
2026-03-11,CHOLAFIN.NS,DOWN,VAL,BEAR,0.7944,0.75,HIGH,ALIGNED,0.25,-2.0098,HIGH_KN,True
2026-03-11,IDEAFORGE.NS,DOWN,VAL,BEAR,0.7755,0.75,HIGH,ALIGNED,0.25,-1.6047,HIGH_KN,True
2026-03-11,IOC.NS,DOWN,VAL,BEAR,0.7551,0.625,HIGH,ALIGNED,0.375,-0.2926,HIGH_KN,True
2026-03-11,LTTS.NS,DOWN,VAL,BEAR,0.7301,0.75,HIGH,ALIGNED,0.25,1.0364,HIGH_KN,False
2026-03-11,ASHOKLEY.NS,DOWN,VAL,BEAR,0.7274,0.875,HIGH,ALIGNED,0.125,-3.3521,HIGH_KN,True
2026-03-11,UNIONBANK.NS,DOWN,VAL,BEAR,0.7085,0.75,HIGH,ALIGNED,0.25,0.6522,HIGH_KN,False
2026-03-11,AMBER.NS,DOWN,VAL,BEAR,0.7029,0.875,HIGH,ALIGNED,0.125,-5.1793,HIGH_KN,True
2026-03-11,AXISBANK.NS,DOWN,VAL,BEAR,0.692,0.625,HIGH,ALIGNED,0.375,-1.6961,HIGH_KN,True
2026-03-11,BHARTIARTL.NS,DOWN,VAL,BEAR,0.6879,0.625,HIGH,ALIGNED,0.375,-0.3154,HIGH_KN,True
2026-03-11,SAPPHIRE.NS,DOWN,VAL,BEAR,0.6852,0.75,HIGH,ALIGNED,0.25,-0.9824,HIGH_KN,True
2026-03-11,KPITTECH.NS,DOWN,VAL,BEAR,0.682,0.75,HIGH,ALIGNED,0.25,-1.6844,HIGH_KN,True
2026-03-11,ICICIBANK.NS,DOWN,VAL,BEAR,0.6782,0.75,HIGH,ALIGNED,0.25,-2.1706,HIGH_KN,True
2026-03-11,ATUL.NS,DOWN,VAL,BEAR,0.6757,0.75,HIGH,ALIGNED,0.25,1.6041,HIGH_KN,False
2026-03-11,BOSCHLTD.NS,DOWN,VAL,BEAR,0.6733,0.625,HIGH,ALIGNED,0.375,-1.2928,HIGH_KN,True
2026-03-12,STLTECH.NS,UP,VAL,BEAR,0.9458,0.75,HIGH,ALIGNED,0.25,-6.9209,HIGH_KN,False
2026-03-12,HFCL.NS,UP,VAL,BEAR,0.898,1.0,HIGH,ALIGNED,0.0,-3.3571,HIGH_KN,False
2026-03-12,JPPOWER.NS,UP,VAL,BEAR,0.8801,0.875,HIGH,ALIGNED,0.125,-1.9054,HIGH_KN,False
2026-03-12,JINDALPOLY.NS,UP,VAL,BEAR,0.8792,0.625,HIGH,ALIGNED,0.375,-1.0274,HIGH_KN,False
2026-03-12,SUDARSCHEM.NS,UP,VAL,BEAR,0.8721,0.75,HIGH,ALIGNED,0.25,-2.4728,HIGH_KN,False
2026-03-12,JSWENERGY.NS,UP,VAL,BEAR,0.8708,1.0,HIGH,ALIGNED,0.0,-1.0322,HIGH_KN,False
2026-03-12,SUZLON.NS,UP,VAL,BEAR,0.8588,0.75,HIGH,ALIGNED,0.25,-2.404,HIGH_KN,False
2026-03-12,ONMOBILE.NS,UP,VAL,BEAR,0.8444,0.75,HIGH,ALIGNED,0.25,-4.4664,HIGH_KN,False
2026-03-12,RADICO.NS,UP,VAL,BEAR,0.8275,0.875,HIGH,ALIGNED,0.125,-2.0087,HIGH_KN,False
2026-03-12,PETRONET.NS,UP,VAL,BEAR,0.8248,0.875,HIGH,ALIGNED,0.125,-3.5052,HIGH_KN,False
2026-03-12,CESC.NS,UP,VAL,BEAR,0.8225,1.0,HIGH,ALIGNED,0.0,0.1945,HIGH_KN,True
2026-03-12,SYMPHONY.NS,UP,VAL,BEAR,0.8208,0.5,MEDIUM,ALIGNED,0.5,-2.011,HIGH_KN,False
2026-03-12,VGUARD.NS,UP,VAL,BEAR,0.7968,0.875,HIGH,ALIGNED,0.125,0.4079,HIGH_KN,True
2026-03-12,RAILTEL.NS,UP,VAL,BEAR,0.7799,0.625,HIGH,ALIGNED,0.375,-3.1696,HIGH_KN,False
2026-03-12,RATEGAIN.NS,UP,VAL,BEAR,0.7797,0.625,HIGH,ALIGNED,0.375,-3.3049,HIGH_KN,False
2026-03-12,DEEPAKFERT.NS,UP,VAL,BEAR,0.7775,0.625,HIGH,ALIGNED,0.375,-3.5521,HIGH_KN,False
2026-03-12,TATAPOWER.NS,UP,VAL,BEAR,0.7728,0.875,HIGH,ALIGNED,0.125,-1.7904,HIGH_KN,False
2026-03-12,AJANTPHARM.NS,UP,VAL,BEAR,0.7664,1.0,HIGH,ALIGNED,0.0,-2.8498,HIGH_KN,False
2026-03-12,JINDALSTEL.NS,UP,VAL,BEAR,0.7493,1.0,HIGH,ALIGNED,0.0,-6.6694,HIGH_KN,False
2026-03-12,WELCORP.NS,UP,VAL,BEAR,0.7436,0.875,HIGH,ALIGNED,0.125,-5.2176,HIGH_KN,False
2026-03-12,KEI.NS,DOWN,VAL,BEAR,0.8571,0.625,HIGH,ALIGNED,0.375,-3.9723,HIGH_KN,True
2026-03-12,IDFCFIRSTB.NS,DOWN,VAL,BEAR,0.8515,0.625,HIGH,ALIGNED,0.375,-3.4115,HIGH_KN,True
2026-03-12,PARAS.NS,DOWN,VAL,BEAR,0.849,0.75,HIGH,ALIGNED,0.25,-4.4632,HIGH_KN,True
2026-03-12,POLYCAB.NS,DOWN,VAL,BEAR,0.8441,0.625,HIGH,ALIGNED,0.375,-3.5077,HIGH_KN,True
2026-03-12,TVSMOTOR.NS,DOWN,VAL,BEAR,0.827,0.75,HIGH,ALIGNED,0.25,-2.8662,HIGH_KN,True
2026-03-12,AMBER.NS,DOWN,VAL,BEAR,0.825,0.75,HIGH,ALIGNED,0.25,-6.9774,HIGH_KN,True
2026-03-12,ASHOKLEY.NS,DOWN,VAL,BEAR,0.8081,0.75,HIGH,ALIGNED,0.25,-4.3817,HIGH_KN,True
2026-03-12,TIINDIA.NS,DOWN,VAL,BEAR,0.7855,0.75,HIGH,ALIGNED,0.25,-3.5887,HIGH_KN,True
2026-03-12,CHOLAFIN.NS,DOWN,VAL,BEAR,0.7836,0.875,HIGH,ALIGNED,0.125,-0.7929,HIGH_KN,True
2026-03-12,BPCL.NS,DOWN,VAL,BEAR,0.7824,0.75,HIGH,ALIGNED,0.25,-2.1603,HIGH_KN,True
2026-03-12,LT.NS,DOWN,VAL,BEAR,0.7689,0.75,HIGH,ALIGNED,0.25,-7.5413,HIGH_KN,True
2026-03-12,EICHERMOT.NS,DOWN,VAL,BEAR,0.7588,0.75,HIGH,ALIGNED,0.25,-3.3618,HIGH_KN,True
2026-03-12,ADANIPORTS.NS,DOWN,VAL,BEAR,0.7574,0.625,HIGH,ALIGNED,0.375,-2.0338,HIGH_KN,True
2026-03-12,MARUTI.NS,DOWN,VAL,BEAR,0.7561,0.75,HIGH,ALIGNED,0.25,-3.228,HIGH_KN,True
2026-03-12,M&M.NS,DOWN,VAL,BEAR,0.7304,0.75,HIGH,ALIGNED,0.25,-3.3023,HIGH_KN,True
2026-03-12,INDUSINDBK.NS,DOWN,VAL,BEAR,0.7179,0.75,HIGH,ALIGNED,0.25,-2.0389,HIGH_KN,True
2026-03-12,DATAPATTNS.NS,DOWN,VAL,BEAR,0.7114,0.75,HIGH,ALIGNED,0.25,-3.5114,HIGH_KN,True
2026-03-12,JYOTHYLAB.NS,DOWN,VAL,BEAR,0.7088,0.625,HIGH,ALIGNED,0.375,-4.1248,HIGH_KN,True
2026-03-12,IOC.NS,DOWN,VAL,BEAR,0.7076,0.625,HIGH,ALIGNED,0.375,-2.2602,HIGH_KN,True
2026-03-12,VBL.NS,DOWN,VAL,BEAR,0.6998,0.75,HIGH,ALIGNED,0.25,-2.372,HIGH_KN,True
2026-03-13,LTTS.NS,UP,VAL,BEAR,0.9851,0.875,HIGH,ALIGNED,0.125,-3.067,HIGH_KN,False
2026-03-13,HFCL.NS,UP,VAL,BEAR,0.9063,0.875,HIGH,ALIGNED,0.125,-0.9726,HIGH_KN,False
2026-03-13,ZYDUSWELL.NS,UP,VAL,BEAR,0.8971,1.0,HIGH,ALIGNED,0.0,5.3061,HIGH_KN,True
2026-03-13,NOCIL.NS,UP,VAL,BEAR,0.8649,0.75,HIGH,ALIGNED,0.25,1.0142,HIGH_KN,True
2026-03-13,ADANIGREEN.NS,UP,VAL,BEAR,0.8534,0.75,HIGH,ALIGNED,0.25,0.6501,HIGH_KN,True
2026-03-13,CESC.NS,UP,VAL,BEAR,0.849,1.0,HIGH,ALIGNED,0.0,-1.9909,HIGH_KN,False
2026-03-13,SUDARSCHEM.NS,UP,VAL,BEAR,0.8395,0.625,HIGH,ALIGNED,0.375,-3.8332,HIGH_KN,False
2026-03-13,JPPOWER.NS,UP,VAL,BEAR,0.8339,0.75,HIGH,ALIGNED,0.25,-2.8777,HIGH_KN,False
2026-03-13,ATUL.NS,UP,VAL,BEAR,0.8193,1.0,HIGH,ALIGNED,0.0,-3.2178,HIGH_KN,False
2026-03-13,SUZLON.NS,UP,VAL,BEAR,0.8173,0.625,HIGH,ALIGNED,0.375,-0.966,HIGH_KN,False
2026-03-13,JSWENERGY.NS,UP,VAL,BEAR,0.809,1.0,HIGH,ALIGNED,0.0,-1.5206,HIGH_KN,False
2026-03-13,VGUARD.NS,UP,VAL,BEAR,0.7949,1.0,HIGH,ALIGNED,0.0,0.5156,HIGH_KN,True
2026-03-13,ONMOBILE.NS,UP,VAL,BEAR,0.7739,0.375,MEDIUM,CONFLICT,0.625,0.0621,LOW_KN,True
2026-03-13,SHRIRAMFIN.NS,UP,VAL,BEAR,0.7727,0.375,MEDIUM,CONFLICT,0.625,-1.1558,LOW_KN,False
2026-03-13,COALINDIA.NS,UP,VAL,BEAR,0.7576,1.0,HIGH,ALIGNED,0.0,-1.4347,HIGH_KN,False
2026-03-13,ADANIENSOL.NS,UP,VAL,BEAR,0.7573,0.625,HIGH,ALIGNED,0.375,0.4233,HIGH_KN,True
2026-03-13,RATEGAIN.NS,UP,VAL,BEAR,0.7544,0.375,MEDIUM,CONFLICT,0.625,-1.2677,LOW_KN,False
2026-03-13,MUTHOOTFIN.NS,UP,VAL,BEAR,0.7529,0.75,HIGH,ALIGNED,0.25,0.834,HIGH_KN,True
2026-03-13,STLTECH.NS,UP,VAL,BEAR,0.7473,0.625,HIGH,ALIGNED,0.375,-1.8295,HIGH_KN,False
2026-03-13,PNBHOUSING.NS,UP,VAL,BEAR,0.7439,0.5,MEDIUM,ALIGNED,0.5,0.3731,HIGH_KN,True
2026-03-13,PARAS.NS,DOWN,VAL,BEAR,0.8773,0.75,HIGH,ALIGNED,0.25,-0.7043,HIGH_KN,True
2026-03-13,AMBER.NS,DOWN,VAL,BEAR,0.858,0.75,HIGH,ALIGNED,0.25,1.2799,HIGH_KN,False
2026-03-13,IRCON.NS,DOWN,VAL,BEAR,0.85,0.75,HIGH,ALIGNED,0.25,-3.3712,HIGH_KN,True
2026-03-13,IDFCFIRSTB.NS,DOWN,VAL,BEAR,0.8337,0.625,HIGH,ALIGNED,0.375,0.3836,HIGH_KN,False
2026-03-13,LT.NS,DOWN,VAL,BEAR,0.8271,0.75,HIGH,ALIGNED,0.25,0.884,HIGH_KN,False
2026-03-13,POLYCAB.NS,DOWN,VAL,BEAR,0.8239,0.75,HIGH,ALIGNED,0.25,-0.9244,HIGH_KN,True
2026-03-13,MRPL.NS,DOWN,VAL,BEAR,0.8237,0.75,HIGH,ALIGNED,0.25,16.0716,HIGH_KN,False
2026-03-13,TVSMOTOR.NS,DOWN,VAL,BEAR,0.81,0.75,HIGH,ALIGNED,0.25,1.513,HIGH_KN,False
2026-03-13,KEI.NS,DOWN,VAL,BEAR,0.7956,0.625,HIGH,ALIGNED,0.375,0.3848,HIGH_KN,False
2026-03-13,ASHOKLEY.NS,DOWN,VAL,BEAR,0.762,0.75,HIGH,ALIGNED,0.25,1.2423,HIGH_KN,False
2026-03-13,M&M.NS,DOWN,VAL,BEAR,0.7612,0.75,HIGH,ALIGNED,0.25,3.5823,HIGH_KN,False
2026-03-13,SAPPHIRE.NS,DOWN,VAL,BEAR,0.7578,0.75,HIGH,ALIGNED,0.25,0.3199,HIGH_KN,False
2026-03-13,BHARATFORG.NS,DOWN,VAL,BEAR,0.7576,0.75,HIGH,ALIGNED,0.25,1.3074,HIGH_KN,False
2026-03-13,EICHERMOT.NS,DOWN,VAL,BEAR,0.752,0.75,HIGH,ALIGNED,0.25,1.2832,HIGH_KN,False
2026-03-13,TIINDIA.NS,DOWN,VAL,BEAR,0.7493,0.75,HIGH,ALIGNED,0.25,-1.4604,HIGH_KN,True
2026-03-13,MOIL.NS,DOWN,VAL,BEAR,0.7363,0.75,HIGH,ALIGNED,0.25,-4.6512,HIGH_KN,True
2026-03-13,DATAPATTNS.NS,DOWN,VAL,BEAR,0.7326,0.75,HIGH,ALIGNED,0.25,-3.7045,HIGH_KN,True
2026-03-13,CRAFTSMAN.NS,DOWN,VAL,BEAR,0.728,0.75,HIGH,ALIGNED,0.25,1.7755,HIGH_KN,False
2026-03-13,MIDHANI.NS,DOWN,VAL,BEAR,0.7205,0.75,HIGH,ALIGNED,0.25,-2.2052,HIGH_KN,True
2026-03-13,MARUTI.NS,DOWN,VAL,BEAR,0.72,0.75,HIGH,ALIGNED,0.25,1.3184,HIGH_KN,False
2026-03-16,MRPL.NS,UP,VAL,BEAR,0.9886,1.0,HIGH,ALIGNED,0.0,-3.1001,HIGH_KN,False
2026-03-16,LTTS.NS,UP,VAL,BEAR,0.97,0.625,HIGH,ALIGNED,0.375,0.2346,HIGH_KN,True
2026-03-16,NOCIL.NS,UP,VAL,BEAR,0.928,0.875,HIGH,ALIGNED,0.125,6.4786,HIGH_KN,True
2026-03-16,ZYDUSWELL.NS,UP,VAL,BEAR,0.9234,1.0,HIGH,ALIGNED,0.0,-0.8692,HIGH_KN,False
2026-03-16,JPPOWER.NS,UP,VAL,BEAR,0.8251,0.5,MEDIUM,ALIGNED,0.5,3.5556,HIGH_KN,True
2026-03-16,SHRIRAMFIN.NS,UP,VAL,BEAR,0.8111,0.625,HIGH,ALIGNED,0.375,1.2702,HIGH_KN,True
2026-03-16,SUZLON.NS,UP,VAL,BEAR,0.8039,0.5,MEDIUM,ALIGNED,0.5,0.634,HIGH_KN,True
2026-03-16,HFCL.NS,UP,VAL,BEAR,0.763,0.5,MEDIUM,ALIGNED,0.5,0.6595,HIGH_KN,True
2026-03-16,SUDARSCHEM.NS,UP,VAL,BEAR,0.7592,0.375,MEDIUM,CONFLICT,0.625,-1.4932,LOW_KN,False
2026-03-16,VGUARD.NS,UP,VAL,BEAR,0.7592,1.0,HIGH,ALIGNED,0.0,0.4353,HIGH_KN,True
2026-03-16,CESC.NS,UP,VAL,BEAR,0.7541,0.625,HIGH,ALIGNED,0.375,-0.396,HIGH_KN,False
2026-03-16,RATEGAIN.NS,UP,VAL,BEAR,0.7531,0.375,MEDIUM,CONFLICT,0.625,-0.8629,LOW_KN,False
2026-03-16,ONMOBILE.NS,UP,VAL,BEAR,0.7425,0.5,MEDIUM,ALIGNED,0.5,2.0881,HIGH_KN,True
2026-03-16,JSWENERGY.NS,UP,VAL,BEAR,0.7406,0.75,HIGH,ALIGNED,0.25,0.1287,HIGH_KN,True
2026-03-16,DEEPAKFERT.NS,UP,VAL,BEAR,0.7353,0.5,MEDIUM,ALIGNED,0.5,-2.7169,HIGH_KN,False
2026-03-16,RECLTD.NS,UP,VAL,BEAR,0.7341,0.625,HIGH,ALIGNED,0.375,1.5792,HIGH_KN,True
2026-03-16,PETRONET.NS,UP,VAL,BEAR,0.7268,0.375,MEDIUM,CONFLICT,0.625,1.5352,LOW_KN,True
2026-03-16,WELCORP.NS,UP,VAL,BEAR,0.7174,0.5,MEDIUM,ALIGNED,0.5,2.3373,HIGH_KN,True
2026-03-16,OLECTRA.NS,UP,VAL,BEAR,0.7164,0.5,MEDIUM,ALIGNED,0.5,0.6797,HIGH_KN,True
2026-03-16,VINATIORGA.NS,UP,VAL,BEAR,0.7159,0.625,HIGH,ALIGNED,0.375,0.1077,HIGH_KN,True
2026-03-16,PARAS.NS,DOWN,VAL,BEAR,0.878,0.75,HIGH,ALIGNED,0.25,1.5762,HIGH_KN,False
2026-03-16,IRCON.NS,DOWN,VAL,BEAR,0.8481,0.625,HIGH,ALIGNED,0.375,0.5484,HIGH_KN,False
2026-03-16,POLYCAB.NS,DOWN,VAL,BEAR,0.8196,0.75,HIGH,ALIGNED,0.25,0.5542,HIGH_KN,False
2026-03-16,IDEAFORGE.NS,DOWN,VAL,BEAR,0.8043,0.625,HIGH,ALIGNED,0.375,11.7834,HIGH_KN,False
2026-03-16,AMBER.NS,DOWN,VAL,BEAR,0.7843,0.625,HIGH,ALIGNED,0.375,3.8217,HIGH_KN,False
2026-03-16,LT.NS,DOWN,VAL,BEAR,0.7749,0.625,HIGH,ALIGNED,0.375,2.1156,HIGH_KN,False
2026-03-16,KEI.NS,DOWN,VAL,BEAR,0.772,0.625,HIGH,ALIGNED,0.375,1.0182,HIGH_KN,False
2026-03-16,MOIL.NS,DOWN,VAL,BEAR,0.7703,0.75,HIGH,ALIGNED,0.25,19.996,HIGH_KN,False
2026-03-16,DATAPATTNS.NS,DOWN,VAL,BEAR,0.7457,0.75,HIGH,ALIGNED,0.25,6.6087,HIGH_KN,False
2026-03-16,NATIONALUM.NS,DOWN,VAL,BEAR,0.7452,0.75,HIGH,ALIGNED,0.25,6.1518,HIGH_KN,False
2026-03-16,CRAFTSMAN.NS,DOWN,VAL,BEAR,0.7341,0.75,HIGH,ALIGNED,0.25,1.8329,HIGH_KN,False
2026-03-16,BHARATFORG.NS,DOWN,VAL,BEAR,0.7258,0.625,HIGH,ALIGNED,0.375,2.8874,HIGH_KN,False
2026-03-16,TVSMOTOR.NS,DOWN,VAL,BEAR,0.7208,0.625,HIGH,ALIGNED,0.375,3.4728,HIGH_KN,False
2026-03-16,MIDHANI.NS,DOWN,VAL,BEAR,0.7082,0.625,HIGH,ALIGNED,0.375,4.7876,HIGH_KN,False
2026-03-16,HINDZINC.NS,DOWN,VAL,BEAR,0.7053,0.75,HIGH,ALIGNED,0.25,2.3415,HIGH_KN,False
2026-03-16,VBL.NS,DOWN,VAL,BEAR,0.7024,0.75,HIGH,ALIGNED,0.25,-0.1965,HIGH_KN,True
2026-03-16,LAURUSLABS.NS,DOWN,VAL,BEAR,0.6976,0.75,HIGH,ALIGNED,0.25,0.8222,HIGH_KN,False
2026-03-16,COCHINSHIP.NS,DOWN,VAL,BEAR,0.6874,0.75,HIGH,ALIGNED,0.25,1.8656,HIGH_KN,False
2026-03-16,TIINDIA.NS,DOWN,VAL,BEAR,0.6865,0.875,HIGH,ALIGNED,0.125,2.2128,HIGH_KN,False
2026-03-16,ASHOKLEY.NS,DOWN,VAL,BEAR,0.6816,0.5,MEDIUM,ALIGNED,0.5,1.9332,HIGH_KN,False
2026-03-17,NOCIL.NS,UP,VAL,BEAR,0.9607,1.0,HIGH,ALIGNED,0.0,1.9341,HIGH_KN,True
2026-03-17,MOIL.NS,UP,VAL,BEAR,0.9575,1.0,HIGH,ALIGNED,0.0,-1.3439,HIGH_KN,False
2026-03-17,JPPOWER.NS,UP,VAL,BEAR,0.9461,0.75,HIGH,ALIGNED,0.25,7.2961,HIGH_KN,True
2026-03-17,MRPL.NS,UP,VAL,BEAR,0.9233,0.875,HIGH,ALIGNED,0.125,-4.1475,HIGH_KN,False
2026-03-17,SAIL.NS,UP,VAL,BEAR,0.8966,0.75,HIGH,ALIGNED,0.25,0.5797,HIGH_KN,True
2026-03-17,ATUL.NS,UP,VAL,BEAR,0.8633,0.625,HIGH,ALIGNED,0.375,2.4603,HIGH_KN,True
2026-03-17,LTTS.NS,UP,VAL,BEAR,0.8595,0.5,MEDIUM,ALIGNED,0.5,1.0292,HIGH_KN,True
2026-03-17,IDEAFORGE.NS,UP,VAL,BEAR,0.8211,0.75,HIGH,ALIGNED,0.25,-1.3675,HIGH_KN,False
2026-03-17,ZYDUSWELL.NS,UP,VAL,BEAR,0.8,0.75,HIGH,ALIGNED,0.25,1.7417,HIGH_KN,True
2026-03-17,TATASTEEL.NS,UP,VAL,BEAR,0.7891,0.875,HIGH,ALIGNED,0.125,-0.0102,HIGH_KN,False
2026-03-17,NATIONALUM.NS,UP,VAL,BEAR,0.7883,0.75,HIGH,ALIGNED,0.25,-1.898,HIGH_KN,False
2026-03-17,RECLTD.NS,UP,VAL,BEAR,0.7665,0.625,HIGH,ALIGNED,0.375,3.0649,HIGH_KN,True
2026-03-17,MANAPPURAM.NS,UP,VAL,BEAR,0.7573,0.625,HIGH,ALIGNED,0.375,5.1197,HIGH_KN,True
2026-03-17,AJANTPHARM.NS,UP,VAL,BEAR,0.7532,0.625,HIGH,ALIGNED,0.375,1.1918,HIGH_KN,True
2026-03-17,TATAPOWER.NS,UP,VAL,BEAR,0.7512,0.875,HIGH,ALIGNED,0.125,-0.1247,HIGH_KN,False
2026-03-17,ADANIGREEN.NS,UP,VAL,BEAR,0.7432,0.5,MEDIUM,ALIGNED,0.5,2.6075,HIGH_KN,True
2026-03-17,SHYAMMETL.NS,UP,VAL,BEAR,0.7427,0.5,MEDIUM,ALIGNED,0.5,1.1835,HIGH_KN,True
2026-03-17,ONMOBILE.NS,UP,VAL,BEAR,0.7393,0.5,MEDIUM,ALIGNED,0.5,1.5188,HIGH_KN,True
2026-03-17,RATNAMANI.NS,UP,VAL,BEAR,0.7393,0.875,HIGH,ALIGNED,0.125,-0.2989,HIGH_KN,False
2026-03-17,TORNTPOWER.NS,UP,VAL,BEAR,0.7318,0.375,MEDIUM,CONFLICT,0.625,0.7552,LOW_KN,True
2026-03-17,IRCON.NS,DOWN,VAL,BEAR,0.8701,0.75,HIGH,ALIGNED,0.25,2.553,HIGH_KN,False
2026-03-17,PARAS.NS,DOWN,VAL,BEAR,0.8587,0.625,HIGH,ALIGNED,0.375,1.4896,HIGH_KN,False
2026-03-17,TVSMOTOR.NS,DOWN,VAL,BEAR,0.7786,0.625,HIGH,ALIGNED,0.375,2.3139,HIGH_KN,False
2026-03-17,LT.NS,DOWN,VAL,BEAR,0.7755,0.75,HIGH,ALIGNED,0.25,1.8375,HIGH_KN,False
2026-03-17,AMBER.NS,DOWN,VAL,BEAR,0.7556,0.75,HIGH,ALIGNED,0.25,1.0623,HIGH_KN,False
2026-03-17,SHRIRAMFIN.NS,DOWN,VAL,BEAR,0.7512,0.625,HIGH,ALIGNED,0.375,1.6922,HIGH_KN,False
2026-03-17,EICHERMOT.NS,DOWN,VAL,BEAR,0.7468,0.625,HIGH,ALIGNED,0.375,1.7004,HIGH_KN,False
2026-03-17,ASHOKLEY.NS,DOWN,VAL,BEAR,0.725,0.625,HIGH,ALIGNED,0.375,1.4252,HIGH_KN,False
2026-03-17,DEEPAKFERT.NS,DOWN,VAL,BEAR,0.7112,0.875,HIGH,ALIGNED,0.125,3.7273,HIGH_KN,False
2026-03-17,CRAFTSMAN.NS,DOWN,VAL,BEAR,0.7041,0.625,HIGH,ALIGNED,0.375,-0.4265,HIGH_KN,True
2026-03-17,SUDARSCHEM.NS,DOWN,VAL,BEAR,0.6993,0.75,HIGH,ALIGNED,0.25,3.501,HIGH_KN,False
2026-03-17,M&MFIN.NS,DOWN,VAL,BEAR,0.6954,0.75,HIGH,ALIGNED,0.25,0.5003,HIGH_KN,False
2026-03-17,COCHINSHIP.NS,DOWN,VAL,BEAR,0.6944,0.625,HIGH,ALIGNED,0.375,3.8467,HIGH_KN,False
2026-03-17,IDEA.NS,DOWN,VAL,BEAR,0.685,0.75,HIGH,ALIGNED,0.25,2.0541,HIGH_KN,False
2026-03-17,MOTHERSON.NS,DOWN,VAL,BEAR,0.683,0.625,HIGH,ALIGNED,0.375,1.6835,HIGH_KN,False
2026-03-17,LAURUSLABS.NS,DOWN,VAL,BEAR,0.6806,0.75,HIGH,ALIGNED,0.25,1.5175,HIGH_KN,False
2026-03-17,MARUTI.NS,DOWN,VAL,BEAR,0.6806,0.75,HIGH,ALIGNED,0.25,0.5859,HIGH_KN,False
2026-03-17,VBL.NS,DOWN,VAL,BEAR,0.6806,0.75,HIGH,ALIGNED,0.25,2.1533,HIGH_KN,False
2026-03-17,MAZDOCK.NS,DOWN,VAL,BEAR,0.6803,0.5,MEDIUM,ALIGNED,0.5,4.0046,HIGH_KN,False
2026-03-17,CLEAN.NS,DOWN,VAL,BEAR,0.676,0.75,HIGH,ALIGNED,0.25,3.7923,HIGH_KN,False
2026-03-18,JPPOWER.NS,UP,VAL,BEAR,0.9761,1.0,HIGH,ALIGNED,0.0,11.6667,HIGH_KN,True
2026-03-18,MOIL.NS,UP,VAL,BEAR,0.9582,0.875,HIGH,ALIGNED,0.125,-0.4086,HIGH_KN,False
2026-03-18,OLECTRA.NS,UP,VAL,BEAR,0.9519,1.0,HIGH,ALIGNED,0.0,-5.2228,HIGH_KN,False
2026-03-18,NOCIL.NS,UP,VAL,BEAR,0.9324,1.0,HIGH,ALIGNED,0.0,-5.449,HIGH_KN,False
2026-03-18,COFORGE.NS,UP,VAL,BEAR,0.8795,0.75,HIGH,ALIGNED,0.25,-3.5071,HIGH_KN,False
2026-03-18,MANAPPURAM.NS,UP,VAL,BEAR,0.8696,0.75,HIGH,ALIGNED,0.25,-2.1667,HIGH_KN,False
2026-03-18,ALKYLAMINE.NS,UP,VAL,BEAR,0.8585,0.75,HIGH,ALIGNED,0.25,-4.8071,HIGH_KN,False
2026-03-18,PFC.NS,UP,VAL,BEAR,0.8406,1.0,HIGH,ALIGNED,0.0,-4.7195,HIGH_KN,False
2026-03-18,KPITTECH.NS,UP,VAL,BEAR,0.8399,0.75,HIGH,ALIGNED,0.25,-4.2644,HIGH_KN,False
2026-03-18,LTTS.NS,UP,VAL,BEAR,0.8164,0.5,MEDIUM,ALIGNED,0.5,-1.589,HIGH_KN,False
2026-03-18,METROBRAND.NS,UP,VAL,BEAR,0.8147,0.875,HIGH,ALIGNED,0.125,-4.1149,HIGH_KN,False
2026-03-18,IDEAFORGE.NS,UP,VAL,BEAR,0.8126,0.625,HIGH,ALIGNED,0.375,-2.0451,HIGH_KN,False
2026-03-18,CERA.NS,UP,VAL,BEAR,0.8048,1.0,HIGH,ALIGNED,0.0,-4.4881,HIGH_KN,False
2026-03-18,MRPL.NS,UP,VAL,BEAR,0.8024,0.625,HIGH,ALIGNED,0.375,-3.7855,HIGH_KN,False
2026-03-18,PRESTIGE.NS,UP,VAL,BEAR,0.7976,0.625,HIGH,ALIGNED,0.375,-4.0412,HIGH_KN,False
2026-03-18,KEI.NS,UP,VAL,BEAR,0.7903,0.625,HIGH,ALIGNED,0.375,-4.0319,HIGH_KN,False
2026-03-18,INTELLECT.NS,UP,VAL,BEAR,0.7886,0.75,HIGH,ALIGNED,0.25,-2.3417,HIGH_KN,False
2026-03-18,PNBHOUSING.NS,UP,VAL,BEAR,0.7829,1.0,HIGH,ALIGNED,0.0,-2.4268,HIGH_KN,False
2026-03-18,MUTHOOTFIN.NS,UP,VAL,BEAR,0.778,0.75,HIGH,ALIGNED,0.25,-3.6877,HIGH_KN,False
2026-03-18,RECLTD.NS,UP,VAL,BEAR,0.7684,1.0,HIGH,ALIGNED,0.0,-4.2092,HIGH_KN,False
2026-03-18,IRCON.NS,DOWN,VAL,BEAR,0.8343,0.625,HIGH,ALIGNED,0.375,-4.2929,HIGH_KN,True
2026-03-18,RADICO.NS,DOWN,VAL,BEAR,0.8232,0.625,HIGH,ALIGNED,0.375,-4.2698,HIGH_KN,True
2026-03-18,BLUESTARCO.NS,DOWN,VAL,BEAR,0.792,0.75,HIGH,ALIGNED,0.25,-4.7318,HIGH_KN,True
2026-03-18,LT.NS,DOWN,VAL,BEAR,0.7879,0.5,MEDIUM,ALIGNED,0.5,-4.8061,HIGH_KN,True
2026-03-18,IOC.NS,DOWN,VAL,BEAR,0.7669,0.75,HIGH,ALIGNED,0.25,-3.7364,HIGH_KN,True
2026-03-18,DEEPAKFERT.NS,DOWN,VAL,BEAR,0.7626,0.75,HIGH,ALIGNED,0.25,-3.1429,HIGH_KN,True
2026-03-18,HINDZINC.NS,DOWN,VAL,BEAR,0.7505,0.75,HIGH,ALIGNED,0.25,-5.8501,HIGH_KN,True
2026-03-18,NATIONALUM.NS,DOWN,VAL,BEAR,0.7367,0.625,HIGH,ALIGNED,0.375,-2.7473,HIGH_KN,True
2026-03-18,VEDL.NS,DOWN,VAL,BEAR,0.7302,0.75,HIGH,ALIGNED,0.25,-2.0103,HIGH_KN,True
2026-03-18,GLENMARK.NS,DOWN,VAL,BEAR,0.7248,0.625,HIGH,ALIGNED,0.375,-4.0617,HIGH_KN,True
2026-03-18,SUDARSCHEM.NS,DOWN,VAL,BEAR,0.7215,0.625,HIGH,ALIGNED,0.375,-5.6131,HIGH_KN,True
2026-03-18,AMBER.NS,DOWN,VAL,BEAR,0.7162,0.625,HIGH,ALIGNED,0.375,-2.5255,HIGH_KN,True
2026-03-18,IGL.NS,DOWN,VAL,BEAR,0.715,0.625,HIGH,ALIGNED,0.375,-2.3136,HIGH_KN,True
2026-03-18,NATCOPHARM.NS,DOWN,VAL,BEAR,0.713,0.625,HIGH,ALIGNED,0.375,-2.0722,HIGH_KN,True
2026-03-18,CRAFTSMAN.NS,DOWN,VAL,BEAR,0.7092,0.75,HIGH,ALIGNED,0.25,-0.4719,HIGH_KN,True
2026-03-18,SOLARINDS.NS,DOWN,VAL,BEAR,0.7029,0.75,HIGH,ALIGNED,0.25,-3.9419,HIGH_KN,True
2026-03-18,COCHINSHIP.NS,DOWN,VAL,BEAR,0.6935,0.5,MEDIUM,ALIGNED,0.5,-3.5767,HIGH_KN,True
2026-03-18,FINPIPE.NS,DOWN,VAL,BEAR,0.6911,0.75,HIGH,ALIGNED,0.25,-1.5827,HIGH_KN,True
2026-03-18,BPCL.NS,DOWN,VAL,BEAR,0.6889,0.625,HIGH,ALIGNED,0.375,-5.8281,HIGH_KN,True
2026-03-18,DATAPATTNS.NS,DOWN,VAL,BEAR,0.6874,0.625,HIGH,ALIGNED,0.375,-1.381,HIGH_KN,True
2026-03-19,JPPOWER.NS,UP,VAL,BEAR,0.9938,1.0,HIGH,ALIGNED,0.0,-2.3284,HIGH_KN,False
2026-03-19,MOIL.NS,UP,VAL,BEAR,0.9667,1.0,HIGH,ALIGNED,0.0,-0.2906,HIGH_KN,False
2026-03-19,OLECTRA.NS,UP,VAL,BEAR,0.9635,0.875,HIGH,ALIGNED,0.125,9.6523,HIGH_KN,True
2026-03-19,NOCIL.NS,UP,VAL,BEAR,0.886,0.625,HIGH,ALIGNED,0.375,2.8065,HIGH_KN,True
2026-03-19,MANAPPURAM.NS,UP,VAL,BEAR,0.882,0.75,HIGH,ALIGNED,0.25,-1.855,HIGH_KN,False
2026-03-19,TVSMOTOR.NS,UP,VAL,BEAR,0.8355,0.5,MEDIUM,ALIGNED,0.5,0.2316,HIGH_KN,True
2026-03-19,MUTHOOTFIN.NS,UP,VAL,BEAR,0.8064,0.5,MEDIUM,ALIGNED,0.5,0.2873,HIGH_KN,True
2026-03-19,KPITTECH.NS,UP,VAL,BEAR,0.7887,0.375,MEDIUM,CONFLICT,0.625,0.3111,LOW_KN,True
2026-03-19,M&M.NS,UP,VAL,BEAR,0.7855,0.5,MEDIUM,ALIGNED,0.5,0.6797,HIGH_KN,True
2026-03-19,LTTS.NS,UP,VAL,BEAR,0.7818,0.5,MEDIUM,ALIGNED,0.5,-2.5472,HIGH_KN,False
2026-03-19,CERA.NS,UP,VAL,BEAR,0.7761,0.5,MEDIUM,ALIGNED,0.5,-0.1009,HIGH_KN,False
2026-03-19,PRESTIGE.NS,UP,VAL,BEAR,0.767,0.5,MEDIUM,ALIGNED,0.5,-1.5615,HIGH_KN,False
2026-03-19,ALKYLAMINE.NS,UP,VAL,BEAR,0.7626,0.375,MEDIUM,CONFLICT,0.625,0.5291,LOW_KN,True
2026-03-19,OIL.NS,UP,VAL,BEAR,0.7584,0.5,MEDIUM,ALIGNED,0.5,-0.3249,HIGH_KN,False
2026-03-19,PNBHOUSING.NS,UP,VAL,BEAR,0.7522,0.625,HIGH,ALIGNED,0.375,0.4885,HIGH_KN,True
2026-03-19,SHYAMMETL.NS,UP,VAL,BEAR,0.7505,0.625,HIGH,ALIGNED,0.375,1.1961,HIGH_KN,True
2026-03-19,KEI.NS,UP,VAL,BEAR,0.7498,0.375,MEDIUM,CONFLICT,0.625,-0.5934,LOW_KN,False
2026-03-19,POLICYBZR.NS,UP,VAL,BEAR,0.7438,0.75,HIGH,ALIGNED,0.25,0.5643,HIGH_KN,True
2026-03-19,ROUTE.NS,UP,VAL,BEAR,0.7333,0.625,HIGH,ALIGNED,0.375,-1.8868,HIGH_KN,False
2026-03-19,VINATIORGA.NS,UP,VAL,BEAR,0.7229,0.75,HIGH,ALIGNED,0.25,-1.4433,HIGH_KN,False
2026-03-19,PETRONET.NS,DOWN,VAL,BEAR,0.848,0.625,HIGH,ALIGNED,0.375,-4.8735,HIGH_KN,True
2026-03-19,IRCON.NS,DOWN,VAL,BEAR,0.8473,0.75,HIGH,ALIGNED,0.25,-0.4026,HIGH_KN,True
2026-03-19,BLUESTARCO.NS,DOWN,VAL,BEAR,0.8315,0.625,HIGH,ALIGNED,0.375,-1.4364,HIGH_KN,True
2026-03-19,RADICO.NS,DOWN,VAL,BEAR,0.8234,0.75,HIGH,ALIGNED,0.25,2.5636,HIGH_KN,False
2026-03-19,HINDZINC.NS,DOWN,VAL,BEAR,0.8116,0.75,HIGH,ALIGNED,0.25,1.6991,HIGH_KN,False
2026-03-19,SHRIRAMFIN.NS,DOWN,VAL,BEAR,0.8054,0.875,HIGH,ALIGNED,0.125,-1.1792,HIGH_KN,True
2026-03-19,NATIONALUM.NS,DOWN,VAL,BEAR,0.7882,0.375,MEDIUM,CONFLICT,0.625,-2.2546,LOW_KN,True
2026-03-19,IOC.NS,DOWN,VAL,BEAR,0.7847,0.625,HIGH,ALIGNED,0.375,1.3102,HIGH_KN,False
2026-03-19,SUDARSCHEM.NS,DOWN,VAL,BEAR,0.7833,0.625,HIGH,ALIGNED,0.375,5.5054,HIGH_KN,False
2026-03-19,BPCL.NS,DOWN,VAL,BEAR,0.7687,0.75,HIGH,ALIGNED,0.25,0.6294,HIGH_KN,False
2026-03-19,DEEPAKFERT.NS,DOWN,VAL,BEAR,0.7446,0.75,HIGH,ALIGNED,0.25,-0.5691,HIGH_KN,True
2026-03-19,RVNL.NS,DOWN,VAL,BEAR,0.7443,0.75,HIGH,ALIGNED,0.25,0.8386,HIGH_KN,False
2026-03-19,JINDALSTEL.NS,DOWN,VAL,BEAR,0.7291,0.625,HIGH,ALIGNED,0.375,4.2527,HIGH_KN,False
2026-03-19,MOTHERSON.NS,DOWN,VAL,BEAR,0.7227,0.75,HIGH,ALIGNED,0.25,-0.1432,HIGH_KN,True
2026-03-19,FINPIPE.NS,DOWN,VAL,BEAR,0.7155,0.625,HIGH,ALIGNED,0.375,-0.0572,HIGH_KN,True
2026-03-19,SOLARINDS.NS,DOWN,VAL,BEAR,0.7131,0.75,HIGH,ALIGNED,0.25,-1.7099,HIGH_KN,True
2026-03-19,AJANTPHARM.NS,DOWN,VAL,BEAR,0.7039,0.75,HIGH,ALIGNED,0.25,-1.3316,HIGH_KN,True
2026-03-19,VEDL.NS,DOWN,VAL,BEAR,0.7037,0.5,MEDIUM,ALIGNED,0.5,1.0295,HIGH_KN,False
2026-03-19,WELCORP.NS,DOWN,VAL,BEAR,0.7034,0.75,HIGH,ALIGNED,0.25,1.1132,HIGH_KN,False
2026-03-19,RAILTEL.NS,DOWN,VAL,BEAR,0.7027,0.625,HIGH,ALIGNED,0.375,0.3882,HIGH_KN,False
2026-03-20,JPPOWER.NS,UP,VAL,BEAR,0.9823,0.875,HIGH,ALIGNED,0.125,-10.3301,HIGH_KN,False
2026-03-20,OLECTRA.NS,UP,VAL,BEAR,0.9803,1.0,HIGH,ALIGNED,0.0,-6.6885,HIGH_KN,False
2026-03-20,CENTUM.NS,UP,VAL,BEAR,0.967,1.0,HIGH,ALIGNED,0.0,-8.1465,HIGH_KN,False
2026-03-20,MOIL.NS,UP,VAL,BEAR,0.8463,0.625,HIGH,ALIGNED,0.375,-2.1776,HIGH_KN,False
2026-03-20,TATASTEEL.NS,UP,VAL,BEAR,0.8143,0.875,HIGH,ALIGNED,0.125,-4.8788,HIGH_KN,False
2026-03-20,JSWSTEEL.NS,UP,VAL,BEAR,0.7975,0.75,HIGH,ALIGNED,0.25,-5.13,HIGH_KN,False
2026-03-20,M&M.NS,UP,VAL,BEAR,0.7946,0.625,HIGH,ALIGNED,0.375,-3.5974,HIGH_KN,False
2026-03-20,SAIL.NS,UP,VAL,BEAR,0.7941,0.75,HIGH,ALIGNED,0.25,-8.0247,HIGH_KN,False
2026-03-20,NOCIL.NS,UP,VAL,BEAR,0.7933,0.75,HIGH,ALIGNED,0.25,11.3782,HIGH_KN,True
2026-03-20,JINDALSTEL.NS,UP,VAL,BEAR,0.78,0.875,HIGH,ALIGNED,0.125,-6.7678,HIGH_KN,False
2026-03-20,ALKYLAMINE.NS,UP,VAL,BEAR,0.7702,0.75,HIGH,ALIGNED,0.25,-4.0712,HIGH_KN,False
2026-03-20,MIDHANI.NS,UP,VAL,BEAR,0.7628,0.5,MEDIUM,ALIGNED,0.5,-6.803,HIGH_KN,False
2026-03-20,IDEA.NS,UP,VAL,BEAR,0.7507,0.75,HIGH,ALIGNED,0.25,-6.8522,HIGH_KN,False
2026-03-20,AMBER.NS,UP,VAL,BEAR,0.7443,0.375,MEDIUM,CONFLICT,0.625,-5.4925,LOW_KN,False
2026-03-20,GRANULES.NS,UP,VAL,BEAR,0.7441,1.0,HIGH,ALIGNED,0.0,-1.8276,HIGH_KN,False
2026-03-20,GODREJAGRO.NS,UP,VAL,BEAR,0.7369,0.875,HIGH,ALIGNED,0.125,-6.1172,HIGH_KN,False
2026-03-20,PFC.NS,UP,VAL,BEAR,0.7291,0.75,HIGH,ALIGNED,0.25,-3.5969,HIGH_KN,False
2026-03-20,PNBHOUSING.NS,UP,VAL,BEAR,0.7259,0.75,HIGH,ALIGNED,0.25,-5.1964,HIGH_KN,False
2026-03-20,CRAFTSMAN.NS,UP,VAL,BEAR,0.7232,0.5,MEDIUM,ALIGNED,0.5,-5.2879,HIGH_KN,False
2026-03-20,TVSMOTOR.NS,UP,VAL,BEAR,0.7217,0.375,MEDIUM,CONFLICT,0.625,-1.4355,LOW_KN,False
2026-03-20,PETRONET.NS,DOWN,VAL,BEAR,0.8835,0.75,HIGH,ALIGNED,0.25,-7.6072,HIGH_KN,True
2026-03-20,SHRIRAMFIN.NS,DOWN,VAL,BEAR,0.851,0.875,HIGH,ALIGNED,0.125,-6.4884,HIGH_KN,True
2026-03-20,BPCL.NS,DOWN,VAL,BEAR,0.8138,0.75,HIGH,ALIGNED,0.25,-5.7331,HIGH_KN,True
2026-03-20,IOC.NS,DOWN,VAL,BEAR,0.8052,0.75,HIGH,ALIGNED,0.25,-4.4882,HIGH_KN,True
2026-03-20,RADICO.NS,DOWN,VAL,BEAR,0.7985,0.625,HIGH,ALIGNED,0.375,-2.0259,HIGH_KN,True
2026-03-20,BLUESTARCO.NS,DOWN,VAL,BEAR,0.7837,0.625,HIGH,ALIGNED,0.375,-5.1212,HIGH_KN,True
2026-03-20,NATIONALUM.NS,DOWN,VAL,BEAR,0.7628,0.875,HIGH,ALIGNED,0.125,-5.0882,HIGH_KN,True
2026-03-20,MGL.NS,DOWN,VAL,BEAR,0.7554,0.75,HIGH,ALIGNED,0.25,-6.0697,HIGH_KN,True
2026-03-20,GNFC.NS,DOWN,VAL,BEAR,0.7537,0.875,HIGH,ALIGNED,0.125,-5.7978,HIGH_KN,True
2026-03-20,HINDZINC.NS,DOWN,VAL,BEAR,0.749,0.75,HIGH,ALIGNED,0.25,-5.2647,HIGH_KN,True
2026-03-20,AJANTPHARM.NS,DOWN,VAL,BEAR,0.7337,0.75,HIGH,ALIGNED,0.25,-3.7147,HIGH_KN,True
2026-03-20,FINPIPE.NS,DOWN,VAL,BEAR,0.7333,0.75,HIGH,ALIGNED,0.25,-3.6992,HIGH_KN,True
2026-03-20,SOLARINDS.NS,DOWN,VAL,BEAR,0.7204,0.625,HIGH,ALIGNED,0.375,-3.8967,HIGH_KN,True
2026-03-20,SUDARSCHEM.NS,DOWN,VAL,BEAR,0.7175,0.625,HIGH,ALIGNED,0.375,-6.4919,HIGH_KN,True
2026-03-20,VOLTAS.NS,DOWN,VAL,BEAR,0.7175,0.625,HIGH,ALIGNED,0.375,-5.5342,HIGH_KN,True
2026-03-20,DEEPAKFERT.NS,DOWN,VAL,BEAR,0.7131,0.75,HIGH,ALIGNED,0.25,-4.0119,HIGH_KN,True
2026-03-20,NCC.NS,DOWN,VAL,BEAR,0.7123,0.75,HIGH,ALIGNED,0.25,-5.9037,HIGH_KN,True
2026-03-20,RAJESHEXPO.NS,DOWN,VAL,BEAR,0.7108,0.75,HIGH,ALIGNED,0.25,-4.9995,HIGH_KN,True
2026-03-20,CESC.NS,DOWN,VAL,BEAR,0.7074,0.75,HIGH,ALIGNED,0.25,-2.645,HIGH_KN,True
2026-03-20,PGHH.NS,DOWN,VAL,BEAR,0.7074,0.75,HIGH,ALIGNED,0.25,-2.5858,HIGH_KN,True
2026-03-23,NOCIL.NS,UP,VAL,BEAR,0.9648,1.0,HIGH,ALIGNED,0.0,1.6278,HIGH_KN,True
2026-03-23,JPPOWER.NS,UP,VAL,BEAR,0.9631,0.625,HIGH,ALIGNED,0.375,1.636,HIGH_KN,True
2026-03-23,OLECTRA.NS,UP,VAL,BEAR,0.931,0.75,HIGH,ALIGNED,0.25,4.5264,HIGH_KN,True
2026-03-23,MOIL.NS,UP,VAL,BEAR,0.7998,0.75,HIGH,ALIGNED,0.25,1.5425,HIGH_KN,True
2026-03-23,KPITTECH.NS,UP,VAL,BEAR,0.7793,0.5,MEDIUM,ALIGNED,0.5,0.8646,HIGH_KN,True
2026-03-23,CENTUM.NS,UP,VAL,BEAR,0.7734,0.5,MEDIUM,ALIGNED,0.5,3.1774,HIGH_KN,True
2026-03-23,MANAPPURAM.NS,UP,VAL,BEAR,0.7727,0.625,HIGH,ALIGNED,0.375,0.1387,HIGH_KN,True
2026-03-23,COFORGE.NS,UP,VAL,BEAR,0.7712,0.5,MEDIUM,ALIGNED,0.5,0.8815,HIGH_KN,True
2026-03-23,SHYAMMETL.NS,UP,VAL,BEAR,0.7599,0.625,HIGH,ALIGNED,0.375,1.2278,HIGH_KN,True
2026-03-23,TATASTEEL.NS,UP,VAL,BEAR,0.7564,0.5,MEDIUM,ALIGNED,0.5,1.9341,HIGH_KN,True
2026-03-23,DATAPATTNS.NS,UP,VAL,BEAR,0.7436,0.375,MEDIUM,CONFLICT,0.625,5.3798,LOW_KN,True
2026-03-23,PERSISTENT.NS,UP,VAL,BEAR,0.7411,0.625,HIGH,ALIGNED,0.375,4.0047,HIGH_KN,True
2026-03-23,TATACOMM.NS,UP,VAL,BEAR,0.7328,0.5,MEDIUM,ALIGNED,0.5,1.757,HIGH_KN,True
2026-03-23,SAIL.NS,UP,VAL,BEAR,0.7323,0.25,LOW,CONFLICT,0.75,1.8806,LOW_KN,True
2026-03-23,TECHM.NS,UP,VAL,BEAR,0.7209,0.625,HIGH,ALIGNED,0.375,3.5188,HIGH_KN,True
2026-03-23,ALKYLAMINE.NS,UP,VAL,BEAR,0.7204,0.25,LOW,CONFLICT,0.75,14.1439,LOW_KN,True
2026-03-23,LT.NS,UP,VAL,BEAR,0.7096,0.5,MEDIUM,ALIGNED,0.5,5.2178,HIGH_KN,True
2026-03-23,HCLTECH.NS,UP,VAL,BEAR,0.7091,0.75,HIGH,ALIGNED,0.25,1.082,HIGH_KN,True
2026-03-23,MIDHANI.NS,UP,VAL,BEAR,0.7084,0.375,MEDIUM,CONFLICT,0.625,2.229,LOW_KN,True
2026-03-23,JINDALSTEL.NS,UP,VAL,BEAR,0.6998,0.25,LOW,CONFLICT,0.75,1.3018,LOW_KN,True
2026-03-23,PETRONET.NS,DOWN,VAL,BEAR,0.8941,0.75,HIGH,ALIGNED,0.25,1.6173,HIGH_KN,False
2026-03-23,SHRIRAMFIN.NS,DOWN,VAL,BEAR,0.8712,0.75,HIGH,ALIGNED,0.25,2.9509,HIGH_KN,False
2026-03-23,GNFC.NS,DOWN,VAL,BEAR,0.8027,0.75,HIGH,ALIGNED,0.25,1.995,HIGH_KN,False
2026-03-23,BLUESTARCO.NS,DOWN,VAL,BEAR,0.8025,0.75,HIGH,ALIGNED,0.25,2.7636,HIGH_KN,False
2026-03-23,HDFCBANK.NS,DOWN,VAL,BEAR,0.7897,0.75,HIGH,ALIGNED,0.25,2.7884,HIGH_KN,False
2026-03-23,BPCL.NS,DOWN,VAL,BEAR,0.7855,0.625,HIGH,ALIGNED,0.375,4.0361,HIGH_KN,False
2026-03-23,RADICO.NS,DOWN,VAL,BEAR,0.7756,0.625,HIGH,ALIGNED,0.375,1.1778,HIGH_KN,False
2026-03-23,VOLTAS.NS,DOWN,VAL,BEAR,0.7692,0.75,HIGH,ALIGNED,0.25,4.0681,HIGH_KN,False
2026-03-23,MGL.NS,DOWN,VAL,BEAR,0.7601,0.625,HIGH,ALIGNED,0.375,1.5412,HIGH_KN,False
2026-03-23,GAIL.NS,DOWN,VAL,BEAR,0.753,0.625,HIGH,ALIGNED,0.375,1.6765,HIGH_KN,False
2026-03-23,NCC.NS,DOWN,VAL,BEAR,0.7362,0.625,HIGH,ALIGNED,0.375,2.9254,HIGH_KN,False
2026-03-23,HFCL.NS,DOWN,VAL,BEAR,0.7333,0.75,HIGH,ALIGNED,0.25,4.6473,HIGH_KN,False
2026-03-23,MUTHOOTFIN.NS,DOWN,VAL,BEAR,0.7229,0.875,HIGH,ALIGNED,0.125,1.271,HIGH_KN,False
2026-03-23,RAJESHEXPO.NS,DOWN,VAL,BEAR,0.7133,0.625,HIGH,ALIGNED,0.375,-4.9938,HIGH_KN,True
2026-03-23,BDL.NS,DOWN,VAL,BEAR,0.7086,0.625,HIGH,ALIGNED,0.375,1.3466,HIGH_KN,False
2026-03-23,HINDZINC.NS,DOWN,VAL,BEAR,0.7012,0.75,HIGH,ALIGNED,0.25,1.9276,HIGH_KN,False
2026-03-23,HINDALCO.NS,DOWN,VAL,BEAR,0.6869,0.75,HIGH,ALIGNED,0.25,1.7138,HIGH_KN,False
2026-03-23,DABUR.NS,DOWN,VAL,BEAR,0.6835,0.625,HIGH,ALIGNED,0.375,0.9704,HIGH_KN,False
2026-03-23,RVNL.NS,DOWN,VAL,BEAR,0.682,0.625,HIGH,ALIGNED,0.375,3.2767,HIGH_KN,False
2026-03-23,MOTHERSON.NS,DOWN,VAL,BEAR,0.6805,0.625,HIGH,ALIGNED,0.375,4.2593,HIGH_KN,False
2026-03-24,OLECTRA.NS,UP,VAL,BEAR,0.9875,1.0,HIGH,ALIGNED,0.0,-0.64,HIGH_KN,False
2026-03-24,ALKYLAMINE.NS,UP,VAL,BEAR,0.9701,1.0,HIGH,ALIGNED,0.0,-2.573,HIGH_KN,False
2026-03-24,NOCIL.NS,UP,VAL,BEAR,0.9581,0.875,HIGH,ALIGNED,0.125,-1.749,HIGH_KN,False
2026-03-24,DEEPAKFERT.NS,UP,VAL,BEAR,0.8716,0.75,HIGH,ALIGNED,0.25,8.4686,HIGH_KN,True
2026-03-24,CENTUM.NS,UP,VAL,BEAR,0.8316,0.875,HIGH,ALIGNED,0.125,-0.0565,HIGH_KN,False
2026-03-24,JPPOWER.NS,UP,VAL,BEAR,0.8248,0.5,MEDIUM,ALIGNED,0.5,2.4145,HIGH_KN,True
2026-03-24,PERSISTENT.NS,UP,VAL,BEAR,0.7949,1.0,HIGH,ALIGNED,0.0,0.3073,HIGH_KN,True
2026-03-24,GRANULES.NS,UP,VAL,BEAR,0.7939,1.0,HIGH,ALIGNED,0.0,3.7437,HIGH_KN,True
2026-03-24,JYOTHYLAB.NS,UP,VAL,BEAR,0.7801,0.625,HIGH,ALIGNED,0.375,2.0219,HIGH_KN,True
2026-03-24,TIINDIA.NS,UP,VAL,BEAR,0.7723,0.75,HIGH,ALIGNED,0.25,4.4304,HIGH_KN,True
2026-03-24,COFORGE.NS,UP,VAL,BEAR,0.7654,0.5,MEDIUM,ALIGNED,0.5,4.7743,HIGH_KN,True
2026-03-24,POLYCAB.NS,UP,VAL,BEAR,0.7627,0.5,MEDIUM,ALIGNED,0.5,1.1395,HIGH_KN,True
2026-03-24,LT.NS,UP,VAL,BEAR,0.7586,0.625,HIGH,ALIGNED,0.375,3.7676,HIGH_KN,True
2026-03-24,MAPMYINDIA.NS,UP,VAL,BEAR,0.7583,0.5,MEDIUM,ALIGNED,0.5,2.5783,HIGH_KN,True
2026-03-24,MPHASIS.NS,UP,VAL,BEAR,0.7446,0.75,HIGH,ALIGNED,0.25,0.7228,HIGH_KN,True
2026-03-24,LAURUSLABS.NS,UP,VAL,BEAR,0.7422,0.75,HIGH,ALIGNED,0.25,3.113,HIGH_KN,True
2026-03-24,TECHM.NS,UP,VAL,BEAR,0.7422,1.0,HIGH,ALIGNED,0.0,-1.6891,HIGH_KN,False
2026-03-24,CLEAN.NS,UP,VAL,BEAR,0.7338,0.625,HIGH,ALIGNED,0.375,-0.0428,HIGH_KN,False
2026-03-24,MASTEK.NS,UP,VAL,BEAR,0.7287,0.375,MEDIUM,CONFLICT,0.625,1.264,LOW_KN,True
2026-03-24,SRF.NS,UP,VAL,BEAR,0.7277,0.5,MEDIUM,ALIGNED,0.5,3.9044,HIGH_KN,True
2026-03-24,SHRIRAMFIN.NS,DOWN,VAL,BEAR,0.84,0.75,HIGH,ALIGNED,0.25,5.799,HIGH_KN,False
2026-03-24,PETRONET.NS,DOWN,VAL,BEAR,0.8152,0.75,HIGH,ALIGNED,0.25,3.2865,HIGH_KN,False
2026-03-24,NATIONALUM.NS,DOWN,VAL,BEAR,0.8086,0.75,HIGH,ALIGNED,0.25,3.5669,HIGH_KN,False
2026-03-24,BLUESTARCO.NS,DOWN,VAL,BEAR,0.798,0.75,HIGH,ALIGNED,0.25,4.7242,HIGH_KN,False
2026-03-24,FINPIPE.NS,DOWN,VAL,BEAR,0.7855,0.75,HIGH,ALIGNED,0.25,1.2653,HIGH_KN,False
2026-03-24,HDFCBANK.NS,DOWN,VAL,BEAR,0.7782,0.75,HIGH,ALIGNED,0.25,2.2748,HIGH_KN,False
2026-03-24,GRSE.NS,DOWN,VAL,BEAR,0.7635,0.75,HIGH,ALIGNED,0.25,1.0209,HIGH_KN,False
2026-03-24,RAJESHEXPO.NS,DOWN,VAL,BEAR,0.7559,0.625,HIGH,ALIGNED,0.375,4.9617,HIGH_KN,False
2026-03-24,PFC.NS,DOWN,VAL,BEAR,0.7527,0.875,HIGH,ALIGNED,0.125,1.1787,HIGH_KN,False
2026-03-24,BDL.NS,DOWN,VAL,BEAR,0.7522,0.75,HIGH,ALIGNED,0.25,0.6899,HIGH_KN,False
2026-03-24,HINDZINC.NS,DOWN,VAL,BEAR,0.752,0.875,HIGH,ALIGNED,0.125,4.1545,HIGH_KN,False
2026-03-24,GAIL.NS,DOWN,VAL,BEAR,0.7471,0.875,HIGH,ALIGNED,0.125,1.1114,HIGH_KN,False
2026-03-24,HINDALCO.NS,DOWN,VAL,BEAR,0.7446,0.75,HIGH,ALIGNED,0.25,1.6381,HIGH_KN,False
2026-03-24,MUTHOOTFIN.NS,DOWN,VAL,BEAR,0.7444,0.875,HIGH,ALIGNED,0.125,5.2295,HIGH_KN,False
2026-03-24,RECLTD.NS,DOWN,VAL,BEAR,0.7436,0.75,HIGH,ALIGNED,0.25,2.1509,HIGH_KN,False
2026-03-24,VOLTAS.NS,DOWN,VAL,BEAR,0.7395,0.75,HIGH,ALIGNED,0.25,5.1225,HIGH_KN,False
2026-03-24,ONMOBILE.NS,DOWN,VAL,BEAR,0.7297,0.75,HIGH,ALIGNED,0.25,-0.9559,HIGH_KN,True
2026-03-24,MOIL.NS,DOWN,VAL,BEAR,0.6892,0.625,HIGH,ALIGNED,0.375,-0.1554,HIGH_KN,True
2026-03-24,BSE.NS,DOWN,VAL,BEAR,0.6848,0.5,MEDIUM,ALIGNED,0.5,3.0044,HIGH_KN,False
2026-03-24,CASTROLIND.NS,DOWN,VAL,BEAR,0.6838,0.75,HIGH,ALIGNED,0.25,2.4514,HIGH_KN,False
2026-03-25,DEEPAKFERT.NS,UP,VAL,BEAR,0.9621,1.0,HIGH,ALIGNED,0.0,-4.8546,HIGH_KN,False
2026-03-25,ALKYLAMINE.NS,UP,VAL,BEAR,0.898,0.625,HIGH,ALIGNED,0.375,-6.2251,HIGH_KN,False
2026-03-25,NOCIL.NS,UP,VAL,BEAR,0.867,0.75,HIGH,ALIGNED,0.25,-1.4428,HIGH_KN,False
2026-03-25,RADICO.NS,UP,VAL,BEAR,0.8411,0.875,HIGH,ALIGNED,0.125,-3.8879,HIGH_KN,False
2026-03-25,GRANULES.NS,UP,VAL,BEAR,0.8392,1.0,HIGH,ALIGNED,0.0,-0.7472,HIGH_KN,False
2026-03-25,COFORGE.NS,UP,VAL,BEAR,0.8015,0.75,HIGH,ALIGNED,0.25,-1.582,HIGH_KN,False
2026-03-25,MAPMYINDIA.NS,UP,VAL,BEAR,0.7808,0.5,MEDIUM,ALIGNED,0.5,-5.3411,HIGH_KN,False
2026-03-25,UNIONBANK.NS,UP,VAL,BEAR,0.7675,0.75,HIGH,ALIGNED,0.25,-2.6841,HIGH_KN,False
2026-03-25,WELCORP.NS,UP,VAL,BEAR,0.7635,0.875,HIGH,ALIGNED,0.125,-2.1782,HIGH_KN,False
2026-03-25,AMBER.NS,UP,VAL,BEAR,0.7591,0.5,MEDIUM,ALIGNED,0.5,-2.1419,HIGH_KN,False
2026-03-25,LT.NS,UP,VAL,BEAR,0.7574,0.625,HIGH,ALIGNED,0.375,-2.3347,HIGH_KN,False
2026-03-25,BAJFINANCE.NS,UP,VAL,BEAR,0.7567,0.75,HIGH,ALIGNED,0.25,-4.4123,HIGH_KN,False
2026-03-25,KALYANKJIL.NS,UP,VAL,BEAR,0.75,0.875,HIGH,ALIGNED,0.125,-0.8932,HIGH_KN,False
2026-03-25,LAURUSLABS.NS,UP,VAL,BEAR,0.7498,0.75,HIGH,ALIGNED,0.25,-1.4362,HIGH_KN,False
2026-03-25,SHYAMMETL.NS,UP,VAL,BEAR,0.734,0.5,MEDIUM,ALIGNED,0.5,-3.0827,HIGH_KN,False
2026-03-25,MPHASIS.NS,UP,VAL,BEAR,0.733,0.625,HIGH,ALIGNED,0.375,-0.7082,HIGH_KN,False
2026-03-25,AUROPHARMA.NS,UP,VAL,BEAR,0.7197,0.875,HIGH,ALIGNED,0.125,0.4894,HIGH_KN,True
2026-03-25,PERSISTENT.NS,UP,VAL,BEAR,0.7094,0.75,HIGH,ALIGNED,0.25,-0.5884,HIGH_KN,False
2026-03-25,CRAFTSMAN.NS,UP,VAL,BEAR,0.7062,0.75,HIGH,ALIGNED,0.25,-1.7733,HIGH_KN,False
2026-03-25,PAGEIND.NS,UP,VAL,BEAR,0.7057,0.875,HIGH,ALIGNED,0.125,-2.5433,HIGH_KN,False
2026-03-25,PFC.NS,DOWN,VAL,BEAR,0.8261,0.75,HIGH,ALIGNED,0.25,-1.8466,HIGH_KN,True
2026-03-25,SHRIRAMFIN.NS,DOWN,VAL,BEAR,0.8145,0.625,HIGH,ALIGNED,0.375,-5.4603,HIGH_KN,True
2026-03-25,GAIL.NS,DOWN,VAL,BEAR,0.7929,0.75,HIGH,ALIGNED,0.25,-1.444,HIGH_KN,True
2026-03-25,BDL.NS,DOWN,VAL,BEAR,0.7911,0.75,HIGH,ALIGNED,0.25,-3.8318,HIGH_KN,True
2026-03-25,PETRONET.NS,DOWN,VAL,BEAR,0.7877,0.625,HIGH,ALIGNED,0.375,-1.4609,HIGH_KN,True
2026-03-25,SAPPHIRE.NS,DOWN,VAL,BEAR,0.78,0.75,HIGH,ALIGNED,0.25,-0.4564,HIGH_KN,True
2026-03-25,RECLTD.NS,DOWN,VAL,BEAR,0.7732,0.625,HIGH,ALIGNED,0.375,-2.8227,HIGH_KN,True
2026-03-25,FINPIPE.NS,DOWN,VAL,BEAR,0.7727,0.875,HIGH,ALIGNED,0.125,-2.9729,HIGH_KN,True
2026-03-25,ONMOBILE.NS,DOWN,VAL,BEAR,0.7677,0.75,HIGH,ALIGNED,0.25,-2.1935,HIGH_KN,True
2026-03-25,HDFCBANK.NS,DOWN,VAL,BEAR,0.7675,0.5,MEDIUM,ALIGNED,0.5,-3.3363,HIGH_KN,True
2026-03-25,PRESTIGE.NS,DOWN,VAL,BEAR,0.7507,0.625,HIGH,ALIGNED,0.375,-4.5029,HIGH_KN,True
2026-03-25,GNFC.NS,DOWN,VAL,BEAR,0.7323,0.75,HIGH,ALIGNED,0.25,-3.3108,HIGH_KN,True
2026-03-25,MAZDOCK.NS,DOWN,VAL,BEAR,0.731,0.75,HIGH,ALIGNED,0.25,-4.1225,HIGH_KN,True
2026-03-25,GRSE.NS,DOWN,VAL,BEAR,0.7239,0.75,HIGH,ALIGNED,0.25,-4.9885,HIGH_KN,True
2026-03-25,CERA.NS,DOWN,VAL,BEAR,0.7131,0.75,HIGH,ALIGNED,0.25,-1.8569,HIGH_KN,True
2026-03-25,ADANIENSOL.NS,DOWN,VAL,BEAR,0.6958,0.5,MEDIUM,ALIGNED,0.5,-3.4733,HIGH_KN,True
2026-03-25,LTTS.NS,DOWN,VAL,BEAR,0.6929,0.75,HIGH,ALIGNED,0.25,-0.0625,HIGH_KN,True
2026-03-25,SYMPHONY.NS,DOWN,VAL,BEAR,0.686,0.625,HIGH,ALIGNED,0.375,-4.5333,HIGH_KN,True
2026-03-25,RAILTEL.NS,DOWN,VAL,BEAR,0.6852,0.625,HIGH,ALIGNED,0.375,-3.0878,HIGH_KN,True
2026-03-25,AJANTPHARM.NS,DOWN,VAL,BEAR,0.6847,0.75,HIGH,ALIGNED,0.25,-2.5001,HIGH_KN,True
2026-03-27,DEEPAKFERT.NS,UP,VAL,BEAR,0.8646,0.75,HIGH,ALIGNED,0.25,-4.3712,HIGH_KN,False
2026-03-27,LAURUSLABS.NS,UP,VAL,BEAR,0.8597,0.875,HIGH,ALIGNED,0.125,-1.596,HIGH_KN,False
2026-03-27,RADICO.NS,UP,VAL,BEAR,0.8502,0.625,HIGH,ALIGNED,0.375,-0.4128,HIGH_KN,False
2026-03-27,UNIONBANK.NS,UP,VAL,BEAR,0.8498,0.75,HIGH,ALIGNED,0.25,-6.4281,HIGH_KN,False
2026-03-27,OFSS.NS,UP,VAL,BEAR,0.8097,1.0,HIGH,ALIGNED,0.0,-3.1093,HIGH_KN,False
2026-03-27,CENTUM.NS,UP,VAL,BEAR,0.7752,0.75,HIGH,ALIGNED,0.25,-1.4299,HIGH_KN,False
2026-03-27,BPCL.NS,UP,VAL,BEAR,0.7643,0.625,HIGH,ALIGNED,0.375,-0.6013,HIGH_KN,False
2026-03-27,NOCIL.NS,UP,VAL,BEAR,0.7621,0.75,HIGH,ALIGNED,0.25,-2.6491,HIGH_KN,False
2026-03-27,LICHSGFIN.NS,UP,VAL,BEAR,0.7619,0.875,HIGH,ALIGNED,0.125,-2.1342,HIGH_KN,False
2026-03-27,ALKYLAMINE.NS,UP,VAL,BEAR,0.7607,0.625,HIGH,ALIGNED,0.375,-4.7118,HIGH_KN,False
2026-03-27,KALYANKJIL.NS,UP,VAL,BEAR,0.7546,0.75,HIGH,ALIGNED,0.25,-3.2059,HIGH_KN,False
2026-03-27,SUDARSCHEM.NS,UP,VAL,BEAR,0.7468,0.5,MEDIUM,ALIGNED,0.5,-2.2298,HIGH_KN,False
2026-03-27,BHARATFORG.NS,UP,VAL,BEAR,0.7422,0.875,HIGH,ALIGNED,0.125,-2.9274,HIGH_KN,False
2026-03-27,ERIS.NS,UP,VAL,BEAR,0.7386,1.0,HIGH,ALIGNED,0.0,-3.259,HIGH_KN,False
2026-03-27,HFCL.NS,UP,VAL,BEAR,0.7381,0.875,HIGH,ALIGNED,0.125,-4.0984,HIGH_KN,False
2026-03-27,STLTECH.NS,UP,VAL,BEAR,0.7291,0.75,HIGH,ALIGNED,0.25,-5.249,HIGH_KN,False
2026-03-27,HCLTECH.NS,UP,VAL,BEAR,0.7221,0.875,HIGH,ALIGNED,0.125,-1.6711,HIGH_KN,False
2026-03-27,COFORGE.NS,UP,VAL,BEAR,0.7218,0.625,HIGH,ALIGNED,0.375,-2.6208,HIGH_KN,False
2026-03-27,ONGC.NS,UP,VAL,BEAR,0.7063,1.0,HIGH,ALIGNED,0.0,0.9576,HIGH_KN,True
2026-03-27,GLENMARK.NS,UP,VAL,BEAR,0.7039,0.875,HIGH,ALIGNED,0.125,-1.7876,HIGH_KN,False
2026-03-27,JPPOWER.NS,DOWN,VAL,BEAR,0.8939,0.625,HIGH,ALIGNED,0.375,-4.6843,HIGH_KN,True
2026-03-27,MOIL.NS,DOWN,VAL,BEAR,0.833,0.625,HIGH,ALIGNED,0.375,2.8504,HIGH_KN,False
2026-03-27,ONMOBILE.NS,DOWN,VAL,BEAR,0.8002,0.625,HIGH,ALIGNED,0.375,-9.1052,HIGH_KN,True
2026-03-27,FINPIPE.NS,DOWN,VAL,BEAR,0.7789,0.75,HIGH,ALIGNED,0.25,-4.8782,HIGH_KN,True
2026-03-27,PRESTIGE.NS,DOWN,VAL,BEAR,0.7704,0.75,HIGH,ALIGNED,0.25,-3.9478,HIGH_KN,True
2026-03-27,ROUTE.NS,DOWN,VAL,BEAR,0.7621,0.625,HIGH,ALIGNED,0.375,-5.6848,HIGH_KN,True
2026-03-27,ADANIENSOL.NS,DOWN,VAL,BEAR,0.742,0.625,HIGH,ALIGNED,0.375,-2.2071,HIGH_KN,True
2026-03-27,GNFC.NS,DOWN,VAL,BEAR,0.7415,0.75,HIGH,ALIGNED,0.25,-4.9416,HIGH_KN,True
2026-03-27,TORNTPOWER.NS,DOWN,VAL,BEAR,0.734,0.875,HIGH,ALIGNED,0.125,-3.4386,HIGH_KN,True
2026-03-27,HDFCBANK.NS,DOWN,VAL,BEAR,0.7044,0.75,HIGH,ALIGNED,0.25,-3.2597,HIGH_KN,True
2026-03-27,PFC.NS,DOWN,VAL,BEAR,0.7029,0.625,HIGH,ALIGNED,0.375,-4.1667,HIGH_KN,True
2026-03-27,SYMPHONY.NS,DOWN,VAL,BEAR,0.7022,0.75,HIGH,ALIGNED,0.25,-3.5859,HIGH_KN,True
2026-03-27,RATNAMANI.NS,DOWN,VAL,BEAR,0.7005,0.75,HIGH,ALIGNED,0.25,-0.4206,HIGH_KN,True
2026-03-27,PETRONET.NS,DOWN,VAL,BEAR,0.6968,0.5,MEDIUM,ALIGNED,0.5,0.9139,HIGH_KN,False
2026-03-27,RECLTD.NS,DOWN,VAL,BEAR,0.6934,0.625,HIGH,ALIGNED,0.375,-4.1922,HIGH_KN,True
2026-03-27,BDL.NS,DOWN,VAL,BEAR,0.6913,0.75,HIGH,ALIGNED,0.25,-3.5447,HIGH_KN,True
2026-03-27,CASTROLIND.NS,DOWN,VAL,BEAR,0.6903,0.625,HIGH,ALIGNED,0.375,-0.891,HIGH_KN,True
2026-03-27,GRSE.NS,DOWN,VAL,BEAR,0.6845,0.625,HIGH,ALIGNED,0.375,-4.6219,HIGH_KN,True
2026-03-27,SAIL.NS,DOWN,VAL,BEAR,0.683,0.75,HIGH,ALIGNED,0.25,3.3795,HIGH_KN,False
2026-03-27,IDEAFORGE.NS,DOWN,VAL,BEAR,0.6828,0.625,HIGH,ALIGNED,0.375,-3.5042,HIGH_KN,True
2026-03-30,NATIONALUM.NS,UP,VAL,BEAR,0.9179,1.0,HIGH,ALIGNED,0.0,3.4577,HIGH_KN,True
2026-03-30,HINDALCO.NS,UP,VAL,BEAR,0.8108,0.875,HIGH,ALIGNED,0.125,2.2783,HIGH_KN,True
2026-03-30,WELCORP.NS,UP,VAL,BEAR,0.8044,0.875,HIGH,ALIGNED,0.125,1.858,HIGH_KN,True
2026-03-30,DEEPAKFERT.NS,UP,VAL,BEAR,0.774,0.375,MEDIUM,CONFLICT,0.625,8.7294,LOW_KN,True
2026-03-30,ERIS.NS,UP,VAL,BEAR,0.7733,0.75,HIGH,ALIGNED,0.25,1.0022,HIGH_KN,True
2026-03-30,COROMANDEL.NS,UP,VAL,BEAR,0.7696,0.375,MEDIUM,CONFLICT,0.625,0.466,LOW_KN,True
2026-03-30,NOCIL.NS,UP,VAL,BEAR,0.762,0.5,MEDIUM,ALIGNED,0.5,6.5751,HIGH_KN,True
2026-03-30,ATUL.NS,UP,VAL,BEAR,0.7458,0.875,HIGH,ALIGNED,0.125,1.0678,HIGH_KN,True
2026-03-30,PERSISTENT.NS,UP,VAL,BEAR,0.7458,0.75,HIGH,ALIGNED,0.25,3.5246,HIGH_KN,True
2026-03-30,LICHSGFIN.NS,UP,VAL,BEAR,0.7407,0.875,HIGH,ALIGNED,0.125,4.0989,HIGH_KN,True
2026-03-30,NATCOPHARM.NS,UP,VAL,BEAR,0.7336,0.75,HIGH,ALIGNED,0.25,2.8434,HIGH_KN,True
2026-03-30,OFSS.NS,UP,VAL,BEAR,0.7213,0.875,HIGH,ALIGNED,0.125,2.2582,HIGH_KN,True
2026-03-30,SAIL.NS,UP,VAL,BEAR,0.7211,0.625,HIGH,ALIGNED,0.375,2.9058,HIGH_KN,True
2026-03-30,BASF.NS,UP,VAL,BEAR,0.7159,0.5,MEDIUM,ALIGNED,0.5,1.8143,HIGH_KN,True
2026-03-30,BAJFINANCE.NS,UP,VAL,BEAR,0.7118,0.25,LOW,CONFLICT,0.75,1.9649,LOW_KN,True
2026-03-30,COFORGE.NS,UP,VAL,BEAR,0.7096,0.5,MEDIUM,ALIGNED,0.5,3.5166,HIGH_KN,True
2026-03-30,ONGC.NS,UP,VAL,BEAR,0.7076,1.0,HIGH,ALIGNED,0.0,1.1944,HIGH_KN,True
2026-03-30,SRF.NS,UP,VAL,BEAR,0.7054,0.5,MEDIUM,ALIGNED,0.5,4.8072,HIGH_KN,True
2026-03-30,GRANULES.NS,UP,VAL,BEAR,0.702,0.875,HIGH,ALIGNED,0.125,1.2411,HIGH_KN,True
2026-03-30,CRAFTSMAN.NS,UP,VAL,BEAR,0.698,0.5,MEDIUM,ALIGNED,0.5,-1.9923,HIGH_KN,False
2026-03-30,JPPOWER.NS,DOWN,VAL,BEAR,0.8895,0.75,HIGH,ALIGNED,0.25,6.4103,HIGH_KN,False
2026-03-30,OLECTRA.NS,DOWN,VAL,BEAR,0.8865,0.75,HIGH,ALIGNED,0.25,6.1682,HIGH_KN,False
2026-03-30,ONMOBILE.NS,DOWN,VAL,BEAR,0.8471,0.75,HIGH,ALIGNED,0.25,7.0318,HIGH_KN,False
2026-03-30,MAPMYINDIA.NS,DOWN,VAL,BEAR,0.8446,0.625,HIGH,ALIGNED,0.375,7.7955,HIGH_KN,False
2026-03-30,ROUTE.NS,DOWN,VAL,BEAR,0.8348,0.625,HIGH,ALIGNED,0.375,8.59,HIGH_KN,False
2026-03-30,CANBK.NS,DOWN,VAL,BEAR,0.7924,0.75,HIGH,ALIGNED,0.25,3.1187,HIGH_KN,False
2026-03-30,BANKBARODA.NS,DOWN,VAL,BEAR,0.786,0.75,HIGH,ALIGNED,0.25,1.7892,HIGH_KN,False
2026-03-30,FINPIPE.NS,DOWN,VAL,BEAR,0.7797,0.75,HIGH,ALIGNED,0.25,6.0687,HIGH_KN,False
2026-03-30,UNIONBANK.NS,DOWN,VAL,BEAR,0.7659,0.75,HIGH,ALIGNED,0.25,4.5311,HIGH_KN,False
2026-03-30,MIDHANI.NS,DOWN,VAL,BEAR,0.7581,0.75,HIGH,ALIGNED,0.25,6.8959,HIGH_KN,False
2026-03-30,PRESTIGE.NS,DOWN,VAL,BEAR,0.7578,0.75,HIGH,ALIGNED,0.25,1.6334,HIGH_KN,False
2026-03-30,PFC.NS,DOWN,VAL,BEAR,0.7569,0.625,HIGH,ALIGNED,0.375,4.7958,HIGH_KN,False
2026-03-30,INDUSINDBK.NS,DOWN,VAL,BEAR,0.7498,0.75,HIGH,ALIGNED,0.25,4.4123,HIGH_KN,False
2026-03-30,PNB.NS,DOWN,VAL,BEAR,0.7483,0.75,HIGH,ALIGNED,0.25,3.4208,HIGH_KN,False
2026-03-30,ADANIENSOL.NS,DOWN,VAL,BEAR,0.7319,0.5,MEDIUM,ALIGNED,0.5,2.3211,HIGH_KN,False
2026-03-30,SUDARSCHEM.NS,DOWN,VAL,BEAR,0.7311,0.625,HIGH,ALIGNED,0.375,4.1132,HIGH_KN,False
2026-03-30,SJVN.NS,DOWN,VAL,BEAR,0.7287,0.75,HIGH,ALIGNED,0.25,6.1721,HIGH_KN,False
2026-03-30,GRSE.NS,DOWN,VAL,BEAR,0.7223,0.75,HIGH,ALIGNED,0.25,19.5914,HIGH_KN,False
2026-03-30,ASHOKLEY.NS,DOWN,VAL,BEAR,0.7152,0.75,HIGH,ALIGNED,0.25,-3.257,HIGH_KN,True
2026-03-30,IDEA.NS,DOWN,VAL,BEAR,0.713,0.625,HIGH,ALIGNED,0.375,1.2896,HIGH_KN,False
2026-04-01,GRSE.NS,UP,VAL,BEAR,0.9741,1.0,HIGH,ALIGNED,0.0,-4.4081,HIGH_KN,False
2026-04-01,DEEPAKFERT.NS,UP,VAL,BEAR,0.9241,0.875,HIGH,ALIGNED,0.125,0.4452,HIGH_KN,True
2026-04-01,MASTEK.NS,UP,VAL,BEAR,0.8863,0.75,HIGH,ALIGNED,0.25,3.0752,HIGH_KN,True
2026-04-01,BEML.NS,UP,VAL,BEAR,0.8837,0.625,HIGH,ALIGNED,0.375,0.386,HIGH_KN,True
2026-04-01,COCHINSHIP.NS,UP,VAL,BEAR,0.8837,0.75,HIGH,ALIGNED,0.25,-1.8004,HIGH_KN,False
2026-04-01,SAIL.NS,UP,VAL,BEAR,0.881,0.75,HIGH,ALIGNED,0.25,-0.4236,HIGH_KN,False
2026-04-01,NATIONALUM.NS,UP,VAL,BEAR,0.8527,0.875,HIGH,ALIGNED,0.125,0.5883,HIGH_KN,True
2026-04-01,MAZDOCK.NS,UP,VAL,BEAR,0.8524,0.875,HIGH,ALIGNED,0.125,-2.3121,HIGH_KN,False
2026-04-01,HFCL.NS,UP,VAL,BEAR,0.849,0.875,HIGH,ALIGNED,0.125,-1.0349,HIGH_KN,False
2026-04-01,PETRONET.NS,UP,VAL,BEAR,0.8317,0.625,HIGH,ALIGNED,0.375,-1.237,HIGH_KN,False
2026-04-01,BDL.NS,UP,VAL,BEAR,0.8234,0.875,HIGH,ALIGNED,0.125,-1.5201,HIGH_KN,False
2026-04-01,IRCON.NS,UP,VAL,BEAR,0.8217,0.625,HIGH,ALIGNED,0.375,-0.3509,HIGH_KN,False
2026-04-01,RAILTEL.NS,UP,VAL,BEAR,0.8051,0.625,HIGH,ALIGNED,0.375,-0.0872,HIGH_KN,False
2026-04-01,CRAFTSMAN.NS,UP,VAL,BEAR,0.7844,0.5,MEDIUM,ALIGNED,0.5,-0.7166,HIGH_KN,False
2026-04-01,PARAS.NS,UP,VAL,BEAR,0.7824,0.625,HIGH,ALIGNED,0.375,-0.5088,HIGH_KN,False
2026-04-01,HINDZINC.NS,UP,VAL,BEAR,0.7788,0.625,HIGH,ALIGNED,0.375,-1.6589,HIGH_KN,False
2026-04-01,HINDALCO.NS,UP,VAL,BEAR,0.759,0.625,HIGH,ALIGNED,0.375,1.2879,HIGH_KN,True
2026-04-01,LAURUSLABS.NS,UP,VAL,BEAR,0.7537,1.0,HIGH,ALIGNED,0.0,0.3947,HIGH_KN,True
2026-04-01,LTTS.NS,UP,VAL,BEAR,0.7529,0.75,HIGH,ALIGNED,0.25,0.707,HIGH_KN,True
2026-04-01,SRF.NS,UP,VAL,BEAR,0.7473,0.75,HIGH,ALIGNED,0.25,-5.4438,HIGH_KN,False
2026-04-01,ONMOBILE.NS,DOWN,VAL,BEAR,0.8402,0.75,HIGH,ALIGNED,0.25,1.1526,HIGH_KN,False
2026-04-01,JINDALPOLY.NS,DOWN,VAL,BEAR,0.8249,0.75,HIGH,ALIGNED,0.25,4.9959,HIGH_KN,False
2026-04-01,OLECTRA.NS,DOWN,VAL,BEAR,0.8008,0.375,MEDIUM,CONFLICT,0.625,-0.5605,LOW_KN,True
2026-04-01,BANKBARODA.NS,DOWN,VAL,BEAR,0.7661,0.75,HIGH,ALIGNED,0.25,-0.98,HIGH_KN,True
2026-04-01,NOCIL.NS,DOWN,VAL,BEAR,0.7641,0.375,MEDIUM,CONFLICT,0.625,0.8674,LOW_KN,False
2026-04-01,CANBK.NS,DOWN,VAL,BEAR,0.7593,0.5,MEDIUM,ALIGNED,0.5,-0.2042,HIGH_KN,True
2026-04-01,ASHOKLEY.NS,DOWN,VAL,BEAR,0.7539,0.75,HIGH,ALIGNED,0.25,-0.4493,HIGH_KN,True
2026-04-01,JPPOWER.NS,DOWN,VAL,BEAR,0.7498,0.5,MEDIUM,ALIGNED,0.5,0.4685,HIGH_KN,False
2026-04-01,FINPIPE.NS,DOWN,VAL,BEAR,0.7439,0.5,MEDIUM,ALIGNED,0.5,0.0189,HIGH_KN,False
2026-04-01,PRESTIGE.NS,DOWN,VAL,BEAR,0.7437,0.75,HIGH,ALIGNED,0.25,0.6201,HIGH_KN,False
2026-04-01,MAPMYINDIA.NS,DOWN,VAL,BEAR,0.7073,0.375,MEDIUM,CONFLICT,0.625,1.407,LOW_KN,False
2026-04-01,DLF.NS,DOWN,VAL,BEAR,0.7061,0.625,HIGH,ALIGNED,0.375,2.4522,HIGH_KN,False
2026-04-01,HAVELLS.NS,DOWN,VAL,BEAR,0.7017,0.625,HIGH,ALIGNED,0.375,-0.4469,HIGH_KN,True
2026-04-01,MIDHANI.NS,DOWN,VAL,BEAR,0.7017,0.625,HIGH,ALIGNED,0.375,1.1934,HIGH_KN,False
2026-04-01,PNB.NS,DOWN,VAL,BEAR,0.6973,0.5,MEDIUM,ALIGNED,0.5,0.4615,HIGH_KN,False
2026-04-01,SBIN.NS,DOWN,VAL,BEAR,0.6924,0.5,MEDIUM,ALIGNED,0.5,0.059,HIGH_KN,False
2026-04-01,MOIL.NS,DOWN,VAL,BEAR,0.6649,0.25,LOW,CONFLICT,0.75,-0.4921,LOW_KN,True
2026-04-01,COLPAL.NS,DOWN,VAL,BEAR,0.6561,0.625,HIGH,ALIGNED,0.375,0.5386,HIGH_KN,False
2026-04-01,PFC.NS,DOWN,VAL,BEAR,0.6559,0.375,MEDIUM,CONFLICT,0.625,1.1441,LOW_KN,False
2026-04-01,ROUTE.NS,DOWN,VAL,BEAR,0.6529,0.375,MEDIUM,CONFLICT,0.625,1.7505,LOW_KN,False
2026-04-02,GRSE.NS,UP,VAL,BEAR,0.9278,0.75,HIGH,ALIGNED,0.25,0.1862,HIGH_KN,True
2026-04-02,COFORGE.NS,UP,VAL,BEAR,0.8885,1.0,HIGH,ALIGNED,0.0,0.5604,HIGH_KN,True
2026-04-02,SAIL.NS,UP,VAL,BEAR,0.8733,0.75,HIGH,ALIGNED,0.25,3.4029,HIGH_KN,True
2026-04-02,TATACHEM.NS,UP,VAL,BEAR,0.8667,0.875,HIGH,ALIGNED,0.125,-2.7075,HIGH_KN,False
2026-04-02,BATAINDIA.NS,UP,VAL,BEAR,0.8023,0.75,HIGH,ALIGNED,0.25,1.4228,HIGH_KN,True
2026-04-02,NATIONALUM.NS,UP,VAL,BEAR,0.7888,0.875,HIGH,ALIGNED,0.125,1.5057,HIGH_KN,True
2026-04-02,BOSCHLTD.NS,UP,VAL,BEAR,0.7863,0.875,HIGH,ALIGNED,0.125,4.1232,HIGH_KN,True
2026-04-02,FINEORG.NS,UP,VAL,BEAR,0.785,1.0,HIGH,ALIGNED,0.0,-0.7838,HIGH_KN,False
2026-04-02,DEEPAKFERT.NS,UP,VAL,BEAR,0.7828,0.875,HIGH,ALIGNED,0.125,-0.9267,HIGH_KN,False
2026-04-02,RAJESHEXPO.NS,UP,VAL,BEAR,0.7805,0.625,HIGH,ALIGNED,0.375,4.9725,HIGH_KN,True
2026-04-02,RATEGAIN.NS,UP,VAL,BEAR,0.7783,1.0,HIGH,ALIGNED,0.0,1.0334,HIGH_KN,True
2026-04-02,HINDALCO.NS,UP,VAL,BEAR,0.778,0.75,HIGH,ALIGNED,0.25,1.2224,HIGH_KN,True
2026-04-02,VEDL.NS,UP,VAL,BEAR,0.7735,0.75,HIGH,ALIGNED,0.25,0.3417,HIGH_KN,True
2026-04-02,BEML.NS,UP,VAL,BEAR,0.77,0.625,HIGH,ALIGNED,0.375,1.828,HIGH_KN,True
2026-04-02,ADANIGREEN.NS,UP,VAL,BEAR,0.7665,0.75,HIGH,ALIGNED,0.25,7.6051,HIGH_KN,True
2026-04-02,NATCOPHARM.NS,UP,VAL,BEAR,0.7655,0.875,HIGH,ALIGNED,0.125,0.0973,HIGH_KN,True
2026-04-02,GALAXYSURF.NS,UP,VAL,BEAR,0.7627,0.625,HIGH,ALIGNED,0.375,1.5647,HIGH_KN,True
2026-04-02,MASTEK.NS,UP,VAL,BEAR,0.7553,0.75,HIGH,ALIGNED,0.25,-1.2398,HIGH_KN,False
2026-04-02,SOLARINDS.NS,UP,VAL,BEAR,0.753,0.75,HIGH,ALIGNED,0.25,1.4799,HIGH_KN,True
2026-04-02,IRCON.NS,UP,VAL,BEAR,0.751,0.5,MEDIUM,ALIGNED,0.5,0.7843,HIGH_KN,True
2026-04-02,OLECTRA.NS,DOWN,VAL,BEAR,0.8808,0.625,HIGH,ALIGNED,0.375,1.1813,HIGH_KN,False
2026-04-02,ALKYLAMINE.NS,DOWN,VAL,BEAR,0.8622,0.5,MEDIUM,ALIGNED,0.5,0.3487,HIGH_KN,False
2026-04-02,BANKBARODA.NS,DOWN,VAL,BEAR,0.7918,0.875,HIGH,ALIGNED,0.125,4.0872,HIGH_KN,False
2026-04-02,CANBK.NS,DOWN,VAL,BEAR,0.7895,0.75,HIGH,ALIGNED,0.25,2.7314,HIGH_KN,False
2026-04-02,M&MFIN.NS,DOWN,VAL,BEAR,0.7635,0.875,HIGH,ALIGNED,0.125,-1.3677,HIGH_KN,True
2026-04-02,HEROMOTOCO.NS,DOWN,VAL,BEAR,0.75,0.75,HIGH,ALIGNED,0.25,1.8358,HIGH_KN,False
2026-04-02,ASHOKLEY.NS,DOWN,VAL,BEAR,0.74,0.875,HIGH,ALIGNED,0.125,1.664,HIGH_KN,False
2026-04-02,BIOCON.NS,DOWN,VAL,BEAR,0.7252,0.75,HIGH,ALIGNED,0.25,0.6949,HIGH_KN,False
2026-04-02,ROUTE.NS,DOWN,VAL,BEAR,0.7252,0.375,MEDIUM,CONFLICT,0.625,1.0453,LOW_KN,False
2026-04-02,JPPOWER.NS,DOWN,VAL,BEAR,0.7251,0.375,MEDIUM,CONFLICT,0.625,0.8661,LOW_KN,False
2026-04-02,SRF.NS,DOWN,VAL,BEAR,0.7212,0.75,HIGH,ALIGNED,0.25,0.7326,HIGH_KN,False
2026-04-02,EICHERMOT.NS,DOWN,VAL,BEAR,0.7173,0.75,HIGH,ALIGNED,0.25,-0.8046,HIGH_KN,True
2026-04-02,PIDILITIND.NS,DOWN,VAL,BEAR,0.7103,0.75,HIGH,ALIGNED,0.25,1.3819,HIGH_KN,False
2026-04-02,TORNTPHARM.NS,DOWN,VAL,BEAR,0.708,0.75,HIGH,ALIGNED,0.25,0.612,HIGH_KN,False
2026-04-02,BAJFINANCE.NS,DOWN,VAL,BEAR,0.7057,0.625,HIGH,ALIGNED,0.375,2.9026,HIGH_KN,False
2026-04-02,BLUESTARCO.NS,DOWN,VAL,BEAR,0.6925,0.875,HIGH,ALIGNED,0.125,2.4275,HIGH_KN,False
2026-04-02,VOLTAS.NS,DOWN,VAL,BEAR,0.6863,0.75,HIGH,ALIGNED,0.25,1.3437,HIGH_KN,False
2026-04-02,PRESTIGE.NS,DOWN,VAL,BEAR,0.6855,0.625,HIGH,ALIGNED,0.375,2.7083,HIGH_KN,False
2026-04-02,IDFCFIRSTB.NS,DOWN,VAL,BEAR,0.6808,0.75,HIGH,ALIGNED,0.25,1.4281,HIGH_KN,False
2026-04-02,ADANIENSOL.NS,DOWN,VAL,BEAR,0.674,0.625,HIGH,ALIGNED,0.375,5.2836,HIGH_KN,False
2026-04-06,ZYDUSWELL.NS,UP,VAL,BEAR,0.9478,0.75,HIGH,ALIGNED,0.25,-2.5032,HIGH_KN,False
2026-04-06,GRSE.NS,UP,VAL,BEAR,0.9248,0.75,HIGH,ALIGNED,0.25,2.027,HIGH_KN,True
2026-04-06,ADANIGREEN.NS,UP,VAL,BEAR,0.9022,1.0,HIGH,ALIGNED,0.0,0.4614,HIGH_KN,True
2026-04-06,SAIL.NS,UP,VAL,BEAR,0.8791,0.875,HIGH,ALIGNED,0.125,0.1122,HIGH_KN,True
2026-04-06,BDL.NS,UP,VAL,BEAR,0.8536,0.75,HIGH,ALIGNED,0.25,0.9228,HIGH_KN,True
2026-04-06,RAJESHEXPO.NS,UP,VAL,BEAR,0.8515,0.625,HIGH,ALIGNED,0.375,4.9771,HIGH_KN,True
2026-04-06,KALYANKJIL.NS,UP,VAL,BEAR,0.8451,1.0,HIGH,ALIGNED,0.0,-1.4274,HIGH_KN,False
2026-04-06,NATIONALUM.NS,UP,VAL,BEAR,0.8177,0.875,HIGH,ALIGNED,0.125,0.9562,HIGH_KN,True
2026-04-06,BOSCHLTD.NS,UP,VAL,BEAR,0.8073,1.0,HIGH,ALIGNED,0.0,-0.0448,HIGH_KN,False
2026-04-06,MIDHANI.NS,UP,VAL,BEAR,0.7956,0.875,HIGH,ALIGNED,0.125,1.3712,HIGH_KN,True
2026-04-06,COCHINSHIP.NS,UP,VAL,BEAR,0.7893,0.75,HIGH,ALIGNED,0.25,1.0571,HIGH_KN,True
2026-04-06,BSE.NS,UP,VAL,BEAR,0.7818,1.0,HIGH,ALIGNED,0.0,-1.0562,HIGH_KN,False
2026-04-06,ZENSARTECH.NS,UP,VAL,BEAR,0.7682,0.875,HIGH,ALIGNED,0.125,-0.8685,HIGH_KN,False
2026-04-06,NMDC.NS,UP,VAL,BEAR,0.7595,1.0,HIGH,ALIGNED,0.0,0.4177,HIGH_KN,True
2026-04-06,GODREJPROP.NS,UP,VAL,BEAR,0.758,0.75,HIGH,ALIGNED,0.25,1.281,HIGH_KN,True
2026-04-06,COFORGE.NS,UP,VAL,BEAR,0.7568,0.75,HIGH,ALIGNED,0.25,0.8523,HIGH_KN,True
2026-04-06,TITAN.NS,UP,VAL,BEAR,0.7558,1.0,HIGH,ALIGNED,0.0,-0.365,HIGH_KN,False
2026-04-06,MOIL.NS,UP,VAL,BEAR,0.7532,0.875,HIGH,ALIGNED,0.125,-0.3675,HIGH_KN,False
2026-04-06,HFCL.NS,UP,VAL,BEAR,0.7454,0.875,HIGH,ALIGNED,0.125,-0.3293,HIGH_KN,False
2026-04-06,MAZDOCK.NS,UP,VAL,BEAR,0.735,0.75,HIGH,ALIGNED,0.25,0.6224,HIGH_KN,True
2026-04-06,ALKYLAMINE.NS,DOWN,VAL,BEAR,0.8206,0.625,HIGH,ALIGNED,0.375,0.8008,HIGH_KN,False
2026-04-06,VOLTAS.NS,DOWN,VAL,BEAR,0.8083,0.625,HIGH,ALIGNED,0.375,-2.5399,HIGH_KN,True
2026-04-06,M&MFIN.NS,DOWN,VAL,BEAR,0.8049,0.875,HIGH,ALIGNED,0.125,-1.3333,HIGH_KN,True
2026-04-06,OLECTRA.NS,DOWN,VAL,BEAR,0.7823,0.5,MEDIUM,ALIGNED,0.5,-0.591,HIGH_KN,True
2026-04-06,CANBK.NS,DOWN,VAL,BEAR,0.7735,0.5,MEDIUM,ALIGNED,0.5,-0.7662,HIGH_KN,True
2026-04-06,BIOCON.NS,DOWN,VAL,BEAR,0.7682,0.75,HIGH,ALIGNED,0.25,-4.2113,HIGH_KN,True
2026-04-06,CRAFTSMAN.NS,DOWN,VAL,BEAR,0.767,0.75,HIGH,ALIGNED,0.25,-0.5456,HIGH_KN,True
2026-04-06,ASHOKLEY.NS,DOWN,VAL,BEAR,0.7507,0.625,HIGH,ALIGNED,0.375,1.3385,HIGH_KN,False
2026-04-06,UNIONBANK.NS,DOWN,VAL,BEAR,0.7413,0.625,HIGH,ALIGNED,0.375,-1.2865,HIGH_KN,True
2026-04-06,BAJFINANCE.NS,DOWN,VAL,BEAR,0.7328,0.5,MEDIUM,ALIGNED,0.5,0.4995,HIGH_KN,False
2026-04-06,PIDILITIND.NS,DOWN,VAL,BEAR,0.7272,0.625,HIGH,ALIGNED,0.375,0.302,HIGH_KN,False
2026-04-06,BLUESTARCO.NS,DOWN,VAL,BEAR,0.7231,0.625,HIGH,ALIGNED,0.375,-1.5906,HIGH_KN,True
2026-04-06,SRF.NS,DOWN,VAL,BEAR,0.7192,0.875,HIGH,ALIGNED,0.125,-1.5531,HIGH_KN,True
2026-04-06,TORNTPHARM.NS,DOWN,VAL,BEAR,0.7182,0.75,HIGH,ALIGNED,0.25,0.9896,HIGH_KN,False
2026-04-06,BANKBARODA.NS,DOWN,VAL,BEAR,0.7167,0.625,HIGH,ALIGNED,0.375,-0.6391,HIGH_KN,True
2026-04-06,EICHERMOT.NS,DOWN,VAL,BEAR,0.715,0.75,HIGH,ALIGNED,0.25,0.144,HIGH_KN,False
2026-04-06,JPPOWER.NS,DOWN,VAL,BEAR,0.7142,0.5,MEDIUM,ALIGNED,0.5,0.3963,HIGH_KN,False
2026-04-06,TIINDIA.NS,DOWN,VAL,BEAR,0.7038,0.5,MEDIUM,ALIGNED,0.5,0.2052,HIGH_KN,False
2026-04-06,ENDURANCE.NS,DOWN,VAL,BEAR,0.7024,0.875,HIGH,ALIGNED,0.125,0.7451,HIGH_KN,False
2026-04-06,SUNPHARMA.NS,DOWN,VAL,BEAR,0.6903,0.75,HIGH,ALIGNED,0.25,1.3809,HIGH_KN,False
2026-04-07,RAJESHEXPO.NS,UP,VAL,BEAR,0.9707,0.75,HIGH,ALIGNED,0.25,4.9802,HIGH_KN,True
2026-04-07,GRSE.NS,UP,VAL,BEAR,0.9333,0.75,HIGH,ALIGNED,0.25,7.4654,HIGH_KN,True
2026-04-07,MIDHANI.NS,UP,VAL,BEAR,0.9148,0.875,HIGH,ALIGNED,0.125,3.3172,HIGH_KN,True
2026-04-07,ADANIGREEN.NS,UP,VAL,BEAR,0.8581,0.875,HIGH,ALIGNED,0.125,11.2714,HIGH_KN,True
2026-04-07,SHYAMMETL.NS,UP,VAL,BEAR,0.8419,1.0,HIGH,ALIGNED,0.0,2.0137,HIGH_KN,True
2026-04-07,SAIL.NS,UP,VAL,BEAR,0.8382,0.75,HIGH,ALIGNED,0.25,2.3596,HIGH_KN,True
2026-04-07,COCHINSHIP.NS,UP,VAL,BEAR,0.8325,0.75,HIGH,ALIGNED,0.25,2.3591,HIGH_KN,True
2026-04-07,PRESTIGE.NS,UP,VAL,BEAR,0.8278,0.75,HIGH,ALIGNED,0.25,8.0763,HIGH_KN,True
2026-04-07,BOSCHLTD.NS,UP,VAL,BEAR,0.8219,0.875,HIGH,ALIGNED,0.125,7.4451,HIGH_KN,True
2026-04-07,RATEGAIN.NS,UP,VAL,BEAR,0.82,0.875,HIGH,ALIGNED,0.125,8.8015,HIGH_KN,True
2026-04-07,NATCOPHARM.NS,UP,VAL,BEAR,0.817,0.875,HIGH,ALIGNED,0.125,2.7762,HIGH_KN,True
2026-04-07,MOIL.NS,UP,VAL,BEAR,0.8126,0.75,HIGH,ALIGNED,0.25,-0.2179,HIGH_KN,False
2026-04-07,VEDL.NS,UP,VAL,BEAR,0.8037,1.0,HIGH,ALIGNED,0.0,1.1427,HIGH_KN,True
2026-04-07,KALYANKJIL.NS,UP,VAL,BEAR,0.7938,0.875,HIGH,ALIGNED,0.125,7.5299,HIGH_KN,True
2026-04-07,NATIONALUM.NS,UP,VAL,BEAR,0.7872,0.875,HIGH,ALIGNED,0.125,-2.8172,HIGH_KN,False
2026-04-07,COROMANDEL.NS,UP,VAL,BEAR,0.7813,1.0,HIGH,ALIGNED,0.0,5.2265,HIGH_KN,True
2026-04-07,ZYDUSWELL.NS,UP,VAL,BEAR,0.7813,0.75,HIGH,ALIGNED,0.25,-2.9601,HIGH_KN,False
2026-04-07,MASTEK.NS,UP,VAL,BEAR,0.7805,0.875,HIGH,ALIGNED,0.125,3.6069,HIGH_KN,True
2026-04-07,BDL.NS,UP,VAL,BEAR,0.7803,0.75,HIGH,ALIGNED,0.25,4.4907,HIGH_KN,True
2026-04-07,MPHASIS.NS,UP,VAL,BEAR,0.7796,1.0,HIGH,ALIGNED,0.0,0.975,HIGH_KN,True
2026-04-07,VOLTAS.NS,DOWN,VAL,BEAR,0.8308,0.75,HIGH,ALIGNED,0.25,3.6551,HIGH_KN,False
2026-04-07,BIOCON.NS,DOWN,VAL,BEAR,0.8108,0.75,HIGH,ALIGNED,0.25,2.8672,HIGH_KN,False
2026-04-07,UNIONBANK.NS,DOWN,VAL,BEAR,0.7729,0.625,HIGH,ALIGNED,0.375,8.0172,HIGH_KN,False
2026-04-07,M&MFIN.NS,DOWN,VAL,BEAR,0.7547,0.875,HIGH,ALIGNED,0.125,6.9189,HIGH_KN,False
2026-04-07,IDEA.NS,DOWN,VAL,BEAR,0.7392,0.75,HIGH,ALIGNED,0.25,6.6049,HIGH_KN,False
2026-04-07,ERIS.NS,DOWN,VAL,BEAR,0.7382,0.5,MEDIUM,ALIGNED,0.5,2.6304,HIGH_KN,False
2026-04-07,BLUESTARCO.NS,DOWN,VAL,BEAR,0.7266,0.875,HIGH,ALIGNED,0.125,5.1217,HIGH_KN,False
2026-04-07,SUNPHARMA.NS,DOWN,VAL,BEAR,0.7246,0.625,HIGH,ALIGNED,0.375,-0.1979,HIGH_KN,True
2026-04-07,ASHOKLEY.NS,DOWN,VAL,BEAR,0.719,0.5,MEDIUM,ALIGNED,0.5,12.7836,HIGH_KN,False
2026-04-07,CENTUM.NS,DOWN,VAL,BEAR,0.716,0.75,HIGH,ALIGNED,0.25,-1.4825,HIGH_KN,True
2026-04-07,DRREDDY.NS,DOWN,VAL,BEAR,0.7118,0.875,HIGH,ALIGNED,0.125,-0.3929,HIGH_KN,True
2026-04-07,TORNTPHARM.NS,DOWN,VAL,BEAR,0.7094,0.75,HIGH,ALIGNED,0.25,-0.5455,HIGH_KN,True
2026-04-07,RVNL.NS,DOWN,VAL,BEAR,0.7039,0.75,HIGH,ALIGNED,0.25,5.2362,HIGH_KN,False
2026-04-07,M&M.NS,DOWN,VAL,BEAR,0.6904,0.75,HIGH,ALIGNED,0.25,6.7684,HIGH_KN,False
2026-04-07,HDFCLIFE.NS,DOWN,VAL,BEAR,0.6879,0.625,HIGH,ALIGNED,0.375,2.8537,HIGH_KN,False
2026-04-07,NAVINFLUOR.NS,DOWN,VAL,BEAR,0.6833,0.75,HIGH,ALIGNED,0.25,4.1226,HIGH_KN,False
2026-04-07,CANBK.NS,DOWN,VAL,BEAR,0.6798,0.5,MEDIUM,ALIGNED,0.5,7.4743,HIGH_KN,False
2026-04-07,GLENMARK.NS,DOWN,VAL,BEAR,0.6793,0.5,MEDIUM,ALIGNED,0.5,2.8097,HIGH_KN,False
2026-04-07,EICHERMOT.NS,DOWN,VAL,BEAR,0.6756,0.875,HIGH,ALIGNED,0.125,7.9555,HIGH_KN,False
2026-04-07,MUTHOOTFIN.NS,DOWN,VAL,BEAR,0.6727,0.625,HIGH,ALIGNED,0.375,8.0798,HIGH_KN,False
2026-04-08,RAJESHEXPO.NS,UP,VAL,RANGE,0.9611,0.75,HIGH,ALIGNED,0.25,3.5357,HIGH_KN,True
2026-04-08,RATEGAIN.NS,UP,VAL,RANGE,0.9476,1.0,HIGH,ALIGNED,0.0,0.1178,HIGH_KN,True
2026-04-08,GRSE.NS,UP,VAL,RANGE,0.9449,1.0,HIGH,ALIGNED,0.0,1.8649,HIGH_KN,True
2026-04-08,ADANIGREEN.NS,UP,VAL,RANGE,0.9437,1.0,HIGH,ALIGNED,0.0,1.4471,HIGH_KN,True
2026-04-08,PRESTIGE.NS,UP,VAL,RANGE,0.9164,1.0,HIGH,ALIGNED,0.0,-0.106,HIGH_KN,False
2026-04-08,SHRIRAMFIN.NS,UP,VAL,RANGE,0.8986,1.0,HIGH,ALIGNED,0.0,-2.629,HIGH_KN,False
2026-04-08,GALAXYSURF.NS,UP,VAL,RANGE,0.8826,1.0,HIGH,ALIGNED,0.0,1.423,HIGH_KN,True
2026-04-08,KALYANKJIL.NS,UP,VAL,RANGE,0.8725,1.0,HIGH,ALIGNED,0.0,0.1234,HIGH_KN,True
2026-04-08,BSE.NS,UP,VAL,RANGE,0.8652,1.0,HIGH,ALIGNED,0.0,2.965,HIGH_KN,True
2026-04-08,ADANIENSOL.NS,UP,VAL,RANGE,0.8558,1.0,HIGH,ALIGNED,0.0,0.5078,HIGH_KN,True
2026-04-08,JPPOWER.NS,UP,VAL,RANGE,0.8389,0.875,HIGH,ALIGNED,0.125,2.2506,HIGH_KN,True
2026-04-08,BOSCHLTD.NS,UP,VAL,RANGE,0.8357,1.0,HIGH,ALIGNED,0.0,2.3236,HIGH_KN,True
2026-04-08,ASHOKLEY.NS,UP,VAL,RANGE,0.8319,0.875,HIGH,ALIGNED,0.125,-1.2175,HIGH_KN,False
2026-04-08,MIDHANI.NS,UP,VAL,RANGE,0.8174,0.75,HIGH,ALIGNED,0.25,-0.1091,HIGH_KN,False
2026-04-08,COCHINSHIP.NS,UP,VAL,RANGE,0.8048,0.75,HIGH,ALIGNED,0.25,3.1961,HIGH_KN,True
2026-04-08,CHOLAFIN.NS,UP,VAL,RANGE,0.8043,1.0,HIGH,ALIGNED,0.0,-1.364,HIGH_KN,False
2026-04-08,DLF.NS,UP,VAL,RANGE,0.7973,1.0,HIGH,ALIGNED,0.0,-1.7282,HIGH_KN,False
2026-04-08,RAILTEL.NS,UP,VAL,RANGE,0.7954,0.875,HIGH,ALIGNED,0.125,-0.7486,HIGH_KN,False
2026-04-08,MOTHERSON.NS,UP,VAL,RANGE,0.7804,1.0,HIGH,ALIGNED,0.0,-1.0245,HIGH_KN,False
2026-04-08,BEML.NS,UP,VAL,RANGE,0.7751,0.875,HIGH,ALIGNED,0.125,1.053,HIGH_KN,True
2026-04-08,NAVINFLUOR.NS,DOWN,VAL,RANGE,0.7717,0.5,MEDIUM,ALIGNED,0.5,1.2126,HIGH_KN,False
2026-04-08,VOLTAS.NS,DOWN,VAL,RANGE,0.7662,0.625,HIGH,ALIGNED,0.375,1.5101,HIGH_KN,False
2026-04-08,CENTUM.NS,DOWN,VAL,RANGE,0.7609,0.625,HIGH,ALIGNED,0.375,2.7476,HIGH_KN,False
2026-04-08,BIOCON.NS,DOWN,VAL,RANGE,0.7092,0.75,HIGH,ALIGNED,0.25,-1.1721,HIGH_KN,True
2026-04-08,OFSS.NS,DOWN,VAL,RANGE,0.705,0.375,MEDIUM,CONFLICT,0.625,0.5223,LOW_KN,False
2026-04-08,TECHM.NS,DOWN,VAL,RANGE,0.6931,0.375,MEDIUM,CONFLICT,0.625,0.7028,LOW_KN,False
2026-04-08,SUNPHARMA.NS,DOWN,VAL,RANGE,0.6862,0.75,HIGH,ALIGNED,0.25,0.1458,HIGH_KN,False
2026-04-08,BLUESTARCO.NS,DOWN,VAL,RANGE,0.6833,0.375,MEDIUM,CONFLICT,0.625,2.2354,LOW_KN,False
2026-04-08,MOIL.NS,DOWN,VAL,RANGE,0.6746,0.25,LOW,CONFLICT,0.75,0.9241,LOW_KN,False
2026-04-08,DRREDDY.NS,DOWN,VAL,RANGE,0.6739,0.75,HIGH,ALIGNED,0.25,1.7207,HIGH_KN,False
2026-04-08,HDFCLIFE.NS,DOWN,VAL,RANGE,0.6667,0.5,MEDIUM,ALIGNED,0.5,-1.1867,HIGH_KN,True
2026-04-08,NATIONALUM.NS,DOWN,VAL,RANGE,0.6589,0.75,HIGH,ALIGNED,0.25,3.0489,HIGH_KN,False
2026-04-08,SRF.NS,DOWN,VAL,RANGE,0.6568,0.625,HIGH,ALIGNED,0.375,-1.4496,HIGH_KN,True
2026-04-08,OIL.NS,DOWN,VAL,RANGE,0.6461,0.875,HIGH,ALIGNED,0.125,2.5711,HIGH_KN,False
2026-04-08,GLENMARK.NS,DOWN,VAL,RANGE,0.6349,0.375,MEDIUM,CONFLICT,0.625,-0.2024,LOW_KN,True
2026-04-08,ASIANPAINT.NS,DOWN,VAL,RANGE,0.6324,0.25,LOW,CONFLICT,0.75,-0.5608,LOW_KN,True
2026-04-08,TORNTPHARM.NS,DOWN,VAL,RANGE,0.629,0.625,HIGH,ALIGNED,0.375,1.6207,HIGH_KN,False
2026-04-08,MRPL.NS,DOWN,VAL,RANGE,0.6278,0.625,HIGH,ALIGNED,0.375,-1.8162,HIGH_KN,True
2026-04-08,GRANULES.NS,DOWN,VAL,RANGE,0.6236,0.5,MEDIUM,ALIGNED,0.5,-1.3658,HIGH_KN,True
2026-04-08,AUROPHARMA.NS,DOWN,VAL,RANGE,0.623,0.5,MEDIUM,ALIGNED,0.5,0.3519,HIGH_KN,False
2026-04-09,STLTECH.NS,UP,VAL,RANGE,0.9798,1.0,HIGH,ALIGNED,0.0,4.8332,HIGH_KN,True
2026-04-09,RAJESHEXPO.NS,UP,VAL,RANGE,0.9512,0.875,HIGH,ALIGNED,0.125,4.9933,HIGH_KN,True
2026-04-09,JPPOWER.NS,UP,VAL,RANGE,0.911,0.875,HIGH,ALIGNED,0.125,2.32,HIGH_KN,True
2026-04-09,ADANIGREEN.NS,UP,VAL,RANGE,0.901,1.0,HIGH,ALIGNED,0.0,3.906,HIGH_KN,True
2026-04-09,ASHOKLEY.NS,UP,VAL,RANGE,0.8973,0.5,MEDIUM,ALIGNED,0.5,4.4841,HIGH_KN,True
2026-04-09,OLECTRA.NS,UP,VAL,RANGE,0.8705,0.875,HIGH,ALIGNED,0.125,4.6805,HIGH_KN,True
2026-04-09,KALYANKJIL.NS,UP,VAL,RANGE,0.87,0.875,HIGH,ALIGNED,0.125,0.6837,HIGH_KN,True
2026-04-09,BOSCHLTD.NS,UP,VAL,RANGE,0.8661,1.0,HIGH,ALIGNED,0.0,1.523,HIGH_KN,True
2026-04-09,RATEGAIN.NS,UP,VAL,RANGE,0.8644,0.75,HIGH,ALIGNED,0.25,1.7191,HIGH_KN,True
2026-04-09,BSE.NS,UP,VAL,RANGE,0.8471,1.0,HIGH,ALIGNED,0.0,0.7306,HIGH_KN,True
2026-04-09,ADANIENSOL.NS,UP,VAL,RANGE,0.8378,0.875,HIGH,ALIGNED,0.125,7.3372,HIGH_KN,True
2026-04-09,BDL.NS,UP,VAL,RANGE,0.8361,1.0,HIGH,ALIGNED,0.0,1.539,HIGH_KN,True
2026-04-09,MIDHANI.NS,UP,VAL,RANGE,0.8234,0.75,HIGH,ALIGNED,0.25,3.0582,HIGH_KN,True
2026-04-09,WELCORP.NS,UP,VAL,RANGE,0.8078,0.875,HIGH,ALIGNED,0.125,1.2794,HIGH_KN,True
2026-04-09,PRESTIGE.NS,UP,VAL,RANGE,0.8063,0.75,HIGH,ALIGNED,0.25,0.2274,HIGH_KN,True
2026-04-09,COROMANDEL.NS,UP,VAL,RANGE,0.791,0.875,HIGH,ALIGNED,0.125,0.396,HIGH_KN,True
2026-04-09,IDEAFORGE.NS,UP,VAL,RANGE,0.7898,0.875,HIGH,ALIGNED,0.125,1.5819,HIGH_KN,True
2026-04-09,HFCL.NS,UP,VAL,RANGE,0.7851,1.0,HIGH,ALIGNED,0.0,6.0168,HIGH_KN,True
2026-04-09,CHOLAFIN.NS,UP,VAL,RANGE,0.7844,0.75,HIGH,ALIGNED,0.25,3.1374,HIGH_KN,True
2026-04-09,MOTHERSON.NS,UP,VAL,RANGE,0.7771,0.75,HIGH,ALIGNED,0.25,4.4996,HIGH_KN,True
2026-04-09,CENTUM.NS,DOWN,VAL,RANGE,0.8022,0.625,HIGH,ALIGNED,0.375,2.5721,HIGH_KN,False
2026-04-09,WHIRLPOOL.NS,DOWN,VAL,RANGE,0.752,0.625,HIGH,ALIGNED,0.375,0.7464,HIGH_KN,False
2026-04-09,BIOCON.NS,DOWN,VAL,RANGE,0.7256,0.75,HIGH,ALIGNED,0.25,0.8389,HIGH_KN,False
2026-04-09,RVNL.NS,DOWN,VAL,RANGE,0.7032,0.375,MEDIUM,CONFLICT,0.625,0.7954,LOW_KN,False
2026-04-09,NAVINFLUOR.NS,DOWN,VAL,RANGE,0.7017,0.25,LOW,CONFLICT,0.75,0.7498,LOW_KN,False
2026-04-09,ASIANPAINT.NS,DOWN,VAL,RANGE,0.7,0.5,MEDIUM,ALIGNED,0.5,4.0139,HIGH_KN,False
2026-04-09,PETRONET.NS,DOWN,VAL,RANGE,0.6983,0.375,MEDIUM,CONFLICT,0.625,-0.2322,LOW_KN,True
2026-04-09,SRF.NS,DOWN,VAL,RANGE,0.6956,0.75,HIGH,ALIGNED,0.25,3.0669,HIGH_KN,False
2026-04-09,AUROPHARMA.NS,DOWN,VAL,RANGE,0.6895,0.5,MEDIUM,ALIGNED,0.5,0.6714,HIGH_KN,False
2026-04-09,GRSE.NS,DOWN,VAL,RANGE,0.6815,0.5,MEDIUM,ALIGNED,0.5,0.6419,HIGH_KN,False
2026-04-09,MRPL.NS,DOWN,VAL,RANGE,0.6749,0.75,HIGH,ALIGNED,0.25,-0.9192,HIGH_KN,True
2026-04-09,GODREJAGRO.NS,DOWN,VAL,RANGE,0.6629,0.375,MEDIUM,CONFLICT,0.625,0.9286,LOW_KN,False
2026-04-09,ADANIPORTS.NS,DOWN,VAL,RANGE,0.662,0.375,MEDIUM,CONFLICT,0.625,1.9276,LOW_KN,False
2026-04-09,OFSS.NS,DOWN,VAL,RANGE,0.6598,0.375,MEDIUM,CONFLICT,0.625,0.4988,LOW_KN,False
2026-04-09,VOLTAS.NS,DOWN,VAL,RANGE,0.6595,0.375,MEDIUM,CONFLICT,0.625,2.469,LOW_KN,False
2026-04-09,CLEAN.NS,DOWN,VAL,RANGE,0.6528,0.375,MEDIUM,CONFLICT,0.625,1.0462,LOW_KN,False
2026-04-09,DEEPAKFERT.NS,DOWN,VAL,RANGE,0.6503,0.375,MEDIUM,CONFLICT,0.625,2.8916,LOW_KN,False
2026-04-09,GRANULES.NS,DOWN,VAL,RANGE,0.6412,0.625,HIGH,ALIGNED,0.375,-0.5586,HIGH_KN,True
2026-04-09,LICHSGFIN.NS,DOWN,VAL,RANGE,0.6355,0.25,LOW,CONFLICT,0.75,-0.1221,LOW_KN,True
2026-04-09,RELIANCE.NS,DOWN,VAL,RANGE,0.6332,0.625,HIGH,ALIGNED,0.375,1.5188,HIGH_KN,False
2026-04-10,STLTECH.NS,UP,VAL,RANGE,0.9745,0.875,HIGH,ALIGNED,0.125,4.9996,HIGH_KN,True
2026-04-10,OLECTRA.NS,UP,VAL,RANGE,0.96,1.0,HIGH,ALIGNED,0.0,2.4404,HIGH_KN,True
2026-04-10,ADANIENSOL.NS,UP,VAL,RANGE,0.9337,1.0,HIGH,ALIGNED,0.0,1.5027,HIGH_KN,True
2026-04-10,ASHOKLEY.NS,UP,VAL,RANGE,0.9279,0.875,HIGH,ALIGNED,0.125,-3.3479,HIGH_KN,False
2026-04-10,PRESTIGE.NS,UP,VAL,RANGE,0.9226,0.875,HIGH,ALIGNED,0.125,-1.3536,HIGH_KN,False
2026-04-10,HFCL.NS,UP,VAL,RANGE,0.9206,0.875,HIGH,ALIGNED,0.125,1.8957,HIGH_KN,True
2026-04-10,ADANIGREEN.NS,UP,VAL,RANGE,0.915,0.875,HIGH,ALIGNED,0.125,0.0092,HIGH_KN,True
2026-04-10,SAPPHIRE.NS,UP,VAL,RANGE,0.8968,0.875,HIGH,ALIGNED,0.125,2.0996,HIGH_KN,True
2026-04-10,RAJESHEXPO.NS,UP,VAL,RANGE,0.8966,0.875,HIGH,ALIGNED,0.125,4.9927,HIGH_KN,True
2026-04-10,AMBER.NS,UP,VAL,RANGE,0.8908,1.0,HIGH,ALIGNED,0.0,-0.9179,HIGH_KN,False
2026-04-10,COROMANDEL.NS,UP,VAL,RANGE,0.8847,0.875,HIGH,ALIGNED,0.125,-2.8402,HIGH_KN,False
2026-04-10,GODREJPROP.NS,UP,VAL,RANGE,0.8806,0.875,HIGH,ALIGNED,0.125,-0.5651,HIGH_KN,False
2026-04-10,COCHINSHIP.NS,UP,VAL,RANGE,0.8653,1.0,HIGH,ALIGNED,0.0,-2.021,HIGH_KN,False
2026-04-10,BSE.NS,UP,VAL,RANGE,0.859,0.875,HIGH,ALIGNED,0.125,0.6827,HIGH_KN,True
2026-04-10,GRSE.NS,UP,VAL,RANGE,0.8524,0.875,HIGH,ALIGNED,0.125,-0.7048,HIGH_KN,False
2026-04-10,MOTHERSON.NS,UP,VAL,RANGE,0.8505,0.875,HIGH,ALIGNED,0.125,-2.4967,HIGH_KN,False
2026-04-10,MIDHANI.NS,UP,VAL,RANGE,0.8347,0.875,HIGH,ALIGNED,0.125,0.863,HIGH_KN,True
2026-04-10,SOBHA.NS,UP,VAL,RANGE,0.8318,0.75,HIGH,ALIGNED,0.25,-0.2231,HIGH_KN,False
2026-04-10,SHRIRAMFIN.NS,UP,VAL,RANGE,0.8286,0.875,HIGH,ALIGNED,0.125,-2.2821,HIGH_KN,False
2026-04-10,CHOLAFIN.NS,UP,VAL,RANGE,0.8277,0.875,HIGH,ALIGNED,0.125,-4.68,HIGH_KN,False
2026-04-10,TATACHEM.NS,DOWN,VAL,RANGE,0.75,0.5,MEDIUM,ALIGNED,0.5,4.0151,HIGH_KN,False
2026-04-10,CENTUM.NS,DOWN,VAL,RANGE,0.7359,0.5,MEDIUM,ALIGNED,0.5,-0.65,HIGH_KN,True
2026-04-10,AUROPHARMA.NS,DOWN,VAL,RANGE,0.7043,0.5,MEDIUM,ALIGNED,0.5,-0.7114,HIGH_KN,True
2026-04-10,CASTROLIND.NS,DOWN,VAL,RANGE,0.7024,0.375,MEDIUM,CONFLICT,0.625,-0.4737,LOW_KN,True
2026-04-10,SUNPHARMA.NS,DOWN,VAL,RANGE,0.6968,0.75,HIGH,ALIGNED,0.25,-0.1632,HIGH_KN,True
2026-04-10,INFY.NS,DOWN,VAL,RANGE,0.6945,0.75,HIGH,ALIGNED,0.25,-1.2147,HIGH_KN,True
2026-04-10,TECHM.NS,DOWN,VAL,RANGE,0.6938,0.75,HIGH,ALIGNED,0.25,-0.3333,HIGH_KN,True
2026-04-10,OFSS.NS,DOWN,VAL,RANGE,0.6893,0.5,MEDIUM,ALIGNED,0.5,-1.227,HIGH_KN,True
2026-04-10,WHIRLPOOL.NS,DOWN,VAL,RANGE,0.6837,0.5,MEDIUM,ALIGNED,0.5,-0.9578,HIGH_KN,True
2026-04-10,COFORGE.NS,DOWN,VAL,RANGE,0.6818,0.625,HIGH,ALIGNED,0.375,0.5718,HIGH_KN,False
2026-04-10,PETRONET.NS,DOWN,VAL,RANGE,0.6818,0.25,LOW,CONFLICT,0.75,-2.29,LOW_KN,True
2026-04-10,LICHSGFIN.NS,DOWN,VAL,RANGE,0.6761,0.375,MEDIUM,CONFLICT,0.625,-2.1255,LOW_KN,True
2026-04-10,ONGC.NS,DOWN,VAL,RANGE,0.6541,0.75,HIGH,ALIGNED,0.25,0.3665,HIGH_KN,False
2026-04-10,BIOCON.NS,DOWN,VAL,RANGE,0.6534,0.5,MEDIUM,ALIGNED,0.5,-1.0327,HIGH_KN,True
2026-04-10,JINDALPOLY.NS,DOWN,VAL,RANGE,0.6528,0.625,HIGH,ALIGNED,0.375,-4.2597,HIGH_KN,True
2026-04-10,NAUKRI.NS,DOWN,VAL,RANGE,0.6481,0.75,HIGH,ALIGNED,0.25,0.3784,HIGH_KN,False
2026-04-10,GODREJAGRO.NS,DOWN,VAL,RANGE,0.6477,0.25,LOW,CONFLICT,0.75,-0.8694,LOW_KN,True
2026-04-10,OIL.NS,DOWN,VAL,RANGE,0.642,0.75,HIGH,ALIGNED,0.25,1.2412,HIGH_KN,False
2026-04-10,DEEPAKNTR.NS,DOWN,VAL,RANGE,0.6381,0.25,LOW,CONFLICT,0.75,0.8004,LOW_KN,False
2026-04-10,ERIS.NS,DOWN,VAL,RANGE,0.6364,0.5,MEDIUM,ALIGNED,0.5,1.3636,HIGH_KN,False
2026-04-13,OLECTRA.NS,UP,VAL,RANGE,0.9628,1.0,HIGH,ALIGNED,0.0,1.1004,HIGH_KN,True
2026-04-13,HFCL.NS,UP,VAL,RANGE,0.9473,0.75,HIGH,ALIGNED,0.25,2.4651,HIGH_KN,True
2026-04-13,STLTECH.NS,UP,VAL,RANGE,0.9469,0.625,HIGH,ALIGNED,0.375,4.9963,HIGH_KN,True
2026-04-13,TATACHEM.NS,UP,VAL,RANGE,0.9469,1.0,HIGH,ALIGNED,0.0,0.2369,HIGH_KN,True
2026-04-13,ADANIENSOL.NS,UP,VAL,RANGE,0.9249,0.875,HIGH,ALIGNED,0.125,-0.3531,HIGH_KN,False
2026-04-13,AMBER.NS,UP,VAL,RANGE,0.9145,0.875,HIGH,ALIGNED,0.125,4.5692,HIGH_KN,True
2026-04-13,JPPOWER.NS,UP,VAL,RANGE,0.9058,0.875,HIGH,ALIGNED,0.125,9.7206,HIGH_KN,True
2026-04-13,RAJESHEXPO.NS,UP,VAL,RANGE,0.8973,0.875,HIGH,ALIGNED,0.125,4.9983,HIGH_KN,True
2026-04-13,VOLTAS.NS,UP,VAL,RANGE,0.8857,0.875,HIGH,ALIGNED,0.125,2.9818,HIGH_KN,True
2026-04-13,MOTHERSON.NS,UP,VAL,RANGE,0.8824,0.875,HIGH,ALIGNED,0.125,3.7276,HIGH_KN,True
2026-04-13,PARAS.NS,UP,VAL,RANGE,0.8761,1.0,HIGH,ALIGNED,0.0,6.9344,HIGH_KN,True
2026-04-13,WELCORP.NS,UP,VAL,RANGE,0.8742,0.75,HIGH,ALIGNED,0.25,4.6892,HIGH_KN,True
2026-04-13,BLUESTARCO.NS,UP,VAL,RANGE,0.8679,0.75,HIGH,ALIGNED,0.25,4.3295,HIGH_KN,True
2026-04-13,PRESTIGE.NS,UP,VAL,RANGE,0.8621,0.625,HIGH,ALIGNED,0.375,2.9053,HIGH_KN,True
2026-04-13,ADANIGREEN.NS,UP,VAL,RANGE,0.8592,0.75,HIGH,ALIGNED,0.25,0.9766,HIGH_KN,True
2026-04-13,RATEGAIN.NS,UP,VAL,RANGE,0.849,0.75,HIGH,ALIGNED,0.25,3.0586,HIGH_KN,True
2026-04-13,ONMOBILE.NS,UP,VAL,RANGE,0.835,0.75,HIGH,ALIGNED,0.25,2.7433,HIGH_KN,True
2026-04-13,SUZLON.NS,UP,VAL,RANGE,0.8287,1.0,HIGH,ALIGNED,0.0,7.1304,HIGH_KN,True
2026-04-13,ASHOKLEY.NS,UP,VAL,RANGE,0.8157,0.5,MEDIUM,ALIGNED,0.5,1.9877,HIGH_KN,True
2026-04-13,CHOLAFIN.NS,UP,VAL,RANGE,0.8123,0.75,HIGH,ALIGNED,0.25,2.8795,HIGH_KN,True
2026-04-13,JINDALPOLY.NS,DOWN,VAL,RANGE,0.8258,0.75,HIGH,ALIGNED,0.25,-1.6142,HIGH_KN,True
2026-04-13,RBLBANK.NS,DOWN,VAL,RANGE,0.7829,0.625,HIGH,ALIGNED,0.375,1.1389,HIGH_KN,False
2026-04-13,ZYDUSWELL.NS,DOWN,VAL,RANGE,0.7563,0.5,MEDIUM,ALIGNED,0.5,-1.574,HIGH_KN,True
2026-04-13,KALYANKJIL.NS,DOWN,VAL,RANGE,0.6988,0.625,HIGH,ALIGNED,0.375,0.1925,HIGH_KN,False
2026-04-13,WHIRLPOOL.NS,DOWN,VAL,RANGE,0.6966,0.625,HIGH,ALIGNED,0.375,2.8403,HIGH_KN,False
2026-04-13,CASTROLIND.NS,DOWN,VAL,RANGE,0.6918,0.625,HIGH,ALIGNED,0.375,0.8064,HIGH_KN,False
2026-04-13,POLICYBZR.NS,DOWN,VAL,RANGE,0.6913,0.75,HIGH,ALIGNED,0.25,1.8995,HIGH_KN,False
2026-04-13,AUROPHARMA.NS,DOWN,VAL,RANGE,0.689,0.625,HIGH,ALIGNED,0.375,2.5452,HIGH_KN,False
2026-04-13,OFSS.NS,DOWN,VAL,RANGE,0.6832,0.625,HIGH,ALIGNED,0.375,5.276,HIGH_KN,False
2026-04-13,PNBHOUSING.NS,DOWN,VAL,RANGE,0.6804,0.5,MEDIUM,ALIGNED,0.5,2.3504,HIGH_KN,False
2026-04-13,INTELLECT.NS,DOWN,VAL,RANGE,0.6775,0.625,HIGH,ALIGNED,0.375,5.8048,HIGH_KN,False
2026-04-13,LICHSGFIN.NS,DOWN,VAL,RANGE,0.6763,0.5,MEDIUM,ALIGNED,0.5,1.7584,HIGH_KN,False
2026-04-13,CENTUM.NS,DOWN,VAL,RANGE,0.6716,0.375,MEDIUM,CONFLICT,0.625,2.331,LOW_KN,False
2026-04-13,TECHM.NS,DOWN,VAL,RANGE,0.6588,0.625,HIGH,ALIGNED,0.375,3.3719,HIGH_KN,False
2026-04-13,COFORGE.NS,DOWN,VAL,RANGE,0.6581,0.5,MEDIUM,ALIGNED,0.5,4.1744,HIGH_KN,False
2026-04-13,INFY.NS,DOWN,VAL,RANGE,0.6575,0.75,HIGH,ALIGNED,0.25,2.2321,HIGH_KN,False
2026-04-13,GRANULES.NS,DOWN,VAL,RANGE,0.6569,0.625,HIGH,ALIGNED,0.375,3.2021,HIGH_KN,False
2026-04-13,PETRONET.NS,DOWN,VAL,RANGE,0.6536,0.5,MEDIUM,ALIGNED,0.5,2.4609,HIGH_KN,False
2026-04-13,GODREJAGRO.NS,DOWN,VAL,RANGE,0.6524,0.375,MEDIUM,CONFLICT,0.625,3.1335,LOW_KN,False
2026-04-13,PAGEIND.NS,DOWN,VAL,RANGE,0.6486,0.5,MEDIUM,ALIGNED,0.5,1.8968,HIGH_KN,False
2026-04-15,DEEPAKFERT.NS,UP,VAL,RANGE,0.9776,0.875,HIGH,ALIGNED,0.125,-1.1137,HIGH_KN,False
2026-04-15,JPPOWER.NS,UP,VAL,RANGE,0.9759,0.75,HIGH,ALIGNED,0.25,4.0318,HIGH_KN,True
2026-04-15,STLTECH.NS,UP,VAL,RANGE,0.9754,0.75,HIGH,ALIGNED,0.25,0.5649,HIGH_KN,True
2026-04-15,RAILTEL.NS,UP,VAL,RANGE,0.9659,1.0,HIGH,ALIGNED,0.0,0.3386,HIGH_KN,True
2026-04-15,PARAS.NS,UP,VAL,RANGE,0.9493,1.0,HIGH,ALIGNED,0.0,2.8946,HIGH_KN,True
2026-04-15,HFCL.NS,UP,VAL,RANGE,0.9015,0.625,HIGH,ALIGNED,0.375,3.813,HIGH_KN,True
2026-04-15,WELCORP.NS,UP,VAL,RANGE,0.8844,0.75,HIGH,ALIGNED,0.25,2.3227,HIGH_KN,True
2026-04-15,BLUESTARCO.NS,UP,VAL,RANGE,0.869,0.875,HIGH,ALIGNED,0.125,2.46,HIGH_KN,True
2026-04-15,SUZLON.NS,UP,VAL,RANGE,0.8685,0.75,HIGH,ALIGNED,0.25,2.2797,HIGH_KN,True
2026-04-15,IRCON.NS,UP,VAL,RANGE,0.8624,1.0,HIGH,ALIGNED,0.0,0.7074,HIGH_KN,True
2026-04-15,BPCL.NS,UP,VAL,RANGE,0.8507,1.0,HIGH,ALIGNED,0.0,-0.8053,HIGH_KN,False
2026-04-15,VOLTAS.NS,UP,VAL,RANGE,0.8471,0.875,HIGH,ALIGNED,0.125,0.4707,HIGH_KN,True
2026-04-15,BEML.NS,UP,VAL,RANGE,0.8463,1.0,HIGH,ALIGNED,0.0,1.6593,HIGH_KN,True
2026-04-15,AMBER.NS,UP,VAL,RANGE,0.8324,0.875,HIGH,ALIGNED,0.125,2.7709,HIGH_KN,True
2026-04-15,METROBRAND.NS,UP,VAL,RANGE,0.8183,1.0,HIGH,ALIGNED,0.0,0.8521,HIGH_KN,True
2026-04-15,RATEGAIN.NS,UP,VAL,RANGE,0.8176,1.0,HIGH,ALIGNED,0.0,1.3229,HIGH_KN,True
2026-04-15,TATACHEM.NS,UP,VAL,RANGE,0.8171,0.75,HIGH,ALIGNED,0.25,-1.7587,HIGH_KN,False
2026-04-15,ADANIENSOL.NS,UP,VAL,RANGE,0.8117,0.5,MEDIUM,ALIGNED,0.5,4.3931,HIGH_KN,True
2026-04-15,MOTHERSON.NS,UP,VAL,RANGE,0.8105,0.875,HIGH,ALIGNED,0.125,-0.5909,HIGH_KN,False
2026-04-15,RVNL.NS,UP,VAL,RANGE,0.8105,1.0,HIGH,ALIGNED,0.0,2.3793,HIGH_KN,True
2026-04-15,JINDALPOLY.NS,DOWN,VAL,RANGE,0.8278,0.75,HIGH,ALIGNED,0.25,-2.1508,HIGH_KN,True
2026-04-15,ZYDUSWELL.NS,DOWN,VAL,RANGE,0.7484,0.5,MEDIUM,ALIGNED,0.5,-1.4422,HIGH_KN,True
2026-04-15,RBLBANK.NS,DOWN,VAL,RANGE,0.7458,0.375,MEDIUM,CONFLICT,0.625,-1.1886,LOW_KN,True
2026-04-15,FINEORG.NS,DOWN,VAL,RANGE,0.7264,0.5,MEDIUM,ALIGNED,0.5,5.5884,HIGH_KN,False
2026-04-15,CASTROLIND.NS,DOWN,VAL,RANGE,0.6822,0.375,MEDIUM,CONFLICT,0.625,0.3166,LOW_KN,False
2026-04-15,MPHASIS.NS,DOWN,VAL,RANGE,0.6768,0.5,MEDIUM,ALIGNED,0.5,1.3489,HIGH_KN,False
2026-04-15,PERSISTENT.NS,DOWN,VAL,RANGE,0.6658,0.5,MEDIUM,ALIGNED,0.5,0.2186,HIGH_KN,False
2026-04-15,INTELLECT.NS,DOWN,VAL,RANGE,0.6652,0.375,MEDIUM,CONFLICT,0.625,1.3118,LOW_KN,False
2026-04-15,NATCOPHARM.NS,DOWN,VAL,RANGE,0.6646,0.625,HIGH,ALIGNED,0.375,-0.4306,HIGH_KN,True
2026-04-15,TECHM.NS,DOWN,VAL,RANGE,0.6631,0.375,MEDIUM,CONFLICT,0.625,0.4852,LOW_KN,False
2026-04-15,HCLTECH.NS,DOWN,VAL,RANGE,0.6621,0.625,HIGH,ALIGNED,0.375,-0.0758,HIGH_KN,True
2026-04-15,PAGEIND.NS,DOWN,VAL,RANGE,0.6617,0.625,HIGH,ALIGNED,0.375,1.2319,HIGH_KN,False
2026-04-15,INFY.NS,DOWN,VAL,RANGE,0.6607,0.625,HIGH,ALIGNED,0.375,1.0649,HIGH_KN,False
2026-04-15,KALYANKJIL.NS,DOWN,VAL,RANGE,0.6592,0.5,MEDIUM,ALIGNED,0.5,-0.4972,HIGH_KN,True
2026-04-15,MRPL.NS,DOWN,VAL,RANGE,0.6585,0.625,HIGH,ALIGNED,0.375,-0.4949,HIGH_KN,True
2026-04-15,OIL.NS,DOWN,VAL,RANGE,0.65,0.875,HIGH,ALIGNED,0.125,-0.1835,HIGH_KN,True
2026-04-15,SAIL.NS,DOWN,VAL,RANGE,0.6487,0.5,MEDIUM,ALIGNED,0.5,2.6176,HIGH_KN,False
2026-04-15,POLICYBZR.NS,DOWN,VAL,RANGE,0.6436,0.375,MEDIUM,CONFLICT,0.625,4.7211,LOW_KN,False
2026-04-15,TCS.NS,DOWN,VAL,RANGE,0.6433,0.375,MEDIUM,CONFLICT,0.625,0.8611,LOW_KN,False
2026-04-15,GRANULES.NS,DOWN,VAL,RANGE,0.6412,0.375,MEDIUM,CONFLICT,0.625,-0.2528,LOW_KN,True
2026-04-16,RAILTEL.NS,UP,VAL,RANGE,0.9539,0.75,HIGH,ALIGNED,0.25,-0.7636,HIGH_KN,False
2026-04-16,HFCL.NS,UP,VAL,RANGE,0.9531,0.75,HIGH,ALIGNED,0.25,4.3835,HIGH_KN,True
2026-04-16,STLTECH.NS,UP,VAL,RANGE,0.9481,0.625,HIGH,ALIGNED,0.375,2.6253,HIGH_KN,True
2026-04-16,JPPOWER.NS,UP,VAL,RANGE,0.9442,0.75,HIGH,ALIGNED,0.25,-2.0908,HIGH_KN,False
2026-04-16,CENTUM.NS,UP,VAL,RANGE,0.937,1.0,HIGH,ALIGNED,0.0,1.2938,HIGH_KN,True
2026-04-16,PARAS.NS,UP,VAL,RANGE,0.936,1.0,HIGH,ALIGNED,0.0,4.1779,HIGH_KN,True
2026-04-16,BLUESTARCO.NS,UP,VAL,RANGE,0.9254,1.0,HIGH,ALIGNED,0.0,0.9085,HIGH_KN,True
2026-04-16,MIDHANI.NS,UP,VAL,RANGE,0.8655,0.875,HIGH,ALIGNED,0.125,1.1494,HIGH_KN,True
2026-04-16,SUDARSCHEM.NS,UP,VAL,RANGE,0.8522,1.0,HIGH,ALIGNED,0.0,-0.552,HIGH_KN,False
2026-04-16,WELCORP.NS,UP,VAL,RANGE,0.8457,0.625,HIGH,ALIGNED,0.375,0.0046,HIGH_KN,True
2026-04-16,AMBER.NS,UP,VAL,RANGE,0.8449,0.875,HIGH,ALIGNED,0.125,3.1629,HIGH_KN,True
2026-04-16,ADANIENSOL.NS,UP,VAL,RANGE,0.8386,0.5,MEDIUM,ALIGNED,0.5,3.0427,HIGH_KN,True
2026-04-16,METROBRAND.NS,UP,VAL,RANGE,0.8374,0.875,HIGH,ALIGNED,0.125,-1.8001,HIGH_KN,False
2026-04-16,ERIS.NS,UP,VAL,RANGE,0.8324,1.0,HIGH,ALIGNED,0.0,-1.3647,HIGH_KN,False
2026-04-16,SUZLON.NS,UP,VAL,RANGE,0.8263,0.75,HIGH,ALIGNED,0.25,5.3333,HIGH_KN,True
2026-04-16,VOLTAS.NS,UP,VAL,RANGE,0.8242,0.75,HIGH,ALIGNED,0.25,2.2217,HIGH_KN,True
2026-04-16,MOIL.NS,UP,VAL,RANGE,0.8217,1.0,HIGH,ALIGNED,0.0,0.4133,HIGH_KN,True
2026-04-16,RADICO.NS,UP,VAL,RANGE,0.8171,1.0,HIGH,ALIGNED,0.0,4.9565,HIGH_KN,True
2026-04-16,DEEPAKFERT.NS,UP,VAL,RANGE,0.785,0.5,MEDIUM,ALIGNED,0.5,2.6446,HIGH_KN,True
2026-04-16,PFC.NS,UP,VAL,RANGE,0.7826,0.875,HIGH,ALIGNED,0.125,1.2966,HIGH_KN,True
2026-04-16,JINDALPOLY.NS,DOWN,VAL,RANGE,0.8546,0.75,HIGH,ALIGNED,0.25,0.2114,HIGH_KN,False
2026-04-16,SHRIRAMFIN.NS,DOWN,VAL,RANGE,0.8314,0.75,HIGH,ALIGNED,0.25,1.3884,HIGH_KN,False
2026-04-16,KALYANKJIL.NS,DOWN,VAL,RANGE,0.8293,0.75,HIGH,ALIGNED,0.25,-3.0547,HIGH_KN,True
2026-04-16,BAJFINANCE.NS,DOWN,VAL,RANGE,0.7965,0.625,HIGH,ALIGNED,0.375,0.2594,HIGH_KN,False
2026-04-16,RBLBANK.NS,DOWN,VAL,RANGE,0.7858,0.625,HIGH,ALIGNED,0.375,-0.1108,HIGH_KN,True
2026-04-16,CHOLAFIN.NS,DOWN,VAL,RANGE,0.7782,0.375,MEDIUM,CONFLICT,0.625,0.5797,LOW_KN,False
2026-04-16,UNIONBANK.NS,DOWN,VAL,RANGE,0.7625,0.5,MEDIUM,ALIGNED,0.5,0.2228,HIGH_KN,False
2026-04-16,TEJASNET.NS,DOWN,VAL,RANGE,0.7587,0.75,HIGH,ALIGNED,0.25,-1.7814,HIGH_KN,True
2026-04-16,HDFCBANK.NS,DOWN,VAL,RANGE,0.7316,0.625,HIGH,ALIGNED,0.375,0.5594,HIGH_KN,False
2026-04-16,PRESTIGE.NS,DOWN,VAL,RANGE,0.7285,0.5,MEDIUM,ALIGNED,0.5,1.4127,HIGH_KN,False
2026-04-16,CANBK.NS,DOWN,VAL,RANGE,0.7273,0.375,MEDIUM,CONFLICT,0.625,0.9502,LOW_KN,False
2026-04-16,MARUTI.NS,DOWN,VAL,RANGE,0.7273,0.625,HIGH,ALIGNED,0.375,0.8849,HIGH_KN,False
2026-04-16,PNBHOUSING.NS,DOWN,VAL,RANGE,0.7195,0.5,MEDIUM,ALIGNED,0.5,3.3453,HIGH_KN,False
2026-04-16,GRSE.NS,DOWN,VAL,RANGE,0.7189,0.375,MEDIUM,CONFLICT,0.625,3.9957,LOW_KN,False
2026-04-16,EICHERMOT.NS,DOWN,VAL,RANGE,0.7155,0.5,MEDIUM,ALIGNED,0.5,0.8204,HIGH_KN,False
2026-04-16,ASHOKLEY.NS,DOWN,VAL,RANGE,0.7128,0.5,MEDIUM,ALIGNED,0.5,-1.1034,HIGH_KN,True
2026-04-16,NATCOPHARM.NS,DOWN,VAL,RANGE,0.7087,0.75,HIGH,ALIGNED,0.25,3.0272,HIGH_KN,False
2026-04-16,GODREJPROP.NS,DOWN,VAL,RANGE,0.7021,0.5,MEDIUM,ALIGNED,0.5,0.6524,HIGH_KN,False
2026-04-16,HEROMOTOCO.NS,DOWN,VAL,RANGE,0.6978,0.875,HIGH,ALIGNED,0.125,1.3761,HIGH_KN,False
2026-04-16,GALAXYSURF.NS,DOWN,VAL,RANGE,0.6894,0.75,HIGH,ALIGNED,0.25,1.2343,HIGH_KN,False
2026-04-17,IRCON.NS,UP,VAL,RANGE,0.9621,1.0,HIGH,ALIGNED,0.0,-2.0687,HIGH_KN,False
2026-04-17,HFCL.NS,UP,VAL,RANGE,0.9553,0.75,HIGH,ALIGNED,0.25,-2.2934,HIGH_KN,False
2026-04-17,PARAS.NS,UP,VAL,RANGE,0.9529,1.0,HIGH,ALIGNED,0.0,-3.4172,HIGH_KN,False
2026-04-17,CENTUM.NS,UP,VAL,RANGE,0.9303,1.0,HIGH,ALIGNED,0.0,-6.5807,HIGH_KN,False
2026-04-17,SUZLON.NS,UP,VAL,RANGE,0.9175,0.75,HIGH,ALIGNED,0.25,-0.8124,HIGH_KN,False
2026-04-17,RVNL.NS,UP,VAL,RANGE,0.8998,1.0,HIGH,ALIGNED,0.0,-2.2207,HIGH_KN,False
2026-04-17,ADANIENSOL.NS,UP,VAL,RANGE,0.8767,0.75,HIGH,ALIGNED,0.25,-0.0318,HIGH_KN,False
2026-04-17,RADICO.NS,UP,VAL,RANGE,0.8757,0.75,HIGH,ALIGNED,0.25,4.8072,HIGH_KN,True
2026-04-17,COCHINSHIP.NS,UP,VAL,RANGE,0.8714,1.0,HIGH,ALIGNED,0.0,-1.0377,HIGH_KN,False
2026-04-17,DEEPAKFERT.NS,UP,VAL,RANGE,0.8684,0.75,HIGH,ALIGNED,0.25,-0.1057,HIGH_KN,False
2026-04-17,JPPOWER.NS,UP,VAL,RANGE,0.868,0.625,HIGH,ALIGNED,0.375,-0.625,HIGH_KN,False
2026-04-17,GNFC.NS,UP,VAL,RANGE,0.8675,1.0,HIGH,ALIGNED,0.0,-1.7255,HIGH_KN,False
2026-04-17,SUDARSCHEM.NS,UP,VAL,RANGE,0.8641,0.875,HIGH,ALIGNED,0.125,-4.6352,HIGH_KN,False
2026-04-17,RAJESHEXPO.NS,UP,VAL,RANGE,0.8609,0.75,HIGH,ALIGNED,0.25,-2.9451,HIGH_KN,False
2026-04-17,AMBER.NS,UP,VAL,RANGE,0.858,0.875,HIGH,ALIGNED,0.125,0.2764,HIGH_KN,True
2026-04-17,RAILTEL.NS,UP,VAL,RANGE,0.8478,0.75,HIGH,ALIGNED,0.25,-2.6872,HIGH_KN,False
2026-04-17,BEML.NS,UP,VAL,RANGE,0.8476,1.0,HIGH,ALIGNED,0.0,-1.5911,HIGH_KN,False
2026-04-17,VOLTAS.NS,UP,VAL,RANGE,0.8296,0.875,HIGH,ALIGNED,0.125,-0.1458,HIGH_KN,False
2026-04-17,MIDHANI.NS,UP,VAL,RANGE,0.8289,0.75,HIGH,ALIGNED,0.25,2.4215,HIGH_KN,True
2026-04-17,CROMPTON.NS,UP,VAL,RANGE,0.7983,0.875,HIGH,ALIGNED,0.125,-0.088,HIGH_KN,False
2026-04-17,JINDALPOLY.NS,DOWN,VAL,RANGE,0.8699,0.75,HIGH,ALIGNED,0.25,0.5765,HIGH_KN,False
2026-04-17,KALYANKJIL.NS,DOWN,VAL,RANGE,0.8479,0.75,HIGH,ALIGNED,0.25,-2.1905,HIGH_KN,True
2026-04-17,ASHOKLEY.NS,DOWN,VAL,RANGE,0.7964,0.375,MEDIUM,CONFLICT,0.625,0.6751,LOW_KN,False
2026-04-17,BOSCHLTD.NS,DOWN,VAL,RANGE,0.7962,0.5,MEDIUM,ALIGNED,0.5,0.7599,HIGH_KN,False
2026-04-17,UNIONBANK.NS,DOWN,VAL,RANGE,0.7803,0.375,MEDIUM,CONFLICT,0.625,0.2012,LOW_KN,False
2026-04-17,BAJFINANCE.NS,DOWN,VAL,RANGE,0.7755,0.375,MEDIUM,CONFLICT,0.625,1.046,LOW_KN,False
2026-04-17,CHOLAFIN.NS,DOWN,VAL,RANGE,0.7703,0.375,MEDIUM,CONFLICT,0.625,-0.6143,LOW_KN,True
2026-04-17,RBLBANK.NS,DOWN,VAL,RANGE,0.7624,0.625,HIGH,ALIGNED,0.375,0.618,HIGH_KN,False
2026-04-17,MARUTI.NS,DOWN,VAL,RANGE,0.7573,0.5,MEDIUM,ALIGNED,0.5,-0.0223,HIGH_KN,True
2026-04-17,NATCOPHARM.NS,DOWN,VAL,RANGE,0.7567,0.5,MEDIUM,ALIGNED,0.5,-1.7549,HIGH_KN,True
2026-04-17,PRESTIGE.NS,DOWN,VAL,RANGE,0.7443,0.375,MEDIUM,CONFLICT,0.625,1.2529,LOW_KN,False
2026-04-17,TVSMOTOR.NS,DOWN,VAL,RANGE,0.737,0.5,MEDIUM,ALIGNED,0.5,0.6986,HIGH_KN,False
2026-04-17,EICHERMOT.NS,DOWN,VAL,RANGE,0.7296,0.375,MEDIUM,CONFLICT,0.625,0.7441,LOW_KN,False
2026-04-17,TEJASNET.NS,DOWN,VAL,RANGE,0.7279,0.625,HIGH,ALIGNED,0.375,-2.2848,HIGH_KN,True
2026-04-17,GALAXYSURF.NS,DOWN,VAL,RANGE,0.7182,0.5,MEDIUM,ALIGNED,0.5,0.6488,HIGH_KN,False
2026-04-17,CANBK.NS,DOWN,VAL,RANGE,0.7089,0.375,MEDIUM,CONFLICT,0.625,0.2599,LOW_KN,False
2026-04-17,MPHASIS.NS,DOWN,VAL,RANGE,0.7033,0.5,MEDIUM,ALIGNED,0.5,-1.8358,HIGH_KN,True
2026-04-17,MUTHOOTFIN.NS,DOWN,VAL,RANGE,0.7021,0.5,MEDIUM,ALIGNED,0.5,-1.1228,HIGH_KN,True
2026-04-17,HEROMOTOCO.NS,DOWN,VAL,RANGE,0.7015,0.5,MEDIUM,ALIGNED,0.5,0.9942,HIGH_KN,False
2026-04-17,SHRIRAMFIN.NS,DOWN,VAL,RANGE,0.6991,0.25,LOW,CONFLICT,0.75,0.7908,LOW_KN,False
2026-04-20,PARAS.NS,UP,VAL,RANGE,0.96,0.875,HIGH,ALIGNED,0.125,0.128,HIGH_KN,True
2026-04-20,MIDHANI.NS,UP,VAL,RANGE,0.9476,1.0,HIGH,ALIGNED,0.0,0.3698,HIGH_KN,True
2026-04-20,SUZLON.NS,UP,VAL,RANGE,0.8932,0.625,HIGH,ALIGNED,0.375,1.1429,HIGH_KN,True
2026-04-20,RADICO.NS,UP,VAL,RANGE,0.8874,0.75,HIGH,ALIGNED,0.25,-2.7215,HIGH_KN,False
2026-04-20,WHIRLPOOL.NS,UP,VAL,RANGE,0.8852,1.0,HIGH,ALIGNED,0.0,-0.5834,HIGH_KN,False
2026-04-20,VOLTAS.NS,UP,VAL,RANGE,0.8624,1.0,HIGH,ALIGNED,0.0,1.3352,HIGH_KN,True
2026-04-20,BLUESTARCO.NS,UP,VAL,RANGE,0.8573,0.875,HIGH,ALIGNED,0.125,-1.0164,HIGH_KN,False
2026-04-20,JSWENERGY.NS,UP,VAL,RANGE,0.8527,1.0,HIGH,ALIGNED,0.0,0.6629,HIGH_KN,True
2026-04-20,MASTEK.NS,UP,VAL,RANGE,0.8498,0.875,HIGH,ALIGNED,0.125,5.0746,HIGH_KN,True
2026-04-20,GNFC.NS,UP,VAL,RANGE,0.8405,0.75,HIGH,ALIGNED,0.25,0.426,HIGH_KN,True
2026-04-20,CROMPTON.NS,UP,VAL,RANGE,0.8323,1.0,HIGH,ALIGNED,0.0,-0.9838,HIGH_KN,False
2026-04-20,IRCON.NS,UP,VAL,RANGE,0.8313,0.75,HIGH,ALIGNED,0.25,1.0826,HIGH_KN,True
2026-04-20,JYOTHYLAB.NS,UP,VAL,RANGE,0.8061,0.875,HIGH,ALIGNED,0.125,2.2115,HIGH_KN,True
2026-04-20,CESC.NS,UP,VAL,RANGE,0.8056,0.75,HIGH,ALIGNED,0.25,-0.3121,HIGH_KN,False
2026-04-20,DATAPATTNS.NS,UP,VAL,RANGE,0.8051,0.75,HIGH,ALIGNED,0.25,1.6957,HIGH_KN,True
2026-04-20,HFCL.NS,UP,VAL,RANGE,0.7985,0.375,MEDIUM,CONFLICT,0.625,4.866,LOW_KN,True
2026-04-20,SYMPHONY.NS,UP,VAL,RANGE,0.7956,0.75,HIGH,ALIGNED,0.25,-0.859,HIGH_KN,False
2026-04-20,OFSS.NS,UP,VAL,RANGE,0.7951,0.75,HIGH,ALIGNED,0.25,-1.8744,HIGH_KN,False
2026-04-20,WELCORP.NS,UP,VAL,RANGE,0.7922,0.5,MEDIUM,ALIGNED,0.5,2.2245,HIGH_KN,True
2026-04-20,DEEPAKFERT.NS,UP,VAL,RANGE,0.7859,0.75,HIGH,ALIGNED,0.25,3.0349,HIGH_KN,True
2026-04-20,ASHOKLEY.NS,DOWN,VAL,RANGE,0.8493,0.375,MEDIUM,CONFLICT,0.625,0.3694,LOW_KN,False
2026-04-20,CHOLAFIN.NS,DOWN,VAL,RANGE,0.8351,0.5,MEDIUM,ALIGNED,0.5,1.2681,HIGH_KN,False
2026-04-20,JINDALPOLY.NS,DOWN,VAL,RANGE,0.8107,0.625,HIGH,ALIGNED,0.375,1.7895,HIGH_KN,False
2026-04-20,EICHERMOT.NS,DOWN,VAL,RANGE,0.7979,0.375,MEDIUM,CONFLICT,0.625,-0.0345,LOW_KN,True
2026-04-20,KALYANKJIL.NS,DOWN,VAL,RANGE,0.7974,0.625,HIGH,ALIGNED,0.375,-0.5749,HIGH_KN,True
2026-04-20,UNIONBANK.NS,DOWN,VAL,RANGE,0.7955,0.25,LOW,CONFLICT,0.75,1.1041,LOW_KN,False
2026-04-20,TVSMOTOR.NS,DOWN,VAL,RANGE,0.7858,0.5,MEDIUM,ALIGNED,0.5,-0.2446,HIGH_KN,True
2026-04-20,TEJASNET.NS,DOWN,VAL,RANGE,0.784,0.75,HIGH,ALIGNED,0.25,-1.9043,HIGH_KN,True
2026-04-20,MOTHERSON.NS,DOWN,VAL,RANGE,0.782,0.5,MEDIUM,ALIGNED,0.5,1.2257,HIGH_KN,False
2026-04-20,BOSCHLTD.NS,DOWN,VAL,RANGE,0.7816,0.375,MEDIUM,CONFLICT,0.625,0.8203,LOW_KN,False
2026-04-20,MUTHOOTFIN.NS,DOWN,VAL,RANGE,0.7625,0.75,HIGH,ALIGNED,0.25,2.2372,HIGH_KN,False
2026-04-20,HEROMOTOCO.NS,DOWN,VAL,RANGE,0.7536,0.5,MEDIUM,ALIGNED,0.5,-0.4449,HIGH_KN,True
2026-04-20,BAJFINANCE.NS,DOWN,VAL,RANGE,0.7503,0.375,MEDIUM,CONFLICT,0.625,2.2991,LOW_KN,False
2026-04-20,MARUTI.NS,DOWN,VAL,RANGE,0.7466,0.375,MEDIUM,CONFLICT,0.625,0.0818,LOW_KN,False
2026-04-20,RBLBANK.NS,DOWN,VAL,RANGE,0.7416,0.5,MEDIUM,ALIGNED,0.5,0.9134,HIGH_KN,False
2026-04-20,SHRIRAMFIN.NS,DOWN,VAL,RANGE,0.7232,0.375,MEDIUM,CONFLICT,0.625,0.0144,LOW_KN,False
2026-04-20,RATEGAIN.NS,DOWN,VAL,RANGE,0.7218,0.625,HIGH,ALIGNED,0.375,-0.0966,HIGH_KN,True
2026-04-20,AXISBANK.NS,DOWN,VAL,RANGE,0.7062,0.625,HIGH,ALIGNED,0.375,1.6978,HIGH_KN,False
2026-04-20,COROMANDEL.NS,DOWN,VAL,RANGE,0.6994,0.5,MEDIUM,ALIGNED,0.5,-0.9302,HIGH_KN,True
2026-04-20,ADANIGREEN.NS,DOWN,VAL,RANGE,0.693,0.375,MEDIUM,CONFLICT,0.625,-0.2342,LOW_KN,True
2026-04-21,PNBHOUSING.NS,UP,VAL,RANGE,0.9549,0.75,HIGH,ALIGNED,0.25,1.1388,HIGH_KN,True
2026-04-21,RADICO.NS,UP,VAL,RANGE,0.9293,0.875,HIGH,ALIGNED,0.125,-0.1908,HIGH_KN,False
2026-04-21,MASTEK.NS,UP,VAL,RANGE,0.9205,1.0,HIGH,ALIGNED,0.0,-0.3054,HIGH_KN,False
2026-04-21,DEEPAKNTR.NS,UP,VAL,RANGE,0.8766,0.75,HIGH,ALIGNED,0.25,6.1223,HIGH_KN,True
2026-04-21,MIDHANI.NS,UP,VAL,RANGE,0.8666,0.75,HIGH,ALIGNED,0.25,1.566,HIGH_KN,True
2026-04-21,IDEAFORGE.NS,UP,VAL,RANGE,0.859,1.0,HIGH,ALIGNED,0.0,12.8126,HIGH_KN,True
2026-04-21,SUZLON.NS,UP,VAL,RANGE,0.8571,0.625,HIGH,ALIGNED,0.375,2.7684,HIGH_KN,True
2026-04-21,ONMOBILE.NS,UP,VAL,RANGE,0.8559,0.875,HIGH,ALIGNED,0.125,9.9162,HIGH_KN,True
2026-04-21,DEEPAKFERT.NS,UP,VAL,RANGE,0.8556,0.625,HIGH,ALIGNED,0.375,0.2961,HIGH_KN,True
2026-04-21,PARAS.NS,UP,VAL,RANGE,0.8332,0.75,HIGH,ALIGNED,0.25,4.4089,HIGH_KN,True
2026-04-21,HFCL.NS,UP,VAL,RANGE,0.8256,0.625,HIGH,ALIGNED,0.375,2.5859,HIGH_KN,True
2026-04-21,FINEORG.NS,UP,VAL,RANGE,0.8207,0.75,HIGH,ALIGNED,0.25,0.5755,HIGH_KN,True
2026-04-21,JYOTHYLAB.NS,UP,VAL,RANGE,0.8207,0.875,HIGH,ALIGNED,0.125,3.8841,HIGH_KN,True
2026-04-21,WHIRLPOOL.NS,UP,VAL,RANGE,0.7968,0.75,HIGH,ALIGNED,0.25,1.3041,HIGH_KN,True
2026-04-21,POLICYBZR.NS,UP,VAL,RANGE,0.7961,0.75,HIGH,ALIGNED,0.25,0.1602,HIGH_KN,True
2026-04-21,VBL.NS,UP,VAL,RANGE,0.7866,0.875,HIGH,ALIGNED,0.125,2.0305,HIGH_KN,True
2026-04-21,IRCON.NS,UP,VAL,RANGE,0.7732,0.875,HIGH,ALIGNED,0.125,1.613,HIGH_KN,True
2026-04-21,RAILTEL.NS,UP,VAL,RANGE,0.7693,0.625,HIGH,ALIGNED,0.375,1.5621,HIGH_KN,True
2026-04-21,LTTS.NS,UP,VAL,RANGE,0.7639,0.875,HIGH,ALIGNED,0.125,-2.5313,HIGH_KN,False
2026-04-21,CESC.NS,UP,VAL,RANGE,0.7607,0.625,HIGH,ALIGNED,0.375,0.7883,HIGH_KN,True
2026-04-21,RAJESHEXPO.NS,DOWN,VAL,RANGE,0.8509,0.625,HIGH,ALIGNED,0.375,4.994,HIGH_KN,False
2026-04-21,TEJASNET.NS,DOWN,VAL,RANGE,0.7907,0.75,HIGH,ALIGNED,0.25,0.2457,HIGH_KN,False
2026-04-21,ZYDUSWELL.NS,DOWN,VAL,RANGE,0.7851,0.5,MEDIUM,ALIGNED,0.5,-0.6809,HIGH_KN,True
2026-04-21,ASHOKLEY.NS,DOWN,VAL,RANGE,0.7841,0.5,MEDIUM,ALIGNED,0.5,1.3363,HIGH_KN,False
2026-04-21,KALYANKJIL.NS,DOWN,VAL,RANGE,0.7816,0.625,HIGH,ALIGNED,0.375,-0.2048,HIGH_KN,True
2026-04-21,NATCOPHARM.NS,DOWN,VAL,RANGE,0.7527,0.625,HIGH,ALIGNED,0.375,1.4541,HIGH_KN,False
2026-04-21,RATEGAIN.NS,DOWN,VAL,RANGE,0.7497,0.625,HIGH,ALIGNED,0.375,0.8699,HIGH_KN,False
2026-04-21,ADANIGREEN.NS,DOWN,VAL,RANGE,0.7485,0.5,MEDIUM,ALIGNED,0.5,4.2565,HIGH_KN,False
2026-04-21,TVSMOTOR.NS,DOWN,VAL,RANGE,0.7472,0.625,HIGH,ALIGNED,0.375,-2.4516,HIGH_KN,True
2026-04-21,SAPPHIRE.NS,DOWN,VAL,RANGE,0.7419,0.5,MEDIUM,ALIGNED,0.5,-0.3611,HIGH_KN,True
2026-04-21,HDFCLIFE.NS,DOWN,VAL,RANGE,0.7366,0.5,MEDIUM,ALIGNED,0.5,-1.6526,HIGH_KN,True
2026-04-21,AXISBANK.NS,DOWN,VAL,RANGE,0.7306,0.375,MEDIUM,CONFLICT,0.625,0.1379,LOW_KN,False
2026-04-21,OLECTRA.NS,DOWN,VAL,RANGE,0.7213,0.375,MEDIUM,CONFLICT,0.625,0.0859,LOW_KN,False
2026-04-21,SHYAMMETL.NS,DOWN,VAL,RANGE,0.7187,0.625,HIGH,ALIGNED,0.375,-1.4135,HIGH_KN,True
2026-04-21,EXIDEIND.NS,DOWN,VAL,RANGE,0.7141,0.375,MEDIUM,CONFLICT,0.625,6.4395,LOW_KN,False
2026-04-21,BOSCHLTD.NS,DOWN,VAL,RANGE,0.7069,0.375,MEDIUM,CONFLICT,0.625,-0.5643,LOW_KN,True
2026-04-21,MUTHOOTFIN.NS,DOWN,VAL,RANGE,0.7024,0.375,MEDIUM,CONFLICT,0.625,-0.6454,LOW_KN,True
2026-04-21,ICICIBANK.NS,DOWN,VAL,RANGE,0.6971,0.375,MEDIUM,CONFLICT,0.625,-1.4981,LOW_KN,True
2026-04-21,ERIS.NS,DOWN,VAL,RANGE,0.693,0.75,HIGH,ALIGNED,0.25,-1.686,HIGH_KN,True
2026-04-21,TATACOMM.NS,DOWN,VAL,RANGE,0.6854,0.5,MEDIUM,ALIGNED,0.5,0.7665,HIGH_KN,False
2026-04-22,IDEAFORGE.NS,UP,VAL,BULL,0.9802,0.75,HIGH,ALIGNED,0.25,-3.1324,HIGH_KN,False
2026-04-22,ONMOBILE.NS,UP,VAL,BULL,0.9737,1.0,HIGH,ALIGNED,0.0,1.5248,HIGH_KN,True
2026-04-22,DATAPATTNS.NS,UP,VAL,BULL,0.929,1.0,HIGH,ALIGNED,0.0,8.014,HIGH_KN,True
2026-04-22,DEEPAKNTR.NS,UP,VAL,BULL,0.9273,0.75,HIGH,ALIGNED,0.25,-0.7791,HIGH_KN,False
2026-04-22,SUDARSCHEM.NS,UP,VAL,BULL,0.9237,1.0,HIGH,ALIGNED,0.0,-1.0485,HIGH_KN,False
2026-04-22,PNBHOUSING.NS,UP,VAL,BULL,0.9178,0.75,HIGH,ALIGNED,0.25,1.7672,HIGH_KN,True
2026-04-22,ADANIENSOL.NS,UP,VAL,BULL,0.899,0.625,HIGH,ALIGNED,0.375,-0.5007,HIGH_KN,False
2026-04-22,JYOTHYLAB.NS,UP,VAL,BULL,0.8841,1.0,HIGH,ALIGNED,0.0,0.2637,HIGH_KN,True
2026-04-22,GRSE.NS,UP,VAL,BULL,0.8424,0.75,HIGH,ALIGNED,0.25,2.1932,HIGH_KN,True
2026-04-22,MASTEK.NS,UP,VAL,BULL,0.8317,0.75,HIGH,ALIGNED,0.25,-0.953,HIGH_KN,False
2026-04-22,HFCL.NS,UP,VAL,BULL,0.8268,0.625,HIGH,ALIGNED,0.375,-2.6103,HIGH_KN,False
2026-04-22,EMAMILTD.NS,UP,VAL,BULL,0.8224,1.0,HIGH,ALIGNED,0.0,-1.2257,HIGH_KN,False
2026-04-22,TIINDIA.NS,UP,VAL,BULL,0.8049,0.875,HIGH,ALIGNED,0.125,2.0632,HIGH_KN,True
2026-04-22,WHIRLPOOL.NS,UP,VAL,BULL,0.8041,0.875,HIGH,ALIGNED,0.125,1.6037,HIGH_KN,True
2026-04-22,MIDHANI.NS,UP,VAL,BULL,0.7993,0.75,HIGH,ALIGNED,0.25,-0.013,HIGH_KN,False
2026-04-22,MANAPPURAM.NS,UP,VAL,BULL,0.7946,0.875,HIGH,ALIGNED,0.125,-0.7456,HIGH_KN,False
2026-04-22,VBL.NS,UP,VAL,BULL,0.7934,0.75,HIGH,ALIGNED,0.25,-2.1618,HIGH_KN,False
2026-04-22,RADICO.NS,UP,VAL,BULL,0.7927,0.75,HIGH,ALIGNED,0.25,-1.3506,HIGH_KN,False
2026-04-22,BEML.NS,UP,VAL,BULL,0.7912,0.875,HIGH,ALIGNED,0.125,0.0109,HIGH_KN,True
2026-04-22,PARAS.NS,UP,VAL,BULL,0.7817,0.875,HIGH,ALIGNED,0.125,1.5422,HIGH_KN,True
2026-04-22,RAILTEL.NS,DOWN,VAL,BULL,0.8718,0.625,HIGH,ALIGNED,0.375,-1.3239,HIGH_KN,True
2026-04-22,RAJESHEXPO.NS,DOWN,VAL,BULL,0.8274,0.5,MEDIUM,ALIGNED,0.5,4.9931,HIGH_KN,False
2026-04-22,HCLTECH.NS,DOWN,VAL,BULL,0.8217,0.75,HIGH,ALIGNED,0.25,-0.5991,HIGH_KN,True
2026-04-22,PERSISTENT.NS,DOWN,VAL,BULL,0.7859,0.75,HIGH,ALIGNED,0.25,-0.1597,HIGH_KN,True
2026-04-22,TEJASNET.NS,DOWN,VAL,BULL,0.7854,0.75,HIGH,ALIGNED,0.25,-1.4217,HIGH_KN,True
2026-04-22,TVSMOTOR.NS,DOWN,VAL,BULL,0.7741,0.625,HIGH,ALIGNED,0.375,-4.0347,HIGH_KN,True
2026-04-22,COFORGE.NS,DOWN,VAL,BULL,0.7593,0.75,HIGH,ALIGNED,0.25,-1.23,HIGH_KN,True
2026-04-22,KALYANKJIL.NS,DOWN,VAL,BULL,0.7559,0.625,HIGH,ALIGNED,0.375,-0.338,HIGH_KN,True
2026-04-22,MPHASIS.NS,DOWN,VAL,BULL,0.7525,0.75,HIGH,ALIGNED,0.25,-2.3166,HIGH_KN,True
2026-04-22,LT.NS,DOWN,VAL,BULL,0.7448,0.625,HIGH,ALIGNED,0.375,0.8207,HIGH_KN,False
2026-04-22,HDFCLIFE.NS,DOWN,VAL,BULL,0.7439,0.625,HIGH,ALIGNED,0.375,-0.894,HIGH_KN,True
2026-04-22,M&M.NS,DOWN,VAL,BULL,0.7341,0.625,HIGH,ALIGNED,0.375,-3.2384,HIGH_KN,True
2026-04-22,METROBRAND.NS,DOWN,VAL,BULL,0.7305,0.75,HIGH,ALIGNED,0.25,-1.0272,HIGH_KN,True
2026-04-22,ASHOKLEY.NS,DOWN,VAL,BULL,0.726,0.25,LOW,CONFLICT,0.75,-4.66,LOW_KN,True
2026-04-22,RATEGAIN.NS,DOWN,VAL,BULL,0.7148,0.625,HIGH,ALIGNED,0.375,1.9861,HIGH_KN,False
2026-04-22,ERIS.NS,DOWN,VAL,BULL,0.7105,0.75,HIGH,ALIGNED,0.25,3.1712,HIGH_KN,False
2026-04-22,CHOLAFIN.NS,DOWN,VAL,BULL,0.704,0.5,MEDIUM,ALIGNED,0.5,-1.418,HIGH_KN,True
2026-04-22,BSE.NS,DOWN,VAL,BULL,0.7017,0.625,HIGH,ALIGNED,0.375,-1.0345,HIGH_KN,True
2026-04-22,HEROMOTOCO.NS,DOWN,VAL,BULL,0.6983,0.625,HIGH,ALIGNED,0.375,-3.0256,HIGH_KN,True
2026-04-22,SAPPHIRE.NS,DOWN,VAL,BULL,0.6975,0.5,MEDIUM,ALIGNED,0.5,-1.9481,HIGH_KN,True
2026-04-23,DATAPATTNS.NS,UP,VAL,RANGE,0.9819,0.75,HIGH,ALIGNED,0.25,-1.3881,HIGH_KN,False
2026-04-23,ONMOBILE.NS,UP,VAL,RANGE,0.9749,1.0,HIGH,ALIGNED,0.0,-0.6258,HIGH_KN,False
2026-04-23,GRSE.NS,UP,VAL,RANGE,0.8836,1.0,HIGH,ALIGNED,0.0,-0.0313,HIGH_KN,False
2026-04-23,DEEPAKNTR.NS,UP,VAL,RANGE,0.8824,0.5,MEDIUM,ALIGNED,0.5,-2.402,HIGH_KN,False
2026-04-23,WHIRLPOOL.NS,UP,VAL,RANGE,0.8771,1.0,HIGH,ALIGNED,0.0,0.5701,HIGH_KN,True
2026-04-23,IDEAFORGE.NS,UP,VAL,RANGE,0.8768,0.75,HIGH,ALIGNED,0.25,-2.553,HIGH_KN,False
2026-04-23,JYOTHYLAB.NS,UP,VAL,RANGE,0.8684,1.0,HIGH,ALIGNED,0.0,0.1895,HIGH_KN,True
2026-04-23,SOBHA.NS,UP,VAL,RANGE,0.8676,1.0,HIGH,ALIGNED,0.0,-0.3936,HIGH_KN,False
2026-04-23,TIINDIA.NS,UP,VAL,RANGE,0.8664,0.75,HIGH,ALIGNED,0.25,-3.826,HIGH_KN,False
2026-04-23,CLEAN.NS,UP,VAL,RANGE,0.8626,1.0,HIGH,ALIGNED,0.0,2.0045,HIGH_KN,True
2026-04-23,OFSS.NS,UP,VAL,RANGE,0.8609,0.75,HIGH,ALIGNED,0.25,1.7915,HIGH_KN,True
2026-04-23,WELCORP.NS,UP,VAL,RANGE,0.8527,0.625,HIGH,ALIGNED,0.375,0.2782,HIGH_KN,True
2026-04-23,ADANIGREEN.NS,UP,VAL,RANGE,0.8447,0.625,HIGH,ALIGNED,0.375,1.7831,HIGH_KN,True
2026-04-23,IRCON.NS,UP,VAL,RANGE,0.8408,0.75,HIGH,ALIGNED,0.25,-2.3277,HIGH_KN,False
2026-04-23,ADANIENSOL.NS,UP,VAL,RANGE,0.8345,0.5,MEDIUM,ALIGNED,0.5,3.7245,HIGH_KN,True
2026-04-23,PNBHOUSING.NS,UP,VAL,RANGE,0.8234,0.625,HIGH,ALIGNED,0.375,2.5701,HIGH_KN,True
2026-04-23,TORNTPOWER.NS,UP,VAL,RANGE,0.821,0.75,HIGH,ALIGNED,0.25,-2.1589,HIGH_KN,False
2026-04-23,MRPL.NS,UP,VAL,RANGE,0.8022,0.875,HIGH,ALIGNED,0.125,-0.3369,HIGH_KN,False
2026-04-23,POLICYBZR.NS,UP,VAL,RANGE,0.7923,0.875,HIGH,ALIGNED,0.125,1.5502,HIGH_KN,True
2026-04-23,DRREDDY.NS,UP,VAL,RANGE,0.7671,1.0,HIGH,ALIGNED,0.0,-1.0443,HIGH_KN,False
2026-04-23,RAILTEL.NS,DOWN,VAL,RANGE,0.861,0.625,HIGH,ALIGNED,0.375,-3.4535,HIGH_KN,True
2026-04-23,HCLTECH.NS,DOWN,VAL,RANGE,0.8077,0.75,HIGH,ALIGNED,0.25,-5.8234,HIGH_KN,True
2026-04-23,MPHASIS.NS,DOWN,VAL,RANGE,0.8036,0.625,HIGH,ALIGNED,0.375,-4.4444,HIGH_KN,True
2026-04-23,METROBRAND.NS,DOWN,VAL,RANGE,0.7971,0.75,HIGH,ALIGNED,0.25,-1.1943,HIGH_KN,True
2026-04-23,COFORGE.NS,DOWN,VAL,RANGE,0.7961,0.625,HIGH,ALIGNED,0.375,-5.7103,HIGH_KN,True
2026-04-23,RAJESHEXPO.NS,DOWN,VAL,RANGE,0.7931,0.375,MEDIUM,CONFLICT,0.625,-1.4609,LOW_KN,True
2026-04-23,TVSMOTOR.NS,DOWN,VAL,RANGE,0.7901,0.875,HIGH,ALIGNED,0.125,-0.7059,HIGH_KN,True
2026-04-23,UNIONBANK.NS,DOWN,VAL,RANGE,0.778,0.75,HIGH,ALIGNED,0.25,-1.508,HIGH_KN,True
2026-04-23,JPPOWER.NS,DOWN,VAL,RANGE,0.7709,0.625,HIGH,ALIGNED,0.375,-2.9678,HIGH_KN,True
2026-04-23,PERSISTENT.NS,DOWN,VAL,RANGE,0.7662,0.625,HIGH,ALIGNED,0.375,-6.2762,HIGH_KN,True
2026-04-23,ASHOKLEY.NS,DOWN,VAL,RANGE,0.7597,0.625,HIGH,ALIGNED,0.375,-0.4278,HIGH_KN,True
2026-04-23,CROMPTON.NS,DOWN,VAL,RANGE,0.7429,0.75,HIGH,ALIGNED,0.25,-1.2471,HIGH_KN,True
2026-04-23,TATACHEM.NS,DOWN,VAL,RANGE,0.7372,0.375,MEDIUM,CONFLICT,0.625,-2.0418,LOW_KN,True
2026-04-23,M&M.NS,DOWN,VAL,RANGE,0.714,0.875,HIGH,ALIGNED,0.125,-0.3052,HIGH_KN,True
2026-04-23,ZENSARTECH.NS,DOWN,VAL,RANGE,0.7138,0.625,HIGH,ALIGNED,0.375,-5.3254,HIGH_KN,True
2026-04-23,KALYANKJIL.NS,DOWN,VAL,RANGE,0.7135,0.5,MEDIUM,ALIGNED,0.5,-1.8288,HIGH_KN,True
2026-04-23,SBILIFE.NS,DOWN,VAL,RANGE,0.707,0.875,HIGH,ALIGNED,0.125,-3.2383,HIGH_KN,True
2026-04-23,ERIS.NS,DOWN,VAL,RANGE,0.7056,0.625,HIGH,ALIGNED,0.375,-1.5906,HIGH_KN,True
2026-04-23,CENTUM.NS,DOWN,VAL,RANGE,0.7038,0.375,MEDIUM,CONFLICT,0.625,-2.9356,LOW_KN,True
2026-04-23,VEDL.NS,DOWN,VAL,RANGE,0.6959,0.625,HIGH,ALIGNED,0.375,-1.9916,HIGH_KN,True
2026-04-24,DATAPATTNS.NS,UP,VAL,BULL,0.9808,0.75,HIGH,ALIGNED,0.25,-2.884,HIGH_KN,False
2026-04-24,ADANIGREEN.NS,UP,VAL,BULL,0.9371,0.75,HIGH,ALIGNED,0.25,-0.4936,HIGH_KN,False
2026-04-24,ONMOBILE.NS,UP,VAL,BULL,0.9282,0.875,HIGH,ALIGNED,0.125,1.3314,HIGH_KN,True
2026-04-24,ADANIENSOL.NS,UP,VAL,BULL,0.8995,0.625,HIGH,ALIGNED,0.375,1.6892,HIGH_KN,True
2026-04-24,PNBHOUSING.NS,UP,VAL,BULL,0.8959,0.75,HIGH,ALIGNED,0.25,1.2915,HIGH_KN,True
2026-04-24,TIINDIA.NS,UP,VAL,BULL,0.8852,0.875,HIGH,ALIGNED,0.125,0.8657,HIGH_KN,True
2026-04-24,GRSE.NS,UP,VAL,BULL,0.8769,0.875,HIGH,ALIGNED,0.125,-0.9483,HIGH_KN,False
2026-04-24,WELCORP.NS,UP,VAL,BULL,0.8701,0.5,MEDIUM,ALIGNED,0.5,0.4141,HIGH_KN,True
2026-04-24,CLEAN.NS,UP,VAL,BULL,0.8689,1.0,HIGH,ALIGNED,0.0,-0.802,HIGH_KN,False
2026-04-24,COCHINSHIP.NS,UP,VAL,BULL,0.866,0.875,HIGH,ALIGNED,0.125,0.877,HIGH_KN,True
2026-04-24,SOBHA.NS,UP,VAL,BULL,0.8561,1.0,HIGH,ALIGNED,0.0,0.9598,HIGH_KN,True
2026-04-24,WHIRLPOOL.NS,UP,VAL,BULL,0.8483,0.875,HIGH,ALIGNED,0.125,4.5299,HIGH_KN,True
2026-04-24,RATNAMANI.NS,UP,VAL,BULL,0.8371,0.875,HIGH,ALIGNED,0.125,3.3809,HIGH_KN,True
2026-04-24,TORNTPOWER.NS,UP,VAL,BULL,0.8277,0.875,HIGH,ALIGNED,0.125,4.2954,HIGH_KN,True
2026-04-24,OFSS.NS,UP,VAL,BULL,0.8252,0.75,HIGH,ALIGNED,0.25,4.5927,HIGH_KN,True
2026-04-24,NAVINFLUOR.NS,UP,VAL,BULL,0.8049,1.0,HIGH,ALIGNED,0.0,1.9606,HIGH_KN,True
2026-04-24,MRPL.NS,UP,VAL,BULL,0.7947,0.875,HIGH,ALIGNED,0.125,-7.6618,HIGH_KN,False
2026-04-24,JYOTHYLAB.NS,UP,VAL,BULL,0.79,0.875,HIGH,ALIGNED,0.125,3.6486,HIGH_KN,True
2026-04-24,IDEAFORGE.NS,UP,VAL,BULL,0.7847,0.625,HIGH,ALIGNED,0.375,6.7145,HIGH_KN,True
2026-04-24,DRREDDY.NS,UP,VAL,BULL,0.7704,1.0,HIGH,ALIGNED,0.0,1.3211,HIGH_KN,True
2026-04-24,HCLTECH.NS,DOWN,VAL,BULL,0.8211,0.75,HIGH,ALIGNED,0.25,2.0778,HIGH_KN,False
2026-04-24,INFY.NS,DOWN,VAL,BULL,0.792,0.75,HIGH,ALIGNED,0.25,1.3598,HIGH_KN,False
2026-04-24,IRCON.NS,DOWN,VAL,BULL,0.785,0.75,HIGH,ALIGNED,0.25,2.5097,HIGH_KN,False
2026-04-24,ZENSARTECH.NS,DOWN,VAL,BULL,0.7731,0.875,HIGH,ALIGNED,0.125,2.2854,HIGH_KN,False
2026-04-24,MPHASIS.NS,DOWN,VAL,BULL,0.7694,0.75,HIGH,ALIGNED,0.25,4.095,HIGH_KN,False
2026-04-24,CROMPTON.NS,DOWN,VAL,BULL,0.7593,0.625,HIGH,ALIGNED,0.375,3.3769,HIGH_KN,False
2026-04-24,UNIONBANK.NS,DOWN,VAL,BULL,0.7566,0.875,HIGH,ALIGNED,0.125,-0.5085,HIGH_KN,True
2026-04-24,PERSISTENT.NS,DOWN,VAL,BULL,0.7527,0.875,HIGH,ALIGNED,0.125,1.4787,HIGH_KN,False
2026-04-24,COFORGE.NS,DOWN,VAL,BULL,0.7461,0.875,HIGH,ALIGNED,0.125,4.4748,HIGH_KN,False
2026-04-24,CENTUM.NS,DOWN,VAL,BULL,0.7408,0.75,HIGH,ALIGNED,0.25,2.3004,HIGH_KN,False
2026-04-24,AMBER.NS,DOWN,VAL,BULL,0.7369,0.625,HIGH,ALIGNED,0.375,4.6173,HIGH_KN,False
2026-04-24,RAJESHEXPO.NS,DOWN,VAL,BULL,0.734,0.5,MEDIUM,ALIGNED,0.5,1.2144,HIGH_KN,False
2026-04-24,SBILIFE.NS,DOWN,VAL,BULL,0.7313,0.875,HIGH,ALIGNED,0.125,2.6288,HIGH_KN,False
2026-04-24,PARAS.NS,DOWN,VAL,BULL,0.7285,0.75,HIGH,ALIGNED,0.25,0.9431,HIGH_KN,False
2026-04-24,JPPOWER.NS,DOWN,VAL,BULL,0.7154,0.5,MEDIUM,ALIGNED,0.5,1.7626,HIGH_KN,False
2026-04-24,TVSMOTOR.NS,DOWN,VAL,BULL,0.7138,0.625,HIGH,ALIGNED,0.375,1.8462,HIGH_KN,False
2026-04-24,TECHM.NS,DOWN,VAL,BULL,0.7092,0.875,HIGH,ALIGNED,0.125,2.7678,HIGH_KN,False
2026-04-24,BSE.NS,DOWN,VAL,BULL,0.6989,0.625,HIGH,ALIGNED,0.375,2.5711,HIGH_KN,False
2026-04-24,IGL.NS,DOWN,VAL,BULL,0.6939,0.5,MEDIUM,ALIGNED,0.5,0.164,HIGH_KN,False
2026-04-24,GNFC.NS,DOWN,VAL,BULL,0.6901,0.75,HIGH,ALIGNED,0.25,1.3662,HIGH_KN,False
2026-04-27,IDEAFORGE.NS,UP,VAL,BULL,0.9617,0.875,HIGH,ALIGNED,0.125,3.1369,HIGH_KN,True
2026-04-27,ADANIENSOL.NS,UP,VAL,BULL,0.9374,0.75,HIGH,ALIGNED,0.25,-0.0244,HIGH_KN,False
2026-04-27,HFCL.NS,UP,VAL,BULL,0.9347,0.75,HIGH,ALIGNED,0.25,0.5155,HIGH_KN,True
2026-04-27,DATAPATTNS.NS,UP,VAL,BULL,0.9284,0.75,HIGH,ALIGNED,0.25,2.5201,HIGH_KN,True
2026-04-27,RATNAMANI.NS,UP,VAL,BULL,0.885,0.875,HIGH,ALIGNED,0.125,-0.6533,HIGH_KN,False
2026-04-27,VBL.NS,UP,VAL,BULL,0.8825,0.75,HIGH,ALIGNED,0.25,-0.0578,HIGH_KN,False
2026-04-27,OFSS.NS,UP,VAL,BULL,0.8801,0.75,HIGH,ALIGNED,0.25,2.2436,HIGH_KN,True
2026-04-27,M&MFIN.NS,UP,VAL,BULL,0.8731,1.0,HIGH,ALIGNED,0.0,-1.5895,HIGH_KN,False
2026-04-27,PNBHOUSING.NS,UP,VAL,BULL,0.86,0.5,MEDIUM,ALIGNED,0.5,-0.3295,HIGH_KN,False
2026-04-27,ROUTE.NS,UP,VAL,BULL,0.8561,1.0,HIGH,ALIGNED,0.0,-0.301,HIGH_KN,False
2026-04-27,COCHINSHIP.NS,UP,VAL,BULL,0.8541,0.875,HIGH,ALIGNED,0.125,0.9706,HIGH_KN,True
2026-04-27,ONMOBILE.NS,UP,VAL,BULL,0.8468,0.625,HIGH,ALIGNED,0.375,-1.2784,HIGH_KN,False
2026-04-27,ADANIGREEN.NS,UP,VAL,BULL,0.8352,0.5,MEDIUM,ALIGNED,0.5,1.6467,HIGH_KN,True
2026-04-27,TORNTPOWER.NS,UP,VAL,BULL,0.8308,0.75,HIGH,ALIGNED,0.25,-0.9929,HIGH_KN,False
2026-04-27,SHYAMMETL.NS,UP,VAL,BULL,0.8289,1.0,HIGH,ALIGNED,0.0,-0.9479,HIGH_KN,False
2026-04-27,JYOTHYLAB.NS,UP,VAL,BULL,0.8172,0.625,HIGH,ALIGNED,0.375,-2.25,HIGH_KN,False
2026-04-27,HINDZINC.NS,UP,VAL,BULL,0.8102,1.0,HIGH,ALIGNED,0.0,-1.8949,HIGH_KN,False
2026-04-27,INTELLECT.NS,UP,VAL,BULL,0.808,0.875,HIGH,ALIGNED,0.125,6.3924,HIGH_KN,True
2026-04-27,WELCORP.NS,UP,VAL,BULL,0.8007,0.5,MEDIUM,ALIGNED,0.5,1.1506,HIGH_KN,True
2026-04-27,GRSE.NS,UP,VAL,BULL,0.7913,0.75,HIGH,ALIGNED,0.25,0.8382,HIGH_KN,True
2026-04-27,HCLTECH.NS,DOWN,VAL,BULL,0.8383,0.625,HIGH,ALIGNED,0.375,-2.6217,HIGH_KN,True
2026-04-27,INFY.NS,DOWN,VAL,BULL,0.8328,0.875,HIGH,ALIGNED,0.125,-1.5552,HIGH_KN,True
2026-04-27,RADICO.NS,DOWN,VAL,BULL,0.8039,0.5,MEDIUM,ALIGNED,0.5,2.5276,HIGH_KN,False
2026-04-27,MPHASIS.NS,DOWN,VAL,BULL,0.7956,0.5,MEDIUM,ALIGNED,0.5,0.2384,HIGH_KN,False
2026-04-27,SHRIRAMFIN.NS,DOWN,VAL,BULL,0.7876,0.75,HIGH,ALIGNED,0.25,-2.1957,HIGH_KN,True
2026-04-27,ZENSARTECH.NS,DOWN,VAL,BULL,0.7777,0.625,HIGH,ALIGNED,0.375,-3.6571,HIGH_KN,True
2026-04-27,COFORGE.NS,DOWN,VAL,BULL,0.7765,0.5,MEDIUM,ALIGNED,0.5,-0.1248,HIGH_KN,True
2026-04-27,KEI.NS,DOWN,VAL,BULL,0.7621,0.625,HIGH,ALIGNED,0.375,1.5628,HIGH_KN,False
2026-04-27,UNIONBANK.NS,DOWN,VAL,BULL,0.7575,0.75,HIGH,ALIGNED,0.25,-3.1914,HIGH_KN,True
2026-04-27,PERSISTENT.NS,DOWN,VAL,BULL,0.7502,0.75,HIGH,ALIGNED,0.25,-0.2906,HIGH_KN,True
2026-04-27,TECHM.NS,DOWN,VAL,BULL,0.7374,0.625,HIGH,ALIGNED,0.375,0.8595,HIGH_KN,False
2026-04-27,POLYCAB.NS,DOWN,VAL,BULL,0.7353,0.625,HIGH,ALIGNED,0.375,2.3371,HIGH_KN,False
2026-04-27,CROMPTON.NS,DOWN,VAL,BULL,0.7252,0.625,HIGH,ALIGNED,0.375,4.233,HIGH_KN,False
2026-04-27,ASIANPAINT.NS,DOWN,VAL,BULL,0.7241,0.75,HIGH,ALIGNED,0.25,-0.9094,HIGH_KN,True
2026-04-27,RECLTD.NS,DOWN,VAL,BULL,0.7218,0.75,HIGH,ALIGNED,0.25,-0.5952,HIGH_KN,True
2026-04-27,STLTECH.NS,DOWN,VAL,BULL,0.7202,0.5,MEDIUM,ALIGNED,0.5,1.9159,HIGH_KN,False
2026-04-27,NAUKRI.NS,DOWN,VAL,BULL,0.7093,0.625,HIGH,ALIGNED,0.375,0.3697,HIGH_KN,False
2026-04-27,TVSMOTOR.NS,DOWN,VAL,BULL,0.707,0.5,MEDIUM,ALIGNED,0.5,-1.596,HIGH_KN,True
2026-04-27,ASHOKLEY.NS,DOWN,VAL,BULL,0.7034,0.625,HIGH,ALIGNED,0.375,-1.0514,HIGH_KN,True
2026-04-27,TCS.NS,DOWN,VAL,BULL,0.7024,0.75,HIGH,ALIGNED,0.25,-0.1185,HIGH_KN,True
2026-04-28,TATACHEM.NS,UP,VAL,RANGE,0.9717,0.75,HIGH,ALIGNED,0.25,-0.2992,HIGH_KN,False
2026-04-28,INTELLECT.NS,UP,VAL,RANGE,0.949,1.0,HIGH,ALIGNED,0.0,-1.8834,HIGH_KN,False
2026-04-28,IDEAFORGE.NS,UP,VAL,RANGE,0.9444,0.75,HIGH,ALIGNED,0.25,6.1448,HIGH_KN,True
2026-04-28,DATAPATTNS.NS,UP,VAL,RANGE,0.9155,0.625,HIGH,ALIGNED,0.375,1.4335,HIGH_KN,True
2026-04-28,RATNAMANI.NS,UP,VAL,RANGE,0.9147,0.875,HIGH,ALIGNED,0.125,-0.4521,HIGH_KN,False
2026-04-28,ADANIENSOL.NS,UP,VAL,RANGE,0.8935,0.5,MEDIUM,ALIGNED,0.5,-1.2052,HIGH_KN,False
2026-04-28,OFSS.NS,UP,VAL,RANGE,0.8688,0.75,HIGH,ALIGNED,0.25,1.233,HIGH_KN,True
2026-04-28,OLECTRA.NS,UP,VAL,RANGE,0.8679,0.875,HIGH,ALIGNED,0.125,-2.2667,HIGH_KN,False
2026-04-28,SYMPHONY.NS,UP,VAL,RANGE,0.8676,1.0,HIGH,ALIGNED,0.0,-1.5281,HIGH_KN,False
2026-04-28,TATACOMM.NS,UP,VAL,RANGE,0.8384,1.0,HIGH,ALIGNED,0.0,0.2252,HIGH_KN,True
2026-04-28,WELCORP.NS,UP,VAL,RANGE,0.8314,0.625,HIGH,ALIGNED,0.375,3.335,HIGH_KN,True
2026-04-28,EXIDEIND.NS,UP,VAL,RANGE,0.8275,0.875,HIGH,ALIGNED,0.125,2.0211,HIGH_KN,True
2026-04-28,WHIRLPOOL.NS,UP,VAL,RANGE,0.8254,0.625,HIGH,ALIGNED,0.375,-0.2509,HIGH_KN,False
2026-04-28,HFCL.NS,UP,VAL,RANGE,0.8184,0.5,MEDIUM,ALIGNED,0.5,-0.1305,HIGH_KN,False
2026-04-28,ADANIGREEN.NS,UP,VAL,RANGE,0.8167,0.625,HIGH,ALIGNED,0.375,-0.412,HIGH_KN,False
2026-04-28,SJVN.NS,UP,VAL,RANGE,0.8111,1.0,HIGH,ALIGNED,0.0,-1.4549,HIGH_KN,False
2026-04-28,RATEGAIN.NS,UP,VAL,RANGE,0.7913,0.875,HIGH,ALIGNED,0.125,-1.2492,HIGH_KN,False
2026-04-28,COCHINSHIP.NS,UP,VAL,RANGE,0.7908,0.625,HIGH,ALIGNED,0.375,4.6119,HIGH_KN,True
2026-04-28,TORNTPOWER.NS,UP,VAL,RANGE,0.7901,0.375,MEDIUM,CONFLICT,0.625,-3.0315,LOW_KN,False
2026-04-28,SHYAMMETL.NS,UP,VAL,RANGE,0.7795,0.75,HIGH,ALIGNED,0.25,0.6779,HIGH_KN,True
2026-04-28,SHRIRAMFIN.NS,DOWN,VAL,RANGE,0.8411,0.625,HIGH,ALIGNED,0.375,0.3777,HIGH_KN,False
2026-04-28,DEEPAKFERT.NS,DOWN,VAL,RANGE,0.8374,0.75,HIGH,ALIGNED,0.25,1.7065,HIGH_KN,False
2026-04-28,HCLTECH.NS,DOWN,VAL,RANGE,0.8355,0.625,HIGH,ALIGNED,0.375,0.3512,HIGH_KN,False
2026-04-28,UNIONBANK.NS,DOWN,VAL,RANGE,0.8246,0.875,HIGH,ALIGNED,0.125,-1.8595,HIGH_KN,True
2026-04-28,ZENSARTECH.NS,DOWN,VAL,RANGE,0.8159,0.875,HIGH,ALIGNED,0.125,-1.3253,HIGH_KN,True
2026-04-28,INFY.NS,DOWN,VAL,RANGE,0.8072,0.625,HIGH,ALIGNED,0.375,1.3367,HIGH_KN,False
2026-04-28,COFORGE.NS,DOWN,VAL,RANGE,0.7679,0.75,HIGH,ALIGNED,0.25,0.2581,HIGH_KN,False
2026-04-28,STLTECH.NS,DOWN,VAL,RANGE,0.75,0.375,MEDIUM,CONFLICT,0.625,4.5909,LOW_KN,False
2026-04-28,TVSMOTOR.NS,DOWN,VAL,RANGE,0.7457,0.75,HIGH,ALIGNED,0.25,1.6591,HIGH_KN,False
2026-04-28,RAILTEL.NS,DOWN,VAL,RANGE,0.7445,0.375,MEDIUM,CONFLICT,0.625,-1.7033,LOW_KN,True
2026-04-28,CHOLAFIN.NS,DOWN,VAL,RANGE,0.7435,0.625,HIGH,ALIGNED,0.375,1.1,HIGH_KN,False
2026-04-28,JINDALPOLY.NS,DOWN,VAL,RANGE,0.7411,0.625,HIGH,ALIGNED,0.375,4.9982,HIGH_KN,False
2026-04-28,ICICIBANK.NS,DOWN,VAL,RANGE,0.7399,0.625,HIGH,ALIGNED,0.375,-0.8514,HIGH_KN,True
2026-04-28,ASIANPAINT.NS,DOWN,VAL,RANGE,0.7394,0.75,HIGH,ALIGNED,0.25,-0.6213,HIGH_KN,True
2026-04-28,RECLTD.NS,DOWN,VAL,RANGE,0.7323,0.875,HIGH,ALIGNED,0.125,-3.2597,HIGH_KN,True
2026-04-28,ASHOKLEY.NS,DOWN,VAL,RANGE,0.7164,0.625,HIGH,ALIGNED,0.375,-1.0685,HIGH_KN,True
2026-04-28,IRCON.NS,DOWN,VAL,RANGE,0.7102,0.5,MEDIUM,ALIGNED,0.5,-0.3963,HIGH_KN,True
2026-04-28,NAUKRI.NS,DOWN,VAL,RANGE,0.7078,0.625,HIGH,ALIGNED,0.375,-1.2891,HIGH_KN,True
2026-04-28,LTTS.NS,DOWN,VAL,RANGE,0.7066,0.625,HIGH,ALIGNED,0.375,-0.1907,HIGH_KN,True
2026-04-28,BPCL.NS,DOWN,VAL,RANGE,0.7059,0.625,HIGH,ALIGNED,0.375,-1.251,HIGH_KN,True
2026-04-29,SAPPHIRE.NS,UP,VAL,BULL,0.992,0.75,HIGH,ALIGNED,0.25,-0.8726,HIGH_KN,False
2026-04-29,TATACHEM.NS,UP,VAL,BULL,0.9188,0.625,HIGH,ALIGNED,0.375,1.1566,HIGH_KN,True
2026-04-29,GRSE.NS,UP,VAL,BULL,0.9152,0.625,HIGH,ALIGNED,0.375,-4.6181,HIGH_KN,False
2026-04-29,COCHINSHIP.NS,UP,VAL,BULL,0.915,0.75,HIGH,ALIGNED,0.25,-2.2776,HIGH_KN,False
2026-04-29,WELCORP.NS,UP,VAL,BULL,0.9128,0.75,HIGH,ALIGNED,0.25,-0.0434,HIGH_KN,False
2026-04-29,RATNAMANI.NS,UP,VAL,BULL,0.9046,0.875,HIGH,ALIGNED,0.125,-0.7207,HIGH_KN,False
2026-04-29,SHYAMMETL.NS,UP,VAL,BULL,0.8969,1.0,HIGH,ALIGNED,0.0,-1.1259,HIGH_KN,False
2026-04-29,M&MFIN.NS,UP,VAL,BULL,0.8742,1.0,HIGH,ALIGNED,0.0,-2.9669,HIGH_KN,False
2026-04-29,OFSS.NS,UP,VAL,BULL,0.8655,0.625,HIGH,ALIGNED,0.375,0.3974,HIGH_KN,True
2026-04-29,RBLBANK.NS,UP,VAL,BULL,0.8577,1.0,HIGH,ALIGNED,0.0,-1.3628,HIGH_KN,False
2026-04-29,GALAXYSURF.NS,UP,VAL,BULL,0.8575,1.0,HIGH,ALIGNED,0.0,-3.1851,HIGH_KN,False
2026-04-29,INTELLECT.NS,UP,VAL,BULL,0.8531,0.75,HIGH,ALIGNED,0.25,0.757,HIGH_KN,True
2026-04-29,DATAPATTNS.NS,UP,VAL,BULL,0.8514,0.75,HIGH,ALIGNED,0.25,-0.8839,HIGH_KN,False
2026-04-29,IDEAFORGE.NS,UP,VAL,BULL,0.8514,0.625,HIGH,ALIGNED,0.375,1.196,HIGH_KN,True
2026-04-29,DRREDDY.NS,UP,VAL,BULL,0.8457,0.875,HIGH,ALIGNED,0.125,-0.5189,HIGH_KN,False
2026-04-29,CROMPTON.NS,UP,VAL,BULL,0.8319,1.0,HIGH,ALIGNED,0.0,-1.3224,HIGH_KN,False
2026-04-29,NAVINFLUOR.NS,UP,VAL,BULL,0.8094,1.0,HIGH,ALIGNED,0.0,0.9248,HIGH_KN,True
2026-04-29,TATACOMM.NS,UP,VAL,BULL,0.8031,0.75,HIGH,ALIGNED,0.25,-1.3544,HIGH_KN,False
2026-04-29,GRANULES.NS,UP,VAL,BULL,0.7942,0.625,HIGH,ALIGNED,0.375,-0.6884,HIGH_KN,False
2026-04-29,IDEA.NS,UP,VAL,BULL,0.7937,1.0,HIGH,ALIGNED,0.0,-0.6803,HIGH_KN,False
2026-04-29,ZENSARTECH.NS,DOWN,VAL,BULL,0.856,0.75,HIGH,ALIGNED,0.25,-1.4102,HIGH_KN,True
2026-04-29,MRPL.NS,DOWN,VAL,BULL,0.8341,0.75,HIGH,ALIGNED,0.25,-3.3068,HIGH_KN,True
2026-04-29,SUDARSCHEM.NS,DOWN,VAL,BULL,0.8293,0.625,HIGH,ALIGNED,0.375,2.9615,HIGH_KN,False
2026-04-29,RECLTD.NS,DOWN,VAL,BULL,0.8065,0.75,HIGH,ALIGNED,0.25,-2.5444,HIGH_KN,True
2026-04-29,DEEPAKNTR.NS,DOWN,VAL,BULL,0.8014,0.5,MEDIUM,ALIGNED,0.5,0.7424,HIGH_KN,False
2026-04-29,UNIONBANK.NS,DOWN,VAL,BULL,0.793,0.75,HIGH,ALIGNED,0.25,-0.8188,HIGH_KN,True
2026-04-29,DEEPAKFERT.NS,DOWN,VAL,BULL,0.7919,0.5,MEDIUM,ALIGNED,0.5,2.061,HIGH_KN,False
2026-04-29,MOTHERSON.NS,DOWN,VAL,BULL,0.7911,0.625,HIGH,ALIGNED,0.375,-1.6472,HIGH_KN,True
2026-04-29,HAVELLS.NS,DOWN,VAL,BULL,0.7819,0.625,HIGH,ALIGNED,0.375,-0.9501,HIGH_KN,True
2026-04-29,TIINDIA.NS,DOWN,VAL,BULL,0.768,0.75,HIGH,ALIGNED,0.25,-0.5801,HIGH_KN,True
2026-04-29,PARAS.NS,DOWN,VAL,BULL,0.7585,0.5,MEDIUM,ALIGNED,0.5,-2.1016,HIGH_KN,True
2026-04-29,EMAMILTD.NS,DOWN,VAL,BULL,0.7572,0.625,HIGH,ALIGNED,0.375,-2.9264,HIGH_KN,True
2026-04-29,IRCON.NS,DOWN,VAL,BULL,0.7546,0.625,HIGH,ALIGNED,0.375,-0.7305,HIGH_KN,True
2026-04-29,SHRIRAMFIN.NS,DOWN,VAL,BULL,0.7527,0.625,HIGH,ALIGNED,0.375,-2.0379,HIGH_KN,True
2026-04-29,STLTECH.NS,DOWN,VAL,BULL,0.7429,0.375,MEDIUM,CONFLICT,0.625,-1.1468,LOW_KN,True
2026-04-29,RVNL.NS,DOWN,VAL,BULL,0.7348,0.75,HIGH,ALIGNED,0.25,-1.5382,HIGH_KN,True
2026-04-29,INFY.NS,DOWN,VAL,BULL,0.7336,0.5,MEDIUM,ALIGNED,0.5,1.2248,HIGH_KN,False
2026-04-29,ASIANPAINT.NS,DOWN,VAL,BULL,0.7271,0.75,HIGH,ALIGNED,0.25,-0.1144,HIGH_KN,True
2026-04-29,FINEORG.NS,DOWN,VAL,BULL,0.7259,0.625,HIGH,ALIGNED,0.375,-1.9803,HIGH_KN,True
2026-04-29,JPPOWER.NS,DOWN,VAL,BULL,0.7179,0.375,MEDIUM,CONFLICT,0.625,-2.3762,LOW_KN,True
2026-04-30,SAPPHIRE.NS,UP,VAL,BULL,0.992,1.0,HIGH,ALIGNED,0.0,0.0,HIGH_KN,False
2026-04-30,HFCL.NS,UP,VAL,BULL,0.9822,0.75,HIGH,ALIGNED,0.25,0.0,HIGH_KN,False
2026-04-30,TATACHEM.NS,UP,VAL,BULL,0.9663,0.75,HIGH,ALIGNED,0.25,0.0,HIGH_KN,False
2026-04-30,IDEAFORGE.NS,UP,VAL,BULL,0.9029,0.625,HIGH,ALIGNED,0.375,0.0,HIGH_KN,False
2026-04-30,CROMPTON.NS,UP,VAL,BULL,0.8898,0.875,HIGH,ALIGNED,0.125,0.0,HIGH_KN,False
2026-04-30,STLTECH.NS,UP,VAL,BULL,0.882,0.625,HIGH,ALIGNED,0.375,0.0,HIGH_KN,False
2026-04-30,NAVINFLUOR.NS,UP,VAL,BULL,0.8768,1.0,HIGH,ALIGNED,0.0,0.0,HIGH_KN,False
2026-04-30,SHYAMMETL.NS,UP,VAL,BULL,0.8459,0.75,HIGH,ALIGNED,0.25,0.0,HIGH_KN,False
2026-04-30,M&MFIN.NS,UP,VAL,BULL,0.8376,0.75,HIGH,ALIGNED,0.25,0.0,HIGH_KN,False
2026-04-30,SYMPHONY.NS,UP,VAL,BULL,0.829,0.625,HIGH,ALIGNED,0.375,0.0,HIGH_KN,False
2026-04-30,RADICO.NS,UP,VAL,BULL,0.821,0.875,HIGH,ALIGNED,0.125,0.0,HIGH_KN,False
2026-04-30,LTTS.NS,UP,VAL,BULL,0.8161,0.875,HIGH,ALIGNED,0.125,0.0,HIGH_KN,False
2026-04-30,KPITTECH.NS,UP,VAL,BULL,0.8124,1.0,HIGH,ALIGNED,0.0,0.0,HIGH_KN,False
2026-04-30,RATEGAIN.NS,UP,VAL,BULL,0.8105,1.0,HIGH,ALIGNED,0.0,0.0,HIGH_KN,False
2026-04-30,RATNAMANI.NS,UP,VAL,BULL,0.8098,,,,0.5,,LOW_KN,False
2026-04-30,INTELLECT.NS,UP,VAL,BULL,0.8022,0.875,HIGH,ALIGNED,0.125,0.0,HIGH_KN,False
2026-04-30,RBLBANK.NS,UP,VAL,BULL,0.7993,0.75,HIGH,ALIGNED,0.25,0.0,HIGH_KN,False
2026-04-30,JINDALPOLY.NS,UP,VAL,BULL,0.7837,0.625,HIGH,ALIGNED,0.375,0.0,HIGH_KN,False
2026-04-30,MPHASIS.NS,UP,VAL,BULL,0.7671,0.875,HIGH,ALIGNED,0.125,0.0,HIGH_KN,False
2026-04-30,TECHM.NS,UP,VAL,BULL,0.7651,0.875,HIGH,ALIGNED,0.125,0.0,HIGH_KN,False
2026-04-30,MRPL.NS,DOWN,VAL,BULL,0.878,0.625,HIGH,ALIGNED,0.375,0.0,HIGH_KN,False
2026-04-30,RAJESHEXPO.NS,DOWN,VAL,BULL,0.8674,0.625,HIGH,ALIGNED,0.375,0.0,HIGH_KN,False
2026-04-30,PARAS.NS,DOWN,VAL,BULL,0.8507,0.75,HIGH,ALIGNED,0.25,0.0,HIGH_KN,False
2026-04-30,DATAPATTNS.NS,DOWN,VAL,BULL,0.8277,0.5,MEDIUM,ALIGNED,0.5,0.0,HIGH_KN,False
2026-04-30,ADANIENSOL.NS,DOWN,VAL,BULL,0.8128,0.875,HIGH,ALIGNED,0.125,0.0,HIGH_KN,False
2026-04-30,TIINDIA.NS,DOWN,VAL,BULL,0.8036,0.625,HIGH,ALIGNED,0.375,0.0,HIGH_KN,False
2026-04-30,ZENSARTECH.NS,DOWN,VAL,BULL,0.79,0.75,HIGH,ALIGNED,0.25,0.0,HIGH_KN,False
2026-04-30,RECLTD.NS,DOWN,VAL,BULL,0.7883,0.625,HIGH,ALIGNED,0.375,0.0,HIGH_KN,False
2026-04-30,ONMOBILE.NS,DOWN,VAL,BULL,0.7732,0.75,HIGH,ALIGNED,0.25,0.0,HIGH_KN,False
2026-04-30,HINDUNILVR.NS,DOWN,VAL,BULL,0.7671,0.75,HIGH,ALIGNED,0.25,0.0,HIGH_KN,False
2026-04-30,EMAMILTD.NS,DOWN,VAL,BULL,0.7654,0.625,HIGH,ALIGNED,0.375,0.0,HIGH_KN,False
2026-04-30,TORNTPOWER.NS,DOWN,VAL,BULL,0.7527,0.625,HIGH,ALIGNED,0.375,0.0,HIGH_KN,False
2026-04-30,GODREJCP.NS,DOWN,VAL,BULL,0.7517,0.625,HIGH,ALIGNED,0.375,0.0,HIGH_KN,False
2026-04-30,RVNL.NS,DOWN,VAL,BULL,0.7509,0.625,HIGH,ALIGNED,0.375,0.0,HIGH_KN,False
2026-04-30,MOTHERSON.NS,DOWN,VAL,BULL,0.7434,0.625,HIGH,ALIGNED,0.375,0.0,HIGH_KN,False
2026-04-30,NATIONALUM.NS,DOWN,VAL,BULL,0.7405,0.875,HIGH,ALIGNED,0.125,0.0,HIGH_KN,False
2026-04-30,DEEPAKNTR.NS,DOWN,VAL,BULL,0.7311,,,,0.5,,LOW_KN,False
2026-04-30,UNIONBANK.NS,DOWN,VAL,BULL,0.7227,0.625,HIGH,ALIGNED,0.375,0.0,HIGH_KN,False
2026-04-30,COLPAL.NS,DOWN,VAL,BULL,0.7221,0.75,HIGH,ALIGNED,0.25,0.0,HIGH_KN,False
2026-04-30,BIKAJI.NS,DOWN,VAL,BULL,0.7219,,,,0.5,,LOW_KN,False
2026-05-04,IDEAFORGE.NS,UP,VAL,BULL,0.9956,0.75,HIGH,ALIGNED,0.25,10.0,HIGH_KN,True
2026-05-04,HFCL.NS,UP,VAL,BULL,0.9481,0.75,HIGH,ALIGNED,0.25,2.166,HIGH_KN,True
2026-05-04,SUDARSCHEM.NS,UP,VAL,BULL,0.9092,0.875,HIGH,ALIGNED,0.125,-0.456,HIGH_KN,False
2026-05-04,SUNDRMFAST.NS,UP,VAL,BULL,0.9007,1.0,HIGH,ALIGNED,0.0,-2.6674,HIGH_KN,False
2026-05-04,CROMPTON.NS,UP,VAL,BULL,0.8723,0.875,HIGH,ALIGNED,0.125,-0.8815,HIGH_KN,False
2026-05-04,CESC.NS,UP,VAL,BULL,0.8706,0.75,HIGH,ALIGNED,0.25,-5.9581,HIGH_KN,False
2026-05-04,JINDALPOLY.NS,UP,VAL,BULL,0.8439,0.5,MEDIUM,ALIGNED,0.5,4.2932,HIGH_KN,True
2026-05-04,GALAXYSURF.NS,UP,VAL,BULL,0.8405,0.75,HIGH,ALIGNED,0.25,0.1181,HIGH_KN,True
2026-05-04,CHOLAFIN.NS,UP,VAL,BULL,0.8282,1.0,HIGH,ALIGNED,0.0,1.0918,HIGH_KN,True
2026-05-04,KPITTECH.NS,UP,VAL,BULL,0.8189,1.0,HIGH,ALIGNED,0.0,0.514,HIGH_KN,True
2026-05-04,SAPPHIRE.NS,UP,VAL,BULL,0.8138,0.625,HIGH,ALIGNED,0.375,-4.1802,HIGH_KN,False
2026-05-04,RBLBANK.NS,UP,VAL,BULL,0.8097,0.625,HIGH,ALIGNED,0.375,0.8328,HIGH_KN,True
2026-05-04,TATACHEM.NS,UP,VAL,BULL,0.8085,0.5,MEDIUM,ALIGNED,0.5,-0.5337,HIGH_KN,False
2026-05-04,STLTECH.NS,UP,VAL,BULL,0.8061,0.625,HIGH,ALIGNED,0.375,4.9943,HIGH_KN,True
2026-05-04,RAILTEL.NS,UP,VAL,BULL,0.8024,0.875,HIGH,ALIGNED,0.125,1.3242,HIGH_KN,True
2026-05-04,KEI.NS,UP,VAL,BULL,0.7995,1.0,HIGH,ALIGNED,0.0,-0.7927,HIGH_KN,False
2026-05-04,RATNAMANI.NS,UP,VAL,BULL,0.7966,0.875,HIGH,ALIGNED,0.125,1.1845,HIGH_KN,True
2026-05-04,DEEPAKFERT.NS,UP,VAL,BULL,0.7959,0.625,HIGH,ALIGNED,0.375,-1.6368,HIGH_KN,False
2026-05-04,ADANIPORTS.NS,UP,VAL,BULL,0.7874,0.75,HIGH,ALIGNED,0.25,-1.01,HIGH_KN,False
2026-05-04,ADANIGREEN.NS,UP,VAL,BULL,0.775,0.5,MEDIUM,ALIGNED,0.5,3.1533,HIGH_KN,True
2026-05-04,RAJESHEXPO.NS,DOWN,VAL,BULL,0.8749,0.75,HIGH,ALIGNED,0.25,-0.501,HIGH_KN,True
2026-05-04,ONMOBILE.NS,DOWN,VAL,BULL,0.87,0.75,HIGH,ALIGNED,0.25,-1.278,HIGH_KN,True
2026-05-04,SUZLON.NS,DOWN,VAL,BULL,0.8537,0.75,HIGH,ALIGNED,0.25,-0.2001,HIGH_KN,True
2026-05-04,VBL.NS,DOWN,VAL,BULL,0.8522,0.75,HIGH,ALIGNED,0.25,0.9768,HIGH_KN,False
2026-05-04,TORNTPOWER.NS,DOWN,VAL,BULL,0.852,0.625,HIGH,ALIGNED,0.375,0.6206,HIGH_KN,False
2026-05-04,HINDZINC.NS,DOWN,VAL,BULL,0.8486,0.625,HIGH,ALIGNED,0.375,0.9413,HIGH_KN,False
2026-05-04,ADANIENSOL.NS,DOWN,VAL,BULL,0.8379,0.625,HIGH,ALIGNED,0.375,0.8009,HIGH_KN,False
2026-05-04,GRSE.NS,DOWN,VAL,BULL,0.8305,0.75,HIGH,ALIGNED,0.25,4.9707,HIGH_KN,False
2026-05-04,SYMPHONY.NS,DOWN,VAL,BULL,0.8225,0.625,HIGH,ALIGNED,0.375,-2.2922,HIGH_KN,True
2026-05-04,PARAS.NS,DOWN,VAL,BULL,0.8119,0.75,HIGH,ALIGNED,0.25,1.5594,HIGH_KN,False
2026-05-04,MRPL.NS,DOWN,VAL,BULL,0.801,0.625,HIGH,ALIGNED,0.375,-2.339,HIGH_KN,True
2026-05-04,RECLTD.NS,DOWN,VAL,BULL,0.784,0.625,HIGH,ALIGNED,0.375,0.8204,HIGH_KN,False
2026-05-04,NATIONALUM.NS,DOWN,VAL,BULL,0.7808,0.75,HIGH,ALIGNED,0.25,1.4223,HIGH_KN,False
2026-05-04,JYOTHYLAB.NS,DOWN,VAL,BULL,0.7726,0.625,HIGH,ALIGNED,0.375,-0.9892,HIGH_KN,True
2026-05-04,JPPOWER.NS,DOWN,VAL,BULL,0.7723,0.875,HIGH,ALIGNED,0.125,1.0493,HIGH_KN,False
2026-05-04,MASTEK.NS,DOWN,VAL,BULL,0.7709,0.75,HIGH,ALIGNED,0.25,-0.9907,HIGH_KN,True
2026-05-04,M&MFIN.NS,DOWN,VAL,BULL,0.7689,0.625,HIGH,ALIGNED,0.375,0.576,HIGH_KN,False
2026-05-04,RVNL.NS,DOWN,VAL,BULL,0.7641,0.75,HIGH,ALIGNED,0.25,1.281,HIGH_KN,False
2026-05-04,DRREDDY.NS,DOWN,VAL,BULL,0.7621,0.625,HIGH,ALIGNED,0.375,-1.243,HIGH_KN,True
2026-05-04,TIINDIA.NS,DOWN,VAL,BULL,0.7525,0.75,HIGH,ALIGNED,0.25,0.9085,HIGH_KN,False
2026-05-05,IDEAFORGE.NS,UP,VAL,BULL,0.9966,0.75,HIGH,ALIGNED,0.25,1.0136,HIGH_KN,True
2026-05-05,HFCL.NS,UP,VAL,BULL,0.9689,0.75,HIGH,ALIGNED,0.25,9.8548,HIGH_KN,True
2026-05-05,JINDALPOLY.NS,UP,VAL,BULL,0.9439,0.75,HIGH,ALIGNED,0.25,-2.6402,HIGH_KN,False
2026-05-05,SUNDRMFAST.NS,UP,VAL,BULL,0.9114,0.875,HIGH,ALIGNED,0.125,1.0962,HIGH_KN,True
2026-05-05,IDEA.NS,UP,VAL,BULL,0.874,0.75,HIGH,ALIGNED,0.25,4.6296,HIGH_KN,True
2026-05-05,IRCON.NS,UP,VAL,BULL,0.8359,0.75,HIGH,ALIGNED,0.25,0.1951,HIGH_KN,True
2026-05-05,SAPPHIRE.NS,UP,VAL,BULL,0.8357,0.625,HIGH,ALIGNED,0.375,0.824,HIGH_KN,True
2026-05-05,LAURUSLABS.NS,UP,VAL,BULL,0.8265,0.75,HIGH,ALIGNED,0.25,1.1597,HIGH_KN,True
2026-05-05,CHOLAFIN.NS,UP,VAL,BULL,0.8204,0.875,HIGH,ALIGNED,0.125,3.2883,HIGH_KN,True
2026-05-05,STLTECH.NS,UP,VAL,BULL,0.801,0.625,HIGH,ALIGNED,0.375,4.9877,HIGH_KN,True
2026-05-05,NAVINFLUOR.NS,UP,VAL,BULL,0.7993,0.75,HIGH,ALIGNED,0.25,0.5425,HIGH_KN,True
2026-05-05,M&M.NS,UP,VAL,BULL,0.7845,1.0,HIGH,ALIGNED,0.0,2.803,HIGH_KN,True
2026-05-05,MANAPPURAM.NS,UP,VAL,BULL,0.783,0.75,HIGH,ALIGNED,0.25,0.8788,HIGH_KN,True
2026-05-05,SUDARSCHEM.NS,UP,VAL,BULL,0.7806,0.75,HIGH,ALIGNED,0.25,0.7244,HIGH_KN,True
2026-05-05,ROUTE.NS,UP,VAL,BULL,0.7765,0.75,HIGH,ALIGNED,0.25,0.304,HIGH_KN,True
2026-05-05,KPITTECH.NS,UP,VAL,BULL,0.7636,0.875,HIGH,ALIGNED,0.125,-3.0939,HIGH_KN,False
2026-05-05,ADANIGREEN.NS,UP,VAL,BULL,0.7519,0.5,MEDIUM,ALIGNED,0.5,1.6224,HIGH_KN,True
2026-05-05,DATAPATTNS.NS,UP,VAL,BULL,0.7386,0.5,MEDIUM,ALIGNED,0.5,-1.1469,HIGH_KN,False
2026-05-05,LTTS.NS,UP,VAL,BULL,0.734,0.75,HIGH,ALIGNED,0.25,1.7381,HIGH_KN,True
2026-05-05,ADANIPORTS.NS,UP,VAL,BULL,0.733,0.5,MEDIUM,ALIGNED,0.5,1.3507,HIGH_KN,True
2026-05-05,RAJESHEXPO.NS,DOWN,VAL,BULL,0.8952,0.75,HIGH,ALIGNED,0.25,1.3174,HIGH_KN,False
2026-05-05,ONMOBILE.NS,DOWN,VAL,BULL,0.8852,0.75,HIGH,ALIGNED,0.25,11.0131,HIGH_KN,False
2026-05-05,CESC.NS,DOWN,VAL,BULL,0.8585,0.875,HIGH,ALIGNED,0.125,-1.0006,HIGH_KN,True
2026-05-05,ADANIENSOL.NS,DOWN,VAL,BULL,0.8562,0.625,HIGH,ALIGNED,0.375,-0.1632,HIGH_KN,True
2026-05-05,MRPL.NS,DOWN,VAL,BULL,0.8425,0.625,HIGH,ALIGNED,0.375,0.6678,HIGH_KN,False
2026-05-05,SYMPHONY.NS,DOWN,VAL,BULL,0.8285,0.625,HIGH,ALIGNED,0.375,1.6136,HIGH_KN,False
2026-05-05,NATIONALUM.NS,DOWN,VAL,BULL,0.8115,0.625,HIGH,ALIGNED,0.375,-1.7045,HIGH_KN,True
2026-05-05,SUZLON.NS,DOWN,VAL,BULL,0.8107,0.75,HIGH,ALIGNED,0.25,-0.9663,HIGH_KN,True
2026-05-05,TORNTPOWER.NS,DOWN,VAL,BULL,0.8079,0.625,HIGH,ALIGNED,0.375,-0.0404,HIGH_KN,True
2026-05-05,VOLTAS.NS,DOWN,VAL,BULL,0.8017,0.75,HIGH,ALIGNED,0.25,0.2689,HIGH_KN,False
2026-05-05,RADICO.NS,DOWN,VAL,BULL,0.7998,0.75,HIGH,ALIGNED,0.25,0.5481,HIGH_KN,False
2026-05-05,SJVN.NS,DOWN,VAL,BULL,0.7974,0.625,HIGH,ALIGNED,0.375,0.7308,HIGH_KN,False
2026-05-05,JPPOWER.NS,DOWN,VAL,BULL,0.7936,0.75,HIGH,ALIGNED,0.25,0.2596,HIGH_KN,False
2026-05-05,WHIRLPOOL.NS,DOWN,VAL,BULL,0.7893,0.75,HIGH,ALIGNED,0.25,-0.9347,HIGH_KN,True
2026-05-05,VBL.NS,DOWN,VAL,BULL,0.7862,0.625,HIGH,ALIGNED,0.375,-0.5374,HIGH_KN,True
2026-05-05,MOIL.NS,DOWN,VAL,BULL,0.7859,0.75,HIGH,ALIGNED,0.25,1.4075,HIGH_KN,False
2026-05-05,DRREDDY.NS,DOWN,VAL,BULL,0.7791,0.625,HIGH,ALIGNED,0.375,3.1309,HIGH_KN,False
2026-05-05,PNBHOUSING.NS,DOWN,VAL,BULL,0.7709,0.75,HIGH,ALIGNED,0.25,2.2071,HIGH_KN,False
2026-05-05,RECLTD.NS,DOWN,VAL,BULL,0.7681,0.5,MEDIUM,ALIGNED,0.5,0.7576,HIGH_KN,False
2026-05-05,TIINDIA.NS,DOWN,VAL,BULL,0.7601,0.625,HIGH,ALIGNED,0.375,-0.5252,HIGH_KN,True
2026-05-06,IDEAFORGE.NS,UP,VAL,BULL,0.9824,0.625,HIGH,ALIGNED,0.375,-2.4623,HIGH_KN,False
2026-05-06,ALKYLAMINE.NS,UP,VAL,BULL,0.97,0.75,HIGH,ALIGNED,0.25,-1.3364,HIGH_KN,False
2026-05-06,HFCL.NS,UP,VAL,BULL,0.9698,0.75,HIGH,ALIGNED,0.25,3.379,HIGH_KN,True
2026-05-06,TEJASNET.NS,UP,VAL,BULL,0.9548,1.0,HIGH,ALIGNED,0.0,15.1554,HIGH_KN,True
2026-05-06,COFORGE.NS,UP,VAL,BULL,0.9237,1.0,HIGH,ALIGNED,0.0,0.3827,HIGH_KN,True
2026-05-06,STLTECH.NS,UP,VAL,BULL,0.9157,0.75,HIGH,ALIGNED,0.25,5.0,HIGH_KN,True
2026-05-06,DEEPAKNTR.NS,UP,VAL,BULL,0.844,0.75,HIGH,ALIGNED,0.25,1.8006,HIGH_KN,True
2026-05-06,ONMOBILE.NS,UP,VAL,BULL,0.8425,0.875,HIGH,ALIGNED,0.125,-0.9295,HIGH_KN,False
2026-05-06,IDEA.NS,UP,VAL,BULL,0.8275,0.75,HIGH,ALIGNED,0.25,-0.6195,HIGH_KN,False
2026-05-06,RATEGAIN.NS,UP,VAL,BULL,0.8258,0.625,HIGH,ALIGNED,0.375,-0.5722,HIGH_KN,False
2026-05-06,AJANTPHARM.NS,UP,VAL,BULL,0.8176,0.75,HIGH,ALIGNED,0.25,-0.5781,HIGH_KN,False
2026-05-06,BASF.NS,UP,VAL,BULL,0.8019,1.0,HIGH,ALIGNED,0.0,1.4305,HIGH_KN,True
2026-05-06,YESBANK.NS,UP,VAL,BULL,0.8014,0.75,HIGH,ALIGNED,0.25,1.7171,HIGH_KN,True
2026-05-06,INTELLECT.NS,UP,VAL,BULL,0.8007,0.875,HIGH,ALIGNED,0.125,-0.2868,HIGH_KN,False
2026-05-06,CHOLAFIN.NS,UP,VAL,BULL,0.7986,0.875,HIGH,ALIGNED,0.125,-1.326,HIGH_KN,False
2026-05-06,SRF.NS,UP,VAL,BULL,0.7857,1.0,HIGH,ALIGNED,0.0,1.901,HIGH_KN,True
2026-05-06,AMBER.NS,UP,VAL,BULL,0.7855,0.75,HIGH,ALIGNED,0.25,2.0897,HIGH_KN,True
2026-05-06,ADANIGREEN.NS,UP,VAL,BULL,0.7812,0.5,MEDIUM,ALIGNED,0.5,0.8869,HIGH_KN,True
2026-05-06,KEI.NS,UP,VAL,BULL,0.7758,0.75,HIGH,ALIGNED,0.25,-0.7458,HIGH_KN,False
2026-05-06,LAURUSLABS.NS,UP,VAL,BULL,0.7703,0.75,HIGH,ALIGNED,0.25,2.4541,HIGH_KN,True
2026-05-06,GRSE.NS,DOWN,VAL,BULL,0.8977,0.625,HIGH,ALIGNED,0.375,2.4098,HIGH_KN,False
2026-05-06,RAJESHEXPO.NS,DOWN,VAL,BULL,0.859,0.625,HIGH,ALIGNED,0.375,1.2423,HIGH_KN,False
2026-05-06,RADICO.NS,DOWN,VAL,BULL,0.8561,0.875,HIGH,ALIGNED,0.125,1.4834,HIGH_KN,False
2026-05-06,JYOTHYLAB.NS,DOWN,VAL,BULL,0.8544,0.75,HIGH,ALIGNED,0.25,0.4078,HIGH_KN,False
2026-05-06,WHIRLPOOL.NS,DOWN,VAL,BULL,0.8333,0.75,HIGH,ALIGNED,0.25,0.9126,HIGH_KN,False
2026-05-06,OFSS.NS,DOWN,VAL,BULL,0.828,0.625,HIGH,ALIGNED,0.375,-2.0218,HIGH_KN,True
2026-05-06,SAPPHIRE.NS,DOWN,VAL,BULL,0.8277,0.75,HIGH,ALIGNED,0.25,0.422,HIGH_KN,False
2026-05-06,VBL.NS,DOWN,VAL,BULL,0.8196,0.75,HIGH,ALIGNED,0.25,0.3242,HIGH_KN,False
2026-05-06,RBLBANK.NS,DOWN,VAL,BULL,0.8143,0.75,HIGH,ALIGNED,0.25,2.9477,HIGH_KN,False
2026-05-06,MRPL.NS,DOWN,VAL,BULL,0.8017,0.75,HIGH,ALIGNED,0.25,-0.9121,HIGH_KN,True
2026-05-06,CESC.NS,DOWN,VAL,BULL,0.795,0.75,HIGH,ALIGNED,0.25,0.8648,HIGH_KN,False
2026-05-06,COCHINSHIP.NS,DOWN,VAL,BULL,0.7931,0.5,MEDIUM,ALIGNED,0.5,3.5138,HIGH_KN,False
2026-05-06,SYMPHONY.NS,DOWN,VAL,BULL,0.7877,0.75,HIGH,ALIGNED,0.25,-1.191,HIGH_KN,True
2026-05-06,ADANIENSOL.NS,DOWN,VAL,BULL,0.7859,0.625,HIGH,ALIGNED,0.375,-1.4354,HIGH_KN,True
2026-05-06,SUZLON.NS,DOWN,VAL,BULL,0.7852,0.75,HIGH,ALIGNED,0.25,2.4485,HIGH_KN,False
2026-05-06,NATIONALUM.NS,DOWN,VAL,BULL,0.7792,0.625,HIGH,ALIGNED,0.375,-0.7502,HIGH_KN,True
2026-05-06,DRREDDY.NS,DOWN,VAL,BULL,0.7787,0.5,MEDIUM,ALIGNED,0.5,-0.2593,HIGH_KN,True
2026-05-06,EXIDEIND.NS,DOWN,VAL,BULL,0.7764,0.875,HIGH,ALIGNED,0.125,3.6252,HIGH_KN,False
2026-05-06,DATAPATTNS.NS,DOWN,VAL,BULL,0.7679,0.5,MEDIUM,ALIGNED,0.5,1.8842,HIGH_KN,False
2026-05-06,OIL.NS,DOWN,VAL,BULL,0.7671,0.75,HIGH,ALIGNED,0.25,0.5775,HIGH_KN,False
2026-05-07,TEJASNET.NS,UP,VAL,BULL,0.9825,0.75,HIGH,ALIGNED,0.25,-3.5621,HIGH_KN,False
2026-05-07,ALKYLAMINE.NS,UP,VAL,BULL,0.9505,0.75,HIGH,ALIGNED,0.25,-1.5965,HIGH_KN,False
2026-05-07,PARAS.NS,UP,VAL,BULL,0.9345,0.75,HIGH,ALIGNED,0.25,-0.3335,HIGH_KN,False
2026-05-07,HFCL.NS,UP,VAL,BULL,0.9269,0.75,HIGH,ALIGNED,0.25,-3.4806,HIGH_KN,False
2026-05-07,CRAFTSMAN.NS,UP,VAL,BULL,0.9,0.75,HIGH,ALIGNED,0.25,3.9887,HIGH_KN,True
2026-05-07,BEML.NS,UP,VAL,BULL,0.891,0.75,HIGH,ALIGNED,0.25,-2.4648,HIGH_KN,False
2026-05-07,ENDURANCE.NS,UP,VAL,BULL,0.8847,1.0,HIGH,ALIGNED,0.0,-0.2878,HIGH_KN,False
2026-05-07,COFORGE.NS,UP,VAL,BULL,0.8602,0.875,HIGH,ALIGNED,0.125,6.4421,HIGH_KN,True
2026-05-07,MOTHERSON.NS,UP,VAL,BULL,0.8532,1.0,HIGH,ALIGNED,0.0,1.2267,HIGH_KN,True
2026-05-07,IDEAFORGE.NS,UP,VAL,BULL,0.8464,0.5,MEDIUM,ALIGNED,0.5,2.7643,HIGH_KN,True
2026-05-07,DEEPAKNTR.NS,UP,VAL,BULL,0.8316,0.75,HIGH,ALIGNED,0.25,1.1594,HIGH_KN,True
2026-05-07,POLYCAB.NS,UP,VAL,BULL,0.8216,0.75,HIGH,ALIGNED,0.25,0.8886,HIGH_KN,True
2026-05-07,YESBANK.NS,UP,VAL,BULL,0.8075,0.75,HIGH,ALIGNED,0.25,1.9103,HIGH_KN,True
2026-05-07,BDL.NS,UP,VAL,BULL,0.7993,0.75,HIGH,ALIGNED,0.25,-1.2475,HIGH_KN,False
2026-05-07,MIDHANI.NS,UP,VAL,BULL,0.799,0.75,HIGH,ALIGNED,0.25,1.825,HIGH_KN,True
2026-05-07,LAURUSLABS.NS,UP,VAL,BULL,0.7837,0.75,HIGH,ALIGNED,0.25,1.8069,HIGH_KN,True
2026-05-07,ROUTE.NS,UP,VAL,BULL,0.7782,0.75,HIGH,ALIGNED,0.25,-4.3538,HIGH_KN,False
2026-05-07,SRF.NS,UP,VAL,BULL,0.7774,1.0,HIGH,ALIGNED,0.0,0.3428,HIGH_KN,True
2026-05-07,AMBER.NS,UP,VAL,BULL,0.776,0.75,HIGH,ALIGNED,0.25,-0.2036,HIGH_KN,False
2026-05-07,KEI.NS,UP,VAL,BULL,0.7697,0.875,HIGH,ALIGNED,0.125,-0.2074,HIGH_KN,False
2026-05-07,OFSS.NS,DOWN,VAL,BULL,0.9194,0.75,HIGH,ALIGNED,0.25,-1.6108,HIGH_KN,True
2026-05-07,JYOTHYLAB.NS,DOWN,VAL,BULL,0.8675,0.75,HIGH,ALIGNED,0.25,1.1219,HIGH_KN,False
2026-05-07,KPITTECH.NS,DOWN,VAL,BULL,0.8392,0.875,HIGH,ALIGNED,0.125,0.8995,HIGH_KN,False
2026-05-07,CESC.NS,DOWN,VAL,BULL,0.8334,0.625,HIGH,ALIGNED,0.375,-1.1789,HIGH_KN,True
2026-05-07,SAPPHIRE.NS,DOWN,VAL,BULL,0.8314,0.75,HIGH,ALIGNED,0.25,-2.2714,HIGH_KN,True
2026-05-07,TORNTPOWER.NS,DOWN,VAL,BULL,0.8267,0.75,HIGH,ALIGNED,0.25,0.6949,HIGH_KN,False
2026-05-07,BIKAJI.NS,DOWN,VAL,BULL,0.8213,0.75,HIGH,ALIGNED,0.25,-0.3782,HIGH_KN,True
2026-05-07,SYMPHONY.NS,DOWN,VAL,BULL,0.801,0.625,HIGH,ALIGNED,0.375,-1.8049,HIGH_KN,True
2026-05-07,OIL.NS,DOWN,VAL,BULL,0.785,0.75,HIGH,ALIGNED,0.25,0.2981,HIGH_KN,False
2026-05-07,PNBHOUSING.NS,DOWN,VAL,BULL,0.7671,0.5,MEDIUM,ALIGNED,0.5,3.7657,HIGH_KN,False
2026-05-07,EXIDEIND.NS,DOWN,VAL,BULL,0.7606,0.5,MEDIUM,ALIGNED,0.5,-0.6036,HIGH_KN,True
2026-05-07,RADICO.NS,DOWN,VAL,BULL,0.7596,0.625,HIGH,ALIGNED,0.375,2.0605,HIGH_KN,False
2026-05-07,WHIRLPOOL.NS,DOWN,VAL,BULL,0.7484,0.625,HIGH,ALIGNED,0.375,-2.3348,HIGH_KN,True
2026-05-07,RBLBANK.NS,DOWN,VAL,BULL,0.7423,0.375,MEDIUM,CONFLICT,0.625,-0.6652,LOW_KN,True
2026-05-07,SHYAMMETL.NS,DOWN,VAL,BULL,0.7352,0.625,HIGH,ALIGNED,0.375,2.2001,HIGH_KN,False
2026-05-07,TECHM.NS,DOWN,VAL,BULL,0.7352,0.625,HIGH,ALIGNED,0.375,1.022,HIGH_KN,False
2026-05-07,VBL.NS,DOWN,VAL,BULL,0.7341,0.625,HIGH,ALIGNED,0.375,-0.3427,HIGH_KN,True
2026-05-07,MRPL.NS,DOWN,VAL,BULL,0.7316,0.625,HIGH,ALIGNED,0.375,8.1043,HIGH_KN,False
2026-05-07,GLENMARK.NS,DOWN,VAL,BULL,0.7274,0.75,HIGH,ALIGNED,0.25,-0.2193,HIGH_KN,True
2026-05-07,SOBHA.NS,DOWN,VAL,BULL,0.7261,0.375,MEDIUM,CONFLICT,0.625,-1.7643,LOW_KN,True
2026-05-08,CRAFTSMAN.NS,UP,VAL,RANGE,0.9601,0.75,HIGH,ALIGNED,0.25,-1.954,HIGH_KN,False
2026-05-08,TEJASNET.NS,UP,VAL,RANGE,0.9546,0.625,HIGH,ALIGNED,0.375,-8.3009,HIGH_KN,False
2026-05-08,IDEAFORGE.NS,UP,VAL,RANGE,0.9331,0.625,HIGH,ALIGNED,0.375,-2.3276,HIGH_KN,False
2026-05-08,COFORGE.NS,UP,VAL,RANGE,0.9297,1.0,HIGH,ALIGNED,0.0,0.519,HIGH_KN,True
2026-05-08,CENTUM.NS,UP,VAL,RANGE,0.9205,1.0,HIGH,ALIGNED,0.0,-1.5718,HIGH_KN,False
2026-05-08,PARAS.NS,UP,VAL,RANGE,0.8865,0.625,HIGH,ALIGNED,0.375,-0.427,HIGH_KN,False
2026-05-08,HFCL.NS,UP,VAL,RANGE,0.8826,0.5,MEDIUM,ALIGNED,0.5,5.1789,HIGH_KN,True
2026-05-08,STLTECH.NS,UP,VAL,RANGE,0.8778,0.625,HIGH,ALIGNED,0.375,4.9874,HIGH_KN,True
2026-05-08,BASF.NS,UP,VAL,RANGE,0.8594,0.75,HIGH,ALIGNED,0.25,-3.8935,HIGH_KN,False
2026-05-08,MIDHANI.NS,UP,VAL,RANGE,0.8478,0.75,HIGH,ALIGNED,0.25,-3.3828,HIGH_KN,False
2026-05-08,OLECTRA.NS,UP,VAL,RANGE,0.8326,0.75,HIGH,ALIGNED,0.25,2.1854,HIGH_KN,True
2026-05-08,CERA.NS,UP,VAL,RANGE,0.8271,0.75,HIGH,ALIGNED,0.25,6.3992,HIGH_KN,True
2026-05-08,INTELLECT.NS,UP,VAL,RANGE,0.8193,0.75,HIGH,ALIGNED,0.25,-5.7573,HIGH_KN,False
2026-05-08,BEML.NS,UP,VAL,RANGE,0.8152,0.5,MEDIUM,ALIGNED,0.5,-2.0606,HIGH_KN,False
2026-05-08,ENDURANCE.NS,UP,VAL,RANGE,0.8135,0.875,HIGH,ALIGNED,0.125,3.9543,HIGH_KN,True
2026-05-08,ALKYLAMINE.NS,UP,VAL,RANGE,0.8099,0.625,HIGH,ALIGNED,0.375,-3.6022,HIGH_KN,False
2026-05-08,IDEA.NS,UP,VAL,RANGE,0.8068,0.75,HIGH,ALIGNED,0.25,8.363,HIGH_KN,True
2026-05-08,CLEAN.NS,UP,VAL,RANGE,0.7959,0.625,HIGH,ALIGNED,0.375,-3.5438,HIGH_KN,False
2026-05-08,YESBANK.NS,UP,VAL,RANGE,0.7944,0.75,HIGH,ALIGNED,0.25,-1.0462,HIGH_KN,False
2026-05-08,MOTHERSON.NS,UP,VAL,RANGE,0.7932,0.875,HIGH,ALIGNED,0.125,-1.3103,HIGH_KN,False
2026-05-08,OFSS.NS,DOWN,VAL,RANGE,0.9019,0.75,HIGH,ALIGNED,0.25,-1.1342,HIGH_KN,True
2026-05-08,SAPPHIRE.NS,DOWN,VAL,RANGE,0.8408,0.625,HIGH,ALIGNED,0.375,-2.1663,HIGH_KN,True
2026-05-08,KPITTECH.NS,DOWN,VAL,RANGE,0.8323,0.75,HIGH,ALIGNED,0.25,0.5897,HIGH_KN,False
2026-05-08,JYOTHYLAB.NS,DOWN,VAL,RANGE,0.8321,0.625,HIGH,ALIGNED,0.375,-9.2578,HIGH_KN,True
2026-05-08,OIL.NS,DOWN,VAL,RANGE,0.7986,0.625,HIGH,ALIGNED,0.375,0.3963,HIGH_KN,False
2026-05-08,TORNTPOWER.NS,DOWN,VAL,RANGE,0.7795,0.625,HIGH,ALIGNED,0.375,-2.5226,HIGH_KN,True
2026-05-08,EXIDEIND.NS,DOWN,VAL,RANGE,0.7784,0.5,MEDIUM,ALIGNED,0.5,-2.6363,HIGH_KN,True
2026-05-08,SYMPHONY.NS,DOWN,VAL,RANGE,0.7696,0.75,HIGH,ALIGNED,0.25,-1.5485,HIGH_KN,True
2026-05-08,TATACHEM.NS,DOWN,VAL,RANGE,0.7674,0.75,HIGH,ALIGNED,0.25,-2.5846,HIGH_KN,True
2026-05-08,SOBHA.NS,DOWN,VAL,RANGE,0.7653,0.75,HIGH,ALIGNED,0.25,-0.7647,HIGH_KN,True
2026-05-08,JPPOWER.NS,DOWN,VAL,RANGE,0.7647,0.75,HIGH,ALIGNED,0.25,-3.4067,HIGH_KN,True
2026-05-08,CESC.NS,DOWN,VAL,RANGE,0.7597,0.75,HIGH,ALIGNED,0.25,-1.3014,HIGH_KN,True
2026-05-08,DRREDDY.NS,DOWN,VAL,RANGE,0.7514,0.5,MEDIUM,ALIGNED,0.5,-1.082,HIGH_KN,True
2026-05-08,TCS.NS,DOWN,VAL,RANGE,0.744,0.75,HIGH,ALIGNED,0.25,-0.0626,HIGH_KN,True
2026-05-08,GLENMARK.NS,DOWN,VAL,RANGE,0.7386,0.75,HIGH,ALIGNED,0.25,-0.8071,HIGH_KN,True
2026-05-08,RBLBANK.NS,DOWN,VAL,RANGE,0.7384,0.5,MEDIUM,ALIGNED,0.5,-1.7324,HIGH_KN,True
2026-05-08,DATAPATTNS.NS,DOWN,VAL,RANGE,0.7369,0.5,MEDIUM,ALIGNED,0.5,0.9407,HIGH_KN,False
2026-05-08,MPHASIS.NS,DOWN,VAL,RANGE,0.7284,0.5,MEDIUM,ALIGNED,0.5,-0.5871,HIGH_KN,True
2026-05-08,VBL.NS,DOWN,VAL,RANGE,0.7225,0.75,HIGH,ALIGNED,0.25,-1.4837,HIGH_KN,True
2026-05-08,SUNDRMFAST.NS,DOWN,VAL,RANGE,0.7207,0.75,HIGH,ALIGNED,0.25,-1.443,HIGH_KN,True
2026-05-11,MAPMYINDIA.NS,UP,VAL,RANGE,0.9493,0.75,HIGH,ALIGNED,0.25,-6.3649,HIGH_KN,False
2026-05-11,RATNAMANI.NS,UP,VAL,RANGE,0.9493,0.75,HIGH,ALIGNED,0.25,-6.1191,HIGH_KN,False
2026-05-11,CRAFTSMAN.NS,UP,VAL,RANGE,0.9471,0.625,HIGH,ALIGNED,0.375,-1.34,HIGH_KN,False
2026-05-11,COFORGE.NS,UP,VAL,RANGE,0.9284,0.875,HIGH,ALIGNED,0.125,-3.9849,HIGH_KN,False
2026-05-11,IDEA.NS,UP,VAL,RANGE,0.909,0.75,HIGH,ALIGNED,0.25,-2.381,HIGH_KN,False
2026-05-11,ENDURANCE.NS,UP,VAL,RANGE,0.8988,0.75,HIGH,ALIGNED,0.25,-1.9057,HIGH_KN,False
2026-05-11,CERA.NS,UP,VAL,RANGE,0.8908,0.75,HIGH,ALIGNED,0.25,-3.6655,HIGH_KN,False
2026-05-11,TEJASNET.NS,UP,VAL,RANGE,0.8905,0.625,HIGH,ALIGNED,0.375,-2.3108,HIGH_KN,False
2026-05-11,OLECTRA.NS,UP,VAL,RANGE,0.8869,0.75,HIGH,ALIGNED,0.25,-7.2993,HIGH_KN,False
2026-05-11,RATEGAIN.NS,UP,VAL,RANGE,0.8864,0.75,HIGH,ALIGNED,0.25,-5.9347,HIGH_KN,False
2026-05-11,PARAS.NS,UP,VAL,RANGE,0.8796,0.625,HIGH,ALIGNED,0.375,-7.2198,HIGH_KN,False
2026-05-11,M&MFIN.NS,UP,VAL,RANGE,0.8772,0.875,HIGH,ALIGNED,0.125,-2.9966,HIGH_KN,False
2026-05-11,HFCL.NS,UP,VAL,RANGE,0.8738,0.625,HIGH,ALIGNED,0.375,-0.458,HIGH_KN,False
2026-05-11,CENTUM.NS,UP,VAL,RANGE,0.86,0.75,HIGH,ALIGNED,0.25,-3.9236,HIGH_KN,False
2026-05-11,TATACONSUM.NS,UP,VAL,RANGE,0.8117,0.75,HIGH,ALIGNED,0.25,-1.4162,HIGH_KN,False
2026-05-11,YESBANK.NS,UP,VAL,RANGE,0.8017,0.75,HIGH,ALIGNED,0.25,-2.8194,HIGH_KN,False
2026-05-11,WELCORP.NS,UP,VAL,RANGE,0.7944,0.625,HIGH,ALIGNED,0.375,-0.7448,HIGH_KN,False
2026-05-11,BIOCON.NS,UP,VAL,RANGE,0.7922,1.0,HIGH,ALIGNED,0.0,3.0734,HIGH_KN,True
2026-05-11,NATCOPHARM.NS,UP,VAL,RANGE,0.7896,0.75,HIGH,ALIGNED,0.25,-1.9983,HIGH_KN,False
2026-05-11,GRANULES.NS,UP,VAL,RANGE,0.7852,0.75,HIGH,ALIGNED,0.25,-3.5138,HIGH_KN,False
2026-05-11,JYOTHYLAB.NS,DOWN,VAL,RANGE,0.8738,0.875,HIGH,ALIGNED,0.125,-3.6046,HIGH_KN,True
2026-05-11,OFSS.NS,DOWN,VAL,RANGE,0.8396,0.625,HIGH,ALIGNED,0.375,-2.4785,HIGH_KN,True
2026-05-11,SAPPHIRE.NS,DOWN,VAL,RANGE,0.8314,0.75,HIGH,ALIGNED,0.25,-3.8611,HIGH_KN,True
2026-05-11,GODREJPROP.NS,DOWN,VAL,RANGE,0.8109,0.75,HIGH,ALIGNED,0.25,-4.5645,HIGH_KN,True
2026-05-11,KPITTECH.NS,DOWN,VAL,RANGE,0.8099,0.75,HIGH,ALIGNED,0.25,-2.9177,HIGH_KN,True
2026-05-11,TATACHEM.NS,DOWN,VAL,RANGE,0.803,0.75,HIGH,ALIGNED,0.25,1.169,HIGH_KN,False
2026-05-11,ADANIENSOL.NS,DOWN,VAL,RANGE,0.7915,0.625,HIGH,ALIGNED,0.375,-4.1853,HIGH_KN,True
2026-05-11,CESC.NS,DOWN,VAL,RANGE,0.7787,0.75,HIGH,ALIGNED,0.25,-0.8296,HIGH_KN,True
2026-05-11,SHYAMMETL.NS,DOWN,VAL,RANGE,0.771,0.875,HIGH,ALIGNED,0.125,-3.229,HIGH_KN,True
2026-05-11,SUNDRMFAST.NS,DOWN,VAL,RANGE,0.767,0.875,HIGH,ALIGNED,0.125,-0.8161,HIGH_KN,True
2026-05-11,LUPIN.NS,DOWN,VAL,RANGE,0.7636,0.75,HIGH,ALIGNED,0.25,-0.4654,HIGH_KN,True
2026-05-11,EXIDEIND.NS,DOWN,VAL,RANGE,0.762,0.625,HIGH,ALIGNED,0.375,-1.8146,HIGH_KN,True
2026-05-11,NOCIL.NS,DOWN,VAL,RANGE,0.7607,0.75,HIGH,ALIGNED,0.25,-2.9748,HIGH_KN,True
2026-05-11,GODREJCP.NS,DOWN,VAL,RANGE,0.7464,0.75,HIGH,ALIGNED,0.25,1.9092,HIGH_KN,False
2026-05-11,RELIANCE.NS,DOWN,VAL,RANGE,0.7318,0.625,HIGH,ALIGNED,0.375,-1.7433,HIGH_KN,True
2026-05-11,COALINDIA.NS,DOWN,VAL,RANGE,0.7279,0.5,MEDIUM,ALIGNED,0.5,-0.3014,HIGH_KN,True
2026-05-11,IDEAFORGE.NS,DOWN,VAL,RANGE,0.7238,0.625,HIGH,ALIGNED,0.375,-7.8722,HIGH_KN,True
2026-05-11,VOLTAS.NS,DOWN,VAL,RANGE,0.7114,0.75,HIGH,ALIGNED,0.25,-2.8243,HIGH_KN,True
2026-05-11,CHOLAFIN.NS,DOWN,VAL,RANGE,0.71,0.75,HIGH,ALIGNED,0.25,-3.9089,HIGH_KN,True
2026-05-11,KALYANKJIL.NS,DOWN,VAL,RANGE,0.7073,0.75,HIGH,ALIGNED,0.25,-6.0748,HIGH_KN,True
2026-05-12,STLTECH.NS,UP,VAL,RANGE,0.9672,0.75,HIGH,ALIGNED,0.25,1.7198,HIGH_KN,True
2026-05-12,TEJASNET.NS,UP,VAL,RANGE,0.9495,0.75,HIGH,ALIGNED,0.25,1.378,HIGH_KN,True
2026-05-12,MAPMYINDIA.NS,UP,VAL,RANGE,0.9318,0.75,HIGH,ALIGNED,0.25,1.7155,HIGH_KN,True
2026-05-12,ENDURANCE.NS,UP,VAL,RANGE,0.908,1.0,HIGH,ALIGNED,0.0,-1.904,HIGH_KN,False
2026-05-12,IDEA.NS,UP,VAL,RANGE,0.901,0.75,HIGH,ALIGNED,0.25,7.9058,HIGH_KN,True
2026-05-12,CERA.NS,UP,VAL,RANGE,0.8859,0.625,HIGH,ALIGNED,0.375,-1.9826,HIGH_KN,False
2026-05-12,COFORGE.NS,UP,VAL,RANGE,0.8786,0.75,HIGH,ALIGNED,0.25,-1.7646,HIGH_KN,False
2026-05-12,CRAFTSMAN.NS,UP,VAL,RANGE,0.8583,0.625,HIGH,ALIGNED,0.375,-1.1913,HIGH_KN,False
2026-05-12,HFCL.NS,UP,VAL,RANGE,0.8464,0.625,HIGH,ALIGNED,0.375,3.8436,HIGH_KN,True
2026-05-12,BIOCON.NS,UP,VAL,RANGE,0.8301,0.75,HIGH,ALIGNED,0.25,3.7644,HIGH_KN,True
2026-05-12,OIL.NS,UP,VAL,RANGE,0.825,1.0,HIGH,ALIGNED,0.0,3.2895,HIGH_KN,True
2026-05-12,OLECTRA.NS,UP,VAL,RANGE,0.8223,0.625,HIGH,ALIGNED,0.375,0.8425,HIGH_KN,True
2026-05-12,RATEGAIN.NS,UP,VAL,RANGE,0.8197,0.625,HIGH,ALIGNED,0.375,1.1552,HIGH_KN,True
2026-05-12,HINDZINC.NS,UP,VAL,RANGE,0.8192,0.75,HIGH,ALIGNED,0.25,3.9258,HIGH_KN,True
2026-05-12,PARAS.NS,UP,VAL,RANGE,0.7993,0.75,HIGH,ALIGNED,0.25,-0.8181,HIGH_KN,False
2026-05-12,RATNAMANI.NS,UP,VAL,RANGE,0.7947,0.75,HIGH,ALIGNED,0.25,-1.028,HIGH_KN,False
2026-05-12,DEEPAKNTR.NS,UP,VAL,RANGE,0.7782,0.375,MEDIUM,CONFLICT,0.625,0.4382,LOW_KN,True
2026-05-12,CENTUM.NS,UP,VAL,RANGE,0.7748,0.5,MEDIUM,ALIGNED,0.5,2.9121,HIGH_KN,True
2026-05-12,YESBANK.NS,UP,VAL,RANGE,0.7738,0.5,MEDIUM,ALIGNED,0.5,0.2267,HIGH_KN,True
2026-05-12,TATACONSUM.NS,UP,VAL,RANGE,0.7711,0.75,HIGH,ALIGNED,0.25,-1.4366,HIGH_KN,False
2026-05-12,IDEAFORGE.NS,DOWN,VAL,RANGE,0.9548,0.75,HIGH,ALIGNED,0.25,5.2553,HIGH_KN,False
2026-05-12,JYOTHYLAB.NS,DOWN,VAL,RANGE,0.8534,0.875,HIGH,ALIGNED,0.125,-2.4929,HIGH_KN,True
2026-05-12,ADANIENSOL.NS,DOWN,VAL,RANGE,0.7958,0.875,HIGH,ALIGNED,0.125,2.6396,HIGH_KN,False
2026-05-12,CHOLAFIN.NS,DOWN,VAL,RANGE,0.7947,0.75,HIGH,ALIGNED,0.25,0.8712,HIGH_KN,False
2026-05-12,KPITTECH.NS,DOWN,VAL,RANGE,0.7801,0.75,HIGH,ALIGNED,0.25,-0.1966,HIGH_KN,True
2026-05-12,KALYANKJIL.NS,DOWN,VAL,RANGE,0.7779,0.75,HIGH,ALIGNED,0.25,-1.7689,HIGH_KN,True
2026-05-12,NOCIL.NS,DOWN,VAL,RANGE,0.7772,0.75,HIGH,ALIGNED,0.25,1.4609,HIGH_KN,False
2026-05-12,TORNTPOWER.NS,DOWN,VAL,RANGE,0.7736,0.75,HIGH,ALIGNED,0.25,-8.7944,HIGH_KN,True
2026-05-12,GRSE.NS,DOWN,VAL,RANGE,0.7578,0.75,HIGH,ALIGNED,0.25,2.2248,HIGH_KN,False
2026-05-12,ROUTE.NS,DOWN,VAL,RANGE,0.7508,0.75,HIGH,ALIGNED,0.25,1.9621,HIGH_KN,False
2026-05-12,GLENMARK.NS,DOWN,VAL,RANGE,0.7456,0.75,HIGH,ALIGNED,0.25,0.9082,HIGH_KN,False
2026-05-12,OFSS.NS,DOWN,VAL,RANGE,0.7425,0.75,HIGH,ALIGNED,0.25,-0.91,HIGH_KN,True
2026-05-12,COCHINSHIP.NS,DOWN,VAL,RANGE,0.7381,0.625,HIGH,ALIGNED,0.375,2.2895,HIGH_KN,False
2026-05-12,SHYAMMETL.NS,DOWN,VAL,RANGE,0.7354,0.875,HIGH,ALIGNED,0.125,2.5544,HIGH_KN,False
2026-05-12,TITAN.NS,DOWN,VAL,RANGE,0.7286,0.75,HIGH,ALIGNED,0.25,0.8729,HIGH_KN,False
2026-05-12,TATACHEM.NS,DOWN,VAL,RANGE,0.7251,0.625,HIGH,ALIGNED,0.375,-0.2791,HIGH_KN,True
2026-05-12,GODREJCP.NS,DOWN,VAL,RANGE,0.7248,0.75,HIGH,ALIGNED,0.25,0.0291,HIGH_KN,False
2026-05-12,RELIANCE.NS,DOWN,VAL,RANGE,0.7129,0.75,HIGH,ALIGNED,0.25,-0.3812,HIGH_KN,True
2026-05-12,SUDARSCHEM.NS,DOWN,VAL,RANGE,0.7093,0.625,HIGH,ALIGNED,0.375,0.4402,HIGH_KN,False
2026-05-12,DATAPATTNS.NS,DOWN,VAL,RANGE,0.6924,0.625,HIGH,ALIGNED,0.375,3.2911,HIGH_KN,False
2026-05-13,MIDHANI.NS,UP,VAL,RANGE,0.9251,0.625,HIGH,ALIGNED,0.375,0.6921,HIGH_KN,True
2026-05-13,OIL.NS,UP,VAL,RANGE,0.8785,1.0,HIGH,ALIGNED,0.0,2.0607,HIGH_KN,True
2026-05-13,STLTECH.NS,UP,VAL,RANGE,0.8746,0.625,HIGH,ALIGNED,0.375,4.3811,HIGH_KN,True
2026-05-13,SAIL.NS,UP,VAL,RANGE,0.8729,0.75,HIGH,ALIGNED,0.25,-1.1077,HIGH_KN,False
2026-05-13,IDEA.NS,UP,VAL,RANGE,0.8563,0.625,HIGH,ALIGNED,0.375,1.0912,HIGH_KN,True
2026-05-13,MAPMYINDIA.NS,UP,VAL,RANGE,0.8446,0.875,HIGH,ALIGNED,0.125,-0.8823,HIGH_KN,False
2026-05-13,RATNAMANI.NS,UP,VAL,RANGE,0.8424,0.5,MEDIUM,ALIGNED,0.5,2.0563,HIGH_KN,True
2026-05-13,BIOCON.NS,UP,VAL,RANGE,0.8373,0.75,HIGH,ALIGNED,0.25,0.3352,HIGH_KN,True
2026-05-13,HINDZINC.NS,UP,VAL,RANGE,0.8222,0.75,HIGH,ALIGNED,0.25,0.3223,HIGH_KN,True
2026-05-13,ENDURANCE.NS,UP,VAL,RANGE,0.8188,0.75,HIGH,ALIGNED,0.25,3.5538,HIGH_KN,True
2026-05-13,CENTUM.NS,UP,VAL,RANGE,0.8185,0.75,HIGH,ALIGNED,0.25,-1.3801,HIGH_KN,False
2026-05-13,PARAS.NS,UP,VAL,RANGE,0.8061,0.375,MEDIUM,CONFLICT,0.625,-1.3727,LOW_KN,False
2026-05-13,CERA.NS,UP,VAL,RANGE,0.8029,0.75,HIGH,ALIGNED,0.25,-2.0572,HIGH_KN,False
2026-05-13,TIINDIA.NS,UP,VAL,RANGE,0.8022,0.625,HIGH,ALIGNED,0.375,-4.7671,HIGH_KN,False
2026-05-13,LAURUSLABS.NS,UP,VAL,RANGE,0.7976,0.75,HIGH,ALIGNED,0.25,2.7333,HIGH_KN,True
2026-05-13,METROBRAND.NS,UP,VAL,RANGE,0.7961,0.875,HIGH,ALIGNED,0.125,0.3919,HIGH_KN,True
2026-05-13,BASF.NS,UP,VAL,RANGE,0.7941,0.75,HIGH,ALIGNED,0.25,0.9455,HIGH_KN,True
2026-05-13,BHARATFORG.NS,UP,VAL,RANGE,0.7844,0.75,HIGH,ALIGNED,0.25,0.1542,HIGH_KN,True
2026-05-13,NATIONALUM.NS,UP,VAL,RANGE,0.782,0.875,HIGH,ALIGNED,0.125,2.0086,HIGH_KN,True
2026-05-13,CRAFTSMAN.NS,UP,VAL,RANGE,0.7722,0.25,LOW,CONFLICT,0.75,-0.2039,LOW_KN,False
2026-05-13,IDEAFORGE.NS,DOWN,VAL,RANGE,0.8839,0.625,HIGH,ALIGNED,0.375,9.9987,HIGH_KN,False
2026-05-13,KALYANKJIL.NS,DOWN,VAL,RANGE,0.8337,0.75,HIGH,ALIGNED,0.25,1.5757,HIGH_KN,False
2026-05-13,CHOLAFIN.NS,DOWN,VAL,RANGE,0.8293,0.75,HIGH,ALIGNED,0.25,-0.4763,HIGH_KN,True
2026-05-13,TORNTPOWER.NS,DOWN,VAL,RANGE,0.8205,0.75,HIGH,ALIGNED,0.25,0.0412,HIGH_KN,False
2026-05-13,ALKYLAMINE.NS,DOWN,VAL,RANGE,0.8188,0.625,HIGH,ALIGNED,0.375,6.9225,HIGH_KN,False
2026-05-13,JYOTHYLAB.NS,DOWN,VAL,RANGE,0.8178,0.75,HIGH,ALIGNED,0.25,-0.7176,HIGH_KN,True
2026-05-13,LUPIN.NS,DOWN,VAL,RANGE,0.7876,0.625,HIGH,ALIGNED,0.375,1.9227,HIGH_KN,False
2026-05-13,SHRIRAMFIN.NS,DOWN,VAL,RANGE,0.7866,0.75,HIGH,ALIGNED,0.25,1.5806,HIGH_KN,False
2026-05-13,INTELLECT.NS,DOWN,VAL,RANGE,0.7805,0.75,HIGH,ALIGNED,0.25,-3.8003,HIGH_KN,True
2026-05-13,ROUTE.NS,DOWN,VAL,RANGE,0.7805,0.625,HIGH,ALIGNED,0.375,-2.5594,HIGH_KN,True
2026-05-13,JSWENERGY.NS,DOWN,VAL,RANGE,0.7666,0.625,HIGH,ALIGNED,0.375,0.707,HIGH_KN,False
2026-05-13,INDUSINDBK.NS,DOWN,VAL,RANGE,0.7373,0.75,HIGH,ALIGNED,0.25,1.7255,HIGH_KN,False
2026-05-13,MGL.NS,DOWN,VAL,RANGE,0.7373,0.875,HIGH,ALIGNED,0.125,1.9582,HIGH_KN,False
2026-05-13,SBIN.NS,DOWN,VAL,RANGE,0.7359,0.75,HIGH,ALIGNED,0.25,1.0102,HIGH_KN,False
2026-05-13,GODREJPROP.NS,DOWN,VAL,RANGE,0.7354,0.625,HIGH,ALIGNED,0.375,0.1676,HIGH_KN,False
2026-05-13,NOCIL.NS,DOWN,VAL,RANGE,0.7324,0.625,HIGH,ALIGNED,0.375,-0.7762,HIGH_KN,True
2026-05-13,ONMOBILE.NS,DOWN,VAL,RANGE,0.7156,0.75,HIGH,ALIGNED,0.25,-1.0002,HIGH_KN,True
2026-05-13,ADANIENSOL.NS,DOWN,VAL,RANGE,0.7058,0.75,HIGH,ALIGNED,0.25,0.0683,HIGH_KN,False
2026-05-13,AMBER.NS,DOWN,VAL,RANGE,0.7052,0.625,HIGH,ALIGNED,0.375,-0.1446,HIGH_KN,True
2026-05-13,RATEGAIN.NS,DOWN,VAL,RANGE,0.7,0.625,HIGH,ALIGNED,0.375,2.7472,HIGH_KN,False
2026-05-14,IDEA.NS,UP,OOS,RANGE,0.9546,0.75,HIGH,ALIGNED,0.25,-0.1542,HIGH_KN,False
2026-05-14,OIL.NS,UP,OOS,RANGE,0.9051,1.0,HIGH,ALIGNED,0.0,0.1449,HIGH_KN,True
2026-05-14,SAIL.NS,UP,OOS,RANGE,0.8891,0.625,HIGH,ALIGNED,0.375,-3.3554,HIGH_KN,False
2026-05-14,METROBRAND.NS,UP,OOS,RANGE,0.8454,0.75,HIGH,ALIGNED,0.25,-1.9137,HIGH_KN,False
2026-05-14,RATNAMANI.NS,UP,OOS,RANGE,0.834,0.75,HIGH,ALIGNED,0.25,-6.7576,HIGH_KN,False
2026-05-14,STLTECH.NS,UP,OOS,RANGE,0.8284,0.5,MEDIUM,ALIGNED,0.5,-0.733,HIGH_KN,False
2026-05-14,BIOCON.NS,UP,OOS,RANGE,0.8252,0.625,HIGH,ALIGNED,0.375,2.6492,HIGH_KN,True
2026-05-14,TATACOMM.NS,UP,OOS,RANGE,0.8002,1.0,HIGH,ALIGNED,0.0,1.4431,HIGH_KN,True
2026-05-14,IDEAFORGE.NS,UP,OOS,RANGE,0.7971,0.625,HIGH,ALIGNED,0.375,-3.478,HIGH_KN,False
2026-05-14,MIDHANI.NS,UP,OOS,RANGE,0.7971,0.5,MEDIUM,ALIGNED,0.5,-3.2828,HIGH_KN,False
2026-05-14,ENDURANCE.NS,UP,OOS,RANGE,0.7876,0.625,HIGH,ALIGNED,0.375,-2.7142,HIGH_KN,False
2026-05-14,ONGC.NS,UP,OOS,RANGE,0.7825,1.0,HIGH,ALIGNED,0.0,-0.5151,HIGH_KN,False
2026-05-14,AJANTPHARM.NS,UP,OOS,RANGE,0.7786,0.625,HIGH,ALIGNED,0.375,-2.516,HIGH_KN,False
2026-05-14,NATIONALUM.NS,UP,OOS,RANGE,0.7779,0.75,HIGH,ALIGNED,0.25,-3.0856,HIGH_KN,False
2026-05-14,CIPLA.NS,UP,OOS,RANGE,0.7718,0.75,HIGH,ALIGNED,0.25,-0.3202,HIGH_KN,False
2026-05-14,LAURUSLABS.NS,UP,OOS,RANGE,0.767,0.5,MEDIUM,ALIGNED,0.5,0.6157,HIGH_KN,True
2026-05-14,ALKYLAMINE.NS,UP,OOS,RANGE,0.7633,0.875,HIGH,ALIGNED,0.125,-1.5657,HIGH_KN,False
2026-05-14,SOLARINDS.NS,UP,OOS,RANGE,0.7629,0.75,HIGH,ALIGNED,0.25,3.8944,HIGH_KN,True
2026-05-14,GNFC.NS,UP,OOS,RANGE,0.7609,0.625,HIGH,ALIGNED,0.375,-1.077,HIGH_KN,False
2026-05-14,HFCL.NS,UP,OOS,RANGE,0.7604,0.375,MEDIUM,CONFLICT,0.625,-2.4408,LOW_KN,False
2026-05-14,TEJASNET.NS,DOWN,OOS,RANGE,0.8975,0.75,HIGH,ALIGNED,0.25,-2.6853,HIGH_KN,True
2026-05-14,GRSE.NS,DOWN,OOS,RANGE,0.8568,0.75,HIGH,ALIGNED,0.25,-0.7208,HIGH_KN,True
2026-05-14,INTELLECT.NS,DOWN,OOS,RANGE,0.8284,0.75,HIGH,ALIGNED,0.25,-1.0092,HIGH_KN,True
2026-05-14,JYOTHYLAB.NS,DOWN,OOS,RANGE,0.8039,0.625,HIGH,ALIGNED,0.375,-0.9261,HIGH_KN,True
2026-05-14,ROUTE.NS,DOWN,OOS,RANGE,0.8002,0.75,HIGH,ALIGNED,0.25,-0.553,HIGH_KN,True
2026-05-14,CHOLAFIN.NS,DOWN,OOS,RANGE,0.7981,0.75,HIGH,ALIGNED,0.25,-1.3273,HIGH_KN,True
2026-05-14,AMBER.NS,DOWN,OOS,RANGE,0.7872,0.75,HIGH,ALIGNED,0.25,2.2682,HIGH_KN,False
2026-05-14,KALYANKJIL.NS,DOWN,OOS,RANGE,0.7757,0.625,HIGH,ALIGNED,0.375,-2.2022,HIGH_KN,True
2026-05-14,BEML.NS,DOWN,OOS,RANGE,0.7742,0.875,HIGH,ALIGNED,0.125,-2.4708,HIGH_KN,True
2026-05-14,TORNTPOWER.NS,DOWN,OOS,RANGE,0.7648,0.75,HIGH,ALIGNED,0.25,0.5694,HIGH_KN,False
2026-05-14,NOCIL.NS,DOWN,OOS,RANGE,0.7425,0.75,HIGH,ALIGNED,0.25,-1.7795,HIGH_KN,True
2026-05-14,COCHINSHIP.NS,DOWN,OOS,RANGE,0.7401,0.75,HIGH,ALIGNED,0.25,-3.0817,HIGH_KN,True
2026-05-14,SHRIRAMFIN.NS,DOWN,OOS,RANGE,0.7308,0.75,HIGH,ALIGNED,0.25,0.2994,HIGH_KN,False
2026-05-14,JSWENERGY.NS,DOWN,OOS,RANGE,0.7284,0.75,HIGH,ALIGNED,0.25,0.4388,HIGH_KN,False
2026-05-14,LUPIN.NS,DOWN,OOS,RANGE,0.7228,0.5,MEDIUM,ALIGNED,0.5,0.7971,HIGH_KN,False
2026-05-14,SBIN.NS,DOWN,OOS,RANGE,0.7223,0.5,MEDIUM,ALIGNED,0.5,-1.7043,HIGH_KN,True
2026-05-14,PARAS.NS,DOWN,OOS,RANGE,0.7219,0.875,HIGH,ALIGNED,0.125,-3.7988,HIGH_KN,True
2026-05-14,MGL.NS,DOWN,OOS,RANGE,0.7214,0.75,HIGH,ALIGNED,0.25,1.8924,HIGH_KN,False
2026-05-14,HFCL.NS,DOWN,OOS,RANGE,0.7138,0.5,MEDIUM,ALIGNED,0.5,-2.4408,HIGH_KN,True
2026-05-14,ONMOBILE.NS,DOWN,OOS,RANGE,0.7104,0.75,HIGH,ALIGNED,0.25,3.4612,HIGH_KN,False
2026-05-15,JPPOWER.NS,UP,OOS,RANGE,0.9444,1.0,HIGH,ALIGNED,0.0,-2.5077,HIGH_KN,False
2026-05-15,CROMPTON.NS,UP,OOS,RANGE,0.827,0.625,HIGH,ALIGNED,0.375,-2.8647,HIGH_KN,False
2026-05-15,BIOCON.NS,UP,OOS,RANGE,0.8262,0.75,HIGH,ALIGNED,0.25,-0.8951,HIGH_KN,False
2026-05-15,SOLARINDS.NS,UP,OOS,RANGE,0.8248,0.75,HIGH,ALIGNED,0.25,4.0718,HIGH_KN,True
2026-05-15,SAIL.NS,UP,OOS,RANGE,0.8223,0.75,HIGH,ALIGNED,0.25,0.1715,HIGH_KN,True
2026-05-15,POLICYBZR.NS,UP,OOS,RANGE,0.8088,0.875,HIGH,ALIGNED,0.125,3.5539,HIGH_KN,True
2026-05-15,ENDURANCE.NS,UP,OOS,RANGE,0.7944,0.625,HIGH,ALIGNED,0.375,-0.8554,HIGH_KN,False
2026-05-15,ADANIGREEN.NS,UP,OOS,RANGE,0.7929,0.5,MEDIUM,ALIGNED,0.5,-0.7252,HIGH_KN,False
2026-05-15,PFIZER.NS,UP,OOS,RANGE,0.7926,1.0,HIGH,ALIGNED,0.0,-1.9255,HIGH_KN,False
2026-05-15,OIL.NS,UP,OOS,RANGE,0.7826,0.875,HIGH,ALIGNED,0.125,-2.3635,HIGH_KN,False
2026-05-15,SAPPHIRE.NS,UP,OOS,RANGE,0.7814,0.75,HIGH,ALIGNED,0.25,0.496,HIGH_KN,True
2026-05-15,IDEA.NS,UP,OOS,RANGE,0.7787,0.625,HIGH,ALIGNED,0.375,-0.695,HIGH_KN,False
2026-05-15,GNFC.NS,UP,OOS,RANGE,0.7745,0.625,HIGH,ALIGNED,0.375,0.9235,HIGH_KN,True
2026-05-15,DRREDDY.NS,UP,OOS,RANGE,0.7664,1.0,HIGH,ALIGNED,0.0,-0.4115,HIGH_KN,False
2026-05-15,NATIONALUM.NS,UP,OOS,RANGE,0.7581,0.5,MEDIUM,ALIGNED,0.5,-0.7805,HIGH_KN,False
2026-05-15,BHARTIARTL.NS,UP,OOS,RANGE,0.7463,1.0,HIGH,ALIGNED,0.0,1.7162,HIGH_KN,True
2026-05-15,MAPMYINDIA.NS,UP,OOS,RANGE,0.7461,0.75,HIGH,ALIGNED,0.25,-7.3957,HIGH_KN,False
2026-05-15,AJANTPHARM.NS,UP,OOS,RANGE,0.7441,0.5,MEDIUM,ALIGNED,0.5,1.1614,HIGH_KN,True
2026-05-15,ONGC.NS,UP,OOS,RANGE,0.7404,0.875,HIGH,ALIGNED,0.125,-0.7182,HIGH_KN,False
2026-05-15,TATACONSUM.NS,UP,OOS,RANGE,0.738,0.625,HIGH,ALIGNED,0.375,-0.2431,HIGH_KN,False
2026-05-15,TEJASNET.NS,DOWN,OOS,RANGE,0.8882,0.75,HIGH,ALIGNED,0.25,-2.0303,HIGH_KN,True
2026-05-15,KALYANKJIL.NS,DOWN,OOS,RANGE,0.8635,0.75,HIGH,ALIGNED,0.25,-1.9686,HIGH_KN,True
2026-05-15,CRAFTSMAN.NS,DOWN,OOS,RANGE,0.8503,0.875,HIGH,ALIGNED,0.125,-0.4018,HIGH_KN,True
2026-05-15,GRSE.NS,DOWN,OOS,RANGE,0.8424,0.75,HIGH,ALIGNED,0.25,-3.8795,HIGH_KN,True
2026-05-15,INTELLECT.NS,DOWN,OOS,RANGE,0.8257,0.75,HIGH,ALIGNED,0.25,0.6627,HIGH_KN,False
2026-05-15,OLECTRA.NS,DOWN,OOS,RANGE,0.8053,0.875,HIGH,ALIGNED,0.125,-2.6662,HIGH_KN,True
2026-05-15,JYOTHYLAB.NS,DOWN,OOS,RANGE,0.798,0.625,HIGH,ALIGNED,0.375,-2.0064,HIGH_KN,True
2026-05-15,CHOLAFIN.NS,DOWN,OOS,RANGE,0.792,0.75,HIGH,ALIGNED,0.25,-1.1899,HIGH_KN,True
2026-05-15,RATNAMANI.NS,DOWN,OOS,RANGE,0.7797,0.875,HIGH,ALIGNED,0.125,-8.428,HIGH_KN,True
2026-05-15,HAL.NS,DOWN,OOS,RANGE,0.7778,0.875,HIGH,ALIGNED,0.125,-1.3611,HIGH_KN,True
2026-05-15,BEML.NS,DOWN,OOS,RANGE,0.7589,0.75,HIGH,ALIGNED,0.25,-1.1577,HIGH_KN,True
2026-05-15,YESBANK.NS,DOWN,OOS,RANGE,0.7447,0.5,MEDIUM,ALIGNED,0.5,-1.1781,HIGH_KN,True
2026-05-15,COFORGE.NS,DOWN,OOS,RANGE,0.7432,0.5,MEDIUM,ALIGNED,0.5,5.1478,HIGH_KN,False
2026-05-15,BASF.NS,DOWN,OOS,RANGE,0.7373,0.625,HIGH,ALIGNED,0.375,-0.6174,HIGH_KN,True
2026-05-15,PRESTIGE.NS,DOWN,OOS,RANGE,0.7368,0.75,HIGH,ALIGNED,0.25,0.0373,HIGH_KN,False
2026-05-15,CLEAN.NS,DOWN,OOS,RANGE,0.736,0.75,HIGH,ALIGNED,0.25,-2.4653,HIGH_KN,True
2026-05-15,PARAS.NS,DOWN,OOS,RANGE,0.7355,0.625,HIGH,ALIGNED,0.375,-1.3074,HIGH_KN,True
2026-05-15,IDEAFORGE.NS,DOWN,OOS,RANGE,0.7302,0.5,MEDIUM,ALIGNED,0.5,-0.1221,HIGH_KN,True
2026-05-15,MGL.NS,DOWN,OOS,RANGE,0.724,0.625,HIGH,ALIGNED,0.375,-2.6572,HIGH_KN,True
2026-05-15,TITAN.NS,DOWN,OOS,RANGE,0.7206,0.5,MEDIUM,ALIGNED,0.5,0.0144,HIGH_KN,False
2026-05-18,JPPOWER.NS,UP,OOS,RANGE,0.908,0.625,HIGH,ALIGNED,0.375,-1.1024,HIGH_KN,False
2026-05-18,SAIL.NS,UP,OOS,RANGE,0.8959,0.875,HIGH,ALIGNED,0.125,3.2792,HIGH_KN,True
2026-05-18,POLICYBZR.NS,UP,OOS,RANGE,0.8553,0.875,HIGH,ALIGNED,0.125,3.2317,HIGH_KN,True
2026-05-18,SOLARINDS.NS,UP,OOS,RANGE,0.8486,0.75,HIGH,ALIGNED,0.25,0.5383,HIGH_KN,True
2026-05-18,GNFC.NS,UP,OOS,RANGE,0.8309,0.875,HIGH,ALIGNED,0.125,5.1724,HIGH_KN,True
2026-05-18,VINATIORGA.NS,UP,OOS,RANGE,0.8203,0.875,HIGH,ALIGNED,0.125,-4.2633,HIGH_KN,False
2026-05-18,ADANIENSOL.NS,UP,OOS,RANGE,0.7804,0.625,HIGH,ALIGNED,0.375,0.0903,HIGH_KN,True
2026-05-18,SAPPHIRE.NS,UP,OOS,RANGE,0.7795,0.75,HIGH,ALIGNED,0.25,2.5512,HIGH_KN,True
2026-05-18,BHARTIARTL.NS,UP,OOS,RANGE,0.7727,1.0,HIGH,ALIGNED,0.0,-1.2693,HIGH_KN,False
2026-05-18,GODREJCP.NS,UP,OOS,RANGE,0.7643,0.5,MEDIUM,ALIGNED,0.5,0.7492,HIGH_KN,True
2026-05-18,MANAPPURAM.NS,UP,OOS,RANGE,0.7628,0.875,HIGH,ALIGNED,0.125,3.0056,HIGH_KN,True
2026-05-18,NATIONALUM.NS,UP,OOS,RANGE,0.7575,0.625,HIGH,ALIGNED,0.375,-0.3746,HIGH_KN,False
2026-05-18,BSE.NS,UP,OOS,RANGE,0.7493,0.625,HIGH,ALIGNED,0.375,1.7012,HIGH_KN,True
2026-05-18,SHYAMMETL.NS,UP,OOS,RANGE,0.7478,0.875,HIGH,ALIGNED,0.125,2.126,HIGH_KN,True
2026-05-18,ALKYLAMINE.NS,UP,OOS,RANGE,0.7411,0.75,HIGH,ALIGNED,0.25,3.232,HIGH_KN,True
2026-05-18,AJANTPHARM.NS,UP,OOS,RANGE,0.736,0.625,HIGH,ALIGNED,0.375,1.0609,HIGH_KN,True
2026-05-18,CIPLA.NS,UP,OOS,RANGE,0.7254,0.75,HIGH,ALIGNED,0.25,-1.1499,HIGH_KN,False
2026-05-18,OIL.NS,UP,OOS,RANGE,0.7229,0.625,HIGH,ALIGNED,0.375,-0.8596,HIGH_KN,False
2026-05-18,BLUESTARCO.NS,UP,OOS,RANGE,0.7191,0.375,MEDIUM,CONFLICT,0.625,2.9502,LOW_KN,True
2026-05-18,BIOCON.NS,UP,OOS,RANGE,0.6981,0.625,HIGH,ALIGNED,0.375,0.4457,HIGH_KN,True
2026-05-18,HFCL.NS,DOWN,OOS,RANGE,0.8865,0.75,HIGH,ALIGNED,0.25,-1.0881,HIGH_KN,True
2026-05-18,AMBER.NS,DOWN,OOS,RANGE,0.878,0.75,HIGH,ALIGNED,0.25,-0.3495,HIGH_KN,True
2026-05-18,RATNAMANI.NS,DOWN,OOS,RANGE,0.8686,0.875,HIGH,ALIGNED,0.125,2.6962,HIGH_KN,False
2026-05-18,TEJASNET.NS,DOWN,OOS,RANGE,0.8519,0.75,HIGH,ALIGNED,0.25,5.9537,HIGH_KN,False
2026-05-18,MAPMYINDIA.NS,DOWN,OOS,RANGE,0.8457,0.75,HIGH,ALIGNED,0.25,2.9283,HIGH_KN,False
2026-05-18,GRSE.NS,DOWN,OOS,RANGE,0.8389,0.625,HIGH,ALIGNED,0.375,2.9748,HIGH_KN,False
2026-05-18,OLECTRA.NS,DOWN,OOS,RANGE,0.8128,0.75,HIGH,ALIGNED,0.25,1.2368,HIGH_KN,False
2026-05-18,CERA.NS,DOWN,OOS,RANGE,0.8044,0.875,HIGH,ALIGNED,0.125,3.8679,HIGH_KN,False
2026-05-18,COCHINSHIP.NS,DOWN,OOS,RANGE,0.7911,0.75,HIGH,ALIGNED,0.25,-1.5791,HIGH_KN,True
2026-05-18,HAL.NS,DOWN,OOS,RANGE,0.7797,0.875,HIGH,ALIGNED,0.125,0.1549,HIGH_KN,False
2026-05-18,PARAS.NS,DOWN,OOS,RANGE,0.7729,0.625,HIGH,ALIGNED,0.375,2.6293,HIGH_KN,False
2026-05-18,YESBANK.NS,DOWN,OOS,RANGE,0.7612,0.75,HIGH,ALIGNED,0.25,0.7336,HIGH_KN,False
2026-05-18,BEML.NS,DOWN,OOS,RANGE,0.7579,0.75,HIGH,ALIGNED,0.25,3.3382,HIGH_KN,False
2026-05-18,KALYANKJIL.NS,DOWN,OOS,RANGE,0.743,0.75,HIGH,ALIGNED,0.25,-0.5634,HIGH_KN,True
2026-05-18,CLEAN.NS,DOWN,OOS,RANGE,0.7319,0.75,HIGH,ALIGNED,0.25,2.0595,HIGH_KN,False
2026-05-18,TVSMOTOR.NS,DOWN,OOS,RANGE,0.7314,0.75,HIGH,ALIGNED,0.25,-0.2309,HIGH_KN,True
2026-05-18,ENDURANCE.NS,DOWN,OOS,RANGE,0.7151,0.625,HIGH,ALIGNED,0.375,0.7322,HIGH_KN,False
2026-05-18,M&MFIN.NS,DOWN,OOS,RANGE,0.7145,0.625,HIGH,ALIGNED,0.375,0.7565,HIGH_KN,False
2026-05-18,APOLLOTYRE.NS,DOWN,OOS,RANGE,0.7104,0.75,HIGH,ALIGNED,0.25,-0.8663,HIGH_KN,True
2026-05-18,CENTUM.NS,DOWN,OOS,RANGE,0.7099,0.875,HIGH,ALIGNED,0.125,-0.0412,HIGH_KN,True
2026-05-19,DEEPAKFERT.NS,UP,OOS,RANGE,0.9104,1.0,HIGH,ALIGNED,0.0,-0.5059,HIGH_KN,False
2026-05-19,SAIL.NS,UP,OOS,RANGE,0.9059,0.875,HIGH,ALIGNED,0.125,-0.005,HIGH_KN,False
2026-05-19,POLICYBZR.NS,UP,OOS,RANGE,0.8948,0.75,HIGH,ALIGNED,0.25,1.3963,HIGH_KN,True
2026-05-19,RATEGAIN.NS,UP,OOS,RANGE,0.8943,1.0,HIGH,ALIGNED,0.0,-2.0932,HIGH_KN,False
2026-05-19,GNFC.NS,UP,OOS,RANGE,0.8871,0.75,HIGH,ALIGNED,0.25,-4.6708,HIGH_KN,False
2026-05-19,ADANIGREEN.NS,UP,OOS,RANGE,0.8775,0.75,HIGH,ALIGNED,0.25,-1.0597,HIGH_KN,False
2026-05-19,NOCIL.NS,UP,OOS,RANGE,0.8713,0.875,HIGH,ALIGNED,0.125,-2.1851,HIGH_KN,False
2026-05-19,KPITTECH.NS,UP,OOS,RANGE,0.8493,0.875,HIGH,ALIGNED,0.125,0.9547,HIGH_KN,True
2026-05-19,SOLARINDS.NS,UP,OOS,RANGE,0.8448,0.625,HIGH,ALIGNED,0.375,0.5189,HIGH_KN,True
2026-05-19,IDEA.NS,UP,OOS,RANGE,0.8441,0.625,HIGH,ALIGNED,0.375,0.4438,HIGH_KN,True
2026-05-19,JPPOWER.NS,UP,OOS,RANGE,0.8339,0.625,HIGH,ALIGNED,0.375,-2.8132,HIGH_KN,False
2026-05-19,SHYAMMETL.NS,UP,OOS,RANGE,0.8153,0.875,HIGH,ALIGNED,0.125,1.8885,HIGH_KN,True
2026-05-19,ADANIENSOL.NS,UP,OOS,RANGE,0.8035,0.625,HIGH,ALIGNED,0.375,1.2486,HIGH_KN,True
2026-05-19,PAGEIND.NS,UP,OOS,RANGE,0.7943,1.0,HIGH,ALIGNED,0.0,-1.0724,HIGH_KN,False
2026-05-19,VOLTAS.NS,UP,OOS,RANGE,0.7879,0.75,HIGH,ALIGNED,0.25,-0.522,HIGH_KN,False
2026-05-19,BSE.NS,UP,OOS,RANGE,0.7854,0.75,HIGH,ALIGNED,0.25,0.6634,HIGH_KN,True
2026-05-19,ALKYLAMINE.NS,UP,OOS,RANGE,0.7809,0.875,HIGH,ALIGNED,0.125,0.5831,HIGH_KN,True
2026-05-19,COFORGE.NS,UP,OOS,RANGE,0.775,0.875,HIGH,ALIGNED,0.125,-0.687,HIGH_KN,False
2026-05-19,MANAPPURAM.NS,UP,OOS,RANGE,0.7718,0.875,HIGH,ALIGNED,0.125,1.2211,HIGH_KN,True
2026-05-19,MPHASIS.NS,UP,OOS,RANGE,0.7718,0.875,HIGH,ALIGNED,0.125,0.3378,HIGH_KN,True
2026-05-19,HFCL.NS,DOWN,OOS,RANGE,0.933,0.75,HIGH,ALIGNED,0.25,0.8468,HIGH_KN,False
2026-05-19,AMBER.NS,DOWN,OOS,RANGE,0.8829,0.875,HIGH,ALIGNED,0.125,-1.1082,HIGH_KN,True
2026-05-19,RATNAMANI.NS,DOWN,OOS,RANGE,0.8668,0.625,HIGH,ALIGNED,0.375,0.2724,HIGH_KN,False
2026-05-19,MAPMYINDIA.NS,DOWN,OOS,RANGE,0.8355,0.625,HIGH,ALIGNED,0.375,-5.6538,HIGH_KN,True
2026-05-19,STLTECH.NS,DOWN,OOS,RANGE,0.815,0.625,HIGH,ALIGNED,0.375,0.9978,HIGH_KN,False
2026-05-19,HAL.NS,DOWN,OOS,RANGE,0.778,0.75,HIGH,ALIGNED,0.25,-0.1546,HIGH_KN,True
2026-05-19,CERA.NS,DOWN,OOS,RANGE,0.7704,0.5,MEDIUM,ALIGNED,0.5,-0.433,HIGH_KN,True
2026-05-19,OLECTRA.NS,DOWN,OOS,RANGE,0.7606,0.625,HIGH,ALIGNED,0.375,0.0984,HIGH_KN,False
2026-05-19,NATCOPHARM.NS,DOWN,OOS,RANGE,0.7559,0.625,HIGH,ALIGNED,0.375,2.246,HIGH_KN,False
2026-05-19,COCHINSHIP.NS,DOWN,OOS,RANGE,0.7468,0.75,HIGH,ALIGNED,0.25,1.2218,HIGH_KN,False
2026-05-19,TVSMOTOR.NS,DOWN,OOS,RANGE,0.7468,0.875,HIGH,ALIGNED,0.125,2.3908,HIGH_KN,False
2026-05-19,YESBANK.NS,DOWN,OOS,RANGE,0.7428,0.75,HIGH,ALIGNED,0.25,0.1365,HIGH_KN,False
2026-05-19,PARAS.NS,DOWN,OOS,RANGE,0.7363,0.625,HIGH,ALIGNED,0.375,-0.1638,HIGH_KN,True
2026-05-19,TEJASNET.NS,DOWN,OOS,RANGE,0.7334,0.5,MEDIUM,ALIGNED,0.5,0.7997,HIGH_KN,False
2026-05-19,CENTUM.NS,DOWN,OOS,RANGE,0.7269,0.75,HIGH,ALIGNED,0.25,3.0593,HIGH_KN,False
2026-05-19,SRF.NS,DOWN,OOS,RANGE,0.7217,0.75,HIGH,ALIGNED,0.25,-0.9063,HIGH_KN,True
2026-05-19,TATACONSUM.NS,DOWN,OOS,RANGE,0.7183,0.75,HIGH,ALIGNED,0.25,-0.1817,HIGH_KN,True
2026-05-19,BHARATFORG.NS,DOWN,OOS,RANGE,0.718,0.75,HIGH,ALIGNED,0.25,1.6637,HIGH_KN,False
2026-05-19,DABUR.NS,DOWN,OOS,RANGE,0.7167,0.75,HIGH,ALIGNED,0.25,-0.4196,HIGH_KN,True
2026-05-19,APOLLOTYRE.NS,DOWN,OOS,RANGE,0.7136,0.75,HIGH,ALIGNED,0.25,1.0756,HIGH_KN,False
2026-05-20,POLICYBZR.NS,UP,OOS,RANGE,0.9101,0.75,HIGH,ALIGNED,0.25,-0.5847,HIGH_KN,False
2026-05-20,ERIS.NS,UP,OOS,RANGE,0.8849,1.0,HIGH,ALIGNED,0.0,-4.9582,HIGH_KN,False
2026-05-20,TATACOMM.NS,UP,OOS,RANGE,0.8832,0.75,HIGH,ALIGNED,0.25,6.7977,HIGH_KN,True
2026-05-20,KPITTECH.NS,UP,OOS,RANGE,0.871,0.875,HIGH,ALIGNED,0.125,0.0133,HIGH_KN,True
2026-05-20,COFORGE.NS,UP,OOS,RANGE,0.8668,0.75,HIGH,ALIGNED,0.25,-1.8042,HIGH_KN,False
2026-05-20,GNFC.NS,UP,OOS,RANGE,0.8584,0.875,HIGH,ALIGNED,0.125,0.3362,HIGH_KN,True
2026-05-20,SOLARINDS.NS,UP,OOS,RANGE,0.8413,0.625,HIGH,ALIGNED,0.375,0.9995,HIGH_KN,True
2026-05-20,SHYAMMETL.NS,UP,OOS,RANGE,0.8342,0.875,HIGH,ALIGNED,0.125,1.3169,HIGH_KN,True
2026-05-20,ALKYLAMINE.NS,UP,OOS,RANGE,0.8235,0.875,HIGH,ALIGNED,0.125,-1.925,HIGH_KN,False
2026-05-20,RATEGAIN.NS,UP,OOS,RANGE,0.8144,0.75,HIGH,ALIGNED,0.25,-1.069,HIGH_KN,False
2026-05-20,JPPOWER.NS,UP,OOS,RANGE,0.8111,0.5,MEDIUM,ALIGNED,0.5,1.3654,HIGH_KN,True
2026-05-20,MGL.NS,UP,OOS,RANGE,0.8089,0.625,HIGH,ALIGNED,0.375,-2.0268,HIGH_KN,False
2026-05-20,MOTHERSON.NS,UP,OOS,RANGE,0.8035,1.0,HIGH,ALIGNED,0.0,3.6544,HIGH_KN,True
2026-05-20,IDEA.NS,UP,OOS,RANGE,0.7975,0.625,HIGH,ALIGNED,0.375,0.2946,HIGH_KN,True
2026-05-20,BSE.NS,UP,OOS,RANGE,0.7886,0.75,HIGH,ALIGNED,0.25,-0.7514,HIGH_KN,False
2026-05-20,DEEPAKFERT.NS,UP,OOS,RANGE,0.7812,0.625,HIGH,ALIGNED,0.375,5.0008,HIGH_KN,True
2026-05-20,PERSISTENT.NS,UP,OOS,RANGE,0.7688,0.875,HIGH,ALIGNED,0.125,-1.2805,HIGH_KN,False
2026-05-20,PAGEIND.NS,UP,OOS,RANGE,0.7567,0.75,HIGH,ALIGNED,0.25,0.2481,HIGH_KN,True
2026-05-20,OFSS.NS,UP,OOS,RANGE,0.7517,0.625,HIGH,ALIGNED,0.375,0.2783,HIGH_KN,True
2026-05-20,ADANIENSOL.NS,UP,OOS,RANGE,0.7433,0.75,HIGH,ALIGNED,0.25,-0.2897,HIGH_KN,False
2026-05-20,HFCL.NS,DOWN,OOS,RANGE,0.9257,0.625,HIGH,ALIGNED,0.375,1.7296,HIGH_KN,False
2026-05-20,MAPMYINDIA.NS,DOWN,OOS,RANGE,0.8842,0.75,HIGH,ALIGNED,0.25,-1.7545,HIGH_KN,True
2026-05-20,AMBER.NS,DOWN,OOS,RANGE,0.8809,0.875,HIGH,ALIGNED,0.125,6.9154,HIGH_KN,False
2026-05-20,RATNAMANI.NS,DOWN,OOS,RANGE,0.8532,0.625,HIGH,ALIGNED,0.375,-0.4331,HIGH_KN,True
2026-05-20,STLTECH.NS,DOWN,OOS,RANGE,0.8351,0.625,HIGH,ALIGNED,0.375,3.7664,HIGH_KN,False
2026-05-20,BASF.NS,DOWN,OOS,RANGE,0.82,0.875,HIGH,ALIGNED,0.125,-1.1094,HIGH_KN,True
2026-05-20,MIDHANI.NS,DOWN,OOS,RANGE,0.8107,0.75,HIGH,ALIGNED,0.25,0.9281,HIGH_KN,False
2026-05-20,HAL.NS,DOWN,OOS,RANGE,0.798,0.75,HIGH,ALIGNED,0.25,1.0147,HIGH_KN,False
2026-05-20,CENTUM.NS,DOWN,OOS,RANGE,0.7747,0.625,HIGH,ALIGNED,0.375,7.838,HIGH_KN,False
2026-05-20,VGUARD.NS,DOWN,OOS,RANGE,0.7743,0.625,HIGH,ALIGNED,0.375,-1.0226,HIGH_KN,True
2026-05-20,SAIL.NS,DOWN,OOS,RANGE,0.7658,0.625,HIGH,ALIGNED,0.375,-1.2611,HIGH_KN,True
2026-05-20,MUTHOOTFIN.NS,DOWN,OOS,RANGE,0.7592,0.75,HIGH,ALIGNED,0.25,-1.106,HIGH_KN,True
2026-05-20,CERA.NS,DOWN,OOS,RANGE,0.7565,0.625,HIGH,ALIGNED,0.375,0.6871,HIGH_KN,False
2026-05-20,COCHINSHIP.NS,DOWN,OOS,RANGE,0.7493,0.625,HIGH,ALIGNED,0.375,1.5387,HIGH_KN,False
2026-05-20,OLECTRA.NS,DOWN,OOS,RANGE,0.746,0.75,HIGH,ALIGNED,0.25,-0.8273,HIGH_KN,True
2026-05-20,HINDZINC.NS,DOWN,OOS,RANGE,0.74,0.75,HIGH,ALIGNED,0.25,-0.3807,HIGH_KN,True
2026-05-20,NCC.NS,DOWN,OOS,RANGE,0.728,0.625,HIGH,ALIGNED,0.375,0.4091,HIGH_KN,False
2026-05-20,BHARATFORG.NS,DOWN,OOS,RANGE,0.7249,0.625,HIGH,ALIGNED,0.375,0.5614,HIGH_KN,False
2026-05-20,PARAS.NS,DOWN,OOS,RANGE,0.7168,0.625,HIGH,ALIGNED,0.375,3.7868,HIGH_KN,False
2026-05-20,DATAPATTNS.NS,DOWN,OOS,RANGE,0.7151,0.625,HIGH,ALIGNED,0.375,2.6186,HIGH_KN,False
2026-05-21,SUDARSCHEM.NS,UP,OOS,RANGE,0.9568,1.0,HIGH,ALIGNED,0.0,3.1411,HIGH_KN,True
2026-05-21,CENTUM.NS,UP,OOS,RANGE,0.9476,1.0,HIGH,ALIGNED,0.0,-1.4104,HIGH_KN,False
2026-05-21,JPPOWER.NS,UP,OOS,RANGE,0.9161,0.75,HIGH,ALIGNED,0.25,1.0776,HIGH_KN,True
2026-05-21,DEEPAKFERT.NS,UP,OOS,RANGE,0.9032,1.0,HIGH,ALIGNED,0.0,6.5188,HIGH_KN,True
2026-05-21,TATACOMM.NS,UP,OOS,RANGE,0.8902,0.75,HIGH,ALIGNED,0.25,3.5701,HIGH_KN,True
2026-05-21,MOTHERSON.NS,UP,OOS,RANGE,0.8763,1.0,HIGH,ALIGNED,0.0,-0.5985,HIGH_KN,False
2026-05-21,WHIRLPOOL.NS,UP,OOS,RANGE,0.8678,0.875,HIGH,ALIGNED,0.125,-3.6127,HIGH_KN,False
2026-05-21,PARAS.NS,UP,OOS,RANGE,0.8385,0.875,HIGH,ALIGNED,0.125,2.6938,HIGH_KN,True
2026-05-21,METROBRAND.NS,UP,OOS,RANGE,0.8139,1.0,HIGH,ALIGNED,0.0,-3.565,HIGH_KN,False
2026-05-21,MANAPPURAM.NS,UP,OOS,RANGE,0.812,0.875,HIGH,ALIGNED,0.125,0.5273,HIGH_KN,True
2026-05-21,SHYAMMETL.NS,UP,OOS,RANGE,0.8085,0.875,HIGH,ALIGNED,0.125,1.3961,HIGH_KN,True
2026-05-21,KPITTECH.NS,UP,OOS,RANGE,0.7995,0.75,HIGH,ALIGNED,0.25,0.02,HIGH_KN,True
2026-05-21,PRESTIGE.NS,UP,OOS,RANGE,0.7963,0.75,HIGH,ALIGNED,0.25,0.2093,HIGH_KN,True
2026-05-21,TIINDIA.NS,UP,OOS,RANGE,0.7856,0.875,HIGH,ALIGNED,0.125,0.3566,HIGH_KN,True
2026-05-21,MASTEK.NS,UP,OOS,RANGE,0.7849,0.75,HIGH,ALIGNED,0.25,-0.4141,HIGH_KN,False
2026-05-21,RATEGAIN.NS,UP,OOS,RANGE,0.7827,0.75,HIGH,ALIGNED,0.25,9.5026,HIGH_KN,True
2026-05-21,ADANIENSOL.NS,UP,OOS,RANGE,0.7771,0.625,HIGH,ALIGNED,0.375,1.9148,HIGH_KN,True
2026-05-21,PAGEIND.NS,UP,OOS,RANGE,0.7759,0.875,HIGH,ALIGNED,0.125,2.8009,HIGH_KN,True
2026-05-21,COFORGE.NS,UP,OOS,RANGE,0.7712,0.75,HIGH,ALIGNED,0.25,0.7335,HIGH_KN,True
2026-05-21,IDEA.NS,UP,OOS,RANGE,0.7707,0.625,HIGH,ALIGNED,0.375,0.8076,HIGH_KN,True
2026-05-21,HFCL.NS,DOWN,OOS,RANGE,0.9071,0.5,MEDIUM,ALIGNED,0.5,4.5573,HIGH_KN,False
2026-05-21,MAPMYINDIA.NS,DOWN,OOS,RANGE,0.8773,0.625,HIGH,ALIGNED,0.375,-3.9288,HIGH_KN,True
2026-05-21,STLTECH.NS,DOWN,OOS,RANGE,0.8371,0.625,HIGH,ALIGNED,0.375,4.9982,HIGH_KN,False
2026-05-21,BASF.NS,DOWN,OOS,RANGE,0.8366,0.75,HIGH,ALIGNED,0.25,-2.6149,HIGH_KN,True
2026-05-21,AMBER.NS,DOWN,OOS,RANGE,0.8349,0.625,HIGH,ALIGNED,0.375,-2.3617,HIGH_KN,True
2026-05-21,RATNAMANI.NS,DOWN,OOS,RANGE,0.8095,0.625,HIGH,ALIGNED,0.375,1.3959,HIGH_KN,False
2026-05-21,MIDHANI.NS,DOWN,OOS,RANGE,0.8004,0.5,MEDIUM,ALIGNED,0.5,2.6967,HIGH_KN,False
2026-05-21,ADANIGREEN.NS,DOWN,OOS,RANGE,0.7994,0.75,HIGH,ALIGNED,0.25,0.3019,HIGH_KN,False
2026-05-21,AJANTPHARM.NS,DOWN,OOS,RANGE,0.7782,0.75,HIGH,ALIGNED,0.25,-1.3241,HIGH_KN,True
2026-05-21,MUTHOOTFIN.NS,DOWN,OOS,RANGE,0.7751,0.75,HIGH,ALIGNED,0.25,0.7333,HIGH_KN,False
2026-05-21,NCC.NS,DOWN,OOS,RANGE,0.7598,0.625,HIGH,ALIGNED,0.375,-0.7469,HIGH_KN,True
2026-05-21,YESBANK.NS,DOWN,OOS,RANGE,0.7586,0.75,HIGH,ALIGNED,0.25,1.3908,HIGH_KN,False
2026-05-21,NATCOPHARM.NS,DOWN,OOS,RANGE,0.7574,0.5,MEDIUM,ALIGNED,0.5,-0.3917,HIGH_KN,True
2026-05-21,HAL.NS,DOWN,OOS,RANGE,0.7401,0.5,MEDIUM,ALIGNED,0.5,-0.0458,HIGH_KN,True
2026-05-21,OIL.NS,DOWN,OOS,RANGE,0.7323,0.75,HIGH,ALIGNED,0.25,-0.7448,HIGH_KN,True
2026-05-21,HINDZINC.NS,DOWN,OOS,RANGE,0.7305,0.75,HIGH,ALIGNED,0.25,0.6687,HIGH_KN,False
2026-05-21,WELCORP.NS,DOWN,OOS,RANGE,0.7263,0.5,MEDIUM,ALIGNED,0.5,-3.9618,HIGH_KN,True
2026-05-21,CIPLA.NS,DOWN,OOS,RANGE,0.7233,0.75,HIGH,ALIGNED,0.25,-0.1926,HIGH_KN,True
2026-05-21,TATACONSUM.NS,DOWN,OOS,RANGE,0.7149,0.875,HIGH,ALIGNED,0.125,-0.2594,HIGH_KN,True
2026-05-21,OLECTRA.NS,DOWN,OOS,RANGE,0.7146,0.625,HIGH,ALIGNED,0.375,-0.2478,HIGH_KN,True
2026-05-22,RATEGAIN.NS,UP,OOS,RANGE,0.9773,0.875,HIGH,ALIGNED,0.125,1.5956,HIGH_KN,True
2026-05-22,SUDARSCHEM.NS,UP,OOS,RANGE,0.9488,0.875,HIGH,ALIGNED,0.125,3.0553,HIGH_KN,True
2026-05-22,DEEPAKFERT.NS,UP,OOS,RANGE,0.9411,0.875,HIGH,ALIGNED,0.125,-1.1805,HIGH_KN,False
2026-05-22,PARAS.NS,UP,OOS,RANGE,0.9397,0.875,HIGH,ALIGNED,0.125,5.3879,HIGH_KN,True
2026-05-22,TATACOMM.NS,UP,OOS,RANGE,0.9057,0.75,HIGH,ALIGNED,0.25,-1.4257,HIGH_KN,False
2026-05-22,CENTUM.NS,UP,OOS,RANGE,0.897,0.875,HIGH,ALIGNED,0.125,-0.4925,HIGH_KN,False
2026-05-22,ENDURANCE.NS,UP,OOS,RANGE,0.8675,1.0,HIGH,ALIGNED,0.0,2.9172,HIGH_KN,True
2026-05-22,SHYAMMETL.NS,UP,OOS,RANGE,0.8549,1.0,HIGH,ALIGNED,0.0,1.5035,HIGH_KN,True
2026-05-22,PRESTIGE.NS,UP,OOS,RANGE,0.8547,0.875,HIGH,ALIGNED,0.125,0.9291,HIGH_KN,True
2026-05-22,ADANIENSOL.NS,UP,OOS,RANGE,0.8384,0.875,HIGH,ALIGNED,0.125,2.661,HIGH_KN,True
2026-05-22,COFORGE.NS,UP,OOS,RANGE,0.8131,0.75,HIGH,ALIGNED,0.25,0.7858,HIGH_KN,True
2026-05-22,PERSISTENT.NS,UP,OOS,RANGE,0.8067,0.5,MEDIUM,ALIGNED,0.5,1.3621,HIGH_KN,True
2026-05-22,POLICYBZR.NS,UP,OOS,RANGE,0.8052,0.625,HIGH,ALIGNED,0.375,-0.0502,HIGH_KN,False
2026-05-22,PAGEIND.NS,UP,OOS,RANGE,0.8005,1.0,HIGH,ALIGNED,0.0,-2.3064,HIGH_KN,False
2026-05-22,MOTHERSON.NS,UP,OOS,RANGE,0.7951,0.875,HIGH,ALIGNED,0.125,-0.1983,HIGH_KN,False
2026-05-22,MANAPPURAM.NS,UP,OOS,RANGE,0.7933,0.75,HIGH,ALIGNED,0.25,0.4782,HIGH_KN,True
2026-05-22,DATAPATTNS.NS,UP,OOS,RANGE,0.7919,0.75,HIGH,ALIGNED,0.25,3.1816,HIGH_KN,True
2026-05-22,TIINDIA.NS,UP,OOS,RANGE,0.7754,0.875,HIGH,ALIGNED,0.125,1.2055,HIGH_KN,True
2026-05-22,NAUKRI.NS,UP,OOS,RANGE,0.7727,0.875,HIGH,ALIGNED,0.125,-2.3362,HIGH_KN,False
2026-05-22,ASHOKLEY.NS,UP,OOS,RANGE,0.7712,0.625,HIGH,ALIGNED,0.375,3.7103,HIGH_KN,True
2026-05-22,AMBER.NS,DOWN,OOS,RANGE,0.8847,0.75,HIGH,ALIGNED,0.25,1.3929,HIGH_KN,False
2026-05-22,MAPMYINDIA.NS,DOWN,OOS,RANGE,0.8835,0.625,HIGH,ALIGNED,0.375,0.6041,HIGH_KN,False
2026-05-22,BASF.NS,DOWN,OOS,RANGE,0.8416,0.625,HIGH,ALIGNED,0.375,0.7279,HIGH_KN,False
2026-05-22,ONMOBILE.NS,DOWN,OOS,RANGE,0.7825,0.625,HIGH,ALIGNED,0.375,1.8171,HIGH_KN,False
2026-05-22,GNFC.NS,DOWN,OOS,RANGE,0.7801,0.75,HIGH,ALIGNED,0.25,1.668,HIGH_KN,False
2026-05-22,NCC.NS,DOWN,OOS,RANGE,0.7739,0.75,HIGH,ALIGNED,0.25,3.277,HIGH_KN,False
2026-05-22,PFIZER.NS,DOWN,OOS,RANGE,0.7655,0.625,HIGH,ALIGNED,0.375,0.3939,HIGH_KN,False
2026-05-22,CIPLA.NS,DOWN,OOS,RANGE,0.7649,0.75,HIGH,ALIGNED,0.25,1.0506,HIGH_KN,False
2026-05-22,DEEPAKNTR.NS,DOWN,OOS,RANGE,0.7604,0.875,HIGH,ALIGNED,0.125,0.3506,HIGH_KN,False
2026-05-22,NATCOPHARM.NS,DOWN,OOS,RANGE,0.7484,0.625,HIGH,ALIGNED,0.375,0.2821,HIGH_KN,False
2026-05-22,OIL.NS,DOWN,OOS,RANGE,0.746,0.75,HIGH,ALIGNED,0.25,-3.4417,HIGH_KN,True
2026-05-22,BIOCON.NS,DOWN,OOS,RANGE,0.7438,0.5,MEDIUM,ALIGNED,0.5,-0.0465,HIGH_KN,True
2026-05-22,TATACONSUM.NS,DOWN,OOS,RANGE,0.7394,0.875,HIGH,ALIGNED,0.125,-0.386,HIGH_KN,True
2026-05-22,AJANTPHARM.NS,DOWN,OOS,RANGE,0.7292,0.625,HIGH,ALIGNED,0.375,-0.8367,HIGH_KN,True
2026-05-22,ADANIGREEN.NS,DOWN,OOS,RANGE,0.7177,0.625,HIGH,ALIGNED,0.375,3.5822,HIGH_KN,False
2026-05-22,STLTECH.NS,DOWN,OOS,RANGE,0.7099,0.25,LOW,CONFLICT,0.75,4.9983,LOW_KN,False
2026-05-22,WELCORP.NS,DOWN,OOS,RANGE,0.7045,0.875,HIGH,ALIGNED,0.125,1.5734,HIGH_KN,False
2026-05-22,VGUARD.NS,DOWN,OOS,RANGE,0.6961,0.875,HIGH,ALIGNED,0.125,0.4916,HIGH_KN,False
2026-05-22,JPPOWER.NS,DOWN,OOS,RANGE,0.6956,0.625,HIGH,ALIGNED,0.375,0.6397,HIGH_KN,False
2026-05-22,HFCL.NS,DOWN,OOS,RANGE,0.6955,0.375,MEDIUM,CONFLICT,0.625,9.8711,LOW_KN,False
2026-05-25,PARAS.NS,UP,OOS,RANGE,0.9723,1.0,HIGH,ALIGNED,0.0,0.2805,HIGH_KN,True
2026-05-25,HFCL.NS,UP,OOS,RANGE,0.9623,0.75,HIGH,ALIGNED,0.25,-0.6387,HIGH_KN,False
2026-05-25,RATEGAIN.NS,UP,OOS,RANGE,0.9444,0.75,HIGH,ALIGNED,0.25,0.6406,HIGH_KN,True
2026-05-25,SUDARSCHEM.NS,UP,OOS,RANGE,0.9282,0.75,HIGH,ALIGNED,0.25,-3.9082,HIGH_KN,False
2026-05-25,DATAPATTNS.NS,UP,OOS,RANGE,0.9025,0.875,HIGH,ALIGNED,0.125,0.1392,HIGH_KN,True
2026-05-25,DEEPAKFERT.NS,UP,OOS,RANGE,0.8973,0.75,HIGH,ALIGNED,0.25,-0.5355,HIGH_KN,False
2026-05-25,ENDURANCE.NS,UP,OOS,RANGE,0.887,0.625,HIGH,ALIGNED,0.375,-2.4382,HIGH_KN,False
2026-05-25,RAJESHEXPO.NS,UP,OOS,RANGE,0.8792,0.625,HIGH,ALIGNED,0.375,4.9996,HIGH_KN,True
2026-05-25,ASHOKLEY.NS,UP,OOS,RANGE,0.8716,1.0,HIGH,ALIGNED,0.0,-2.1575,HIGH_KN,False
2026-05-25,TATACOMM.NS,UP,OOS,RANGE,0.8676,0.5,MEDIUM,ALIGNED,0.5,3.7758,HIGH_KN,True
2026-05-25,CENTUM.NS,UP,OOS,RANGE,0.8549,0.75,HIGH,ALIGNED,0.25,-0.041,HIGH_KN,False
2026-05-25,BPCL.NS,UP,OOS,RANGE,0.8529,1.0,HIGH,ALIGNED,0.0,-1.1841,HIGH_KN,False
2026-05-25,IDEA.NS,UP,OOS,RANGE,0.8375,0.75,HIGH,ALIGNED,0.25,0.7123,HIGH_KN,True
2026-05-25,IOC.NS,UP,OOS,RANGE,0.8375,1.0,HIGH,ALIGNED,0.0,-1.0907,HIGH_KN,False
2026-05-25,PRESTIGE.NS,UP,OOS,RANGE,0.8299,0.75,HIGH,ALIGNED,0.25,0.0571,HIGH_KN,True
2026-05-25,SHYAMMETL.NS,UP,OOS,RANGE,0.8238,1.0,HIGH,ALIGNED,0.0,1.7723,HIGH_KN,True
2026-05-25,TEJASNET.NS,UP,OOS,RANGE,0.8181,0.75,HIGH,ALIGNED,0.25,5.7918,HIGH_KN,True
2026-05-25,AMBER.NS,UP,OOS,RANGE,0.8123,0.625,HIGH,ALIGNED,0.375,-2.0036,HIGH_KN,False
2026-05-25,MIDHANI.NS,UP,OOS,RANGE,0.7956,0.75,HIGH,ALIGNED,0.25,-0.4921,HIGH_KN,False
2026-05-25,ADANIENSOL.NS,UP,OOS,RANGE,0.7897,0.875,HIGH,ALIGNED,0.125,4.2014,HIGH_KN,True
2026-05-25,BASF.NS,DOWN,OOS,RANGE,0.8404,0.75,HIGH,ALIGNED,0.25,-0.6714,HIGH_KN,True
2026-05-25,VINATIORGA.NS,DOWN,OOS,RANGE,0.84,0.5,MEDIUM,ALIGNED,0.5,-0.3659,HIGH_KN,True
2026-05-25,GNFC.NS,DOWN,OOS,RANGE,0.8291,0.625,HIGH,ALIGNED,0.375,0.4271,HIGH_KN,False
2026-05-25,AJANTPHARM.NS,DOWN,OOS,RANGE,0.7958,0.625,HIGH,ALIGNED,0.375,0.5063,HIGH_KN,False
2026-05-25,BIOCON.NS,DOWN,OOS,RANGE,0.7814,0.625,HIGH,ALIGNED,0.375,1.4184,HIGH_KN,False
2026-05-25,CIPLA.NS,DOWN,OOS,RANGE,0.7792,0.625,HIGH,ALIGNED,0.375,0.2546,HIGH_KN,False
2026-05-25,PFIZER.NS,DOWN,OOS,RANGE,0.7743,0.625,HIGH,ALIGNED,0.375,-1.0108,HIGH_KN,True
2026-05-25,MAPMYINDIA.NS,DOWN,OOS,RANGE,0.7637,0.625,HIGH,ALIGNED,0.375,-2.6734,HIGH_KN,True
2026-05-25,ALKYLAMINE.NS,DOWN,OOS,RANGE,0.7369,0.5,MEDIUM,ALIGNED,0.5,-0.848,HIGH_KN,True
2026-05-25,TATACONSUM.NS,DOWN,OOS,RANGE,0.7351,0.75,HIGH,ALIGNED,0.25,0.0337,HIGH_KN,False
2026-05-25,ABBOTINDIA.NS,DOWN,OOS,RANGE,0.7345,0.625,HIGH,ALIGNED,0.375,-0.3429,HIGH_KN,True
2026-05-25,OIL.NS,DOWN,OOS,RANGE,0.7326,0.75,HIGH,ALIGNED,0.25,1.9791,HIGH_KN,False
2026-05-25,ONMOBILE.NS,DOWN,OOS,RANGE,0.7321,0.375,MEDIUM,CONFLICT,0.625,-0.3686,LOW_KN,True
2026-05-25,HINDZINC.NS,DOWN,OOS,RANGE,0.7231,0.625,HIGH,ALIGNED,0.375,2.0331,HIGH_KN,False
2026-05-25,SOLARINDS.NS,DOWN,OOS,RANGE,0.7213,0.375,MEDIUM,CONFLICT,0.625,0.555,LOW_KN,False
2026-05-25,TITAN.NS,DOWN,OOS,RANGE,0.7049,0.375,MEDIUM,CONFLICT,0.625,-1.2815,LOW_KN,True
2026-05-25,BOSCHLTD.NS,DOWN,OOS,RANGE,0.6971,0.75,HIGH,ALIGNED,0.25,-1.3082,HIGH_KN,True
2026-05-25,ZYDUSWELL.NS,DOWN,OOS,RANGE,0.6949,0.625,HIGH,ALIGNED,0.375,-1.0694,HIGH_KN,True
2026-05-25,POLICYBZR.NS,DOWN,OOS,RANGE,0.6839,0.625,HIGH,ALIGNED,0.375,-0.1395,HIGH_KN,True
2026-05-25,VGUARD.NS,DOWN,OOS,RANGE,0.6748,0.75,HIGH,ALIGNED,0.25,2.5603,HIGH_KN,False
2026-05-26,SUDARSCHEM.NS,UP,OOS,RANGE,0.9837,0.875,HIGH,ALIGNED,0.125,-2.4224,HIGH_KN,False
2026-05-26,TATACOMM.NS,UP,OOS,RANGE,0.9529,0.75,HIGH,ALIGNED,0.25,-2.1154,HIGH_KN,False
2026-05-26,TEJASNET.NS,UP,OOS,RANGE,0.9459,1.0,HIGH,ALIGNED,0.0,-1.426,HIGH_KN,False
2026-05-26,ADANIENSOL.NS,UP,OOS,RANGE,0.929,0.875,HIGH,ALIGNED,0.125,5.2484,HIGH_KN,True
2026-05-26,PARAS.NS,UP,OOS,RANGE,0.9278,0.875,HIGH,ALIGNED,0.125,-1.3401,HIGH_KN,False
2026-05-26,HFCL.NS,UP,OOS,RANGE,0.9198,0.5,MEDIUM,ALIGNED,0.5,7.4907,HIGH_KN,True
2026-05-26,RAJESHEXPO.NS,UP,OOS,RANGE,0.9088,0.75,HIGH,ALIGNED,0.25,3.0984,HIGH_KN,True
2026-05-26,FINPIPE.NS,UP,OOS,RANGE,0.8312,1.0,HIGH,ALIGNED,0.0,7.7411,HIGH_KN,True
2026-05-26,APOLLOTYRE.NS,UP,OOS,RANGE,0.8232,0.75,HIGH,ALIGNED,0.25,1.6529,HIGH_KN,True
2026-05-26,ASHOKLEY.NS,UP,OOS,RANGE,0.8212,0.625,HIGH,ALIGNED,0.375,1.9185,HIGH_KN,True
2026-05-26,DATAPATTNS.NS,UP,OOS,RANGE,0.821,0.75,HIGH,ALIGNED,0.25,0.9143,HIGH_KN,True
2026-05-26,IGL.NS,UP,OOS,RANGE,0.8207,1.0,HIGH,ALIGNED,0.0,-0.8433,HIGH_KN,False
2026-05-26,CENTUM.NS,UP,OOS,RANGE,0.8176,0.625,HIGH,ALIGNED,0.375,2.2362,HIGH_KN,True
2026-05-26,SHYAMMETL.NS,UP,OOS,RANGE,0.8161,1.0,HIGH,ALIGNED,0.0,-0.3115,HIGH_KN,False
2026-05-26,NAUKRI.NS,UP,OOS,RANGE,0.8132,1.0,HIGH,ALIGNED,0.0,2.5441,HIGH_KN,True
2026-05-26,GAIL.NS,UP,OOS,RANGE,0.8093,0.875,HIGH,ALIGNED,0.125,0.8173,HIGH_KN,True
2026-05-26,TATACHEM.NS,UP,OOS,RANGE,0.8076,0.75,HIGH,ALIGNED,0.25,-1.1928,HIGH_KN,False
2026-05-26,JSWENERGY.NS,UP,OOS,RANGE,0.8046,1.0,HIGH,ALIGNED,0.0,4.5226,HIGH_KN,True
2026-05-26,ADANIGREEN.NS,UP,OOS,RANGE,0.7973,0.625,HIGH,ALIGNED,0.375,2.23,HIGH_KN,True
2026-05-26,ENDURANCE.NS,UP,OOS,RANGE,0.7876,0.75,HIGH,ALIGNED,0.25,0.6074,HIGH_KN,True
2026-05-26,MAPMYINDIA.NS,DOWN,OOS,RANGE,0.8807,0.625,HIGH,ALIGNED,0.375,0.3085,HIGH_KN,False
2026-05-26,GNFC.NS,DOWN,OOS,RANGE,0.8775,0.625,HIGH,ALIGNED,0.375,-0.2127,HIGH_KN,True
2026-05-26,ZYDUSWELL.NS,DOWN,OOS,RANGE,0.7956,0.625,HIGH,ALIGNED,0.375,0.0832,HIGH_KN,False
2026-05-26,POLICYBZR.NS,DOWN,OOS,RANGE,0.7954,0.75,HIGH,ALIGNED,0.25,-0.2348,HIGH_KN,True
2026-05-26,BASF.NS,DOWN,OOS,RANGE,0.7751,0.75,HIGH,ALIGNED,0.25,-1.7529,HIGH_KN,True
2026-05-26,PFIZER.NS,DOWN,OOS,RANGE,0.7607,0.75,HIGH,ALIGNED,0.25,-0.4136,HIGH_KN,True
2026-05-26,NOCIL.NS,DOWN,OOS,RANGE,0.7522,0.625,HIGH,ALIGNED,0.375,0.7685,HIGH_KN,False
2026-05-26,BIKAJI.NS,DOWN,OOS,RANGE,0.75,0.75,HIGH,ALIGNED,0.25,-0.1722,HIGH_KN,True
2026-05-26,DEEPAKNTR.NS,DOWN,OOS,RANGE,0.7351,0.75,HIGH,ALIGNED,0.25,-0.7122,HIGH_KN,True
2026-05-26,PAGEIND.NS,DOWN,OOS,RANGE,0.7265,0.75,HIGH,ALIGNED,0.25,-0.4177,HIGH_KN,True
2026-05-26,BOSCHLTD.NS,DOWN,OOS,RANGE,0.7163,0.625,HIGH,ALIGNED,0.375,0.5581,HIGH_KN,False
2026-05-26,ROUTE.NS,DOWN,OOS,RANGE,0.7151,0.75,HIGH,ALIGNED,0.25,0.1362,HIGH_KN,False
2026-05-26,GLENMARK.NS,DOWN,OOS,RANGE,0.7065,0.5,MEDIUM,ALIGNED,0.5,1.4247,HIGH_KN,False
2026-05-26,SAIL.NS,DOWN,OOS,RANGE,0.7048,0.375,MEDIUM,CONFLICT,0.625,1.0891,LOW_KN,False
2026-05-26,SOLARINDS.NS,DOWN,OOS,RANGE,0.7022,0.375,MEDIUM,CONFLICT,0.625,0.9416,LOW_KN,False
2026-05-26,CIPLA.NS,DOWN,OOS,RANGE,0.7003,0.375,MEDIUM,CONFLICT,0.625,0.0494,LOW_KN,False
2026-05-26,AJANTPHARM.NS,DOWN,OOS,RANGE,0.6958,0.625,HIGH,ALIGNED,0.375,-2.4636,HIGH_KN,True
2026-05-26,INFY.NS,DOWN,OOS,RANGE,0.6927,0.625,HIGH,ALIGNED,0.375,-0.668,HIGH_KN,True
2026-05-26,CROMPTON.NS,DOWN,OOS,RANGE,0.6894,0.75,HIGH,ALIGNED,0.25,-0.2768,HIGH_KN,True
2026-05-26,COFORGE.NS,DOWN,OOS,RANGE,0.6872,0.375,MEDIUM,CONFLICT,0.625,-2.4178,LOW_KN,True
2026-05-27,JPPOWER.NS,UP,OOS,RANGE,0.9584,0.75,HIGH,ALIGNED,0.25,0.0,HIGH_KN,False
2026-05-27,ADANIENSOL.NS,UP,OOS,RANGE,0.9571,0.75,HIGH,ALIGNED,0.25,0.0,HIGH_KN,False
2026-05-27,RAJESHEXPO.NS,UP,OOS,RANGE,0.9377,1.0,HIGH,ALIGNED,0.0,0.0,HIGH_KN,False
2026-05-27,HFCL.NS,UP,OOS,RANGE,0.9308,0.625,HIGH,ALIGNED,0.375,0.0,HIGH_KN,False
2026-05-27,FINPIPE.NS,UP,OOS,RANGE,0.9276,0.75,HIGH,ALIGNED,0.25,0.0,HIGH_KN,False
2026-05-27,SUDARSCHEM.NS,UP,OOS,RANGE,0.9094,0.5,MEDIUM,ALIGNED,0.5,0.0,HIGH_KN,False
2026-05-27,CENTUM.NS,UP,OOS,RANGE,0.9071,0.875,HIGH,ALIGNED,0.125,0.0,HIGH_KN,False
2026-05-27,ADANIGREEN.NS,UP,OOS,RANGE,0.9057,0.75,HIGH,ALIGNED,0.25,0.0,HIGH_KN,False
2026-05-27,PARAS.NS,UP,OOS,RANGE,0.8882,0.75,HIGH,ALIGNED,0.25,0.0,HIGH_KN,False
2026-05-27,TIINDIA.NS,UP,OOS,RANGE,0.8707,1.0,HIGH,ALIGNED,0.0,0.0,HIGH_KN,False
2026-05-27,AMBER.NS,UP,OOS,RANGE,0.8665,0.75,HIGH,ALIGNED,0.25,0.0,HIGH_KN,False
2026-05-27,SUZLON.NS,UP,OOS,RANGE,0.8532,1.0,HIGH,ALIGNED,0.0,0.0,HIGH_KN,False
2026-05-27,JSWENERGY.NS,UP,OOS,RANGE,0.8498,0.875,HIGH,ALIGNED,0.125,0.0,HIGH_KN,False
2026-05-27,EXIDEIND.NS,UP,OOS,RANGE,0.8406,0.75,HIGH,ALIGNED,0.25,0.0,HIGH_KN,False
2026-05-27,DATAPATTNS.NS,UP,OOS,RANGE,0.8325,0.875,HIGH,ALIGNED,0.125,0.0,HIGH_KN,False
2026-05-27,MOTHERSON.NS,UP,OOS,RANGE,0.8244,1.0,HIGH,ALIGNED,0.0,0.0,HIGH_KN,False
2026-05-27,TATACOMM.NS,UP,OOS,RANGE,0.8116,0.5,MEDIUM,ALIGNED,0.5,0.0,HIGH_KN,False
2026-05-27,APOLLOTYRE.NS,UP,OOS,RANGE,0.7948,0.875,HIGH,ALIGNED,0.125,0.0,HIGH_KN,False
2026-05-27,NAUKRI.NS,UP,OOS,RANGE,0.7894,0.875,HIGH,ALIGNED,0.125,0.0,HIGH_KN,False
2026-05-27,WELCORP.NS,UP,OOS,RANGE,0.7867,0.875,HIGH,ALIGNED,0.125,0.0,HIGH_KN,False
2026-05-27,ERIS.NS,DOWN,OOS,RANGE,0.8672,0.5,MEDIUM,ALIGNED,0.5,0.0,HIGH_KN,False
2026-05-27,GNFC.NS,DOWN,OOS,RANGE,0.8275,0.625,HIGH,ALIGNED,0.375,0.0,HIGH_KN,False
2026-05-27,ZYDUSWELL.NS,DOWN,OOS,RANGE,0.7771,0.75,HIGH,ALIGNED,0.25,0.0,HIGH_KN,False
2026-05-27,COFORGE.NS,DOWN,OOS,RANGE,0.7737,0.625,HIGH,ALIGNED,0.375,0.0,HIGH_KN,False
2026-05-27,DEEPAKNTR.NS,DOWN,OOS,RANGE,0.7538,0.75,HIGH,ALIGNED,0.25,0.0,HIGH_KN,False
2026-05-27,BIOCON.NS,DOWN,OOS,RANGE,0.7478,0.625,HIGH,ALIGNED,0.375,0.0,HIGH_KN,False
2026-05-27,RVNL.NS,DOWN,OOS,RANGE,0.7478,0.75,HIGH,ALIGNED,0.25,0.0,HIGH_KN,False
2026-05-27,BIKAJI.NS,DOWN,OOS,RANGE,0.7409,0.75,HIGH,ALIGNED,0.25,0.0,HIGH_KN,False
2026-05-27,BSE.NS,DOWN,OOS,RANGE,0.7359,0.5,MEDIUM,ALIGNED,0.5,0.0,HIGH_KN,False
2026-05-27,MAPMYINDIA.NS,DOWN,OOS,RANGE,0.7342,0.625,HIGH,ALIGNED,0.375,0.0,HIGH_KN,False
2026-05-27,PFIZER.NS,DOWN,OOS,RANGE,0.734,0.75,HIGH,ALIGNED,0.25,0.0,HIGH_KN,False
2026-05-27,INFY.NS,DOWN,OOS,RANGE,0.7261,0.625,HIGH,ALIGNED,0.375,0.0,HIGH_KN,False
2026-05-27,WHIRLPOOL.NS,DOWN,OOS,RANGE,0.7236,0.625,HIGH,ALIGNED,0.375,0.0,HIGH_KN,False
2026-05-27,TORNTPOWER.NS,DOWN,OOS,RANGE,0.7234,0.75,HIGH,ALIGNED,0.25,0.0,HIGH_KN,False
2026-05-27,POLICYBZR.NS,DOWN,OOS,RANGE,0.7195,0.75,HIGH,ALIGNED,0.25,0.0,HIGH_KN,False
2026-05-27,PAGEIND.NS,DOWN,OOS,RANGE,0.7191,0.625,HIGH,ALIGNED,0.375,0.0,HIGH_KN,False
2026-05-27,LTTS.NS,DOWN,OOS,RANGE,0.7172,0.625,HIGH,ALIGNED,0.375,0.0,HIGH_KN,False
2026-05-27,VINATIORGA.NS,DOWN,OOS,RANGE,0.7151,0.625,HIGH,ALIGNED,0.375,0.0,HIGH_KN,False
2026-05-27,ONGC.NS,DOWN,OOS,RANGE,0.6936,0.75,HIGH,ALIGNED,0.25,0.0,HIGH_KN,False
2026-05-27,SOLARINDS.NS,DOWN,OOS,RANGE,0.688,0.375,MEDIUM,CONFLICT,0.625,0.0,LOW_KN,False
2026-05-29,JPPOWER.NS,UP,OOS,RANGE,0.9687,0.875,HIGH,ALIGNED,0.125,-14.0832,HIGH_KN,False
2026-05-29,CLEAN.NS,UP,OOS,RANGE,0.9019,0.875,HIGH,ALIGNED,0.125,-1.2414,HIGH_KN,False
2026-05-29,CENTUM.NS,UP,OOS,RANGE,0.8682,0.75,HIGH,ALIGNED,0.25,0.7836,HIGH_KN,True
2026-05-29,HFCL.NS,UP,OOS,RANGE,0.866,0.75,HIGH,ALIGNED,0.25,1.3004,HIGH_KN,True
2026-05-29,MOTHERSON.NS,UP,OOS,RANGE,0.86,1.0,HIGH,ALIGNED,0.0,-2.724,HIGH_KN,False
2026-05-29,RAJESHEXPO.NS,UP,OOS,RANGE,0.8583,0.75,HIGH,ALIGNED,0.25,-4.9945,HIGH_KN,False
2026-05-29,TEJASNET.NS,UP,OOS,RANGE,0.8539,0.875,HIGH,ALIGNED,0.125,1.0953,HIGH_KN,True
2026-05-29,WELCORP.NS,UP,OOS,RANGE,0.8248,1.0,HIGH,ALIGNED,0.0,0.0508,HIGH_KN,True
2026-05-29,ADANIGREEN.NS,UP,OOS,RANGE,0.8034,0.625,HIGH,ALIGNED,0.375,-1.9317,HIGH_KN,False
2026-05-29,ADANIENSOL.NS,UP,OOS,RANGE,0.801,0.75,HIGH,ALIGNED,0.25,-1.1102,HIGH_KN,False
2026-05-29,SUZLON.NS,UP,OOS,RANGE,0.7964,1.0,HIGH,ALIGNED,0.0,-5.3694,HIGH_KN,False
2026-05-29,NATIONALUM.NS,UP,OOS,RANGE,0.7891,0.875,HIGH,ALIGNED,0.125,2.2971,HIGH_KN,True
2026-05-29,NAUKRI.NS,UP,OOS,RANGE,0.7806,1.0,HIGH,ALIGNED,0.0,0.9095,HIGH_KN,True
2026-05-29,MGL.NS,UP,OOS,RANGE,0.7803,0.75,HIGH,ALIGNED,0.25,-1.6256,HIGH_KN,False
2026-05-29,ZYDUSWELL.NS,UP,OOS,RANGE,0.7789,0.875,HIGH,ALIGNED,0.125,-2.4948,HIGH_KN,False
2026-05-29,MIDHANI.NS,UP,OOS,RANGE,0.7784,1.0,HIGH,ALIGNED,0.0,-3.0548,HIGH_KN,False
2026-05-29,AMBER.NS,UP,OOS,RANGE,0.7757,0.75,HIGH,ALIGNED,0.25,0.1116,HIGH_KN,True
2026-05-29,FINPIPE.NS,UP,OOS,RANGE,0.7723,0.75,HIGH,ALIGNED,0.25,-4.4302,HIGH_KN,False
2026-05-29,ERIS.NS,UP,OOS,RANGE,0.7638,0.75,HIGH,ALIGNED,0.25,-1.4725,HIGH_KN,False
2026-05-29,OFSS.NS,UP,OOS,RANGE,0.7597,0.75,HIGH,ALIGNED,0.25,2.2782,HIGH_KN,True
2026-05-29,SUDARSCHEM.NS,DOWN,OOS,RANGE,0.8802,0.75,HIGH,ALIGNED,0.25,-3.3475,HIGH_KN,True
2026-05-29,DEEPAKFERT.NS,DOWN,OOS,RANGE,0.8438,0.875,HIGH,ALIGNED,0.125,0.0355,HIGH_KN,False
2026-05-29,TATACOMM.NS,DOWN,OOS,RANGE,0.8177,0.625,HIGH,ALIGNED,0.375,-1.1399,HIGH_KN,True
2026-05-29,TORNTPOWER.NS,DOWN,OOS,RANGE,0.8102,0.75,HIGH,ALIGNED,0.25,-0.5703,HIGH_KN,True
2026-05-29,NATCOPHARM.NS,DOWN,OOS,RANGE,0.7976,0.75,HIGH,ALIGNED,0.25,-8.1307,HIGH_KN,True
2026-05-29,BDL.NS,DOWN,OOS,RANGE,0.7898,0.75,HIGH,ALIGNED,0.25,-0.0498,HIGH_KN,True
2026-05-29,RVNL.NS,DOWN,OOS,RANGE,0.7772,0.75,HIGH,ALIGNED,0.25,-1.5848,HIGH_KN,True
2026-05-29,PAGEIND.NS,DOWN,OOS,RANGE,0.774,0.625,HIGH,ALIGNED,0.375,-2.5396,HIGH_KN,True
2026-05-29,ONGC.NS,DOWN,OOS,RANGE,0.7714,0.75,HIGH,ALIGNED,0.25,-0.4145,HIGH_KN,True
2026-05-29,METROBRAND.NS,DOWN,OOS,RANGE,0.7701,0.75,HIGH,ALIGNED,0.25,0.8103,HIGH_KN,False
2026-05-29,BEML.NS,DOWN,OOS,RANGE,0.7524,0.875,HIGH,ALIGNED,0.125,-0.1335,HIGH_KN,True
2026-05-29,OIL.NS,DOWN,OOS,RANGE,0.7138,0.875,HIGH,ALIGNED,0.125,1.3861,HIGH_KN,False
2026-05-29,VBL.NS,DOWN,OOS,RANGE,0.7033,0.75,HIGH,ALIGNED,0.25,-0.4735,HIGH_KN,True
2026-05-29,CROMPTON.NS,DOWN,OOS,RANGE,0.7001,0.75,HIGH,ALIGNED,0.25,-2.7565,HIGH_KN,True
2026-05-29,AJANTPHARM.NS,DOWN,OOS,RANGE,0.6983,0.875,HIGH,ALIGNED,0.125,0.0717,HIGH_KN,False
2026-05-29,DIVISLAB.NS,DOWN,OOS,RANGE,0.6899,0.875,HIGH,ALIGNED,0.125,-1.7024,HIGH_KN,True
2026-05-29,POLICYBZR.NS,DOWN,OOS,RANGE,0.6874,0.875,HIGH,ALIGNED,0.125,-1.8267,HIGH_KN,True
2026-05-29,BSE.NS,DOWN,OOS,RANGE,0.6837,0.75,HIGH,ALIGNED,0.25,-1.9175,HIGH_KN,True
2026-05-29,WHIRLPOOL.NS,DOWN,OOS,RANGE,0.6811,0.75,HIGH,ALIGNED,0.25,1.0091,HIGH_KN,False
2026-05-29,MASTEK.NS,DOWN,OOS,RANGE,0.6769,0.625,HIGH,ALIGNED,0.375,1.4136,HIGH_KN,False
2026-06-01,CENTUM.NS,UP,OOS,RANGE,0.9551,0.75,HIGH,ALIGNED,0.25,2.5261,HIGH_KN,True
2026-06-01,TEJASNET.NS,UP,OOS,RANGE,0.9403,0.75,HIGH,ALIGNED,0.25,2.1289,HIGH_KN,True
2026-06-01,OFSS.NS,UP,OOS,RANGE,0.8614,0.875,HIGH,ALIGNED,0.125,1.5062,HIGH_KN,True
2026-06-01,PERSISTENT.NS,UP,OOS,RANGE,0.8597,1.0,HIGH,ALIGNED,0.0,1.268,HIGH_KN,True
2026-06-01,MOTHERSON.NS,UP,OOS,RANGE,0.8572,0.625,HIGH,ALIGNED,0.375,2.2007,HIGH_KN,True
2026-06-01,JPPOWER.NS,UP,OOS,RANGE,0.8563,0.375,MEDIUM,CONFLICT,0.625,1.0644,LOW_KN,True
2026-06-01,OLECTRA.NS,UP,OOS,RANGE,0.8556,0.75,HIGH,ALIGNED,0.25,4.4369,HIGH_KN,True
2026-06-01,RATEGAIN.NS,UP,OOS,RANGE,0.8541,0.625,HIGH,ALIGNED,0.375,-0.3024,HIGH_KN,False
2026-06-01,BIKAJI.NS,UP,OOS,RANGE,0.8517,1.0,HIGH,ALIGNED,0.0,0.0602,HIGH_KN,True
2026-06-01,WELCORP.NS,UP,OOS,RANGE,0.8505,0.875,HIGH,ALIGNED,0.125,0.6678,HIGH_KN,True
2026-06-01,COFORGE.NS,UP,OOS,RANGE,0.8483,1.0,HIGH,ALIGNED,0.0,3.9899,HIGH_KN,True
2026-06-01,TECHM.NS,UP,OOS,RANGE,0.8307,1.0,HIGH,ALIGNED,0.0,1.8274,HIGH_KN,True
2026-06-01,COALINDIA.NS,UP,OOS,RANGE,0.8275,1.0,HIGH,ALIGNED,0.0,-0.0952,HIGH_KN,False
2026-06-01,NMDC.NS,UP,OOS,RANGE,0.8271,1.0,HIGH,ALIGNED,0.0,3.1829,HIGH_KN,True
2026-06-01,ADANIENSOL.NS,UP,OOS,RANGE,0.8268,0.625,HIGH,ALIGNED,0.375,2.2787,HIGH_KN,True
2026-06-01,CLEAN.NS,UP,OOS,RANGE,0.8002,0.625,HIGH,ALIGNED,0.375,-0.565,HIGH_KN,False
2026-06-01,NAUKRI.NS,UP,OOS,RANGE,0.7976,0.75,HIGH,ALIGNED,0.25,1.1603,HIGH_KN,True
2026-06-01,HFCL.NS,UP,OOS,RANGE,0.7937,0.5,MEDIUM,ALIGNED,0.5,4.2023,HIGH_KN,True
2026-06-01,INTELLECT.NS,UP,OOS,RANGE,0.7923,0.625,HIGH,ALIGNED,0.375,2.493,HIGH_KN,True
2026-06-01,ADANIGREEN.NS,UP,OOS,RANGE,0.7901,0.5,MEDIUM,ALIGNED,0.5,0.1728,HIGH_KN,True
2026-06-01,SUDARSCHEM.NS,DOWN,OOS,RANGE,0.8795,0.75,HIGH,ALIGNED,0.25,-1.0313,HIGH_KN,True
2026-06-01,DATAPATTNS.NS,DOWN,OOS,RANGE,0.8331,0.75,HIGH,ALIGNED,0.25,4.8256,HIGH_KN,False
2026-06-01,NATCOPHARM.NS,DOWN,OOS,RANGE,0.8244,0.75,HIGH,ALIGNED,0.25,0.6429,HIGH_KN,False
2026-06-01,NAVINFLUOR.NS,DOWN,OOS,RANGE,0.8088,0.875,HIGH,ALIGNED,0.125,0.7644,HIGH_KN,False
2026-06-01,ASHOKLEY.NS,DOWN,OOS,RANGE,0.7749,0.875,HIGH,ALIGNED,0.125,-0.4874,HIGH_KN,True
2026-06-01,RVNL.NS,DOWN,OOS,RANGE,0.7621,0.625,HIGH,ALIGNED,0.375,-0.3353,HIGH_KN,True
2026-06-01,DEEPAKFERT.NS,DOWN,OOS,RANGE,0.7615,0.625,HIGH,ALIGNED,0.375,-0.3474,HIGH_KN,True
2026-06-01,BSE.NS,DOWN,OOS,RANGE,0.7452,0.75,HIGH,ALIGNED,0.25,-3.3124,HIGH_KN,True
2026-06-01,BDL.NS,DOWN,OOS,RANGE,0.737,0.75,HIGH,ALIGNED,0.25,0.1744,HIGH_KN,False
2026-06-01,PARAS.NS,DOWN,OOS,RANGE,0.7362,0.5,MEDIUM,ALIGNED,0.5,4.8128,HIGH_KN,False
2026-06-01,CROMPTON.NS,DOWN,OOS,RANGE,0.7251,0.75,HIGH,ALIGNED,0.25,0.0183,HIGH_KN,False
2026-06-01,PNBHOUSING.NS,DOWN,OOS,RANGE,0.7167,0.625,HIGH,ALIGNED,0.375,-0.6481,HIGH_KN,True
2026-06-01,TATACOMM.NS,DOWN,OOS,RANGE,0.7164,0.625,HIGH,ALIGNED,0.375,-1.8738,HIGH_KN,True
2026-06-01,IOC.NS,DOWN,OOS,RANGE,0.713,0.75,HIGH,ALIGNED,0.25,0.0216,HIGH_KN,False
2026-06-01,BPCL.NS,DOWN,OOS,RANGE,0.7123,0.5,MEDIUM,ALIGNED,0.5,-0.8253,HIGH_KN,True
2026-06-01,EICHERMOT.NS,DOWN,OOS,RANGE,0.7058,0.625,HIGH,ALIGNED,0.375,0.5774,HIGH_KN,False
2026-06-01,GLENMARK.NS,DOWN,OOS,RANGE,0.7024,0.75,HIGH,ALIGNED,0.25,-0.7541,HIGH_KN,True
2026-06-01,CHOLAFIN.NS,DOWN,OOS,RANGE,0.6964,0.875,HIGH,ALIGNED,0.125,-0.6765,HIGH_KN,True
2026-06-01,METROBRAND.NS,DOWN,OOS,RANGE,0.6964,0.625,HIGH,ALIGNED,0.375,-0.4842,HIGH_KN,True
2026-06-01,TORNTPHARM.NS,DOWN,OOS,RANGE,0.6869,0.875,HIGH,ALIGNED,0.125,-0.7471,HIGH_KN,True
2026-06-02,STLTECH.NS,UP,OOS,RANGE,0.9405,0.75,HIGH,ALIGNED,0.25,4.9996,HIGH_KN,True
2026-06-02,MASTEK.NS,UP,OOS,RANGE,0.938,1.0,HIGH,ALIGNED,0.0,-2.639,HIGH_KN,False
2026-06-02,COFORGE.NS,UP,OOS,RANGE,0.9156,0.75,HIGH,ALIGNED,0.25,-6.489,HIGH_KN,False
2026-06-02,ALKYLAMINE.NS,UP,OOS,RANGE,0.9134,1.0,HIGH,ALIGNED,0.0,3.2664,HIGH_KN,True
2026-06-02,OLECTRA.NS,UP,OOS,RANGE,0.9044,0.875,HIGH,ALIGNED,0.125,2.8011,HIGH_KN,True
2026-06-02,PERSISTENT.NS,UP,OOS,RANGE,0.8824,0.75,HIGH,ALIGNED,0.25,-6.8184,HIGH_KN,False
2026-06-02,OFSS.NS,UP,OOS,RANGE,0.872,1.0,HIGH,ALIGNED,0.0,-3.3544,HIGH_KN,False
2026-06-02,INTELLECT.NS,UP,OOS,RANGE,0.8666,0.875,HIGH,ALIGNED,0.125,-0.441,HIGH_KN,False
2026-06-02,HFCL.NS,UP,OOS,RANGE,0.862,0.625,HIGH,ALIGNED,0.375,4.9858,HIGH_KN,True
2026-06-02,MPHASIS.NS,UP,OOS,RANGE,0.8476,0.875,HIGH,ALIGNED,0.125,-4.1546,HIGH_KN,False
2026-06-02,ZENSARTECH.NS,UP,OOS,RANGE,0.8473,1.0,HIGH,ALIGNED,0.0,-1.9617,HIGH_KN,False
2026-06-02,EXIDEIND.NS,UP,OOS,RANGE,0.8446,0.75,HIGH,ALIGNED,0.25,-1.7969,HIGH_KN,False
2026-06-02,MOTHERSON.NS,UP,OOS,RANGE,0.8349,0.875,HIGH,ALIGNED,0.125,0.4969,HIGH_KN,True
2026-06-02,NMDC.NS,UP,OOS,RANGE,0.8327,1.0,HIGH,ALIGNED,0.0,0.7659,HIGH_KN,True
2026-06-02,CENTUM.NS,UP,OOS,RANGE,0.8317,0.625,HIGH,ALIGNED,0.375,-0.2806,HIGH_KN,False
2026-06-02,INFY.NS,UP,OOS,RANGE,0.828,0.875,HIGH,ALIGNED,0.125,-3.7929,HIGH_KN,False
2026-06-02,BIKAJI.NS,UP,OOS,RANGE,0.8239,0.75,HIGH,ALIGNED,0.25,-2.4049,HIGH_KN,False
2026-06-02,TECHM.NS,UP,OOS,RANGE,0.8212,0.75,HIGH,ALIGNED,0.25,-6.3065,HIGH_KN,False
2026-06-02,BOSCHLTD.NS,UP,OOS,RANGE,0.81,1.0,HIGH,ALIGNED,0.0,1.4508,HIGH_KN,True
2026-06-02,ROUTE.NS,UP,OOS,RANGE,0.8041,0.875,HIGH,ALIGNED,0.125,-1.5762,HIGH_KN,False
2026-06-02,TATACOMM.NS,DOWN,OOS,RANGE,0.9092,0.75,HIGH,ALIGNED,0.25,1.4427,HIGH_KN,False
2026-06-02,SUDARSCHEM.NS,DOWN,OOS,RANGE,0.8788,0.75,HIGH,ALIGNED,0.25,-1.265,HIGH_KN,True
2026-06-02,BSE.NS,DOWN,OOS,RANGE,0.8348,0.875,HIGH,ALIGNED,0.125,0.8698,HIGH_KN,False
2026-06-02,NATCOPHARM.NS,DOWN,OOS,RANGE,0.8132,0.625,HIGH,ALIGNED,0.375,-0.511,HIGH_KN,True
2026-06-02,RAJESHEXPO.NS,DOWN,OOS,RANGE,0.8,0.875,HIGH,ALIGNED,0.125,2.4157,HIGH_KN,False
2026-06-02,NAVINFLUOR.NS,DOWN,OOS,RANGE,0.7824,0.75,HIGH,ALIGNED,0.25,-0.234,HIGH_KN,True
2026-06-02,ASHOKLEY.NS,DOWN,OOS,RANGE,0.7649,0.875,HIGH,ALIGNED,0.125,-2.1536,HIGH_KN,True
2026-06-02,NHPC.NS,DOWN,OOS,RANGE,0.7361,0.75,HIGH,ALIGNED,0.25,3.8871,HIGH_KN,False
2026-06-02,BDL.NS,DOWN,OOS,RANGE,0.728,0.75,HIGH,ALIGNED,0.25,1.7329,HIGH_KN,False
2026-06-02,GLENMARK.NS,DOWN,OOS,RANGE,0.7217,0.875,HIGH,ALIGNED,0.125,-0.4852,HIGH_KN,True
2026-06-02,IGL.NS,DOWN,OOS,RANGE,0.7217,0.625,HIGH,ALIGNED,0.375,0.3917,HIGH_KN,False
2026-06-02,PNBHOUSING.NS,DOWN,OOS,RANGE,0.7212,0.625,HIGH,ALIGNED,0.375,-0.3512,HIGH_KN,True
2026-06-02,SAPPHIRE.NS,DOWN,OOS,RANGE,0.7112,0.75,HIGH,ALIGNED,0.25,1.298,HIGH_KN,False
2026-06-02,DEEPAKFERT.NS,DOWN,OOS,RANGE,0.7063,0.75,HIGH,ALIGNED,0.25,0.0854,HIGH_KN,False
2026-06-02,PGHH.NS,DOWN,OOS,RANGE,0.7046,0.625,HIGH,ALIGNED,0.375,-0.9111,HIGH_KN,True
2026-06-02,DATAPATTNS.NS,DOWN,OOS,RANGE,0.7017,0.5,MEDIUM,ALIGNED,0.5,-0.8646,HIGH_KN,True
2026-06-02,TATACHEM.NS,DOWN,OOS,RANGE,0.7013,0.75,HIGH,ALIGNED,0.25,-2.4861,HIGH_KN,True
2026-06-02,CHOLAFIN.NS,DOWN,OOS,RANGE,0.701,0.625,HIGH,ALIGNED,0.375,-0.8228,HIGH_KN,True
2026-06-02,BPCL.NS,DOWN,OOS,RANGE,0.6878,0.75,HIGH,ALIGNED,0.25,-0.7812,HIGH_KN,True
2026-06-02,PETRONET.NS,DOWN,OOS,RANGE,0.6724,0.75,HIGH,ALIGNED,0.25,0.3532,HIGH_KN,False
2026-06-03,TEJASNET.NS,UP,OOS,RANGE,0.978,0.75,HIGH,ALIGNED,0.25,5.7444,HIGH_KN,True
2026-06-03,ALKYLAMINE.NS,UP,OOS,RANGE,0.9732,1.0,HIGH,ALIGNED,0.0,-1.9599,HIGH_KN,False
2026-06-03,OLECTRA.NS,UP,OOS,RANGE,0.9324,1.0,HIGH,ALIGNED,0.0,0.0076,HIGH_KN,True
2026-06-03,MASTEK.NS,UP,OOS,RANGE,0.8949,0.875,HIGH,ALIGNED,0.125,-0.5469,HIGH_KN,False
2026-06-03,MRPL.NS,UP,OOS,RANGE,0.8727,0.875,HIGH,ALIGNED,0.125,1.5763,HIGH_KN,True
2026-06-03,WELCORP.NS,UP,OOS,RANGE,0.8678,0.75,HIGH,ALIGNED,0.25,-0.7711,HIGH_KN,False
2026-06-03,COFORGE.NS,UP,OOS,RANGE,0.8598,0.625,HIGH,ALIGNED,0.375,1.0979,HIGH_KN,True
2026-06-03,CENTUM.NS,UP,OOS,RANGE,0.8451,0.5,MEDIUM,ALIGNED,0.5,-2.9889,HIGH_KN,False
2026-06-03,BOSCHLTD.NS,UP,OOS,RANGE,0.8427,0.875,HIGH,ALIGNED,0.125,-2.0127,HIGH_KN,False
2026-06-03,MPHASIS.NS,UP,OOS,RANGE,0.8393,0.75,HIGH,ALIGNED,0.25,1.1973,HIGH_KN,True
2026-06-03,ERIS.NS,UP,OOS,RANGE,0.8283,0.625,HIGH,ALIGNED,0.375,-2.133,HIGH_KN,False
2026-06-03,NMDC.NS,UP,OOS,RANGE,0.8256,0.875,HIGH,ALIGNED,0.125,-1.3953,HIGH_KN,False
2026-06-03,INFY.NS,UP,OOS,RANGE,0.8232,0.75,HIGH,ALIGNED,0.25,-1.7422,HIGH_KN,False
2026-06-03,STLTECH.NS,UP,OOS,RANGE,0.8207,0.5,MEDIUM,ALIGNED,0.5,4.9952,HIGH_KN,True
2026-06-03,TECHM.NS,UP,OOS,RANGE,0.8144,0.625,HIGH,ALIGNED,0.375,1.0188,HIGH_KN,True
2026-06-03,PERSISTENT.NS,UP,OOS,RANGE,0.8051,0.375,MEDIUM,CONFLICT,0.625,0.4708,LOW_KN,True
2026-06-03,BIKAJI.NS,UP,OOS,RANGE,0.8046,0.5,MEDIUM,ALIGNED,0.5,-0.5698,HIGH_KN,False
2026-06-03,HFCL.NS,UP,OOS,RANGE,0.791,0.5,MEDIUM,ALIGNED,0.5,-1.1684,HIGH_KN,False
2026-06-03,ZENSARTECH.NS,UP,OOS,RANGE,0.7861,0.75,HIGH,ALIGNED,0.25,-5.5321,HIGH_KN,False
2026-06-03,ROUTE.NS,UP,OOS,RANGE,0.7771,0.625,HIGH,ALIGNED,0.375,-0.1895,HIGH_KN,False
2026-06-03,JPPOWER.NS,DOWN,OOS,RANGE,0.8956,0.625,HIGH,ALIGNED,0.375,-1.5003,HIGH_KN,True
2026-06-03,SUDARSCHEM.NS,DOWN,OOS,RANGE,0.8705,0.75,HIGH,ALIGNED,0.25,0.2201,HIGH_KN,False
2026-06-03,ASHOKLEY.NS,DOWN,OOS,RANGE,0.8241,0.875,HIGH,ALIGNED,0.125,-0.96,HIGH_KN,True
2026-06-03,NATCOPHARM.NS,DOWN,OOS,RANGE,0.8007,0.875,HIGH,ALIGNED,0.125,-1.6907,HIGH_KN,True
2026-06-03,GLENMARK.NS,DOWN,OOS,RANGE,0.7841,0.875,HIGH,ALIGNED,0.125,0.3036,HIGH_KN,False
2026-06-03,RAJESHEXPO.NS,DOWN,OOS,RANGE,0.7744,0.75,HIGH,ALIGNED,0.25,-4.9918,HIGH_KN,True
2026-06-03,PGHH.NS,DOWN,OOS,RANGE,0.7732,0.625,HIGH,ALIGNED,0.375,1.6292,HIGH_KN,False
2026-06-03,NHPC.NS,DOWN,OOS,RANGE,0.7634,0.75,HIGH,ALIGNED,0.25,1.3582,HIGH_KN,False
2026-06-03,BSE.NS,DOWN,OOS,RANGE,0.7458,0.625,HIGH,ALIGNED,0.375,1.6969,HIGH_KN,False
2026-06-03,SUZLON.NS,DOWN,OOS,RANGE,0.7432,0.625,HIGH,ALIGNED,0.375,2.2426,HIGH_KN,False
2026-06-03,TATACOMM.NS,DOWN,OOS,RANGE,0.7396,0.625,HIGH,ALIGNED,0.375,2.6995,HIGH_KN,False
2026-06-03,JINDALPOLY.NS,DOWN,OOS,RANGE,0.7337,0.75,HIGH,ALIGNED,0.25,1.2895,HIGH_KN,False
2026-06-03,TATACHEM.NS,DOWN,OOS,RANGE,0.7327,0.625,HIGH,ALIGNED,0.375,0.1042,HIGH_KN,False
2026-06-03,ADANIGREEN.NS,DOWN,OOS,RANGE,0.7224,0.75,HIGH,ALIGNED,0.25,-0.2942,HIGH_KN,True
2026-06-03,HINDZINC.NS,DOWN,OOS,RANGE,0.7217,0.625,HIGH,ALIGNED,0.375,-1.0974,HIGH_KN,True
2026-06-03,DATAPATTNS.NS,DOWN,OOS,RANGE,0.7171,0.625,HIGH,ALIGNED,0.375,5.0621,HIGH_KN,False
2026-06-03,CHOLAFIN.NS,DOWN,OOS,RANGE,0.7149,0.75,HIGH,ALIGNED,0.25,1.0472,HIGH_KN,False
2026-06-03,OFSS.NS,DOWN,OOS,RANGE,0.7121,0.625,HIGH,ALIGNED,0.375,1.0053,HIGH_KN,False
2026-06-03,BPCL.NS,DOWN,OOS,RANGE,0.7093,0.75,HIGH,ALIGNED,0.25,1.0442,HIGH_KN,False
2026-06-03,PNBHOUSING.NS,DOWN,OOS,RANGE,0.7078,0.75,HIGH,ALIGNED,0.25,0.6445,HIGH_KN,False
2026-06-04,TEJASNET.NS,UP,OOS,RANGE,0.9862,0.75,HIGH,ALIGNED,0.25,-4.2778,HIGH_KN,False
2026-06-04,OLECTRA.NS,UP,OOS,RANGE,0.9583,0.875,HIGH,ALIGNED,0.125,-2.3083,HIGH_KN,False
2026-06-04,MIDHANI.NS,UP,OOS,RANGE,0.9553,1.0,HIGH,ALIGNED,0.0,-1.7372,HIGH_KN,False
2026-06-04,STLTECH.NS,UP,OOS,RANGE,0.9539,0.75,HIGH,ALIGNED,0.25,-4.9647,HIGH_KN,False
2026-06-04,PARAS.NS,UP,OOS,RANGE,0.9206,0.875,HIGH,ALIGNED,0.125,7.4234,HIGH_KN,True
2026-06-04,CENTUM.NS,UP,OOS,RANGE,0.8927,0.625,HIGH,ALIGNED,0.375,-0.6518,HIGH_KN,False
2026-06-04,MRPL.NS,UP,OOS,RANGE,0.8398,0.75,HIGH,ALIGNED,0.25,-1.0793,HIGH_KN,False
2026-06-04,IDEA.NS,UP,OOS,RANGE,0.8388,0.75,HIGH,ALIGNED,0.25,0.134,HIGH_KN,True
2026-06-04,VOLTAS.NS,UP,OOS,RANGE,0.8342,0.75,HIGH,ALIGNED,0.25,0.9172,HIGH_KN,True
2026-06-04,MPHASIS.NS,UP,OOS,RANGE,0.8226,0.875,HIGH,ALIGNED,0.125,0.6088,HIGH_KN,True
2026-06-04,HFCL.NS,UP,OOS,RANGE,0.8146,0.375,MEDIUM,CONFLICT,0.625,-4.998,LOW_KN,False
2026-06-04,DATAPATTNS.NS,UP,OOS,RANGE,0.8036,0.875,HIGH,ALIGNED,0.125,0.4818,HIGH_KN,True
2026-06-04,BIKAJI.NS,UP,OOS,RANGE,0.8,0.5,MEDIUM,ALIGNED,0.5,1.4483,HIGH_KN,True
2026-06-04,SAPPHIRE.NS,UP,OOS,RANGE,0.7915,0.625,HIGH,ALIGNED,0.375,-1.9018,HIGH_KN,False
2026-06-04,PAGEIND.NS,UP,OOS,RANGE,0.7908,1.0,HIGH,ALIGNED,0.0,-1.2617,HIGH_KN,False
2026-06-04,KALYANKJIL.NS,UP,OOS,RANGE,0.7796,0.625,HIGH,ALIGNED,0.375,2.6926,HIGH_KN,True
2026-06-04,ALKYLAMINE.NS,UP,OOS,RANGE,0.7772,0.75,HIGH,ALIGNED,0.25,-1.416,HIGH_KN,False
2026-06-04,TATACOMM.NS,UP,OOS,RANGE,0.7735,0.625,HIGH,ALIGNED,0.375,-0.6647,HIGH_KN,False
2026-06-04,MASTEK.NS,UP,OOS,RANGE,0.7709,0.75,HIGH,ALIGNED,0.25,-0.777,HIGH_KN,False
2026-06-04,RATNAMANI.NS,UP,OOS,RANGE,0.7658,0.625,HIGH,ALIGNED,0.375,-0.9658,HIGH_KN,False
2026-06-04,FINPIPE.NS,DOWN,OOS,RANGE,0.8777,0.75,HIGH,ALIGNED,0.25,-0.0058,HIGH_KN,True
2026-06-04,JPPOWER.NS,DOWN,OOS,RANGE,0.8723,0.625,HIGH,ALIGNED,0.375,-0.0525,HIGH_KN,True
2026-06-04,RAJESHEXPO.NS,DOWN,OOS,RANGE,0.8595,0.75,HIGH,ALIGNED,0.25,-4.9942,HIGH_KN,True
2026-06-04,SUDARSCHEM.NS,DOWN,OOS,RANGE,0.8459,0.75,HIGH,ALIGNED,0.25,-0.1352,HIGH_KN,True
2026-06-04,ASHOKLEY.NS,DOWN,OOS,RANGE,0.8325,0.75,HIGH,ALIGNED,0.25,0.5885,HIGH_KN,False
2026-06-04,NATCOPHARM.NS,DOWN,OOS,RANGE,0.7942,0.75,HIGH,ALIGNED,0.25,-2.7539,HIGH_KN,True
2026-06-04,GLENMARK.NS,DOWN,OOS,RANGE,0.7871,0.625,HIGH,ALIGNED,0.375,-0.6604,HIGH_KN,True
2026-06-04,JINDALPOLY.NS,DOWN,OOS,RANGE,0.7871,0.75,HIGH,ALIGNED,0.25,-1.3489,HIGH_KN,True
2026-06-04,POLICYBZR.NS,DOWN,OOS,RANGE,0.7772,0.625,HIGH,ALIGNED,0.375,-0.1432,HIGH_KN,True
2026-06-04,TATACHEM.NS,DOWN,OOS,RANGE,0.7723,0.75,HIGH,ALIGNED,0.25,-0.1666,HIGH_KN,True
2026-06-04,PGHH.NS,DOWN,OOS,RANGE,0.759,0.5,MEDIUM,ALIGNED,0.5,-0.5344,HIGH_KN,True
2026-06-04,NHPC.NS,DOWN,OOS,RANGE,0.749,0.75,HIGH,ALIGNED,0.25,-1.5108,HIGH_KN,True
2026-06-04,NATIONALUM.NS,DOWN,OOS,RANGE,0.743,0.75,HIGH,ALIGNED,0.25,-4.4203,HIGH_KN,True
2026-06-04,BSE.NS,DOWN,OOS,RANGE,0.7367,0.625,HIGH,ALIGNED,0.375,-3.8032,HIGH_KN,True
2026-06-04,CHOLAFIN.NS,DOWN,OOS,RANGE,0.732,0.625,HIGH,ALIGNED,0.375,1.1575,HIGH_KN,False
2026-06-04,PNBHOUSING.NS,DOWN,OOS,RANGE,0.7255,0.625,HIGH,ALIGNED,0.375,-0.1701,HIGH_KN,True
2026-06-04,VEDL.NS,DOWN,OOS,RANGE,0.707,0.625,HIGH,ALIGNED,0.375,-3.6336,HIGH_KN,True
2026-06-04,LTTS.NS,DOWN,OOS,RANGE,0.7017,0.625,HIGH,ALIGNED,0.375,-1.8154,HIGH_KN,True
2026-06-04,SUZLON.NS,DOWN,OOS,RANGE,0.6917,0.5,MEDIUM,ALIGNED,0.5,-0.5574,HIGH_KN,True
2026-06-04,OFSS.NS,DOWN,OOS,RANGE,0.6828,0.625,HIGH,ALIGNED,0.375,-1.5993,HIGH_KN,True
2026-06-05,PARAS.NS,UP,OOS,RANGE,0.9927,1.0,HIGH,ALIGNED,0.0,0.4791,HIGH_KN,True
2026-06-05,TEJASNET.NS,UP,OOS,RANGE,0.8961,0.625,HIGH,ALIGNED,0.375,-5.8487,HIGH_KN,False
2026-06-05,DATAPATTNS.NS,UP,OOS,RANGE,0.8886,1.0,HIGH,ALIGNED,0.0,-1.6925,HIGH_KN,False
2026-06-05,OLECTRA.NS,UP,OOS,RANGE,0.8697,0.625,HIGH,ALIGNED,0.375,-3.9355,HIGH_KN,False
2026-06-05,NMDC.NS,UP,OOS,RANGE,0.8587,0.75,HIGH,ALIGNED,0.25,-3.563,HIGH_KN,False
2026-06-05,STLTECH.NS,UP,OOS,RANGE,0.8483,0.5,MEDIUM,ALIGNED,0.5,-4.998,HIGH_KN,False
2026-06-05,MIDHANI.NS,UP,OOS,RANGE,0.8449,0.75,HIGH,ALIGNED,0.25,-3.375,HIGH_KN,False
2026-06-05,MAPMYINDIA.NS,UP,OOS,RANGE,0.8299,0.75,HIGH,ALIGNED,0.25,-1.4706,HIGH_KN,False
2026-06-05,VOLTAS.NS,UP,OOS,RANGE,0.8255,0.75,HIGH,ALIGNED,0.25,-1.7022,HIGH_KN,False
2026-06-05,IDEA.NS,UP,OOS,RANGE,0.8201,0.625,HIGH,ALIGNED,0.375,-3.6789,HIGH_KN,False
2026-06-05,FINEORG.NS,UP,OOS,RANGE,0.8017,1.0,HIGH,ALIGNED,0.0,-1.2935,HIGH_KN,False
2026-06-05,COROMANDEL.NS,UP,OOS,RANGE,0.7981,0.625,HIGH,ALIGNED,0.375,-2.5434,HIGH_KN,False
2026-06-05,ADANIENSOL.NS,UP,OOS,RANGE,0.7905,0.875,HIGH,ALIGNED,0.125,-0.5446,HIGH_KN,False
2026-06-05,PRESTIGE.NS,UP,OOS,RANGE,0.7862,0.75,HIGH,ALIGNED,0.25,-3.8737,HIGH_KN,False
2026-06-05,ADANIGREEN.NS,UP,OOS,RANGE,0.784,0.75,HIGH,ALIGNED,0.25,-2.3071,HIGH_KN,False
2026-06-05,ALKYLAMINE.NS,UP,OOS,RANGE,0.7772,0.625,HIGH,ALIGNED,0.375,0.7604,HIGH_KN,True
2026-06-05,MRPL.NS,UP,OOS,RANGE,0.7743,0.625,HIGH,ALIGNED,0.375,-2.1627,HIGH_KN,False
2026-06-05,IDEAFORGE.NS,UP,OOS,RANGE,0.7699,0.625,HIGH,ALIGNED,0.375,-0.6614,HIGH_KN,False
2026-06-05,AJANTPHARM.NS,UP,OOS,RANGE,0.7694,0.75,HIGH,ALIGNED,0.25,-0.2587,HIGH_KN,False
2026-06-05,CANBK.NS,UP,OOS,RANGE,0.7602,1.0,HIGH,ALIGNED,0.0,-2.8717,HIGH_KN,False
2026-06-05,RAJESHEXPO.NS,DOWN,OOS,RANGE,0.8813,0.625,HIGH,ALIGNED,0.375,-4.9934,HIGH_KN,True
2026-06-05,JPPOWER.NS,DOWN,OOS,RANGE,0.8617,0.5,MEDIUM,ALIGNED,0.5,-2.7325,HIGH_KN,True
2026-06-05,NATIONALUM.NS,DOWN,OOS,RANGE,0.8476,0.75,HIGH,ALIGNED,0.25,-4.4225,HIGH_KN,True
2026-06-05,LTTS.NS,DOWN,OOS,RANGE,0.8182,0.75,HIGH,ALIGNED,0.25,-1.4785,HIGH_KN,True
2026-06-05,BSE.NS,DOWN,OOS,RANGE,0.8022,0.875,HIGH,ALIGNED,0.125,0.9485,HIGH_KN,False
2026-06-05,GLENMARK.NS,DOWN,OOS,RANGE,0.7886,0.75,HIGH,ALIGNED,0.25,0.4755,HIGH_KN,False
2026-06-05,MOTHERSON.NS,DOWN,OOS,RANGE,0.7842,0.75,HIGH,ALIGNED,0.25,-3.1694,HIGH_KN,True
2026-06-05,NHPC.NS,DOWN,OOS,RANGE,0.783,0.75,HIGH,ALIGNED,0.25,-1.9474,HIGH_KN,True
2026-06-05,TATACHEM.NS,DOWN,OOS,RANGE,0.7791,0.75,HIGH,ALIGNED,0.25,-0.1807,HIGH_KN,True
2026-06-05,ASHOKLEY.NS,DOWN,OOS,RANGE,0.7752,0.625,HIGH,ALIGNED,0.375,-2.9389,HIGH_KN,True
2026-06-05,VEDL.NS,DOWN,OOS,RANGE,0.765,0.75,HIGH,ALIGNED,0.25,-3.5963,HIGH_KN,True
2026-06-05,PERSISTENT.NS,DOWN,OOS,RANGE,0.7592,0.75,HIGH,ALIGNED,0.25,0.526,HIGH_KN,False
2026-06-05,HINDZINC.NS,DOWN,OOS,RANGE,0.751,0.75,HIGH,ALIGNED,0.25,-1.9054,HIGH_KN,True
2026-06-05,POLICYBZR.NS,DOWN,OOS,RANGE,0.7493,0.75,HIGH,ALIGNED,0.25,-1.4471,HIGH_KN,True
2026-06-05,SUZLON.NS,DOWN,OOS,RANGE,0.7488,0.5,MEDIUM,ALIGNED,0.5,-1.591,HIGH_KN,True
2026-06-05,ERIS.NS,DOWN,OOS,RANGE,0.748,0.5,MEDIUM,ALIGNED,0.5,-0.0073,HIGH_KN,True
2026-06-05,ALKEM.NS,DOWN,OOS,RANGE,0.7218,0.625,HIGH,ALIGNED,0.375,1.9994,HIGH_KN,False
2026-06-05,WIPRO.NS,DOWN,OOS,RANGE,0.7114,0.75,HIGH,ALIGNED,0.25,-8.3732,HIGH_KN,True
2026-06-05,M&MFIN.NS,DOWN,OOS,RANGE,0.7095,0.75,HIGH,ALIGNED,0.25,-3.1396,HIGH_KN,True
2026-06-05,SOBHA.NS,DOWN,OOS,RANGE,0.6968,0.75,HIGH,ALIGNED,0.25,-3.7167,HIGH_KN,True
2026-06-08,PARAS.NS,UP,OOS,RANGE,0.9854,0.875,HIGH,ALIGNED,0.125,7.7118,HIGH_KN,True
2026-06-08,IDEAFORGE.NS,UP,OOS,RANGE,0.9718,0.875,HIGH,ALIGNED,0.125,2.7856,HIGH_KN,True
2026-06-08,DATAPATTNS.NS,UP,OOS,RANGE,0.9177,0.75,HIGH,ALIGNED,0.25,10.0741,HIGH_KN,True
2026-06-08,ZYDUSWELL.NS,UP,OOS,RANGE,0.9034,1.0,HIGH,ALIGNED,0.0,-2.7221,HIGH_KN,False
2026-06-08,DEEPAKFERT.NS,UP,OOS,RANGE,0.8971,1.0,HIGH,ALIGNED,0.0,4.6156,HIGH_KN,True
2026-06-08,FINEORG.NS,UP,OOS,RANGE,0.8748,1.0,HIGH,ALIGNED,0.0,0.9482,HIGH_KN,True
2026-06-08,VOLTAS.NS,UP,OOS,RANGE,0.8614,0.625,HIGH,ALIGNED,0.375,2.2097,HIGH_KN,True
2026-06-08,MIDHANI.NS,UP,OOS,RANGE,0.8612,0.75,HIGH,ALIGNED,0.25,7.0096,HIGH_KN,True
2026-06-08,ADANIENSOL.NS,UP,OOS,RANGE,0.8478,0.875,HIGH,ALIGNED,0.125,0.5604,HIGH_KN,True
2026-06-08,BEML.NS,UP,OOS,RANGE,0.8206,0.5,MEDIUM,ALIGNED,0.5,1.3093,HIGH_KN,True
2026-06-08,SAPPHIRE.NS,UP,OOS,RANGE,0.8143,0.75,HIGH,ALIGNED,0.25,-0.0226,HIGH_KN,False
2026-06-08,MRPL.NS,UP,OOS,RANGE,0.8058,0.375,MEDIUM,CONFLICT,0.625,5.8001,LOW_KN,True
2026-06-08,STLTECH.NS,UP,OOS,RANGE,0.7971,0.25,LOW,CONFLICT,0.75,4.1985,LOW_KN,True
2026-06-08,ALKYLAMINE.NS,UP,OOS,RANGE,0.79,0.75,HIGH,ALIGNED,0.25,3.4996,HIGH_KN,True
2026-06-08,CANBK.NS,UP,OOS,RANGE,0.7859,0.625,HIGH,ALIGNED,0.375,4.2453,HIGH_KN,True
2026-06-08,IDEA.NS,UP,OOS,RANGE,0.785,0.375,MEDIUM,CONFLICT,0.625,-1.8056,LOW_KN,False
2026-06-08,ADANIGREEN.NS,UP,OOS,RANGE,0.7791,0.75,HIGH,ALIGNED,0.25,2.952,HIGH_KN,True
2026-06-08,AJANTPHARM.NS,UP,OOS,RANGE,0.7621,0.75,HIGH,ALIGNED,0.25,1.6303,HIGH_KN,True
2026-06-08,RECLTD.NS,UP,OOS,RANGE,0.7597,1.0,HIGH,ALIGNED,0.0,2.5335,HIGH_KN,True
2026-06-08,UNIONBANK.NS,UP,OOS,RANGE,0.759,0.75,HIGH,ALIGNED,0.25,3.1844,HIGH_KN,True
2026-06-08,RAJESHEXPO.NS,DOWN,OOS,RANGE,0.8908,0.625,HIGH,ALIGNED,0.375,-5.0,HIGH_KN,True
2026-06-08,NATIONALUM.NS,DOWN,OOS,RANGE,0.876,0.625,HIGH,ALIGNED,0.375,1.5071,HIGH_KN,False
2026-06-08,WIPRO.NS,DOWN,OOS,RANGE,0.8665,0.75,HIGH,ALIGNED,0.25,-0.0495,HIGH_KN,True
2026-06-08,HINDALCO.NS,DOWN,OOS,RANGE,0.8092,0.75,HIGH,ALIGNED,0.25,1.346,HIGH_KN,False
2026-06-08,TCS.NS,DOWN,OOS,RANGE,0.7968,0.625,HIGH,ALIGNED,0.375,-0.0186,HIGH_KN,True
2026-06-08,KPITTECH.NS,DOWN,OOS,RANGE,0.7711,0.625,HIGH,ALIGNED,0.375,0.1125,HIGH_KN,False
2026-06-08,COFORGE.NS,DOWN,OOS,RANGE,0.766,0.5,MEDIUM,ALIGNED,0.5,-0.6403,HIGH_KN,True
2026-06-08,MOTHERSON.NS,DOWN,OOS,RANGE,0.7638,0.75,HIGH,ALIGNED,0.25,3.6328,HIGH_KN,False
2026-06-08,EXIDEIND.NS,DOWN,OOS,RANGE,0.7593,0.75,HIGH,ALIGNED,0.25,1.8269,HIGH_KN,False
2026-06-08,WELCORP.NS,DOWN,OOS,RANGE,0.7553,0.625,HIGH,ALIGNED,0.375,4.827,HIGH_KN,False
2026-06-08,CENTUM.NS,DOWN,OOS,RANGE,0.7547,0.75,HIGH,ALIGNED,0.25,1.5804,HIGH_KN,False
2026-06-08,OFSS.NS,DOWN,OOS,RANGE,0.7541,0.625,HIGH,ALIGNED,0.375,-1.1941,HIGH_KN,True
2026-06-08,PERSISTENT.NS,DOWN,OOS,RANGE,0.7528,0.5,MEDIUM,ALIGNED,0.5,-0.9279,HIGH_KN,True
2026-06-08,NHPC.NS,DOWN,OOS,RANGE,0.7524,0.75,HIGH,ALIGNED,0.25,0.6666,HIGH_KN,False
2026-06-08,TATACOMM.NS,DOWN,OOS,RANGE,0.7516,0.75,HIGH,ALIGNED,0.25,3.673,HIGH_KN,False
2026-06-08,SOBHA.NS,DOWN,OOS,RANGE,0.7456,0.625,HIGH,ALIGNED,0.375,0.5957,HIGH_KN,False
2026-06-08,HINDZINC.NS,DOWN,OOS,RANGE,0.74,0.625,HIGH,ALIGNED,0.375,1.3759,HIGH_KN,False
2026-06-08,VEDL.NS,DOWN,OOS,RANGE,0.7362,0.75,HIGH,ALIGNED,0.25,0.6574,HIGH_KN,False
2026-06-08,NMDC.NS,DOWN,OOS,RANGE,0.7299,0.75,HIGH,ALIGNED,0.25,0.5023,HIGH_KN,False
2026-06-08,M&MFIN.NS,DOWN,OOS,RANGE,0.7245,0.625,HIGH,ALIGNED,0.375,1.5138,HIGH_KN,False
2026-06-09,PARAS.NS,UP,OOS,RANGE,0.9865,0.75,HIGH,ALIGNED,0.25,0.1299,HIGH_KN,True
2026-06-09,DATAPATTNS.NS,UP,OOS,RANGE,0.9765,1.0,HIGH,ALIGNED,0.0,-4.4905,HIGH_KN,False
2026-06-09,MIDHANI.NS,UP,OOS,RANGE,0.9637,1.0,HIGH,ALIGNED,0.0,-3.7637,HIGH_KN,False
2026-06-09,DEEPAKFERT.NS,UP,OOS,RANGE,0.9213,0.875,HIGH,ALIGNED,0.125,-1.5606,HIGH_KN,False
2026-06-09,MRPL.NS,UP,OOS,RANGE,0.9113,1.0,HIGH,ALIGNED,0.0,2.0457,HIGH_KN,True
2026-06-09,JINDALPOLY.NS,UP,OOS,RANGE,0.8873,0.75,HIGH,ALIGNED,0.25,4.5529,HIGH_KN,True
2026-06-09,CERA.NS,UP,OOS,RANGE,0.8676,0.875,HIGH,ALIGNED,0.125,0.5913,HIGH_KN,True
2026-06-09,AJANTPHARM.NS,UP,OOS,RANGE,0.8576,0.875,HIGH,ALIGNED,0.125,1.9124,HIGH_KN,True
2026-06-09,ADANIGREEN.NS,UP,OOS,RANGE,0.8488,0.875,HIGH,ALIGNED,0.125,-3.3561,HIGH_KN,False
2026-06-09,CANBK.NS,UP,OOS,RANGE,0.8387,1.0,HIGH,ALIGNED,0.0,-2.9452,HIGH_KN,False
2026-06-09,IDEAFORGE.NS,UP,OOS,RANGE,0.8355,0.625,HIGH,ALIGNED,0.375,-4.9953,HIGH_KN,False
2026-06-09,TATACOMM.NS,UP,OOS,RANGE,0.8265,0.75,HIGH,ALIGNED,0.25,0.1417,HIGH_KN,True
2026-06-09,MAPMYINDIA.NS,UP,OOS,RANGE,0.8199,0.75,HIGH,ALIGNED,0.25,-1.96,HIGH_KN,False
2026-06-09,UNIONBANK.NS,UP,OOS,RANGE,0.7951,1.0,HIGH,ALIGNED,0.0,-2.341,HIGH_KN,False
2026-06-09,RBLBANK.NS,UP,OOS,RANGE,0.7833,1.0,HIGH,ALIGNED,0.0,-1.1219,HIGH_KN,False
2026-06-09,BSE.NS,UP,OOS,RANGE,0.7819,0.625,HIGH,ALIGNED,0.375,-1.6715,HIGH_KN,False
2026-06-09,ZYDUSWELL.NS,UP,OOS,RANGE,0.7701,0.625,HIGH,ALIGNED,0.375,-2.4546,HIGH_KN,False
2026-06-09,COROMANDEL.NS,UP,OOS,RANGE,0.7596,0.625,HIGH,ALIGNED,0.375,4.0728,HIGH_KN,True
2026-06-09,VOLTAS.NS,UP,OOS,RANGE,0.7564,0.875,HIGH,ALIGNED,0.125,-1.104,HIGH_KN,False
2026-06-09,RECLTD.NS,UP,OOS,RANGE,0.7544,1.0,HIGH,ALIGNED,0.0,-0.9372,HIGH_KN,False
2026-06-09,HFCL.NS,DOWN,OOS,RANGE,0.9123,0.75,HIGH,ALIGNED,0.25,-4.9997,HIGH_KN,True
2026-06-09,WIPRO.NS,DOWN,OOS,RANGE,0.8716,0.75,HIGH,ALIGNED,0.25,-1.5082,HIGH_KN,True
2026-06-09,RAJESHEXPO.NS,DOWN,OOS,RANGE,0.8664,0.625,HIGH,ALIGNED,0.375,-4.9938,HIGH_KN,True
2026-06-09,NATIONALUM.NS,DOWN,OOS,RANGE,0.8627,0.625,HIGH,ALIGNED,0.375,-2.0188,HIGH_KN,True
2026-06-09,TCS.NS,DOWN,OOS,RANGE,0.8436,0.75,HIGH,ALIGNED,0.25,0.1348,HIGH_KN,False
2026-06-09,RATEGAIN.NS,DOWN,OOS,RANGE,0.8255,0.75,HIGH,ALIGNED,0.25,4.4104,HIGH_KN,False
2026-06-09,EXIDEIND.NS,DOWN,OOS,RANGE,0.8201,0.625,HIGH,ALIGNED,0.375,-1.6796,HIGH_KN,True
2026-06-09,COFORGE.NS,DOWN,OOS,RANGE,0.8112,0.75,HIGH,ALIGNED,0.25,-0.6586,HIGH_KN,True
2026-06-09,KPITTECH.NS,DOWN,OOS,RANGE,0.7973,0.625,HIGH,ALIGNED,0.375,-3.0682,HIGH_KN,True
2026-06-09,ZENSARTECH.NS,DOWN,OOS,RANGE,0.7956,0.625,HIGH,ALIGNED,0.375,-1.4866,HIGH_KN,True
2026-06-09,INFY.NS,DOWN,OOS,RANGE,0.7885,0.625,HIGH,ALIGNED,0.375,-2.9653,HIGH_KN,True
2026-06-09,NAUKRI.NS,DOWN,OOS,RANGE,0.7816,0.625,HIGH,ALIGNED,0.375,-1.1551,HIGH_KN,True
2026-06-09,CENTUM.NS,DOWN,OOS,RANGE,0.7541,0.625,HIGH,ALIGNED,0.375,-1.526,HIGH_KN,True
2026-06-09,OFSS.NS,DOWN,OOS,RANGE,0.7532,0.625,HIGH,ALIGNED,0.375,-1.7584,HIGH_KN,True
2026-06-09,PERSISTENT.NS,DOWN,OOS,RANGE,0.7505,0.75,HIGH,ALIGNED,0.25,-1.7935,HIGH_KN,True
2026-06-09,JSWENERGY.NS,DOWN,OOS,RANGE,0.7449,0.625,HIGH,ALIGNED,0.375,-1.7093,HIGH_KN,True
2026-06-09,MOTHERSON.NS,DOWN,OOS,RANGE,0.7448,0.625,HIGH,ALIGNED,0.375,-1.2842,HIGH_KN,True
2026-06-09,NMDC.NS,DOWN,OOS,RANGE,0.7348,0.75,HIGH,ALIGNED,0.25,-1.7659,HIGH_KN,True
2026-06-09,HINDALCO.NS,DOWN,OOS,RANGE,0.7341,0.625,HIGH,ALIGNED,0.375,-3.4736,HIGH_KN,True
2026-06-09,SOBHA.NS,DOWN,OOS,RANGE,0.7154,0.875,HIGH,ALIGNED,0.125,-0.2768,HIGH_KN,True
2026-06-10,PARAS.NS,UP,OOS,RANGE,0.9737,0.75,HIGH,ALIGNED,0.25,-4.9399,HIGH_KN,False
2026-06-10,DATAPATTNS.NS,UP,OOS,RANGE,0.9715,0.875,HIGH,ALIGNED,0.125,-3.4177,HIGH_KN,False
2026-06-10,JINDALPOLY.NS,UP,OOS,RANGE,0.9686,1.0,HIGH,ALIGNED,0.0,4.476,HIGH_KN,True
2026-06-10,DEEPAKFERT.NS,UP,OOS,RANGE,0.9106,0.875,HIGH,ALIGNED,0.125,0.4482,HIGH_KN,True
2026-06-10,COROMANDEL.NS,UP,OOS,RANGE,0.9029,1.0,HIGH,ALIGNED,0.0,-0.8029,HIGH_KN,False
2026-06-10,MRPL.NS,UP,OOS,RANGE,0.88,1.0,HIGH,ALIGNED,0.0,-4.8405,HIGH_KN,False
2026-06-10,CERA.NS,UP,OOS,RANGE,0.8635,1.0,HIGH,ALIGNED,0.0,-0.2556,HIGH_KN,False
2026-06-10,AJANTPHARM.NS,UP,OOS,RANGE,0.8623,0.875,HIGH,ALIGNED,0.125,2.2277,HIGH_KN,True
2026-06-10,MIDHANI.NS,UP,OOS,RANGE,0.8481,0.625,HIGH,ALIGNED,0.375,-2.6188,HIGH_KN,False
2026-06-10,MAPMYINDIA.NS,UP,OOS,RANGE,0.8338,0.625,HIGH,ALIGNED,0.375,-2.0573,HIGH_KN,False
2026-06-10,ADANIGREEN.NS,UP,OOS,RANGE,0.7993,0.625,HIGH,ALIGNED,0.375,-1.9218,HIGH_KN,False
2026-06-10,TATACHEM.NS,UP,OOS,RANGE,0.7758,0.75,HIGH,ALIGNED,0.25,2.8873,HIGH_KN,True
2026-06-10,IDEAFORGE.NS,UP,OOS,RANGE,0.7751,0.625,HIGH,ALIGNED,0.375,-4.9962,HIGH_KN,False
2026-06-10,ADANIENSOL.NS,UP,OOS,RANGE,0.7722,0.625,HIGH,ALIGNED,0.375,-4.4868,HIGH_KN,False
2026-06-10,TATACOMM.NS,UP,OOS,RANGE,0.765,0.875,HIGH,ALIGNED,0.125,-0.6368,HIGH_KN,False
2026-06-10,CHOLAFIN.NS,UP,OOS,RANGE,0.7452,0.5,MEDIUM,ALIGNED,0.5,-1.202,HIGH_KN,False
2026-06-10,BEML.NS,UP,OOS,RANGE,0.7444,0.75,HIGH,ALIGNED,0.25,-2.4399,HIGH_KN,False
2026-06-10,LTTS.NS,UP,OOS,RANGE,0.7394,0.5,MEDIUM,ALIGNED,0.5,-1.1088,HIGH_KN,False
2026-06-10,GAIL.NS,UP,OOS,RANGE,0.7338,0.875,HIGH,ALIGNED,0.125,-1.1428,HIGH_KN,False
2026-06-10,RBLBANK.NS,UP,OOS,RANGE,0.7336,0.875,HIGH,ALIGNED,0.125,0.6023,HIGH_KN,True
2026-06-10,STLTECH.NS,DOWN,OOS,RANGE,0.9248,0.75,HIGH,ALIGNED,0.25,-2.3955,HIGH_KN,True
2026-06-10,HFCL.NS,DOWN,OOS,RANGE,0.9119,0.75,HIGH,ALIGNED,0.25,-3.2109,HIGH_KN,True
2026-06-10,RAJESHEXPO.NS,DOWN,OOS,RANGE,0.8879,0.625,HIGH,ALIGNED,0.375,-4.9965,HIGH_KN,True
2026-06-10,NATIONALUM.NS,DOWN,OOS,RANGE,0.8725,0.75,HIGH,ALIGNED,0.25,-1.4755,HIGH_KN,True
2026-06-10,WIPRO.NS,DOWN,OOS,RANGE,0.864,0.625,HIGH,ALIGNED,0.375,-0.8718,HIGH_KN,True
2026-06-10,OIL.NS,DOWN,OOS,RANGE,0.8362,0.75,HIGH,ALIGNED,0.25,0.468,HIGH_KN,False
2026-06-10,TEJASNET.NS,DOWN,OOS,RANGE,0.8344,0.75,HIGH,ALIGNED,0.25,4.1213,HIGH_KN,False
2026-06-10,NMDC.NS,DOWN,OOS,RANGE,0.8104,0.75,HIGH,ALIGNED,0.25,0.0226,HIGH_KN,False
2026-06-10,HINDALCO.NS,DOWN,OOS,RANGE,0.7877,0.875,HIGH,ALIGNED,0.125,-1.4433,HIGH_KN,True
2026-06-10,INFY.NS,DOWN,OOS,RANGE,0.786,0.75,HIGH,ALIGNED,0.25,-2.6805,HIGH_KN,True
2026-06-10,OLECTRA.NS,DOWN,OOS,RANGE,0.7857,0.625,HIGH,ALIGNED,0.375,-1.8803,HIGH_KN,True
2026-06-10,KPITTECH.NS,DOWN,OOS,RANGE,0.7855,0.75,HIGH,ALIGNED,0.25,0.5389,HIGH_KN,False
2026-06-10,ZENSARTECH.NS,DOWN,OOS,RANGE,0.7802,0.625,HIGH,ALIGNED,0.375,-3.1602,HIGH_KN,True
2026-06-10,EXIDEIND.NS,DOWN,OOS,RANGE,0.7529,0.625,HIGH,ALIGNED,0.375,-0.1812,HIGH_KN,True
2026-06-10,WELCORP.NS,DOWN,OOS,RANGE,0.7396,0.75,HIGH,ALIGNED,0.25,1.3865,HIGH_KN,False
2026-06-10,COALINDIA.NS,DOWN,OOS,RANGE,0.7394,0.75,HIGH,ALIGNED,0.25,-1.0643,HIGH_KN,True
2026-06-10,KALYANKJIL.NS,DOWN,OOS,RANGE,0.7379,0.75,HIGH,ALIGNED,0.25,-2.3324,HIGH_KN,True
2026-06-10,CESC.NS,DOWN,OOS,RANGE,0.7312,0.625,HIGH,ALIGNED,0.375,-0.1249,HIGH_KN,True
2026-06-10,HINDZINC.NS,DOWN,OOS,RANGE,0.73,0.75,HIGH,ALIGNED,0.25,-0.4657,HIGH_KN,True
2026-06-10,NAUKRI.NS,DOWN,OOS,RANGE,0.7244,0.625,HIGH,ALIGNED,0.375,-0.7671,HIGH_KN,True
2026-06-11,JINDALPOLY.NS,UP,OOS,RANGE,0.9769,1.0,HIGH,ALIGNED,0.0,2.7605,HIGH_KN,True
2026-06-11,PARAS.NS,UP,OOS,RANGE,0.9318,0.75,HIGH,ALIGNED,0.25,10.9241,HIGH_KN,True
2026-06-11,TATACHEM.NS,UP,OOS,RANGE,0.9199,0.75,HIGH,ALIGNED,0.25,0.6409,HIGH_KN,True
2026-06-11,AJANTPHARM.NS,UP,OOS,RANGE,0.8973,1.0,HIGH,ALIGNED,0.0,-0.3945,HIGH_KN,False
2026-06-11,TORNTPHARM.NS,UP,OOS,RANGE,0.8643,1.0,HIGH,ALIGNED,0.0,-0.0219,HIGH_KN,False
2026-06-11,DEEPAKFERT.NS,UP,OOS,RANGE,0.8512,0.875,HIGH,ALIGNED,0.125,3.5296,HIGH_KN,True
2026-06-11,COROMANDEL.NS,UP,OOS,RANGE,0.8425,0.875,HIGH,ALIGNED,0.125,2.7391,HIGH_KN,True
2026-06-11,NAVINFLUOR.NS,UP,OOS,RANGE,0.7932,0.75,HIGH,ALIGNED,0.25,2.04,HIGH_KN,True
2026-06-11,DATAPATTNS.NS,UP,OOS,RANGE,0.7835,0.625,HIGH,ALIGNED,0.375,8.1023,HIGH_KN,True
2026-06-11,ADANIGREEN.NS,UP,OOS,RANGE,0.7772,0.625,HIGH,ALIGNED,0.375,2.1451,HIGH_KN,True
2026-06-11,RBLBANK.NS,UP,OOS,RANGE,0.7585,0.875,HIGH,ALIGNED,0.125,1.8797,HIGH_KN,True
2026-06-11,ICICIBANK.NS,UP,OOS,RANGE,0.7483,1.0,HIGH,ALIGNED,0.0,1.8071,HIGH_KN,True
2026-06-11,BIKAJI.NS,UP,OOS,RANGE,0.7398,0.875,HIGH,ALIGNED,0.125,0.3201,HIGH_KN,True
2026-06-11,LTTS.NS,UP,OOS,RANGE,0.7379,0.5,MEDIUM,ALIGNED,0.5,1.8231,HIGH_KN,True
2026-06-11,MAPMYINDIA.NS,UP,OOS,RANGE,0.7289,0.5,MEDIUM,ALIGNED,0.5,-0.0534,HIGH_KN,False
2026-06-11,PFIZER.NS,UP,OOS,RANGE,0.7265,0.875,HIGH,ALIGNED,0.125,-1.393,HIGH_KN,False
2026-06-11,AXISBANK.NS,UP,OOS,RANGE,0.7165,0.875,HIGH,ALIGNED,0.125,2.9606,HIGH_KN,True
2026-06-11,CERA.NS,UP,OOS,RANGE,0.701,0.875,HIGH,ALIGNED,0.125,4.9449,HIGH_KN,True
2026-06-11,KOTAKBANK.NS,UP,OOS,RANGE,0.6985,0.875,HIGH,ALIGNED,0.125,2.5296,HIGH_KN,True
2026-06-11,COLPAL.NS,UP,OOS,RANGE,0.6883,0.5,MEDIUM,ALIGNED,0.5,2.4845,HIGH_KN,True
2026-06-11,STLTECH.NS,DOWN,OOS,RANGE,0.9418,0.875,HIGH,ALIGNED,0.125,2.683,HIGH_KN,False
2026-06-11,HFCL.NS,DOWN,OOS,RANGE,0.8976,0.75,HIGH,ALIGNED,0.25,4.9976,HIGH_KN,False
2026-06-11,RAJESHEXPO.NS,DOWN,OOS,RANGE,0.8779,0.625,HIGH,ALIGNED,0.375,-4.9981,HIGH_KN,True
2026-06-11,WIPRO.NS,DOWN,OOS,RANGE,0.8638,0.5,MEDIUM,ALIGNED,0.5,1.5617,HIGH_KN,False
2026-06-11,TEJASNET.NS,DOWN,OOS,RANGE,0.861,0.625,HIGH,ALIGNED,0.375,4.4202,HIGH_KN,False
2026-06-11,NATIONALUM.NS,DOWN,OOS,RANGE,0.8442,0.75,HIGH,ALIGNED,0.25,1.6865,HIGH_KN,False
2026-06-11,OIL.NS,DOWN,OOS,RANGE,0.8415,0.75,HIGH,ALIGNED,0.25,-2.6901,HIGH_KN,True
2026-06-11,KALYANKJIL.NS,DOWN,OOS,RANGE,0.8359,0.625,HIGH,ALIGNED,0.375,4.217,HIGH_KN,False
2026-06-11,OLECTRA.NS,DOWN,OOS,RANGE,0.8155,0.625,HIGH,ALIGNED,0.375,3.4813,HIGH_KN,False
2026-06-11,INFY.NS,DOWN,OOS,RANGE,0.8041,0.75,HIGH,ALIGNED,0.25,0.1615,HIGH_KN,False
2026-06-11,COALINDIA.NS,DOWN,OOS,RANGE,0.8034,0.75,HIGH,ALIGNED,0.25,-0.6051,HIGH_KN,True
2026-06-11,NMDC.NS,DOWN,OOS,RANGE,0.7964,0.625,HIGH,ALIGNED,0.375,2.7806,HIGH_KN,False
2026-06-11,ZENSARTECH.NS,DOWN,OOS,RANGE,0.7755,0.75,HIGH,ALIGNED,0.25,2.2584,HIGH_KN,False
2026-06-11,HINDALCO.NS,DOWN,OOS,RANGE,0.7743,0.625,HIGH,ALIGNED,0.375,-0.2636,HIGH_KN,True
2026-06-11,JSWENERGY.NS,DOWN,OOS,RANGE,0.7636,0.75,HIGH,ALIGNED,0.25,1.2856,HIGH_KN,False
2026-06-11,EXIDEIND.NS,DOWN,OOS,RANGE,0.7605,0.5,MEDIUM,ALIGNED,0.5,1.6336,HIGH_KN,False
2026-06-11,OFSS.NS,DOWN,OOS,RANGE,0.7502,0.875,HIGH,ALIGNED,0.125,0.6691,HIGH_KN,False
2026-06-11,MIDHANI.NS,DOWN,OOS,RANGE,0.7449,0.5,MEDIUM,ALIGNED,0.5,3.0921,HIGH_KN,False
2026-06-11,IDEAFORGE.NS,DOWN,OOS,RANGE,0.7441,0.625,HIGH,ALIGNED,0.375,-0.2067,HIGH_KN,True
2026-06-11,CRAFTSMAN.NS,DOWN,OOS,RANGE,0.7348,0.875,HIGH,ALIGNED,0.125,1.4217,HIGH_KN,False
2026-06-12,JINDALPOLY.NS,UP,OOS,RANGE,0.9786,1.0,HIGH,ALIGNED,0.0,-1.669,HIGH_KN,False
2026-06-12,DATAPATTNS.NS,UP,OOS,RANGE,0.9397,0.875,HIGH,ALIGNED,0.125,-2.6443,HIGH_KN,False
2026-06-12,ASHOKLEY.NS,UP,OOS,RANGE,0.9317,0.875,HIGH,ALIGNED,0.125,3.4438,HIGH_KN,True
2026-06-12,DEEPAKFERT.NS,UP,OOS,RANGE,0.9161,0.875,HIGH,ALIGNED,0.125,-2.9783,HIGH_KN,False
2026-06-12,CHOLAFIN.NS,UP,OOS,RANGE,0.8954,1.0,HIGH,ALIGNED,0.0,5.4525,HIGH_KN,True
2026-06-12,CERA.NS,UP,OOS,RANGE,0.8837,1.0,HIGH,ALIGNED,0.0,1.8717,HIGH_KN,True
2026-06-12,PARAS.NS,UP,OOS,RANGE,0.8611,0.625,HIGH,ALIGNED,0.375,1.0026,HIGH_KN,True
2026-06-12,CENTUM.NS,UP,OOS,RANGE,0.8524,0.875,HIGH,ALIGNED,0.125,1.2225,HIGH_KN,True
2026-06-12,TATACHEM.NS,UP,OOS,RANGE,0.8361,0.5,MEDIUM,ALIGNED,0.5,-1.4545,HIGH_KN,False
2026-06-12,BSE.NS,UP,OOS,RANGE,0.8281,0.75,HIGH,ALIGNED,0.25,2.1009,HIGH_KN,True
2026-06-12,BANKBARODA.NS,UP,OOS,RANGE,0.8041,1.0,HIGH,ALIGNED,0.0,0.4732,HIGH_KN,True
2026-06-12,BOSCHLTD.NS,UP,OOS,RANGE,0.8002,1.0,HIGH,ALIGNED,0.0,0.0256,HIGH_KN,True
2026-06-12,RBLBANK.NS,UP,OOS,RANGE,0.7959,0.875,HIGH,ALIGNED,0.125,1.8587,HIGH_KN,True
2026-06-12,SHRIRAMFIN.NS,UP,OOS,RANGE,0.7892,1.0,HIGH,ALIGNED,0.0,4.7856,HIGH_KN,True
2026-06-12,LTTS.NS,UP,OOS,RANGE,0.7858,0.375,MEDIUM,CONFLICT,0.625,1.319,LOW_KN,True
2026-06-12,IDFCFIRSTB.NS,UP,OOS,RANGE,0.7829,0.75,HIGH,ALIGNED,0.25,2.3922,HIGH_KN,True
2026-06-12,NCC.NS,UP,OOS,RANGE,0.7827,0.75,HIGH,ALIGNED,0.25,0.6263,HIGH_KN,True
2026-06-12,COROMANDEL.NS,UP,OOS,RANGE,0.7762,0.875,HIGH,ALIGNED,0.125,3.6312,HIGH_KN,True
2026-06-12,TEJASNET.NS,UP,OOS,RANGE,0.7743,0.875,HIGH,ALIGNED,0.125,-2.7553,HIGH_KN,False
2026-06-12,NAVINFLUOR.NS,UP,OOS,RANGE,0.7656,0.875,HIGH,ALIGNED,0.125,-0.2191,HIGH_KN,False
2026-06-12,STLTECH.NS,DOWN,OOS,RANGE,0.9332,0.625,HIGH,ALIGNED,0.375,4.3091,HIGH_KN,False
2026-06-12,IDEAFORGE.NS,DOWN,OOS,RANGE,0.8897,0.625,HIGH,ALIGNED,0.375,-0.489,HIGH_KN,True
2026-06-12,RAJESHEXPO.NS,DOWN,OOS,RANGE,0.8752,0.75,HIGH,ALIGNED,0.25,4.9993,HIGH_KN,False
2026-06-12,KALYANKJIL.NS,DOWN,OOS,RANGE,0.8562,0.625,HIGH,ALIGNED,0.375,11.095,HIGH_KN,False
2026-06-12,WIPRO.NS,DOWN,OOS,RANGE,0.838,0.75,HIGH,ALIGNED,0.25,0.6884,HIGH_KN,False
2026-06-12,OIL.NS,DOWN,OOS,RANGE,0.8334,0.75,HIGH,ALIGNED,0.25,-0.1436,HIGH_KN,True
2026-06-12,COALINDIA.NS,DOWN,OOS,RANGE,0.8224,0.75,HIGH,ALIGNED,0.25,0.124,HIGH_KN,False
2026-06-12,INFY.NS,DOWN,OOS,RANGE,0.8212,0.75,HIGH,ALIGNED,0.25,1.6571,HIGH_KN,False
2026-06-12,ADANIENSOL.NS,DOWN,OOS,RANGE,0.7779,0.625,HIGH,ALIGNED,0.375,0.1544,HIGH_KN,False
2026-06-12,ZENSARTECH.NS,DOWN,OOS,RANGE,0.7736,0.625,HIGH,ALIGNED,0.375,-0.4196,HIGH_KN,True
2026-06-12,EXIDEIND.NS,DOWN,OOS,RANGE,0.7675,0.75,HIGH,ALIGNED,0.25,0.7399,HIGH_KN,False
2026-06-12,JSWENERGY.NS,DOWN,OOS,RANGE,0.7596,0.625,HIGH,ALIGNED,0.375,1.2336,HIGH_KN,False
2026-06-12,NMDC.NS,DOWN,OOS,RANGE,0.7545,0.5,MEDIUM,ALIGNED,0.5,-2.7054,HIGH_KN,True
2026-06-12,KPITTECH.NS,DOWN,OOS,RANGE,0.7466,0.75,HIGH,ALIGNED,0.25,1.0681,HIGH_KN,False
2026-06-12,HINDALCO.NS,DOWN,OOS,RANGE,0.7365,0.75,HIGH,ALIGNED,0.25,-0.7537,HIGH_KN,True
2026-06-12,ONGC.NS,DOWN,OOS,RANGE,0.7346,0.75,HIGH,ALIGNED,0.25,-1.0357,HIGH_KN,True
2026-06-12,COFORGE.NS,DOWN,OOS,RANGE,0.7267,0.75,HIGH,ALIGNED,0.25,2.5819,HIGH_KN,False
2026-06-12,MASTEK.NS,DOWN,OOS,RANGE,0.7248,0.75,HIGH,ALIGNED,0.25,2.5041,HIGH_KN,False
2026-06-12,OFSS.NS,DOWN,OOS,RANGE,0.7175,0.75,HIGH,ALIGNED,0.25,0.4878,HIGH_KN,False
2026-06-12,NATIONALUM.NS,DOWN,OOS,RANGE,0.706,0.625,HIGH,ALIGNED,0.375,1.4595,HIGH_KN,False
2026-06-15,JINDALPOLY.NS,UP,OOS,RANGE,0.9668,0.875,HIGH,ALIGNED,0.125,-2.6711,HIGH_KN,False
2026-06-15,CHOLAFIN.NS,UP,OOS,RANGE,0.932,1.0,HIGH,ALIGNED,0.0,1.6207,HIGH_KN,True
2026-06-15,ASHOKLEY.NS,UP,OOS,RANGE,0.924,1.0,HIGH,ALIGNED,0.0,0.5073,HIGH_KN,True
2026-06-15,MRPL.NS,UP,OOS,RANGE,0.9171,1.0,HIGH,ALIGNED,0.0,-2.0302,HIGH_KN,False
2026-06-15,PRESTIGE.NS,UP,OOS,RANGE,0.8938,1.0,HIGH,ALIGNED,0.0,3.3005,HIGH_KN,True
2026-06-15,KALYANKJIL.NS,UP,OOS,RANGE,0.893,1.0,HIGH,ALIGNED,0.0,-1.1619,HIGH_KN,False
2026-06-15,CENTUM.NS,UP,OOS,RANGE,0.8875,0.875,HIGH,ALIGNED,0.125,0.0331,HIGH_KN,True
2026-06-15,CERA.NS,UP,OOS,RANGE,0.8649,0.875,HIGH,ALIGNED,0.125,-0.8148,HIGH_KN,False
2026-06-15,SHRIRAMFIN.NS,UP,OOS,RANGE,0.8587,1.0,HIGH,ALIGNED,0.0,0.5097,HIGH_KN,True
2026-06-15,COROMANDEL.NS,UP,OOS,RANGE,0.8553,0.875,HIGH,ALIGNED,0.125,3.6953,HIGH_KN,True
2026-06-15,DLF.NS,UP,OOS,RANGE,0.8442,1.0,HIGH,ALIGNED,0.0,2.4168,HIGH_KN,True
2026-06-15,RATEGAIN.NS,UP,OOS,RANGE,0.844,0.625,HIGH,ALIGNED,0.375,2.4013,HIGH_KN,True
2026-06-15,GODREJPROP.NS,UP,OOS,RANGE,0.8385,1.0,HIGH,ALIGNED,0.0,1.6023,HIGH_KN,True
2026-06-15,PARAS.NS,UP,OOS,RANGE,0.8257,0.5,MEDIUM,ALIGNED,0.5,-1.6965,HIGH_KN,False
2026-06-15,MUTHOOTFIN.NS,UP,OOS,RANGE,0.8248,0.875,HIGH,ALIGNED,0.125,0.2152,HIGH_KN,True
2026-06-15,M&MFIN.NS,UP,OOS,RANGE,0.7966,0.875,HIGH,ALIGNED,0.125,0.0,HIGH_KN,False
2026-06-15,BPCL.NS,UP,OOS,RANGE,0.7913,1.0,HIGH,ALIGNED,0.0,0.4829,HIGH_KN,True
2026-06-15,RBLBANK.NS,UP,OOS,RANGE,0.7909,1.0,HIGH,ALIGNED,0.0,-0.7916,HIGH_KN,False
2026-06-15,BSE.NS,UP,OOS,RANGE,0.7841,0.75,HIGH,ALIGNED,0.25,0.8822,HIGH_KN,True
2026-06-15,SOBHA.NS,UP,OOS,RANGE,0.7541,0.875,HIGH,ALIGNED,0.125,1.6222,HIGH_KN,True
2026-06-15,IDEAFORGE.NS,DOWN,OOS,RANGE,0.8928,0.625,HIGH,ALIGNED,0.375,4.9951,HIGH_KN,False
2026-06-15,INFY.NS,DOWN,OOS,RANGE,0.8087,0.625,HIGH,ALIGNED,0.375,0.7666,HIGH_KN,False
2026-06-15,OIL.NS,DOWN,OOS,RANGE,0.8082,0.75,HIGH,ALIGNED,0.25,0.5872,HIGH_KN,False
2026-06-15,RAJESHEXPO.NS,DOWN,OOS,RANGE,0.7899,0.625,HIGH,ALIGNED,0.375,4.9981,HIGH_KN,False
2026-06-15,ZENSARTECH.NS,DOWN,OOS,RANGE,0.7712,0.75,HIGH,ALIGNED,0.25,2.9497,HIGH_KN,False
2026-06-15,TECHM.NS,DOWN,OOS,RANGE,0.7709,0.75,HIGH,ALIGNED,0.25,1.4871,HIGH_KN,False
2026-06-15,SAPPHIRE.NS,DOWN,OOS,RANGE,0.762,0.75,HIGH,ALIGNED,0.25,4.7391,HIGH_KN,False
2026-06-15,ADANIENSOL.NS,DOWN,OOS,RANGE,0.7506,0.625,HIGH,ALIGNED,0.375,-0.0536,HIGH_KN,True
2026-06-15,COALINDIA.NS,DOWN,OOS,RANGE,0.7344,0.75,HIGH,ALIGNED,0.25,1.5539,HIGH_KN,False
2026-06-15,STLTECH.NS,DOWN,OOS,RANGE,0.7326,0.375,MEDIUM,CONFLICT,0.625,2.6117,LOW_KN,False
2026-06-15,ONGC.NS,DOWN,OOS,RANGE,0.719,0.875,HIGH,ALIGNED,0.125,1.8674,HIGH_KN,False
2026-06-15,MPHASIS.NS,DOWN,OOS,RANGE,0.7139,0.5,MEDIUM,ALIGNED,0.5,0.7577,HIGH_KN,False
2026-06-15,NMDC.NS,DOWN,OOS,RANGE,0.7135,0.5,MEDIUM,ALIGNED,0.5,-0.4295,HIGH_KN,True
2026-06-15,JPPOWER.NS,DOWN,OOS,RANGE,0.7113,0.5,MEDIUM,ALIGNED,0.5,-2.7071,HIGH_KN,True
2026-06-15,SOLARINDS.NS,DOWN,OOS,RANGE,0.7078,0.75,HIGH,ALIGNED,0.25,-2.1879,HIGH_KN,True
2026-06-15,HCLTECH.NS,DOWN,OOS,RANGE,0.7075,0.625,HIGH,ALIGNED,0.375,3.5469,HIGH_KN,False
2026-06-15,ZYDUSWELL.NS,DOWN,OOS,RANGE,0.6995,0.625,HIGH,ALIGNED,0.375,2.2329,HIGH_KN,False
2026-06-15,PERSISTENT.NS,DOWN,OOS,RANGE,0.688,0.5,MEDIUM,ALIGNED,0.5,2.5764,HIGH_KN,False
2026-06-15,COFORGE.NS,DOWN,OOS,RANGE,0.6862,0.375,MEDIUM,CONFLICT,0.625,4.4421,LOW_KN,False
2026-06-15,NTPC.NS,DOWN,OOS,RANGE,0.6815,0.625,HIGH,ALIGNED,0.375,2.1402,HIGH_KN,False
2026-06-16,PRESTIGE.NS,UP,OOS,RANGE,0.9315,1.0,HIGH,ALIGNED,0.0,0.0263,HIGH_KN,True
2026-06-16,COROMANDEL.NS,UP,OOS,RANGE,0.9125,1.0,HIGH,ALIGNED,0.0,-1.1555,HIGH_KN,False
2026-06-16,CHOLAFIN.NS,UP,OOS,RANGE,0.9077,1.0,HIGH,ALIGNED,0.0,-0.0714,HIGH_KN,False
2026-06-16,ASHOKLEY.NS,UP,OOS,RANGE,0.8805,0.75,HIGH,ALIGNED,0.25,0.6751,HIGH_KN,True
2026-06-16,MGL.NS,UP,OOS,RANGE,0.88,1.0,HIGH,ALIGNED,0.0,1.9652,HIGH_KN,True
2026-06-16,JINDALPOLY.NS,UP,OOS,RANGE,0.8529,0.625,HIGH,ALIGNED,0.375,-4.5925,HIGH_KN,False
2026-06-16,KALYANKJIL.NS,UP,OOS,RANGE,0.845,0.75,HIGH,ALIGNED,0.25,1.1887,HIGH_KN,True
2026-06-16,DLF.NS,UP,OOS,RANGE,0.8442,1.0,HIGH,ALIGNED,0.0,-0.9137,HIGH_KN,False
2026-06-16,GNFC.NS,UP,OOS,RANGE,0.8346,1.0,HIGH,ALIGNED,0.0,4.328,HIGH_KN,True
2026-06-16,COFORGE.NS,UP,OOS,RANGE,0.8214,0.875,HIGH,ALIGNED,0.125,0.0614,HIGH_KN,True
2026-06-16,SOBHA.NS,UP,OOS,RANGE,0.8178,0.875,HIGH,ALIGNED,0.125,1.3028,HIGH_KN,True
2026-06-16,SUZLON.NS,UP,OOS,RANGE,0.8159,1.0,HIGH,ALIGNED,0.0,2.3308,HIGH_KN,True
2026-06-16,HFCL.NS,UP,OOS,RANGE,0.8099,0.875,HIGH,ALIGNED,0.125,0.6085,HIGH_KN,True
2026-06-16,RATEGAIN.NS,UP,OOS,RANGE,0.8036,0.625,HIGH,ALIGNED,0.375,4.9565,HIGH_KN,True
2026-06-16,POLICYBZR.NS,UP,OOS,RANGE,0.7986,0.75,HIGH,ALIGNED,0.25,1.741,HIGH_KN,True
2026-06-16,NAVINFLUOR.NS,UP,OOS,RANGE,0.7904,0.75,HIGH,ALIGNED,0.25,0.3896,HIGH_KN,True
2026-06-16,CENTUM.NS,UP,OOS,RANGE,0.7786,0.75,HIGH,ALIGNED,0.25,-0.3611,HIGH_KN,False
2026-06-16,SHRIRAMFIN.NS,UP,OOS,RANGE,0.7661,0.75,HIGH,ALIGNED,0.25,0.174,HIGH_KN,True
2026-06-16,M&MFIN.NS,UP,OOS,RANGE,0.7572,0.5,MEDIUM,ALIGNED,0.5,-0.1175,HIGH_KN,False
2026-06-16,TEJASNET.NS,UP,OOS,RANGE,0.7543,0.75,HIGH,ALIGNED,0.25,3.5432,HIGH_KN,True
2026-06-16,IDEAFORGE.NS,DOWN,OOS,RANGE,0.9057,0.5,MEDIUM,ALIGNED,0.5,2.3182,HIGH_KN,False
2026-06-16,DATAPATTNS.NS,DOWN,OOS,RANGE,0.8224,0.5,MEDIUM,ALIGNED,0.5,6.5285,HIGH_KN,False
2026-06-16,OLECTRA.NS,DOWN,OOS,RANGE,0.8144,0.5,MEDIUM,ALIGNED,0.5,6.6514,HIGH_KN,False
2026-06-16,OIL.NS,DOWN,OOS,RANGE,0.8002,0.625,HIGH,ALIGNED,0.375,-0.6196,HIGH_KN,True
2026-06-16,MIDHANI.NS,DOWN,OOS,RANGE,0.7812,0.375,MEDIUM,CONFLICT,0.625,2.2321,LOW_KN,False
2026-06-16,ALKYLAMINE.NS,DOWN,OOS,RANGE,0.7658,0.625,HIGH,ALIGNED,0.375,1.5713,HIGH_KN,False
2026-06-16,STLTECH.NS,DOWN,OOS,RANGE,0.7571,0.375,MEDIUM,CONFLICT,0.625,-1.2966,LOW_KN,True
2026-06-16,SOLARINDS.NS,DOWN,OOS,RANGE,0.7385,0.625,HIGH,ALIGNED,0.375,3.302,HIGH_KN,False
2026-06-16,LAURUSLABS.NS,DOWN,OOS,RANGE,0.7317,1.0,HIGH,ALIGNED,0.0,-0.4795,HIGH_KN,True
2026-06-16,CANBK.NS,DOWN,OOS,RANGE,0.7231,0.5,MEDIUM,ALIGNED,0.5,1.8143,HIGH_KN,False
2026-06-16,ADANIGREEN.NS,DOWN,OOS,RANGE,0.7175,0.625,HIGH,ALIGNED,0.375,-1.1265,HIGH_KN,True
2026-06-16,ADANIENSOL.NS,DOWN,OOS,RANGE,0.7082,0.5,MEDIUM,ALIGNED,0.5,-0.0067,HIGH_KN,True
2026-06-16,HINDALCO.NS,DOWN,OOS,RANGE,0.7041,0.75,HIGH,ALIGNED,0.25,2.5957,HIGH_KN,False
2026-06-16,PFC.NS,DOWN,OOS,RANGE,0.6877,0.375,MEDIUM,CONFLICT,0.625,0.9942,LOW_KN,False
2026-06-16,PNB.NS,DOWN,OOS,RANGE,0.6789,0.5,MEDIUM,ALIGNED,0.5,0.8336,HIGH_KN,False
2026-06-16,TATACOMM.NS,DOWN,OOS,RANGE,0.6707,0.75,HIGH,ALIGNED,0.25,-0.7212,HIGH_KN,True
2026-06-16,NMDC.NS,DOWN,OOS,RANGE,0.669,0.625,HIGH,ALIGNED,0.375,-0.1022,HIGH_KN,True
2026-06-16,DEEPAKFERT.NS,DOWN,OOS,RANGE,0.6674,0.375,MEDIUM,CONFLICT,0.625,1.0098,LOW_KN,False
2026-06-16,INFY.NS,DOWN,OOS,RANGE,0.6639,0.375,MEDIUM,CONFLICT,0.625,1.2329,LOW_KN,False
2026-06-16,TECHM.NS,DOWN,OOS,RANGE,0.6613,0.5,MEDIUM,ALIGNED,0.5,1.0782,HIGH_KN,False
2026-06-17,PRESTIGE.NS,UP,OOS,RANGE,0.8947,0.875,HIGH,ALIGNED,0.125,0.4075,HIGH_KN,True
2026-06-17,GNFC.NS,UP,OOS,RANGE,0.872,1.0,HIGH,ALIGNED,0.0,0.599,HIGH_KN,True
2026-06-17,PARAS.NS,UP,OOS,RANGE,0.8691,0.625,HIGH,ALIGNED,0.375,1.9173,HIGH_KN,True
2026-06-17,YESBANK.NS,UP,OOS,RANGE,0.8636,1.0,HIGH,ALIGNED,0.0,1.4735,HIGH_KN,True
2026-06-17,SUZLON.NS,UP,OOS,RANGE,0.8608,1.0,HIGH,ALIGNED,0.0,-1.4004,HIGH_KN,False
2026-06-17,OLECTRA.NS,UP,OOS,RANGE,0.8553,1.0,HIGH,ALIGNED,0.0,6.768,HIGH_KN,True
2026-06-17,BDL.NS,UP,OOS,RANGE,0.8533,1.0,HIGH,ALIGNED,0.0,0.1527,HIGH_KN,True
2026-06-17,APOLLOTYRE.NS,UP,OOS,RANGE,0.8486,1.0,HIGH,ALIGNED,0.0,-0.3724,HIGH_KN,False
2026-06-17,MGL.NS,UP,OOS,RANGE,0.8462,1.0,HIGH,ALIGNED,0.0,0.1489,HIGH_KN,True
2026-06-17,RAJESHEXPO.NS,UP,OOS,RANGE,0.8462,0.75,HIGH,ALIGNED,0.25,4.9972,HIGH_KN,True
2026-06-17,CROMPTON.NS,UP,OOS,RANGE,0.8447,0.875,HIGH,ALIGNED,0.125,0.4349,HIGH_KN,True
2026-06-17,HFCL.NS,UP,OOS,RANGE,0.84,0.75,HIGH,ALIGNED,0.25,4.9966,HIGH_KN,True
2026-06-17,TEJASNET.NS,UP,OOS,RANGE,0.8282,0.875,HIGH,ALIGNED,0.125,-0.3073,HIGH_KN,False
2026-06-17,ASHOKLEY.NS,UP,OOS,RANGE,0.8278,0.75,HIGH,ALIGNED,0.25,-0.7019,HIGH_KN,False
2026-06-17,KEI.NS,UP,OOS,RANGE,0.8254,1.0,HIGH,ALIGNED,0.0,-0.2304,HIGH_KN,False
2026-06-17,GODREJPROP.NS,UP,OOS,RANGE,0.8175,0.75,HIGH,ALIGNED,0.25,1.2246,HIGH_KN,True
2026-06-17,COCHINSHIP.NS,UP,OOS,RANGE,0.8163,1.0,HIGH,ALIGNED,0.0,-2.0397,HIGH_KN,False
2026-06-17,RATEGAIN.NS,UP,OOS,RANGE,0.816,0.625,HIGH,ALIGNED,0.375,0.316,HIGH_KN,True
2026-06-17,DATAPATTNS.NS,UP,OOS,RANGE,0.8153,1.0,HIGH,ALIGNED,0.0,0.6814,HIGH_KN,True
2026-06-17,STLTECH.NS,UP,OOS,RANGE,0.8139,0.75,HIGH,ALIGNED,0.25,4.9627,HIGH_KN,True
2026-06-17,MRPL.NS,DOWN,OOS,RANGE,0.858,0.5,MEDIUM,ALIGNED,0.5,-1.2417,HIGH_KN,True
2026-06-17,IDEAFORGE.NS,DOWN,OOS,RANGE,0.8171,0.375,MEDIUM,CONFLICT,0.625,-1.0064,LOW_KN,True
2026-06-17,TECHM.NS,DOWN,OOS,RANGE,0.7653,0.5,MEDIUM,ALIGNED,0.5,-1.0052,HIGH_KN,True
2026-06-17,JINDALPOLY.NS,DOWN,OOS,RANGE,0.7397,0.875,HIGH,ALIGNED,0.125,0.6336,HIGH_KN,False
2026-06-17,AJANTPHARM.NS,DOWN,OOS,RANGE,0.7267,0.5,MEDIUM,ALIGNED,0.5,-0.1883,HIGH_KN,True
2026-06-17,ADANIENSOL.NS,DOWN,OOS,RANGE,0.7124,0.625,HIGH,ALIGNED,0.375,2.1663,HIGH_KN,False
2026-06-17,TATACOMM.NS,DOWN,OOS,RANGE,0.7113,0.75,HIGH,ALIGNED,0.25,2.2213,HIGH_KN,False
2026-06-17,ADANIGREEN.NS,DOWN,OOS,RANGE,0.6804,0.625,HIGH,ALIGNED,0.375,2.7971,HIGH_KN,False
2026-06-17,LAURUSLABS.NS,DOWN,OOS,RANGE,0.6754,0.875,HIGH,ALIGNED,0.125,-0.073,HIGH_KN,True
2026-06-17,PFC.NS,DOWN,OOS,RANGE,0.6684,0.25,LOW,CONFLICT,0.75,-0.5675,LOW_KN,True
2026-06-17,ASIANPAINT.NS,DOWN,OOS,RANGE,0.6567,0.625,HIGH,ALIGNED,0.375,0.6209,HIGH_KN,False
2026-06-17,ATUL.NS,DOWN,OOS,RANGE,0.6498,0.75,HIGH,ALIGNED,0.25,0.6971,HIGH_KN,False
2026-06-17,NESTLEIND.NS,DOWN,OOS,RANGE,0.6478,0.375,MEDIUM,CONFLICT,0.625,-0.4903,LOW_KN,True
2026-06-17,SRF.NS,DOWN,OOS,RANGE,0.6428,0.625,HIGH,ALIGNED,0.375,-0.0924,HIGH_KN,True
2026-06-17,MPHASIS.NS,DOWN,OOS,RANGE,0.6405,0.5,MEDIUM,ALIGNED,0.5,-0.1538,HIGH_KN,True
2026-06-17,HINDALCO.NS,DOWN,OOS,RANGE,0.6395,0.625,HIGH,ALIGNED,0.375,0.0595,HIGH_KN,False
2026-06-17,SOLARINDS.NS,DOWN,OOS,RANGE,0.6381,0.375,MEDIUM,CONFLICT,0.625,1.7586,LOW_KN,False
2026-06-17,CIPLA.NS,DOWN,OOS,RANGE,0.6378,0.75,HIGH,ALIGNED,0.25,0.3479,HIGH_KN,False
2026-06-17,NMDC.NS,DOWN,OOS,RANGE,0.6361,0.625,HIGH,ALIGNED,0.375,0.6023,HIGH_KN,False
2026-06-17,CANBK.NS,DOWN,OOS,RANGE,0.635,0.375,MEDIUM,CONFLICT,0.625,-0.1996,LOW_KN,True
2026-06-18,PARAS.NS,UP,OOS,RANGE,0.9913,0.75,HIGH,ALIGNED,0.25,7.5059,HIGH_KN,True
2026-06-18,RAJESHEXPO.NS,UP,OOS,RANGE,0.9791,0.75,HIGH,ALIGNED,0.25,4.9962,HIGH_KN,True
2026-06-18,OLECTRA.NS,UP,OOS,RANGE,0.9687,1.0,HIGH,ALIGNED,0.0,5.0947,HIGH_KN,True
2026-06-18,BATAINDIA.NS,UP,OOS,RANGE,0.9365,0.75,HIGH,ALIGNED,0.25,-5.3424,HIGH_KN,False
2026-06-18,DATAPATTNS.NS,UP,OOS,RANGE,0.9175,1.0,HIGH,ALIGNED,0.0,0.4165,HIGH_KN,True
2026-06-18,PRESTIGE.NS,UP,OOS,RANGE,0.9026,0.875,HIGH,ALIGNED,0.125,-1.9899,HIGH_KN,False
2026-06-18,STLTECH.NS,UP,OOS,RANGE,0.8971,0.75,HIGH,ALIGNED,0.25,1.1048,HIGH_KN,True
2026-06-18,GALAXYSURF.NS,UP,OOS,RANGE,0.8781,1.0,HIGH,ALIGNED,0.0,1.6618,HIGH_KN,True
2026-06-18,YESBANK.NS,UP,OOS,RANGE,0.8755,0.75,HIGH,ALIGNED,0.25,-0.2747,HIGH_KN,False
2026-06-18,GNFC.NS,UP,OOS,RANGE,0.8462,0.75,HIGH,ALIGNED,0.25,0.8976,HIGH_KN,True
2026-06-18,GRSE.NS,UP,OOS,RANGE,0.8447,0.875,HIGH,ALIGNED,0.125,-0.9557,HIGH_KN,False
2026-06-18,MUTHOOTFIN.NS,UP,OOS,RANGE,0.8413,0.75,HIGH,ALIGNED,0.25,-1.7691,HIGH_KN,False
2026-06-18,DLF.NS,UP,OOS,RANGE,0.838,0.875,HIGH,ALIGNED,0.125,-2.5285,HIGH_KN,False
2026-06-18,RAILTEL.NS,UP,OOS,RANGE,0.8368,0.875,HIGH,ALIGNED,0.125,-1.0226,HIGH_KN,False
2026-06-18,RVNL.NS,UP,OOS,RANGE,0.8353,0.75,HIGH,ALIGNED,0.25,-1.45,HIGH_KN,False
2026-06-18,HFCL.NS,UP,OOS,RANGE,0.832,0.875,HIGH,ALIGNED,0.125,4.9992,HIGH_KN,True
2026-06-18,ONMOBILE.NS,UP,OOS,RANGE,0.8091,0.875,HIGH,ALIGNED,0.125,-0.737,HIGH_KN,False
2026-06-18,CROMPTON.NS,UP,OOS,RANGE,0.7887,0.75,HIGH,ALIGNED,0.25,-0.6676,HIGH_KN,False
2026-06-18,AMBER.NS,UP,OOS,RANGE,0.7868,0.875,HIGH,ALIGNED,0.125,-0.9604,HIGH_KN,False
2026-06-18,M&MFIN.NS,UP,OOS,RANGE,0.7868,0.5,MEDIUM,ALIGNED,0.5,-0.6587,HIGH_KN,False
2026-06-18,ALKYLAMINE.NS,DOWN,OOS,RANGE,0.8249,0.75,HIGH,ALIGNED,0.25,3.0259,HIGH_KN,False
2026-06-18,TECHM.NS,DOWN,OOS,RANGE,0.8142,0.5,MEDIUM,ALIGNED,0.5,-2.6318,HIGH_KN,True
2026-06-18,JINDALPOLY.NS,DOWN,OOS,RANGE,0.756,0.625,HIGH,ALIGNED,0.375,-0.5861,HIGH_KN,True
2026-06-18,MRPL.NS,DOWN,OOS,RANGE,0.7354,0.375,MEDIUM,CONFLICT,0.625,-3.0678,LOW_KN,True
2026-06-18,LAURUSLABS.NS,DOWN,OOS,RANGE,0.7336,0.75,HIGH,ALIGNED,0.25,3.2218,HIGH_KN,False
2026-06-18,AJANTPHARM.NS,DOWN,OOS,RANGE,0.7158,0.5,MEDIUM,ALIGNED,0.5,-0.2733,HIGH_KN,True
2026-06-18,PERSISTENT.NS,DOWN,OOS,RANGE,0.7084,0.5,MEDIUM,ALIGNED,0.5,-2.2569,HIGH_KN,True
2026-06-18,TATACOMM.NS,DOWN,OOS,RANGE,0.7009,0.5,MEDIUM,ALIGNED,0.5,2.4099,HIGH_KN,False
2026-06-18,DEEPAKFERT.NS,DOWN,OOS,RANGE,0.6991,0.5,MEDIUM,ALIGNED,0.5,2.4644,HIGH_KN,False
2026-06-18,RBLBANK.NS,DOWN,OOS,RANGE,0.6856,0.5,MEDIUM,ALIGNED,0.5,2.5999,HIGH_KN,False
2026-06-18,MPHASIS.NS,DOWN,OOS,RANGE,0.6813,0.375,MEDIUM,CONFLICT,0.625,-2.9573,LOW_KN,True
2026-06-18,NESTLEIND.NS,DOWN,OOS,RANGE,0.6764,0.625,HIGH,ALIGNED,0.375,1.0283,HIGH_KN,False
2026-06-18,ZYDUSWELL.NS,DOWN,OOS,RANGE,0.6719,0.375,MEDIUM,CONFLICT,0.625,1.5258,LOW_KN,False
2026-06-18,BIKAJI.NS,DOWN,OOS,RANGE,0.662,0.5,MEDIUM,ALIGNED,0.5,0.053,HIGH_KN,False
2026-06-18,TATACHEM.NS,DOWN,OOS,RANGE,0.6603,0.75,HIGH,ALIGNED,0.25,-0.4777,HIGH_KN,True
2026-06-18,INFY.NS,DOWN,OOS,RANGE,0.6577,0.625,HIGH,ALIGNED,0.375,-6.7494,HIGH_KN,True
2026-06-18,NMDC.NS,DOWN,OOS,RANGE,0.656,0.25,LOW,CONFLICT,0.75,-0.1243,LOW_KN,True
2026-06-18,NATIONALUM.NS,DOWN,OOS,RANGE,0.645,0.625,HIGH,ALIGNED,0.375,2.2434,HIGH_KN,False
2026-06-18,WELCORP.NS,DOWN,OOS,RANGE,0.6404,0.375,MEDIUM,CONFLICT,0.625,1.8606,LOW_KN,False
2026-06-18,CIPLA.NS,DOWN,OOS,RANGE,0.6317,0.75,HIGH,ALIGNED,0.25,-0.273,HIGH_KN,True
2026-06-19,PARAS.NS,UP,OOS,RANGE,0.9888,0.75,HIGH,ALIGNED,0.25,-2.1155,HIGH_KN,False
2026-06-19,OLECTRA.NS,UP,OOS,RANGE,0.9754,0.875,HIGH,ALIGNED,0.125,0.1908,HIGH_KN,True
2026-06-19,BATAINDIA.NS,UP,OOS,RANGE,0.9323,0.875,HIGH,ALIGNED,0.125,-2.2335,HIGH_KN,False
2026-06-19,COFORGE.NS,UP,OOS,RANGE,0.9038,0.625,HIGH,ALIGNED,0.375,1.4078,HIGH_KN,True
2026-06-19,CRAFTSMAN.NS,UP,OOS,RANGE,0.8952,0.75,HIGH,ALIGNED,0.25,-2.9011,HIGH_KN,False
2026-06-19,GALAXYSURF.NS,UP,OOS,RANGE,0.8923,1.0,HIGH,ALIGNED,0.0,0.5757,HIGH_KN,True
2026-06-19,AMBER.NS,UP,OOS,RANGE,0.8816,0.875,HIGH,ALIGNED,0.125,0.2218,HIGH_KN,True
2026-06-19,STLTECH.NS,UP,OOS,RANGE,0.8797,0.625,HIGH,ALIGNED,0.375,-4.6458,HIGH_KN,False
2026-06-19,FINEORG.NS,UP,OOS,RANGE,0.8746,0.75,HIGH,ALIGNED,0.25,-1.5532,HIGH_KN,False
2026-06-19,GNFC.NS,UP,OOS,RANGE,0.8682,0.875,HIGH,ALIGNED,0.125,2.4399,HIGH_KN,True
2026-06-19,BDL.NS,UP,OOS,RANGE,0.855,1.0,HIGH,ALIGNED,0.0,2.4246,HIGH_KN,True
2026-06-19,SAPPHIRE.NS,UP,OOS,RANGE,0.8349,0.875,HIGH,ALIGNED,0.125,2.177,HIGH_KN,True
2026-06-19,PRESTIGE.NS,UP,OOS,RANGE,0.8218,0.625,HIGH,ALIGNED,0.375,1.0152,HIGH_KN,True
2026-06-19,SUZLON.NS,UP,OOS,RANGE,0.8175,1.0,HIGH,ALIGNED,0.0,0.1858,HIGH_KN,True
2026-06-19,RATNAMANI.NS,UP,OOS,RANGE,0.8148,1.0,HIGH,ALIGNED,0.0,-0.6749,HIGH_KN,False
2026-06-19,HFCL.NS,UP,OOS,RANGE,0.8141,0.75,HIGH,ALIGNED,0.25,-0.0716,HIGH_KN,False
2026-06-19,RAJESHEXPO.NS,UP,OOS,RANGE,0.8141,0.75,HIGH,ALIGNED,0.25,4.9944,HIGH_KN,True
2026-06-19,RATEGAIN.NS,UP,OOS,RANGE,0.8093,0.5,MEDIUM,ALIGNED,0.5,0.6511,HIGH_KN,True
2026-06-19,IDEAFORGE.NS,UP,OOS,RANGE,0.8062,0.875,HIGH,ALIGNED,0.125,-4.3373,HIGH_KN,False
2026-06-19,SOLARINDS.NS,UP,OOS,RANGE,0.8019,1.0,HIGH,ALIGNED,0.0,2.1549,HIGH_KN,True
2026-06-19,MRPL.NS,DOWN,OOS,RANGE,0.8761,0.75,HIGH,ALIGNED,0.25,0.1167,HIGH_KN,False
2026-06-19,INFY.NS,DOWN,OOS,RANGE,0.7938,0.625,HIGH,ALIGNED,0.375,1.3316,HIGH_KN,False
2026-06-19,JINDALPOLY.NS,DOWN,OOS,RANGE,0.7797,0.75,HIGH,ALIGNED,0.25,-2.5186,HIGH_KN,True
2026-06-19,TCS.NS,DOWN,OOS,RANGE,0.778,0.75,HIGH,ALIGNED,0.25,0.1318,HIGH_KN,False
2026-06-19,IDEA.NS,DOWN,OOS,RANGE,0.7682,0.375,MEDIUM,CONFLICT,0.625,-0.6702,LOW_KN,True
2026-06-19,ALKYLAMINE.NS,DOWN,OOS,RANGE,0.7562,0.375,MEDIUM,CONFLICT,0.625,-0.6448,LOW_KN,True
2026-06-19,BSE.NS,DOWN,OOS,RANGE,0.7483,0.625,HIGH,ALIGNED,0.375,0.3109,HIGH_KN,False
2026-06-19,CENTUM.NS,DOWN,OOS,RANGE,0.7274,0.625,HIGH,ALIGNED,0.375,4.6454,HIGH_KN,False
2026-06-19,LTTS.NS,DOWN,OOS,RANGE,0.7189,0.75,HIGH,ALIGNED,0.25,0.2101,HIGH_KN,False
2026-06-19,DEEPAKFERT.NS,DOWN,OOS,RANGE,0.7157,0.375,MEDIUM,CONFLICT,0.625,2.5139,LOW_KN,False
2026-06-19,TECHM.NS,DOWN,OOS,RANGE,0.7096,0.75,HIGH,ALIGNED,0.25,1.8161,HIGH_KN,False
2026-06-19,DEEPAKNTR.NS,DOWN,OOS,RANGE,0.6986,0.75,HIGH,ALIGNED,0.25,1.648,HIGH_KN,False
2026-06-19,SRF.NS,DOWN,OOS,RANGE,0.6965,0.5,MEDIUM,ALIGNED,0.5,0.4022,HIGH_KN,False
2026-06-19,MPHASIS.NS,DOWN,OOS,RANGE,0.6882,0.75,HIGH,ALIGNED,0.25,0.5557,HIGH_KN,False
2026-06-19,SAIL.NS,DOWN,OOS,RANGE,0.6785,0.625,HIGH,ALIGNED,0.375,-2.8881,HIGH_KN,True
2026-06-19,NOCIL.NS,DOWN,OOS,RANGE,0.6761,0.75,HIGH,ALIGNED,0.25,19.9975,HIGH_KN,False
2026-06-19,IDFCFIRSTB.NS,DOWN,OOS,RANGE,0.6682,0.375,MEDIUM,CONFLICT,0.625,2.5547,LOW_KN,False
2026-06-19,VEDL.NS,DOWN,OOS,RANGE,0.6682,0.625,HIGH,ALIGNED,0.375,1.6789,HIGH_KN,False
2026-06-19,GODREJCP.NS,DOWN,OOS,RANGE,0.6577,0.75,HIGH,ALIGNED,0.25,1.8889,HIGH_KN,False
2026-06-19,HDFCBANK.NS,DOWN,OOS,RANGE,0.6522,0.625,HIGH,ALIGNED,0.375,0.8464,HIGH_KN,False
2026-06-22,NOCIL.NS,UP,OOS,RANGE,0.9582,0.875,HIGH,ALIGNED,0.125,-0.8018,HIGH_KN,False
2026-06-22,GNFC.NS,UP,OOS,RANGE,0.9345,0.875,HIGH,ALIGNED,0.125,-3.7403,HIGH_KN,False
2026-06-22,OLECTRA.NS,UP,OOS,RANGE,0.9222,0.5,MEDIUM,ALIGNED,0.5,-1.4246,HIGH_KN,False
2026-06-22,ZYDUSWELL.NS,UP,OOS,RANGE,0.9205,1.0,HIGH,ALIGNED,0.0,-1.1835,HIGH_KN,False
2026-06-22,TATACOMM.NS,UP,OOS,RANGE,0.9128,0.875,HIGH,ALIGNED,0.125,-1.8674,HIGH_KN,False
2026-06-22,HFCL.NS,UP,OOS,RANGE,0.8937,0.625,HIGH,ALIGNED,0.375,-3.4231,HIGH_KN,False
2026-06-22,PARAS.NS,UP,OOS,RANGE,0.8872,0.5,MEDIUM,ALIGNED,0.5,-3.3252,HIGH_KN,False
2026-06-22,RAJESHEXPO.NS,UP,OOS,RANGE,0.8795,0.875,HIGH,ALIGNED,0.125,4.9912,HIGH_KN,True
2026-06-22,GRSE.NS,UP,OOS,RANGE,0.8703,1.0,HIGH,ALIGNED,0.0,-2.0415,HIGH_KN,False
2026-06-22,COFORGE.NS,UP,OOS,RANGE,0.8568,0.875,HIGH,ALIGNED,0.125,-0.182,HIGH_KN,False
2026-06-22,BDL.NS,UP,OOS,RANGE,0.8483,1.0,HIGH,ALIGNED,0.0,-1.1445,HIGH_KN,False
2026-06-22,COCHINSHIP.NS,UP,OOS,RANGE,0.8256,0.75,HIGH,ALIGNED,0.25,0.4877,HIGH_KN,True
2026-06-22,DEEPAKFERT.NS,UP,OOS,RANGE,0.8159,0.75,HIGH,ALIGNED,0.25,-1.2293,HIGH_KN,False
2026-06-22,GALAXYSURF.NS,UP,OOS,RANGE,0.8126,0.75,HIGH,ALIGNED,0.25,-1.1755,HIGH_KN,False
2026-06-22,DATAPATTNS.NS,UP,OOS,RANGE,0.8072,0.875,HIGH,ALIGNED,0.125,-0.7234,HIGH_KN,False
2026-06-22,AMBER.NS,UP,OOS,RANGE,0.8007,0.875,HIGH,ALIGNED,0.125,-1.4988,HIGH_KN,False
2026-06-22,POLICYBZR.NS,UP,OOS,RANGE,0.7983,0.875,HIGH,ALIGNED,0.125,-2.7804,HIGH_KN,False
2026-06-22,ONMOBILE.NS,UP,OOS,RANGE,0.7952,0.75,HIGH,ALIGNED,0.25,0.7296,HIGH_KN,True
2026-06-22,SOLARINDS.NS,UP,OOS,RANGE,0.7843,0.875,HIGH,ALIGNED,0.125,-1.1605,HIGH_KN,False
2026-06-22,FINEORG.NS,UP,OOS,RANGE,0.7836,0.875,HIGH,ALIGNED,0.125,-1.9928,HIGH_KN,False
2026-06-22,MRPL.NS,DOWN,OOS,RANGE,0.8792,0.75,HIGH,ALIGNED,0.25,-0.6996,HIGH_KN,True
2026-06-22,IDEA.NS,DOWN,OOS,RANGE,0.8163,0.75,HIGH,ALIGNED,0.25,-2.4966,HIGH_KN,True
2026-06-22,SHRIRAMFIN.NS,DOWN,OOS,RANGE,0.8054,0.75,HIGH,ALIGNED,0.25,0.0504,HIGH_KN,False
2026-06-22,JINDALPOLY.NS,DOWN,OOS,RANGE,0.7911,0.75,HIGH,ALIGNED,0.25,-4.5326,HIGH_KN,True
2026-06-22,SAIL.NS,DOWN,OOS,RANGE,0.7879,0.75,HIGH,ALIGNED,0.25,-3.2428,HIGH_KN,True
2026-06-22,INFY.NS,DOWN,OOS,RANGE,0.7606,0.625,HIGH,ALIGNED,0.375,-3.3884,HIGH_KN,True
2026-06-22,BPCL.NS,DOWN,OOS,RANGE,0.7481,0.625,HIGH,ALIGNED,0.375,-0.0162,HIGH_KN,True
2026-06-22,COROMANDEL.NS,DOWN,OOS,RANGE,0.7428,0.625,HIGH,ALIGNED,0.375,0.2566,HIGH_KN,False
2026-06-22,M&MFIN.NS,DOWN,OOS,RANGE,0.7428,0.625,HIGH,ALIGNED,0.375,-0.9185,HIGH_KN,True
2026-06-22,BSE.NS,DOWN,OOS,RANGE,0.7417,0.625,HIGH,ALIGNED,0.375,-2.2541,HIGH_KN,True
2026-06-22,LTTS.NS,DOWN,OOS,RANGE,0.7367,0.75,HIGH,ALIGNED,0.25,-0.4134,HIGH_KN,True
2026-06-22,VBL.NS,DOWN,OOS,RANGE,0.7345,0.875,HIGH,ALIGNED,0.125,-1.6863,HIGH_KN,True
2026-06-22,ASHOKLEY.NS,DOWN,OOS,RANGE,0.7319,0.75,HIGH,ALIGNED,0.25,-3.6453,HIGH_KN,True
2026-06-22,PIDILITIND.NS,DOWN,OOS,RANGE,0.7152,0.625,HIGH,ALIGNED,0.375,-0.3498,HIGH_KN,True
2026-06-22,NATIONALUM.NS,DOWN,OOS,RANGE,0.7114,0.625,HIGH,ALIGNED,0.375,-5.9664,HIGH_KN,True
2026-06-22,INTELLECT.NS,DOWN,OOS,RANGE,0.71,0.625,HIGH,ALIGNED,0.375,-0.6182,HIGH_KN,True
2026-06-22,INDUSINDBK.NS,DOWN,OOS,RANGE,0.7034,0.75,HIGH,ALIGNED,0.25,-1.6937,HIGH_KN,True
2026-06-22,IOC.NS,DOWN,OOS,RANGE,0.7014,0.625,HIGH,ALIGNED,0.375,-0.8381,HIGH_KN,True
2026-06-22,LT.NS,DOWN,OOS,RANGE,0.6896,0.625,HIGH,ALIGNED,0.375,-0.5213,HIGH_KN,True
2026-06-22,MPHASIS.NS,DOWN,OOS,RANGE,0.6894,0.75,HIGH,ALIGNED,0.25,-1.5569,HIGH_KN,True
2026-06-23,NOCIL.NS,UP,OOS,RANGE,0.9722,1.0,HIGH,ALIGNED,0.0,-3.1433,HIGH_KN,False
2026-06-23,BASF.NS,UP,OOS,RANGE,0.9171,1.0,HIGH,ALIGNED,0.0,0.3497,HIGH_KN,True
2026-06-23,ZYDUSWELL.NS,UP,OOS,RANGE,0.8681,0.875,HIGH,ALIGNED,0.125,-0.877,HIGH_KN,False
2026-06-23,BDL.NS,UP,OOS,RANGE,0.856,0.875,HIGH,ALIGNED,0.125,-0.5106,HIGH_KN,False
2026-06-23,LAURUSLABS.NS,UP,OOS,RANGE,0.8553,0.875,HIGH,ALIGNED,0.125,-1.8096,HIGH_KN,False
2026-06-23,TATACOMM.NS,UP,OOS,RANGE,0.8473,0.75,HIGH,ALIGNED,0.25,0.262,HIGH_KN,True
2026-06-23,COCHINSHIP.NS,UP,OOS,RANGE,0.8348,1.0,HIGH,ALIGNED,0.0,0.2359,HIGH_KN,True
2026-06-23,DATAPATTNS.NS,UP,OOS,RANGE,0.8287,0.875,HIGH,ALIGNED,0.125,-4.3656,HIGH_KN,False
2026-06-23,SOLARINDS.NS,UP,OOS,RANGE,0.8285,0.75,HIGH,ALIGNED,0.25,-1.9916,HIGH_KN,False
2026-06-23,BATAINDIA.NS,UP,OOS,RANGE,0.8266,0.625,HIGH,ALIGNED,0.375,-2.5487,HIGH_KN,False
2026-06-23,OLECTRA.NS,UP,OOS,RANGE,0.8254,0.625,HIGH,ALIGNED,0.375,-0.626,HIGH_KN,False
2026-06-23,GRANULES.NS,UP,OOS,RANGE,0.8188,0.875,HIGH,ALIGNED,0.125,-2.1764,HIGH_KN,False
2026-06-23,AUROPHARMA.NS,UP,OOS,RANGE,0.8176,1.0,HIGH,ALIGNED,0.0,-0.2346,HIGH_KN,False
2026-06-23,PARAS.NS,UP,OOS,RANGE,0.8169,0.5,MEDIUM,ALIGNED,0.5,-3.3421,HIGH_KN,False
2026-06-23,RAJESHEXPO.NS,UP,OOS,RANGE,0.8027,0.875,HIGH,ALIGNED,0.125,-4.9958,HIGH_KN,False
2026-06-23,NATCOPHARM.NS,UP,OOS,RANGE,0.7964,0.625,HIGH,ALIGNED,0.375,0.0784,HIGH_KN,True
2026-06-23,ERIS.NS,UP,OOS,RANGE,0.7961,1.0,HIGH,ALIGNED,0.0,0.3696,HIGH_KN,True
2026-06-23,GRSE.NS,UP,OOS,RANGE,0.7935,0.625,HIGH,ALIGNED,0.375,-0.6959,HIGH_KN,False
2026-06-23,HFCL.NS,UP,OOS,RANGE,0.7918,0.75,HIGH,ALIGNED,0.25,1.226,HIGH_KN,True
2026-06-23,BHARATFORG.NS,UP,OOS,RANGE,0.7816,0.75,HIGH,ALIGNED,0.25,-1.3706,HIGH_KN,False
2026-06-23,STLTECH.NS,DOWN,OOS,RANGE,0.8323,0.75,HIGH,ALIGNED,0.25,-3.812,HIGH_KN,True
2026-06-23,INFY.NS,DOWN,OOS,RANGE,0.8297,0.75,HIGH,ALIGNED,0.25,2.6523,HIGH_KN,False
2026-06-23,MRPL.NS,DOWN,OOS,RANGE,0.8295,0.625,HIGH,ALIGNED,0.375,1.9179,HIGH_KN,False
2026-06-23,JINDALPOLY.NS,DOWN,OOS,RANGE,0.8188,0.875,HIGH,ALIGNED,0.125,2.9722,HIGH_KN,False
2026-06-23,WIPRO.NS,DOWN,OOS,RANGE,0.7785,0.625,HIGH,ALIGNED,0.375,-0.0057,HIGH_KN,True
2026-06-23,SAIL.NS,DOWN,OOS,RANGE,0.7756,0.625,HIGH,ALIGNED,0.375,1.324,HIGH_KN,False
2026-06-23,KALYANKJIL.NS,DOWN,OOS,RANGE,0.7703,0.75,HIGH,ALIGNED,0.25,0.8309,HIGH_KN,False
2026-06-23,COROMANDEL.NS,DOWN,OOS,RANGE,0.7696,0.625,HIGH,ALIGNED,0.375,-0.4717,HIGH_KN,True
2026-06-23,DLF.NS,DOWN,OOS,RANGE,0.7631,0.75,HIGH,ALIGNED,0.25,0.9472,HIGH_KN,False
2026-06-23,MUTHOOTFIN.NS,DOWN,OOS,RANGE,0.7611,0.625,HIGH,ALIGNED,0.375,0.3302,HIGH_KN,False
2026-06-23,SHRIRAMFIN.NS,DOWN,OOS,RANGE,0.7507,0.625,HIGH,ALIGNED,0.375,2.5822,HIGH_KN,False
2026-06-23,PRESTIGE.NS,DOWN,OOS,RANGE,0.75,0.75,HIGH,ALIGNED,0.25,1.8774,HIGH_KN,False
2026-06-23,ASHOKLEY.NS,DOWN,OOS,RANGE,0.7478,0.625,HIGH,ALIGNED,0.375,2.2778,HIGH_KN,False
2026-06-23,BSE.NS,DOWN,OOS,RANGE,0.7444,0.75,HIGH,ALIGNED,0.25,-1.4004,HIGH_KN,True
2026-06-23,VBL.NS,DOWN,OOS,RANGE,0.7406,0.75,HIGH,ALIGNED,0.25,0.4759,HIGH_KN,False
2026-06-23,INDIAMART.NS,DOWN,OOS,RANGE,0.7396,0.75,HIGH,ALIGNED,0.25,-0.9732,HIGH_KN,True
2026-06-23,HCLTECH.NS,DOWN,OOS,RANGE,0.735,0.75,HIGH,ALIGNED,0.25,0.3966,HIGH_KN,False
2026-06-23,HINDZINC.NS,DOWN,OOS,RANGE,0.7309,0.875,HIGH,ALIGNED,0.125,-0.887,HIGH_KN,True
2026-06-23,MOIL.NS,DOWN,OOS,RANGE,0.73,0.875,HIGH,ALIGNED,0.125,-1.4447,HIGH_KN,True
2026-06-23,BPCL.NS,DOWN,OOS,RANGE,0.7274,0.625,HIGH,ALIGNED,0.375,2.3173,HIGH_KN,False
2026-06-24,TATACOMM.NS,UP,OOS,RANGE,0.9466,1.0,HIGH,ALIGNED,0.0,-1.8043,HIGH_KN,False
2026-06-24,GALAXYSURF.NS,UP,OOS,RANGE,0.9208,0.625,HIGH,ALIGNED,0.375,0.3891,HIGH_KN,True
2026-06-24,OFSS.NS,UP,OOS,RANGE,0.9063,1.0,HIGH,ALIGNED,0.0,4.8335,HIGH_KN,True
2026-06-24,ONMOBILE.NS,UP,OOS,RANGE,0.8937,1.0,HIGH,ALIGNED,0.0,1.9468,HIGH_KN,True
2026-06-24,NOCIL.NS,UP,OOS,RANGE,0.8802,0.75,HIGH,ALIGNED,0.25,-0.8072,HIGH_KN,False
2026-06-24,RAJESHEXPO.NS,UP,OOS,RANGE,0.8722,0.75,HIGH,ALIGNED,0.25,-4.9941,HIGH_KN,False
2026-06-24,BASF.NS,UP,OOS,RANGE,0.858,1.0,HIGH,ALIGNED,0.0,-2.8333,HIGH_KN,False
2026-06-24,FINEORG.NS,UP,OOS,RANGE,0.8565,0.625,HIGH,ALIGNED,0.375,-0.6546,HIGH_KN,False
2026-06-24,OLECTRA.NS,UP,OOS,RANGE,0.8425,0.5,MEDIUM,ALIGNED,0.5,0.0871,HIGH_KN,True
2026-06-24,LAURUSLABS.NS,UP,OOS,RANGE,0.8367,0.875,HIGH,ALIGNED,0.125,-0.2888,HIGH_KN,False
2026-06-24,ZYDUSWELL.NS,UP,OOS,RANGE,0.8329,0.75,HIGH,ALIGNED,0.25,-1.4176,HIGH_KN,False
2026-06-24,M&MFIN.NS,UP,OOS,RANGE,0.794,0.875,HIGH,ALIGNED,0.125,5.6941,HIGH_KN,True
2026-06-24,BATAINDIA.NS,UP,OOS,RANGE,0.7886,0.5,MEDIUM,ALIGNED,0.5,0.014,HIGH_KN,True
2026-06-24,DEEPAKNTR.NS,UP,OOS,RANGE,0.7713,0.75,HIGH,ALIGNED,0.25,-1.3858,HIGH_KN,False
2026-06-24,BDL.NS,UP,OOS,RANGE,0.7693,0.75,HIGH,ALIGNED,0.25,-1.0914,HIGH_KN,False
2026-06-24,ENDURANCE.NS,UP,OOS,RANGE,0.7638,0.875,HIGH,ALIGNED,0.125,-0.4206,HIGH_KN,False
2026-06-24,CHOLAFIN.NS,UP,OOS,RANGE,0.742,0.625,HIGH,ALIGNED,0.375,0.3514,HIGH_KN,True
2026-06-24,NAVINFLUOR.NS,UP,OOS,RANGE,0.7365,0.75,HIGH,ALIGNED,0.25,-1.1626,HIGH_KN,False
2026-06-24,SUNDRMFAST.NS,UP,OOS,RANGE,0.7345,0.75,HIGH,ALIGNED,0.25,3.0333,HIGH_KN,True
2026-06-24,EXIDEIND.NS,UP,OOS,RANGE,0.7331,1.0,HIGH,ALIGNED,0.0,-2.428,HIGH_KN,False
2026-06-24,STLTECH.NS,DOWN,OOS,RANGE,0.8872,0.875,HIGH,ALIGNED,0.125,4.9987,HIGH_KN,False
2026-06-24,IDEAFORGE.NS,DOWN,OOS,RANGE,0.8592,0.75,HIGH,ALIGNED,0.25,0.893,HIGH_KN,False
2026-06-24,RATEGAIN.NS,DOWN,OOS,RANGE,0.8375,0.625,HIGH,ALIGNED,0.375,-2.2379,HIGH_KN,True
2026-06-24,INFY.NS,DOWN,OOS,RANGE,0.8285,0.5,MEDIUM,ALIGNED,0.5,-1.4575,HIGH_KN,True
2026-06-24,DATAPATTNS.NS,DOWN,OOS,RANGE,0.8226,0.75,HIGH,ALIGNED,0.25,-2.4567,HIGH_KN,True
2026-06-24,IRFC.NS,DOWN,OOS,RANGE,0.8188,0.75,HIGH,ALIGNED,0.25,-0.7892,HIGH_KN,True
2026-06-24,HINDZINC.NS,DOWN,OOS,RANGE,0.8179,0.75,HIGH,ALIGNED,0.25,-4.41,HIGH_KN,True
2026-06-24,VEDL.NS,DOWN,OOS,RANGE,0.8027,0.625,HIGH,ALIGNED,0.375,-3.2207,HIGH_KN,True
2026-06-24,WIPRO.NS,DOWN,OOS,RANGE,0.8022,0.875,HIGH,ALIGNED,0.125,0.298,HIGH_KN,False
2026-06-24,PARAS.NS,DOWN,OOS,RANGE,0.8002,0.625,HIGH,ALIGNED,0.375,-4.2454,HIGH_KN,True
2026-06-24,MUTHOOTFIN.NS,DOWN,OOS,RANGE,0.77,0.375,MEDIUM,CONFLICT,0.625,-3.3324,LOW_KN,True
2026-06-24,ASHOKLEY.NS,DOWN,OOS,RANGE,0.763,0.5,MEDIUM,ALIGNED,0.5,3.7247,HIGH_KN,False
2026-06-24,GNFC.NS,DOWN,OOS,RANGE,0.7597,0.75,HIGH,ALIGNED,0.25,-1.9982,HIGH_KN,True
2026-06-24,IDEA.NS,DOWN,OOS,RANGE,0.7576,0.875,HIGH,ALIGNED,0.125,-1.747,HIGH_KN,True
2026-06-24,APOLLOTYRE.NS,DOWN,OOS,RANGE,0.7515,0.75,HIGH,ALIGNED,0.25,2.0982,HIGH_KN,False
2026-06-24,MOIL.NS,DOWN,OOS,RANGE,0.743,0.875,HIGH,ALIGNED,0.125,-0.0536,HIGH_KN,True
2026-06-24,INDIAMART.NS,DOWN,OOS,RANGE,0.7415,0.75,HIGH,ALIGNED,0.25,-0.9422,HIGH_KN,True
2026-06-24,NATIONALUM.NS,DOWN,OOS,RANGE,0.7411,0.625,HIGH,ALIGNED,0.375,-4.7052,HIGH_KN,True
2026-06-24,KALYANKJIL.NS,DOWN,OOS,RANGE,0.7406,0.625,HIGH,ALIGNED,0.375,0.4253,HIGH_KN,False
2026-06-24,VBL.NS,DOWN,OOS,RANGE,0.7379,0.625,HIGH,ALIGNED,0.375,0.1875,HIGH_KN,False
2026-06-25,OFSS.NS,UP,OOS,RANGE,0.9192,0.75,HIGH,ALIGNED,0.25,0.0,HIGH_KN,False
2026-06-25,ONMOBILE.NS,UP,OOS,RANGE,0.9092,0.625,HIGH,ALIGNED,0.375,0.0,HIGH_KN,False
2026-06-25,M&MFIN.NS,UP,OOS,RANGE,0.9058,1.0,HIGH,ALIGNED,0.0,0.0,HIGH_KN,False
2026-06-25,MOTHERSON.NS,UP,OOS,RANGE,0.8624,1.0,HIGH,ALIGNED,0.0,0.0,HIGH_KN,False
2026-06-25,WELCORP.NS,UP,OOS,RANGE,0.8624,1.0,HIGH,ALIGNED,0.0,0.0,HIGH_KN,False
2026-06-25,ZYDUSWELL.NS,UP,OOS,RANGE,0.8437,0.75,HIGH,ALIGNED,0.25,0.0,HIGH_KN,False
2026-06-25,TATACHEM.NS,UP,OOS,RANGE,0.8255,1.0,HIGH,ALIGNED,0.0,0.0,HIGH_KN,False
2026-06-25,SUNDRMFAST.NS,UP,OOS,RANGE,0.8136,0.75,HIGH,ALIGNED,0.25,0.0,HIGH_KN,False
2026-06-25,NOCIL.NS,UP,OOS,RANGE,0.8029,0.5,MEDIUM,ALIGNED,0.5,0.0,HIGH_KN,False
2026-06-25,BASF.NS,UP,OOS,RANGE,0.7998,0.625,HIGH,ALIGNED,0.375,0.0,HIGH_KN,False
2026-06-25,AUROPHARMA.NS,UP,OOS,RANGE,0.7852,1.0,HIGH,ALIGNED,0.0,0.0,HIGH_KN,False
2026-06-25,GALAXYSURF.NS,UP,OOS,RANGE,0.7799,0.625,HIGH,ALIGNED,0.375,0.0,HIGH_KN,False
2026-06-25,CENTUM.NS,UP,OOS,RANGE,0.7731,0.5,MEDIUM,ALIGNED,0.5,0.0,HIGH_KN,False
2026-06-25,PNBHOUSING.NS,UP,OOS,RANGE,0.766,0.875,HIGH,ALIGNED,0.125,0.0,HIGH_KN,False
2026-06-25,BHARATFORG.NS,UP,OOS,RANGE,0.7602,0.625,HIGH,ALIGNED,0.375,0.0,HIGH_KN,False
2026-06-25,ENDURANCE.NS,UP,OOS,RANGE,0.7539,0.875,HIGH,ALIGNED,0.125,0.0,HIGH_KN,False
2026-06-25,LAURUSLABS.NS,UP,OOS,RANGE,0.7515,0.875,HIGH,ALIGNED,0.125,0.0,HIGH_KN,False
2026-06-25,TATACOMM.NS,UP,OOS,RANGE,0.7425,0.5,MEDIUM,ALIGNED,0.5,0.0,HIGH_KN,False
2026-06-25,EXIDEIND.NS,UP,OOS,RANGE,0.742,0.75,HIGH,ALIGNED,0.25,0.0,HIGH_KN,False
2026-06-25,DEEPAKFERT.NS,UP,OOS,RANGE,0.7342,0.625,HIGH,ALIGNED,0.375,0.0,HIGH_KN,False
2026-06-25,PARAS.NS,DOWN,OOS,RANGE,0.9148,0.75,HIGH,ALIGNED,0.25,0.0,HIGH_KN,False
2026-06-25,BATAINDIA.NS,DOWN,OOS,RANGE,0.8827,0.625,HIGH,ALIGNED,0.375,0.0,HIGH_KN,False
2026-06-25,DATAPATTNS.NS,DOWN,OOS,RANGE,0.8565,0.75,HIGH,ALIGNED,0.25,0.0,HIGH_KN,False
2026-06-25,IDEAFORGE.NS,DOWN,OOS,RANGE,0.8536,0.625,HIGH,ALIGNED,0.375,0.0,HIGH_KN,False
2026-06-25,RATEGAIN.NS,DOWN,OOS,RANGE,0.8515,0.75,HIGH,ALIGNED,0.25,0.0,HIGH_KN,False
2026-06-25,MUTHOOTFIN.NS,DOWN,OOS,RANGE,0.8221,0.875,HIGH,ALIGNED,0.125,0.0,HIGH_KN,False
2026-06-25,GNFC.NS,DOWN,OOS,RANGE,0.8081,0.625,HIGH,ALIGNED,0.375,0.0,HIGH_KN,False
2026-06-25,IRFC.NS,DOWN,OOS,RANGE,0.8044,0.75,HIGH,ALIGNED,0.25,0.0,HIGH_KN,False
2026-06-25,HINDZINC.NS,DOWN,OOS,RANGE,0.8032,0.75,HIGH,ALIGNED,0.25,0.0,HIGH_KN,False
2026-06-25,INFY.NS,DOWN,OOS,RANGE,0.791,0.75,HIGH,ALIGNED,0.25,0.0,HIGH_KN,False
2026-06-25,INDIAMART.NS,DOWN,OOS,RANGE,0.79,0.75,HIGH,ALIGNED,0.25,0.0,HIGH_KN,False
2026-06-25,NATIONALUM.NS,DOWN,OOS,RANGE,0.7738,0.75,HIGH,ALIGNED,0.25,0.0,HIGH_KN,False
2026-06-25,GRSE.NS,DOWN,OOS,RANGE,0.7699,0.625,HIGH,ALIGNED,0.375,0.0,HIGH_KN,False
2026-06-25,KEI.NS,DOWN,OOS,RANGE,0.7692,0.875,HIGH,ALIGNED,0.125,0.0,HIGH_KN,False
2026-06-25,TIINDIA.NS,DOWN,OOS,RANGE,0.7689,0.875,HIGH,ALIGNED,0.125,0.0,HIGH_KN,False
2026-06-25,VEDL.NS,DOWN,OOS,RANGE,0.766,0.75,HIGH,ALIGNED,0.25,0.0,HIGH_KN,False
2026-06-25,DLF.NS,DOWN,OOS,RANGE,0.7628,0.625,HIGH,ALIGNED,0.375,0.0,HIGH_KN,False
2026-06-25,IDEA.NS,DOWN,OOS,RANGE,0.7551,0.75,HIGH,ALIGNED,0.25,0.0,HIGH_KN,False
2026-06-25,YESBANK.NS,DOWN,OOS,RANGE,0.739,0.625,HIGH,ALIGNED,0.375,0.0,HIGH_KN,False
2026-06-25,AMBER.NS,DOWN,OOS,RANGE,0.7176,0.625,HIGH,ALIGNED,0.375,0.0,HIGH_KN,False
2026-06-29,ONMOBILE.NS,UP,OOS,RANGE,0.9555,0.75,HIGH,ALIGNED,0.25,2.0425,HIGH_KN,True
2026-06-29,M&MFIN.NS,UP,OOS,RANGE,0.9428,0.875,HIGH,ALIGNED,0.125,0.1268,HIGH_KN,True
2026-06-29,ZYDUSWELL.NS,UP,OOS,RANGE,0.9195,0.75,HIGH,ALIGNED,0.25,1.0449,HIGH_KN,True
2026-06-29,AJANTPHARM.NS,UP,OOS,RANGE,0.8935,1.0,HIGH,ALIGNED,0.0,1.1376,HIGH_KN,True
2026-06-29,WELCORP.NS,UP,OOS,RANGE,0.8661,0.875,HIGH,ALIGNED,0.125,0.7347,HIGH_KN,True
2026-06-29,LAURUSLABS.NS,UP,OOS,RANGE,0.8522,1.0,HIGH,ALIGNED,0.0,1.1398,HIGH_KN,True
2026-06-29,MOTHERSON.NS,UP,OOS,RANGE,0.8457,0.875,HIGH,ALIGNED,0.125,-1.6273,HIGH_KN,False
2026-06-29,OFSS.NS,UP,OOS,RANGE,0.8341,0.875,HIGH,ALIGNED,0.125,-0.9104,HIGH_KN,False
2026-06-29,BHARATFORG.NS,UP,OOS,RANGE,0.8207,0.625,HIGH,ALIGNED,0.375,-1.2345,HIGH_KN,False
2026-06-29,GRANULES.NS,UP,OOS,RANGE,0.8091,0.875,HIGH,ALIGNED,0.125,2.3213,HIGH_KN,True
2026-06-29,SAIL.NS,UP,OOS,RANGE,0.8002,0.75,HIGH,ALIGNED,0.25,-0.993,HIGH_KN,False
2026-06-29,SHRIRAMFIN.NS,UP,OOS,RANGE,0.799,1.0,HIGH,ALIGNED,0.0,0.92,HIGH_KN,True
2026-06-29,SUNDRMFAST.NS,UP,OOS,RANGE,0.793,0.625,HIGH,ALIGNED,0.375,0.576,HIGH_KN,True
2026-06-29,TORNTPHARM.NS,UP,OOS,RANGE,0.7913,1.0,HIGH,ALIGNED,0.0,-0.8051,HIGH_KN,False
2026-06-29,CHOLAFIN.NS,UP,OOS,RANGE,0.7685,0.5,MEDIUM,ALIGNED,0.5,0.8906,HIGH_KN,True
2026-06-29,DRREDDY.NS,UP,OOS,RANGE,0.7632,0.75,HIGH,ALIGNED,0.25,-1.352,HIGH_KN,False
2026-06-29,ASHOKLEY.NS,UP,OOS,RANGE,0.7627,0.875,HIGH,ALIGNED,0.125,0.2161,HIGH_KN,True
2026-06-29,NATCOPHARM.NS,UP,OOS,RANGE,0.7502,0.625,HIGH,ALIGNED,0.375,1.2833,HIGH_KN,True
2026-06-29,LICHSGFIN.NS,UP,OOS,RANGE,0.7397,1.0,HIGH,ALIGNED,0.0,0.5796,HIGH_KN,True
2026-06-29,MARICO.NS,UP,OOS,RANGE,0.7339,1.0,HIGH,ALIGNED,0.0,-0.4405,HIGH_KN,False
2026-06-29,PARAS.NS,DOWN,OOS,RANGE,0.8937,0.75,HIGH,ALIGNED,0.25,8.9737,HIGH_KN,False
2026-06-29,NOCIL.NS,DOWN,OOS,RANGE,0.8659,0.625,HIGH,ALIGNED,0.375,-1.5064,HIGH_KN,True
2026-06-29,GNFC.NS,DOWN,OOS,RANGE,0.85,0.5,MEDIUM,ALIGNED,0.5,-0.5581,HIGH_KN,True
2026-06-29,MGL.NS,DOWN,OOS,RANGE,0.8252,0.625,HIGH,ALIGNED,0.375,2.8019,HIGH_KN,False
2026-06-29,PERSISTENT.NS,DOWN,OOS,RANGE,0.8216,0.75,HIGH,ALIGNED,0.25,0.6514,HIGH_KN,False
2026-06-29,IRFC.NS,DOWN,OOS,RANGE,0.8166,0.75,HIGH,ALIGNED,0.25,-0.0883,HIGH_KN,True
2026-06-29,BATAINDIA.NS,DOWN,OOS,RANGE,0.813,0.75,HIGH,ALIGNED,0.25,-1.7737,HIGH_KN,True
2026-06-29,GRSE.NS,DOWN,OOS,RANGE,0.8101,0.75,HIGH,ALIGNED,0.25,1.8075,HIGH_KN,False
2026-06-29,CLEAN.NS,DOWN,OOS,RANGE,0.8058,0.75,HIGH,ALIGNED,0.25,-0.9508,HIGH_KN,True
2026-06-29,BDL.NS,DOWN,OOS,RANGE,0.8032,0.625,HIGH,ALIGNED,0.375,2.4942,HIGH_KN,False
2026-06-29,RATNAMANI.NS,DOWN,OOS,RANGE,0.7913,0.875,HIGH,ALIGNED,0.125,-2.3422,HIGH_KN,True
2026-06-29,VEDL.NS,DOWN,OOS,RANGE,0.7748,0.625,HIGH,ALIGNED,0.375,-1.3354,HIGH_KN,True
2026-06-29,IDEAFORGE.NS,DOWN,OOS,RANGE,0.7704,0.75,HIGH,ALIGNED,0.25,0.5796,HIGH_KN,False
2026-06-29,HINDZINC.NS,DOWN,OOS,RANGE,0.7688,0.625,HIGH,ALIGNED,0.375,1.4558,HIGH_KN,False
2026-06-29,MUTHOOTFIN.NS,DOWN,OOS,RANGE,0.7685,0.75,HIGH,ALIGNED,0.25,-0.7911,HIGH_KN,True
2026-06-29,NCC.NS,DOWN,OOS,RANGE,0.7649,0.75,HIGH,ALIGNED,0.25,-1.1538,HIGH_KN,True
2026-06-29,DATAPATTNS.NS,DOWN,OOS,RANGE,0.7612,0.625,HIGH,ALIGNED,0.375,0.6641,HIGH_KN,False
2026-06-29,AMBER.NS,DOWN,OOS,RANGE,0.755,0.75,HIGH,ALIGNED,0.25,1.5783,HIGH_KN,False
2026-06-29,NATIONALUM.NS,DOWN,OOS,RANGE,0.7428,0.75,HIGH,ALIGNED,0.25,-2.2453,HIGH_KN,True
2026-06-29,DEEPAKNTR.NS,DOWN,OOS,RANGE,0.7339,0.75,HIGH,ALIGNED,0.25,-1.1064,HIGH_KN,True
2026-06-30,ONMOBILE.NS,UP,OOS,RANGE,0.9637,0.75,HIGH,ALIGNED,0.25,5.3539,HIGH_KN,True
2026-06-30,ZYDUSWELL.NS,UP,OOS,RANGE,0.9293,0.75,HIGH,ALIGNED,0.25,-1.1992,HIGH_KN,False
2026-06-30,RATEGAIN.NS,UP,OOS,RANGE,0.9151,0.875,HIGH,ALIGNED,0.125,0.4226,HIGH_KN,True
2026-06-30,CENTUM.NS,UP,OOS,RANGE,0.874,1.0,HIGH,ALIGNED,0.0,-1.7759,HIGH_KN,False
2026-06-30,M&MFIN.NS,UP,OOS,RANGE,0.818,0.625,HIGH,ALIGNED,0.375,-0.2058,HIGH_KN,False
2026-06-30,FINEORG.NS,UP,OOS,RANGE,0.8151,0.75,HIGH,ALIGNED,0.25,-1.639,HIGH_KN,False
2026-06-30,MARUTI.NS,UP,OOS,RANGE,0.8103,1.0,HIGH,ALIGNED,0.0,1.9837,HIGH_KN,True
2026-06-30,AJANTPHARM.NS,UP,OOS,RANGE,0.806,0.75,HIGH,ALIGNED,0.25,-2.1971,HIGH_KN,False
2026-06-30,KALYANKJIL.NS,UP,OOS,RANGE,0.7995,0.875,HIGH,ALIGNED,0.125,-1.4611,HIGH_KN,False
2026-06-30,SUNDRMFAST.NS,UP,OOS,RANGE,0.7933,0.75,HIGH,ALIGNED,0.25,0.3426,HIGH_KN,True
2026-06-30,GODREJPROP.NS,UP,OOS,RANGE,0.7873,1.0,HIGH,ALIGNED,0.0,4.9823,HIGH_KN,True
2026-06-30,OFSS.NS,UP,OOS,RANGE,0.7769,0.625,HIGH,ALIGNED,0.375,0.812,HIGH_KN,True
2026-06-30,MOTHERSON.NS,UP,OOS,RANGE,0.7764,0.625,HIGH,ALIGNED,0.375,-0.4051,HIGH_KN,False
2026-06-30,COROMANDEL.NS,UP,OOS,RANGE,0.77,1.0,HIGH,ALIGNED,0.0,-0.5885,HIGH_KN,False
2026-06-30,BEML.NS,UP,OOS,RANGE,0.7647,0.875,HIGH,ALIGNED,0.125,3.7094,HIGH_KN,True
2026-06-30,COCHINSHIP.NS,UP,OOS,RANGE,0.7625,0.875,HIGH,ALIGNED,0.125,-0.2321,HIGH_KN,False
2026-06-30,GRANULES.NS,UP,OOS,RANGE,0.7589,0.875,HIGH,ALIGNED,0.125,-0.2275,HIGH_KN,False
2026-06-30,RADICO.NS,UP,OOS,RANGE,0.7555,0.75,HIGH,ALIGNED,0.25,0.18,HIGH_KN,True
2026-06-30,SOLARINDS.NS,UP,OOS,RANGE,0.7505,0.875,HIGH,ALIGNED,0.125,-0.46,HIGH_KN,False
2026-06-30,PRESTIGE.NS,UP,OOS,RANGE,0.7495,0.875,HIGH,ALIGNED,0.125,3.8796,HIGH_KN,True
2026-06-30,RAJESHEXPO.NS,DOWN,OOS,RANGE,0.8978,0.75,HIGH,ALIGNED,0.25,-4.9009,HIGH_KN,True
2026-06-30,NOCIL.NS,DOWN,OOS,RANGE,0.8872,0.75,HIGH,ALIGNED,0.25,-0.5673,HIGH_KN,True
2026-06-30,PARAS.NS,DOWN,OOS,RANGE,0.8588,0.5,MEDIUM,ALIGNED,0.5,-0.865,HIGH_KN,True
2026-06-30,BATAINDIA.NS,DOWN,OOS,RANGE,0.8572,0.75,HIGH,ALIGNED,0.25,-0.2705,HIGH_KN,True
2026-06-30,RATNAMANI.NS,DOWN,OOS,RANGE,0.8276,0.875,HIGH,ALIGNED,0.125,-1.2032,HIGH_KN,True
2026-06-30,PERSISTENT.NS,DOWN,OOS,RANGE,0.8161,0.75,HIGH,ALIGNED,0.25,0.0855,HIGH_KN,False
2026-06-30,MGL.NS,DOWN,OOS,RANGE,0.8058,0.75,HIGH,ALIGNED,0.25,-1.0306,HIGH_KN,True
2026-06-30,IRFC.NS,DOWN,OOS,RANGE,0.7983,0.875,HIGH,ALIGNED,0.125,0.718,HIGH_KN,False
2026-06-30,GNFC.NS,DOWN,OOS,RANGE,0.7931,0.75,HIGH,ALIGNED,0.25,-2.3555,HIGH_KN,True
2026-06-30,DEEPAKNTR.NS,DOWN,OOS,RANGE,0.7692,0.625,HIGH,ALIGNED,0.375,0.1552,HIGH_KN,False
2026-06-30,NCC.NS,DOWN,OOS,RANGE,0.7642,0.75,HIGH,ALIGNED,0.25,0.9446,HIGH_KN,False
2026-06-30,CLEAN.NS,DOWN,OOS,RANGE,0.762,0.75,HIGH,ALIGNED,0.25,-0.1578,HIGH_KN,True
2026-06-30,BASF.NS,DOWN,OOS,RANGE,0.7514,0.625,HIGH,ALIGNED,0.375,-1.085,HIGH_KN,True
2026-06-30,KPITTECH.NS,DOWN,OOS,RANGE,0.7495,0.75,HIGH,ALIGNED,0.25,-16.9757,HIGH_KN,True
2026-06-30,EICHERMOT.NS,DOWN,OOS,RANGE,0.7459,0.875,HIGH,ALIGNED,0.125,0.926,HIGH_KN,False
2026-06-30,JYOTHYLAB.NS,DOWN,OOS,RANGE,0.745,0.75,HIGH,ALIGNED,0.25,-1.0591,HIGH_KN,True
2026-06-30,BDL.NS,DOWN,OOS,RANGE,0.7361,0.625,HIGH,ALIGNED,0.375,0.7746,HIGH_KN,False
2026-06-30,GRSE.NS,DOWN,OOS,RANGE,0.7329,0.375,MEDIUM,CONFLICT,0.625,0.4548,LOW_KN,False
2026-06-30,DATAPATTNS.NS,DOWN,OOS,RANGE,0.7254,0.5,MEDIUM,ALIGNED,0.5,0.7042,HIGH_KN,False
2026-06-30,MUTHOOTFIN.NS,DOWN,OOS,RANGE,0.7123,0.75,HIGH,ALIGNED,0.25,-2.7491,HIGH_KN,True
2026-07-01,ONMOBILE.NS,UP,OOS,RANGE,0.972,0.75,HIGH,ALIGNED,0.25,19.9876,HIGH_KN,True
2026-07-01,RATEGAIN.NS,UP,OOS,RANGE,0.9217,0.875,HIGH,ALIGNED,0.125,4.6791,HIGH_KN,True
2026-07-01,BEML.NS,UP,OOS,RANGE,0.8865,1.0,HIGH,ALIGNED,0.0,2.2621,HIGH_KN,True
2026-07-01,PRESTIGE.NS,UP,OOS,RANGE,0.8807,0.875,HIGH,ALIGNED,0.125,3.0025,HIGH_KN,True
2026-07-01,ASHOKLEY.NS,UP,OOS,RANGE,0.8783,1.0,HIGH,ALIGNED,0.0,1.4847,HIGH_KN,True
2026-07-01,GODREJPROP.NS,UP,OOS,RANGE,0.8548,0.875,HIGH,ALIGNED,0.125,0.4644,HIGH_KN,True
2026-07-01,DLF.NS,UP,OOS,RANGE,0.8459,1.0,HIGH,ALIGNED,0.0,1.4645,HIGH_KN,True
2026-07-01,MARUTI.NS,UP,OOS,RANGE,0.837,1.0,HIGH,ALIGNED,0.0,-0.3265,HIGH_KN,False
2026-07-01,PAGEIND.NS,UP,OOS,RANGE,0.8275,0.75,HIGH,ALIGNED,0.25,-1.6625,HIGH_KN,False
2026-07-01,GRANULES.NS,UP,OOS,RANGE,0.8114,0.75,HIGH,ALIGNED,0.25,1.7624,HIGH_KN,True
2026-07-01,ZYDUSWELL.NS,UP,OOS,RANGE,0.8065,0.75,HIGH,ALIGNED,0.25,4.5646,HIGH_KN,True
2026-07-01,WELCORP.NS,UP,OOS,RANGE,0.8024,0.75,HIGH,ALIGNED,0.25,1.4348,HIGH_KN,True
2026-07-01,IDEAFORGE.NS,UP,OOS,RANGE,0.7884,0.75,HIGH,ALIGNED,0.25,-1.0918,HIGH_KN,False
2026-07-01,SOLARINDS.NS,UP,OOS,RANGE,0.7814,0.75,HIGH,ALIGNED,0.25,0.2633,HIGH_KN,True
2026-07-01,NESTLEIND.NS,UP,OOS,RANGE,0.7717,1.0,HIGH,ALIGNED,0.0,-0.5228,HIGH_KN,False
2026-07-01,IDEA.NS,UP,OOS,RANGE,0.7594,0.875,HIGH,ALIGNED,0.125,-1.0929,HIGH_KN,False
2026-07-01,COLPAL.NS,UP,OOS,RANGE,0.7539,1.0,HIGH,ALIGNED,0.0,-0.5019,HIGH_KN,False
2026-07-01,EMAMILTD.NS,UP,OOS,RANGE,0.7437,1.0,HIGH,ALIGNED,0.0,0.5184,HIGH_KN,True
2026-07-01,DABUR.NS,UP,OOS,RANGE,0.7374,1.0,HIGH,ALIGNED,0.0,0.5059,HIGH_KN,True
2026-07-01,MOTHERSON.NS,UP,OOS,RANGE,0.7348,0.625,HIGH,ALIGNED,0.375,0.0542,HIGH_KN,True
2026-07-01,RAJESHEXPO.NS,DOWN,OOS,RANGE,0.8971,0.875,HIGH,ALIGNED,0.125,4.9931,HIGH_KN,False
2026-07-01,KPITTECH.NS,DOWN,OOS,RANGE,0.8899,0.75,HIGH,ALIGNED,0.25,0.2242,HIGH_KN,False
2026-07-01,PERSISTENT.NS,DOWN,OOS,RANGE,0.8399,0.75,HIGH,ALIGNED,0.25,5.7826,HIGH_KN,False
2026-07-01,RATNAMANI.NS,DOWN,OOS,RANGE,0.8345,0.75,HIGH,ALIGNED,0.25,0.1976,HIGH_KN,False
2026-07-01,BATAINDIA.NS,DOWN,OOS,RANGE,0.828,0.75,HIGH,ALIGNED,0.25,2.4117,HIGH_KN,False
2026-07-01,GALAXYSURF.NS,DOWN,OOS,RANGE,0.8169,0.625,HIGH,ALIGNED,0.375,0.7577,HIGH_KN,False
2026-07-01,COFORGE.NS,DOWN,OOS,RANGE,0.7891,0.875,HIGH,ALIGNED,0.125,5.1944,HIGH_KN,False
2026-07-01,MUTHOOTFIN.NS,DOWN,OOS,RANGE,0.7797,0.75,HIGH,ALIGNED,0.25,1.1939,HIGH_KN,False
2026-07-01,GNFC.NS,DOWN,OOS,RANGE,0.7778,0.75,HIGH,ALIGNED,0.25,0.6691,HIGH_KN,False
2026-07-01,DEEPAKNTR.NS,DOWN,OOS,RANGE,0.7611,0.75,HIGH,ALIGNED,0.25,1.5238,HIGH_KN,False
2026-07-01,IGL.NS,DOWN,OOS,RANGE,0.7587,0.75,HIGH,ALIGNED,0.25,-0.6441,HIGH_KN,True
2026-07-01,FINEORG.NS,DOWN,OOS,RANGE,0.7528,0.75,HIGH,ALIGNED,0.25,-0.3168,HIGH_KN,True
2026-07-01,VINATIORGA.NS,DOWN,OOS,RANGE,0.7512,0.75,HIGH,ALIGNED,0.25,-1.8126,HIGH_KN,True
2026-07-01,BASF.NS,DOWN,OOS,RANGE,0.751,0.625,HIGH,ALIGNED,0.375,2.0394,HIGH_KN,False
2026-07-01,FINPIPE.NS,DOWN,OOS,RANGE,0.7469,0.625,HIGH,ALIGNED,0.375,0.2787,HIGH_KN,False
2026-07-01,NCC.NS,DOWN,OOS,RANGE,0.7452,0.625,HIGH,ALIGNED,0.375,0.6484,HIGH_KN,False
2026-07-01,HCLTECH.NS,DOWN,OOS,RANGE,0.7372,0.625,HIGH,ALIGNED,0.375,4.2448,HIGH_KN,False
2026-07-01,ENDURANCE.NS,DOWN,OOS,RANGE,0.73,0.75,HIGH,ALIGNED,0.25,2.6877,HIGH_KN,False
2026-07-01,TECHM.NS,DOWN,OOS,RANGE,0.721,0.875,HIGH,ALIGNED,0.125,4.3386,HIGH_KN,False
2026-07-01,IOC.NS,DOWN,OOS,RANGE,0.7203,0.625,HIGH,ALIGNED,0.375,1.2801,HIGH_KN,False
2026-07-02,ONMOBILE.NS,UP,OOS,RANGE,0.9893,0.75,HIGH,ALIGNED,0.25,3.0252,HIGH_KN,True
2026-07-02,MAPMYINDIA.NS,UP,OOS,RANGE,0.9786,1.0,HIGH,ALIGNED,0.0,2.6248,HIGH_KN,True
2026-07-02,RATEGAIN.NS,UP,OOS,RANGE,0.9595,0.75,HIGH,ALIGNED,0.25,-0.4391,HIGH_KN,False
2026-07-02,ZYDUSWELL.NS,UP,OOS,RANGE,0.9534,0.75,HIGH,ALIGNED,0.25,0.6477,HIGH_KN,True
2026-07-02,ZENSARTECH.NS,UP,OOS,RANGE,0.9238,0.875,HIGH,ALIGNED,0.125,10.4312,HIGH_KN,True
2026-07-02,PRESTIGE.NS,UP,OOS,RANGE,0.8961,0.75,HIGH,ALIGNED,0.25,-0.3644,HIGH_KN,False
2026-07-02,GRANULES.NS,UP,OOS,RANGE,0.8867,1.0,HIGH,ALIGNED,0.0,0.981,HIGH_KN,True
2026-07-02,BEML.NS,UP,OOS,RANGE,0.8777,1.0,HIGH,ALIGNED,0.0,-0.1232,HIGH_KN,False
2026-07-02,EXIDEIND.NS,UP,OOS,RANGE,0.8665,1.0,HIGH,ALIGNED,0.0,-0.6558,HIGH_KN,False
2026-07-02,PARAS.NS,UP,OOS,RANGE,0.8607,0.875,HIGH,ALIGNED,0.125,-3.7059,HIGH_KN,False
2026-07-02,APOLLOTYRE.NS,UP,OOS,RANGE,0.859,0.875,HIGH,ALIGNED,0.125,-1.774,HIGH_KN,False
2026-07-02,NAUKRI.NS,UP,OOS,RANGE,0.8456,1.0,HIGH,ALIGNED,0.0,0.8283,HIGH_KN,True
2026-07-02,DLF.NS,UP,OOS,RANGE,0.8357,1.0,HIGH,ALIGNED,0.0,2.6892,HIGH_KN,True
2026-07-02,ROUTE.NS,UP,OOS,RANGE,0.8352,1.0,HIGH,ALIGNED,0.0,1.8963,HIGH_KN,True
2026-07-02,SOLARINDS.NS,UP,OOS,RANGE,0.7956,0.75,HIGH,ALIGNED,0.25,-0.7771,HIGH_KN,False
2026-07-02,DEEPAKFERT.NS,UP,OOS,RANGE,0.7697,0.875,HIGH,ALIGNED,0.125,-0.9013,HIGH_KN,False
2026-07-02,IDEAFORGE.NS,UP,OOS,RANGE,0.768,0.625,HIGH,ALIGNED,0.375,-3.0045,HIGH_KN,False
2026-07-02,COCHINSHIP.NS,UP,OOS,RANGE,0.7621,0.75,HIGH,ALIGNED,0.25,0.3159,HIGH_KN,True
2026-07-02,MASTEK.NS,UP,OOS,RANGE,0.7621,0.875,HIGH,ALIGNED,0.125,0.4896,HIGH_KN,True
2026-07-02,ALKYLAMINE.NS,UP,OOS,RANGE,0.7609,1.0,HIGH,ALIGNED,0.0,-0.0492,HIGH_KN,False
2026-07-02,HFCL.NS,DOWN,OOS,RANGE,0.9112,0.75,HIGH,ALIGNED,0.25,4.8341,HIGH_KN,False
2026-07-02,KPITTECH.NS,DOWN,OOS,RANGE,0.8956,0.875,HIGH,ALIGNED,0.125,-0.0268,HIGH_KN,True
2026-07-02,RAJESHEXPO.NS,DOWN,OOS,RANGE,0.8842,0.5,MEDIUM,ALIGNED,0.5,3.6431,HIGH_KN,False
2026-07-02,RATNAMANI.NS,DOWN,OOS,RANGE,0.8405,0.75,HIGH,ALIGNED,0.25,1.1188,HIGH_KN,False
2026-07-02,GALAXYSURF.NS,DOWN,OOS,RANGE,0.8332,0.625,HIGH,ALIGNED,0.375,3.4519,HIGH_KN,False
2026-07-02,PERSISTENT.NS,DOWN,OOS,RANGE,0.8286,0.625,HIGH,ALIGNED,0.375,2.229,HIGH_KN,False
2026-07-02,M&MFIN.NS,DOWN,OOS,RANGE,0.82,0.625,HIGH,ALIGNED,0.375,5.0472,HIGH_KN,False
2026-07-02,IGL.NS,DOWN,OOS,RANGE,0.8175,0.625,HIGH,ALIGNED,0.375,-1.1617,HIGH_KN,True
2026-07-02,VINATIORGA.NS,DOWN,OOS,RANGE,0.8119,0.875,HIGH,ALIGNED,0.125,1.7768,HIGH_KN,False
2026-07-02,COFORGE.NS,DOWN,OOS,RANGE,0.7964,0.625,HIGH,ALIGNED,0.375,1.5327,HIGH_KN,False
2026-07-02,STLTECH.NS,DOWN,OOS,RANGE,0.7845,0.75,HIGH,ALIGNED,0.25,2.524,HIGH_KN,False
2026-07-02,FINEORG.NS,DOWN,OOS,RANGE,0.7768,0.75,HIGH,ALIGNED,0.25,0.2696,HIGH_KN,False
2026-07-02,MOTHERSON.NS,DOWN,OOS,RANGE,0.7653,0.75,HIGH,ALIGNED,0.25,-0.874,HIGH_KN,True
2026-07-02,MGL.NS,DOWN,OOS,RANGE,0.7308,0.375,MEDIUM,CONFLICT,0.625,-1.2944,LOW_KN,True
2026-07-02,TATACOMM.NS,DOWN,OOS,RANGE,0.7252,0.625,HIGH,ALIGNED,0.375,-1.6151,HIGH_KN,True
2026-07-02,OFSS.NS,DOWN,OOS,RANGE,0.7249,0.5,MEDIUM,ALIGNED,0.5,2.3849,HIGH_KN,False
2026-07-02,GNFC.NS,DOWN,OOS,RANGE,0.7235,0.625,HIGH,ALIGNED,0.375,-0.9267,HIGH_KN,True
2026-07-02,JYOTHYLAB.NS,DOWN,OOS,RANGE,0.718,0.625,HIGH,ALIGNED,0.375,-0.918,HIGH_KN,True
2026-07-02,EICHERMOT.NS,DOWN,OOS,RANGE,0.7143,0.75,HIGH,ALIGNED,0.25,1.2345,HIGH_KN,False
2026-07-02,ENDURANCE.NS,DOWN,OOS,RANGE,0.7087,0.5,MEDIUM,ALIGNED,0.5,-0.8336,HIGH_KN,True
2026-07-03,ONMOBILE.NS,UP,OOS,RANGE,0.992,0.75,HIGH,ALIGNED,0.25,-5.5604,HIGH_KN,False
2026-07-03,ZENSARTECH.NS,UP,OOS,RANGE,0.9742,1.0,HIGH,ALIGNED,0.0,-7.392,HIGH_KN,False
2026-07-03,MAPMYINDIA.NS,UP,OOS,RANGE,0.9563,1.0,HIGH,ALIGNED,0.0,0.9272,HIGH_KN,True
2026-07-03,RATEGAIN.NS,UP,OOS,RANGE,0.9058,0.5,MEDIUM,ALIGNED,0.5,0.3188,HIGH_KN,True
2026-07-03,INTELLECT.NS,UP,OOS,RANGE,0.8763,1.0,HIGH,ALIGNED,0.0,-2.2427,HIGH_KN,False
2026-07-03,ROUTE.NS,UP,OOS,RANGE,0.8737,1.0,HIGH,ALIGNED,0.0,-0.7227,HIGH_KN,False
2026-07-03,GRANULES.NS,UP,OOS,RANGE,0.8614,0.875,HIGH,ALIGNED,0.125,2.4466,HIGH_KN,True
2026-07-03,NATIONALUM.NS,UP,OOS,RANGE,0.8582,0.625,HIGH,ALIGNED,0.375,0.9925,HIGH_KN,True
2026-07-03,HCLTECH.NS,UP,OOS,RANGE,0.8527,1.0,HIGH,ALIGNED,0.0,-0.4214,HIGH_KN,False
2026-07-03,NAUKRI.NS,UP,OOS,RANGE,0.835,1.0,HIGH,ALIGNED,0.0,-0.9182,HIGH_KN,False
2026-07-03,DLF.NS,UP,OOS,RANGE,0.8333,0.875,HIGH,ALIGNED,0.125,-0.3847,HIGH_KN,False
2026-07-03,BEML.NS,UP,OOS,RANGE,0.8326,0.75,HIGH,ALIGNED,0.25,-0.5095,HIGH_KN,False
2026-07-03,EMAMILTD.NS,UP,OOS,RANGE,0.8256,1.0,HIGH,ALIGNED,0.0,-0.7856,HIGH_KN,False
2026-07-03,PRESTIGE.NS,UP,OOS,RANGE,0.8082,0.625,HIGH,ALIGNED,0.375,2.1283,HIGH_KN,True
2026-07-03,EXIDEIND.NS,UP,OOS,RANGE,0.8065,0.75,HIGH,ALIGNED,0.25,-0.204,HIGH_KN,False
2026-07-03,LAURUSLABS.NS,UP,OOS,RANGE,0.806,1.0,HIGH,ALIGNED,0.0,-0.8494,HIGH_KN,False
2026-07-03,SOLARINDS.NS,UP,OOS,RANGE,0.8019,0.625,HIGH,ALIGNED,0.375,0.135,HIGH_KN,True
2026-07-03,ZYDUSWELL.NS,UP,OOS,RANGE,0.8017,0.625,HIGH,ALIGNED,0.375,-2.599,HIGH_KN,False
2026-07-03,COCHINSHIP.NS,UP,OOS,RANGE,0.7778,0.875,HIGH,ALIGNED,0.125,-1.1613,HIGH_KN,False
2026-07-03,GODREJPROP.NS,UP,OOS,RANGE,0.7763,0.875,HIGH,ALIGNED,0.125,2.5045,HIGH_KN,True
2026-07-03,KPITTECH.NS,DOWN,OOS,RANGE,0.892,0.875,HIGH,ALIGNED,0.125,-0.1164,HIGH_KN,True
2026-07-03,PERSISTENT.NS,DOWN,OOS,RANGE,0.8203,0.625,HIGH,ALIGNED,0.375,0.7068,HIGH_KN,False
2026-07-03,IGL.NS,DOWN,OOS,RANGE,0.7884,0.625,HIGH,ALIGNED,0.375,-1.1494,HIGH_KN,True
2026-07-03,COFORGE.NS,DOWN,OOS,RANGE,0.7883,0.5,MEDIUM,ALIGNED,0.5,1.2227,HIGH_KN,False
2026-07-03,HFCL.NS,DOWN,OOS,RANGE,0.7835,0.5,MEDIUM,ALIGNED,0.5,4.8816,HIGH_KN,False
2026-07-03,RAJESHEXPO.NS,DOWN,OOS,RANGE,0.7829,0.375,MEDIUM,CONFLICT,0.625,2.5468,LOW_KN,False
2026-07-03,RATNAMANI.NS,DOWN,OOS,RANGE,0.7802,0.5,MEDIUM,ALIGNED,0.5,2.5035,HIGH_KN,False
2026-07-03,STLTECH.NS,DOWN,OOS,RANGE,0.7608,0.625,HIGH,ALIGNED,0.375,1.4476,HIGH_KN,False
2026-07-03,MGL.NS,DOWN,OOS,RANGE,0.7577,0.75,HIGH,ALIGNED,0.25,-0.2392,HIGH_KN,True
2026-07-03,NOCIL.NS,DOWN,OOS,RANGE,0.748,0.375,MEDIUM,CONFLICT,0.625,-1.6989,LOW_KN,True
2026-07-03,TATACOMM.NS,DOWN,OOS,RANGE,0.7461,0.75,HIGH,ALIGNED,0.25,-0.771,HIGH_KN,True
2026-07-03,TECHM.NS,DOWN,OOS,RANGE,0.7423,0.625,HIGH,ALIGNED,0.375,-0.2553,HIGH_KN,True
2026-07-03,VINATIORGA.NS,DOWN,OOS,RANGE,0.7345,0.625,HIGH,ALIGNED,0.375,1.5493,HIGH_KN,False
2026-07-03,GNFC.NS,DOWN,OOS,RANGE,0.7329,0.625,HIGH,ALIGNED,0.375,-1.5495,HIGH_KN,True
2026-07-03,MOTHERSON.NS,DOWN,OOS,RANGE,0.7216,0.625,HIGH,ALIGNED,0.375,-0.663,HIGH_KN,True
2026-07-03,UNIONBANK.NS,DOWN,OOS,RANGE,0.7203,0.875,HIGH,ALIGNED,0.125,-1.2324,HIGH_KN,True
2026-07-03,DEEPAKNTR.NS,DOWN,OOS,RANGE,0.7133,0.625,HIGH,ALIGNED,0.375,2.8304,HIGH_KN,False
2026-07-03,JYOTHYLAB.NS,DOWN,OOS,RANGE,0.7126,0.625,HIGH,ALIGNED,0.375,-0.5777,HIGH_KN,True
2026-07-03,POLICYBZR.NS,DOWN,OOS,RANGE,0.7097,0.75,HIGH,ALIGNED,0.25,-0.6599,HIGH_KN,True
2026-07-03,M&MFIN.NS,DOWN,OOS,RANGE,0.7075,0.5,MEDIUM,ALIGNED,0.5,-0.6736,HIGH_KN,True
2026-07-06,ONMOBILE.NS,UP,OOS,RANGE,0.957,0.625,HIGH,ALIGNED,0.375,-2.8579,HIGH_KN,False
2026-07-06,MAPMYINDIA.NS,UP,OOS,RANGE,0.9435,1.0,HIGH,ALIGNED,0.0,0.9186,HIGH_KN,True
2026-07-06,ZENSARTECH.NS,UP,OOS,RANGE,0.9399,0.875,HIGH,ALIGNED,0.125,-2.1446,HIGH_KN,False
2026-07-06,PARAS.NS,UP,OOS,RANGE,0.9353,0.875,HIGH,ALIGNED,0.125,-4.7041,HIGH_KN,False
2026-07-06,MANAPPURAM.NS,UP,OOS,RANGE,0.9217,1.0,HIGH,ALIGNED,0.0,-1.1557,HIGH_KN,False
2026-07-06,ADANIENSOL.NS,UP,OOS,RANGE,0.906,1.0,HIGH,ALIGNED,0.0,1.7377,HIGH_KN,True
2026-07-06,RAJESHEXPO.NS,UP,OOS,RANGE,0.8901,0.75,HIGH,ALIGNED,0.25,0.0718,HIGH_KN,True
2026-07-06,SUDARSCHEM.NS,UP,OOS,RANGE,0.8623,1.0,HIGH,ALIGNED,0.0,-0.5008,HIGH_KN,False
2026-07-06,BDL.NS,UP,OOS,RANGE,0.8565,1.0,HIGH,ALIGNED,0.0,-0.9861,HIGH_KN,False
2026-07-06,PRESTIGE.NS,UP,OOS,RANGE,0.8536,0.75,HIGH,ALIGNED,0.25,-1.7728,HIGH_KN,False
2026-07-06,BEML.NS,UP,OOS,RANGE,0.8505,0.75,HIGH,ALIGNED,0.25,-1.2182,HIGH_KN,False
2026-07-06,HFCL.NS,UP,OOS,RANGE,0.8486,0.875,HIGH,ALIGNED,0.125,0.4846,HIGH_KN,True
2026-07-06,PERSISTENT.NS,UP,OOS,RANGE,0.8483,0.75,HIGH,ALIGNED,0.25,3.5837,HIGH_KN,True
2026-07-06,RATEGAIN.NS,UP,OOS,RANGE,0.8435,0.5,MEDIUM,ALIGNED,0.5,0.4714,HIGH_KN,True
2026-07-06,DLF.NS,UP,OOS,RANGE,0.8295,0.875,HIGH,ALIGNED,0.125,-3.2972,HIGH_KN,False
2026-07-06,GODREJPROP.NS,UP,OOS,RANGE,0.8266,0.75,HIGH,ALIGNED,0.25,-0.1613,HIGH_KN,False
2026-07-06,INDUSINDBK.NS,UP,OOS,RANGE,0.8164,1.0,HIGH,ALIGNED,0.0,1.2329,HIGH_KN,True
2026-07-06,GRANULES.NS,UP,OOS,RANGE,0.8145,0.875,HIGH,ALIGNED,0.125,1.0946,HIGH_KN,True
2026-07-06,IDEAFORGE.NS,UP,OOS,RANGE,0.8087,0.625,HIGH,ALIGNED,0.375,-1.5867,HIGH_KN,False
2026-07-06,APOLLOTYRE.NS,UP,OOS,RANGE,0.7971,0.875,HIGH,ALIGNED,0.125,-0.2196,HIGH_KN,False
2026-07-06,KPITTECH.NS,DOWN,OOS,RANGE,0.8937,0.75,HIGH,ALIGNED,0.25,0.7885,HIGH_KN,False
2026-07-06,FINEORG.NS,DOWN,OOS,RANGE,0.8465,0.75,HIGH,ALIGNED,0.25,-2.6764,HIGH_KN,True
2026-07-06,STLTECH.NS,DOWN,OOS,RANGE,0.7987,0.625,HIGH,ALIGNED,0.375,-4.9987,HIGH_KN,True
2026-07-06,AJANTPHARM.NS,DOWN,OOS,RANGE,0.7886,0.5,MEDIUM,ALIGNED,0.5,-1.7489,HIGH_KN,True
2026-07-06,IGL.NS,DOWN,OOS,RANGE,0.7732,0.625,HIGH,ALIGNED,0.375,0.0394,HIGH_KN,False
2026-07-06,POLICYBZR.NS,DOWN,OOS,RANGE,0.7698,0.75,HIGH,ALIGNED,0.25,1.7271,HIGH_KN,False
2026-07-06,MOTHERSON.NS,DOWN,OOS,RANGE,0.7681,0.75,HIGH,ALIGNED,0.25,-1.3487,HIGH_KN,True
2026-07-06,KEI.NS,DOWN,OOS,RANGE,0.7671,0.625,HIGH,ALIGNED,0.375,-2.7614,HIGH_KN,True
2026-07-06,TATACOMM.NS,DOWN,OOS,RANGE,0.7589,0.75,HIGH,ALIGNED,0.25,0.7875,HIGH_KN,False
2026-07-06,DRREDDY.NS,DOWN,OOS,RANGE,0.7573,0.625,HIGH,ALIGNED,0.375,-0.9723,HIGH_KN,True
2026-07-06,TCS.NS,DOWN,OOS,RANGE,0.7539,0.625,HIGH,ALIGNED,0.375,1.8711,HIGH_KN,False
2026-07-06,TECHM.NS,DOWN,OOS,RANGE,0.7483,0.625,HIGH,ALIGNED,0.375,2.915,HIGH_KN,False
2026-07-06,SAIL.NS,DOWN,OOS,RANGE,0.7461,0.625,HIGH,ALIGNED,0.375,-2.1096,HIGH_KN,True
2026-07-06,COFORGE.NS,DOWN,OOS,RANGE,0.7433,0.5,MEDIUM,ALIGNED,0.5,2.3146,HIGH_KN,False
2026-07-06,UNIONBANK.NS,DOWN,OOS,RANGE,0.7423,0.625,HIGH,ALIGNED,0.375,0.0,HIGH_KN,False
2026-07-06,NHPC.NS,DOWN,OOS,RANGE,0.7414,0.5,MEDIUM,ALIGNED,0.5,-1.2023,HIGH_KN,True
2026-07-06,OFSS.NS,DOWN,OOS,RANGE,0.7331,0.5,MEDIUM,ALIGNED,0.5,0.2348,HIGH_KN,False
2026-07-06,ATUL.NS,DOWN,OOS,RANGE,0.7169,0.75,HIGH,ALIGNED,0.25,-0.4257,HIGH_KN,True
2026-07-06,JSWENERGY.NS,DOWN,OOS,RANGE,0.715,0.75,HIGH,ALIGNED,0.25,-0.5846,HIGH_KN,True
2026-07-06,BHARATFORG.NS,DOWN,OOS,RANGE,0.7136,0.625,HIGH,ALIGNED,0.375,-1.2671,HIGH_KN,True
2026-07-07,NAUKRI.NS,UP,OOS,BULL,0.9587,0.75,HIGH,ALIGNED,0.25,1.6861,HIGH_KN,True
2026-07-07,PERSISTENT.NS,UP,OOS,BULL,0.9336,1.0,HIGH,ALIGNED,0.0,-2.3604,HIGH_KN,False
2026-07-07,MPHASIS.NS,UP,OOS,BULL,0.9229,1.0,HIGH,ALIGNED,0.0,-5.5883,HIGH_KN,False
2026-07-07,ADANIENSOL.NS,UP,OOS,BULL,0.9099,1.0,HIGH,ALIGNED,0.0,0.2726,HIGH_KN,True
2026-07-07,INTELLECT.NS,UP,OOS,BULL,0.9031,1.0,HIGH,ALIGNED,0.0,-3.8656,HIGH_KN,False
2026-07-07,INFY.NS,UP,OOS,BULL,0.8988,0.875,HIGH,ALIGNED,0.125,-0.2333,HIGH_KN,False
2026-07-07,HCLTECH.NS,UP,OOS,BULL,0.8821,1.0,HIGH,ALIGNED,0.0,-1.9346,HIGH_KN,False
2026-07-07,MAPMYINDIA.NS,UP,OOS,BULL,0.8749,0.75,HIGH,ALIGNED,0.25,-2.5425,HIGH_KN,False
2026-07-07,RAJESHEXPO.NS,UP,OOS,BULL,0.8592,0.75,HIGH,ALIGNED,0.25,-4.4201,HIGH_KN,False
2026-07-07,ZENSARTECH.NS,UP,OOS,BULL,0.8582,0.625,HIGH,ALIGNED,0.375,-3.5493,HIGH_KN,False
2026-07-07,RATNAMANI.NS,UP,OOS,BULL,0.8452,0.875,HIGH,ALIGNED,0.125,-0.4802,HIGH_KN,False
2026-07-07,INDUSINDBK.NS,UP,OOS,BULL,0.8372,0.75,HIGH,ALIGNED,0.25,-2.6999,HIGH_KN,False
2026-07-07,GRANULES.NS,UP,OOS,BULL,0.8164,0.75,HIGH,ALIGNED,0.25,-0.4632,HIGH_KN,False
2026-07-07,HFCL.NS,UP,OOS,BULL,0.8145,0.875,HIGH,ALIGNED,0.125,-4.9991,HIGH_KN,False
2026-07-07,PRESTIGE.NS,UP,OOS,BULL,0.8106,0.625,HIGH,ALIGNED,0.375,-2.271,HIGH_KN,False
2026-07-07,SUDARSCHEM.NS,UP,OOS,BULL,0.8058,0.875,HIGH,ALIGNED,0.125,-1.0228,HIGH_KN,False
2026-07-07,PNBHOUSING.NS,UP,OOS,BULL,0.8002,1.0,HIGH,ALIGNED,0.0,-3.3793,HIGH_KN,False
2026-07-07,GODREJPROP.NS,UP,OOS,BULL,0.7845,0.75,HIGH,ALIGNED,0.25,-3.1129,HIGH_KN,False
2026-07-07,SOBHA.NS,UP,OOS,BULL,0.7812,1.0,HIGH,ALIGNED,0.0,-0.2063,HIGH_KN,False
2026-07-07,ROUTE.NS,UP,OOS,BULL,0.7809,0.875,HIGH,ALIGNED,0.125,-3.8649,HIGH_KN,False
2026-07-07,KPITTECH.NS,DOWN,OOS,BULL,0.8763,0.5,MEDIUM,ALIGNED,0.5,-1.3869,HIGH_KN,True
2026-07-07,STLTECH.NS,DOWN,OOS,BULL,0.8486,0.75,HIGH,ALIGNED,0.25,-4.9919,HIGH_KN,True
2026-07-07,AJANTPHARM.NS,DOWN,OOS,BULL,0.8477,0.75,HIGH,ALIGNED,0.25,-1.0771,HIGH_KN,True
2026-07-07,FINEORG.NS,DOWN,OOS,BULL,0.8346,0.625,HIGH,ALIGNED,0.375,-2.44,HIGH_KN,True
2026-07-07,OLECTRA.NS,DOWN,OOS,BULL,0.8233,0.625,HIGH,ALIGNED,0.375,-1.4903,HIGH_KN,True
2026-07-07,ZYDUSWELL.NS,DOWN,OOS,BULL,0.7854,0.625,HIGH,ALIGNED,0.375,-2.7698,HIGH_KN,True
2026-07-07,MOTHERSON.NS,DOWN,OOS,BULL,0.7614,0.875,HIGH,ALIGNED,0.125,-1.8972,HIGH_KN,True
2026-07-07,COCHINSHIP.NS,DOWN,OOS,BULL,0.7604,0.875,HIGH,ALIGNED,0.125,-2.8775,HIGH_KN,True
2026-07-07,NHPC.NS,DOWN,OOS,BULL,0.7594,0.625,HIGH,ALIGNED,0.375,-0.1014,HIGH_KN,True
2026-07-07,KEI.NS,DOWN,OOS,BULL,0.7546,0.625,HIGH,ALIGNED,0.375,-1.4787,HIGH_KN,True
2026-07-07,SAIL.NS,DOWN,OOS,BULL,0.737,0.75,HIGH,ALIGNED,0.25,-2.1973,HIGH_KN,True
2026-07-07,KALYANKJIL.NS,DOWN,OOS,BULL,0.7362,0.875,HIGH,ALIGNED,0.125,5.4686,HIGH_KN,False
2026-07-07,VBL.NS,DOWN,OOS,BULL,0.7319,0.75,HIGH,ALIGNED,0.25,-2.0031,HIGH_KN,True
2026-07-07,POLICYBZR.NS,DOWN,OOS,BULL,0.7295,0.625,HIGH,ALIGNED,0.375,-2.8296,HIGH_KN,True
2026-07-07,CENTUM.NS,DOWN,OOS,BULL,0.7249,0.625,HIGH,ALIGNED,0.375,-1.2008,HIGH_KN,True
2026-07-07,LAURUSLABS.NS,DOWN,OOS,BULL,0.7215,0.75,HIGH,ALIGNED,0.25,-0.555,HIGH_KN,True
2026-07-07,BANKBARODA.NS,DOWN,OOS,BULL,0.7188,0.625,HIGH,ALIGNED,0.375,-2.9857,HIGH_KN,True
2026-07-07,TEJASNET.NS,DOWN,OOS,BULL,0.7181,0.75,HIGH,ALIGNED,0.25,-2.1117,HIGH_KN,True
2026-07-07,GNFC.NS,DOWN,OOS,BULL,0.7143,0.75,HIGH,ALIGNED,0.25,-3.0675,HIGH_KN,True
2026-07-07,TATACOMM.NS,DOWN,OOS,BULL,0.707,0.625,HIGH,ALIGNED,0.375,-1.0855,HIGH_KN,True
2026-07-08,NAUKRI.NS,UP,OOS,RANGE,0.9546,0.75,HIGH,ALIGNED,0.25,1.9381,HIGH_KN,True
2026-07-08,ALKYLAMINE.NS,UP,OOS,RANGE,0.925,1.0,HIGH,ALIGNED,0.0,5.4489,HIGH_KN,True
2026-07-08,JINDALPOLY.NS,UP,OOS,RANGE,0.9056,0.75,HIGH,ALIGNED,0.25,4.9958,HIGH_KN,True
2026-07-08,ADANIENSOL.NS,UP,OOS,RANGE,0.9019,1.0,HIGH,ALIGNED,0.0,-2.235,HIGH_KN,False
2026-07-08,EXIDEIND.NS,UP,OOS,RANGE,0.8801,1.0,HIGH,ALIGNED,0.0,0.9137,HIGH_KN,True
2026-07-08,M&MFIN.NS,UP,OOS,RANGE,0.8782,0.875,HIGH,ALIGNED,0.125,1.5378,HIGH_KN,True
2026-07-08,RATNAMANI.NS,UP,OOS,RANGE,0.8752,0.875,HIGH,ALIGNED,0.125,1.6753,HIGH_KN,True
2026-07-08,MPHASIS.NS,UP,OOS,RANGE,0.8682,0.5,MEDIUM,ALIGNED,0.5,0.8653,HIGH_KN,True
2026-07-08,INFY.NS,UP,OOS,RANGE,0.8485,0.625,HIGH,ALIGNED,0.375,-1.7301,HIGH_KN,False
2026-07-08,MUTHOOTFIN.NS,UP,OOS,RANGE,0.8318,0.875,HIGH,ALIGNED,0.125,-0.84,HIGH_KN,False
2026-07-08,INTELLECT.NS,UP,OOS,RANGE,0.825,0.5,MEDIUM,ALIGNED,0.5,-0.8736,HIGH_KN,False
2026-07-08,MAPMYINDIA.NS,UP,OOS,RANGE,0.818,0.625,HIGH,ALIGNED,0.375,14.7888,HIGH_KN,True
2026-07-08,LTTS.NS,UP,OOS,RANGE,0.8155,0.375,MEDIUM,CONFLICT,0.625,2.4355,LOW_KN,True
2026-07-08,PERSISTENT.NS,UP,OOS,RANGE,0.8124,0.625,HIGH,ALIGNED,0.375,1.2664,HIGH_KN,True
2026-07-08,SUDARSCHEM.NS,UP,OOS,RANGE,0.8107,0.875,HIGH,ALIGNED,0.125,3.0073,HIGH_KN,True
2026-07-08,NATIONALUM.NS,UP,OOS,RANGE,0.809,0.625,HIGH,ALIGNED,0.375,-0.0715,HIGH_KN,False
2026-07-08,MANAPPURAM.NS,UP,OOS,RANGE,0.8078,0.75,HIGH,ALIGNED,0.25,-0.0301,HIGH_KN,False
2026-07-08,INDUSINDBK.NS,UP,OOS,RANGE,0.8058,0.875,HIGH,ALIGNED,0.125,2.061,HIGH_KN,True
2026-07-08,COFORGE.NS,UP,OOS,RANGE,0.8049,0.5,MEDIUM,ALIGNED,0.5,1.57,HIGH_KN,True
2026-07-08,SOBHA.NS,UP,OOS,RANGE,0.7961,1.0,HIGH,ALIGNED,0.0,1.2817,HIGH_KN,True
2026-07-08,POLICYBZR.NS,DOWN,OOS,RANGE,0.8595,0.75,HIGH,ALIGNED,0.25,0.64,HIGH_KN,False
2026-07-08,STLTECH.NS,DOWN,OOS,RANGE,0.8165,0.625,HIGH,ALIGNED,0.375,4.9607,HIGH_KN,False
2026-07-08,PAGEIND.NS,DOWN,OOS,RANGE,0.8095,0.75,HIGH,ALIGNED,0.25,-1.9317,HIGH_KN,True
2026-07-08,ZYDUSWELL.NS,DOWN,OOS,RANGE,0.7641,0.75,HIGH,ALIGNED,0.25,2.0718,HIGH_KN,False
2026-07-08,UNIONBANK.NS,DOWN,OOS,RANGE,0.7597,0.625,HIGH,ALIGNED,0.375,1.8589,HIGH_KN,False
2026-07-08,MOTHERSON.NS,DOWN,OOS,RANGE,0.7417,0.75,HIGH,ALIGNED,0.25,1.5286,HIGH_KN,False
2026-07-08,OLECTRA.NS,DOWN,OOS,RANGE,0.7413,0.5,MEDIUM,ALIGNED,0.5,0.0932,HIGH_KN,False
2026-07-08,BANKBARODA.NS,DOWN,OOS,RANGE,0.7408,0.75,HIGH,ALIGNED,0.25,1.7259,HIGH_KN,False
2026-07-08,FINEORG.NS,DOWN,OOS,RANGE,0.7308,0.75,HIGH,ALIGNED,0.25,1.8758,HIGH_KN,False
2026-07-08,AJANTPHARM.NS,DOWN,OOS,RANGE,0.7298,0.625,HIGH,ALIGNED,0.375,0.8784,HIGH_KN,False
2026-07-08,MARUTI.NS,DOWN,OOS,RANGE,0.7167,0.75,HIGH,ALIGNED,0.25,-1.5985,HIGH_KN,True
2026-07-08,ASHOKLEY.NS,DOWN,OOS,RANGE,0.7153,0.625,HIGH,ALIGNED,0.375,-0.6593,HIGH_KN,True
2026-07-08,BEML.NS,DOWN,OOS,RANGE,0.7117,0.875,HIGH,ALIGNED,0.125,2.2464,HIGH_KN,False
2026-07-08,COCHINSHIP.NS,DOWN,OOS,RANGE,0.709,0.875,HIGH,ALIGNED,0.125,0.1852,HIGH_KN,False
2026-07-08,KOTAKBANK.NS,DOWN,OOS,RANGE,0.7083,0.75,HIGH,ALIGNED,0.25,1.9049,HIGH_KN,False
2026-07-08,TEJASNET.NS,DOWN,OOS,RANGE,0.7017,0.75,HIGH,ALIGNED,0.25,1.2981,HIGH_KN,False
2026-07-08,MGL.NS,DOWN,OOS,RANGE,0.6813,0.75,HIGH,ALIGNED,0.25,2.6328,HIGH_KN,False
2026-07-08,VBL.NS,DOWN,OOS,RANGE,0.6799,0.625,HIGH,ALIGNED,0.375,1.4435,HIGH_KN,False
2026-07-08,BIOCON.NS,DOWN,OOS,RANGE,0.6743,0.625,HIGH,ALIGNED,0.375,1.6371,HIGH_KN,False
2026-07-08,EMAMILTD.NS,DOWN,OOS,RANGE,0.6709,0.625,HIGH,ALIGNED,0.375,2.0027,HIGH_KN,False
2026-07-09,KALYANKJIL.NS,UP,OOS,RANGE,0.9824,0.875,HIGH,ALIGNED,0.125,7.4831,HIGH_KN,True
2026-07-09,MAPMYINDIA.NS,UP,OOS,RANGE,0.9822,0.75,HIGH,ALIGNED,0.25,1.3234,HIGH_KN,True
2026-07-09,ALKYLAMINE.NS,UP,OOS,RANGE,0.9517,1.0,HIGH,ALIGNED,0.0,0.0716,HIGH_KN,True
2026-07-09,JINDALPOLY.NS,UP,OOS,RANGE,0.9405,0.875,HIGH,ALIGNED,0.125,4.9993,HIGH_KN,True
2026-07-09,NAUKRI.NS,UP,OOS,RANGE,0.9405,0.75,HIGH,ALIGNED,0.25,0.1831,HIGH_KN,True
2026-07-09,WELCORP.NS,UP,OOS,RANGE,0.9368,1.0,HIGH,ALIGNED,0.0,0.668,HIGH_KN,True
2026-07-09,HFCL.NS,UP,OOS,RANGE,0.889,0.625,HIGH,ALIGNED,0.375,1.1971,HIGH_KN,True
2026-07-09,SUDARSCHEM.NS,UP,OOS,RANGE,0.8802,1.0,HIGH,ALIGNED,0.0,6.0831,HIGH_KN,True
2026-07-09,JYOTHYLAB.NS,UP,OOS,RANGE,0.828,1.0,HIGH,ALIGNED,0.0,-0.5455,HIGH_KN,False
2026-07-09,NATIONALUM.NS,UP,OOS,RANGE,0.8241,0.375,MEDIUM,CONFLICT,0.625,1.5308,LOW_KN,True
2026-07-09,DEEPAKNTR.NS,UP,OOS,RANGE,0.8232,0.875,HIGH,ALIGNED,0.125,1.4064,HIGH_KN,True
2026-07-09,ADANIENSOL.NS,UP,OOS,RANGE,0.8207,0.625,HIGH,ALIGNED,0.375,2.1934,HIGH_KN,True
2026-07-09,M&MFIN.NS,UP,OOS,RANGE,0.8154,0.875,HIGH,ALIGNED,0.125,1.2175,HIGH_KN,True
2026-07-09,MUTHOOTFIN.NS,UP,OOS,RANGE,0.8061,0.5,MEDIUM,ALIGNED,0.5,2.3549,HIGH_KN,True
2026-07-09,GRANULES.NS,UP,OOS,RANGE,0.7959,0.625,HIGH,ALIGNED,0.375,0.8843,HIGH_KN,True
2026-07-09,PERSISTENT.NS,UP,OOS,RANGE,0.7778,0.75,HIGH,ALIGNED,0.25,4.6378,HIGH_KN,True
2026-07-09,AMBER.NS,UP,OOS,RANGE,0.7698,0.625,HIGH,ALIGNED,0.375,2.3485,HIGH_KN,True
2026-07-09,INDUSINDBK.NS,UP,OOS,RANGE,0.7605,0.875,HIGH,ALIGNED,0.125,0.064,HIGH_KN,True
2026-07-09,HCLTECH.NS,UP,OOS,RANGE,0.7539,0.75,HIGH,ALIGNED,0.25,1.1909,HIGH_KN,True
2026-07-09,LTTS.NS,UP,OOS,RANGE,0.7529,0.625,HIGH,ALIGNED,0.375,1.8834,HIGH_KN,True
2026-07-09,ZYDUSWELL.NS,DOWN,OOS,RANGE,0.8575,0.625,HIGH,ALIGNED,0.375,3.6658,HIGH_KN,False
2026-07-09,POLICYBZR.NS,DOWN,OOS,RANGE,0.8568,0.75,HIGH,ALIGNED,0.25,0.5024,HIGH_KN,False
2026-07-09,PAGEIND.NS,DOWN,OOS,RANGE,0.8177,0.75,HIGH,ALIGNED,0.25,-3.0038,HIGH_KN,True
2026-07-09,ZENSARTECH.NS,DOWN,OOS,RANGE,0.8122,0.75,HIGH,ALIGNED,0.25,13.6008,HIGH_KN,False
2026-07-09,DRREDDY.NS,DOWN,OOS,RANGE,0.7822,0.875,HIGH,ALIGNED,0.125,-1.985,HIGH_KN,True
2026-07-09,SOLARINDS.NS,DOWN,OOS,RANGE,0.7771,0.875,HIGH,ALIGNED,0.125,4.9252,HIGH_KN,False
2026-07-09,ASHOKLEY.NS,DOWN,OOS,RANGE,0.7617,0.625,HIGH,ALIGNED,0.375,1.4821,HIGH_KN,False
2026-07-09,UNIONBANK.NS,DOWN,OOS,RANGE,0.7583,0.625,HIGH,ALIGNED,0.375,4.6102,HIGH_KN,False
2026-07-09,MAZDOCK.NS,DOWN,OOS,RANGE,0.7539,0.875,HIGH,ALIGNED,0.125,1.9934,HIGH_KN,False
2026-07-09,ADANIGREEN.NS,DOWN,OOS,RANGE,0.7441,0.75,HIGH,ALIGNED,0.25,3.3634,HIGH_KN,False
2026-07-09,COCHINSHIP.NS,DOWN,OOS,RANGE,0.7417,0.875,HIGH,ALIGNED,0.125,0.8033,HIGH_KN,False
2026-07-09,BEML.NS,DOWN,OOS,RANGE,0.7345,0.625,HIGH,ALIGNED,0.375,2.5604,HIGH_KN,False
2026-07-09,AJANTPHARM.NS,DOWN,OOS,RANGE,0.7304,0.625,HIGH,ALIGNED,0.375,1.2396,HIGH_KN,False
2026-07-09,MARUTI.NS,DOWN,OOS,RANGE,0.7284,0.625,HIGH,ALIGNED,0.375,0.9178,HIGH_KN,False
2026-07-09,DEEPAKFERT.NS,DOWN,OOS,RANGE,0.7257,0.625,HIGH,ALIGNED,0.375,-1.2935,HIGH_KN,True
2026-07-09,PARAS.NS,DOWN,OOS,RANGE,0.7195,0.75,HIGH,ALIGNED,0.25,2.9832,HIGH_KN,False
2026-07-09,OLECTRA.NS,DOWN,OOS,RANGE,0.6983,0.625,HIGH,ALIGNED,0.375,1.9771,HIGH_KN,False
2026-07-09,APOLLOTYRE.NS,DOWN,OOS,RANGE,0.6981,0.75,HIGH,ALIGNED,0.25,0.1024,HIGH_KN,False
2026-07-09,ADANIPORTS.NS,DOWN,OOS,RANGE,0.6966,0.75,HIGH,ALIGNED,0.25,1.5555,HIGH_KN,False
2026-07-09,KEI.NS,DOWN,OOS,RANGE,0.6949,0.75,HIGH,ALIGNED,0.25,2.8357,HIGH_KN,False
2026-07-10,KALYANKJIL.NS,UP,OOS,RANGE,0.9874,0.75,HIGH,ALIGNED,0.25,7.2456,HIGH_KN,True
2026-07-10,IDEAFORGE.NS,UP,OOS,RANGE,0.9542,1.0,HIGH,ALIGNED,0.0,0.7494,HIGH_KN,True
2026-07-10,MAPMYINDIA.NS,UP,OOS,RANGE,0.9485,0.625,HIGH,ALIGNED,0.375,9.3737,HIGH_KN,True
2026-07-10,SUDARSCHEM.NS,UP,OOS,RANGE,0.9367,0.75,HIGH,ALIGNED,0.25,3.8829,HIGH_KN,True
2026-07-10,MRPL.NS,UP,OOS,RANGE,0.9298,1.0,HIGH,ALIGNED,0.0,1.3847,HIGH_KN,True
2026-07-10,WELCORP.NS,UP,OOS,RANGE,0.9254,0.875,HIGH,ALIGNED,0.125,0.4527,HIGH_KN,True
2026-07-10,ALKYLAMINE.NS,UP,OOS,RANGE,0.914,0.875,HIGH,ALIGNED,0.125,-2.684,HIGH_KN,False
2026-07-10,PERSISTENT.NS,UP,OOS,RANGE,0.9108,0.875,HIGH,ALIGNED,0.125,2.7405,HIGH_KN,True
2026-07-10,JINDALPOLY.NS,UP,OOS,RANGE,0.8606,0.875,HIGH,ALIGNED,0.125,-4.274,HIGH_KN,False
2026-07-10,SOBHA.NS,UP,OOS,RANGE,0.8436,1.0,HIGH,ALIGNED,0.0,0.4169,HIGH_KN,True
2026-07-10,RBLBANK.NS,UP,OOS,RANGE,0.83,1.0,HIGH,ALIGNED,0.0,-0.0131,HIGH_KN,False
2026-07-10,NAUKRI.NS,UP,OOS,RANGE,0.8276,0.5,MEDIUM,ALIGNED,0.5,-1.0797,HIGH_KN,False
2026-07-10,OFSS.NS,UP,OOS,RANGE,0.8222,0.75,HIGH,ALIGNED,0.25,0.8154,HIGH_KN,True
2026-07-10,DEEPAKNTR.NS,UP,OOS,RANGE,0.8089,0.875,HIGH,ALIGNED,0.125,1.4112,HIGH_KN,True
2026-07-10,NATCOPHARM.NS,UP,OOS,RANGE,0.801,0.75,HIGH,ALIGNED,0.25,-0.4217,HIGH_KN,False
2026-07-10,RATNAMANI.NS,UP,OOS,RANGE,0.7993,0.875,HIGH,ALIGNED,0.125,-1.3735,HIGH_KN,False
2026-07-10,GODREJPROP.NS,UP,OOS,RANGE,0.7911,0.625,HIGH,ALIGNED,0.375,1.3877,HIGH_KN,True
2026-07-10,KPITTECH.NS,UP,OOS,RANGE,0.7808,0.5,MEDIUM,ALIGNED,0.5,2.0828,HIGH_KN,True
2026-07-10,PNBHOUSING.NS,UP,OOS,RANGE,0.7773,0.875,HIGH,ALIGNED,0.125,1.0535,HIGH_KN,True
2026-07-10,LTTS.NS,UP,OOS,RANGE,0.7771,0.75,HIGH,ALIGNED,0.25,0.5948,HIGH_KN,True
2026-07-10,DRREDDY.NS,DOWN,OOS,RANGE,0.864,0.75,HIGH,ALIGNED,0.25,-0.7876,HIGH_KN,True
2026-07-10,PAGEIND.NS,DOWN,OOS,RANGE,0.8473,0.75,HIGH,ALIGNED,0.25,1.4215,HIGH_KN,False
2026-07-10,ZENSARTECH.NS,DOWN,OOS,RANGE,0.8329,0.625,HIGH,ALIGNED,0.375,6.2863,HIGH_KN,False
2026-07-10,INTELLECT.NS,DOWN,OOS,RANGE,0.8279,0.625,HIGH,ALIGNED,0.375,2.5766,HIGH_KN,False
2026-07-10,ASHOKLEY.NS,DOWN,OOS,RANGE,0.8145,0.5,MEDIUM,ALIGNED,0.5,1.0985,HIGH_KN,False
2026-07-10,ZYDUSWELL.NS,DOWN,OOS,RANGE,0.8002,0.5,MEDIUM,ALIGNED,0.5,0.0338,HIGH_KN,False
2026-07-10,MARUTI.NS,DOWN,OOS,RANGE,0.7842,0.625,HIGH,ALIGNED,0.375,-1.1477,HIGH_KN,True
2026-07-10,DEEPAKFERT.NS,DOWN,OOS,RANGE,0.7428,0.75,HIGH,ALIGNED,0.25,-0.8387,HIGH_KN,True
2026-07-10,SHRIRAMFIN.NS,DOWN,OOS,RANGE,0.7318,0.75,HIGH,ALIGNED,0.25,0.3831,HIGH_KN,False
2026-07-10,VEDL.NS,DOWN,OOS,RANGE,0.7229,0.75,HIGH,ALIGNED,0.25,-1.064,HIGH_KN,True
2026-07-10,BAJFINANCE.NS,DOWN,OOS,RANGE,0.7192,0.625,HIGH,ALIGNED,0.375,0.2058,HIGH_KN,False
2026-07-10,MAZDOCK.NS,DOWN,OOS,RANGE,0.7172,0.625,HIGH,ALIGNED,0.375,-0.7231,HIGH_KN,True
2026-07-10,ADANIPORTS.NS,DOWN,OOS,RANGE,0.7049,0.5,MEDIUM,ALIGNED,0.5,-0.9737,HIGH_KN,True
2026-07-10,PARAS.NS,DOWN,OOS,RANGE,0.6926,0.625,HIGH,ALIGNED,0.375,-2.2823,HIGH_KN,True
2026-07-10,MIDHANI.NS,DOWN,OOS,RANGE,0.6904,0.5,MEDIUM,ALIGNED,0.5,-0.8536,HIGH_KN,True
2026-07-10,COCHINSHIP.NS,DOWN,OOS,RANGE,0.6869,0.75,HIGH,ALIGNED,0.25,-0.4372,HIGH_KN,True
2026-07-10,SOLARINDS.NS,DOWN,OOS,RANGE,0.6791,0.625,HIGH,ALIGNED,0.375,-0.4387,HIGH_KN,True
2026-07-10,BEML.NS,DOWN,OOS,RANGE,0.678,0.5,MEDIUM,ALIGNED,0.5,1.2509,HIGH_KN,False
2026-07-10,KOTAKBANK.NS,DOWN,OOS,RANGE,0.6773,0.75,HIGH,ALIGNED,0.25,1.8671,HIGH_KN,False
2026-07-10,BIOCON.NS,DOWN,OOS,RANGE,0.6722,0.375,MEDIUM,CONFLICT,0.625,-1.8041,LOW_KN,True
2026-07-13,KALYANKJIL.NS,UP,OOS,RANGE,0.9942,0.75,HIGH,ALIGNED,0.25,3.7403,HIGH_KN,True
2026-07-13,MAPMYINDIA.NS,UP,OOS,RANGE,0.9854,0.75,HIGH,ALIGNED,0.25,-0.5064,HIGH_KN,False
2026-07-13,JINDALPOLY.NS,UP,OOS,RANGE,0.9609,0.75,HIGH,ALIGNED,0.25,-2.2106,HIGH_KN,False
2026-07-13,ZENSARTECH.NS,UP,OOS,RANGE,0.9592,1.0,HIGH,ALIGNED,0.0,-2.2769,HIGH_KN,False
2026-07-13,SUDARSCHEM.NS,UP,OOS,RANGE,0.9381,0.75,HIGH,ALIGNED,0.25,2.7118,HIGH_KN,True
2026-07-13,MRPL.NS,UP,OOS,RANGE,0.9282,1.0,HIGH,ALIGNED,0.0,-4.7226,HIGH_KN,False
2026-07-13,MASTEK.NS,UP,OOS,RANGE,0.9228,1.0,HIGH,ALIGNED,0.0,-1.7316,HIGH_KN,False
2026-07-13,HCLTECH.NS,UP,OOS,RANGE,0.9141,1.0,HIGH,ALIGNED,0.0,-4.4628,HIGH_KN,False
2026-07-13,IDEAFORGE.NS,UP,OOS,RANGE,0.9,1.0,HIGH,ALIGNED,0.0,-0.4738,HIGH_KN,False
2026-07-13,TCS.NS,UP,OOS,RANGE,0.8898,1.0,HIGH,ALIGNED,0.0,0.8755,HIGH_KN,True
2026-07-13,OFSS.NS,UP,OOS,RANGE,0.8867,0.75,HIGH,ALIGNED,0.25,-0.8514,HIGH_KN,False
2026-07-13,KPITTECH.NS,UP,OOS,RANGE,0.8786,0.75,HIGH,ALIGNED,0.25,-3.1127,HIGH_KN,False
2026-07-13,ROUTE.NS,UP,OOS,RANGE,0.866,0.875,HIGH,ALIGNED,0.125,-2.3076,HIGH_KN,False
2026-07-13,SHYAMMETL.NS,UP,OOS,RANGE,0.8638,1.0,HIGH,ALIGNED,0.0,0.6412,HIGH_KN,True
2026-07-13,COFORGE.NS,UP,OOS,RANGE,0.8597,1.0,HIGH,ALIGNED,0.0,-0.4153,HIGH_KN,False
2026-07-13,LTTS.NS,UP,OOS,RANGE,0.8595,1.0,HIGH,ALIGNED,0.0,-0.1395,HIGH_KN,False
2026-07-13,PERSISTENT.NS,UP,OOS,RANGE,0.8556,0.875,HIGH,ALIGNED,0.125,-1.2191,HIGH_KN,False
2026-07-13,INFY.NS,UP,OOS,RANGE,0.849,1.0,HIGH,ALIGNED,0.0,-0.8797,HIGH_KN,False
2026-07-13,UNIONBANK.NS,UP,OOS,RANGE,0.849,1.0,HIGH,ALIGNED,0.0,0.1643,HIGH_KN,True
2026-07-13,CENTUM.NS,UP,OOS,RANGE,0.8464,1.0,HIGH,ALIGNED,0.0,-3.1675,HIGH_KN,False
2026-07-13,DRREDDY.NS,DOWN,OOS,RANGE,0.8376,0.75,HIGH,ALIGNED,0.25,0.9478,HIGH_KN,False
2026-07-13,PAGEIND.NS,DOWN,OOS,RANGE,0.835,0.625,HIGH,ALIGNED,0.375,1.4391,HIGH_KN,False
2026-07-13,MANAPPURAM.NS,DOWN,OOS,RANGE,0.8123,0.625,HIGH,ALIGNED,0.375,-1.1002,HIGH_KN,True
2026-07-13,ASHOKLEY.NS,DOWN,OOS,RANGE,0.8074,0.5,MEDIUM,ALIGNED,0.5,-2.5311,HIGH_KN,True
2026-07-13,MARUTI.NS,DOWN,OOS,RANGE,0.807,0.75,HIGH,ALIGNED,0.25,-1.5042,HIGH_KN,True
2026-07-13,HFCL.NS,DOWN,OOS,RANGE,0.8037,0.625,HIGH,ALIGNED,0.375,-0.8619,HIGH_KN,True
2026-07-13,DEEPAKFERT.NS,DOWN,OOS,RANGE,0.7767,0.75,HIGH,ALIGNED,0.25,1.8898,HIGH_KN,False
2026-07-13,STLTECH.NS,DOWN,OOS,RANGE,0.7507,0.75,HIGH,ALIGNED,0.25,3.03,HIGH_KN,False
2026-07-13,PARAS.NS,DOWN,OOS,RANGE,0.7412,0.75,HIGH,ALIGNED,0.25,-1.813,HIGH_KN,True
2026-07-13,CHOLAFIN.NS,DOWN,OOS,RANGE,0.7342,0.625,HIGH,ALIGNED,0.375,-2.1757,HIGH_KN,True
2026-07-13,APOLLOTYRE.NS,DOWN,OOS,RANGE,0.733,0.625,HIGH,ALIGNED,0.375,-3.3477,HIGH_KN,True
2026-07-13,MIDHANI.NS,DOWN,OOS,RANGE,0.733,0.625,HIGH,ALIGNED,0.375,1.0549,HIGH_KN,False
2026-07-13,MUTHOOTFIN.NS,DOWN,OOS,RANGE,0.7097,0.625,HIGH,ALIGNED,0.375,-1.3765,HIGH_KN,True
2026-07-13,COCHINSHIP.NS,DOWN,OOS,RANGE,0.7087,0.625,HIGH,ALIGNED,0.375,-1.4875,HIGH_KN,True
2026-07-13,DATAPATTNS.NS,DOWN,OOS,RANGE,0.7061,0.75,HIGH,ALIGNED,0.25,-1.3067,HIGH_KN,True
2026-07-13,TVSMOTOR.NS,DOWN,OOS,RANGE,0.7038,0.5,MEDIUM,ALIGNED,0.5,-1.863,HIGH_KN,True
2026-07-13,MAZDOCK.NS,DOWN,OOS,RANGE,0.7005,0.75,HIGH,ALIGNED,0.25,-1.7772,HIGH_KN,True
2026-07-13,GODREJCP.NS,DOWN,OOS,RANGE,0.6985,0.75,HIGH,ALIGNED,0.25,-0.6644,HIGH_KN,True
2026-07-13,M&MFIN.NS,DOWN,OOS,RANGE,0.6929,0.5,MEDIUM,ALIGNED,0.5,-2.2843,HIGH_KN,True
2026-07-13,BDL.NS,DOWN,OOS,RANGE,0.6917,0.875,HIGH,ALIGNED,0.125,-1.9189,HIGH_KN,True
2026-07-14,KALYANKJIL.NS,UP,OOS,RANGE,0.9909,0.75,HIGH,ALIGNED,0.25,3.4639,HIGH_KN,True
2026-07-14,WELCORP.NS,UP,OOS,RANGE,0.9628,0.75,HIGH,ALIGNED,0.25,-0.196,HIGH_KN,False
2026-07-14,SUDARSCHEM.NS,UP,OOS,RANGE,0.9525,0.75,HIGH,ALIGNED,0.25,0.3095,HIGH_KN,True
2026-07-14,BIOCON.NS,UP,OOS,RANGE,0.9333,1.0,HIGH,ALIGNED,0.0,-0.6174,HIGH_KN,False
2026-07-14,ZENSARTECH.NS,UP,OOS,RANGE,0.9217,0.875,HIGH,ALIGNED,0.125,-2.8036,HIGH_KN,False
2026-07-14,MRPL.NS,UP,OOS,RANGE,0.9158,0.75,HIGH,ALIGNED,0.25,0.3249,HIGH_KN,True
2026-07-14,MAPMYINDIA.NS,UP,OOS,RANGE,0.9057,0.625,HIGH,ALIGNED,0.375,-0.263,HIGH_KN,False
2026-07-14,ADANIGREEN.NS,UP,OOS,RANGE,0.8865,1.0,HIGH,ALIGNED,0.0,-3.0601,HIGH_KN,False
2026-07-14,IDEAFORGE.NS,UP,OOS,RANGE,0.8488,0.875,HIGH,ALIGNED,0.125,-2.8178,HIGH_KN,False
2026-07-14,MASTEK.NS,UP,OOS,RANGE,0.8453,0.875,HIGH,ALIGNED,0.125,-1.8261,HIGH_KN,False
2026-07-14,TCS.NS,UP,OOS,RANGE,0.8421,1.0,HIGH,ALIGNED,0.0,-0.518,HIGH_KN,False
2026-07-14,BLUESTARCO.NS,UP,OOS,RANGE,0.8333,0.875,HIGH,ALIGNED,0.125,0.441,HIGH_KN,True
2026-07-14,NATIONALUM.NS,UP,OOS,RANGE,0.833,0.875,HIGH,ALIGNED,0.125,-0.9318,HIGH_KN,False
2026-07-14,SHYAMMETL.NS,UP,OOS,RANGE,0.831,1.0,HIGH,ALIGNED,0.0,-0.2124,HIGH_KN,False
2026-07-14,UNIONBANK.NS,UP,OOS,RANGE,0.82,0.875,HIGH,ALIGNED,0.125,1.0019,HIGH_KN,True
2026-07-14,ROUTE.NS,UP,OOS,RANGE,0.7943,0.75,HIGH,ALIGNED,0.25,1.484,HIGH_KN,True
2026-07-14,DEEPAKNTR.NS,UP,OOS,RANGE,0.7884,0.875,HIGH,ALIGNED,0.125,1.6594,HIGH_KN,True
2026-07-14,CENTUM.NS,UP,OOS,RANGE,0.7837,0.625,HIGH,ALIGNED,0.375,0.8254,HIGH_KN,True
2026-07-14,LTTS.NS,UP,OOS,RANGE,0.7825,0.875,HIGH,ALIGNED,0.125,6.5349,HIGH_KN,True
2026-07-14,JINDALPOLY.NS,UP,OOS,RANGE,0.7803,0.5,MEDIUM,ALIGNED,0.5,0.4759,HIGH_KN,True
2026-07-14,RAJESHEXPO.NS,DOWN,OOS,RANGE,0.8951,0.75,HIGH,ALIGNED,0.25,-2.4111,HIGH_KN,True
2026-07-14,ASHOKLEY.NS,DOWN,OOS,RANGE,0.8203,0.625,HIGH,ALIGNED,0.375,0.857,HIGH_KN,False
2026-07-14,MARUTI.NS,DOWN,OOS,RANGE,0.8155,0.75,HIGH,ALIGNED,0.25,0.6969,HIGH_KN,False
2026-07-14,INTELLECT.NS,DOWN,OOS,RANGE,0.8117,0.625,HIGH,ALIGNED,0.375,-0.3167,HIGH_KN,True
2026-07-14,DRREDDY.NS,DOWN,OOS,RANGE,0.8101,0.625,HIGH,ALIGNED,0.375,-1.3401,HIGH_KN,True
2026-07-14,HFCL.NS,DOWN,OOS,RANGE,0.8066,0.75,HIGH,ALIGNED,0.25,4.8407,HIGH_KN,False
2026-07-14,APOLLOTYRE.NS,DOWN,OOS,RANGE,0.7917,0.75,HIGH,ALIGNED,0.25,0.27,HIGH_KN,False
2026-07-14,MANAPPURAM.NS,DOWN,OOS,RANGE,0.7902,0.625,HIGH,ALIGNED,0.375,0.1524,HIGH_KN,False
2026-07-14,CHOLAFIN.NS,DOWN,OOS,RANGE,0.7688,0.75,HIGH,ALIGNED,0.25,1.829,HIGH_KN,False
2026-07-14,TVSMOTOR.NS,DOWN,OOS,RANGE,0.7601,0.75,HIGH,ALIGNED,0.25,0.1081,HIGH_KN,False
2026-07-14,M&MFIN.NS,DOWN,OOS,RANGE,0.7527,0.75,HIGH,ALIGNED,0.25,-0.0461,HIGH_KN,True
2026-07-14,MUTHOOTFIN.NS,DOWN,OOS,RANGE,0.748,0.75,HIGH,ALIGNED,0.25,-0.0066,HIGH_KN,True
2026-07-14,DABUR.NS,DOWN,OOS,RANGE,0.7432,0.75,HIGH,ALIGNED,0.25,-0.7251,HIGH_KN,True
2026-07-14,SHRIRAMFIN.NS,DOWN,OOS,RANGE,0.7412,0.875,HIGH,ALIGNED,0.125,1.9627,HIGH_KN,False
2026-07-14,GODREJCP.NS,DOWN,OOS,RANGE,0.7399,0.75,HIGH,ALIGNED,0.25,-0.8384,HIGH_KN,True
2026-07-14,M&M.NS,DOWN,OOS,RANGE,0.7118,0.625,HIGH,ALIGNED,0.375,-0.3362,HIGH_KN,True
2026-07-14,BAJFINANCE.NS,DOWN,OOS,RANGE,0.7105,0.625,HIGH,ALIGNED,0.375,1.4604,HIGH_KN,False
2026-07-14,PNBHOUSING.NS,DOWN,OOS,RANGE,0.7105,0.625,HIGH,ALIGNED,0.375,0.785,HIGH_KN,False
2026-07-14,EICHERMOT.NS,DOWN,OOS,RANGE,0.7041,0.625,HIGH,ALIGNED,0.375,1.7172,HIGH_KN,False
2026-07-14,HCLTECH.NS,DOWN,OOS,RANGE,0.7023,0.625,HIGH,ALIGNED,0.375,0.1114,HIGH_KN,False
2026-07-15,KALYANKJIL.NS,UP,OOS,RANGE,0.9871,0.75,HIGH,ALIGNED,0.25,-0.2737,HIGH_KN,False
2026-07-15,LTTS.NS,UP,OOS,RANGE,0.9578,1.0,HIGH,ALIGNED,0.0,-0.801,HIGH_KN,False
2026-07-15,UNIONBANK.NS,UP,OOS,RANGE,0.9385,1.0,HIGH,ALIGNED,0.0,-2.0942,HIGH_KN,False
2026-07-15,ROUTE.NS,UP,OOS,RANGE,0.9337,1.0,HIGH,ALIGNED,0.0,-1.6267,HIGH_KN,False
2026-07-15,BIOCON.NS,UP,OOS,RANGE,0.9176,0.875,HIGH,ALIGNED,0.125,1.4036,HIGH_KN,True
2026-07-15,SUDARSCHEM.NS,UP,OOS,RANGE,0.9041,0.625,HIGH,ALIGNED,0.375,-0.0888,HIGH_KN,False
2026-07-15,RATEGAIN.NS,UP,OOS,RANGE,0.8898,0.75,HIGH,ALIGNED,0.25,-0.5526,HIGH_KN,False
2026-07-15,WELCORP.NS,UP,OOS,RANGE,0.888,0.5,MEDIUM,ALIGNED,0.5,0.2321,HIGH_KN,True
2026-07-15,DEEPAKNTR.NS,UP,OOS,RANGE,0.8871,1.0,HIGH,ALIGNED,0.0,2.64,HIGH_KN,True
2026-07-15,MRPL.NS,UP,OOS,RANGE,0.8683,0.625,HIGH,ALIGNED,0.375,10.0718,HIGH_KN,True
2026-07-15,TEJASNET.NS,UP,OOS,RANGE,0.8573,0.75,HIGH,ALIGNED,0.25,-0.4999,HIGH_KN,False
2026-07-15,SHYAMMETL.NS,UP,OOS,RANGE,0.8541,0.75,HIGH,ALIGNED,0.25,0.653,HIGH_KN,True
2026-07-15,HFCL.NS,UP,OOS,RANGE,0.8251,1.0,HIGH,ALIGNED,0.0,0.5828,HIGH_KN,True
2026-07-15,MAPMYINDIA.NS,UP,OOS,RANGE,0.82,0.5,MEDIUM,ALIGNED,0.5,0.2466,HIGH_KN,True
2026-07-15,CENTUM.NS,UP,OOS,RANGE,0.819,0.75,HIGH,ALIGNED,0.25,1.9576,HIGH_KN,True
2026-07-15,DLF.NS,UP,OOS,RANGE,0.8163,0.625,HIGH,ALIGNED,0.375,-1.4671,HIGH_KN,False
2026-07-15,STLTECH.NS,UP,OOS,RANGE,0.8098,0.5,MEDIUM,ALIGNED,0.5,0.2407,HIGH_KN,True
2026-07-15,ZENSARTECH.NS,UP,OOS,RANGE,0.7912,0.75,HIGH,ALIGNED,0.25,3.5763,HIGH_KN,True
2026-07-15,ADANIGREEN.NS,UP,OOS,RANGE,0.7888,0.75,HIGH,ALIGNED,0.25,-0.7522,HIGH_KN,False
2026-07-15,TCS.NS,UP,OOS,RANGE,0.7868,0.75,HIGH,ALIGNED,0.25,0.539,HIGH_KN,True
2026-07-15,RAJESHEXPO.NS,DOWN,OOS,RANGE,0.8966,0.75,HIGH,ALIGNED,0.25,-1.0589,HIGH_KN,True
2026-07-15,DRREDDY.NS,DOWN,OOS,RANGE,0.8298,0.75,HIGH,ALIGNED,0.25,-0.4148,HIGH_KN,True
2026-07-15,APOLLOTYRE.NS,DOWN,OOS,RANGE,0.8076,0.625,HIGH,ALIGNED,0.375,1.1827,HIGH_KN,False
2026-07-15,M&MFIN.NS,DOWN,OOS,RANGE,0.7961,0.75,HIGH,ALIGNED,0.25,-0.954,HIGH_KN,True
2026-07-15,NAUKRI.NS,DOWN,OOS,RANGE,0.7917,0.625,HIGH,ALIGNED,0.375,1.7749,HIGH_KN,False
2026-07-15,MUTHOOTFIN.NS,DOWN,OOS,RANGE,0.7883,0.75,HIGH,ALIGNED,0.25,-0.6664,HIGH_KN,True
2026-07-15,GODREJCP.NS,DOWN,OOS,RANGE,0.7757,0.625,HIGH,ALIGNED,0.375,0.475,HIGH_KN,False
2026-07-15,MANAPPURAM.NS,DOWN,OOS,RANGE,0.7721,0.625,HIGH,ALIGNED,0.375,-1.0651,HIGH_KN,True
2026-07-15,KPITTECH.NS,DOWN,OOS,RANGE,0.7578,0.75,HIGH,ALIGNED,0.25,-0.0453,HIGH_KN,True
2026-07-15,TVSMOTOR.NS,DOWN,OOS,RANGE,0.7411,0.75,HIGH,ALIGNED,0.25,-1.3509,HIGH_KN,True
2026-07-15,PARAS.NS,DOWN,OOS,RANGE,0.7325,0.75,HIGH,ALIGNED,0.25,-1.6353,HIGH_KN,True
2026-07-15,HAVELLS.NS,DOWN,OOS,RANGE,0.7277,0.75,HIGH,ALIGNED,0.25,-0.5775,HIGH_KN,True
2026-07-15,BAJAJFINSV.NS,DOWN,OOS,RANGE,0.726,0.75,HIGH,ALIGNED,0.25,-0.5947,HIGH_KN,True
2026-07-15,INTELLECT.NS,DOWN,OOS,RANGE,0.7239,0.5,MEDIUM,ALIGNED,0.5,0.6089,HIGH_KN,False
2026-07-15,ATUL.NS,DOWN,OOS,RANGE,0.7215,0.5,MEDIUM,ALIGNED,0.5,0.0655,HIGH_KN,False
2026-07-15,INFY.NS,DOWN,OOS,RANGE,0.7093,0.375,MEDIUM,CONFLICT,0.625,0.5668,LOW_KN,False
2026-07-15,HCLTECH.NS,DOWN,OOS,RANGE,0.7041,0.375,MEDIUM,CONFLICT,0.625,1.661,LOW_KN,False
2026-07-15,EICHERMOT.NS,DOWN,OOS,RANGE,0.6798,0.5,MEDIUM,ALIGNED,0.5,0.1891,HIGH_KN,False
2026-07-15,ADANIENSOL.NS,DOWN,OOS,RANGE,0.6685,0.5,MEDIUM,ALIGNED,0.5,0.6853,HIGH_KN,False
2026-07-15,MARUTI.NS,DOWN,OOS,RANGE,0.6679,0.5,MEDIUM,ALIGNED,0.5,1.4724,HIGH_KN,False
2026-07-16,MRPL.NS,UP,OOS,RANGE,0.9787,1.0,HIGH,ALIGNED,0.0,0.6692,HIGH_KN,True
2026-07-16,KALYANKJIL.NS,UP,OOS,RANGE,0.9596,0.625,HIGH,ALIGNED,0.375,5.086,HIGH_KN,True
2026-07-16,ZENSARTECH.NS,UP,OOS,RANGE,0.9554,0.75,HIGH,ALIGNED,0.25,-2.5026,HIGH_KN,False
2026-07-16,LTTS.NS,UP,OOS,RANGE,0.9341,0.875,HIGH,ALIGNED,0.125,-1.8648,HIGH_KN,False
2026-07-16,MASTEK.NS,UP,OOS,RANGE,0.9321,1.0,HIGH,ALIGNED,0.0,0.2488,HIGH_KN,True
2026-07-16,SUDARSCHEM.NS,UP,OOS,RANGE,0.9002,0.5,MEDIUM,ALIGNED,0.5,-2.8918,HIGH_KN,False
2026-07-16,DEEPAKFERT.NS,UP,OOS,RANGE,0.8956,1.0,HIGH,ALIGNED,0.0,-0.4434,HIGH_KN,False
2026-07-16,BIOCON.NS,UP,OOS,RANGE,0.8934,0.875,HIGH,ALIGNED,0.125,-0.7942,HIGH_KN,False
2026-07-16,DEEPAKNTR.NS,UP,OOS,RANGE,0.8625,1.0,HIGH,ALIGNED,0.0,-1.9405,HIGH_KN,False
2026-07-16,TECHM.NS,UP,OOS,RANGE,0.8417,0.875,HIGH,ALIGNED,0.125,4.1449,HIGH_KN,True
2026-07-16,TCS.NS,UP,OOS,RANGE,0.8412,0.875,HIGH,ALIGNED,0.125,3.0895,HIGH_KN,True
2026-07-16,SHYAMMETL.NS,UP,OOS,RANGE,0.84,0.875,HIGH,ALIGNED,0.125,-1.7299,HIGH_KN,False
2026-07-16,BASF.NS,UP,OOS,RANGE,0.8375,0.875,HIGH,ALIGNED,0.125,-1.83,HIGH_KN,False
2026-07-16,UNIONBANK.NS,UP,OOS,RANGE,0.8306,0.625,HIGH,ALIGNED,0.375,-0.1837,HIGH_KN,False
2026-07-16,ADANIGREEN.NS,UP,OOS,RANGE,0.8245,0.5,MEDIUM,ALIGNED,0.5,-1.9304,HIGH_KN,False
2026-07-16,ROUTE.NS,UP,OOS,RANGE,0.8186,0.625,HIGH,ALIGNED,0.375,-1.2578,HIGH_KN,False
2026-07-16,AJANTPHARM.NS,UP,OOS,RANGE,0.8169,0.875,HIGH,ALIGNED,0.125,-0.9673,HIGH_KN,False
2026-07-16,SOLARINDS.NS,UP,OOS,RANGE,0.8017,0.875,HIGH,ALIGNED,0.125,0.3641,HIGH_KN,True
2026-07-16,SRF.NS,UP,OOS,RANGE,0.7988,1.0,HIGH,ALIGNED,0.0,-0.5053,HIGH_KN,False
2026-07-16,ERIS.NS,UP,OOS,RANGE,0.7944,1.0,HIGH,ALIGNED,0.0,-2.2171,HIGH_KN,False
2026-07-16,RAJESHEXPO.NS,DOWN,OOS,RANGE,0.8917,0.75,HIGH,ALIGNED,0.25,-1.0702,HIGH_KN,True
2026-07-16,ICICIGI.NS,DOWN,OOS,RANGE,0.8696,0.75,HIGH,ALIGNED,0.25,-0.7144,HIGH_KN,True
2026-07-16,ALKYLAMINE.NS,DOWN,OOS,RANGE,0.8333,0.625,HIGH,ALIGNED,0.375,-3.2926,HIGH_KN,True
2026-07-16,M&MFIN.NS,DOWN,OOS,RANGE,0.8012,0.75,HIGH,ALIGNED,0.25,0.7302,HIGH_KN,False
2026-07-16,BAJAJFINSV.NS,DOWN,OOS,RANGE,0.7771,0.875,HIGH,ALIGNED,0.125,0.8376,HIGH_KN,False
2026-07-16,NAUKRI.NS,DOWN,OOS,RANGE,0.7736,0.375,MEDIUM,CONFLICT,0.625,-1.6363,LOW_KN,True
2026-07-16,STLTECH.NS,DOWN,OOS,RANGE,0.7605,0.5,MEDIUM,ALIGNED,0.5,-3.87,HIGH_KN,True
2026-07-16,DLF.NS,DOWN,OOS,RANGE,0.7535,0.875,HIGH,ALIGNED,0.125,3.0397,HIGH_KN,False
2026-07-16,GODREJCP.NS,DOWN,OOS,RANGE,0.7534,0.5,MEDIUM,ALIGNED,0.5,1.3425,HIGH_KN,False
2026-07-16,PRESTIGE.NS,DOWN,OOS,RANGE,0.7461,0.875,HIGH,ALIGNED,0.125,3.1248,HIGH_KN,False
2026-07-16,MUTHOOTFIN.NS,DOWN,OOS,RANGE,0.7431,0.75,HIGH,ALIGNED,0.25,-0.2203,HIGH_KN,True
2026-07-16,MANAPPURAM.NS,DOWN,OOS,RANGE,0.7295,0.625,HIGH,ALIGNED,0.375,0.1077,HIGH_KN,False
2026-07-16,DABUR.NS,DOWN,OOS,RANGE,0.7078,0.75,HIGH,ALIGNED,0.25,-0.5239,HIGH_KN,True
2026-07-16,BOSCHLTD.NS,DOWN,OOS,RANGE,0.7066,0.75,HIGH,ALIGNED,0.25,-0.6203,HIGH_KN,True
2026-07-16,BSE.NS,DOWN,OOS,RANGE,0.6904,0.75,HIGH,ALIGNED,0.25,-2.8005,HIGH_KN,True
2026-07-16,MAPMYINDIA.NS,DOWN,OOS,RANGE,0.6831,0.5,MEDIUM,ALIGNED,0.5,-0.4793,HIGH_KN,True
2026-07-16,DRREDDY.NS,DOWN,OOS,RANGE,0.6713,0.625,HIGH,ALIGNED,0.375,-1.0781,HIGH_KN,True
2026-07-16,HAVELLS.NS,DOWN,OOS,RANGE,0.6667,0.875,HIGH,ALIGNED,0.125,1.4266,HIGH_KN,False
2026-07-16,TATACONSUM.NS,DOWN,OOS,RANGE,0.6615,0.625,HIGH,ALIGNED,0.375,0.0092,HIGH_KN,False
2026-07-16,AUROPHARMA.NS,DOWN,OOS,RANGE,0.6612,0.625,HIGH,ALIGNED,0.375,-0.9687,HIGH_KN,True
2026-07-17,TECHM.NS,UP,OOS,RANGE,0.9329,1.0,HIGH,ALIGNED,0.0,0.2225,HIGH_KN,True
2026-07-17,MASTEK.NS,UP,OOS,RANGE,0.9188,1.0,HIGH,ALIGNED,0.0,-1.6022,HIGH_KN,False
2026-07-17,BIOCON.NS,UP,OOS,RANGE,0.9056,0.75,HIGH,ALIGNED,0.25,-0.1601,HIGH_KN,False
2026-07-17,MRPL.NS,UP,OOS,RANGE,0.9034,0.875,HIGH,ALIGNED,0.125,-2.046,HIGH_KN,False
2026-07-17,TCS.NS,UP,OOS,RANGE,0.8788,0.875,HIGH,ALIGNED,0.125,-0.7889,HIGH_KN,False
2026-07-17,LTTS.NS,UP,OOS,RANGE,0.8598,0.75,HIGH,ALIGNED,0.25,-1.9266,HIGH_KN,False
2026-07-17,KALYANKJIL.NS,UP,OOS,RANGE,0.8517,0.625,HIGH,ALIGNED,0.375,-0.766,HIGH_KN,False
2026-07-17,MPHASIS.NS,UP,OOS,RANGE,0.8478,0.875,HIGH,ALIGNED,0.125,0.8019,HIGH_KN,True
2026-07-17,DEEPAKFERT.NS,UP,OOS,RANGE,0.8444,0.75,HIGH,ALIGNED,0.25,0.6964,HIGH_KN,True
2026-07-17,HCLTECH.NS,UP,OOS,RANGE,0.84,0.875,HIGH,ALIGNED,0.125,1.4453,HIGH_KN,True
2026-07-17,BHARATFORG.NS,UP,OOS,RANGE,0.8373,1.0,HIGH,ALIGNED,0.0,0.8446,HIGH_KN,True
2026-07-17,ADANIENSOL.NS,UP,OOS,RANGE,0.8202,0.75,HIGH,ALIGNED,0.25,0.4006,HIGH_KN,True
2026-07-17,FEDERALBNK.NS,UP,OOS,RANGE,0.8176,0.75,HIGH,ALIGNED,0.25,0.5014,HIGH_KN,True
2026-07-17,CENTUM.NS,UP,OOS,RANGE,0.7954,0.75,HIGH,ALIGNED,0.25,0.0862,HIGH_KN,True
2026-07-17,BAJFINANCE.NS,UP,OOS,RANGE,0.782,0.75,HIGH,ALIGNED,0.25,0.729,HIGH_KN,True
2026-07-17,SUDARSCHEM.NS,UP,OOS,RANGE,0.7756,0.25,LOW,CONFLICT,0.75,1.6383,LOW_KN,True
2026-07-17,ROUTE.NS,UP,OOS,RANGE,0.7673,0.625,HIGH,ALIGNED,0.375,0.1603,HIGH_KN,True
2026-07-17,EXIDEIND.NS,UP,OOS,RANGE,0.7641,0.75,HIGH,ALIGNED,0.25,0.3332,HIGH_KN,True
2026-07-17,DIVISLAB.NS,UP,OOS,RANGE,0.7588,0.625,HIGH,ALIGNED,0.375,0.9727,HIGH_KN,True
2026-07-17,METROBRAND.NS,UP,OOS,RANGE,0.7527,0.875,HIGH,ALIGNED,0.125,-0.224,HIGH_KN,False
2026-07-17,RAJESHEXPO.NS,DOWN,OOS,RANGE,0.8737,0.625,HIGH,ALIGNED,0.375,1.6866,HIGH_KN,False
2026-07-17,ICICIGI.NS,DOWN,OOS,RANGE,0.87,0.875,HIGH,ALIGNED,0.125,0.5831,HIGH_KN,False
2026-07-17,MANAPPURAM.NS,DOWN,OOS,RANGE,0.8273,0.625,HIGH,ALIGNED,0.375,3.5797,HIGH_KN,False
2026-07-17,ALKYLAMINE.NS,DOWN,OOS,RANGE,0.8061,0.625,HIGH,ALIGNED,0.375,0.2244,HIGH_KN,False
2026-07-17,NAUKRI.NS,DOWN,OOS,RANGE,0.802,0.75,HIGH,ALIGNED,0.25,0.358,HIGH_KN,False
2026-07-17,JINDALPOLY.NS,DOWN,OOS,RANGE,0.7915,0.75,HIGH,ALIGNED,0.25,1.0925,HIGH_KN,False
2026-07-17,WELCORP.NS,DOWN,OOS,RANGE,0.7808,0.75,HIGH,ALIGNED,0.25,2.1688,HIGH_KN,False
2026-07-17,DLF.NS,DOWN,OOS,RANGE,0.7766,0.75,HIGH,ALIGNED,0.25,0.1198,HIGH_KN,False
2026-07-17,NATIONALUM.NS,DOWN,OOS,RANGE,0.7707,0.75,HIGH,ALIGNED,0.25,0.8826,HIGH_KN,False
2026-07-17,NATCOPHARM.NS,DOWN,OOS,RANGE,0.7695,0.75,HIGH,ALIGNED,0.25,0.5979,HIGH_KN,False
2026-07-17,GODREJPROP.NS,DOWN,OOS,RANGE,0.7693,0.625,HIGH,ALIGNED,0.375,0.7897,HIGH_KN,False
2026-07-17,PRESTIGE.NS,DOWN,OOS,RANGE,0.7669,0.625,HIGH,ALIGNED,0.375,-1.4117,HIGH_KN,True
2026-07-17,RBLBANK.NS,DOWN,OOS,RANGE,0.7646,0.5,MEDIUM,ALIGNED,0.5,0.0951,HIGH_KN,False
2026-07-17,MUTHOOTFIN.NS,DOWN,OOS,RANGE,0.7559,0.625,HIGH,ALIGNED,0.375,-0.2241,HIGH_KN,True
2026-07-17,BAJAJFINSV.NS,DOWN,OOS,RANGE,0.7499,0.625,HIGH,ALIGNED,0.375,0.4045,HIGH_KN,False
2026-07-17,BSE.NS,DOWN,OOS,RANGE,0.7268,0.75,HIGH,ALIGNED,0.25,1.8454,HIGH_KN,False
2026-07-17,IDEAFORGE.NS,DOWN,OOS,RANGE,0.7251,0.75,HIGH,ALIGNED,0.25,1.6059,HIGH_KN,False
2026-07-17,SOBHA.NS,DOWN,OOS,RANGE,0.7188,0.75,HIGH,ALIGNED,0.25,-0.4309,HIGH_KN,True
2026-07-17,PFIZER.NS,DOWN,OOS,RANGE,0.6988,0.625,HIGH,ALIGNED,0.375,0.2409,HIGH_KN,False
2026-07-17,M&MFIN.NS,DOWN,OOS,RANGE,0.6953,0.625,HIGH,ALIGNED,0.375,-0.5089,HIGH_KN,True
2026-07-20,SOLARINDS.NS,UP,OOS,RANGE,0.8902,1.0,HIGH,ALIGNED,0.0,0.0893,HIGH_KN,True
2026-07-20,DEEPAKFERT.NS,UP,OOS,RANGE,0.8363,0.875,HIGH,ALIGNED,0.125,0.0997,HIGH_KN,True
2026-07-20,NAVINFLUOR.NS,UP,OOS,RANGE,0.8337,1.0,HIGH,ALIGNED,0.0,0.2608,HIGH_KN,True
2026-07-20,MANAPPURAM.NS,UP,OOS,RANGE,0.8273,1.0,HIGH,ALIGNED,0.0,4.3459,HIGH_KN,True
2026-07-20,BIOCON.NS,UP,OOS,RANGE,0.8166,0.75,HIGH,ALIGNED,0.25,0.8706,HIGH_KN,True
2026-07-20,UNIONBANK.NS,UP,OOS,RANGE,0.8127,0.875,HIGH,ALIGNED,0.125,0.1023,HIGH_KN,True
2026-07-20,COLPAL.NS,UP,OOS,RANGE,0.8054,1.0,HIGH,ALIGNED,0.0,-0.956,HIGH_KN,False
2026-07-20,OIL.NS,UP,OOS,RANGE,0.7973,1.0,HIGH,ALIGNED,0.0,-1.8521,HIGH_KN,False
2026-07-20,FEDERALBNK.NS,UP,OOS,RANGE,0.7924,0.75,HIGH,ALIGNED,0.25,1.511,HIGH_KN,True
2026-07-20,PNB.NS,UP,OOS,RANGE,0.7878,1.0,HIGH,ALIGNED,0.0,0.2863,HIGH_KN,True
2026-07-20,ADANIENSOL.NS,UP,OOS,RANGE,0.7854,0.5,MEDIUM,ALIGNED,0.5,0.6996,HIGH_KN,True
2026-07-20,JSWENERGY.NS,UP,OOS,RANGE,0.7849,1.0,HIGH,ALIGNED,0.0,-0.2642,HIGH_KN,False
2026-07-20,BPCL.NS,UP,OOS,RANGE,0.7756,1.0,HIGH,ALIGNED,0.0,0.551,HIGH_KN,True
2026-07-20,SHYAMMETL.NS,UP,OOS,RANGE,0.7734,0.875,HIGH,ALIGNED,0.125,0.7251,HIGH_KN,True
2026-07-20,BAJFINANCE.NS,UP,OOS,RANGE,0.7622,0.625,HIGH,ALIGNED,0.375,0.4887,HIGH_KN,True
2026-07-20,BASF.NS,UP,OOS,RANGE,0.7612,0.625,HIGH,ALIGNED,0.375,3.9873,HIGH_KN,True
2026-07-20,DIVISLAB.NS,UP,OOS,RANGE,0.7563,0.625,HIGH,ALIGNED,0.375,0.164,HIGH_KN,True
2026-07-20,MRPL.NS,UP,OOS,RANGE,0.7527,0.625,HIGH,ALIGNED,0.375,3.1535,HIGH_KN,True
2026-07-20,TECHM.NS,UP,OOS,RANGE,0.7507,0.625,HIGH,ALIGNED,0.375,-0.0063,HIGH_KN,False
2026-07-20,RECLTD.NS,UP,OOS,RANGE,0.7476,0.875,HIGH,ALIGNED,0.125,-0.3989,HIGH_KN,False
2026-07-20,MAPMYINDIA.NS,DOWN,OOS,RANGE,0.9362,0.75,HIGH,ALIGNED,0.25,-2.4385,HIGH_KN,True
2026-07-20,ROUTE.NS,DOWN,OOS,RANGE,0.8752,0.75,HIGH,ALIGNED,0.25,2.4457,HIGH_KN,False
2026-07-20,ZENSARTECH.NS,DOWN,OOS,RANGE,0.8678,0.5,MEDIUM,ALIGNED,0.5,-2.3653,HIGH_KN,True
2026-07-20,ICICIGI.NS,DOWN,OOS,RANGE,0.8598,0.625,HIGH,ALIGNED,0.375,0.148,HIGH_KN,False
2026-07-20,COFORGE.NS,DOWN,OOS,RANGE,0.7998,0.75,HIGH,ALIGNED,0.25,-0.8889,HIGH_KN,True
2026-07-20,GODREJPROP.NS,DOWN,OOS,RANGE,0.7918,0.5,MEDIUM,ALIGNED,0.5,2.1523,HIGH_KN,False
2026-07-20,INTELLECT.NS,DOWN,OOS,RANGE,0.7783,0.625,HIGH,ALIGNED,0.375,1.0513,HIGH_KN,False
2026-07-20,SOBHA.NS,DOWN,OOS,RANGE,0.7752,0.75,HIGH,ALIGNED,0.25,0.0412,HIGH_KN,False
2026-07-20,NATCOPHARM.NS,DOWN,OOS,RANGE,0.7665,0.75,HIGH,ALIGNED,0.25,1.1834,HIGH_KN,False
2026-07-20,PRESTIGE.NS,DOWN,OOS,RANGE,0.7662,0.75,HIGH,ALIGNED,0.25,2.2647,HIGH_KN,False
2026-07-20,NAUKRI.NS,DOWN,OOS,RANGE,0.7601,0.5,MEDIUM,ALIGNED,0.5,1.3596,HIGH_KN,False
2026-07-20,KPITTECH.NS,DOWN,OOS,RANGE,0.76,0.5,MEDIUM,ALIGNED,0.5,0.5791,HIGH_KN,False
2026-07-20,RBLBANK.NS,DOWN,OOS,RANGE,0.7573,0.75,HIGH,ALIGNED,0.25,-0.3393,HIGH_KN,True
2026-07-20,JINDALPOLY.NS,DOWN,OOS,RANGE,0.7537,0.625,HIGH,ALIGNED,0.375,0.5403,HIGH_KN,False
2026-07-20,IDEAFORGE.NS,DOWN,OOS,RANGE,0.7532,0.5,MEDIUM,ALIGNED,0.5,-0.8107,HIGH_KN,True
2026-07-20,HCLTECH.NS,DOWN,OOS,RANGE,0.7379,0.375,MEDIUM,CONFLICT,0.625,1.4902,LOW_KN,False
2026-07-20,MASTEK.NS,DOWN,OOS,RANGE,0.7364,0.75,HIGH,ALIGNED,0.25,0.1376,HIGH_KN,False
2026-07-20,BEML.NS,DOWN,OOS,RANGE,0.7337,0.75,HIGH,ALIGNED,0.25,0.8924,HIGH_KN,False
2026-07-20,AXISBANK.NS,DOWN,OOS,RANGE,0.7329,0.75,HIGH,ALIGNED,0.25,0.1752,HIGH_KN,False
2026-07-20,DLF.NS,DOWN,OOS,RANGE,0.7269,0.625,HIGH,ALIGNED,0.375,0.7553,HIGH_KN,False
2026-07-21,M&MFIN.NS,UP,OOS,RANGE,0.9677,0.875,HIGH,ALIGNED,0.125,8.0892,HIGH_KN,True
2026-07-21,MANAPPURAM.NS,UP,OOS,RANGE,0.9456,1.0,HIGH,ALIGNED,0.0,-0.4407,HIGH_KN,False
2026-07-21,JPPOWER.NS,UP,OOS,RANGE,0.9192,1.0,HIGH,ALIGNED,0.0,-2.1408,HIGH_KN,False
2026-07-21,MRPL.NS,UP,OOS,RANGE,0.886,0.875,HIGH,ALIGNED,0.125,-0.9359,HIGH_KN,False
2026-07-21,HCLTECH.NS,UP,OOS,RANGE,0.8828,0.875,HIGH,ALIGNED,0.125,-0.1775,HIGH_KN,False
2026-07-21,BASF.NS,UP,OOS,RANGE,0.8576,1.0,HIGH,ALIGNED,0.0,-1.7972,HIGH_KN,False
2026-07-21,INDUSINDBK.NS,UP,OOS,RANGE,0.8554,0.75,HIGH,ALIGNED,0.25,0.5501,HIGH_KN,True
2026-07-21,SHRIRAMFIN.NS,UP,OOS,RANGE,0.8475,1.0,HIGH,ALIGNED,0.0,-0.2544,HIGH_KN,False
2026-07-21,TVSMOTOR.NS,UP,OOS,RANGE,0.8475,1.0,HIGH,ALIGNED,0.0,3.0485,HIGH_KN,True
2026-07-21,RAJESHEXPO.NS,UP,OOS,RANGE,0.8448,0.75,HIGH,ALIGNED,0.25,-2.7672,HIGH_KN,False
2026-07-21,HFCL.NS,UP,OOS,RANGE,0.834,0.75,HIGH,ALIGNED,0.25,-0.0321,HIGH_KN,False
2026-07-21,TECHM.NS,UP,OOS,RANGE,0.8293,0.75,HIGH,ALIGNED,0.25,-0.996,HIGH_KN,False
2026-07-21,EXIDEIND.NS,UP,OOS,RANGE,0.8273,0.75,HIGH,ALIGNED,0.25,0.9922,HIGH_KN,True
2026-07-21,SRF.NS,UP,OOS,RANGE,0.8126,0.875,HIGH,ALIGNED,0.125,-2.443,HIGH_KN,False
2026-07-21,AJANTPHARM.NS,UP,OOS,RANGE,0.803,0.875,HIGH,ALIGNED,0.125,-3.2557,HIGH_KN,False
2026-07-21,ADANIENSOL.NS,UP,OOS,RANGE,0.8015,0.75,HIGH,ALIGNED,0.25,-0.9876,HIGH_KN,False
2026-07-21,PNB.NS,UP,OOS,RANGE,0.7837,0.875,HIGH,ALIGNED,0.125,-1.2045,HIGH_KN,False
2026-07-21,UNIONBANK.NS,UP,OOS,RANGE,0.7803,0.75,HIGH,ALIGNED,0.25,-3.106,HIGH_KN,False
2026-07-21,DEEPAKFERT.NS,UP,OOS,RANGE,0.7719,0.75,HIGH,ALIGNED,0.25,-0.4855,HIGH_KN,False
2026-07-21,NAVINFLUOR.NS,UP,OOS,RANGE,0.7692,0.75,HIGH,ALIGNED,0.25,-1.1799,HIGH_KN,False
2026-07-21,MAPMYINDIA.NS,DOWN,OOS,RANGE,0.9146,0.75,HIGH,ALIGNED,0.25,-2.4153,HIGH_KN,True
2026-07-21,SUDARSCHEM.NS,DOWN,OOS,RANGE,0.8672,0.75,HIGH,ALIGNED,0.25,-2.2947,HIGH_KN,True
2026-07-21,ICICIGI.NS,DOWN,OOS,RANGE,0.8631,0.625,HIGH,ALIGNED,0.375,-2.4938,HIGH_KN,True
2026-07-21,WELCORP.NS,DOWN,OOS,RANGE,0.8468,0.625,HIGH,ALIGNED,0.375,-1.0498,HIGH_KN,True
2026-07-21,ADANIGREEN.NS,DOWN,OOS,RANGE,0.8286,0.625,HIGH,ALIGNED,0.375,-4.5139,HIGH_KN,True
2026-07-21,NATIONALUM.NS,DOWN,OOS,RANGE,0.8212,0.75,HIGH,ALIGNED,0.25,-0.1458,HIGH_KN,True
2026-07-21,BLUESTARCO.NS,DOWN,OOS,RANGE,0.8157,0.75,HIGH,ALIGNED,0.25,-2.4724,HIGH_KN,True
2026-07-21,COFORGE.NS,DOWN,OOS,RANGE,0.7805,0.75,HIGH,ALIGNED,0.25,-1.5127,HIGH_KN,True
2026-07-21,BSE.NS,DOWN,OOS,RANGE,0.7751,0.625,HIGH,ALIGNED,0.375,-0.8679,HIGH_KN,True
2026-07-21,INFY.NS,DOWN,OOS,RANGE,0.7744,0.625,HIGH,ALIGNED,0.375,-1.9935,HIGH_KN,True
2026-07-21,IDEAFORGE.NS,DOWN,OOS,RANGE,0.7635,0.75,HIGH,ALIGNED,0.25,1.3289,HIGH_KN,False
2026-07-21,RATEGAIN.NS,DOWN,OOS,RANGE,0.7615,0.75,HIGH,ALIGNED,0.25,-3.2383,HIGH_KN,True
2026-07-21,HDFCBANK.NS,DOWN,OOS,RANGE,0.7599,0.75,HIGH,ALIGNED,0.25,-1.09,HIGH_KN,True
2026-07-21,SOBHA.NS,DOWN,OOS,RANGE,0.7519,0.875,HIGH,ALIGNED,0.125,-2.0806,HIGH_KN,True
2026-07-21,RBLBANK.NS,DOWN,OOS,RANGE,0.7507,0.5,MEDIUM,ALIGNED,0.5,-3.1863,HIGH_KN,True
2026-07-21,BIOCON.NS,DOWN,OOS,RANGE,0.7273,0.5,MEDIUM,ALIGNED,0.5,-0.5337,HIGH_KN,True
2026-07-21,ALKYLAMINE.NS,DOWN,OOS,RANGE,0.7219,0.625,HIGH,ALIGNED,0.375,-0.7349,HIGH_KN,True
2026-07-21,GRANULES.NS,DOWN,OOS,RANGE,0.7216,0.875,HIGH,ALIGNED,0.125,-2.5009,HIGH_KN,True
2026-07-21,AXISBANK.NS,DOWN,OOS,RANGE,0.7212,0.875,HIGH,ALIGNED,0.125,-1.5737,HIGH_KN,True
2026-07-21,JINDALPOLY.NS,DOWN,OOS,RANGE,0.7131,0.5,MEDIUM,ALIGNED,0.5,-3.3142,HIGH_KN,True
2026-07-22,DATAPATTNS.NS,UP,OOS,RANGE,0.9864,1.0,HIGH,ALIGNED,0.0,-3.8743,HIGH_KN,False
2026-07-22,M&MFIN.NS,UP,OOS,RANGE,0.9796,0.75,HIGH,ALIGNED,0.25,-2.0627,HIGH_KN,False
2026-07-22,MRPL.NS,UP,OOS,RANGE,0.8995,0.75,HIGH,ALIGNED,0.25,0.7386,HIGH_KN,True
2026-07-22,MANAPPURAM.NS,UP,OOS,RANGE,0.8964,0.875,HIGH,ALIGNED,0.125,0.6425,HIGH_KN,True
2026-07-22,TVSMOTOR.NS,UP,OOS,RANGE,0.8748,0.875,HIGH,ALIGNED,0.125,0.3122,HIGH_KN,True
2026-07-22,INDUSINDBK.NS,UP,OOS,RANGE,0.8408,0.75,HIGH,ALIGNED,0.25,-5.9665,HIGH_KN,False
2026-07-22,STLTECH.NS,UP,OOS,RANGE,0.8274,0.75,HIGH,ALIGNED,0.25,-0.7415,HIGH_KN,False
2026-07-22,JPPOWER.NS,UP,OOS,RANGE,0.81,0.625,HIGH,ALIGNED,0.375,-1.7847,HIGH_KN,False
2026-07-22,ADANIENSOL.NS,UP,OOS,RANGE,0.8061,0.625,HIGH,ALIGNED,0.375,-2.3544,HIGH_KN,False
2026-07-22,SRF.NS,UP,OOS,RANGE,0.8034,0.75,HIGH,ALIGNED,0.25,-8.5275,HIGH_KN,False
2026-07-22,BAJAJ-AUTO.NS,UP,OOS,RANGE,0.7917,0.75,HIGH,ALIGNED,0.25,2.5913,HIGH_KN,True
2026-07-22,EXIDEIND.NS,UP,OOS,RANGE,0.7762,0.625,HIGH,ALIGNED,0.375,-1.8086,HIGH_KN,False
2026-07-22,HCLTECH.NS,UP,OOS,RANGE,0.7689,0.875,HIGH,ALIGNED,0.125,0.5981,HIGH_KN,True
2026-07-22,MASTEK.NS,UP,OOS,RANGE,0.7641,0.625,HIGH,ALIGNED,0.375,-2.0986,HIGH_KN,False
2026-07-22,KALYANKJIL.NS,UP,OOS,RANGE,0.7619,0.5,MEDIUM,ALIGNED,0.5,-1.7614,HIGH_KN,False
2026-07-22,NESTLEIND.NS,UP,OOS,RANGE,0.7585,1.0,HIGH,ALIGNED,0.0,-3.0597,HIGH_KN,False
2026-07-22,DEEPAKFERT.NS,UP,OOS,RANGE,0.7476,0.875,HIGH,ALIGNED,0.125,-1.1633,HIGH_KN,False
2026-07-22,NAVINFLUOR.NS,UP,OOS,RANGE,0.7396,0.75,HIGH,ALIGNED,0.25,-1.4829,HIGH_KN,False
2026-07-22,JSWENERGY.NS,UP,OOS,RANGE,0.7328,0.625,HIGH,ALIGNED,0.375,-0.7744,HIGH_KN,False
2026-07-22,COLPAL.NS,UP,OOS,RANGE,0.7175,0.875,HIGH,ALIGNED,0.125,-1.0109,HIGH_KN,False
2026-07-22,SUDARSCHEM.NS,DOWN,OOS,RANGE,0.8726,0.75,HIGH,ALIGNED,0.25,-1.5043,HIGH_KN,True
2026-07-22,ICICIGI.NS,DOWN,OOS,RANGE,0.8701,0.75,HIGH,ALIGNED,0.25,2.2419,HIGH_KN,False
2026-07-22,MAPMYINDIA.NS,DOWN,OOS,RANGE,0.87,0.75,HIGH,ALIGNED,0.25,3.5858,HIGH_KN,False
2026-07-22,BLUESTARCO.NS,DOWN,OOS,RANGE,0.8136,0.625,HIGH,ALIGNED,0.375,-1.6138,HIGH_KN,True
2026-07-22,WELCORP.NS,DOWN,OOS,RANGE,0.8047,0.625,HIGH,ALIGNED,0.375,0.062,HIGH_KN,False
2026-07-22,ADANIGREEN.NS,DOWN,OOS,RANGE,0.8027,0.875,HIGH,ALIGNED,0.125,-6.2759,HIGH_KN,True
2026-07-22,HFCL.NS,DOWN,OOS,RANGE,0.8009,0.625,HIGH,ALIGNED,0.375,-4.9977,HIGH_KN,True
2026-07-22,NATIONALUM.NS,DOWN,OOS,RANGE,0.7881,0.5,MEDIUM,ALIGNED,0.5,1.0514,HIGH_KN,False
2026-07-22,VOLTAS.NS,DOWN,OOS,RANGE,0.7876,0.75,HIGH,ALIGNED,0.25,0.1682,HIGH_KN,False
2026-07-22,LTTS.NS,DOWN,OOS,RANGE,0.7782,0.5,MEDIUM,ALIGNED,0.5,1.2631,HIGH_KN,False
2026-07-22,HDFCBANK.NS,DOWN,OOS,RANGE,0.7779,0.625,HIGH,ALIGNED,0.375,-0.7834,HIGH_KN,True
2026-07-22,MPHASIS.NS,DOWN,OOS,RANGE,0.7709,0.625,HIGH,ALIGNED,0.375,-1.8207,HIGH_KN,True
2026-07-22,CHOLAFIN.NS,DOWN,OOS,RANGE,0.7575,0.75,HIGH,ALIGNED,0.25,-0.6192,HIGH_KN,True
2026-07-22,ROUTE.NS,DOWN,OOS,RANGE,0.7563,0.625,HIGH,ALIGNED,0.375,5.8901,HIGH_KN,False
2026-07-22,RATEGAIN.NS,DOWN,OOS,RANGE,0.7532,0.75,HIGH,ALIGNED,0.25,-2.1419,HIGH_KN,True
2026-07-22,UNIONBANK.NS,DOWN,OOS,RANGE,0.753,0.5,MEDIUM,ALIGNED,0.5,-1.3127,HIGH_KN,True
2026-07-22,AMBER.NS,DOWN,OOS,RANGE,0.7529,0.75,HIGH,ALIGNED,0.25,-0.6552,HIGH_KN,True
2026-07-22,RBLBANK.NS,DOWN,OOS,RANGE,0.7524,0.75,HIGH,ALIGNED,0.25,-0.4641,HIGH_KN,True
2026-07-22,AXISBANK.NS,DOWN,OOS,RANGE,0.75,0.625,HIGH,ALIGNED,0.375,-1.2435,HIGH_KN,True
2026-07-22,GRANULES.NS,DOWN,OOS,RANGE,0.7485,0.875,HIGH,ALIGNED,0.125,-0.1464,HIGH_KN,True
2026-07-23,RAJESHEXPO.NS,UP,OOS,RANGE,0.9706,0.875,HIGH,ALIGNED,0.125,-3.8179,HIGH_KN,False
2026-07-23,DATAPATTNS.NS,UP,OOS,RANGE,0.9597,0.875,HIGH,ALIGNED,0.125,-0.2828,HIGH_KN,False
2026-07-23,M&MFIN.NS,UP,OOS,RANGE,0.9189,0.5,MEDIUM,ALIGNED,0.5,-3.7397,HIGH_KN,False
2026-07-23,ROUTE.NS,UP,OOS,RANGE,0.908,0.875,HIGH,ALIGNED,0.125,-5.3127,HIGH_KN,False
2026-07-23,MANAPPURAM.NS,UP,OOS,RANGE,0.8648,0.875,HIGH,ALIGNED,0.125,0.1419,HIGH_KN,True
2026-07-23,TVSMOTOR.NS,UP,OOS,RANGE,0.8551,0.75,HIGH,ALIGNED,0.25,-1.2654,HIGH_KN,False
2026-07-23,BAJAJ-AUTO.NS,UP,OOS,RANGE,0.8104,0.75,HIGH,ALIGNED,0.25,-1.3604,HIGH_KN,False
2026-07-23,OIL.NS,UP,OOS,RANGE,0.7653,0.875,HIGH,ALIGNED,0.125,-1.9725,HIGH_KN,False
2026-07-23,STLTECH.NS,UP,OOS,RANGE,0.7638,0.75,HIGH,ALIGNED,0.25,2.7876,HIGH_KN,True
2026-07-23,EMAMILTD.NS,UP,OOS,RANGE,0.759,0.875,HIGH,ALIGNED,0.125,-2.006,HIGH_KN,False
2026-07-23,HEROMOTOCO.NS,UP,OOS,RANGE,0.7498,1.0,HIGH,ALIGNED,0.0,-3.1447,HIGH_KN,False
2026-07-23,ICICIGI.NS,UP,OOS,RANGE,0.7383,0.375,MEDIUM,CONFLICT,0.625,2.6436,LOW_KN,True
2026-07-23,MRPL.NS,UP,OOS,RANGE,0.7369,0.875,HIGH,ALIGNED,0.125,-3.5237,HIGH_KN,False
2026-07-23,CRAFTSMAN.NS,UP,OOS,RANGE,0.7342,0.625,HIGH,ALIGNED,0.375,-0.2953,HIGH_KN,False
2026-07-23,HAVELLS.NS,UP,OOS,RANGE,0.7296,0.875,HIGH,ALIGNED,0.125,1.4051,HIGH_KN,True
2026-07-23,METROBRAND.NS,UP,OOS,RANGE,0.7155,0.5,MEDIUM,ALIGNED,0.5,-0.2927,HIGH_KN,False
2026-07-23,SHRIRAMFIN.NS,UP,OOS,RANGE,0.7133,0.625,HIGH,ALIGNED,0.375,-2.0179,HIGH_KN,False
2026-07-23,TECHM.NS,UP,OOS,RANGE,0.7104,0.625,HIGH,ALIGNED,0.375,0.2378,HIGH_KN,True
2026-07-23,ATUL.NS,UP,OOS,RANGE,0.7102,0.75,HIGH,ALIGNED,0.25,4.5269,HIGH_KN,True
2026-07-23,JSWENERGY.NS,UP,OOS,RANGE,0.7063,0.625,HIGH,ALIGNED,0.375,-1.0227,HIGH_KN,False
2026-07-23,MAPMYINDIA.NS,DOWN,OOS,RANGE,0.8918,0.75,HIGH,ALIGNED,0.25,3.2583,HIGH_KN,False
2026-07-23,SUDARSCHEM.NS,DOWN,OOS,RANGE,0.8663,0.75,HIGH,ALIGNED,0.25,2.5766,HIGH_KN,False
2026-07-23,HFCL.NS,DOWN,OOS,RANGE,0.8486,0.875,HIGH,ALIGNED,0.125,-4.908,HIGH_KN,True
2026-07-23,ADANIGREEN.NS,DOWN,OOS,RANGE,0.841,0.75,HIGH,ALIGNED,0.25,1.1015,HIGH_KN,False
2026-07-23,OFSS.NS,DOWN,OOS,RANGE,0.8249,0.75,HIGH,ALIGNED,0.25,-1.7615,HIGH_KN,True
2026-07-23,SRF.NS,DOWN,OOS,RANGE,0.8146,0.75,HIGH,ALIGNED,0.25,1.6014,HIGH_KN,False
2026-07-23,MASTEK.NS,DOWN,OOS,RANGE,0.8097,0.625,HIGH,ALIGNED,0.375,0.6848,HIGH_KN,False
2026-07-23,SOBHA.NS,DOWN,OOS,RANGE,0.8068,0.75,HIGH,ALIGNED,0.25,-1.0028,HIGH_KN,True
2026-07-23,AMBER.NS,DOWN,OOS,RANGE,0.7995,0.625,HIGH,ALIGNED,0.375,-2.2678,HIGH_KN,True
2026-07-23,JINDALPOLY.NS,DOWN,OOS,RANGE,0.7978,0.75,HIGH,ALIGNED,0.25,-0.0862,HIGH_KN,True
2026-07-23,MPHASIS.NS,DOWN,OOS,RANGE,0.7968,0.75,HIGH,ALIGNED,0.25,2.4951,HIGH_KN,False
2026-07-23,BLUESTARCO.NS,DOWN,OOS,RANGE,0.79,0.75,HIGH,ALIGNED,0.25,0.202,HIGH_KN,False
2026-07-23,CLEAN.NS,DOWN,OOS,RANGE,0.7774,0.75,HIGH,ALIGNED,0.25,-1.077,HIGH_KN,True
2026-07-23,HDFCBANK.NS,DOWN,OOS,RANGE,0.7585,0.5,MEDIUM,ALIGNED,0.5,-0.5955,HIGH_KN,True
2026-07-23,VOLTAS.NS,DOWN,OOS,RANGE,0.758,0.625,HIGH,ALIGNED,0.375,1.3051,HIGH_KN,False
2026-07-23,GRANULES.NS,DOWN,OOS,RANGE,0.7572,0.625,HIGH,ALIGNED,0.375,-2.2286,HIGH_KN,True
2026-07-23,RATEGAIN.NS,DOWN,OOS,RANGE,0.7536,0.75,HIGH,ALIGNED,0.25,2.6448,HIGH_KN,False
2026-07-23,DEEPAKNTR.NS,DOWN,OOS,RANGE,0.7529,0.625,HIGH,ALIGNED,0.375,-0.254,HIGH_KN,True
2026-07-23,INDIAMART.NS,DOWN,OOS,RANGE,0.7481,0.875,HIGH,ALIGNED,0.125,-1.7145,HIGH_KN,True
2026-07-23,TEJASNET.NS,DOWN,OOS,RANGE,0.7437,0.625,HIGH,ALIGNED,0.375,-0.3821,HIGH_KN,True
2026-07-24,STLTECH.NS,UP,OOS,RANGE,0.9737,0.875,HIGH,ALIGNED,0.125,-1.551,HIGH_KN,False
2026-07-24,DATAPATTNS.NS,UP,OOS,RANGE,0.9643,0.875,HIGH,ALIGNED,0.125,-0.1222,HIGH_KN,False
2026-07-24,ICICIGI.NS,UP,OOS,RANGE,0.8952,0.625,HIGH,ALIGNED,0.375,1.1554,HIGH_KN,True
2026-07-24,ATUL.NS,UP,OOS,RANGE,0.8882,0.875,HIGH,ALIGNED,0.125,5.9618,HIGH_KN,True
2026-07-24,IDEAFORGE.NS,UP,OOS,RANGE,0.8833,0.875,HIGH,ALIGNED,0.125,-1.1945,HIGH_KN,False
2026-07-24,KPITTECH.NS,UP,OOS,RANGE,0.8804,0.75,HIGH,ALIGNED,0.25,0.3429,HIGH_KN,True
2026-07-24,M&MFIN.NS,UP,OOS,RANGE,0.849,0.75,HIGH,ALIGNED,0.25,1.8233,HIGH_KN,True
2026-07-24,RAJESHEXPO.NS,UP,OOS,RANGE,0.8367,0.5,MEDIUM,ALIGNED,0.5,-0.5285,HIGH_KN,False
2026-07-24,MANAPPURAM.NS,UP,OOS,RANGE,0.8278,0.875,HIGH,ALIGNED,0.125,1.955,HIGH_KN,True
2026-07-24,TVSMOTOR.NS,UP,OOS,RANGE,0.8203,0.75,HIGH,ALIGNED,0.25,0.1602,HIGH_KN,True
2026-07-24,ROUTE.NS,UP,OOS,RANGE,0.8196,0.5,MEDIUM,ALIGNED,0.5,-4.916,HIGH_KN,False
2026-07-24,LAURUSLABS.NS,UP,OOS,RANGE,0.807,0.875,HIGH,ALIGNED,0.125,7.0072,HIGH_KN,True
2026-07-24,TORNTPOWER.NS,UP,OOS,RANGE,0.8041,0.875,HIGH,ALIGNED,0.125,0.4114,HIGH_KN,True
2026-07-24,HCLTECH.NS,UP,OOS,RANGE,0.7862,0.875,HIGH,ALIGNED,0.125,1.9591,HIGH_KN,True
2026-07-24,HINDZINC.NS,UP,OOS,RANGE,0.7626,0.75,HIGH,ALIGNED,0.25,-0.4324,HIGH_KN,False
2026-07-24,HAVELLS.NS,UP,OOS,RANGE,0.75,0.875,HIGH,ALIGNED,0.125,0.8558,HIGH_KN,True
2026-07-24,BAJAJ-AUTO.NS,UP,OOS,RANGE,0.7333,0.75,HIGH,ALIGNED,0.25,0.4807,HIGH_KN,True
2026-07-24,SBILIFE.NS,UP,OOS,RANGE,0.7254,0.875,HIGH,ALIGNED,0.125,0.4412,HIGH_KN,True
2026-07-24,PARAS.NS,UP,OOS,RANGE,0.7246,0.375,MEDIUM,CONFLICT,0.625,2.1837,LOW_KN,True
2026-07-24,CANBK.NS,UP,OOS,RANGE,0.721,0.625,HIGH,ALIGNED,0.375,1.2813,HIGH_KN,True
2026-07-24,MAPMYINDIA.NS,DOWN,OOS,RANGE,0.886,0.5,MEDIUM,ALIGNED,0.5,1.3428,HIGH_KN,False
2026-07-24,OFSS.NS,DOWN,OOS,RANGE,0.8518,0.75,HIGH,ALIGNED,0.25,4.1025,HIGH_KN,False
2026-07-24,MRPL.NS,DOWN,OOS,RANGE,0.8336,0.75,HIGH,ALIGNED,0.25,-4.3947,HIGH_KN,True
2026-07-24,MASTEK.NS,DOWN,OOS,RANGE,0.8296,0.5,MEDIUM,ALIGNED,0.5,2.407,HIGH_KN,False
2026-07-24,MPHASIS.NS,DOWN,OOS,RANGE,0.8237,0.625,HIGH,ALIGNED,0.375,1.9492,HIGH_KN,False
2026-07-24,SRF.NS,DOWN,OOS,RANGE,0.822,0.75,HIGH,ALIGNED,0.25,-1.0583,HIGH_KN,True
2026-07-24,ADANIGREEN.NS,DOWN,OOS,RANGE,0.8198,0.75,HIGH,ALIGNED,0.25,0.3297,HIGH_KN,False
2026-07-24,HFCL.NS,DOWN,OOS,RANGE,0.8138,0.75,HIGH,ALIGNED,0.25,-2.1895,HIGH_KN,True
2026-07-24,KALYANKJIL.NS,DOWN,OOS,RANGE,0.8033,0.75,HIGH,ALIGNED,0.25,-1.5605,HIGH_KN,True
2026-07-24,AMBER.NS,DOWN,OOS,RANGE,0.8031,0.75,HIGH,ALIGNED,0.25,0.2617,HIGH_KN,False
2026-07-24,METROBRAND.NS,DOWN,OOS,RANGE,0.7971,0.75,HIGH,ALIGNED,0.25,0.959,HIGH_KN,False
2026-07-24,INFY.NS,DOWN,OOS,RANGE,0.7841,0.875,HIGH,ALIGNED,0.125,3.6795,HIGH_KN,False
2026-07-24,HDFCBANK.NS,DOWN,OOS,RANGE,0.7756,0.625,HIGH,ALIGNED,0.375,-0.4375,HIGH_KN,True
2026-07-24,INDIAMART.NS,DOWN,OOS,RANGE,0.7703,0.75,HIGH,ALIGNED,0.25,-0.0114,HIGH_KN,True
2026-07-24,RATEGAIN.NS,DOWN,OOS,RANGE,0.7486,0.625,HIGH,ALIGNED,0.375,0.5997,HIGH_KN,False
2026-07-24,AXISBANK.NS,DOWN,OOS,RANGE,0.7399,0.625,HIGH,ALIGNED,0.375,0.0163,HIGH_KN,False
2026-07-24,SOBHA.NS,DOWN,OOS,RANGE,0.7367,0.625,HIGH,ALIGNED,0.375,-0.0807,HIGH_KN,True
2026-07-24,CHOLAFIN.NS,DOWN,OOS,RANGE,0.736,0.75,HIGH,ALIGNED,0.25,3.5259,HIGH_KN,False
2026-07-24,GODREJPROP.NS,DOWN,OOS,RANGE,0.7322,0.75,HIGH,ALIGNED,0.25,2.4696,HIGH_KN,False
2026-07-24,GRANULES.NS,DOWN,OOS,RANGE,0.7273,0.625,HIGH,ALIGNED,0.375,1.1097,HIGH_KN,False
2026-07-27,STLTECH.NS,UP,OOS,RANGE,0.9831,0.625,HIGH,ALIGNED,0.375,-4.5643,HIGH_KN,False
2026-07-27,ATUL.NS,UP,OOS,RANGE,0.9387,1.0,HIGH,ALIGNED,0.0,-2.0546,HIGH_KN,False
2026-07-27,SAPPHIRE.NS,UP,OOS,RANGE,0.9297,1.0,HIGH,ALIGNED,0.0,-1.5287,HIGH_KN,False
2026-07-27,DATAPATTNS.NS,UP,OOS,RANGE,0.8848,0.625,HIGH,ALIGNED,0.375,-4.3067,HIGH_KN,False
2026-07-27,LAURUSLABS.NS,UP,OOS,RANGE,0.8775,0.75,HIGH,ALIGNED,0.25,2.6555,HIGH_KN,True
2026-07-27,KPITTECH.NS,UP,OOS,RANGE,0.861,0.5,MEDIUM,ALIGNED,0.5,2.9477,HIGH_KN,True
2026-07-27,MANAPPURAM.NS,UP,OOS,RANGE,0.8353,0.875,HIGH,ALIGNED,0.125,0.3891,HIGH_KN,True
2026-07-27,M&MFIN.NS,UP,OOS,RANGE,0.8277,0.75,HIGH,ALIGNED,0.25,2.8926,HIGH_KN,True
2026-07-27,IDFCFIRSTB.NS,UP,OOS,RANGE,0.8223,1.0,HIGH,ALIGNED,0.0,1.025,HIGH_KN,True
2026-07-27,COFORGE.NS,UP,OOS,RANGE,0.8221,1.0,HIGH,ALIGNED,0.0,10.3114,HIGH_KN,True
2026-07-27,ICICIGI.NS,UP,OOS,RANGE,0.8159,0.625,HIGH,ALIGNED,0.375,0.1666,HIGH_KN,True
2026-07-27,HCLTECH.NS,UP,OOS,RANGE,0.8142,0.875,HIGH,ALIGNED,0.125,1.7517,HIGH_KN,True
2026-07-27,EMAMILTD.NS,UP,OOS,RANGE,0.7931,0.75,HIGH,ALIGNED,0.25,-1.6904,HIGH_KN,False
2026-07-27,WHIRLPOOL.NS,UP,OOS,RANGE,0.7833,0.875,HIGH,ALIGNED,0.125,-1.8118,HIGH_KN,False
2026-07-27,JINDALSTEL.NS,UP,OOS,RANGE,0.7662,1.0,HIGH,ALIGNED,0.0,-1.0603,HIGH_KN,False
2026-07-27,PIDILITIND.NS,UP,OOS,RANGE,0.765,1.0,HIGH,ALIGNED,0.0,0.5151,HIGH_KN,True
2026-07-27,MAPMYINDIA.NS,UP,OOS,RANGE,0.7647,0.875,HIGH,ALIGNED,0.125,0.3577,HIGH_KN,True
2026-07-27,SHRIRAMFIN.NS,UP,OOS,RANGE,0.7551,0.75,HIGH,ALIGNED,0.25,0.2601,HIGH_KN,True
2026-07-27,LTTS.NS,UP,OOS,RANGE,0.7547,0.875,HIGH,ALIGNED,0.125,2.893,HIGH_KN,True
2026-07-27,GRSE.NS,UP,OOS,RANGE,0.7507,0.75,HIGH,ALIGNED,0.25,-1.39,HIGH_KN,False
2026-07-27,MRPL.NS,DOWN,OOS,RANGE,0.8784,0.625,HIGH,ALIGNED,0.375,-1.3926,HIGH_KN,True
2026-07-27,SRF.NS,DOWN,OOS,RANGE,0.8458,0.875,HIGH,ALIGNED,0.125,-0.1176,HIGH_KN,True
2026-07-27,KALYANKJIL.NS,DOWN,OOS,RANGE,0.8422,0.75,HIGH,ALIGNED,0.25,7.7488,HIGH_KN,False
2026-07-27,AMBER.NS,DOWN,OOS,RANGE,0.825,0.75,HIGH,ALIGNED,0.25,-0.9821,HIGH_KN,True
2026-07-27,ADANIGREEN.NS,DOWN,OOS,RANGE,0.8211,0.75,HIGH,ALIGNED,0.25,-1.5646,HIGH_KN,True
2026-07-27,OFSS.NS,DOWN,OOS,RANGE,0.8164,0.5,MEDIUM,ALIGNED,0.5,2.2094,HIGH_KN,False
2026-07-27,UNIONBANK.NS,DOWN,OOS,RANGE,0.8064,0.625,HIGH,ALIGNED,0.375,-1.0993,HIGH_KN,True
2026-07-27,MPHASIS.NS,DOWN,OOS,RANGE,0.7913,0.375,MEDIUM,CONFLICT,0.625,3.4638,LOW_KN,False
2026-07-27,DRREDDY.NS,DOWN,OOS,RANGE,0.7865,0.75,HIGH,ALIGNED,0.25,-1.3208,HIGH_KN,True
2026-07-27,INDIAMART.NS,DOWN,OOS,RANGE,0.7841,0.75,HIGH,ALIGNED,0.25,-0.949,HIGH_KN,True
2026-07-27,HFCL.NS,DOWN,OOS,RANGE,0.7765,0.625,HIGH,ALIGNED,0.375,-2.1554,HIGH_KN,True
2026-07-27,SHYAMMETL.NS,DOWN,OOS,RANGE,0.7718,0.625,HIGH,ALIGNED,0.375,-0.7825,HIGH_KN,True
2026-07-27,OIL.NS,DOWN,OOS,RANGE,0.7528,0.625,HIGH,ALIGNED,0.375,0.5882,HIGH_KN,False
2026-07-27,RATEGAIN.NS,DOWN,OOS,RANGE,0.752,0.5,MEDIUM,ALIGNED,0.5,0.2705,HIGH_KN,False
2026-07-27,BLUESTARCO.NS,DOWN,OOS,RANGE,0.7458,0.75,HIGH,ALIGNED,0.25,0.1217,HIGH_KN,False
2026-07-27,JINDALPOLY.NS,DOWN,OOS,RANGE,0.7336,0.75,HIGH,ALIGNED,0.25,-0.8341,HIGH_KN,True
2026-07-27,SOBHA.NS,DOWN,OOS,RANGE,0.723,0.75,HIGH,ALIGNED,0.25,-1.2342,HIGH_KN,True
2026-07-27,ROUTE.NS,DOWN,OOS,RANGE,0.7223,0.75,HIGH,ALIGNED,0.25,1.9885,HIGH_KN,False
2026-07-27,ERIS.NS,DOWN,OOS,RANGE,0.6958,0.75,HIGH,ALIGNED,0.25,-0.9049,HIGH_KN,True
2026-07-27,VOLTAS.NS,DOWN,OOS,RANGE,0.6951,0.5,MEDIUM,ALIGNED,0.5,-0.6215,HIGH_KN,True
2026-07-28,MASTEK.NS,UP,OOS,RANGE,0.9632,1.0,HIGH,ALIGNED,0.0,1.6227,HIGH_KN,True
2026-07-28,COFORGE.NS,UP,OOS,RANGE,0.9617,0.875,HIGH,ALIGNED,0.125,1.7141,HIGH_KN,True
2026-07-28,ATUL.NS,UP,OOS,RANGE,0.899,0.75,HIGH,ALIGNED,0.25,2.2331,HIGH_KN,True
2026-07-28,KPITTECH.NS,UP,OOS,RANGE,0.8734,0.75,HIGH,ALIGNED,0.25,6.0254,HIGH_KN,True
2026-07-28,LAURUSLABS.NS,UP,OOS,RANGE,0.8654,0.75,HIGH,ALIGNED,0.25,1.2735,HIGH_KN,True
2026-07-28,TCS.NS,UP,OOS,RANGE,0.8602,0.875,HIGH,ALIGNED,0.125,2.0267,HIGH_KN,True
2026-07-28,LTTS.NS,UP,OOS,RANGE,0.8593,0.875,HIGH,ALIGNED,0.125,-0.3973,HIGH_KN,False
2026-07-28,PERSISTENT.NS,UP,OOS,RANGE,0.8585,1.0,HIGH,ALIGNED,0.0,1.0113,HIGH_KN,True
2026-07-28,INFY.NS,UP,OOS,RANGE,0.8524,1.0,HIGH,ALIGNED,0.0,4.513,HIGH_KN,True
2026-07-28,DATAPATTNS.NS,UP,OOS,RANGE,0.8407,0.5,MEDIUM,ALIGNED,0.5,1.2529,HIGH_KN,True
2026-07-28,MPHASIS.NS,UP,OOS,RANGE,0.8302,1.0,HIGH,ALIGNED,0.0,-2.1628,HIGH_KN,False
2026-07-28,GLAXO.NS,UP,OOS,RANGE,0.8139,0.875,HIGH,ALIGNED,0.125,-0.2355,HIGH_KN,False
2026-07-28,RADICO.NS,UP,OOS,RANGE,0.8098,0.75,HIGH,ALIGNED,0.25,1.9605,HIGH_KN,True
2026-07-28,IDFCFIRSTB.NS,UP,OOS,RANGE,0.8068,1.0,HIGH,ALIGNED,0.0,-0.8513,HIGH_KN,False
2026-07-28,HCLTECH.NS,UP,OOS,RANGE,0.8037,0.625,HIGH,ALIGNED,0.375,1.949,HIGH_KN,True
2026-07-28,M&MFIN.NS,UP,OOS,RANGE,0.8034,0.75,HIGH,ALIGNED,0.25,5.4217,HIGH_KN,True
2026-07-28,POLYCAB.NS,UP,OOS,RANGE,0.7959,0.625,HIGH,ALIGNED,0.375,-0.8168,HIGH_KN,False
2026-07-28,TVSMOTOR.NS,UP,OOS,RANGE,0.7924,0.75,HIGH,ALIGNED,0.25,2.0558,HIGH_KN,True
2026-07-28,TECHM.NS,UP,OOS,RANGE,0.7871,0.625,HIGH,ALIGNED,0.375,0.5504,HIGH_KN,True
2026-07-28,PFIZER.NS,UP,OOS,RANGE,0.78,1.0,HIGH,ALIGNED,0.0,0.9425,HIGH_KN,True
2026-07-28,MRPL.NS,DOWN,OOS,RANGE,0.8905,0.75,HIGH,ALIGNED,0.25,2.1121,HIGH_KN,False
2026-07-28,SRF.NS,DOWN,OOS,RANGE,0.8495,0.5,MEDIUM,ALIGNED,0.5,0.3949,HIGH_KN,False
2026-07-28,HFCL.NS,DOWN,OOS,RANGE,0.8444,0.75,HIGH,ALIGNED,0.25,2.7443,HIGH_KN,False
2026-07-28,JPPOWER.NS,DOWN,OOS,RANGE,0.8,0.75,HIGH,ALIGNED,0.25,0.7092,HIGH_KN,False
2026-07-28,METROBRAND.NS,DOWN,OOS,RANGE,0.7966,0.625,HIGH,ALIGNED,0.375,0.6433,HIGH_KN,False
2026-07-28,INDIAMART.NS,DOWN,OOS,RANGE,0.7924,0.625,HIGH,ALIGNED,0.375,0.459,HIGH_KN,False
2026-07-28,JINDALPOLY.NS,DOWN,OOS,RANGE,0.7849,0.75,HIGH,ALIGNED,0.25,1.0871,HIGH_KN,False
2026-07-28,ADANIGREEN.NS,DOWN,OOS,RANGE,0.7837,0.75,HIGH,ALIGNED,0.25,-0.3411,HIGH_KN,True
2026-07-28,UNIONBANK.NS,DOWN,OOS,RANGE,0.7832,0.625,HIGH,ALIGNED,0.375,1.6881,HIGH_KN,False
2026-07-28,ROUTE.NS,DOWN,OOS,RANGE,0.7822,0.625,HIGH,ALIGNED,0.375,-0.5078,HIGH_KN,True
2026-07-28,TORNTPHARM.NS,DOWN,OOS,RANGE,0.7472,0.75,HIGH,ALIGNED,0.25,-0.4042,HIGH_KN,True
2026-07-28,CENTUM.NS,DOWN,OOS,RANGE,0.7356,0.75,HIGH,ALIGNED,0.25,3.5476,HIGH_KN,False
2026-07-28,RATNAMANI.NS,DOWN,OOS,RANGE,0.7288,0.625,HIGH,ALIGNED,0.375,1.3877,HIGH_KN,False
2026-07-28,SOBHA.NS,DOWN,OOS,RANGE,0.7273,0.75,HIGH,ALIGNED,0.25,1.4356,HIGH_KN,False
2026-07-28,OFSS.NS,DOWN,OOS,RANGE,0.7269,0.5,MEDIUM,ALIGNED,0.5,0.8205,HIGH_KN,False
2026-07-28,TEJASNET.NS,DOWN,OOS,RANGE,0.7239,0.75,HIGH,ALIGNED,0.25,5.1993,HIGH_KN,False
2026-07-28,AMBER.NS,DOWN,OOS,RANGE,0.7183,0.625,HIGH,ALIGNED,0.375,2.809,HIGH_KN,False
2026-07-28,ERIS.NS,DOWN,OOS,RANGE,0.7107,0.75,HIGH,ALIGNED,0.25,2.5669,HIGH_KN,False
2026-07-28,EXIDEIND.NS,DOWN,OOS,RANGE,0.7069,0.875,HIGH,ALIGNED,0.125,2.8932,HIGH_KN,False
2026-07-28,SHRIRAMFIN.NS,DOWN,OOS,RANGE,0.6982,0.5,MEDIUM,ALIGNED,0.5,0.3651,HIGH_KN,False
2026-07-29,KPITTECH.NS,UP,OOS,RANGE,0.9527,1.0,HIGH,ALIGNED,0.0,-7.6712,HIGH_KN,False
2026-07-29,COFORGE.NS,UP,OOS,RANGE,0.9456,0.875,HIGH,ALIGNED,0.125,1.866,HIGH_KN,True
2026-07-29,MASTEK.NS,UP,OOS,RANGE,0.9411,0.875,HIGH,ALIGNED,0.125,1.3867,HIGH_KN,True
2026-07-29,SAPPHIRE.NS,UP,OOS,RANGE,0.9288,1.0,HIGH,ALIGNED,0.0,0.8158,HIGH_KN,True
2026-07-29,ATUL.NS,UP,OOS,RANGE,0.9148,1.0,HIGH,ALIGNED,0.0,0.0662,HIGH_KN,True
2026-07-29,INFY.NS,UP,OOS,RANGE,0.8985,1.0,HIGH,ALIGNED,0.0,-0.0433,HIGH_KN,False
2026-07-29,SAIL.NS,UP,OOS,RANGE,0.8719,1.0,HIGH,ALIGNED,0.0,-1.1172,HIGH_KN,False
2026-07-29,CHOLAFIN.NS,UP,OOS,RANGE,0.8584,1.0,HIGH,ALIGNED,0.0,-1.6141,HIGH_KN,False
2026-07-29,MAPMYINDIA.NS,UP,OOS,RANGE,0.8517,0.875,HIGH,ALIGNED,0.125,1.8614,HIGH_KN,True
2026-07-29,TCS.NS,UP,OOS,RANGE,0.8461,0.75,HIGH,ALIGNED,0.25,-0.6049,HIGH_KN,False
2026-07-29,CRAFTSMAN.NS,UP,OOS,RANGE,0.8362,1.0,HIGH,ALIGNED,0.0,1.3518,HIGH_KN,True
2026-07-29,MPHASIS.NS,UP,OOS,RANGE,0.8241,0.75,HIGH,ALIGNED,0.25,-0.6183,HIGH_KN,False
2026-07-29,LAURUSLABS.NS,UP,OOS,RANGE,0.8202,0.75,HIGH,ALIGNED,0.25,0.0,HIGH_KN,False
2026-07-29,OFSS.NS,UP,OOS,RANGE,0.8123,0.75,HIGH,ALIGNED,0.25,-2.5466,HIGH_KN,False
2026-07-29,WELCORP.NS,UP,OOS,RANGE,0.8039,0.875,HIGH,ALIGNED,0.125,-2.475,HIGH_KN,False
2026-07-29,RADICO.NS,UP,OOS,RANGE,0.7998,0.75,HIGH,ALIGNED,0.25,-0.1646,HIGH_KN,False
2026-07-29,PERSISTENT.NS,UP,OOS,RANGE,0.7852,0.75,HIGH,ALIGNED,0.25,0.5727,HIGH_KN,True
2026-07-29,CROMPTON.NS,UP,OOS,RANGE,0.7808,1.0,HIGH,ALIGNED,0.0,-1.4948,HIGH_KN,False
2026-07-29,ZENSARTECH.NS,UP,OOS,RANGE,0.7796,0.875,HIGH,ALIGNED,0.125,-2.6264,HIGH_KN,False
2026-07-29,RATEGAIN.NS,UP,OOS,RANGE,0.7791,0.75,HIGH,ALIGNED,0.25,-2.8923,HIGH_KN,False
2026-07-29,MRPL.NS,DOWN,OOS,RANGE,0.8898,0.5,MEDIUM,ALIGNED,0.5,2.099,HIGH_KN,False
2026-07-29,HFCL.NS,DOWN,OOS,RANGE,0.833,0.75,HIGH,ALIGNED,0.25,-4.5826,HIGH_KN,True
2026-07-29,STLTECH.NS,DOWN,OOS,RANGE,0.8209,0.875,HIGH,ALIGNED,0.125,2.0387,HIGH_KN,False
2026-07-29,TORNTPHARM.NS,DOWN,OOS,RANGE,0.8133,0.75,HIGH,ALIGNED,0.25,-0.1312,HIGH_KN,True
2026-07-29,SRF.NS,DOWN,OOS,RANGE,0.8079,0.75,HIGH,ALIGNED,0.25,-1.4751,HIGH_KN,True
2026-07-29,DATAPATTNS.NS,DOWN,OOS,RANGE,0.7857,0.5,MEDIUM,ALIGNED,0.5,0.5725,HIGH_KN,False
2026-07-29,METROBRAND.NS,DOWN,OOS,RANGE,0.7855,0.625,HIGH,ALIGNED,0.375,-0.2808,HIGH_KN,True
2026-07-29,JPPOWER.NS,DOWN,OOS,RANGE,0.7576,0.625,HIGH,ALIGNED,0.375,1.6432,HIGH_KN,False
2026-07-29,ADANIGREEN.NS,DOWN,OOS,RANGE,0.7293,0.75,HIGH,ALIGNED,0.25,-1.0487,HIGH_KN,True
2026-07-29,SHRIRAMFIN.NS,DOWN,OOS,RANGE,0.726,0.625,HIGH,ALIGNED,0.375,-1.6751,HIGH_KN,True
2026-07-29,M&MFIN.NS,DOWN,OOS,RANGE,0.72,0.25,LOW,CONFLICT,0.75,-0.3048,LOW_KN,True
2026-07-29,OIL.NS,DOWN,OOS,RANGE,0.7171,0.75,HIGH,ALIGNED,0.25,2.0094,HIGH_KN,False
2026-07-29,SUZLON.NS,DOWN,OOS,RANGE,0.7094,0.75,HIGH,ALIGNED,0.25,-0.1054,HIGH_KN,True
2026-07-29,EXIDEIND.NS,DOWN,OOS,RANGE,0.7043,0.625,HIGH,ALIGNED,0.375,3.9137,HIGH_KN,False
2026-07-29,HINDUNILVR.NS,DOWN,OOS,RANGE,0.6931,0.625,HIGH,ALIGNED,0.375,-0.4675,HIGH_KN,True
2026-07-29,INDUSINDBK.NS,DOWN,OOS,RANGE,0.6792,0.5,MEDIUM,ALIGNED,0.5,-0.084,HIGH_KN,True
2026-07-29,SOBHA.NS,DOWN,OOS,RANGE,0.6759,0.5,MEDIUM,ALIGNED,0.5,-1.4153,HIGH_KN,True
2026-07-29,ADANIENSOL.NS,DOWN,OOS,RANGE,0.6685,0.625,HIGH,ALIGNED,0.375,-0.5276,HIGH_KN,True
2026-07-29,PGHH.NS,DOWN,OOS,RANGE,0.6601,0.75,HIGH,ALIGNED,0.25,-1.413,HIGH_KN,True
2026-07-29,BIOCON.NS,DOWN,OOS,RANGE,0.6551,0.625,HIGH,ALIGNED,0.375,-1.3338,HIGH_KN,True
2026-07-30,SAPPHIRE.NS,UP,OOS,RANGE,0.95,,,,0.5,,LOW_KN,False
2026-07-30,COFORGE.NS,UP,OOS,RANGE,0.9338,,,,0.5,,LOW_KN,False
2026-07-30,MASTEK.NS,UP,OOS,RANGE,0.9203,,,,0.5,,LOW_KN,False
2026-07-30,KPITTECH.NS,UP,OOS,RANGE,0.9157,,,,0.5,,LOW_KN,False
2026-07-30,VGUARD.NS,UP,OOS,RANGE,0.9066,,,,0.5,,LOW_KN,False
2026-07-30,PERSISTENT.NS,UP,OOS,RANGE,0.8966,,,,0.5,,LOW_KN,False
2026-07-30,MOIL.NS,UP,OOS,RANGE,0.8934,,,,0.5,,LOW_KN,False
2026-07-30,INFY.NS,UP,OOS,RANGE,0.887,,,,0.5,,LOW_KN,False
2026-07-30,MPHASIS.NS,UP,OOS,RANGE,0.8645,,,,0.5,,LOW_KN,False
2026-07-30,CRAFTSMAN.NS,UP,OOS,RANGE,0.863,,,,0.5,,LOW_KN,False
2026-07-30,MGL.NS,UP,OOS,RANGE,0.8373,,,,0.5,,LOW_KN,False
2026-07-30,RBLBANK.NS,UP,OOS,RANGE,0.8257,,,,0.5,,LOW_KN,False
2026-07-30,TECHM.NS,UP,OOS,RANGE,0.814,,,,0.5,,LOW_KN,False
2026-07-30,RADICO.NS,UP,OOS,RANGE,0.8078,,,,0.5,,LOW_KN,False
2026-07-30,ATUL.NS,UP,OOS,RANGE,0.8056,,,,0.5,,LOW_KN,False
2026-07-30,LAURUSLABS.NS,UP,OOS,RANGE,0.8005,,,,0.5,,LOW_KN,False
2026-07-30,WHIRLPOOL.NS,UP,OOS,RANGE,0.7811,,,,0.5,,LOW_KN,False
2026-07-30,TCS.NS,UP,OOS,RANGE,0.777,,,,0.5,,LOW_KN,False
2026-07-30,KALYANKJIL.NS,UP,OOS,RANGE,0.7554,,,,0.5,,LOW_KN,False
2026-07-30,DIVISLAB.NS,UP,OOS,RANGE,0.751,,,,0.5,,LOW_KN,False
2026-07-30,ROUTE.NS,DOWN,OOS,RANGE,0.8904,,,,0.5,,LOW_KN,False
2026-07-30,MRPL.NS,DOWN,OOS,RANGE,0.8692,,,,0.5,,LOW_KN,False
2026-07-30,TORNTPHARM.NS,DOWN,OOS,RANGE,0.8397,,,,0.5,,LOW_KN,False
2026-07-30,STLTECH.NS,DOWN,OOS,RANGE,0.8123,,,,0.5,,LOW_KN,False
2026-07-30,HFCL.NS,DOWN,OOS,RANGE,0.8118,,,,0.5,,LOW_KN,False
2026-07-30,DATAPATTNS.NS,DOWN,OOS,RANGE,0.7907,,,,0.5,,LOW_KN,False
2026-07-30,OIL.NS,DOWN,OOS,RANGE,0.7821,,,,0.5,,LOW_KN,False
2026-07-30,SUZLON.NS,DOWN,OOS,RANGE,0.7529,,,,0.5,,LOW_KN,False
2026-07-30,SHYAMMETL.NS,DOWN,OOS,RANGE,0.7458,,,,0.5,,LOW_KN,False
2026-07-30,HINDUNILVR.NS,DOWN,OOS,RANGE,0.74,,,,0.5,,LOW_KN,False
2026-07-30,DEEPAKFERT.NS,DOWN,OOS,RANGE,0.7184,,,,0.5,,LOW_KN,False
2026-07-30,PGHH.NS,DOWN,OOS,RANGE,0.7135,,,,0.5,,LOW_KN,False
2026-07-30,M&MFIN.NS,DOWN,OOS,RANGE,0.7015,,,,0.5,,LOW_KN,False
2026-07-30,EMAMILTD.NS,DOWN,OOS,RANGE,0.6958,,,,0.5,,LOW_KN,False
2026-07-30,BAJAJ-AUTO.NS,DOWN,OOS,RANGE,0.6949,,,,0.5,,LOW_KN,False
2026-07-30,RAJESHEXPO.NS,DOWN,OOS,RANGE,0.6941,,,,0.5,,LOW_KN,False
2026-07-30,TIINDIA.NS,DOWN,OOS,RANGE,0.6914,,,,0.5,,LOW_KN,False
2026-07-30,COLPAL.NS,DOWN,OOS,RANGE,0.6727,,,,0.5,,LOW_KN,False
2026-07-30,CENTUM.NS,DOWN,OOS,RANGE,0.6647,,,,0.5,,LOW_KN,False
2026-07-30,FEDERALBNK.NS,DOWN,OOS,RANGE,0.6631,,,,0.5,,LOW_KN,False
