trading_date,symbol,direction,v3_score,knowledge_score,knowledge_confidence,conflict_type,t1_ret_pct,v3_favorable,knowledge_favorable,split
2025-09-16,COCHINSHIP.NS,UP,0.9621,1.0,HIGH,ALIGNED,3.7824,True,True,TRAIN
2025-09-16,PARAS.NS,UP,0.9621,0.875,HIGH,ALIGNED,1.2387,True,True,TRAIN
2025-09-16,MIDHANI.NS,UP,0.9434,1.0,HIGH,ALIGNED,0.3893,True,True,TRAIN
2025-09-16,HFCL.NS,UP,0.9141,1.0,HIGH,ALIGNED,-1.7526,False,False,TRAIN
2025-09-16,MOTHERSON.NS,UP,0.9085,0.75,HIGH,ALIGNED,-0.5005,False,False,TRAIN
2025-09-16,BDL.NS,UP,0.8932,0.75,HIGH,ALIGNED,1.2212,True,True,TRAIN
2025-09-16,RADICO.NS,UP,0.8917,0.875,HIGH,ALIGNED,0.551,True,True,TRAIN
2025-09-16,IRCON.NS,UP,0.8862,1.0,HIGH,ALIGNED,0.9773,True,True,TRAIN
2025-09-16,DATAPATTNS.NS,UP,0.8735,0.875,HIGH,ALIGNED,3.9137,True,True,TRAIN
2025-09-16,PERSISTENT.NS,UP,0.859,1.0,HIGH,ALIGNED,0.8196,True,True,TRAIN
2025-09-16,RVNL.NS,UP,0.858,1.0,HIGH,ALIGNED,1.6624,True,True,TRAIN
2025-09-16,RAILTEL.NS,UP,0.8529,0.75,HIGH,ALIGNED,0.9951,True,True,TRAIN
2025-09-16,SOBHA.NS,UP,0.85,0.75,HIGH,ALIGNED,1.1451,True,True,TRAIN
2025-09-16,TIINDIA.NS,UP,0.8444,0.75,HIGH,ALIGNED,-0.5111,False,False,TRAIN
2025-09-16,MGL.NS,UP,0.8434,1.0,HIGH,ALIGNED,-0.1174,False,False,TRAIN
2025-09-16,GRSE.NS,UP,0.8342,0.75,HIGH,ALIGNED,6.6918,True,True,TRAIN
2025-09-16,JSWENERGY.NS,UP,0.8248,1.0,HIGH,ALIGNED,-0.9351,False,False,TRAIN
2025-09-16,NHPC.NS,UP,0.8248,1.0,HIGH,ALIGNED,-1.58,False,False,TRAIN
2025-09-16,IDEA.NS,UP,0.8233,0.75,HIGH,ALIGNED,-2.1411,False,False,TRAIN
2025-09-16,NCC.NS,UP,0.8192,1.0,HIGH,ALIGNED,-0.1758,False,False,TRAIN
2025-09-17,ONMOBILE.NS,UP,0.992,0.75,HIGH,ALIGNED,0.6871,True,True,TRAIN
2025-09-17,COCHINSHIP.NS,UP,0.9833,0.875,HIGH,ALIGNED,0.8939,True,True,TRAIN
2025-09-17,DATAPATTNS.NS,UP,0.9773,0.875,HIGH,ALIGNED,-1.2682,False,False,TRAIN
2025-09-17,GRSE.NS,UP,0.9655,1.0,HIGH,ALIGNED,0.8757,True,True,TRAIN
2025-09-17,PARAS.NS,UP,0.9543,0.75,HIGH,ALIGNED,-1.0162,False,False,TRAIN
2025-09-17,IDEAFORGE.NS,UP,0.9452,1.0,HIGH,ALIGNED,-0.2055,False,False,TRAIN
2025-09-17,IRCON.NS,UP,0.9292,1.0,HIGH,ALIGNED,-0.5989,False,False,TRAIN
2025-09-17,RVNL.NS,UP,0.9116,1.0,HIGH,ALIGNED,0.4712,True,True,TRAIN
2025-09-17,RAILTEL.NS,UP,0.9092,0.875,HIGH,ALIGNED,-0.8231,False,False,TRAIN
2025-09-17,BEML.NS,UP,0.9063,0.875,HIGH,ALIGNED,-1.1014,False,False,TRAIN
2025-09-17,MIDHANI.NS,UP,0.8932,1.0,HIGH,ALIGNED,-1.6362,False,False,TRAIN
2025-09-17,BDL.NS,UP,0.8659,1.0,HIGH,ALIGNED,-0.8864,False,False,TRAIN
2025-09-17,HFCL.NS,UP,0.8638,0.875,HIGH,ALIGNED,3.3546,True,True,TRAIN
2025-09-17,MAZDOCK.NS,UP,0.8384,1.0,HIGH,ALIGNED,-0.4137,False,False,TRAIN
2025-09-17,VEDL.NS,UP,0.8343,0.875,HIGH,ALIGNED,-0.1096,False,False,TRAIN
2025-09-17,PRESTIGE.NS,UP,0.8292,1.0,HIGH,ALIGNED,-1.5293,False,False,TRAIN
2025-09-17,MOTHERSON.NS,UP,0.8208,0.5,MEDIUM,ALIGNED,-0.3292,False,False,TRAIN
2025-09-17,COROMANDEL.NS,UP,0.807,0.75,HIGH,ALIGNED,-0.9753,False,False,TRAIN
2025-09-17,TATACHEM.NS,UP,0.7993,1.0,HIGH,ALIGNED,-1.5819,False,False,TRAIN
2025-09-17,AMBER.NS,UP,0.7971,0.875,HIGH,ALIGNED,-0.3198,False,False,TRAIN
2025-09-18,GRSE.NS,UP,0.9846,1.0,HIGH,ALIGNED,-0.8034,False,False,TRAIN
2025-09-18,COCHINSHIP.NS,UP,0.9802,0.75,HIGH,ALIGNED,-0.346,False,False,TRAIN
2025-09-18,ONMOBILE.NS,UP,0.978,0.75,HIGH,ALIGNED,-1.3966,False,False,TRAIN
2025-09-18,HFCL.NS,UP,0.9473,1.0,HIGH,ALIGNED,-1.5714,False,False,TRAIN
2025-09-18,DATAPATTNS.NS,UP,0.9234,0.75,HIGH,ALIGNED,0.9316,True,True,TRAIN
2025-09-18,PARAS.NS,UP,0.9,0.5,MEDIUM,ALIGNED,1.0537,True,True,TRAIN
2025-09-18,IRCON.NS,UP,0.8517,0.75,HIGH,ALIGNED,-0.3819,False,False,TRAIN
2025-09-18,RVNL.NS,UP,0.8473,0.875,HIGH,ALIGNED,0.2621,True,True,TRAIN
2025-09-18,RADICO.NS,UP,0.8212,0.875,HIGH,ALIGNED,1.3951,True,True,TRAIN
2025-09-18,PRESTIGE.NS,UP,0.8168,0.875,HIGH,ALIGNED,-0.6323,False,False,TRAIN
2025-09-18,NATCOPHARM.NS,UP,0.8051,1.0,HIGH,ALIGNED,-0.0057,False,False,TRAIN
2025-09-18,IDEAFORGE.NS,UP,0.7993,0.75,HIGH,ALIGNED,0.1965,True,True,TRAIN
2025-09-18,BDL.NS,UP,0.7934,0.75,HIGH,ALIGNED,1.329,True,True,TRAIN
2025-09-18,AMBER.NS,UP,0.7834,0.75,HIGH,ALIGNED,0.3087,True,True,TRAIN
2025-09-18,M&MFIN.NS,UP,0.7817,0.75,HIGH,ALIGNED,1.259,True,True,TRAIN
2025-09-18,BEML.NS,UP,0.781,0.625,HIGH,ALIGNED,0.0299,True,True,TRAIN
2025-09-18,RAILTEL.NS,UP,0.7715,0.5,MEDIUM,ALIGNED,-0.9557,False,False,TRAIN
2025-09-18,MAZDOCK.NS,UP,0.7522,0.5,MEDIUM,ALIGNED,0.0134,True,True,TRAIN
2025-09-18,RATNAMANI.NS,UP,0.75,1.0,HIGH,ALIGNED,-2.6973,False,False,TRAIN
2025-09-18,SOBHA.NS,UP,0.7483,0.875,HIGH,ALIGNED,-2.0929,False,False,TRAIN
2025-09-19,SUDARSCHEM.NS,UP,0.9265,1.0,HIGH,ALIGNED,2.6587,True,True,TRAIN
2025-09-19,CENTUM.NS,UP,0.9226,0.875,HIGH,ALIGNED,-0.7698,False,False,TRAIN
2025-09-19,RADICO.NS,UP,0.8823,1.0,HIGH,ALIGNED,-0.8157,False,False,TRAIN
2025-09-19,ONMOBILE.NS,UP,0.86,0.5,MEDIUM,ALIGNED,4.8286,True,True,TRAIN
2025-09-19,ASHOKLEY.NS,UP,0.858,0.75,HIGH,ALIGNED,-1.0434,False,False,TRAIN
2025-09-19,COCHINSHIP.NS,UP,0.8556,0.5,MEDIUM,ALIGNED,1.1627,True,True,TRAIN
2025-09-19,GODREJPROP.NS,UP,0.8148,1.0,HIGH,ALIGNED,-1.9346,False,False,TRAIN
2025-09-19,CANBK.NS,UP,0.8041,1.0,HIGH,ALIGNED,0.9426,True,True,TRAIN
2025-09-19,M&MFIN.NS,UP,0.8017,0.75,HIGH,ALIGNED,0.2418,True,True,TRAIN
2025-09-19,CHOLAFIN.NS,UP,0.7983,1.0,HIGH,ALIGNED,2.4577,True,True,TRAIN
2025-09-19,RVNL.NS,UP,0.7971,0.875,HIGH,ALIGNED,-1.2519,False,False,TRAIN
2025-09-19,PARAS.NS,UP,0.7964,0.75,HIGH,ALIGNED,-1.8448,False,False,TRAIN
2025-09-19,ADANIGREEN.NS,UP,0.7874,0.625,HIGH,ALIGNED,11.7833,True,True,TRAIN
2025-09-19,PRESTIGE.NS,UP,0.7801,0.75,HIGH,ALIGNED,-0.0803,False,False,TRAIN
2025-09-19,IRCON.NS,UP,0.7782,0.625,HIGH,ALIGNED,-1.6956,False,False,TRAIN
2025-09-19,LAURUSLABS.NS,UP,0.7689,0.75,HIGH,ALIGNED,-3.0362,False,False,TRAIN
2025-09-19,PGHH.NS,UP,0.7684,1.0,HIGH,ALIGNED,-1.7709,False,False,TRAIN
2025-09-19,ADANIENSOL.NS,UP,0.7672,0.625,HIGH,ALIGNED,6.8688,True,True,TRAIN
2025-09-19,BANKBARODA.NS,UP,0.766,1.0,HIGH,ALIGNED,-0.3729,False,False,TRAIN
2025-09-19,CESC.NS,UP,0.7604,1.0,HIGH,ALIGNED,-0.7494,False,False,TRAIN
2025-09-22,ONMOBILE.NS,UP,0.9668,0.75,HIGH,ALIGNED,3.5928,True,True,TRAIN
2025-09-22,ADANIGREEN.NS,UP,0.9582,0.75,HIGH,ALIGNED,-1.7966,False,False,TRAIN
2025-09-22,GRSE.NS,UP,0.9452,1.0,HIGH,ALIGNED,0.4647,True,True,TRAIN
2025-09-22,ADANIENSOL.NS,UP,0.9404,0.75,HIGH,ALIGNED,-1.3121,False,False,TRAIN
2025-09-22,SUDARSCHEM.NS,UP,0.8921,0.875,HIGH,ALIGNED,0.6739,True,True,TRAIN
2025-09-22,RATEGAIN.NS,UP,0.8892,0.75,HIGH,ALIGNED,1.1476,True,True,TRAIN
2025-09-22,NAUKRI.NS,UP,0.851,1.0,HIGH,ALIGNED,-1.6788,False,False,TRAIN
2025-09-22,CHOLAFIN.NS,UP,0.8471,0.75,HIGH,ALIGNED,-0.3804,False,False,TRAIN
2025-09-22,COCHINSHIP.NS,UP,0.8442,0.625,HIGH,ALIGNED,-1.9502,False,False,TRAIN
2025-09-22,CENTUM.NS,UP,0.8416,0.625,HIGH,ALIGNED,-0.5516,False,False,TRAIN
2025-09-22,BLUESTARCO.NS,UP,0.8385,0.75,HIGH,ALIGNED,-1.6426,False,False,TRAIN
2025-09-22,MUTHOOTFIN.NS,UP,0.8075,0.75,HIGH,ALIGNED,0.4331,True,True,TRAIN
2025-09-22,M&MFIN.NS,UP,0.8038,0.625,HIGH,ALIGNED,-2.5668,False,False,TRAIN
2025-09-22,ASHOKLEY.NS,UP,0.8017,0.625,HIGH,ALIGNED,3.3137,True,True,TRAIN
2025-09-22,CANBK.NS,UP,0.7959,1.0,HIGH,ALIGNED,2.549,True,True,TRAIN
2025-09-22,INTELLECT.NS,UP,0.7952,0.875,HIGH,ALIGNED,-0.8907,False,False,TRAIN
2025-09-22,IDEA.NS,UP,0.7692,0.75,HIGH,ALIGNED,3.9333,True,True,TRAIN
2025-09-22,POLYCAB.NS,UP,0.7687,0.75,HIGH,ALIGNED,-0.4832,False,False,TRAIN
2025-09-22,MRPL.NS,UP,0.7389,0.75,HIGH,ALIGNED,-0.5929,False,False,TRAIN
2025-09-22,TORNTPHARM.NS,UP,0.7385,1.0,HIGH,ALIGNED,-0.1204,False,False,TRAIN
2025-09-23,ONMOBILE.NS,UP,0.9966,0.75,HIGH,ALIGNED,-1.7489,False,False,TRAIN
2025-09-23,ADANIGREEN.NS,UP,0.9743,0.625,HIGH,ALIGNED,-3.1994,False,False,TRAIN
2025-09-23,ADANIENSOL.NS,UP,0.9466,0.625,HIGH,ALIGNED,-3.9023,False,False,TRAIN
2025-09-23,ASHOKLEY.NS,UP,0.9182,0.75,HIGH,ALIGNED,-1.2358,False,False,TRAIN
2025-09-23,DEEPAKFERT.NS,UP,0.91,1.0,HIGH,ALIGNED,4.063,True,True,TRAIN
2025-09-23,GRSE.NS,UP,0.8857,0.875,HIGH,ALIGNED,1.2683,True,True,TRAIN
2025-09-23,MOIL.NS,UP,0.8425,1.0,HIGH,ALIGNED,0.0276,True,True,TRAIN
2025-09-23,NAUKRI.NS,UP,0.8393,0.875,HIGH,ALIGNED,-0.617,False,False,TRAIN
2025-09-23,CANBK.NS,UP,0.8391,0.75,HIGH,ALIGNED,0.8285,True,True,TRAIN
2025-09-23,PNBHOUSING.NS,UP,0.8364,0.75,HIGH,ALIGNED,-0.2075,False,False,TRAIN
2025-09-23,SUDARSCHEM.NS,UP,0.832,0.875,HIGH,ALIGNED,-0.2166,False,False,TRAIN
2025-09-23,IDEAFORGE.NS,UP,0.8083,0.75,HIGH,ALIGNED,0.0657,True,True,TRAIN
2025-09-23,OLECTRA.NS,UP,0.7932,0.75,HIGH,ALIGNED,-1.5619,False,False,TRAIN
2025-09-23,CENTUM.NS,UP,0.7745,0.625,HIGH,ALIGNED,3.0021,True,True,TRAIN
2025-09-23,BPCL.NS,UP,0.7689,1.0,HIGH,ALIGNED,-0.0151,False,False,TRAIN
2025-09-23,IDEA.NS,UP,0.7684,0.625,HIGH,ALIGNED,-1.4908,False,False,TRAIN
2025-09-23,LAURUSLABS.NS,UP,0.7602,0.75,HIGH,ALIGNED,-0.033,False,False,TRAIN
2025-09-23,MARUTI.NS,UP,0.7473,0.75,HIGH,ALIGNED,0.9443,True,True,TRAIN
2025-09-23,NMDC.NS,UP,0.7456,1.0,HIGH,ALIGNED,-1.1524,False,False,TRAIN
2025-09-23,TORNTPHARM.NS,UP,0.7437,1.0,HIGH,ALIGNED,-1.0105,False,False,TRAIN
2025-09-24,ADANIGREEN.NS,UP,0.9718,0.875,HIGH,ALIGNED,-1.4335,False,False,TRAIN
2025-09-24,IDEA.NS,UP,0.9556,0.5,MEDIUM,ALIGNED,1.0477,True,True,TRAIN
2025-09-24,CENTUM.NS,UP,0.9502,0.875,HIGH,ALIGNED,-4.5647,False,False,TRAIN
2025-09-24,ADANIENSOL.NS,UP,0.949,0.875,HIGH,ALIGNED,0.5849,True,True,TRAIN
2025-09-24,SUDARSCHEM.NS,UP,0.9466,1.0,HIGH,ALIGNED,-5.2483,False,False,TRAIN
2025-09-24,DEEPAKFERT.NS,UP,0.94,0.875,HIGH,ALIGNED,-2.1262,False,False,TRAIN
2025-09-24,ASHOKLEY.NS,UP,0.8937,0.875,HIGH,ALIGNED,-1.2723,False,False,TRAIN
2025-09-24,GRSE.NS,UP,0.8726,0.875,HIGH,ALIGNED,0.0774,True,True,TRAIN
2025-09-24,RATEGAIN.NS,UP,0.8527,0.5,MEDIUM,ALIGNED,0.5539,True,True,TRAIN
2025-09-24,CANBK.NS,UP,0.8257,0.75,HIGH,ALIGNED,-1.196,False,False,TRAIN
2025-09-24,MOIL.NS,UP,0.816,0.75,HIGH,ALIGNED,-0.6069,False,False,TRAIN
2025-09-24,SHYAMMETL.NS,UP,0.8114,0.75,HIGH,ALIGNED,0.1687,True,True,TRAIN
2025-09-24,PNBHOUSING.NS,UP,0.808,0.625,HIGH,ALIGNED,2.0058,True,True,TRAIN
2025-09-24,LAURUSLABS.NS,UP,0.8012,0.875,HIGH,ALIGNED,-1.4729,False,False,TRAIN
2025-09-24,CHOLAFIN.NS,UP,0.7845,0.75,HIGH,ALIGNED,-2.2942,False,False,TRAIN
2025-09-24,APOLLOTYRE.NS,UP,0.7801,0.625,HIGH,ALIGNED,-0.2931,False,False,TRAIN
2025-09-24,SAIL.NS,UP,0.7796,0.75,HIGH,ALIGNED,0.132,True,True,TRAIN
2025-09-24,MUTHOOTFIN.NS,UP,0.7782,0.75,HIGH,ALIGNED,-1.1884,False,False,TRAIN
2025-09-24,BANKBARODA.NS,UP,0.7532,1.0,HIGH,ALIGNED,-0.6093,False,False,TRAIN
2025-09-24,JSWSTEEL.NS,UP,0.751,0.75,HIGH,ALIGNED,-0.0522,False,False,TRAIN
2025-09-25,IDEA.NS,UP,0.9476,0.875,HIGH,ALIGNED,-7.6037,False,False,TRAIN
2025-09-25,ADANIGREEN.NS,UP,0.9184,0.625,HIGH,ALIGNED,-2.9781,False,False,TRAIN
2025-09-25,INTELLECT.NS,UP,0.9109,0.75,HIGH,ALIGNED,-6.9099,False,False,TRAIN
2025-09-25,ADANIENSOL.NS,UP,0.8857,0.75,HIGH,ALIGNED,-1.6775,False,False,TRAIN
2025-09-25,PNBHOUSING.NS,UP,0.8633,0.625,HIGH,ALIGNED,-4.8086,False,False,TRAIN
2025-09-25,HINDZINC.NS,UP,0.8396,1.0,HIGH,ALIGNED,-3.7815,False,False,TRAIN
2025-09-25,GRSE.NS,UP,0.8367,0.875,HIGH,ALIGNED,-3.8794,False,False,TRAIN
2025-09-25,OIL.NS,UP,0.8284,1.0,HIGH,ALIGNED,-1.0969,False,False,TRAIN
2025-09-25,DEEPAKFERT.NS,UP,0.8279,0.75,HIGH,ALIGNED,-0.9763,False,False,TRAIN
2025-09-25,CANBK.NS,UP,0.8226,0.875,HIGH,ALIGNED,-2.7668,False,False,TRAIN
2025-09-25,RATEGAIN.NS,UP,0.8163,0.625,HIGH,ALIGNED,-1.9543,False,False,TRAIN
2025-09-25,CENTUM.NS,UP,0.8104,0.5,MEDIUM,ALIGNED,-4.7066,False,False,TRAIN
2025-09-25,VGUARD.NS,UP,0.8027,0.625,HIGH,ALIGNED,0.2163,True,True,TRAIN
2025-09-25,AMBER.NS,UP,0.801,0.625,HIGH,ALIGNED,-3.2707,False,False,TRAIN
2025-09-25,SUDARSCHEM.NS,UP,0.7961,0.5,MEDIUM,ALIGNED,-2.8528,False,False,TRAIN
2025-09-25,COCHINSHIP.NS,UP,0.767,0.875,HIGH,ALIGNED,-2.735,False,False,TRAIN
2025-09-25,RBLBANK.NS,UP,0.7585,0.875,HIGH,ALIGNED,-1.1254,False,False,TRAIN
2025-09-25,KEI.NS,UP,0.7532,0.875,HIGH,ALIGNED,-2.6119,False,False,TRAIN
2025-09-25,VEDL.NS,UP,0.7524,0.875,HIGH,ALIGNED,-2.9676,False,False,TRAIN
2025-09-25,VINATIORGA.NS,UP,0.7498,0.875,HIGH,ALIGNED,-0.3476,False,False,TRAIN
2025-09-26,ONMOBILE.NS,UP,0.9097,0.625,HIGH,ALIGNED,-2.2206,False,False,TRAIN
2025-09-26,DEEPAKFERT.NS,UP,0.8486,0.875,HIGH,ALIGNED,-2.011,False,False,TRAIN
2025-09-26,HINDZINC.NS,UP,0.8457,0.625,HIGH,ALIGNED,3.7965,True,True,TRAIN
2025-09-26,RATNAMANI.NS,UP,0.8019,0.375,MEDIUM,CONFLICT,-0.1077,False,False,TRAIN
2025-09-26,GRSE.NS,UP,0.794,0.5,MEDIUM,ALIGNED,-4.5146,False,False,TRAIN
2025-09-26,ADANIGREEN.NS,UP,0.792,0.375,MEDIUM,CONFLICT,-1.1505,False,False,TRAIN
2025-09-26,RATEGAIN.NS,UP,0.7862,0.25,LOW,CONFLICT,-3.4324,False,False,TRAIN
2025-09-26,ICICIGI.NS,UP,0.7831,0.875,HIGH,ALIGNED,0.5016,True,True,TRAIN
2025-09-26,MOIL.NS,UP,0.7732,0.5,MEDIUM,ALIGNED,1.6225,True,True,TRAIN
2025-09-26,DEEPAKNTR.NS,UP,0.7684,0.75,HIGH,ALIGNED,-0.8007,False,False,TRAIN
2025-09-26,SHYAMMETL.NS,UP,0.7529,0.5,MEDIUM,ALIGNED,0.1819,True,True,TRAIN
2025-09-26,JSWSTEEL.NS,UP,0.7382,0.75,HIGH,ALIGNED,-0.7605,False,False,TRAIN
2025-09-26,ASHOKLEY.NS,UP,0.7357,0.625,HIGH,ALIGNED,0.3452,True,True,TRAIN
2025-09-26,GODREJAGRO.NS,UP,0.7333,0.375,MEDIUM,CONFLICT,-0.3912,False,False,TRAIN
2025-09-26,BAJFINANCE.NS,UP,0.7331,0.5,MEDIUM,ALIGNED,0.5938,True,True,TRAIN
2025-09-26,LT.NS,UP,0.7329,0.875,HIGH,ALIGNED,-1.102,False,False,TRAIN
2025-09-26,CERA.NS,UP,0.7314,0.375,MEDIUM,CONFLICT,-0.3398,False,False,TRAIN
2025-09-26,CRAFTSMAN.NS,UP,0.728,0.5,MEDIUM,ALIGNED,-0.8924,False,False,TRAIN
2025-09-26,MUTHOOTFIN.NS,UP,0.7217,0.75,HIGH,ALIGNED,1.4701,True,True,TRAIN
2025-09-26,CANBK.NS,UP,0.721,0.625,HIGH,ALIGNED,2.0325,True,True,TRAIN
2025-09-29,MRPL.NS,UP,0.9087,1.0,HIGH,ALIGNED,-0.9843,False,False,TRAIN
2025-09-29,HINDZINC.NS,UP,0.8937,1.0,HIGH,ALIGNED,3.4967,True,True,TRAIN
2025-09-29,VINATIORGA.NS,UP,0.8738,1.0,HIGH,ALIGNED,-2.8594,False,False,TRAIN
2025-09-29,PGHH.NS,UP,0.8548,1.0,HIGH,ALIGNED,-0.4854,False,False,TRAIN
2025-09-29,BPCL.NS,UP,0.8284,1.0,HIGH,ALIGNED,0.4584,True,True,TRAIN
2025-09-29,HFCL.NS,UP,0.813,0.5,MEDIUM,ALIGNED,-1.6066,False,False,TRAIN
2025-09-29,TEJASNET.NS,UP,0.8125,0.625,HIGH,ALIGNED,-1.4229,False,False,TRAIN
2025-09-29,DEEPAKFERT.NS,UP,0.788,0.625,HIGH,ALIGNED,0.0733,True,True,TRAIN
2025-09-29,OIL.NS,UP,0.7774,0.875,HIGH,ALIGNED,-0.8268,False,False,TRAIN
2025-09-29,COROMANDEL.NS,UP,0.7589,0.5,MEDIUM,ALIGNED,0.4423,True,True,TRAIN
2025-09-29,RBLBANK.NS,UP,0.7548,0.875,HIGH,ALIGNED,-0.198,False,False,TRAIN
2025-09-29,MOIL.NS,UP,0.75,0.75,HIGH,ALIGNED,2.8183,True,True,TRAIN
2025-09-29,INDUSINDBK.NS,UP,0.7425,0.375,MEDIUM,CONFLICT,1.6796,True,True,TRAIN
2025-09-29,PETRONET.NS,UP,0.7346,1.0,HIGH,ALIGNED,0.0898,True,True,TRAIN
2025-09-29,VOLTAS.NS,UP,0.7312,0.75,HIGH,ALIGNED,-1.5278,False,False,TRAIN
2025-09-29,PNBHOUSING.NS,UP,0.7209,0.625,HIGH,ALIGNED,-0.7413,False,False,TRAIN
2025-09-29,IDEA.NS,UP,0.72,0.625,HIGH,ALIGNED,-1.335,False,False,TRAIN
2025-09-29,SHYAMMETL.NS,UP,0.719,0.25,LOW,CONFLICT,0.4841,True,True,TRAIN
2025-09-29,CANBK.NS,UP,0.7087,0.75,HIGH,ALIGNED,2.6809,True,True,TRAIN
2025-09-29,TATACOMM.NS,UP,0.7079,0.25,LOW,CONFLICT,0.0186,True,True,TRAIN
2025-09-30,HINDZINC.NS,UP,0.9225,1.0,HIGH,ALIGNED,-0.228,False,False,TRAIN
2025-09-30,NATIONALUM.NS,UP,0.9074,1.0,HIGH,ALIGNED,0.2946,True,True,TRAIN
2025-09-30,RBLBANK.NS,UP,0.8603,0.875,HIGH,ALIGNED,-0.7394,False,False,TRAIN
2025-09-30,VEDL.NS,UP,0.8555,1.0,HIGH,ALIGNED,-0.204,False,False,TRAIN
2025-09-30,MOIL.NS,UP,0.8246,1.0,HIGH,ALIGNED,-0.5131,False,False,TRAIN
2025-09-30,COROMANDEL.NS,UP,0.816,0.625,HIGH,ALIGNED,0.1156,True,True,TRAIN
2025-09-30,MRPL.NS,UP,0.8136,0.75,HIGH,ALIGNED,0.3916,True,True,TRAIN
2025-09-30,VINATIORGA.NS,UP,0.8043,0.75,HIGH,ALIGNED,-0.3168,False,False,TRAIN
2025-09-30,METROBRAND.NS,UP,0.7911,0.875,HIGH,ALIGNED,-3.1388,False,False,TRAIN
2025-09-30,VGUARD.NS,UP,0.7505,0.875,HIGH,ALIGNED,-1.4381,False,False,TRAIN
2025-09-30,MGL.NS,UP,0.7419,0.75,HIGH,ALIGNED,-1.3976,False,False,TRAIN
2025-09-30,OIL.NS,UP,0.7402,0.625,HIGH,ALIGNED,-0.6042,False,False,TRAIN
2025-09-30,HINDALCO.NS,UP,0.7361,0.875,HIGH,ALIGNED,0.525,True,True,TRAIN
2025-09-30,CANBK.NS,UP,0.727,0.875,HIGH,ALIGNED,0.0404,True,True,TRAIN
2025-09-30,PETRONET.NS,UP,0.7251,0.875,HIGH,ALIGNED,-1.5423,False,False,TRAIN
2025-09-30,BPCL.NS,UP,0.7206,0.75,HIGH,ALIGNED,0.0147,True,True,TRAIN
2025-09-30,JINDALSTEL.NS,UP,0.7163,0.875,HIGH,ALIGNED,0.1175,True,True,TRAIN
2025-09-30,PFIZER.NS,UP,0.7144,0.625,HIGH,ALIGNED,2.2836,True,True,TRAIN
2025-09-30,INDIAMART.NS,UP,0.7127,0.5,MEDIUM,ALIGNED,1.8036,True,True,TRAIN
2025-09-30,HEROMOTOCO.NS,UP,0.7112,0.875,HIGH,ALIGNED,-0.7309,False,False,TRAIN
2025-10-01,RATEGAIN.NS,UP,0.9431,0.75,HIGH,ALIGNED,2.0426,True,True,TRAIN
2025-10-01,HINDZINC.NS,UP,0.9033,0.875,HIGH,ALIGNED,2.1087,True,True,TRAIN
2025-10-01,GRANULES.NS,UP,0.888,1.0,HIGH,ALIGNED,2.6997,True,True,TRAIN
2025-10-01,PFIZER.NS,UP,0.8789,0.875,HIGH,ALIGNED,1.3881,True,True,TRAIN
2025-10-01,MRPL.NS,UP,0.8275,0.75,HIGH,ALIGNED,7.5688,True,True,TRAIN
2025-10-01,BEML.NS,UP,0.8237,1.0,HIGH,ALIGNED,1.6556,True,True,TRAIN
2025-10-01,NATIONALUM.NS,UP,0.823,0.75,HIGH,ALIGNED,3.1049,True,True,TRAIN
2025-10-01,RBLBANK.NS,UP,0.8179,0.75,HIGH,ALIGNED,0.2544,True,True,TRAIN
2025-10-01,SHRIRAMFIN.NS,UP,0.8053,1.0,HIGH,ALIGNED,-0.447,False,False,TRAIN
2025-10-01,COROMANDEL.NS,UP,0.7866,0.5,MEDIUM,ALIGNED,2.2434,True,True,TRAIN
2025-10-01,VEDL.NS,UP,0.7811,0.75,HIGH,ALIGNED,1.3123,True,True,TRAIN
2025-10-01,RAILTEL.NS,UP,0.7718,0.875,HIGH,ALIGNED,0.9902,True,True,TRAIN
2025-10-01,ENDURANCE.NS,UP,0.7715,0.75,HIGH,ALIGNED,2.8728,True,True,TRAIN
2025-10-01,VGUARD.NS,UP,0.766,0.5,MEDIUM,ALIGNED,-0.7566,False,False,TRAIN
2025-10-01,INDIAMART.NS,UP,0.7624,0.625,HIGH,ALIGNED,-1.1464,False,False,TRAIN
2025-10-01,MOIL.NS,UP,0.7605,0.625,HIGH,ALIGNED,6.3246,True,True,TRAIN
2025-10-01,BPCL.NS,UP,0.7495,0.875,HIGH,ALIGNED,0.5446,True,True,TRAIN
2025-10-01,GODREJPROP.NS,UP,0.749,0.75,HIGH,ALIGNED,0.1281,True,True,TRAIN
2025-10-01,BEL.NS,UP,0.7464,0.75,HIGH,ALIGNED,1.5129,True,True,TRAIN
2025-10-01,PNB.NS,UP,0.7457,0.875,HIGH,ALIGNED,1.6171,True,True,TRAIN
2025-10-03,KALYANKJIL.NS,UP,0.9616,0.875,HIGH,ALIGNED,-1.3817,False,False,TRAIN
2025-10-03,MRPL.NS,UP,0.9585,0.75,HIGH,ALIGNED,2.9358,True,True,TRAIN
2025-10-03,MOIL.NS,UP,0.944,0.75,HIGH,ALIGNED,0.5617,True,True,TRAIN
2025-10-03,DATAPATTNS.NS,UP,0.9261,1.0,HIGH,ALIGNED,0.2257,True,True,TRAIN
2025-10-03,NATIONALUM.NS,UP,0.9133,1.0,HIGH,ALIGNED,-1.8132,False,False,TRAIN
2025-10-03,ENDURANCE.NS,UP,0.9046,0.875,HIGH,ALIGNED,-0.7085,False,False,TRAIN
2025-10-03,GRANULES.NS,UP,0.9029,0.75,HIGH,ALIGNED,-0.8254,False,False,TRAIN
2025-10-03,RATEGAIN.NS,UP,0.8908,0.75,HIGH,ALIGNED,0.3961,True,True,TRAIN
2025-10-03,SHYAMMETL.NS,UP,0.8616,1.0,HIGH,ALIGNED,-1.1794,False,False,TRAIN
2025-10-03,PARAS.NS,UP,0.8592,1.0,HIGH,ALIGNED,-0.3582,False,False,TRAIN
2025-10-03,HINDZINC.NS,UP,0.8266,1.0,HIGH,ALIGNED,0.0,False,False,TRAIN
2025-10-03,COROMANDEL.NS,UP,0.8227,0.875,HIGH,ALIGNED,2.129,True,True,TRAIN
2025-10-03,JPPOWER.NS,UP,0.8164,0.875,HIGH,ALIGNED,-2.6415,False,False,TRAIN
2025-10-03,MIDHANI.NS,UP,0.7944,1.0,HIGH,ALIGNED,-2.008,False,False,TRAIN
2025-10-03,LTTS.NS,UP,0.7732,0.875,HIGH,ALIGNED,0.2588,True,True,TRAIN
2025-10-03,SHRIRAMFIN.NS,UP,0.771,0.875,HIGH,ALIGNED,3.9718,True,True,TRAIN
2025-10-03,HINDALCO.NS,UP,0.763,0.75,HIGH,ALIGNED,-0.4677,False,False,TRAIN
2025-10-03,PFIZER.NS,UP,0.7599,0.875,HIGH,ALIGNED,0.0191,True,True,TRAIN
2025-10-03,HEROMOTOCO.NS,UP,0.7476,1.0,HIGH,ALIGNED,0.5585,True,True,TRAIN
2025-10-03,BASF.NS,UP,0.7408,1.0,HIGH,ALIGNED,-0.448,False,False,TRAIN
2025-10-06,MRPL.NS,UP,0.9668,0.75,HIGH,ALIGNED,1.1314,True,True,TRAIN
2025-10-06,MOIL.NS,UP,0.9439,0.75,HIGH,ALIGNED,-4.2904,False,False,TRAIN
2025-10-06,BSE.NS,UP,0.9202,0.875,HIGH,ALIGNED,0.5997,True,True,TRAIN
2025-10-06,KALYANKJIL.NS,UP,0.8873,0.625,HIGH,ALIGNED,0.4842,True,True,TRAIN
2025-10-06,DATAPATTNS.NS,UP,0.8749,0.875,HIGH,ALIGNED,-0.6932,False,False,TRAIN
2025-10-06,COFORGE.NS,UP,0.8502,0.75,HIGH,ALIGNED,1.4497,True,True,TRAIN
2025-10-06,SHRIRAMFIN.NS,UP,0.8466,0.875,HIGH,ALIGNED,-0.6925,False,False,TRAIN
2025-10-06,NATIONALUM.NS,UP,0.8363,0.75,HIGH,ALIGNED,-0.0368,False,False,TRAIN
2025-10-06,PARAS.NS,UP,0.82,0.75,HIGH,ALIGNED,-1.7146,False,False,TRAIN
2025-10-06,PERSISTENT.NS,UP,0.8063,0.75,HIGH,ALIGNED,1.5783,True,True,TRAIN
2025-10-06,RATEGAIN.NS,UP,0.8015,0.625,HIGH,ALIGNED,1.1484,True,True,TRAIN
2025-10-06,MANAPPURAM.NS,UP,0.7949,0.875,HIGH,ALIGNED,0.0688,True,True,TRAIN
2025-10-06,HINDZINC.NS,UP,0.7932,0.75,HIGH,ALIGNED,-0.3255,False,False,TRAIN
2025-10-06,BANKBARODA.NS,UP,0.7871,0.75,HIGH,ALIGNED,-1.7817,False,False,TRAIN
2025-10-06,SHYAMMETL.NS,UP,0.7866,0.875,HIGH,ALIGNED,-3.3356,False,False,TRAIN
2025-10-06,COROMANDEL.NS,UP,0.7859,0.875,HIGH,ALIGNED,-2.642,False,False,TRAIN
2025-10-06,PNB.NS,UP,0.7846,0.75,HIGH,ALIGNED,-0.323,False,False,TRAIN
2025-10-06,LTTS.NS,UP,0.7785,0.875,HIGH,ALIGNED,0.0279,True,True,TRAIN
2025-10-06,POLICYBZR.NS,UP,0.7746,0.625,HIGH,ALIGNED,2.2951,True,True,TRAIN
2025-10-06,LAURUSLABS.NS,UP,0.7668,0.625,HIGH,ALIGNED,0.0463,True,True,TRAIN
2025-10-07,RATEGAIN.NS,UP,0.9635,0.75,HIGH,ALIGNED,-4.0538,False,False,TRAIN
2025-10-07,MRPL.NS,UP,0.9315,0.75,HIGH,ALIGNED,-1.7015,False,False,TRAIN
2025-10-07,ENDURANCE.NS,UP,0.9207,1.0,HIGH,ALIGNED,-1.0132,False,False,TRAIN
2025-10-07,IRCON.NS,UP,0.8945,1.0,HIGH,ALIGNED,-1.9222,False,False,TRAIN
2025-10-07,COFORGE.NS,UP,0.8832,0.75,HIGH,ALIGNED,1.6128,True,True,TRAIN
2025-10-07,NOCIL.NS,UP,0.8793,1.0,HIGH,ALIGNED,-1.4114,False,False,TRAIN
2025-10-07,IDEA.NS,UP,0.8591,0.75,HIGH,ALIGNED,-1.5251,False,False,TRAIN
2025-10-07,KALYANKJIL.NS,UP,0.8565,0.75,HIGH,ALIGNED,-1.179,False,False,TRAIN
2025-10-07,BSE.NS,UP,0.8502,1.0,HIGH,ALIGNED,0.5826,True,True,TRAIN
2025-10-07,DIVISLAB.NS,UP,0.8255,1.0,HIGH,ALIGNED,0.2621,True,True,TRAIN
2025-10-07,DATAPATTNS.NS,UP,0.819,0.75,HIGH,ALIGNED,-1.4458,False,False,TRAIN
2025-10-07,POLICYBZR.NS,UP,0.8171,0.875,HIGH,ALIGNED,-0.0453,False,False,TRAIN
2025-10-07,GRSE.NS,UP,0.7998,0.75,HIGH,ALIGNED,-0.9888,False,False,TRAIN
2025-10-07,IGL.NS,UP,0.7935,1.0,HIGH,ALIGNED,-1.2675,False,False,TRAIN
2025-10-07,RAILTEL.NS,UP,0.7906,0.875,HIGH,ALIGNED,-1.6849,False,False,TRAIN
2025-10-07,OFSS.NS,UP,0.7808,0.875,HIGH,ALIGNED,-1.5323,False,False,TRAIN
2025-10-07,MGL.NS,UP,0.7692,1.0,HIGH,ALIGNED,-2.634,False,False,TRAIN
2025-10-07,MOIL.NS,UP,0.7632,0.75,HIGH,ALIGNED,-1.4721,False,False,TRAIN
2025-10-07,PERSISTENT.NS,UP,0.7632,0.75,HIGH,ALIGNED,-0.1442,False,False,TRAIN
2025-10-07,NATIONALUM.NS,UP,0.7563,0.75,HIGH,ALIGNED,3.0175,True,True,TRAIN
2025-10-08,IDEA.NS,UP,0.9892,0.875,HIGH,ALIGNED,-0.1106,False,False,TRAIN
2025-10-08,COFORGE.NS,UP,0.9206,1.0,HIGH,ALIGNED,0.3735,True,True,TRAIN
2025-10-08,KPITTECH.NS,UP,0.9124,0.625,HIGH,ALIGNED,0.1378,True,True,TRAIN
2025-10-08,BSE.NS,UP,0.8761,0.875,HIGH,ALIGNED,3.8321,True,True,TRAIN
2025-10-08,MPHASIS.NS,UP,0.8627,0.875,HIGH,ALIGNED,0.2643,True,True,TRAIN
2025-10-08,ENDURANCE.NS,UP,0.8586,0.75,HIGH,ALIGNED,0.6265,True,True,TRAIN
2025-10-08,KALYANKJIL.NS,UP,0.8553,0.5,MEDIUM,ALIGNED,0.2075,True,True,TRAIN
2025-10-08,PARAS.NS,UP,0.851,0.75,HIGH,ALIGNED,1.3929,True,True,TRAIN
2025-10-08,MRPL.NS,UP,0.8488,0.5,MEDIUM,ALIGNED,-0.9541,False,False,TRAIN
2025-10-08,DIVISLAB.NS,UP,0.8359,1.0,HIGH,ALIGNED,0.1879,True,True,TRAIN
2025-10-08,IRCON.NS,UP,0.7988,0.625,HIGH,ALIGNED,-0.7091,False,False,TRAIN
2025-10-08,DATAPATTNS.NS,UP,0.7981,0.625,HIGH,ALIGNED,1.5713,True,True,TRAIN
2025-10-08,GRSE.NS,UP,0.7974,0.625,HIGH,ALIGNED,1.4309,True,True,TRAIN
2025-10-08,RATEGAIN.NS,UP,0.7962,0.625,HIGH,ALIGNED,0.0653,True,True,TRAIN
2025-10-08,TATACOMM.NS,UP,0.7928,1.0,HIGH,ALIGNED,0.4499,True,True,TRAIN
2025-10-08,PERSISTENT.NS,UP,0.7907,0.75,HIGH,ALIGNED,1.5522,True,True,TRAIN
2025-10-08,JPPOWER.NS,UP,0.7816,0.75,HIGH,ALIGNED,-0.1113,False,False,TRAIN
2025-10-08,INDIAMART.NS,UP,0.7754,0.875,HIGH,ALIGNED,-1.042,False,False,TRAIN
2025-10-08,NATIONALUM.NS,UP,0.7734,0.875,HIGH,ALIGNED,2.6518,True,True,TRAIN
2025-10-08,OFSS.NS,UP,0.7699,0.625,HIGH,ALIGNED,1.3276,True,True,TRAIN
2025-10-09,JINDALPOLY.NS,UP,0.9524,1.0,HIGH,ALIGNED,-1.3459,False,False,TRAIN
2025-10-09,BSE.NS,UP,0.9332,1.0,HIGH,ALIGNED,2.3517,True,True,TRAIN
2025-10-09,IDEA.NS,UP,0.9207,0.875,HIGH,ALIGNED,0.1107,True,True,TRAIN
2025-10-09,MOIL.NS,UP,0.9005,0.875,HIGH,ALIGNED,-0.7055,False,False,TRAIN
2025-10-09,CESC.NS,UP,0.8733,1.0,HIGH,ALIGNED,0.5345,True,True,TRAIN
2025-10-09,NATIONALUM.NS,UP,0.8572,0.75,HIGH,ALIGNED,-2.2871,False,False,TRAIN
2025-10-09,GRANULES.NS,UP,0.8264,1.0,HIGH,ALIGNED,0.4239,True,True,TRAIN
2025-10-09,DATAPATTNS.NS,UP,0.8168,0.75,HIGH,ALIGNED,-0.6938,False,False,TRAIN
2025-10-09,COFORGE.NS,UP,0.8084,0.75,HIGH,ALIGNED,0.1279,True,True,TRAIN
2025-10-09,HINDZINC.NS,UP,0.8038,0.75,HIGH,ALIGNED,-2.7233,False,False,TRAIN
2025-10-09,PRESTIGE.NS,UP,0.8026,0.875,HIGH,ALIGNED,2.4449,True,True,TRAIN
2025-10-09,MPHASIS.NS,UP,0.7957,0.625,HIGH,ALIGNED,-0.8549,False,False,TRAIN
2025-10-09,POLICYBZR.NS,UP,0.7897,0.625,HIGH,ALIGNED,0.5589,True,True,TRAIN
2025-10-09,ADANIENSOL.NS,UP,0.7697,0.75,HIGH,ALIGNED,-0.6545,False,False,TRAIN
2025-10-09,ENDURANCE.NS,UP,0.7695,0.875,HIGH,ALIGNED,-1.7214,False,False,TRAIN
2025-10-09,OFSS.NS,UP,0.7647,0.875,HIGH,ALIGNED,-1.0578,False,False,TRAIN
2025-10-09,TATASTEEL.NS,UP,0.7642,0.875,HIGH,ALIGNED,-1.4511,False,False,TRAIN
2025-10-09,MRPL.NS,UP,0.762,0.625,HIGH,ALIGNED,-1.0252,False,False,TRAIN
2025-10-09,NOCIL.NS,UP,0.7591,0.625,HIGH,ALIGNED,-0.1157,False,False,TRAIN
2025-10-09,M&MFIN.NS,UP,0.7579,0.875,HIGH,ALIGNED,0.2666,True,True,TRAIN
2025-10-10,TATACOMM.NS,UP,0.944,0.75,HIGH,ALIGNED,-3.8499,False,False,TRAIN
2025-10-10,BSE.NS,UP,0.9293,1.0,HIGH,ALIGNED,3.8155,True,True,TRAIN
2025-10-10,CENTUM.NS,UP,0.9192,0.875,HIGH,ALIGNED,-3.9541,False,False,TRAIN
2025-10-10,PRESTIGE.NS,UP,0.8998,1.0,HIGH,ALIGNED,-0.4317,False,False,TRAIN
2025-10-10,ZENSARTECH.NS,UP,0.8837,0.875,HIGH,ALIGNED,-2.5856,False,False,TRAIN
2025-10-10,DIVISLAB.NS,UP,0.8817,1.0,HIGH,ALIGNED,1.2588,True,True,TRAIN
2025-10-10,NAVINFLUOR.NS,UP,0.8474,0.875,HIGH,ALIGNED,1.4469,True,True,TRAIN
2025-10-10,YESBANK.NS,UP,0.8421,0.75,HIGH,ALIGNED,0.125,True,True,TRAIN
2025-10-10,INTELLECT.NS,UP,0.8394,0.75,HIGH,ALIGNED,-2.3211,False,False,TRAIN
2025-10-10,RBLBANK.NS,UP,0.832,0.75,HIGH,ALIGNED,-0.5487,False,False,TRAIN
2025-10-10,NATCOPHARM.NS,UP,0.8293,0.875,HIGH,ALIGNED,-0.7094,False,False,TRAIN
2025-10-10,VOLTAS.NS,UP,0.8291,1.0,HIGH,ALIGNED,-2.7376,False,False,TRAIN
2025-10-10,COFORGE.NS,UP,0.8264,0.75,HIGH,ALIGNED,-0.3658,False,False,TRAIN
2025-10-10,IDEA.NS,UP,0.8204,0.75,HIGH,ALIGNED,-3.4292,False,False,TRAIN
2025-10-10,CESC.NS,UP,0.8161,1.0,HIGH,ALIGNED,-0.2337,False,False,TRAIN
2025-10-10,LAURUSLABS.NS,UP,0.8149,0.875,HIGH,ALIGNED,-0.2794,False,False,TRAIN
2025-10-10,BLUESTARCO.NS,UP,0.8144,1.0,HIGH,ALIGNED,-1.9188,False,False,TRAIN
2025-10-10,IDFCFIRSTB.NS,UP,0.7769,0.875,HIGH,ALIGNED,-0.9674,False,False,TRAIN
2025-10-10,GODREJPROP.NS,UP,0.762,0.875,HIGH,ALIGNED,0.239,True,True,TRAIN
2025-10-10,TCS.NS,UP,0.7536,0.75,HIGH,ALIGNED,-0.6968,False,False,TRAIN
2025-10-13,BSE.NS,UP,0.951,0.875,HIGH,ALIGNED,-1.1187,False,False,TRAIN
2025-10-13,TATACOMM.NS,UP,0.9246,0.75,HIGH,ALIGNED,4.1375,True,True,TRAIN
2025-10-13,RBLBANK.NS,UP,0.9229,0.875,HIGH,ALIGNED,0.5172,True,True,TRAIN
2025-10-13,DIVISLAB.NS,UP,0.8976,0.875,HIGH,ALIGNED,0.0763,True,True,TRAIN
2025-10-13,MAPMYINDIA.NS,UP,0.881,0.75,HIGH,ALIGNED,8.9669,True,True,TRAIN
2025-10-13,PRESTIGE.NS,UP,0.8576,0.75,HIGH,ALIGNED,-0.6813,False,False,TRAIN
2025-10-13,TORNTPOWER.NS,UP,0.8524,1.0,HIGH,ALIGNED,0.8725,True,True,TRAIN
2025-10-13,NAVINFLUOR.NS,UP,0.8476,0.875,HIGH,ALIGNED,1.7922,True,True,TRAIN
2025-10-13,YESBANK.NS,UP,0.8461,0.75,HIGH,ALIGNED,-2.9546,False,False,TRAIN
2025-10-13,PFIZER.NS,UP,0.8434,0.625,HIGH,ALIGNED,-2.5228,False,False,TRAIN
2025-10-13,HFCL.NS,UP,0.839,0.75,HIGH,ALIGNED,-1.9238,False,False,TRAIN
2025-10-13,ZYDUSWELL.NS,UP,0.8027,0.625,HIGH,ALIGNED,-1.7761,False,False,TRAIN
2025-10-13,FEDERALBNK.NS,UP,0.7912,0.75,HIGH,ALIGNED,1.136,True,True,TRAIN
2025-10-13,AUROPHARMA.NS,UP,0.7844,0.875,HIGH,ALIGNED,-1.0556,False,False,TRAIN
2025-10-13,HINDZINC.NS,UP,0.7539,0.75,HIGH,ALIGNED,0.0198,True,True,TRAIN
2025-10-13,JPPOWER.NS,UP,0.7473,0.5,MEDIUM,ALIGNED,-2.1798,False,False,TRAIN
2025-10-13,NATIONALUM.NS,UP,0.7439,0.75,HIGH,ALIGNED,-0.6522,False,False,TRAIN
2025-10-13,NOCIL.NS,UP,0.7407,0.875,HIGH,ALIGNED,-0.7523,False,False,TRAIN
2025-10-13,KEI.NS,UP,0.74,0.875,HIGH,ALIGNED,1.1643,True,True,TRAIN
2025-10-13,GODREJPROP.NS,UP,0.7361,0.875,HIGH,ALIGNED,-1.8837,False,False,TRAIN
2025-10-14,TATACOMM.NS,UP,0.9678,0.75,HIGH,ALIGNED,4.4056,True,True,TRAIN
2025-10-14,BSE.NS,UP,0.9565,0.875,HIGH,ALIGNED,0.3268,True,True,TRAIN
2025-10-14,MAPMYINDIA.NS,UP,0.9519,0.75,HIGH,ALIGNED,-4.1299,False,False,TRAIN
2025-10-14,RBLBANK.NS,UP,0.9445,0.875,HIGH,ALIGNED,2.7616,True,True,TRAIN
2025-10-14,HINDZINC.NS,UP,0.8812,0.75,HIGH,ALIGNED,1.4931,True,True,TRAIN
2025-10-14,NAVINFLUOR.NS,UP,0.8791,1.0,HIGH,ALIGNED,-0.239,False,False,TRAIN
2025-10-14,BIKAJI.NS,UP,0.8329,0.875,HIGH,ALIGNED,-2.6971,False,False,TRAIN
2025-10-14,LAURUSLABS.NS,UP,0.8267,0.75,HIGH,ALIGNED,-0.3018,False,False,TRAIN
2025-10-14,PRESTIGE.NS,UP,0.8197,0.875,HIGH,ALIGNED,4.5148,True,True,TRAIN
2025-10-14,TORNTPOWER.NS,UP,0.8175,1.0,HIGH,ALIGNED,1.1508,True,True,TRAIN
2025-10-14,KEI.NS,UP,0.8,0.875,HIGH,ALIGNED,1.3481,True,True,TRAIN
2025-10-14,YESBANK.NS,UP,0.7998,0.625,HIGH,ALIGNED,0.0,False,False,TRAIN
2025-10-14,FEDERALBNK.NS,UP,0.7853,0.75,HIGH,ALIGNED,0.4131,True,True,TRAIN
2025-10-14,GRANULES.NS,UP,0.78,0.875,HIGH,ALIGNED,-0.2018,False,False,TRAIN
2025-10-14,M&MFIN.NS,UP,0.7779,0.875,HIGH,ALIGNED,2.2265,True,True,TRAIN
2025-10-14,MOTHERSON.NS,UP,0.7779,0.875,HIGH,ALIGNED,-0.257,False,False,TRAIN
2025-10-14,HFCL.NS,UP,0.763,0.625,HIGH,ALIGNED,3.0558,True,True,TRAIN
2025-10-14,CESC.NS,UP,0.7579,0.5,MEDIUM,ALIGNED,5.238,True,True,TRAIN
2025-10-14,VEDL.NS,UP,0.7507,0.75,HIGH,ALIGNED,0.6249,True,True,TRAIN
2025-10-14,HCLTECH.NS,UP,0.7459,1.0,HIGH,ALIGNED,0.0201,True,True,TRAIN
2025-10-15,TATACOMM.NS,UP,0.9814,0.75,HIGH,ALIGNED,0.8286,True,True,TRAIN
2025-10-15,MAPMYINDIA.NS,UP,0.9599,0.75,HIGH,ALIGNED,-1.1024,False,False,TRAIN
2025-10-15,PRESTIGE.NS,UP,0.9336,1.0,HIGH,ALIGNED,1.247,True,True,TRAIN
2025-10-15,SOBHA.NS,UP,0.8971,0.875,HIGH,ALIGNED,2.6279,True,True,TRAIN
2025-10-15,BEML.NS,UP,0.8954,1.0,HIGH,ALIGNED,-1.011,False,False,TRAIN
2025-10-15,CESC.NS,UP,0.8809,0.875,HIGH,ALIGNED,-0.7037,False,False,TRAIN
2025-10-15,MOIL.NS,UP,0.8679,0.75,HIGH,ALIGNED,-1.8363,False,False,TRAIN
2025-10-15,RBLBANK.NS,UP,0.8647,0.75,HIGH,ALIGNED,2.4036,True,True,TRAIN
2025-10-15,ICICIGI.NS,UP,0.8534,0.875,HIGH,ALIGNED,-0.5049,False,False,TRAIN
2025-10-15,M&MFIN.NS,UP,0.8478,1.0,HIGH,ALIGNED,-0.1872,False,False,TRAIN
2025-10-15,PERSISTENT.NS,UP,0.8377,0.75,HIGH,ALIGNED,2.0421,True,True,TRAIN
2025-10-15,INTELLECT.NS,UP,0.8338,0.75,HIGH,ALIGNED,-2.2413,False,False,TRAIN
2025-10-15,HFCL.NS,UP,0.8256,0.875,HIGH,ALIGNED,0.1165,True,True,TRAIN
2025-10-15,GODREJPROP.NS,UP,0.8234,1.0,HIGH,ALIGNED,3.2637,True,True,TRAIN
2025-10-15,HINDZINC.NS,UP,0.8222,0.75,HIGH,ALIGNED,-1.2666,False,False,TRAIN
2025-10-15,CHOLAFIN.NS,UP,0.8147,0.75,HIGH,ALIGNED,-1.784,False,False,TRAIN
2025-10-15,ALKYLAMINE.NS,UP,0.807,0.75,HIGH,ALIGNED,1.4735,True,True,TRAIN
2025-10-15,TORNTPOWER.NS,UP,0.8034,1.0,HIGH,ALIGNED,2.1303,True,True,TRAIN
2025-10-15,NAVINFLUOR.NS,UP,0.7872,0.75,HIGH,ALIGNED,3.5523,True,True,TRAIN
2025-10-15,GRANULES.NS,UP,0.7633,0.75,HIGH,ALIGNED,0.2197,True,True,TRAIN
2025-10-16,TATACOMM.NS,UP,0.9666,0.75,HIGH,ALIGNED,-2.2523,False,False,TRAIN
2025-10-16,WHIRLPOOL.NS,UP,0.9498,0.875,HIGH,ALIGNED,11.8436,True,True,TRAIN
2025-10-16,SOBHA.NS,UP,0.9108,1.0,HIGH,ALIGNED,-1.3385,False,False,TRAIN
2025-10-16,RBLBANK.NS,UP,0.9084,0.75,HIGH,ALIGNED,-2.3635,False,False,TRAIN
2025-10-16,ZYDUSWELL.NS,UP,0.8865,0.875,HIGH,ALIGNED,-1.9779,False,False,TRAIN
2025-10-16,GODREJPROP.NS,UP,0.8853,1.0,HIGH,ALIGNED,1.4012,True,True,TRAIN
2025-10-16,NAVINFLUOR.NS,UP,0.8853,1.0,HIGH,ALIGNED,1.0103,True,True,TRAIN
2025-10-16,ALKYLAMINE.NS,UP,0.8608,0.875,HIGH,ALIGNED,-0.223,False,False,TRAIN
2025-10-16,PRESTIGE.NS,UP,0.8543,0.875,HIGH,ALIGNED,0.5481,True,True,TRAIN
2025-10-16,PERSISTENT.NS,UP,0.8404,0.75,HIGH,ALIGNED,-1.4688,False,False,TRAIN
2025-10-16,MAPMYINDIA.NS,UP,0.8373,0.75,HIGH,ALIGNED,-0.184,False,False,TRAIN
2025-10-16,CRAFTSMAN.NS,UP,0.825,1.0,HIGH,ALIGNED,-0.897,False,False,TRAIN
2025-10-16,MASTEK.NS,UP,0.8226,0.75,HIGH,ALIGNED,-4.0285,False,False,TRAIN
2025-10-16,BSE.NS,UP,0.8207,0.875,HIGH,ALIGNED,-0.9405,False,False,TRAIN
2025-10-16,BHARATFORG.NS,UP,0.8156,1.0,HIGH,ALIGNED,-1.8653,False,False,TRAIN
2025-10-16,TORNTPOWER.NS,UP,0.8149,1.0,HIGH,ALIGNED,-1.9288,False,False,TRAIN
2025-10-16,ONMOBILE.NS,UP,0.7981,0.5,MEDIUM,ALIGNED,-2.2787,False,False,TRAIN
2025-10-16,NESTLEIND.NS,UP,0.7745,0.75,HIGH,ALIGNED,1.0105,True,True,TRAIN
2025-10-16,CHOLAFIN.NS,UP,0.7726,0.875,HIGH,ALIGNED,-0.8273,False,False,TRAIN
2025-10-16,SRF.NS,UP,0.757,0.75,HIGH,ALIGNED,-0.6458,False,False,TRAIN
2025-10-17,WHIRLPOOL.NS,UP,0.9843,1.0,HIGH,ALIGNED,-1.9142,False,False,TRAIN
2025-10-17,M&MFIN.NS,UP,0.8889,0.75,HIGH,ALIGNED,-1.083,False,False,TRAIN
2025-10-17,SAPPHIRE.NS,UP,0.8853,0.75,HIGH,ALIGNED,-0.5549,False,False,TRAIN
2025-10-17,GODREJPROP.NS,UP,0.8826,0.875,HIGH,ALIGNED,2.4864,True,True,TRAIN
2025-10-17,MAPMYINDIA.NS,UP,0.8652,0.75,HIGH,ALIGNED,-0.2114,False,False,TRAIN
2025-10-17,NESTLEIND.NS,UP,0.8027,0.75,HIGH,ALIGNED,-0.318,False,False,TRAIN
2025-10-17,NAVINFLUOR.NS,UP,0.7944,0.875,HIGH,ALIGNED,0.8828,True,True,TRAIN
2025-10-17,MUTHOOTFIN.NS,UP,0.7903,0.875,HIGH,ALIGNED,-0.3689,False,False,TRAIN
2025-10-17,SOBHA.NS,UP,0.7899,0.625,HIGH,ALIGNED,1.7237,True,True,TRAIN
2025-10-17,ALKYLAMINE.NS,UP,0.7756,0.75,HIGH,ALIGNED,-1.2423,False,False,TRAIN
2025-10-17,ONMOBILE.NS,UP,0.7754,0.875,HIGH,ALIGNED,1.0948,True,True,TRAIN
2025-10-17,KALYANKJIL.NS,UP,0.7732,1.0,HIGH,ALIGNED,1.0309,True,True,TRAIN
2025-10-17,ASIANPAINT.NS,UP,0.7696,1.0,HIGH,ALIGNED,0.327,True,True,TRAIN
2025-10-17,RADICO.NS,UP,0.7669,0.875,HIGH,ALIGNED,4.7032,True,True,TRAIN
2025-10-17,PRESTIGE.NS,UP,0.7546,0.75,HIGH,ALIGNED,0.6623,True,True,TRAIN
2025-10-17,PERSISTENT.NS,UP,0.7461,0.75,HIGH,ALIGNED,1.5463,True,True,TRAIN
2025-10-17,DATAPATTNS.NS,UP,0.7447,1.0,HIGH,ALIGNED,-0.8836,False,False,TRAIN
2025-10-17,M&M.NS,UP,0.7432,1.0,HIGH,ALIGNED,-1.3188,False,False,TRAIN
2025-10-17,TVSMOTOR.NS,UP,0.7362,1.0,HIGH,ALIGNED,-0.0547,False,False,TRAIN
2025-10-17,CRAFTSMAN.NS,UP,0.7295,0.75,HIGH,ALIGNED,-0.6825,False,False,TRAIN
2025-10-20,WHIRLPOOL.NS,UP,0.9755,0.875,HIGH,ALIGNED,2.9163,True,True,TRAIN
2025-10-20,RBLBANK.NS,UP,0.9748,0.75,HIGH,ALIGNED,-0.6123,False,False,TRAIN
2025-10-20,MRPL.NS,UP,0.9639,0.875,HIGH,ALIGNED,-0.7061,False,False,TRAIN
2025-10-20,SOBHA.NS,UP,0.9567,1.0,HIGH,ALIGNED,-0.509,False,False,TRAIN
2025-10-20,GODREJPROP.NS,UP,0.8726,0.625,HIGH,ALIGNED,0.0742,True,True,TRAIN
2025-10-20,CESC.NS,UP,0.8637,1.0,HIGH,ALIGNED,0.776,True,True,TRAIN
2025-10-20,RADICO.NS,UP,0.8493,0.75,HIGH,ALIGNED,1.4564,True,True,TRAIN
2025-10-20,ZYDUSWELL.NS,UP,0.8238,0.875,HIGH,ALIGNED,4.1338,True,True,TRAIN
2025-10-20,NAVINFLUOR.NS,UP,0.8072,1.0,HIGH,ALIGNED,0.6325,True,True,TRAIN
2025-10-20,SAPPHIRE.NS,UP,0.795,0.5,MEDIUM,ALIGNED,2.7201,True,True,TRAIN
2025-10-20,PERSISTENT.NS,UP,0.7743,0.875,HIGH,ALIGNED,-0.7631,False,False,TRAIN
2025-10-20,LAURUSLABS.NS,UP,0.7714,0.875,HIGH,ALIGNED,0.353,True,True,TRAIN
2025-10-20,M&MFIN.NS,UP,0.7671,0.75,HIGH,ALIGNED,1.1454,True,True,TRAIN
2025-10-20,SYMPHONY.NS,UP,0.763,0.875,HIGH,ALIGNED,1.1902,True,True,TRAIN
2025-10-20,APOLLOTYRE.NS,UP,0.7541,1.0,HIGH,ALIGNED,1.6075,True,True,TRAIN
2025-10-20,ENDURANCE.NS,UP,0.7428,0.875,HIGH,ALIGNED,-0.5732,False,False,TRAIN
2025-10-20,ALKYLAMINE.NS,UP,0.7418,0.375,MEDIUM,CONFLICT,0.4895,True,True,TRAIN
2025-10-20,TATACONSUM.NS,UP,0.7401,1.0,HIGH,ALIGNED,-0.153,False,False,TRAIN
2025-10-20,KALYANKJIL.NS,UP,0.7397,0.875,HIGH,ALIGNED,-0.5658,False,False,TRAIN
2025-10-20,VOLTAS.NS,UP,0.7363,0.875,HIGH,ALIGNED,0.7614,True,True,TRAIN
2025-10-21,WHIRLPOOL.NS,UP,0.9856,0.875,HIGH,ALIGNED,0.136,True,True,TRAIN
2025-10-21,ZYDUSWELL.NS,UP,0.9087,0.875,HIGH,ALIGNED,0.4706,True,True,TRAIN
2025-10-21,IDEA.NS,UP,0.8856,0.875,HIGH,ALIGNED,5.7778,True,True,TRAIN
2025-10-21,RBLBANK.NS,UP,0.8394,0.5,MEDIUM,ALIGNED,-2.0792,False,False,TRAIN
2025-10-21,SAPPHIRE.NS,UP,0.8365,0.625,HIGH,ALIGNED,-1.5447,False,False,TRAIN
2025-10-21,GODREJPROP.NS,UP,0.8308,0.5,MEDIUM,ALIGNED,-0.6409,False,False,TRAIN
2025-10-21,CESC.NS,UP,0.8067,0.875,HIGH,ALIGNED,0.3601,True,True,TRAIN
2025-10-21,RADICO.NS,UP,0.7827,0.625,HIGH,ALIGNED,-0.5693,False,False,TRAIN
2025-10-21,MRPL.NS,UP,0.726,0.75,HIGH,ALIGNED,-2.9642,False,False,TRAIN
2025-10-21,APOLLOTYRE.NS,UP,0.7154,0.75,HIGH,ALIGNED,-0.2329,False,False,TRAIN
2025-10-21,STLTECH.NS,UP,0.701,0.5,MEDIUM,ALIGNED,-1.8844,False,False,TRAIN
2025-10-21,WELCORP.NS,UP,0.6942,0.75,HIGH,ALIGNED,-0.6822,False,False,TRAIN
2025-10-21,ATUL.NS,UP,0.6894,0.625,HIGH,ALIGNED,-1.0088,False,False,TRAIN
2025-10-21,SYMPHONY.NS,UP,0.6817,0.875,HIGH,ALIGNED,-1.5593,False,False,TRAIN
2025-10-21,HFCL.NS,UP,0.65,0.75,HIGH,ALIGNED,-0.6605,False,False,TRAIN
2025-10-21,IDFCFIRSTB.NS,UP,0.6481,0.75,HIGH,ALIGNED,2.8527,True,True,TRAIN
2025-10-21,DATAPATTNS.NS,UP,0.6413,0.875,HIGH,ALIGNED,-1.5517,False,False,TRAIN
2025-10-21,BAJAJFINSV.NS,UP,0.6279,0.625,HIGH,ALIGNED,0.3458,True,True,TRAIN
2025-10-21,UNIONBANK.NS,UP,0.6135,0.75,HIGH,ALIGNED,0.84,True,True,TRAIN
2025-10-21,CIPLA.NS,UP,0.6087,0.75,HIGH,ALIGNED,-1.112,False,False,TRAIN
2025-10-23,ZENSARTECH.NS,UP,0.9473,1.0,HIGH,ALIGNED,0.4868,True,True,TRAIN
2025-10-23,ZYDUSWELL.NS,UP,0.9348,1.0,HIGH,ALIGNED,-1.2424,False,False,TRAIN
2025-10-23,RADICO.NS,UP,0.9229,0.625,HIGH,ALIGNED,-1.9279,False,False,TRAIN
2025-10-23,IDFCFIRSTB.NS,UP,0.8886,0.75,HIGH,ALIGNED,-0.9625,False,False,TRAIN
2025-10-23,RATNAMANI.NS,UP,0.8708,1.0,HIGH,ALIGNED,0.9505,True,True,TRAIN
2025-10-23,WHIRLPOOL.NS,UP,0.857,0.875,HIGH,ALIGNED,-2.058,False,False,TRAIN
2025-10-23,BHARATFORG.NS,UP,0.8401,1.0,HIGH,ALIGNED,-1.2461,False,False,TRAIN
2025-10-23,AXISBANK.NS,UP,0.8304,0.75,HIGH,ALIGNED,-1.3425,False,False,TRAIN
2025-10-23,LAURUSLABS.NS,UP,0.8297,1.0,HIGH,ALIGNED,-0.8562,False,False,TRAIN
2025-10-23,RBLBANK.NS,UP,0.8203,0.75,HIGH,ALIGNED,-0.6134,False,False,TRAIN
2025-10-23,NAUKRI.NS,UP,0.8128,1.0,HIGH,ALIGNED,-0.1449,False,False,TRAIN
2025-10-23,IDEA.NS,UP,0.8029,0.875,HIGH,ALIGNED,1.0504,True,True,TRAIN
2025-10-23,GODREJPROP.NS,UP,0.7865,0.75,HIGH,ALIGNED,0.3949,True,True,TRAIN
2025-10-23,WELCORP.NS,UP,0.785,0.75,HIGH,ALIGNED,-1.2316,False,False,TRAIN
2025-10-23,APOLLOTYRE.NS,UP,0.7836,0.875,HIGH,ALIGNED,-2.7532,False,False,TRAIN
2025-10-23,MASTEK.NS,UP,0.7809,0.75,HIGH,ALIGNED,-2.3798,False,False,TRAIN
2025-10-23,RAJESHEXPO.NS,UP,0.7785,0.75,HIGH,ALIGNED,-1.8563,False,False,TRAIN
2025-10-23,SAPPHIRE.NS,UP,0.7756,0.5,MEDIUM,ALIGNED,-1.2414,False,False,TRAIN
2025-10-23,ENDURANCE.NS,UP,0.7717,0.875,HIGH,ALIGNED,-1.7076,False,False,TRAIN
2025-10-23,ATUL.NS,UP,0.7693,0.375,MEDIUM,CONFLICT,-0.6401,False,False,TRAIN
2025-10-24,IDEA.NS,UP,0.9671,1.0,HIGH,ALIGNED,3.6383,True,True,TRAIN
2025-10-24,IDEAFORGE.NS,UP,0.9424,0.875,HIGH,ALIGNED,0.3332,True,True,TRAIN
2025-10-24,RATNAMANI.NS,UP,0.9278,1.0,HIGH,ALIGNED,5.1212,True,True,TRAIN
2025-10-24,PARAS.NS,UP,0.9159,1.0,HIGH,ALIGNED,-0.1241,False,False,TRAIN
2025-10-24,CESC.NS,UP,0.9037,1.0,HIGH,ALIGNED,-2.4533,False,False,TRAIN
2025-10-24,NATIONALUM.NS,UP,0.9022,1.0,HIGH,ALIGNED,0.7497,True,True,TRAIN
2025-10-24,RADICO.NS,UP,0.8949,0.625,HIGH,ALIGNED,-0.1863,False,False,TRAIN
2025-10-24,LAURUSLABS.NS,UP,0.8937,0.875,HIGH,ALIGNED,1.4842,True,True,TRAIN
2025-10-24,ZENSARTECH.NS,UP,0.8812,0.875,HIGH,ALIGNED,0.3665,True,True,TRAIN
2025-10-24,STLTECH.NS,UP,0.879,1.0,HIGH,ALIGNED,-0.3664,False,False,TRAIN
2025-10-24,INTELLECT.NS,UP,0.8707,0.875,HIGH,ALIGNED,4.6896,True,True,TRAIN
2025-10-24,PNBHOUSING.NS,UP,0.8666,1.0,HIGH,ALIGNED,2.2374,True,True,TRAIN
2025-10-24,BDL.NS,UP,0.8424,1.0,HIGH,ALIGNED,-0.4016,False,False,TRAIN
2025-10-24,IDFCFIRSTB.NS,UP,0.8415,0.75,HIGH,ALIGNED,-0.2174,False,False,TRAIN
2025-10-24,FEDERALBNK.NS,UP,0.8402,0.625,HIGH,ALIGNED,2.92,True,True,TRAIN
2025-10-24,NOCIL.NS,UP,0.8132,1.0,HIGH,ALIGNED,-0.7803,False,False,TRAIN
2025-10-24,VEDL.NS,UP,0.808,1.0,HIGH,ALIGNED,1.9471,True,True,TRAIN
2025-10-24,SHRIRAMFIN.NS,UP,0.8039,0.625,HIGH,ALIGNED,0.5801,True,True,TRAIN
2025-10-24,NAUKRI.NS,UP,0.8015,0.875,HIGH,ALIGNED,-0.9508,False,False,TRAIN
2025-10-24,CHOLAFIN.NS,UP,0.7939,0.875,HIGH,ALIGNED,-0.0692,False,False,TRAIN
2025-10-27,INTELLECT.NS,UP,0.9796,1.0,HIGH,ALIGNED,-1.9765,False,False,TRAIN
2025-10-27,RATNAMANI.NS,UP,0.9569,1.0,HIGH,ALIGNED,-3.1037,False,False,TRAIN
2025-10-27,MRPL.NS,UP,0.9433,0.875,HIGH,ALIGNED,2.124,True,True,TRAIN
2025-10-27,MASTEK.NS,UP,0.9128,0.875,HIGH,ALIGNED,-1.5082,False,False,TRAIN
2025-10-27,CESC.NS,UP,0.9052,0.75,HIGH,ALIGNED,-0.7662,False,False,TRAIN
2025-10-27,WELCORP.NS,UP,0.9049,1.0,HIGH,ALIGNED,1.5291,True,True,TRAIN
2025-10-27,FEDERALBNK.NS,UP,0.8951,0.75,HIGH,ALIGNED,0.7435,True,True,TRAIN
2025-10-27,INDIAMART.NS,UP,0.8761,1.0,HIGH,ALIGNED,1.0305,True,True,TRAIN
2025-10-27,COFORGE.NS,UP,0.8739,1.0,HIGH,ALIGNED,-1.1362,False,False,TRAIN
2025-10-27,PNBHOUSING.NS,UP,0.8734,0.875,HIGH,ALIGNED,0.6361,True,True,TRAIN
2025-10-27,RBLBANK.NS,UP,0.87,0.5,MEDIUM,ALIGNED,0.9471,True,True,TRAIN
2025-10-27,POLICYBZR.NS,UP,0.8549,0.875,HIGH,ALIGNED,1.4634,True,True,TRAIN
2025-10-27,UNIONBANK.NS,UP,0.8392,1.0,HIGH,ALIGNED,1.4556,True,True,TRAIN
2025-10-27,COROMANDEL.NS,UP,0.8271,0.875,HIGH,ALIGNED,-0.1693,False,False,TRAIN
2025-10-27,STLTECH.NS,UP,0.8207,0.75,HIGH,ALIGNED,-2.5157,False,False,TRAIN
2025-10-27,IDEAFORGE.NS,UP,0.8091,0.625,HIGH,ALIGNED,-1.4792,False,False,TRAIN
2025-10-27,LAURUSLABS.NS,UP,0.8069,1.0,HIGH,ALIGNED,2.0741,True,True,TRAIN
2025-10-27,ONMOBILE.NS,UP,0.8042,0.5,MEDIUM,ALIGNED,-0.0542,False,False,TRAIN
2025-10-27,VEDL.NS,UP,0.8025,0.75,HIGH,ALIGNED,-0.5542,False,False,TRAIN
2025-10-27,ZYDUSWELL.NS,UP,0.8002,0.875,HIGH,ALIGNED,0.9092,True,True,TRAIN
2025-10-28,WELCORP.NS,UP,0.9347,1.0,HIGH,ALIGNED,2.3184,True,True,TRAIN
2025-10-28,DEEPAKFERT.NS,UP,0.933,1.0,HIGH,ALIGNED,-1.0465,False,False,TRAIN
2025-10-28,PNBHOUSING.NS,UP,0.9117,0.875,HIGH,ALIGNED,0.5303,True,True,TRAIN
2025-10-28,OLECTRA.NS,UP,0.8913,0.75,HIGH,ALIGNED,2.0531,True,True,TRAIN
2025-10-28,POLICYBZR.NS,UP,0.8728,1.0,HIGH,ALIGNED,-2.907,False,False,TRAIN
2025-10-28,RATNAMANI.NS,UP,0.8694,0.625,HIGH,ALIGNED,-2.2788,False,False,TRAIN
2025-10-28,INTELLECT.NS,UP,0.8667,0.75,HIGH,ALIGNED,0.4687,True,True,TRAIN
2025-10-28,JINDALSTEL.NS,UP,0.8561,1.0,HIGH,ALIGNED,-0.2701,False,False,TRAIN
2025-10-28,SUZLON.NS,UP,0.849,1.0,HIGH,ALIGNED,3.5041,True,True,TRAIN
2025-10-28,INDIAMART.NS,UP,0.8359,0.875,HIGH,ALIGNED,0.133,True,True,TRAIN
2025-10-28,SAIL.NS,UP,0.8308,0.875,HIGH,ALIGNED,6.3484,True,True,TRAIN
2025-10-28,NAUKRI.NS,UP,0.8289,1.0,HIGH,ALIGNED,0.2454,True,True,TRAIN
2025-10-28,INDUSINDBK.NS,UP,0.8167,1.0,HIGH,ALIGNED,0.9628,True,True,TRAIN
2025-10-28,UNIONBANK.NS,UP,0.8107,1.0,HIGH,ALIGNED,-0.646,False,False,TRAIN
2025-10-28,TATASTEEL.NS,UP,0.8075,1.0,HIGH,ALIGNED,1.8591,True,True,TRAIN
2025-10-28,IDEA.NS,UP,0.8024,0.625,HIGH,ALIGNED,-0.8475,False,False,TRAIN
2025-10-28,MASTEK.NS,UP,0.7903,0.375,MEDIUM,CONFLICT,0.3598,True,True,TRAIN
2025-10-28,HINDALCO.NS,UP,0.79,0.75,HIGH,ALIGNED,0.8599,True,True,TRAIN
2025-10-28,ZYDUSWELL.NS,UP,0.7871,0.875,HIGH,ALIGNED,-0.0911,False,False,TRAIN
2025-10-28,AMBER.NS,UP,0.7755,0.875,HIGH,ALIGNED,-2.5098,False,False,TRAIN
2025-10-29,SAIL.NS,UP,0.9632,1.0,HIGH,ALIGNED,-2.4902,False,False,TRAIN
2025-10-29,ADANIGREEN.NS,UP,0.9288,1.0,HIGH,ALIGNED,2.4717,True,True,TRAIN
2025-10-29,OLECTRA.NS,UP,0.912,1.0,HIGH,ALIGNED,0.3277,True,True,TRAIN
2025-10-29,VBL.NS,UP,0.9095,1.0,HIGH,ALIGNED,-2.0587,False,False,TRAIN
2025-10-29,STLTECH.NS,UP,0.8951,1.0,HIGH,ALIGNED,-1.4864,False,False,TRAIN
2025-10-29,SUZLON.NS,UP,0.8876,1.0,HIGH,ALIGNED,0.5499,True,True,TRAIN
2025-10-29,MRPL.NS,UP,0.8802,0.75,HIGH,ALIGNED,1.9822,True,True,TRAIN
2025-10-29,M&MFIN.NS,UP,0.8761,0.75,HIGH,ALIGNED,-0.5513,False,False,TRAIN
2025-10-29,IDEAFORGE.NS,UP,0.8741,1.0,HIGH,ALIGNED,-2.6134,False,False,TRAIN
2025-10-29,INTELLECT.NS,UP,0.8737,0.75,HIGH,ALIGNED,1.7349,True,True,TRAIN
2025-10-29,VEDL.NS,UP,0.8722,0.75,HIGH,ALIGNED,-1.7919,False,False,TRAIN
2025-10-29,WELCORP.NS,UP,0.8666,1.0,HIGH,ALIGNED,2.117,True,True,TRAIN
2025-10-29,JINDALSTEL.NS,UP,0.8549,0.875,HIGH,ALIGNED,-0.0374,False,False,TRAIN
2025-10-29,POLICYBZR.NS,UP,0.8322,0.75,HIGH,ALIGNED,7.0268,True,True,TRAIN
2025-10-29,TATASTEEL.NS,UP,0.8251,0.875,HIGH,ALIGNED,-0.4536,False,False,TRAIN
2025-10-29,IOC.NS,UP,0.8239,0.75,HIGH,ALIGNED,0.2575,True,True,TRAIN
2025-10-29,ADANIENSOL.NS,UP,0.8102,1.0,HIGH,ALIGNED,-0.1964,False,False,TRAIN
2025-10-29,MPHASIS.NS,UP,0.8071,1.0,HIGH,ALIGNED,0.6644,True,True,TRAIN
2025-10-29,COROMANDEL.NS,UP,0.8046,0.75,HIGH,ALIGNED,-3.566,False,False,TRAIN
2025-10-29,DEEPAKFERT.NS,UP,0.7959,0.625,HIGH,ALIGNED,-1.1506,False,False,TRAIN
2025-10-30,MRPL.NS,UP,0.9792,0.75,HIGH,ALIGNED,2.3496,True,True,TRAIN
2025-10-30,POLICYBZR.NS,UP,0.9635,1.0,HIGH,ALIGNED,-3.2041,False,False,TRAIN
2025-10-30,ADANIGREEN.NS,UP,0.9476,1.0,HIGH,ALIGNED,-0.0088,False,False,TRAIN
2025-10-30,INTELLECT.NS,UP,0.9464,1.0,HIGH,ALIGNED,8.2876,True,True,TRAIN
2025-10-30,WELCORP.NS,UP,0.9362,1.0,HIGH,ALIGNED,4.2758,True,True,TRAIN
2025-10-30,OLECTRA.NS,UP,0.9133,1.0,HIGH,ALIGNED,1.143,True,True,TRAIN
2025-10-30,SAIL.NS,UP,0.8896,0.875,HIGH,ALIGNED,-0.1459,False,False,TRAIN
2025-10-30,SAPPHIRE.NS,UP,0.8754,1.0,HIGH,ALIGNED,-5.0929,False,False,TRAIN
2025-10-30,M&MFIN.NS,UP,0.8691,0.75,HIGH,ALIGNED,-0.0475,False,False,TRAIN
2025-10-30,CANBK.NS,UP,0.8643,1.0,HIGH,ALIGNED,3.0853,True,True,TRAIN
2025-10-30,CENTUM.NS,UP,0.8604,0.75,HIGH,ALIGNED,-2.2333,False,False,TRAIN
2025-10-30,IOC.NS,UP,0.8575,0.75,HIGH,ALIGNED,1.4617,True,True,TRAIN
2025-10-30,BPCL.NS,UP,0.8486,1.0,HIGH,ALIGNED,-0.2237,False,False,TRAIN
2025-10-30,IDEAFORGE.NS,UP,0.8454,0.5,MEDIUM,ALIGNED,-0.7403,False,False,TRAIN
2025-10-30,POLYCAB.NS,UP,0.8386,1.0,HIGH,ALIGNED,-1.7973,False,False,TRAIN
2025-10-30,STLTECH.NS,UP,0.8367,0.75,HIGH,ALIGNED,-3.1495,False,False,TRAIN
2025-10-30,SUZLON.NS,UP,0.8341,1.0,HIGH,ALIGNED,1.3502,True,True,TRAIN
2025-10-30,VBL.NS,UP,0.8034,0.75,HIGH,ALIGNED,-3.2148,False,False,TRAIN
2025-10-30,OIL.NS,UP,0.7865,1.0,HIGH,ALIGNED,-0.322,False,False,TRAIN
2025-10-30,PNBHOUSING.NS,UP,0.7816,0.75,HIGH,ALIGNED,-0.626,False,False,TRAIN
2025-10-31,INTELLECT.NS,UP,0.9836,1.0,HIGH,ALIGNED,5.6903,True,True,TRAIN
2025-10-31,MRPL.NS,UP,0.9787,0.75,HIGH,ALIGNED,1.3161,True,True,TRAIN
2025-10-31,NAVINFLUOR.NS,UP,0.9763,0.75,HIGH,ALIGNED,3.8348,True,True,TRAIN
2025-10-31,WELCORP.NS,UP,0.9679,0.75,HIGH,ALIGNED,-1.3357,False,False,TRAIN
2025-10-31,OLECTRA.NS,UP,0.913,1.0,HIGH,ALIGNED,-2.2667,False,False,TRAIN
2025-10-31,ADANIGREEN.NS,UP,0.9101,1.0,HIGH,ALIGNED,-3.0526,False,False,TRAIN
2025-10-31,CANBK.NS,UP,0.9022,0.75,HIGH,ALIGNED,1.9052,True,True,TRAIN
2025-10-31,UNIONBANK.NS,UP,0.8961,1.0,HIGH,ALIGNED,1.4865,True,True,TRAIN
2025-10-31,POLICYBZR.NS,UP,0.887,0.875,HIGH,ALIGNED,1.389,True,True,TRAIN
2025-10-31,SUZLON.NS,UP,0.8539,1.0,HIGH,ALIGNED,-0.1012,False,False,TRAIN
2025-10-31,SAIL.NS,UP,0.8514,0.875,HIGH,ALIGNED,0.8184,True,True,TRAIN
2025-10-31,SOBHA.NS,UP,0.8459,0.875,HIGH,ALIGNED,2.3354,True,True,TRAIN
2025-10-31,IOC.NS,UP,0.8411,0.75,HIGH,ALIGNED,1.1031,True,True,TRAIN
2025-10-31,ADANIENSOL.NS,UP,0.8237,1.0,HIGH,ALIGNED,0.8467,True,True,TRAIN
2025-10-31,AUROPHARMA.NS,UP,0.7978,1.0,HIGH,ALIGNED,1.7297,True,True,TRAIN
2025-10-31,DEEPAKFERT.NS,UP,0.7978,0.625,HIGH,ALIGNED,-0.409,False,False,TRAIN
2025-10-31,PNB.NS,UP,0.7915,1.0,HIGH,ALIGNED,0.5127,True,True,TRAIN
2025-10-31,BANKBARODA.NS,UP,0.7901,1.0,HIGH,ALIGNED,4.5977,True,True,TRAIN
2025-10-31,M&MFIN.NS,UP,0.7766,0.875,HIGH,ALIGNED,0.9666,True,True,TRAIN
2025-10-31,POLYCAB.NS,UP,0.7746,0.875,HIGH,ALIGNED,-1.006,False,False,TRAIN
2025-11-03,INTELLECT.NS,UP,0.9895,0.875,HIGH,ALIGNED,-0.0334,False,False,TRAIN
2025-11-03,NAVINFLUOR.NS,UP,0.9892,0.75,HIGH,ALIGNED,2.5315,True,True,TRAIN
2025-11-03,MRPL.NS,UP,0.9392,0.75,HIGH,ALIGNED,4.3478,True,True,TRAIN
2025-11-03,ADANIGREEN.NS,UP,0.9309,0.75,HIGH,ALIGNED,-1.701,False,False,TRAIN
2025-11-03,SHRIRAMFIN.NS,UP,0.9088,0.75,HIGH,ALIGNED,0.0063,True,True,TRAIN
2025-11-03,WELCORP.NS,UP,0.9076,0.875,HIGH,ALIGNED,-2.9386,False,False,TRAIN
2025-11-03,RATEGAIN.NS,UP,0.8995,0.875,HIGH,ALIGNED,1.2849,True,True,TRAIN
2025-11-03,CRAFTSMAN.NS,UP,0.8971,1.0,HIGH,ALIGNED,0.5005,True,True,TRAIN
2025-11-03,CANBK.NS,UP,0.8877,0.75,HIGH,ALIGNED,0.0,False,False,TRAIN
2025-11-03,SUZLON.NS,UP,0.8525,0.75,HIGH,ALIGNED,1.266,True,True,TRAIN
2025-11-03,BANKBARODA.NS,UP,0.8463,0.75,HIGH,ALIGNED,-1.0646,False,False,TRAIN
2025-11-03,BPCL.NS,UP,0.8429,0.75,HIGH,ALIGNED,1.5383,True,True,TRAIN
2025-11-03,SAIL.NS,UP,0.8404,0.75,HIGH,ALIGNED,0.1522,True,True,TRAIN
2025-11-03,SOBHA.NS,UP,0.8338,0.875,HIGH,ALIGNED,-2.2458,False,False,TRAIN
2025-11-03,AJANTPHARM.NS,UP,0.8277,1.0,HIGH,ALIGNED,2.8078,True,True,TRAIN
2025-11-03,OLECTRA.NS,UP,0.8225,0.5,MEDIUM,ALIGNED,0.3634,True,True,TRAIN
2025-11-03,ADANIENSOL.NS,UP,0.8066,0.875,HIGH,ALIGNED,-0.8697,False,False,TRAIN
2025-11-03,AUROPHARMA.NS,UP,0.8047,1.0,HIGH,ALIGNED,-0.82,False,False,TRAIN
2025-11-03,IOC.NS,UP,0.8007,0.75,HIGH,ALIGNED,0.9062,True,True,TRAIN
2025-11-03,UNIONBANK.NS,UP,0.7843,0.875,HIGH,ALIGNED,0.4374,True,True,TRAIN
2025-11-04,MRPL.NS,UP,0.9914,0.75,HIGH,ALIGNED,-3.4447,False,False,TRAIN
2025-11-04,NAVINFLUOR.NS,UP,0.963,0.75,HIGH,ALIGNED,0.4294,True,True,TRAIN
2025-11-04,CRAFTSMAN.NS,UP,0.9125,1.0,HIGH,ALIGNED,-0.8056,False,False,TRAIN
2025-11-04,RATEGAIN.NS,UP,0.9037,0.875,HIGH,ALIGNED,-0.5249,False,False,TRAIN
2025-11-04,INTELLECT.NS,UP,0.8863,0.625,HIGH,ALIGNED,-5.3774,False,False,TRAIN
2025-11-04,AJANTPHARM.NS,UP,0.8767,1.0,HIGH,ALIGNED,-1.6049,False,False,TRAIN
2025-11-04,SHRIRAMFIN.NS,UP,0.8725,0.75,HIGH,ALIGNED,-0.5022,False,False,TRAIN
2025-11-04,APOLLOTYRE.NS,UP,0.8716,1.0,HIGH,ALIGNED,-3.1684,False,False,TRAIN
2025-11-04,SUZLON.NS,UP,0.8701,1.0,HIGH,ALIGNED,-0.6334,False,False,TRAIN
2025-11-04,SOBHA.NS,UP,0.8559,0.75,HIGH,ALIGNED,2.1739,True,True,TRAIN
2025-11-04,ADANIENSOL.NS,UP,0.8382,0.75,HIGH,ALIGNED,-1.8004,False,False,TRAIN
2025-11-04,ADANIGREEN.NS,UP,0.837,0.5,MEDIUM,ALIGNED,-2.384,False,False,TRAIN
2025-11-04,CANBK.NS,UP,0.836,0.625,HIGH,ALIGNED,-0.2579,False,False,TRAIN
2025-11-04,SAIL.NS,UP,0.8321,0.875,HIGH,ALIGNED,-0.1954,False,False,TRAIN
2025-11-04,BPCL.NS,UP,0.8181,0.75,HIGH,ALIGNED,-1.3407,False,False,TRAIN
2025-11-04,IOC.NS,UP,0.8076,0.75,HIGH,ALIGNED,-0.5199,False,False,TRAIN
2025-11-04,WELCORP.NS,UP,0.8034,0.625,HIGH,ALIGNED,-3.287,False,False,TRAIN
2025-11-04,KALYANKJIL.NS,UP,0.7794,1.0,HIGH,ALIGNED,-1.8657,False,False,TRAIN
2025-11-04,HFCL.NS,UP,0.7745,0.75,HIGH,ALIGNED,-2.9622,False,False,TRAIN
2025-11-04,STLTECH.NS,UP,0.7635,0.625,HIGH,ALIGNED,-6.3706,False,False,TRAIN
2025-11-06,SYMPHONY.NS,UP,0.9241,1.0,HIGH,ALIGNED,-3.9787,False,False,TRAIN
2025-11-06,INTELLECT.NS,UP,0.9037,0.625,HIGH,ALIGNED,-0.0441,False,False,TRAIN
2025-11-06,SOBHA.NS,UP,0.8946,1.0,HIGH,ALIGNED,2.8288,True,True,TRAIN
2025-11-06,MRPL.NS,UP,0.8863,0.625,HIGH,ALIGNED,1.5483,True,True,TRAIN
2025-11-06,NAVINFLUOR.NS,UP,0.8793,0.625,HIGH,ALIGNED,-1.8418,False,False,TRAIN
2025-11-06,SHRIRAMFIN.NS,UP,0.8746,0.75,HIGH,ALIGNED,3.0095,True,True,TRAIN
2025-11-06,RATEGAIN.NS,UP,0.8629,0.75,HIGH,ALIGNED,-1.5318,False,False,TRAIN
2025-11-06,BRITANNIA.NS,UP,0.8159,1.0,HIGH,ALIGNED,2.3946,True,True,TRAIN
2025-11-06,BPCL.NS,UP,0.7973,1.0,HIGH,ALIGNED,-0.2174,False,False,TRAIN
2025-11-06,TATACONSUM.NS,UP,0.7934,1.0,HIGH,ALIGNED,-1.9489,False,False,TRAIN
2025-11-06,MANAPPURAM.NS,UP,0.7849,0.75,HIGH,ALIGNED,-1.2226,False,False,TRAIN
2025-11-06,RADICO.NS,UP,0.7849,0.875,HIGH,ALIGNED,3.9235,True,True,TRAIN
2025-11-06,POLICYBZR.NS,UP,0.7778,0.5,MEDIUM,ALIGNED,1.5022,True,True,TRAIN
2025-11-06,CRAFTSMAN.NS,UP,0.7768,0.875,HIGH,ALIGNED,-0.0295,False,False,TRAIN
2025-11-06,AJANTPHARM.NS,UP,0.772,0.75,HIGH,ALIGNED,-1.7362,False,False,TRAIN
2025-11-06,GODREJCP.NS,UP,0.772,0.875,HIGH,ALIGNED,-2.1117,False,False,TRAIN
2025-11-06,SUZLON.NS,UP,0.771,0.875,HIGH,ALIGNED,-3.741,False,False,TRAIN
2025-11-06,DABUR.NS,UP,0.7637,1.0,HIGH,ALIGNED,-0.9643,False,False,TRAIN
2025-11-06,ASIANPAINT.NS,UP,0.7576,1.0,HIGH,ALIGNED,0.4188,True,True,TRAIN
2025-11-06,CANBK.NS,UP,0.7498,0.625,HIGH,ALIGNED,1.027,True,True,TRAIN
2025-11-07,BSE.NS,UP,0.962,0.75,HIGH,ALIGNED,-1.9789,False,False,TRAIN
2025-11-07,RADICO.NS,UP,0.9212,0.875,HIGH,ALIGNED,-1.5494,False,False,TRAIN
2025-11-07,SHRIRAMFIN.NS,UP,0.911,0.75,HIGH,ALIGNED,0.5819,True,True,TRAIN
2025-11-07,SOBHA.NS,UP,0.9059,0.875,HIGH,ALIGNED,-3.1331,False,False,TRAIN
2025-11-07,UNIONBANK.NS,UP,0.8859,0.875,HIGH,ALIGNED,0.6132,True,True,TRAIN
2025-11-07,NAVINFLUOR.NS,UP,0.8427,0.5,MEDIUM,ALIGNED,0.4105,True,True,TRAIN
2025-11-07,IDFCFIRSTB.NS,UP,0.8249,0.5,MEDIUM,ALIGNED,-0.3191,False,False,TRAIN
2025-11-07,BRITANNIA.NS,UP,0.8237,1.0,HIGH,ALIGNED,-0.3898,False,False,TRAIN
2025-11-07,APOLLOTYRE.NS,UP,0.8141,0.875,HIGH,ALIGNED,1.2806,True,True,TRAIN
2025-11-07,SAIL.NS,UP,0.8093,0.875,HIGH,ALIGNED,2.3688,True,True,TRAIN
2025-11-07,MRPL.NS,UP,0.7961,0.5,MEDIUM,ALIGNED,-1.1131,False,False,TRAIN
2025-11-07,CANBK.NS,UP,0.7727,0.625,HIGH,ALIGNED,0.263,True,True,TRAIN
2025-11-07,RATEGAIN.NS,UP,0.7659,0.5,MEDIUM,ALIGNED,0.4689,True,True,TRAIN
2025-11-07,M&M.NS,UP,0.7656,0.75,HIGH,ALIGNED,-0.7127,False,False,TRAIN
2025-11-07,INTELLECT.NS,UP,0.7632,0.5,MEDIUM,ALIGNED,-2.9664,False,False,TRAIN
2025-11-07,BANKBARODA.NS,UP,0.7461,0.625,HIGH,ALIGNED,-0.467,False,False,TRAIN
2025-11-07,ENDURANCE.NS,UP,0.7378,0.625,HIGH,ALIGNED,-0.9594,False,False,TRAIN
2025-11-07,LUPIN.NS,UP,0.7337,0.875,HIGH,ALIGNED,0.9332,True,True,TRAIN
2025-11-07,GODREJCP.NS,UP,0.7278,0.375,MEDIUM,CONFLICT,0.4368,True,True,TRAIN
2025-11-07,GLAXO.NS,UP,0.7268,0.375,MEDIUM,CONFLICT,-1.8586,False,False,TRAIN
2025-11-10,IDEA.NS,UP,0.9583,0.75,HIGH,ALIGNED,7.7895,True,True,TRAIN
2025-11-10,NATIONALUM.NS,UP,0.9279,0.75,HIGH,ALIGNED,3.2251,True,True,TRAIN
2025-11-10,BSE.NS,UP,0.9012,0.75,HIGH,ALIGNED,0.7199,True,True,TRAIN
2025-11-10,SHRIRAMFIN.NS,UP,0.8811,0.625,HIGH,ALIGNED,1.364,True,True,TRAIN
2025-11-10,MANAPPURAM.NS,UP,0.8585,0.875,HIGH,ALIGNED,-1.0973,False,False,TRAIN
2025-11-10,SAIL.NS,UP,0.8556,0.875,HIGH,ALIGNED,0.0416,True,True,TRAIN
2025-11-10,GRSE.NS,UP,0.8529,1.0,HIGH,ALIGNED,3.8546,True,True,TRAIN
2025-11-10,CHOLAFIN.NS,UP,0.8345,0.875,HIGH,ALIGNED,-0.7182,False,False,TRAIN
2025-11-10,TORNTPHARM.NS,UP,0.8272,1.0,HIGH,ALIGNED,0.2174,True,True,TRAIN
2025-11-10,VEDL.NS,UP,0.8044,0.875,HIGH,ALIGNED,0.8179,True,True,TRAIN
2025-11-10,BRITANNIA.NS,UP,0.7932,0.875,HIGH,ALIGNED,-2.9836,False,False,TRAIN
2025-11-10,KPITTECH.NS,UP,0.7927,1.0,HIGH,ALIGNED,1.6431,True,True,TRAIN
2025-11-10,COROMANDEL.NS,UP,0.7859,0.625,HIGH,ALIGNED,0.5447,True,True,TRAIN
2025-11-10,CRAFTSMAN.NS,UP,0.7857,0.625,HIGH,ALIGNED,5.6852,True,True,TRAIN
2025-11-10,UNIONBANK.NS,UP,0.7837,0.75,HIGH,ALIGNED,-1.0503,False,False,TRAIN
2025-11-10,MUTHOOTFIN.NS,UP,0.7735,0.875,HIGH,ALIGNED,1.8358,True,True,TRAIN
2025-11-10,RATNAMANI.NS,UP,0.766,0.625,HIGH,ALIGNED,0.9868,True,True,TRAIN
2025-11-10,RATEGAIN.NS,UP,0.7636,0.625,HIGH,ALIGNED,-2.3115,False,False,TRAIN
2025-11-10,APOLLOTYRE.NS,UP,0.7604,0.75,HIGH,ALIGNED,-0.3065,False,False,TRAIN
2025-11-10,RADICO.NS,UP,0.7556,0.75,HIGH,ALIGNED,0.4909,True,True,TRAIN
2025-11-11,IDEA.NS,UP,0.9786,1.0,HIGH,ALIGNED,1.2695,True,True,TRAIN
2025-11-11,NATIONALUM.NS,UP,0.9257,0.75,HIGH,ALIGNED,0.4856,True,True,TRAIN
2025-11-11,CRAFTSMAN.NS,UP,0.9117,1.0,HIGH,ALIGNED,-1.4424,False,False,TRAIN
2025-11-11,GRSE.NS,UP,0.884,0.875,HIGH,ALIGNED,1.102,True,True,TRAIN
2025-11-11,BHARATFORG.NS,UP,0.8633,0.75,HIGH,ALIGNED,-0.92,False,False,TRAIN
2025-11-11,BRITANNIA.NS,UP,0.86,0.625,HIGH,ALIGNED,-1.1848,False,False,TRAIN
2025-11-11,KPITTECH.NS,UP,0.8316,1.0,HIGH,ALIGNED,2.6227,True,True,TRAIN
2025-11-11,BSE.NS,UP,0.8133,0.75,HIGH,ALIGNED,4.9618,True,True,TRAIN
2025-11-11,MANAPPURAM.NS,UP,0.8124,0.625,HIGH,ALIGNED,-0.3092,False,False,TRAIN
2025-11-11,TORNTPHARM.NS,UP,0.8107,0.875,HIGH,ALIGNED,-0.0314,False,False,TRAIN
2025-11-11,HFCL.NS,UP,0.8063,1.0,HIGH,ALIGNED,-1.8391,False,False,TRAIN
2025-11-11,MASTEK.NS,UP,0.7925,0.875,HIGH,ALIGNED,2.4065,True,True,TRAIN
2025-11-11,DATAPATTNS.NS,UP,0.792,1.0,HIGH,ALIGNED,1.2878,True,True,TRAIN
2025-11-11,MRPL.NS,UP,0.7879,0.5,MEDIUM,ALIGNED,-2.1531,False,False,TRAIN
2025-11-11,ASHOKLEY.NS,UP,0.783,1.0,HIGH,ALIGNED,-2.4035,False,False,TRAIN
2025-11-11,CHOLAFIN.NS,UP,0.7796,0.75,HIGH,ALIGNED,-1.3205,False,False,TRAIN
2025-11-11,MUTHOOTFIN.NS,UP,0.7777,0.625,HIGH,ALIGNED,-1.9001,False,False,TRAIN
2025-11-11,PARAS.NS,UP,0.7714,0.875,HIGH,ALIGNED,0.1352,True,True,TRAIN
2025-11-11,COROMANDEL.NS,UP,0.7527,0.75,HIGH,ALIGNED,0.3168,True,True,TRAIN
2025-11-11,M&M.NS,UP,0.7524,0.875,HIGH,ALIGNED,0.1387,True,True,TRAIN
2025-11-12,BSE.NS,UP,0.96,0.75,HIGH,ALIGNED,-0.5477,False,False,TRAIN
2025-11-12,GRSE.NS,UP,0.8983,1.0,HIGH,ALIGNED,-2.3717,False,False,TRAIN
2025-11-12,NATIONALUM.NS,UP,0.88,0.625,HIGH,ALIGNED,0.6443,True,True,TRAIN
2025-11-12,KPITTECH.NS,UP,0.8644,0.875,HIGH,ALIGNED,-0.4501,False,False,TRAIN
2025-11-12,INDUSINDBK.NS,UP,0.8571,0.75,HIGH,ALIGNED,-0.1099,False,False,TRAIN
2025-11-12,BHARATFORG.NS,UP,0.828,0.75,HIGH,ALIGNED,-0.0288,False,False,TRAIN
2025-11-12,DATAPATTNS.NS,UP,0.8254,1.0,HIGH,ALIGNED,7.5639,True,True,TRAIN
2025-11-12,BIOCON.NS,UP,0.8166,0.75,HIGH,ALIGNED,2.7347,True,True,TRAIN
2025-11-12,MASTEK.NS,UP,0.811,0.875,HIGH,ALIGNED,-0.4389,False,False,TRAIN
2025-11-12,SOLARINDS.NS,UP,0.8095,1.0,HIGH,ALIGNED,-2.3076,False,False,TRAIN
2025-11-12,NAUKRI.NS,UP,0.8073,1.0,HIGH,ALIGNED,-2.1142,False,False,TRAIN
2025-11-12,ASIANPAINT.NS,UP,0.799,0.75,HIGH,ALIGNED,3.957,True,True,TRAIN
2025-11-12,NMDC.NS,UP,0.7876,1.0,HIGH,ALIGNED,0.2721,True,True,TRAIN
2025-11-12,MPHASIS.NS,UP,0.7793,0.875,HIGH,ALIGNED,-0.1345,False,False,TRAIN
2025-11-12,BDL.NS,UP,0.7754,0.75,HIGH,ALIGNED,-0.9462,False,False,TRAIN
2025-11-12,GNFC.NS,UP,0.7666,1.0,HIGH,ALIGNED,-0.5968,False,False,TRAIN
2025-11-12,TORNTPHARM.NS,UP,0.7649,0.75,HIGH,ALIGNED,0.0392,True,True,TRAIN
2025-11-12,HEROMOTOCO.NS,UP,0.7573,0.875,HIGH,ALIGNED,-0.4608,False,False,TRAIN
2025-11-12,TEJASNET.NS,UP,0.7473,0.875,HIGH,ALIGNED,-4.2884,False,False,TRAIN
2025-11-12,INFY.NS,UP,0.7402,1.0,HIGH,ALIGNED,-0.638,False,False,TRAIN
2025-11-13,DATAPATTNS.NS,UP,0.958,1.0,HIGH,ALIGNED,3.2397,True,True,TRAIN
2025-11-13,PARAS.NS,UP,0.9097,1.0,HIGH,ALIGNED,6.56,True,True,TRAIN
2025-11-13,STLTECH.NS,UP,0.8847,0.875,HIGH,ALIGNED,1.7347,True,True,TRAIN
2025-11-13,BSE.NS,UP,0.8837,0.5,MEDIUM,ALIGNED,2.4419,True,True,TRAIN
2025-11-13,IDEA.NS,UP,0.8735,0.875,HIGH,ALIGNED,4.489,True,True,TRAIN
2025-11-13,INDUSINDBK.NS,UP,0.8602,0.75,HIGH,ALIGNED,-1.7604,False,False,TRAIN
2025-11-13,NATIONALUM.NS,UP,0.86,0.625,HIGH,ALIGNED,-2.2704,False,False,TRAIN
2025-11-13,MOTHERSON.NS,UP,0.8347,1.0,HIGH,ALIGNED,0.6506,True,True,TRAIN
2025-11-13,GRSE.NS,UP,0.8335,0.875,HIGH,ALIGNED,5.3568,True,True,TRAIN
2025-11-13,ASHOKLEY.NS,UP,0.8235,1.0,HIGH,ALIGNED,-1.4294,False,False,TRAIN
2025-11-13,ADANIENSOL.NS,UP,0.8206,1.0,HIGH,ALIGNED,0.2399,True,True,TRAIN
2025-11-13,BIOCON.NS,UP,0.8066,0.75,HIGH,ALIGNED,-1.4029,False,False,TRAIN
2025-11-13,ASIANPAINT.NS,UP,0.8012,0.75,HIGH,ALIGNED,0.9377,True,True,TRAIN
2025-11-13,VEDL.NS,UP,0.8005,1.0,HIGH,ALIGNED,-0.8025,False,False,TRAIN
2025-11-13,HINDZINC.NS,UP,0.7978,0.875,HIGH,ALIGNED,-1.6458,False,False,TRAIN
2025-11-13,BDL.NS,UP,0.7947,0.75,HIGH,ALIGNED,6.3179,True,True,TRAIN
2025-11-13,SAIL.NS,UP,0.7896,0.875,HIGH,ALIGNED,-1.8864,False,False,TRAIN
2025-11-13,VOLTAS.NS,UP,0.7823,0.625,HIGH,ALIGNED,1.0472,True,True,TRAIN
2025-11-13,NMDC.NS,UP,0.7799,1.0,HIGH,ALIGNED,-1.0854,False,False,TRAIN
2025-11-13,MASTEK.NS,UP,0.776,0.75,HIGH,ALIGNED,-0.4676,False,False,TRAIN
2025-11-14,DATAPATTNS.NS,UP,0.9601,1.0,HIGH,ALIGNED,-0.4773,False,False,TRAIN
2025-11-14,PARAS.NS,UP,0.9429,1.0,HIGH,ALIGNED,-1.6321,False,False,TRAIN
2025-11-14,GRSE.NS,UP,0.9217,1.0,HIGH,ALIGNED,-0.3107,False,False,TRAIN
2025-11-14,BDL.NS,UP,0.92,1.0,HIGH,ALIGNED,-1.5058,False,False,TRAIN
2025-11-14,MUTHOOTFIN.NS,UP,0.9042,0.75,HIGH,ALIGNED,0.9368,True,True,TRAIN
2025-11-14,MOTHERSON.NS,UP,0.8798,1.0,HIGH,ALIGNED,0.1639,True,True,TRAIN
2025-11-14,ADANIENSOL.NS,UP,0.8736,1.0,HIGH,ALIGNED,-0.2246,False,False,TRAIN
2025-11-14,STLTECH.NS,UP,0.8466,0.875,HIGH,ALIGNED,-2.6795,False,False,TRAIN
2025-11-14,VOLTAS.NS,UP,0.8433,0.875,HIGH,ALIGNED,1.7026,True,True,TRAIN
2025-11-14,GLENMARK.NS,UP,0.8384,1.0,HIGH,ALIGNED,-1.4085,False,False,TRAIN
2025-11-14,MANAPPURAM.NS,UP,0.82,1.0,HIGH,ALIGNED,0.5335,True,True,TRAIN
2025-11-14,NATIONALUM.NS,UP,0.8089,0.375,MEDIUM,CONFLICT,-0.6893,False,False,TRAIN
2025-11-14,ZENSARTECH.NS,UP,0.8005,0.375,MEDIUM,CONFLICT,-0.0828,False,False,TRAIN
2025-11-14,AUROPHARMA.NS,UP,0.7966,0.75,HIGH,ALIGNED,1.1779,True,True,TRAIN
2025-11-14,INDUSINDBK.NS,UP,0.7929,0.625,HIGH,ALIGNED,0.6838,True,True,TRAIN
2025-11-14,AMBER.NS,UP,0.7882,0.625,HIGH,ALIGNED,0.9151,True,True,TRAIN
2025-11-14,ASHOKLEY.NS,UP,0.783,0.875,HIGH,ALIGNED,0.1282,True,True,TRAIN
2025-11-14,ASIANPAINT.NS,UP,0.7704,0.75,HIGH,ALIGNED,-0.6365,False,False,TRAIN
2025-11-14,KPITTECH.NS,UP,0.7687,0.75,HIGH,ALIGNED,-0.5073,False,False,TRAIN
2025-11-14,HEROMOTOCO.NS,UP,0.7665,1.0,HIGH,ALIGNED,4.6944,True,True,TRAIN
2025-11-17,IDEAFORGE.NS,UP,0.9738,1.0,HIGH,ALIGNED,-3.6072,False,False,TRAIN
2025-11-17,IDEA.NS,UP,0.9614,0.875,HIGH,ALIGNED,-1.7383,False,False,TRAIN
2025-11-17,DATAPATTNS.NS,UP,0.9495,0.875,HIGH,ALIGNED,0.9236,True,True,TRAIN
2025-11-17,PARAS.NS,UP,0.9415,0.875,HIGH,ALIGNED,-2.2963,False,False,TRAIN
2025-11-17,CENTUM.NS,UP,0.9311,1.0,HIGH,ALIGNED,-1.5859,False,False,TRAIN
2025-11-17,MRPL.NS,UP,0.9053,1.0,HIGH,ALIGNED,-2.7953,False,False,TRAIN
2025-11-17,MUTHOOTFIN.NS,UP,0.8633,0.75,HIGH,ALIGNED,-1.7179,False,False,TRAIN
2025-11-17,MASTEK.NS,UP,0.8558,1.0,HIGH,ALIGNED,-2.1315,False,False,TRAIN
2025-11-17,RAJESHEXPO.NS,UP,0.8541,1.0,HIGH,ALIGNED,-0.0315,False,False,TRAIN
2025-11-17,GRSE.NS,UP,0.8512,0.875,HIGH,ALIGNED,-1.0561,False,False,TRAIN
2025-11-17,HEROMOTOCO.NS,UP,0.8352,1.0,HIGH,ALIGNED,0.0172,True,True,TRAIN
2025-11-17,BIOCON.NS,UP,0.8279,0.625,HIGH,ALIGNED,0.1544,True,True,TRAIN
2025-11-17,RAILTEL.NS,UP,0.8274,0.875,HIGH,ALIGNED,-2.2918,False,False,TRAIN
2025-11-17,IRCON.NS,UP,0.8192,0.875,HIGH,ALIGNED,-0.3502,False,False,TRAIN
2025-11-17,BDL.NS,UP,0.8175,0.75,HIGH,ALIGNED,-1.9692,False,False,TRAIN
2025-11-17,DEEPAKFERT.NS,UP,0.8131,0.625,HIGH,ALIGNED,-2.1337,False,False,TRAIN
2025-11-17,ADANIGREEN.NS,UP,0.8032,0.75,HIGH,ALIGNED,-1.0105,False,False,TRAIN
2025-11-17,AMBER.NS,UP,0.8032,0.625,HIGH,ALIGNED,-1.1755,False,False,TRAIN
2025-11-17,FINEORG.NS,UP,0.799,1.0,HIGH,ALIGNED,2.3715,True,True,TRAIN
2025-11-17,MOTHERSON.NS,UP,0.7978,0.75,HIGH,ALIGNED,-0.9635,False,False,TRAIN
2025-11-18,CENTUM.NS,UP,0.949,0.875,HIGH,ALIGNED,1.3767,True,True,TRAIN
2025-11-18,DATAPATTNS.NS,UP,0.9276,0.75,HIGH,ALIGNED,-1.9008,False,False,TRAIN
2025-11-18,SAPPHIRE.NS,UP,0.9236,0.75,HIGH,ALIGNED,0.3815,True,True,TRAIN
2025-11-18,RATEGAIN.NS,UP,0.9137,0.875,HIGH,ALIGNED,-0.301,False,False,TRAIN
2025-11-18,IDEAFORGE.NS,UP,0.8892,0.625,HIGH,ALIGNED,-0.8841,False,False,TRAIN
2025-11-18,BIOCON.NS,UP,0.8817,0.75,HIGH,ALIGNED,-2.7277,False,False,TRAIN
2025-11-18,BSE.NS,UP,0.8697,0.625,HIGH,ALIGNED,2.2653,True,True,TRAIN
2025-11-18,FINEORG.NS,UP,0.8442,1.0,HIGH,ALIGNED,-0.873,False,False,TRAIN
2025-11-18,HEROMOTOCO.NS,UP,0.8365,1.0,HIGH,ALIGNED,1.3277,True,True,TRAIN
2025-11-18,PARAS.NS,UP,0.8325,0.75,HIGH,ALIGNED,-2.0514,False,False,TRAIN
2025-11-18,IDEA.NS,UP,0.8257,0.75,HIGH,ALIGNED,-0.4655,False,False,TRAIN
2025-11-18,RAJESHEXPO.NS,UP,0.8228,0.875,HIGH,ALIGNED,-0.7254,False,False,TRAIN
2025-11-18,ROUTE.NS,UP,0.8166,0.5,MEDIUM,ALIGNED,-1.7895,False,False,TRAIN
2025-11-18,SUNDRMFAST.NS,UP,0.8111,1.0,HIGH,ALIGNED,-2.5083,False,False,TRAIN
2025-11-18,VOLTAS.NS,UP,0.8108,0.75,HIGH,ALIGNED,1.2715,True,True,TRAIN
2025-11-18,GRANULES.NS,UP,0.7981,0.875,HIGH,ALIGNED,-1.3358,False,False,TRAIN
2025-11-18,GLENMARK.NS,UP,0.795,0.5,MEDIUM,ALIGNED,-0.1085,False,False,TRAIN
2025-11-18,AUROPHARMA.NS,UP,0.7947,0.75,HIGH,ALIGNED,-0.2824,False,False,TRAIN
2025-11-18,ATUL.NS,UP,0.781,1.0,HIGH,ALIGNED,-0.1058,False,False,TRAIN
2025-11-18,M&MFIN.NS,UP,0.7601,0.75,HIGH,ALIGNED,2.1524,True,True,TRAIN
2025-11-19,JPPOWER.NS,UP,0.9507,0.75,HIGH,ALIGNED,6.7588,True,True,TRAIN
2025-11-19,SAPPHIRE.NS,UP,0.9279,0.75,HIGH,ALIGNED,-0.532,False,False,TRAIN
2025-11-19,M&MFIN.NS,UP,0.9012,0.75,HIGH,ALIGNED,5.0781,True,True,TRAIN
2025-11-19,DEEPAKFERT.NS,UP,0.8964,0.875,HIGH,ALIGNED,-0.1794,False,False,TRAIN
2025-11-19,MOTHERSON.NS,UP,0.8925,1.0,HIGH,ALIGNED,-0.1427,False,False,TRAIN
2025-11-19,CENTUM.NS,UP,0.8883,0.875,HIGH,ALIGNED,-1.2717,False,False,TRAIN
2025-11-19,POLICYBZR.NS,UP,0.8862,1.0,HIGH,ALIGNED,-0.3674,False,False,TRAIN
2025-11-19,FINEORG.NS,UP,0.8641,0.875,HIGH,ALIGNED,-0.7818,False,False,TRAIN
2025-11-19,DATAPATTNS.NS,UP,0.8279,0.625,HIGH,ALIGNED,1.6169,True,True,TRAIN
2025-11-19,SUDARSCHEM.NS,UP,0.8252,0.5,MEDIUM,ALIGNED,-0.3279,False,False,TRAIN
2025-11-19,VOLTAS.NS,UP,0.8165,0.875,HIGH,ALIGNED,0.7134,True,True,TRAIN
2025-11-19,RATEGAIN.NS,UP,0.7985,0.75,HIGH,ALIGNED,0.3159,True,True,TRAIN
2025-11-19,ERIS.NS,UP,0.7927,1.0,HIGH,ALIGNED,3.6439,True,True,TRAIN
2025-11-19,HEROMOTOCO.NS,UP,0.7903,0.875,HIGH,ALIGNED,2.0931,True,True,TRAIN
2025-11-19,IDEA.NS,UP,0.7859,0.625,HIGH,ALIGNED,-4.8644,False,False,TRAIN
2025-11-19,LTTS.NS,UP,0.784,1.0,HIGH,ALIGNED,-2.4482,False,False,TRAIN
2025-11-19,PRESTIGE.NS,UP,0.7782,0.625,HIGH,ALIGNED,-0.0058,False,False,TRAIN
2025-11-19,BHARATFORG.NS,UP,0.7684,0.625,HIGH,ALIGNED,-0.7468,False,False,TRAIN
2025-11-19,BSE.NS,UP,0.768,0.5,MEDIUM,ALIGNED,-0.0966,False,False,TRAIN
2025-11-19,INTELLECT.NS,UP,0.7546,0.875,HIGH,ALIGNED,-3.9639,False,False,TRAIN
2025-11-20,JPPOWER.NS,UP,0.9799,0.75,HIGH,ALIGNED,-7.5323,False,False,TRAIN
2025-11-20,RADICO.NS,UP,0.9206,1.0,HIGH,ALIGNED,-2.8177,False,False,TRAIN
2025-11-20,M&MFIN.NS,UP,0.9182,0.75,HIGH,ALIGNED,-1.1685,False,False,TRAIN
2025-11-20,ERIS.NS,UP,0.9066,1.0,HIGH,ALIGNED,-0.2156,False,False,TRAIN
2025-11-20,GRSE.NS,UP,0.892,0.875,HIGH,ALIGNED,-3.5672,False,False,TRAIN
2025-11-20,NATCOPHARM.NS,UP,0.8646,1.0,HIGH,ALIGNED,-0.5177,False,False,TRAIN
2025-11-20,IDEAFORGE.NS,UP,0.8641,0.75,HIGH,ALIGNED,-2.8571,False,False,TRAIN
2025-11-20,HEROMOTOCO.NS,UP,0.8417,0.75,HIGH,ALIGNED,0.05,True,True,TRAIN
2025-11-20,PARAS.NS,UP,0.8369,0.75,HIGH,ALIGNED,-3.3818,False,False,TRAIN
2025-11-20,ENDURANCE.NS,UP,0.833,0.75,HIGH,ALIGNED,-1.5986,False,False,TRAIN
2025-11-20,METROBRAND.NS,UP,0.8274,0.75,HIGH,ALIGNED,0.2803,True,True,TRAIN
2025-11-20,CENTUM.NS,UP,0.8233,0.625,HIGH,ALIGNED,-1.6578,False,False,TRAIN
2025-11-20,RAJESHEXPO.NS,UP,0.8027,0.875,HIGH,ALIGNED,-2.6262,False,False,TRAIN
2025-11-20,DATAPATTNS.NS,UP,0.7876,0.875,HIGH,ALIGNED,-2.4544,False,False,TRAIN
2025-11-20,SAPPHIRE.NS,UP,0.7876,0.5,MEDIUM,ALIGNED,-2.5788,False,False,TRAIN
2025-11-20,BSE.NS,UP,0.7818,0.375,MEDIUM,CONFLICT,-1.2848,False,False,TRAIN
2025-11-20,EICHERMOT.NS,UP,0.7757,1.0,HIGH,ALIGNED,0.1263,True,True,TRAIN
2025-11-20,POLICYBZR.NS,UP,0.774,0.75,HIGH,ALIGNED,-1.7951,False,False,TRAIN
2025-11-20,VOLTAS.NS,UP,0.7716,0.875,HIGH,ALIGNED,-1.1333,False,False,TRAIN
2025-11-20,LTTS.NS,UP,0.7682,0.875,HIGH,ALIGNED,-1.5215,False,False,TRAIN
2025-11-21,JPPOWER.NS,UP,0.9914,0.75,HIGH,ALIGNED,-3.2484,False,False,TRAIN
2025-11-21,M&MFIN.NS,UP,0.9292,0.75,HIGH,ALIGNED,4.3789,True,True,TRAIN
2025-11-21,ERIS.NS,UP,0.8923,0.875,HIGH,ALIGNED,1.0804,True,True,TRAIN
2025-11-21,GODREJAGRO.NS,UP,0.8816,0.625,HIGH,ALIGNED,-1.7309,False,False,TRAIN
2025-11-21,VOLTAS.NS,UP,0.8593,0.875,HIGH,ALIGNED,-2.9517,False,False,TRAIN
2025-11-21,NATCOPHARM.NS,UP,0.8416,0.875,HIGH,ALIGNED,-2.7232,False,False,TRAIN
2025-11-21,RADICO.NS,UP,0.8371,0.625,HIGH,ALIGNED,-0.5194,False,False,TRAIN
2025-11-21,TATACOMM.NS,UP,0.8275,1.0,HIGH,ALIGNED,-2.0876,False,False,TRAIN
2025-11-21,TATACONSUM.NS,UP,0.8134,1.0,HIGH,ALIGNED,0.2451,True,True,TRAIN
2025-11-21,HEROMOTOCO.NS,UP,0.7995,0.625,HIGH,ALIGNED,-0.3415,False,False,TRAIN
2025-11-21,POLICYBZR.NS,UP,0.7983,0.75,HIGH,ALIGNED,-1.6291,False,False,TRAIN
2025-11-21,EICHERMOT.NS,UP,0.7957,1.0,HIGH,ALIGNED,1.738,True,True,TRAIN
2025-11-21,SAPPHIRE.NS,UP,0.7715,0.375,MEDIUM,CONFLICT,-0.1765,False,False,TRAIN
2025-11-21,METROBRAND.NS,UP,0.7694,0.75,HIGH,ALIGNED,0.4892,True,True,TRAIN
2025-11-21,IDEAFORGE.NS,UP,0.749,0.5,MEDIUM,ALIGNED,-3.4001,False,False,TRAIN
2025-11-21,NAUKRI.NS,UP,0.7431,0.625,HIGH,ALIGNED,0.4402,True,True,TRAIN
2025-11-21,ENDURANCE.NS,UP,0.7397,0.5,MEDIUM,ALIGNED,-1.3477,False,False,TRAIN
2025-11-21,GLAXO.NS,UP,0.7289,0.625,HIGH,ALIGNED,-0.8367,False,False,TRAIN
2025-11-21,BLUESTARCO.NS,UP,0.7251,0.375,MEDIUM,CONFLICT,0.5067,True,True,TRAIN
2025-11-21,M&M.NS,UP,0.7232,1.0,HIGH,ALIGNED,-1.5682,False,False,TRAIN
2025-11-24,M&MFIN.NS,UP,0.9122,0.75,HIGH,ALIGNED,0.7831,True,True,TRAIN
2025-11-24,JPPOWER.NS,UP,0.8849,0.5,MEDIUM,ALIGNED,1.4979,True,True,TRAIN
2025-11-24,CLEAN.NS,UP,0.8624,0.75,HIGH,ALIGNED,-2.9652,False,False,TRAIN
2025-11-24,APOLLOTYRE.NS,UP,0.8289,1.0,HIGH,ALIGNED,-1.155,False,False,TRAIN
2025-11-24,NOCIL.NS,UP,0.8234,0.75,HIGH,ALIGNED,-0.4231,False,False,TRAIN
2025-11-24,METROBRAND.NS,UP,0.8151,0.75,HIGH,ALIGNED,0.3825,True,True,TRAIN
2025-11-24,ERIS.NS,UP,0.8091,0.875,HIGH,ALIGNED,-1.8943,False,False,TRAIN
2025-11-24,MPHASIS.NS,UP,0.8024,0.875,HIGH,ALIGNED,1.1536,True,True,TRAIN
2025-11-24,EICHERMOT.NS,UP,0.7902,1.0,HIGH,ALIGNED,-0.5511,False,False,TRAIN
2025-11-24,BHARATFORG.NS,UP,0.7823,0.75,HIGH,ALIGNED,-0.177,False,False,TRAIN
2025-11-24,PERSISTENT.NS,UP,0.7799,0.625,HIGH,ALIGNED,-0.0628,False,False,TRAIN
2025-11-24,NAUKRI.NS,UP,0.7797,0.75,HIGH,ALIGNED,-1.0622,False,False,TRAIN
2025-11-24,NATCOPHARM.NS,UP,0.7536,0.5,MEDIUM,ALIGNED,-0.8618,False,False,TRAIN
2025-11-24,COROMANDEL.NS,UP,0.7522,1.0,HIGH,ALIGNED,0.1347,True,True,TRAIN
2025-11-24,INFY.NS,UP,0.7486,1.0,HIGH,ALIGNED,-1.124,False,False,TRAIN
2025-11-24,SAPPHIRE.NS,UP,0.7457,0.5,MEDIUM,ALIGNED,1.9643,True,True,TRAIN
2025-11-24,SUNDRMFAST.NS,UP,0.7411,0.875,HIGH,ALIGNED,-2.2838,False,False,TRAIN
2025-11-24,TECHM.NS,UP,0.7364,0.875,HIGH,ALIGNED,0.0,False,False,TRAIN
2025-11-24,VOLTAS.NS,UP,0.7227,0.375,MEDIUM,CONFLICT,0.1255,True,True,TRAIN
2025-11-24,BRITANNIA.NS,UP,0.7175,0.625,HIGH,ALIGNED,0.8856,True,True,TRAIN
2025-11-25,JPPOWER.NS,UP,0.9801,0.75,HIGH,ALIGNED,-2.1883,False,False,TRAIN
2025-11-25,CRAFTSMAN.NS,UP,0.9598,1.0,HIGH,ALIGNED,1.1394,True,True,TRAIN
2025-11-25,ERIS.NS,UP,0.9167,0.75,HIGH,ALIGNED,-2.1488,False,False,TRAIN
2025-11-25,M&MFIN.NS,UP,0.8846,0.625,HIGH,ALIGNED,-2.9138,False,False,TRAIN
2025-11-25,NOCIL.NS,UP,0.8282,0.5,MEDIUM,ALIGNED,0.7809,True,True,TRAIN
2025-11-25,COFORGE.NS,UP,0.8032,0.75,HIGH,ALIGNED,2.151,True,True,TRAIN
2025-11-25,GLENMARK.NS,UP,0.8012,0.875,HIGH,ALIGNED,2.1153,True,True,TRAIN
2025-11-25,RVNL.NS,UP,0.7875,0.625,HIGH,ALIGNED,0.2168,True,True,TRAIN
2025-11-25,EICHERMOT.NS,UP,0.7762,0.75,HIGH,ALIGNED,-0.2771,False,False,TRAIN
2025-11-25,MPHASIS.NS,UP,0.7728,0.75,HIGH,ALIGNED,0.1073,True,True,TRAIN
2025-11-25,ENDURANCE.NS,UP,0.7608,0.5,MEDIUM,ALIGNED,-0.4378,False,False,TRAIN
2025-11-25,METROBRAND.NS,UP,0.7532,0.875,HIGH,ALIGNED,1.7665,True,True,TRAIN
2025-11-25,FEDERALBNK.NS,UP,0.7507,0.75,HIGH,ALIGNED,0.1484,True,True,TRAIN
2025-11-25,INFY.NS,UP,0.7343,0.625,HIGH,ALIGNED,1.7836,True,True,TRAIN
2025-11-25,ZENSARTECH.NS,UP,0.7301,0.375,MEDIUM,CONFLICT,2.674,True,True,TRAIN
2025-11-25,ABBOTINDIA.NS,UP,0.7199,0.875,HIGH,ALIGNED,-0.5959,False,False,TRAIN
2025-11-25,LTTS.NS,UP,0.7191,0.5,MEDIUM,ALIGNED,0.3073,True,True,TRAIN
2025-11-25,AJANTPHARM.NS,UP,0.7135,0.5,MEDIUM,ALIGNED,1.0322,True,True,TRAIN
2025-11-25,FINPIPE.NS,UP,0.7083,0.625,HIGH,ALIGNED,-0.3295,False,False,TRAIN
2025-11-25,EMAMILTD.NS,UP,0.7032,0.375,MEDIUM,CONFLICT,-0.291,False,False,TRAIN
2025-11-26,NATCOPHARM.NS,UP,0.965,0.875,HIGH,ALIGNED,-4.8145,False,False,TRAIN
2025-11-26,GODREJAGRO.NS,UP,0.9382,0.875,HIGH,ALIGNED,0.6715,True,True,TRAIN
2025-11-26,CRAFTSMAN.NS,UP,0.9365,0.875,HIGH,ALIGNED,-0.7182,False,False,TRAIN
2025-11-26,ZENSARTECH.NS,UP,0.8848,0.875,HIGH,ALIGNED,1.598,True,True,TRAIN
2025-11-26,METROBRAND.NS,UP,0.8717,0.875,HIGH,ALIGNED,-0.7743,False,False,TRAIN
2025-11-26,GLENMARK.NS,UP,0.8232,0.875,HIGH,ALIGNED,1.1815,True,True,TRAIN
2025-11-26,SHRIRAMFIN.NS,UP,0.7918,0.625,HIGH,ALIGNED,1.29,True,True,TRAIN
2025-11-26,RATEGAIN.NS,UP,0.7903,0.875,HIGH,ALIGNED,-1.7097,False,False,TRAIN
2025-11-26,M&MFIN.NS,UP,0.7857,0.5,MEDIUM,ALIGNED,3.9445,True,True,TRAIN
2025-11-26,ASHOKLEY.NS,UP,0.7848,0.875,HIGH,ALIGNED,7.2508,True,True,TRAIN
2025-11-26,MPHASIS.NS,UP,0.7826,0.625,HIGH,ALIGNED,-0.3107,False,False,TRAIN
2025-11-26,NOCIL.NS,UP,0.7756,0.625,HIGH,ALIGNED,-2.0569,False,False,TRAIN
2025-11-26,EMAMILTD.NS,UP,0.7469,0.625,HIGH,ALIGNED,2.6748,True,True,TRAIN
2025-11-26,RBLBANK.NS,UP,0.7449,0.75,HIGH,ALIGNED,-1.811,False,False,TRAIN
2025-11-26,INDUSINDBK.NS,UP,0.7432,0.875,HIGH,ALIGNED,0.7935,True,True,TRAIN
2025-11-26,FINPIPE.NS,UP,0.743,0.5,MEDIUM,ALIGNED,-2.0595,False,False,TRAIN
2025-11-26,HDFCLIFE.NS,UP,0.7401,1.0,HIGH,ALIGNED,-1.238,False,False,TRAIN
2025-11-26,RVNL.NS,UP,0.7353,0.5,MEDIUM,ALIGNED,0.2936,True,True,TRAIN
2025-11-26,RADICO.NS,UP,0.7345,0.625,HIGH,ALIGNED,-4.0619,False,False,TRAIN
2025-11-26,VBL.NS,UP,0.728,0.75,HIGH,ALIGNED,0.3867,True,True,TRAIN
2025-11-27,MOIL.NS,UP,0.9512,0.875,HIGH,ALIGNED,-1.398,False,False,TRAIN
2025-11-27,ASHOKLEY.NS,UP,0.9476,0.75,HIGH,ALIGNED,-1.0203,False,False,TRAIN
2025-11-27,GODREJAGRO.NS,UP,0.9447,0.875,HIGH,ALIGNED,-0.8588,False,False,TRAIN
2025-11-27,GLENMARK.NS,UP,0.8818,0.875,HIGH,ALIGNED,0.1132,True,True,TRAIN
2025-11-27,MOTHERSON.NS,UP,0.8738,0.875,HIGH,ALIGNED,0.155,True,True,TRAIN
2025-11-27,ZENSARTECH.NS,UP,0.8505,0.75,HIGH,ALIGNED,0.348,True,True,TRAIN
2025-11-27,KPITTECH.NS,UP,0.8393,0.875,HIGH,ALIGNED,0.2871,True,True,TRAIN
2025-11-27,EMAMILTD.NS,UP,0.8296,0.875,HIGH,ALIGNED,0.5116,True,True,TRAIN
2025-11-27,COFORGE.NS,UP,0.8192,1.0,HIGH,ALIGNED,-0.0785,False,False,TRAIN
2025-11-27,INDUSINDBK.NS,UP,0.8192,0.875,HIGH,ALIGNED,0.1283,True,True,TRAIN
2025-11-27,COROMANDEL.NS,UP,0.8027,0.625,HIGH,ALIGNED,0.6507,True,True,TRAIN
2025-11-27,NATCOPHARM.NS,UP,0.7968,0.75,HIGH,ALIGNED,-0.6231,False,False,TRAIN
2025-11-27,LAURUSLABS.NS,UP,0.7954,1.0,HIGH,ALIGNED,2.806,True,True,TRAIN
2025-11-27,NATIONALUM.NS,UP,0.7862,0.875,HIGH,ALIGNED,-0.5166,False,False,TRAIN
2025-11-27,FINPIPE.NS,UP,0.7859,0.5,MEDIUM,ALIGNED,-1.0957,False,False,TRAIN
2025-11-27,RVNL.NS,UP,0.7765,0.75,HIGH,ALIGNED,-0.1387,False,False,TRAIN
2025-11-27,MPHASIS.NS,UP,0.7684,0.625,HIGH,ALIGNED,0.7129,True,True,TRAIN
2025-11-27,M&MFIN.NS,UP,0.7675,0.5,MEDIUM,ALIGNED,2.2549,True,True,TRAIN
2025-11-27,CRAFTSMAN.NS,UP,0.7597,0.75,HIGH,ALIGNED,-0.3617,False,False,TRAIN
2025-11-27,PAGEIND.NS,UP,0.758,0.75,HIGH,ALIGNED,-1.5669,False,False,TRAIN
2025-11-28,ASHOKLEY.NS,UP,0.9481,0.625,HIGH,ALIGNED,1.3787,True,True,TRAIN
2025-11-28,MOTHERSON.NS,UP,0.8918,0.75,HIGH,ALIGNED,0.2063,True,True,TRAIN
2025-11-28,HINDZINC.NS,UP,0.8742,1.0,HIGH,ALIGNED,3.0194,True,True,TRAIN
2025-11-28,LAURUSLABS.NS,UP,0.8565,0.875,HIGH,ALIGNED,-0.1891,False,False,TRAIN
2025-11-28,COFORGE.NS,UP,0.8469,0.875,HIGH,ALIGNED,-0.3196,False,False,TRAIN
2025-11-28,VEDL.NS,UP,0.8374,0.875,HIGH,ALIGNED,1.3878,True,True,TRAIN
2025-11-28,VBL.NS,UP,0.8333,1.0,HIGH,ALIGNED,0.5399,True,True,TRAIN
2025-11-28,M&MFIN.NS,UP,0.8331,0.625,HIGH,ALIGNED,-1.0623,False,False,TRAIN
2025-11-28,GLENMARK.NS,UP,0.8147,0.875,HIGH,ALIGNED,-0.2312,False,False,TRAIN
2025-11-28,MOIL.NS,UP,0.8133,0.5,MEDIUM,ALIGNED,-2.3926,False,False,TRAIN
2025-11-28,CRAFTSMAN.NS,UP,0.8094,0.75,HIGH,ALIGNED,0.2776,True,True,TRAIN
2025-11-28,COROMANDEL.NS,UP,0.7973,0.625,HIGH,ALIGNED,0.4282,True,True,TRAIN
2025-11-28,GRANULES.NS,UP,0.7874,0.75,HIGH,ALIGNED,2.2748,True,True,TRAIN
2025-11-28,KPITTECH.NS,UP,0.7848,0.875,HIGH,ALIGNED,2.9287,True,True,TRAIN
2025-11-28,RVNL.NS,UP,0.7797,0.625,HIGH,ALIGNED,-0.7559,False,False,TRAIN
2025-11-28,SRF.NS,UP,0.7705,1.0,HIGH,ALIGNED,-0.1469,False,False,TRAIN
2025-11-28,GLAXO.NS,UP,0.7655,0.875,HIGH,ALIGNED,-2.8838,False,False,TRAIN
2025-11-28,ZENSARTECH.NS,UP,0.7594,0.75,HIGH,ALIGNED,-0.4936,False,False,TRAIN
2025-11-28,CHOLAFIN.NS,UP,0.7582,0.875,HIGH,ALIGNED,-0.6394,False,False,TRAIN
2025-11-28,RATEGAIN.NS,UP,0.7514,0.875,HIGH,ALIGNED,-3.0333,False,False,TRAIN
2025-12-01,TEJASNET.NS,UP,0.9638,0.875,HIGH,ALIGNED,1.6454,True,True,TRAIN
2025-12-01,ASHOKLEY.NS,UP,0.9383,0.75,HIGH,ALIGNED,-0.1871,False,False,TRAIN
2025-12-01,NATCOPHARM.NS,UP,0.9245,0.875,HIGH,ALIGNED,3.2496,True,True,TRAIN
2025-12-01,HINDZINC.NS,UP,0.9085,1.0,HIGH,ALIGNED,-0.8403,False,False,TRAIN
2025-12-01,GRANULES.NS,UP,0.8995,1.0,HIGH,ALIGNED,0.2549,True,True,TRAIN
2025-12-01,GODREJAGRO.NS,UP,0.8852,0.75,HIGH,ALIGNED,-1.8659,False,False,TRAIN
2025-12-01,MOIL.NS,UP,0.8546,0.5,MEDIUM,ALIGNED,0.348,True,True,TRAIN
2025-12-01,JSWSTEEL.NS,UP,0.8505,1.0,HIGH,ALIGNED,-0.5478,False,False,TRAIN
2025-12-01,VEDL.NS,UP,0.8415,0.875,HIGH,ALIGNED,0.9563,True,True,TRAIN
2025-12-01,KPITTECH.NS,UP,0.8396,1.0,HIGH,ALIGNED,-0.3735,False,False,TRAIN
2025-12-01,LAURUSLABS.NS,UP,0.8262,0.625,HIGH,ALIGNED,-0.8937,False,False,TRAIN
2025-12-01,ADANIGREEN.NS,UP,0.8192,0.625,HIGH,ALIGNED,-1.6352,False,False,TRAIN
2025-12-01,POLICYBZR.NS,UP,0.8056,0.875,HIGH,ALIGNED,0.1449,True,True,TRAIN
2025-12-01,NATIONALUM.NS,UP,0.8039,0.875,HIGH,ALIGNED,0.5118,True,True,TRAIN
2025-12-01,ADANIENSOL.NS,UP,0.7925,0.75,HIGH,ALIGNED,-2.217,False,False,TRAIN
2025-12-01,KALYANKJIL.NS,UP,0.7854,0.875,HIGH,ALIGNED,-1.1145,False,False,TRAIN
2025-12-01,MOTHERSON.NS,UP,0.7837,0.75,HIGH,ALIGNED,2.3252,True,True,TRAIN
2025-12-01,SUDARSCHEM.NS,UP,0.7808,0.5,MEDIUM,ALIGNED,-0.7243,False,False,TRAIN
2025-12-01,TVSMOTOR.NS,UP,0.768,1.0,HIGH,ALIGNED,0.243,True,True,TRAIN
2025-12-01,BANKBARODA.NS,UP,0.7655,1.0,HIGH,ALIGNED,0.4568,True,True,TRAIN
2025-12-02,NATCOPHARM.NS,UP,0.9865,1.0,HIGH,ALIGNED,0.3056,True,True,TRAIN
2025-12-02,ASHOKLEY.NS,UP,0.945,0.75,HIGH,ALIGNED,1.6938,True,True,TRAIN
2025-12-02,MOTHERSON.NS,UP,0.8966,0.75,HIGH,ALIGNED,-2.2556,False,False,TRAIN
2025-12-02,BDL.NS,UP,0.8822,0.75,HIGH,ALIGNED,-2.7732,False,False,TRAIN
2025-12-02,MAPMYINDIA.NS,UP,0.8659,0.875,HIGH,ALIGNED,-1.0145,False,False,TRAIN
2025-12-02,MOIL.NS,UP,0.8644,0.5,MEDIUM,ALIGNED,-0.1659,False,False,TRAIN
2025-12-02,TEJASNET.NS,UP,0.8519,0.875,HIGH,ALIGNED,-2.251,False,False,TRAIN
2025-12-02,HINDZINC.NS,UP,0.8495,0.75,HIGH,ALIGNED,1.7654,True,True,TRAIN
2025-12-02,JSWSTEEL.NS,UP,0.8317,0.75,HIGH,ALIGNED,-1.5835,False,False,TRAIN
2025-12-02,NAUKRI.NS,UP,0.8171,1.0,HIGH,ALIGNED,-0.6779,False,False,TRAIN
2025-12-02,GLENMARK.NS,UP,0.8099,0.875,HIGH,ALIGNED,-0.6419,False,False,TRAIN
2025-12-02,GRANULES.NS,UP,0.801,0.875,HIGH,ALIGNED,-0.3332,False,False,TRAIN
2025-12-02,VEDL.NS,UP,0.799,0.875,HIGH,ALIGNED,-1.0401,False,False,TRAIN
2025-12-02,CESC.NS,UP,0.7959,0.75,HIGH,ALIGNED,1.3701,True,True,TRAIN
2025-12-02,NMDC.NS,UP,0.7877,1.0,HIGH,ALIGNED,-0.0526,False,False,TRAIN
2025-12-02,IDEA.NS,UP,0.7757,1.0,HIGH,ALIGNED,4.1461,True,True,TRAIN
2025-12-02,LAURUSLABS.NS,UP,0.7695,0.75,HIGH,ALIGNED,-0.3627,False,False,TRAIN
2025-12-02,POLICYBZR.NS,UP,0.7651,0.875,HIGH,ALIGNED,-1.4574,False,False,TRAIN
2025-12-02,KPITTECH.NS,UP,0.7611,0.75,HIGH,ALIGNED,0.4148,True,True,TRAIN
2025-12-02,BANKBARODA.NS,UP,0.7524,1.0,HIGH,ALIGNED,-3.3345,False,False,TRAIN
2025-12-03,ONMOBILE.NS,UP,0.9959,0.875,HIGH,ALIGNED,-7.2099,False,False,TRAIN
2025-12-03,ROUTE.NS,UP,0.9679,1.0,HIGH,ALIGNED,1.9452,True,True,TRAIN
2025-12-03,RAJESHEXPO.NS,UP,0.8891,1.0,HIGH,ALIGNED,-1.9587,False,False,TRAIN
2025-12-03,BIOCON.NS,UP,0.8812,1.0,HIGH,ALIGNED,-5.2805,False,False,TRAIN
2025-12-03,APOLLOTYRE.NS,UP,0.8807,1.0,HIGH,ALIGNED,-0.8595,False,False,TRAIN
2025-12-03,HINDZINC.NS,UP,0.8725,1.0,HIGH,ALIGNED,-1.5167,False,False,TRAIN
2025-12-03,ASHOKLEY.NS,UP,0.8684,0.625,HIGH,ALIGNED,-1.5365,False,False,TRAIN
2025-12-03,MOTHERSON.NS,UP,0.8403,0.75,HIGH,ALIGNED,0.8493,True,True,TRAIN
2025-12-03,LTTS.NS,UP,0.8365,0.875,HIGH,ALIGNED,3.8111,True,True,TRAIN
2025-12-03,POLICYBZR.NS,UP,0.8229,0.75,HIGH,ALIGNED,0.8265,True,True,TRAIN
2025-12-03,TATACOMM.NS,UP,0.8169,0.875,HIGH,ALIGNED,-0.9706,False,False,TRAIN
2025-12-03,SAPPHIRE.NS,UP,0.8111,0.625,HIGH,ALIGNED,-0.7145,False,False,TRAIN
2025-12-03,TEJASNET.NS,UP,0.7906,0.625,HIGH,ALIGNED,-1.5287,False,False,TRAIN
2025-12-03,KPITTECH.NS,UP,0.7783,0.875,HIGH,ALIGNED,0.8819,True,True,TRAIN
2025-12-03,CESC.NS,UP,0.7664,0.875,HIGH,ALIGNED,0.2965,True,True,TRAIN
2025-12-03,MOIL.NS,UP,0.765,0.5,MEDIUM,ALIGNED,-1.1328,False,False,TRAIN
2025-12-03,VEDL.NS,UP,0.7647,0.75,HIGH,ALIGNED,-0.5912,False,False,TRAIN
2025-12-03,GLAXO.NS,UP,0.7616,0.625,HIGH,ALIGNED,-0.3216,False,False,TRAIN
2025-12-03,BDL.NS,UP,0.7575,0.25,LOW,CONFLICT,3.0344,True,True,TRAIN
2025-12-03,AJANTPHARM.NS,UP,0.7442,0.875,HIGH,ALIGNED,0.8363,True,True,TRAIN
2025-12-04,LTTS.NS,UP,0.9565,0.75,HIGH,ALIGNED,-2.9605,False,False,TRAIN
2025-12-04,ROUTE.NS,UP,0.9411,1.0,HIGH,ALIGNED,-5.2159,False,False,TRAIN
2025-12-04,ONMOBILE.NS,UP,0.9007,0.625,HIGH,ALIGNED,-1.3208,False,False,TRAIN
2025-12-04,NATCOPHARM.NS,UP,0.8925,0.875,HIGH,ALIGNED,-1.6487,False,False,TRAIN
2025-12-04,POLICYBZR.NS,UP,0.8657,0.875,HIGH,ALIGNED,2.1302,True,True,TRAIN
2025-12-04,SAPPHIRE.NS,UP,0.865,0.625,HIGH,ALIGNED,-3.6923,False,False,TRAIN
2025-12-04,NAUKRI.NS,UP,0.8507,1.0,HIGH,ALIGNED,-0.5372,False,False,TRAIN
2025-12-04,APOLLOTYRE.NS,UP,0.8377,0.875,HIGH,ALIGNED,-1.7245,False,False,TRAIN
2025-12-04,HINDZINC.NS,UP,0.8367,0.75,HIGH,ALIGNED,0.2718,True,True,TRAIN
2025-12-04,KPITTECH.NS,UP,0.8152,0.875,HIGH,ALIGNED,-0.2205,False,False,TRAIN
2025-12-04,AJANTPHARM.NS,UP,0.8094,0.875,HIGH,ALIGNED,0.4603,True,True,TRAIN
2025-12-04,BDL.NS,UP,0.8041,0.625,HIGH,ALIGNED,-1.0144,False,False,TRAIN
2025-12-04,IDEA.NS,UP,0.7814,0.875,HIGH,ALIGNED,1.1236,True,True,TRAIN
2025-12-04,CESC.NS,UP,0.7768,0.875,HIGH,ALIGNED,-1.0633,False,False,TRAIN
2025-12-04,COFORGE.NS,UP,0.7749,0.875,HIGH,ALIGNED,0.5951,True,True,TRAIN
2025-12-04,MPHASIS.NS,UP,0.7686,0.875,HIGH,ALIGNED,1.5541,True,True,TRAIN
2025-12-04,EXIDEIND.NS,UP,0.7659,1.0,HIGH,ALIGNED,-0.0526,False,False,TRAIN
2025-12-04,JPPOWER.NS,UP,0.7623,0.625,HIGH,ALIGNED,-0.5258,False,False,TRAIN
2025-12-04,GRANULES.NS,UP,0.7577,0.625,HIGH,ALIGNED,-0.9799,False,False,TRAIN
2025-12-04,VEDL.NS,UP,0.7488,0.75,HIGH,ALIGNED,-0.9723,False,False,TRAIN
2025-12-05,IDEA.NS,UP,0.9764,1.0,HIGH,ALIGNED,-4.7222,False,False,TRAIN
2025-12-05,POLICYBZR.NS,UP,0.8409,0.875,HIGH,ALIGNED,1.0614,True,True,TRAIN
2025-12-05,LTTS.NS,UP,0.8178,0.75,HIGH,ALIGNED,-0.1386,False,False,TRAIN
2025-12-05,ROUTE.NS,UP,0.8127,0.625,HIGH,ALIGNED,-3.6,False,False,TRAIN
2025-12-05,NATCOPHARM.NS,UP,0.795,0.75,HIGH,ALIGNED,-3.84,False,False,TRAIN
2025-12-05,DEEPAKNTR.NS,UP,0.7733,0.75,HIGH,ALIGNED,-1.5551,False,False,TRAIN
2025-12-05,HCLTECH.NS,UP,0.7671,0.875,HIGH,ALIGNED,0.3327,True,True,TRAIN
2025-12-05,SUNDRMFAST.NS,UP,0.7668,0.5,MEDIUM,ALIGNED,-2.0956,False,False,TRAIN
2025-12-05,TATACOMM.NS,UP,0.7594,0.375,MEDIUM,CONFLICT,-1.4201,False,False,TRAIN
2025-12-05,AJANTPHARM.NS,UP,0.7534,0.75,HIGH,ALIGNED,0.6703,True,True,TRAIN
2025-12-05,MARICO.NS,UP,0.7531,0.875,HIGH,ALIGNED,-0.9978,False,False,TRAIN
2025-12-05,APOLLOTYRE.NS,UP,0.7476,0.75,HIGH,ALIGNED,-0.211,False,False,TRAIN
2025-12-05,COFORGE.NS,UP,0.7416,0.75,HIGH,ALIGNED,-1.3449,False,False,TRAIN
2025-12-05,MPHASIS.NS,UP,0.7389,0.875,HIGH,ALIGNED,-1.9231,False,False,TRAIN
2025-12-05,NATIONALUM.NS,UP,0.737,0.625,HIGH,ALIGNED,-1.7573,False,False,TRAIN
2025-12-05,INFY.NS,UP,0.7327,0.875,HIGH,ALIGNED,-0.3341,False,False,TRAIN
2025-12-05,SBILIFE.NS,UP,0.7279,0.75,HIGH,ALIGNED,-0.1482,False,False,TRAIN
2025-12-05,NMDC.NS,UP,0.7219,0.875,HIGH,ALIGNED,-2.3542,False,False,TRAIN
2025-12-05,PRESTIGE.NS,UP,0.7185,0.75,HIGH,ALIGNED,-4.7168,False,False,TRAIN
2025-12-05,EICHERMOT.NS,UP,0.7135,0.875,HIGH,ALIGNED,-0.9156,False,False,TRAIN
2025-12-08,IDEA.NS,UP,0.9586,0.625,HIGH,ALIGNED,4.3732,True,True,TRAIN
2025-12-08,LTTS.NS,UP,0.8364,0.75,HIGH,ALIGNED,0.1938,True,True,TRAIN
2025-12-08,AJANTPHARM.NS,UP,0.8337,1.0,HIGH,ALIGNED,-1.3994,False,False,TRAIN
2025-12-08,POLICYBZR.NS,UP,0.8148,0.875,HIGH,ALIGNED,2.2676,True,True,TRAIN
2025-12-08,FINEORG.NS,UP,0.7981,0.5,MEDIUM,ALIGNED,-0.8641,False,False,TRAIN
2025-12-08,SBILIFE.NS,UP,0.7732,0.875,HIGH,ALIGNED,-0.7176,False,False,TRAIN
2025-12-08,GLAXO.NS,UP,0.7689,0.875,HIGH,ALIGNED,0.5856,True,True,TRAIN
2025-12-08,SYMPHONY.NS,UP,0.7672,0.875,HIGH,ALIGNED,1.3143,True,True,TRAIN
2025-12-08,COFORGE.NS,UP,0.7524,0.75,HIGH,ALIGNED,-3.9871,False,False,TRAIN
2025-12-08,TECHM.NS,UP,0.7428,0.625,HIGH,ALIGNED,-1.8972,False,False,TRAIN
2025-12-08,BPCL.NS,UP,0.7404,0.625,HIGH,ALIGNED,-0.6992,False,False,TRAIN
2025-12-08,KEI.NS,UP,0.7349,0.625,HIGH,ALIGNED,-0.5421,False,False,TRAIN
2025-12-08,VINATIORGA.NS,UP,0.7333,0.75,HIGH,ALIGNED,0.4806,True,True,TRAIN
2025-12-08,HCLTECH.NS,UP,0.7273,0.75,HIGH,ALIGNED,-1.8358,False,False,TRAIN
2025-12-08,MARICO.NS,UP,0.7232,0.75,HIGH,ALIGNED,0.1645,True,True,TRAIN
2025-12-08,WIPRO.NS,UP,0.7115,0.625,HIGH,ALIGNED,-1.5189,False,False,TRAIN
2025-12-08,APOLLOTYRE.NS,UP,0.7074,0.625,HIGH,ALIGNED,0.8168,True,True,TRAIN
2025-12-08,TATACOMM.NS,UP,0.7045,0.375,MEDIUM,CONFLICT,-0.298,False,False,TRAIN
2025-12-08,DEEPAKNTR.NS,UP,0.7041,0.5,MEDIUM,ALIGNED,-1.1848,False,False,TRAIN
2025-12-08,ONMOBILE.NS,UP,0.6945,0.25,LOW,CONFLICT,-0.4737,False,False,TRAIN
2025-12-09,ERIS.NS,UP,0.9653,1.0,HIGH,ALIGNED,-5.4135,False,False,TRAIN
2025-12-09,IDEA.NS,UP,0.9574,1.0,HIGH,ALIGNED,-0.1862,False,False,TRAIN
2025-12-09,SHYAMMETL.NS,UP,0.8077,0.625,HIGH,ALIGNED,-3.3192,False,False,TRAIN
2025-12-09,GLAXO.NS,UP,0.8045,1.0,HIGH,ALIGNED,1.3324,True,True,TRAIN
2025-12-09,COROMANDEL.NS,UP,0.8043,0.875,HIGH,ALIGNED,-3.5725,False,False,TRAIN
2025-12-09,SYMPHONY.NS,UP,0.8043,1.0,HIGH,ALIGNED,-1.0277,False,False,TRAIN
2025-12-09,POLICYBZR.NS,UP,0.7971,0.875,HIGH,ALIGNED,-1.7575,False,False,TRAIN
2025-12-09,BATAINDIA.NS,UP,0.7866,0.75,HIGH,ALIGNED,-1.1888,False,False,TRAIN
2025-12-09,APOLLOTYRE.NS,UP,0.7847,0.875,HIGH,ALIGNED,-0.7339,False,False,TRAIN
2025-12-09,RBLBANK.NS,UP,0.7835,0.625,HIGH,ALIGNED,-0.6906,False,False,TRAIN
2025-12-09,ROUTE.NS,UP,0.7825,0.625,HIGH,ALIGNED,-2.9063,False,False,TRAIN
2025-12-09,ONMOBILE.NS,UP,0.761,0.375,MEDIUM,CONFLICT,-1.8156,False,False,TRAIN
2025-12-09,CHOLAFIN.NS,UP,0.7579,0.625,HIGH,ALIGNED,0.7394,True,True,TRAIN
2025-12-09,CRAFTSMAN.NS,UP,0.7397,0.875,HIGH,ALIGNED,-1.4698,False,False,TRAIN
2025-12-09,CENTUM.NS,UP,0.7392,0.5,MEDIUM,ALIGNED,1.521,True,True,TRAIN
2025-12-09,ATUL.NS,UP,0.7333,0.75,HIGH,ALIGNED,0.2047,True,True,TRAIN
2025-12-09,GODREJAGRO.NS,UP,0.722,0.625,HIGH,ALIGNED,0.5875,True,True,TRAIN
2025-12-09,SBILIFE.NS,UP,0.7134,0.625,HIGH,ALIGNED,0.4137,True,True,TRAIN
2025-12-09,ZYDUSWELL.NS,UP,0.7053,0.5,MEDIUM,ALIGNED,0.2005,True,True,TRAIN
2025-12-09,DEEPAKNTR.NS,UP,0.6909,0.375,MEDIUM,CONFLICT,0.1441,True,True,TRAIN
2025-12-10,METROBRAND.NS,UP,0.9626,1.0,HIGH,ALIGNED,-1.7695,False,False,TRAIN
2025-12-10,ERIS.NS,UP,0.9527,0.75,HIGH,ALIGNED,-1.1559,False,False,TRAIN
2025-12-10,NAVINFLUOR.NS,UP,0.8824,1.0,HIGH,ALIGNED,1.563,True,True,TRAIN
2025-12-10,CHOLAFIN.NS,UP,0.8348,0.875,HIGH,ALIGNED,-1.4106,False,False,TRAIN
2025-12-10,GODREJAGRO.NS,UP,0.8333,0.75,HIGH,ALIGNED,-1.26,False,False,TRAIN
2025-12-10,BIKAJI.NS,UP,0.8331,1.0,HIGH,ALIGNED,-0.6736,False,False,TRAIN
2025-12-10,MANAPPURAM.NS,UP,0.8273,0.75,HIGH,ALIGNED,1.9258,True,True,TRAIN
2025-12-10,ZYDUSWELL.NS,UP,0.8208,0.625,HIGH,ALIGNED,0.0118,True,True,TRAIN
2025-12-10,PNBHOUSING.NS,UP,0.808,0.625,HIGH,ALIGNED,1.7924,True,True,TRAIN
2025-12-10,ADANIENSOL.NS,UP,0.8007,0.875,HIGH,ALIGNED,1.7353,True,True,TRAIN
2025-12-10,IDEA.NS,UP,0.7942,0.75,HIGH,ALIGNED,4.944,True,True,TRAIN
2025-12-10,GLAXO.NS,UP,0.785,0.875,HIGH,ALIGNED,1.1106,True,True,TRAIN
2025-12-10,POLICYBZR.NS,UP,0.7652,0.75,HIGH,ALIGNED,1.3105,True,True,TRAIN
2025-12-10,HINDZINC.NS,UP,0.7295,0.875,HIGH,ALIGNED,1.9506,True,True,TRAIN
2025-12-10,SRF.NS,UP,0.728,0.875,HIGH,ALIGNED,0.4093,True,True,TRAIN
2025-12-10,EICHERMOT.NS,UP,0.7263,0.875,HIGH,ALIGNED,0.3804,True,True,TRAIN
2025-12-10,CENTUM.NS,UP,0.7225,0.625,HIGH,ALIGNED,4.969,True,True,TRAIN
2025-12-10,RATNAMANI.NS,UP,0.7225,0.875,HIGH,ALIGNED,0.1232,True,True,TRAIN
2025-12-10,SHRIRAMFIN.NS,UP,0.7027,0.5,MEDIUM,ALIGNED,1.1824,True,True,TRAIN
2025-12-10,SBILIFE.NS,UP,0.6978,0.625,HIGH,ALIGNED,-0.3773,False,False,TRAIN
2025-12-11,CENTUM.NS,UP,0.9833,0.875,HIGH,ALIGNED,-3.6163,False,False,TRAIN
2025-12-11,METROBRAND.NS,UP,0.9813,0.875,HIGH,ALIGNED,-0.0515,False,False,TRAIN
2025-12-11,IRCON.NS,UP,0.918,0.875,HIGH,ALIGNED,-0.3803,False,False,TRAIN
2025-12-11,NAVINFLUOR.NS,UP,0.9074,1.0,HIGH,ALIGNED,1.3156,True,True,TRAIN
2025-12-11,RBLBANK.NS,UP,0.8882,1.0,HIGH,ALIGNED,-1.1568,False,False,TRAIN
2025-12-11,RAILTEL.NS,UP,0.8626,0.75,HIGH,ALIGNED,-0.918,False,False,TRAIN
2025-12-11,SUZLON.NS,UP,0.8579,0.625,HIGH,ALIGNED,1.8832,True,True,TRAIN
2025-12-11,PNBHOUSING.NS,UP,0.8537,0.875,HIGH,ALIGNED,4.1049,True,True,TRAIN
2025-12-11,GLAXO.NS,UP,0.8534,0.875,HIGH,ALIGNED,-0.8123,False,False,TRAIN
2025-12-11,HINDZINC.NS,UP,0.8463,1.0,HIGH,ALIGNED,7.462,True,True,TRAIN
2025-12-11,MANAPPURAM.NS,UP,0.8426,0.875,HIGH,ALIGNED,1.5716,True,True,TRAIN
2025-12-11,CHOLAFIN.NS,UP,0.8406,0.75,HIGH,ALIGNED,0.9422,True,True,TRAIN
2025-12-11,ADANIENSOL.NS,UP,0.8143,0.75,HIGH,ALIGNED,1.1705,True,True,TRAIN
2025-12-11,ADANIGREEN.NS,UP,0.7975,0.75,HIGH,ALIGNED,2.1005,True,True,TRAIN
2025-12-11,ZYDUSWELL.NS,UP,0.7756,0.5,MEDIUM,ALIGNED,0.3885,True,True,TRAIN
2025-12-11,SHRIRAMFIN.NS,UP,0.7707,0.875,HIGH,ALIGNED,0.1003,True,True,TRAIN
2025-12-11,ERIS.NS,UP,0.7559,0.625,HIGH,ALIGNED,-1.1568,False,False,TRAIN
2025-12-11,RAJESHEXPO.NS,UP,0.7539,0.875,HIGH,ALIGNED,-0.0935,False,False,TRAIN
2025-12-11,MOTHERSON.NS,UP,0.753,1.0,HIGH,ALIGNED,1.2521,True,True,TRAIN
2025-12-11,SUDARSCHEM.NS,UP,0.7342,0.375,MEDIUM,CONFLICT,-0.6679,False,False,TRAIN
2025-12-12,HINDZINC.NS,UP,0.9542,0.75,HIGH,ALIGNED,1.1395,True,True,TRAIN
2025-12-12,CENTUM.NS,UP,0.9498,0.625,HIGH,ALIGNED,-0.6514,False,False,TRAIN
2025-12-12,JSWENERGY.NS,UP,0.9371,0.875,HIGH,ALIGNED,0.8814,True,True,TRAIN
2025-12-12,NAVINFLUOR.NS,UP,0.9309,1.0,HIGH,ALIGNED,0.3512,True,True,TRAIN
2025-12-12,METROBRAND.NS,UP,0.898,0.75,HIGH,ALIGNED,-2.6519,False,False,TRAIN
2025-12-12,PNBHOUSING.NS,UP,0.8953,1.0,HIGH,ALIGNED,-1.606,False,False,TRAIN
2025-12-12,VEDL.NS,UP,0.8522,1.0,HIGH,ALIGNED,1.067,True,True,TRAIN
2025-12-12,STLTECH.NS,UP,0.8498,0.625,HIGH,ALIGNED,-3.1408,False,False,TRAIN
2025-12-12,GLAXO.NS,UP,0.846,0.875,HIGH,ALIGNED,-0.8728,False,False,TRAIN
2025-12-12,RAJESHEXPO.NS,UP,0.8443,0.75,HIGH,ALIGNED,1.7945,True,True,TRAIN
2025-12-12,ADANIGREEN.NS,UP,0.8438,0.875,HIGH,ALIGNED,0.7114,True,True,TRAIN
2025-12-12,IRCON.NS,UP,0.8436,0.625,HIGH,ALIGNED,-0.1527,False,False,TRAIN
2025-12-12,MOIL.NS,UP,0.8379,0.75,HIGH,ALIGNED,2.0231,True,True,TRAIN
2025-12-12,ADANIENSOL.NS,UP,0.8317,1.0,HIGH,ALIGNED,0.5092,True,True,TRAIN
2025-12-12,MANAPPURAM.NS,UP,0.8317,0.875,HIGH,ALIGNED,-0.4694,False,False,TRAIN
2025-12-12,SRF.NS,UP,0.8262,1.0,HIGH,ALIGNED,-0.7475,False,False,TRAIN
2025-12-12,GRANULES.NS,UP,0.8181,0.875,HIGH,ALIGNED,-0.5048,False,False,TRAIN
2025-12-12,SUZLON.NS,UP,0.8134,0.625,HIGH,ALIGNED,0.2263,True,True,TRAIN
2025-12-12,ZYDUSWELL.NS,UP,0.8002,0.5,MEDIUM,ALIGNED,0.1407,True,True,TRAIN
2025-12-12,SUDARSCHEM.NS,UP,0.7849,0.625,HIGH,ALIGNED,-1.1139,False,False,TRAIN
2025-12-15,BEML.NS,UP,0.9597,0.75,HIGH,ALIGNED,-1.9248,False,False,TRAIN
2025-12-15,HINDZINC.NS,UP,0.9582,0.75,HIGH,ALIGNED,-0.0616,False,False,TRAIN
2025-12-15,MOIL.NS,UP,0.9507,0.875,HIGH,ALIGNED,-2.818,False,False,TRAIN
2025-12-15,AMBER.NS,UP,0.947,0.75,HIGH,ALIGNED,-0.3235,False,False,TRAIN
2025-12-15,RAILTEL.NS,UP,0.928,0.75,HIGH,ALIGNED,-1.2653,False,False,TRAIN
2025-12-15,PNBHOUSING.NS,UP,0.9171,0.875,HIGH,ALIGNED,-0.9381,False,False,TRAIN
2025-12-15,JSWENERGY.NS,UP,0.9121,0.75,HIGH,ALIGNED,-1.6343,False,False,TRAIN
2025-12-15,RAJESHEXPO.NS,UP,0.9072,0.875,HIGH,ALIGNED,0.0,False,False,TRAIN
2025-12-15,VEDL.NS,UP,0.8745,1.0,HIGH,ALIGNED,3.6585,True,True,TRAIN
2025-12-15,OLECTRA.NS,UP,0.8708,0.625,HIGH,ALIGNED,-1.8605,False,False,TRAIN
2025-12-15,CENTUM.NS,UP,0.8671,0.625,HIGH,ALIGNED,-0.8392,False,False,TRAIN
2025-12-15,ADANIGREEN.NS,UP,0.852,0.875,HIGH,ALIGNED,-1.8519,False,False,TRAIN
2025-12-15,NAVINFLUOR.NS,UP,0.848,0.875,HIGH,ALIGNED,-1.8555,False,False,TRAIN
2025-12-15,MIDHANI.NS,UP,0.8361,0.625,HIGH,ALIGNED,-1.5334,False,False,TRAIN
2025-12-15,IDFCFIRSTB.NS,UP,0.8262,1.0,HIGH,ALIGNED,-0.4889,False,False,TRAIN
2025-12-15,GODREJPROP.NS,UP,0.8223,0.5,MEDIUM,ALIGNED,-2.1375,False,False,TRAIN
2025-12-15,IRCON.NS,UP,0.8119,0.625,HIGH,ALIGNED,-2.3197,False,False,TRAIN
2025-12-15,ASHOKLEY.NS,UP,0.8082,0.625,HIGH,ALIGNED,0.5575,True,True,TRAIN
2025-12-15,ADANIENSOL.NS,UP,0.7941,0.875,HIGH,ALIGNED,-2.1792,False,False,TRAIN
2025-12-15,TIINDIA.NS,UP,0.7891,0.5,MEDIUM,ALIGNED,-0.9556,False,False,TRAIN
2025-12-16,HINDZINC.NS,UP,0.9283,0.625,HIGH,ALIGNED,1.8672,True,True,TRAIN
2025-12-16,VEDL.NS,UP,0.908,0.875,HIGH,ALIGNED,0.0527,True,True,TRAIN
2025-12-16,SOBHA.NS,UP,0.8795,0.75,HIGH,ALIGNED,-1.6144,False,False,TRAIN
2025-12-16,BIKAJI.NS,UP,0.8582,1.0,HIGH,ALIGNED,-0.6225,False,False,TRAIN
2025-12-16,ASHOKLEY.NS,UP,0.8522,0.625,HIGH,ALIGNED,-0.9598,False,False,TRAIN
2025-12-16,ONMOBILE.NS,UP,0.8418,0.75,HIGH,ALIGNED,1.6212,True,True,TRAIN
2025-12-16,RAJESHEXPO.NS,UP,0.8367,0.875,HIGH,ALIGNED,-0.0102,False,False,TRAIN
2025-12-16,IDEA.NS,UP,0.8295,0.625,HIGH,ALIGNED,-1.0667,False,False,TRAIN
2025-12-16,RAILTEL.NS,UP,0.822,0.5,MEDIUM,ALIGNED,-0.8292,False,False,TRAIN
2025-12-16,METROBRAND.NS,UP,0.8208,0.625,HIGH,ALIGNED,-2.0234,False,False,TRAIN
2025-12-16,BEML.NS,UP,0.7993,0.5,MEDIUM,ALIGNED,-1.2947,False,False,TRAIN
2025-12-16,NAVINFLUOR.NS,UP,0.7957,0.625,HIGH,ALIGNED,-1.9486,False,False,TRAIN
2025-12-16,JSWENERGY.NS,UP,0.7886,0.5,MEDIUM,ALIGNED,-0.6792,False,False,TRAIN
2025-12-16,GODREJCP.NS,UP,0.7845,1.0,HIGH,ALIGNED,-0.2283,False,False,TRAIN
2025-12-16,PNBHOUSING.NS,UP,0.7836,0.75,HIGH,ALIGNED,-2.0309,False,False,TRAIN
2025-12-16,TATASTEEL.NS,UP,0.7826,0.75,HIGH,ALIGNED,0.3003,True,True,TRAIN
2025-12-16,NATIONALUM.NS,UP,0.7768,0.875,HIGH,ALIGNED,0.9391,True,True,TRAIN
2025-12-16,WHIRLPOOL.NS,UP,0.772,0.625,HIGH,ALIGNED,-2.1912,False,False,TRAIN
2025-12-16,MOIL.NS,UP,0.7717,0.5,MEDIUM,ALIGNED,-1.4422,False,False,TRAIN
2025-12-16,IDFCFIRSTB.NS,UP,0.7688,1.0,HIGH,ALIGNED,0.5871,True,True,TRAIN
2025-12-17,HINDZINC.NS,UP,0.9635,0.75,HIGH,ALIGNED,2.395,True,True,TRAIN
2025-12-17,VEDL.NS,UP,0.9214,0.875,HIGH,ALIGNED,1.6409,True,True,TRAIN
2025-12-17,RAILTEL.NS,UP,0.9081,0.5,MEDIUM,ALIGNED,-0.8665,False,False,TRAIN
2025-12-17,IGL.NS,UP,0.9062,0.875,HIGH,ALIGNED,1.707,True,True,TRAIN
2025-12-17,GRANULES.NS,UP,0.8778,1.0,HIGH,ALIGNED,0.3709,True,True,TRAIN
2025-12-17,KALYANKJIL.NS,UP,0.8741,0.5,MEDIUM,ALIGNED,-0.8424,False,False,TRAIN
2025-12-17,IDEA.NS,UP,0.8739,0.625,HIGH,ALIGNED,1.5274,True,True,TRAIN
2025-12-17,KEI.NS,UP,0.8702,0.875,HIGH,ALIGNED,-0.4822,False,False,TRAIN
2025-12-17,BSE.NS,UP,0.8559,0.625,HIGH,ALIGNED,1.992,True,True,TRAIN
2025-12-17,NATIONALUM.NS,UP,0.8446,0.875,HIGH,ALIGNED,-0.0716,False,False,TRAIN
2025-12-17,ONMOBILE.NS,UP,0.803,0.75,HIGH,ALIGNED,-3.679,False,False,TRAIN
2025-12-17,UNIONBANK.NS,UP,0.7985,0.75,HIGH,ALIGNED,0.7253,True,True,TRAIN
2025-12-17,CANBK.NS,UP,0.7946,0.875,HIGH,ALIGNED,-0.253,False,False,TRAIN
2025-12-17,SHRIRAMFIN.NS,UP,0.7931,1.0,HIGH,ALIGNED,0.6075,True,True,TRAIN
2025-12-17,BPCL.NS,UP,0.7828,0.875,HIGH,ALIGNED,-1.3574,False,False,TRAIN
2025-12-17,JSWENERGY.NS,UP,0.7823,0.375,MEDIUM,CONFLICT,-0.6839,False,False,TRAIN
2025-12-17,RAJESHEXPO.NS,UP,0.7823,0.875,HIGH,ALIGNED,-3.4444,False,False,TRAIN
2025-12-17,IDFCFIRSTB.NS,UP,0.7798,0.875,HIGH,ALIGNED,-0.1906,False,False,TRAIN
2025-12-17,MANAPPURAM.NS,UP,0.7606,0.875,HIGH,ALIGNED,0.2795,True,True,TRAIN
2025-12-17,M&MFIN.NS,UP,0.7532,0.75,HIGH,ALIGNED,3.8243,True,True,TRAIN
2025-12-18,ROUTE.NS,UP,0.9929,1.0,HIGH,ALIGNED,-1.3701,False,False,TRAIN
2025-12-18,M&MFIN.NS,UP,0.9571,0.875,HIGH,ALIGNED,3.1357,True,True,TRAIN
2025-12-18,HINDZINC.NS,UP,0.9461,0.75,HIGH,ALIGNED,-0.5742,False,False,TRAIN
2025-12-18,IGL.NS,UP,0.915,0.875,HIGH,ALIGNED,-1.056,False,False,TRAIN
2025-12-18,VEDL.NS,UP,0.9032,0.625,HIGH,ALIGNED,0.423,True,True,TRAIN
2025-12-18,ASHOKLEY.NS,UP,0.8397,0.625,HIGH,ALIGNED,1.1599,True,True,TRAIN
2025-12-18,NATIONALUM.NS,UP,0.8368,0.875,HIGH,ALIGNED,-0.2686,False,False,TRAIN
2025-12-18,BIOCON.NS,UP,0.8301,0.75,HIGH,ALIGNED,1.6061,True,True,TRAIN
2025-12-18,MAPMYINDIA.NS,UP,0.8297,0.625,HIGH,ALIGNED,0.3551,True,True,TRAIN
2025-12-18,CROMPTON.NS,UP,0.8017,0.75,HIGH,ALIGNED,-0.0196,False,False,TRAIN
2025-12-18,SOBHA.NS,UP,0.7978,0.5,MEDIUM,ALIGNED,1.8279,True,True,TRAIN
2025-12-18,DEEPAKNTR.NS,UP,0.7968,0.625,HIGH,ALIGNED,5.3397,True,True,TRAIN
2025-12-18,BLUESTARCO.NS,UP,0.7824,0.875,HIGH,ALIGNED,-3.9469,False,False,TRAIN
2025-12-18,AUROPHARMA.NS,UP,0.7806,1.0,HIGH,ALIGNED,1.3065,True,True,TRAIN
2025-12-18,SHRIRAMFIN.NS,UP,0.7642,1.0,HIGH,ALIGNED,3.7092,True,True,TRAIN
2025-12-18,IDFCFIRSTB.NS,UP,0.7635,0.625,HIGH,ALIGNED,1.0622,True,True,TRAIN
2025-12-18,KALYANKJIL.NS,UP,0.7586,0.375,MEDIUM,CONFLICT,2.9733,True,True,TRAIN
2025-12-18,UNIONBANK.NS,UP,0.7475,0.875,HIGH,ALIGNED,-0.0778,False,False,TRAIN
2025-12-18,VOLTAS.NS,UP,0.7446,1.0,HIGH,ALIGNED,-1.8692,False,False,TRAIN
2025-12-18,ENDURANCE.NS,UP,0.7336,0.375,MEDIUM,CONFLICT,3.0308,True,True,TRAIN
2025-12-19,SHRIRAMFIN.NS,UP,0.925,0.875,HIGH,ALIGNED,3.6764,True,True,TRAIN
2025-12-19,RAJESHEXPO.NS,UP,0.9238,1.0,HIGH,ALIGNED,12.8743,True,True,TRAIN
2025-12-19,M&MFIN.NS,UP,0.901,0.875,HIGH,ALIGNED,4.6999,True,True,TRAIN
2025-12-19,DEEPAKNTR.NS,UP,0.8995,1.0,HIGH,ALIGNED,0.7918,True,True,TRAIN
2025-12-19,KEI.NS,UP,0.8854,1.0,HIGH,ALIGNED,3.6691,True,True,TRAIN
2025-12-19,INTELLECT.NS,UP,0.8415,0.75,HIGH,ALIGNED,-2.4582,False,False,TRAIN
2025-12-19,SOBHA.NS,UP,0.8413,0.625,HIGH,ALIGNED,1.2695,True,True,TRAIN
2025-12-19,VEDL.NS,UP,0.8371,0.625,HIGH,ALIGNED,0.6964,True,True,TRAIN
2025-12-19,POLYCAB.NS,UP,0.8221,1.0,HIGH,ALIGNED,2.2046,True,True,TRAIN
2025-12-19,BIOCON.NS,UP,0.8201,1.0,HIGH,ALIGNED,0.1882,True,True,TRAIN
2025-12-19,LAURUSLABS.NS,UP,0.8194,1.0,HIGH,ALIGNED,1.8178,True,True,TRAIN
2025-12-19,COROMANDEL.NS,UP,0.8167,1.0,HIGH,ALIGNED,1.5773,True,True,TRAIN
2025-12-19,ENDURANCE.NS,UP,0.8073,1.0,HIGH,ALIGNED,-1.4504,False,False,TRAIN
2025-12-19,ROUTE.NS,UP,0.7961,0.75,HIGH,ALIGNED,-0.5001,False,False,TRAIN
2025-12-19,KALYANKJIL.NS,UP,0.7828,0.875,HIGH,ALIGNED,0.0928,True,True,TRAIN
2025-12-19,ATUL.NS,UP,0.7799,1.0,HIGH,ALIGNED,-0.2664,False,False,TRAIN
2025-12-19,SJVN.NS,UP,0.7697,0.75,HIGH,ALIGNED,0.151,True,True,TRAIN
2025-12-19,AUROPHARMA.NS,UP,0.7607,1.0,HIGH,ALIGNED,-0.049,False,False,TRAIN
2025-12-19,IDFCFIRSTB.NS,UP,0.758,0.875,HIGH,ALIGNED,0.7912,True,True,TRAIN
2025-12-19,MGL.NS,UP,0.7495,0.625,HIGH,ALIGNED,0.8427,True,True,TRAIN
2025-12-22,IDEAFORGE.NS,UP,0.9919,1.0,HIGH,ALIGNED,-3.5224,False,False,TRAIN
2025-12-22,RAJESHEXPO.NS,UP,0.9919,0.75,HIGH,ALIGNED,-3.3164,False,False,TRAIN
2025-12-22,STLTECH.NS,UP,0.9848,1.0,HIGH,ALIGNED,-1.3451,False,False,TRAIN
2025-12-22,SHRIRAMFIN.NS,UP,0.9382,0.75,HIGH,ALIGNED,2.4549,True,True,TRAIN
2025-12-22,M&MFIN.NS,UP,0.9301,0.625,HIGH,ALIGNED,-2.0543,False,False,TRAIN
2025-12-22,COCHINSHIP.NS,UP,0.912,1.0,HIGH,ALIGNED,-1.1703,False,False,TRAIN
2025-12-22,BSE.NS,UP,0.9093,0.875,HIGH,ALIGNED,-1.3691,False,False,TRAIN
2025-12-22,MAZDOCK.NS,UP,0.8973,0.875,HIGH,ALIGNED,-1.2417,False,False,TRAIN
2025-12-22,KEI.NS,UP,0.8904,1.0,HIGH,ALIGNED,-0.7227,False,False,TRAIN
2025-12-22,GRSE.NS,UP,0.8887,0.875,HIGH,ALIGNED,-0.2596,False,False,TRAIN
2025-12-22,SAPPHIRE.NS,UP,0.8743,0.875,HIGH,ALIGNED,2.7675,True,True,TRAIN
2025-12-22,SOLARINDS.NS,UP,0.8544,0.875,HIGH,ALIGNED,-0.5943,False,False,TRAIN
2025-12-22,RVNL.NS,UP,0.8444,1.0,HIGH,ALIGNED,2.812,True,True,TRAIN
2025-12-22,SOBHA.NS,UP,0.8238,0.75,HIGH,ALIGNED,0.5392,True,True,TRAIN
2025-12-22,IDEA.NS,UP,0.8025,0.75,HIGH,ALIGNED,1.3502,True,True,TRAIN
2025-12-22,IGL.NS,UP,0.8025,0.625,HIGH,ALIGNED,-0.0306,False,False,TRAIN
2025-12-22,NATIONALUM.NS,UP,0.8017,1.0,HIGH,ALIGNED,-0.0517,False,False,TRAIN
2025-12-22,COROMANDEL.NS,UP,0.8012,0.875,HIGH,ALIGNED,0.5218,True,True,TRAIN
2025-12-22,GRANULES.NS,UP,0.7998,1.0,HIGH,ALIGNED,2.3387,True,True,TRAIN
2025-12-22,PERSISTENT.NS,UP,0.7941,0.875,HIGH,ALIGNED,-1.1351,False,False,TRAIN
2025-12-23,RAJESHEXPO.NS,UP,0.9805,0.875,HIGH,ALIGNED,0.426,True,True,TRAIN
2025-12-23,IDEAFORGE.NS,UP,0.9771,0.875,HIGH,ALIGNED,0.4498,True,True,TRAIN
2025-12-23,M&MFIN.NS,UP,0.971,0.875,HIGH,ALIGNED,0.8933,True,True,TRAIN
2025-12-23,IRCON.NS,UP,0.9663,1.0,HIGH,ALIGNED,0.8269,True,True,TRAIN
2025-12-23,RAILTEL.NS,UP,0.9512,1.0,HIGH,ALIGNED,-0.5436,False,False,TRAIN
2025-12-23,SAPPHIRE.NS,UP,0.9344,1.0,HIGH,ALIGNED,2.1269,True,True,TRAIN
2025-12-23,BEML.NS,UP,0.9261,1.0,HIGH,ALIGNED,1.6821,True,True,TRAIN
2025-12-23,STLTECH.NS,UP,0.9161,0.75,HIGH,ALIGNED,-1.2014,False,False,TRAIN
2025-12-23,CENTUM.NS,UP,0.9137,1.0,HIGH,ALIGNED,-0.1873,False,False,TRAIN
2025-12-23,SHRIRAMFIN.NS,UP,0.9071,0.75,HIGH,ALIGNED,1.6601,True,True,TRAIN
2025-12-23,GRSE.NS,UP,0.9005,0.5,MEDIUM,ALIGNED,1.3674,True,True,TRAIN
2025-12-23,RVNL.NS,UP,0.8985,1.0,HIGH,ALIGNED,1.1262,True,True,TRAIN
2025-12-23,IRFC.NS,UP,0.8876,1.0,HIGH,ALIGNED,0.0741,True,True,TRAIN
2025-12-23,IDEA.NS,UP,0.8815,1.0,HIGH,ALIGNED,0.0833,True,True,TRAIN
2025-12-23,MIDHANI.NS,UP,0.881,0.75,HIGH,ALIGNED,-0.4636,False,False,TRAIN
2025-12-23,ATUL.NS,UP,0.8744,1.0,HIGH,ALIGNED,-0.5829,False,False,TRAIN
2025-12-23,GRANULES.NS,UP,0.8732,0.75,HIGH,ALIGNED,-0.3904,False,False,TRAIN
2025-12-23,COCHINSHIP.NS,UP,0.8661,0.875,HIGH,ALIGNED,0.1518,True,True,TRAIN
2025-12-23,BSE.NS,UP,0.8502,0.625,HIGH,ALIGNED,-2.4329,False,False,TRAIN
2025-12-23,MAZDOCK.NS,UP,0.8468,0.625,HIGH,ALIGNED,1.0783,True,True,TRAIN
2025-12-24,IDEAFORGE.NS,UP,0.9786,1.0,HIGH,ALIGNED,0.6145,True,True,TRAIN
2025-12-24,IRCON.NS,UP,0.9623,1.0,HIGH,ALIGNED,4.6924,True,True,TRAIN
2025-12-24,RAJESHEXPO.NS,UP,0.9571,1.0,HIGH,ALIGNED,-4.9962,False,False,TRAIN
2025-12-24,SAPPHIRE.NS,UP,0.9507,1.0,HIGH,ALIGNED,-0.2415,False,False,TRAIN
2025-12-24,BDL.NS,UP,0.9466,1.0,HIGH,ALIGNED,-0.2228,False,False,TRAIN
2025-12-24,BEML.NS,UP,0.9197,1.0,HIGH,ALIGNED,0.4872,True,True,TRAIN
2025-12-24,GRSE.NS,UP,0.9187,0.625,HIGH,ALIGNED,1.7279,True,True,TRAIN
2025-12-24,OLECTRA.NS,UP,0.9153,1.0,HIGH,ALIGNED,-0.9364,False,False,TRAIN
2025-12-24,MOIL.NS,UP,0.9131,1.0,HIGH,ALIGNED,4.9022,True,True,TRAIN
2025-12-24,COCHINSHIP.NS,UP,0.9059,1.0,HIGH,ALIGNED,0.1698,True,True,TRAIN
2025-12-24,DATAPATTNS.NS,UP,0.9049,0.625,HIGH,ALIGNED,0.2058,True,True,TRAIN
2025-12-24,CENTUM.NS,UP,0.9047,0.875,HIGH,ALIGNED,2.4268,True,True,TRAIN
2025-12-24,RVNL.NS,UP,0.9042,1.0,HIGH,ALIGNED,12.2216,True,True,TRAIN
2025-12-24,RAILTEL.NS,UP,0.901,0.875,HIGH,ALIGNED,6.0266,True,True,TRAIN
2025-12-24,PNBHOUSING.NS,UP,0.8943,1.0,HIGH,ALIGNED,-2.3285,False,False,TRAIN
2025-12-24,MIDHANI.NS,UP,0.8808,0.625,HIGH,ALIGNED,2.3286,True,True,TRAIN
2025-12-24,MANAPPURAM.NS,UP,0.8761,0.75,HIGH,ALIGNED,-0.3815,False,False,TRAIN
2025-12-24,IRFC.NS,UP,0.8759,1.0,HIGH,ALIGNED,10.0008,True,True,TRAIN
2025-12-24,MAZDOCK.NS,UP,0.8744,0.875,HIGH,ALIGNED,0.0433,True,True,TRAIN
2025-12-24,RADICO.NS,UP,0.8729,1.0,HIGH,ALIGNED,0.103,True,True,TRAIN
2025-12-26,IRCON.NS,UP,0.9826,1.0,HIGH,ALIGNED,-3.3238,False,False,TRAIN
2025-12-26,RAILTEL.NS,UP,0.9811,1.0,HIGH,ALIGNED,-1.5598,False,False,TRAIN
2025-12-26,RVNL.NS,UP,0.9652,0.75,HIGH,ALIGNED,-5.2455,False,False,TRAIN
2025-12-26,MOIL.NS,UP,0.9542,1.0,HIGH,ALIGNED,-2.083,False,False,TRAIN
2025-12-26,IRFC.NS,UP,0.9433,0.75,HIGH,ALIGNED,-5.455,False,False,TRAIN
2025-12-26,PARAS.NS,UP,0.9433,1.0,HIGH,ALIGNED,-2.0331,False,False,TRAIN
2025-12-26,BEML.NS,UP,0.9303,1.0,HIGH,ALIGNED,-0.9377,False,False,TRAIN
2025-12-26,MIDHANI.NS,UP,0.9197,1.0,HIGH,ALIGNED,9.9969,True,True,TRAIN
2025-12-26,GRSE.NS,UP,0.9177,0.75,HIGH,ALIGNED,-0.5128,False,False,TRAIN
2025-12-26,BDL.NS,UP,0.9147,0.875,HIGH,ALIGNED,-0.2842,False,False,TRAIN
2025-12-26,COCHINSHIP.NS,UP,0.9035,0.875,HIGH,ALIGNED,-0.8898,False,False,TRAIN
2025-12-26,CENTUM.NS,UP,0.9022,0.875,HIGH,ALIGNED,-4.4903,False,False,TRAIN
2025-12-26,SAPPHIRE.NS,UP,0.9015,0.75,HIGH,ALIGNED,0.4525,True,True,TRAIN
2025-12-26,MAZDOCK.NS,UP,0.8985,0.75,HIGH,ALIGNED,-0.1613,False,False,TRAIN
2025-12-26,IDEAFORGE.NS,UP,0.8784,0.75,HIGH,ALIGNED,-2.5463,False,False,TRAIN
2025-12-26,OLECTRA.NS,UP,0.8719,0.75,HIGH,ALIGNED,-3.1588,False,False,TRAIN
2025-12-26,DATAPATTNS.NS,UP,0.8697,0.625,HIGH,ALIGNED,-0.9859,False,False,TRAIN
2025-12-26,DEEPAKNTR.NS,UP,0.8542,1.0,HIGH,ALIGNED,-0.7478,False,False,TRAIN
2025-12-26,SJVN.NS,UP,0.847,0.625,HIGH,ALIGNED,-1.3758,False,False,TRAIN
2025-12-26,MANAPPURAM.NS,UP,0.8458,0.625,HIGH,ALIGNED,-0.9095,False,False,TRAIN
2025-12-29,MIDHANI.NS,UP,0.9877,1.0,HIGH,ALIGNED,1.1129,True,True,TRAIN
2025-12-29,RVNL.NS,UP,0.9815,0.875,HIGH,ALIGNED,-1.9723,False,False,TRAIN
2025-12-29,IRFC.NS,UP,0.9608,0.875,HIGH,ALIGNED,-1.393,False,False,TRAIN
2025-12-29,MOIL.NS,UP,0.953,0.875,HIGH,ALIGNED,0.9377,True,True,TRAIN
2025-12-29,RAILTEL.NS,UP,0.9374,0.875,HIGH,ALIGNED,-1.4502,False,False,TRAIN
2025-12-29,IRCON.NS,UP,0.9229,0.75,HIGH,ALIGNED,-0.7409,False,False,TRAIN
2025-12-29,GRSE.NS,UP,0.9121,0.625,HIGH,ALIGNED,-2.7825,False,False,TRAIN
2025-12-29,PARAS.NS,UP,0.9103,0.875,HIGH,ALIGNED,-0.6357,False,False,TRAIN
2025-12-29,MAZDOCK.NS,UP,0.8963,0.875,HIGH,ALIGNED,-2.952,False,False,TRAIN
2025-12-29,NATIONALUM.NS,UP,0.8933,0.625,HIGH,ALIGNED,5.2177,True,True,TRAIN
2025-12-29,BEML.NS,UP,0.8889,0.875,HIGH,ALIGNED,-1.4413,False,False,TRAIN
2025-12-29,SAIL.NS,UP,0.8865,1.0,HIGH,ALIGNED,5.1682,True,True,TRAIN
2025-12-29,BDL.NS,UP,0.886,1.0,HIGH,ALIGNED,-1.2961,False,False,TRAIN
2025-12-29,COCHINSHIP.NS,UP,0.8692,0.75,HIGH,ALIGNED,-1.4047,False,False,TRAIN
2025-12-29,WELCORP.NS,UP,0.8589,0.875,HIGH,ALIGNED,-4.4564,False,False,TRAIN
2025-12-29,NMDC.NS,UP,0.853,0.75,HIGH,ALIGNED,3.1791,True,True,TRAIN
2025-12-29,HINDZINC.NS,UP,0.8502,0.625,HIGH,ALIGNED,1.0913,True,True,TRAIN
2025-12-29,HFCL.NS,UP,0.8239,0.625,HIGH,ALIGNED,-2.0817,False,False,TRAIN
2025-12-29,SAPPHIRE.NS,UP,0.8236,0.875,HIGH,ALIGNED,-2.2916,False,False,TRAIN
2025-12-29,NCC.NS,UP,0.8209,0.625,HIGH,ALIGNED,-3.1916,False,False,TRAIN
2025-12-30,MIDHANI.NS,UP,0.9859,1.0,HIGH,ALIGNED,-3.0761,False,False,TRAIN
2025-12-30,NAVINFLUOR.NS,UP,0.9317,1.0,HIGH,ALIGNED,-3.5281,False,False,TRAIN
2025-12-30,SAIL.NS,UP,0.8932,1.0,HIGH,ALIGNED,4.2334,True,True,TRAIN
2025-12-30,RVNL.NS,UP,0.892,0.875,HIGH,ALIGNED,-0.8603,False,False,TRAIN
2025-12-30,NATIONALUM.NS,UP,0.89,0.75,HIGH,ALIGNED,-0.7265,False,False,TRAIN
2025-12-30,RADICO.NS,UP,0.872,1.0,HIGH,ALIGNED,-2.2986,False,False,TRAIN
2025-12-30,CHOLAFIN.NS,UP,0.861,1.0,HIGH,ALIGNED,0.0411,True,True,TRAIN
2025-12-30,MOIL.NS,UP,0.8593,0.875,HIGH,ALIGNED,2.2047,True,True,TRAIN
2025-12-30,IRFC.NS,UP,0.8485,0.75,HIGH,ALIGNED,0.0241,True,True,TRAIN
2025-12-30,NMDC.NS,UP,0.8261,1.0,HIGH,ALIGNED,-0.2877,False,False,TRAIN
2025-12-30,RATEGAIN.NS,UP,0.8237,0.875,HIGH,ALIGNED,2.0733,True,True,TRAIN
2025-12-30,RAILTEL.NS,UP,0.8215,0.75,HIGH,ALIGNED,1.2536,True,True,TRAIN
2025-12-30,IRCON.NS,UP,0.8212,0.75,HIGH,ALIGNED,3.592,True,True,TRAIN
2025-12-30,BDL.NS,UP,0.809,0.75,HIGH,ALIGNED,0.8181,True,True,TRAIN
2025-12-30,MANAPPURAM.NS,UP,0.7959,0.75,HIGH,ALIGNED,-0.323,False,False,TRAIN
2025-12-30,CRAFTSMAN.NS,UP,0.791,0.875,HIGH,ALIGNED,7.4553,True,True,TRAIN
2025-12-30,EMAMILTD.NS,UP,0.7878,0.75,HIGH,ALIGNED,0.0852,True,True,TRAIN
2025-12-30,OLECTRA.NS,UP,0.779,0.5,MEDIUM,ALIGNED,-0.7943,False,False,TRAIN
2025-12-30,HFCL.NS,UP,0.7668,0.375,MEDIUM,CONFLICT,6.7559,True,True,TRAIN
2025-12-30,INDIAMART.NS,UP,0.7571,0.75,HIGH,ALIGNED,-1.0414,False,False,TRAIN
2025-12-31,CRAFTSMAN.NS,UP,0.9716,1.0,HIGH,ALIGNED,0.4292,True,True,TRAIN
2025-12-31,SAIL.NS,UP,0.9463,0.75,HIGH,ALIGNED,0.9933,True,True,TRAIN
2025-12-31,ZYDUSWELL.NS,UP,0.9338,1.0,HIGH,ALIGNED,2.1227,True,True,TRAIN
2025-12-31,MRPL.NS,UP,0.9294,0.875,HIGH,ALIGNED,0.9538,True,True,TRAIN
2025-12-31,MOIL.NS,UP,0.926,1.0,HIGH,ALIGNED,-0.1899,False,False,TRAIN
2025-12-31,RATEGAIN.NS,UP,0.9157,1.0,HIGH,ALIGNED,1.4891,True,True,TRAIN
2025-12-31,NATIONALUM.NS,UP,0.8782,0.5,MEDIUM,ALIGNED,0.0955,True,True,TRAIN
2025-12-31,HFCL.NS,UP,0.8767,1.0,HIGH,ALIGNED,1.6669,True,True,TRAIN
2025-12-31,DEEPAKFERT.NS,UP,0.8583,1.0,HIGH,ALIGNED,-3.3875,False,False,TRAIN
2025-12-31,JINDALSTEL.NS,UP,0.8478,1.0,HIGH,ALIGNED,1.3855,True,True,TRAIN
2025-12-31,RBLBANK.NS,UP,0.8385,1.0,HIGH,ALIGNED,-0.1583,False,False,TRAIN
2025-12-31,MIDHANI.NS,UP,0.8368,0.75,HIGH,ALIGNED,-0.495,False,False,TRAIN
2025-12-31,JSWSTEEL.NS,UP,0.8324,1.0,HIGH,ALIGNED,0.5752,True,True,TRAIN
2025-12-31,BPCL.NS,UP,0.8277,1.0,HIGH,ALIGNED,-0.651,False,False,TRAIN
2025-12-31,SAPPHIRE.NS,UP,0.8265,0.875,HIGH,ALIGNED,2.198,True,True,TRAIN
2025-12-31,TATASTEEL.NS,UP,0.8243,1.0,HIGH,ALIGNED,1.0051,True,True,TRAIN
2025-12-31,IRCON.NS,UP,0.8216,0.75,HIGH,ALIGNED,0.1858,True,True,TRAIN
2025-12-31,EMAMILTD.NS,UP,0.8118,0.75,HIGH,ALIGNED,-0.6905,False,False,TRAIN
2025-12-31,SYMPHONY.NS,UP,0.8042,1.0,HIGH,ALIGNED,3.9519,True,True,TRAIN
2025-12-31,CASTROLIND.NS,UP,0.7806,0.625,HIGH,ALIGNED,-0.914,False,False,TRAIN
2026-01-01,CRAFTSMAN.NS,UP,0.9678,0.875,HIGH,ALIGNED,3.7682,True,True,TRAIN
2026-01-01,HFCL.NS,UP,0.9578,1.0,HIGH,ALIGNED,-1.7266,False,False,TRAIN
2026-01-01,ZYDUSWELL.NS,UP,0.9518,1.0,HIGH,ALIGNED,1.5617,True,True,TRAIN
2026-01-01,MRPL.NS,UP,0.9422,1.0,HIGH,ALIGNED,-1.4139,False,False,TRAIN
2026-01-01,RATEGAIN.NS,UP,0.9322,1.0,HIGH,ALIGNED,-1.161,False,False,TRAIN
2026-01-01,SAIL.NS,UP,0.9279,0.75,HIGH,ALIGNED,-0.6602,False,False,TRAIN
2026-01-01,AJANTPHARM.NS,UP,0.9078,0.75,HIGH,ALIGNED,0.3676,True,True,TRAIN
2026-01-01,SYMPHONY.NS,UP,0.8739,0.875,HIGH,ALIGNED,-0.0764,False,False,TRAIN
2026-01-01,ADANIENSOL.NS,UP,0.8595,1.0,HIGH,ALIGNED,1.099,True,True,TRAIN
2026-01-01,JINDALSTEL.NS,UP,0.8339,0.875,HIGH,ALIGNED,1.1138,True,True,TRAIN
2026-01-01,INDUSINDBK.NS,UP,0.8221,1.0,HIGH,ALIGNED,1.3761,True,True,TRAIN
2026-01-01,BPCL.NS,UP,0.8188,0.75,HIGH,ALIGNED,-0.0131,False,False,TRAIN
2026-01-01,NATIONALUM.NS,UP,0.8133,0.5,MEDIUM,ALIGNED,4.9905,True,True,TRAIN
2026-01-01,ASHOKLEY.NS,UP,0.8126,0.625,HIGH,ALIGNED,2.1095,True,True,TRAIN
2026-01-01,JSWENERGY.NS,UP,0.809,1.0,HIGH,ALIGNED,1.7231,True,True,TRAIN
2026-01-01,SAPPHIRE.NS,UP,0.797,0.875,HIGH,ALIGNED,-4.0731,False,False,TRAIN
2026-01-01,TATASTEEL.NS,UP,0.7693,0.625,HIGH,ALIGNED,0.5443,True,True,TRAIN
2026-01-01,MOIL.NS,UP,0.7686,0.5,MEDIUM,ALIGNED,1.9981,True,True,TRAIN
2026-01-01,JSWSTEEL.NS,UP,0.7555,0.875,HIGH,ALIGNED,0.7853,True,True,TRAIN
2026-01-01,OIL.NS,UP,0.7427,0.875,HIGH,ALIGNED,0.3041,True,True,TRAIN
2026-01-02,SJVN.NS,UP,0.9372,1.0,HIGH,ALIGNED,5.5515,True,True,TRAIN
2026-01-02,AJANTPHARM.NS,UP,0.9145,0.625,HIGH,ALIGNED,-1.2342,False,False,TRAIN
2026-01-02,CRAFTSMAN.NS,UP,0.9056,0.75,HIGH,ALIGNED,-0.1435,False,False,TRAIN
2026-01-02,ZYDUSWELL.NS,UP,0.8833,0.625,HIGH,ALIGNED,2.3754,True,True,TRAIN
2026-01-02,TORNTPOWER.NS,UP,0.8539,0.875,HIGH,ALIGNED,0.3144,True,True,TRAIN
2026-01-02,BOSCHLTD.NS,UP,0.8461,0.75,HIGH,ALIGNED,-0.6342,False,False,TRAIN
2026-01-02,ASHOKLEY.NS,UP,0.8418,0.75,HIGH,ALIGNED,-0.5403,False,False,TRAIN
2026-01-02,JINDALSTEL.NS,UP,0.8399,1.0,HIGH,ALIGNED,0.1203,True,True,TRAIN
2026-01-02,SAIL.NS,UP,0.8278,0.5,MEDIUM,ALIGNED,2.292,True,True,TRAIN
2026-01-02,HFCL.NS,UP,0.8237,0.75,HIGH,ALIGNED,-0.7825,False,False,TRAIN
2026-01-02,BLUESTARCO.NS,UP,0.8152,1.0,HIGH,ALIGNED,1.8061,True,True,TRAIN
2026-01-02,RATEGAIN.NS,UP,0.8068,0.75,HIGH,ALIGNED,0.5837,True,True,TRAIN
2026-01-02,INDUSINDBK.NS,UP,0.8024,0.875,HIGH,ALIGNED,-0.277,False,False,TRAIN
2026-01-02,VOLTAS.NS,UP,0.794,1.0,HIGH,ALIGNED,3.2583,True,True,TRAIN
2026-01-02,JSWENERGY.NS,UP,0.7925,1.0,HIGH,ALIGNED,1.2239,True,True,TRAIN
2026-01-02,NATIONALUM.NS,UP,0.7913,0.625,HIGH,ALIGNED,0.1514,True,True,TRAIN
2026-01-02,MIDHANI.NS,UP,0.7899,0.875,HIGH,ALIGNED,-1.1685,False,False,TRAIN
2026-01-02,SYMPHONY.NS,UP,0.7899,0.75,HIGH,ALIGNED,0.4585,True,True,TRAIN
2026-01-02,RECLTD.NS,UP,0.7838,0.75,HIGH,ALIGNED,0.0919,True,True,TRAIN
2026-01-02,CESC.NS,UP,0.7833,1.0,HIGH,ALIGNED,-1.0891,False,False,TRAIN
2026-01-05,SJVN.NS,UP,0.9638,0.75,HIGH,ALIGNED,-3.7536,False,False,TRAIN
2026-01-05,SOBHA.NS,UP,0.8891,1.0,HIGH,ALIGNED,-1.801,False,False,TRAIN
2026-01-05,BLUESTARCO.NS,UP,0.8739,1.0,HIGH,ALIGNED,-1.3684,False,False,TRAIN
2026-01-05,SAIL.NS,UP,0.8674,0.75,HIGH,ALIGNED,-2.9234,False,False,TRAIN
2026-01-05,VOLTAS.NS,UP,0.8543,1.0,HIGH,ALIGNED,0.6365,True,True,TRAIN
2026-01-05,CRAFTSMAN.NS,UP,0.8442,0.625,HIGH,ALIGNED,0.2437,True,True,TRAIN
2026-01-05,TORNTPOWER.NS,UP,0.8171,0.875,HIGH,ALIGNED,0.3704,True,True,TRAIN
2026-01-05,NHPC.NS,UP,0.8135,0.75,HIGH,ALIGNED,-0.1554,False,False,TRAIN
2026-01-05,BOSCHLTD.NS,UP,0.8133,0.625,HIGH,ALIGNED,-0.5361,False,False,TRAIN
2026-01-05,AJANTPHARM.NS,UP,0.8118,0.5,MEDIUM,ALIGNED,-2.3483,False,False,TRAIN
2026-01-05,ZYDUSWELL.NS,UP,0.8111,0.625,HIGH,ALIGNED,-0.8908,False,False,TRAIN
2026-01-05,UNIONBANK.NS,UP,0.7959,1.0,HIGH,ALIGNED,2.0818,True,True,TRAIN
2026-01-05,NATIONALUM.NS,UP,0.7889,0.625,HIGH,ALIGNED,4.8065,True,True,TRAIN
2026-01-05,JSWENERGY.NS,UP,0.7809,0.875,HIGH,ALIGNED,-0.3966,False,False,TRAIN
2026-01-05,FINPIPE.NS,UP,0.7664,1.0,HIGH,ALIGNED,-1.5799,False,False,TRAIN
2026-01-05,PRESTIGE.NS,UP,0.7647,1.0,HIGH,ALIGNED,-0.8338,False,False,TRAIN
2026-01-05,ASHOKLEY.NS,UP,0.7565,0.5,MEDIUM,ALIGNED,-0.8575,False,False,TRAIN
2026-01-05,GODREJPROP.NS,UP,0.756,1.0,HIGH,ALIGNED,0.1742,True,True,TRAIN
2026-01-05,MUTHOOTFIN.NS,UP,0.7406,1.0,HIGH,ALIGNED,0.5024,True,True,TRAIN
2026-01-05,JPPOWER.NS,UP,0.7391,0.625,HIGH,ALIGNED,-1.909,False,False,TRAIN
2026-01-06,SJVN.NS,UP,0.9517,0.875,HIGH,ALIGNED,-1.6003,False,False,TRAIN
2026-01-06,VOLTAS.NS,UP,0.902,1.0,HIGH,ALIGNED,1.4399,True,True,TRAIN
2026-01-06,INDUSINDBK.NS,UP,0.8632,1.0,HIGH,ALIGNED,-1.7938,False,False,TRAIN
2026-01-06,CRAFTSMAN.NS,UP,0.8441,0.625,HIGH,ALIGNED,-2.6865,False,False,TRAIN
2026-01-06,HFCL.NS,UP,0.8407,0.875,HIGH,ALIGNED,0.2159,True,True,TRAIN
2026-01-06,NATIONALUM.NS,UP,0.8334,0.75,HIGH,ALIGNED,1.7018,True,True,TRAIN
2026-01-06,BLUESTARCO.NS,UP,0.828,0.75,HIGH,ALIGNED,1.0474,True,True,TRAIN
2026-01-06,BDL.NS,UP,0.8246,1.0,HIGH,ALIGNED,-0.1945,False,False,TRAIN
2026-01-06,RECLTD.NS,UP,0.8022,0.875,HIGH,ALIGNED,0.6269,True,True,TRAIN
2026-01-06,APOLLOTYRE.NS,UP,0.8005,1.0,HIGH,ALIGNED,-0.3754,False,False,TRAIN
2026-01-06,UNIONBANK.NS,UP,0.7983,0.875,HIGH,ALIGNED,0.356,True,True,TRAIN
2026-01-06,SOBHA.NS,UP,0.7871,0.75,HIGH,ALIGNED,-1.2528,False,False,TRAIN
2026-01-06,BOSCHLTD.NS,UP,0.7837,0.625,HIGH,ALIGNED,0.4748,True,True,TRAIN
2026-01-06,MOIL.NS,UP,0.7766,0.875,HIGH,ALIGNED,-1.1956,False,False,TRAIN
2026-01-06,AJANTPHARM.NS,UP,0.7744,0.75,HIGH,ALIGNED,0.3375,True,True,TRAIN
2026-01-06,ZYDUSWELL.NS,UP,0.7744,0.5,MEDIUM,ALIGNED,-0.9615,False,False,TRAIN
2026-01-06,TORNTPOWER.NS,UP,0.7707,0.75,HIGH,ALIGNED,-0.8659,False,False,TRAIN
2026-01-06,AMBER.NS,UP,0.7693,0.875,HIGH,ALIGNED,-0.8125,False,False,TRAIN
2026-01-06,SOLARINDS.NS,UP,0.7627,0.875,HIGH,ALIGNED,3.6714,True,True,TRAIN
2026-01-06,SYMPHONY.NS,UP,0.7524,0.625,HIGH,ALIGNED,1.3716,True,True,TRAIN
2026-01-07,BLUESTARCO.NS,UP,0.916,1.0,HIGH,ALIGNED,-1.2753,False,False,TRAIN
2026-01-07,NATIONALUM.NS,UP,0.9129,0.75,HIGH,ALIGNED,-5.4169,False,False,TRAIN
2026-01-07,SOLARINDS.NS,UP,0.9032,1.0,HIGH,ALIGNED,0.9304,True,True,TRAIN
2026-01-07,VOLTAS.NS,UP,0.8964,0.75,HIGH,ALIGNED,-2.5537,False,False,TRAIN
2026-01-07,KALYANKJIL.NS,UP,0.883,1.0,HIGH,ALIGNED,-1.7187,False,False,TRAIN
2026-01-07,IDEA.NS,UP,0.8689,0.5,MEDIUM,ALIGNED,0.349,True,True,TRAIN
2026-01-07,BOSCHLTD.NS,UP,0.8204,0.75,HIGH,ALIGNED,-1.239,False,False,TRAIN
2026-01-07,SJVN.NS,UP,0.818,0.625,HIGH,ALIGNED,-3.4815,False,False,TRAIN
2026-01-07,NATCOPHARM.NS,UP,0.8027,1.0,HIGH,ALIGNED,-3.8474,False,False,TRAIN
2026-01-07,RECLTD.NS,UP,0.7988,0.875,HIGH,ALIGNED,-3.5951,False,False,TRAIN
2026-01-07,YESBANK.NS,UP,0.7939,1.0,HIGH,ALIGNED,-3.3191,False,False,TRAIN
2026-01-07,KPITTECH.NS,UP,0.79,1.0,HIGH,ALIGNED,-2.3335,False,False,TRAIN
2026-01-07,PERSISTENT.NS,UP,0.782,1.0,HIGH,ALIGNED,-1.0593,False,False,TRAIN
2026-01-07,AUROPHARMA.NS,UP,0.7801,1.0,HIGH,ALIGNED,-2.3717,False,False,TRAIN
2026-01-07,BDL.NS,UP,0.7728,0.875,HIGH,ALIGNED,-0.3832,False,False,TRAIN
2026-01-07,SOBHA.NS,UP,0.7709,0.75,HIGH,ALIGNED,2.6813,True,True,TRAIN
2026-01-07,CROMPTON.NS,UP,0.768,0.875,HIGH,ALIGNED,-2.2016,False,False,TRAIN
2026-01-07,COALINDIA.NS,UP,0.767,0.625,HIGH,ALIGNED,-1.4827,False,False,TRAIN
2026-01-07,ALKEM.NS,UP,0.76,1.0,HIGH,ALIGNED,-0.2325,False,False,TRAIN
2026-01-07,INTELLECT.NS,UP,0.76,0.75,HIGH,ALIGNED,-4.8719,False,False,TRAIN
2026-01-08,SOLARINDS.NS,UP,0.9318,1.0,HIGH,ALIGNED,-1.9402,False,False,TRAIN
2026-01-08,SOBHA.NS,UP,0.89,0.875,HIGH,ALIGNED,-0.8216,False,False,TRAIN
2026-01-08,DATAPATTNS.NS,UP,0.8842,0.75,HIGH,ALIGNED,-1.2591,False,False,TRAIN
2026-01-08,KALYANKJIL.NS,UP,0.8738,1.0,HIGH,ALIGNED,-0.9574,False,False,TRAIN
2026-01-08,NATIONALUM.NS,UP,0.8714,0.75,HIGH,ALIGNED,4.3628,True,True,TRAIN
2026-01-08,APOLLOTYRE.NS,UP,0.8534,1.0,HIGH,ALIGNED,-2.9907,False,False,TRAIN
2026-01-08,KPITTECH.NS,UP,0.8284,0.625,HIGH,ALIGNED,0.1779,True,True,TRAIN
2026-01-08,BDL.NS,UP,0.808,0.875,HIGH,ALIGNED,-0.8542,False,False,TRAIN
2026-01-08,SJVN.NS,UP,0.801,0.5,MEDIUM,ALIGNED,-2.4838,False,False,TRAIN
2026-01-08,ZENSARTECH.NS,UP,0.7879,0.875,HIGH,ALIGNED,-1.2597,False,False,TRAIN
2026-01-08,ALKEM.NS,UP,0.785,1.0,HIGH,ALIGNED,0.1036,True,True,TRAIN
2026-01-08,IDEAFORGE.NS,UP,0.7847,0.75,HIGH,ALIGNED,-0.6699,False,False,TRAIN
2026-01-08,YESBANK.NS,UP,0.7823,0.75,HIGH,ALIGNED,0.5282,True,True,TRAIN
2026-01-08,BEL.NS,UP,0.7692,1.0,HIGH,ALIGNED,0.7218,True,True,TRAIN
2026-01-08,BOSCHLTD.NS,UP,0.759,0.75,HIGH,ALIGNED,-1.7201,False,False,TRAIN
2026-01-08,TORNTPOWER.NS,UP,0.7522,0.625,HIGH,ALIGNED,-2.8242,False,False,TRAIN
2026-01-08,VOLTAS.NS,UP,0.7398,0.625,HIGH,ALIGNED,-0.1566,False,False,TRAIN
2026-01-08,DABUR.NS,UP,0.7388,0.875,HIGH,ALIGNED,0.5679,True,True,TRAIN
2026-01-08,BLUESTARCO.NS,UP,0.7383,0.75,HIGH,ALIGNED,-0.9839,False,False,TRAIN
2026-01-08,IDEA.NS,UP,0.735,0.75,HIGH,ALIGNED,-2.087,False,False,TRAIN
2026-01-09,SOLARINDS.NS,UP,0.9031,0.875,HIGH,ALIGNED,-1.1296,False,False,TRAIN
2026-01-09,NATIONALUM.NS,UP,0.8949,0.625,HIGH,ALIGNED,0.5746,True,True,TRAIN
2026-01-09,GRSE.NS,UP,0.8932,0.75,HIGH,ALIGNED,1.0676,True,True,TRAIN
2026-01-09,SOBHA.NS,UP,0.8729,0.875,HIGH,ALIGNED,-0.5009,False,False,TRAIN
2026-01-09,DATAPATTNS.NS,UP,0.8647,0.625,HIGH,ALIGNED,-1.2676,False,False,TRAIN
2026-01-09,MAZDOCK.NS,UP,0.8594,0.875,HIGH,ALIGNED,0.8278,True,True,TRAIN
2026-01-09,ZENSARTECH.NS,UP,0.8558,0.625,HIGH,ALIGNED,0.4017,True,True,TRAIN
2026-01-09,BDL.NS,UP,0.8522,0.875,HIGH,ALIGNED,0.8221,True,True,TRAIN
2026-01-09,PARAS.NS,UP,0.8145,0.5,MEDIUM,ALIGNED,0.3602,True,True,TRAIN
2026-01-09,COROMANDEL.NS,UP,0.7988,0.625,HIGH,ALIGNED,-0.8317,False,False,TRAIN
2026-01-09,ENDURANCE.NS,UP,0.7891,0.875,HIGH,ALIGNED,-1.865,False,False,TRAIN
2026-01-09,BEL.NS,UP,0.7841,1.0,HIGH,ALIGNED,-0.2269,False,False,TRAIN
2026-01-09,ALKEM.NS,UP,0.772,1.0,HIGH,ALIGNED,1.1726,True,True,TRAIN
2026-01-09,UNIONBANK.NS,UP,0.772,0.75,HIGH,ALIGNED,1.06,True,True,TRAIN
2026-01-09,PERSISTENT.NS,UP,0.7669,0.875,HIGH,ALIGNED,-1.4259,False,False,TRAIN
2026-01-09,IDEAFORGE.NS,UP,0.7657,0.75,HIGH,ALIGNED,0.2002,True,True,TRAIN
2026-01-09,COFORGE.NS,UP,0.7522,0.625,HIGH,ALIGNED,0.9217,True,True,TRAIN
2026-01-09,KALYANKJIL.NS,UP,0.7483,0.875,HIGH,ALIGNED,-1.085,False,False,TRAIN
2026-01-09,KPITTECH.NS,UP,0.737,0.625,HIGH,ALIGNED,-0.8288,False,False,TRAIN
2026-01-09,HAVELLS.NS,UP,0.7341,0.75,HIGH,ALIGNED,-0.9898,False,False,TRAIN
2026-01-12,CENTUM.NS,UP,0.9891,1.0,HIGH,ALIGNED,-0.0515,False,False,TRAIN
2026-01-12,BSE.NS,UP,0.893,1.0,HIGH,ALIGNED,1.4835,True,True,TRAIN
2026-01-12,NATIONALUM.NS,UP,0.8721,0.5,MEDIUM,ALIGNED,2.0997,True,True,TRAIN
2026-01-12,IDEA.NS,UP,0.8301,0.5,MEDIUM,ALIGNED,-4.0,False,False,TRAIN
2026-01-12,DIVISLAB.NS,UP,0.7981,0.625,HIGH,ALIGNED,-0.7555,False,False,TRAIN
2026-01-12,MAZDOCK.NS,UP,0.7881,0.875,HIGH,ALIGNED,-1.5786,False,False,TRAIN
2026-01-12,ALKEM.NS,UP,0.7857,1.0,HIGH,ALIGNED,-0.0597,False,False,TRAIN
2026-01-12,COFORGE.NS,UP,0.7663,0.5,MEDIUM,ALIGNED,0.6717,True,True,TRAIN
2026-01-12,HCLTECH.NS,UP,0.7597,1.0,HIGH,ALIGNED,-0.1559,False,False,TRAIN
2026-01-12,HINDZINC.NS,UP,0.7575,0.5,MEDIUM,ALIGNED,0.2547,True,True,TRAIN
2026-01-12,COALINDIA.NS,UP,0.7551,0.625,HIGH,ALIGNED,-0.7865,False,False,TRAIN
2026-01-12,SOLARINDS.NS,UP,0.7549,0.5,MEDIUM,ALIGNED,-2.653,False,False,TRAIN
2026-01-12,GRSE.NS,UP,0.7546,0.5,MEDIUM,ALIGNED,-1.2498,False,False,TRAIN
2026-01-12,ZENSARTECH.NS,UP,0.7417,0.75,HIGH,ALIGNED,0.1615,True,True,TRAIN
2026-01-12,ENDURANCE.NS,UP,0.7359,0.375,MEDIUM,CONFLICT,0.5713,True,True,TRAIN
2026-01-12,KPITTECH.NS,UP,0.733,0.375,MEDIUM,CONFLICT,0.0853,True,True,TRAIN
2026-01-12,ASIANPAINT.NS,UP,0.7296,1.0,HIGH,ALIGNED,-0.3487,False,False,TRAIN
2026-01-12,ATUL.NS,UP,0.7184,0.875,HIGH,ALIGNED,-0.8642,False,False,TRAIN
2026-01-12,PERSISTENT.NS,UP,0.7109,0.5,MEDIUM,ALIGNED,0.5059,True,True,TRAIN
2026-01-12,OIL.NS,UP,0.7056,0.75,HIGH,ALIGNED,5.2397,True,True,TRAIN
2026-01-13,CENTUM.NS,UP,0.9671,0.875,HIGH,ALIGNED,-0.0815,False,False,TRAIN
2026-01-13,ALKYLAMINE.NS,UP,0.9451,1.0,HIGH,ALIGNED,1.9741,True,True,TRAIN
2026-01-13,OIL.NS,UP,0.9015,1.0,HIGH,ALIGNED,2.255,True,True,TRAIN
2026-01-13,NAVINFLUOR.NS,UP,0.8968,0.875,HIGH,ALIGNED,0.7348,True,True,TRAIN
2026-01-13,MANAPPURAM.NS,UP,0.878,0.75,HIGH,ALIGNED,0.3084,True,True,TRAIN
2026-01-13,BSE.NS,UP,0.8576,0.875,HIGH,ALIGNED,0.1695,True,True,TRAIN
2026-01-13,ZENSARTECH.NS,UP,0.849,0.625,HIGH,ALIGNED,-0.5046,False,False,TRAIN
2026-01-13,COFORGE.NS,UP,0.8046,0.625,HIGH,ALIGNED,-1.5745,False,False,TRAIN
2026-01-13,NATIONALUM.NS,UP,0.7898,0.5,MEDIUM,ALIGNED,4.5187,True,True,TRAIN
2026-01-13,HCLTECH.NS,UP,0.7724,0.875,HIGH,ALIGNED,0.2102,True,True,TRAIN
2026-01-13,VEDL.NS,UP,0.7712,0.625,HIGH,ALIGNED,6.0499,True,True,TRAIN
2026-01-13,ALKEM.NS,UP,0.7702,0.875,HIGH,ALIGNED,-0.5628,False,False,TRAIN
2026-01-13,ONGC.NS,UP,0.7427,0.875,HIGH,ALIGNED,1.8254,True,True,TRAIN
2026-01-13,APOLLOTYRE.NS,UP,0.7302,0.875,HIGH,ALIGNED,1.4313,True,True,TRAIN
2026-01-13,KPITTECH.NS,UP,0.729,0.5,MEDIUM,ALIGNED,0.4942,True,True,TRAIN
2026-01-13,MGL.NS,UP,0.7278,0.5,MEDIUM,ALIGNED,-1.4662,False,False,TRAIN
2026-01-13,COROMANDEL.NS,UP,0.7215,0.625,HIGH,ALIGNED,-1.3141,False,False,TRAIN
2026-01-13,ENDURANCE.NS,UP,0.719,0.75,HIGH,ALIGNED,-2.6045,False,False,TRAIN
2026-01-13,TECHM.NS,UP,0.7156,1.0,HIGH,ALIGNED,-1.6287,False,False,TRAIN
2026-01-13,SAIL.NS,UP,0.7127,0.625,HIGH,ALIGNED,3.1673,True,True,TRAIN
2026-01-14,MRPL.NS,UP,0.9782,1.0,HIGH,ALIGNED,0.0,False,False,TRAIN
2026-01-14,ALKYLAMINE.NS,UP,0.9326,1.0,HIGH,ALIGNED,0.0,False,False,TRAIN
2026-01-14,OIL.NS,UP,0.9326,0.875,HIGH,ALIGNED,0.0,False,False,TRAIN
2026-01-14,HINDZINC.NS,UP,0.9324,0.875,HIGH,ALIGNED,0.0,False,False,TRAIN
2026-01-14,VEDL.NS,UP,0.8797,0.75,HIGH,ALIGNED,0.0,False,False,TRAIN
2026-01-14,UNIONBANK.NS,UP,0.8787,0.625,HIGH,ALIGNED,0.0,False,False,TRAIN
2026-01-14,INDUSINDBK.NS,UP,0.8762,1.0,HIGH,ALIGNED,0.0,False,False,TRAIN
2026-01-14,NATIONALUM.NS,UP,0.8441,0.625,HIGH,ALIGNED,0.0,False,False,TRAIN
2026-01-14,SAIL.NS,UP,0.8414,0.875,HIGH,ALIGNED,0.0,False,False,TRAIN
2026-01-14,ZENSARTECH.NS,UP,0.8189,0.625,HIGH,ALIGNED,0.0,False,False,TRAIN
2026-01-14,ONGC.NS,UP,0.8162,1.0,HIGH,ALIGNED,0.0,False,False,TRAIN
2026-01-14,TATASTEEL.NS,UP,0.8096,1.0,HIGH,ALIGNED,0.0,False,False,TRAIN
2026-01-14,APOLLOTYRE.NS,UP,0.7973,0.875,HIGH,ALIGNED,0.0,False,False,TRAIN
2026-01-14,PNB.NS,UP,0.7708,1.0,HIGH,ALIGNED,0.0,False,False,TRAIN
2026-01-14,SHYAMMETL.NS,UP,0.7564,0.875,HIGH,ALIGNED,0.0,False,False,TRAIN
2026-01-14,BSE.NS,UP,0.7544,0.75,HIGH,ALIGNED,0.0,False,False,TRAIN
2026-01-14,MGL.NS,UP,0.7221,0.25,LOW,CONFLICT,0.0,False,False,TRAIN
2026-01-16,MRPL.NS,UP,0.979,0.875,HIGH,ALIGNED,-5.2955,False,False,TRAIN
2026-01-16,FEDERALBNK.NS,UP,0.9073,1.0,HIGH,ALIGNED,3.4968,True,True,TRAIN
2026-01-16,RBLBANK.NS,UP,0.9024,1.0,HIGH,ALIGNED,-6.7006,False,False,TRAIN
2026-01-16,UNIONBANK.NS,UP,0.8844,0.625,HIGH,ALIGNED,0.7267,True,True,TRAIN
2026-01-16,NAVINFLUOR.NS,UP,0.8732,1.0,HIGH,ALIGNED,-0.7147,False,False,TRAIN
2026-01-16,INDUSINDBK.NS,UP,0.8712,0.75,HIGH,ALIGNED,-0.4246,False,False,TRAIN
2026-01-16,VEDL.NS,UP,0.8578,0.75,HIGH,ALIGNED,-1.1572,False,False,TRAIN
2026-01-16,OIL.NS,UP,0.8512,0.875,HIGH,ALIGNED,-2.8641,False,False,TRAIN
2026-01-16,HFCL.NS,UP,0.8502,0.875,HIGH,ALIGNED,-2.8815,False,False,TRAIN
2026-01-16,MANAPPURAM.NS,UP,0.8432,0.875,HIGH,ALIGNED,0.1433,True,True,TRAIN
2026-01-16,INDIAMART.NS,UP,0.8288,1.0,HIGH,ALIGNED,-4.1328,False,False,TRAIN
2026-01-16,HINDZINC.NS,UP,0.8066,0.75,HIGH,ALIGNED,3.5515,True,True,TRAIN
2026-01-16,BSE.NS,UP,0.7839,0.75,HIGH,ALIGNED,-2.9195,False,False,TRAIN
2026-01-16,CENTUM.NS,UP,0.7822,0.625,HIGH,ALIGNED,-2.3073,False,False,TRAIN
2026-01-16,PNB.NS,UP,0.78,0.75,HIGH,ALIGNED,-3.2563,False,False,TRAIN
2026-01-16,TECHM.NS,UP,0.7637,1.0,HIGH,ALIGNED,2.8614,True,True,TRAIN
2026-01-16,CANBK.NS,UP,0.7598,0.875,HIGH,ALIGNED,-0.1718,False,False,TRAIN
2026-01-16,BPCL.NS,UP,0.7576,0.75,HIGH,ALIGNED,-0.5369,False,False,TRAIN
2026-01-16,OFSS.NS,UP,0.7561,1.0,HIGH,ALIGNED,0.3895,True,True,TRAIN
2026-01-16,JINDALSTEL.NS,UP,0.7515,0.875,HIGH,ALIGNED,1.2178,True,True,TRAIN
2026-01-19,NAVINFLUOR.NS,UP,0.9282,0.875,HIGH,ALIGNED,-2.8466,False,False,TRAIN
2026-01-19,WELCORP.NS,UP,0.9204,1.0,HIGH,ALIGNED,-3.7004,False,False,TRAIN
2026-01-19,FEDERALBNK.NS,UP,0.9121,1.0,HIGH,ALIGNED,-2.306,False,False,TRAIN
2026-01-19,UNIONBANK.NS,UP,0.8944,0.625,HIGH,ALIGNED,-0.9581,False,False,TRAIN
2026-01-19,HINDZINC.NS,UP,0.874,1.0,HIGH,ALIGNED,3.0815,True,True,TRAIN
2026-01-19,MASTEK.NS,UP,0.8522,1.0,HIGH,ALIGNED,0.7201,True,True,TRAIN
2026-01-19,MRPL.NS,UP,0.8471,0.375,MEDIUM,CONFLICT,-2.6806,False,False,TRAIN
2026-01-19,TECHM.NS,UP,0.8252,0.75,HIGH,ALIGNED,-2.3162,False,False,TRAIN
2026-01-19,LAURUSLABS.NS,UP,0.824,0.625,HIGH,ALIGNED,-2.5595,False,False,TRAIN
2026-01-19,PNB.NS,UP,0.824,0.75,HIGH,ALIGNED,-1.7806,False,False,TRAIN
2026-01-19,MGL.NS,UP,0.8158,0.875,HIGH,ALIGNED,-0.0455,False,False,TRAIN
2026-01-19,INDUSINDBK.NS,UP,0.8041,0.75,HIGH,ALIGNED,-4.701,False,False,TRAIN
2026-01-19,CENTUM.NS,UP,0.7976,0.5,MEDIUM,ALIGNED,-1.2342,False,False,TRAIN
2026-01-19,VEDL.NS,UP,0.7976,0.375,MEDIUM,CONFLICT,-0.4446,False,False,TRAIN
2026-01-19,MANAPPURAM.NS,UP,0.7949,0.875,HIGH,ALIGNED,-4.007,False,False,TRAIN
2026-01-19,HFCL.NS,UP,0.7745,0.625,HIGH,ALIGNED,-4.1477,False,False,TRAIN
2026-01-19,JINDALSTEL.NS,UP,0.7738,0.875,HIGH,ALIGNED,-1.4968,False,False,TRAIN
2026-01-19,OFSS.NS,UP,0.7532,1.0,HIGH,ALIGNED,-2.0712,False,False,TRAIN
2026-01-19,CANBK.NS,UP,0.7512,0.75,HIGH,ALIGNED,-2.0273,False,False,TRAIN
2026-01-19,INDIAMART.NS,UP,0.7427,0.75,HIGH,ALIGNED,-2.397,False,False,TRAIN
2026-01-20,HINDZINC.NS,UP,0.9531,0.75,HIGH,ALIGNED,2.4679,True,True,TRAIN
2026-01-20,WELCORP.NS,UP,0.8998,0.75,HIGH,ALIGNED,-1.0875,False,False,TRAIN
2026-01-20,DEEPAKNTR.NS,UP,0.8339,0.875,HIGH,ALIGNED,-0.7858,False,False,TRAIN
2026-01-20,MASTEK.NS,UP,0.832,1.0,HIGH,ALIGNED,-2.1765,False,False,TRAIN
2026-01-20,FEDERALBNK.NS,UP,0.824,0.875,HIGH,ALIGNED,1.043,True,True,TRAIN
2026-01-20,MGL.NS,UP,0.799,0.875,HIGH,ALIGNED,0.8018,True,True,TRAIN
2026-01-20,RATEGAIN.NS,UP,0.7938,0.375,MEDIUM,CONFLICT,-2.7694,False,False,TRAIN
2026-01-20,PNB.NS,UP,0.7863,0.75,HIGH,ALIGNED,-1.4153,False,False,TRAIN
2026-01-20,UNIONBANK.NS,UP,0.768,0.625,HIGH,ALIGNED,-1.8551,False,False,TRAIN
2026-01-20,HFCL.NS,UP,0.7649,0.375,MEDIUM,CONFLICT,-2.0531,False,False,TRAIN
2026-01-20,FINPIPE.NS,UP,0.7639,0.875,HIGH,ALIGNED,-0.8877,False,False,TRAIN
2026-01-20,VEDL.NS,UP,0.7514,0.625,HIGH,ALIGNED,0.7219,True,True,TRAIN
2026-01-20,CANBK.NS,UP,0.7481,0.875,HIGH,ALIGNED,-1.9001,False,False,TRAIN
2026-01-20,NAVINFLUOR.NS,UP,0.7404,0.5,MEDIUM,ALIGNED,-2.307,False,False,TRAIN
2026-01-20,JINDALSTEL.NS,UP,0.738,0.625,HIGH,ALIGNED,0.1539,True,True,TRAIN
2026-01-20,MIDHANI.NS,UP,0.7183,0.625,HIGH,ALIGNED,-1.9234,False,False,TRAIN
2026-01-20,INDUSINDBK.NS,UP,0.7091,0.5,MEDIUM,ALIGNED,0.221,True,True,TRAIN
2026-01-20,BPCL.NS,UP,0.7087,0.75,HIGH,ALIGNED,-0.915,False,False,TRAIN
2026-01-20,TECHM.NS,UP,0.705,0.875,HIGH,ALIGNED,0.4885,True,True,TRAIN
2026-01-20,STLTECH.NS,UP,0.7048,0.375,MEDIUM,CONFLICT,1.1359,True,True,TRAIN
2026-01-21,HINDZINC.NS,UP,0.9053,0.75,HIGH,ALIGNED,-4.2004,False,False,TRAIN
2026-01-21,INDIAMART.NS,UP,0.885,0.875,HIGH,ALIGNED,-2.3492,False,False,TRAIN
2026-01-21,VGUARD.NS,UP,0.8645,0.75,HIGH,ALIGNED,0.2104,True,True,TRAIN
2026-01-21,NOCIL.NS,UP,0.856,0.625,HIGH,ALIGNED,-3.5872,False,False,TRAIN
2026-01-21,NAUKRI.NS,UP,0.8196,0.875,HIGH,ALIGNED,-1.0053,False,False,TRAIN
2026-01-21,PERSISTENT.NS,UP,0.8118,0.375,MEDIUM,CONFLICT,1.2576,True,True,TRAIN
2026-01-21,MPHASIS.NS,UP,0.8075,0.5,MEDIUM,ALIGNED,0.4002,True,True,TRAIN
2026-01-21,WELCORP.NS,UP,0.806,0.5,MEDIUM,ALIGNED,1.1661,True,True,TRAIN
2026-01-21,STLTECH.NS,UP,0.7988,0.5,MEDIUM,ALIGNED,0.7667,True,True,TRAIN
2026-01-21,FEDERALBNK.NS,UP,0.7894,0.875,HIGH,ALIGNED,2.2093,True,True,TRAIN
2026-01-21,OFSS.NS,UP,0.7425,0.5,MEDIUM,ALIGNED,2.9126,True,True,TRAIN
2026-01-21,DABUR.NS,UP,0.7401,1.0,HIGH,ALIGNED,1.7726,True,True,TRAIN
2026-01-21,ICICIGI.NS,UP,0.7353,0.375,MEDIUM,CONFLICT,-0.5396,False,False,TRAIN
2026-01-21,RADICO.NS,UP,0.7338,0.5,MEDIUM,ALIGNED,5.4512,True,True,TRAIN
2026-01-21,SUDARSCHEM.NS,UP,0.7319,0.625,HIGH,ALIGNED,0.5211,True,True,TRAIN
2026-01-21,POLICYBZR.NS,UP,0.729,0.625,HIGH,ALIGNED,3.0594,True,True,TRAIN
2026-01-21,ADANIENSOL.NS,UP,0.7251,0.5,MEDIUM,ALIGNED,2.8355,True,True,TRAIN
2026-01-21,AJANTPHARM.NS,UP,0.7196,0.625,HIGH,ALIGNED,0.1659,True,True,TRAIN
2026-01-21,MASTEK.NS,UP,0.7179,0.75,HIGH,ALIGNED,-2.9604,False,False,TRAIN
2026-01-21,INTELLECT.NS,UP,0.714,0.25,LOW,CONFLICT,3.2188,True,True,TRAIN
2026-01-22,RADICO.NS,UP,0.956,0.875,HIGH,ALIGNED,-0.8303,False,False,TRAIN
2026-01-22,FEDERALBNK.NS,UP,0.8841,1.0,HIGH,ALIGNED,-1.2934,False,False,TRAIN
2026-01-22,OFSS.NS,UP,0.8531,0.875,HIGH,ALIGNED,0.7471,True,True,TRAIN
2026-01-22,WELCORP.NS,UP,0.8423,0.625,HIGH,ALIGNED,-3.7544,False,False,TRAIN
2026-01-22,POLICYBZR.NS,UP,0.8295,0.75,HIGH,ALIGNED,-2.3737,False,False,TRAIN
2026-01-22,TECHM.NS,UP,0.8024,0.75,HIGH,ALIGNED,0.8119,True,True,TRAIN
2026-01-22,NAUKRI.NS,UP,0.7959,0.75,HIGH,ALIGNED,-1.4096,False,False,TRAIN
2026-01-22,HINDZINC.NS,UP,0.7901,0.75,HIGH,ALIGNED,4.5567,True,True,TRAIN
2026-01-22,INDIAMART.NS,UP,0.7877,0.625,HIGH,ALIGNED,-0.7868,False,False,TRAIN
2026-01-22,MASTEK.NS,UP,0.7783,0.5,MEDIUM,ALIGNED,-4.9029,False,False,TRAIN
2026-01-22,DRREDDY.NS,UP,0.7604,0.875,HIGH,ALIGNED,1.4867,True,True,TRAIN
2026-01-22,INTELLECT.NS,UP,0.7556,0.625,HIGH,ALIGNED,-3.519,False,False,TRAIN
2026-01-22,JINDALSTEL.NS,UP,0.749,1.0,HIGH,ALIGNED,-1.1524,False,False,TRAIN
2026-01-22,JINDALPOLY.NS,UP,0.7476,0.625,HIGH,ALIGNED,-3.9037,False,False,TRAIN
2026-01-22,PERSISTENT.NS,UP,0.7452,0.625,HIGH,ALIGNED,-2.6185,False,False,TRAIN
2026-01-22,IDFCFIRSTB.NS,UP,0.7442,1.0,HIGH,ALIGNED,-1.4371,False,False,TRAIN
2026-01-22,DABUR.NS,UP,0.7362,1.0,HIGH,ALIGNED,-1.2087,False,False,TRAIN
2026-01-22,ASHOKLEY.NS,UP,0.7341,1.0,HIGH,ALIGNED,1.419,True,True,TRAIN
2026-01-22,ADANIENSOL.NS,UP,0.7331,0.625,HIGH,ALIGNED,-12.1215,False,False,TRAIN
2026-01-22,COLPAL.NS,UP,0.7222,1.0,HIGH,ALIGNED,-0.6102,False,False,TRAIN
2026-01-23,HINDZINC.NS,UP,0.9558,1.0,HIGH,ALIGNED,4.079,True,True,TRAIN
2026-01-23,RADICO.NS,UP,0.9553,0.875,HIGH,ALIGNED,-1.2829,False,False,TRAIN
2026-01-23,POLICYBZR.NS,UP,0.8597,0.625,HIGH,ALIGNED,-2.6346,False,False,TRAIN
2026-01-23,ASHOKLEY.NS,UP,0.8573,1.0,HIGH,ALIGNED,0.0104,True,True,TRAIN
2026-01-23,NATIONALUM.NS,UP,0.84,0.75,HIGH,ALIGNED,3.7637,True,True,TRAIN
2026-01-23,SUDARSCHEM.NS,UP,0.8049,0.5,MEDIUM,ALIGNED,-0.8655,False,False,TRAIN
2026-01-23,JINDALSTEL.NS,UP,0.7934,0.875,HIGH,ALIGNED,1.6077,True,True,TRAIN
2026-01-23,SAIL.NS,UP,0.7893,0.625,HIGH,ALIGNED,4.3817,True,True,TRAIN
2026-01-23,DRREDDY.NS,UP,0.7867,1.0,HIGH,ALIGNED,0.3399,True,True,TRAIN
2026-01-23,FEDERALBNK.NS,UP,0.7466,0.75,HIGH,ALIGNED,2.2976,True,True,TRAIN
2026-01-23,M&MFIN.NS,UP,0.7408,0.625,HIGH,ALIGNED,0.9566,True,True,TRAIN
2026-01-23,SHRIRAMFIN.NS,UP,0.718,0.75,HIGH,ALIGNED,-0.2491,False,False,TRAIN
2026-01-23,MRPL.NS,UP,0.7058,0.75,HIGH,ALIGNED,0.6113,True,True,TRAIN
2026-01-23,ZENSARTECH.NS,UP,0.6971,0.375,MEDIUM,CONFLICT,-4.2214,False,False,TRAIN
2026-01-23,GLAXO.NS,UP,0.6925,0.25,LOW,CONFLICT,1.1844,True,True,TRAIN
2026-01-23,DABUR.NS,UP,0.6871,0.875,HIGH,ALIGNED,-1.079,False,False,TRAIN
2026-01-23,IDFCFIRSTB.NS,UP,0.6862,0.625,HIGH,ALIGNED,0.6145,True,True,TRAIN
2026-01-23,HINDUNILVR.NS,UP,0.6857,0.875,HIGH,ALIGNED,-0.3569,False,False,TRAIN
2026-01-23,SOLARINDS.NS,UP,0.676,0.5,MEDIUM,ALIGNED,0.8532,True,True,TRAIN
2026-01-23,WELCORP.NS,UP,0.6752,0.25,LOW,CONFLICT,-1.1976,False,False,TRAIN
2026-01-27,HINDZINC.NS,UP,0.9125,0.875,HIGH,ALIGNED,-2.6128,False,False,TRAIN
2026-01-27,RADICO.NS,UP,0.9026,0.75,HIGH,ALIGNED,-6.0602,False,False,TRAIN
2026-01-27,GRANULES.NS,UP,0.887,0.875,HIGH,ALIGNED,-2.4521,False,False,TRAIN
2026-01-27,METROBRAND.NS,UP,0.8851,0.75,HIGH,ALIGNED,-3.3613,False,False,TRAIN
2026-01-27,SAIL.NS,UP,0.8613,1.0,HIGH,ALIGNED,0.1157,True,True,TRAIN
2026-01-27,GRSE.NS,UP,0.8478,0.875,HIGH,ALIGNED,5.4909,True,True,TRAIN
2026-01-27,MRPL.NS,UP,0.8137,0.875,HIGH,ALIGNED,4.8737,True,True,TRAIN
2026-01-27,COCHINSHIP.NS,UP,0.7897,0.875,HIGH,ALIGNED,6.5524,True,True,TRAIN
2026-01-27,SUDARSCHEM.NS,UP,0.7743,0.375,MEDIUM,CONFLICT,0.913,True,True,TRAIN
2026-01-27,BSE.NS,UP,0.7697,0.875,HIGH,ALIGNED,2.1838,True,True,TRAIN
2026-01-27,ASHOKLEY.NS,UP,0.7567,0.875,HIGH,ALIGNED,1.2073,True,True,TRAIN
2026-01-27,MOIL.NS,UP,0.7512,0.625,HIGH,ALIGNED,4.751,True,True,TRAIN
2026-01-27,JSWSTEEL.NS,UP,0.7445,0.875,HIGH,ALIGNED,-0.27,False,False,TRAIN
2026-01-27,OIL.NS,UP,0.7291,0.875,HIGH,ALIGNED,9.3524,True,True,TRAIN
2026-01-27,NATIONALUM.NS,UP,0.7178,0.5,MEDIUM,ALIGNED,5.6032,True,True,TRAIN
2026-01-27,PARAS.NS,UP,0.7142,0.75,HIGH,ALIGNED,6.204,True,True,TRAIN
2026-01-27,DRREDDY.NS,UP,0.7063,0.875,HIGH,ALIGNED,-1.3954,False,False,TRAIN
2026-01-27,JINDALSTEL.NS,UP,0.7031,0.75,HIGH,ALIGNED,3.581,True,True,TRAIN
2026-01-27,HINDALCO.NS,UP,0.7012,1.0,HIGH,ALIGNED,3.7792,True,True,TRAIN
2026-01-27,CRAFTSMAN.NS,UP,0.699,0.625,HIGH,ALIGNED,2.7673,True,True,TRAIN
2026-01-28,DATAPATTNS.NS,UP,0.9846,1.0,HIGH,ALIGNED,-1.8425,False,False,TRAIN
2026-01-28,MRPL.NS,UP,0.9778,1.0,HIGH,ALIGNED,7.91,True,True,TRAIN
2026-01-28,STLTECH.NS,UP,0.9702,1.0,HIGH,ALIGNED,-3.4403,False,False,TRAIN
2026-01-28,GRSE.NS,UP,0.9317,1.0,HIGH,ALIGNED,2.6323,True,True,TRAIN
2026-01-28,OIL.NS,UP,0.9215,0.75,HIGH,ALIGNED,4.9439,True,True,TRAIN
2026-01-28,PARAS.NS,UP,0.9073,1.0,HIGH,ALIGNED,2.0858,True,True,TRAIN
2026-01-28,COCHINSHIP.NS,UP,0.9024,1.0,HIGH,ALIGNED,-0.7825,False,False,TRAIN
2026-01-28,TEJASNET.NS,UP,0.8944,0.75,HIGH,ALIGNED,-3.908,False,False,TRAIN
2026-01-28,OLECTRA.NS,UP,0.8851,0.875,HIGH,ALIGNED,-2.444,False,False,TRAIN
2026-01-28,SOLARINDS.NS,UP,0.8805,1.0,HIGH,ALIGNED,-4.2325,False,False,TRAIN
2026-01-28,BEML.NS,UP,0.8671,1.0,HIGH,ALIGNED,-2.2154,False,False,TRAIN
2026-01-28,MOIL.NS,UP,0.8612,1.0,HIGH,ALIGNED,3.5109,True,True,TRAIN
2026-01-28,ATUL.NS,UP,0.8483,1.0,HIGH,ALIGNED,0.6261,True,True,TRAIN
2026-01-28,MAZDOCK.NS,UP,0.8422,1.0,HIGH,ALIGNED,0.463,True,True,TRAIN
2026-01-28,NATIONALUM.NS,UP,0.8332,0.625,HIGH,ALIGNED,5.5891,True,True,TRAIN
2026-01-28,RVNL.NS,UP,0.83,0.875,HIGH,ALIGNED,-0.3066,False,False,TRAIN
2026-01-28,CRAFTSMAN.NS,UP,0.8205,1.0,HIGH,ALIGNED,-5.9512,False,False,TRAIN
2026-01-28,BEL.NS,UP,0.819,0.75,HIGH,ALIGNED,-1.8764,False,False,TRAIN
2026-01-28,BDL.NS,UP,0.8154,1.0,HIGH,ALIGNED,-2.5032,False,False,TRAIN
2026-01-28,IRCON.NS,UP,0.8066,0.875,HIGH,ALIGNED,-1.0566,False,False,TRAIN
2026-01-29,MRPL.NS,UP,0.9752,0.875,HIGH,ALIGNED,-0.2261,False,False,TRAIN
2026-01-29,MIDHANI.NS,UP,0.9573,0.875,HIGH,ALIGNED,-3.1613,False,False,TRAIN
2026-01-29,DATAPATTNS.NS,UP,0.9495,0.875,HIGH,ALIGNED,4.2654,True,True,TRAIN
2026-01-29,GRSE.NS,UP,0.9417,1.0,HIGH,ALIGNED,6.9323,True,True,TRAIN
2026-01-29,OIL.NS,UP,0.9376,0.75,HIGH,ALIGNED,-0.9131,False,False,TRAIN
2026-01-29,STLTECH.NS,UP,0.9138,0.875,HIGH,ALIGNED,6.4351,True,True,TRAIN
2026-01-29,PARAS.NS,UP,0.9022,1.0,HIGH,ALIGNED,1.836,True,True,TRAIN
2026-01-29,NATIONALUM.NS,UP,0.893,0.75,HIGH,ALIGNED,-10.1201,False,False,TRAIN
2026-01-29,RVNL.NS,UP,0.8905,0.75,HIGH,ALIGNED,0.5711,True,True,TRAIN
2026-01-29,COCHINSHIP.NS,UP,0.8663,0.875,HIGH,ALIGNED,3.0866,True,True,TRAIN
2026-01-29,MOIL.NS,UP,0.8621,1.0,HIGH,ALIGNED,-3.4314,False,False,TRAIN
2026-01-29,SHYAMMETL.NS,UP,0.8201,1.0,HIGH,ALIGNED,-1.6652,False,False,TRAIN
2026-01-29,BEL.NS,UP,0.8129,0.875,HIGH,ALIGNED,1.0124,True,True,TRAIN
2026-01-29,NMDC.NS,UP,0.8087,1.0,HIGH,ALIGNED,-4.0071,False,False,TRAIN
2026-01-29,BEML.NS,UP,0.8083,0.75,HIGH,ALIGNED,0.9051,True,True,TRAIN
2026-01-29,BDL.NS,UP,0.799,0.875,HIGH,ALIGNED,0.49,True,True,TRAIN
2026-01-29,VEDL.NS,UP,0.7966,0.75,HIGH,ALIGNED,-11.0654,False,False,TRAIN
2026-01-29,ONGC.NS,UP,0.7871,0.75,HIGH,ALIGNED,-2.3349,False,False,TRAIN
2026-01-29,JINDALSTEL.NS,UP,0.7811,0.75,HIGH,ALIGNED,-2.3801,False,False,TRAIN
2026-01-29,SRF.NS,UP,0.7726,0.75,HIGH,ALIGNED,-0.1277,False,False,TRAIN
2026-01-30,STLTECH.NS,UP,0.9772,1.0,HIGH,ALIGNED,3.7424,True,True,TRAIN
2026-01-30,GRSE.NS,UP,0.9618,0.75,HIGH,ALIGNED,-6.5372,False,False,TRAIN
2026-01-30,DATAPATTNS.NS,UP,0.956,1.0,HIGH,ALIGNED,-4.2743,False,False,TRAIN
2026-01-30,IDEAFORGE.NS,UP,0.9255,1.0,HIGH,ALIGNED,-7.1289,False,False,TRAIN
2026-01-30,OIL.NS,UP,0.9034,0.625,HIGH,ALIGNED,-5.2446,False,False,TRAIN
2026-01-30,PARAS.NS,UP,0.8966,1.0,HIGH,ALIGNED,-7.8358,False,False,TRAIN
2026-01-30,MOIL.NS,UP,0.8846,0.875,HIGH,ALIGNED,-10.2501,False,False,TRAIN
2026-01-30,RATNAMANI.NS,UP,0.8829,1.0,HIGH,ALIGNED,-6.4014,False,False,TRAIN
2026-01-30,HFCL.NS,UP,0.876,1.0,HIGH,ALIGNED,-3.1191,False,False,TRAIN
2026-01-30,BEML.NS,UP,0.8755,1.0,HIGH,ALIGNED,-3.2592,False,False,TRAIN
2026-01-30,COCHINSHIP.NS,UP,0.8755,1.0,HIGH,ALIGNED,-8.9102,False,False,TRAIN
2026-01-30,TEJASNET.NS,UP,0.8678,0.75,HIGH,ALIGNED,-3.6825,False,False,TRAIN
2026-01-30,MIDHANI.NS,UP,0.8673,0.875,HIGH,ALIGNED,-5.0633,False,False,TRAIN
2026-01-30,NATIONALUM.NS,UP,0.8558,0.875,HIGH,ALIGNED,-4.0861,False,False,TRAIN
2026-01-30,SYMPHONY.NS,UP,0.8457,1.0,HIGH,ALIGNED,1.809,True,True,TRAIN
2026-01-30,BLUESTARCO.NS,UP,0.8358,1.0,HIGH,ALIGNED,1.1723,True,True,TRAIN
2026-01-30,IDEA.NS,UP,0.8329,0.75,HIGH,ALIGNED,-3.2229,False,False,TRAIN
2026-01-30,SHYAMMETL.NS,UP,0.8288,0.875,HIGH,ALIGNED,-2.4759,False,False,TRAIN
2026-01-30,MAZDOCK.NS,UP,0.8149,1.0,HIGH,ALIGNED,-5.6551,False,False,TRAIN
2026-01-30,MRPL.NS,UP,0.8007,0.75,HIGH,ALIGNED,0.5211,True,True,TRAIN
2026-02-02,STLTECH.NS,UP,0.9923,1.0,HIGH,ALIGNED,12.8977,True,True,TRAIN
2026-02-02,DATAPATTNS.NS,UP,0.98,0.75,HIGH,ALIGNED,1.9159,True,True,TRAIN
2026-02-02,MRPL.NS,UP,0.9517,0.875,HIGH,ALIGNED,1.0369,True,True,TRAIN
2026-02-02,GRSE.NS,UP,0.9155,0.875,HIGH,ALIGNED,-1.4476,False,False,TRAIN
2026-02-02,IDEA.NS,UP,0.8744,0.625,HIGH,ALIGNED,5.5504,True,True,TRAIN
2026-02-02,ADANIGREEN.NS,UP,0.8739,0.625,HIGH,ALIGNED,10.4449,True,True,TRAIN
2026-02-02,GODREJAGRO.NS,UP,0.8592,1.0,HIGH,ALIGNED,-1.0377,False,False,TRAIN
2026-02-02,BEML.NS,UP,0.8428,0.625,HIGH,ALIGNED,0.1958,True,True,TRAIN
2026-02-02,PARAS.NS,UP,0.842,0.625,HIGH,ALIGNED,0.4415,True,True,TRAIN
2026-02-02,ADANIENSOL.NS,UP,0.8372,0.625,HIGH,ALIGNED,10.1515,True,True,TRAIN
2026-02-02,SYMPHONY.NS,UP,0.8297,1.0,HIGH,ALIGNED,-1.1385,False,False,TRAIN
2026-02-02,IDEAFORGE.NS,UP,0.815,0.375,MEDIUM,CONFLICT,1.0616,True,True,TRAIN
2026-02-02,KEI.NS,UP,0.8128,0.625,HIGH,ALIGNED,7.0396,True,True,TRAIN
2026-02-02,CRAFTSMAN.NS,UP,0.8082,0.75,HIGH,ALIGNED,2.95,True,True,TRAIN
2026-02-02,OIL.NS,UP,0.8065,0.625,HIGH,ALIGNED,1.1587,True,True,TRAIN
2026-02-02,AMBER.NS,UP,0.7973,0.875,HIGH,ALIGNED,3.2422,True,True,TRAIN
2026-02-02,HFCL.NS,UP,0.7961,0.75,HIGH,ALIGNED,3.0841,True,True,TRAIN
2026-02-02,MIDHANI.NS,UP,0.7906,0.5,MEDIUM,ALIGNED,1.6561,True,True,TRAIN
2026-02-02,MAZDOCK.NS,UP,0.7829,0.625,HIGH,ALIGNED,0.9475,True,True,TRAIN
2026-02-02,VGUARD.NS,UP,0.7829,0.875,HIGH,ALIGNED,1.1529,True,True,TRAIN
2026-02-03,STLTECH.NS,UP,0.9971,0.75,HIGH,ALIGNED,3.8857,True,True,TRAIN
2026-02-03,ADANIGREEN.NS,UP,0.9563,1.0,HIGH,ALIGNED,2.3978,True,True,TRAIN
2026-02-03,ADANIENSOL.NS,UP,0.9464,1.0,HIGH,ALIGNED,1.4111,True,True,TRAIN
2026-02-03,GODREJPROP.NS,UP,0.9169,0.75,HIGH,ALIGNED,0.7238,True,True,TRAIN
2026-02-03,KEI.NS,UP,0.9133,1.0,HIGH,ALIGNED,1.2892,True,True,TRAIN
2026-02-03,HFCL.NS,UP,0.8961,1.0,HIGH,ALIGNED,0.4816,True,True,TRAIN
2026-02-03,WELCORP.NS,UP,0.8903,1.0,HIGH,ALIGNED,0.797,True,True,TRAIN
2026-02-03,FINEORG.NS,UP,0.8734,1.0,HIGH,ALIGNED,-0.0929,False,False,TRAIN
2026-02-03,AMBER.NS,UP,0.8606,1.0,HIGH,ALIGNED,3.1727,True,True,TRAIN
2026-02-03,ADANIPORTS.NS,UP,0.835,1.0,HIGH,ALIGNED,2.4236,True,True,TRAIN
2026-02-03,ATUL.NS,UP,0.8329,1.0,HIGH,ALIGNED,0.7335,True,True,TRAIN
2026-02-03,DATAPATTNS.NS,UP,0.8225,0.75,HIGH,ALIGNED,0.4604,True,True,TRAIN
2026-02-03,SUNDRMFAST.NS,UP,0.8208,1.0,HIGH,ALIGNED,-3.0006,False,False,TRAIN
2026-02-03,ONMOBILE.NS,UP,0.8186,0.75,HIGH,ALIGNED,5.2746,True,True,TRAIN
2026-02-03,ENDURANCE.NS,UP,0.8181,1.0,HIGH,ALIGNED,-2.4521,False,False,TRAIN
2026-02-03,NAVINFLUOR.NS,UP,0.8152,1.0,HIGH,ALIGNED,0.8598,True,True,TRAIN
2026-02-03,MOTHERSON.NS,UP,0.8121,1.0,HIGH,ALIGNED,1.0715,True,True,TRAIN
2026-02-03,SOLARINDS.NS,UP,0.8118,1.0,HIGH,ALIGNED,-1.6023,False,False,TRAIN
2026-02-03,OLECTRA.NS,UP,0.8114,0.5,MEDIUM,ALIGNED,0.5195,True,True,TRAIN
2026-02-03,BLUESTARCO.NS,UP,0.8106,0.875,HIGH,ALIGNED,3.4327,True,True,TRAIN
2026-02-04,STLTECH.NS,UP,0.9655,0.75,HIGH,ALIGNED,3.6476,True,True,TRAIN
2026-02-04,ONMOBILE.NS,UP,0.914,0.875,HIGH,ALIGNED,-2.4863,False,False,TRAIN
2026-02-04,SAPPHIRE.NS,UP,0.9002,0.75,HIGH,ALIGNED,7.2443,True,True,TRAIN
2026-02-04,NOCIL.NS,UP,0.8942,1.0,HIGH,ALIGNED,-2.1643,False,False,TRAIN
2026-02-04,ADANIGREEN.NS,UP,0.886,0.875,HIGH,ALIGNED,1.3306,True,True,TRAIN
2026-02-04,TIINDIA.NS,UP,0.8541,1.0,HIGH,ALIGNED,-9.6989,False,False,TRAIN
2026-02-04,BLUESTARCO.NS,UP,0.8529,1.0,HIGH,ALIGNED,-0.968,False,False,TRAIN
2026-02-04,ADANIPORTS.NS,UP,0.8498,1.0,HIGH,ALIGNED,0.1467,True,True,TRAIN
2026-02-04,IDEA.NS,UP,0.8437,0.75,HIGH,ALIGNED,-0.9692,False,False,TRAIN
2026-02-04,ADANIENSOL.NS,UP,0.836,0.875,HIGH,ALIGNED,2.3579,True,True,TRAIN
2026-02-04,RAJESHEXPO.NS,UP,0.8316,1.0,HIGH,ALIGNED,1.4441,True,True,TRAIN
2026-02-04,HFCL.NS,UP,0.8181,1.0,HIGH,ALIGNED,3.1954,True,True,TRAIN
2026-02-04,MRPL.NS,UP,0.814,0.625,HIGH,ALIGNED,-0.1859,False,False,TRAIN
2026-02-04,SUNDRMFAST.NS,UP,0.814,0.625,HIGH,ALIGNED,-2.7199,False,False,TRAIN
2026-02-04,KEI.NS,UP,0.8135,0.875,HIGH,ALIGNED,0.4454,True,True,TRAIN
2026-02-04,CROMPTON.NS,UP,0.8068,0.875,HIGH,ALIGNED,1.053,True,True,TRAIN
2026-02-04,AMBER.NS,UP,0.7969,0.875,HIGH,ALIGNED,0.1487,True,True,TRAIN
2026-02-04,NAVINFLUOR.NS,UP,0.7894,1.0,HIGH,ALIGNED,-0.9709,False,False,TRAIN
2026-02-04,GODREJPROP.NS,UP,0.7882,0.625,HIGH,ALIGNED,-1.2794,False,False,TRAIN
2026-02-04,RATEGAIN.NS,UP,0.7821,0.625,HIGH,ALIGNED,-3.729,False,False,TRAIN
2026-02-05,STLTECH.NS,UP,0.9924,0.75,HIGH,ALIGNED,-1.1706,False,False,TRAIN
2026-02-05,SAPPHIRE.NS,UP,0.9662,1.0,HIGH,ALIGNED,-1.0714,False,False,TRAIN
2026-02-05,RAJESHEXPO.NS,UP,0.9012,1.0,HIGH,ALIGNED,-4.3315,False,False,TRAIN
2026-02-05,RATEGAIN.NS,UP,0.8904,0.5,MEDIUM,ALIGNED,-3.7413,False,False,TRAIN
2026-02-05,GODREJPROP.NS,UP,0.8855,0.5,MEDIUM,ALIGNED,0.5918,True,True,TRAIN
2026-02-05,IDEA.NS,UP,0.8814,0.625,HIGH,ALIGNED,-1.0676,False,False,TRAIN
2026-02-05,WELCORP.NS,UP,0.8762,0.875,HIGH,ALIGNED,-1.6455,False,False,TRAIN
2026-02-05,ONMOBILE.NS,UP,0.876,0.625,HIGH,ALIGNED,-3.4576,False,False,TRAIN
2026-02-05,HFCL.NS,UP,0.8691,1.0,HIGH,ALIGNED,-0.197,False,False,TRAIN
2026-02-05,ADANIENSOL.NS,UP,0.8672,0.875,HIGH,ALIGNED,0.6179,True,True,TRAIN
2026-02-05,ADANIGREEN.NS,UP,0.8578,0.875,HIGH,ALIGNED,0.486,True,True,TRAIN
2026-02-05,AMBER.NS,UP,0.8449,0.875,HIGH,ALIGNED,3.7581,True,True,TRAIN
2026-02-05,ADANIPORTS.NS,UP,0.8029,0.875,HIGH,ALIGNED,-1.2419,False,False,TRAIN
2026-02-05,CROMPTON.NS,UP,0.7983,0.875,HIGH,ALIGNED,-0.6487,False,False,TRAIN
2026-02-05,BHARATFORG.NS,UP,0.789,0.875,HIGH,ALIGNED,-0.998,False,False,TRAIN
2026-02-05,KEI.NS,UP,0.789,0.875,HIGH,ALIGNED,0.4411,True,True,TRAIN
2026-02-05,INDIAMART.NS,UP,0.7831,1.0,HIGH,ALIGNED,-1.945,False,False,TRAIN
2026-02-05,BLUESTARCO.NS,UP,0.764,0.75,HIGH,ALIGNED,1.015,True,True,TRAIN
2026-02-05,PAGEIND.NS,UP,0.7637,1.0,HIGH,ALIGNED,-0.2245,False,False,TRAIN
2026-02-05,WHIRLPOOL.NS,UP,0.7478,1.0,HIGH,ALIGNED,2.6792,True,True,TRAIN
2026-02-06,SAPPHIRE.NS,UP,0.9359,0.875,HIGH,ALIGNED,-0.5717,False,False,TRAIN
2026-02-06,ONMOBILE.NS,UP,0.8998,0.5,MEDIUM,ALIGNED,1.5406,True,True,TRAIN
2026-02-06,STLTECH.NS,UP,0.8939,0.5,MEDIUM,ALIGNED,7.8008,True,True,TRAIN
2026-02-06,AMBER.NS,UP,0.8895,1.0,HIGH,ALIGNED,6.1446,True,True,TRAIN
2026-02-06,ADANIENSOL.NS,UP,0.8841,0.875,HIGH,ALIGNED,1.4543,True,True,TRAIN
2026-02-06,NCC.NS,UP,0.849,1.0,HIGH,ALIGNED,1.0098,True,True,TRAIN
2026-02-06,JINDALPOLY.NS,UP,0.8446,0.75,HIGH,ALIGNED,0.1292,True,True,TRAIN
2026-02-06,GODREJPROP.NS,UP,0.8427,0.625,HIGH,ALIGNED,5.9772,True,True,TRAIN
2026-02-06,ADANIPORTS.NS,UP,0.8407,0.875,HIGH,ALIGNED,0.7094,True,True,TRAIN
2026-02-06,MGL.NS,UP,0.8171,1.0,HIGH,ALIGNED,2.4813,True,True,TRAIN
2026-02-06,SAIL.NS,UP,0.8061,0.875,HIGH,ALIGNED,-1.3332,False,False,TRAIN
2026-02-06,RAJESHEXPO.NS,UP,0.8056,0.75,HIGH,ALIGNED,4.9213,True,True,TRAIN
2026-02-06,MANAPPURAM.NS,UP,0.798,0.875,HIGH,ALIGNED,1.9276,True,True,TRAIN
2026-02-06,KALYANKJIL.NS,UP,0.7937,0.5,MEDIUM,ALIGNED,15.0164,True,True,TRAIN
2026-02-06,ADANIGREEN.NS,UP,0.779,0.875,HIGH,ALIGNED,1.1113,True,True,TRAIN
2026-02-06,CRAFTSMAN.NS,UP,0.7729,0.875,HIGH,ALIGNED,0.0511,True,True,TRAIN
2026-02-06,NAVINFLUOR.NS,UP,0.7639,1.0,HIGH,ALIGNED,2.8126,True,True,TRAIN
2026-02-06,PFC.NS,UP,0.7637,0.625,HIGH,ALIGNED,-0.9542,False,False,TRAIN
2026-02-06,MOTHERSON.NS,UP,0.7629,0.75,HIGH,ALIGNED,5.3429,True,True,TRAIN
2026-02-06,PAGEIND.NS,UP,0.7607,0.875,HIGH,ALIGNED,-1.9826,False,False,TRAIN
2026-02-09,KALYANKJIL.NS,UP,0.9877,0.875,HIGH,ALIGNED,-0.7888,False,False,TRAIN
2026-02-09,DEEPAKFERT.NS,UP,0.9474,0.75,HIGH,ALIGNED,-0.8437,False,False,TRAIN
2026-02-09,GODREJPROP.NS,UP,0.9286,0.875,HIGH,ALIGNED,1.0769,True,True,TRAIN
2026-02-09,STLTECH.NS,UP,0.9248,0.75,HIGH,ALIGNED,10.2107,True,True,TRAIN
2026-02-09,RAJESHEXPO.NS,UP,0.8846,1.0,HIGH,ALIGNED,4.089,True,True,TRAIN
2026-02-09,AMBER.NS,UP,0.8716,0.75,HIGH,ALIGNED,6.5621,True,True,TRAIN
2026-02-09,CROMPTON.NS,UP,0.8673,1.0,HIGH,ALIGNED,-0.4792,False,False,TRAIN
2026-02-09,ONMOBILE.NS,UP,0.8596,0.5,MEDIUM,ALIGNED,1.2611,True,True,TRAIN
2026-02-09,NAVINFLUOR.NS,UP,0.8519,1.0,HIGH,ALIGNED,-3.9406,False,False,TRAIN
2026-02-09,VOLTAS.NS,UP,0.8293,0.875,HIGH,ALIGNED,-1.8165,False,False,TRAIN
2026-02-09,NOCIL.NS,UP,0.8243,0.875,HIGH,ALIGNED,1.3517,True,True,TRAIN
2026-02-09,ATUL.NS,UP,0.8183,0.875,HIGH,ALIGNED,1.7302,True,True,TRAIN
2026-02-09,M&MFIN.NS,UP,0.8113,0.875,HIGH,ALIGNED,0.7438,True,True,TRAIN
2026-02-09,BSE.NS,UP,0.8082,1.0,HIGH,ALIGNED,6.3348,True,True,TRAIN
2026-02-09,MGL.NS,UP,0.7995,1.0,HIGH,ALIGNED,-0.618,False,False,TRAIN
2026-02-09,SHRIRAMFIN.NS,UP,0.7957,1.0,HIGH,ALIGNED,-1.3268,False,False,TRAIN
2026-02-09,WHIRLPOOL.NS,UP,0.787,1.0,HIGH,ALIGNED,-2.5912,False,False,TRAIN
2026-02-09,MANAPPURAM.NS,UP,0.7786,0.875,HIGH,ALIGNED,0.7336,True,True,TRAIN
2026-02-09,SAPPHIRE.NS,UP,0.776,0.75,HIGH,ALIGNED,6.096,True,True,TRAIN
2026-02-09,SBIN.NS,UP,0.7716,0.75,HIGH,ALIGNED,-0.1658,False,False,TRAIN
2026-02-10,KALYANKJIL.NS,UP,0.9663,0.75,HIGH,ALIGNED,-1.6018,False,False,TRAIN
2026-02-10,SAPPHIRE.NS,UP,0.9361,1.0,HIGH,ALIGNED,-1.3263,False,False,TRAIN
2026-02-10,AMBER.NS,UP,0.9106,0.75,HIGH,ALIGNED,2.4699,True,True,TRAIN
2026-02-10,RAJESHEXPO.NS,UP,0.8762,1.0,HIGH,ALIGNED,0.7263,True,True,TRAIN
2026-02-10,BSE.NS,UP,0.876,0.75,HIGH,ALIGNED,0.0914,True,True,TRAIN
2026-02-10,M&MFIN.NS,UP,0.8618,1.0,HIGH,ALIGNED,-2.6349,False,False,TRAIN
2026-02-10,MUTHOOTFIN.NS,UP,0.8517,0.875,HIGH,ALIGNED,1.3189,True,True,TRAIN
2026-02-10,NOCIL.NS,UP,0.8514,1.0,HIGH,ALIGNED,-2.1089,False,False,TRAIN
2026-02-10,VOLTAS.NS,UP,0.8481,0.875,HIGH,ALIGNED,2.0941,True,True,TRAIN
2026-02-10,STLTECH.NS,UP,0.8471,0.625,HIGH,ALIGNED,-8.7503,False,False,TRAIN
2026-02-10,CROMPTON.NS,UP,0.8327,0.875,HIGH,ALIGNED,1.6739,True,True,TRAIN
2026-02-10,TATASTEEL.NS,UP,0.8269,1.0,HIGH,ALIGNED,-0.2019,False,False,TRAIN
2026-02-10,GLAXO.NS,UP,0.8226,1.0,HIGH,ALIGNED,2.9128,True,True,TRAIN
2026-02-10,POLICYBZR.NS,UP,0.8171,0.5,MEDIUM,ALIGNED,3.3231,True,True,TRAIN
2026-02-10,DEEPAKFERT.NS,UP,0.7976,0.5,MEDIUM,ALIGNED,-0.7106,False,False,TRAIN
2026-02-10,PFIZER.NS,UP,0.795,1.0,HIGH,ALIGNED,4.7775,True,True,TRAIN
2026-02-10,TATACOMM.NS,UP,0.795,1.0,HIGH,ALIGNED,1.5804,True,True,TRAIN
2026-02-10,GODREJAGRO.NS,UP,0.7894,0.875,HIGH,ALIGNED,-0.6803,False,False,TRAIN
2026-02-10,MANAPPURAM.NS,UP,0.787,0.875,HIGH,ALIGNED,-2.0715,False,False,TRAIN
2026-02-10,TORNTPOWER.NS,UP,0.7865,1.0,HIGH,ALIGNED,-3.6682,False,False,TRAIN
2026-02-11,AMBER.NS,UP,0.8812,0.75,HIGH,ALIGNED,1.1499,True,True,TRAIN
2026-02-11,GLAXO.NS,UP,0.8573,1.0,HIGH,ALIGNED,-1.141,False,False,TRAIN
2026-02-11,BSE.NS,UP,0.8568,0.75,HIGH,ALIGNED,-1.067,False,False,TRAIN
2026-02-11,MUTHOOTFIN.NS,UP,0.8568,0.875,HIGH,ALIGNED,3.3993,True,True,TRAIN
2026-02-11,PFIZER.NS,UP,0.8473,1.0,HIGH,ALIGNED,-1.4699,False,False,TRAIN
2026-02-11,WHIRLPOOL.NS,UP,0.8383,1.0,HIGH,ALIGNED,-3.008,False,False,TRAIN
2026-02-11,TATACOMM.NS,UP,0.8305,1.0,HIGH,ALIGNED,0.1174,True,True,TRAIN
2026-02-11,KALYANKJIL.NS,UP,0.8273,0.625,HIGH,ALIGNED,1.2999,True,True,TRAIN
2026-02-11,DATAPATTNS.NS,UP,0.8188,0.75,HIGH,ALIGNED,-1.7439,False,False,TRAIN
2026-02-11,SBIN.NS,UP,0.8166,0.75,HIGH,ALIGNED,0.8031,True,True,TRAIN
2026-02-11,RAJESHEXPO.NS,UP,0.8088,0.875,HIGH,ALIGNED,-2.8211,False,False,TRAIN
2026-02-11,POLICYBZR.NS,UP,0.8078,0.625,HIGH,ALIGNED,-0.0643,False,False,TRAIN
2026-02-11,DIVISLAB.NS,UP,0.8005,1.0,HIGH,ALIGNED,-3.1551,False,False,TRAIN
2026-02-11,SAPPHIRE.NS,UP,0.7951,0.75,HIGH,ALIGNED,-1.6746,False,False,TRAIN
2026-02-11,CRAFTSMAN.NS,UP,0.7924,1.0,HIGH,ALIGNED,-1.7921,False,False,TRAIN
2026-02-11,ENDURANCE.NS,UP,0.7866,1.0,HIGH,ALIGNED,-1.8987,False,False,TRAIN
2026-02-11,SJVN.NS,UP,0.7844,1.0,HIGH,ALIGNED,2.0677,True,True,TRAIN
2026-02-11,ATUL.NS,UP,0.7807,0.875,HIGH,ALIGNED,-0.5327,False,False,TRAIN
2026-02-11,TATASTEEL.NS,UP,0.7763,0.75,HIGH,ALIGNED,0.2505,True,True,TRAIN
2026-02-11,EICHERMOT.NS,UP,0.7656,1.0,HIGH,ALIGNED,2.2134,True,True,TRAIN
2026-02-12,RATNAMANI.NS,UP,0.978,1.0,HIGH,ALIGNED,-3.1578,False,False,TRAIN
2026-02-12,GODREJAGRO.NS,UP,0.929,0.875,HIGH,ALIGNED,2.8752,True,True,TRAIN
2026-02-12,MUTHOOTFIN.NS,UP,0.9251,1.0,HIGH,ALIGNED,-11.8223,False,False,TRAIN
2026-02-12,AMBER.NS,UP,0.8676,0.75,HIGH,ALIGNED,-0.6423,False,False,TRAIN
2026-02-12,SJVN.NS,UP,0.8639,1.0,HIGH,ALIGNED,-2.9248,False,False,TRAIN
2026-02-12,MOTHERSON.NS,UP,0.831,1.0,HIGH,ALIGNED,-1.115,False,False,TRAIN
2026-02-12,BHARATFORG.NS,UP,0.8176,0.75,HIGH,ALIGNED,0.7008,True,True,TRAIN
2026-02-12,SHRIRAMFIN.NS,UP,0.8173,1.0,HIGH,ALIGNED,-1.57,False,False,TRAIN
2026-02-12,ATUL.NS,UP,0.8132,0.875,HIGH,ALIGNED,0.0905,True,True,TRAIN
2026-02-12,KALYANKJIL.NS,UP,0.8132,0.75,HIGH,ALIGNED,-3.341,False,False,TRAIN
2026-02-12,HAL.NS,UP,0.812,0.75,HIGH,ALIGNED,1.2864,True,True,TRAIN
2026-02-12,FINPIPE.NS,UP,0.8107,1.0,HIGH,ALIGNED,-1.3641,False,False,TRAIN
2026-02-12,NAVINFLUOR.NS,UP,0.808,0.875,HIGH,ALIGNED,-4.2963,False,False,TRAIN
2026-02-12,VOLTAS.NS,UP,0.7998,1.0,HIGH,ALIGNED,-0.6772,False,False,TRAIN
2026-02-12,SBIN.NS,UP,0.7912,0.75,HIGH,ALIGNED,0.52,True,True,TRAIN
2026-02-12,DATAPATTNS.NS,UP,0.7902,0.625,HIGH,ALIGNED,-0.521,False,False,TRAIN
2026-02-12,ERIS.NS,UP,0.789,1.0,HIGH,ALIGNED,-6.3559,False,False,TRAIN
2026-02-12,TIINDIA.NS,UP,0.788,0.875,HIGH,ALIGNED,-0.5097,False,False,TRAIN
2026-02-12,MANAPPURAM.NS,UP,0.7871,0.875,HIGH,ALIGNED,-1.9439,False,False,TRAIN
2026-02-12,NOCIL.NS,UP,0.7739,0.875,HIGH,ALIGNED,-1.5935,False,False,TRAIN
2026-02-13,RATNAMANI.NS,UP,0.9812,0.875,HIGH,ALIGNED,-4.398,False,False,TRAIN
2026-02-13,GODREJAGRO.NS,UP,0.9293,0.75,HIGH,ALIGNED,-1.9963,False,False,TRAIN
2026-02-13,HAL.NS,UP,0.8603,0.75,HIGH,ALIGNED,0.3252,True,True,TRAIN
2026-02-13,BHARATFORG.NS,UP,0.8488,0.75,HIGH,ALIGNED,-0.6556,False,False,TRAIN
2026-02-13,MOTHERSON.NS,UP,0.8154,0.875,HIGH,ALIGNED,0.7999,True,True,TRAIN
2026-02-13,METROBRAND.NS,UP,0.8101,0.5,MEDIUM,ALIGNED,0.1308,True,True,TRAIN
2026-02-13,BEML.NS,UP,0.7986,0.75,HIGH,ALIGNED,-0.9102,False,False,TRAIN
2026-02-13,FINPIPE.NS,UP,0.7923,1.0,HIGH,ALIGNED,0.106,True,True,TRAIN
2026-02-13,NAUKRI.NS,UP,0.7832,0.625,HIGH,ALIGNED,-1.3934,False,False,TRAIN
2026-02-13,KALYANKJIL.NS,UP,0.7825,0.375,MEDIUM,CONFLICT,2.1529,True,True,TRAIN
2026-02-13,EICHERMOT.NS,UP,0.7752,0.75,HIGH,ALIGNED,-0.6758,False,False,TRAIN
2026-02-13,BLUESTARCO.NS,UP,0.774,0.75,HIGH,ALIGNED,-1.0915,False,False,TRAIN
2026-02-13,SBIN.NS,UP,0.7704,0.75,HIGH,ALIGNED,0.7926,True,True,TRAIN
2026-02-13,TIINDIA.NS,UP,0.77,0.875,HIGH,ALIGNED,0.2321,True,True,TRAIN
2026-02-13,AMBER.NS,UP,0.769,0.625,HIGH,ALIGNED,0.4719,True,True,TRAIN
2026-02-13,SUDARSCHEM.NS,UP,0.7538,0.625,HIGH,ALIGNED,-0.9517,False,False,TRAIN
2026-02-13,SJVN.NS,UP,0.7531,0.75,HIGH,ALIGNED,1.4869,True,True,TRAIN
2026-02-13,GODREJPROP.NS,UP,0.7488,0.5,MEDIUM,ALIGNED,1.4447,True,True,TRAIN
2026-02-13,ONMOBILE.NS,UP,0.7488,0.375,MEDIUM,CONFLICT,0.56,True,True,TRAIN
2026-02-13,BSE.NS,UP,0.7423,0.625,HIGH,ALIGNED,-7.2951,False,False,TRAIN
2026-02-16,NATCOPHARM.NS,UP,0.859,1.0,HIGH,ALIGNED,0.3687,True,True,TRAIN
2026-02-16,RATNAMANI.NS,UP,0.8557,0.625,HIGH,ALIGNED,0.0883,True,True,TRAIN
2026-02-16,BHARATFORG.NS,UP,0.8485,0.5,MEDIUM,ALIGNED,1.3778,True,True,TRAIN
2026-02-16,SJVN.NS,UP,0.8254,0.875,HIGH,ALIGNED,-0.3341,False,False,TRAIN
2026-02-16,GALAXYSURF.NS,UP,0.8197,0.625,HIGH,ALIGNED,5.0789,True,True,TRAIN
2026-02-16,HAL.NS,UP,0.8087,0.625,HIGH,ALIGNED,0.5087,True,True,TRAIN
2026-02-16,CENTUM.NS,UP,0.8065,0.75,HIGH,ALIGNED,-1.357,False,False,TRAIN
2026-02-16,GODREJAGRO.NS,UP,0.8022,0.75,HIGH,ALIGNED,1.1047,True,True,TRAIN
2026-02-16,TORNTPHARM.NS,UP,0.7883,1.0,HIGH,ALIGNED,-0.0727,False,False,TRAIN
2026-02-16,EICHERMOT.NS,UP,0.7803,0.75,HIGH,ALIGNED,0.3058,True,True,TRAIN
2026-02-16,GLENMARK.NS,UP,0.7749,1.0,HIGH,ALIGNED,0.4088,True,True,TRAIN
2026-02-16,ONMOBILE.NS,UP,0.7652,0.375,MEDIUM,CONFLICT,-0.8641,False,False,TRAIN
2026-02-16,JINDALPOLY.NS,UP,0.7488,0.75,HIGH,ALIGNED,8.0556,True,True,TRAIN
2026-02-16,MOTHERSON.NS,UP,0.7433,0.75,HIGH,ALIGNED,0.2645,True,True,TRAIN
2026-02-16,BLUESTARCO.NS,UP,0.7373,0.625,HIGH,ALIGNED,1.3668,True,True,TRAIN
2026-02-16,TORNTPOWER.NS,UP,0.7311,0.75,HIGH,ALIGNED,1.0194,True,True,TRAIN
2026-02-16,TATAPOWER.NS,UP,0.7219,0.875,HIGH,ALIGNED,-0.9683,False,False,TRAIN
2026-02-16,ONGC.NS,UP,0.7211,0.625,HIGH,ALIGNED,0.1105,True,True,TRAIN
2026-02-16,FINPIPE.NS,UP,0.7199,0.75,HIGH,ALIGNED,1.1009,True,True,TRAIN
2026-02-16,POWERGRID.NS,UP,0.7114,0.625,HIGH,ALIGNED,0.0832,True,True,TRAIN
2026-02-17,AUROPHARMA.NS,UP,0.9189,0.875,HIGH,ALIGNED,-2.2836,False,False,TRAIN
2026-02-17,JINDALPOLY.NS,UP,0.9133,0.75,HIGH,ALIGNED,-3.6128,False,False,TRAIN
2026-02-17,BHARATFORG.NS,UP,0.8512,0.625,HIGH,ALIGNED,1.1535,True,True,TRAIN
2026-02-17,NATCOPHARM.NS,UP,0.8277,0.75,HIGH,ALIGNED,0.6556,True,True,TRAIN
2026-02-17,UNIONBANK.NS,UP,0.8277,0.875,HIGH,ALIGNED,2.2341,True,True,TRAIN
2026-02-17,RATNAMANI.NS,UP,0.8068,0.5,MEDIUM,ALIGNED,15.8085,True,True,TRAIN
2026-02-17,BANKBARODA.NS,UP,0.7968,1.0,HIGH,ALIGNED,0.6265,True,True,TRAIN
2026-02-17,FINPIPE.NS,UP,0.7944,0.75,HIGH,ALIGNED,0.1571,True,True,TRAIN
2026-02-17,TIINDIA.NS,UP,0.7942,0.625,HIGH,ALIGNED,0.3451,True,True,TRAIN
2026-02-17,GALAXYSURF.NS,UP,0.7927,0.875,HIGH,ALIGNED,-0.7634,False,False,TRAIN
2026-02-17,STLTECH.NS,UP,0.7833,0.625,HIGH,ALIGNED,-2.9271,False,False,TRAIN
2026-02-17,ADANIGREEN.NS,UP,0.782,0.75,HIGH,ALIGNED,-1.6424,False,False,TRAIN
2026-02-17,COROMANDEL.NS,UP,0.7667,0.875,HIGH,ALIGNED,-0.4768,False,False,TRAIN
2026-02-17,RBLBANK.NS,UP,0.7607,1.0,HIGH,ALIGNED,1.1016,True,True,TRAIN
2026-02-17,RADICO.NS,UP,0.7524,0.5,MEDIUM,ALIGNED,-1.2224,False,False,TRAIN
2026-02-17,SJVN.NS,UP,0.7454,0.625,HIGH,ALIGNED,-1.1605,False,False,TRAIN
2026-02-17,SBIN.NS,UP,0.7427,0.5,MEDIUM,ALIGNED,0.4533,True,True,TRAIN
2026-02-17,HAL.NS,UP,0.7371,0.625,HIGH,ALIGNED,0.0824,True,True,TRAIN
2026-02-17,WHIRLPOOL.NS,UP,0.7354,0.75,HIGH,ALIGNED,-0.428,False,False,TRAIN
2026-02-17,RATEGAIN.NS,UP,0.7299,0.625,HIGH,ALIGNED,-2.6864,False,False,TRAIN
2026-02-18,RATNAMANI.NS,UP,0.9978,1.0,HIGH,ALIGNED,-0.7056,False,False,TRAIN
2026-02-18,TORNTPOWER.NS,UP,0.8692,1.0,HIGH,ALIGNED,-2.3104,False,False,TRAIN
2026-02-18,AUROPHARMA.NS,UP,0.8522,0.75,HIGH,ALIGNED,1.0176,True,True,TRAIN
2026-02-18,UNIONBANK.NS,UP,0.8517,0.75,HIGH,ALIGNED,-1.859,False,False,TRAIN
2026-02-18,STLTECH.NS,UP,0.835,0.5,MEDIUM,ALIGNED,-1.1355,False,False,TRAIN
2026-02-18,HFCL.NS,UP,0.8291,0.875,HIGH,ALIGNED,-3.266,False,False,TRAIN
2026-02-18,BHARATFORG.NS,UP,0.8233,0.625,HIGH,ALIGNED,-0.7452,False,False,TRAIN
2026-02-18,JINDALPOLY.NS,UP,0.8187,0.75,HIGH,ALIGNED,0.9008,True,True,TRAIN
2026-02-18,NATCOPHARM.NS,UP,0.807,0.875,HIGH,ALIGNED,-0.2471,False,False,TRAIN
2026-02-18,PNB.NS,UP,0.7879,1.0,HIGH,ALIGNED,-1.615,False,False,TRAIN
2026-02-18,BDL.NS,UP,0.7779,0.625,HIGH,ALIGNED,-1.8935,False,False,TRAIN
2026-02-18,RBLBANK.NS,UP,0.774,1.0,HIGH,ALIGNED,2.0718,True,True,TRAIN
2026-02-18,MANAPPURAM.NS,UP,0.7704,0.75,HIGH,ALIGNED,-1.4348,False,False,TRAIN
2026-02-18,CANBK.NS,UP,0.7682,0.875,HIGH,ALIGNED,-1.6585,False,False,TRAIN
2026-02-18,ITC.NS,UP,0.7663,1.0,HIGH,ALIGNED,-1.9401,False,False,TRAIN
2026-02-18,BANKBARODA.NS,UP,0.7655,0.875,HIGH,ALIGNED,-0.2294,False,False,TRAIN
2026-02-18,GRSE.NS,UP,0.7629,0.75,HIGH,ALIGNED,-2.2673,False,False,TRAIN
2026-02-18,COROMANDEL.NS,UP,0.7432,0.75,HIGH,ALIGNED,-2.0139,False,False,TRAIN
2026-02-18,FINPIPE.NS,UP,0.7383,0.75,HIGH,ALIGNED,-2.0595,False,False,TRAIN
2026-02-18,GALAXYSURF.NS,UP,0.7371,0.625,HIGH,ALIGNED,-2.6493,False,False,TRAIN
2026-02-19,NATCOPHARM.NS,UP,0.9117,1.0,HIGH,ALIGNED,0.3828,True,True,TRAIN
2026-02-19,AUROPHARMA.NS,UP,0.8803,0.75,HIGH,ALIGNED,-1.0756,False,False,TRAIN
2026-02-19,GALAXYSURF.NS,UP,0.8687,0.5,MEDIUM,ALIGNED,-0.5547,False,False,TRAIN
2026-02-19,RATNAMANI.NS,UP,0.8439,0.75,HIGH,ALIGNED,1.1305,True,True,TRAIN
2026-02-19,OIL.NS,UP,0.8396,0.875,HIGH,ALIGNED,-0.2412,False,False,TRAIN
2026-02-19,UNIONBANK.NS,UP,0.8206,0.75,HIGH,ALIGNED,2.3533,True,True,TRAIN
2026-02-19,INTELLECT.NS,UP,0.7937,0.625,HIGH,ALIGNED,0.4708,True,True,TRAIN
2026-02-19,COCHINSHIP.NS,UP,0.7927,0.75,HIGH,ALIGNED,-0.3022,False,False,TRAIN
2026-02-19,JINDALPOLY.NS,UP,0.7917,0.875,HIGH,ALIGNED,0.5849,True,True,TRAIN
2026-02-19,MRPL.NS,UP,0.7917,0.625,HIGH,ALIGNED,-1.2903,False,False,TRAIN
2026-02-19,TORNTPOWER.NS,UP,0.7867,0.75,HIGH,ALIGNED,2.4119,True,True,TRAIN
2026-02-19,PNB.NS,UP,0.7813,0.75,HIGH,ALIGNED,2.7676,True,True,TRAIN
2026-02-19,DATAPATTNS.NS,UP,0.7784,0.75,HIGH,ALIGNED,2.4228,True,True,TRAIN
2026-02-19,INFY.NS,UP,0.7767,0.5,MEDIUM,ALIGNED,-1.2623,False,False,TRAIN
2026-02-19,BANKBARODA.NS,UP,0.7655,0.875,HIGH,ALIGNED,1.5109,True,True,TRAIN
2026-02-19,RBLBANK.NS,UP,0.765,1.0,HIGH,ALIGNED,-1.0675,False,False,TRAIN
2026-02-19,M&MFIN.NS,UP,0.7566,0.75,HIGH,ALIGNED,-1.3838,False,False,TRAIN
2026-02-19,CRAFTSMAN.NS,UP,0.7527,0.875,HIGH,ALIGNED,-0.1553,False,False,TRAIN
2026-02-19,HFCL.NS,UP,0.7468,0.5,MEDIUM,ALIGNED,-0.0981,False,False,TRAIN
2026-02-19,IDFCFIRSTB.NS,UP,0.7328,0.625,HIGH,ALIGNED,0.6387,True,True,TRAIN
2026-02-20,CENTUM.NS,UP,0.9857,1.0,HIGH,ALIGNED,5.1282,True,True,VAL
2026-02-20,DATAPATTNS.NS,UP,0.9488,1.0,HIGH,ALIGNED,2.5732,True,True,VAL
2026-02-20,INTELLECT.NS,UP,0.8914,0.625,HIGH,ALIGNED,-0.3976,False,False,VAL
2026-02-20,OIL.NS,UP,0.8783,0.625,HIGH,ALIGNED,-0.3785,False,False,VAL
2026-02-20,BDL.NS,UP,0.8451,0.625,HIGH,ALIGNED,-2.6557,False,False,VAL
2026-02-20,GRANULES.NS,UP,0.8441,1.0,HIGH,ALIGNED,0.0334,True,True,VAL
2026-02-20,TORNTPOWER.NS,UP,0.8333,1.0,HIGH,ALIGNED,0.5103,True,True,VAL
2026-02-20,PNB.NS,UP,0.8155,1.0,HIGH,ALIGNED,0.5247,True,True,VAL
2026-02-20,CANBK.NS,UP,0.8148,1.0,HIGH,ALIGNED,1.4856,True,True,VAL
2026-02-20,GALAXYSURF.NS,UP,0.7877,0.5,MEDIUM,ALIGNED,2.4734,True,True,VAL
2026-02-20,UNIONBANK.NS,UP,0.7833,0.875,HIGH,ALIGNED,1.959,True,True,VAL
2026-02-20,ONGC.NS,UP,0.7786,1.0,HIGH,ALIGNED,-1.0766,False,False,VAL
2026-02-20,BANKBARODA.NS,UP,0.7778,1.0,HIGH,ALIGNED,1.3914,True,True,VAL
2026-02-20,KEI.NS,UP,0.7635,0.875,HIGH,ALIGNED,0.204,True,True,VAL
2026-02-20,CESC.NS,UP,0.7584,0.875,HIGH,ALIGNED,0.1866,True,True,VAL
2026-02-20,RATNAMANI.NS,UP,0.752,0.75,HIGH,ALIGNED,1.9323,True,True,VAL
2026-02-20,IRCTC.NS,UP,0.7411,1.0,HIGH,ALIGNED,-0.9066,False,False,VAL
2026-02-20,TIINDIA.NS,UP,0.7355,0.75,HIGH,ALIGNED,-1.7867,False,False,VAL
2026-02-20,NAVINFLUOR.NS,UP,0.7342,0.875,HIGH,ALIGNED,1.8924,True,True,VAL
2026-02-20,NATCOPHARM.NS,UP,0.7333,0.75,HIGH,ALIGNED,0.1458,True,True,VAL
2026-02-23,CENTUM.NS,UP,0.9843,1.0,HIGH,ALIGNED,4.0027,True,True,VAL
2026-02-23,JINDALPOLY.NS,UP,0.9623,0.75,HIGH,ALIGNED,4.0376,True,True,VAL
2026-02-23,DATAPATTNS.NS,UP,0.8947,0.875,HIGH,ALIGNED,1.1857,True,True,VAL
2026-02-23,STLTECH.NS,UP,0.8599,0.625,HIGH,ALIGNED,-1.4857,False,False,VAL
2026-02-23,JYOTHYLAB.NS,UP,0.8457,1.0,HIGH,ALIGNED,1.5484,True,True,VAL
2026-02-23,MGL.NS,UP,0.8401,0.875,HIGH,ALIGNED,2.5619,True,True,VAL
2026-02-23,NAVINFLUOR.NS,UP,0.835,0.875,HIGH,ALIGNED,-4.8349,False,False,VAL
2026-02-23,INTELLECT.NS,UP,0.8331,0.5,MEDIUM,ALIGNED,-0.6273,False,False,VAL
2026-02-23,RATNAMANI.NS,UP,0.8283,0.875,HIGH,ALIGNED,-2.585,False,False,VAL
2026-02-23,KEI.NS,UP,0.8162,0.875,HIGH,ALIGNED,0.321,True,True,VAL
2026-02-23,M&MFIN.NS,UP,0.8082,0.75,HIGH,ALIGNED,-4.09,False,False,VAL
2026-02-23,FINEORG.NS,UP,0.8072,1.0,HIGH,ALIGNED,4.837,True,True,VAL
2026-02-23,UNIONBANK.NS,UP,0.8058,1.0,HIGH,ALIGNED,1.4359,True,True,VAL
2026-02-23,PNB.NS,UP,0.7957,1.0,HIGH,ALIGNED,0.5834,True,True,VAL
2026-02-23,ENDURANCE.NS,UP,0.7824,1.0,HIGH,ALIGNED,5.0963,True,True,VAL
2026-02-23,IRCTC.NS,UP,0.758,0.875,HIGH,ALIGNED,-3.9096,False,False,VAL
2026-02-23,GRANULES.NS,UP,0.7548,0.75,HIGH,ALIGNED,0.0584,True,True,VAL
2026-02-23,GALAXYSURF.NS,UP,0.7483,0.75,HIGH,ALIGNED,-0.2671,False,False,VAL
2026-02-23,OLECTRA.NS,UP,0.7449,0.875,HIGH,ALIGNED,-1.5943,False,False,VAL
2026-02-23,TORNTPOWER.NS,UP,0.7399,0.875,HIGH,ALIGNED,0.3515,True,True,VAL
2026-02-24,CENTUM.NS,UP,0.9682,0.875,HIGH,ALIGNED,-3.4458,False,False,VAL
2026-02-24,NATCOPHARM.NS,UP,0.8927,1.0,HIGH,ALIGNED,3.5297,True,True,VAL
2026-02-24,MGL.NS,UP,0.8925,1.0,HIGH,ALIGNED,0.6706,True,True,VAL
2026-02-24,ENDURANCE.NS,UP,0.8893,1.0,HIGH,ALIGNED,-0.3426,False,False,VAL
2026-02-24,FINEORG.NS,UP,0.8845,1.0,HIGH,ALIGNED,0.2299,True,True,VAL
2026-02-24,DATAPATTNS.NS,UP,0.8816,0.875,HIGH,ALIGNED,-0.8748,False,False,VAL
2026-02-24,ERIS.NS,UP,0.8813,0.75,HIGH,ALIGNED,-0.3178,False,False,VAL
2026-02-24,JYOTHYLAB.NS,UP,0.8558,1.0,HIGH,ALIGNED,1.5287,True,True,VAL
2026-02-24,JINDALPOLY.NS,UP,0.8371,0.625,HIGH,ALIGNED,15.4424,True,True,VAL
2026-02-24,TIINDIA.NS,UP,0.833,0.875,HIGH,ALIGNED,2.1852,True,True,VAL
2026-02-24,TORNTPOWER.NS,UP,0.8083,0.875,HIGH,ALIGNED,1.5501,True,True,VAL
2026-02-24,SAIL.NS,UP,0.8012,1.0,HIGH,ALIGNED,2.9654,True,True,VAL
2026-02-24,RATNAMANI.NS,UP,0.7896,0.75,HIGH,ALIGNED,-3.0436,False,False,VAL
2026-02-24,PETRONET.NS,UP,0.749,1.0,HIGH,ALIGNED,1.9321,True,True,VAL
2026-02-24,HINDALCO.NS,UP,0.7442,0.75,HIGH,ALIGNED,1.5766,True,True,VAL
2026-02-24,KEI.NS,UP,0.7437,0.875,HIGH,ALIGNED,3.4093,True,True,VAL
2026-02-24,UNIONBANK.NS,UP,0.7405,0.875,HIGH,ALIGNED,-0.658,False,False,VAL
2026-02-24,PNB.NS,UP,0.735,0.875,HIGH,ALIGNED,-0.374,False,False,VAL
2026-02-24,NMDC.NS,UP,0.7335,0.75,HIGH,ALIGNED,1.3119,True,True,VAL
2026-02-24,POLYCAB.NS,UP,0.724,1.0,HIGH,ALIGNED,2.8077,True,True,VAL
2026-02-25,JINDALPOLY.NS,UP,0.9951,0.75,HIGH,ALIGNED,-6.6452,False,False,VAL
2026-02-25,NATCOPHARM.NS,UP,0.9262,0.75,HIGH,ALIGNED,-0.6185,False,False,VAL
2026-02-25,CENTUM.NS,UP,0.9064,0.75,HIGH,ALIGNED,-0.1937,False,False,VAL
2026-02-25,ENDURANCE.NS,UP,0.8598,0.75,HIGH,ALIGNED,-1.1436,False,False,VAL
2026-02-25,VEDL.NS,UP,0.8547,1.0,HIGH,ALIGNED,1.3259,True,True,VAL
2026-02-25,AUROPHARMA.NS,UP,0.8424,1.0,HIGH,ALIGNED,0.7594,True,True,VAL
2026-02-25,MRPL.NS,UP,0.8365,0.625,HIGH,ALIGNED,-1.4793,False,False,VAL
2026-02-25,SAIL.NS,UP,0.8338,1.0,HIGH,ALIGNED,0.3517,True,True,VAL
2026-02-25,FINEORG.NS,UP,0.8319,0.75,HIGH,ALIGNED,-3.5671,False,False,VAL
2026-02-25,JYOTHYLAB.NS,UP,0.8245,0.875,HIGH,ALIGNED,-2.041,False,False,VAL
2026-02-25,NATIONALUM.NS,UP,0.8088,0.75,HIGH,ALIGNED,0.4169,True,True,VAL
2026-02-25,MGL.NS,UP,0.8049,0.75,HIGH,ALIGNED,0.2415,True,True,VAL
2026-02-25,KEI.NS,UP,0.7912,1.0,HIGH,ALIGNED,1.3167,True,True,VAL
2026-02-25,ALKEM.NS,UP,0.7772,0.875,HIGH,ALIGNED,2.2578,True,True,VAL
2026-02-25,LAURUSLABS.NS,UP,0.7662,1.0,HIGH,ALIGNED,1.5237,True,True,VAL
2026-02-25,DATAPATTNS.NS,UP,0.7556,0.75,HIGH,ALIGNED,5.6341,True,True,VAL
2026-02-25,HEROMOTOCO.NS,UP,0.7502,1.0,HIGH,ALIGNED,0.8627,True,True,VAL
2026-02-25,CESC.NS,UP,0.7498,1.0,HIGH,ALIGNED,-0.1749,False,False,VAL
2026-02-25,POLYCAB.NS,UP,0.7495,0.75,HIGH,ALIGNED,1.8866,True,True,VAL
2026-02-25,HINDALCO.NS,UP,0.7473,0.75,HIGH,ALIGNED,0.416,True,True,VAL
2026-02-26,JINDALPOLY.NS,UP,0.9868,0.625,HIGH,ALIGNED,3.4752,True,True,VAL
2026-02-26,TEJASNET.NS,UP,0.975,1.0,HIGH,ALIGNED,17.464,True,True,VAL
2026-02-26,DATAPATTNS.NS,UP,0.9397,0.875,HIGH,ALIGNED,-1.0297,False,False,VAL
2026-02-26,TIINDIA.NS,UP,0.8463,1.0,HIGH,ALIGNED,1.2168,True,True,VAL
2026-02-26,LAURUSLABS.NS,UP,0.8343,1.0,HIGH,ALIGNED,-1.5511,False,False,VAL
2026-02-26,JYOTHYLAB.NS,UP,0.8164,0.75,HIGH,ALIGNED,-0.3617,False,False,VAL
2026-02-26,CENTUM.NS,UP,0.8025,0.75,HIGH,ALIGNED,-0.7054,False,False,VAL
2026-02-26,ENDURANCE.NS,UP,0.7998,0.75,HIGH,ALIGNED,0.6238,True,True,VAL
2026-02-26,WELCORP.NS,UP,0.7995,1.0,HIGH,ALIGNED,0.0424,True,True,VAL
2026-02-26,KEI.NS,UP,0.7985,0.625,HIGH,ALIGNED,1.4234,True,True,VAL
2026-02-26,HEROMOTOCO.NS,UP,0.7946,0.875,HIGH,ALIGNED,-1.3306,False,False,VAL
2026-02-26,CHOLAFIN.NS,UP,0.785,0.875,HIGH,ALIGNED,-0.9896,False,False,VAL
2026-02-26,SAIL.NS,UP,0.7811,0.875,HIGH,ALIGNED,0.1208,True,True,VAL
2026-02-26,VEDL.NS,UP,0.7706,0.875,HIGH,ALIGNED,-2.5832,False,False,VAL
2026-02-26,BHARATFORG.NS,UP,0.76,0.625,HIGH,ALIGNED,-0.0418,False,False,VAL
2026-02-26,POLYCAB.NS,UP,0.7569,0.75,HIGH,ALIGNED,1.2285,True,True,VAL
2026-02-26,UNIONBANK.NS,UP,0.7556,1.0,HIGH,ALIGNED,0.3622,True,True,VAL
2026-02-26,IDEAFORGE.NS,UP,0.752,0.75,HIGH,ALIGNED,-2.732,False,False,VAL
2026-02-26,CESC.NS,UP,0.7473,0.75,HIGH,ALIGNED,-1.0202,False,False,VAL
2026-02-26,AUROPHARMA.NS,UP,0.7466,0.875,HIGH,ALIGNED,-0.0246,False,False,VAL
2026-02-27,TEJASNET.NS,UP,0.9856,0.75,HIGH,ALIGNED,11.208,True,True,VAL
2026-02-27,JINDALPOLY.NS,UP,0.9584,0.75,HIGH,ALIGNED,1.7847,True,True,VAL
2026-02-27,LTTS.NS,UP,0.8897,0.875,HIGH,ALIGNED,-1.9702,False,False,VAL
2026-02-27,JPPOWER.NS,UP,0.851,0.875,HIGH,ALIGNED,-5.1148,False,False,VAL
2026-02-27,OFSS.NS,UP,0.8236,0.75,HIGH,ALIGNED,-1.2118,False,False,VAL
2026-02-27,MGL.NS,UP,0.8144,1.0,HIGH,ALIGNED,-1.0248,False,False,VAL
2026-02-27,TIINDIA.NS,UP,0.8103,1.0,HIGH,ALIGNED,3.058,True,True,VAL
2026-02-27,ENDURANCE.NS,UP,0.8055,0.75,HIGH,ALIGNED,-0.2855,False,False,VAL
2026-02-27,DATAPATTNS.NS,UP,0.7983,0.375,MEDIUM,CONFLICT,-0.1838,False,False,VAL
2026-02-27,CLEAN.NS,UP,0.7978,0.75,HIGH,ALIGNED,0.9658,True,True,VAL
2026-02-27,LAURUSLABS.NS,UP,0.7901,0.75,HIGH,ALIGNED,-1.0039,False,False,VAL
2026-02-27,NATCOPHARM.NS,UP,0.7897,0.625,HIGH,ALIGNED,-3.2625,False,False,VAL
2026-02-27,SAIL.NS,UP,0.7764,0.875,HIGH,ALIGNED,-0.0724,False,False,VAL
2026-02-27,POLYCAB.NS,UP,0.7659,0.75,HIGH,ALIGNED,-0.7201,False,False,VAL
2026-02-27,WELCORP.NS,UP,0.7635,1.0,HIGH,ALIGNED,-0.9209,False,False,VAL
2026-02-27,KEI.NS,UP,0.7608,0.75,HIGH,ALIGNED,2.4722,True,True,VAL
2026-02-27,AUROPHARMA.NS,UP,0.7548,0.875,HIGH,ALIGNED,-0.8194,False,False,VAL
2026-02-27,HEROMOTOCO.NS,UP,0.7538,0.75,HIGH,ALIGNED,-2.0753,False,False,VAL
2026-02-27,IOC.NS,UP,0.7498,0.75,HIGH,ALIGNED,-4.4594,False,False,VAL
2026-02-27,PETRONET.NS,UP,0.7452,0.625,HIGH,ALIGNED,-4.5609,False,False,VAL
2026-03-02,TEJASNET.NS,UP,0.9896,0.75,HIGH,ALIGNED,3.0844,True,True,VAL
2026-03-02,IDEAFORGE.NS,UP,0.9629,1.0,HIGH,ALIGNED,2.7872,True,True,VAL
2026-03-02,TIINDIA.NS,UP,0.9131,0.75,HIGH,ALIGNED,-2.3435,False,False,VAL
2026-03-02,PARAS.NS,UP,0.8631,1.0,HIGH,ALIGNED,7.483,True,True,VAL
2026-03-02,KEI.NS,UP,0.857,0.75,HIGH,ALIGNED,-4.3604,False,False,VAL
2026-03-02,OIL.NS,UP,0.8532,0.875,HIGH,ALIGNED,0.8298,True,True,VAL
2026-03-02,DATAPATTNS.NS,UP,0.841,0.625,HIGH,ALIGNED,-2.4342,False,False,VAL
2026-03-02,JINDALPOLY.NS,UP,0.8328,0.5,MEDIUM,ALIGNED,5.9456,True,True,VAL
2026-03-02,LAURUSLABS.NS,UP,0.8255,0.875,HIGH,ALIGNED,-3.23,False,False,VAL
2026-03-02,MIDHANI.NS,UP,0.8155,0.75,HIGH,ALIGNED,-2.1066,False,False,VAL
2026-03-02,ERIS.NS,UP,0.8058,0.75,HIGH,ALIGNED,-0.1691,False,False,VAL
2026-03-02,SOLARINDS.NS,UP,0.7939,1.0,HIGH,ALIGNED,3.8173,True,True,VAL
2026-03-02,IDFCFIRSTB.NS,UP,0.791,0.5,MEDIUM,ALIGNED,-2.3962,False,False,VAL
2026-03-02,ZENSARTECH.NS,UP,0.7757,0.625,HIGH,ALIGNED,-2.4543,False,False,VAL
2026-03-02,SAIL.NS,UP,0.7714,0.875,HIGH,ALIGNED,-6.0209,False,False,VAL
2026-03-02,WELCORP.NS,UP,0.7709,0.875,HIGH,ALIGNED,-2.7212,False,False,VAL
2026-03-02,ONGC.NS,UP,0.7687,1.0,HIGH,ALIGNED,-1.8604,False,False,VAL
2026-03-02,NATCOPHARM.NS,UP,0.7653,0.625,HIGH,ALIGNED,-0.3294,False,False,VAL
2026-03-02,BASF.NS,UP,0.7638,0.875,HIGH,ALIGNED,-2.7191,False,False,VAL
2026-03-02,NATIONALUM.NS,UP,0.7609,0.75,HIGH,ALIGNED,2.9351,True,True,VAL
2026-03-04,TEJASNET.NS,UP,0.9898,0.75,HIGH,ALIGNED,-1.451,False,False,VAL
2026-03-04,IDEAFORGE.NS,UP,0.9629,1.0,HIGH,ALIGNED,-3.9242,False,False,VAL
2026-03-04,PARAS.NS,UP,0.9165,1.0,HIGH,ALIGNED,-0.5409,False,False,VAL
2026-03-04,JINDALPOLY.NS,UP,0.8927,0.625,HIGH,ALIGNED,11.0359,True,True,VAL
2026-03-04,NATIONALUM.NS,UP,0.8755,1.0,HIGH,ALIGNED,6.0107,True,True,VAL
2026-03-04,OIL.NS,UP,0.8692,1.0,HIGH,ALIGNED,-2.6417,False,False,VAL
2026-03-04,SOLARINDS.NS,UP,0.8148,1.0,HIGH,ALIGNED,1.0191,True,True,VAL
2026-03-04,WELCORP.NS,UP,0.8029,0.625,HIGH,ALIGNED,3.3442,True,True,VAL
2026-03-04,KEI.NS,UP,0.8022,0.375,MEDIUM,CONFLICT,-1.1749,False,False,VAL
2026-03-04,MPHASIS.NS,UP,0.8,0.625,HIGH,ALIGNED,-1.5702,False,False,VAL
2026-03-04,ZENSARTECH.NS,UP,0.7881,0.5,MEDIUM,ALIGNED,-1.0551,False,False,VAL
2026-03-04,INFY.NS,UP,0.7871,0.625,HIGH,ALIGNED,-0.1224,False,False,VAL
2026-03-04,LTTS.NS,UP,0.7765,0.375,MEDIUM,CONFLICT,-0.5939,False,False,VAL
2026-03-04,PERSISTENT.NS,UP,0.7614,0.5,MEDIUM,ALIGNED,-1.4313,False,False,VAL
2026-03-04,BEL.NS,UP,0.759,0.875,HIGH,ALIGNED,2.9428,True,True,VAL
2026-03-04,STLTECH.NS,UP,0.7427,0.625,HIGH,ALIGNED,3.9538,True,True,VAL
2026-03-04,SHYAMMETL.NS,UP,0.7374,0.375,MEDIUM,CONFLICT,-0.739,False,False,VAL
2026-03-04,HCLTECH.NS,UP,0.733,0.5,MEDIUM,ALIGNED,-0.7258,False,False,VAL
2026-03-04,GALAXYSURF.NS,UP,0.7303,0.75,HIGH,ALIGNED,0.6167,True,True,VAL
2026-03-04,M&MFIN.NS,UP,0.7267,0.5,MEDIUM,ALIGNED,0.704,True,True,VAL
2026-03-05,TEJASNET.NS,UP,0.9761,0.625,HIGH,ALIGNED,-5.5544,False,False,VAL
2026-03-05,PARAS.NS,UP,0.9519,0.875,HIGH,ALIGNED,4.49,True,True,VAL
2026-03-05,DATAPATTNS.NS,UP,0.9464,0.75,HIGH,ALIGNED,3.9295,True,True,VAL
2026-03-05,NATIONALUM.NS,UP,0.9092,1.0,HIGH,ALIGNED,0.0505,True,True,VAL
2026-03-05,MAZDOCK.NS,UP,0.8944,1.0,HIGH,ALIGNED,5.0754,True,True,VAL
2026-03-05,MASTEK.NS,UP,0.8872,0.75,HIGH,ALIGNED,-4.4319,False,False,VAL
2026-03-05,IDEAFORGE.NS,UP,0.8749,0.625,HIGH,ALIGNED,1.2276,True,True,VAL
2026-03-05,STLTECH.NS,UP,0.8742,0.625,HIGH,ALIGNED,4.4776,True,True,VAL
2026-03-05,CLEAN.NS,UP,0.8512,1.0,HIGH,ALIGNED,-2.2385,False,False,VAL
2026-03-05,JINDALPOLY.NS,UP,0.8447,0.625,HIGH,ALIGNED,4.1125,True,True,VAL
2026-03-05,HFCL.NS,UP,0.8415,0.75,HIGH,ALIGNED,-0.6279,False,False,VAL
2026-03-05,NAVINFLUOR.NS,UP,0.8297,1.0,HIGH,ALIGNED,1.0377,True,True,VAL
2026-03-05,BDL.NS,UP,0.8285,0.625,HIGH,ALIGNED,5.9425,True,True,VAL
2026-03-05,GRSE.NS,UP,0.8237,0.625,HIGH,ALIGNED,4.7362,True,True,VAL
2026-03-05,SOLARINDS.NS,UP,0.8184,0.875,HIGH,ALIGNED,3.2786,True,True,VAL
2026-03-05,WELCORP.NS,UP,0.8082,0.875,HIGH,ALIGNED,-1.5754,False,False,VAL
2026-03-05,BSE.NS,UP,0.7995,0.75,HIGH,ALIGNED,-0.3549,False,False,VAL
2026-03-05,HINDALCO.NS,UP,0.7983,0.875,HIGH,ALIGNED,0.4136,True,True,VAL
2026-03-05,BEL.NS,UP,0.7877,1.0,HIGH,ALIGNED,1.837,True,True,VAL
2026-03-05,ZENSARTECH.NS,UP,0.787,0.375,MEDIUM,CONFLICT,1.914,True,True,VAL
2026-03-06,JINDALPOLY.NS,UP,0.9677,0.75,HIGH,ALIGNED,5.7916,True,True,VAL
2026-03-06,PARAS.NS,UP,0.9619,0.75,HIGH,ALIGNED,-4.1102,False,False,VAL
2026-03-06,MRPL.NS,UP,0.9328,0.75,HIGH,ALIGNED,-7.9981,False,False,VAL
2026-03-06,MAZDOCK.NS,UP,0.9279,1.0,HIGH,ALIGNED,-3.4346,False,False,VAL
2026-03-06,DATAPATTNS.NS,UP,0.9041,0.625,HIGH,ALIGNED,0.0573,True,True,VAL
2026-03-06,BDL.NS,UP,0.8934,1.0,HIGH,ALIGNED,-1.5626,False,False,VAL
2026-03-06,GRSE.NS,UP,0.8934,1.0,HIGH,ALIGNED,-2.0648,False,False,VAL
2026-03-06,IDEAFORGE.NS,UP,0.8694,0.625,HIGH,ALIGNED,1.5981,True,True,VAL
2026-03-06,TEJASNET.NS,UP,0.8675,0.5,MEDIUM,ALIGNED,-8.3754,False,False,VAL
2026-03-06,PERSISTENT.NS,UP,0.8641,0.625,HIGH,ALIGNED,0.1172,True,True,VAL
2026-03-06,STLTECH.NS,UP,0.8604,0.625,HIGH,ALIGNED,-3.8941,False,False,VAL
2026-03-06,IRCON.NS,UP,0.8558,0.875,HIGH,ALIGNED,-5.4849,False,False,VAL
2026-03-06,NATIONALUM.NS,UP,0.8536,1.0,HIGH,ALIGNED,-2.0321,False,False,VAL
2026-03-06,SOLARINDS.NS,UP,0.8417,0.75,HIGH,ALIGNED,-1.155,False,False,VAL
2026-03-06,OIL.NS,UP,0.8308,0.625,HIGH,ALIGNED,-2.1569,False,False,VAL
2026-03-06,RADICO.NS,UP,0.8291,1.0,HIGH,ALIGNED,-0.553,False,False,VAL
2026-03-06,MIDHANI.NS,UP,0.8277,0.625,HIGH,ALIGNED,-4.4353,False,False,VAL
2026-03-06,COCHINSHIP.NS,UP,0.8257,0.75,HIGH,ALIGNED,-2.3955,False,False,VAL
2026-03-06,MASTEK.NS,UP,0.8138,0.5,MEDIUM,ALIGNED,-0.237,False,False,VAL
2026-03-06,CENTUM.NS,UP,0.7813,0.625,HIGH,ALIGNED,-2.7735,False,False,VAL
2026-03-09,JINDALPOLY.NS,UP,0.9774,0.75,HIGH,ALIGNED,6.5018,True,True,VAL
2026-03-09,MAZDOCK.NS,UP,0.9284,0.875,HIGH,ALIGNED,3.9841,True,True,VAL
2026-03-09,DATAPATTNS.NS,UP,0.9277,0.75,HIGH,ALIGNED,-1.4714,False,False,VAL
2026-03-09,PARAS.NS,UP,0.9163,0.75,HIGH,ALIGNED,-2.1432,False,False,VAL
2026-03-09,IDEAFORGE.NS,UP,0.8961,0.75,HIGH,ALIGNED,-0.9817,False,False,VAL
2026-03-09,NATIONALUM.NS,UP,0.8716,1.0,HIGH,ALIGNED,0.1675,True,True,VAL
2026-03-09,BDL.NS,UP,0.849,0.875,HIGH,ALIGNED,3.6615,True,True,VAL
2026-03-09,STLTECH.NS,UP,0.8371,0.75,HIGH,ALIGNED,3.3861,True,True,VAL
2026-03-09,SOLARINDS.NS,UP,0.8357,1.0,HIGH,ALIGNED,-1.716,False,False,VAL
2026-03-09,GRSE.NS,UP,0.8044,0.875,HIGH,ALIGNED,1.647,True,True,VAL
2026-03-09,PERSISTENT.NS,UP,0.7871,0.625,HIGH,ALIGNED,0.9366,True,True,VAL
2026-03-09,OIL.NS,UP,0.7782,0.5,MEDIUM,ALIGNED,-0.7383,False,False,VAL
2026-03-09,HFCL.NS,UP,0.7731,0.625,HIGH,ALIGNED,2.0614,True,True,VAL
2026-03-09,INDIAMART.NS,UP,0.7466,1.0,HIGH,ALIGNED,-0.1786,False,False,VAL
2026-03-09,CENTUM.NS,UP,0.7456,0.625,HIGH,ALIGNED,2.2583,True,True,VAL
2026-03-09,HINDALCO.NS,UP,0.7367,0.875,HIGH,ALIGNED,1.19,True,True,VAL
2026-03-09,RADICO.NS,UP,0.7291,0.875,HIGH,ALIGNED,0.3961,True,True,VAL
2026-03-09,BEL.NS,UP,0.7282,0.875,HIGH,ALIGNED,1.3119,True,True,VAL
2026-03-09,NAVINFLUOR.NS,UP,0.7228,0.625,HIGH,ALIGNED,2.3875,True,True,VAL
2026-03-09,COFORGE.NS,UP,0.7221,0.375,MEDIUM,CONFLICT,-2.5075,False,False,VAL
2026-03-10,MAZDOCK.NS,UP,0.9626,1.0,HIGH,ALIGNED,-1.8533,False,False,VAL
2026-03-10,JINDALPOLY.NS,UP,0.9425,0.625,HIGH,ALIGNED,4.3202,True,True,VAL
2026-03-10,BDL.NS,UP,0.9027,1.0,HIGH,ALIGNED,-1.7625,False,False,VAL
2026-03-10,MRPL.NS,UP,0.868,0.75,HIGH,ALIGNED,-3.4504,False,False,VAL
2026-03-10,GRSE.NS,UP,0.8515,0.875,HIGH,ALIGNED,-2.4962,False,False,VAL
2026-03-10,HFCL.NS,UP,0.8398,0.625,HIGH,ALIGNED,3.223,True,True,VAL
2026-03-10,DATAPATTNS.NS,UP,0.8369,0.5,MEDIUM,ALIGNED,-1.7026,False,False,VAL
2026-03-10,PARAS.NS,UP,0.8262,0.375,MEDIUM,CONFLICT,-3.1786,False,False,VAL
2026-03-10,ADANIENSOL.NS,UP,0.8194,1.0,HIGH,ALIGNED,-2.131,False,False,VAL
2026-03-10,DEEPAKFERT.NS,UP,0.7833,0.75,HIGH,ALIGNED,1.7298,True,True,VAL
2026-03-10,BSE.NS,UP,0.782,0.75,HIGH,ALIGNED,-0.811,False,False,VAL
2026-03-10,SHRIRAMFIN.NS,UP,0.782,1.0,HIGH,ALIGNED,-2.9354,False,False,VAL
2026-03-10,IRCON.NS,UP,0.7765,0.5,MEDIUM,ALIGNED,-2.1474,False,False,VAL
2026-03-10,RADICO.NS,UP,0.7718,0.75,HIGH,ALIGNED,4.7602,True,True,VAL
2026-03-10,SOLARINDS.NS,UP,0.7709,0.875,HIGH,ALIGNED,-1.3927,False,False,VAL
2026-03-10,SUZLON.NS,UP,0.7689,0.75,HIGH,ALIGNED,0.4101,True,True,VAL
2026-03-10,OLECTRA.NS,UP,0.7646,0.625,HIGH,ALIGNED,-3.4263,False,False,VAL
2026-03-10,VGUARD.NS,UP,0.7641,0.875,HIGH,ALIGNED,-0.4745,False,False,VAL
2026-03-10,PERSISTENT.NS,UP,0.7629,0.5,MEDIUM,ALIGNED,-1.6612,False,False,VAL
2026-03-10,NATIONALUM.NS,UP,0.7595,0.625,HIGH,ALIGNED,2.3151,True,True,VAL
2026-03-11,STLTECH.NS,UP,0.9231,0.625,HIGH,ALIGNED,5.3836,True,True,VAL
2026-03-11,HFCL.NS,UP,0.9199,1.0,HIGH,ALIGNED,3.3444,True,True,VAL
2026-03-11,MAZDOCK.NS,UP,0.9175,0.75,HIGH,ALIGNED,0.2956,True,True,VAL
2026-03-11,DEEPAKFERT.NS,UP,0.8993,0.875,HIGH,ALIGNED,-1.8609,False,False,VAL
2026-03-11,SYMPHONY.NS,UP,0.874,0.75,HIGH,ALIGNED,-0.6881,False,False,VAL
2026-03-11,JINDALPOLY.NS,UP,0.8738,0.625,HIGH,ALIGNED,4.0084,True,True,VAL
2026-03-11,SUDARSCHEM.NS,UP,0.8648,0.875,HIGH,ALIGNED,-1.5575,False,False,VAL
2026-03-11,NCC.NS,UP,0.8597,0.875,HIGH,ALIGNED,0.3288,True,True,VAL
2026-03-11,RADICO.NS,UP,0.8527,1.0,HIGH,ALIGNED,-1.2612,False,False,VAL
2026-03-11,ONMOBILE.NS,UP,0.85,1.0,HIGH,ALIGNED,-1.0559,False,False,VAL
2026-03-11,BDL.NS,UP,0.8248,0.875,HIGH,ALIGNED,-0.7794,False,False,VAL
2026-03-11,RATEGAIN.NS,UP,0.8138,0.625,HIGH,ALIGNED,-0.2055,False,False,VAL
2026-03-11,BLUESTARCO.NS,UP,0.8046,0.875,HIGH,ALIGNED,0.6388,True,True,VAL
2026-03-11,SHRIRAMFIN.NS,UP,0.799,0.875,HIGH,ALIGNED,0.0,False,False,VAL
2026-03-11,CENTUM.NS,UP,0.7869,0.875,HIGH,ALIGNED,-2.8842,False,False,VAL
2026-03-11,DATAPATTNS.NS,UP,0.7854,0.625,HIGH,ALIGNED,-1.5134,False,False,VAL
2026-03-11,VGUARD.NS,UP,0.7847,0.75,HIGH,ALIGNED,1.2871,True,True,VAL
2026-03-11,WELCORP.NS,UP,0.7779,1.0,HIGH,ALIGNED,1.4114,True,True,VAL
2026-03-11,GRSE.NS,UP,0.7765,0.375,MEDIUM,CONFLICT,-1.033,False,False,VAL
2026-03-11,GLENMARK.NS,UP,0.7714,1.0,HIGH,ALIGNED,-0.7172,False,False,VAL
2026-03-12,STLTECH.NS,UP,0.9458,0.75,HIGH,ALIGNED,-6.9209,False,False,VAL
2026-03-12,HFCL.NS,UP,0.898,1.0,HIGH,ALIGNED,-3.3571,False,False,VAL
2026-03-12,JPPOWER.NS,UP,0.8801,0.875,HIGH,ALIGNED,-1.9054,False,False,VAL
2026-03-12,JINDALPOLY.NS,UP,0.8792,0.625,HIGH,ALIGNED,-1.0274,False,False,VAL
2026-03-12,SUDARSCHEM.NS,UP,0.8721,0.75,HIGH,ALIGNED,-2.4728,False,False,VAL
2026-03-12,JSWENERGY.NS,UP,0.8708,1.0,HIGH,ALIGNED,-1.0322,False,False,VAL
2026-03-12,SUZLON.NS,UP,0.8588,0.75,HIGH,ALIGNED,-2.404,False,False,VAL
2026-03-12,ONMOBILE.NS,UP,0.8444,0.75,HIGH,ALIGNED,-4.4664,False,False,VAL
2026-03-12,RADICO.NS,UP,0.8275,0.875,HIGH,ALIGNED,-2.0087,False,False,VAL
2026-03-12,PETRONET.NS,UP,0.8248,0.875,HIGH,ALIGNED,-3.5052,False,False,VAL
2026-03-12,CESC.NS,UP,0.8225,1.0,HIGH,ALIGNED,0.1945,True,True,VAL
2026-03-12,SYMPHONY.NS,UP,0.8208,0.5,MEDIUM,ALIGNED,-2.011,False,False,VAL
2026-03-12,VGUARD.NS,UP,0.7968,0.875,HIGH,ALIGNED,0.4079,True,True,VAL
2026-03-12,RAILTEL.NS,UP,0.7799,0.625,HIGH,ALIGNED,-3.1696,False,False,VAL
2026-03-12,RATEGAIN.NS,UP,0.7797,0.625,HIGH,ALIGNED,-3.3049,False,False,VAL
2026-03-12,DEEPAKFERT.NS,UP,0.7775,0.625,HIGH,ALIGNED,-3.5521,False,False,VAL
2026-03-12,TATAPOWER.NS,UP,0.7728,0.875,HIGH,ALIGNED,-1.7904,False,False,VAL
2026-03-12,AJANTPHARM.NS,UP,0.7664,1.0,HIGH,ALIGNED,-2.8498,False,False,VAL
2026-03-12,JINDALSTEL.NS,UP,0.7493,1.0,HIGH,ALIGNED,-6.6694,False,False,VAL
2026-03-12,WELCORP.NS,UP,0.7436,0.875,HIGH,ALIGNED,-5.2176,False,False,VAL
2026-03-13,LTTS.NS,UP,0.9851,0.875,HIGH,ALIGNED,-3.067,False,False,VAL
2026-03-13,HFCL.NS,UP,0.9063,0.875,HIGH,ALIGNED,-0.9726,False,False,VAL
2026-03-13,ZYDUSWELL.NS,UP,0.8971,1.0,HIGH,ALIGNED,5.3061,True,True,VAL
2026-03-13,NOCIL.NS,UP,0.8649,0.75,HIGH,ALIGNED,1.0142,True,True,VAL
2026-03-13,ADANIGREEN.NS,UP,0.8534,0.75,HIGH,ALIGNED,0.6501,True,True,VAL
2026-03-13,CESC.NS,UP,0.849,1.0,HIGH,ALIGNED,-1.9909,False,False,VAL
2026-03-13,SUDARSCHEM.NS,UP,0.8395,0.625,HIGH,ALIGNED,-3.8332,False,False,VAL
2026-03-13,JPPOWER.NS,UP,0.8339,0.75,HIGH,ALIGNED,-2.8777,False,False,VAL
2026-03-13,ATUL.NS,UP,0.8193,1.0,HIGH,ALIGNED,-3.2178,False,False,VAL
2026-03-13,SUZLON.NS,UP,0.8173,0.625,HIGH,ALIGNED,-0.966,False,False,VAL
2026-03-13,JSWENERGY.NS,UP,0.809,1.0,HIGH,ALIGNED,-1.5206,False,False,VAL
2026-03-13,VGUARD.NS,UP,0.7949,1.0,HIGH,ALIGNED,0.5156,True,True,VAL
2026-03-13,ONMOBILE.NS,UP,0.7739,0.375,MEDIUM,CONFLICT,0.0621,True,True,VAL
2026-03-13,SHRIRAMFIN.NS,UP,0.7727,0.375,MEDIUM,CONFLICT,-1.1558,False,False,VAL
2026-03-13,COALINDIA.NS,UP,0.7576,1.0,HIGH,ALIGNED,-1.4347,False,False,VAL
2026-03-13,ADANIENSOL.NS,UP,0.7573,0.625,HIGH,ALIGNED,0.4233,True,True,VAL
2026-03-13,RATEGAIN.NS,UP,0.7544,0.375,MEDIUM,CONFLICT,-1.2677,False,False,VAL
2026-03-13,MUTHOOTFIN.NS,UP,0.7529,0.75,HIGH,ALIGNED,0.834,True,True,VAL
2026-03-13,STLTECH.NS,UP,0.7473,0.625,HIGH,ALIGNED,-1.8295,False,False,VAL
2026-03-13,PNBHOUSING.NS,UP,0.7439,0.5,MEDIUM,ALIGNED,0.3731,True,True,VAL
2026-03-16,MRPL.NS,UP,0.9886,1.0,HIGH,ALIGNED,-3.1001,False,False,VAL
2026-03-16,LTTS.NS,UP,0.97,0.625,HIGH,ALIGNED,0.2346,True,True,VAL
2026-03-16,NOCIL.NS,UP,0.928,0.875,HIGH,ALIGNED,6.4786,True,True,VAL
2026-03-16,ZYDUSWELL.NS,UP,0.9234,1.0,HIGH,ALIGNED,-0.8692,False,False,VAL
2026-03-16,JPPOWER.NS,UP,0.8251,0.5,MEDIUM,ALIGNED,3.5556,True,True,VAL
2026-03-16,SHRIRAMFIN.NS,UP,0.8111,0.625,HIGH,ALIGNED,1.2702,True,True,VAL
2026-03-16,SUZLON.NS,UP,0.8039,0.5,MEDIUM,ALIGNED,0.634,True,True,VAL
2026-03-16,HFCL.NS,UP,0.763,0.5,MEDIUM,ALIGNED,0.6595,True,True,VAL
2026-03-16,SUDARSCHEM.NS,UP,0.7592,0.375,MEDIUM,CONFLICT,-1.4932,False,False,VAL
2026-03-16,VGUARD.NS,UP,0.7592,1.0,HIGH,ALIGNED,0.4353,True,True,VAL
2026-03-16,CESC.NS,UP,0.7541,0.625,HIGH,ALIGNED,-0.396,False,False,VAL
2026-03-16,RATEGAIN.NS,UP,0.7531,0.375,MEDIUM,CONFLICT,-0.8629,False,False,VAL
2026-03-16,ONMOBILE.NS,UP,0.7425,0.5,MEDIUM,ALIGNED,2.0881,True,True,VAL
2026-03-16,JSWENERGY.NS,UP,0.7406,0.75,HIGH,ALIGNED,0.1287,True,True,VAL
2026-03-16,DEEPAKFERT.NS,UP,0.7353,0.5,MEDIUM,ALIGNED,-2.7169,False,False,VAL
2026-03-16,RECLTD.NS,UP,0.7341,0.625,HIGH,ALIGNED,1.5792,True,True,VAL
2026-03-16,PETRONET.NS,UP,0.7268,0.375,MEDIUM,CONFLICT,1.5352,True,True,VAL
2026-03-16,WELCORP.NS,UP,0.7174,0.5,MEDIUM,ALIGNED,2.3373,True,True,VAL
2026-03-16,OLECTRA.NS,UP,0.7164,0.5,MEDIUM,ALIGNED,0.6797,True,True,VAL
2026-03-16,VINATIORGA.NS,UP,0.7159,0.625,HIGH,ALIGNED,0.1077,True,True,VAL
2026-03-17,NOCIL.NS,UP,0.9607,1.0,HIGH,ALIGNED,1.9341,True,True,VAL
2026-03-17,MOIL.NS,UP,0.9575,1.0,HIGH,ALIGNED,-1.3439,False,False,VAL
2026-03-17,JPPOWER.NS,UP,0.9461,0.75,HIGH,ALIGNED,7.2961,True,True,VAL
2026-03-17,MRPL.NS,UP,0.9233,0.875,HIGH,ALIGNED,-4.1475,False,False,VAL
2026-03-17,SAIL.NS,UP,0.8966,0.75,HIGH,ALIGNED,0.5797,True,True,VAL
2026-03-17,ATUL.NS,UP,0.8633,0.625,HIGH,ALIGNED,2.4603,True,True,VAL
2026-03-17,LTTS.NS,UP,0.8595,0.5,MEDIUM,ALIGNED,1.0292,True,True,VAL
2026-03-17,IDEAFORGE.NS,UP,0.8211,0.75,HIGH,ALIGNED,-1.3675,False,False,VAL
2026-03-17,ZYDUSWELL.NS,UP,0.8,0.75,HIGH,ALIGNED,1.7417,True,True,VAL
2026-03-17,TATASTEEL.NS,UP,0.7891,0.875,HIGH,ALIGNED,-0.0102,False,False,VAL
2026-03-17,NATIONALUM.NS,UP,0.7883,0.75,HIGH,ALIGNED,-1.898,False,False,VAL
2026-03-17,RECLTD.NS,UP,0.7665,0.625,HIGH,ALIGNED,3.0649,True,True,VAL
2026-03-17,MANAPPURAM.NS,UP,0.7573,0.625,HIGH,ALIGNED,5.1197,True,True,VAL
2026-03-17,AJANTPHARM.NS,UP,0.7532,0.625,HIGH,ALIGNED,1.1918,True,True,VAL
2026-03-17,TATAPOWER.NS,UP,0.7512,0.875,HIGH,ALIGNED,-0.1247,False,False,VAL
2026-03-17,ADANIGREEN.NS,UP,0.7432,0.5,MEDIUM,ALIGNED,2.6075,True,True,VAL
2026-03-17,SHYAMMETL.NS,UP,0.7427,0.5,MEDIUM,ALIGNED,1.1835,True,True,VAL
2026-03-17,ONMOBILE.NS,UP,0.7393,0.5,MEDIUM,ALIGNED,1.5188,True,True,VAL
2026-03-17,RATNAMANI.NS,UP,0.7393,0.875,HIGH,ALIGNED,-0.2989,False,False,VAL
2026-03-17,TORNTPOWER.NS,UP,0.7318,0.375,MEDIUM,CONFLICT,0.7552,True,True,VAL
2026-03-18,JPPOWER.NS,UP,0.9761,1.0,HIGH,ALIGNED,11.6667,True,True,VAL
2026-03-18,MOIL.NS,UP,0.9582,0.875,HIGH,ALIGNED,-0.4086,False,False,VAL
2026-03-18,OLECTRA.NS,UP,0.9519,1.0,HIGH,ALIGNED,-5.2228,False,False,VAL
2026-03-18,NOCIL.NS,UP,0.9324,1.0,HIGH,ALIGNED,-5.449,False,False,VAL
2026-03-18,COFORGE.NS,UP,0.8795,0.75,HIGH,ALIGNED,-3.5071,False,False,VAL
2026-03-18,MANAPPURAM.NS,UP,0.8696,0.75,HIGH,ALIGNED,-2.1667,False,False,VAL
2026-03-18,ALKYLAMINE.NS,UP,0.8585,0.75,HIGH,ALIGNED,-4.8071,False,False,VAL
2026-03-18,PFC.NS,UP,0.8406,1.0,HIGH,ALIGNED,-4.7195,False,False,VAL
2026-03-18,KPITTECH.NS,UP,0.8399,0.75,HIGH,ALIGNED,-4.2644,False,False,VAL
2026-03-18,LTTS.NS,UP,0.8164,0.5,MEDIUM,ALIGNED,-1.589,False,False,VAL
2026-03-18,METROBRAND.NS,UP,0.8147,0.875,HIGH,ALIGNED,-4.1149,False,False,VAL
2026-03-18,IDEAFORGE.NS,UP,0.8126,0.625,HIGH,ALIGNED,-2.0451,False,False,VAL
2026-03-18,CERA.NS,UP,0.8048,1.0,HIGH,ALIGNED,-4.4881,False,False,VAL
2026-03-18,MRPL.NS,UP,0.8024,0.625,HIGH,ALIGNED,-3.7855,False,False,VAL
2026-03-18,PRESTIGE.NS,UP,0.7976,0.625,HIGH,ALIGNED,-4.0412,False,False,VAL
2026-03-18,KEI.NS,UP,0.7903,0.625,HIGH,ALIGNED,-4.0319,False,False,VAL
2026-03-18,INTELLECT.NS,UP,0.7886,0.75,HIGH,ALIGNED,-2.3417,False,False,VAL
2026-03-18,PNBHOUSING.NS,UP,0.7829,1.0,HIGH,ALIGNED,-2.4268,False,False,VAL
2026-03-18,MUTHOOTFIN.NS,UP,0.778,0.75,HIGH,ALIGNED,-3.6877,False,False,VAL
2026-03-18,RECLTD.NS,UP,0.7684,1.0,HIGH,ALIGNED,-4.2092,False,False,VAL
2026-03-19,JPPOWER.NS,UP,0.9938,1.0,HIGH,ALIGNED,-2.3284,False,False,VAL
2026-03-19,MOIL.NS,UP,0.9667,1.0,HIGH,ALIGNED,-0.2906,False,False,VAL
2026-03-19,OLECTRA.NS,UP,0.9635,0.875,HIGH,ALIGNED,9.6523,True,True,VAL
2026-03-19,NOCIL.NS,UP,0.886,0.625,HIGH,ALIGNED,2.8065,True,True,VAL
2026-03-19,MANAPPURAM.NS,UP,0.882,0.75,HIGH,ALIGNED,-1.855,False,False,VAL
2026-03-19,TVSMOTOR.NS,UP,0.8355,0.5,MEDIUM,ALIGNED,0.2316,True,True,VAL
2026-03-19,MUTHOOTFIN.NS,UP,0.8064,0.5,MEDIUM,ALIGNED,0.2873,True,True,VAL
2026-03-19,KPITTECH.NS,UP,0.7887,0.375,MEDIUM,CONFLICT,0.3111,True,True,VAL
2026-03-19,M&M.NS,UP,0.7855,0.5,MEDIUM,ALIGNED,0.6797,True,True,VAL
2026-03-19,LTTS.NS,UP,0.7818,0.5,MEDIUM,ALIGNED,-2.5472,False,False,VAL
2026-03-19,CERA.NS,UP,0.7761,0.5,MEDIUM,ALIGNED,-0.1009,False,False,VAL
2026-03-19,PRESTIGE.NS,UP,0.767,0.5,MEDIUM,ALIGNED,-1.5615,False,False,VAL
2026-03-19,ALKYLAMINE.NS,UP,0.7626,0.375,MEDIUM,CONFLICT,0.5291,True,True,VAL
2026-03-19,OIL.NS,UP,0.7584,0.5,MEDIUM,ALIGNED,-0.3249,False,False,VAL
2026-03-19,PNBHOUSING.NS,UP,0.7522,0.625,HIGH,ALIGNED,0.4885,True,True,VAL
2026-03-19,SHYAMMETL.NS,UP,0.7505,0.625,HIGH,ALIGNED,1.1961,True,True,VAL
2026-03-19,KEI.NS,UP,0.7498,0.375,MEDIUM,CONFLICT,-0.5934,False,False,VAL
2026-03-19,POLICYBZR.NS,UP,0.7438,0.75,HIGH,ALIGNED,0.5643,True,True,VAL
2026-03-19,ROUTE.NS,UP,0.7333,0.625,HIGH,ALIGNED,-1.8868,False,False,VAL
2026-03-19,VINATIORGA.NS,UP,0.7229,0.75,HIGH,ALIGNED,-1.4433,False,False,VAL
2026-03-20,JPPOWER.NS,UP,0.9823,0.875,HIGH,ALIGNED,-10.3301,False,False,VAL
2026-03-20,OLECTRA.NS,UP,0.9803,1.0,HIGH,ALIGNED,-6.6885,False,False,VAL
2026-03-20,CENTUM.NS,UP,0.967,1.0,HIGH,ALIGNED,-8.1465,False,False,VAL
2026-03-20,MOIL.NS,UP,0.8463,0.625,HIGH,ALIGNED,-2.1776,False,False,VAL
2026-03-20,TATASTEEL.NS,UP,0.8143,0.875,HIGH,ALIGNED,-4.8788,False,False,VAL
2026-03-20,JSWSTEEL.NS,UP,0.7975,0.75,HIGH,ALIGNED,-5.13,False,False,VAL
2026-03-20,M&M.NS,UP,0.7946,0.625,HIGH,ALIGNED,-3.5974,False,False,VAL
2026-03-20,SAIL.NS,UP,0.7941,0.75,HIGH,ALIGNED,-8.0247,False,False,VAL
2026-03-20,NOCIL.NS,UP,0.7933,0.75,HIGH,ALIGNED,11.3782,True,True,VAL
2026-03-20,JINDALSTEL.NS,UP,0.78,0.875,HIGH,ALIGNED,-6.7678,False,False,VAL
2026-03-20,ALKYLAMINE.NS,UP,0.7702,0.75,HIGH,ALIGNED,-4.0712,False,False,VAL
2026-03-20,MIDHANI.NS,UP,0.7628,0.5,MEDIUM,ALIGNED,-6.803,False,False,VAL
2026-03-20,IDEA.NS,UP,0.7507,0.75,HIGH,ALIGNED,-6.8522,False,False,VAL
2026-03-20,AMBER.NS,UP,0.7443,0.375,MEDIUM,CONFLICT,-5.4925,False,False,VAL
2026-03-20,GRANULES.NS,UP,0.7441,1.0,HIGH,ALIGNED,-1.8276,False,False,VAL
2026-03-20,GODREJAGRO.NS,UP,0.7369,0.875,HIGH,ALIGNED,-6.1172,False,False,VAL
2026-03-20,PFC.NS,UP,0.7291,0.75,HIGH,ALIGNED,-3.5969,False,False,VAL
2026-03-20,PNBHOUSING.NS,UP,0.7259,0.75,HIGH,ALIGNED,-5.1964,False,False,VAL
2026-03-20,CRAFTSMAN.NS,UP,0.7232,0.5,MEDIUM,ALIGNED,-5.2879,False,False,VAL
2026-03-20,TVSMOTOR.NS,UP,0.7217,0.375,MEDIUM,CONFLICT,-1.4355,False,False,VAL
2026-03-23,NOCIL.NS,UP,0.9648,1.0,HIGH,ALIGNED,1.6278,True,True,VAL
2026-03-23,JPPOWER.NS,UP,0.9631,0.625,HIGH,ALIGNED,1.636,True,True,VAL
2026-03-23,OLECTRA.NS,UP,0.931,0.75,HIGH,ALIGNED,4.5264,True,True,VAL
2026-03-23,MOIL.NS,UP,0.7998,0.75,HIGH,ALIGNED,1.5425,True,True,VAL
2026-03-23,KPITTECH.NS,UP,0.7793,0.5,MEDIUM,ALIGNED,0.8646,True,True,VAL
2026-03-23,CENTUM.NS,UP,0.7734,0.5,MEDIUM,ALIGNED,3.1774,True,True,VAL
2026-03-23,MANAPPURAM.NS,UP,0.7727,0.625,HIGH,ALIGNED,0.1387,True,True,VAL
2026-03-23,COFORGE.NS,UP,0.7712,0.5,MEDIUM,ALIGNED,0.8815,True,True,VAL
2026-03-23,SHYAMMETL.NS,UP,0.7599,0.625,HIGH,ALIGNED,1.2278,True,True,VAL
2026-03-23,TATASTEEL.NS,UP,0.7564,0.5,MEDIUM,ALIGNED,1.9341,True,True,VAL
2026-03-23,DATAPATTNS.NS,UP,0.7436,0.375,MEDIUM,CONFLICT,5.3798,True,True,VAL
2026-03-23,PERSISTENT.NS,UP,0.7411,0.625,HIGH,ALIGNED,4.0047,True,True,VAL
2026-03-23,TATACOMM.NS,UP,0.7328,0.5,MEDIUM,ALIGNED,1.757,True,True,VAL
2026-03-23,SAIL.NS,UP,0.7323,0.25,LOW,CONFLICT,1.8806,True,True,VAL
2026-03-23,TECHM.NS,UP,0.7209,0.625,HIGH,ALIGNED,3.5188,True,True,VAL
2026-03-23,ALKYLAMINE.NS,UP,0.7204,0.25,LOW,CONFLICT,14.1439,True,True,VAL
2026-03-23,LT.NS,UP,0.7096,0.5,MEDIUM,ALIGNED,5.2178,True,True,VAL
2026-03-23,HCLTECH.NS,UP,0.7091,0.75,HIGH,ALIGNED,1.082,True,True,VAL
2026-03-23,MIDHANI.NS,UP,0.7084,0.375,MEDIUM,CONFLICT,2.229,True,True,VAL
2026-03-23,JINDALSTEL.NS,UP,0.6998,0.25,LOW,CONFLICT,1.3018,True,True,VAL
2026-03-24,OLECTRA.NS,UP,0.9875,1.0,HIGH,ALIGNED,-0.64,False,False,VAL
2026-03-24,ALKYLAMINE.NS,UP,0.9701,1.0,HIGH,ALIGNED,-2.573,False,False,VAL
2026-03-24,NOCIL.NS,UP,0.9581,0.875,HIGH,ALIGNED,-1.749,False,False,VAL
2026-03-24,DEEPAKFERT.NS,UP,0.8716,0.75,HIGH,ALIGNED,8.4686,True,True,VAL
2026-03-24,CENTUM.NS,UP,0.8316,0.875,HIGH,ALIGNED,-0.0565,False,False,VAL
2026-03-24,JPPOWER.NS,UP,0.8248,0.5,MEDIUM,ALIGNED,2.4145,True,True,VAL
2026-03-24,PERSISTENT.NS,UP,0.7949,1.0,HIGH,ALIGNED,0.3073,True,True,VAL
2026-03-24,GRANULES.NS,UP,0.7939,1.0,HIGH,ALIGNED,3.7437,True,True,VAL
2026-03-24,JYOTHYLAB.NS,UP,0.7801,0.625,HIGH,ALIGNED,2.0219,True,True,VAL
2026-03-24,TIINDIA.NS,UP,0.7723,0.75,HIGH,ALIGNED,4.4304,True,True,VAL
2026-03-24,COFORGE.NS,UP,0.7654,0.5,MEDIUM,ALIGNED,4.7743,True,True,VAL
2026-03-24,POLYCAB.NS,UP,0.7627,0.5,MEDIUM,ALIGNED,1.1395,True,True,VAL
2026-03-24,LT.NS,UP,0.7586,0.625,HIGH,ALIGNED,3.7676,True,True,VAL
2026-03-24,MAPMYINDIA.NS,UP,0.7583,0.5,MEDIUM,ALIGNED,2.5783,True,True,VAL
2026-03-24,MPHASIS.NS,UP,0.7446,0.75,HIGH,ALIGNED,0.7228,True,True,VAL
2026-03-24,LAURUSLABS.NS,UP,0.7422,0.75,HIGH,ALIGNED,3.113,True,True,VAL
2026-03-24,TECHM.NS,UP,0.7422,1.0,HIGH,ALIGNED,-1.6891,False,False,VAL
2026-03-24,CLEAN.NS,UP,0.7338,0.625,HIGH,ALIGNED,-0.0428,False,False,VAL
2026-03-24,MASTEK.NS,UP,0.7287,0.375,MEDIUM,CONFLICT,1.264,True,True,VAL
2026-03-24,SRF.NS,UP,0.7277,0.5,MEDIUM,ALIGNED,3.9044,True,True,VAL
2026-03-25,DEEPAKFERT.NS,UP,0.9621,1.0,HIGH,ALIGNED,-4.8546,False,False,VAL
2026-03-25,ALKYLAMINE.NS,UP,0.898,0.625,HIGH,ALIGNED,-6.2251,False,False,VAL
2026-03-25,NOCIL.NS,UP,0.867,0.75,HIGH,ALIGNED,-1.4428,False,False,VAL
2026-03-25,RADICO.NS,UP,0.8411,0.875,HIGH,ALIGNED,-3.8879,False,False,VAL
2026-03-25,GRANULES.NS,UP,0.8392,1.0,HIGH,ALIGNED,-0.7472,False,False,VAL
2026-03-25,COFORGE.NS,UP,0.8015,0.75,HIGH,ALIGNED,-1.582,False,False,VAL
2026-03-25,MAPMYINDIA.NS,UP,0.7808,0.5,MEDIUM,ALIGNED,-5.3411,False,False,VAL
2026-03-25,UNIONBANK.NS,UP,0.7675,0.75,HIGH,ALIGNED,-2.6841,False,False,VAL
2026-03-25,WELCORP.NS,UP,0.7635,0.875,HIGH,ALIGNED,-2.1782,False,False,VAL
2026-03-25,AMBER.NS,UP,0.7591,0.5,MEDIUM,ALIGNED,-2.1419,False,False,VAL
2026-03-25,LT.NS,UP,0.7574,0.625,HIGH,ALIGNED,-2.3347,False,False,VAL
2026-03-25,BAJFINANCE.NS,UP,0.7567,0.75,HIGH,ALIGNED,-4.4123,False,False,VAL
2026-03-25,KALYANKJIL.NS,UP,0.75,0.875,HIGH,ALIGNED,-0.8932,False,False,VAL
2026-03-25,LAURUSLABS.NS,UP,0.7498,0.75,HIGH,ALIGNED,-1.4362,False,False,VAL
2026-03-25,SHYAMMETL.NS,UP,0.734,0.5,MEDIUM,ALIGNED,-3.0827,False,False,VAL
2026-03-25,MPHASIS.NS,UP,0.733,0.625,HIGH,ALIGNED,-0.7082,False,False,VAL
2026-03-25,AUROPHARMA.NS,UP,0.7197,0.875,HIGH,ALIGNED,0.4894,True,True,VAL
2026-03-25,PERSISTENT.NS,UP,0.7094,0.75,HIGH,ALIGNED,-0.5884,False,False,VAL
2026-03-25,CRAFTSMAN.NS,UP,0.7062,0.75,HIGH,ALIGNED,-1.7733,False,False,VAL
2026-03-25,PAGEIND.NS,UP,0.7057,0.875,HIGH,ALIGNED,-2.5433,False,False,VAL
2026-03-27,DEEPAKFERT.NS,UP,0.8646,0.75,HIGH,ALIGNED,-4.3712,False,False,VAL
2026-03-27,LAURUSLABS.NS,UP,0.8597,0.875,HIGH,ALIGNED,-1.596,False,False,VAL
2026-03-27,RADICO.NS,UP,0.8502,0.625,HIGH,ALIGNED,-0.4128,False,False,VAL
2026-03-27,UNIONBANK.NS,UP,0.8498,0.75,HIGH,ALIGNED,-6.4281,False,False,VAL
2026-03-27,OFSS.NS,UP,0.8097,1.0,HIGH,ALIGNED,-3.1093,False,False,VAL
2026-03-27,CENTUM.NS,UP,0.7752,0.75,HIGH,ALIGNED,-1.4299,False,False,VAL
2026-03-27,BPCL.NS,UP,0.7643,0.625,HIGH,ALIGNED,-0.6013,False,False,VAL
2026-03-27,NOCIL.NS,UP,0.7621,0.75,HIGH,ALIGNED,-2.6491,False,False,VAL
2026-03-27,LICHSGFIN.NS,UP,0.7619,0.875,HIGH,ALIGNED,-2.1342,False,False,VAL
2026-03-27,ALKYLAMINE.NS,UP,0.7607,0.625,HIGH,ALIGNED,-4.7118,False,False,VAL
2026-03-27,KALYANKJIL.NS,UP,0.7546,0.75,HIGH,ALIGNED,-3.2059,False,False,VAL
2026-03-27,SUDARSCHEM.NS,UP,0.7468,0.5,MEDIUM,ALIGNED,-2.2298,False,False,VAL
2026-03-27,BHARATFORG.NS,UP,0.7422,0.875,HIGH,ALIGNED,-2.9274,False,False,VAL
2026-03-27,ERIS.NS,UP,0.7386,1.0,HIGH,ALIGNED,-3.259,False,False,VAL
2026-03-27,HFCL.NS,UP,0.7381,0.875,HIGH,ALIGNED,-4.0984,False,False,VAL
2026-03-27,STLTECH.NS,UP,0.7291,0.75,HIGH,ALIGNED,-5.249,False,False,VAL
2026-03-27,HCLTECH.NS,UP,0.7221,0.875,HIGH,ALIGNED,-1.6711,False,False,VAL
2026-03-27,COFORGE.NS,UP,0.7218,0.625,HIGH,ALIGNED,-2.6208,False,False,VAL
2026-03-27,ONGC.NS,UP,0.7063,1.0,HIGH,ALIGNED,0.9576,True,True,VAL
2026-03-27,GLENMARK.NS,UP,0.7039,0.875,HIGH,ALIGNED,-1.7876,False,False,VAL
2026-03-30,NATIONALUM.NS,UP,0.9179,1.0,HIGH,ALIGNED,3.4577,True,True,VAL
2026-03-30,HINDALCO.NS,UP,0.8108,0.875,HIGH,ALIGNED,2.2783,True,True,VAL
2026-03-30,WELCORP.NS,UP,0.8044,0.875,HIGH,ALIGNED,1.858,True,True,VAL
2026-03-30,DEEPAKFERT.NS,UP,0.774,0.375,MEDIUM,CONFLICT,8.7294,True,True,VAL
2026-03-30,ERIS.NS,UP,0.7733,0.75,HIGH,ALIGNED,1.0022,True,True,VAL
2026-03-30,COROMANDEL.NS,UP,0.7696,0.375,MEDIUM,CONFLICT,0.466,True,True,VAL
2026-03-30,NOCIL.NS,UP,0.762,0.5,MEDIUM,ALIGNED,6.5751,True,True,VAL
2026-03-30,ATUL.NS,UP,0.7458,0.875,HIGH,ALIGNED,1.0678,True,True,VAL
2026-03-30,PERSISTENT.NS,UP,0.7458,0.75,HIGH,ALIGNED,3.5246,True,True,VAL
2026-03-30,LICHSGFIN.NS,UP,0.7407,0.875,HIGH,ALIGNED,4.0989,True,True,VAL
2026-03-30,NATCOPHARM.NS,UP,0.7336,0.75,HIGH,ALIGNED,2.8434,True,True,VAL
2026-03-30,OFSS.NS,UP,0.7213,0.875,HIGH,ALIGNED,2.2582,True,True,VAL
2026-03-30,SAIL.NS,UP,0.7211,0.625,HIGH,ALIGNED,2.9058,True,True,VAL
2026-03-30,BASF.NS,UP,0.7159,0.5,MEDIUM,ALIGNED,1.8143,True,True,VAL
2026-03-30,BAJFINANCE.NS,UP,0.7118,0.25,LOW,CONFLICT,1.9649,True,True,VAL
2026-03-30,COFORGE.NS,UP,0.7096,0.5,MEDIUM,ALIGNED,3.5166,True,True,VAL
2026-03-30,ONGC.NS,UP,0.7076,1.0,HIGH,ALIGNED,1.1944,True,True,VAL
2026-03-30,SRF.NS,UP,0.7054,0.5,MEDIUM,ALIGNED,4.8072,True,True,VAL
2026-03-30,GRANULES.NS,UP,0.702,0.875,HIGH,ALIGNED,1.2411,True,True,VAL
2026-03-30,CRAFTSMAN.NS,UP,0.698,0.5,MEDIUM,ALIGNED,-1.9923,False,False,VAL
2026-04-01,GRSE.NS,UP,0.9741,1.0,HIGH,ALIGNED,-4.4081,False,False,VAL
2026-04-01,DEEPAKFERT.NS,UP,0.9241,0.875,HIGH,ALIGNED,0.4452,True,True,VAL
2026-04-01,MASTEK.NS,UP,0.8863,0.75,HIGH,ALIGNED,3.0752,True,True,VAL
2026-04-01,BEML.NS,UP,0.8837,0.625,HIGH,ALIGNED,0.386,True,True,VAL
2026-04-01,COCHINSHIP.NS,UP,0.8837,0.75,HIGH,ALIGNED,-1.8004,False,False,VAL
2026-04-01,SAIL.NS,UP,0.881,0.75,HIGH,ALIGNED,-0.4236,False,False,VAL
2026-04-01,NATIONALUM.NS,UP,0.8527,0.875,HIGH,ALIGNED,0.5883,True,True,VAL
2026-04-01,MAZDOCK.NS,UP,0.8524,0.875,HIGH,ALIGNED,-2.3121,False,False,VAL
2026-04-01,HFCL.NS,UP,0.849,0.875,HIGH,ALIGNED,-1.0349,False,False,VAL
2026-04-01,PETRONET.NS,UP,0.8317,0.625,HIGH,ALIGNED,-1.237,False,False,VAL
2026-04-01,BDL.NS,UP,0.8234,0.875,HIGH,ALIGNED,-1.5201,False,False,VAL
2026-04-01,IRCON.NS,UP,0.8217,0.625,HIGH,ALIGNED,-0.3509,False,False,VAL
2026-04-01,RAILTEL.NS,UP,0.8051,0.625,HIGH,ALIGNED,-0.0872,False,False,VAL
2026-04-01,CRAFTSMAN.NS,UP,0.7844,0.5,MEDIUM,ALIGNED,-0.7166,False,False,VAL
2026-04-01,PARAS.NS,UP,0.7824,0.625,HIGH,ALIGNED,-0.5088,False,False,VAL
2026-04-01,HINDZINC.NS,UP,0.7788,0.625,HIGH,ALIGNED,-1.6589,False,False,VAL
2026-04-01,HINDALCO.NS,UP,0.759,0.625,HIGH,ALIGNED,1.2879,True,True,VAL
2026-04-01,LAURUSLABS.NS,UP,0.7537,1.0,HIGH,ALIGNED,0.3947,True,True,VAL
2026-04-01,LTTS.NS,UP,0.7529,0.75,HIGH,ALIGNED,0.707,True,True,VAL
2026-04-01,SRF.NS,UP,0.7473,0.75,HIGH,ALIGNED,-5.4438,False,False,VAL
2026-04-02,GRSE.NS,UP,0.9278,0.75,HIGH,ALIGNED,0.1862,True,True,VAL
2026-04-02,COFORGE.NS,UP,0.8885,1.0,HIGH,ALIGNED,0.5604,True,True,VAL
2026-04-02,SAIL.NS,UP,0.8733,0.75,HIGH,ALIGNED,3.4029,True,True,VAL
2026-04-02,TATACHEM.NS,UP,0.8667,0.875,HIGH,ALIGNED,-2.7075,False,False,VAL
2026-04-02,BATAINDIA.NS,UP,0.8023,0.75,HIGH,ALIGNED,1.4228,True,True,VAL
2026-04-02,NATIONALUM.NS,UP,0.7888,0.875,HIGH,ALIGNED,1.5057,True,True,VAL
2026-04-02,BOSCHLTD.NS,UP,0.7863,0.875,HIGH,ALIGNED,4.1232,True,True,VAL
2026-04-02,FINEORG.NS,UP,0.785,1.0,HIGH,ALIGNED,-0.7838,False,False,VAL
2026-04-02,DEEPAKFERT.NS,UP,0.7828,0.875,HIGH,ALIGNED,-0.9267,False,False,VAL
2026-04-02,RAJESHEXPO.NS,UP,0.7805,0.625,HIGH,ALIGNED,4.9725,True,True,VAL
2026-04-02,RATEGAIN.NS,UP,0.7783,1.0,HIGH,ALIGNED,1.0334,True,True,VAL
2026-04-02,HINDALCO.NS,UP,0.778,0.75,HIGH,ALIGNED,1.2224,True,True,VAL
2026-04-02,VEDL.NS,UP,0.7735,0.75,HIGH,ALIGNED,0.3417,True,True,VAL
2026-04-02,BEML.NS,UP,0.77,0.625,HIGH,ALIGNED,1.828,True,True,VAL
2026-04-02,ADANIGREEN.NS,UP,0.7665,0.75,HIGH,ALIGNED,7.6051,True,True,VAL
2026-04-02,NATCOPHARM.NS,UP,0.7655,0.875,HIGH,ALIGNED,0.0973,True,True,VAL
2026-04-02,GALAXYSURF.NS,UP,0.7627,0.625,HIGH,ALIGNED,1.5647,True,True,VAL
2026-04-02,MASTEK.NS,UP,0.7553,0.75,HIGH,ALIGNED,-1.2398,False,False,VAL
2026-04-02,SOLARINDS.NS,UP,0.753,0.75,HIGH,ALIGNED,1.4799,True,True,VAL
2026-04-02,IRCON.NS,UP,0.751,0.5,MEDIUM,ALIGNED,0.7843,True,True,VAL
2026-04-06,ZYDUSWELL.NS,UP,0.9478,0.75,HIGH,ALIGNED,-2.5032,False,False,VAL
2026-04-06,GRSE.NS,UP,0.9248,0.75,HIGH,ALIGNED,2.027,True,True,VAL
2026-04-06,ADANIGREEN.NS,UP,0.9022,1.0,HIGH,ALIGNED,0.4614,True,True,VAL
2026-04-06,SAIL.NS,UP,0.8791,0.875,HIGH,ALIGNED,0.1122,True,True,VAL
2026-04-06,BDL.NS,UP,0.8536,0.75,HIGH,ALIGNED,0.9228,True,True,VAL
2026-04-06,RAJESHEXPO.NS,UP,0.8515,0.625,HIGH,ALIGNED,4.9771,True,True,VAL
2026-04-06,KALYANKJIL.NS,UP,0.8451,1.0,HIGH,ALIGNED,-1.4274,False,False,VAL
2026-04-06,NATIONALUM.NS,UP,0.8177,0.875,HIGH,ALIGNED,0.9562,True,True,VAL
2026-04-06,BOSCHLTD.NS,UP,0.8073,1.0,HIGH,ALIGNED,-0.0448,False,False,VAL
2026-04-06,MIDHANI.NS,UP,0.7956,0.875,HIGH,ALIGNED,1.3712,True,True,VAL
2026-04-06,COCHINSHIP.NS,UP,0.7893,0.75,HIGH,ALIGNED,1.0571,True,True,VAL
2026-04-06,BSE.NS,UP,0.7818,1.0,HIGH,ALIGNED,-1.0562,False,False,VAL
2026-04-06,ZENSARTECH.NS,UP,0.7682,0.875,HIGH,ALIGNED,-0.8685,False,False,VAL
2026-04-06,NMDC.NS,UP,0.7595,1.0,HIGH,ALIGNED,0.4177,True,True,VAL
2026-04-06,GODREJPROP.NS,UP,0.758,0.75,HIGH,ALIGNED,1.281,True,True,VAL
2026-04-06,COFORGE.NS,UP,0.7568,0.75,HIGH,ALIGNED,0.8523,True,True,VAL
2026-04-06,TITAN.NS,UP,0.7558,1.0,HIGH,ALIGNED,-0.365,False,False,VAL
2026-04-06,MOIL.NS,UP,0.7532,0.875,HIGH,ALIGNED,-0.3675,False,False,VAL
2026-04-06,HFCL.NS,UP,0.7454,0.875,HIGH,ALIGNED,-0.3293,False,False,VAL
2026-04-06,MAZDOCK.NS,UP,0.735,0.75,HIGH,ALIGNED,0.6224,True,True,VAL
2026-04-07,RAJESHEXPO.NS,UP,0.9707,0.75,HIGH,ALIGNED,4.9802,True,True,VAL
2026-04-07,GRSE.NS,UP,0.9333,0.75,HIGH,ALIGNED,7.4654,True,True,VAL
2026-04-07,MIDHANI.NS,UP,0.9148,0.875,HIGH,ALIGNED,3.3172,True,True,VAL
2026-04-07,ADANIGREEN.NS,UP,0.8581,0.875,HIGH,ALIGNED,11.2714,True,True,VAL
2026-04-07,SHYAMMETL.NS,UP,0.8419,1.0,HIGH,ALIGNED,2.0137,True,True,VAL
2026-04-07,SAIL.NS,UP,0.8382,0.75,HIGH,ALIGNED,2.3596,True,True,VAL
2026-04-07,COCHINSHIP.NS,UP,0.8325,0.75,HIGH,ALIGNED,2.3591,True,True,VAL
2026-04-07,PRESTIGE.NS,UP,0.8278,0.75,HIGH,ALIGNED,8.0763,True,True,VAL
2026-04-07,BOSCHLTD.NS,UP,0.8219,0.875,HIGH,ALIGNED,7.4451,True,True,VAL
2026-04-07,RATEGAIN.NS,UP,0.82,0.875,HIGH,ALIGNED,8.8015,True,True,VAL
2026-04-07,NATCOPHARM.NS,UP,0.817,0.875,HIGH,ALIGNED,2.7762,True,True,VAL
2026-04-07,MOIL.NS,UP,0.8126,0.75,HIGH,ALIGNED,-0.2179,False,False,VAL
2026-04-07,VEDL.NS,UP,0.8037,1.0,HIGH,ALIGNED,1.1427,True,True,VAL
2026-04-07,KALYANKJIL.NS,UP,0.7938,0.875,HIGH,ALIGNED,7.5299,True,True,VAL
2026-04-07,NATIONALUM.NS,UP,0.7872,0.875,HIGH,ALIGNED,-2.8172,False,False,VAL
2026-04-07,COROMANDEL.NS,UP,0.7813,1.0,HIGH,ALIGNED,5.2265,True,True,VAL
2026-04-07,ZYDUSWELL.NS,UP,0.7813,0.75,HIGH,ALIGNED,-2.9601,False,False,VAL
2026-04-07,MASTEK.NS,UP,0.7805,0.875,HIGH,ALIGNED,3.6069,True,True,VAL
2026-04-07,BDL.NS,UP,0.7803,0.75,HIGH,ALIGNED,4.4907,True,True,VAL
2026-04-07,MPHASIS.NS,UP,0.7796,1.0,HIGH,ALIGNED,0.975,True,True,VAL
2026-04-08,RAJESHEXPO.NS,UP,0.9611,0.75,HIGH,ALIGNED,3.5357,True,True,VAL
2026-04-08,RATEGAIN.NS,UP,0.9476,1.0,HIGH,ALIGNED,0.1178,True,True,VAL
2026-04-08,GRSE.NS,UP,0.9449,1.0,HIGH,ALIGNED,1.8649,True,True,VAL
2026-04-08,ADANIGREEN.NS,UP,0.9437,1.0,HIGH,ALIGNED,1.4471,True,True,VAL
2026-04-08,PRESTIGE.NS,UP,0.9164,1.0,HIGH,ALIGNED,-0.106,False,False,VAL
2026-04-08,SHRIRAMFIN.NS,UP,0.8986,1.0,HIGH,ALIGNED,-2.629,False,False,VAL
2026-04-08,GALAXYSURF.NS,UP,0.8826,1.0,HIGH,ALIGNED,1.423,True,True,VAL
2026-04-08,KALYANKJIL.NS,UP,0.8725,1.0,HIGH,ALIGNED,0.1234,True,True,VAL
2026-04-08,BSE.NS,UP,0.8652,1.0,HIGH,ALIGNED,2.965,True,True,VAL
2026-04-08,ADANIENSOL.NS,UP,0.8558,1.0,HIGH,ALIGNED,0.5078,True,True,VAL
2026-04-08,JPPOWER.NS,UP,0.8389,0.875,HIGH,ALIGNED,2.2506,True,True,VAL
2026-04-08,BOSCHLTD.NS,UP,0.8357,1.0,HIGH,ALIGNED,2.3236,True,True,VAL
2026-04-08,ASHOKLEY.NS,UP,0.8319,0.875,HIGH,ALIGNED,-1.2175,False,False,VAL
2026-04-08,MIDHANI.NS,UP,0.8174,0.75,HIGH,ALIGNED,-0.1091,False,False,VAL
2026-04-08,COCHINSHIP.NS,UP,0.8048,0.75,HIGH,ALIGNED,3.1961,True,True,VAL
2026-04-08,CHOLAFIN.NS,UP,0.8043,1.0,HIGH,ALIGNED,-1.364,False,False,VAL
2026-04-08,DLF.NS,UP,0.7973,1.0,HIGH,ALIGNED,-1.7282,False,False,VAL
2026-04-08,RAILTEL.NS,UP,0.7954,0.875,HIGH,ALIGNED,-0.7486,False,False,VAL
2026-04-08,MOTHERSON.NS,UP,0.7804,1.0,HIGH,ALIGNED,-1.0245,False,False,VAL
2026-04-08,BEML.NS,UP,0.7751,0.875,HIGH,ALIGNED,1.053,True,True,VAL
2026-04-09,STLTECH.NS,UP,0.9798,1.0,HIGH,ALIGNED,4.8332,True,True,VAL
2026-04-09,RAJESHEXPO.NS,UP,0.9512,0.875,HIGH,ALIGNED,4.9933,True,True,VAL
2026-04-09,JPPOWER.NS,UP,0.911,0.875,HIGH,ALIGNED,2.32,True,True,VAL
2026-04-09,ADANIGREEN.NS,UP,0.901,1.0,HIGH,ALIGNED,3.906,True,True,VAL
2026-04-09,ASHOKLEY.NS,UP,0.8973,0.5,MEDIUM,ALIGNED,4.4841,True,True,VAL
2026-04-09,OLECTRA.NS,UP,0.8705,0.875,HIGH,ALIGNED,4.6805,True,True,VAL
2026-04-09,KALYANKJIL.NS,UP,0.87,0.875,HIGH,ALIGNED,0.6837,True,True,VAL
2026-04-09,BOSCHLTD.NS,UP,0.8661,1.0,HIGH,ALIGNED,1.523,True,True,VAL
2026-04-09,RATEGAIN.NS,UP,0.8644,0.75,HIGH,ALIGNED,1.7191,True,True,VAL
2026-04-09,BSE.NS,UP,0.8471,1.0,HIGH,ALIGNED,0.7306,True,True,VAL
2026-04-09,ADANIENSOL.NS,UP,0.8378,0.875,HIGH,ALIGNED,7.3372,True,True,VAL
2026-04-09,BDL.NS,UP,0.8361,1.0,HIGH,ALIGNED,1.539,True,True,VAL
2026-04-09,MIDHANI.NS,UP,0.8234,0.75,HIGH,ALIGNED,3.0582,True,True,VAL
2026-04-09,WELCORP.NS,UP,0.8078,0.875,HIGH,ALIGNED,1.2794,True,True,VAL
2026-04-09,PRESTIGE.NS,UP,0.8063,0.75,HIGH,ALIGNED,0.2274,True,True,VAL
2026-04-09,COROMANDEL.NS,UP,0.791,0.875,HIGH,ALIGNED,0.396,True,True,VAL
2026-04-09,IDEAFORGE.NS,UP,0.7898,0.875,HIGH,ALIGNED,1.5819,True,True,VAL
2026-04-09,HFCL.NS,UP,0.7851,1.0,HIGH,ALIGNED,6.0168,True,True,VAL
2026-04-09,CHOLAFIN.NS,UP,0.7844,0.75,HIGH,ALIGNED,3.1374,True,True,VAL
2026-04-09,MOTHERSON.NS,UP,0.7771,0.75,HIGH,ALIGNED,4.4996,True,True,VAL
2026-04-10,STLTECH.NS,UP,0.9745,0.875,HIGH,ALIGNED,4.9996,True,True,VAL
2026-04-10,OLECTRA.NS,UP,0.96,1.0,HIGH,ALIGNED,2.4404,True,True,VAL
2026-04-10,ADANIENSOL.NS,UP,0.9337,1.0,HIGH,ALIGNED,1.5027,True,True,VAL
2026-04-10,ASHOKLEY.NS,UP,0.9279,0.875,HIGH,ALIGNED,-3.3479,False,False,VAL
2026-04-10,PRESTIGE.NS,UP,0.9226,0.875,HIGH,ALIGNED,-1.3536,False,False,VAL
2026-04-10,HFCL.NS,UP,0.9206,0.875,HIGH,ALIGNED,1.8957,True,True,VAL
2026-04-10,ADANIGREEN.NS,UP,0.915,0.875,HIGH,ALIGNED,0.0092,True,True,VAL
2026-04-10,SAPPHIRE.NS,UP,0.8968,0.875,HIGH,ALIGNED,2.0996,True,True,VAL
2026-04-10,RAJESHEXPO.NS,UP,0.8966,0.875,HIGH,ALIGNED,4.9927,True,True,VAL
2026-04-10,AMBER.NS,UP,0.8908,1.0,HIGH,ALIGNED,-0.9179,False,False,VAL
2026-04-10,COROMANDEL.NS,UP,0.8847,0.875,HIGH,ALIGNED,-2.8402,False,False,VAL
2026-04-10,GODREJPROP.NS,UP,0.8806,0.875,HIGH,ALIGNED,-0.5651,False,False,VAL
2026-04-10,COCHINSHIP.NS,UP,0.8653,1.0,HIGH,ALIGNED,-2.021,False,False,VAL
2026-04-10,BSE.NS,UP,0.859,0.875,HIGH,ALIGNED,0.6827,True,True,VAL
2026-04-10,GRSE.NS,UP,0.8524,0.875,HIGH,ALIGNED,-0.7048,False,False,VAL
2026-04-10,MOTHERSON.NS,UP,0.8505,0.875,HIGH,ALIGNED,-2.4967,False,False,VAL
2026-04-10,MIDHANI.NS,UP,0.8347,0.875,HIGH,ALIGNED,0.863,True,True,VAL
2026-04-10,SOBHA.NS,UP,0.8318,0.75,HIGH,ALIGNED,-0.2231,False,False,VAL
2026-04-10,SHRIRAMFIN.NS,UP,0.8286,0.875,HIGH,ALIGNED,-2.2821,False,False,VAL
2026-04-10,CHOLAFIN.NS,UP,0.8277,0.875,HIGH,ALIGNED,-4.68,False,False,VAL
2026-04-13,OLECTRA.NS,UP,0.9628,1.0,HIGH,ALIGNED,1.1004,True,True,VAL
2026-04-13,HFCL.NS,UP,0.9473,0.75,HIGH,ALIGNED,2.4651,True,True,VAL
2026-04-13,STLTECH.NS,UP,0.9469,0.625,HIGH,ALIGNED,4.9963,True,True,VAL
2026-04-13,TATACHEM.NS,UP,0.9469,1.0,HIGH,ALIGNED,0.2369,True,True,VAL
2026-04-13,ADANIENSOL.NS,UP,0.9249,0.875,HIGH,ALIGNED,-0.3531,False,False,VAL
2026-04-13,AMBER.NS,UP,0.9145,0.875,HIGH,ALIGNED,4.5692,True,True,VAL
2026-04-13,JPPOWER.NS,UP,0.9058,0.875,HIGH,ALIGNED,9.7206,True,True,VAL
2026-04-13,RAJESHEXPO.NS,UP,0.8973,0.875,HIGH,ALIGNED,4.9983,True,True,VAL
2026-04-13,VOLTAS.NS,UP,0.8857,0.875,HIGH,ALIGNED,2.9818,True,True,VAL
2026-04-13,MOTHERSON.NS,UP,0.8824,0.875,HIGH,ALIGNED,3.7276,True,True,VAL
2026-04-13,PARAS.NS,UP,0.8761,1.0,HIGH,ALIGNED,6.9344,True,True,VAL
2026-04-13,WELCORP.NS,UP,0.8742,0.75,HIGH,ALIGNED,4.6892,True,True,VAL
2026-04-13,BLUESTARCO.NS,UP,0.8679,0.75,HIGH,ALIGNED,4.3295,True,True,VAL
2026-04-13,PRESTIGE.NS,UP,0.8621,0.625,HIGH,ALIGNED,2.9053,True,True,VAL
2026-04-13,ADANIGREEN.NS,UP,0.8592,0.75,HIGH,ALIGNED,0.9766,True,True,VAL
2026-04-13,RATEGAIN.NS,UP,0.849,0.75,HIGH,ALIGNED,3.0586,True,True,VAL
2026-04-13,ONMOBILE.NS,UP,0.835,0.75,HIGH,ALIGNED,2.7433,True,True,VAL
2026-04-13,SUZLON.NS,UP,0.8287,1.0,HIGH,ALIGNED,7.1304,True,True,VAL
2026-04-13,ASHOKLEY.NS,UP,0.8157,0.5,MEDIUM,ALIGNED,1.9877,True,True,VAL
2026-04-13,CHOLAFIN.NS,UP,0.8123,0.75,HIGH,ALIGNED,2.8795,True,True,VAL
2026-04-15,DEEPAKFERT.NS,UP,0.9776,0.875,HIGH,ALIGNED,-1.1137,False,False,VAL
2026-04-15,JPPOWER.NS,UP,0.9759,0.75,HIGH,ALIGNED,4.0318,True,True,VAL
2026-04-15,STLTECH.NS,UP,0.9754,0.75,HIGH,ALIGNED,0.5649,True,True,VAL
2026-04-15,RAILTEL.NS,UP,0.9659,1.0,HIGH,ALIGNED,0.3386,True,True,VAL
2026-04-15,PARAS.NS,UP,0.9493,1.0,HIGH,ALIGNED,2.8946,True,True,VAL
2026-04-15,HFCL.NS,UP,0.9015,0.625,HIGH,ALIGNED,3.813,True,True,VAL
2026-04-15,WELCORP.NS,UP,0.8844,0.75,HIGH,ALIGNED,2.3227,True,True,VAL
2026-04-15,BLUESTARCO.NS,UP,0.869,0.875,HIGH,ALIGNED,2.46,True,True,VAL
2026-04-15,SUZLON.NS,UP,0.8685,0.75,HIGH,ALIGNED,2.2797,True,True,VAL
2026-04-15,IRCON.NS,UP,0.8624,1.0,HIGH,ALIGNED,0.7074,True,True,VAL
2026-04-15,BPCL.NS,UP,0.8507,1.0,HIGH,ALIGNED,-0.8053,False,False,VAL
2026-04-15,VOLTAS.NS,UP,0.8471,0.875,HIGH,ALIGNED,0.4707,True,True,VAL
2026-04-15,BEML.NS,UP,0.8463,1.0,HIGH,ALIGNED,1.6593,True,True,VAL
2026-04-15,AMBER.NS,UP,0.8324,0.875,HIGH,ALIGNED,2.7709,True,True,VAL
2026-04-15,METROBRAND.NS,UP,0.8183,1.0,HIGH,ALIGNED,0.8521,True,True,VAL
2026-04-15,RATEGAIN.NS,UP,0.8176,1.0,HIGH,ALIGNED,1.3229,True,True,VAL
2026-04-15,TATACHEM.NS,UP,0.8171,0.75,HIGH,ALIGNED,-1.7587,False,False,VAL
2026-04-15,ADANIENSOL.NS,UP,0.8117,0.5,MEDIUM,ALIGNED,4.3931,True,True,VAL
2026-04-15,MOTHERSON.NS,UP,0.8105,0.875,HIGH,ALIGNED,-0.5909,False,False,VAL
2026-04-15,RVNL.NS,UP,0.8105,1.0,HIGH,ALIGNED,2.3793,True,True,VAL
2026-04-16,RAILTEL.NS,UP,0.9539,0.75,HIGH,ALIGNED,-0.7636,False,False,VAL
2026-04-16,HFCL.NS,UP,0.9531,0.75,HIGH,ALIGNED,4.3835,True,True,VAL
2026-04-16,STLTECH.NS,UP,0.9481,0.625,HIGH,ALIGNED,2.6253,True,True,VAL
2026-04-16,JPPOWER.NS,UP,0.9442,0.75,HIGH,ALIGNED,-2.0908,False,False,VAL
2026-04-16,CENTUM.NS,UP,0.937,1.0,HIGH,ALIGNED,1.2938,True,True,VAL
2026-04-16,PARAS.NS,UP,0.936,1.0,HIGH,ALIGNED,4.1779,True,True,VAL
2026-04-16,BLUESTARCO.NS,UP,0.9254,1.0,HIGH,ALIGNED,0.9085,True,True,VAL
2026-04-16,MIDHANI.NS,UP,0.8655,0.875,HIGH,ALIGNED,1.1494,True,True,VAL
2026-04-16,SUDARSCHEM.NS,UP,0.8522,1.0,HIGH,ALIGNED,-0.552,False,False,VAL
2026-04-16,WELCORP.NS,UP,0.8457,0.625,HIGH,ALIGNED,0.0046,True,True,VAL
2026-04-16,AMBER.NS,UP,0.8449,0.875,HIGH,ALIGNED,3.1629,True,True,VAL
2026-04-16,ADANIENSOL.NS,UP,0.8386,0.5,MEDIUM,ALIGNED,3.0427,True,True,VAL
2026-04-16,METROBRAND.NS,UP,0.8374,0.875,HIGH,ALIGNED,-1.8001,False,False,VAL
2026-04-16,ERIS.NS,UP,0.8324,1.0,HIGH,ALIGNED,-1.3647,False,False,VAL
2026-04-16,SUZLON.NS,UP,0.8263,0.75,HIGH,ALIGNED,5.3333,True,True,VAL
2026-04-16,VOLTAS.NS,UP,0.8242,0.75,HIGH,ALIGNED,2.2217,True,True,VAL
2026-04-16,MOIL.NS,UP,0.8217,1.0,HIGH,ALIGNED,0.4133,True,True,VAL
2026-04-16,RADICO.NS,UP,0.8171,1.0,HIGH,ALIGNED,4.9565,True,True,VAL
2026-04-16,DEEPAKFERT.NS,UP,0.785,0.5,MEDIUM,ALIGNED,2.6446,True,True,VAL
2026-04-16,PFC.NS,UP,0.7826,0.875,HIGH,ALIGNED,1.2966,True,True,VAL
2026-04-17,IRCON.NS,UP,0.9621,1.0,HIGH,ALIGNED,-2.0687,False,False,VAL
2026-04-17,HFCL.NS,UP,0.9553,0.75,HIGH,ALIGNED,-2.2934,False,False,VAL
2026-04-17,PARAS.NS,UP,0.9529,1.0,HIGH,ALIGNED,-3.4172,False,False,VAL
2026-04-17,CENTUM.NS,UP,0.9303,1.0,HIGH,ALIGNED,-6.5807,False,False,VAL
2026-04-17,SUZLON.NS,UP,0.9175,0.75,HIGH,ALIGNED,-0.8124,False,False,VAL
2026-04-17,RVNL.NS,UP,0.8998,1.0,HIGH,ALIGNED,-2.2207,False,False,VAL
2026-04-17,ADANIENSOL.NS,UP,0.8767,0.75,HIGH,ALIGNED,-0.0318,False,False,VAL
2026-04-17,RADICO.NS,UP,0.8757,0.75,HIGH,ALIGNED,4.8072,True,True,VAL
2026-04-17,COCHINSHIP.NS,UP,0.8714,1.0,HIGH,ALIGNED,-1.0377,False,False,VAL
2026-04-17,DEEPAKFERT.NS,UP,0.8684,0.75,HIGH,ALIGNED,-0.1057,False,False,VAL
2026-04-17,JPPOWER.NS,UP,0.868,0.625,HIGH,ALIGNED,-0.625,False,False,VAL
2026-04-17,GNFC.NS,UP,0.8675,1.0,HIGH,ALIGNED,-1.7255,False,False,VAL
2026-04-17,SUDARSCHEM.NS,UP,0.8641,0.875,HIGH,ALIGNED,-4.6352,False,False,VAL
2026-04-17,RAJESHEXPO.NS,UP,0.8609,0.75,HIGH,ALIGNED,-2.9451,False,False,VAL
2026-04-17,AMBER.NS,UP,0.858,0.875,HIGH,ALIGNED,0.2764,True,True,VAL
2026-04-17,RAILTEL.NS,UP,0.8478,0.75,HIGH,ALIGNED,-2.6872,False,False,VAL
2026-04-17,BEML.NS,UP,0.8476,1.0,HIGH,ALIGNED,-1.5911,False,False,VAL
2026-04-17,VOLTAS.NS,UP,0.8296,0.875,HIGH,ALIGNED,-0.1458,False,False,VAL
2026-04-17,MIDHANI.NS,UP,0.8289,0.75,HIGH,ALIGNED,2.4215,True,True,VAL
2026-04-17,CROMPTON.NS,UP,0.7983,0.875,HIGH,ALIGNED,-0.088,False,False,VAL
2026-04-20,PARAS.NS,UP,0.96,0.875,HIGH,ALIGNED,0.128,True,True,VAL
2026-04-20,MIDHANI.NS,UP,0.9476,1.0,HIGH,ALIGNED,0.3698,True,True,VAL
2026-04-20,SUZLON.NS,UP,0.8932,0.625,HIGH,ALIGNED,1.1429,True,True,VAL
2026-04-20,RADICO.NS,UP,0.8874,0.75,HIGH,ALIGNED,-2.7215,False,False,VAL
2026-04-20,WHIRLPOOL.NS,UP,0.8852,1.0,HIGH,ALIGNED,-0.5834,False,False,VAL
2026-04-20,VOLTAS.NS,UP,0.8624,1.0,HIGH,ALIGNED,1.3352,True,True,VAL
2026-04-20,BLUESTARCO.NS,UP,0.8573,0.875,HIGH,ALIGNED,-1.0164,False,False,VAL
2026-04-20,JSWENERGY.NS,UP,0.8527,1.0,HIGH,ALIGNED,0.6629,True,True,VAL
2026-04-20,MASTEK.NS,UP,0.8498,0.875,HIGH,ALIGNED,5.0746,True,True,VAL
2026-04-20,GNFC.NS,UP,0.8405,0.75,HIGH,ALIGNED,0.426,True,True,VAL
2026-04-20,CROMPTON.NS,UP,0.8323,1.0,HIGH,ALIGNED,-0.9838,False,False,VAL
2026-04-20,IRCON.NS,UP,0.8313,0.75,HIGH,ALIGNED,1.0826,True,True,VAL
2026-04-20,JYOTHYLAB.NS,UP,0.8061,0.875,HIGH,ALIGNED,2.2115,True,True,VAL
2026-04-20,CESC.NS,UP,0.8056,0.75,HIGH,ALIGNED,-0.3121,False,False,VAL
2026-04-20,DATAPATTNS.NS,UP,0.8051,0.75,HIGH,ALIGNED,1.6957,True,True,VAL
2026-04-20,HFCL.NS,UP,0.7985,0.375,MEDIUM,CONFLICT,4.866,True,True,VAL
2026-04-20,SYMPHONY.NS,UP,0.7956,0.75,HIGH,ALIGNED,-0.859,False,False,VAL
2026-04-20,OFSS.NS,UP,0.7951,0.75,HIGH,ALIGNED,-1.8744,False,False,VAL
2026-04-20,WELCORP.NS,UP,0.7922,0.5,MEDIUM,ALIGNED,2.2245,True,True,VAL
2026-04-20,DEEPAKFERT.NS,UP,0.7859,0.75,HIGH,ALIGNED,3.0349,True,True,VAL
2026-04-21,PNBHOUSING.NS,UP,0.9549,0.75,HIGH,ALIGNED,1.1388,True,True,VAL
2026-04-21,RADICO.NS,UP,0.9293,0.875,HIGH,ALIGNED,-0.1908,False,False,VAL
2026-04-21,MASTEK.NS,UP,0.9205,1.0,HIGH,ALIGNED,-0.3054,False,False,VAL
2026-04-21,DEEPAKNTR.NS,UP,0.8766,0.75,HIGH,ALIGNED,6.1223,True,True,VAL
2026-04-21,MIDHANI.NS,UP,0.8666,0.75,HIGH,ALIGNED,1.566,True,True,VAL
2026-04-21,IDEAFORGE.NS,UP,0.859,1.0,HIGH,ALIGNED,12.8126,True,True,VAL
2026-04-21,SUZLON.NS,UP,0.8571,0.625,HIGH,ALIGNED,2.7684,True,True,VAL
2026-04-21,ONMOBILE.NS,UP,0.8559,0.875,HIGH,ALIGNED,9.9162,True,True,VAL
2026-04-21,DEEPAKFERT.NS,UP,0.8556,0.625,HIGH,ALIGNED,0.2961,True,True,VAL
2026-04-21,PARAS.NS,UP,0.8332,0.75,HIGH,ALIGNED,4.4089,True,True,VAL
2026-04-21,HFCL.NS,UP,0.8256,0.625,HIGH,ALIGNED,2.5859,True,True,VAL
2026-04-21,FINEORG.NS,UP,0.8207,0.75,HIGH,ALIGNED,0.5755,True,True,VAL
2026-04-21,JYOTHYLAB.NS,UP,0.8207,0.875,HIGH,ALIGNED,3.8841,True,True,VAL
2026-04-21,WHIRLPOOL.NS,UP,0.7968,0.75,HIGH,ALIGNED,1.3041,True,True,VAL
2026-04-21,POLICYBZR.NS,UP,0.7961,0.75,HIGH,ALIGNED,0.1602,True,True,VAL
2026-04-21,VBL.NS,UP,0.7866,0.875,HIGH,ALIGNED,2.0305,True,True,VAL
2026-04-21,IRCON.NS,UP,0.7732,0.875,HIGH,ALIGNED,1.613,True,True,VAL
2026-04-21,RAILTEL.NS,UP,0.7693,0.625,HIGH,ALIGNED,1.5621,True,True,VAL
2026-04-21,LTTS.NS,UP,0.7639,0.875,HIGH,ALIGNED,-2.5313,False,False,VAL
2026-04-21,CESC.NS,UP,0.7607,0.625,HIGH,ALIGNED,0.7883,True,True,VAL
2026-04-22,IDEAFORGE.NS,UP,0.9802,0.75,HIGH,ALIGNED,-3.1324,False,False,VAL
2026-04-22,ONMOBILE.NS,UP,0.9737,1.0,HIGH,ALIGNED,1.5248,True,True,VAL
2026-04-22,DATAPATTNS.NS,UP,0.929,1.0,HIGH,ALIGNED,8.014,True,True,VAL
2026-04-22,DEEPAKNTR.NS,UP,0.9273,0.75,HIGH,ALIGNED,-0.7791,False,False,VAL
2026-04-22,SUDARSCHEM.NS,UP,0.9237,1.0,HIGH,ALIGNED,-1.0485,False,False,VAL
2026-04-22,PNBHOUSING.NS,UP,0.9178,0.75,HIGH,ALIGNED,1.7672,True,True,VAL
2026-04-22,ADANIENSOL.NS,UP,0.899,0.625,HIGH,ALIGNED,-0.5007,False,False,VAL
2026-04-22,JYOTHYLAB.NS,UP,0.8841,1.0,HIGH,ALIGNED,0.2637,True,True,VAL
2026-04-22,GRSE.NS,UP,0.8424,0.75,HIGH,ALIGNED,2.1932,True,True,VAL
2026-04-22,MASTEK.NS,UP,0.8317,0.75,HIGH,ALIGNED,-0.953,False,False,VAL
2026-04-22,HFCL.NS,UP,0.8268,0.625,HIGH,ALIGNED,-2.6103,False,False,VAL
2026-04-22,EMAMILTD.NS,UP,0.8224,1.0,HIGH,ALIGNED,-1.2257,False,False,VAL
2026-04-22,TIINDIA.NS,UP,0.8049,0.875,HIGH,ALIGNED,2.0632,True,True,VAL
2026-04-22,WHIRLPOOL.NS,UP,0.8041,0.875,HIGH,ALIGNED,1.6037,True,True,VAL
2026-04-22,MIDHANI.NS,UP,0.7993,0.75,HIGH,ALIGNED,-0.013,False,False,VAL
2026-04-22,MANAPPURAM.NS,UP,0.7946,0.875,HIGH,ALIGNED,-0.7456,False,False,VAL
2026-04-22,VBL.NS,UP,0.7934,0.75,HIGH,ALIGNED,-2.1618,False,False,VAL
2026-04-22,RADICO.NS,UP,0.7927,0.75,HIGH,ALIGNED,-1.3506,False,False,VAL
2026-04-22,BEML.NS,UP,0.7912,0.875,HIGH,ALIGNED,0.0109,True,True,VAL
2026-04-22,PARAS.NS,UP,0.7817,0.875,HIGH,ALIGNED,1.5422,True,True,VAL
2026-04-23,DATAPATTNS.NS,UP,0.9819,0.75,HIGH,ALIGNED,-1.3881,False,False,VAL
2026-04-23,ONMOBILE.NS,UP,0.9749,1.0,HIGH,ALIGNED,-0.6258,False,False,VAL
2026-04-23,GRSE.NS,UP,0.8836,1.0,HIGH,ALIGNED,-0.0313,False,False,VAL
2026-04-23,DEEPAKNTR.NS,UP,0.8824,0.5,MEDIUM,ALIGNED,-2.402,False,False,VAL
2026-04-23,WHIRLPOOL.NS,UP,0.8771,1.0,HIGH,ALIGNED,0.5701,True,True,VAL
2026-04-23,IDEAFORGE.NS,UP,0.8768,0.75,HIGH,ALIGNED,-2.553,False,False,VAL
2026-04-23,JYOTHYLAB.NS,UP,0.8684,1.0,HIGH,ALIGNED,0.1895,True,True,VAL
2026-04-23,SOBHA.NS,UP,0.8676,1.0,HIGH,ALIGNED,-0.3936,False,False,VAL
2026-04-23,TIINDIA.NS,UP,0.8664,0.75,HIGH,ALIGNED,-3.826,False,False,VAL
2026-04-23,CLEAN.NS,UP,0.8626,1.0,HIGH,ALIGNED,2.0045,True,True,VAL
2026-04-23,OFSS.NS,UP,0.8609,0.75,HIGH,ALIGNED,1.7915,True,True,VAL
2026-04-23,WELCORP.NS,UP,0.8527,0.625,HIGH,ALIGNED,0.2782,True,True,VAL
2026-04-23,ADANIGREEN.NS,UP,0.8447,0.625,HIGH,ALIGNED,1.7831,True,True,VAL
2026-04-23,IRCON.NS,UP,0.8408,0.75,HIGH,ALIGNED,-2.3277,False,False,VAL
2026-04-23,ADANIENSOL.NS,UP,0.8345,0.5,MEDIUM,ALIGNED,3.7245,True,True,VAL
2026-04-23,PNBHOUSING.NS,UP,0.8234,0.625,HIGH,ALIGNED,2.5701,True,True,VAL
2026-04-23,TORNTPOWER.NS,UP,0.821,0.75,HIGH,ALIGNED,-2.1589,False,False,VAL
2026-04-23,MRPL.NS,UP,0.8022,0.875,HIGH,ALIGNED,-0.3369,False,False,VAL
2026-04-23,POLICYBZR.NS,UP,0.7923,0.875,HIGH,ALIGNED,1.5502,True,True,VAL
2026-04-23,DRREDDY.NS,UP,0.7671,1.0,HIGH,ALIGNED,-1.0443,False,False,VAL
2026-04-24,DATAPATTNS.NS,UP,0.9808,0.75,HIGH,ALIGNED,-2.884,False,False,VAL
2026-04-24,ADANIGREEN.NS,UP,0.9371,0.75,HIGH,ALIGNED,-0.4936,False,False,VAL
2026-04-24,ONMOBILE.NS,UP,0.9282,0.875,HIGH,ALIGNED,1.3314,True,True,VAL
2026-04-24,ADANIENSOL.NS,UP,0.8995,0.625,HIGH,ALIGNED,1.6892,True,True,VAL
2026-04-24,PNBHOUSING.NS,UP,0.8959,0.75,HIGH,ALIGNED,1.2915,True,True,VAL
2026-04-24,TIINDIA.NS,UP,0.8852,0.875,HIGH,ALIGNED,0.8657,True,True,VAL
2026-04-24,GRSE.NS,UP,0.8769,0.875,HIGH,ALIGNED,-0.9483,False,False,VAL
2026-04-24,WELCORP.NS,UP,0.8701,0.5,MEDIUM,ALIGNED,0.4141,True,True,VAL
2026-04-24,CLEAN.NS,UP,0.8689,1.0,HIGH,ALIGNED,-0.802,False,False,VAL
2026-04-24,COCHINSHIP.NS,UP,0.866,0.875,HIGH,ALIGNED,0.877,True,True,VAL
2026-04-24,SOBHA.NS,UP,0.8561,1.0,HIGH,ALIGNED,0.9598,True,True,VAL
2026-04-24,WHIRLPOOL.NS,UP,0.8483,0.875,HIGH,ALIGNED,4.5299,True,True,VAL
2026-04-24,RATNAMANI.NS,UP,0.8371,0.875,HIGH,ALIGNED,3.3809,True,True,VAL
2026-04-24,TORNTPOWER.NS,UP,0.8277,0.875,HIGH,ALIGNED,4.2954,True,True,VAL
2026-04-24,OFSS.NS,UP,0.8252,0.75,HIGH,ALIGNED,4.5927,True,True,VAL
2026-04-24,NAVINFLUOR.NS,UP,0.8049,1.0,HIGH,ALIGNED,1.9606,True,True,VAL
2026-04-24,MRPL.NS,UP,0.7947,0.875,HIGH,ALIGNED,-7.6618,False,False,VAL
2026-04-24,JYOTHYLAB.NS,UP,0.79,0.875,HIGH,ALIGNED,3.6486,True,True,VAL
2026-04-24,IDEAFORGE.NS,UP,0.7847,0.625,HIGH,ALIGNED,6.7145,True,True,VAL
2026-04-24,DRREDDY.NS,UP,0.7704,1.0,HIGH,ALIGNED,1.3211,True,True,VAL
2026-04-27,IDEAFORGE.NS,UP,0.9617,0.875,HIGH,ALIGNED,3.1369,True,True,VAL
2026-04-27,ADANIENSOL.NS,UP,0.9374,0.75,HIGH,ALIGNED,-0.0244,False,False,VAL
2026-04-27,HFCL.NS,UP,0.9347,0.75,HIGH,ALIGNED,0.5155,True,True,VAL
2026-04-27,DATAPATTNS.NS,UP,0.9284,0.75,HIGH,ALIGNED,2.5201,True,True,VAL
2026-04-27,RATNAMANI.NS,UP,0.885,0.875,HIGH,ALIGNED,-0.6533,False,False,VAL
2026-04-27,VBL.NS,UP,0.8825,0.75,HIGH,ALIGNED,-0.0578,False,False,VAL
2026-04-27,OFSS.NS,UP,0.8801,0.75,HIGH,ALIGNED,2.2436,True,True,VAL
2026-04-27,M&MFIN.NS,UP,0.8731,1.0,HIGH,ALIGNED,-1.5895,False,False,VAL
2026-04-27,PNBHOUSING.NS,UP,0.86,0.5,MEDIUM,ALIGNED,-0.3295,False,False,VAL
2026-04-27,ROUTE.NS,UP,0.8561,1.0,HIGH,ALIGNED,-0.301,False,False,VAL
2026-04-27,COCHINSHIP.NS,UP,0.8541,0.875,HIGH,ALIGNED,0.9706,True,True,VAL
2026-04-27,ONMOBILE.NS,UP,0.8468,0.625,HIGH,ALIGNED,-1.2784,False,False,VAL
2026-04-27,ADANIGREEN.NS,UP,0.8352,0.5,MEDIUM,ALIGNED,1.6467,True,True,VAL
2026-04-27,TORNTPOWER.NS,UP,0.8308,0.75,HIGH,ALIGNED,-0.9929,False,False,VAL
2026-04-27,SHYAMMETL.NS,UP,0.8289,1.0,HIGH,ALIGNED,-0.9479,False,False,VAL
2026-04-27,JYOTHYLAB.NS,UP,0.8172,0.625,HIGH,ALIGNED,-2.25,False,False,VAL
2026-04-27,HINDZINC.NS,UP,0.8102,1.0,HIGH,ALIGNED,-1.8949,False,False,VAL
2026-04-27,INTELLECT.NS,UP,0.808,0.875,HIGH,ALIGNED,6.3924,True,True,VAL
2026-04-27,WELCORP.NS,UP,0.8007,0.5,MEDIUM,ALIGNED,1.1506,True,True,VAL
2026-04-27,GRSE.NS,UP,0.7913,0.75,HIGH,ALIGNED,0.8382,True,True,VAL
2026-04-28,TATACHEM.NS,UP,0.9717,0.75,HIGH,ALIGNED,-0.2992,False,False,VAL
2026-04-28,INTELLECT.NS,UP,0.949,1.0,HIGH,ALIGNED,-1.8834,False,False,VAL
2026-04-28,IDEAFORGE.NS,UP,0.9444,0.75,HIGH,ALIGNED,6.1448,True,True,VAL
2026-04-28,DATAPATTNS.NS,UP,0.9155,0.625,HIGH,ALIGNED,1.4335,True,True,VAL
2026-04-28,RATNAMANI.NS,UP,0.9147,0.875,HIGH,ALIGNED,-0.4521,False,False,VAL
2026-04-28,ADANIENSOL.NS,UP,0.8935,0.5,MEDIUM,ALIGNED,-1.2052,False,False,VAL
2026-04-28,OFSS.NS,UP,0.8688,0.75,HIGH,ALIGNED,1.233,True,True,VAL
2026-04-28,OLECTRA.NS,UP,0.8679,0.875,HIGH,ALIGNED,-2.2667,False,False,VAL
2026-04-28,SYMPHONY.NS,UP,0.8676,1.0,HIGH,ALIGNED,-1.5281,False,False,VAL
2026-04-28,TATACOMM.NS,UP,0.8384,1.0,HIGH,ALIGNED,0.2252,True,True,VAL
2026-04-28,WELCORP.NS,UP,0.8314,0.625,HIGH,ALIGNED,3.335,True,True,VAL
2026-04-28,EXIDEIND.NS,UP,0.8275,0.875,HIGH,ALIGNED,2.0211,True,True,VAL
2026-04-28,WHIRLPOOL.NS,UP,0.8254,0.625,HIGH,ALIGNED,-0.2509,False,False,VAL
2026-04-28,HFCL.NS,UP,0.8184,0.5,MEDIUM,ALIGNED,-0.1305,False,False,VAL
2026-04-28,ADANIGREEN.NS,UP,0.8167,0.625,HIGH,ALIGNED,-0.412,False,False,VAL
2026-04-28,SJVN.NS,UP,0.8111,1.0,HIGH,ALIGNED,-1.4549,False,False,VAL
2026-04-28,RATEGAIN.NS,UP,0.7913,0.875,HIGH,ALIGNED,-1.2492,False,False,VAL
2026-04-28,COCHINSHIP.NS,UP,0.7908,0.625,HIGH,ALIGNED,4.6119,True,True,VAL
2026-04-28,TORNTPOWER.NS,UP,0.7901,0.375,MEDIUM,CONFLICT,-3.0315,False,False,VAL
2026-04-28,SHYAMMETL.NS,UP,0.7795,0.75,HIGH,ALIGNED,0.6779,True,True,VAL
2026-04-29,SAPPHIRE.NS,UP,0.992,0.75,HIGH,ALIGNED,-0.8726,False,False,VAL
2026-04-29,TATACHEM.NS,UP,0.9188,0.625,HIGH,ALIGNED,1.1566,True,True,VAL
2026-04-29,GRSE.NS,UP,0.9152,0.625,HIGH,ALIGNED,-4.6181,False,False,VAL
2026-04-29,COCHINSHIP.NS,UP,0.915,0.75,HIGH,ALIGNED,-2.2776,False,False,VAL
2026-04-29,WELCORP.NS,UP,0.9128,0.75,HIGH,ALIGNED,-0.0434,False,False,VAL
2026-04-29,RATNAMANI.NS,UP,0.9046,0.875,HIGH,ALIGNED,-0.7207,False,False,VAL
2026-04-29,SHYAMMETL.NS,UP,0.8969,1.0,HIGH,ALIGNED,-1.1259,False,False,VAL
2026-04-29,M&MFIN.NS,UP,0.8742,1.0,HIGH,ALIGNED,-2.9669,False,False,VAL
2026-04-29,OFSS.NS,UP,0.8655,0.625,HIGH,ALIGNED,0.3974,True,True,VAL
2026-04-29,RBLBANK.NS,UP,0.8577,1.0,HIGH,ALIGNED,-1.3628,False,False,VAL
2026-04-29,GALAXYSURF.NS,UP,0.8575,1.0,HIGH,ALIGNED,-3.1851,False,False,VAL
2026-04-29,INTELLECT.NS,UP,0.8531,0.75,HIGH,ALIGNED,0.757,True,True,VAL
2026-04-29,DATAPATTNS.NS,UP,0.8514,0.75,HIGH,ALIGNED,-0.8839,False,False,VAL
2026-04-29,IDEAFORGE.NS,UP,0.8514,0.625,HIGH,ALIGNED,1.196,True,True,VAL
2026-04-29,DRREDDY.NS,UP,0.8457,0.875,HIGH,ALIGNED,-0.5189,False,False,VAL
2026-04-29,CROMPTON.NS,UP,0.8319,1.0,HIGH,ALIGNED,-1.3224,False,False,VAL
2026-04-29,NAVINFLUOR.NS,UP,0.8094,1.0,HIGH,ALIGNED,0.9248,True,True,VAL
2026-04-29,TATACOMM.NS,UP,0.8031,0.75,HIGH,ALIGNED,-1.3544,False,False,VAL
2026-04-29,GRANULES.NS,UP,0.7942,0.625,HIGH,ALIGNED,-0.6884,False,False,VAL
2026-04-29,IDEA.NS,UP,0.7937,1.0,HIGH,ALIGNED,-0.6803,False,False,VAL
2026-04-30,SAPPHIRE.NS,UP,0.992,1.0,HIGH,ALIGNED,0.0,False,False,VAL
2026-04-30,HFCL.NS,UP,0.9822,0.75,HIGH,ALIGNED,0.0,False,False,VAL
2026-04-30,TATACHEM.NS,UP,0.9663,0.75,HIGH,ALIGNED,0.0,False,False,VAL
2026-04-30,IDEAFORGE.NS,UP,0.9029,0.625,HIGH,ALIGNED,0.0,False,False,VAL
2026-04-30,CROMPTON.NS,UP,0.8898,0.875,HIGH,ALIGNED,0.0,False,False,VAL
2026-04-30,STLTECH.NS,UP,0.882,0.625,HIGH,ALIGNED,0.0,False,False,VAL
2026-04-30,NAVINFLUOR.NS,UP,0.8768,1.0,HIGH,ALIGNED,0.0,False,False,VAL
2026-04-30,SHYAMMETL.NS,UP,0.8459,0.75,HIGH,ALIGNED,0.0,False,False,VAL
2026-04-30,M&MFIN.NS,UP,0.8376,0.75,HIGH,ALIGNED,0.0,False,False,VAL
2026-04-30,SYMPHONY.NS,UP,0.829,0.625,HIGH,ALIGNED,0.0,False,False,VAL
2026-04-30,RADICO.NS,UP,0.821,0.875,HIGH,ALIGNED,0.0,False,False,VAL
2026-04-30,LTTS.NS,UP,0.8161,0.875,HIGH,ALIGNED,0.0,False,False,VAL
2026-04-30,KPITTECH.NS,UP,0.8124,1.0,HIGH,ALIGNED,0.0,False,False,VAL
2026-04-30,RATEGAIN.NS,UP,0.8105,1.0,HIGH,ALIGNED,0.0,False,False,VAL
2026-04-30,INTELLECT.NS,UP,0.8022,0.875,HIGH,ALIGNED,0.0,False,False,VAL
2026-04-30,RBLBANK.NS,UP,0.7993,0.75,HIGH,ALIGNED,0.0,False,False,VAL
2026-04-30,JINDALPOLY.NS,UP,0.7837,0.625,HIGH,ALIGNED,0.0,False,False,VAL
2026-04-30,MPHASIS.NS,UP,0.7671,0.875,HIGH,ALIGNED,0.0,False,False,VAL
2026-04-30,TECHM.NS,UP,0.7651,0.875,HIGH,ALIGNED,0.0,False,False,VAL
2026-05-04,IDEAFORGE.NS,UP,0.9956,0.75,HIGH,ALIGNED,10.0,True,True,VAL
2026-05-04,HFCL.NS,UP,0.9481,0.75,HIGH,ALIGNED,2.166,True,True,VAL
2026-05-04,SUDARSCHEM.NS,UP,0.9092,0.875,HIGH,ALIGNED,-0.456,False,False,VAL
2026-05-04,SUNDRMFAST.NS,UP,0.9007,1.0,HIGH,ALIGNED,-2.6674,False,False,VAL
2026-05-04,CROMPTON.NS,UP,0.8723,0.875,HIGH,ALIGNED,-0.8815,False,False,VAL
2026-05-04,CESC.NS,UP,0.8706,0.75,HIGH,ALIGNED,-5.9581,False,False,VAL
2026-05-04,JINDALPOLY.NS,UP,0.8439,0.5,MEDIUM,ALIGNED,4.2932,True,True,VAL
2026-05-04,GALAXYSURF.NS,UP,0.8405,0.75,HIGH,ALIGNED,0.1181,True,True,VAL
2026-05-04,CHOLAFIN.NS,UP,0.8282,1.0,HIGH,ALIGNED,1.0918,True,True,VAL
2026-05-04,KPITTECH.NS,UP,0.8189,1.0,HIGH,ALIGNED,0.514,True,True,VAL
2026-05-04,SAPPHIRE.NS,UP,0.8138,0.625,HIGH,ALIGNED,-4.1802,False,False,VAL
2026-05-04,RBLBANK.NS,UP,0.8097,0.625,HIGH,ALIGNED,0.8328,True,True,VAL
2026-05-04,TATACHEM.NS,UP,0.8085,0.5,MEDIUM,ALIGNED,-0.5337,False,False,VAL
2026-05-04,STLTECH.NS,UP,0.8061,0.625,HIGH,ALIGNED,4.9943,True,True,VAL
2026-05-04,RAILTEL.NS,UP,0.8024,0.875,HIGH,ALIGNED,1.3242,True,True,VAL
2026-05-04,KEI.NS,UP,0.7995,1.0,HIGH,ALIGNED,-0.7927,False,False,VAL
2026-05-04,RATNAMANI.NS,UP,0.7966,0.875,HIGH,ALIGNED,1.1845,True,True,VAL
2026-05-04,DEEPAKFERT.NS,UP,0.7959,0.625,HIGH,ALIGNED,-1.6368,False,False,VAL
2026-05-04,ADANIPORTS.NS,UP,0.7874,0.75,HIGH,ALIGNED,-1.01,False,False,VAL
2026-05-04,ADANIGREEN.NS,UP,0.775,0.5,MEDIUM,ALIGNED,3.1533,True,True,VAL
2026-05-05,IDEAFORGE.NS,UP,0.9966,0.75,HIGH,ALIGNED,1.0136,True,True,VAL
2026-05-05,HFCL.NS,UP,0.9689,0.75,HIGH,ALIGNED,9.8548,True,True,VAL
2026-05-05,JINDALPOLY.NS,UP,0.9439,0.75,HIGH,ALIGNED,-2.6402,False,False,VAL
2026-05-05,SUNDRMFAST.NS,UP,0.9114,0.875,HIGH,ALIGNED,1.0962,True,True,VAL
2026-05-05,IDEA.NS,UP,0.874,0.75,HIGH,ALIGNED,4.6296,True,True,VAL
2026-05-05,IRCON.NS,UP,0.8359,0.75,HIGH,ALIGNED,0.1951,True,True,VAL
2026-05-05,SAPPHIRE.NS,UP,0.8357,0.625,HIGH,ALIGNED,0.824,True,True,VAL
2026-05-05,LAURUSLABS.NS,UP,0.8265,0.75,HIGH,ALIGNED,1.1597,True,True,VAL
2026-05-05,CHOLAFIN.NS,UP,0.8204,0.875,HIGH,ALIGNED,3.2883,True,True,VAL
2026-05-05,STLTECH.NS,UP,0.801,0.625,HIGH,ALIGNED,4.9877,True,True,VAL
2026-05-05,NAVINFLUOR.NS,UP,0.7993,0.75,HIGH,ALIGNED,0.5425,True,True,VAL
2026-05-05,M&M.NS,UP,0.7845,1.0,HIGH,ALIGNED,2.803,True,True,VAL
2026-05-05,MANAPPURAM.NS,UP,0.783,0.75,HIGH,ALIGNED,0.8788,True,True,VAL
2026-05-05,SUDARSCHEM.NS,UP,0.7806,0.75,HIGH,ALIGNED,0.7244,True,True,VAL
2026-05-05,ROUTE.NS,UP,0.7765,0.75,HIGH,ALIGNED,0.304,True,True,VAL
2026-05-05,KPITTECH.NS,UP,0.7636,0.875,HIGH,ALIGNED,-3.0939,False,False,VAL
2026-05-05,ADANIGREEN.NS,UP,0.7519,0.5,MEDIUM,ALIGNED,1.6224,True,True,VAL
2026-05-05,DATAPATTNS.NS,UP,0.7386,0.5,MEDIUM,ALIGNED,-1.1469,False,False,VAL
2026-05-05,LTTS.NS,UP,0.734,0.75,HIGH,ALIGNED,1.7381,True,True,VAL
2026-05-05,ADANIPORTS.NS,UP,0.733,0.5,MEDIUM,ALIGNED,1.3507,True,True,VAL
2026-05-06,IDEAFORGE.NS,UP,0.9824,0.625,HIGH,ALIGNED,-2.4623,False,False,VAL
2026-05-06,ALKYLAMINE.NS,UP,0.97,0.75,HIGH,ALIGNED,-1.3364,False,False,VAL
2026-05-06,HFCL.NS,UP,0.9698,0.75,HIGH,ALIGNED,3.379,True,True,VAL
2026-05-06,TEJASNET.NS,UP,0.9548,1.0,HIGH,ALIGNED,15.1554,True,True,VAL
2026-05-06,COFORGE.NS,UP,0.9237,1.0,HIGH,ALIGNED,0.3827,True,True,VAL
2026-05-06,STLTECH.NS,UP,0.9157,0.75,HIGH,ALIGNED,5.0,True,True,VAL
2026-05-06,DEEPAKNTR.NS,UP,0.844,0.75,HIGH,ALIGNED,1.8006,True,True,VAL
2026-05-06,ONMOBILE.NS,UP,0.8425,0.875,HIGH,ALIGNED,-0.9295,False,False,VAL
2026-05-06,IDEA.NS,UP,0.8275,0.75,HIGH,ALIGNED,-0.6195,False,False,VAL
2026-05-06,RATEGAIN.NS,UP,0.8258,0.625,HIGH,ALIGNED,-0.5722,False,False,VAL
2026-05-06,AJANTPHARM.NS,UP,0.8176,0.75,HIGH,ALIGNED,-0.5781,False,False,VAL
2026-05-06,BASF.NS,UP,0.8019,1.0,HIGH,ALIGNED,1.4305,True,True,VAL
2026-05-06,YESBANK.NS,UP,0.8014,0.75,HIGH,ALIGNED,1.7171,True,True,VAL
2026-05-06,INTELLECT.NS,UP,0.8007,0.875,HIGH,ALIGNED,-0.2868,False,False,VAL
2026-05-06,CHOLAFIN.NS,UP,0.7986,0.875,HIGH,ALIGNED,-1.326,False,False,VAL
2026-05-06,SRF.NS,UP,0.7857,1.0,HIGH,ALIGNED,1.901,True,True,VAL
2026-05-06,AMBER.NS,UP,0.7855,0.75,HIGH,ALIGNED,2.0897,True,True,VAL
2026-05-06,ADANIGREEN.NS,UP,0.7812,0.5,MEDIUM,ALIGNED,0.8869,True,True,VAL
2026-05-06,KEI.NS,UP,0.7758,0.75,HIGH,ALIGNED,-0.7458,False,False,VAL
2026-05-06,LAURUSLABS.NS,UP,0.7703,0.75,HIGH,ALIGNED,2.4541,True,True,VAL
2026-05-07,TEJASNET.NS,UP,0.9825,0.75,HIGH,ALIGNED,-3.5621,False,False,VAL
2026-05-07,ALKYLAMINE.NS,UP,0.9505,0.75,HIGH,ALIGNED,-1.5965,False,False,VAL
2026-05-07,PARAS.NS,UP,0.9345,0.75,HIGH,ALIGNED,-0.3335,False,False,VAL
2026-05-07,HFCL.NS,UP,0.9269,0.75,HIGH,ALIGNED,-3.4806,False,False,VAL
2026-05-07,CRAFTSMAN.NS,UP,0.9,0.75,HIGH,ALIGNED,3.9887,True,True,VAL
2026-05-07,BEML.NS,UP,0.891,0.75,HIGH,ALIGNED,-2.4648,False,False,VAL
2026-05-07,ENDURANCE.NS,UP,0.8847,1.0,HIGH,ALIGNED,-0.2878,False,False,VAL
2026-05-07,COFORGE.NS,UP,0.8602,0.875,HIGH,ALIGNED,6.4421,True,True,VAL
2026-05-07,MOTHERSON.NS,UP,0.8532,1.0,HIGH,ALIGNED,1.2267,True,True,VAL
2026-05-07,IDEAFORGE.NS,UP,0.8464,0.5,MEDIUM,ALIGNED,2.7643,True,True,VAL
2026-05-07,DEEPAKNTR.NS,UP,0.8316,0.75,HIGH,ALIGNED,1.1594,True,True,VAL
2026-05-07,POLYCAB.NS,UP,0.8216,0.75,HIGH,ALIGNED,0.8886,True,True,VAL
2026-05-07,YESBANK.NS,UP,0.8075,0.75,HIGH,ALIGNED,1.9103,True,True,VAL
2026-05-07,BDL.NS,UP,0.7993,0.75,HIGH,ALIGNED,-1.2475,False,False,VAL
2026-05-07,MIDHANI.NS,UP,0.799,0.75,HIGH,ALIGNED,1.825,True,True,VAL
2026-05-07,LAURUSLABS.NS,UP,0.7837,0.75,HIGH,ALIGNED,1.8069,True,True,VAL
2026-05-07,ROUTE.NS,UP,0.7782,0.75,HIGH,ALIGNED,-4.3538,False,False,VAL
2026-05-07,SRF.NS,UP,0.7774,1.0,HIGH,ALIGNED,0.3428,True,True,VAL
2026-05-07,AMBER.NS,UP,0.776,0.75,HIGH,ALIGNED,-0.2036,False,False,VAL
2026-05-07,KEI.NS,UP,0.7697,0.875,HIGH,ALIGNED,-0.2074,False,False,VAL
2026-05-08,CRAFTSMAN.NS,UP,0.9601,0.75,HIGH,ALIGNED,-1.954,False,False,VAL
2026-05-08,TEJASNET.NS,UP,0.9546,0.625,HIGH,ALIGNED,-8.3009,False,False,VAL
2026-05-08,IDEAFORGE.NS,UP,0.9331,0.625,HIGH,ALIGNED,-2.3276,False,False,VAL
2026-05-08,COFORGE.NS,UP,0.9297,1.0,HIGH,ALIGNED,0.519,True,True,VAL
2026-05-08,CENTUM.NS,UP,0.9205,1.0,HIGH,ALIGNED,-1.5718,False,False,VAL
2026-05-08,PARAS.NS,UP,0.8865,0.625,HIGH,ALIGNED,-0.427,False,False,VAL
2026-05-08,HFCL.NS,UP,0.8826,0.5,MEDIUM,ALIGNED,5.1789,True,True,VAL
2026-05-08,STLTECH.NS,UP,0.8778,0.625,HIGH,ALIGNED,4.9874,True,True,VAL
2026-05-08,BASF.NS,UP,0.8594,0.75,HIGH,ALIGNED,-3.8935,False,False,VAL
2026-05-08,MIDHANI.NS,UP,0.8478,0.75,HIGH,ALIGNED,-3.3828,False,False,VAL
2026-05-08,OLECTRA.NS,UP,0.8326,0.75,HIGH,ALIGNED,2.1854,True,True,VAL
2026-05-08,CERA.NS,UP,0.8271,0.75,HIGH,ALIGNED,6.3992,True,True,VAL
2026-05-08,INTELLECT.NS,UP,0.8193,0.75,HIGH,ALIGNED,-5.7573,False,False,VAL
2026-05-08,BEML.NS,UP,0.8152,0.5,MEDIUM,ALIGNED,-2.0606,False,False,VAL
2026-05-08,ENDURANCE.NS,UP,0.8135,0.875,HIGH,ALIGNED,3.9543,True,True,VAL
2026-05-08,ALKYLAMINE.NS,UP,0.8099,0.625,HIGH,ALIGNED,-3.6022,False,False,VAL
2026-05-08,IDEA.NS,UP,0.8068,0.75,HIGH,ALIGNED,8.363,True,True,VAL
2026-05-08,CLEAN.NS,UP,0.7959,0.625,HIGH,ALIGNED,-3.5438,False,False,VAL
2026-05-08,YESBANK.NS,UP,0.7944,0.75,HIGH,ALIGNED,-1.0462,False,False,VAL
2026-05-08,MOTHERSON.NS,UP,0.7932,0.875,HIGH,ALIGNED,-1.3103,False,False,VAL
2026-05-11,MAPMYINDIA.NS,UP,0.9493,0.75,HIGH,ALIGNED,-6.3649,False,False,VAL
2026-05-11,RATNAMANI.NS,UP,0.9493,0.75,HIGH,ALIGNED,-6.1191,False,False,VAL
2026-05-11,CRAFTSMAN.NS,UP,0.9471,0.625,HIGH,ALIGNED,-1.34,False,False,VAL
2026-05-11,COFORGE.NS,UP,0.9284,0.875,HIGH,ALIGNED,-3.9849,False,False,VAL
2026-05-11,IDEA.NS,UP,0.909,0.75,HIGH,ALIGNED,-2.381,False,False,VAL
2026-05-11,ENDURANCE.NS,UP,0.8988,0.75,HIGH,ALIGNED,-1.9057,False,False,VAL
2026-05-11,CERA.NS,UP,0.8908,0.75,HIGH,ALIGNED,-3.6655,False,False,VAL
2026-05-11,TEJASNET.NS,UP,0.8905,0.625,HIGH,ALIGNED,-2.3108,False,False,VAL
2026-05-11,OLECTRA.NS,UP,0.8869,0.75,HIGH,ALIGNED,-7.2993,False,False,VAL
2026-05-11,RATEGAIN.NS,UP,0.8864,0.75,HIGH,ALIGNED,-5.9347,False,False,VAL
2026-05-11,PARAS.NS,UP,0.8796,0.625,HIGH,ALIGNED,-7.2198,False,False,VAL
2026-05-11,M&MFIN.NS,UP,0.8772,0.875,HIGH,ALIGNED,-2.9966,False,False,VAL
2026-05-11,HFCL.NS,UP,0.8738,0.625,HIGH,ALIGNED,-0.458,False,False,VAL
2026-05-11,CENTUM.NS,UP,0.86,0.75,HIGH,ALIGNED,-3.9236,False,False,VAL
2026-05-11,TATACONSUM.NS,UP,0.8117,0.75,HIGH,ALIGNED,-1.4162,False,False,VAL
2026-05-11,YESBANK.NS,UP,0.8017,0.75,HIGH,ALIGNED,-2.8194,False,False,VAL
2026-05-11,WELCORP.NS,UP,0.7944,0.625,HIGH,ALIGNED,-0.7448,False,False,VAL
2026-05-11,BIOCON.NS,UP,0.7922,1.0,HIGH,ALIGNED,3.0734,True,True,VAL
2026-05-11,NATCOPHARM.NS,UP,0.7896,0.75,HIGH,ALIGNED,-1.9983,False,False,VAL
2026-05-11,GRANULES.NS,UP,0.7852,0.75,HIGH,ALIGNED,-3.5138,False,False,VAL
2026-05-12,STLTECH.NS,UP,0.9672,0.75,HIGH,ALIGNED,1.7198,True,True,VAL
2026-05-12,TEJASNET.NS,UP,0.9495,0.75,HIGH,ALIGNED,1.378,True,True,VAL
2026-05-12,MAPMYINDIA.NS,UP,0.9318,0.75,HIGH,ALIGNED,1.7155,True,True,VAL
2026-05-12,ENDURANCE.NS,UP,0.908,1.0,HIGH,ALIGNED,-1.904,False,False,VAL
2026-05-12,IDEA.NS,UP,0.901,0.75,HIGH,ALIGNED,7.9058,True,True,VAL
2026-05-12,CERA.NS,UP,0.8859,0.625,HIGH,ALIGNED,-1.9826,False,False,VAL
2026-05-12,COFORGE.NS,UP,0.8786,0.75,HIGH,ALIGNED,-1.7646,False,False,VAL
2026-05-12,CRAFTSMAN.NS,UP,0.8583,0.625,HIGH,ALIGNED,-1.1913,False,False,VAL
2026-05-12,HFCL.NS,UP,0.8464,0.625,HIGH,ALIGNED,3.8436,True,True,VAL
2026-05-12,BIOCON.NS,UP,0.8301,0.75,HIGH,ALIGNED,3.7644,True,True,VAL
2026-05-12,OIL.NS,UP,0.825,1.0,HIGH,ALIGNED,3.2895,True,True,VAL
2026-05-12,OLECTRA.NS,UP,0.8223,0.625,HIGH,ALIGNED,0.8425,True,True,VAL
2026-05-12,RATEGAIN.NS,UP,0.8197,0.625,HIGH,ALIGNED,1.1552,True,True,VAL
2026-05-12,HINDZINC.NS,UP,0.8192,0.75,HIGH,ALIGNED,3.9258,True,True,VAL
2026-05-12,PARAS.NS,UP,0.7993,0.75,HIGH,ALIGNED,-0.8181,False,False,VAL
2026-05-12,RATNAMANI.NS,UP,0.7947,0.75,HIGH,ALIGNED,-1.028,False,False,VAL
2026-05-12,DEEPAKNTR.NS,UP,0.7782,0.375,MEDIUM,CONFLICT,0.4382,True,True,VAL
2026-05-12,CENTUM.NS,UP,0.7748,0.5,MEDIUM,ALIGNED,2.9121,True,True,VAL
2026-05-12,YESBANK.NS,UP,0.7738,0.5,MEDIUM,ALIGNED,0.2267,True,True,VAL
2026-05-12,TATACONSUM.NS,UP,0.7711,0.75,HIGH,ALIGNED,-1.4366,False,False,VAL
2026-05-13,MIDHANI.NS,UP,0.9251,0.625,HIGH,ALIGNED,0.6921,True,True,VAL
2026-05-13,OIL.NS,UP,0.8785,1.0,HIGH,ALIGNED,2.0607,True,True,VAL
2026-05-13,STLTECH.NS,UP,0.8746,0.625,HIGH,ALIGNED,4.3811,True,True,VAL
2026-05-13,SAIL.NS,UP,0.8729,0.75,HIGH,ALIGNED,-1.1077,False,False,VAL
2026-05-13,IDEA.NS,UP,0.8563,0.625,HIGH,ALIGNED,1.0912,True,True,VAL
2026-05-13,MAPMYINDIA.NS,UP,0.8446,0.875,HIGH,ALIGNED,-0.8823,False,False,VAL
2026-05-13,RATNAMANI.NS,UP,0.8424,0.5,MEDIUM,ALIGNED,2.0563,True,True,VAL
2026-05-13,BIOCON.NS,UP,0.8373,0.75,HIGH,ALIGNED,0.3352,True,True,VAL
2026-05-13,HINDZINC.NS,UP,0.8222,0.75,HIGH,ALIGNED,0.3223,True,True,VAL
2026-05-13,ENDURANCE.NS,UP,0.8188,0.75,HIGH,ALIGNED,3.5538,True,True,VAL
2026-05-13,CENTUM.NS,UP,0.8185,0.75,HIGH,ALIGNED,-1.3801,False,False,VAL
2026-05-13,PARAS.NS,UP,0.8061,0.375,MEDIUM,CONFLICT,-1.3727,False,False,VAL
2026-05-13,CERA.NS,UP,0.8029,0.75,HIGH,ALIGNED,-2.0572,False,False,VAL
2026-05-13,TIINDIA.NS,UP,0.8022,0.625,HIGH,ALIGNED,-4.7671,False,False,VAL
2026-05-13,LAURUSLABS.NS,UP,0.7976,0.75,HIGH,ALIGNED,2.7333,True,True,VAL
2026-05-13,METROBRAND.NS,UP,0.7961,0.875,HIGH,ALIGNED,0.3919,True,True,VAL
2026-05-13,BASF.NS,UP,0.7941,0.75,HIGH,ALIGNED,0.9455,True,True,VAL
2026-05-13,BHARATFORG.NS,UP,0.7844,0.75,HIGH,ALIGNED,0.1542,True,True,VAL
2026-05-13,NATIONALUM.NS,UP,0.782,0.875,HIGH,ALIGNED,2.0086,True,True,VAL
2026-05-13,CRAFTSMAN.NS,UP,0.7722,0.25,LOW,CONFLICT,-0.2039,False,False,VAL
2026-05-14,IDEA.NS,UP,0.9546,0.75,HIGH,ALIGNED,-0.1542,False,False,OOS
2026-05-14,OIL.NS,UP,0.9051,1.0,HIGH,ALIGNED,0.1449,True,True,OOS
2026-05-14,SAIL.NS,UP,0.8891,0.625,HIGH,ALIGNED,-3.3554,False,False,OOS
2026-05-14,METROBRAND.NS,UP,0.8454,0.75,HIGH,ALIGNED,-1.9137,False,False,OOS
2026-05-14,RATNAMANI.NS,UP,0.834,0.75,HIGH,ALIGNED,-6.7576,False,False,OOS
2026-05-14,STLTECH.NS,UP,0.8284,0.5,MEDIUM,ALIGNED,-0.733,False,False,OOS
2026-05-14,BIOCON.NS,UP,0.8252,0.625,HIGH,ALIGNED,2.6492,True,True,OOS
2026-05-14,TATACOMM.NS,UP,0.8002,1.0,HIGH,ALIGNED,1.4431,True,True,OOS
2026-05-14,IDEAFORGE.NS,UP,0.7971,0.625,HIGH,ALIGNED,-3.478,False,False,OOS
2026-05-14,MIDHANI.NS,UP,0.7971,0.5,MEDIUM,ALIGNED,-3.2828,False,False,OOS
2026-05-14,ENDURANCE.NS,UP,0.7876,0.625,HIGH,ALIGNED,-2.7142,False,False,OOS
2026-05-14,ONGC.NS,UP,0.7825,1.0,HIGH,ALIGNED,-0.5151,False,False,OOS
2026-05-14,AJANTPHARM.NS,UP,0.7786,0.625,HIGH,ALIGNED,-2.516,False,False,OOS
2026-05-14,NATIONALUM.NS,UP,0.7779,0.75,HIGH,ALIGNED,-3.0856,False,False,OOS
2026-05-14,CIPLA.NS,UP,0.7718,0.75,HIGH,ALIGNED,-0.3202,False,False,OOS
2026-05-14,LAURUSLABS.NS,UP,0.767,0.5,MEDIUM,ALIGNED,0.6157,True,True,OOS
2026-05-14,ALKYLAMINE.NS,UP,0.7633,0.875,HIGH,ALIGNED,-1.5657,False,False,OOS
2026-05-14,SOLARINDS.NS,UP,0.7629,0.75,HIGH,ALIGNED,3.8944,True,True,OOS
2026-05-14,GNFC.NS,UP,0.7609,0.625,HIGH,ALIGNED,-1.077,False,False,OOS
2026-05-14,HFCL.NS,UP,0.7604,0.375,MEDIUM,CONFLICT,-2.4408,False,False,OOS
2026-05-15,JPPOWER.NS,UP,0.9444,1.0,HIGH,ALIGNED,-2.5077,False,False,OOS
2026-05-15,CROMPTON.NS,UP,0.827,0.625,HIGH,ALIGNED,-2.8647,False,False,OOS
2026-05-15,BIOCON.NS,UP,0.8262,0.75,HIGH,ALIGNED,-0.8951,False,False,OOS
2026-05-15,SOLARINDS.NS,UP,0.8248,0.75,HIGH,ALIGNED,4.0718,True,True,OOS
2026-05-15,SAIL.NS,UP,0.8223,0.75,HIGH,ALIGNED,0.1715,True,True,OOS
2026-05-15,POLICYBZR.NS,UP,0.8088,0.875,HIGH,ALIGNED,3.5539,True,True,OOS
2026-05-15,ENDURANCE.NS,UP,0.7944,0.625,HIGH,ALIGNED,-0.8554,False,False,OOS
2026-05-15,ADANIGREEN.NS,UP,0.7929,0.5,MEDIUM,ALIGNED,-0.7252,False,False,OOS
2026-05-15,PFIZER.NS,UP,0.7926,1.0,HIGH,ALIGNED,-1.9255,False,False,OOS
2026-05-15,OIL.NS,UP,0.7826,0.875,HIGH,ALIGNED,-2.3635,False,False,OOS
2026-05-15,SAPPHIRE.NS,UP,0.7814,0.75,HIGH,ALIGNED,0.496,True,True,OOS
2026-05-15,IDEA.NS,UP,0.7787,0.625,HIGH,ALIGNED,-0.695,False,False,OOS
2026-05-15,GNFC.NS,UP,0.7745,0.625,HIGH,ALIGNED,0.9235,True,True,OOS
2026-05-15,DRREDDY.NS,UP,0.7664,1.0,HIGH,ALIGNED,-0.4115,False,False,OOS
2026-05-15,NATIONALUM.NS,UP,0.7581,0.5,MEDIUM,ALIGNED,-0.7805,False,False,OOS
2026-05-15,BHARTIARTL.NS,UP,0.7463,1.0,HIGH,ALIGNED,1.7162,True,True,OOS
2026-05-15,MAPMYINDIA.NS,UP,0.7461,0.75,HIGH,ALIGNED,-7.3957,False,False,OOS
2026-05-15,AJANTPHARM.NS,UP,0.7441,0.5,MEDIUM,ALIGNED,1.1614,True,True,OOS
2026-05-15,ONGC.NS,UP,0.7404,0.875,HIGH,ALIGNED,-0.7182,False,False,OOS
2026-05-15,TATACONSUM.NS,UP,0.738,0.625,HIGH,ALIGNED,-0.2431,False,False,OOS
2026-05-18,JPPOWER.NS,UP,0.908,0.625,HIGH,ALIGNED,-1.1024,False,False,OOS
2026-05-18,SAIL.NS,UP,0.8959,0.875,HIGH,ALIGNED,3.2792,True,True,OOS
2026-05-18,POLICYBZR.NS,UP,0.8553,0.875,HIGH,ALIGNED,3.2317,True,True,OOS
2026-05-18,SOLARINDS.NS,UP,0.8486,0.75,HIGH,ALIGNED,0.5383,True,True,OOS
2026-05-18,GNFC.NS,UP,0.8309,0.875,HIGH,ALIGNED,5.1724,True,True,OOS
2026-05-18,VINATIORGA.NS,UP,0.8203,0.875,HIGH,ALIGNED,-4.2633,False,False,OOS
2026-05-18,ADANIENSOL.NS,UP,0.7804,0.625,HIGH,ALIGNED,0.0903,True,True,OOS
2026-05-18,SAPPHIRE.NS,UP,0.7795,0.75,HIGH,ALIGNED,2.5512,True,True,OOS
2026-05-18,BHARTIARTL.NS,UP,0.7727,1.0,HIGH,ALIGNED,-1.2693,False,False,OOS
2026-05-18,GODREJCP.NS,UP,0.7643,0.5,MEDIUM,ALIGNED,0.7492,True,True,OOS
2026-05-18,MANAPPURAM.NS,UP,0.7628,0.875,HIGH,ALIGNED,3.0056,True,True,OOS
2026-05-18,NATIONALUM.NS,UP,0.7575,0.625,HIGH,ALIGNED,-0.3746,False,False,OOS
2026-05-18,BSE.NS,UP,0.7493,0.625,HIGH,ALIGNED,1.7012,True,True,OOS
2026-05-18,SHYAMMETL.NS,UP,0.7478,0.875,HIGH,ALIGNED,2.126,True,True,OOS
2026-05-18,ALKYLAMINE.NS,UP,0.7411,0.75,HIGH,ALIGNED,3.232,True,True,OOS
2026-05-18,AJANTPHARM.NS,UP,0.736,0.625,HIGH,ALIGNED,1.0609,True,True,OOS
2026-05-18,CIPLA.NS,UP,0.7254,0.75,HIGH,ALIGNED,-1.1499,False,False,OOS
2026-05-18,OIL.NS,UP,0.7229,0.625,HIGH,ALIGNED,-0.8596,False,False,OOS
2026-05-18,BLUESTARCO.NS,UP,0.7191,0.375,MEDIUM,CONFLICT,2.9502,True,True,OOS
2026-05-18,BIOCON.NS,UP,0.6981,0.625,HIGH,ALIGNED,0.4457,True,True,OOS
2026-05-19,DEEPAKFERT.NS,UP,0.9104,1.0,HIGH,ALIGNED,-0.5059,False,False,OOS
2026-05-19,SAIL.NS,UP,0.9059,0.875,HIGH,ALIGNED,-0.005,False,False,OOS
2026-05-19,POLICYBZR.NS,UP,0.8948,0.75,HIGH,ALIGNED,1.3963,True,True,OOS
2026-05-19,RATEGAIN.NS,UP,0.8943,1.0,HIGH,ALIGNED,-2.0932,False,False,OOS
2026-05-19,GNFC.NS,UP,0.8871,0.75,HIGH,ALIGNED,-4.6708,False,False,OOS
2026-05-19,ADANIGREEN.NS,UP,0.8775,0.75,HIGH,ALIGNED,-1.0597,False,False,OOS
2026-05-19,NOCIL.NS,UP,0.8713,0.875,HIGH,ALIGNED,-2.1851,False,False,OOS
2026-05-19,KPITTECH.NS,UP,0.8493,0.875,HIGH,ALIGNED,0.9547,True,True,OOS
2026-05-19,SOLARINDS.NS,UP,0.8448,0.625,HIGH,ALIGNED,0.5189,True,True,OOS
2026-05-19,IDEA.NS,UP,0.8441,0.625,HIGH,ALIGNED,0.4438,True,True,OOS
2026-05-19,JPPOWER.NS,UP,0.8339,0.625,HIGH,ALIGNED,-2.8132,False,False,OOS
2026-05-19,SHYAMMETL.NS,UP,0.8153,0.875,HIGH,ALIGNED,1.8885,True,True,OOS
2026-05-19,ADANIENSOL.NS,UP,0.8035,0.625,HIGH,ALIGNED,1.2486,True,True,OOS
2026-05-19,PAGEIND.NS,UP,0.7943,1.0,HIGH,ALIGNED,-1.0724,False,False,OOS
2026-05-19,VOLTAS.NS,UP,0.7879,0.75,HIGH,ALIGNED,-0.522,False,False,OOS
2026-05-19,BSE.NS,UP,0.7854,0.75,HIGH,ALIGNED,0.6634,True,True,OOS
2026-05-19,ALKYLAMINE.NS,UP,0.7809,0.875,HIGH,ALIGNED,0.5831,True,True,OOS
2026-05-19,COFORGE.NS,UP,0.775,0.875,HIGH,ALIGNED,-0.687,False,False,OOS
2026-05-19,MANAPPURAM.NS,UP,0.7718,0.875,HIGH,ALIGNED,1.2211,True,True,OOS
2026-05-19,MPHASIS.NS,UP,0.7718,0.875,HIGH,ALIGNED,0.3378,True,True,OOS
2026-05-20,POLICYBZR.NS,UP,0.9101,0.75,HIGH,ALIGNED,-0.5847,False,False,OOS
2026-05-20,ERIS.NS,UP,0.8849,1.0,HIGH,ALIGNED,-4.9582,False,False,OOS
2026-05-20,TATACOMM.NS,UP,0.8832,0.75,HIGH,ALIGNED,6.7977,True,True,OOS
2026-05-20,KPITTECH.NS,UP,0.871,0.875,HIGH,ALIGNED,0.0133,True,True,OOS
2026-05-20,COFORGE.NS,UP,0.8668,0.75,HIGH,ALIGNED,-1.8042,False,False,OOS
2026-05-20,GNFC.NS,UP,0.8584,0.875,HIGH,ALIGNED,0.3362,True,True,OOS
2026-05-20,SOLARINDS.NS,UP,0.8413,0.625,HIGH,ALIGNED,0.9995,True,True,OOS
2026-05-20,SHYAMMETL.NS,UP,0.8342,0.875,HIGH,ALIGNED,1.3169,True,True,OOS
2026-05-20,ALKYLAMINE.NS,UP,0.8235,0.875,HIGH,ALIGNED,-1.925,False,False,OOS
2026-05-20,RATEGAIN.NS,UP,0.8144,0.75,HIGH,ALIGNED,-1.069,False,False,OOS
2026-05-20,JPPOWER.NS,UP,0.8111,0.5,MEDIUM,ALIGNED,1.3654,True,True,OOS
2026-05-20,MGL.NS,UP,0.8089,0.625,HIGH,ALIGNED,-2.0268,False,False,OOS
2026-05-20,MOTHERSON.NS,UP,0.8035,1.0,HIGH,ALIGNED,3.6544,True,True,OOS
2026-05-20,IDEA.NS,UP,0.7975,0.625,HIGH,ALIGNED,0.2946,True,True,OOS
2026-05-20,BSE.NS,UP,0.7886,0.75,HIGH,ALIGNED,-0.7514,False,False,OOS
2026-05-20,DEEPAKFERT.NS,UP,0.7812,0.625,HIGH,ALIGNED,5.0008,True,True,OOS
2026-05-20,PERSISTENT.NS,UP,0.7688,0.875,HIGH,ALIGNED,-1.2805,False,False,OOS
2026-05-20,PAGEIND.NS,UP,0.7567,0.75,HIGH,ALIGNED,0.2481,True,True,OOS
2026-05-20,OFSS.NS,UP,0.7517,0.625,HIGH,ALIGNED,0.2783,True,True,OOS
2026-05-20,ADANIENSOL.NS,UP,0.7433,0.75,HIGH,ALIGNED,-0.2897,False,False,OOS
2026-05-21,SUDARSCHEM.NS,UP,0.9568,1.0,HIGH,ALIGNED,3.1411,True,True,OOS
2026-05-21,CENTUM.NS,UP,0.9476,1.0,HIGH,ALIGNED,-1.4104,False,False,OOS
2026-05-21,JPPOWER.NS,UP,0.9161,0.75,HIGH,ALIGNED,1.0776,True,True,OOS
2026-05-21,DEEPAKFERT.NS,UP,0.9032,1.0,HIGH,ALIGNED,6.5188,True,True,OOS
2026-05-21,TATACOMM.NS,UP,0.8902,0.75,HIGH,ALIGNED,3.5701,True,True,OOS
2026-05-21,MOTHERSON.NS,UP,0.8763,1.0,HIGH,ALIGNED,-0.5985,False,False,OOS
2026-05-21,WHIRLPOOL.NS,UP,0.8678,0.875,HIGH,ALIGNED,-3.6127,False,False,OOS
2026-05-21,PARAS.NS,UP,0.8385,0.875,HIGH,ALIGNED,2.6938,True,True,OOS
2026-05-21,METROBRAND.NS,UP,0.8139,1.0,HIGH,ALIGNED,-3.565,False,False,OOS
2026-05-21,MANAPPURAM.NS,UP,0.812,0.875,HIGH,ALIGNED,0.5273,True,True,OOS
2026-05-21,SHYAMMETL.NS,UP,0.8085,0.875,HIGH,ALIGNED,1.3961,True,True,OOS
2026-05-21,KPITTECH.NS,UP,0.7995,0.75,HIGH,ALIGNED,0.02,True,True,OOS
2026-05-21,PRESTIGE.NS,UP,0.7963,0.75,HIGH,ALIGNED,0.2093,True,True,OOS
2026-05-21,TIINDIA.NS,UP,0.7856,0.875,HIGH,ALIGNED,0.3566,True,True,OOS
2026-05-21,MASTEK.NS,UP,0.7849,0.75,HIGH,ALIGNED,-0.4141,False,False,OOS
2026-05-21,RATEGAIN.NS,UP,0.7827,0.75,HIGH,ALIGNED,9.5026,True,True,OOS
2026-05-21,ADANIENSOL.NS,UP,0.7771,0.625,HIGH,ALIGNED,1.9148,True,True,OOS
2026-05-21,PAGEIND.NS,UP,0.7759,0.875,HIGH,ALIGNED,2.8009,True,True,OOS
2026-05-21,COFORGE.NS,UP,0.7712,0.75,HIGH,ALIGNED,0.7335,True,True,OOS
2026-05-21,IDEA.NS,UP,0.7707,0.625,HIGH,ALIGNED,0.8076,True,True,OOS
2026-05-22,RATEGAIN.NS,UP,0.9773,0.875,HIGH,ALIGNED,1.5956,True,True,OOS
2026-05-22,SUDARSCHEM.NS,UP,0.9488,0.875,HIGH,ALIGNED,3.0553,True,True,OOS
2026-05-22,DEEPAKFERT.NS,UP,0.9411,0.875,HIGH,ALIGNED,-1.1805,False,False,OOS
2026-05-22,PARAS.NS,UP,0.9397,0.875,HIGH,ALIGNED,5.3879,True,True,OOS
2026-05-22,TATACOMM.NS,UP,0.9057,0.75,HIGH,ALIGNED,-1.4257,False,False,OOS
2026-05-22,CENTUM.NS,UP,0.897,0.875,HIGH,ALIGNED,-0.4925,False,False,OOS
2026-05-22,ENDURANCE.NS,UP,0.8675,1.0,HIGH,ALIGNED,2.9172,True,True,OOS
2026-05-22,SHYAMMETL.NS,UP,0.8549,1.0,HIGH,ALIGNED,1.5035,True,True,OOS
2026-05-22,PRESTIGE.NS,UP,0.8547,0.875,HIGH,ALIGNED,0.9291,True,True,OOS
2026-05-22,ADANIENSOL.NS,UP,0.8384,0.875,HIGH,ALIGNED,2.661,True,True,OOS
2026-05-22,COFORGE.NS,UP,0.8131,0.75,HIGH,ALIGNED,0.7858,True,True,OOS
2026-05-22,PERSISTENT.NS,UP,0.8067,0.5,MEDIUM,ALIGNED,1.3621,True,True,OOS
2026-05-22,POLICYBZR.NS,UP,0.8052,0.625,HIGH,ALIGNED,-0.0502,False,False,OOS
2026-05-22,PAGEIND.NS,UP,0.8005,1.0,HIGH,ALIGNED,-2.3064,False,False,OOS
2026-05-22,MOTHERSON.NS,UP,0.7951,0.875,HIGH,ALIGNED,-0.1983,False,False,OOS
2026-05-22,MANAPPURAM.NS,UP,0.7933,0.75,HIGH,ALIGNED,0.4782,True,True,OOS
2026-05-22,DATAPATTNS.NS,UP,0.7919,0.75,HIGH,ALIGNED,3.1816,True,True,OOS
2026-05-22,TIINDIA.NS,UP,0.7754,0.875,HIGH,ALIGNED,1.2055,True,True,OOS
2026-05-22,NAUKRI.NS,UP,0.7727,0.875,HIGH,ALIGNED,-2.3362,False,False,OOS
2026-05-22,ASHOKLEY.NS,UP,0.7712,0.625,HIGH,ALIGNED,3.7103,True,True,OOS
2026-05-25,PARAS.NS,UP,0.9723,1.0,HIGH,ALIGNED,0.2805,True,True,OOS
2026-05-25,HFCL.NS,UP,0.9623,0.75,HIGH,ALIGNED,-0.6387,False,False,OOS
2026-05-25,RATEGAIN.NS,UP,0.9444,0.75,HIGH,ALIGNED,0.6406,True,True,OOS
2026-05-25,SUDARSCHEM.NS,UP,0.9282,0.75,HIGH,ALIGNED,-3.9082,False,False,OOS
2026-05-25,DATAPATTNS.NS,UP,0.9025,0.875,HIGH,ALIGNED,0.1392,True,True,OOS
2026-05-25,DEEPAKFERT.NS,UP,0.8973,0.75,HIGH,ALIGNED,-0.5355,False,False,OOS
2026-05-25,ENDURANCE.NS,UP,0.887,0.625,HIGH,ALIGNED,-2.4382,False,False,OOS
2026-05-25,RAJESHEXPO.NS,UP,0.8792,0.625,HIGH,ALIGNED,4.9996,True,True,OOS
2026-05-25,ASHOKLEY.NS,UP,0.8716,1.0,HIGH,ALIGNED,-2.1575,False,False,OOS
2026-05-25,TATACOMM.NS,UP,0.8676,0.5,MEDIUM,ALIGNED,3.7758,True,True,OOS
2026-05-25,CENTUM.NS,UP,0.8549,0.75,HIGH,ALIGNED,-0.041,False,False,OOS
2026-05-25,BPCL.NS,UP,0.8529,1.0,HIGH,ALIGNED,-1.1841,False,False,OOS
2026-05-25,IDEA.NS,UP,0.8375,0.75,HIGH,ALIGNED,0.7123,True,True,OOS
2026-05-25,IOC.NS,UP,0.8375,1.0,HIGH,ALIGNED,-1.0907,False,False,OOS
2026-05-25,PRESTIGE.NS,UP,0.8299,0.75,HIGH,ALIGNED,0.0571,True,True,OOS
2026-05-25,SHYAMMETL.NS,UP,0.8238,1.0,HIGH,ALIGNED,1.7723,True,True,OOS
2026-05-25,TEJASNET.NS,UP,0.8181,0.75,HIGH,ALIGNED,5.7918,True,True,OOS
2026-05-25,AMBER.NS,UP,0.8123,0.625,HIGH,ALIGNED,-2.0036,False,False,OOS
2026-05-25,MIDHANI.NS,UP,0.7956,0.75,HIGH,ALIGNED,-0.4921,False,False,OOS
2026-05-25,ADANIENSOL.NS,UP,0.7897,0.875,HIGH,ALIGNED,4.2014,True,True,OOS
2026-05-26,SUDARSCHEM.NS,UP,0.9837,0.875,HIGH,ALIGNED,-2.4224,False,False,OOS
2026-05-26,TATACOMM.NS,UP,0.9529,0.75,HIGH,ALIGNED,-2.1154,False,False,OOS
2026-05-26,TEJASNET.NS,UP,0.9459,1.0,HIGH,ALIGNED,-1.426,False,False,OOS
2026-05-26,ADANIENSOL.NS,UP,0.929,0.875,HIGH,ALIGNED,5.2484,True,True,OOS
2026-05-26,PARAS.NS,UP,0.9278,0.875,HIGH,ALIGNED,-1.3401,False,False,OOS
2026-05-26,HFCL.NS,UP,0.9198,0.5,MEDIUM,ALIGNED,7.4907,True,True,OOS
2026-05-26,RAJESHEXPO.NS,UP,0.9088,0.75,HIGH,ALIGNED,3.0984,True,True,OOS
2026-05-26,FINPIPE.NS,UP,0.8312,1.0,HIGH,ALIGNED,7.7411,True,True,OOS
2026-05-26,APOLLOTYRE.NS,UP,0.8232,0.75,HIGH,ALIGNED,1.6529,True,True,OOS
2026-05-26,ASHOKLEY.NS,UP,0.8212,0.625,HIGH,ALIGNED,1.9185,True,True,OOS
2026-05-26,DATAPATTNS.NS,UP,0.821,0.75,HIGH,ALIGNED,0.9143,True,True,OOS
2026-05-26,IGL.NS,UP,0.8207,1.0,HIGH,ALIGNED,-0.8433,False,False,OOS
2026-05-26,CENTUM.NS,UP,0.8176,0.625,HIGH,ALIGNED,2.2362,True,True,OOS
2026-05-26,SHYAMMETL.NS,UP,0.8161,1.0,HIGH,ALIGNED,-0.3115,False,False,OOS
2026-05-26,NAUKRI.NS,UP,0.8132,1.0,HIGH,ALIGNED,2.5441,True,True,OOS
2026-05-26,GAIL.NS,UP,0.8093,0.875,HIGH,ALIGNED,0.8173,True,True,OOS
2026-05-26,TATACHEM.NS,UP,0.8076,0.75,HIGH,ALIGNED,-1.1928,False,False,OOS
2026-05-26,JSWENERGY.NS,UP,0.8046,1.0,HIGH,ALIGNED,4.5226,True,True,OOS
2026-05-26,ADANIGREEN.NS,UP,0.7973,0.625,HIGH,ALIGNED,2.23,True,True,OOS
2026-05-26,ENDURANCE.NS,UP,0.7876,0.75,HIGH,ALIGNED,0.6074,True,True,OOS
2026-05-27,JPPOWER.NS,UP,0.9584,0.75,HIGH,ALIGNED,0.0,False,False,OOS
2026-05-27,ADANIENSOL.NS,UP,0.9571,0.75,HIGH,ALIGNED,0.0,False,False,OOS
2026-05-27,RAJESHEXPO.NS,UP,0.9377,1.0,HIGH,ALIGNED,0.0,False,False,OOS
2026-05-27,HFCL.NS,UP,0.9308,0.625,HIGH,ALIGNED,0.0,False,False,OOS
2026-05-27,FINPIPE.NS,UP,0.9276,0.75,HIGH,ALIGNED,0.0,False,False,OOS
2026-05-27,SUDARSCHEM.NS,UP,0.9094,0.5,MEDIUM,ALIGNED,0.0,False,False,OOS
2026-05-27,CENTUM.NS,UP,0.9071,0.875,HIGH,ALIGNED,0.0,False,False,OOS
2026-05-27,ADANIGREEN.NS,UP,0.9057,0.75,HIGH,ALIGNED,0.0,False,False,OOS
2026-05-27,PARAS.NS,UP,0.8882,0.75,HIGH,ALIGNED,0.0,False,False,OOS
2026-05-27,TIINDIA.NS,UP,0.8707,1.0,HIGH,ALIGNED,0.0,False,False,OOS
2026-05-27,AMBER.NS,UP,0.8665,0.75,HIGH,ALIGNED,0.0,False,False,OOS
2026-05-27,SUZLON.NS,UP,0.8532,1.0,HIGH,ALIGNED,0.0,False,False,OOS
2026-05-27,JSWENERGY.NS,UP,0.8498,0.875,HIGH,ALIGNED,0.0,False,False,OOS
2026-05-27,EXIDEIND.NS,UP,0.8406,0.75,HIGH,ALIGNED,0.0,False,False,OOS
2026-05-27,DATAPATTNS.NS,UP,0.8325,0.875,HIGH,ALIGNED,0.0,False,False,OOS
2026-05-27,MOTHERSON.NS,UP,0.8244,1.0,HIGH,ALIGNED,0.0,False,False,OOS
2026-05-27,TATACOMM.NS,UP,0.8116,0.5,MEDIUM,ALIGNED,0.0,False,False,OOS
2026-05-27,APOLLOTYRE.NS,UP,0.7948,0.875,HIGH,ALIGNED,0.0,False,False,OOS
2026-05-27,NAUKRI.NS,UP,0.7894,0.875,HIGH,ALIGNED,0.0,False,False,OOS
2026-05-27,WELCORP.NS,UP,0.7867,0.875,HIGH,ALIGNED,0.0,False,False,OOS
2026-05-29,JPPOWER.NS,UP,0.9687,0.875,HIGH,ALIGNED,-14.0832,False,False,OOS
2026-05-29,CLEAN.NS,UP,0.9019,0.875,HIGH,ALIGNED,-1.2414,False,False,OOS
2026-05-29,CENTUM.NS,UP,0.8682,0.75,HIGH,ALIGNED,0.7836,True,True,OOS
2026-05-29,HFCL.NS,UP,0.866,0.75,HIGH,ALIGNED,1.3004,True,True,OOS
2026-05-29,MOTHERSON.NS,UP,0.86,1.0,HIGH,ALIGNED,-2.724,False,False,OOS
2026-05-29,RAJESHEXPO.NS,UP,0.8583,0.75,HIGH,ALIGNED,-4.9945,False,False,OOS
2026-05-29,TEJASNET.NS,UP,0.8539,0.875,HIGH,ALIGNED,1.0953,True,True,OOS
2026-05-29,WELCORP.NS,UP,0.8248,1.0,HIGH,ALIGNED,0.0508,True,True,OOS
2026-05-29,ADANIGREEN.NS,UP,0.8034,0.625,HIGH,ALIGNED,-1.9317,False,False,OOS
2026-05-29,ADANIENSOL.NS,UP,0.801,0.75,HIGH,ALIGNED,-1.1102,False,False,OOS
2026-05-29,SUZLON.NS,UP,0.7964,1.0,HIGH,ALIGNED,-5.3694,False,False,OOS
2026-05-29,NATIONALUM.NS,UP,0.7891,0.875,HIGH,ALIGNED,2.2971,True,True,OOS
2026-05-29,NAUKRI.NS,UP,0.7806,1.0,HIGH,ALIGNED,0.9095,True,True,OOS
2026-05-29,MGL.NS,UP,0.7803,0.75,HIGH,ALIGNED,-1.6256,False,False,OOS
2026-05-29,ZYDUSWELL.NS,UP,0.7789,0.875,HIGH,ALIGNED,-2.4948,False,False,OOS
2026-05-29,MIDHANI.NS,UP,0.7784,1.0,HIGH,ALIGNED,-3.0548,False,False,OOS
2026-05-29,AMBER.NS,UP,0.7757,0.75,HIGH,ALIGNED,0.1116,True,True,OOS
2026-05-29,FINPIPE.NS,UP,0.7723,0.75,HIGH,ALIGNED,-4.4302,False,False,OOS
2026-05-29,ERIS.NS,UP,0.7638,0.75,HIGH,ALIGNED,-1.4725,False,False,OOS
2026-05-29,OFSS.NS,UP,0.7597,0.75,HIGH,ALIGNED,2.2782,True,True,OOS
2026-06-01,CENTUM.NS,UP,0.9551,0.75,HIGH,ALIGNED,2.5261,True,True,OOS
2026-06-01,TEJASNET.NS,UP,0.9403,0.75,HIGH,ALIGNED,2.1289,True,True,OOS
2026-06-01,OFSS.NS,UP,0.8614,0.875,HIGH,ALIGNED,1.5062,True,True,OOS
2026-06-01,PERSISTENT.NS,UP,0.8597,1.0,HIGH,ALIGNED,1.268,True,True,OOS
2026-06-01,MOTHERSON.NS,UP,0.8572,0.625,HIGH,ALIGNED,2.2007,True,True,OOS
2026-06-01,JPPOWER.NS,UP,0.8563,0.375,MEDIUM,CONFLICT,1.0644,True,True,OOS
2026-06-01,OLECTRA.NS,UP,0.8556,0.75,HIGH,ALIGNED,4.4369,True,True,OOS
2026-06-01,RATEGAIN.NS,UP,0.8541,0.625,HIGH,ALIGNED,-0.3024,False,False,OOS
2026-06-01,BIKAJI.NS,UP,0.8517,1.0,HIGH,ALIGNED,0.0602,True,True,OOS
2026-06-01,WELCORP.NS,UP,0.8505,0.875,HIGH,ALIGNED,0.6678,True,True,OOS
2026-06-01,COFORGE.NS,UP,0.8483,1.0,HIGH,ALIGNED,3.9899,True,True,OOS
2026-06-01,TECHM.NS,UP,0.8307,1.0,HIGH,ALIGNED,1.8274,True,True,OOS
2026-06-01,COALINDIA.NS,UP,0.8275,1.0,HIGH,ALIGNED,-0.0952,False,False,OOS
2026-06-01,NMDC.NS,UP,0.8271,1.0,HIGH,ALIGNED,3.1829,True,True,OOS
2026-06-01,ADANIENSOL.NS,UP,0.8268,0.625,HIGH,ALIGNED,2.2787,True,True,OOS
2026-06-01,CLEAN.NS,UP,0.8002,0.625,HIGH,ALIGNED,-0.565,False,False,OOS
2026-06-01,NAUKRI.NS,UP,0.7976,0.75,HIGH,ALIGNED,1.1603,True,True,OOS
2026-06-01,HFCL.NS,UP,0.7937,0.5,MEDIUM,ALIGNED,4.2023,True,True,OOS
2026-06-01,INTELLECT.NS,UP,0.7923,0.625,HIGH,ALIGNED,2.493,True,True,OOS
2026-06-01,ADANIGREEN.NS,UP,0.7901,0.5,MEDIUM,ALIGNED,0.1728,True,True,OOS
2026-06-02,STLTECH.NS,UP,0.9405,0.75,HIGH,ALIGNED,4.9996,True,True,OOS
2026-06-02,MASTEK.NS,UP,0.938,1.0,HIGH,ALIGNED,-2.639,False,False,OOS
2026-06-02,COFORGE.NS,UP,0.9156,0.75,HIGH,ALIGNED,-6.489,False,False,OOS
2026-06-02,ALKYLAMINE.NS,UP,0.9134,1.0,HIGH,ALIGNED,3.2664,True,True,OOS
2026-06-02,OLECTRA.NS,UP,0.9044,0.875,HIGH,ALIGNED,2.8011,True,True,OOS
2026-06-02,PERSISTENT.NS,UP,0.8824,0.75,HIGH,ALIGNED,-6.8184,False,False,OOS
2026-06-02,OFSS.NS,UP,0.872,1.0,HIGH,ALIGNED,-3.3544,False,False,OOS
2026-06-02,INTELLECT.NS,UP,0.8666,0.875,HIGH,ALIGNED,-0.441,False,False,OOS
2026-06-02,HFCL.NS,UP,0.862,0.625,HIGH,ALIGNED,4.9858,True,True,OOS
2026-06-02,MPHASIS.NS,UP,0.8476,0.875,HIGH,ALIGNED,-4.1546,False,False,OOS
2026-06-02,ZENSARTECH.NS,UP,0.8473,1.0,HIGH,ALIGNED,-1.9617,False,False,OOS
2026-06-02,EXIDEIND.NS,UP,0.8446,0.75,HIGH,ALIGNED,-1.7969,False,False,OOS
2026-06-02,MOTHERSON.NS,UP,0.8349,0.875,HIGH,ALIGNED,0.4969,True,True,OOS
2026-06-02,NMDC.NS,UP,0.8327,1.0,HIGH,ALIGNED,0.7659,True,True,OOS
2026-06-02,CENTUM.NS,UP,0.8317,0.625,HIGH,ALIGNED,-0.2806,False,False,OOS
2026-06-02,INFY.NS,UP,0.828,0.875,HIGH,ALIGNED,-3.7929,False,False,OOS
2026-06-02,BIKAJI.NS,UP,0.8239,0.75,HIGH,ALIGNED,-2.4049,False,False,OOS
2026-06-02,TECHM.NS,UP,0.8212,0.75,HIGH,ALIGNED,-6.3065,False,False,OOS
2026-06-02,BOSCHLTD.NS,UP,0.81,1.0,HIGH,ALIGNED,1.4508,True,True,OOS
2026-06-02,ROUTE.NS,UP,0.8041,0.875,HIGH,ALIGNED,-1.5762,False,False,OOS
2026-06-03,TEJASNET.NS,UP,0.978,0.75,HIGH,ALIGNED,5.7444,True,True,OOS
2026-06-03,ALKYLAMINE.NS,UP,0.9732,1.0,HIGH,ALIGNED,-1.9599,False,False,OOS
2026-06-03,OLECTRA.NS,UP,0.9324,1.0,HIGH,ALIGNED,0.0076,True,True,OOS
2026-06-03,MASTEK.NS,UP,0.8949,0.875,HIGH,ALIGNED,-0.5469,False,False,OOS
2026-06-03,MRPL.NS,UP,0.8727,0.875,HIGH,ALIGNED,1.5763,True,True,OOS
2026-06-03,WELCORP.NS,UP,0.8678,0.75,HIGH,ALIGNED,-0.7711,False,False,OOS
2026-06-03,COFORGE.NS,UP,0.8598,0.625,HIGH,ALIGNED,1.0979,True,True,OOS
2026-06-03,CENTUM.NS,UP,0.8451,0.5,MEDIUM,ALIGNED,-2.9889,False,False,OOS
2026-06-03,BOSCHLTD.NS,UP,0.8427,0.875,HIGH,ALIGNED,-2.0127,False,False,OOS
2026-06-03,MPHASIS.NS,UP,0.8393,0.75,HIGH,ALIGNED,1.1973,True,True,OOS
2026-06-03,ERIS.NS,UP,0.8283,0.625,HIGH,ALIGNED,-2.133,False,False,OOS
2026-06-03,NMDC.NS,UP,0.8256,0.875,HIGH,ALIGNED,-1.3953,False,False,OOS
2026-06-03,INFY.NS,UP,0.8232,0.75,HIGH,ALIGNED,-1.7422,False,False,OOS
2026-06-03,STLTECH.NS,UP,0.8207,0.5,MEDIUM,ALIGNED,4.9952,True,True,OOS
2026-06-03,TECHM.NS,UP,0.8144,0.625,HIGH,ALIGNED,1.0188,True,True,OOS
2026-06-03,PERSISTENT.NS,UP,0.8051,0.375,MEDIUM,CONFLICT,0.4708,True,True,OOS
2026-06-03,BIKAJI.NS,UP,0.8046,0.5,MEDIUM,ALIGNED,-0.5698,False,False,OOS
2026-06-03,HFCL.NS,UP,0.791,0.5,MEDIUM,ALIGNED,-1.1684,False,False,OOS
2026-06-03,ZENSARTECH.NS,UP,0.7861,0.75,HIGH,ALIGNED,-5.5321,False,False,OOS
2026-06-03,ROUTE.NS,UP,0.7771,0.625,HIGH,ALIGNED,-0.1895,False,False,OOS
2026-06-04,TEJASNET.NS,UP,0.9862,0.75,HIGH,ALIGNED,-4.2778,False,False,OOS
2026-06-04,OLECTRA.NS,UP,0.9583,0.875,HIGH,ALIGNED,-2.3083,False,False,OOS
2026-06-04,MIDHANI.NS,UP,0.9553,1.0,HIGH,ALIGNED,-1.7372,False,False,OOS
2026-06-04,STLTECH.NS,UP,0.9539,0.75,HIGH,ALIGNED,-4.9647,False,False,OOS
2026-06-04,PARAS.NS,UP,0.9206,0.875,HIGH,ALIGNED,7.4234,True,True,OOS
2026-06-04,CENTUM.NS,UP,0.8927,0.625,HIGH,ALIGNED,-0.6518,False,False,OOS
2026-06-04,MRPL.NS,UP,0.8398,0.75,HIGH,ALIGNED,-1.0793,False,False,OOS
2026-06-04,IDEA.NS,UP,0.8388,0.75,HIGH,ALIGNED,0.134,True,True,OOS
2026-06-04,VOLTAS.NS,UP,0.8342,0.75,HIGH,ALIGNED,0.9172,True,True,OOS
2026-06-04,MPHASIS.NS,UP,0.8226,0.875,HIGH,ALIGNED,0.6088,True,True,OOS
2026-06-04,HFCL.NS,UP,0.8146,0.375,MEDIUM,CONFLICT,-4.998,False,False,OOS
2026-06-04,DATAPATTNS.NS,UP,0.8036,0.875,HIGH,ALIGNED,0.4818,True,True,OOS
2026-06-04,BIKAJI.NS,UP,0.8,0.5,MEDIUM,ALIGNED,1.4483,True,True,OOS
2026-06-04,SAPPHIRE.NS,UP,0.7915,0.625,HIGH,ALIGNED,-1.9018,False,False,OOS
2026-06-04,PAGEIND.NS,UP,0.7908,1.0,HIGH,ALIGNED,-1.2617,False,False,OOS
2026-06-04,KALYANKJIL.NS,UP,0.7796,0.625,HIGH,ALIGNED,2.6926,True,True,OOS
2026-06-04,ALKYLAMINE.NS,UP,0.7772,0.75,HIGH,ALIGNED,-1.416,False,False,OOS
2026-06-04,TATACOMM.NS,UP,0.7735,0.625,HIGH,ALIGNED,-0.6647,False,False,OOS
2026-06-04,MASTEK.NS,UP,0.7709,0.75,HIGH,ALIGNED,-0.777,False,False,OOS
2026-06-04,RATNAMANI.NS,UP,0.7658,0.625,HIGH,ALIGNED,-0.9658,False,False,OOS
2026-06-05,PARAS.NS,UP,0.9927,1.0,HIGH,ALIGNED,0.4791,True,True,OOS
2026-06-05,TEJASNET.NS,UP,0.8961,0.625,HIGH,ALIGNED,-5.8487,False,False,OOS
2026-06-05,DATAPATTNS.NS,UP,0.8886,1.0,HIGH,ALIGNED,-1.6925,False,False,OOS
2026-06-05,OLECTRA.NS,UP,0.8697,0.625,HIGH,ALIGNED,-3.9355,False,False,OOS
2026-06-05,NMDC.NS,UP,0.8587,0.75,HIGH,ALIGNED,-3.563,False,False,OOS
2026-06-05,STLTECH.NS,UP,0.8483,0.5,MEDIUM,ALIGNED,-4.998,False,False,OOS
2026-06-05,MIDHANI.NS,UP,0.8449,0.75,HIGH,ALIGNED,-3.375,False,False,OOS
2026-06-05,MAPMYINDIA.NS,UP,0.8299,0.75,HIGH,ALIGNED,-1.4706,False,False,OOS
2026-06-05,VOLTAS.NS,UP,0.8255,0.75,HIGH,ALIGNED,-1.7022,False,False,OOS
2026-06-05,IDEA.NS,UP,0.8201,0.625,HIGH,ALIGNED,-3.6789,False,False,OOS
2026-06-05,FINEORG.NS,UP,0.8017,1.0,HIGH,ALIGNED,-1.2935,False,False,OOS
2026-06-05,COROMANDEL.NS,UP,0.7981,0.625,HIGH,ALIGNED,-2.5434,False,False,OOS
2026-06-05,ADANIENSOL.NS,UP,0.7905,0.875,HIGH,ALIGNED,-0.5446,False,False,OOS
2026-06-05,PRESTIGE.NS,UP,0.7862,0.75,HIGH,ALIGNED,-3.8737,False,False,OOS
2026-06-05,ADANIGREEN.NS,UP,0.784,0.75,HIGH,ALIGNED,-2.3071,False,False,OOS
2026-06-05,ALKYLAMINE.NS,UP,0.7772,0.625,HIGH,ALIGNED,0.7604,True,True,OOS
2026-06-05,MRPL.NS,UP,0.7743,0.625,HIGH,ALIGNED,-2.1627,False,False,OOS
2026-06-05,IDEAFORGE.NS,UP,0.7699,0.625,HIGH,ALIGNED,-0.6614,False,False,OOS
2026-06-05,AJANTPHARM.NS,UP,0.7694,0.75,HIGH,ALIGNED,-0.2587,False,False,OOS
2026-06-05,CANBK.NS,UP,0.7602,1.0,HIGH,ALIGNED,-2.8717,False,False,OOS
2026-06-08,PARAS.NS,UP,0.9854,0.875,HIGH,ALIGNED,7.7118,True,True,OOS
2026-06-08,IDEAFORGE.NS,UP,0.9718,0.875,HIGH,ALIGNED,2.7856,True,True,OOS
2026-06-08,DATAPATTNS.NS,UP,0.9177,0.75,HIGH,ALIGNED,10.0741,True,True,OOS
2026-06-08,ZYDUSWELL.NS,UP,0.9034,1.0,HIGH,ALIGNED,-2.7221,False,False,OOS
2026-06-08,DEEPAKFERT.NS,UP,0.8971,1.0,HIGH,ALIGNED,4.6156,True,True,OOS
2026-06-08,FINEORG.NS,UP,0.8748,1.0,HIGH,ALIGNED,0.9482,True,True,OOS
2026-06-08,VOLTAS.NS,UP,0.8614,0.625,HIGH,ALIGNED,2.2097,True,True,OOS
2026-06-08,MIDHANI.NS,UP,0.8612,0.75,HIGH,ALIGNED,7.0096,True,True,OOS
2026-06-08,ADANIENSOL.NS,UP,0.8478,0.875,HIGH,ALIGNED,0.5604,True,True,OOS
2026-06-08,BEML.NS,UP,0.8206,0.5,MEDIUM,ALIGNED,1.3093,True,True,OOS
2026-06-08,SAPPHIRE.NS,UP,0.8143,0.75,HIGH,ALIGNED,-0.0226,False,False,OOS
2026-06-08,MRPL.NS,UP,0.8058,0.375,MEDIUM,CONFLICT,5.8001,True,True,OOS
2026-06-08,STLTECH.NS,UP,0.7971,0.25,LOW,CONFLICT,4.1985,True,True,OOS
2026-06-08,ALKYLAMINE.NS,UP,0.79,0.75,HIGH,ALIGNED,3.4996,True,True,OOS
2026-06-08,CANBK.NS,UP,0.7859,0.625,HIGH,ALIGNED,4.2453,True,True,OOS
2026-06-08,IDEA.NS,UP,0.785,0.375,MEDIUM,CONFLICT,-1.8056,False,False,OOS
2026-06-08,ADANIGREEN.NS,UP,0.7791,0.75,HIGH,ALIGNED,2.952,True,True,OOS
2026-06-08,AJANTPHARM.NS,UP,0.7621,0.75,HIGH,ALIGNED,1.6303,True,True,OOS
2026-06-08,RECLTD.NS,UP,0.7597,1.0,HIGH,ALIGNED,2.5335,True,True,OOS
2026-06-08,UNIONBANK.NS,UP,0.759,0.75,HIGH,ALIGNED,3.1844,True,True,OOS
2026-06-09,PARAS.NS,UP,0.9865,0.75,HIGH,ALIGNED,0.1299,True,True,OOS
2026-06-09,DATAPATTNS.NS,UP,0.9765,1.0,HIGH,ALIGNED,-4.4905,False,False,OOS
2026-06-09,MIDHANI.NS,UP,0.9637,1.0,HIGH,ALIGNED,-3.7637,False,False,OOS
2026-06-09,DEEPAKFERT.NS,UP,0.9213,0.875,HIGH,ALIGNED,-1.5606,False,False,OOS
2026-06-09,MRPL.NS,UP,0.9113,1.0,HIGH,ALIGNED,2.0457,True,True,OOS
2026-06-09,JINDALPOLY.NS,UP,0.8873,0.75,HIGH,ALIGNED,4.5529,True,True,OOS
2026-06-09,CERA.NS,UP,0.8676,0.875,HIGH,ALIGNED,0.5913,True,True,OOS
2026-06-09,AJANTPHARM.NS,UP,0.8576,0.875,HIGH,ALIGNED,1.9124,True,True,OOS
2026-06-09,ADANIGREEN.NS,UP,0.8488,0.875,HIGH,ALIGNED,-3.3561,False,False,OOS
2026-06-09,CANBK.NS,UP,0.8387,1.0,HIGH,ALIGNED,-2.9452,False,False,OOS
2026-06-09,IDEAFORGE.NS,UP,0.8355,0.625,HIGH,ALIGNED,-4.9953,False,False,OOS
2026-06-09,TATACOMM.NS,UP,0.8265,0.75,HIGH,ALIGNED,0.1417,True,True,OOS
2026-06-09,MAPMYINDIA.NS,UP,0.8199,0.75,HIGH,ALIGNED,-1.96,False,False,OOS
2026-06-09,UNIONBANK.NS,UP,0.7951,1.0,HIGH,ALIGNED,-2.341,False,False,OOS
2026-06-09,RBLBANK.NS,UP,0.7833,1.0,HIGH,ALIGNED,-1.1219,False,False,OOS
2026-06-09,BSE.NS,UP,0.7819,0.625,HIGH,ALIGNED,-1.6715,False,False,OOS
2026-06-09,ZYDUSWELL.NS,UP,0.7701,0.625,HIGH,ALIGNED,-2.4546,False,False,OOS
2026-06-09,COROMANDEL.NS,UP,0.7596,0.625,HIGH,ALIGNED,4.0728,True,True,OOS
2026-06-09,VOLTAS.NS,UP,0.7564,0.875,HIGH,ALIGNED,-1.104,False,False,OOS
2026-06-09,RECLTD.NS,UP,0.7544,1.0,HIGH,ALIGNED,-0.9372,False,False,OOS
2026-06-10,PARAS.NS,UP,0.9737,0.75,HIGH,ALIGNED,-4.9399,False,False,OOS
2026-06-10,DATAPATTNS.NS,UP,0.9715,0.875,HIGH,ALIGNED,-3.4177,False,False,OOS
2026-06-10,JINDALPOLY.NS,UP,0.9686,1.0,HIGH,ALIGNED,4.476,True,True,OOS
2026-06-10,DEEPAKFERT.NS,UP,0.9106,0.875,HIGH,ALIGNED,0.4482,True,True,OOS
2026-06-10,COROMANDEL.NS,UP,0.9029,1.0,HIGH,ALIGNED,-0.8029,False,False,OOS
2026-06-10,MRPL.NS,UP,0.88,1.0,HIGH,ALIGNED,-4.8405,False,False,OOS
2026-06-10,CERA.NS,UP,0.8635,1.0,HIGH,ALIGNED,-0.2556,False,False,OOS
2026-06-10,AJANTPHARM.NS,UP,0.8623,0.875,HIGH,ALIGNED,2.2277,True,True,OOS
2026-06-10,MIDHANI.NS,UP,0.8481,0.625,HIGH,ALIGNED,-2.6188,False,False,OOS
2026-06-10,MAPMYINDIA.NS,UP,0.8338,0.625,HIGH,ALIGNED,-2.0573,False,False,OOS
2026-06-10,ADANIGREEN.NS,UP,0.7993,0.625,HIGH,ALIGNED,-1.9218,False,False,OOS
2026-06-10,TATACHEM.NS,UP,0.7758,0.75,HIGH,ALIGNED,2.8873,True,True,OOS
2026-06-10,IDEAFORGE.NS,UP,0.7751,0.625,HIGH,ALIGNED,-4.9962,False,False,OOS
2026-06-10,ADANIENSOL.NS,UP,0.7722,0.625,HIGH,ALIGNED,-4.4868,False,False,OOS
2026-06-10,TATACOMM.NS,UP,0.765,0.875,HIGH,ALIGNED,-0.6368,False,False,OOS
2026-06-10,CHOLAFIN.NS,UP,0.7452,0.5,MEDIUM,ALIGNED,-1.202,False,False,OOS
2026-06-10,BEML.NS,UP,0.7444,0.75,HIGH,ALIGNED,-2.4399,False,False,OOS
2026-06-10,LTTS.NS,UP,0.7394,0.5,MEDIUM,ALIGNED,-1.1088,False,False,OOS
2026-06-10,GAIL.NS,UP,0.7338,0.875,HIGH,ALIGNED,-1.1428,False,False,OOS
2026-06-10,RBLBANK.NS,UP,0.7336,0.875,HIGH,ALIGNED,0.6023,True,True,OOS
2026-06-11,JINDALPOLY.NS,UP,0.9769,1.0,HIGH,ALIGNED,2.7605,True,True,OOS
2026-06-11,PARAS.NS,UP,0.9318,0.75,HIGH,ALIGNED,10.9241,True,True,OOS
2026-06-11,TATACHEM.NS,UP,0.9199,0.75,HIGH,ALIGNED,0.6409,True,True,OOS
2026-06-11,AJANTPHARM.NS,UP,0.8973,1.0,HIGH,ALIGNED,-0.3945,False,False,OOS
2026-06-11,TORNTPHARM.NS,UP,0.8643,1.0,HIGH,ALIGNED,-0.0219,False,False,OOS
2026-06-11,DEEPAKFERT.NS,UP,0.8512,0.875,HIGH,ALIGNED,3.5296,True,True,OOS
2026-06-11,COROMANDEL.NS,UP,0.8425,0.875,HIGH,ALIGNED,2.7391,True,True,OOS
2026-06-11,NAVINFLUOR.NS,UP,0.7932,0.75,HIGH,ALIGNED,2.04,True,True,OOS
2026-06-11,DATAPATTNS.NS,UP,0.7835,0.625,HIGH,ALIGNED,8.1023,True,True,OOS
2026-06-11,ADANIGREEN.NS,UP,0.7772,0.625,HIGH,ALIGNED,2.1451,True,True,OOS
2026-06-11,RBLBANK.NS,UP,0.7585,0.875,HIGH,ALIGNED,1.8797,True,True,OOS
2026-06-11,ICICIBANK.NS,UP,0.7483,1.0,HIGH,ALIGNED,1.8071,True,True,OOS
2026-06-11,BIKAJI.NS,UP,0.7398,0.875,HIGH,ALIGNED,0.3201,True,True,OOS
2026-06-11,LTTS.NS,UP,0.7379,0.5,MEDIUM,ALIGNED,1.8231,True,True,OOS
2026-06-11,MAPMYINDIA.NS,UP,0.7289,0.5,MEDIUM,ALIGNED,-0.0534,False,False,OOS
2026-06-11,PFIZER.NS,UP,0.7265,0.875,HIGH,ALIGNED,-1.393,False,False,OOS
2026-06-11,AXISBANK.NS,UP,0.7165,0.875,HIGH,ALIGNED,2.9606,True,True,OOS
2026-06-11,CERA.NS,UP,0.701,0.875,HIGH,ALIGNED,4.9449,True,True,OOS
2026-06-11,KOTAKBANK.NS,UP,0.6985,0.875,HIGH,ALIGNED,2.5296,True,True,OOS
2026-06-11,COLPAL.NS,UP,0.6883,0.5,MEDIUM,ALIGNED,2.4845,True,True,OOS
2026-06-12,JINDALPOLY.NS,UP,0.9786,1.0,HIGH,ALIGNED,-1.669,False,False,OOS
2026-06-12,DATAPATTNS.NS,UP,0.9397,0.875,HIGH,ALIGNED,-2.6443,False,False,OOS
2026-06-12,ASHOKLEY.NS,UP,0.9317,0.875,HIGH,ALIGNED,3.4438,True,True,OOS
2026-06-12,DEEPAKFERT.NS,UP,0.9161,0.875,HIGH,ALIGNED,-2.9783,False,False,OOS
2026-06-12,CHOLAFIN.NS,UP,0.8954,1.0,HIGH,ALIGNED,5.4525,True,True,OOS
2026-06-12,CERA.NS,UP,0.8837,1.0,HIGH,ALIGNED,1.8717,True,True,OOS
2026-06-12,PARAS.NS,UP,0.8611,0.625,HIGH,ALIGNED,1.0026,True,True,OOS
2026-06-12,CENTUM.NS,UP,0.8524,0.875,HIGH,ALIGNED,1.2225,True,True,OOS
2026-06-12,TATACHEM.NS,UP,0.8361,0.5,MEDIUM,ALIGNED,-1.4545,False,False,OOS
2026-06-12,BSE.NS,UP,0.8281,0.75,HIGH,ALIGNED,2.1009,True,True,OOS
2026-06-12,BANKBARODA.NS,UP,0.8041,1.0,HIGH,ALIGNED,0.4732,True,True,OOS
2026-06-12,BOSCHLTD.NS,UP,0.8002,1.0,HIGH,ALIGNED,0.0256,True,True,OOS
2026-06-12,RBLBANK.NS,UP,0.7959,0.875,HIGH,ALIGNED,1.8587,True,True,OOS
2026-06-12,SHRIRAMFIN.NS,UP,0.7892,1.0,HIGH,ALIGNED,4.7856,True,True,OOS
2026-06-12,LTTS.NS,UP,0.7858,0.375,MEDIUM,CONFLICT,1.319,True,True,OOS
2026-06-12,IDFCFIRSTB.NS,UP,0.7829,0.75,HIGH,ALIGNED,2.3922,True,True,OOS
2026-06-12,NCC.NS,UP,0.7827,0.75,HIGH,ALIGNED,0.6263,True,True,OOS
2026-06-12,COROMANDEL.NS,UP,0.7762,0.875,HIGH,ALIGNED,3.6312,True,True,OOS
2026-06-12,TEJASNET.NS,UP,0.7743,0.875,HIGH,ALIGNED,-2.7553,False,False,OOS
2026-06-12,NAVINFLUOR.NS,UP,0.7656,0.875,HIGH,ALIGNED,-0.2191,False,False,OOS
2026-06-15,JINDALPOLY.NS,UP,0.9668,0.875,HIGH,ALIGNED,-2.6711,False,False,OOS
2026-06-15,CHOLAFIN.NS,UP,0.932,1.0,HIGH,ALIGNED,1.6207,True,True,OOS
2026-06-15,ASHOKLEY.NS,UP,0.924,1.0,HIGH,ALIGNED,0.5073,True,True,OOS
2026-06-15,MRPL.NS,UP,0.9171,1.0,HIGH,ALIGNED,-2.0302,False,False,OOS
2026-06-15,PRESTIGE.NS,UP,0.8938,1.0,HIGH,ALIGNED,3.3005,True,True,OOS
2026-06-15,KALYANKJIL.NS,UP,0.893,1.0,HIGH,ALIGNED,-1.1619,False,False,OOS
2026-06-15,CENTUM.NS,UP,0.8875,0.875,HIGH,ALIGNED,0.0331,True,True,OOS
2026-06-15,CERA.NS,UP,0.8649,0.875,HIGH,ALIGNED,-0.8148,False,False,OOS
2026-06-15,SHRIRAMFIN.NS,UP,0.8587,1.0,HIGH,ALIGNED,0.5097,True,True,OOS
2026-06-15,COROMANDEL.NS,UP,0.8553,0.875,HIGH,ALIGNED,3.6953,True,True,OOS
2026-06-15,DLF.NS,UP,0.8442,1.0,HIGH,ALIGNED,2.4168,True,True,OOS
2026-06-15,RATEGAIN.NS,UP,0.844,0.625,HIGH,ALIGNED,2.4013,True,True,OOS
2026-06-15,GODREJPROP.NS,UP,0.8385,1.0,HIGH,ALIGNED,1.6023,True,True,OOS
2026-06-15,PARAS.NS,UP,0.8257,0.5,MEDIUM,ALIGNED,-1.6965,False,False,OOS
2026-06-15,MUTHOOTFIN.NS,UP,0.8248,0.875,HIGH,ALIGNED,0.2152,True,True,OOS
2026-06-15,M&MFIN.NS,UP,0.7966,0.875,HIGH,ALIGNED,0.0,False,False,OOS
2026-06-15,BPCL.NS,UP,0.7913,1.0,HIGH,ALIGNED,0.4829,True,True,OOS
2026-06-15,RBLBANK.NS,UP,0.7909,1.0,HIGH,ALIGNED,-0.7916,False,False,OOS
2026-06-15,BSE.NS,UP,0.7841,0.75,HIGH,ALIGNED,0.8822,True,True,OOS
2026-06-15,SOBHA.NS,UP,0.7541,0.875,HIGH,ALIGNED,1.6222,True,True,OOS
2026-06-16,PRESTIGE.NS,UP,0.9315,1.0,HIGH,ALIGNED,0.0263,True,True,OOS
2026-06-16,COROMANDEL.NS,UP,0.9125,1.0,HIGH,ALIGNED,-1.1555,False,False,OOS
2026-06-16,CHOLAFIN.NS,UP,0.9077,1.0,HIGH,ALIGNED,-0.0714,False,False,OOS
2026-06-16,ASHOKLEY.NS,UP,0.8805,0.75,HIGH,ALIGNED,0.6751,True,True,OOS
2026-06-16,MGL.NS,UP,0.88,1.0,HIGH,ALIGNED,1.9652,True,True,OOS
2026-06-16,JINDALPOLY.NS,UP,0.8529,0.625,HIGH,ALIGNED,-4.5925,False,False,OOS
2026-06-16,KALYANKJIL.NS,UP,0.845,0.75,HIGH,ALIGNED,1.1887,True,True,OOS
2026-06-16,DLF.NS,UP,0.8442,1.0,HIGH,ALIGNED,-0.9137,False,False,OOS
2026-06-16,GNFC.NS,UP,0.8346,1.0,HIGH,ALIGNED,4.328,True,True,OOS
2026-06-16,COFORGE.NS,UP,0.8214,0.875,HIGH,ALIGNED,0.0614,True,True,OOS
2026-06-16,SOBHA.NS,UP,0.8178,0.875,HIGH,ALIGNED,1.3028,True,True,OOS
2026-06-16,SUZLON.NS,UP,0.8159,1.0,HIGH,ALIGNED,2.3308,True,True,OOS
2026-06-16,HFCL.NS,UP,0.8099,0.875,HIGH,ALIGNED,0.6085,True,True,OOS
2026-06-16,RATEGAIN.NS,UP,0.8036,0.625,HIGH,ALIGNED,4.9565,True,True,OOS
2026-06-16,POLICYBZR.NS,UP,0.7986,0.75,HIGH,ALIGNED,1.741,True,True,OOS
2026-06-16,NAVINFLUOR.NS,UP,0.7904,0.75,HIGH,ALIGNED,0.3896,True,True,OOS
2026-06-16,CENTUM.NS,UP,0.7786,0.75,HIGH,ALIGNED,-0.3611,False,False,OOS
2026-06-16,SHRIRAMFIN.NS,UP,0.7661,0.75,HIGH,ALIGNED,0.174,True,True,OOS
2026-06-16,M&MFIN.NS,UP,0.7572,0.5,MEDIUM,ALIGNED,-0.1175,False,False,OOS
2026-06-16,TEJASNET.NS,UP,0.7543,0.75,HIGH,ALIGNED,3.5432,True,True,OOS
2026-06-17,PRESTIGE.NS,UP,0.8947,0.875,HIGH,ALIGNED,0.4075,True,True,OOS
2026-06-17,GNFC.NS,UP,0.872,1.0,HIGH,ALIGNED,0.599,True,True,OOS
2026-06-17,PARAS.NS,UP,0.8691,0.625,HIGH,ALIGNED,1.9173,True,True,OOS
2026-06-17,YESBANK.NS,UP,0.8636,1.0,HIGH,ALIGNED,1.4735,True,True,OOS
2026-06-17,SUZLON.NS,UP,0.8608,1.0,HIGH,ALIGNED,-1.4004,False,False,OOS
2026-06-17,OLECTRA.NS,UP,0.8553,1.0,HIGH,ALIGNED,6.768,True,True,OOS
2026-06-17,BDL.NS,UP,0.8533,1.0,HIGH,ALIGNED,0.1527,True,True,OOS
2026-06-17,APOLLOTYRE.NS,UP,0.8486,1.0,HIGH,ALIGNED,-0.3724,False,False,OOS
2026-06-17,MGL.NS,UP,0.8462,1.0,HIGH,ALIGNED,0.1489,True,True,OOS
2026-06-17,RAJESHEXPO.NS,UP,0.8462,0.75,HIGH,ALIGNED,4.9972,True,True,OOS
2026-06-17,CROMPTON.NS,UP,0.8447,0.875,HIGH,ALIGNED,0.4349,True,True,OOS
2026-06-17,HFCL.NS,UP,0.84,0.75,HIGH,ALIGNED,4.9966,True,True,OOS
2026-06-17,TEJASNET.NS,UP,0.8282,0.875,HIGH,ALIGNED,-0.3073,False,False,OOS
2026-06-17,ASHOKLEY.NS,UP,0.8278,0.75,HIGH,ALIGNED,-0.7019,False,False,OOS
2026-06-17,KEI.NS,UP,0.8254,1.0,HIGH,ALIGNED,-0.2304,False,False,OOS
2026-06-17,GODREJPROP.NS,UP,0.8175,0.75,HIGH,ALIGNED,1.2246,True,True,OOS
2026-06-17,COCHINSHIP.NS,UP,0.8163,1.0,HIGH,ALIGNED,-2.0397,False,False,OOS
2026-06-17,RATEGAIN.NS,UP,0.816,0.625,HIGH,ALIGNED,0.316,True,True,OOS
2026-06-17,DATAPATTNS.NS,UP,0.8153,1.0,HIGH,ALIGNED,0.6814,True,True,OOS
2026-06-17,STLTECH.NS,UP,0.8139,0.75,HIGH,ALIGNED,4.9627,True,True,OOS
2026-06-18,PARAS.NS,UP,0.9913,0.75,HIGH,ALIGNED,7.5059,True,True,OOS
2026-06-18,RAJESHEXPO.NS,UP,0.9791,0.75,HIGH,ALIGNED,4.9962,True,True,OOS
2026-06-18,OLECTRA.NS,UP,0.9687,1.0,HIGH,ALIGNED,5.0947,True,True,OOS
2026-06-18,BATAINDIA.NS,UP,0.9365,0.75,HIGH,ALIGNED,-5.3424,False,False,OOS
2026-06-18,DATAPATTNS.NS,UP,0.9175,1.0,HIGH,ALIGNED,0.4165,True,True,OOS
2026-06-18,PRESTIGE.NS,UP,0.9026,0.875,HIGH,ALIGNED,-1.9899,False,False,OOS
2026-06-18,STLTECH.NS,UP,0.8971,0.75,HIGH,ALIGNED,1.1048,True,True,OOS
2026-06-18,GALAXYSURF.NS,UP,0.8781,1.0,HIGH,ALIGNED,1.6618,True,True,OOS
2026-06-18,YESBANK.NS,UP,0.8755,0.75,HIGH,ALIGNED,-0.2747,False,False,OOS
2026-06-18,GNFC.NS,UP,0.8462,0.75,HIGH,ALIGNED,0.8976,True,True,OOS
2026-06-18,GRSE.NS,UP,0.8447,0.875,HIGH,ALIGNED,-0.9557,False,False,OOS
2026-06-18,MUTHOOTFIN.NS,UP,0.8413,0.75,HIGH,ALIGNED,-1.7691,False,False,OOS
2026-06-18,DLF.NS,UP,0.838,0.875,HIGH,ALIGNED,-2.5285,False,False,OOS
2026-06-18,RAILTEL.NS,UP,0.8368,0.875,HIGH,ALIGNED,-1.0226,False,False,OOS
2026-06-18,RVNL.NS,UP,0.8353,0.75,HIGH,ALIGNED,-1.45,False,False,OOS
2026-06-18,HFCL.NS,UP,0.832,0.875,HIGH,ALIGNED,4.9992,True,True,OOS
2026-06-18,ONMOBILE.NS,UP,0.8091,0.875,HIGH,ALIGNED,-0.737,False,False,OOS
2026-06-18,CROMPTON.NS,UP,0.7887,0.75,HIGH,ALIGNED,-0.6676,False,False,OOS
2026-06-18,AMBER.NS,UP,0.7868,0.875,HIGH,ALIGNED,-0.9604,False,False,OOS
2026-06-18,M&MFIN.NS,UP,0.7868,0.5,MEDIUM,ALIGNED,-0.6587,False,False,OOS
2026-06-19,PARAS.NS,UP,0.9888,0.75,HIGH,ALIGNED,-2.1155,False,False,OOS
2026-06-19,OLECTRA.NS,UP,0.9754,0.875,HIGH,ALIGNED,0.1908,True,True,OOS
2026-06-19,BATAINDIA.NS,UP,0.9323,0.875,HIGH,ALIGNED,-2.2335,False,False,OOS
2026-06-19,COFORGE.NS,UP,0.9038,0.625,HIGH,ALIGNED,1.4078,True,True,OOS
2026-06-19,CRAFTSMAN.NS,UP,0.8952,0.75,HIGH,ALIGNED,-2.9011,False,False,OOS
2026-06-19,GALAXYSURF.NS,UP,0.8923,1.0,HIGH,ALIGNED,0.5757,True,True,OOS
2026-06-19,AMBER.NS,UP,0.8816,0.875,HIGH,ALIGNED,0.2218,True,True,OOS
2026-06-19,STLTECH.NS,UP,0.8797,0.625,HIGH,ALIGNED,-4.6458,False,False,OOS
2026-06-19,FINEORG.NS,UP,0.8746,0.75,HIGH,ALIGNED,-1.5532,False,False,OOS
2026-06-19,GNFC.NS,UP,0.8682,0.875,HIGH,ALIGNED,2.4399,True,True,OOS
2026-06-19,BDL.NS,UP,0.855,1.0,HIGH,ALIGNED,2.4246,True,True,OOS
2026-06-19,SAPPHIRE.NS,UP,0.8349,0.875,HIGH,ALIGNED,2.177,True,True,OOS
2026-06-19,PRESTIGE.NS,UP,0.8218,0.625,HIGH,ALIGNED,1.0152,True,True,OOS
2026-06-19,SUZLON.NS,UP,0.8175,1.0,HIGH,ALIGNED,0.1858,True,True,OOS
2026-06-19,RATNAMANI.NS,UP,0.8148,1.0,HIGH,ALIGNED,-0.6749,False,False,OOS
2026-06-19,HFCL.NS,UP,0.8141,0.75,HIGH,ALIGNED,-0.0716,False,False,OOS
2026-06-19,RAJESHEXPO.NS,UP,0.8141,0.75,HIGH,ALIGNED,4.9944,True,True,OOS
2026-06-19,RATEGAIN.NS,UP,0.8093,0.5,MEDIUM,ALIGNED,0.6511,True,True,OOS
2026-06-19,IDEAFORGE.NS,UP,0.8062,0.875,HIGH,ALIGNED,-4.3373,False,False,OOS
2026-06-19,SOLARINDS.NS,UP,0.8019,1.0,HIGH,ALIGNED,2.1549,True,True,OOS
2026-06-22,NOCIL.NS,UP,0.9582,0.875,HIGH,ALIGNED,-0.8018,False,False,OOS
2026-06-22,GNFC.NS,UP,0.9345,0.875,HIGH,ALIGNED,-3.7403,False,False,OOS
2026-06-22,OLECTRA.NS,UP,0.9222,0.5,MEDIUM,ALIGNED,-1.4246,False,False,OOS
2026-06-22,ZYDUSWELL.NS,UP,0.9205,1.0,HIGH,ALIGNED,-1.1835,False,False,OOS
2026-06-22,TATACOMM.NS,UP,0.9128,0.875,HIGH,ALIGNED,-1.8674,False,False,OOS
2026-06-22,HFCL.NS,UP,0.8937,0.625,HIGH,ALIGNED,-3.4231,False,False,OOS
2026-06-22,PARAS.NS,UP,0.8872,0.5,MEDIUM,ALIGNED,-3.3252,False,False,OOS
2026-06-22,RAJESHEXPO.NS,UP,0.8795,0.875,HIGH,ALIGNED,4.9912,True,True,OOS
2026-06-22,GRSE.NS,UP,0.8703,1.0,HIGH,ALIGNED,-2.0415,False,False,OOS
2026-06-22,COFORGE.NS,UP,0.8568,0.875,HIGH,ALIGNED,-0.182,False,False,OOS
2026-06-22,BDL.NS,UP,0.8483,1.0,HIGH,ALIGNED,-1.1445,False,False,OOS
2026-06-22,COCHINSHIP.NS,UP,0.8256,0.75,HIGH,ALIGNED,0.4877,True,True,OOS
2026-06-22,DEEPAKFERT.NS,UP,0.8159,0.75,HIGH,ALIGNED,-1.2293,False,False,OOS
2026-06-22,GALAXYSURF.NS,UP,0.8126,0.75,HIGH,ALIGNED,-1.1755,False,False,OOS
2026-06-22,DATAPATTNS.NS,UP,0.8072,0.875,HIGH,ALIGNED,-0.7234,False,False,OOS
2026-06-22,AMBER.NS,UP,0.8007,0.875,HIGH,ALIGNED,-1.4988,False,False,OOS
2026-06-22,POLICYBZR.NS,UP,0.7983,0.875,HIGH,ALIGNED,-2.7804,False,False,OOS
2026-06-22,ONMOBILE.NS,UP,0.7952,0.75,HIGH,ALIGNED,0.7296,True,True,OOS
2026-06-22,SOLARINDS.NS,UP,0.7843,0.875,HIGH,ALIGNED,-1.1605,False,False,OOS
2026-06-22,FINEORG.NS,UP,0.7836,0.875,HIGH,ALIGNED,-1.9928,False,False,OOS
2026-06-23,NOCIL.NS,UP,0.9722,1.0,HIGH,ALIGNED,-3.1433,False,False,OOS
2026-06-23,BASF.NS,UP,0.9171,1.0,HIGH,ALIGNED,0.3497,True,True,OOS
2026-06-23,ZYDUSWELL.NS,UP,0.8681,0.875,HIGH,ALIGNED,-0.877,False,False,OOS
2026-06-23,BDL.NS,UP,0.856,0.875,HIGH,ALIGNED,-0.5106,False,False,OOS
2026-06-23,LAURUSLABS.NS,UP,0.8553,0.875,HIGH,ALIGNED,-1.8096,False,False,OOS
2026-06-23,TATACOMM.NS,UP,0.8473,0.75,HIGH,ALIGNED,0.262,True,True,OOS
2026-06-23,COCHINSHIP.NS,UP,0.8348,1.0,HIGH,ALIGNED,0.2359,True,True,OOS
2026-06-23,DATAPATTNS.NS,UP,0.8287,0.875,HIGH,ALIGNED,-4.3656,False,False,OOS
2026-06-23,SOLARINDS.NS,UP,0.8285,0.75,HIGH,ALIGNED,-1.9916,False,False,OOS
2026-06-23,BATAINDIA.NS,UP,0.8266,0.625,HIGH,ALIGNED,-2.5487,False,False,OOS
2026-06-23,OLECTRA.NS,UP,0.8254,0.625,HIGH,ALIGNED,-0.626,False,False,OOS
2026-06-23,GRANULES.NS,UP,0.8188,0.875,HIGH,ALIGNED,-2.1764,False,False,OOS
2026-06-23,AUROPHARMA.NS,UP,0.8176,1.0,HIGH,ALIGNED,-0.2346,False,False,OOS
2026-06-23,PARAS.NS,UP,0.8169,0.5,MEDIUM,ALIGNED,-3.3421,False,False,OOS
2026-06-23,RAJESHEXPO.NS,UP,0.8027,0.875,HIGH,ALIGNED,-4.9958,False,False,OOS
2026-06-23,NATCOPHARM.NS,UP,0.7964,0.625,HIGH,ALIGNED,0.0784,True,True,OOS
2026-06-23,ERIS.NS,UP,0.7961,1.0,HIGH,ALIGNED,0.3696,True,True,OOS
2026-06-23,GRSE.NS,UP,0.7935,0.625,HIGH,ALIGNED,-0.6959,False,False,OOS
2026-06-23,HFCL.NS,UP,0.7918,0.75,HIGH,ALIGNED,1.226,True,True,OOS
2026-06-23,BHARATFORG.NS,UP,0.7816,0.75,HIGH,ALIGNED,-1.3706,False,False,OOS
2026-06-24,TATACOMM.NS,UP,0.9466,1.0,HIGH,ALIGNED,-1.8043,False,False,OOS
2026-06-24,GALAXYSURF.NS,UP,0.9208,0.625,HIGH,ALIGNED,0.3891,True,True,OOS
2026-06-24,OFSS.NS,UP,0.9063,1.0,HIGH,ALIGNED,4.8335,True,True,OOS
2026-06-24,ONMOBILE.NS,UP,0.8937,1.0,HIGH,ALIGNED,1.9468,True,True,OOS
2026-06-24,NOCIL.NS,UP,0.8802,0.75,HIGH,ALIGNED,-0.8072,False,False,OOS
2026-06-24,RAJESHEXPO.NS,UP,0.8722,0.75,HIGH,ALIGNED,-4.9941,False,False,OOS
2026-06-24,BASF.NS,UP,0.858,1.0,HIGH,ALIGNED,-2.8333,False,False,OOS
2026-06-24,FINEORG.NS,UP,0.8565,0.625,HIGH,ALIGNED,-0.6546,False,False,OOS
2026-06-24,OLECTRA.NS,UP,0.8425,0.5,MEDIUM,ALIGNED,0.0871,True,True,OOS
2026-06-24,LAURUSLABS.NS,UP,0.8367,0.875,HIGH,ALIGNED,-0.2888,False,False,OOS
2026-06-24,ZYDUSWELL.NS,UP,0.8329,0.75,HIGH,ALIGNED,-1.4176,False,False,OOS
2026-06-24,M&MFIN.NS,UP,0.794,0.875,HIGH,ALIGNED,5.6941,True,True,OOS
2026-06-24,BATAINDIA.NS,UP,0.7886,0.5,MEDIUM,ALIGNED,0.014,True,True,OOS
2026-06-24,DEEPAKNTR.NS,UP,0.7713,0.75,HIGH,ALIGNED,-1.3858,False,False,OOS
2026-06-24,BDL.NS,UP,0.7693,0.75,HIGH,ALIGNED,-1.0914,False,False,OOS
2026-06-24,ENDURANCE.NS,UP,0.7638,0.875,HIGH,ALIGNED,-0.4206,False,False,OOS
2026-06-24,CHOLAFIN.NS,UP,0.742,0.625,HIGH,ALIGNED,0.3514,True,True,OOS
2026-06-24,NAVINFLUOR.NS,UP,0.7365,0.75,HIGH,ALIGNED,-1.1626,False,False,OOS
2026-06-24,SUNDRMFAST.NS,UP,0.7345,0.75,HIGH,ALIGNED,3.0333,True,True,OOS
2026-06-24,EXIDEIND.NS,UP,0.7331,1.0,HIGH,ALIGNED,-2.428,False,False,OOS
2026-06-25,OFSS.NS,UP,0.9192,0.75,HIGH,ALIGNED,0.0,False,False,OOS
2026-06-25,ONMOBILE.NS,UP,0.9092,0.625,HIGH,ALIGNED,0.0,False,False,OOS
2026-06-25,M&MFIN.NS,UP,0.9058,1.0,HIGH,ALIGNED,0.0,False,False,OOS
2026-06-25,MOTHERSON.NS,UP,0.8624,1.0,HIGH,ALIGNED,0.0,False,False,OOS
2026-06-25,WELCORP.NS,UP,0.8624,1.0,HIGH,ALIGNED,0.0,False,False,OOS
2026-06-25,ZYDUSWELL.NS,UP,0.8437,0.75,HIGH,ALIGNED,0.0,False,False,OOS
2026-06-25,TATACHEM.NS,UP,0.8255,1.0,HIGH,ALIGNED,0.0,False,False,OOS
2026-06-25,SUNDRMFAST.NS,UP,0.8136,0.75,HIGH,ALIGNED,0.0,False,False,OOS
2026-06-25,NOCIL.NS,UP,0.8029,0.5,MEDIUM,ALIGNED,0.0,False,False,OOS
2026-06-25,BASF.NS,UP,0.7998,0.625,HIGH,ALIGNED,0.0,False,False,OOS
2026-06-25,AUROPHARMA.NS,UP,0.7852,1.0,HIGH,ALIGNED,0.0,False,False,OOS
2026-06-25,GALAXYSURF.NS,UP,0.7799,0.625,HIGH,ALIGNED,0.0,False,False,OOS
2026-06-25,CENTUM.NS,UP,0.7731,0.5,MEDIUM,ALIGNED,0.0,False,False,OOS
2026-06-25,PNBHOUSING.NS,UP,0.766,0.875,HIGH,ALIGNED,0.0,False,False,OOS
2026-06-25,BHARATFORG.NS,UP,0.7602,0.625,HIGH,ALIGNED,0.0,False,False,OOS
2026-06-25,ENDURANCE.NS,UP,0.7539,0.875,HIGH,ALIGNED,0.0,False,False,OOS
2026-06-25,LAURUSLABS.NS,UP,0.7515,0.875,HIGH,ALIGNED,0.0,False,False,OOS
2026-06-25,TATACOMM.NS,UP,0.7425,0.5,MEDIUM,ALIGNED,0.0,False,False,OOS
2026-06-25,EXIDEIND.NS,UP,0.742,0.75,HIGH,ALIGNED,0.0,False,False,OOS
2026-06-25,DEEPAKFERT.NS,UP,0.7342,0.625,HIGH,ALIGNED,0.0,False,False,OOS
2026-06-29,ONMOBILE.NS,UP,0.9555,0.75,HIGH,ALIGNED,2.0425,True,True,OOS
2026-06-29,M&MFIN.NS,UP,0.9428,0.875,HIGH,ALIGNED,0.1268,True,True,OOS
2026-06-29,ZYDUSWELL.NS,UP,0.9195,0.75,HIGH,ALIGNED,1.0449,True,True,OOS
2026-06-29,AJANTPHARM.NS,UP,0.8935,1.0,HIGH,ALIGNED,1.1376,True,True,OOS
2026-06-29,WELCORP.NS,UP,0.8661,0.875,HIGH,ALIGNED,0.7347,True,True,OOS
2026-06-29,LAURUSLABS.NS,UP,0.8522,1.0,HIGH,ALIGNED,1.1398,True,True,OOS
2026-06-29,MOTHERSON.NS,UP,0.8457,0.875,HIGH,ALIGNED,-1.6273,False,False,OOS
2026-06-29,OFSS.NS,UP,0.8341,0.875,HIGH,ALIGNED,-0.9104,False,False,OOS
2026-06-29,BHARATFORG.NS,UP,0.8207,0.625,HIGH,ALIGNED,-1.2345,False,False,OOS
2026-06-29,GRANULES.NS,UP,0.8091,0.875,HIGH,ALIGNED,2.3213,True,True,OOS
2026-06-29,SAIL.NS,UP,0.8002,0.75,HIGH,ALIGNED,-0.993,False,False,OOS
2026-06-29,SHRIRAMFIN.NS,UP,0.799,1.0,HIGH,ALIGNED,0.92,True,True,OOS
2026-06-29,SUNDRMFAST.NS,UP,0.793,0.625,HIGH,ALIGNED,0.576,True,True,OOS
2026-06-29,TORNTPHARM.NS,UP,0.7913,1.0,HIGH,ALIGNED,-0.8051,False,False,OOS
2026-06-29,CHOLAFIN.NS,UP,0.7685,0.5,MEDIUM,ALIGNED,0.8906,True,True,OOS
2026-06-29,DRREDDY.NS,UP,0.7632,0.75,HIGH,ALIGNED,-1.352,False,False,OOS
2026-06-29,ASHOKLEY.NS,UP,0.7627,0.875,HIGH,ALIGNED,0.2161,True,True,OOS
2026-06-29,NATCOPHARM.NS,UP,0.7502,0.625,HIGH,ALIGNED,1.2833,True,True,OOS
2026-06-29,LICHSGFIN.NS,UP,0.7397,1.0,HIGH,ALIGNED,0.5796,True,True,OOS
2026-06-29,MARICO.NS,UP,0.7339,1.0,HIGH,ALIGNED,-0.4405,False,False,OOS
2026-06-30,ONMOBILE.NS,UP,0.9637,0.75,HIGH,ALIGNED,5.3539,True,True,OOS
2026-06-30,ZYDUSWELL.NS,UP,0.9293,0.75,HIGH,ALIGNED,-1.1992,False,False,OOS
2026-06-30,RATEGAIN.NS,UP,0.9151,0.875,HIGH,ALIGNED,0.4226,True,True,OOS
2026-06-30,CENTUM.NS,UP,0.874,1.0,HIGH,ALIGNED,-1.7759,False,False,OOS
2026-06-30,M&MFIN.NS,UP,0.818,0.625,HIGH,ALIGNED,-0.2058,False,False,OOS
2026-06-30,FINEORG.NS,UP,0.8151,0.75,HIGH,ALIGNED,-1.639,False,False,OOS
2026-06-30,MARUTI.NS,UP,0.8103,1.0,HIGH,ALIGNED,1.9837,True,True,OOS
2026-06-30,AJANTPHARM.NS,UP,0.806,0.75,HIGH,ALIGNED,-2.1971,False,False,OOS
2026-06-30,KALYANKJIL.NS,UP,0.7995,0.875,HIGH,ALIGNED,-1.4611,False,False,OOS
2026-06-30,SUNDRMFAST.NS,UP,0.7933,0.75,HIGH,ALIGNED,0.3426,True,True,OOS
2026-06-30,GODREJPROP.NS,UP,0.7873,1.0,HIGH,ALIGNED,4.9823,True,True,OOS
2026-06-30,OFSS.NS,UP,0.7769,0.625,HIGH,ALIGNED,0.812,True,True,OOS
2026-06-30,MOTHERSON.NS,UP,0.7764,0.625,HIGH,ALIGNED,-0.4051,False,False,OOS
2026-06-30,COROMANDEL.NS,UP,0.77,1.0,HIGH,ALIGNED,-0.5885,False,False,OOS
2026-06-30,BEML.NS,UP,0.7647,0.875,HIGH,ALIGNED,3.7094,True,True,OOS
2026-06-30,COCHINSHIP.NS,UP,0.7625,0.875,HIGH,ALIGNED,-0.2321,False,False,OOS
2026-06-30,GRANULES.NS,UP,0.7589,0.875,HIGH,ALIGNED,-0.2275,False,False,OOS
2026-06-30,RADICO.NS,UP,0.7555,0.75,HIGH,ALIGNED,0.18,True,True,OOS
2026-06-30,SOLARINDS.NS,UP,0.7505,0.875,HIGH,ALIGNED,-0.46,False,False,OOS
2026-06-30,PRESTIGE.NS,UP,0.7495,0.875,HIGH,ALIGNED,3.8796,True,True,OOS
2026-07-01,ONMOBILE.NS,UP,0.972,0.75,HIGH,ALIGNED,19.9876,True,True,OOS
2026-07-01,RATEGAIN.NS,UP,0.9217,0.875,HIGH,ALIGNED,4.6791,True,True,OOS
2026-07-01,BEML.NS,UP,0.8865,1.0,HIGH,ALIGNED,2.2621,True,True,OOS
2026-07-01,PRESTIGE.NS,UP,0.8807,0.875,HIGH,ALIGNED,3.0025,True,True,OOS
2026-07-01,ASHOKLEY.NS,UP,0.8783,1.0,HIGH,ALIGNED,1.4847,True,True,OOS
2026-07-01,GODREJPROP.NS,UP,0.8548,0.875,HIGH,ALIGNED,0.4644,True,True,OOS
2026-07-01,DLF.NS,UP,0.8459,1.0,HIGH,ALIGNED,1.4645,True,True,OOS
2026-07-01,MARUTI.NS,UP,0.837,1.0,HIGH,ALIGNED,-0.3265,False,False,OOS
2026-07-01,PAGEIND.NS,UP,0.8275,0.75,HIGH,ALIGNED,-1.6625,False,False,OOS
2026-07-01,GRANULES.NS,UP,0.8114,0.75,HIGH,ALIGNED,1.7624,True,True,OOS
2026-07-01,ZYDUSWELL.NS,UP,0.8065,0.75,HIGH,ALIGNED,4.5646,True,True,OOS
2026-07-01,WELCORP.NS,UP,0.8024,0.75,HIGH,ALIGNED,1.4348,True,True,OOS
2026-07-01,IDEAFORGE.NS,UP,0.7884,0.75,HIGH,ALIGNED,-1.0918,False,False,OOS
2026-07-01,SOLARINDS.NS,UP,0.7814,0.75,HIGH,ALIGNED,0.2633,True,True,OOS
2026-07-01,NESTLEIND.NS,UP,0.7717,1.0,HIGH,ALIGNED,-0.5228,False,False,OOS
2026-07-01,IDEA.NS,UP,0.7594,0.875,HIGH,ALIGNED,-1.0929,False,False,OOS
2026-07-01,COLPAL.NS,UP,0.7539,1.0,HIGH,ALIGNED,-0.5019,False,False,OOS
2026-07-01,EMAMILTD.NS,UP,0.7437,1.0,HIGH,ALIGNED,0.5184,True,True,OOS
2026-07-01,DABUR.NS,UP,0.7374,1.0,HIGH,ALIGNED,0.5059,True,True,OOS
2026-07-01,MOTHERSON.NS,UP,0.7348,0.625,HIGH,ALIGNED,0.0542,True,True,OOS
2026-07-02,ONMOBILE.NS,UP,0.9893,0.75,HIGH,ALIGNED,3.0252,True,True,OOS
2026-07-02,MAPMYINDIA.NS,UP,0.9786,1.0,HIGH,ALIGNED,2.6248,True,True,OOS
2026-07-02,RATEGAIN.NS,UP,0.9595,0.75,HIGH,ALIGNED,-0.4391,False,False,OOS
2026-07-02,ZYDUSWELL.NS,UP,0.9534,0.75,HIGH,ALIGNED,0.6477,True,True,OOS
2026-07-02,ZENSARTECH.NS,UP,0.9238,0.875,HIGH,ALIGNED,10.4312,True,True,OOS
2026-07-02,PRESTIGE.NS,UP,0.8961,0.75,HIGH,ALIGNED,-0.3644,False,False,OOS
2026-07-02,GRANULES.NS,UP,0.8867,1.0,HIGH,ALIGNED,0.981,True,True,OOS
2026-07-02,BEML.NS,UP,0.8777,1.0,HIGH,ALIGNED,-0.1232,False,False,OOS
2026-07-02,EXIDEIND.NS,UP,0.8665,1.0,HIGH,ALIGNED,-0.6558,False,False,OOS
2026-07-02,PARAS.NS,UP,0.8607,0.875,HIGH,ALIGNED,-3.7059,False,False,OOS
2026-07-02,APOLLOTYRE.NS,UP,0.859,0.875,HIGH,ALIGNED,-1.774,False,False,OOS
2026-07-02,NAUKRI.NS,UP,0.8456,1.0,HIGH,ALIGNED,0.8283,True,True,OOS
2026-07-02,DLF.NS,UP,0.8357,1.0,HIGH,ALIGNED,2.6892,True,True,OOS
2026-07-02,ROUTE.NS,UP,0.8352,1.0,HIGH,ALIGNED,1.8963,True,True,OOS
2026-07-02,SOLARINDS.NS,UP,0.7956,0.75,HIGH,ALIGNED,-0.7771,False,False,OOS
2026-07-02,DEEPAKFERT.NS,UP,0.7697,0.875,HIGH,ALIGNED,-0.9013,False,False,OOS
2026-07-02,IDEAFORGE.NS,UP,0.768,0.625,HIGH,ALIGNED,-3.0045,False,False,OOS
2026-07-02,COCHINSHIP.NS,UP,0.7621,0.75,HIGH,ALIGNED,0.3159,True,True,OOS
2026-07-02,MASTEK.NS,UP,0.7621,0.875,HIGH,ALIGNED,0.4896,True,True,OOS
2026-07-02,ALKYLAMINE.NS,UP,0.7609,1.0,HIGH,ALIGNED,-0.0492,False,False,OOS
2026-07-03,ONMOBILE.NS,UP,0.992,0.75,HIGH,ALIGNED,-5.5604,False,False,OOS
2026-07-03,ZENSARTECH.NS,UP,0.9742,1.0,HIGH,ALIGNED,-7.392,False,False,OOS
2026-07-03,MAPMYINDIA.NS,UP,0.9563,1.0,HIGH,ALIGNED,0.9272,True,True,OOS
2026-07-03,RATEGAIN.NS,UP,0.9058,0.5,MEDIUM,ALIGNED,0.3188,True,True,OOS
2026-07-03,INTELLECT.NS,UP,0.8763,1.0,HIGH,ALIGNED,-2.2427,False,False,OOS
2026-07-03,ROUTE.NS,UP,0.8737,1.0,HIGH,ALIGNED,-0.7227,False,False,OOS
2026-07-03,GRANULES.NS,UP,0.8614,0.875,HIGH,ALIGNED,2.4466,True,True,OOS
2026-07-03,NATIONALUM.NS,UP,0.8582,0.625,HIGH,ALIGNED,0.9925,True,True,OOS
2026-07-03,HCLTECH.NS,UP,0.8527,1.0,HIGH,ALIGNED,-0.4214,False,False,OOS
2026-07-03,NAUKRI.NS,UP,0.835,1.0,HIGH,ALIGNED,-0.9182,False,False,OOS
2026-07-03,DLF.NS,UP,0.8333,0.875,HIGH,ALIGNED,-0.3847,False,False,OOS
2026-07-03,BEML.NS,UP,0.8326,0.75,HIGH,ALIGNED,-0.5095,False,False,OOS
2026-07-03,EMAMILTD.NS,UP,0.8256,1.0,HIGH,ALIGNED,-0.7856,False,False,OOS
2026-07-03,PRESTIGE.NS,UP,0.8082,0.625,HIGH,ALIGNED,2.1283,True,True,OOS
2026-07-03,EXIDEIND.NS,UP,0.8065,0.75,HIGH,ALIGNED,-0.204,False,False,OOS
2026-07-03,LAURUSLABS.NS,UP,0.806,1.0,HIGH,ALIGNED,-0.8494,False,False,OOS
2026-07-03,SOLARINDS.NS,UP,0.8019,0.625,HIGH,ALIGNED,0.135,True,True,OOS
2026-07-03,ZYDUSWELL.NS,UP,0.8017,0.625,HIGH,ALIGNED,-2.599,False,False,OOS
2026-07-03,COCHINSHIP.NS,UP,0.7778,0.875,HIGH,ALIGNED,-1.1613,False,False,OOS
2026-07-03,GODREJPROP.NS,UP,0.7763,0.875,HIGH,ALIGNED,2.5045,True,True,OOS
2026-07-06,ONMOBILE.NS,UP,0.957,0.625,HIGH,ALIGNED,-2.8579,False,False,OOS
2026-07-06,MAPMYINDIA.NS,UP,0.9435,1.0,HIGH,ALIGNED,0.9186,True,True,OOS
2026-07-06,ZENSARTECH.NS,UP,0.9399,0.875,HIGH,ALIGNED,-2.1446,False,False,OOS
2026-07-06,PARAS.NS,UP,0.9353,0.875,HIGH,ALIGNED,-4.7041,False,False,OOS
2026-07-06,MANAPPURAM.NS,UP,0.9217,1.0,HIGH,ALIGNED,-1.1557,False,False,OOS
2026-07-06,ADANIENSOL.NS,UP,0.906,1.0,HIGH,ALIGNED,1.7377,True,True,OOS
2026-07-06,RAJESHEXPO.NS,UP,0.8901,0.75,HIGH,ALIGNED,0.0718,True,True,OOS
2026-07-06,SUDARSCHEM.NS,UP,0.8623,1.0,HIGH,ALIGNED,-0.5008,False,False,OOS
2026-07-06,BDL.NS,UP,0.8565,1.0,HIGH,ALIGNED,-0.9861,False,False,OOS
2026-07-06,PRESTIGE.NS,UP,0.8536,0.75,HIGH,ALIGNED,-1.7728,False,False,OOS
2026-07-06,BEML.NS,UP,0.8505,0.75,HIGH,ALIGNED,-1.2182,False,False,OOS
2026-07-06,HFCL.NS,UP,0.8486,0.875,HIGH,ALIGNED,0.4846,True,True,OOS
2026-07-06,PERSISTENT.NS,UP,0.8483,0.75,HIGH,ALIGNED,3.5837,True,True,OOS
2026-07-06,RATEGAIN.NS,UP,0.8435,0.5,MEDIUM,ALIGNED,0.4714,True,True,OOS
2026-07-06,DLF.NS,UP,0.8295,0.875,HIGH,ALIGNED,-3.2972,False,False,OOS
2026-07-06,GODREJPROP.NS,UP,0.8266,0.75,HIGH,ALIGNED,-0.1613,False,False,OOS
2026-07-06,INDUSINDBK.NS,UP,0.8164,1.0,HIGH,ALIGNED,1.2329,True,True,OOS
2026-07-06,GRANULES.NS,UP,0.8145,0.875,HIGH,ALIGNED,1.0946,True,True,OOS
2026-07-06,IDEAFORGE.NS,UP,0.8087,0.625,HIGH,ALIGNED,-1.5867,False,False,OOS
2026-07-06,APOLLOTYRE.NS,UP,0.7971,0.875,HIGH,ALIGNED,-0.2196,False,False,OOS
2026-07-07,NAUKRI.NS,UP,0.9587,0.75,HIGH,ALIGNED,1.6861,True,True,OOS
2026-07-07,PERSISTENT.NS,UP,0.9336,1.0,HIGH,ALIGNED,-2.3604,False,False,OOS
2026-07-07,MPHASIS.NS,UP,0.9229,1.0,HIGH,ALIGNED,-5.5883,False,False,OOS
2026-07-07,ADANIENSOL.NS,UP,0.9099,1.0,HIGH,ALIGNED,0.2726,True,True,OOS
2026-07-07,INTELLECT.NS,UP,0.9031,1.0,HIGH,ALIGNED,-3.8656,False,False,OOS
2026-07-07,INFY.NS,UP,0.8988,0.875,HIGH,ALIGNED,-0.2333,False,False,OOS
2026-07-07,HCLTECH.NS,UP,0.8821,1.0,HIGH,ALIGNED,-1.9346,False,False,OOS
2026-07-07,MAPMYINDIA.NS,UP,0.8749,0.75,HIGH,ALIGNED,-2.5425,False,False,OOS
2026-07-07,RAJESHEXPO.NS,UP,0.8592,0.75,HIGH,ALIGNED,-4.4201,False,False,OOS
2026-07-07,ZENSARTECH.NS,UP,0.8582,0.625,HIGH,ALIGNED,-3.5493,False,False,OOS
2026-07-07,RATNAMANI.NS,UP,0.8452,0.875,HIGH,ALIGNED,-0.4802,False,False,OOS
2026-07-07,INDUSINDBK.NS,UP,0.8372,0.75,HIGH,ALIGNED,-2.6999,False,False,OOS
2026-07-07,GRANULES.NS,UP,0.8164,0.75,HIGH,ALIGNED,-0.4632,False,False,OOS
2026-07-07,HFCL.NS,UP,0.8145,0.875,HIGH,ALIGNED,-4.9991,False,False,OOS
2026-07-07,PRESTIGE.NS,UP,0.8106,0.625,HIGH,ALIGNED,-2.271,False,False,OOS
2026-07-07,SUDARSCHEM.NS,UP,0.8058,0.875,HIGH,ALIGNED,-1.0228,False,False,OOS
2026-07-07,PNBHOUSING.NS,UP,0.8002,1.0,HIGH,ALIGNED,-3.3793,False,False,OOS
2026-07-07,GODREJPROP.NS,UP,0.7845,0.75,HIGH,ALIGNED,-3.1129,False,False,OOS
2026-07-07,SOBHA.NS,UP,0.7812,1.0,HIGH,ALIGNED,-0.2063,False,False,OOS
2026-07-07,ROUTE.NS,UP,0.7809,0.875,HIGH,ALIGNED,-3.8649,False,False,OOS
2026-07-08,NAUKRI.NS,UP,0.9546,0.75,HIGH,ALIGNED,1.9381,True,True,OOS
2026-07-08,ALKYLAMINE.NS,UP,0.925,1.0,HIGH,ALIGNED,5.4489,True,True,OOS
2026-07-08,JINDALPOLY.NS,UP,0.9056,0.75,HIGH,ALIGNED,4.9958,True,True,OOS
2026-07-08,ADANIENSOL.NS,UP,0.9019,1.0,HIGH,ALIGNED,-2.235,False,False,OOS
2026-07-08,EXIDEIND.NS,UP,0.8801,1.0,HIGH,ALIGNED,0.9137,True,True,OOS
2026-07-08,M&MFIN.NS,UP,0.8782,0.875,HIGH,ALIGNED,1.5378,True,True,OOS
2026-07-08,RATNAMANI.NS,UP,0.8752,0.875,HIGH,ALIGNED,1.6753,True,True,OOS
2026-07-08,MPHASIS.NS,UP,0.8682,0.5,MEDIUM,ALIGNED,0.8653,True,True,OOS
2026-07-08,INFY.NS,UP,0.8485,0.625,HIGH,ALIGNED,-1.7301,False,False,OOS
2026-07-08,MUTHOOTFIN.NS,UP,0.8318,0.875,HIGH,ALIGNED,-0.84,False,False,OOS
2026-07-08,INTELLECT.NS,UP,0.825,0.5,MEDIUM,ALIGNED,-0.8736,False,False,OOS
2026-07-08,MAPMYINDIA.NS,UP,0.818,0.625,HIGH,ALIGNED,14.7888,True,True,OOS
2026-07-08,LTTS.NS,UP,0.8155,0.375,MEDIUM,CONFLICT,2.4355,True,True,OOS
2026-07-08,PERSISTENT.NS,UP,0.8124,0.625,HIGH,ALIGNED,1.2664,True,True,OOS
2026-07-08,SUDARSCHEM.NS,UP,0.8107,0.875,HIGH,ALIGNED,3.0073,True,True,OOS
2026-07-08,NATIONALUM.NS,UP,0.809,0.625,HIGH,ALIGNED,-0.0715,False,False,OOS
2026-07-08,MANAPPURAM.NS,UP,0.8078,0.75,HIGH,ALIGNED,-0.0301,False,False,OOS
2026-07-08,INDUSINDBK.NS,UP,0.8058,0.875,HIGH,ALIGNED,2.061,True,True,OOS
2026-07-08,COFORGE.NS,UP,0.8049,0.5,MEDIUM,ALIGNED,1.57,True,True,OOS
2026-07-08,SOBHA.NS,UP,0.7961,1.0,HIGH,ALIGNED,1.2817,True,True,OOS
2026-07-09,KALYANKJIL.NS,UP,0.9824,0.875,HIGH,ALIGNED,7.4831,True,True,OOS
2026-07-09,MAPMYINDIA.NS,UP,0.9822,0.75,HIGH,ALIGNED,1.3234,True,True,OOS
2026-07-09,ALKYLAMINE.NS,UP,0.9517,1.0,HIGH,ALIGNED,0.0716,True,True,OOS
2026-07-09,JINDALPOLY.NS,UP,0.9405,0.875,HIGH,ALIGNED,4.9993,True,True,OOS
2026-07-09,NAUKRI.NS,UP,0.9405,0.75,HIGH,ALIGNED,0.1831,True,True,OOS
2026-07-09,WELCORP.NS,UP,0.9368,1.0,HIGH,ALIGNED,0.668,True,True,OOS
2026-07-09,HFCL.NS,UP,0.889,0.625,HIGH,ALIGNED,1.1971,True,True,OOS
2026-07-09,SUDARSCHEM.NS,UP,0.8802,1.0,HIGH,ALIGNED,6.0831,True,True,OOS
2026-07-09,JYOTHYLAB.NS,UP,0.828,1.0,HIGH,ALIGNED,-0.5455,False,False,OOS
2026-07-09,NATIONALUM.NS,UP,0.8241,0.375,MEDIUM,CONFLICT,1.5308,True,True,OOS
2026-07-09,DEEPAKNTR.NS,UP,0.8232,0.875,HIGH,ALIGNED,1.4064,True,True,OOS
2026-07-09,ADANIENSOL.NS,UP,0.8207,0.625,HIGH,ALIGNED,2.1934,True,True,OOS
2026-07-09,M&MFIN.NS,UP,0.8154,0.875,HIGH,ALIGNED,1.2175,True,True,OOS
2026-07-09,MUTHOOTFIN.NS,UP,0.8061,0.5,MEDIUM,ALIGNED,2.3549,True,True,OOS
2026-07-09,GRANULES.NS,UP,0.7959,0.625,HIGH,ALIGNED,0.8843,True,True,OOS
2026-07-09,PERSISTENT.NS,UP,0.7778,0.75,HIGH,ALIGNED,4.6378,True,True,OOS
2026-07-09,AMBER.NS,UP,0.7698,0.625,HIGH,ALIGNED,2.3485,True,True,OOS
2026-07-09,INDUSINDBK.NS,UP,0.7605,0.875,HIGH,ALIGNED,0.064,True,True,OOS
2026-07-09,HCLTECH.NS,UP,0.7539,0.75,HIGH,ALIGNED,1.1909,True,True,OOS
2026-07-09,LTTS.NS,UP,0.7529,0.625,HIGH,ALIGNED,1.8834,True,True,OOS
2026-07-10,KALYANKJIL.NS,UP,0.9874,0.75,HIGH,ALIGNED,7.2456,True,True,OOS
2026-07-10,IDEAFORGE.NS,UP,0.9542,1.0,HIGH,ALIGNED,0.7494,True,True,OOS
2026-07-10,MAPMYINDIA.NS,UP,0.9485,0.625,HIGH,ALIGNED,9.3737,True,True,OOS
2026-07-10,SUDARSCHEM.NS,UP,0.9367,0.75,HIGH,ALIGNED,3.8829,True,True,OOS
2026-07-10,MRPL.NS,UP,0.9298,1.0,HIGH,ALIGNED,1.3847,True,True,OOS
2026-07-10,WELCORP.NS,UP,0.9254,0.875,HIGH,ALIGNED,0.4527,True,True,OOS
2026-07-10,ALKYLAMINE.NS,UP,0.914,0.875,HIGH,ALIGNED,-2.684,False,False,OOS
2026-07-10,PERSISTENT.NS,UP,0.9108,0.875,HIGH,ALIGNED,2.7405,True,True,OOS
2026-07-10,JINDALPOLY.NS,UP,0.8606,0.875,HIGH,ALIGNED,-4.274,False,False,OOS
2026-07-10,SOBHA.NS,UP,0.8436,1.0,HIGH,ALIGNED,0.4169,True,True,OOS
2026-07-10,RBLBANK.NS,UP,0.83,1.0,HIGH,ALIGNED,-0.0131,False,False,OOS
2026-07-10,NAUKRI.NS,UP,0.8276,0.5,MEDIUM,ALIGNED,-1.0797,False,False,OOS
2026-07-10,OFSS.NS,UP,0.8222,0.75,HIGH,ALIGNED,0.8154,True,True,OOS
2026-07-10,DEEPAKNTR.NS,UP,0.8089,0.875,HIGH,ALIGNED,1.4112,True,True,OOS
2026-07-10,NATCOPHARM.NS,UP,0.801,0.75,HIGH,ALIGNED,-0.4217,False,False,OOS
2026-07-10,RATNAMANI.NS,UP,0.7993,0.875,HIGH,ALIGNED,-1.3735,False,False,OOS
2026-07-10,GODREJPROP.NS,UP,0.7911,0.625,HIGH,ALIGNED,1.3877,True,True,OOS
2026-07-10,KPITTECH.NS,UP,0.7808,0.5,MEDIUM,ALIGNED,2.0828,True,True,OOS
2026-07-10,PNBHOUSING.NS,UP,0.7773,0.875,HIGH,ALIGNED,1.0535,True,True,OOS
2026-07-10,LTTS.NS,UP,0.7771,0.75,HIGH,ALIGNED,0.5948,True,True,OOS
2026-07-13,KALYANKJIL.NS,UP,0.9942,0.75,HIGH,ALIGNED,3.7403,True,True,OOS
2026-07-13,MAPMYINDIA.NS,UP,0.9854,0.75,HIGH,ALIGNED,-0.5064,False,False,OOS
2026-07-13,JINDALPOLY.NS,UP,0.9609,0.75,HIGH,ALIGNED,-2.2106,False,False,OOS
2026-07-13,ZENSARTECH.NS,UP,0.9592,1.0,HIGH,ALIGNED,-2.2769,False,False,OOS
2026-07-13,SUDARSCHEM.NS,UP,0.9381,0.75,HIGH,ALIGNED,2.7118,True,True,OOS
2026-07-13,MRPL.NS,UP,0.9282,1.0,HIGH,ALIGNED,-4.7226,False,False,OOS
2026-07-13,MASTEK.NS,UP,0.9228,1.0,HIGH,ALIGNED,-1.7316,False,False,OOS
2026-07-13,HCLTECH.NS,UP,0.9141,1.0,HIGH,ALIGNED,-4.4628,False,False,OOS
2026-07-13,IDEAFORGE.NS,UP,0.9,1.0,HIGH,ALIGNED,-0.4738,False,False,OOS
2026-07-13,TCS.NS,UP,0.8898,1.0,HIGH,ALIGNED,0.8755,True,True,OOS
2026-07-13,OFSS.NS,UP,0.8867,0.75,HIGH,ALIGNED,-0.8514,False,False,OOS
2026-07-13,KPITTECH.NS,UP,0.8786,0.75,HIGH,ALIGNED,-3.1127,False,False,OOS
2026-07-13,ROUTE.NS,UP,0.866,0.875,HIGH,ALIGNED,-2.3076,False,False,OOS
2026-07-13,SHYAMMETL.NS,UP,0.8638,1.0,HIGH,ALIGNED,0.6412,True,True,OOS
2026-07-13,COFORGE.NS,UP,0.8597,1.0,HIGH,ALIGNED,-0.4153,False,False,OOS
2026-07-13,LTTS.NS,UP,0.8595,1.0,HIGH,ALIGNED,-0.1395,False,False,OOS
2026-07-13,PERSISTENT.NS,UP,0.8556,0.875,HIGH,ALIGNED,-1.2191,False,False,OOS
2026-07-13,INFY.NS,UP,0.849,1.0,HIGH,ALIGNED,-0.8797,False,False,OOS
2026-07-13,UNIONBANK.NS,UP,0.849,1.0,HIGH,ALIGNED,0.1643,True,True,OOS
2026-07-13,CENTUM.NS,UP,0.8464,1.0,HIGH,ALIGNED,-3.1675,False,False,OOS
2026-07-14,KALYANKJIL.NS,UP,0.9909,0.75,HIGH,ALIGNED,3.4639,True,True,OOS
2026-07-14,WELCORP.NS,UP,0.9628,0.75,HIGH,ALIGNED,-0.196,False,False,OOS
2026-07-14,SUDARSCHEM.NS,UP,0.9525,0.75,HIGH,ALIGNED,0.3095,True,True,OOS
2026-07-14,BIOCON.NS,UP,0.9333,1.0,HIGH,ALIGNED,-0.6174,False,False,OOS
2026-07-14,ZENSARTECH.NS,UP,0.9217,0.875,HIGH,ALIGNED,-2.8036,False,False,OOS
2026-07-14,MRPL.NS,UP,0.9158,0.75,HIGH,ALIGNED,0.3249,True,True,OOS
2026-07-14,MAPMYINDIA.NS,UP,0.9057,0.625,HIGH,ALIGNED,-0.263,False,False,OOS
2026-07-14,ADANIGREEN.NS,UP,0.8865,1.0,HIGH,ALIGNED,-3.0601,False,False,OOS
2026-07-14,IDEAFORGE.NS,UP,0.8488,0.875,HIGH,ALIGNED,-2.8178,False,False,OOS
2026-07-14,MASTEK.NS,UP,0.8453,0.875,HIGH,ALIGNED,-1.8261,False,False,OOS
2026-07-14,TCS.NS,UP,0.8421,1.0,HIGH,ALIGNED,-0.518,False,False,OOS
2026-07-14,BLUESTARCO.NS,UP,0.8333,0.875,HIGH,ALIGNED,0.441,True,True,OOS
2026-07-14,NATIONALUM.NS,UP,0.833,0.875,HIGH,ALIGNED,-0.9318,False,False,OOS
2026-07-14,SHYAMMETL.NS,UP,0.831,1.0,HIGH,ALIGNED,-0.2124,False,False,OOS
2026-07-14,UNIONBANK.NS,UP,0.82,0.875,HIGH,ALIGNED,1.0019,True,True,OOS
2026-07-14,ROUTE.NS,UP,0.7943,0.75,HIGH,ALIGNED,1.484,True,True,OOS
2026-07-14,DEEPAKNTR.NS,UP,0.7884,0.875,HIGH,ALIGNED,1.6594,True,True,OOS
2026-07-14,CENTUM.NS,UP,0.7837,0.625,HIGH,ALIGNED,0.8254,True,True,OOS
2026-07-14,LTTS.NS,UP,0.7825,0.875,HIGH,ALIGNED,6.5349,True,True,OOS
2026-07-14,JINDALPOLY.NS,UP,0.7803,0.5,MEDIUM,ALIGNED,0.4759,True,True,OOS
2026-07-15,KALYANKJIL.NS,UP,0.9871,0.75,HIGH,ALIGNED,-0.2737,False,False,OOS
2026-07-15,LTTS.NS,UP,0.9578,1.0,HIGH,ALIGNED,-0.801,False,False,OOS
2026-07-15,UNIONBANK.NS,UP,0.9385,1.0,HIGH,ALIGNED,-2.0942,False,False,OOS
2026-07-15,ROUTE.NS,UP,0.9337,1.0,HIGH,ALIGNED,-1.6267,False,False,OOS
2026-07-15,BIOCON.NS,UP,0.9176,0.875,HIGH,ALIGNED,1.4036,True,True,OOS
2026-07-15,SUDARSCHEM.NS,UP,0.9041,0.625,HIGH,ALIGNED,-0.0888,False,False,OOS
2026-07-15,RATEGAIN.NS,UP,0.8898,0.75,HIGH,ALIGNED,-0.5526,False,False,OOS
2026-07-15,WELCORP.NS,UP,0.888,0.5,MEDIUM,ALIGNED,0.2321,True,True,OOS
2026-07-15,DEEPAKNTR.NS,UP,0.8871,1.0,HIGH,ALIGNED,2.64,True,True,OOS
2026-07-15,MRPL.NS,UP,0.8683,0.625,HIGH,ALIGNED,10.0718,True,True,OOS
2026-07-15,TEJASNET.NS,UP,0.8573,0.75,HIGH,ALIGNED,-0.4999,False,False,OOS
2026-07-15,SHYAMMETL.NS,UP,0.8541,0.75,HIGH,ALIGNED,0.653,True,True,OOS
2026-07-15,HFCL.NS,UP,0.8251,1.0,HIGH,ALIGNED,0.5828,True,True,OOS
2026-07-15,MAPMYINDIA.NS,UP,0.82,0.5,MEDIUM,ALIGNED,0.2466,True,True,OOS
2026-07-15,CENTUM.NS,UP,0.819,0.75,HIGH,ALIGNED,1.9576,True,True,OOS
2026-07-15,DLF.NS,UP,0.8163,0.625,HIGH,ALIGNED,-1.4671,False,False,OOS
2026-07-15,STLTECH.NS,UP,0.8098,0.5,MEDIUM,ALIGNED,0.2407,True,True,OOS
2026-07-15,ZENSARTECH.NS,UP,0.7912,0.75,HIGH,ALIGNED,3.5763,True,True,OOS
2026-07-15,ADANIGREEN.NS,UP,0.7888,0.75,HIGH,ALIGNED,-0.7522,False,False,OOS
2026-07-15,TCS.NS,UP,0.7868,0.75,HIGH,ALIGNED,0.539,True,True,OOS
2026-07-16,MRPL.NS,UP,0.9787,1.0,HIGH,ALIGNED,0.6692,True,True,OOS
2026-07-16,KALYANKJIL.NS,UP,0.9596,0.625,HIGH,ALIGNED,5.086,True,True,OOS
2026-07-16,ZENSARTECH.NS,UP,0.9554,0.75,HIGH,ALIGNED,-2.5026,False,False,OOS
2026-07-16,LTTS.NS,UP,0.9341,0.875,HIGH,ALIGNED,-1.8648,False,False,OOS
2026-07-16,MASTEK.NS,UP,0.9321,1.0,HIGH,ALIGNED,0.2488,True,True,OOS
2026-07-16,SUDARSCHEM.NS,UP,0.9002,0.5,MEDIUM,ALIGNED,-2.8918,False,False,OOS
2026-07-16,DEEPAKFERT.NS,UP,0.8956,1.0,HIGH,ALIGNED,-0.4434,False,False,OOS
2026-07-16,BIOCON.NS,UP,0.8934,0.875,HIGH,ALIGNED,-0.7942,False,False,OOS
2026-07-16,DEEPAKNTR.NS,UP,0.8625,1.0,HIGH,ALIGNED,-1.9405,False,False,OOS
2026-07-16,TECHM.NS,UP,0.8417,0.875,HIGH,ALIGNED,4.1449,True,True,OOS
2026-07-16,TCS.NS,UP,0.8412,0.875,HIGH,ALIGNED,3.0895,True,True,OOS
2026-07-16,SHYAMMETL.NS,UP,0.84,0.875,HIGH,ALIGNED,-1.7299,False,False,OOS
2026-07-16,BASF.NS,UP,0.8375,0.875,HIGH,ALIGNED,-1.83,False,False,OOS
2026-07-16,UNIONBANK.NS,UP,0.8306,0.625,HIGH,ALIGNED,-0.1837,False,False,OOS
2026-07-16,ADANIGREEN.NS,UP,0.8245,0.5,MEDIUM,ALIGNED,-1.9304,False,False,OOS
2026-07-16,ROUTE.NS,UP,0.8186,0.625,HIGH,ALIGNED,-1.2578,False,False,OOS
2026-07-16,AJANTPHARM.NS,UP,0.8169,0.875,HIGH,ALIGNED,-0.9673,False,False,OOS
2026-07-16,SOLARINDS.NS,UP,0.8017,0.875,HIGH,ALIGNED,0.3641,True,True,OOS
2026-07-16,SRF.NS,UP,0.7988,1.0,HIGH,ALIGNED,-0.5053,False,False,OOS
2026-07-16,ERIS.NS,UP,0.7944,1.0,HIGH,ALIGNED,-2.2171,False,False,OOS
2026-07-17,TECHM.NS,UP,0.9329,1.0,HIGH,ALIGNED,0.2225,True,True,OOS
2026-07-17,MASTEK.NS,UP,0.9188,1.0,HIGH,ALIGNED,-1.6022,False,False,OOS
2026-07-17,BIOCON.NS,UP,0.9056,0.75,HIGH,ALIGNED,-0.1601,False,False,OOS
2026-07-17,MRPL.NS,UP,0.9034,0.875,HIGH,ALIGNED,-2.046,False,False,OOS
2026-07-17,TCS.NS,UP,0.8788,0.875,HIGH,ALIGNED,-0.7889,False,False,OOS
2026-07-17,LTTS.NS,UP,0.8598,0.75,HIGH,ALIGNED,-1.9266,False,False,OOS
2026-07-17,KALYANKJIL.NS,UP,0.8517,0.625,HIGH,ALIGNED,-0.766,False,False,OOS
2026-07-17,MPHASIS.NS,UP,0.8478,0.875,HIGH,ALIGNED,0.8019,True,True,OOS
2026-07-17,DEEPAKFERT.NS,UP,0.8444,0.75,HIGH,ALIGNED,0.6964,True,True,OOS
2026-07-17,HCLTECH.NS,UP,0.84,0.875,HIGH,ALIGNED,1.4453,True,True,OOS
2026-07-17,BHARATFORG.NS,UP,0.8373,1.0,HIGH,ALIGNED,0.8446,True,True,OOS
2026-07-17,ADANIENSOL.NS,UP,0.8202,0.75,HIGH,ALIGNED,0.4006,True,True,OOS
2026-07-17,FEDERALBNK.NS,UP,0.8176,0.75,HIGH,ALIGNED,0.5014,True,True,OOS
2026-07-17,CENTUM.NS,UP,0.7954,0.75,HIGH,ALIGNED,0.0862,True,True,OOS
2026-07-17,BAJFINANCE.NS,UP,0.782,0.75,HIGH,ALIGNED,0.729,True,True,OOS
2026-07-17,SUDARSCHEM.NS,UP,0.7756,0.25,LOW,CONFLICT,1.6383,True,True,OOS
2026-07-17,ROUTE.NS,UP,0.7673,0.625,HIGH,ALIGNED,0.1603,True,True,OOS
2026-07-17,EXIDEIND.NS,UP,0.7641,0.75,HIGH,ALIGNED,0.3332,True,True,OOS
2026-07-17,DIVISLAB.NS,UP,0.7588,0.625,HIGH,ALIGNED,0.9727,True,True,OOS
2026-07-17,METROBRAND.NS,UP,0.7527,0.875,HIGH,ALIGNED,-0.224,False,False,OOS
2026-07-20,SOLARINDS.NS,UP,0.8902,1.0,HIGH,ALIGNED,0.0893,True,True,OOS
2026-07-20,DEEPAKFERT.NS,UP,0.8363,0.875,HIGH,ALIGNED,0.0997,True,True,OOS
2026-07-20,NAVINFLUOR.NS,UP,0.8337,1.0,HIGH,ALIGNED,0.2608,True,True,OOS
2026-07-20,MANAPPURAM.NS,UP,0.8273,1.0,HIGH,ALIGNED,4.3459,True,True,OOS
2026-07-20,BIOCON.NS,UP,0.8166,0.75,HIGH,ALIGNED,0.8706,True,True,OOS
2026-07-20,UNIONBANK.NS,UP,0.8127,0.875,HIGH,ALIGNED,0.1023,True,True,OOS
2026-07-20,COLPAL.NS,UP,0.8054,1.0,HIGH,ALIGNED,-0.956,False,False,OOS
2026-07-20,OIL.NS,UP,0.7973,1.0,HIGH,ALIGNED,-1.8521,False,False,OOS
2026-07-20,FEDERALBNK.NS,UP,0.7924,0.75,HIGH,ALIGNED,1.511,True,True,OOS
2026-07-20,PNB.NS,UP,0.7878,1.0,HIGH,ALIGNED,0.2863,True,True,OOS
2026-07-20,ADANIENSOL.NS,UP,0.7854,0.5,MEDIUM,ALIGNED,0.6996,True,True,OOS
2026-07-20,JSWENERGY.NS,UP,0.7849,1.0,HIGH,ALIGNED,-0.2642,False,False,OOS
2026-07-20,BPCL.NS,UP,0.7756,1.0,HIGH,ALIGNED,0.551,True,True,OOS
2026-07-20,SHYAMMETL.NS,UP,0.7734,0.875,HIGH,ALIGNED,0.7251,True,True,OOS
2026-07-20,BAJFINANCE.NS,UP,0.7622,0.625,HIGH,ALIGNED,0.4887,True,True,OOS
2026-07-20,BASF.NS,UP,0.7612,0.625,HIGH,ALIGNED,3.9873,True,True,OOS
2026-07-20,DIVISLAB.NS,UP,0.7563,0.625,HIGH,ALIGNED,0.164,True,True,OOS
2026-07-20,MRPL.NS,UP,0.7527,0.625,HIGH,ALIGNED,3.1535,True,True,OOS
2026-07-20,TECHM.NS,UP,0.7507,0.625,HIGH,ALIGNED,-0.0063,False,False,OOS
2026-07-20,RECLTD.NS,UP,0.7476,0.875,HIGH,ALIGNED,-0.3989,False,False,OOS
2026-07-21,M&MFIN.NS,UP,0.9677,0.875,HIGH,ALIGNED,8.0892,True,True,OOS
2026-07-21,MANAPPURAM.NS,UP,0.9456,1.0,HIGH,ALIGNED,-0.4407,False,False,OOS
2026-07-21,JPPOWER.NS,UP,0.9192,1.0,HIGH,ALIGNED,-2.1408,False,False,OOS
2026-07-21,MRPL.NS,UP,0.886,0.875,HIGH,ALIGNED,-0.9359,False,False,OOS
2026-07-21,HCLTECH.NS,UP,0.8828,0.875,HIGH,ALIGNED,-0.1775,False,False,OOS
2026-07-21,BASF.NS,UP,0.8576,1.0,HIGH,ALIGNED,-1.7972,False,False,OOS
2026-07-21,INDUSINDBK.NS,UP,0.8554,0.75,HIGH,ALIGNED,0.5501,True,True,OOS
2026-07-21,SHRIRAMFIN.NS,UP,0.8475,1.0,HIGH,ALIGNED,-0.2544,False,False,OOS
2026-07-21,TVSMOTOR.NS,UP,0.8475,1.0,HIGH,ALIGNED,3.0485,True,True,OOS
2026-07-21,RAJESHEXPO.NS,UP,0.8448,0.75,HIGH,ALIGNED,-2.7672,False,False,OOS
2026-07-21,HFCL.NS,UP,0.834,0.75,HIGH,ALIGNED,-0.0321,False,False,OOS
2026-07-21,TECHM.NS,UP,0.8293,0.75,HIGH,ALIGNED,-0.996,False,False,OOS
2026-07-21,EXIDEIND.NS,UP,0.8273,0.75,HIGH,ALIGNED,0.9922,True,True,OOS
2026-07-21,SRF.NS,UP,0.8126,0.875,HIGH,ALIGNED,-2.443,False,False,OOS
2026-07-21,AJANTPHARM.NS,UP,0.803,0.875,HIGH,ALIGNED,-3.2557,False,False,OOS
2026-07-21,ADANIENSOL.NS,UP,0.8015,0.75,HIGH,ALIGNED,-0.9876,False,False,OOS
2026-07-21,PNB.NS,UP,0.7837,0.875,HIGH,ALIGNED,-1.2045,False,False,OOS
2026-07-21,UNIONBANK.NS,UP,0.7803,0.75,HIGH,ALIGNED,-3.106,False,False,OOS
2026-07-21,DEEPAKFERT.NS,UP,0.7719,0.75,HIGH,ALIGNED,-0.4855,False,False,OOS
2026-07-21,NAVINFLUOR.NS,UP,0.7692,0.75,HIGH,ALIGNED,-1.1799,False,False,OOS
2026-07-22,DATAPATTNS.NS,UP,0.9864,1.0,HIGH,ALIGNED,-3.8743,False,False,OOS
2026-07-22,M&MFIN.NS,UP,0.9796,0.75,HIGH,ALIGNED,-2.0627,False,False,OOS
2026-07-22,MRPL.NS,UP,0.8995,0.75,HIGH,ALIGNED,0.7386,True,True,OOS
2026-07-22,MANAPPURAM.NS,UP,0.8964,0.875,HIGH,ALIGNED,0.6425,True,True,OOS
2026-07-22,TVSMOTOR.NS,UP,0.8748,0.875,HIGH,ALIGNED,0.3122,True,True,OOS
2026-07-22,INDUSINDBK.NS,UP,0.8408,0.75,HIGH,ALIGNED,-5.9665,False,False,OOS
2026-07-22,STLTECH.NS,UP,0.8274,0.75,HIGH,ALIGNED,-0.7415,False,False,OOS
2026-07-22,JPPOWER.NS,UP,0.81,0.625,HIGH,ALIGNED,-1.7847,False,False,OOS
2026-07-22,ADANIENSOL.NS,UP,0.8061,0.625,HIGH,ALIGNED,-2.3544,False,False,OOS
2026-07-22,SRF.NS,UP,0.8034,0.75,HIGH,ALIGNED,-8.5275,False,False,OOS
2026-07-22,BAJAJ-AUTO.NS,UP,0.7917,0.75,HIGH,ALIGNED,2.5913,True,True,OOS
2026-07-22,EXIDEIND.NS,UP,0.7762,0.625,HIGH,ALIGNED,-1.8086,False,False,OOS
2026-07-22,HCLTECH.NS,UP,0.7689,0.875,HIGH,ALIGNED,0.5981,True,True,OOS
2026-07-22,MASTEK.NS,UP,0.7641,0.625,HIGH,ALIGNED,-2.0986,False,False,OOS
2026-07-22,KALYANKJIL.NS,UP,0.7619,0.5,MEDIUM,ALIGNED,-1.7614,False,False,OOS
2026-07-22,NESTLEIND.NS,UP,0.7585,1.0,HIGH,ALIGNED,-3.0597,False,False,OOS
2026-07-22,DEEPAKFERT.NS,UP,0.7476,0.875,HIGH,ALIGNED,-1.1633,False,False,OOS
2026-07-22,NAVINFLUOR.NS,UP,0.7396,0.75,HIGH,ALIGNED,-1.4829,False,False,OOS
2026-07-22,JSWENERGY.NS,UP,0.7328,0.625,HIGH,ALIGNED,-0.7744,False,False,OOS
2026-07-22,COLPAL.NS,UP,0.7175,0.875,HIGH,ALIGNED,-1.0109,False,False,OOS
2026-07-23,RAJESHEXPO.NS,UP,0.9706,0.875,HIGH,ALIGNED,-3.8179,False,False,OOS
2026-07-23,DATAPATTNS.NS,UP,0.9597,0.875,HIGH,ALIGNED,-0.2828,False,False,OOS
2026-07-23,M&MFIN.NS,UP,0.9189,0.5,MEDIUM,ALIGNED,-3.7397,False,False,OOS
2026-07-23,ROUTE.NS,UP,0.908,0.875,HIGH,ALIGNED,-5.3127,False,False,OOS
2026-07-23,MANAPPURAM.NS,UP,0.8648,0.875,HIGH,ALIGNED,0.1419,True,True,OOS
2026-07-23,TVSMOTOR.NS,UP,0.8551,0.75,HIGH,ALIGNED,-1.2654,False,False,OOS
2026-07-23,BAJAJ-AUTO.NS,UP,0.8104,0.75,HIGH,ALIGNED,-1.3604,False,False,OOS
2026-07-23,OIL.NS,UP,0.7653,0.875,HIGH,ALIGNED,-1.9725,False,False,OOS
2026-07-23,STLTECH.NS,UP,0.7638,0.75,HIGH,ALIGNED,2.7876,True,True,OOS
2026-07-23,EMAMILTD.NS,UP,0.759,0.875,HIGH,ALIGNED,-2.006,False,False,OOS
2026-07-23,HEROMOTOCO.NS,UP,0.7498,1.0,HIGH,ALIGNED,-3.1447,False,False,OOS
2026-07-23,ICICIGI.NS,UP,0.7383,0.375,MEDIUM,CONFLICT,2.6436,True,True,OOS
2026-07-23,MRPL.NS,UP,0.7369,0.875,HIGH,ALIGNED,-3.5237,False,False,OOS
2026-07-23,CRAFTSMAN.NS,UP,0.7342,0.625,HIGH,ALIGNED,-0.2953,False,False,OOS
2026-07-23,HAVELLS.NS,UP,0.7296,0.875,HIGH,ALIGNED,1.4051,True,True,OOS
2026-07-23,METROBRAND.NS,UP,0.7155,0.5,MEDIUM,ALIGNED,-0.2927,False,False,OOS
2026-07-23,SHRIRAMFIN.NS,UP,0.7133,0.625,HIGH,ALIGNED,-2.0179,False,False,OOS
2026-07-23,TECHM.NS,UP,0.7104,0.625,HIGH,ALIGNED,0.2378,True,True,OOS
2026-07-23,ATUL.NS,UP,0.7102,0.75,HIGH,ALIGNED,4.5269,True,True,OOS
2026-07-23,JSWENERGY.NS,UP,0.7063,0.625,HIGH,ALIGNED,-1.0227,False,False,OOS
2026-07-24,STLTECH.NS,UP,0.9737,0.875,HIGH,ALIGNED,-1.551,False,False,OOS
2026-07-24,DATAPATTNS.NS,UP,0.9643,0.875,HIGH,ALIGNED,-0.1222,False,False,OOS
2026-07-24,ICICIGI.NS,UP,0.8952,0.625,HIGH,ALIGNED,1.1554,True,True,OOS
2026-07-24,ATUL.NS,UP,0.8882,0.875,HIGH,ALIGNED,5.9618,True,True,OOS
2026-07-24,IDEAFORGE.NS,UP,0.8833,0.875,HIGH,ALIGNED,-1.1945,False,False,OOS
2026-07-24,KPITTECH.NS,UP,0.8804,0.75,HIGH,ALIGNED,0.3429,True,True,OOS
2026-07-24,M&MFIN.NS,UP,0.849,0.75,HIGH,ALIGNED,1.8233,True,True,OOS
2026-07-24,RAJESHEXPO.NS,UP,0.8367,0.5,MEDIUM,ALIGNED,-0.5285,False,False,OOS
2026-07-24,MANAPPURAM.NS,UP,0.8278,0.875,HIGH,ALIGNED,1.955,True,True,OOS
2026-07-24,TVSMOTOR.NS,UP,0.8203,0.75,HIGH,ALIGNED,0.1602,True,True,OOS
2026-07-24,ROUTE.NS,UP,0.8196,0.5,MEDIUM,ALIGNED,-4.916,False,False,OOS
2026-07-24,LAURUSLABS.NS,UP,0.807,0.875,HIGH,ALIGNED,7.0072,True,True,OOS
2026-07-24,TORNTPOWER.NS,UP,0.8041,0.875,HIGH,ALIGNED,0.4114,True,True,OOS
2026-07-24,HCLTECH.NS,UP,0.7862,0.875,HIGH,ALIGNED,1.9591,True,True,OOS
2026-07-24,HINDZINC.NS,UP,0.7626,0.75,HIGH,ALIGNED,-0.4324,False,False,OOS
2026-07-24,HAVELLS.NS,UP,0.75,0.875,HIGH,ALIGNED,0.8558,True,True,OOS
2026-07-24,BAJAJ-AUTO.NS,UP,0.7333,0.75,HIGH,ALIGNED,0.4807,True,True,OOS
2026-07-24,SBILIFE.NS,UP,0.7254,0.875,HIGH,ALIGNED,0.4412,True,True,OOS
2026-07-24,PARAS.NS,UP,0.7246,0.375,MEDIUM,CONFLICT,2.1837,True,True,OOS
2026-07-24,CANBK.NS,UP,0.721,0.625,HIGH,ALIGNED,1.2813,True,True,OOS
2026-07-27,STLTECH.NS,UP,0.9831,0.625,HIGH,ALIGNED,-4.5643,False,False,OOS
2026-07-27,ATUL.NS,UP,0.9387,1.0,HIGH,ALIGNED,-2.0546,False,False,OOS
2026-07-27,SAPPHIRE.NS,UP,0.9297,1.0,HIGH,ALIGNED,-1.5287,False,False,OOS
2026-07-27,DATAPATTNS.NS,UP,0.8848,0.625,HIGH,ALIGNED,-4.3067,False,False,OOS
2026-07-27,LAURUSLABS.NS,UP,0.8775,0.75,HIGH,ALIGNED,2.6555,True,True,OOS
2026-07-27,KPITTECH.NS,UP,0.861,0.5,MEDIUM,ALIGNED,2.9477,True,True,OOS
2026-07-27,MANAPPURAM.NS,UP,0.8353,0.875,HIGH,ALIGNED,0.3891,True,True,OOS
2026-07-27,M&MFIN.NS,UP,0.8277,0.75,HIGH,ALIGNED,2.8926,True,True,OOS
2026-07-27,IDFCFIRSTB.NS,UP,0.8223,1.0,HIGH,ALIGNED,1.025,True,True,OOS
2026-07-27,COFORGE.NS,UP,0.8221,1.0,HIGH,ALIGNED,10.3114,True,True,OOS
2026-07-27,ICICIGI.NS,UP,0.8159,0.625,HIGH,ALIGNED,0.1666,True,True,OOS
2026-07-27,HCLTECH.NS,UP,0.8142,0.875,HIGH,ALIGNED,1.7517,True,True,OOS
2026-07-27,EMAMILTD.NS,UP,0.7931,0.75,HIGH,ALIGNED,-1.6904,False,False,OOS
2026-07-27,WHIRLPOOL.NS,UP,0.7833,0.875,HIGH,ALIGNED,-1.8118,False,False,OOS
2026-07-27,JINDALSTEL.NS,UP,0.7662,1.0,HIGH,ALIGNED,-1.0603,False,False,OOS
2026-07-27,PIDILITIND.NS,UP,0.765,1.0,HIGH,ALIGNED,0.5151,True,True,OOS
2026-07-27,MAPMYINDIA.NS,UP,0.7647,0.875,HIGH,ALIGNED,0.3577,True,True,OOS
2026-07-27,SHRIRAMFIN.NS,UP,0.7551,0.75,HIGH,ALIGNED,0.2601,True,True,OOS
2026-07-27,LTTS.NS,UP,0.7547,0.875,HIGH,ALIGNED,2.893,True,True,OOS
2026-07-27,GRSE.NS,UP,0.7507,0.75,HIGH,ALIGNED,-1.39,False,False,OOS
2026-07-28,MASTEK.NS,UP,0.9632,1.0,HIGH,ALIGNED,1.6227,True,True,OOS
2026-07-28,COFORGE.NS,UP,0.9617,0.875,HIGH,ALIGNED,1.7141,True,True,OOS
2026-07-28,ATUL.NS,UP,0.899,0.75,HIGH,ALIGNED,2.2331,True,True,OOS
2026-07-28,KPITTECH.NS,UP,0.8734,0.75,HIGH,ALIGNED,6.0254,True,True,OOS
2026-07-28,LAURUSLABS.NS,UP,0.8654,0.75,HIGH,ALIGNED,1.2735,True,True,OOS
2026-07-28,TCS.NS,UP,0.8602,0.875,HIGH,ALIGNED,2.0267,True,True,OOS
2026-07-28,LTTS.NS,UP,0.8593,0.875,HIGH,ALIGNED,-0.3973,False,False,OOS
2026-07-28,PERSISTENT.NS,UP,0.8585,1.0,HIGH,ALIGNED,1.0113,True,True,OOS
2026-07-28,INFY.NS,UP,0.8524,1.0,HIGH,ALIGNED,4.513,True,True,OOS
2026-07-28,DATAPATTNS.NS,UP,0.8407,0.5,MEDIUM,ALIGNED,1.2529,True,True,OOS
2026-07-28,MPHASIS.NS,UP,0.8302,1.0,HIGH,ALIGNED,-2.1628,False,False,OOS
2026-07-28,GLAXO.NS,UP,0.8139,0.875,HIGH,ALIGNED,-0.2355,False,False,OOS
2026-07-28,RADICO.NS,UP,0.8098,0.75,HIGH,ALIGNED,1.9605,True,True,OOS
2026-07-28,IDFCFIRSTB.NS,UP,0.8068,1.0,HIGH,ALIGNED,-0.8513,False,False,OOS
2026-07-28,HCLTECH.NS,UP,0.8037,0.625,HIGH,ALIGNED,1.949,True,True,OOS
2026-07-28,M&MFIN.NS,UP,0.8034,0.75,HIGH,ALIGNED,5.4217,True,True,OOS
2026-07-28,POLYCAB.NS,UP,0.7959,0.625,HIGH,ALIGNED,-0.8168,False,False,OOS
2026-07-28,TVSMOTOR.NS,UP,0.7924,0.75,HIGH,ALIGNED,2.0558,True,True,OOS
2026-07-28,TECHM.NS,UP,0.7871,0.625,HIGH,ALIGNED,0.5504,True,True,OOS
2026-07-28,PFIZER.NS,UP,0.78,1.0,HIGH,ALIGNED,0.9425,True,True,OOS
2026-07-29,KPITTECH.NS,UP,0.9527,1.0,HIGH,ALIGNED,-7.6712,False,False,OOS
2026-07-29,COFORGE.NS,UP,0.9456,0.875,HIGH,ALIGNED,1.866,True,True,OOS
2026-07-29,MASTEK.NS,UP,0.9411,0.875,HIGH,ALIGNED,1.3867,True,True,OOS
2026-07-29,SAPPHIRE.NS,UP,0.9288,1.0,HIGH,ALIGNED,0.8158,True,True,OOS
2026-07-29,ATUL.NS,UP,0.9148,1.0,HIGH,ALIGNED,0.0662,True,True,OOS
2026-07-29,INFY.NS,UP,0.8985,1.0,HIGH,ALIGNED,-0.0433,False,False,OOS
2026-07-29,SAIL.NS,UP,0.8719,1.0,HIGH,ALIGNED,-1.1172,False,False,OOS
2026-07-29,CHOLAFIN.NS,UP,0.8584,1.0,HIGH,ALIGNED,-1.6141,False,False,OOS
2026-07-29,MAPMYINDIA.NS,UP,0.8517,0.875,HIGH,ALIGNED,1.8614,True,True,OOS
2026-07-29,TCS.NS,UP,0.8461,0.75,HIGH,ALIGNED,-0.6049,False,False,OOS
2026-07-29,CRAFTSMAN.NS,UP,0.8362,1.0,HIGH,ALIGNED,1.3518,True,True,OOS
2026-07-29,MPHASIS.NS,UP,0.8241,0.75,HIGH,ALIGNED,-0.6183,False,False,OOS
2026-07-29,LAURUSLABS.NS,UP,0.8202,0.75,HIGH,ALIGNED,0.0,False,False,OOS
2026-07-29,OFSS.NS,UP,0.8123,0.75,HIGH,ALIGNED,-2.5466,False,False,OOS
2026-07-29,WELCORP.NS,UP,0.8039,0.875,HIGH,ALIGNED,-2.475,False,False,OOS
2026-07-29,RADICO.NS,UP,0.7998,0.75,HIGH,ALIGNED,-0.1646,False,False,OOS
2026-07-29,PERSISTENT.NS,UP,0.7852,0.75,HIGH,ALIGNED,0.5727,True,True,OOS
2026-07-29,CROMPTON.NS,UP,0.7808,1.0,HIGH,ALIGNED,-1.4948,False,False,OOS
2026-07-29,ZENSARTECH.NS,UP,0.7796,0.875,HIGH,ALIGNED,-2.6264,False,False,OOS
2026-07-29,RATEGAIN.NS,UP,0.7791,0.75,HIGH,ALIGNED,-2.8923,False,False,OOS
2025-09-16,M&M.NS,DN,0.8993,0.5,MEDIUM,ALIGNED,0.6984,False,False,TRAIN
2025-09-16,TVSMOTOR.NS,DN,0.8613,0.75,HIGH,ALIGNED,0.0057,False,False,TRAIN
2025-09-16,EICHERMOT.NS,DN,0.8311,0.375,MEDIUM,CONFLICT,-0.5341,True,True,TRAIN
2025-09-16,JPPOWER.NS,DN,0.8235,0.625,HIGH,ALIGNED,-0.1572,True,True,TRAIN
2025-09-16,ENDURANCE.NS,DN,0.8112,0.75,HIGH,ALIGNED,-1.427,True,True,TRAIN
2025-09-16,BAJAJ-AUTO.NS,DN,0.7981,0.75,HIGH,ALIGNED,0.1268,False,False,TRAIN
2025-09-16,WHIRLPOOL.NS,DN,0.7872,0.5,MEDIUM,ALIGNED,-1.4761,True,True,TRAIN
2025-09-16,RBLBANK.NS,DN,0.787,0.625,HIGH,ALIGNED,-1.0849,True,True,TRAIN
2025-09-16,ASHOKLEY.NS,DN,0.7846,0.625,HIGH,ALIGNED,1.6575,False,False,TRAIN
2025-09-16,CENTUM.NS,DN,0.7838,0.75,HIGH,ALIGNED,0.1225,False,False,TRAIN
2025-09-16,GLENMARK.NS,DN,0.78,0.75,HIGH,ALIGNED,-1.6659,True,True,TRAIN
2025-09-16,BSE.NS,DN,0.7711,0.625,HIGH,ALIGNED,0.4774,False,False,TRAIN
2025-09-16,MANAPPURAM.NS,DN,0.7635,0.375,MEDIUM,CONFLICT,-1.0976,True,True,TRAIN
2025-09-16,MOIL.NS,DN,0.7616,0.5,MEDIUM,ALIGNED,-0.408,True,True,TRAIN
2025-09-16,MUTHOOTFIN.NS,DN,0.7577,0.25,LOW,CONFLICT,-1.5493,True,True,TRAIN
2025-09-16,BOSCHLTD.NS,DN,0.756,0.75,HIGH,ALIGNED,-0.3632,True,True,TRAIN
2025-09-16,HEROMOTOCO.NS,DN,0.7454,0.625,HIGH,ALIGNED,0.6396,False,False,TRAIN
2025-09-16,EXIDEIND.NS,DN,0.7133,0.75,HIGH,ALIGNED,0.1435,False,False,TRAIN
2025-09-16,RATEGAIN.NS,DN,0.7104,0.375,MEDIUM,CONFLICT,-0.21,True,True,TRAIN
2025-09-16,ZYDUSWELL.NS,DN,0.7085,0.375,MEDIUM,CONFLICT,-1.6442,True,True,TRAIN
2025-09-17,OFSS.NS,DN,0.8835,0.625,HIGH,ALIGNED,0.5479,False,False,TRAIN
2025-09-17,SAPPHIRE.NS,DN,0.858,0.875,HIGH,ALIGNED,0.5446,False,False,TRAIN
2025-09-17,RATEGAIN.NS,DN,0.8543,0.5,MEDIUM,ALIGNED,-0.5456,True,True,TRAIN
2025-09-17,GLENMARK.NS,DN,0.8391,0.625,HIGH,ALIGNED,3.2315,False,False,TRAIN
2025-09-17,JPPOWER.NS,DN,0.8167,0.625,HIGH,ALIGNED,-1.1549,True,True,TRAIN
2025-09-17,M&M.NS,DN,0.8146,0.375,MEDIUM,CONFLICT,0.2477,False,False,TRAIN
2025-09-17,ENDURANCE.NS,DN,0.8125,0.75,HIGH,ALIGNED,1.0866,False,False,TRAIN
2025-09-17,WHIRLPOOL.NS,DN,0.7987,0.625,HIGH,ALIGNED,-0.4621,True,True,TRAIN
2025-09-17,BAJAJ-AUTO.NS,DN,0.7795,0.625,HIGH,ALIGNED,-0.0991,True,True,TRAIN
2025-09-17,EICHERMOT.NS,DN,0.7788,0.5,MEDIUM,ALIGNED,0.4934,False,False,TRAIN
2025-09-17,GALAXYSURF.NS,DN,0.7495,0.625,HIGH,ALIGNED,0.1691,False,False,TRAIN
2025-09-17,INFY.NS,DN,0.746,0.625,HIGH,ALIGNED,1.1955,False,False,TRAIN
2025-09-17,BSE.NS,DN,0.7442,0.5,MEDIUM,ALIGNED,-0.5204,True,True,TRAIN
2025-09-17,ZYDUSWELL.NS,DN,0.7437,0.5,MEDIUM,ALIGNED,1.0201,False,False,TRAIN
2025-09-17,BRITANNIA.NS,DN,0.7418,0.875,HIGH,ALIGNED,0.0492,False,False,TRAIN
2025-09-17,COLPAL.NS,DN,0.7361,0.625,HIGH,ALIGNED,0.7582,False,False,TRAIN
2025-09-17,WELCORP.NS,DN,0.732,0.375,MEDIUM,CONFLICT,0.5502,False,False,TRAIN
2025-09-17,BATAINDIA.NS,DN,0.7276,0.625,HIGH,ALIGNED,-1.0563,True,True,TRAIN
2025-09-17,POLICYBZR.NS,DN,0.7275,0.875,HIGH,ALIGNED,-0.3008,True,True,TRAIN
2025-09-17,NOCIL.NS,DN,0.7255,0.75,HIGH,ALIGNED,-0.5105,True,True,TRAIN
2025-09-18,RATEGAIN.NS,DN,0.8779,0.5,MEDIUM,ALIGNED,0.1881,False,False,TRAIN
2025-09-18,OFSS.NS,DN,0.8569,0.375,MEDIUM,CONFLICT,-1.7112,True,True,TRAIN
2025-09-18,NATIONALUM.NS,DN,0.8549,0.625,HIGH,ALIGNED,-1.029,True,True,TRAIN
2025-09-18,GLENMARK.NS,DN,0.8464,0.625,HIGH,ALIGNED,-1.1004,True,True,TRAIN
2025-09-18,SAPPHIRE.NS,DN,0.8454,0.625,HIGH,ALIGNED,-1.4856,True,True,TRAIN
2025-09-18,NOCIL.NS,DN,0.8038,0.75,HIGH,ALIGNED,-0.0331,True,True,TRAIN
2025-09-18,ZYDUSWELL.NS,DN,0.8005,0.375,MEDIUM,CONFLICT,-0.9599,True,True,TRAIN
2025-09-18,RAJESHEXPO.NS,DN,0.7755,0.5,MEDIUM,ALIGNED,-1.1856,True,True,TRAIN
2025-09-18,EXIDEIND.NS,DN,0.7603,0.375,MEDIUM,CONFLICT,-2.505,True,True,TRAIN
2025-09-18,BRITANNIA.NS,DN,0.757,0.75,HIGH,ALIGNED,-0.5082,True,True,TRAIN
2025-09-18,GLAXO.NS,DN,0.7505,0.5,MEDIUM,ALIGNED,-0.519,True,True,TRAIN
2025-09-18,M&M.NS,DN,0.7505,0.375,MEDIUM,CONFLICT,-1.3755,True,True,TRAIN
2025-09-18,SAIL.NS,DN,0.7486,0.375,MEDIUM,CONFLICT,2.2676,False,False,TRAIN
2025-09-18,JPPOWER.NS,DN,0.741,0.75,HIGH,ALIGNED,-0.7966,True,True,TRAIN
2025-09-18,GALAXYSURF.NS,DN,0.73,0.5,MEDIUM,ALIGNED,1.515,False,False,TRAIN
2025-09-18,SRF.NS,DN,0.7175,0.75,HIGH,ALIGNED,-0.0102,True,True,TRAIN
2025-09-18,MASTEK.NS,DN,0.7134,0.5,MEDIUM,ALIGNED,-1.7773,True,True,TRAIN
2025-09-18,BAJAJ-AUTO.NS,DN,0.7113,0.625,HIGH,ALIGNED,-1.1405,True,True,TRAIN
2025-09-18,GODREJCP.NS,DN,0.7098,0.875,HIGH,ALIGNED,0.0404,False,False,TRAIN
2025-09-18,AUROPHARMA.NS,DN,0.7074,0.375,MEDIUM,CONFLICT,-0.8592,True,True,TRAIN
2025-09-19,NATIONALUM.NS,DN,0.8881,0.75,HIGH,ALIGNED,-0.3119,True,True,TRAIN
2025-09-19,BEML.NS,DN,0.8832,0.625,HIGH,ALIGNED,-0.6474,True,True,TRAIN
2025-09-19,SAPPHIRE.NS,DN,0.8566,0.75,HIGH,ALIGNED,-1.7593,True,True,TRAIN
2025-09-19,GLENMARK.NS,DN,0.8452,0.5,MEDIUM,ALIGNED,-3.2323,True,True,TRAIN
2025-09-19,OFSS.NS,DN,0.8076,0.625,HIGH,ALIGNED,0.4269,False,False,TRAIN
2025-09-19,BAJFINANCE.NS,DN,0.7996,0.75,HIGH,ALIGNED,1.4157,False,False,TRAIN
2025-09-19,BATAINDIA.NS,DN,0.7713,0.625,HIGH,ALIGNED,-0.8483,True,True,TRAIN
2025-09-19,ZYDUSWELL.NS,DN,0.7587,0.75,HIGH,ALIGNED,-3.5472,True,True,TRAIN
2025-09-19,NOCIL.NS,DN,0.7547,0.75,HIGH,ALIGNED,0.0166,False,False,TRAIN
2025-09-19,BRITANNIA.NS,DN,0.7469,0.75,HIGH,ALIGNED,-0.2142,True,True,TRAIN
2025-09-19,RAJESHEXPO.NS,DN,0.7312,0.75,HIGH,ALIGNED,-4.0389,True,True,TRAIN
2025-09-19,METROBRAND.NS,DN,0.7271,0.375,MEDIUM,CONFLICT,-2.2882,True,True,TRAIN
2025-09-19,WHIRLPOOL.NS,DN,0.7269,0.75,HIGH,ALIGNED,-0.6428,True,True,TRAIN
2025-09-19,M&M.NS,DN,0.7168,0.75,HIGH,ALIGNED,-0.2032,True,True,TRAIN
2025-09-19,MOIL.NS,DN,0.7163,0.5,MEDIUM,ALIGNED,-0.3656,True,True,TRAIN
2025-09-19,HINDZINC.NS,DN,0.7161,0.75,HIGH,ALIGNED,1.3685,False,False,TRAIN
2025-09-19,MUTHOOTFIN.NS,DN,0.7106,0.625,HIGH,ALIGNED,3.84,False,False,TRAIN
2025-09-19,INFY.NS,DN,0.7086,0.625,HIGH,ALIGNED,-2.6425,True,True,TRAIN
2025-09-19,ROUTE.NS,DN,0.7049,0.875,HIGH,ALIGNED,-1.6947,True,True,TRAIN
2025-09-19,GRSE.NS,DN,0.6976,0.5,MEDIUM,ALIGNED,2.422,False,False,TRAIN
2025-09-22,ZYDUSWELL.NS,DN,0.881,0.75,HIGH,ALIGNED,-4.783,True,True,TRAIN
2025-09-22,RAILTEL.NS,DN,0.876,0.75,HIGH,ALIGNED,-1.2905,True,True,TRAIN
2025-09-22,RAJESHEXPO.NS,DN,0.8682,0.625,HIGH,ALIGNED,-0.9159,True,True,TRAIN
2025-09-22,GLENMARK.NS,DN,0.8339,0.625,HIGH,ALIGNED,-0.0496,True,True,TRAIN
2025-09-22,MPHASIS.NS,DN,0.8269,0.875,HIGH,ALIGNED,-3.008,True,True,TRAIN
2025-09-22,PERSISTENT.NS,DN,0.8255,0.875,HIGH,ALIGNED,-0.5786,True,True,TRAIN
2025-09-22,COFORGE.NS,DN,0.8133,0.875,HIGH,ALIGNED,-2.854,True,True,TRAIN
2025-09-22,BEML.NS,DN,0.8021,0.875,HIGH,ALIGNED,0.1571,False,False,TRAIN
2025-09-22,NATIONALUM.NS,DN,0.7866,0.625,HIGH,ALIGNED,-0.9955,True,True,TRAIN
2025-09-22,TATACOMM.NS,DN,0.7725,0.625,HIGH,ALIGNED,0.1452,False,False,TRAIN
2025-09-22,SAPPHIRE.NS,DN,0.7647,0.625,HIGH,ALIGNED,-2.1426,True,True,TRAIN
2025-09-22,NOCIL.NS,DN,0.7608,0.5,MEDIUM,ALIGNED,0.5297,False,False,TRAIN
2025-09-22,WELCORP.NS,DN,0.7559,0.5,MEDIUM,ALIGNED,-1.031,True,True,TRAIN
2025-09-22,SOBHA.NS,DN,0.747,0.5,MEDIUM,ALIGNED,-1.1092,True,True,TRAIN
2025-09-22,BATAINDIA.NS,DN,0.744,0.625,HIGH,ALIGNED,-0.057,True,True,TRAIN
2025-09-22,LUPIN.NS,DN,0.7313,0.625,HIGH,ALIGNED,0.1297,False,False,TRAIN
2025-09-22,BAJFINANCE.NS,DN,0.7301,0.625,HIGH,ALIGNED,1.8877,False,False,TRAIN
2025-09-22,BRITANNIA.NS,DN,0.7192,0.625,HIGH,ALIGNED,-2.0226,True,True,TRAIN
2025-09-22,FINPIPE.NS,DN,0.7183,0.625,HIGH,ALIGNED,-2.1287,True,True,TRAIN
2025-09-22,OFSS.NS,DN,0.7044,0.5,MEDIUM,ALIGNED,0.5245,False,False,TRAIN
2025-09-23,PERSISTENT.NS,DN,0.8667,0.75,HIGH,ALIGNED,-0.935,True,True,TRAIN
2025-09-23,ZYDUSWELL.NS,DN,0.8602,0.625,HIGH,ALIGNED,2.5116,False,False,TRAIN
2025-09-23,COFORGE.NS,DN,0.8529,0.875,HIGH,ALIGNED,-2.68,True,True,TRAIN
2025-09-23,RAJESHEXPO.NS,DN,0.8458,0.625,HIGH,ALIGNED,-0.8257,True,True,TRAIN
2025-09-23,RAILTEL.NS,DN,0.8413,0.75,HIGH,ALIGNED,-2.1702,True,True,TRAIN
2025-09-23,MPHASIS.NS,DN,0.8296,0.875,HIGH,ALIGNED,-0.9289,True,True,TRAIN
2025-09-23,PARAS.NS,DN,0.8269,0.75,HIGH,ALIGNED,-0.5189,True,True,TRAIN
2025-09-23,TATACOMM.NS,DN,0.8008,0.5,MEDIUM,ALIGNED,-0.0423,True,True,TRAIN
2025-09-23,SAPPHIRE.NS,DN,0.7803,0.625,HIGH,ALIGNED,0.6046,False,False,TRAIN
2025-09-23,MASTEK.NS,DN,0.7641,0.625,HIGH,ALIGNED,-3.3438,True,True,TRAIN
2025-09-23,TECHM.NS,DN,0.7476,0.75,HIGH,ALIGNED,-1.3248,True,True,TRAIN
2025-09-23,NHPC.NS,DN,0.7462,0.75,HIGH,ALIGNED,-0.3925,True,True,TRAIN
2025-09-23,HFCL.NS,DN,0.7454,0.625,HIGH,ALIGNED,0.438,False,False,TRAIN
2025-09-23,OFSS.NS,DN,0.7264,0.625,HIGH,ALIGNED,-0.4668,True,True,TRAIN
2025-09-23,SOBHA.NS,DN,0.7246,0.75,HIGH,ALIGNED,-0.2598,True,True,TRAIN
2025-09-23,METROBRAND.NS,DN,0.7243,0.75,HIGH,ALIGNED,-0.1174,True,True,TRAIN
2025-09-23,EMAMILTD.NS,DN,0.7226,0.75,HIGH,ALIGNED,0.1908,False,False,TRAIN
2025-09-23,HCLTECH.NS,DN,0.7226,0.75,HIGH,ALIGNED,0.8742,False,False,TRAIN
2025-09-23,NATIONALUM.NS,DN,0.7194,0.75,HIGH,ALIGNED,-1.3168,True,True,TRAIN
2025-09-23,CLEAN.NS,DN,0.7117,0.75,HIGH,ALIGNED,-0.415,True,True,TRAIN
2025-09-24,COFORGE.NS,DN,0.8512,0.75,HIGH,ALIGNED,-1.9653,True,True,TRAIN
2025-09-24,RAJESHEXPO.NS,DN,0.847,0.625,HIGH,ALIGNED,-1.0263,True,True,TRAIN
2025-09-24,RAILTEL.NS,DN,0.8458,0.625,HIGH,ALIGNED,1.7239,False,False,TRAIN
2025-09-24,PARAS.NS,DN,0.8389,0.5,MEDIUM,ALIGNED,0.1692,False,False,TRAIN
2025-09-24,PERSISTENT.NS,DN,0.8243,0.75,HIGH,ALIGNED,-1.7143,True,True,TRAIN
2025-09-24,ZYDUSWELL.NS,DN,0.8216,0.625,HIGH,ALIGNED,-2.3677,True,True,TRAIN
2025-09-24,MPHASIS.NS,DN,0.8175,0.625,HIGH,ALIGNED,-0.8574,True,True,TRAIN
2025-09-24,DATAPATTNS.NS,DN,0.798,0.75,HIGH,ALIGNED,0.5442,False,False,TRAIN
2025-09-24,METROBRAND.NS,DN,0.7937,0.625,HIGH,ALIGNED,-1.5281,True,True,TRAIN
2025-09-24,BHARATFORG.NS,DN,0.784,0.625,HIGH,ALIGNED,-0.1406,True,True,TRAIN
2025-09-24,CLEAN.NS,DN,0.7823,0.5,MEDIUM,ALIGNED,-0.7271,True,True,TRAIN
2025-09-24,TECHM.NS,DN,0.7748,0.75,HIGH,ALIGNED,-0.5577,True,True,TRAIN
2025-09-24,BDL.NS,DN,0.766,0.625,HIGH,ALIGNED,-0.6703,True,True,TRAIN
2025-09-24,TATACHEM.NS,DN,0.7654,0.625,HIGH,ALIGNED,-1.2342,True,True,TRAIN
2025-09-24,DLF.NS,DN,0.7539,0.75,HIGH,ALIGNED,-1.7174,True,True,TRAIN
2025-09-24,PRESTIGE.NS,DN,0.7488,0.875,HIGH,ALIGNED,-2.4289,True,True,TRAIN
2025-09-24,MASTEK.NS,DN,0.7444,0.75,HIGH,ALIGNED,-1.5717,True,True,TRAIN
2025-09-24,SOBHA.NS,DN,0.7286,0.5,MEDIUM,ALIGNED,-0.9085,True,True,TRAIN
2025-09-24,BEL.NS,DN,0.7264,0.625,HIGH,ALIGNED,1.9471,False,False,TRAIN
2025-09-24,IRCON.NS,DN,0.7234,0.625,HIGH,ALIGNED,-1.0805,True,True,TRAIN
2025-09-25,COFORGE.NS,DN,0.8578,0.625,HIGH,ALIGNED,-3.318,True,True,TRAIN
2025-09-25,PERSISTENT.NS,DN,0.8561,0.75,HIGH,ALIGNED,-2.9691,True,True,TRAIN
2025-09-25,RAJESHEXPO.NS,DN,0.8493,0.75,HIGH,ALIGNED,-3.3912,True,True,TRAIN
2025-09-25,MPHASIS.NS,DN,0.825,0.75,HIGH,ALIGNED,-2.76,True,True,TRAIN
2025-09-25,LTTS.NS,DN,0.8126,0.75,HIGH,ALIGNED,-1.5021,True,True,TRAIN
2025-09-25,PARAS.NS,DN,0.809,0.5,MEDIUM,ALIGNED,-2.2097,True,True,TRAIN
2025-09-25,MASTEK.NS,DN,0.8087,0.75,HIGH,ALIGNED,-0.6516,True,True,TRAIN
2025-09-25,RAILTEL.NS,DN,0.8087,0.625,HIGH,ALIGNED,-0.6963,True,True,TRAIN
2025-09-25,KALYANKJIL.NS,DN,0.8017,0.75,HIGH,ALIGNED,-1.4593,True,True,TRAIN
2025-09-25,TECHM.NS,DN,0.783,0.625,HIGH,ALIGNED,-2.5341,True,True,TRAIN
2025-09-25,BHARATFORG.NS,DN,0.7743,0.5,MEDIUM,ALIGNED,-2.1701,True,True,TRAIN
2025-09-25,ZENSARTECH.NS,DN,0.7726,0.75,HIGH,ALIGNED,-3.5556,True,True,TRAIN
2025-09-25,SOBHA.NS,DN,0.7688,0.625,HIGH,ALIGNED,-1.122,True,True,TRAIN
2025-09-25,BDL.NS,DN,0.7427,0.625,HIGH,ALIGNED,-3.7342,True,True,TRAIN
2025-09-25,IRCON.NS,DN,0.7374,0.75,HIGH,ALIGNED,-1.8378,True,True,TRAIN
2025-09-25,MOTHERSON.NS,DN,0.7283,0.75,HIGH,ALIGNED,0.2657,False,False,TRAIN
2025-09-25,WIPRO.NS,DN,0.7252,0.75,HIGH,ALIGNED,-2.5826,True,True,TRAIN
2025-09-25,GODREJPROP.NS,DN,0.7223,0.75,HIGH,ALIGNED,-0.4981,True,True,TRAIN
2025-09-25,CLEAN.NS,DN,0.7199,0.625,HIGH,ALIGNED,-1.6436,True,True,TRAIN
2025-09-25,WHIRLPOOL.NS,DN,0.7133,0.75,HIGH,ALIGNED,-1.3131,True,True,TRAIN
2025-09-26,COFORGE.NS,DN,0.8643,0.75,HIGH,ALIGNED,0.8905,False,False,TRAIN
2025-09-26,PERSISTENT.NS,DN,0.8391,0.625,HIGH,ALIGNED,-1.6259,True,True,TRAIN
2025-09-26,ZENSARTECH.NS,DN,0.8329,0.75,HIGH,ALIGNED,-3.2089,True,True,TRAIN
2025-09-26,BDL.NS,DN,0.8316,0.75,HIGH,ALIGNED,0.0734,False,False,TRAIN
2025-09-26,LAURUSLABS.NS,DN,0.8246,0.75,HIGH,ALIGNED,1.0393,False,False,TRAIN
2025-09-26,PARAS.NS,DN,0.8179,0.625,HIGH,ALIGNED,-3.4542,True,True,TRAIN
2025-09-26,MPHASIS.NS,DN,0.8155,0.625,HIGH,ALIGNED,1.3511,False,False,TRAIN
2025-09-26,INTELLECT.NS,DN,0.8133,0.75,HIGH,ALIGNED,-2.9154,True,True,TRAIN
2025-09-26,KALYANKJIL.NS,DN,0.7944,0.625,HIGH,ALIGNED,-1.6455,True,True,TRAIN
2025-09-26,TECHM.NS,DN,0.7942,0.625,HIGH,ALIGNED,0.2131,False,False,TRAIN
2025-09-26,GODREJPROP.NS,DN,0.7638,0.625,HIGH,ALIGNED,2.0076,False,False,TRAIN
2025-09-26,GALAXYSURF.NS,DN,0.7609,0.625,HIGH,ALIGNED,0.5357,False,False,TRAIN
2025-09-26,SUZLON.NS,DN,0.7609,0.625,HIGH,ALIGNED,0.0,False,False,TRAIN
2025-09-26,HFCL.NS,DN,0.7575,0.75,HIGH,ALIGNED,2.7323,False,False,TRAIN
2025-09-26,LTTS.NS,DN,0.7505,0.625,HIGH,ALIGNED,-1.7689,True,True,TRAIN
2025-09-26,MASTEK.NS,DN,0.7493,0.625,HIGH,ALIGNED,1.4687,False,False,TRAIN
2025-09-26,IDEA.NS,DN,0.7482,0.75,HIGH,ALIGNED,2.7431,False,False,TRAIN
2025-09-26,RAJESHEXPO.NS,DN,0.7478,0.75,HIGH,ALIGNED,-1.0295,True,True,TRAIN
2025-09-26,DATAPATTNS.NS,DN,0.7471,0.625,HIGH,ALIGNED,-4.2751,True,True,TRAIN
2025-09-26,WIPRO.NS,DN,0.7389,0.75,HIGH,ALIGNED,1.6501,False,False,TRAIN
2025-09-29,ADANIGREEN.NS,DN,0.8991,0.625,HIGH,ALIGNED,-0.821,True,True,TRAIN
2025-09-29,ADANIENSOL.NS,DN,0.8674,0.625,HIGH,ALIGNED,0.0574,False,False,TRAIN
2025-09-29,PARAS.NS,DN,0.8543,0.75,HIGH,ALIGNED,0.0149,False,False,TRAIN
2025-09-29,GRSE.NS,DN,0.8399,0.75,HIGH,ALIGNED,1.4236,False,False,TRAIN
2025-09-29,BDL.NS,DN,0.8356,0.625,HIGH,ALIGNED,-0.3803,True,True,TRAIN
2025-09-29,COCHINSHIP.NS,DN,0.8293,0.875,HIGH,ALIGNED,0.9932,False,False,TRAIN
2025-09-29,DATAPATTNS.NS,DN,0.8288,0.875,HIGH,ALIGNED,0.3148,False,False,TRAIN
2025-09-29,ZENSARTECH.NS,DN,0.8212,0.75,HIGH,ALIGNED,1.8078,False,False,TRAIN
2025-09-29,OFSS.NS,DN,0.8171,0.75,HIGH,ALIGNED,-0.5974,True,True,TRAIN
2025-09-29,INTELLECT.NS,DN,0.8094,0.75,HIGH,ALIGNED,1.7965,False,False,TRAIN
2025-09-29,COFORGE.NS,DN,0.805,0.75,HIGH,ALIGNED,2.4997,False,False,TRAIN
2025-09-29,KALYANKJIL.NS,DN,0.7882,0.875,HIGH,ALIGNED,1.3384,False,False,TRAIN
2025-09-29,PERSISTENT.NS,DN,0.7825,0.625,HIGH,ALIGNED,-0.9855,True,True,TRAIN
2025-09-29,SUDARSCHEM.NS,DN,0.7803,0.75,HIGH,ALIGNED,-1.5351,True,True,TRAIN
2025-09-29,MAZDOCK.NS,DN,0.7779,0.875,HIGH,ALIGNED,0.378,False,False,TRAIN
2025-09-29,LAURUSLABS.NS,DN,0.7731,0.75,HIGH,ALIGNED,0.1011,False,False,TRAIN
2025-09-29,SUZLON.NS,DN,0.7726,0.625,HIGH,ALIGNED,-0.4161,True,True,TRAIN
2025-09-29,NATCOPHARM.NS,DN,0.7531,0.75,HIGH,ALIGNED,0.0189,False,False,TRAIN
2025-09-29,M&MFIN.NS,DN,0.7476,0.75,HIGH,ALIGNED,0.861,False,False,TRAIN
2025-09-29,NAUKRI.NS,DN,0.7401,0.875,HIGH,ALIGNED,-0.494,True,True,TRAIN
2025-09-30,ADANIGREEN.NS,DN,0.897,0.75,HIGH,ALIGNED,3.686,False,False,TRAIN
2025-09-30,KPITTECH.NS,DN,0.8732,0.75,HIGH,ALIGNED,5.056,False,False,TRAIN
2025-09-30,ADANIENSOL.NS,DN,0.847,0.75,HIGH,ALIGNED,2.763,False,False,TRAIN
2025-09-30,DATAPATTNS.NS,DN,0.8397,0.625,HIGH,ALIGNED,3.1968,False,False,TRAIN
2025-09-30,GRSE.NS,DN,0.8364,0.625,HIGH,ALIGNED,4.551,False,False,TRAIN
2025-09-30,IDEA.NS,DN,0.8359,0.75,HIGH,ALIGNED,4.797,False,False,TRAIN
2025-09-30,SUDARSCHEM.NS,DN,0.8208,0.75,HIGH,ALIGNED,0.8769,False,False,TRAIN
2025-09-30,LAURUSLABS.NS,DN,0.8096,0.75,HIGH,ALIGNED,3.5876,False,False,TRAIN
2025-09-30,COCHINSHIP.NS,DN,0.8077,0.5,MEDIUM,ALIGNED,4.0232,False,False,TRAIN
2025-09-30,KALYANKJIL.NS,DN,0.7691,0.75,HIGH,ALIGNED,2.4213,False,False,TRAIN
2025-09-30,MAZDOCK.NS,DN,0.7627,0.625,HIGH,ALIGNED,2.9006,False,False,TRAIN
2025-09-30,BDL.NS,DN,0.762,0.75,HIGH,ALIGNED,3.2548,False,False,TRAIN
2025-09-30,IDEAFORGE.NS,DN,0.7541,0.625,HIGH,ALIGNED,0.9321,False,False,TRAIN
2025-09-30,SUZLON.NS,DN,0.7445,0.625,HIGH,ALIGNED,0.2361,False,False,TRAIN
2025-09-30,RVNL.NS,DN,0.7414,0.75,HIGH,ALIGNED,1.4582,False,False,TRAIN
2025-09-30,ROUTE.NS,DN,0.7388,0.625,HIGH,ALIGNED,0.8085,False,False,TRAIN
2025-09-30,OFSS.NS,DN,0.7359,0.75,HIGH,ALIGNED,3.8201,False,False,TRAIN
2025-09-30,PNBHOUSING.NS,DN,0.7283,0.75,HIGH,ALIGNED,2.1654,False,False,TRAIN
2025-09-30,JINDALPOLY.NS,DN,0.7273,0.625,HIGH,ALIGNED,1.6699,False,False,TRAIN
2025-09-30,WHIRLPOOL.NS,DN,0.723,0.875,HIGH,ALIGNED,-1.5782,True,True,TRAIN
2025-10-01,ADANIGREEN.NS,DN,0.8332,0.5,MEDIUM,ALIGNED,0.526,False,False,TRAIN
2025-10-01,KPITTECH.NS,DN,0.8146,0.75,HIGH,ALIGNED,0.3902,False,False,TRAIN
2025-10-01,SUDARSCHEM.NS,DN,0.8139,0.75,HIGH,ALIGNED,-0.6613,True,True,TRAIN
2025-10-01,LAURUSLABS.NS,DN,0.8093,0.5,MEDIUM,ALIGNED,-0.8716,True,True,TRAIN
2025-10-01,GRSE.NS,DN,0.8039,0.5,MEDIUM,ALIGNED,3.033,False,False,TRAIN
2025-10-01,APOLLOTYRE.NS,DN,0.7675,0.75,HIGH,ALIGNED,1.1761,False,False,TRAIN
2025-10-01,DEEPAKFERT.NS,DN,0.7643,0.5,MEDIUM,ALIGNED,1.6353,False,False,TRAIN
2025-10-01,ROUTE.NS,DN,0.7545,0.75,HIGH,ALIGNED,-0.4198,True,True,TRAIN
2025-10-01,IDEAFORGE.NS,DN,0.7438,0.5,MEDIUM,ALIGNED,0.2063,False,False,TRAIN
2025-10-01,HFCL.NS,DN,0.7421,0.5,MEDIUM,ALIGNED,3.337,False,False,TRAIN
2025-10-01,JINDALPOLY.NS,DN,0.7294,0.625,HIGH,ALIGNED,1.9835,False,False,TRAIN
2025-10-01,NATCOPHARM.NS,DN,0.7232,0.625,HIGH,ALIGNED,1.9838,False,False,TRAIN
2025-10-01,BAJFINANCE.NS,DN,0.7208,0.625,HIGH,ALIGNED,0.2076,False,False,TRAIN
2025-10-01,PNBHOUSING.NS,DN,0.7153,0.5,MEDIUM,ALIGNED,0.6517,False,False,TRAIN
2025-10-01,ZENSARTECH.NS,DN,0.7153,0.75,HIGH,ALIGNED,-1.1122,True,True,TRAIN
2025-10-01,COCHINSHIP.NS,DN,0.7142,0.75,HIGH,ALIGNED,-0.0054,True,True,TRAIN
2025-10-01,INTELLECT.NS,DN,0.7089,0.75,HIGH,ALIGNED,1.0141,False,False,TRAIN
2025-10-01,BIOCON.NS,DN,0.7065,0.5,MEDIUM,ALIGNED,1.6741,False,False,TRAIN
2025-10-01,MAZDOCK.NS,DN,0.7041,0.375,MEDIUM,CONFLICT,1.3971,False,False,TRAIN
2025-10-01,CENTUM.NS,DN,0.7019,0.5,MEDIUM,ALIGNED,-8.7055,True,True,TRAIN
2025-10-03,SUDARSCHEM.NS,DN,0.8829,0.75,HIGH,ALIGNED,-0.5086,True,True,TRAIN
2025-10-03,KPITTECH.NS,DN,0.8616,0.75,HIGH,ALIGNED,-0.0864,True,True,TRAIN
2025-10-03,COCHINSHIP.NS,DN,0.8613,0.625,HIGH,ALIGNED,-0.4566,True,True,TRAIN
2025-10-03,PNBHOUSING.NS,DN,0.8259,0.625,HIGH,ALIGNED,0.7882,False,False,TRAIN
2025-10-03,ADANIGREEN.NS,DN,0.8222,0.625,HIGH,ALIGNED,-1.0184,True,True,TRAIN
2025-10-03,LAURUSLABS.NS,DN,0.7959,0.625,HIGH,ALIGNED,-0.162,True,True,TRAIN
2025-10-03,APOLLOTYRE.NS,DN,0.7667,0.5,MEDIUM,ALIGNED,0.3276,False,False,TRAIN
2025-10-03,KEI.NS,DN,0.7597,0.875,HIGH,ALIGNED,2.3407,False,False,TRAIN
2025-10-03,SUZLON.NS,DN,0.7418,0.75,HIGH,ALIGNED,-0.6427,True,True,TRAIN
2025-10-03,ZENSARTECH.NS,DN,0.7408,0.5,MEDIUM,ALIGNED,-0.5854,True,True,TRAIN
2025-10-03,ONMOBILE.NS,DN,0.7368,0.375,MEDIUM,CONFLICT,-1.7531,True,True,TRAIN
2025-10-03,RATNAMANI.NS,DN,0.7319,0.625,HIGH,ALIGNED,-1.6106,True,True,TRAIN
2025-10-03,IDEAFORGE.NS,DN,0.72,0.625,HIGH,ALIGNED,-2.9706,True,True,TRAIN
2025-10-03,CENTUM.NS,DN,0.707,0.75,HIGH,ALIGNED,5.5912,False,False,TRAIN
2025-10-03,CESC.NS,DN,0.7038,0.375,MEDIUM,CONFLICT,0.0541,False,False,TRAIN
2025-10-03,TATACOMM.NS,DN,0.7014,0.625,HIGH,ALIGNED,2.7699,False,False,TRAIN
2025-10-03,GRSE.NS,DN,0.6964,0.375,MEDIUM,CONFLICT,0.7341,False,False,TRAIN
2025-10-03,POLICYBZR.NS,DN,0.6947,0.625,HIGH,ALIGNED,1.4643,False,False,TRAIN
2025-10-03,VINATIORGA.NS,DN,0.6882,0.875,HIGH,ALIGNED,0.1422,False,False,TRAIN
2025-10-03,NAVINFLUOR.NS,DN,0.6814,0.625,HIGH,ALIGNED,-0.5587,True,True,TRAIN
2025-10-06,ONMOBILE.NS,DN,0.9495,0.625,HIGH,ALIGNED,2.7135,False,False,TRAIN
2025-10-06,SUDARSCHEM.NS,DN,0.8498,0.625,HIGH,ALIGNED,-1.4058,True,True,TRAIN
2025-10-06,KPITTECH.NS,DN,0.8385,0.5,MEDIUM,ALIGNED,1.193,False,False,TRAIN
2025-10-06,ADANIGREEN.NS,DN,0.7996,0.5,MEDIUM,ALIGNED,0.1227,False,False,TRAIN
2025-10-06,GODREJAGRO.NS,DN,0.7956,0.625,HIGH,ALIGNED,-0.0741,True,True,TRAIN
2025-10-06,DEEPAKFERT.NS,DN,0.7793,0.5,MEDIUM,ALIGNED,-0.5156,True,True,TRAIN
2025-10-06,COCHINSHIP.NS,DN,0.7718,0.5,MEDIUM,ALIGNED,-0.7124,True,True,TRAIN
2025-10-06,RATNAMANI.NS,DN,0.7639,0.75,HIGH,ALIGNED,1.0815,False,False,TRAIN
2025-10-06,DEEPAKNTR.NS,DN,0.7387,0.5,MEDIUM,ALIGNED,-2.2671,True,True,TRAIN
2025-10-06,ZYDUSWELL.NS,DN,0.7337,0.5,MEDIUM,ALIGNED,-0.4422,True,True,TRAIN
2025-10-06,MARUTI.NS,DN,0.7329,0.625,HIGH,ALIGNED,0.6876,False,False,TRAIN
2025-10-06,LT.NS,DN,0.7213,0.5,MEDIUM,ALIGNED,-0.1953,True,True,TRAIN
2025-10-06,SOBHA.NS,DN,0.6944,0.875,HIGH,ALIGNED,-0.068,True,True,TRAIN
2025-10-06,CLEAN.NS,DN,0.6941,0.625,HIGH,ALIGNED,-0.7303,True,True,TRAIN
2025-10-06,FINPIPE.NS,DN,0.6898,0.75,HIGH,ALIGNED,-1.9405,True,True,TRAIN
2025-10-06,RBLBANK.NS,DN,0.6894,0.5,MEDIUM,ALIGNED,-0.7438,True,True,TRAIN
2025-10-06,VINATIORGA.NS,DN,0.6749,0.75,HIGH,ALIGNED,1.6327,False,False,TRAIN
2025-10-06,ZENSARTECH.NS,DN,0.6739,0.625,HIGH,ALIGNED,0.6814,False,False,TRAIN
2025-10-06,ROUTE.NS,DN,0.669,0.625,HIGH,ALIGNED,-1.2951,True,True,TRAIN
2025-10-06,APOLLOTYRE.NS,DN,0.6686,0.5,MEDIUM,ALIGNED,0.8005,False,False,TRAIN
2025-10-07,KPITTECH.NS,DN,0.838,0.375,MEDIUM,CONFLICT,-0.8287,True,True,TRAIN
2025-10-07,GODREJAGRO.NS,DN,0.8375,0.75,HIGH,ALIGNED,-0.3412,True,True,TRAIN
2025-10-07,PGHH.NS,DN,0.8119,0.5,MEDIUM,ALIGNED,0.063,False,False,TRAIN
2025-10-07,JINDALSTEL.NS,DN,0.7784,0.875,HIGH,ALIGNED,-1.4027,True,True,TRAIN
2025-10-07,RBLBANK.NS,DN,0.7732,0.75,HIGH,ALIGNED,4.7158,False,False,TRAIN
2025-10-07,ONMOBILE.NS,DN,0.7645,0.375,MEDIUM,CONFLICT,-1.2347,True,True,TRAIN
2025-10-07,ZYDUSWELL.NS,DN,0.7613,0.75,HIGH,ALIGNED,1.932,False,False,TRAIN
2025-10-07,ASHOKLEY.NS,DN,0.7511,0.625,HIGH,ALIGNED,-0.329,True,True,TRAIN
2025-10-07,DEEPAKNTR.NS,DN,0.744,0.75,HIGH,ALIGNED,-0.3718,True,True,TRAIN
2025-10-07,SBIN.NS,DN,0.7347,0.625,HIGH,ALIGNED,-0.7459,True,True,TRAIN
2025-10-07,RATNAMANI.NS,DN,0.7339,0.625,HIGH,ALIGNED,-2.6228,True,True,TRAIN
2025-10-07,VINATIORGA.NS,DN,0.7291,0.625,HIGH,ALIGNED,-1.4726,True,True,TRAIN
2025-10-07,CLEAN.NS,DN,0.7262,0.75,HIGH,ALIGNED,-0.8582,True,True,TRAIN
2025-10-07,BPCL.NS,DN,0.7113,0.5,MEDIUM,ALIGNED,0.9359,False,False,TRAIN
2025-10-07,VGUARD.NS,DN,0.707,0.75,HIGH,ALIGNED,-2.075,True,True,TRAIN
2025-10-07,PNBHOUSING.NS,DN,0.7011,0.375,MEDIUM,CONFLICT,-1.5449,True,True,TRAIN
2025-10-07,DEEPAKFERT.NS,DN,0.6967,0.625,HIGH,ALIGNED,0.0389,False,False,TRAIN
2025-10-07,TATACONSUM.NS,DN,0.6951,0.5,MEDIUM,ALIGNED,0.0179,False,False,TRAIN
2025-10-07,VBL.NS,DN,0.6875,0.5,MEDIUM,ALIGNED,-1.1705,True,True,TRAIN
2025-10-07,SUDARSCHEM.NS,DN,0.6817,0.625,HIGH,ALIGNED,0.1144,False,False,TRAIN
2025-10-08,RATNAMANI.NS,DN,0.8141,0.625,HIGH,ALIGNED,0.047,False,False,TRAIN
2025-10-08,JINDALSTEL.NS,DN,0.7898,0.75,HIGH,ALIGNED,2.0703,False,False,TRAIN
2025-10-08,VGUARD.NS,DN,0.7847,0.625,HIGH,ALIGNED,-1.6419,True,True,TRAIN
2025-10-08,MOIL.NS,DN,0.7783,0.75,HIGH,ALIGNED,4.9401,False,False,TRAIN
2025-10-08,GODREJAGRO.NS,DN,0.7694,0.5,MEDIUM,ALIGNED,-0.6699,True,True,TRAIN
2025-10-08,SAIL.NS,DN,0.7614,0.875,HIGH,ALIGNED,3.5985,False,False,TRAIN
2025-10-08,PGHH.NS,DN,0.7452,0.5,MEDIUM,ALIGNED,-0.6579,True,True,TRAIN
2025-10-08,PFC.NS,DN,0.7281,0.75,HIGH,ALIGNED,0.5875,False,False,TRAIN
2025-10-08,VINATIORGA.NS,DN,0.7242,0.625,HIGH,ALIGNED,-0.2186,True,True,TRAIN
2025-10-08,ASHOKLEY.NS,DN,0.7227,0.625,HIGH,ALIGNED,-0.5238,True,True,TRAIN
2025-10-08,METROBRAND.NS,DN,0.7117,0.625,HIGH,ALIGNED,-3.2032,True,True,TRAIN
2025-10-08,CENTUM.NS,DN,0.6967,0.5,MEDIUM,ALIGNED,0.2724,False,False,TRAIN
2025-10-08,JYOTHYLAB.NS,DN,0.6959,0.5,MEDIUM,ALIGNED,0.6607,False,False,TRAIN
2025-10-08,CLEAN.NS,DN,0.6947,0.625,HIGH,ALIGNED,-1.2938,True,True,TRAIN
2025-10-08,HINDZINC.NS,DN,0.6868,0.5,MEDIUM,ALIGNED,4.4343,False,False,TRAIN
2025-10-08,SOBHA.NS,DN,0.6775,0.625,HIGH,ALIGNED,-1.3341,True,True,TRAIN
2025-10-08,DABUR.NS,DN,0.6708,0.5,MEDIUM,ALIGNED,1.0934,False,False,TRAIN
2025-10-08,BIKAJI.NS,DN,0.6696,0.625,HIGH,ALIGNED,1.0268,False,False,TRAIN
2025-10-08,MGL.NS,DN,0.6668,0.875,HIGH,ALIGNED,0.9382,False,False,TRAIN
2025-10-08,BPCL.NS,DN,0.6656,0.375,MEDIUM,CONFLICT,-0.3187,True,True,TRAIN
2025-10-09,RATEGAIN.NS,DN,0.8491,0.75,HIGH,ALIGNED,-0.8996,True,True,TRAIN
2025-10-09,GODREJAGRO.NS,DN,0.8147,0.625,HIGH,ALIGNED,-0.9442,True,True,TRAIN
2025-10-09,VGUARD.NS,DN,0.7861,0.75,HIGH,ALIGNED,-0.5992,True,True,TRAIN
2025-10-09,STLTECH.NS,DN,0.7807,0.75,HIGH,ALIGNED,-1.4023,True,True,TRAIN
2025-10-09,PGHH.NS,DN,0.7479,0.625,HIGH,ALIGNED,0.6904,False,False,TRAIN
2025-10-09,ONMOBILE.NS,DN,0.7399,0.75,HIGH,ALIGNED,5.0591,False,False,TRAIN
2025-10-09,JINDALSTEL.NS,DN,0.7387,0.875,HIGH,ALIGNED,-2.4128,True,True,TRAIN
2025-10-09,VINATIORGA.NS,DN,0.7385,0.75,HIGH,ALIGNED,1.9361,False,False,TRAIN
2025-10-09,RATNAMANI.NS,DN,0.7202,0.75,HIGH,ALIGNED,0.0299,False,False,TRAIN
2025-10-09,JYOTHYLAB.NS,DN,0.7123,0.5,MEDIUM,ALIGNED,0.4162,False,False,TRAIN
2025-10-09,ATUL.NS,DN,0.7111,0.75,HIGH,ALIGNED,0.7264,False,False,TRAIN
2025-10-09,PNBHOUSING.NS,DN,0.709,0.625,HIGH,ALIGNED,-2.5682,True,True,TRAIN
2025-10-09,CLEAN.NS,DN,0.7046,0.625,HIGH,ALIGNED,3.3443,False,False,TRAIN
2025-10-09,LUPIN.NS,DN,0.6994,0.625,HIGH,ALIGNED,0.0868,False,False,TRAIN
2025-10-09,ADANIPORTS.NS,DN,0.6988,0.875,HIGH,ALIGNED,0.9888,False,False,TRAIN
2025-10-09,MASTEK.NS,DN,0.6959,0.875,HIGH,ALIGNED,1.8367,False,False,TRAIN
2025-10-09,DEEPAKFERT.NS,DN,0.6954,0.625,HIGH,ALIGNED,-0.9921,True,True,TRAIN
2025-10-09,BHARATFORG.NS,DN,0.6946,0.75,HIGH,ALIGNED,0.8848,False,False,TRAIN
2025-10-09,PFC.NS,DN,0.6918,0.625,HIGH,ALIGNED,0.3728,False,False,TRAIN
2025-10-09,COCHINSHIP.NS,DN,0.6755,0.75,HIGH,ALIGNED,-0.4985,True,True,TRAIN
2025-10-10,RATEGAIN.NS,DN,0.9247,0.75,HIGH,ALIGNED,-2.877,True,True,TRAIN
2025-10-10,SHYAMMETL.NS,DN,0.8506,0.5,MEDIUM,ALIGNED,-0.6226,True,True,TRAIN
2025-10-10,MOIL.NS,DN,0.8401,0.625,HIGH,ALIGNED,-2.3382,True,True,TRAIN
2025-10-10,GODREJAGRO.NS,DN,0.8245,0.625,HIGH,ALIGNED,1.3617,False,False,TRAIN
2025-10-10,STLTECH.NS,DN,0.8124,0.75,HIGH,ALIGNED,1.2166,False,False,TRAIN
2025-10-10,MRPL.NS,DN,0.7908,0.625,HIGH,ALIGNED,-0.8342,True,True,TRAIN
2025-10-10,DEEPAKFERT.NS,DN,0.7887,0.625,HIGH,ALIGNED,-0.8617,True,True,TRAIN
2025-10-10,JINDALSTEL.NS,DN,0.7815,0.75,HIGH,ALIGNED,-0.7486,True,True,TRAIN
2025-10-10,KALYANKJIL.NS,DN,0.7548,0.5,MEDIUM,ALIGNED,-2.0728,True,True,TRAIN
2025-10-10,VGUARD.NS,DN,0.7546,0.625,HIGH,ALIGNED,1.3636,False,False,TRAIN
2025-10-10,MIDHANI.NS,DN,0.7513,0.75,HIGH,ALIGNED,-2.4833,True,True,TRAIN
2025-10-10,PNBHOUSING.NS,DN,0.7312,0.75,HIGH,ALIGNED,-0.041,True,True,TRAIN
2025-10-10,HEROMOTOCO.NS,DN,0.7227,0.75,HIGH,ALIGNED,1.0727,False,False,TRAIN
2025-10-10,IDEAFORGE.NS,DN,0.7202,0.625,HIGH,ALIGNED,-1.0368,True,True,TRAIN
2025-10-10,SAIL.NS,DN,0.7147,0.875,HIGH,ALIGNED,0.2572,False,False,TRAIN
2025-10-10,BPCL.NS,DN,0.7013,0.75,HIGH,ALIGNED,-0.2214,True,True,TRAIN
2025-10-10,PFC.NS,DN,0.6988,0.75,HIGH,ALIGNED,-0.1857,True,True,TRAIN
2025-10-10,BASF.NS,DN,0.6928,0.625,HIGH,ALIGNED,-1.1892,True,True,TRAIN
2025-10-10,ADANIGREEN.NS,DN,0.6845,0.375,MEDIUM,CONFLICT,-1.2215,True,True,TRAIN
2025-10-10,HINDZINC.NS,DN,0.6824,0.625,HIGH,ALIGNED,1.4549,False,False,TRAIN
2025-10-13,RATEGAIN.NS,DN,0.9067,0.75,HIGH,ALIGNED,-0.6407,True,True,TRAIN
2025-10-13,MRPL.NS,DN,0.8956,0.75,HIGH,ALIGNED,-1.1497,True,True,TRAIN
2025-10-13,MOIL.NS,DN,0.8831,0.5,MEDIUM,ALIGNED,-0.5159,True,True,TRAIN
2025-10-13,PNBHOUSING.NS,DN,0.8182,0.625,HIGH,ALIGNED,-1.1896,True,True,TRAIN
2025-10-13,SHYAMMETL.NS,DN,0.81,0.75,HIGH,ALIGNED,0.2754,False,False,TRAIN
2025-10-13,DEEPAKFERT.NS,DN,0.7805,0.75,HIGH,ALIGNED,-4.5886,True,True,TRAIN
2025-10-13,KALYANKJIL.NS,DN,0.7788,0.75,HIGH,ALIGNED,-1.1268,True,True,TRAIN
2025-10-13,AXISBANK.NS,DN,0.7598,0.5,MEDIUM,ALIGNED,-1.076,True,True,TRAIN
2025-10-13,MIDHANI.NS,DN,0.7593,0.75,HIGH,ALIGNED,-0.2639,True,True,TRAIN
2025-10-13,JINDALSTEL.NS,DN,0.751,0.625,HIGH,ALIGNED,-1.1513,True,True,TRAIN
2025-10-13,STLTECH.NS,DN,0.7449,0.5,MEDIUM,ALIGNED,-4.664,True,True,TRAIN
2025-10-13,DATAPATTNS.NS,DN,0.7343,0.625,HIGH,ALIGNED,1.5234,False,False,TRAIN
2025-10-13,SAPPHIRE.NS,DN,0.728,0.75,HIGH,ALIGNED,-0.6998,True,True,TRAIN
2025-10-13,BDL.NS,DN,0.7268,0.625,HIGH,ALIGNED,-1.3648,True,True,TRAIN
2025-10-13,BATAINDIA.NS,DN,0.7041,0.625,HIGH,ALIGNED,-2.1584,True,True,TRAIN
2025-10-13,GRSE.NS,DN,0.7025,0.625,HIGH,ALIGNED,-1.658,True,True,TRAIN
2025-10-13,OLECTRA.NS,DN,0.6985,0.625,HIGH,ALIGNED,-1.8355,True,True,TRAIN
2025-10-13,BPCL.NS,DN,0.6856,0.625,HIGH,ALIGNED,-1.6275,True,True,TRAIN
2025-10-13,BASF.NS,DN,0.6795,0.75,HIGH,ALIGNED,-1.2145,True,True,TRAIN
2025-10-13,BHARATFORG.NS,DN,0.6739,0.5,MEDIUM,ALIGNED,-0.2691,True,True,TRAIN
2025-10-14,MRPL.NS,DN,0.9094,0.75,HIGH,ALIGNED,0.773,False,False,TRAIN
2025-10-14,RATEGAIN.NS,DN,0.8973,0.625,HIGH,ALIGNED,-3.4289,True,True,TRAIN
2025-10-14,STLTECH.NS,DN,0.82,0.75,HIGH,ALIGNED,5.2118,False,False,TRAIN
2025-10-14,RAILTEL.NS,DN,0.801,0.625,HIGH,ALIGNED,2.0927,False,False,TRAIN
2025-10-14,OFSS.NS,DN,0.789,0.75,HIGH,ALIGNED,-2.1564,True,True,TRAIN
2025-10-14,METROBRAND.NS,DN,0.7822,0.625,HIGH,ALIGNED,1.726,False,False,TRAIN
2025-10-14,IGL.NS,DN,0.7728,0.625,HIGH,ALIGNED,0.1134,False,False,TRAIN
2025-10-14,BATAINDIA.NS,DN,0.7685,0.625,HIGH,ALIGNED,-0.0445,True,True,TRAIN
2025-10-14,KALYANKJIL.NS,DN,0.7555,0.75,HIGH,ALIGNED,1.6083,False,False,TRAIN
2025-10-14,ENDURANCE.NS,DN,0.7524,0.75,HIGH,ALIGNED,1.8117,False,False,TRAIN
2025-10-14,POLICYBZR.NS,DN,0.7476,0.625,HIGH,ALIGNED,-2.0192,True,True,TRAIN
2025-10-14,IDEA.NS,DN,0.747,1.0,HIGH,ALIGNED,4.6651,False,False,TRAIN
2025-10-14,DEEPAKFERT.NS,DN,0.7236,0.875,HIGH,ALIGNED,0.2472,False,False,TRAIN
2025-10-14,PETRONET.NS,DN,0.7226,0.875,HIGH,ALIGNED,1.0114,False,False,TRAIN
2025-10-14,IRCON.NS,DN,0.7207,0.75,HIGH,ALIGNED,0.9949,False,False,TRAIN
2025-10-14,PNBHOUSING.NS,DN,0.7137,0.75,HIGH,ALIGNED,0.682,False,False,TRAIN
2025-10-14,GRSE.NS,DN,0.7087,0.75,HIGH,ALIGNED,2.2206,False,False,TRAIN
2025-10-14,BASF.NS,DN,0.7058,0.75,HIGH,ALIGNED,-0.6158,True,True,TRAIN
2025-10-14,SAIL.NS,DN,0.7043,0.625,HIGH,ALIGNED,1.1804,False,False,TRAIN
2025-10-14,CENTUM.NS,DN,0.7007,0.75,HIGH,ALIGNED,0.5401,False,False,TRAIN
2025-10-15,MRPL.NS,DN,0.8991,0.75,HIGH,ALIGNED,1.0486,False,False,TRAIN
2025-10-15,RATEGAIN.NS,DN,0.8865,0.75,HIGH,ALIGNED,4.1241,False,False,TRAIN
2025-10-15,OFSS.NS,DN,0.8403,0.75,HIGH,ALIGNED,0.4511,False,False,TRAIN
2025-10-15,RAILTEL.NS,DN,0.7908,0.625,HIGH,ALIGNED,-0.1206,True,True,TRAIN
2025-10-15,BATAINDIA.NS,DN,0.7894,0.875,HIGH,ALIGNED,2.1358,False,False,TRAIN
2025-10-15,DATAPATTNS.NS,DN,0.7687,0.625,HIGH,ALIGNED,1.2791,False,False,TRAIN
2025-10-15,ENDURANCE.NS,DN,0.765,0.5,MEDIUM,ALIGNED,3.7429,False,False,TRAIN
2025-10-15,IDEA.NS,DN,0.7638,0.75,HIGH,ALIGNED,1.1429,False,False,TRAIN
2025-10-15,IGL.NS,DN,0.7594,0.625,HIGH,ALIGNED,0.8163,False,False,TRAIN
2025-10-15,BASF.NS,DN,0.7582,0.75,HIGH,ALIGNED,3.179,False,False,TRAIN
2025-10-15,METROBRAND.NS,DN,0.7292,0.625,HIGH,ALIGNED,0.1407,False,False,TRAIN
2025-10-15,ROUTE.NS,DN,0.7261,0.625,HIGH,ALIGNED,-0.2515,True,True,TRAIN
2025-10-15,KPITTECH.NS,DN,0.6964,0.5,MEDIUM,ALIGNED,-0.3345,True,True,TRAIN
2025-10-15,AMBER.NS,DN,0.6962,0.75,HIGH,ALIGNED,1.1106,False,False,TRAIN
2025-10-15,STLTECH.NS,DN,0.6919,0.375,MEDIUM,CONFLICT,-1.1983,True,True,TRAIN
2025-10-15,GRSE.NS,DN,0.6913,0.5,MEDIUM,ALIGNED,-0.2405,True,True,TRAIN
2025-10-15,GODREJAGRO.NS,DN,0.6894,0.75,HIGH,ALIGNED,0.9419,False,False,TRAIN
2025-10-15,AXISBANK.NS,DN,0.6892,0.75,HIGH,ALIGNED,2.2828,False,False,TRAIN
2025-10-15,POLICYBZR.NS,DN,0.6879,0.875,HIGH,ALIGNED,1.0095,False,False,TRAIN
2025-10-15,PARAS.NS,DN,0.6868,0.75,HIGH,ALIGNED,-0.0569,True,True,TRAIN
2025-10-16,MRPL.NS,DN,0.8648,0.625,HIGH,ALIGNED,-1.8943,True,True,TRAIN
2025-10-16,MOIL.NS,DN,0.8646,0.625,HIGH,ALIGNED,-2.806,True,True,TRAIN
2025-10-16,HINDZINC.NS,DN,0.8335,0.625,HIGH,ALIGNED,-1.2729,True,True,TRAIN
2025-10-16,OFSS.NS,DN,0.8239,0.625,HIGH,ALIGNED,-0.1819,True,True,TRAIN
2025-10-16,RATEGAIN.NS,DN,0.8226,0.625,HIGH,ALIGNED,-1.8936,True,True,TRAIN
2025-10-16,NATIONALUM.NS,DN,0.8201,0.625,HIGH,ALIGNED,-0.6569,True,True,TRAIN
2025-10-16,DATAPATTNS.NS,DN,0.8129,0.375,MEDIUM,CONFLICT,2.7492,False,False,TRAIN
2025-10-16,SAIL.NS,DN,0.801,0.625,HIGH,ALIGNED,-2.0551,True,True,TRAIN
2025-10-16,PARAS.NS,DN,0.7612,0.875,HIGH,ALIGNED,0.3342,False,False,TRAIN
2025-10-16,IGL.NS,DN,0.7606,0.5,MEDIUM,ALIGNED,-2.546,True,True,TRAIN
2025-10-16,TATASTEEL.NS,DN,0.7606,0.625,HIGH,ALIGNED,-1.023,True,True,TRAIN
2025-10-16,KEI.NS,DN,0.7534,0.875,HIGH,ALIGNED,-0.9946,True,True,TRAIN
2025-10-16,IDEA.NS,DN,0.7508,0.5,MEDIUM,ALIGNED,-1.6949,True,True,TRAIN
2025-10-16,MIDHANI.NS,DN,0.7493,0.75,HIGH,ALIGNED,0.715,False,False,TRAIN
2025-10-16,VEDL.NS,DN,0.7482,0.75,HIGH,ALIGNED,-1.0541,True,True,TRAIN
2025-10-16,GRSE.NS,DN,0.7373,0.625,HIGH,ALIGNED,-0.6353,True,True,TRAIN
2025-10-16,IDFCFIRSTB.NS,DN,0.7298,0.75,HIGH,ALIGNED,0.1254,False,False,TRAIN
2025-10-16,BASF.NS,DN,0.7222,0.375,MEDIUM,CONFLICT,-1.5014,True,True,TRAIN
2025-10-16,RAILTEL.NS,DN,0.7179,0.75,HIGH,ALIGNED,-1.2341,True,True,TRAIN
2025-10-16,SOLARINDS.NS,DN,0.7086,0.5,MEDIUM,ALIGNED,0.1639,False,False,TRAIN
2025-10-17,YESBANK.NS,DN,0.8645,0.875,HIGH,ALIGNED,1.7528,False,False,TRAIN
2025-10-17,MOIL.NS,DN,0.8261,0.75,HIGH,ALIGNED,0.5964,False,False,TRAIN
2025-10-17,IGL.NS,DN,0.807,0.75,HIGH,ALIGNED,-0.4994,True,True,TRAIN
2025-10-17,MRPL.NS,DN,0.7978,0.75,HIGH,ALIGNED,7.5673,False,False,TRAIN
2025-10-17,RATEGAIN.NS,DN,0.7814,0.75,HIGH,ALIGNED,-1.1074,True,True,TRAIN
2025-10-17,AUROPHARMA.NS,DN,0.7508,0.875,HIGH,ALIGNED,-0.1453,True,True,TRAIN
2025-10-17,NATCOPHARM.NS,DN,0.7428,0.625,HIGH,ALIGNED,0.9017,False,False,TRAIN
2025-10-17,KEI.NS,DN,0.7362,0.875,HIGH,ALIGNED,0.3486,False,False,TRAIN
2025-10-17,JPPOWER.NS,DN,0.7357,0.75,HIGH,ALIGNED,-0.1675,True,True,TRAIN
2025-10-17,IDFCFIRSTB.NS,DN,0.7343,0.5,MEDIUM,ALIGNED,7.0256,False,False,TRAIN
2025-10-17,CENTUM.NS,DN,0.7341,0.5,MEDIUM,ALIGNED,-0.6918,True,True,TRAIN
2025-10-17,ZENSARTECH.NS,DN,0.7327,0.625,HIGH,ALIGNED,-0.1278,True,True,TRAIN
2025-10-17,OFSS.NS,DN,0.7234,0.625,HIGH,ALIGNED,-2.2208,True,True,TRAIN
2025-10-17,WIPRO.NS,DN,0.7176,0.875,HIGH,ALIGNED,0.1411,False,False,TRAIN
2025-10-17,INFY.NS,DN,0.7085,0.875,HIGH,ALIGNED,1.374,False,False,TRAIN
2025-10-17,TATACOMM.NS,DN,0.7078,0.5,MEDIUM,ALIGNED,-1.1314,True,True,TRAIN
2025-10-17,IDEA.NS,DN,0.7017,0.625,HIGH,ALIGNED,2.7586,False,False,TRAIN
2025-10-17,PETRONET.NS,DN,0.6937,0.75,HIGH,ALIGNED,1.2337,False,False,TRAIN
2025-10-17,IRCON.NS,DN,0.6928,0.75,HIGH,ALIGNED,0.7099,False,False,TRAIN
2025-10-17,VEDL.NS,DN,0.6862,0.75,HIGH,ALIGNED,-0.0316,True,True,TRAIN
2025-10-20,YESBANK.NS,DN,0.886,0.75,HIGH,ALIGNED,0.4859,False,False,TRAIN
2025-10-20,PFIZER.NS,DN,0.8467,0.75,HIGH,ALIGNED,0.5071,False,False,TRAIN
2025-10-20,HINDZINC.NS,DN,0.8216,0.75,HIGH,ALIGNED,-0.5243,True,True,TRAIN
2025-10-20,NOCIL.NS,DN,0.8197,0.75,HIGH,ALIGNED,0.6286,False,False,TRAIN
2025-10-20,IGL.NS,DN,0.8111,0.75,HIGH,ALIGNED,0.111,False,False,TRAIN
2025-10-20,JPPOWER.NS,DN,0.8002,0.75,HIGH,ALIGNED,0.7271,False,False,TRAIN
2025-10-20,TEJASNET.NS,DN,0.7865,0.75,HIGH,ALIGNED,1.6583,False,False,TRAIN
2025-10-20,AUROPHARMA.NS,DN,0.7841,0.75,HIGH,ALIGNED,0.1001,False,False,TRAIN
2025-10-20,OFSS.NS,DN,0.7839,0.875,HIGH,ALIGNED,0.4077,False,False,TRAIN
2025-10-20,INDIAMART.NS,DN,0.7774,0.75,HIGH,ALIGNED,1.7989,False,False,TRAIN
2025-10-20,KEI.NS,DN,0.7757,0.75,HIGH,ALIGNED,-0.041,True,True,TRAIN
2025-10-20,BSE.NS,DN,0.765,0.5,MEDIUM,ALIGNED,-0.2526,True,True,TRAIN
2025-10-20,METROBRAND.NS,DN,0.7577,0.75,HIGH,ALIGNED,0.4242,False,False,TRAIN
2025-10-20,SAIL.NS,DN,0.7365,0.625,HIGH,ALIGNED,0.0847,False,False,TRAIN
2025-10-20,NATIONALUM.NS,DN,0.7303,0.625,HIGH,ALIGNED,0.584,False,False,TRAIN
2025-10-20,NMDC.NS,DN,0.7005,0.75,HIGH,ALIGNED,0.4918,False,False,TRAIN
2025-10-20,AMBER.NS,DN,0.6954,0.625,HIGH,ALIGNED,0.0061,False,False,TRAIN
2025-10-20,JSWENERGY.NS,DN,0.6954,0.875,HIGH,ALIGNED,0.5522,False,False,TRAIN
2025-10-20,ATUL.NS,DN,0.6945,0.625,HIGH,ALIGNED,1.2665,False,False,TRAIN
2025-10-20,DIVISLAB.NS,DN,0.6935,0.5,MEDIUM,ALIGNED,-0.2574,True,True,TRAIN
2025-10-21,TEJASNET.NS,DN,0.7913,0.625,HIGH,ALIGNED,-1.6404,True,True,TRAIN
2025-10-21,HINDZINC.NS,DN,0.7829,0.625,HIGH,ALIGNED,-0.3513,True,True,TRAIN
2025-10-21,INFY.NS,DN,0.7288,0.375,MEDIUM,CONFLICT,3.8101,False,False,TRAIN
2025-10-21,POLYCAB.NS,DN,0.7128,0.625,HIGH,ALIGNED,-1.1374,True,True,TRAIN
2025-10-21,JSWENERGY.NS,DN,0.6827,0.625,HIGH,ALIGNED,0.9847,False,False,TRAIN
2025-10-21,FINEORG.NS,DN,0.6692,0.625,HIGH,ALIGNED,-0.8759,True,True,TRAIN
2025-10-21,ICICIBANK.NS,DN,0.6577,0.75,HIGH,ALIGNED,-1.3242,True,True,TRAIN
2025-10-21,FEDERALBNK.NS,DN,0.6553,0.5,MEDIUM,ALIGNED,0.1847,False,False,TRAIN
2025-10-21,MUTHOOTFIN.NS,DN,0.6428,0.375,MEDIUM,CONFLICT,-2.8277,True,True,TRAIN
2025-10-21,ROUTE.NS,DN,0.5567,0.375,MEDIUM,CONFLICT,-1.1729,True,True,TRAIN
2025-10-21,HFCL.NS,DN,0.5537,0.375,MEDIUM,CONFLICT,-0.6605,True,True,TRAIN
2025-10-21,RBLBANK.NS,DN,0.5475,0.375,MEDIUM,CONFLICT,-2.0792,True,True,TRAIN
2025-10-21,CANBK.NS,DN,0.5474,0.5,MEDIUM,ALIGNED,-0.6923,True,True,TRAIN
2025-10-21,BASF.NS,DN,0.5452,0.375,MEDIUM,CONFLICT,-1.6712,True,True,TRAIN
2025-10-21,SUZLON.NS,DN,0.5404,0.25,LOW,CONFLICT,0.646,False,False,TRAIN
2025-10-21,PNB.NS,DN,0.5349,0.375,MEDIUM,CONFLICT,0.4674,False,False,TRAIN
2025-10-21,IDFCFIRSTB.NS,DN,0.5212,0.375,MEDIUM,CONFLICT,2.8527,False,False,TRAIN
2025-10-21,MANAPPURAM.NS,DN,0.5096,0.375,MEDIUM,CONFLICT,-1.4505,True,True,TRAIN
2025-10-21,MIDHANI.NS,DN,0.5038,0.25,LOW,CONFLICT,-0.5757,True,True,TRAIN
2025-10-21,PARAS.NS,DN,0.5,0.25,LOW,CONFLICT,-1.3144,True,True,TRAIN
2025-10-23,MAPMYINDIA.NS,DN,0.9165,0.75,HIGH,ALIGNED,0.5355,False,False,TRAIN
2025-10-23,MOIL.NS,DN,0.865,0.625,HIGH,ALIGNED,1.1636,False,False,TRAIN
2025-10-23,YESBANK.NS,DN,0.8609,0.625,HIGH,ALIGNED,-0.2201,True,True,TRAIN
2025-10-23,KEI.NS,DN,0.8514,0.75,HIGH,ALIGNED,1.0904,False,False,TRAIN
2025-10-23,TEJASNET.NS,DN,0.8353,0.75,HIGH,ALIGNED,-0.176,True,True,TRAIN
2025-10-23,ICICIGI.NS,DN,0.8196,0.75,HIGH,ALIGNED,0.7427,False,False,TRAIN
2025-10-23,HINDZINC.NS,DN,0.7833,0.625,HIGH,ALIGNED,0.9437,False,False,TRAIN
2025-10-23,DIVISLAB.NS,DN,0.7678,0.75,HIGH,ALIGNED,0.4189,False,False,TRAIN
2025-10-23,BSE.NS,DN,0.765,0.375,MEDIUM,CONFLICT,-0.5025,True,True,TRAIN
2025-10-23,NMDC.NS,DN,0.7582,0.625,HIGH,ALIGNED,0.0,False,False,TRAIN
2025-10-23,MUTHOOTFIN.NS,DN,0.7572,0.75,HIGH,ALIGNED,-0.5971,True,True,TRAIN
2025-10-23,GRANULES.NS,DN,0.7548,0.625,HIGH,ALIGNED,1.3282,False,False,TRAIN
2025-10-23,NOCIL.NS,DN,0.7461,0.375,MEDIUM,CONFLICT,3.4199,False,False,TRAIN
2025-10-23,POLYCAB.NS,DN,0.7343,0.5,MEDIUM,ALIGNED,-0.0732,True,True,TRAIN
2025-10-23,CHOLAFIN.NS,DN,0.7336,0.5,MEDIUM,ALIGNED,2.9026,False,False,TRAIN
2025-10-23,WIPRO.NS,DN,0.7261,0.5,MEDIUM,ALIGNED,-0.5403,True,True,TRAIN
2025-10-23,JSWENERGY.NS,DN,0.7171,0.625,HIGH,ALIGNED,-0.4032,True,True,TRAIN
2025-10-23,AUROPHARMA.NS,DN,0.7167,0.75,HIGH,ALIGNED,-1.2829,True,True,TRAIN
2025-10-23,HFCL.NS,DN,0.7092,0.625,HIGH,ALIGNED,1.3559,False,False,TRAIN
2025-10-23,HDFCLIFE.NS,DN,0.7056,0.625,HIGH,ALIGNED,-1.1699,True,True,TRAIN
2025-10-24,TATACOMM.NS,DN,0.9286,0.625,HIGH,ALIGNED,2.3892,False,False,TRAIN
2025-10-24,BSE.NS,DN,0.8633,0.75,HIGH,ALIGNED,1.4222,False,False,TRAIN
2025-10-24,TEJASNET.NS,DN,0.8451,0.75,HIGH,ALIGNED,1.021,False,False,TRAIN
2025-10-24,YESBANK.NS,DN,0.8205,0.625,HIGH,ALIGNED,0.4411,False,False,TRAIN
2025-10-24,MUTHOOTFIN.NS,DN,0.7928,0.75,HIGH,ALIGNED,-0.5438,True,True,TRAIN
2025-10-24,MASTEK.NS,DN,0.7746,0.625,HIGH,ALIGNED,4.0017,False,False,TRAIN
2025-10-24,TORNTPOWER.NS,DN,0.7742,0.625,HIGH,ALIGNED,-0.3092,True,True,TRAIN
2025-10-24,PERSISTENT.NS,DN,0.7739,0.75,HIGH,ALIGNED,0.8943,False,False,TRAIN
2025-10-24,WIPRO.NS,DN,0.77,0.625,HIGH,ALIGNED,0.3827,False,False,TRAIN
2025-10-24,ICICIGI.NS,DN,0.7605,0.625,HIGH,ALIGNED,-0.3761,True,True,TRAIN
2025-10-24,JSWENERGY.NS,DN,0.7532,0.625,HIGH,ALIGNED,-0.3389,True,True,TRAIN
2025-10-24,CRAFTSMAN.NS,DN,0.7466,0.75,HIGH,ALIGNED,-0.5906,True,True,TRAIN
2025-10-24,MOTHERSON.NS,DN,0.7274,0.5,MEDIUM,ALIGNED,0.64,False,False,TRAIN
2025-10-24,ADANIPORTS.NS,DN,0.7258,0.625,HIGH,ALIGNED,-0.5878,True,True,TRAIN
2025-10-24,SRF.NS,DN,0.7176,0.625,HIGH,ALIGNED,-2.0312,True,True,TRAIN
2025-10-24,HINDZINC.NS,DN,0.7103,0.375,MEDIUM,CONFLICT,-0.904,True,True,TRAIN
2025-10-24,DIVISLAB.NS,DN,0.7097,0.625,HIGH,ALIGNED,-1.5623,True,True,TRAIN
2025-10-24,METROBRAND.NS,DN,0.7071,0.875,HIGH,ALIGNED,3.6167,False,False,TRAIN
2025-10-24,ALKYLAMINE.NS,DN,0.7027,0.75,HIGH,ALIGNED,1.7581,False,False,TRAIN
2025-10-24,NESTLEIND.NS,DN,0.6947,0.5,MEDIUM,ALIGNED,0.078,False,False,TRAIN
2025-10-27,NAVINFLUOR.NS,DN,0.8162,0.875,HIGH,ALIGNED,-0.965,True,True,TRAIN
2025-10-27,TEJASNET.NS,DN,0.8155,0.625,HIGH,ALIGNED,-0.0643,True,True,TRAIN
2025-10-27,MUTHOOTFIN.NS,DN,0.8102,0.75,HIGH,ALIGNED,1.1475,False,False,TRAIN
2025-10-27,ICICIGI.NS,DN,0.79,0.75,HIGH,ALIGNED,1.6412,False,False,TRAIN
2025-10-27,WHIRLPOOL.NS,DN,0.7877,0.5,MEDIUM,ALIGNED,-0.7188,True,True,TRAIN
2025-10-27,NESTLEIND.NS,DN,0.7858,0.75,HIGH,ALIGNED,-0.9353,True,True,TRAIN
2025-10-27,DIVISLAB.NS,DN,0.77,0.75,HIGH,ALIGNED,-0.7935,True,True,TRAIN
2025-10-27,SAPPHIRE.NS,DN,0.7692,0.875,HIGH,ALIGNED,-1.5477,True,True,TRAIN
2025-10-27,SRF.NS,DN,0.7655,0.75,HIGH,ALIGNED,0.2749,False,False,TRAIN
2025-10-27,CRAFTSMAN.NS,DN,0.7623,0.75,HIGH,ALIGNED,-0.5169,True,True,TRAIN
2025-10-27,EXIDEIND.NS,DN,0.7493,0.75,HIGH,ALIGNED,0.1974,False,False,TRAIN
2025-10-27,COLPAL.NS,DN,0.748,0.875,HIGH,ALIGNED,0.7309,False,False,TRAIN
2025-10-27,HINDZINC.NS,DN,0.7377,0.625,HIGH,ALIGNED,-2.3015,True,True,TRAIN
2025-10-27,TATACOMM.NS,DN,0.7374,0.375,MEDIUM,CONFLICT,-1.7823,True,True,TRAIN
2025-10-27,ADANIPORTS.NS,DN,0.7323,0.75,HIGH,ALIGNED,-0.1901,True,True,TRAIN
2025-10-27,JSWENERGY.NS,DN,0.7303,0.625,HIGH,ALIGNED,1.3224,False,False,TRAIN
2025-10-27,BRITANNIA.NS,DN,0.7239,0.875,HIGH,ALIGNED,-0.8627,True,True,TRAIN
2025-10-27,ICICIBANK.NS,DN,0.7192,0.75,HIGH,ALIGNED,-1.0526,True,True,TRAIN
2025-10-27,HINDUNILVR.NS,DN,0.703,0.875,HIGH,ALIGNED,-0.5852,True,True,TRAIN
2025-10-27,BSE.NS,DN,0.6887,0.375,MEDIUM,CONFLICT,-3.6053,True,True,TRAIN
2025-10-28,RADICO.NS,DN,0.8515,0.75,HIGH,ALIGNED,-0.759,True,True,TRAIN
2025-10-28,NAVINFLUOR.NS,DN,0.8498,0.75,HIGH,ALIGNED,-0.4002,True,True,TRAIN
2025-10-28,RBLBANK.NS,DN,0.8375,0.5,MEDIUM,ALIGNED,-0.4614,True,True,TRAIN
2025-10-28,MUTHOOTFIN.NS,DN,0.8324,0.75,HIGH,ALIGNED,0.0377,False,False,TRAIN
2025-10-28,CIPLA.NS,DN,0.7947,0.625,HIGH,ALIGNED,0.829,False,False,TRAIN
2025-10-28,SRF.NS,DN,0.7854,0.625,HIGH,ALIGNED,0.0033,False,False,TRAIN
2025-10-28,NESTLEIND.NS,DN,0.7829,0.75,HIGH,ALIGNED,0.1574,False,False,TRAIN
2025-10-28,SAPPHIRE.NS,DN,0.7816,0.875,HIGH,ALIGNED,4.1265,False,False,TRAIN
2025-10-28,BATAINDIA.NS,DN,0.7757,0.75,HIGH,ALIGNED,-2.1798,True,True,TRAIN
2025-10-28,CRAFTSMAN.NS,DN,0.7612,0.75,HIGH,ALIGNED,0.38,False,False,TRAIN
2025-10-28,BSE.NS,DN,0.7556,0.75,HIGH,ALIGNED,1.1406,False,False,TRAIN
2025-10-28,GODREJPROP.NS,DN,0.7322,0.5,MEDIUM,ALIGNED,0.6401,False,False,TRAIN
2025-10-28,PERSISTENT.NS,DN,0.7272,0.75,HIGH,ALIGNED,1.1018,False,False,TRAIN
2025-10-28,APOLLOTYRE.NS,DN,0.719,0.75,HIGH,ALIGNED,0.2081,False,False,TRAIN
2025-10-28,POLYCAB.NS,DN,0.7187,0.75,HIGH,ALIGNED,3.0027,False,False,TRAIN
2025-10-28,CESC.NS,DN,0.7134,0.75,HIGH,ALIGNED,1.6057,False,False,TRAIN
2025-10-28,ADANIPORTS.NS,DN,0.7112,0.625,HIGH,ALIGNED,2.6024,False,False,TRAIN
2025-10-28,EXIDEIND.NS,DN,0.7017,0.75,HIGH,ALIGNED,1.0244,False,False,TRAIN
2025-10-28,WHIRLPOOL.NS,DN,0.6994,0.625,HIGH,ALIGNED,2.172,False,False,TRAIN
2025-10-28,ICICIGI.NS,DN,0.6964,0.375,MEDIUM,CONFLICT,0.5399,False,False,TRAIN
2025-10-29,RADICO.NS,DN,0.8888,0.875,HIGH,ALIGNED,-0.6131,True,True,TRAIN
2025-10-29,NAVINFLUOR.NS,DN,0.8353,0.625,HIGH,ALIGNED,-0.0241,True,True,TRAIN
2025-10-29,CIPLA.NS,DN,0.8085,0.5,MEDIUM,ALIGNED,-2.5931,True,True,TRAIN
2025-10-29,BATAINDIA.NS,DN,0.8017,0.75,HIGH,ALIGNED,-0.4643,True,True,TRAIN
2025-10-29,APOLLOTYRE.NS,DN,0.8001,0.625,HIGH,ALIGNED,-0.5044,True,True,TRAIN
2025-10-29,RBLBANK.NS,DN,0.795,0.625,HIGH,ALIGNED,0.4172,False,False,TRAIN
2025-10-29,MUTHOOTFIN.NS,DN,0.7779,0.625,HIGH,ALIGNED,0.2576,False,False,TRAIN
2025-10-29,SAPPHIRE.NS,DN,0.7732,0.5,MEDIUM,ALIGNED,3.414,False,False,TRAIN
2025-10-29,WHIRLPOOL.NS,DN,0.7684,0.375,MEDIUM,CONFLICT,0.6874,False,False,TRAIN
2025-10-29,CRAFTSMAN.NS,DN,0.7678,0.75,HIGH,ALIGNED,2.8201,False,False,TRAIN
2025-10-29,BOSCHLTD.NS,DN,0.7661,0.875,HIGH,ALIGNED,-0.4548,True,True,TRAIN
2025-10-29,NESTLEIND.NS,DN,0.7635,0.75,HIGH,ALIGNED,0.542,False,False,TRAIN
2025-10-29,SRF.NS,DN,0.7537,0.625,HIGH,ALIGNED,-1.5424,True,True,TRAIN
2025-10-29,TVSMOTOR.NS,DN,0.7461,0.875,HIGH,ALIGNED,-0.2058,True,True,TRAIN
2025-10-29,GODREJPROP.NS,DN,0.7456,0.5,MEDIUM,ALIGNED,-0.5365,True,True,TRAIN
2025-10-29,DRREDDY.NS,DN,0.7293,0.875,HIGH,ALIGNED,-3.8932,True,True,TRAIN
2025-10-29,VOLTAS.NS,DN,0.7227,0.625,HIGH,ALIGNED,0.0705,False,False,TRAIN
2025-10-29,CESC.NS,DN,0.7109,0.625,HIGH,ALIGNED,-0.8645,True,True,TRAIN
2025-10-29,ENDURANCE.NS,DN,0.71,0.625,HIGH,ALIGNED,0.4225,False,False,TRAIN
2025-10-29,NATCOPHARM.NS,DN,0.7085,0.5,MEDIUM,ALIGNED,0.6279,False,False,TRAIN
2025-10-30,RADICO.NS,DN,0.8729,0.75,HIGH,ALIGNED,-0.4198,True,True,TRAIN
2025-10-30,CIPLA.NS,DN,0.8461,0.875,HIGH,ALIGNED,-2.5193,True,True,TRAIN
2025-10-30,DRREDDY.NS,DN,0.8396,0.75,HIGH,ALIGNED,-0.3826,True,True,TRAIN
2025-10-30,APOLLOTYRE.NS,DN,0.7803,0.75,HIGH,ALIGNED,-0.2982,True,True,TRAIN
2025-10-30,BATAINDIA.NS,DN,0.7686,0.875,HIGH,ALIGNED,-0.1306,True,True,TRAIN
2025-10-30,BOSCHLTD.NS,DN,0.7551,0.875,HIGH,ALIGNED,0.0941,False,False,TRAIN
2025-10-30,ZYDUSWELL.NS,DN,0.7464,0.625,HIGH,ALIGNED,-2.296,True,True,TRAIN
2025-10-30,NAVINFLUOR.NS,DN,0.7349,0.625,HIGH,ALIGNED,14.2783,False,False,TRAIN
2025-10-30,HFCL.NS,DN,0.7343,0.75,HIGH,ALIGNED,-1.5535,True,True,TRAIN
2025-10-30,RATNAMANI.NS,DN,0.7325,0.875,HIGH,ALIGNED,0.3144,False,False,TRAIN
2025-10-30,HINDUNILVR.NS,DN,0.7275,0.625,HIGH,ALIGNED,-0.166,True,True,TRAIN
2025-10-30,WHIRLPOOL.NS,DN,0.7221,0.375,MEDIUM,CONFLICT,-1.5342,True,True,TRAIN
2025-10-30,INFY.NS,DN,0.721,0.625,HIGH,ALIGNED,-0.7698,True,True,TRAIN
2025-10-30,SRF.NS,DN,0.7128,0.625,HIGH,ALIGNED,-1.6974,True,True,TRAIN
2025-10-30,CLEAN.NS,DN,0.7116,0.75,HIGH,ALIGNED,-0.6108,True,True,TRAIN
2025-10-30,ENDURANCE.NS,DN,0.7065,0.5,MEDIUM,ALIGNED,-0.4768,True,True,TRAIN
2025-10-30,IDFCFIRSTB.NS,DN,0.7046,0.625,HIGH,ALIGNED,3.5981,False,False,TRAIN
2025-10-30,CESC.NS,DN,0.699,0.75,HIGH,ALIGNED,-0.0444,True,True,TRAIN
2025-10-30,RAJESHEXPO.NS,DN,0.6973,0.5,MEDIUM,ALIGNED,0.9041,False,False,TRAIN
2025-10-30,AMBER.NS,DN,0.6969,0.875,HIGH,ALIGNED,-0.606,True,True,TRAIN
2025-10-31,RADICO.NS,DN,0.8478,0.75,HIGH,ALIGNED,1.9831,False,False,TRAIN
2025-10-31,DRREDDY.NS,DN,0.8384,0.875,HIGH,ALIGNED,-0.1336,True,True,TRAIN
2025-10-31,IDEA.NS,DN,0.8208,0.75,HIGH,ALIGNED,9.2784,False,False,TRAIN
2025-10-31,CIPLA.NS,DN,0.8041,0.875,HIGH,ALIGNED,0.6794,False,False,TRAIN
2025-10-31,CESC.NS,DN,0.7942,0.5,MEDIUM,ALIGNED,-0.0445,True,True,TRAIN
2025-10-31,STLTECH.NS,DN,0.763,0.5,MEDIUM,ALIGNED,3.354,False,False,TRAIN
2025-10-31,RATNAMANI.NS,DN,0.7583,0.625,HIGH,ALIGNED,2.3631,False,False,TRAIN
2025-10-31,HFCL.NS,DN,0.7575,0.75,HIGH,ALIGNED,5.4414,False,False,TRAIN
2025-10-31,SRF.NS,DN,0.7519,0.75,HIGH,ALIGNED,1.2831,False,False,TRAIN
2025-10-31,BATAINDIA.NS,DN,0.7425,0.625,HIGH,ALIGNED,-0.0093,True,True,TRAIN
2025-10-31,ZYDUSWELL.NS,DN,0.7408,0.625,HIGH,ALIGNED,0.6714,False,False,TRAIN
2025-10-31,INFY.NS,DN,0.7365,0.625,HIGH,ALIGNED,0.2159,False,False,TRAIN
2025-10-31,BAJFINANCE.NS,DN,0.7208,0.625,HIGH,ALIGNED,0.0288,False,False,TRAIN
2025-10-31,BOSCHLTD.NS,DN,0.7092,0.625,HIGH,ALIGNED,-0.5907,True,True,TRAIN
2025-10-31,BAJAJFINSV.NS,DN,0.7007,0.625,HIGH,ALIGNED,-0.3208,True,True,TRAIN
2025-10-31,PFIZER.NS,DN,0.6976,0.75,HIGH,ALIGNED,-0.5279,True,True,TRAIN
2025-10-31,IDEAFORGE.NS,DN,0.6932,0.75,HIGH,ALIGNED,-0.0414,True,True,TRAIN
2025-10-31,MPHASIS.NS,DN,0.6879,0.75,HIGH,ALIGNED,0.7163,False,False,TRAIN
2025-10-31,VOLTAS.NS,DN,0.685,0.75,HIGH,ALIGNED,-1.2937,True,True,TRAIN
2025-10-31,AMBER.NS,DN,0.6841,0.75,HIGH,ALIGNED,-0.983,True,True,TRAIN
2025-11-03,RATNAMANI.NS,DN,0.8885,0.625,HIGH,ALIGNED,-1.398,True,True,TRAIN
2025-11-03,DRREDDY.NS,DN,0.8338,0.75,HIGH,ALIGNED,0.3344,False,False,TRAIN
2025-11-03,COROMANDEL.NS,DN,0.8221,0.75,HIGH,ALIGNED,1.1473,False,False,TRAIN
2025-11-03,MPHASIS.NS,DN,0.8184,0.75,HIGH,ALIGNED,-0.6321,True,True,TRAIN
2025-11-03,ZENSARTECH.NS,DN,0.7983,0.875,HIGH,ALIGNED,-2.6194,True,True,TRAIN
2025-11-03,ZYDUSWELL.NS,DN,0.7891,0.5,MEDIUM,ALIGNED,-3.5015,True,True,TRAIN
2025-11-03,CIPLA.NS,DN,0.7855,0.625,HIGH,ALIGNED,-0.5425,True,True,TRAIN
2025-11-03,BOSCHLTD.NS,DN,0.7696,0.875,HIGH,ALIGNED,2.2282,False,False,TRAIN
2025-11-03,COFORGE.NS,DN,0.7652,0.625,HIGH,ALIGNED,-1.5489,True,True,TRAIN
2025-11-03,RADICO.NS,DN,0.7447,0.5,MEDIUM,ALIGNED,0.1879,False,False,TRAIN
2025-11-03,BATAINDIA.NS,DN,0.7417,0.75,HIGH,ALIGNED,-0.411,True,True,TRAIN
2025-11-03,BAJAJFINSV.NS,DN,0.7338,0.625,HIGH,ALIGNED,-0.4035,True,True,TRAIN
2025-11-03,PARAS.NS,DN,0.7255,0.75,HIGH,ALIGNED,-0.9001,True,True,TRAIN
2025-11-03,MASTEK.NS,DN,0.7228,0.5,MEDIUM,ALIGNED,-1.5693,True,True,TRAIN
2025-11-03,AMBER.NS,DN,0.7152,0.625,HIGH,ALIGNED,-2.0107,True,True,TRAIN
2025-11-03,KPITTECH.NS,DN,0.7066,0.75,HIGH,ALIGNED,-0.7388,True,True,TRAIN
2025-11-03,IDEAFORGE.NS,DN,0.699,0.75,HIGH,ALIGNED,-1.3886,True,True,TRAIN
2025-11-03,WHIRLPOOL.NS,DN,0.6966,0.625,HIGH,ALIGNED,-0.283,True,True,TRAIN
2025-11-03,HINDALCO.NS,DN,0.692,0.625,HIGH,ALIGNED,-1.865,True,True,TRAIN
2025-11-03,BAJFINANCE.NS,DN,0.6797,0.625,HIGH,ALIGNED,1.3326,False,False,TRAIN
2025-11-04,ZYDUSWELL.NS,DN,0.8355,0.75,HIGH,ALIGNED,-4.1469,True,True,TRAIN
2025-11-04,COROMANDEL.NS,DN,0.8118,0.75,HIGH,ALIGNED,-0.8622,True,True,TRAIN
2025-11-04,DRREDDY.NS,DN,0.8078,0.625,HIGH,ALIGNED,0.4333,False,False,TRAIN
2025-11-04,RATNAMANI.NS,DN,0.7994,0.625,HIGH,ALIGNED,-1.1236,True,True,TRAIN
2025-11-04,ZENSARTECH.NS,DN,0.788,0.875,HIGH,ALIGNED,-4.4423,True,True,TRAIN
2025-11-04,HEROMOTOCO.NS,DN,0.7711,0.75,HIGH,ALIGNED,0.3202,False,False,TRAIN
2025-11-04,COFORGE.NS,DN,0.7695,0.75,HIGH,ALIGNED,-0.1754,True,True,TRAIN
2025-11-04,HINDALCO.NS,DN,0.7646,0.75,HIGH,ALIGNED,-5.172,True,True,TRAIN
2025-11-04,MPHASIS.NS,DN,0.7598,0.75,HIGH,ALIGNED,0.2639,False,False,TRAIN
2025-11-04,NAUKRI.NS,DN,0.7412,0.75,HIGH,ALIGNED,-0.8889,True,True,TRAIN
2025-11-04,IDEAFORGE.NS,DN,0.7365,0.75,HIGH,ALIGNED,-4.4767,True,True,TRAIN
2025-11-04,AMBER.NS,DN,0.7208,0.625,HIGH,ALIGNED,0.4489,False,False,TRAIN
2025-11-04,ALKYLAMINE.NS,DN,0.7127,0.875,HIGH,ALIGNED,-1.4524,True,True,TRAIN
2025-11-04,COALINDIA.NS,DN,0.7125,0.75,HIGH,ALIGNED,-1.1654,True,True,TRAIN
2025-11-04,TIINDIA.NS,DN,0.6983,0.75,HIGH,ALIGNED,-0.4979,True,True,TRAIN
2025-11-04,BAJAJFINSV.NS,DN,0.6929,0.625,HIGH,ALIGNED,-0.4823,True,True,TRAIN
2025-11-04,MASTEK.NS,DN,0.6858,0.625,HIGH,ALIGNED,-1.1969,True,True,TRAIN
2025-11-04,INFY.NS,DN,0.6738,0.875,HIGH,ALIGNED,-0.0817,True,True,TRAIN
2025-11-04,CIPLA.NS,DN,0.6733,0.5,MEDIUM,ALIGNED,-0.1197,True,True,TRAIN
2025-11-04,INDUSINDBK.NS,DN,0.6704,0.75,HIGH,ALIGNED,-0.5062,True,True,TRAIN
2025-11-06,HINDALCO.NS,DN,0.8429,0.875,HIGH,ALIGNED,0.2537,False,False,TRAIN
2025-11-06,ZYDUSWELL.NS,DN,0.8268,0.75,HIGH,ALIGNED,1.4759,False,False,TRAIN
2025-11-06,ADANIGREEN.NS,DN,0.8234,0.75,HIGH,ALIGNED,-0.066,True,True,TRAIN
2025-11-06,VBL.NS,DN,0.8175,0.375,MEDIUM,CONFLICT,-0.3497,True,True,TRAIN
2025-11-06,STLTECH.NS,DN,0.7968,0.875,HIGH,ALIGNED,1.9542,False,False,TRAIN
2025-11-06,BLUESTARCO.NS,DN,0.7939,0.75,HIGH,ALIGNED,-1.837,True,True,TRAIN
2025-11-06,COROMANDEL.NS,DN,0.77,0.5,MEDIUM,ALIGNED,-0.1721,True,True,TRAIN
2025-11-06,IDEAFORGE.NS,DN,0.7698,0.625,HIGH,ALIGNED,1.7052,False,False,TRAIN
2025-11-06,ZENSARTECH.NS,DN,0.7571,0.75,HIGH,ALIGNED,-0.8175,True,True,TRAIN
2025-11-06,SHYAMMETL.NS,DN,0.7473,0.75,HIGH,ALIGNED,2.5319,False,False,TRAIN
2025-11-06,WHIRLPOOL.NS,DN,0.7458,0.625,HIGH,ALIGNED,-0.7554,True,True,TRAIN
2025-11-06,RECLTD.NS,DN,0.7302,0.75,HIGH,ALIGNED,0.6203,False,False,TRAIN
2025-11-06,DEEPAKFERT.NS,DN,0.729,0.875,HIGH,ALIGNED,-0.1889,True,True,TRAIN
2025-11-06,NCC.NS,DN,0.7263,0.75,HIGH,ALIGNED,-0.1176,True,True,TRAIN
2025-11-06,NOCIL.NS,DN,0.7254,0.75,HIGH,ALIGNED,-0.0398,True,True,TRAIN
2025-11-06,POWERGRID.NS,DN,0.719,0.75,HIGH,ALIGNED,0.6662,False,False,TRAIN
2025-11-06,MPHASIS.NS,DN,0.7071,0.5,MEDIUM,ALIGNED,-1.3663,True,True,TRAIN
2025-11-06,NAUKRI.NS,DN,0.699,0.625,HIGH,ALIGNED,1.4019,False,False,TRAIN
2025-11-06,BEML.NS,DN,0.6973,0.75,HIGH,ALIGNED,1.0016,False,False,TRAIN
2025-11-06,ONMOBILE.NS,DN,0.6963,0.875,HIGH,ALIGNED,-4.4754,True,True,TRAIN
2025-11-07,ADANIGREEN.NS,DN,0.8654,0.75,HIGH,ALIGNED,-1.7456,True,True,TRAIN
2025-11-07,AMBER.NS,DN,0.8539,0.75,HIGH,ALIGNED,-2.9127,True,True,TRAIN
2025-11-07,HINDALCO.NS,DN,0.8398,0.75,HIGH,ALIGNED,-0.6579,True,True,TRAIN
2025-11-07,WHIRLPOOL.NS,DN,0.8102,0.625,HIGH,ALIGNED,-4.0896,True,True,TRAIN
2025-11-07,POLICYBZR.NS,DN,0.8032,0.625,HIGH,ALIGNED,0.8241,False,False,TRAIN
2025-11-07,MPHASIS.NS,DN,0.799,0.75,HIGH,ALIGNED,1.4693,False,False,TRAIN
2025-11-07,BLUESTARCO.NS,DN,0.7944,0.75,HIGH,ALIGNED,1.0783,False,False,TRAIN
2025-11-07,SAPPHIRE.NS,DN,0.7851,0.625,HIGH,ALIGNED,-1.8868,True,True,TRAIN
2025-11-07,STLTECH.NS,DN,0.7768,0.75,HIGH,ALIGNED,0.8625,False,False,TRAIN
2025-11-07,ZYDUSWELL.NS,DN,0.7605,0.625,HIGH,ALIGNED,2.4981,False,False,TRAIN
2025-11-07,NCC.NS,DN,0.7593,0.875,HIGH,ALIGNED,-3.7274,True,True,TRAIN
2025-11-07,SUDARSCHEM.NS,DN,0.7593,0.875,HIGH,ALIGNED,-1.1615,True,True,TRAIN
2025-11-07,PNBHOUSING.NS,DN,0.7539,0.625,HIGH,ALIGNED,0.3124,False,False,TRAIN
2025-11-07,SYMPHONY.NS,DN,0.7534,0.875,HIGH,ALIGNED,-0.5658,True,True,TRAIN
2025-11-07,COFORGE.NS,DN,0.7378,0.875,HIGH,ALIGNED,0.9999,False,False,TRAIN
2025-11-07,ZENSARTECH.NS,DN,0.7373,0.75,HIGH,ALIGNED,3.5978,False,False,TRAIN
2025-11-07,PFC.NS,DN,0.7351,0.75,HIGH,ALIGNED,-0.7758,True,True,TRAIN
2025-11-07,ONMOBILE.NS,DN,0.7332,0.75,HIGH,ALIGNED,-1.0292,True,True,TRAIN
2025-11-07,BEML.NS,DN,0.7322,0.625,HIGH,ALIGNED,0.0498,False,False,TRAIN
2025-11-07,WELCORP.NS,DN,0.7318,0.625,HIGH,ALIGNED,0.6563,False,False,TRAIN
2025-11-10,AMBER.NS,DN,0.8779,0.875,HIGH,ALIGNED,1.8243,False,False,TRAIN
2025-11-10,ADANIGREEN.NS,DN,0.8769,0.75,HIGH,ALIGNED,0.2785,False,False,TRAIN
2025-11-10,WELCORP.NS,DN,0.8722,0.625,HIGH,ALIGNED,0.8821,False,False,TRAIN
2025-11-10,HINDALCO.NS,DN,0.8272,0.75,HIGH,ALIGNED,1.0889,False,False,TRAIN
2025-11-10,SYMPHONY.NS,DN,0.808,0.75,HIGH,ALIGNED,0.7308,False,False,TRAIN
2025-11-10,NCC.NS,DN,0.8061,0.75,HIGH,ALIGNED,0.4042,False,False,TRAIN
2025-11-10,INTELLECT.NS,DN,0.8024,0.75,HIGH,ALIGNED,-0.0182,True,True,TRAIN
2025-11-10,DEEPAKFERT.NS,DN,0.8005,0.625,HIGH,ALIGNED,-1.8545,True,True,TRAIN
2025-11-10,SUZLON.NS,DN,0.786,0.625,HIGH,ALIGNED,0.6791,False,False,TRAIN
2025-11-10,TEJASNET.NS,DN,0.7803,0.625,HIGH,ALIGNED,0.1087,False,False,TRAIN
2025-11-10,SAPPHIRE.NS,DN,0.7699,0.625,HIGH,ALIGNED,-3.6576,True,True,TRAIN
2025-11-10,BLUESTARCO.NS,DN,0.7646,0.625,HIGH,ALIGNED,0.4798,False,False,TRAIN
2025-11-10,BEML.NS,DN,0.7505,0.75,HIGH,ALIGNED,0.518,False,False,TRAIN
2025-11-10,SUDARSCHEM.NS,DN,0.7398,0.625,HIGH,ALIGNED,-1.1375,True,True,TRAIN
2025-11-10,PFC.NS,DN,0.7383,0.875,HIGH,ALIGNED,-0.6096,True,True,TRAIN
2025-11-10,ADANIENSOL.NS,DN,0.7349,0.75,HIGH,ALIGNED,3.1434,False,False,TRAIN
2025-11-10,POWERGRID.NS,DN,0.7337,0.625,HIGH,ALIGNED,-0.2051,True,True,TRAIN
2025-11-10,PNBHOUSING.NS,DN,0.7284,0.5,MEDIUM,ALIGNED,-0.0501,True,True,TRAIN
2025-11-10,NOCIL.NS,DN,0.7252,0.625,HIGH,ALIGNED,-2.2518,True,True,TRAIN
2025-11-10,ZENSARTECH.NS,DN,0.7245,0.75,HIGH,ALIGNED,0.8786,False,False,TRAIN
2025-11-11,INTELLECT.NS,DN,0.8899,0.75,HIGH,ALIGNED,4.4681,False,False,TRAIN
2025-11-11,ADANIGREEN.NS,DN,0.8493,0.625,HIGH,ALIGNED,2.5474,False,False,TRAIN
2025-11-11,SAPPHIRE.NS,DN,0.8434,0.75,HIGH,ALIGNED,-0.9785,True,True,TRAIN
2025-11-11,WELCORP.NS,DN,0.8163,0.5,MEDIUM,ALIGNED,-0.7386,True,True,TRAIN
2025-11-11,AMBER.NS,DN,0.809,0.625,HIGH,ALIGNED,0.8398,False,False,TRAIN
2025-11-11,GLAXO.NS,DN,0.8063,0.75,HIGH,ALIGNED,1.2276,False,False,TRAIN
2025-11-11,NCC.NS,DN,0.8027,0.75,HIGH,ALIGNED,-1.0541,True,True,TRAIN
2025-11-11,SYMPHONY.NS,DN,0.7961,0.625,HIGH,ALIGNED,-1.3125,True,True,TRAIN
2025-11-11,DEEPAKFERT.NS,DN,0.7951,0.75,HIGH,ALIGNED,2.036,False,False,TRAIN
2025-11-11,HINDALCO.NS,DN,0.7893,0.5,MEDIUM,ALIGNED,0.0819,False,False,TRAIN
2025-11-11,BLUESTARCO.NS,DN,0.7842,0.625,HIGH,ALIGNED,1.0056,False,False,TRAIN
2025-11-11,SUDARSCHEM.NS,DN,0.7816,0.625,HIGH,ALIGNED,-1.9494,True,True,TRAIN
2025-11-11,OLECTRA.NS,DN,0.7743,0.875,HIGH,ALIGNED,1.3781,False,False,TRAIN
2025-11-11,SUZLON.NS,DN,0.7729,0.625,HIGH,ALIGNED,1.1415,False,False,TRAIN
2025-11-11,STLTECH.NS,DN,0.7648,0.625,HIGH,ALIGNED,-0.6694,True,True,TRAIN
2025-11-11,ROUTE.NS,DN,0.7568,0.625,HIGH,ALIGNED,5.3199,False,False,TRAIN
2025-11-11,SHYAMMETL.NS,DN,0.7529,0.5,MEDIUM,ALIGNED,1.0353,False,False,TRAIN
2025-11-11,PFC.NS,DN,0.7519,0.875,HIGH,ALIGNED,0.08,False,False,TRAIN
2025-11-11,DIVISLAB.NS,DN,0.7499,0.75,HIGH,ALIGNED,-0.2982,True,True,TRAIN
2025-11-11,CLEAN.NS,DN,0.749,0.75,HIGH,ALIGNED,1.4009,False,False,TRAIN
2025-11-12,INTELLECT.NS,DN,0.8749,0.5,MEDIUM,ALIGNED,-2.4042,True,True,TRAIN
2025-11-12,NAVINFLUOR.NS,DN,0.861,0.625,HIGH,ALIGNED,0.2574,False,False,TRAIN
2025-11-12,SAPPHIRE.NS,DN,0.8293,0.75,HIGH,ALIGNED,-1.6206,True,True,TRAIN
2025-11-12,GLAXO.NS,DN,0.802,0.75,HIGH,ALIGNED,-0.4867,True,True,TRAIN
2025-11-12,SUZLON.NS,DN,0.7996,0.5,MEDIUM,ALIGNED,-1.539,True,True,TRAIN
2025-11-12,SYMPHONY.NS,DN,0.7966,0.75,HIGH,ALIGNED,-0.303,True,True,TRAIN
2025-11-12,DIVISLAB.NS,DN,0.7856,0.875,HIGH,ALIGNED,1.1273,False,False,TRAIN
2025-11-12,ADANIGREEN.NS,DN,0.7843,0.5,MEDIUM,ALIGNED,0.5603,False,False,TRAIN
2025-11-12,NCC.NS,DN,0.7834,0.875,HIGH,ALIGNED,-1.4026,True,True,TRAIN
2025-11-12,POLICYBZR.NS,DN,0.7834,0.625,HIGH,ALIGNED,-2.8887,True,True,TRAIN
2025-11-12,SUDARSCHEM.NS,DN,0.781,0.75,HIGH,ALIGNED,3.7242,False,False,TRAIN
2025-11-12,BLUESTARCO.NS,DN,0.7795,0.5,MEDIUM,ALIGNED,-0.5729,True,True,TRAIN
2025-11-12,DEEPAKFERT.NS,DN,0.7795,0.625,HIGH,ALIGNED,1.9093,False,False,TRAIN
2025-11-12,OLECTRA.NS,DN,0.762,0.625,HIGH,ALIGNED,-0.4134,True,True,TRAIN
2025-11-12,WELCORP.NS,DN,0.7613,0.625,HIGH,ALIGNED,1.5704,False,False,TRAIN
2025-11-12,MRPL.NS,DN,0.7572,0.625,HIGH,ALIGNED,-0.5043,True,True,TRAIN
2025-11-12,VBL.NS,DN,0.7549,0.75,HIGH,ALIGNED,-1.3717,True,True,TRAIN
2025-11-12,HINDALCO.NS,DN,0.7534,0.625,HIGH,ALIGNED,2.2092,False,False,TRAIN
2025-11-12,VGUARD.NS,DN,0.7512,0.75,HIGH,ALIGNED,-0.2393,True,True,TRAIN
2025-11-12,M&MFIN.NS,DN,0.7478,0.75,HIGH,ALIGNED,0.1616,False,False,TRAIN
2025-11-13,NAVINFLUOR.NS,DN,0.9165,0.5,MEDIUM,ALIGNED,-0.2733,True,True,TRAIN
2025-11-13,AMBER.NS,DN,0.8558,0.625,HIGH,ALIGNED,3.5664,False,False,TRAIN
2025-11-13,INTELLECT.NS,DN,0.8486,0.625,HIGH,ALIGNED,-2.7401,True,True,TRAIN
2025-11-13,SUZLON.NS,DN,0.8143,0.625,HIGH,ALIGNED,0.1737,False,False,TRAIN
2025-11-13,DIVISLAB.NS,DN,0.8124,0.75,HIGH,ALIGNED,-1.2436,True,True,TRAIN
2025-11-13,OLECTRA.NS,DN,0.808,0.75,HIGH,ALIGNED,-0.9992,True,True,TRAIN
2025-11-13,BRITANNIA.NS,DN,0.8019,0.75,HIGH,ALIGNED,-0.8203,True,True,TRAIN
2025-11-13,SAPPHIRE.NS,DN,0.801,0.625,HIGH,ALIGNED,-1.2455,True,True,TRAIN
2025-11-13,GLAXO.NS,DN,0.7995,0.75,HIGH,ALIGNED,-0.6053,True,True,TRAIN
2025-11-13,POLICYBZR.NS,DN,0.7896,0.625,HIGH,ALIGNED,0.2248,False,False,TRAIN
2025-11-13,BAJFINANCE.NS,DN,0.767,0.75,HIGH,ALIGNED,1.303,False,False,TRAIN
2025-11-13,SYMPHONY.NS,DN,0.757,0.75,HIGH,ALIGNED,-0.0113,True,True,TRAIN
2025-11-13,BANKBARODA.NS,DN,0.739,0.75,HIGH,ALIGNED,1.2357,False,False,TRAIN
2025-11-13,ENDURANCE.NS,DN,0.7383,0.75,HIGH,ALIGNED,-0.2043,True,True,TRAIN
2025-11-13,CERA.NS,DN,0.7279,0.75,HIGH,ALIGNED,-1.2135,True,True,TRAIN
2025-11-13,VGUARD.NS,DN,0.7262,0.75,HIGH,ALIGNED,-0.8609,True,True,TRAIN
2025-11-13,NCC.NS,DN,0.7197,0.625,HIGH,ALIGNED,-0.0271,True,True,TRAIN
2025-11-13,VBL.NS,DN,0.718,0.75,HIGH,ALIGNED,1.4128,False,False,TRAIN
2025-11-13,CLEAN.NS,DN,0.7041,0.375,MEDIUM,CONFLICT,-2.1774,True,True,TRAIN
2025-11-13,SHRIRAMFIN.NS,DN,0.7012,0.625,HIGH,ALIGNED,-0.5774,True,True,TRAIN
2025-11-14,INTELLECT.NS,DN,0.8745,0.625,HIGH,ALIGNED,0.5965,False,False,TRAIN
2025-11-14,SHRIRAMFIN.NS,DN,0.8432,0.75,HIGH,ALIGNED,1.0626,False,False,TRAIN
2025-11-14,BRITANNIA.NS,DN,0.8394,0.75,HIGH,ALIGNED,0.4652,False,False,TRAIN
2025-11-14,BAJFINANCE.NS,DN,0.8256,0.5,MEDIUM,ALIGNED,0.8149,False,False,TRAIN
2025-11-14,GLAXO.NS,DN,0.8187,0.625,HIGH,ALIGNED,0.5526,False,False,TRAIN
2025-11-14,OLECTRA.NS,DN,0.8165,0.75,HIGH,ALIGNED,0.0569,False,False,TRAIN
2025-11-14,TATASTEEL.NS,DN,0.7729,0.875,HIGH,ALIGNED,-0.6255,True,True,TRAIN
2025-11-14,POLICYBZR.NS,DN,0.769,0.375,MEDIUM,CONFLICT,4.4346,False,False,TRAIN
2025-11-14,MAPMYINDIA.NS,DN,0.7539,0.625,HIGH,ALIGNED,0.3723,False,False,TRAIN
2025-11-14,BANKBARODA.NS,DN,0.7535,0.5,MEDIUM,ALIGNED,0.4185,False,False,TRAIN
2025-11-14,SOBHA.NS,DN,0.752,0.625,HIGH,ALIGNED,2.8403,False,False,TRAIN
2025-11-14,UNIONBANK.NS,DN,0.7494,0.5,MEDIUM,ALIGNED,0.8641,False,False,TRAIN
2025-11-14,ENDURANCE.NS,DN,0.7411,0.875,HIGH,ALIGNED,0.0112,False,False,TRAIN
2025-11-14,NCC.NS,DN,0.7362,0.625,HIGH,ALIGNED,0.0543,False,False,TRAIN
2025-11-14,DIVISLAB.NS,DN,0.7315,0.875,HIGH,ALIGNED,0.1075,False,False,TRAIN
2025-11-14,SAPPHIRE.NS,DN,0.7246,0.5,MEDIUM,ALIGNED,2.2172,False,False,TRAIN
2025-11-14,M&MFIN.NS,DN,0.7214,0.75,HIGH,ALIGNED,1.7982,False,False,TRAIN
2025-11-14,BATAINDIA.NS,DN,0.7209,0.625,HIGH,ALIGNED,-1.217,True,True,TRAIN
2025-11-14,CERA.NS,DN,0.7076,0.75,HIGH,ALIGNED,0.0623,False,False,TRAIN
2025-11-14,SAIL.NS,DN,0.7008,0.625,HIGH,ALIGNED,-0.4648,True,True,TRAIN
2025-11-17,NAVINFLUOR.NS,DN,0.8685,0.625,HIGH,ALIGNED,0.3915,False,False,TRAIN
2025-11-17,SHRIRAMFIN.NS,DN,0.8683,0.625,HIGH,ALIGNED,0.2812,False,False,TRAIN
2025-11-17,SAIL.NS,DN,0.8567,0.75,HIGH,ALIGNED,-1.7194,True,True,TRAIN
2025-11-17,BAJFINANCE.NS,DN,0.8466,0.5,MEDIUM,ALIGNED,-1.2855,True,True,TRAIN
2025-11-17,BRITANNIA.NS,DN,0.8209,0.75,HIGH,ALIGNED,0.1629,False,False,TRAIN
2025-11-17,MIDHANI.NS,DN,0.7961,0.75,HIGH,ALIGNED,-2.3533,True,True,TRAIN
2025-11-17,ENDURANCE.NS,DN,0.7842,0.75,HIGH,ALIGNED,-2.6577,True,True,TRAIN
2025-11-17,TATASTEEL.NS,DN,0.7825,0.75,HIGH,ALIGNED,-0.4158,True,True,TRAIN
2025-11-17,MPHASIS.NS,DN,0.7765,0.875,HIGH,ALIGNED,-1.1232,True,True,TRAIN
2025-11-17,OLECTRA.NS,DN,0.7675,0.75,HIGH,ALIGNED,-1.8824,True,True,TRAIN
2025-11-17,NATIONALUM.NS,DN,0.7579,0.625,HIGH,ALIGNED,-1.3269,True,True,TRAIN
2025-11-17,VEDL.NS,DN,0.7559,0.5,MEDIUM,ALIGNED,-1.9393,True,True,TRAIN
2025-11-17,MAPMYINDIA.NS,DN,0.7432,0.75,HIGH,ALIGNED,-0.3356,True,True,TRAIN
2025-11-17,VGUARD.NS,DN,0.7408,0.75,HIGH,ALIGNED,-0.4417,True,True,TRAIN
2025-11-17,CRAFTSMAN.NS,DN,0.7277,0.625,HIGH,ALIGNED,-1.135,True,True,TRAIN
2025-11-17,COCHINSHIP.NS,DN,0.718,0.625,HIGH,ALIGNED,-0.6796,True,True,TRAIN
2025-11-17,CHOLAFIN.NS,DN,0.7164,0.75,HIGH,ALIGNED,-0.2589,True,True,TRAIN
2025-11-17,UNIONBANK.NS,DN,0.7138,0.625,HIGH,ALIGNED,-0.6295,True,True,TRAIN
2025-11-17,DIVISLAB.NS,DN,0.6909,0.75,HIGH,ALIGNED,-0.6903,True,True,TRAIN
2025-11-17,M&MFIN.NS,DN,0.6899,0.25,LOW,CONFLICT,2.7689,False,False,TRAIN
2025-11-18,NATIONALUM.NS,DN,0.8919,0.75,HIGH,ALIGNED,-0.2721,True,True,TRAIN
2025-11-18,SAIL.NS,DN,0.8605,0.625,HIGH,ALIGNED,0.7847,False,False,TRAIN
2025-11-18,SHRIRAMFIN.NS,DN,0.8582,0.5,MEDIUM,ALIGNED,-0.2621,True,True,TRAIN
2025-11-18,CRAFTSMAN.NS,DN,0.8562,0.75,HIGH,ALIGNED,1.0362,False,False,TRAIN
2025-11-18,MIDHANI.NS,DN,0.8536,0.75,HIGH,ALIGNED,-0.3402,True,True,TRAIN
2025-11-18,HFCL.NS,DN,0.8192,0.75,HIGH,ALIGNED,-0.7131,True,True,TRAIN
2025-11-18,VEDL.NS,DN,0.8107,0.75,HIGH,ALIGNED,0.2154,False,False,TRAIN
2025-11-18,ENDURANCE.NS,DN,0.7904,0.625,HIGH,ALIGNED,4.6499,False,False,TRAIN
2025-11-18,NAVINFLUOR.NS,DN,0.7874,0.5,MEDIUM,ALIGNED,-0.0581,True,True,TRAIN
2025-11-18,AJANTPHARM.NS,DN,0.7781,0.875,HIGH,ALIGNED,2.4246,False,False,TRAIN
2025-11-18,VBL.NS,DN,0.7595,0.625,HIGH,ALIGNED,-0.7316,True,True,TRAIN
2025-11-18,MOIL.NS,DN,0.7531,0.75,HIGH,ALIGNED,-1.2082,True,True,TRAIN
2025-11-18,MPHASIS.NS,DN,0.7526,0.75,HIGH,ALIGNED,2.0764,False,False,TRAIN
2025-11-18,BRITANNIA.NS,DN,0.7418,0.625,HIGH,ALIGNED,0.5908,False,False,TRAIN
2025-11-18,COCHINSHIP.NS,DN,0.7387,0.625,HIGH,ALIGNED,-0.6257,True,True,TRAIN
2025-11-18,TATASTEEL.NS,DN,0.7274,0.75,HIGH,ALIGNED,0.4407,False,False,TRAIN
2025-11-18,M&M.NS,DN,0.7272,0.75,HIGH,ALIGNED,0.7497,False,False,TRAIN
2025-11-18,INFY.NS,DN,0.7077,0.75,HIGH,ALIGNED,3.68,False,False,TRAIN
2025-11-18,BEL.NS,DN,0.7034,0.625,HIGH,ALIGNED,0.5464,False,False,TRAIN
2025-11-18,MRPL.NS,DN,0.6992,0.5,MEDIUM,ALIGNED,-2.4104,True,True,TRAIN
2025-11-19,NATIONALUM.NS,DN,0.8895,0.75,HIGH,ALIGNED,0.3975,False,False,TRAIN
2025-11-19,MIDHANI.NS,DN,0.8515,0.75,HIGH,ALIGNED,0.4694,False,False,TRAIN
2025-11-19,TEJASNET.NS,DN,0.8505,0.75,HIGH,ALIGNED,-0.3909,True,True,TRAIN
2025-11-19,COCHINSHIP.NS,DN,0.8182,0.75,HIGH,ALIGNED,1.4947,False,False,TRAIN
2025-11-19,CRAFTSMAN.NS,DN,0.8155,0.5,MEDIUM,ALIGNED,-0.0959,True,True,TRAIN
2025-11-19,ROUTE.NS,DN,0.8029,0.75,HIGH,ALIGNED,-0.2865,True,True,TRAIN
2025-11-19,INDUSINDBK.NS,DN,0.7924,0.75,HIGH,ALIGNED,-1.2149,True,True,TRAIN
2025-11-19,HFCL.NS,DN,0.774,0.75,HIGH,ALIGNED,-0.5285,True,True,TRAIN
2025-11-19,ENDURANCE.NS,DN,0.7721,0.625,HIGH,ALIGNED,0.5737,False,False,TRAIN
2025-11-19,ZENSARTECH.NS,DN,0.7701,0.625,HIGH,ALIGNED,1.4235,False,False,TRAIN
2025-11-19,GNFC.NS,DN,0.7687,0.75,HIGH,ALIGNED,-0.4252,True,True,TRAIN
2025-11-19,SOLARINDS.NS,DN,0.7456,0.625,HIGH,ALIGNED,1.0283,False,False,TRAIN
2025-11-19,UNIONBANK.NS,DN,0.7389,0.5,MEDIUM,ALIGNED,-0.8351,True,True,TRAIN
2025-11-19,SHRIRAMFIN.NS,DN,0.7387,0.625,HIGH,ALIGNED,1.0452,False,False,TRAIN
2025-11-19,MPHASIS.NS,DN,0.7318,0.75,HIGH,ALIGNED,0.9839,False,False,TRAIN
2025-11-19,MOIL.NS,DN,0.7138,0.625,HIGH,ALIGNED,-2.1512,True,True,TRAIN
2025-11-19,TORNTPHARM.NS,DN,0.7011,0.75,HIGH,ALIGNED,-0.268,True,True,TRAIN
2025-11-19,PAGEIND.NS,DN,0.6954,0.75,HIGH,ALIGNED,-0.6313,True,True,TRAIN
2025-11-19,SOBHA.NS,DN,0.6948,0.75,HIGH,ALIGNED,-0.7965,True,True,TRAIN
2025-11-19,GRSE.NS,DN,0.69,0.625,HIGH,ALIGNED,3.241,False,False,TRAIN
2025-11-20,NATIONALUM.NS,DN,0.9023,0.625,HIGH,ALIGNED,-2.6939,True,True,TRAIN
2025-11-20,BIOCON.NS,DN,0.8637,0.875,HIGH,ALIGNED,0.4302,False,False,TRAIN
2025-11-20,MIDHANI.NS,DN,0.8447,0.625,HIGH,ALIGNED,-2.1096,True,True,TRAIN
2025-11-20,ROUTE.NS,DN,0.8214,0.75,HIGH,ALIGNED,-1.2821,True,True,TRAIN
2025-11-20,INDUSINDBK.NS,DN,0.801,0.75,HIGH,ALIGNED,2.0678,False,False,TRAIN
2025-11-20,ASIANPAINT.NS,DN,0.7867,0.75,HIGH,ALIGNED,0.5875,False,False,TRAIN
2025-11-20,FINPIPE.NS,DN,0.7633,0.875,HIGH,ALIGNED,0.9892,False,False,TRAIN
2025-11-20,GNFC.NS,DN,0.7629,0.75,HIGH,ALIGNED,0.1118,False,False,TRAIN
2025-11-20,MOIL.NS,DN,0.7539,0.625,HIGH,ALIGNED,-1.8973,True,True,TRAIN
2025-11-20,TEJASNET.NS,DN,0.7517,0.75,HIGH,ALIGNED,-1.2657,True,True,TRAIN
2025-11-20,TORNTPHARM.NS,DN,0.7484,0.75,HIGH,ALIGNED,-0.9378,True,True,TRAIN
2025-11-20,ASHOKLEY.NS,DN,0.7416,0.625,HIGH,ALIGNED,-1.0599,True,True,TRAIN
2025-11-20,WELCORP.NS,DN,0.7405,0.75,HIGH,ALIGNED,-1.7268,True,True,TRAIN
2025-11-20,JINDALPOLY.NS,DN,0.7311,0.75,HIGH,ALIGNED,-1.1598,True,True,TRAIN
2025-11-20,ADANIENSOL.NS,DN,0.7298,0.75,HIGH,ALIGNED,-1.8921,True,True,TRAIN
2025-11-20,VEDL.NS,DN,0.729,0.625,HIGH,ALIGNED,-2.6189,True,True,TRAIN
2025-11-20,ZENSARTECH.NS,DN,0.7218,0.625,HIGH,ALIGNED,-1.4314,True,True,TRAIN
2025-11-20,NOCIL.NS,DN,0.7175,0.75,HIGH,ALIGNED,0.4909,False,False,TRAIN
2025-11-20,PRESTIGE.NS,DN,0.7156,0.75,HIGH,ALIGNED,-1.6713,True,True,TRAIN
2025-11-20,HFCL.NS,DN,0.7153,0.75,HIGH,ALIGNED,-2.3842,True,True,TRAIN
2025-11-21,BDL.NS,DN,0.8646,0.625,HIGH,ALIGNED,-2.36,True,True,TRAIN
2025-11-21,NATIONALUM.NS,DN,0.8588,0.75,HIGH,ALIGNED,0.1516,False,False,TRAIN
2025-11-21,PARAS.NS,DN,0.8555,0.625,HIGH,ALIGNED,-1.7327,True,True,TRAIN
2025-11-21,DATAPATTNS.NS,DN,0.8314,0.75,HIGH,ALIGNED,-2.8794,True,True,TRAIN
2025-11-21,GRSE.NS,DN,0.821,0.75,HIGH,ALIGNED,-3.7275,True,True,TRAIN
2025-11-21,BIOCON.NS,DN,0.803,0.625,HIGH,ALIGNED,-0.4032,True,True,TRAIN
2025-11-21,MUTHOOTFIN.NS,DN,0.7833,0.75,HIGH,ALIGNED,-0.5941,True,True,TRAIN
2025-11-21,MOIL.NS,DN,0.7766,0.625,HIGH,ALIGNED,-2.7475,True,True,TRAIN
2025-11-21,ONMOBILE.NS,DN,0.767,0.625,HIGH,ALIGNED,-2.7255,True,True,TRAIN
2025-11-21,HFCL.NS,DN,0.7541,0.625,HIGH,ALIGNED,-0.6839,True,True,TRAIN
2025-11-21,STLTECH.NS,DN,0.7481,0.75,HIGH,ALIGNED,1.4426,False,False,TRAIN
2025-11-21,ASIANPAINT.NS,DN,0.7476,0.625,HIGH,ALIGNED,0.0904,False,False,TRAIN
2025-11-21,HINDZINC.NS,DN,0.7421,0.625,HIGH,ALIGNED,-0.9383,True,True,TRAIN
2025-11-21,RATEGAIN.NS,DN,0.7396,0.625,HIGH,ALIGNED,0.8113,False,False,TRAIN
2025-11-21,IDEA.NS,DN,0.7315,0.75,HIGH,ALIGNED,0.1003,False,False,TRAIN
2025-11-21,IGL.NS,DN,0.7285,0.625,HIGH,ALIGNED,-1.1966,True,True,TRAIN
2025-11-21,TEJASNET.NS,DN,0.7275,0.75,HIGH,ALIGNED,-3.806,True,True,TRAIN
2025-11-21,ZENSARTECH.NS,DN,0.7256,0.625,HIGH,ALIGNED,1.0503,False,False,TRAIN
2025-11-21,AMBER.NS,DN,0.7196,0.625,HIGH,ALIGNED,-2.1192,True,True,TRAIN
2025-11-21,TORNTPHARM.NS,DN,0.7194,0.625,HIGH,ALIGNED,0.8653,False,False,TRAIN
2025-11-24,IDEAFORGE.NS,DN,0.8608,0.75,HIGH,ALIGNED,0.5074,False,False,TRAIN
2025-11-24,BDL.NS,DN,0.8464,0.75,HIGH,ALIGNED,-0.9885,True,True,TRAIN
2025-11-24,TEJASNET.NS,DN,0.8397,0.625,HIGH,ALIGNED,-1.5083,True,True,TRAIN
2025-11-24,GRSE.NS,DN,0.8375,0.75,HIGH,ALIGNED,-0.0664,True,True,TRAIN
2025-11-24,PARAS.NS,DN,0.8333,0.75,HIGH,ALIGNED,0.2186,False,False,TRAIN
2025-11-24,DATAPATTNS.NS,DN,0.8272,0.625,HIGH,ALIGNED,0.1768,False,False,TRAIN
2025-11-24,ONMOBILE.NS,DN,0.8203,0.625,HIGH,ALIGNED,2.0039,False,False,TRAIN
2025-11-24,BIOCON.NS,DN,0.8163,0.625,HIGH,ALIGNED,-0.506,True,True,TRAIN
2025-11-24,AMBER.NS,DN,0.8081,0.75,HIGH,ALIGNED,1.3417,False,False,TRAIN
2025-11-24,MOIL.NS,DN,0.7787,0.625,HIGH,ALIGNED,1.7361,False,False,TRAIN
2025-11-24,HAL.NS,DN,0.772,0.75,HIGH,ALIGNED,-0.0787,True,True,TRAIN
2025-11-24,MUTHOOTFIN.NS,DN,0.7715,0.625,HIGH,ALIGNED,1.8537,False,False,TRAIN
2025-11-24,MIDHANI.NS,DN,0.7641,0.75,HIGH,ALIGNED,0.7491,False,False,TRAIN
2025-11-24,BEML.NS,DN,0.7567,0.625,HIGH,ALIGNED,0.9651,False,False,TRAIN
2025-11-24,ROUTE.NS,DN,0.7567,0.75,HIGH,ALIGNED,4.0732,False,False,TRAIN
2025-11-24,MRPL.NS,DN,0.7522,0.625,HIGH,ALIGNED,-0.6174,True,True,TRAIN
2025-11-24,PRESTIGE.NS,DN,0.7459,0.75,HIGH,ALIGNED,1.508,False,False,TRAIN
2025-11-24,CENTUM.NS,DN,0.7266,0.75,HIGH,ALIGNED,0.8235,False,False,TRAIN
2025-11-24,DEEPAKFERT.NS,DN,0.7254,0.75,HIGH,ALIGNED,0.9603,False,False,TRAIN
2025-11-24,MASTEK.NS,DN,0.7195,0.75,HIGH,ALIGNED,-0.8805,True,True,TRAIN
2025-11-25,DATAPATTNS.NS,DN,0.8863,0.625,HIGH,ALIGNED,-0.1561,True,True,TRAIN
2025-11-25,TEJASNET.NS,DN,0.8382,0.625,HIGH,ALIGNED,0.9964,False,False,TRAIN
2025-11-25,GRSE.NS,DN,0.836,0.75,HIGH,ALIGNED,1.7601,False,False,TRAIN
2025-11-25,BIOCON.NS,DN,0.8319,0.75,HIGH,ALIGNED,1.3223,False,False,TRAIN
2025-11-25,BDL.NS,DN,0.8262,0.75,HIGH,ALIGNED,1.7232,False,False,TRAIN
2025-11-25,ONMOBILE.NS,DN,0.8216,0.75,HIGH,ALIGNED,0.9214,False,False,TRAIN
2025-11-25,FINEORG.NS,DN,0.8132,0.75,HIGH,ALIGNED,1.2268,False,False,TRAIN
2025-11-25,HAL.NS,DN,0.7939,0.75,HIGH,ALIGNED,1.7156,False,False,TRAIN
2025-11-25,PARAS.NS,DN,0.7828,0.625,HIGH,ALIGNED,1.1472,False,False,TRAIN
2025-11-25,IGL.NS,DN,0.7703,0.75,HIGH,ALIGNED,2.2479,False,False,TRAIN
2025-11-25,RATEGAIN.NS,DN,0.7617,0.75,HIGH,ALIGNED,4.9927,False,False,TRAIN
2025-11-25,STLTECH.NS,DN,0.7505,0.75,HIGH,ALIGNED,2.8022,False,False,TRAIN
2025-11-25,ASIANPAINT.NS,DN,0.7419,0.625,HIGH,ALIGNED,-0.0626,True,True,TRAIN
2025-11-25,JINDALPOLY.NS,DN,0.7414,0.625,HIGH,ALIGNED,0.8805,False,False,TRAIN
2025-11-25,AMBER.NS,DN,0.7316,0.625,HIGH,ALIGNED,2.2976,False,False,TRAIN
2025-11-25,IRCON.NS,DN,0.7167,0.625,HIGH,ALIGNED,0.6093,False,False,TRAIN
2025-11-25,MRPL.NS,DN,0.7037,0.625,HIGH,ALIGNED,-3.1184,True,True,TRAIN
2025-11-25,CENTUM.NS,DN,0.7022,0.625,HIGH,ALIGNED,0.5626,False,False,TRAIN
2025-11-25,IDEA.NS,DN,0.7015,0.75,HIGH,ALIGNED,0.2985,False,False,TRAIN
2025-11-25,OLECTRA.NS,DN,0.6988,0.75,HIGH,ALIGNED,1.1426,False,False,TRAIN
2025-11-26,JPPOWER.NS,DN,0.9031,0.75,HIGH,ALIGNED,-2.9657,True,True,TRAIN
2025-11-26,DATAPATTNS.NS,DN,0.881,0.625,HIGH,ALIGNED,0.809,False,False,TRAIN
2025-11-26,FINEORG.NS,DN,0.8302,0.5,MEDIUM,ALIGNED,-0.224,True,True,TRAIN
2025-11-26,LTTS.NS,DN,0.8181,0.5,MEDIUM,ALIGNED,2.5562,False,False,TRAIN
2025-11-26,HAL.NS,DN,0.7867,0.625,HIGH,ALIGNED,-0.7659,True,True,TRAIN
2025-11-26,GRSE.NS,DN,0.7745,0.5,MEDIUM,ALIGNED,0.9972,False,False,TRAIN
2025-11-26,OLECTRA.NS,DN,0.7734,0.625,HIGH,ALIGNED,-1.0129,True,True,TRAIN
2025-11-26,BIOCON.NS,DN,0.7713,0.5,MEDIUM,ALIGNED,0.3012,False,False,TRAIN
2025-11-26,BDL.NS,DN,0.7691,0.625,HIGH,ALIGNED,1.1361,False,False,TRAIN
2025-11-26,DEEPAKFERT.NS,DN,0.7606,0.75,HIGH,ALIGNED,-0.9629,True,True,TRAIN
2025-11-26,MASTEK.NS,DN,0.7576,0.625,HIGH,ALIGNED,-0.997,True,True,TRAIN
2025-11-26,CENTUM.NS,DN,0.7558,0.75,HIGH,ALIGNED,-0.9282,True,True,TRAIN
2025-11-26,PRESTIGE.NS,DN,0.7457,0.75,HIGH,ALIGNED,0.1019,False,False,TRAIN
2025-11-26,IDEA.NS,DN,0.7363,0.625,HIGH,ALIGNED,0.2976,False,False,TRAIN
2025-11-26,ASIANPAINT.NS,DN,0.7306,0.75,HIGH,ALIGNED,0.1775,False,False,TRAIN
2025-11-26,BASF.NS,DN,0.7287,0.75,HIGH,ALIGNED,-0.6668,True,True,TRAIN
2025-11-26,HCLTECH.NS,DN,0.7284,0.625,HIGH,ALIGNED,0.6861,False,False,TRAIN
2025-11-26,AMBER.NS,DN,0.7278,0.5,MEDIUM,ALIGNED,-2.7253,True,True,TRAIN
2025-11-26,BSE.NS,DN,0.7229,0.5,MEDIUM,ALIGNED,1.4688,False,False,TRAIN
2025-11-26,IGL.NS,DN,0.7164,0.625,HIGH,ALIGNED,-0.7579,True,True,TRAIN
2025-11-27,JPPOWER.NS,DN,0.9005,0.75,HIGH,ALIGNED,0.7507,False,False,TRAIN
2025-11-27,GRSE.NS,DN,0.8839,0.5,MEDIUM,ALIGNED,0.2836,False,False,TRAIN
2025-11-27,DATAPATTNS.NS,DN,0.8688,0.375,MEDIUM,CONFLICT,0.1753,False,False,TRAIN
2025-11-27,IDEAFORGE.NS,DN,0.8684,0.625,HIGH,ALIGNED,-0.4832,True,True,TRAIN
2025-11-27,WHIRLPOOL.NS,DN,0.8575,0.75,HIGH,ALIGNED,0.7802,False,False,TRAIN
2025-11-27,RADICO.NS,DN,0.8478,0.75,HIGH,ALIGNED,1.5157,False,False,TRAIN
2025-11-27,PARAS.NS,DN,0.828,0.375,MEDIUM,CONFLICT,-0.2225,True,True,TRAIN
2025-11-27,FINEORG.NS,DN,0.8107,0.625,HIGH,ALIGNED,-0.797,True,True,TRAIN
2025-11-27,OLECTRA.NS,DN,0.8005,0.75,HIGH,ALIGNED,-1.5821,True,True,TRAIN
2025-11-27,BDL.NS,DN,0.7896,0.5,MEDIUM,ALIGNED,0.6049,False,False,TRAIN
2025-11-27,DEEPAKFERT.NS,DN,0.7888,0.625,HIGH,ALIGNED,-0.6965,True,True,TRAIN
2025-11-27,MASTEK.NS,DN,0.7743,0.625,HIGH,ALIGNED,-0.0361,True,True,TRAIN
2025-11-27,HAL.NS,DN,0.7738,0.625,HIGH,ALIGNED,1.3205,False,False,TRAIN
2025-11-27,ERIS.NS,DN,0.7654,0.625,HIGH,ALIGNED,-1.0482,True,True,TRAIN
2025-11-27,RAJESHEXPO.NS,DN,0.7587,0.625,HIGH,ALIGNED,0.1718,False,False,TRAIN
2025-11-27,SOLARINDS.NS,DN,0.7459,0.75,HIGH,ALIGNED,-0.6066,True,True,TRAIN
2025-11-27,COCHINSHIP.NS,DN,0.7444,0.5,MEDIUM,ALIGNED,-0.5907,True,True,TRAIN
2025-11-27,DEEPAKNTR.NS,DN,0.7335,0.75,HIGH,ALIGNED,-0.0641,True,True,TRAIN
2025-11-27,MRPL.NS,DN,0.724,0.75,HIGH,ALIGNED,-1.3605,True,True,TRAIN
2025-11-27,CENTUM.NS,DN,0.7126,0.625,HIGH,ALIGNED,-1.1126,True,True,TRAIN
2025-11-28,JPPOWER.NS,DN,0.9002,0.75,HIGH,ALIGNED,-0.1064,True,True,TRAIN
2025-11-28,WHIRLPOOL.NS,DN,0.814,0.75,HIGH,ALIGNED,-7.6299,True,True,TRAIN
2025-11-28,ERIS.NS,DN,0.8121,0.625,HIGH,ALIGNED,-0.8713,True,True,TRAIN
2025-11-28,FINEORG.NS,DN,0.7959,0.625,HIGH,ALIGNED,-1.5593,True,True,TRAIN
2025-11-28,TATACOMM.NS,DN,0.7899,0.75,HIGH,ALIGNED,1.1789,False,False,TRAIN
2025-11-28,RADICO.NS,DN,0.7865,0.625,HIGH,ALIGNED,0.2774,False,False,TRAIN
2025-11-28,MASTEK.NS,DN,0.7827,0.625,HIGH,ALIGNED,-1.0254,True,True,TRAIN
2025-11-28,DATAPATTNS.NS,DN,0.7664,0.25,LOW,CONFLICT,-1.4037,True,True,TRAIN
2025-11-28,MARICO.NS,DN,0.7592,0.75,HIGH,ALIGNED,0.2161,False,False,TRAIN
2025-11-28,DEEPAKFERT.NS,DN,0.7353,0.75,HIGH,ALIGNED,-0.8183,True,True,TRAIN
2025-11-28,DEEPAKNTR.NS,DN,0.729,0.625,HIGH,ALIGNED,-0.8212,True,True,TRAIN
2025-11-28,GAIL.NS,DN,0.7256,0.75,HIGH,ALIGNED,-0.3862,True,True,TRAIN
2025-11-28,CENTUM.NS,DN,0.7254,0.75,HIGH,ALIGNED,-0.8079,True,True,TRAIN
2025-11-28,MRPL.NS,DN,0.7205,0.625,HIGH,ALIGNED,2.4674,False,False,TRAIN
2025-11-28,SOLARINDS.NS,DN,0.72,0.625,HIGH,ALIGNED,-0.1808,True,True,TRAIN
2025-11-28,ENDURANCE.NS,DN,0.7191,0.75,HIGH,ALIGNED,1.7401,False,False,TRAIN
2025-11-28,MIDHANI.NS,DN,0.7118,0.625,HIGH,ALIGNED,-2.1448,True,True,TRAIN
2025-11-28,JYOTHYLAB.NS,DN,0.7027,0.875,HIGH,ALIGNED,-1.5164,True,True,TRAIN
2025-11-28,BASF.NS,DN,0.7002,0.75,HIGH,ALIGNED,-0.9671,True,True,TRAIN
2025-11-28,SAPPHIRE.NS,DN,0.6925,0.75,HIGH,ALIGNED,-0.9087,True,True,TRAIN
2025-12-01,JPPOWER.NS,DN,0.8828,0.75,HIGH,ALIGNED,2.1311,False,False,TRAIN
2025-12-01,WHIRLPOOL.NS,DN,0.8478,0.75,HIGH,ALIGNED,1.9792,False,False,TRAIN
2025-12-01,ERIS.NS,DN,0.8437,0.75,HIGH,ALIGNED,-0.7461,True,True,TRAIN
2025-12-01,SUNDRMFAST.NS,DN,0.8245,0.625,HIGH,ALIGNED,-0.7932,True,True,TRAIN
2025-12-01,RAJESHEXPO.NS,DN,0.8224,0.5,MEDIUM,ALIGNED,1.567,False,False,TRAIN
2025-12-01,FINEORG.NS,DN,0.8153,0.75,HIGH,ALIGNED,1.1288,False,False,TRAIN
2025-12-01,PAGEIND.NS,DN,0.7881,0.75,HIGH,ALIGNED,0.5347,False,False,TRAIN
2025-12-01,NOCIL.NS,DN,0.775,0.75,HIGH,ALIGNED,-1.1188,True,True,TRAIN
2025-12-01,TATACOMM.NS,DN,0.758,0.625,HIGH,ALIGNED,0.637,False,False,TRAIN
2025-12-01,ASIANPAINT.NS,DN,0.7536,0.75,HIGH,ALIGNED,3.0269,False,False,TRAIN
2025-12-01,GAIL.NS,DN,0.7427,0.875,HIGH,ALIGNED,-0.2337,True,True,TRAIN
2025-12-01,JYOTHYLAB.NS,DN,0.7422,0.75,HIGH,ALIGNED,-0.0508,True,True,TRAIN
2025-12-01,RVNL.NS,DN,0.74,0.625,HIGH,ALIGNED,-1.1659,True,True,TRAIN
2025-12-01,EICHERMOT.NS,DN,0.7328,0.625,HIGH,ALIGNED,-0.1824,True,True,TRAIN
2025-12-01,APOLLOTYRE.NS,DN,0.7226,0.625,HIGH,ALIGNED,0.5616,False,False,TRAIN
2025-12-01,M&MFIN.NS,DN,0.722,0.625,HIGH,ALIGNED,-0.7883,True,True,TRAIN
2025-12-01,SAPPHIRE.NS,DN,0.7218,0.75,HIGH,ALIGNED,0.0649,False,False,TRAIN
2025-12-01,FINPIPE.NS,DN,0.7194,0.625,HIGH,ALIGNED,-0.8451,True,True,TRAIN
2025-12-01,MARICO.NS,DN,0.7143,0.625,HIGH,ALIGNED,-0.2225,True,True,TRAIN
2025-12-01,DEEPAKNTR.NS,DN,0.7119,0.625,HIGH,ALIGNED,-1.3715,True,True,TRAIN
2025-12-02,WHIRLPOOL.NS,DN,0.882,0.75,HIGH,ALIGNED,-2.723,True,True,TRAIN
2025-12-02,JPPOWER.NS,DN,0.8753,0.5,MEDIUM,ALIGNED,0.9911,False,False,TRAIN
2025-12-02,ERIS.NS,DN,0.8599,0.75,HIGH,ALIGNED,-0.5415,True,True,TRAIN
2025-12-02,RADICO.NS,DN,0.8091,0.5,MEDIUM,ALIGNED,1.5288,False,False,TRAIN
2025-12-02,METROBRAND.NS,DN,0.7923,0.75,HIGH,ALIGNED,-2.115,True,True,TRAIN
2025-12-02,NOCIL.NS,DN,0.7844,0.75,HIGH,ALIGNED,-0.8873,True,True,TRAIN
2025-12-02,GAIL.NS,DN,0.7488,0.625,HIGH,ALIGNED,-2.7029,True,True,TRAIN
2025-12-02,M&MFIN.NS,DN,0.7471,0.5,MEDIUM,ALIGNED,-2.6027,True,True,TRAIN
2025-12-02,GRSE.NS,DN,0.7469,0.625,HIGH,ALIGNED,-1.8517,True,True,TRAIN
2025-12-02,DEEPAKFERT.NS,DN,0.7428,0.625,HIGH,ALIGNED,-0.8253,True,True,TRAIN
2025-12-02,PAGEIND.NS,DN,0.7385,0.75,HIGH,ALIGNED,-0.9706,True,True,TRAIN
2025-12-02,FINPIPE.NS,DN,0.7375,0.625,HIGH,ALIGNED,-1.4644,True,True,TRAIN
2025-12-02,SUNDRMFAST.NS,DN,0.7356,0.625,HIGH,ALIGNED,-1.6885,True,True,TRAIN
2025-12-02,EICHERMOT.NS,DN,0.7253,0.5,MEDIUM,ALIGNED,-0.4359,True,True,TRAIN
2025-12-02,RVNL.NS,DN,0.7214,0.75,HIGH,ALIGNED,-1.966,True,True,TRAIN
2025-12-02,SBILIFE.NS,DN,0.7166,0.75,HIGH,ALIGNED,-0.4391,True,True,TRAIN
2025-12-02,SAPPHIRE.NS,DN,0.7144,0.625,HIGH,ALIGNED,3.8686,False,False,TRAIN
2025-12-02,ENDURANCE.NS,DN,0.7075,0.75,HIGH,ALIGNED,0.2932,False,False,TRAIN
2025-12-02,ATUL.NS,DN,0.7072,0.625,HIGH,ALIGNED,-0.1729,True,True,TRAIN
2025-12-02,CENTUM.NS,DN,0.7062,0.625,HIGH,ALIGNED,1.1656,False,False,TRAIN
2025-12-03,WHIRLPOOL.NS,DN,0.8853,0.75,HIGH,ALIGNED,-0.3359,True,True,TRAIN
2025-12-03,GAIL.NS,DN,0.8292,0.75,HIGH,ALIGNED,0.2114,False,False,TRAIN
2025-12-03,RATEGAIN.NS,DN,0.8177,0.625,HIGH,ALIGNED,-0.2987,True,True,TRAIN
2025-12-03,METROBRAND.NS,DN,0.8123,0.75,HIGH,ALIGNED,-1.4253,True,True,TRAIN
2025-12-03,GRSE.NS,DN,0.7964,0.75,HIGH,ALIGNED,-0.3515,True,True,TRAIN
2025-12-03,MANAPPURAM.NS,DN,0.763,0.75,HIGH,ALIGNED,-0.5439,True,True,TRAIN
2025-12-03,SUNDRMFAST.NS,DN,0.744,0.75,HIGH,ALIGNED,0.3531,False,False,TRAIN
2025-12-03,FINPIPE.NS,DN,0.7437,0.75,HIGH,ALIGNED,-1.0333,True,True,TRAIN
2025-12-03,RVNL.NS,DN,0.7411,0.75,HIGH,ALIGNED,0.2407,False,False,TRAIN
2025-12-03,PNBHOUSING.NS,DN,0.7244,0.75,HIGH,ALIGNED,0.4783,False,False,TRAIN
2025-12-03,NATCOPHARM.NS,DN,0.7135,0.375,MEDIUM,CONFLICT,1.4806,False,False,TRAIN
2025-12-03,ERIS.NS,DN,0.7027,0.625,HIGH,ALIGNED,-0.0833,True,True,TRAIN
2025-12-03,PNB.NS,DN,0.6998,0.875,HIGH,ALIGNED,-0.2254,True,True,TRAIN
2025-12-03,CANBK.NS,DN,0.6991,0.875,HIGH,ALIGNED,0.8968,False,False,TRAIN
2025-12-03,NOCIL.NS,DN,0.6973,0.625,HIGH,ALIGNED,-0.5347,True,True,TRAIN
2025-12-03,ABBOTINDIA.NS,DN,0.6949,0.875,HIGH,ALIGNED,-0.1385,True,True,TRAIN
2025-12-03,JYOTHYLAB.NS,DN,0.6906,0.75,HIGH,ALIGNED,0.5482,False,False,TRAIN
2025-12-03,PARAS.NS,DN,0.6884,0.75,HIGH,ALIGNED,0.8308,False,False,TRAIN
2025-12-03,DEEPAKFERT.NS,DN,0.6831,0.625,HIGH,ALIGNED,0.8322,False,False,TRAIN
2025-12-03,RBLBANK.NS,DN,0.6807,0.625,HIGH,ALIGNED,-1.9224,True,True,TRAIN
2025-12-04,M&MFIN.NS,DN,0.8954,0.75,HIGH,ALIGNED,5.9222,False,False,TRAIN
2025-12-04,METROBRAND.NS,DN,0.849,0.75,HIGH,ALIGNED,0.2487,False,False,TRAIN
2025-12-04,GAIL.NS,DN,0.8261,0.625,HIGH,ALIGNED,-0.3809,True,True,TRAIN
2025-12-04,COROMANDEL.NS,DN,0.7865,0.625,HIGH,ALIGNED,-0.1389,True,True,TRAIN
2025-12-04,JSWENERGY.NS,DN,0.7841,0.75,HIGH,ALIGNED,0.4567,False,False,TRAIN
2025-12-04,CANBK.NS,DN,0.7794,0.625,HIGH,ALIGNED,0.8481,False,False,TRAIN
2025-12-04,MOIL.NS,DN,0.7785,0.75,HIGH,ALIGNED,-0.2597,True,True,TRAIN
2025-12-04,PNB.NS,DN,0.7667,0.75,HIGH,ALIGNED,1.8238,False,False,TRAIN
2025-12-04,RATEGAIN.NS,DN,0.7628,0.625,HIGH,ALIGNED,-2.8062,True,True,TRAIN
2025-12-04,RAILTEL.NS,DN,0.7609,0.625,HIGH,ALIGNED,1.1649,False,False,TRAIN
2025-12-04,RVNL.NS,DN,0.7464,0.625,HIGH,ALIGNED,-0.4962,True,True,TRAIN
2025-12-04,PNBHOUSING.NS,DN,0.7292,0.625,HIGH,ALIGNED,2.4483,False,False,TRAIN
2025-12-04,FINPIPE.NS,DN,0.7263,0.75,HIGH,ALIGNED,-0.7919,True,True,TRAIN
2025-12-04,GRSE.NS,DN,0.7261,0.75,HIGH,ALIGNED,-3.1437,True,True,TRAIN
2025-12-04,SHRIRAMFIN.NS,DN,0.7006,0.875,HIGH,ALIGNED,3.2301,False,False,TRAIN
2025-12-04,IRCON.NS,DN,0.6986,0.625,HIGH,ALIGNED,-1.6672,True,True,TRAIN
2025-12-04,MANAPPURAM.NS,DN,0.6961,0.75,HIGH,ALIGNED,1.9686,False,False,TRAIN
2025-12-04,SUZLON.NS,DN,0.6935,0.75,HIGH,ALIGNED,1.7502,False,False,TRAIN
2025-12-04,RBLBANK.NS,DN,0.6896,0.625,HIGH,ALIGNED,2.4627,False,False,TRAIN
2025-12-04,WHIRLPOOL.NS,DN,0.6894,0.625,HIGH,ALIGNED,-3.0232,True,True,TRAIN
2025-12-05,METROBRAND.NS,DN,0.8416,0.75,HIGH,ALIGNED,1.1024,False,False,TRAIN
2025-12-05,JSWENERGY.NS,DN,0.8327,0.75,HIGH,ALIGNED,-1.7534,True,True,TRAIN
2025-12-05,M&MFIN.NS,DN,0.8199,0.625,HIGH,ALIGNED,-4.394,True,True,TRAIN
2025-12-05,WHIRLPOOL.NS,DN,0.8171,0.625,HIGH,ALIGNED,-3.6756,True,True,TRAIN
2025-12-05,COROMANDEL.NS,DN,0.8168,0.625,HIGH,ALIGNED,0.626,False,False,TRAIN
2025-12-05,RATEGAIN.NS,DN,0.8132,0.75,HIGH,ALIGNED,-0.7293,True,True,TRAIN
2025-12-05,HINDUNILVR.NS,DN,0.776,0.75,HIGH,ALIGNED,-1.0519,True,True,TRAIN
2025-12-05,INTELLECT.NS,DN,0.7714,0.625,HIGH,ALIGNED,-3.172,True,True,TRAIN
2025-12-05,BEML.NS,DN,0.7697,0.75,HIGH,ALIGNED,-4.0344,True,True,TRAIN
2025-12-05,AMBER.NS,DN,0.7587,0.75,HIGH,ALIGNED,-1.699,True,True,TRAIN
2025-12-05,CANBK.NS,DN,0.7423,0.625,HIGH,ALIGNED,-3.902,True,True,TRAIN
2025-12-05,MOIL.NS,DN,0.7337,0.75,HIGH,ALIGNED,-3.7065,True,True,TRAIN
2025-12-05,GRSE.NS,DN,0.7329,0.625,HIGH,ALIGNED,-4.3425,True,True,TRAIN
2025-12-05,JINDALSTEL.NS,DN,0.7178,0.625,HIGH,ALIGNED,-0.9237,True,True,TRAIN
2025-12-05,DATAPATTNS.NS,DN,0.7103,0.75,HIGH,ALIGNED,-6.4671,True,True,TRAIN
2025-12-05,FINPIPE.NS,DN,0.7103,0.75,HIGH,ALIGNED,-2.3296,True,True,TRAIN
2025-12-05,ABBOTINDIA.NS,DN,0.706,0.625,HIGH,ALIGNED,-0.7601,True,True,TRAIN
2025-12-05,ZYDUSWELL.NS,DN,0.705,0.625,HIGH,ALIGNED,0.6345,False,False,TRAIN
2025-12-05,BSE.NS,DN,0.7021,0.625,HIGH,ALIGNED,-0.6073,True,True,TRAIN
2025-12-05,SUZLON.NS,DN,0.7012,0.75,HIGH,ALIGNED,0.0773,False,False,TRAIN
2025-12-08,JSWENERGY.NS,DN,0.8323,0.625,HIGH,ALIGNED,-0.5839,True,True,TRAIN
2025-12-08,BEML.NS,DN,0.8301,0.75,HIGH,ALIGNED,2.5772,False,False,TRAIN
2025-12-08,PNB.NS,DN,0.8038,0.75,HIGH,ALIGNED,1.5776,False,False,TRAIN
2025-12-08,M&MFIN.NS,DN,0.7924,0.625,HIGH,ALIGNED,0.5692,False,False,TRAIN
2025-12-08,DEEPAKFERT.NS,DN,0.7885,0.75,HIGH,ALIGNED,1.2484,False,False,TRAIN
2025-12-08,AMBER.NS,DN,0.7852,0.625,HIGH,ALIGNED,3.5886,False,False,TRAIN
2025-12-08,KALYANKJIL.NS,DN,0.7708,0.625,HIGH,ALIGNED,-0.3579,True,True,TRAIN
2025-12-08,BDL.NS,DN,0.7675,0.625,HIGH,ALIGNED,0.3022,False,False,TRAIN
2025-12-08,GRSE.NS,DN,0.7522,0.625,HIGH,ALIGNED,3.4862,False,False,TRAIN
2025-12-08,TEJASNET.NS,DN,0.7481,0.625,HIGH,ALIGNED,-0.4977,True,True,TRAIN
2025-12-08,INTELLECT.NS,DN,0.7478,0.625,HIGH,ALIGNED,1.6331,False,False,TRAIN
2025-12-08,GODREJPROP.NS,DN,0.7447,0.75,HIGH,ALIGNED,3.4378,False,False,TRAIN
2025-12-08,CANBK.NS,DN,0.7439,0.75,HIGH,ALIGNED,2.3453,False,False,TRAIN
2025-12-08,BEL.NS,DN,0.7416,0.75,HIGH,ALIGNED,0.7893,False,False,TRAIN
2025-12-08,MAZDOCK.NS,DN,0.7404,0.75,HIGH,ALIGNED,0.2174,False,False,TRAIN
2025-12-08,JSWSTEEL.NS,DN,0.738,0.75,HIGH,ALIGNED,-1.0097,True,True,TRAIN
2025-12-08,DATAPATTNS.NS,DN,0.7306,0.625,HIGH,ALIGNED,1.3991,False,False,TRAIN
2025-12-08,HINDUNILVR.NS,DN,0.7268,0.625,HIGH,ALIGNED,-0.3241,True,True,TRAIN
2025-12-08,VEDL.NS,DN,0.711,0.75,HIGH,ALIGNED,0.9584,False,False,TRAIN
2025-12-08,WELCORP.NS,DN,0.711,0.75,HIGH,ALIGNED,1.1594,False,False,TRAIN
2025-12-09,NATCOPHARM.NS,DN,0.8479,0.625,HIGH,ALIGNED,-2.8338,True,True,TRAIN
2025-12-09,JSWENERGY.NS,DN,0.8232,0.875,HIGH,ALIGNED,-0.0111,True,True,TRAIN
2025-12-09,MAPMYINDIA.NS,DN,0.8108,0.75,HIGH,ALIGNED,-0.9987,True,True,TRAIN
2025-12-09,BDL.NS,DN,0.8019,0.875,HIGH,ALIGNED,-1.8986,True,True,TRAIN
2025-12-09,MAZDOCK.NS,DN,0.7983,0.875,HIGH,ALIGNED,-2.0088,True,True,TRAIN
2025-12-09,JSWSTEEL.NS,DN,0.7873,0.75,HIGH,ALIGNED,-0.993,True,True,TRAIN
2025-12-09,HINDUNILVR.NS,DN,0.7816,0.75,HIGH,ALIGNED,-0.2081,True,True,TRAIN
2025-12-09,PNB.NS,DN,0.7711,0.625,HIGH,ALIGNED,-0.5686,True,True,TRAIN
2025-12-09,JINDALPOLY.NS,DN,0.7679,0.75,HIGH,ALIGNED,1.4068,False,False,TRAIN
2025-12-09,TEJASNET.NS,DN,0.7644,0.625,HIGH,ALIGNED,-1.7454,True,True,TRAIN
2025-12-09,M&MFIN.NS,DN,0.7547,0.5,MEDIUM,ALIGNED,-1.7685,True,True,TRAIN
2025-12-09,KALYANKJIL.NS,DN,0.7483,0.875,HIGH,ALIGNED,-2.6724,True,True,TRAIN
2025-12-09,AMBER.NS,DN,0.7438,0.75,HIGH,ALIGNED,-1.7359,True,True,TRAIN
2025-12-09,VEDL.NS,DN,0.7412,0.5,MEDIUM,ALIGNED,1.5596,False,False,TRAIN
2025-12-09,CANBK.NS,DN,0.7323,0.625,HIGH,ALIGNED,-0.4309,True,True,TRAIN
2025-12-09,BEML.NS,DN,0.7313,0.75,HIGH,ALIGNED,-0.4871,True,True,TRAIN
2025-12-09,SOBHA.NS,DN,0.7304,0.75,HIGH,ALIGNED,1.4721,False,False,TRAIN
2025-12-09,DATAPATTNS.NS,DN,0.7256,0.625,HIGH,ALIGNED,-3.0645,True,True,TRAIN
2025-12-09,STLTECH.NS,DN,0.7146,0.625,HIGH,ALIGNED,-1.2739,True,True,TRAIN
2025-12-09,HFCL.NS,DN,0.7093,0.75,HIGH,ALIGNED,-1.7408,True,True,TRAIN
2025-12-10,ONMOBILE.NS,DN,0.8908,0.75,HIGH,ALIGNED,-0.5206,True,True,TRAIN
2025-12-10,TEJASNET.NS,DN,0.8787,0.75,HIGH,ALIGNED,0.9424,False,False,TRAIN
2025-12-10,NATCOPHARM.NS,DN,0.8514,0.625,HIGH,ALIGNED,5.7695,False,False,TRAIN
2025-12-10,MAPMYINDIA.NS,DN,0.8256,0.75,HIGH,ALIGNED,-0.123,True,True,TRAIN
2025-12-10,MAZDOCK.NS,DN,0.7816,0.75,HIGH,ALIGNED,1.1644,False,False,TRAIN
2025-12-10,AMBER.NS,DN,0.7635,0.75,HIGH,ALIGNED,-0.6853,True,True,TRAIN
2025-12-10,KEI.NS,DN,0.7606,0.625,HIGH,ALIGNED,2.7711,False,False,TRAIN
2025-12-10,JINDALPOLY.NS,DN,0.7585,0.75,HIGH,ALIGNED,1.0609,False,False,TRAIN
2025-12-10,BDL.NS,DN,0.7531,0.75,HIGH,ALIGNED,0.9355,False,False,TRAIN
2025-12-10,HINDUNILVR.NS,DN,0.7527,0.75,HIGH,ALIGNED,0.1694,False,False,TRAIN
2025-12-10,M&MFIN.NS,DN,0.7505,0.625,HIGH,ALIGNED,-1.9732,True,True,TRAIN
2025-12-10,JSWSTEEL.NS,DN,0.7486,0.625,HIGH,ALIGNED,0.7841,False,False,TRAIN
2025-12-10,SAPPHIRE.NS,DN,0.7367,0.625,HIGH,ALIGNED,0.0508,False,False,TRAIN
2025-12-10,KPITTECH.NS,DN,0.7326,0.75,HIGH,ALIGNED,2.8197,False,False,TRAIN
2025-12-10,ASHOKLEY.NS,DN,0.7282,0.75,HIGH,ALIGNED,1.4683,False,False,TRAIN
2025-12-10,STLTECH.NS,DN,0.7159,0.75,HIGH,ALIGNED,1.8002,False,False,TRAIN
2025-12-10,DATAPATTNS.NS,DN,0.7155,0.75,HIGH,ALIGNED,2.371,False,False,TRAIN
2025-12-10,COFORGE.NS,DN,0.7143,0.75,HIGH,ALIGNED,1.1647,False,False,TRAIN
2025-12-10,KALYANKJIL.NS,DN,0.7053,0.875,HIGH,ALIGNED,2.0295,False,False,TRAIN
2025-12-10,HFCL.NS,DN,0.6812,0.75,HIGH,ALIGNED,1.2114,False,False,TRAIN
2025-12-11,TEJASNET.NS,DN,0.8741,0.625,HIGH,ALIGNED,2.8758,False,False,TRAIN
2025-12-11,NATCOPHARM.NS,DN,0.8423,0.625,HIGH,ALIGNED,-1.2969,True,True,TRAIN
2025-12-11,HFCL.NS,DN,0.8116,0.625,HIGH,ALIGNED,-0.4189,True,True,TRAIN
2025-12-11,MAPMYINDIA.NS,DN,0.77,0.75,HIGH,ALIGNED,1.3241,False,False,TRAIN
2025-12-11,HINDUNILVR.NS,DN,0.7658,0.75,HIGH,ALIGNED,-1.9518,True,True,TRAIN
2025-12-11,BDL.NS,DN,0.7579,0.625,HIGH,ALIGNED,-0.2476,True,True,TRAIN
2025-12-11,MAZDOCK.NS,DN,0.7542,0.625,HIGH,ALIGNED,-0.3566,True,True,TRAIN
2025-12-11,DEEPAKFERT.NS,DN,0.7525,0.875,HIGH,ALIGNED,0.504,False,False,TRAIN
2025-12-11,JSWSTEEL.NS,DN,0.7367,0.625,HIGH,ALIGNED,1.8183,False,False,TRAIN
2025-12-11,SOBHA.NS,DN,0.7342,0.75,HIGH,ALIGNED,3.0497,False,False,TRAIN
2025-12-11,NCC.NS,DN,0.7276,0.75,HIGH,ALIGNED,-0.174,True,True,TRAIN
2025-12-11,KALYANKJIL.NS,DN,0.7232,0.625,HIGH,ALIGNED,1.9679,False,False,TRAIN
2025-12-11,IGL.NS,DN,0.7165,0.75,HIGH,ALIGNED,1.3737,False,False,TRAIN
2025-12-11,COFORGE.NS,DN,0.714,0.625,HIGH,ALIGNED,0.5213,False,False,TRAIN
2025-12-11,DATAPATTNS.NS,DN,0.7118,0.5,MEDIUM,ALIGNED,-0.3572,True,True,TRAIN
2025-12-11,HAL.NS,DN,0.7116,0.5,MEDIUM,ALIGNED,-0.4235,True,True,TRAIN
2025-12-11,PERSISTENT.NS,DN,0.7037,0.75,HIGH,ALIGNED,2.1357,False,False,TRAIN
2025-12-11,SAPPHIRE.NS,DN,0.7002,0.75,HIGH,ALIGNED,0.7491,False,False,TRAIN
2025-12-11,VGUARD.NS,DN,0.6988,0.75,HIGH,ALIGNED,0.1971,False,False,TRAIN
2025-12-11,SJVN.NS,DN,0.6936,0.5,MEDIUM,ALIGNED,0.3052,False,False,TRAIN
2025-12-12,NATCOPHARM.NS,DN,0.8524,0.625,HIGH,ALIGNED,-0.0497,True,True,TRAIN
2025-12-12,M&MFIN.NS,DN,0.8087,0.5,MEDIUM,ALIGNED,0.6357,False,False,TRAIN
2025-12-12,TEJASNET.NS,DN,0.8,0.625,HIGH,ALIGNED,-2.1175,True,True,TRAIN
2025-12-12,BDL.NS,DN,0.7851,0.75,HIGH,ALIGNED,-0.5178,True,True,TRAIN
2025-12-12,HFCL.NS,DN,0.7844,0.75,HIGH,ALIGNED,-0.8413,True,True,TRAIN
2025-12-12,MAZDOCK.NS,DN,0.7757,0.75,HIGH,ALIGNED,-0.4433,True,True,TRAIN
2025-12-12,ASIANPAINT.NS,DN,0.7691,0.75,HIGH,ALIGNED,0.557,False,False,TRAIN
2025-12-12,HEROMOTOCO.NS,DN,0.7586,0.75,HIGH,ALIGNED,-0.0084,True,True,TRAIN
2025-12-12,COFORGE.NS,DN,0.756,0.75,HIGH,ALIGNED,1.0265,False,False,TRAIN
2025-12-12,NCC.NS,DN,0.749,0.75,HIGH,ALIGNED,0.6473,False,False,TRAIN
2025-12-12,PERSISTENT.NS,DN,0.7382,0.5,MEDIUM,ALIGNED,-0.6155,True,True,TRAIN
2025-12-12,JSWSTEEL.NS,DN,0.7257,0.5,MEDIUM,ALIGNED,-0.9507,True,True,TRAIN
2025-12-12,SOBHA.NS,DN,0.7238,0.5,MEDIUM,ALIGNED,-1.0969,True,True,TRAIN
2025-12-12,BANKBARODA.NS,DN,0.7089,0.75,HIGH,ALIGNED,0.2285,False,False,TRAIN
2025-12-12,NOCIL.NS,DN,0.7052,0.75,HIGH,ALIGNED,-1.6365,True,True,TRAIN
2025-12-12,CRAFTSMAN.NS,DN,0.701,0.625,HIGH,ALIGNED,1.0619,False,False,TRAIN
2025-12-12,OFSS.NS,DN,0.6973,0.625,HIGH,ALIGNED,-0.2816,True,True,TRAIN
2025-12-12,YESBANK.NS,DN,0.6856,0.75,HIGH,ALIGNED,-0.7299,True,True,TRAIN
2025-12-12,KEI.NS,DN,0.683,0.625,HIGH,ALIGNED,2.4784,False,False,TRAIN
2025-12-12,JINDALPOLY.NS,DN,0.6698,0.625,HIGH,ALIGNED,-0.1011,True,True,TRAIN
2025-12-15,BSE.NS,DN,0.8196,0.625,HIGH,ALIGNED,-1.6233,True,True,TRAIN
2025-12-15,HEROMOTOCO.NS,DN,0.7924,0.625,HIGH,ALIGNED,-0.2181,True,True,TRAIN
2025-12-15,ASIANPAINT.NS,DN,0.7675,0.625,HIGH,ALIGNED,0.3849,False,False,TRAIN
2025-12-15,VGUARD.NS,DN,0.7522,0.75,HIGH,ALIGNED,-0.9556,True,True,TRAIN
2025-12-15,COFORGE.NS,DN,0.745,0.375,MEDIUM,CONFLICT,-0.1711,True,True,TRAIN
2025-12-15,BAJFINANCE.NS,DN,0.6953,0.625,HIGH,ALIGNED,-1.4121,True,True,TRAIN
2025-12-15,ICICIBANK.NS,DN,0.6919,0.625,HIGH,ALIGNED,0.0586,False,False,TRAIN
2025-12-15,PERSISTENT.NS,DN,0.6861,0.5,MEDIUM,ALIGNED,-0.5478,True,True,TRAIN
2025-12-15,NATCOPHARM.NS,DN,0.6843,0.375,MEDIUM,CONFLICT,1.7952,False,False,TRAIN
2025-12-15,NAUKRI.NS,DN,0.6804,0.5,MEDIUM,ALIGNED,-1.0796,True,True,TRAIN
2025-12-15,AJANTPHARM.NS,DN,0.679,0.75,HIGH,ALIGNED,-1.7373,True,True,TRAIN
2025-12-15,TCS.NS,DN,0.6772,0.5,MEDIUM,ALIGNED,-0.777,True,True,TRAIN
2025-12-15,SYMPHONY.NS,DN,0.6723,0.5,MEDIUM,ALIGNED,-0.6322,True,True,TRAIN
2025-12-15,PETRONET.NS,DN,0.6715,0.75,HIGH,ALIGNED,-1.4336,True,True,TRAIN
2025-12-15,M&M.NS,DN,0.6686,0.75,HIGH,ALIGNED,0.3603,False,False,TRAIN
2025-12-15,NOCIL.NS,DN,0.6668,0.625,HIGH,ALIGNED,-0.5887,True,True,TRAIN
2025-12-15,SOBHA.NS,DN,0.6604,0.625,HIGH,ALIGNED,2.3924,False,False,TRAIN
2025-12-15,BHARTIARTL.NS,DN,0.6547,0.625,HIGH,ALIGNED,1.5606,False,False,TRAIN
2025-12-15,POLICYBZR.NS,DN,0.6489,0.375,MEDIUM,CONFLICT,-5.4973,True,True,TRAIN
2025-12-15,HFCL.NS,DN,0.6478,0.625,HIGH,ALIGNED,-0.8636,True,True,TRAIN
2025-12-16,POLICYBZR.NS,DN,0.8181,0.875,HIGH,ALIGNED,-3.0486,True,True,TRAIN
2025-12-16,COROMANDEL.NS,DN,0.79,0.5,MEDIUM,ALIGNED,-2.2901,True,True,TRAIN
2025-12-16,BATAINDIA.NS,DN,0.7896,0.75,HIGH,ALIGNED,-1.0117,True,True,TRAIN
2025-12-16,VGUARD.NS,DN,0.7606,0.625,HIGH,ALIGNED,1.072,False,False,TRAIN
2025-12-16,BSE.NS,DN,0.7575,0.75,HIGH,ALIGNED,0.944,False,False,TRAIN
2025-12-16,LAURUSLABS.NS,DN,0.7384,0.625,HIGH,ALIGNED,0.8689,False,False,TRAIN
2025-12-16,ATUL.NS,DN,0.7333,0.75,HIGH,ALIGNED,2.0227,False,False,TRAIN
2025-12-16,GRSE.NS,DN,0.7329,0.75,HIGH,ALIGNED,-2.406,True,True,TRAIN
2025-12-16,AXISBANK.NS,DN,0.7263,0.75,HIGH,ALIGNED,0.4182,False,False,TRAIN
2025-12-16,BDL.NS,DN,0.7222,0.625,HIGH,ALIGNED,-2.3089,True,True,TRAIN
2025-12-16,HFCL.NS,DN,0.7198,0.625,HIGH,ALIGNED,-1.3755,True,True,TRAIN
2025-12-16,ERIS.NS,DN,0.7147,0.75,HIGH,ALIGNED,0.5075,False,False,TRAIN
2025-12-16,OFSS.NS,DN,0.713,0.75,HIGH,ALIGNED,-1.4818,True,True,TRAIN
2025-12-16,GODREJAGRO.NS,DN,0.7128,0.75,HIGH,ALIGNED,-1.0701,True,True,TRAIN
2025-12-16,M&MFIN.NS,DN,0.692,0.625,HIGH,ALIGNED,2.9567,False,False,TRAIN
2025-12-16,SYMPHONY.NS,DN,0.6915,0.625,HIGH,ALIGNED,-0.4916,True,True,TRAIN
2025-12-16,ROUTE.NS,DN,0.6812,0.25,LOW,CONFLICT,-2.1638,True,True,TRAIN
2025-12-16,RBLBANK.NS,DN,0.6754,0.75,HIGH,ALIGNED,-1.2471,True,True,TRAIN
2025-12-16,MASTEK.NS,DN,0.6676,0.5,MEDIUM,ALIGNED,-0.7479,True,True,TRAIN
2025-12-16,YESBANK.NS,DN,0.6628,0.5,MEDIUM,ALIGNED,0.2791,False,False,TRAIN
2025-12-17,POLICYBZR.NS,DN,0.8746,0.875,HIGH,ALIGNED,3.932,False,False,TRAIN
2025-12-17,METROBRAND.NS,DN,0.8732,0.75,HIGH,ALIGNED,1.7391,False,False,TRAIN
2025-12-17,CENTUM.NS,DN,0.8049,0.75,HIGH,ALIGNED,-1.9927,True,True,TRAIN
2025-12-17,BDL.NS,DN,0.7778,0.5,MEDIUM,ALIGNED,1.3743,False,False,TRAIN
2025-12-17,BATAINDIA.NS,DN,0.7709,0.625,HIGH,ALIGNED,0.0852,False,False,TRAIN
2025-12-17,SJVN.NS,DN,0.7589,0.75,HIGH,ALIGNED,-1.855,True,True,TRAIN
2025-12-17,LTTS.NS,DN,0.7483,0.75,HIGH,ALIGNED,1.5529,False,False,TRAIN
2025-12-17,SUDARSCHEM.NS,DN,0.7421,0.625,HIGH,ALIGNED,-0.8973,True,True,TRAIN
2025-12-17,AJANTPHARM.NS,DN,0.7306,0.5,MEDIUM,ALIGNED,0.0,False,False,TRAIN
2025-12-17,HFCL.NS,DN,0.7128,0.5,MEDIUM,ALIGNED,0.1395,False,False,TRAIN
2025-12-17,NAVINFLUOR.NS,DN,0.7047,0.625,HIGH,ALIGNED,-1.7759,True,True,TRAIN
2025-12-17,GRSE.NS,DN,0.702,0.625,HIGH,ALIGNED,-0.5727,True,True,TRAIN
2025-12-17,COCHINSHIP.NS,DN,0.6968,0.75,HIGH,ALIGNED,0.2196,False,False,TRAIN
2025-12-17,GODREJAGRO.NS,DN,0.6948,0.75,HIGH,ALIGNED,-1.7446,True,True,TRAIN
2025-12-17,CHOLAFIN.NS,DN,0.6879,0.75,HIGH,ALIGNED,0.3287,False,False,TRAIN
2025-12-17,RATNAMANI.NS,DN,0.6867,0.75,HIGH,ALIGNED,0.4718,False,False,TRAIN
2025-12-17,AXISBANK.NS,DN,0.685,0.625,HIGH,ALIGNED,0.4164,False,False,TRAIN
2025-12-17,SOLARINDS.NS,DN,0.6837,0.625,HIGH,ALIGNED,-0.3639,True,True,TRAIN
2025-12-17,COLPAL.NS,DN,0.6791,0.625,HIGH,ALIGNED,0.1246,False,False,TRAIN
2025-12-17,HDFCLIFE.NS,DN,0.6766,0.75,HIGH,ALIGNED,0.4645,False,False,TRAIN
2025-12-18,CENTUM.NS,DN,0.8745,0.75,HIGH,ALIGNED,0.3965,False,False,TRAIN
2025-12-18,POLICYBZR.NS,DN,0.8672,0.625,HIGH,ALIGNED,2.971,False,False,TRAIN
2025-12-18,METROBRAND.NS,DN,0.8481,0.625,HIGH,ALIGNED,2.1368,False,False,TRAIN
2025-12-18,IRCON.NS,DN,0.8331,0.75,HIGH,ALIGNED,1.9599,False,False,TRAIN
2025-12-18,NAVINFLUOR.NS,DN,0.7833,0.625,HIGH,ALIGNED,0.6457,False,False,TRAIN
2025-12-18,RBLBANK.NS,DN,0.7591,0.625,HIGH,ALIGNED,0.5021,False,False,TRAIN
2025-12-18,SUDARSCHEM.NS,DN,0.7385,0.75,HIGH,ALIGNED,2.1689,False,False,TRAIN
2025-12-18,COCHINSHIP.NS,DN,0.735,0.625,HIGH,ALIGNED,2.8019,False,False,TRAIN
2025-12-18,LTTS.NS,DN,0.7136,0.625,HIGH,ALIGNED,-0.7975,True,True,TRAIN
2025-12-18,KPITTECH.NS,DN,0.711,0.625,HIGH,ALIGNED,5.4962,False,False,TRAIN
2025-12-18,OFSS.NS,DN,0.7086,0.75,HIGH,ALIGNED,2.1011,False,False,TRAIN
2025-12-18,IDEA.NS,DN,0.7052,0.625,HIGH,ALIGNED,5.8407,False,False,TRAIN
2025-12-18,GODREJAGRO.NS,DN,0.7049,0.75,HIGH,ALIGNED,1.3583,False,False,TRAIN
2025-12-18,RAILTEL.NS,DN,0.7042,0.75,HIGH,ALIGNED,2.2236,False,False,TRAIN
2025-12-18,GRSE.NS,DN,0.7027,0.875,HIGH,ALIGNED,3.375,False,False,TRAIN
2025-12-18,RATNAMANI.NS,DN,0.6998,0.625,HIGH,ALIGNED,-1.0468,True,True,TRAIN
2025-12-18,SYMPHONY.NS,DN,0.6885,0.75,HIGH,ALIGNED,-0.6799,True,True,TRAIN
2025-12-18,SUNPHARMA.NS,DN,0.6873,0.75,HIGH,ALIGNED,-0.0573,True,True,TRAIN
2025-12-18,COLPAL.NS,DN,0.6868,0.625,HIGH,ALIGNED,1.0096,False,False,TRAIN
2025-12-18,ADANIENSOL.NS,DN,0.6863,0.625,HIGH,ALIGNED,1.224,False,False,TRAIN
2025-12-19,CENTUM.NS,DN,0.8359,0.75,HIGH,ALIGNED,6.3602,False,False,TRAIN
2025-12-19,NAVINFLUOR.NS,DN,0.8296,0.625,HIGH,ALIGNED,0.6587,False,False,TRAIN
2025-12-19,METROBRAND.NS,DN,0.8102,0.375,MEDIUM,CONFLICT,0.9589,False,False,TRAIN
2025-12-19,IRCON.NS,DN,0.7976,0.625,HIGH,ALIGNED,2.5237,False,False,TRAIN
2025-12-19,POLICYBZR.NS,DN,0.7859,0.375,MEDIUM,CONFLICT,-0.36,True,True,TRAIN
2025-12-19,LTTS.NS,DN,0.7811,0.625,HIGH,ALIGNED,2.547,False,False,TRAIN
2025-12-19,RATNAMANI.NS,DN,0.767,0.75,HIGH,ALIGNED,1.2973,False,False,TRAIN
2025-12-19,OLECTRA.NS,DN,0.757,0.75,HIGH,ALIGNED,0.6722,False,False,TRAIN
2025-12-19,CHOLAFIN.NS,DN,0.7563,0.875,HIGH,ALIGNED,-3.8347,True,True,TRAIN
2025-12-19,EMAMILTD.NS,DN,0.7507,0.875,HIGH,ALIGNED,0.857,False,False,TRAIN
2025-12-19,HFCL.NS,DN,0.7485,0.75,HIGH,ALIGNED,-0.2651,True,True,TRAIN
2025-12-19,PNBHOUSING.NS,DN,0.747,0.625,HIGH,ALIGNED,0.9215,False,False,TRAIN
2025-12-19,JSWENERGY.NS,DN,0.735,0.5,MEDIUM,ALIGNED,0.1464,False,False,TRAIN
2025-12-19,TEJASNET.NS,DN,0.7294,0.75,HIGH,ALIGNED,0.9016,False,False,TRAIN
2025-12-19,ADANIENSOL.NS,DN,0.7235,0.625,HIGH,ALIGNED,1.9884,False,False,TRAIN
2025-12-19,SYMPHONY.NS,DN,0.7027,0.75,HIGH,ALIGNED,0.8571,False,False,TRAIN
2025-12-19,MUTHOOTFIN.NS,DN,0.6843,0.75,HIGH,ALIGNED,0.2433,False,False,TRAIN
2025-12-19,SAPPHIRE.NS,DN,0.684,0.625,HIGH,ALIGNED,4.3401,False,False,TRAIN
2025-12-19,JINDALSTEL.NS,DN,0.683,0.75,HIGH,ALIGNED,0.9571,False,False,TRAIN
2025-12-19,COCHINSHIP.NS,DN,0.6757,0.625,HIGH,ALIGNED,7.6213,False,False,TRAIN
2025-12-22,OLECTRA.NS,DN,0.8475,0.75,HIGH,ALIGNED,1.2255,False,False,TRAIN
2025-12-22,NAVINFLUOR.NS,DN,0.8213,0.625,HIGH,ALIGNED,3.0594,False,False,TRAIN
2025-12-22,CHOLAFIN.NS,DN,0.8145,0.75,HIGH,ALIGNED,5.9057,False,False,TRAIN
2025-12-22,POLICYBZR.NS,DN,0.8051,0.625,HIGH,ALIGNED,1.6949,False,False,TRAIN
2025-12-22,JSWENERGY.NS,DN,0.7946,0.5,MEDIUM,ALIGNED,1.3989,False,False,TRAIN
2025-12-22,HFCL.NS,DN,0.7922,0.75,HIGH,ALIGNED,3.6122,False,False,TRAIN
2025-12-22,IOC.NS,DN,0.7782,0.75,HIGH,ALIGNED,-0.2383,True,True,TRAIN
2025-12-22,GODREJPROP.NS,DN,0.7431,0.625,HIGH,ALIGNED,-0.5368,True,True,TRAIN
2025-12-22,IRCON.NS,DN,0.742,0.5,MEDIUM,ALIGNED,7.9651,False,False,TRAIN
2025-12-22,PRESTIGE.NS,DN,0.7397,0.75,HIGH,ALIGNED,0.106,False,False,TRAIN
2025-12-22,TIINDIA.NS,DN,0.7358,0.75,HIGH,ALIGNED,-0.0116,True,True,TRAIN
2025-12-22,EMAMILTD.NS,DN,0.7353,0.625,HIGH,ALIGNED,-0.4105,True,True,TRAIN
2025-12-22,TATASTEEL.NS,DN,0.7346,0.625,HIGH,ALIGNED,0.9928,False,False,TRAIN
2025-12-22,COLPAL.NS,DN,0.7267,0.625,HIGH,ALIGNED,-0.0949,True,True,TRAIN
2025-12-22,MUTHOOTFIN.NS,DN,0.7223,0.625,HIGH,ALIGNED,0.4696,False,False,TRAIN
2025-12-22,SYMPHONY.NS,DN,0.7194,0.875,HIGH,ALIGNED,-0.7908,True,True,TRAIN
2025-12-22,RATNAMANI.NS,DN,0.7167,0.5,MEDIUM,ALIGNED,-0.2664,True,True,TRAIN
2025-12-22,ADANIGREEN.NS,DN,0.7039,0.5,MEDIUM,ALIGNED,-0.3821,True,True,TRAIN
2025-12-22,TEJASNET.NS,DN,0.6946,0.625,HIGH,ALIGNED,0.1544,False,False,TRAIN
2025-12-22,HINDZINC.NS,DN,0.684,0.25,LOW,CONFLICT,0.5441,False,False,TRAIN
2025-12-23,COFORGE.NS,DN,0.8598,0.75,HIGH,ALIGNED,-2.3874,True,True,TRAIN
2025-12-23,CHOLAFIN.NS,DN,0.79,0.625,HIGH,ALIGNED,1.1498,False,False,TRAIN
2025-12-23,EMAMILTD.NS,DN,0.7861,0.75,HIGH,ALIGNED,-0.9299,True,True,TRAIN
2025-12-23,IOC.NS,DN,0.7822,0.625,HIGH,ALIGNED,-1.2862,True,True,TRAIN
2025-12-23,AMBER.NS,DN,0.7656,0.625,HIGH,ALIGNED,0.0827,False,False,TRAIN
2025-12-23,HEROMOTOCO.NS,DN,0.7566,0.625,HIGH,ALIGNED,-0.7921,True,True,TRAIN
2025-12-23,BLUESTARCO.NS,DN,0.7534,0.75,HIGH,ALIGNED,0.6227,False,False,TRAIN
2025-12-23,NAVINFLUOR.NS,DN,0.7532,0.5,MEDIUM,ALIGNED,-3.1253,True,True,TRAIN
2025-12-23,SYMPHONY.NS,DN,0.7505,0.75,HIGH,ALIGNED,0.4759,False,False,TRAIN
2025-12-23,PRESTIGE.NS,DN,0.7317,0.75,HIGH,ALIGNED,0.8225,False,False,TRAIN
2025-12-23,TEJASNET.NS,DN,0.722,0.625,HIGH,ALIGNED,-0.4296,True,True,TRAIN
2025-12-23,MUTHOOTFIN.NS,DN,0.7177,0.375,MEDIUM,CONFLICT,-0.0919,True,True,TRAIN
2025-12-23,BIKAJI.NS,DN,0.7134,0.625,HIGH,ALIGNED,-0.7096,True,True,TRAIN
2025-12-23,VEDL.NS,DN,0.7073,0.5,MEDIUM,ALIGNED,2.0038,False,False,TRAIN
2025-12-23,BRITANNIA.NS,DN,0.706,0.625,HIGH,ALIGNED,-0.5115,True,True,TRAIN
2025-12-23,COLPAL.NS,DN,0.7015,0.625,HIGH,ALIGNED,-0.6125,True,True,TRAIN
2025-12-23,HINDZINC.NS,DN,0.6915,0.375,MEDIUM,CONFLICT,2.468,False,False,TRAIN
2025-12-23,CERA.NS,DN,0.691,0.625,HIGH,ALIGNED,-0.9247,True,True,TRAIN
2025-12-23,ENDURANCE.NS,DN,0.689,0.625,HIGH,ALIGNED,-0.5814,True,True,TRAIN
2025-12-23,ADANIGREEN.NS,DN,0.688,0.5,MEDIUM,ALIGNED,-0.1868,True,True,TRAIN
2025-12-24,COFORGE.NS,DN,0.8557,0.75,HIGH,ALIGNED,-3.706,True,True,TRAIN
2025-12-24,IOC.NS,DN,0.8007,0.75,HIGH,ALIGNED,-0.5398,True,True,TRAIN
2025-12-24,EMAMILTD.NS,DN,0.7946,0.75,HIGH,ALIGNED,-0.3871,True,True,TRAIN
2025-12-24,BLUESTARCO.NS,DN,0.7682,0.5,MEDIUM,ALIGNED,-0.7595,True,True,TRAIN
2025-12-24,ENDURANCE.NS,DN,0.7564,0.875,HIGH,ALIGNED,-1.2509,True,True,TRAIN
2025-12-24,BRITANNIA.NS,DN,0.7561,0.75,HIGH,ALIGNED,0.0415,False,False,TRAIN
2025-12-24,CERA.NS,DN,0.7552,0.75,HIGH,ALIGNED,-1.3143,True,True,TRAIN
2025-12-24,NAVINFLUOR.NS,DN,0.7352,0.5,MEDIUM,ALIGNED,-1.6939,True,True,TRAIN
2025-12-24,TATASTEEL.NS,DN,0.7165,0.5,MEDIUM,ALIGNED,-0.5586,True,True,TRAIN
2025-12-24,GODREJPROP.NS,DN,0.7126,0.75,HIGH,ALIGNED,-0.1745,True,True,TRAIN
2025-12-24,SYMPHONY.NS,DN,0.6993,0.375,MEDIUM,CONFLICT,2.0012,False,False,TRAIN
2025-12-24,HINDZINC.NS,DN,0.6968,0.375,MEDIUM,CONFLICT,1.9205,False,False,TRAIN
2025-12-24,TATACOMM.NS,DN,0.6901,0.75,HIGH,ALIGNED,0.35,False,False,TRAIN
2025-12-24,IGL.NS,DN,0.68,0.5,MEDIUM,ALIGNED,-0.1032,True,True,TRAIN
2025-12-24,VEDL.NS,DN,0.6652,0.375,MEDIUM,CONFLICT,0.4681,False,False,TRAIN
2025-12-24,ADANIGREEN.NS,DN,0.6643,0.5,MEDIUM,ALIGNED,0.3054,False,False,TRAIN
2025-12-24,PERSISTENT.NS,DN,0.6635,0.5,MEDIUM,ALIGNED,-0.8186,True,True,TRAIN
2025-12-24,PGHH.NS,DN,0.6624,0.375,MEDIUM,CONFLICT,-0.5529,True,True,TRAIN
2025-12-24,HEROMOTOCO.NS,DN,0.6557,0.625,HIGH,ALIGNED,-1.0792,True,True,TRAIN
2025-12-24,TIINDIA.NS,DN,0.648,0.625,HIGH,ALIGNED,0.1965,False,False,TRAIN
2025-12-26,COFORGE.NS,DN,0.8751,0.75,HIGH,ALIGNED,0.5976,False,False,TRAIN
2025-12-26,BLUESTARCO.NS,DN,0.7985,0.75,HIGH,ALIGNED,-1.8312,True,True,TRAIN
2025-12-26,ENDURANCE.NS,DN,0.7786,0.625,HIGH,ALIGNED,1.2158,False,False,TRAIN
2025-12-26,BSE.NS,DN,0.7647,0.75,HIGH,ALIGNED,-0.7814,True,True,TRAIN
2025-12-26,ERIS.NS,DN,0.7622,0.5,MEDIUM,ALIGNED,-0.0066,True,True,TRAIN
2025-12-26,CLEAN.NS,DN,0.7585,0.75,HIGH,ALIGNED,-1.0173,True,True,TRAIN
2025-12-26,CERA.NS,DN,0.7522,0.875,HIGH,ALIGNED,-0.7721,True,True,TRAIN
2025-12-26,MPHASIS.NS,DN,0.7457,0.875,HIGH,ALIGNED,-1.3436,True,True,TRAIN
2025-12-26,PERSISTENT.NS,DN,0.733,0.625,HIGH,ALIGNED,-1.1428,True,True,TRAIN
2025-12-26,HFCL.NS,DN,0.7316,0.75,HIGH,ALIGNED,5.4986,False,False,TRAIN
2025-12-26,INDIAMART.NS,DN,0.7296,0.75,HIGH,ALIGNED,-0.7626,True,True,TRAIN
2025-12-26,EMAMILTD.NS,DN,0.7194,0.75,HIGH,ALIGNED,3.4,False,False,TRAIN
2025-12-26,IOC.NS,DN,0.7194,0.625,HIGH,ALIGNED,1.048,False,False,TRAIN
2025-12-26,HINDZINC.NS,DN,0.7117,0.375,MEDIUM,CONFLICT,-2.8735,True,True,TRAIN
2025-12-26,PGHH.NS,DN,0.701,0.625,HIGH,ALIGNED,0.7181,False,False,TRAIN
2025-12-26,VEDL.NS,DN,0.6838,0.375,MEDIUM,CONFLICT,-1.3063,True,True,TRAIN
2025-12-26,VOLTAS.NS,DN,0.6836,0.625,HIGH,ALIGNED,-0.0724,True,True,TRAIN
2025-12-26,AUROPHARMA.NS,DN,0.6831,0.625,HIGH,ALIGNED,-0.5057,True,True,TRAIN
2025-12-26,BRITANNIA.NS,DN,0.6802,0.625,HIGH,ALIGNED,0.1492,False,False,TRAIN
2025-12-26,PFIZER.NS,DN,0.6795,0.5,MEDIUM,ALIGNED,-1.8427,True,True,TRAIN
2025-12-29,COFORGE.NS,DN,0.88,0.75,HIGH,ALIGNED,-1.6872,True,True,TRAIN
2025-12-29,ENDURANCE.NS,DN,0.7631,0.75,HIGH,ALIGNED,-0.6432,True,True,TRAIN
2025-12-29,CLEAN.NS,DN,0.7618,0.75,HIGH,ALIGNED,1.6191,False,False,TRAIN
2025-12-29,PFIZER.NS,DN,0.7606,0.75,HIGH,ALIGNED,-0.6574,True,True,TRAIN
2025-12-29,BLUESTARCO.NS,DN,0.7505,0.75,HIGH,ALIGNED,-1.3629,True,True,TRAIN
2025-12-29,CERA.NS,DN,0.7374,0.75,HIGH,ALIGNED,0.3307,False,False,TRAIN
2025-12-29,PERSISTENT.NS,DN,0.7224,0.75,HIGH,ALIGNED,-0.7305,True,True,TRAIN
2025-12-29,MPHASIS.NS,DN,0.7123,0.75,HIGH,ALIGNED,-0.5903,True,True,TRAIN
2025-12-29,MGL.NS,DN,0.7015,0.75,HIGH,ALIGNED,-0.936,True,True,TRAIN
2025-12-29,KPITTECH.NS,DN,0.6985,0.75,HIGH,ALIGNED,-2.2303,True,True,TRAIN
2025-12-29,MRPL.NS,DN,0.697,0.75,HIGH,ALIGNED,-1.6989,True,True,TRAIN
2025-12-29,COROMANDEL.NS,DN,0.6893,0.5,MEDIUM,ALIGNED,-5.3854,True,True,TRAIN
2025-12-29,SUDARSCHEM.NS,DN,0.6872,0.75,HIGH,ALIGNED,-0.5123,True,True,TRAIN
2025-12-29,INTELLECT.NS,DN,0.6865,0.625,HIGH,ALIGNED,-5.2331,True,True,TRAIN
2025-12-29,VEDL.NS,DN,0.6836,0.625,HIGH,ALIGNED,2.0991,False,False,TRAIN
2025-12-29,BSE.NS,DN,0.683,0.75,HIGH,ALIGNED,-1.7996,True,True,TRAIN
2025-12-29,FEDERALBNK.NS,DN,0.6761,0.625,HIGH,ALIGNED,1.7878,False,False,TRAIN
2025-12-29,AUROPHARMA.NS,DN,0.6724,0.75,HIGH,ALIGNED,-1.1499,True,True,TRAIN
2025-12-29,ZENSARTECH.NS,DN,0.6724,0.75,HIGH,ALIGNED,-2.6995,True,True,TRAIN
2025-12-29,ALKYLAMINE.NS,DN,0.6667,0.625,HIGH,ALIGNED,-1.8338,True,True,TRAIN
2025-12-30,IDEAFORGE.NS,DN,0.8759,0.625,HIGH,ALIGNED,0.9257,False,False,TRAIN
2025-12-30,COROMANDEL.NS,DN,0.8644,0.875,HIGH,ALIGNED,1.3369,False,False,TRAIN
2025-12-30,COFORGE.NS,DN,0.851,0.875,HIGH,ALIGNED,0.4895,False,False,TRAIN
2025-12-30,KPITTECH.NS,DN,0.7976,0.75,HIGH,ALIGNED,0.9297,False,False,TRAIN
2025-12-30,PERSISTENT.NS,DN,0.7841,0.875,HIGH,ALIGNED,1.4394,False,False,TRAIN
2025-12-30,COCHINSHIP.NS,DN,0.7732,0.625,HIGH,ALIGNED,0.3531,False,False,TRAIN
2025-12-30,INFY.NS,DN,0.7552,0.875,HIGH,ALIGNED,-0.3823,True,True,TRAIN
2025-12-30,KEI.NS,DN,0.7539,0.75,HIGH,ALIGNED,2.4744,False,False,TRAIN
2025-12-30,STLTECH.NS,DN,0.75,0.625,HIGH,ALIGNED,1.2062,False,False,TRAIN
2025-12-30,IGL.NS,DN,0.7434,0.75,HIGH,ALIGNED,1.6668,False,False,TRAIN
2025-12-30,BSE.NS,DN,0.7427,0.75,HIGH,ALIGNED,1.9837,False,False,TRAIN
2025-12-30,PFIZER.NS,DN,0.7332,0.875,HIGH,ALIGNED,1.2402,False,False,TRAIN
2025-12-30,ZENSARTECH.NS,DN,0.7307,0.75,HIGH,ALIGNED,1.4124,False,False,TRAIN
2025-12-30,MAZDOCK.NS,DN,0.7183,0.875,HIGH,ALIGNED,1.129,False,False,TRAIN
2025-12-30,CERA.NS,DN,0.7168,0.625,HIGH,ALIGNED,1.5025,False,False,TRAIN
2025-12-30,SOLARINDS.NS,DN,0.7154,0.875,HIGH,ALIGNED,1.8623,False,False,TRAIN
2025-12-30,INTELLECT.NS,DN,0.7127,0.75,HIGH,ALIGNED,2.7187,False,False,TRAIN
2025-12-30,SUDARSCHEM.NS,DN,0.712,0.75,HIGH,ALIGNED,1.6736,False,False,TRAIN
2025-12-30,ENDURANCE.NS,DN,0.7039,0.75,HIGH,ALIGNED,1.0023,False,False,TRAIN
2025-12-30,AUROPHARMA.NS,DN,0.6995,0.875,HIGH,ALIGNED,-0.2782,True,True,TRAIN
2025-12-31,RAJESHEXPO.NS,DN,0.9,0.75,HIGH,ALIGNED,-2.7009,True,True,TRAIN
2025-12-31,COROMANDEL.NS,DN,0.8765,0.75,HIGH,ALIGNED,-0.15,True,True,TRAIN
2025-12-31,CENTUM.NS,DN,0.825,0.625,HIGH,ALIGNED,-2.0199,True,True,TRAIN
2025-12-31,POLICYBZR.NS,DN,0.8162,0.75,HIGH,ALIGNED,-1.0846,True,True,TRAIN
2025-12-31,KPITTECH.NS,DN,0.8042,0.75,HIGH,ALIGNED,-0.7932,True,True,TRAIN
2025-12-31,HINDZINC.NS,DN,0.7804,0.625,HIGH,ALIGNED,-0.0816,True,True,TRAIN
2025-12-31,INFY.NS,DN,0.743,0.75,HIGH,ALIGNED,0.8914,False,False,TRAIN
2025-12-31,GRANULES.NS,DN,0.7404,0.75,HIGH,ALIGNED,3.4586,False,False,TRAIN
2025-12-31,COCHINSHIP.NS,DN,0.7353,0.625,HIGH,ALIGNED,0.1543,False,False,TRAIN
2025-12-31,MASTEK.NS,DN,0.7299,0.875,HIGH,ALIGNED,2.906,False,False,TRAIN
2025-12-31,ZENSARTECH.NS,DN,0.7284,0.625,HIGH,ALIGNED,-0.3553,True,True,TRAIN
2025-12-31,CLEAN.NS,DN,0.7233,0.875,HIGH,ALIGNED,-1.9462,True,True,TRAIN
2025-12-31,MAPMYINDIA.NS,DN,0.7119,0.5,MEDIUM,ALIGNED,0.2026,False,False,TRAIN
2025-12-31,MPHASIS.NS,DN,0.7113,0.75,HIGH,ALIGNED,1.3399,False,False,TRAIN
2025-12-31,LTTS.NS,DN,0.711,0.75,HIGH,ALIGNED,-1.8421,True,True,TRAIN
2025-12-31,NAVINFLUOR.NS,DN,0.7034,0.625,HIGH,ALIGNED,0.2111,False,False,TRAIN
2025-12-31,STLTECH.NS,DN,0.7022,0.375,MEDIUM,CONFLICT,-0.6783,True,True,TRAIN
2025-12-31,SOLARINDS.NS,DN,0.6998,0.75,HIGH,ALIGNED,-0.7019,True,True,TRAIN
2025-12-31,WIPRO.NS,DN,0.6974,0.75,HIGH,ALIGNED,1.5459,False,False,TRAIN
2025-12-31,COFORGE.NS,DN,0.6971,0.75,HIGH,ALIGNED,-0.433,True,True,TRAIN
2026-01-01,HINDZINC.NS,DN,0.9088,0.75,HIGH,ALIGNED,2.7535,False,False,TRAIN
2026-01-01,COROMANDEL.NS,DN,0.8706,0.75,HIGH,ALIGNED,0.7556,False,False,TRAIN
2026-01-01,DEEPAKNTR.NS,DN,0.8354,0.75,HIGH,ALIGNED,0.576,False,False,TRAIN
2026-01-01,POLICYBZR.NS,DN,0.8266,0.75,HIGH,ALIGNED,-1.3291,True,True,TRAIN
2026-01-01,CENTUM.NS,DN,0.8088,0.625,HIGH,ALIGNED,-0.9915,True,True,TRAIN
2026-01-01,ITC.NS,DN,0.7917,0.75,HIGH,ALIGNED,-3.7928,True,True,TRAIN
2026-01-01,RADICO.NS,DN,0.7874,0.5,MEDIUM,ALIGNED,-4.908,True,True,TRAIN
2026-01-01,SOLARINDS.NS,DN,0.7779,0.75,HIGH,ALIGNED,1.3973,False,False,TRAIN
2026-01-01,COCHINSHIP.NS,DN,0.7573,0.625,HIGH,ALIGNED,0.3944,False,False,TRAIN
2026-01-01,CLEAN.NS,DN,0.742,0.75,HIGH,ALIGNED,1.2573,False,False,TRAIN
2026-01-01,BEML.NS,DN,0.7394,0.75,HIGH,ALIGNED,0.563,False,False,TRAIN
2026-01-01,KPITTECH.NS,DN,0.7367,0.75,HIGH,ALIGNED,0.3783,False,False,TRAIN
2026-01-01,MAZDOCK.NS,DN,0.709,0.75,HIGH,ALIGNED,0.7187,False,False,TRAIN
2026-01-01,INFY.NS,DN,0.7063,0.625,HIGH,ALIGNED,0.6504,False,False,TRAIN
2026-01-01,INTELLECT.NS,DN,0.706,0.75,HIGH,ALIGNED,1.4244,False,False,TRAIN
2026-01-01,OLECTRA.NS,DN,0.7003,0.5,MEDIUM,ALIGNED,3.948,False,False,TRAIN
2026-01-01,MANAPPURAM.NS,DN,0.6988,0.5,MEDIUM,ALIGNED,-0.9392,True,True,TRAIN
2026-01-01,STLTECH.NS,DN,0.6872,0.625,HIGH,ALIGNED,1.1122,False,False,TRAIN
2026-01-01,LTTS.NS,DN,0.6867,0.625,HIGH,ALIGNED,0.6073,False,False,TRAIN
2026-01-01,CROMPTON.NS,DN,0.6817,0.75,HIGH,ALIGNED,1.1434,False,False,TRAIN
2026-01-02,RVNL.NS,DN,0.9349,0.5,MEDIUM,ALIGNED,-1.3257,True,True,TRAIN
2026-01-02,IRFC.NS,DN,0.9187,0.5,MEDIUM,ALIGNED,-0.6849,True,True,TRAIN
2026-01-02,HINDZINC.NS,DN,0.8893,0.5,MEDIUM,ALIGNED,-0.0318,True,True,TRAIN
2026-01-02,DEEPAKNTR.NS,DN,0.878,0.75,HIGH,ALIGNED,-2.402,True,True,TRAIN
2026-01-02,RADICO.NS,DN,0.8614,0.875,HIGH,ALIGNED,0.3361,False,False,TRAIN
2026-01-02,ITC.NS,DN,0.8222,0.75,HIGH,ALIGNED,-0.1,True,True,TRAIN
2026-01-02,IDEA.NS,DN,0.8217,0.625,HIGH,ALIGNED,-2.9711,True,True,TRAIN
2026-01-02,COROMANDEL.NS,DN,0.8075,0.625,HIGH,ALIGNED,0.8377,False,False,TRAIN
2026-01-02,IRCON.NS,DN,0.8011,0.5,MEDIUM,ALIGNED,-1.2275,True,True,TRAIN
2026-01-02,POLICYBZR.NS,DN,0.7935,0.75,HIGH,ALIGNED,-0.55,True,True,TRAIN
2026-01-02,CASTROLIND.NS,DN,0.7884,0.5,MEDIUM,ALIGNED,0.0731,False,False,TRAIN
2026-01-02,SAPPHIRE.NS,DN,0.7869,0.5,MEDIUM,ALIGNED,-7.1032,True,True,TRAIN
2026-01-02,COCHINSHIP.NS,DN,0.7824,0.5,MEDIUM,ALIGNED,0.0614,False,False,TRAIN
2026-01-02,RAILTEL.NS,DN,0.7819,0.5,MEDIUM,ALIGNED,-1.5951,True,True,TRAIN
2026-01-02,CENTUM.NS,DN,0.7708,0.75,HIGH,ALIGNED,-1.3367,True,True,TRAIN
2026-01-02,PARAS.NS,DN,0.7686,0.5,MEDIUM,ALIGNED,2.7715,False,False,TRAIN
2026-01-02,BEML.NS,DN,0.7373,0.5,MEDIUM,ALIGNED,1.5502,False,False,TRAIN
2026-01-02,MANAPPURAM.NS,DN,0.737,0.625,HIGH,ALIGNED,-1.3016,True,True,TRAIN
2026-01-02,KPITTECH.NS,DN,0.7304,0.625,HIGH,ALIGNED,-1.4217,True,True,TRAIN
2026-01-02,ABBOTINDIA.NS,DN,0.7273,0.875,HIGH,ALIGNED,0.1067,False,False,TRAIN
2026-01-05,RAJESHEXPO.NS,DN,0.8952,0.625,HIGH,ALIGNED,1.8895,False,False,TRAIN
2026-01-05,RVNL.NS,DN,0.89,0.625,HIGH,ALIGNED,-0.7479,True,True,TRAIN
2026-01-05,SAPPHIRE.NS,DN,0.8882,0.875,HIGH,ALIGNED,-2.6912,True,True,TRAIN
2026-01-05,DEEPAKNTR.NS,DN,0.8446,0.625,HIGH,ALIGNED,-2.6647,True,True,TRAIN
2026-01-05,RADICO.NS,DN,0.8355,0.75,HIGH,ALIGNED,0.773,False,False,TRAIN
2026-01-05,MIDHANI.NS,DN,0.8326,0.5,MEDIUM,ALIGNED,-1.3248,True,True,TRAIN
2026-01-05,ITC.NS,DN,0.828,0.875,HIGH,ALIGNED,-2.0732,True,True,TRAIN
2026-01-05,IDEA.NS,DN,0.8148,0.625,HIGH,ALIGNED,1.3998,False,False,TRAIN
2026-01-05,IRFC.NS,DN,0.7916,0.5,MEDIUM,ALIGNED,-0.2978,True,True,TRAIN
2026-01-05,COROMANDEL.NS,DN,0.7751,0.5,MEDIUM,ALIGNED,0.5959,False,False,TRAIN
2026-01-05,IGL.NS,DN,0.7729,0.625,HIGH,ALIGNED,-0.1312,True,True,TRAIN
2026-01-05,M&MFIN.NS,DN,0.7689,0.625,HIGH,ALIGNED,-2.5638,True,True,TRAIN
2026-01-05,IRCTC.NS,DN,0.7679,0.875,HIGH,ALIGNED,-0.6439,True,True,TRAIN
2026-01-05,HINDZINC.NS,DN,0.7677,0.5,MEDIUM,ALIGNED,2.3067,False,False,TRAIN
2026-01-05,CENTUM.NS,DN,0.7495,0.75,HIGH,ALIGNED,-2.0344,True,True,TRAIN
2026-01-05,MANAPPURAM.NS,DN,0.7491,0.75,HIGH,ALIGNED,0.3745,False,False,TRAIN
2026-01-05,POLICYBZR.NS,DN,0.7488,0.75,HIGH,ALIGNED,-1.5914,True,True,TRAIN
2026-01-05,RAILTEL.NS,DN,0.7488,0.75,HIGH,ALIGNED,0.2296,False,False,TRAIN
2026-01-05,LTTS.NS,DN,0.7476,0.75,HIGH,ALIGNED,-2.5747,True,True,TRAIN
2026-01-05,COCHINSHIP.NS,DN,0.7466,0.5,MEDIUM,ALIGNED,-1.5215,True,True,TRAIN
2026-01-06,SAPPHIRE.NS,DN,0.889,0.875,HIGH,ALIGNED,0.5487,False,False,TRAIN
2026-01-06,M&MFIN.NS,DN,0.8727,0.625,HIGH,ALIGNED,-3.8333,True,True,TRAIN
2026-01-06,RVNL.NS,DN,0.8624,0.75,HIGH,ALIGNED,-0.2512,True,True,TRAIN
2026-01-06,RADICO.NS,DN,0.8573,0.625,HIGH,ALIGNED,2.5155,False,False,TRAIN
2026-01-06,ITC.NS,DN,0.8502,0.75,HIGH,ALIGNED,-0.3504,True,True,TRAIN
2026-01-06,IDEA.NS,DN,0.8216,0.75,HIGH,ALIGNED,-1.1217,True,True,TRAIN
2026-01-06,DEEPAKNTR.NS,DN,0.8098,0.75,HIGH,ALIGNED,0.8797,False,False,TRAIN
2026-01-06,IRFC.NS,DN,0.7599,0.5,MEDIUM,ALIGNED,0.6446,False,False,TRAIN
2026-01-06,NMDC.NS,DN,0.7536,0.375,MEDIUM,CONFLICT,2.7304,False,False,TRAIN
2026-01-06,OLECTRA.NS,DN,0.7534,0.75,HIGH,ALIGNED,1.6391,False,False,TRAIN
2026-01-06,MANAPPURAM.NS,DN,0.7486,0.625,HIGH,ALIGNED,3.7794,False,False,TRAIN
2026-01-06,HINDZINC.NS,DN,0.7399,0.375,MEDIUM,CONFLICT,-2.037,True,True,TRAIN
2026-01-06,RAILTEL.NS,DN,0.7396,0.375,MEDIUM,CONFLICT,-0.6199,True,True,TRAIN
2026-01-06,IRCTC.NS,DN,0.7388,0.75,HIGH,ALIGNED,0.2384,False,False,TRAIN
2026-01-06,LTTS.NS,DN,0.7371,0.625,HIGH,ALIGNED,2.0965,False,False,TRAIN
2026-01-06,SHRIRAMFIN.NS,DN,0.7327,0.5,MEDIUM,ALIGNED,-0.6782,True,True,TRAIN
2026-01-06,MGL.NS,DN,0.7273,0.625,HIGH,ALIGNED,-1.1914,True,True,TRAIN
2026-01-06,CENTUM.NS,DN,0.7256,0.75,HIGH,ALIGNED,2.8389,False,False,TRAIN
2026-01-06,NAVINFLUOR.NS,DN,0.7176,0.75,HIGH,ALIGNED,1.4954,False,False,TRAIN
2026-01-06,CASTROLIND.NS,DN,0.7123,0.625,HIGH,ALIGNED,-0.1418,True,True,TRAIN
2026-01-07,SAPPHIRE.NS,DN,0.8796,0.625,HIGH,ALIGNED,-3.3617,True,True,TRAIN
2026-01-07,M&MFIN.NS,DN,0.8718,0.75,HIGH,ALIGNED,-1.375,True,True,TRAIN
2026-01-07,ITC.NS,DN,0.8478,0.75,HIGH,ALIGNED,-0.1026,True,True,TRAIN
2026-01-07,DEEPAKNTR.NS,DN,0.81,0.625,HIGH,ALIGNED,-1.4453,True,True,TRAIN
2026-01-07,RVNL.NS,DN,0.7924,0.625,HIGH,ALIGNED,-4.155,True,True,TRAIN
2026-01-07,IRCON.NS,DN,0.7869,0.75,HIGH,ALIGNED,-4.3062,True,True,TRAIN
2026-01-07,MRPL.NS,DN,0.7845,0.75,HIGH,ALIGNED,-2.8606,True,True,TRAIN
2026-01-07,CRAFTSMAN.NS,DN,0.7788,0.625,HIGH,ALIGNED,-1.7807,True,True,TRAIN
2026-01-07,STLTECH.NS,DN,0.7692,0.75,HIGH,ALIGNED,-2.6894,True,True,TRAIN
2026-01-07,RADICO.NS,DN,0.7648,0.5,MEDIUM,ALIGNED,-3.9878,True,True,TRAIN
2026-01-07,SHRIRAMFIN.NS,DN,0.7633,0.75,HIGH,ALIGNED,-0.2962,True,True,TRAIN
2026-01-07,CASTROLIND.NS,DN,0.7609,0.75,HIGH,ALIGNED,-0.7364,True,True,TRAIN
2026-01-07,SAIL.NS,DN,0.7604,0.375,MEDIUM,CONFLICT,-2.6003,True,True,TRAIN
2026-01-07,GALAXYSURF.NS,DN,0.7369,0.875,HIGH,ALIGNED,-0.7296,True,True,TRAIN
2026-01-07,MOIL.NS,DN,0.731,0.5,MEDIUM,ALIGNED,-7.2739,True,True,TRAIN
2026-01-07,OIL.NS,DN,0.7261,0.625,HIGH,ALIGNED,-2.0196,True,True,TRAIN
2026-01-07,RATEGAIN.NS,DN,0.7248,0.5,MEDIUM,ALIGNED,-1.8586,True,True,TRAIN
2026-01-07,MGL.NS,DN,0.7245,0.75,HIGH,ALIGNED,-0.1696,True,True,TRAIN
2026-01-07,DEEPAKFERT.NS,DN,0.7223,0.75,HIGH,ALIGNED,-1.1579,True,True,TRAIN
2026-01-07,RELIANCE.NS,DN,0.7177,0.875,HIGH,ALIGNED,-2.2337,True,True,TRAIN
2026-01-08,SAPPHIRE.NS,DN,0.882,0.625,HIGH,ALIGNED,0.2033,False,False,TRAIN
2026-01-08,RVNL.NS,DN,0.8609,0.75,HIGH,ALIGNED,-3.0215,True,True,TRAIN
2026-01-08,M&MFIN.NS,DN,0.8422,0.625,HIGH,ALIGNED,-1.8448,True,True,TRAIN
2026-01-08,AJANTPHARM.NS,DN,0.8418,0.625,HIGH,ALIGNED,-2.6,True,True,TRAIN
2026-01-08,MOIL.NS,DN,0.8303,0.875,HIGH,ALIGNED,-3.4132,True,True,TRAIN
2026-01-08,IRCON.NS,DN,0.8253,0.625,HIGH,ALIGNED,-3.5517,True,True,TRAIN
2026-01-08,HFCL.NS,DN,0.8007,0.625,HIGH,ALIGNED,-3.0624,True,True,TRAIN
2026-01-08,JINDALSTEL.NS,DN,0.8007,0.875,HIGH,ALIGNED,-0.3256,True,True,TRAIN
2026-01-08,MRPL.NS,DN,0.7947,0.75,HIGH,ALIGNED,-2.398,True,True,TRAIN
2026-01-08,JINDALPOLY.NS,DN,0.7932,0.75,HIGH,ALIGNED,-1.0262,True,True,TRAIN
2026-01-08,SHRIRAMFIN.NS,DN,0.7904,0.625,HIGH,ALIGNED,-1.7625,True,True,TRAIN
2026-01-08,ZYDUSWELL.NS,DN,0.7895,0.75,HIGH,ALIGNED,-2.1232,True,True,TRAIN
2026-01-08,RATEGAIN.NS,DN,0.7801,0.75,HIGH,ALIGNED,-2.6216,True,True,TRAIN
2026-01-08,SAIL.NS,DN,0.7796,0.75,HIGH,ALIGNED,-0.5394,True,True,TRAIN
2026-01-08,STLTECH.NS,DN,0.7762,0.75,HIGH,ALIGNED,-2.7533,True,True,TRAIN
2026-01-08,RAILTEL.NS,DN,0.7624,0.625,HIGH,ALIGNED,-2.7872,True,True,TRAIN
2026-01-08,MAPMYINDIA.NS,DN,0.7566,0.75,HIGH,ALIGNED,-2.5099,True,True,TRAIN
2026-01-08,SHYAMMETL.NS,DN,0.7541,0.75,HIGH,ALIGNED,-0.081,True,True,TRAIN
2026-01-08,NCC.NS,DN,0.7524,0.75,HIGH,ALIGNED,-2.8114,True,True,TRAIN
2026-01-08,MGL.NS,DN,0.7512,0.75,HIGH,ALIGNED,-0.1132,True,True,TRAIN
2026-01-09,MOIL.NS,DN,0.8524,0.75,HIGH,ALIGNED,0.5494,False,False,TRAIN
2026-01-09,SAPPHIRE.NS,DN,0.8502,0.625,HIGH,ALIGNED,0.1127,False,False,TRAIN
2026-01-09,ZYDUSWELL.NS,DN,0.8357,0.75,HIGH,ALIGNED,-0.798,True,True,TRAIN
2026-01-09,IRCON.NS,DN,0.8355,0.75,HIGH,ALIGNED,0.0122,False,False,TRAIN
2026-01-09,AJANTPHARM.NS,DN,0.8354,0.625,HIGH,ALIGNED,-1.2696,True,True,TRAIN
2026-01-09,CRAFTSMAN.NS,DN,0.8315,0.625,HIGH,ALIGNED,-1.6468,True,True,TRAIN
2026-01-09,SJVN.NS,DN,0.8287,0.75,HIGH,ALIGNED,3.0718,False,False,TRAIN
2026-01-09,M&MFIN.NS,DN,0.8191,0.75,HIGH,ALIGNED,1.4491,False,False,TRAIN
2026-01-09,SUZLON.NS,DN,0.8058,0.75,HIGH,ALIGNED,0.0,False,False,TRAIN
2026-01-09,HFCL.NS,DN,0.7886,0.75,HIGH,ALIGNED,-2.6198,True,True,TRAIN
2026-01-09,RAILTEL.NS,DN,0.7877,0.75,HIGH,ALIGNED,0.0,False,False,TRAIN
2026-01-09,ADANIENSOL.NS,DN,0.7862,0.625,HIGH,ALIGNED,-1.0098,True,True,TRAIN
2026-01-09,MANAPPURAM.NS,DN,0.7816,0.875,HIGH,ALIGNED,2.9211,False,False,TRAIN
2026-01-09,JINDALSTEL.NS,DN,0.7783,0.625,HIGH,ALIGNED,1.2966,False,False,TRAIN
2026-01-09,STLTECH.NS,DN,0.7756,0.75,HIGH,ALIGNED,-1.3092,True,True,TRAIN
2026-01-09,RATEGAIN.NS,DN,0.7626,0.75,HIGH,ALIGNED,-0.6178,True,True,TRAIN
2026-01-09,NCC.NS,DN,0.7599,0.625,HIGH,ALIGNED,-0.1345,True,True,TRAIN
2026-01-09,RVNL.NS,DN,0.7529,0.75,HIGH,ALIGNED,-0.1656,True,True,TRAIN
2026-01-09,JINDALPOLY.NS,DN,0.7374,0.5,MEDIUM,ALIGNED,-1.668,True,True,TRAIN
2026-01-09,OLECTRA.NS,DN,0.7355,0.75,HIGH,ALIGNED,-1.721,True,True,TRAIN
2026-01-12,SJVN.NS,DN,0.8782,0.5,MEDIUM,ALIGNED,-1.3784,True,True,TRAIN
2026-01-12,ZYDUSWELL.NS,DN,0.8682,0.75,HIGH,ALIGNED,0.0567,False,False,TRAIN
2026-01-12,CRAFTSMAN.NS,DN,0.8484,0.625,HIGH,ALIGNED,2.5482,False,False,TRAIN
2026-01-12,MOIL.NS,DN,0.8223,0.625,HIGH,ALIGNED,0.4873,False,False,TRAIN
2026-01-12,IRCON.NS,DN,0.8153,0.625,HIGH,ALIGNED,-0.9281,True,True,TRAIN
2026-01-12,AJANTPHARM.NS,DN,0.8112,0.75,HIGH,ALIGNED,0.0403,False,False,TRAIN
2026-01-12,HFCL.NS,DN,0.801,0.75,HIGH,ALIGNED,-0.8071,True,True,TRAIN
2026-01-12,RATEGAIN.NS,DN,0.782,0.875,HIGH,ALIGNED,1.5655,False,False,TRAIN
2026-01-12,ADANIENSOL.NS,DN,0.7811,0.75,HIGH,ALIGNED,-1.935,True,True,TRAIN
2026-01-12,TEJASNET.NS,DN,0.7799,0.75,HIGH,ALIGNED,-0.5561,True,True,TRAIN
2026-01-12,RVNL.NS,DN,0.7755,0.75,HIGH,ALIGNED,-0.4372,True,True,TRAIN
2026-01-12,AMBER.NS,DN,0.7697,0.75,HIGH,ALIGNED,0.4413,False,False,TRAIN
2026-01-12,SUZLON.NS,DN,0.7694,0.75,HIGH,ALIGNED,-1.0366,True,True,TRAIN
2026-01-12,JINDALPOLY.NS,DN,0.7524,0.625,HIGH,ALIGNED,-3.6447,True,True,TRAIN
2026-01-12,GODREJPROP.NS,DN,0.74,0.75,HIGH,ALIGNED,-2.6932,True,True,TRAIN
2026-01-12,OLECTRA.NS,DN,0.7391,0.75,HIGH,ALIGNED,-0.5896,True,True,TRAIN
2026-01-12,JINDALSTEL.NS,DN,0.7383,0.625,HIGH,ALIGNED,-1.2312,True,True,TRAIN
2026-01-12,JYOTHYLAB.NS,DN,0.7381,0.75,HIGH,ALIGNED,0.1538,False,False,TRAIN
2026-01-12,RAILTEL.NS,DN,0.7301,0.625,HIGH,ALIGNED,-0.9897,True,True,TRAIN
2026-01-12,BOSCHLTD.NS,DN,0.7259,0.625,HIGH,ALIGNED,0.6506,False,False,TRAIN
2026-01-13,HFCL.NS,DN,0.8807,0.75,HIGH,ALIGNED,2.7601,False,False,TRAIN
2026-01-13,MOIL.NS,DN,0.8659,0.625,HIGH,ALIGNED,2.601,False,False,TRAIN
2026-01-13,JINDALPOLY.NS,DN,0.8449,0.75,HIGH,ALIGNED,-1.5939,True,True,TRAIN
2026-01-13,SJVN.NS,DN,0.8383,0.625,HIGH,ALIGNED,-0.894,True,True,TRAIN
2026-01-13,CRAFTSMAN.NS,DN,0.821,0.5,MEDIUM,ALIGNED,2.1271,False,False,TRAIN
2026-01-13,SUZLON.NS,DN,0.82,0.875,HIGH,ALIGNED,0.6572,False,False,TRAIN
2026-01-13,TEJASNET.NS,DN,0.8112,0.875,HIGH,ALIGNED,-1.2517,True,True,TRAIN
2026-01-13,GODREJPROP.NS,DN,0.8037,0.75,HIGH,ALIGNED,-0.3939,True,True,TRAIN
2026-01-13,AMBER.NS,DN,0.8032,0.625,HIGH,ALIGNED,-0.5207,True,True,TRAIN
2026-01-13,RVNL.NS,DN,0.7756,0.75,HIGH,ALIGNED,2.4531,False,False,TRAIN
2026-01-13,JINDALSTEL.NS,DN,0.762,0.75,HIGH,ALIGNED,2.9581,False,False,TRAIN
2026-01-13,ADANIENSOL.NS,DN,0.7556,0.875,HIGH,ALIGNED,-1.0617,True,True,TRAIN
2026-01-13,DLF.NS,DN,0.7461,0.875,HIGH,ALIGNED,-0.2069,True,True,TRAIN
2026-01-13,IRCON.NS,DN,0.7246,0.75,HIGH,ALIGNED,1.6764,False,False,TRAIN
2026-01-13,PRESTIGE.NS,DN,0.718,0.75,HIGH,ALIGNED,-1.1531,True,True,TRAIN
2026-01-13,TORNTPOWER.NS,DN,0.7117,0.625,HIGH,ALIGNED,-0.104,True,True,TRAIN
2026-01-13,RECLTD.NS,DN,0.7111,0.625,HIGH,ALIGNED,0.8177,False,False,TRAIN
2026-01-13,ADANIGREEN.NS,DN,0.711,0.875,HIGH,ALIGNED,-0.1495,True,True,TRAIN
2026-01-13,AJANTPHARM.NS,DN,0.6944,0.625,HIGH,ALIGNED,-0.8863,True,True,TRAIN
2026-01-13,VGUARD.NS,DN,0.689,0.75,HIGH,ALIGNED,-3.2583,True,True,TRAIN
2026-01-14,TEJASNET.NS,DN,0.8613,0.75,HIGH,ALIGNED,0.0,False,False,TRAIN
2026-01-14,HFCL.NS,DN,0.839,0.625,HIGH,ALIGNED,0.0,False,False,TRAIN
2026-01-14,SJVN.NS,DN,0.8269,0.5,MEDIUM,ALIGNED,0.0,False,False,TRAIN
2026-01-14,INTELLECT.NS,DN,0.81,0.75,HIGH,ALIGNED,0.0,False,False,TRAIN
2026-01-14,GODREJPROP.NS,DN,0.8064,0.875,HIGH,ALIGNED,0.0,False,False,TRAIN
2026-01-14,MOIL.NS,DN,0.7987,0.5,MEDIUM,ALIGNED,0.0,False,False,TRAIN
2026-01-14,KALYANKJIL.NS,DN,0.7944,0.875,HIGH,ALIGNED,0.0,False,False,TRAIN
2026-01-14,ADANIENSOL.NS,DN,0.7672,0.75,HIGH,ALIGNED,0.0,False,False,TRAIN
2026-01-14,BOSCHLTD.NS,DN,0.7577,0.625,HIGH,ALIGNED,0.0,False,False,TRAIN
2026-01-14,AMBER.NS,DN,0.7564,0.75,HIGH,ALIGNED,0.0,False,False,TRAIN
2026-01-14,RECLTD.NS,DN,0.744,0.375,MEDIUM,CONFLICT,0.0,False,False,TRAIN
2026-01-14,ADANIGREEN.NS,DN,0.7321,0.75,HIGH,ALIGNED,0.0,False,False,TRAIN
2026-01-14,VGUARD.NS,DN,0.723,0.625,HIGH,ALIGNED,0.0,False,False,TRAIN
2026-01-14,MIDHANI.NS,DN,0.7176,0.5,MEDIUM,ALIGNED,0.0,False,False,TRAIN
2026-01-14,NATCOPHARM.NS,DN,0.7172,0.5,MEDIUM,ALIGNED,0.0,False,False,TRAIN
2026-01-14,DLF.NS,DN,0.7164,0.875,HIGH,ALIGNED,0.0,False,False,TRAIN
2026-01-14,SUZLON.NS,DN,0.7118,0.625,HIGH,ALIGNED,0.0,False,False,TRAIN
2026-01-14,PRESTIGE.NS,DN,0.7037,0.875,HIGH,ALIGNED,0.0,False,False,TRAIN
2026-01-14,JINDALPOLY.NS,DN,0.7025,0.625,HIGH,ALIGNED,0.0,False,False,TRAIN
2026-01-14,LT.NS,DN,0.7005,0.875,HIGH,ALIGNED,0.0,False,False,TRAIN
2026-01-16,TEJASNET.NS,DN,0.8517,0.75,HIGH,ALIGNED,-4.262,True,True,TRAIN
2026-01-16,KALYANKJIL.NS,DN,0.801,0.875,HIGH,ALIGNED,-1.8503,True,True,TRAIN
2026-01-16,SOBHA.NS,DN,0.7971,0.625,HIGH,ALIGNED,-2.2327,True,True,TRAIN
2026-01-16,SOLARINDS.NS,DN,0.7833,0.625,HIGH,ALIGNED,0.7012,False,False,TRAIN
2026-01-16,GODREJPROP.NS,DN,0.7676,0.625,HIGH,ALIGNED,-4.828,True,True,TRAIN
2026-01-16,RATNAMANI.NS,DN,0.7454,0.75,HIGH,ALIGNED,1.5884,False,False,TRAIN
2026-01-16,ERIS.NS,DN,0.7432,0.625,HIGH,ALIGNED,-0.6126,True,True,TRAIN
2026-01-16,RADICO.NS,DN,0.7407,0.625,HIGH,ALIGNED,-1.854,True,True,TRAIN
2026-01-16,IDEA.NS,DN,0.732,0.5,MEDIUM,ALIGNED,-2.1257,True,True,TRAIN
2026-01-16,JINDALPOLY.NS,DN,0.731,0.625,HIGH,ALIGNED,-0.2397,True,True,TRAIN
2026-01-16,NATCOPHARM.NS,DN,0.7273,0.75,HIGH,ALIGNED,-1.5883,True,True,TRAIN
2026-01-16,SUDARSCHEM.NS,DN,0.7241,0.625,HIGH,ALIGNED,-1.3465,True,True,TRAIN
2026-01-16,CESC.NS,DN,0.7224,0.875,HIGH,ALIGNED,-2.2603,True,True,TRAIN
2026-01-16,LTTS.NS,DN,0.7198,0.75,HIGH,ALIGNED,-1.2024,True,True,TRAIN
2026-01-16,AJANTPHARM.NS,DN,0.7093,0.75,HIGH,ALIGNED,0.1753,False,False,TRAIN
2026-01-16,DIVISLAB.NS,DN,0.708,0.625,HIGH,ALIGNED,-1.5394,True,True,TRAIN
2026-01-16,BOSCHLTD.NS,DN,0.6983,0.625,HIGH,ALIGNED,-0.8823,True,True,TRAIN
2026-01-16,POLYCAB.NS,DN,0.6902,0.875,HIGH,ALIGNED,4.1634,False,False,TRAIN
2026-01-16,CIPLA.NS,DN,0.6837,0.75,HIGH,ALIGNED,-0.3721,True,True,TRAIN
2026-01-16,LT.NS,DN,0.6807,0.875,HIGH,ALIGNED,0.3475,False,False,TRAIN
2026-01-19,IDEA.NS,DN,0.8604,0.75,HIGH,ALIGNED,-4.3437,True,True,TRAIN
2026-01-19,KALYANKJIL.NS,DN,0.8466,0.75,HIGH,ALIGNED,-1.6127,True,True,TRAIN
2026-01-19,WIPRO.NS,DN,0.8405,0.75,HIGH,ALIGNED,-2.4598,True,True,TRAIN
2026-01-19,SOBHA.NS,DN,0.8236,0.875,HIGH,ALIGNED,-8.6124,True,True,TRAIN
2026-01-19,SJVN.NS,DN,0.7718,0.625,HIGH,ALIGNED,-3.6366,True,True,TRAIN
2026-01-19,CESC.NS,DN,0.7689,0.75,HIGH,ALIGNED,-3.2915,True,True,TRAIN
2026-01-19,GODREJPROP.NS,DN,0.7291,0.625,HIGH,ALIGNED,-5.7348,True,True,TRAIN
2026-01-19,LTTS.NS,DN,0.7233,0.75,HIGH,ALIGNED,-1.1395,True,True,TRAIN
2026-01-19,JINDALPOLY.NS,DN,0.7095,0.625,HIGH,ALIGNED,-3.7941,True,True,TRAIN
2026-01-19,ERIS.NS,DN,0.7073,0.75,HIGH,ALIGNED,-4.2659,True,True,TRAIN
2026-01-19,VOLTAS.NS,DN,0.7019,0.75,HIGH,ALIGNED,-5.2989,True,True,TRAIN
2026-01-19,SOLARINDS.NS,DN,0.6995,0.375,MEDIUM,CONFLICT,-2.5455,True,True,TRAIN
2026-01-19,SUDARSCHEM.NS,DN,0.6973,0.625,HIGH,ALIGNED,1.9958,False,False,TRAIN
2026-01-19,PETRONET.NS,DN,0.6937,0.75,HIGH,ALIGNED,-2.2496,True,True,TRAIN
2026-01-19,CIPLA.NS,DN,0.6837,0.625,HIGH,ALIGNED,-0.9983,True,True,TRAIN
2026-01-19,METROBRAND.NS,DN,0.6784,0.5,MEDIUM,ALIGNED,-3.6301,True,True,TRAIN
2026-01-19,DIVISLAB.NS,DN,0.6782,0.625,HIGH,ALIGNED,-2.0684,True,True,TRAIN
2026-01-19,POLYCAB.NS,DN,0.674,0.625,HIGH,ALIGNED,-4.6306,True,True,TRAIN
2026-01-19,RADICO.NS,DN,0.6723,0.625,HIGH,ALIGNED,-2.9604,True,True,TRAIN
2026-01-19,BOSCHLTD.NS,DN,0.6711,0.625,HIGH,ALIGNED,-2.5609,True,True,TRAIN
2026-01-20,SOBHA.NS,DN,0.8837,0.75,HIGH,ALIGNED,-0.938,True,True,TRAIN
2026-01-20,WIPRO.NS,DN,0.832,0.75,HIGH,ALIGNED,-0.1459,True,True,TRAIN
2026-01-20,KALYANKJIL.NS,DN,0.831,0.75,HIGH,ALIGNED,-12.1608,True,True,TRAIN
2026-01-20,SJVN.NS,DN,0.8022,0.625,HIGH,ALIGNED,-0.6127,True,True,TRAIN
2026-01-20,ONMOBILE.NS,DN,0.7863,0.75,HIGH,ALIGNED,-3.3178,True,True,TRAIN
2026-01-20,CROMPTON.NS,DN,0.7548,0.75,HIGH,ALIGNED,-0.5779,True,True,TRAIN
2026-01-20,DATAPATTNS.NS,DN,0.75,0.75,HIGH,ALIGNED,-1.5951,True,True,TRAIN
2026-01-20,YESBANK.NS,DN,0.745,0.875,HIGH,ALIGNED,-0.1843,True,True,TRAIN
2026-01-20,CESC.NS,DN,0.7392,0.75,HIGH,ALIGNED,-1.413,True,True,TRAIN
2026-01-20,ALKYLAMINE.NS,DN,0.7375,0.75,HIGH,ALIGNED,3.0129,False,False,TRAIN
2026-01-20,POLYCAB.NS,DN,0.7365,0.875,HIGH,ALIGNED,-1.4065,True,True,TRAIN
2026-01-20,VOLTAS.NS,DN,0.7349,0.625,HIGH,ALIGNED,-2.5447,True,True,TRAIN
2026-01-20,OIL.NS,DN,0.7341,0.625,HIGH,ALIGNED,1.0606,False,False,TRAIN
2026-01-20,SAPPHIRE.NS,DN,0.7221,0.625,HIGH,ALIGNED,-1.901,True,True,TRAIN
2026-01-20,BSE.NS,DN,0.7219,0.75,HIGH,ALIGNED,-0.9271,True,True,TRAIN
2026-01-20,BOSCHLTD.NS,DN,0.7216,0.75,HIGH,ALIGNED,-1.2509,True,True,TRAIN
2026-01-20,LTTS.NS,DN,0.7192,0.5,MEDIUM,ALIGNED,1.9028,False,False,TRAIN
2026-01-20,IDEAFORGE.NS,DN,0.7149,0.625,HIGH,ALIGNED,-0.4489,True,True,TRAIN
2026-01-20,GODREJPROP.NS,DN,0.6995,0.625,HIGH,ALIGNED,-2.9681,True,True,TRAIN
2026-01-20,SUNPHARMA.NS,DN,0.6969,0.875,HIGH,ALIGNED,-0.0558,True,True,TRAIN
2026-01-21,KALYANKJIL.NS,DN,0.8831,0.75,HIGH,ALIGNED,-5.8,True,True,TRAIN
2026-01-21,SOBHA.NS,DN,0.8758,0.875,HIGH,ALIGNED,-0.5992,True,True,TRAIN
2026-01-21,ONMOBILE.NS,DN,0.8471,0.75,HIGH,ALIGNED,2.0068,False,False,TRAIN
2026-01-21,SJVN.NS,DN,0.8147,0.75,HIGH,ALIGNED,1.6113,False,False,TRAIN
2026-01-21,SRF.NS,DN,0.7961,0.75,HIGH,ALIGNED,2.204,False,False,TRAIN
2026-01-21,LAURUSLABS.NS,DN,0.7918,0.75,HIGH,ALIGNED,1.8119,False,False,TRAIN
2026-01-21,HAVELLS.NS,DN,0.7737,0.75,HIGH,ALIGNED,-0.3191,True,True,TRAIN
2026-01-21,DATAPATTNS.NS,DN,0.7691,0.75,HIGH,ALIGNED,3.5535,False,False,TRAIN
2026-01-21,WIPRO.NS,DN,0.7662,0.75,HIGH,ALIGNED,0.4592,False,False,TRAIN
2026-01-21,UNIONBANK.NS,DN,0.7576,0.75,HIGH,ALIGNED,1.3394,False,False,TRAIN
2026-01-21,BSE.NS,DN,0.7531,0.75,HIGH,ALIGNED,3.0356,False,False,TRAIN
2026-01-21,KEI.NS,DN,0.7481,0.75,HIGH,ALIGNED,-2.3075,True,True,TRAIN
2026-01-21,OIL.NS,DN,0.7461,0.625,HIGH,ALIGNED,0.6689,False,False,TRAIN
2026-01-21,CROMPTON.NS,DN,0.7394,0.875,HIGH,ALIGNED,-1.1195,True,True,TRAIN
2026-01-21,GODREJPROP.NS,DN,0.7278,0.625,HIGH,ALIGNED,-1.4595,True,True,TRAIN
2026-01-21,GRANULES.NS,DN,0.7271,0.625,HIGH,ALIGNED,6.2785,False,False,TRAIN
2026-01-21,VOLTAS.NS,DN,0.7256,0.75,HIGH,ALIGNED,0.2247,False,False,TRAIN
2026-01-21,YESBANK.NS,DN,0.7246,0.75,HIGH,ALIGNED,-0.1385,True,True,TRAIN
2026-01-21,MRPL.NS,DN,0.7111,0.5,MEDIUM,ALIGNED,1.3998,False,False,TRAIN
2026-01-21,SAPPHIRE.NS,DN,0.7053,0.625,HIGH,ALIGNED,-3.7019,True,True,TRAIN
2026-01-22,KALYANKJIL.NS,DN,0.8901,0.75,HIGH,ALIGNED,-1.6999,True,True,TRAIN
2026-01-22,SOBHA.NS,DN,0.8826,0.75,HIGH,ALIGNED,2.8355,False,False,TRAIN
2026-01-22,ONMOBILE.NS,DN,0.8355,0.625,HIGH,ALIGNED,-3.856,True,True,TRAIN
2026-01-22,LAURUSLABS.NS,DN,0.7961,0.75,HIGH,ALIGNED,1.0539,False,False,TRAIN
2026-01-22,GODREJPROP.NS,DN,0.7942,0.75,HIGH,ALIGNED,-4.8877,True,True,TRAIN
2026-01-22,KEI.NS,DN,0.7918,0.75,HIGH,ALIGNED,-1.0706,True,True,TRAIN
2026-01-22,DATAPATTNS.NS,DN,0.7865,0.75,HIGH,ALIGNED,-4.8356,True,True,TRAIN
2026-01-22,OIL.NS,DN,0.785,0.625,HIGH,ALIGNED,-0.1718,True,True,TRAIN
2026-01-22,SRF.NS,DN,0.7843,0.75,HIGH,ALIGNED,-0.8114,True,True,TRAIN
2026-01-22,RBLBANK.NS,DN,0.78,0.75,HIGH,ALIGNED,-2.5658,True,True,TRAIN
2026-01-22,WIPRO.NS,DN,0.7787,0.75,HIGH,ALIGNED,-0.935,True,True,TRAIN
2026-01-22,HAVELLS.NS,DN,0.778,0.75,HIGH,ALIGNED,-1.8905,True,True,TRAIN
2026-01-22,TATACOMM.NS,DN,0.7604,0.75,HIGH,ALIGNED,0.7946,False,False,TRAIN
2026-01-22,NATCOPHARM.NS,DN,0.7594,0.75,HIGH,ALIGNED,-0.3354,True,True,TRAIN
2026-01-22,UNIONBANK.NS,DN,0.7538,0.625,HIGH,ALIGNED,-1.15,True,True,TRAIN
2026-01-22,YESBANK.NS,DN,0.7478,0.75,HIGH,ALIGNED,-3.2825,True,True,TRAIN
2026-01-22,BSE.NS,DN,0.7436,0.625,HIGH,ALIGNED,-0.8565,True,True,TRAIN
2026-01-22,PNBHOUSING.NS,DN,0.7309,0.75,HIGH,ALIGNED,-5.5623,True,True,TRAIN
2026-01-22,CROMPTON.NS,DN,0.7275,0.75,HIGH,ALIGNED,-1.8942,True,True,TRAIN
2026-01-22,SAPPHIRE.NS,DN,0.7167,0.625,HIGH,ALIGNED,-4.5924,True,True,TRAIN
2026-01-23,KALYANKJIL.NS,DN,0.8777,0.625,HIGH,ALIGNED,0.463,False,False,TRAIN
2026-01-23,ADANIGREEN.NS,DN,0.8726,0.75,HIGH,ALIGNED,3.4032,False,False,TRAIN
2026-01-23,GODREJPROP.NS,DN,0.8595,0.75,HIGH,ALIGNED,-1.5118,True,True,TRAIN
2026-01-23,RBLBANK.NS,DN,0.8532,0.625,HIGH,ALIGNED,2.3389,False,False,TRAIN
2026-01-23,ONMOBILE.NS,DN,0.8461,0.75,HIGH,ALIGNED,-2.8238,True,True,TRAIN
2026-01-23,KEI.NS,DN,0.8199,0.75,HIGH,ALIGNED,-0.0525,True,True,TRAIN
2026-01-23,SOBHA.NS,DN,0.8092,0.5,MEDIUM,ALIGNED,-0.8757,True,True,TRAIN
2026-01-23,WIPRO.NS,DN,0.7981,0.75,HIGH,ALIGNED,-1.5101,True,True,TRAIN
2026-01-23,PNBHOUSING.NS,DN,0.7959,0.75,HIGH,ALIGNED,1.6002,False,False,TRAIN
2026-01-23,TEJASNET.NS,DN,0.7837,0.625,HIGH,ALIGNED,-2.5983,True,True,TRAIN
2026-01-23,SRF.NS,DN,0.783,0.625,HIGH,ALIGNED,-1.1608,True,True,TRAIN
2026-01-23,DATAPATTNS.NS,DN,0.7799,0.75,HIGH,ALIGNED,5.2646,False,False,TRAIN
2026-01-23,MANAPPURAM.NS,DN,0.7796,0.75,HIGH,ALIGNED,0.1187,False,False,TRAIN
2026-01-23,YESBANK.NS,DN,0.7735,0.625,HIGH,ALIGNED,0.478,False,False,TRAIN
2026-01-23,HAVELLS.NS,DN,0.7672,0.625,HIGH,ALIGNED,0.1476,False,False,TRAIN
2026-01-23,TATACOMM.NS,DN,0.7672,0.75,HIGH,ALIGNED,-0.2564,True,True,TRAIN
2026-01-23,ADANIENSOL.NS,DN,0.7282,0.75,HIGH,ALIGNED,4.4789,False,False,TRAIN
2026-01-23,ADANIPORTS.NS,DN,0.725,0.75,HIGH,ALIGNED,4.2418,False,False,TRAIN
2026-01-23,DLF.NS,DN,0.7223,0.75,HIGH,ALIGNED,3.5857,False,False,TRAIN
2026-01-23,IDEAFORGE.NS,DN,0.7112,0.75,HIGH,ALIGNED,1.5699,False,False,TRAIN
2026-01-27,KALYANKJIL.NS,DN,0.88,0.75,HIGH,ALIGNED,-0.2575,True,True,TRAIN
2026-01-27,TEJASNET.NS,DN,0.8661,0.625,HIGH,ALIGNED,14.4859,False,False,TRAIN
2026-01-27,ADANIGREEN.NS,DN,0.8587,0.75,HIGH,ALIGNED,2.9784,False,False,TRAIN
2026-01-27,GODREJPROP.NS,DN,0.8536,0.75,HIGH,ALIGNED,2.1345,False,False,TRAIN
2026-01-27,ONMOBILE.NS,DN,0.838,0.75,HIGH,ALIGNED,3.3902,False,False,TRAIN
2026-01-27,MASTEK.NS,DN,0.8252,0.625,HIGH,ALIGNED,1.8327,False,False,TRAIN
2026-01-27,KEI.NS,DN,0.8221,0.875,HIGH,ALIGNED,1.9421,False,False,TRAIN
2026-01-27,TATACOMM.NS,DN,0.8089,0.75,HIGH,ALIGNED,-1.7221,True,True,TRAIN
2026-01-27,PNBHOUSING.NS,DN,0.8079,0.625,HIGH,ALIGNED,2.4412,False,False,TRAIN
2026-01-27,MANAPPURAM.NS,DN,0.7978,0.75,HIGH,ALIGNED,-1.1522,True,True,TRAIN
2026-01-27,LAURUSLABS.NS,DN,0.7728,0.75,HIGH,ALIGNED,-0.12,True,True,TRAIN
2026-01-27,ENDURANCE.NS,DN,0.7651,0.75,HIGH,ALIGNED,2.6006,False,False,TRAIN
2026-01-27,PRESTIGE.NS,DN,0.7471,0.875,HIGH,ALIGNED,2.1552,False,False,TRAIN
2026-01-27,HAVELLS.NS,DN,0.7459,0.75,HIGH,ALIGNED,-0.1629,True,True,TRAIN
2026-01-27,SOBHA.NS,DN,0.7452,0.625,HIGH,ALIGNED,3.3876,False,False,TRAIN
2026-01-27,JSWENERGY.NS,DN,0.7293,0.75,HIGH,ALIGNED,1.4089,False,False,TRAIN
2026-01-27,WELCORP.NS,DN,0.7216,0.625,HIGH,ALIGNED,3.6365,False,False,TRAIN
2026-01-27,POLYCAB.NS,DN,0.7207,0.625,HIGH,ALIGNED,2.3943,False,False,TRAIN
2026-01-27,BIKAJI.NS,DN,0.7156,0.75,HIGH,ALIGNED,2.2085,False,False,TRAIN
2026-01-27,ZENSARTECH.NS,DN,0.7089,0.75,HIGH,ALIGNED,1.9556,False,False,TRAIN
2026-01-28,TATACOMM.NS,DN,0.8588,0.75,HIGH,ALIGNED,-0.0523,True,True,TRAIN
2026-01-28,KALYANKJIL.NS,DN,0.839,0.75,HIGH,ALIGNED,0.1223,False,False,TRAIN
2026-01-28,ADANIGREEN.NS,DN,0.8388,0.75,HIGH,ALIGNED,4.3626,False,False,TRAIN
2026-01-28,BIKAJI.NS,DN,0.8034,0.75,HIGH,ALIGNED,-0.272,True,True,TRAIN
2026-01-28,PNBHOUSING.NS,DN,0.7917,0.625,HIGH,ALIGNED,-0.479,True,True,TRAIN
2026-01-28,LAURUSLABS.NS,DN,0.7793,0.75,HIGH,ALIGNED,-2.5726,True,True,TRAIN
2026-01-28,GODREJPROP.NS,DN,0.7693,0.625,HIGH,ALIGNED,1.045,False,False,TRAIN
2026-01-28,ASIANPAINT.NS,DN,0.7602,0.625,HIGH,ALIGNED,-3.814,True,True,TRAIN
2026-01-28,KEI.NS,DN,0.75,0.5,MEDIUM,ALIGNED,3.2533,False,False,TRAIN
2026-01-28,JSWENERGY.NS,DN,0.7437,0.875,HIGH,ALIGNED,2.8571,False,False,TRAIN
2026-01-28,RATEGAIN.NS,DN,0.7378,0.625,HIGH,ALIGNED,-2.4454,True,True,TRAIN
2026-01-28,MANAPPURAM.NS,DN,0.7344,0.75,HIGH,ALIGNED,1.7827,False,False,TRAIN
2026-01-28,ONMOBILE.NS,DN,0.7183,0.625,HIGH,ALIGNED,-1.6904,True,True,TRAIN
2026-01-28,AMBER.NS,DN,0.7156,0.75,HIGH,ALIGNED,-1.1934,True,True,TRAIN
2026-01-28,ZENSARTECH.NS,DN,0.7112,0.75,HIGH,ALIGNED,-2.8553,True,True,TRAIN
2026-01-28,ENDURANCE.NS,DN,0.7049,0.5,MEDIUM,ALIGNED,-1.1483,True,True,TRAIN
2026-01-28,PNB.NS,DN,0.6972,0.75,HIGH,ALIGNED,0.6024,False,False,TRAIN
2026-01-28,TATACONSUM.NS,DN,0.6946,0.75,HIGH,ALIGNED,-2.1735,True,True,TRAIN
2026-01-28,HINDZINC.NS,DN,0.6861,0.625,HIGH,ALIGNED,0.9884,False,False,TRAIN
2026-01-28,WELCORP.NS,DN,0.6807,0.625,HIGH,ALIGNED,-0.6617,True,True,TRAIN
2026-01-29,ASIANPAINT.NS,DN,0.8466,0.75,HIGH,ALIGNED,0.5091,False,False,TRAIN
2026-01-29,MASTEK.NS,DN,0.8388,0.5,MEDIUM,ALIGNED,1.1091,False,False,TRAIN
2026-01-29,INDIAMART.NS,DN,0.8289,0.75,HIGH,ALIGNED,1.2228,False,False,TRAIN
2026-01-29,NOCIL.NS,DN,0.7879,0.625,HIGH,ALIGNED,3.134,False,False,TRAIN
2026-01-29,RATEGAIN.NS,DN,0.7731,0.625,HIGH,ALIGNED,6.1844,False,False,TRAIN
2026-01-29,TATACOMM.NS,DN,0.7701,0.625,HIGH,ALIGNED,2.7411,False,False,TRAIN
2026-01-29,ZENSARTECH.NS,DN,0.7667,0.625,HIGH,ALIGNED,-2.7447,True,True,TRAIN
2026-01-29,PNBHOUSING.NS,DN,0.749,0.625,HIGH,ALIGNED,-2.2698,True,True,TRAIN
2026-01-29,RADICO.NS,DN,0.7473,0.875,HIGH,ALIGNED,4.694,False,False,TRAIN
2026-01-29,TATACONSUM.NS,DN,0.7354,0.75,HIGH,ALIGNED,2.4115,False,False,TRAIN
2026-01-29,M&M.NS,DN,0.7299,0.875,HIGH,ALIGNED,1.4005,False,False,TRAIN
2026-01-29,HINDZINC.NS,DN,0.7255,0.5,MEDIUM,ALIGNED,-12.1225,True,True,TRAIN
2026-01-29,ENDURANCE.NS,DN,0.7223,0.5,MEDIUM,ALIGNED,2.5134,False,False,TRAIN
2026-01-29,SUDARSCHEM.NS,DN,0.7131,0.75,HIGH,ALIGNED,3.5563,False,False,TRAIN
2026-01-29,SUNDRMFAST.NS,DN,0.7066,0.75,HIGH,ALIGNED,6.4722,False,False,TRAIN
2026-01-29,GODREJCP.NS,DN,0.7027,0.875,HIGH,ALIGNED,-0.1039,True,True,TRAIN
2026-01-29,ADANIGREEN.NS,DN,0.7024,0.5,MEDIUM,ALIGNED,-0.7569,True,True,TRAIN
2026-01-29,METROBRAND.NS,DN,0.7005,0.625,HIGH,ALIGNED,2.5078,False,False,TRAIN
2026-01-29,MARUTI.NS,DN,0.6961,0.875,HIGH,ALIGNED,0.6689,False,False,TRAIN
2026-01-29,JSWENERGY.NS,DN,0.6908,0.625,HIGH,ALIGNED,0.1743,False,False,TRAIN
2026-01-30,HINDZINC.NS,DN,0.8784,0.875,HIGH,ALIGNED,-2.9276,True,True,TRAIN
2026-01-30,DEEPAKFERT.NS,DN,0.851,0.75,HIGH,ALIGNED,-8.1644,True,True,TRAIN
2026-01-30,ASIANPAINT.NS,DN,0.8358,0.75,HIGH,ALIGNED,-1.0831,True,True,TRAIN
2026-01-30,RATEGAIN.NS,DN,0.7969,0.625,HIGH,ALIGNED,4.264,False,False,TRAIN
2026-01-30,ADANIGREEN.NS,DN,0.7887,0.625,HIGH,ALIGNED,-0.9797,True,True,TRAIN
2026-01-30,MASTEK.NS,DN,0.7837,0.5,MEDIUM,ALIGNED,0.9312,False,False,TRAIN
2026-01-30,RADICO.NS,DN,0.7774,0.625,HIGH,ALIGNED,-2.6484,True,True,TRAIN
2026-01-30,JSWENERGY.NS,DN,0.7596,0.625,HIGH,ALIGNED,-1.8051,True,True,TRAIN
2026-01-30,ADANIENSOL.NS,DN,0.7567,0.625,HIGH,ALIGNED,-1.1399,True,True,TRAIN
2026-01-30,ZENSARTECH.NS,DN,0.7365,0.75,HIGH,ALIGNED,3.3682,False,False,TRAIN
2026-01-30,GODREJCP.NS,DN,0.7296,0.875,HIGH,ALIGNED,1.3864,False,False,TRAIN
2026-01-30,CANBK.NS,DN,0.7281,0.875,HIGH,ALIGNED,-0.6444,True,True,TRAIN
2026-01-30,CRAFTSMAN.NS,DN,0.7264,0.75,HIGH,ALIGNED,2.3849,False,False,TRAIN
2026-01-30,WELCORP.NS,DN,0.7212,0.75,HIGH,ALIGNED,3.531,False,False,TRAIN
2026-01-30,POLICYBZR.NS,DN,0.72,0.625,HIGH,ALIGNED,-5.5122,True,True,TRAIN
2026-01-30,M&M.NS,DN,0.7038,0.625,HIGH,ALIGNED,0.915,False,False,TRAIN
2026-01-30,INDIAMART.NS,DN,0.6992,0.375,MEDIUM,CONFLICT,0.3724,False,False,TRAIN
2026-01-30,ONMOBILE.NS,DN,0.6853,0.625,HIGH,ALIGNED,0.1467,False,False,TRAIN
2026-01-30,BIKAJI.NS,DN,0.6834,0.5,MEDIUM,ALIGNED,-0.3344,True,True,TRAIN
2026-01-30,MPHASIS.NS,DN,0.6784,0.75,HIGH,ALIGNED,0.087,False,False,TRAIN
2026-02-02,HINDZINC.NS,DN,0.8961,0.875,HIGH,ALIGNED,2.9749,False,False,TRAIN
2026-02-02,DEEPAKFERT.NS,DN,0.8824,0.75,HIGH,ALIGNED,5.0846,False,False,TRAIN
2026-02-02,MUTHOOTFIN.NS,DN,0.8297,0.75,HIGH,ALIGNED,2.5204,False,False,TRAIN
2026-02-02,POLICYBZR.NS,DN,0.8193,0.75,HIGH,ALIGNED,-6.4735,True,True,TRAIN
2026-02-02,VEDL.NS,DN,0.817,0.875,HIGH,ALIGNED,2.2705,False,False,TRAIN
2026-02-02,ASIANPAINT.NS,DN,0.8053,0.625,HIGH,ALIGNED,0.9992,False,False,TRAIN
2026-02-02,BDL.NS,DN,0.7877,0.625,HIGH,ALIGNED,-0.6108,True,True,TRAIN
2026-02-02,CLEAN.NS,DN,0.7877,0.75,HIGH,ALIGNED,2.7948,False,False,TRAIN
2026-02-02,BANKBARODA.NS,DN,0.765,0.75,HIGH,ALIGNED,2.8098,False,False,TRAIN
2026-02-02,NATIONALUM.NS,DN,0.7484,0.875,HIGH,ALIGNED,0.3111,False,False,TRAIN
2026-02-02,DRREDDY.NS,DN,0.7444,0.75,HIGH,ALIGNED,4.4736,False,False,TRAIN
2026-02-02,RADICO.NS,DN,0.744,0.625,HIGH,ALIGNED,0.5303,False,False,TRAIN
2026-02-02,SHRIRAMFIN.NS,DN,0.7403,0.875,HIGH,ALIGNED,3.9809,False,False,TRAIN
2026-02-02,HINDALCO.NS,DN,0.7316,0.875,HIGH,ALIGNED,2.6652,False,False,TRAIN
2026-02-02,GRANULES.NS,DN,0.7034,0.625,HIGH,ALIGNED,3.437,False,False,TRAIN
2026-02-02,UNIONBANK.NS,DN,0.6936,0.5,MEDIUM,ALIGNED,1.9167,False,False,TRAIN
2026-02-02,JSWENERGY.NS,DN,0.6925,0.625,HIGH,ALIGNED,1.6944,False,False,TRAIN
2026-02-02,MARUTI.NS,DN,0.6826,0.75,HIGH,ALIGNED,2.767,False,False,TRAIN
2026-02-02,GODREJCP.NS,DN,0.6809,0.75,HIGH,ALIGNED,-2.0255,True,True,TRAIN
2026-02-02,KPITTECH.NS,DN,0.6795,0.75,HIGH,ALIGNED,-0.8713,True,True,TRAIN
2026-02-03,HINDZINC.NS,DN,0.8966,0.625,HIGH,ALIGNED,1.7509,False,False,TRAIN
2026-02-03,DEEPAKFERT.NS,DN,0.8763,0.75,HIGH,ALIGNED,2.4831,False,False,TRAIN
2026-02-03,VEDL.NS,DN,0.8693,0.625,HIGH,ALIGNED,1.7983,False,False,TRAIN
2026-02-03,BDL.NS,DN,0.8676,0.875,HIGH,ALIGNED,-1.0697,True,True,TRAIN
2026-02-03,NATIONALUM.NS,DN,0.8658,1.0,HIGH,ALIGNED,1.0921,False,False,TRAIN
2026-02-03,MUTHOOTFIN.NS,DN,0.8415,0.75,HIGH,ALIGNED,2.6902,False,False,TRAIN
2026-02-03,POLICYBZR.NS,DN,0.8176,0.75,HIGH,ALIGNED,-1.5184,True,True,TRAIN
2026-02-03,BANKBARODA.NS,DN,0.7908,0.75,HIGH,ALIGNED,1.9096,False,False,TRAIN
2026-02-03,CLEAN.NS,DN,0.7792,0.625,HIGH,ALIGNED,-2.5181,True,True,TRAIN
2026-02-03,ASIANPAINT.NS,DN,0.7703,0.75,HIGH,ALIGNED,1.1006,False,False,TRAIN
2026-02-03,UNIONBANK.NS,DN,0.7573,0.625,HIGH,ALIGNED,0.9747,False,False,TRAIN
2026-02-03,CANBK.NS,DN,0.7454,0.875,HIGH,ALIGNED,0.1086,False,False,TRAIN
2026-02-03,HINDALCO.NS,DN,0.7449,0.75,HIGH,ALIGNED,1.0102,False,False,TRAIN
2026-02-03,MOIL.NS,DN,0.7425,0.75,HIGH,ALIGNED,0.8491,False,False,TRAIN
2026-02-03,METROBRAND.NS,DN,0.7287,0.625,HIGH,ALIGNED,-0.3681,True,True,TRAIN
2026-02-03,GRANULES.NS,DN,0.7229,0.625,HIGH,ALIGNED,1.9063,False,False,TRAIN
2026-02-03,COCHINSHIP.NS,DN,0.7193,0.875,HIGH,ALIGNED,-0.4176,True,True,TRAIN
2026-02-03,DRREDDY.NS,DN,0.7099,0.375,MEDIUM,CONFLICT,0.3885,False,False,TRAIN
2026-02-03,TATASTEEL.NS,DN,0.705,0.5,MEDIUM,ALIGNED,1.2803,False,False,TRAIN
2026-02-03,FEDERALBNK.NS,DN,0.7048,0.625,HIGH,ALIGNED,0.6655,False,False,TRAIN
2026-02-04,BDL.NS,DN,0.88,0.75,HIGH,ALIGNED,-2.3543,True,True,TRAIN
2026-02-04,NATIONALUM.NS,DN,0.8768,0.75,HIGH,ALIGNED,-2.9475,True,True,TRAIN
2026-02-04,HINDZINC.NS,DN,0.8708,0.375,MEDIUM,CONFLICT,-4.4505,True,True,TRAIN
2026-02-04,DEEPAKFERT.NS,DN,0.8616,0.75,HIGH,ALIGNED,-2.5283,True,True,TRAIN
2026-02-04,VEDL.NS,DN,0.8488,0.5,MEDIUM,ALIGNED,-4.7397,True,True,TRAIN
2026-02-04,HAL.NS,DN,0.8389,0.875,HIGH,ALIGNED,-4.3063,True,True,TRAIN
2026-02-04,POLICYBZR.NS,DN,0.8036,0.75,HIGH,ALIGNED,7.8408,False,False,TRAIN
2026-02-04,PARAS.NS,DN,0.7961,0.75,HIGH,ALIGNED,-0.9623,True,True,TRAIN
2026-02-04,MUTHOOTFIN.NS,DN,0.7957,0.625,HIGH,ALIGNED,-3.8396,True,True,TRAIN
2026-02-04,COCHINSHIP.NS,DN,0.779,0.75,HIGH,ALIGNED,-1.2848,True,True,TRAIN
2026-02-04,BEL.NS,DN,0.7731,0.75,HIGH,ALIGNED,-1.4344,True,True,TRAIN
2026-02-04,CLEAN.NS,DN,0.7628,0.75,HIGH,ALIGNED,1.0358,False,False,TRAIN
2026-02-04,HINDALCO.NS,DN,0.7608,0.5,MEDIUM,ALIGNED,-3.0572,True,True,TRAIN
2026-02-04,INFY.NS,DN,0.7502,0.75,HIGH,ALIGNED,-1.0158,True,True,TRAIN
2026-02-04,TECHM.NS,DN,0.75,0.875,HIGH,ALIGNED,0.0547,False,False,TRAIN
2026-02-04,NAUKRI.NS,DN,0.7365,0.75,HIGH,ALIGNED,-1.8519,True,True,TRAIN
2026-02-04,MOIL.NS,DN,0.7355,0.625,HIGH,ALIGNED,-2.6763,True,True,TRAIN
2026-02-04,DATAPATTNS.NS,DN,0.7241,0.5,MEDIUM,ALIGNED,-3.6317,True,True,TRAIN
2026-02-04,BANKBARODA.NS,DN,0.7215,0.5,MEDIUM,ALIGNED,-0.1375,True,True,TRAIN
2026-02-04,ONGC.NS,DN,0.7173,0.75,HIGH,ALIGNED,0.8429,False,False,TRAIN
2026-02-05,NATIONALUM.NS,DN,0.8918,0.75,HIGH,ALIGNED,-2.5285,True,True,TRAIN
2026-02-05,HINDZINC.NS,DN,0.8767,0.625,HIGH,ALIGNED,-0.3029,True,True,TRAIN
2026-02-05,BDL.NS,DN,0.8748,0.75,HIGH,ALIGNED,-0.3848,True,True,TRAIN
2026-02-05,VEDL.NS,DN,0.8624,0.75,HIGH,ALIGNED,2.4191,False,False,TRAIN
2026-02-05,MUTHOOTFIN.NS,DN,0.8542,0.625,HIGH,ALIGNED,3.504,False,False,TRAIN
2026-02-05,HAL.NS,DN,0.8507,0.75,HIGH,ALIGNED,0.793,False,False,TRAIN
2026-02-05,OIL.NS,DN,0.8218,0.625,HIGH,ALIGNED,-0.2508,True,True,TRAIN
2026-02-05,HINDALCO.NS,DN,0.8114,0.625,HIGH,ALIGNED,0.759,False,False,TRAIN
2026-02-05,DEEPAKFERT.NS,DN,0.8083,0.625,HIGH,ALIGNED,-2.0534,True,True,TRAIN
2026-02-05,PARAS.NS,DN,0.8015,0.75,HIGH,ALIGNED,-1.5913,True,True,TRAIN
2026-02-05,GRSE.NS,DN,0.7973,0.75,HIGH,ALIGNED,-1.5457,True,True,TRAIN
2026-02-05,MIDHANI.NS,DN,0.7555,0.375,MEDIUM,CONFLICT,-2.1,True,True,TRAIN
2026-02-05,MOIL.NS,DN,0.7498,0.75,HIGH,ALIGNED,-3.615,True,True,TRAIN
2026-02-05,INFY.NS,DN,0.7478,0.875,HIGH,ALIGNED,-0.8617,True,True,TRAIN
2026-02-05,COCHINSHIP.NS,DN,0.7456,0.75,HIGH,ALIGNED,0.4855,False,False,TRAIN
2026-02-05,ONGC.NS,DN,0.7397,0.5,MEDIUM,ALIGNED,-0.0929,True,True,TRAIN
2026-02-05,TECHM.NS,DN,0.737,0.625,HIGH,ALIGNED,-1.5976,True,True,TRAIN
2026-02-05,BEL.NS,DN,0.735,0.75,HIGH,ALIGNED,-0.7508,True,True,TRAIN
2026-02-05,DATAPATTNS.NS,DN,0.7316,0.625,HIGH,ALIGNED,7.9334,False,False,TRAIN
2026-02-05,AXISBANK.NS,DN,0.7213,0.625,HIGH,ALIGNED,0.8267,False,False,TRAIN
2026-02-06,BDL.NS,DN,0.882,0.75,HIGH,ALIGNED,2.7436,False,False,TRAIN
2026-02-06,GRSE.NS,DN,0.8583,0.75,HIGH,ALIGNED,4.7181,False,False,TRAIN
2026-02-06,HAL.NS,DN,0.8524,0.75,HIGH,ALIGNED,1.5612,False,False,TRAIN
2026-02-06,NATIONALUM.NS,DN,0.8466,0.75,HIGH,ALIGNED,2.9748,False,False,TRAIN
2026-02-06,MOIL.NS,DN,0.842,0.625,HIGH,ALIGNED,0.7213,False,False,TRAIN
2026-02-06,RATNAMANI.NS,DN,0.8378,0.75,HIGH,ALIGNED,0.0,False,False,TRAIN
2026-02-06,PARAS.NS,DN,0.8144,0.75,HIGH,ALIGNED,4.1748,False,False,TRAIN
2026-02-06,COCHINSHIP.NS,DN,0.7961,0.625,HIGH,ALIGNED,2.3019,False,False,TRAIN
2026-02-06,OIL.NS,DN,0.7872,0.625,HIGH,ALIGNED,-1.448,True,True,TRAIN
2026-02-06,POLICYBZR.NS,DN,0.7705,0.75,HIGH,ALIGNED,1.8074,False,False,TRAIN
2026-02-06,CLEAN.NS,DN,0.759,0.75,HIGH,ALIGNED,0.2697,False,False,TRAIN
2026-02-06,NAUKRI.NS,DN,0.7554,0.75,HIGH,ALIGNED,4.149,False,False,TRAIN
2026-02-06,BEML.NS,DN,0.7488,0.75,HIGH,ALIGNED,8.8908,False,False,TRAIN
2026-02-06,ZYDUSWELL.NS,DN,0.7463,0.625,HIGH,ALIGNED,4.7735,False,False,TRAIN
2026-02-06,MAZDOCK.NS,DN,0.7429,0.75,HIGH,ALIGNED,2.9179,False,False,TRAIN
2026-02-06,COFORGE.NS,DN,0.7415,0.75,HIGH,ALIGNED,0.2135,False,False,TRAIN
2026-02-06,INTELLECT.NS,DN,0.7349,0.625,HIGH,ALIGNED,1.4861,False,False,TRAIN
2026-02-06,MUTHOOTFIN.NS,DN,0.7327,0.625,HIGH,ALIGNED,2.0409,False,False,TRAIN
2026-02-06,IDEAFORGE.NS,DN,0.7295,0.625,HIGH,ALIGNED,1.4329,False,False,TRAIN
2026-02-06,IRCON.NS,DN,0.7283,0.75,HIGH,ALIGNED,2.1478,False,False,TRAIN
2026-02-09,GRSE.NS,DN,0.8588,0.5,MEDIUM,ALIGNED,0.0278,False,False,TRAIN
2026-02-09,HAL.NS,DN,0.8257,0.75,HIGH,ALIGNED,0.9029,False,False,TRAIN
2026-02-09,COFORGE.NS,DN,0.8233,0.75,HIGH,ALIGNED,0.1097,False,False,TRAIN
2026-02-09,MOIL.NS,DN,0.8043,0.75,HIGH,ALIGNED,1.0185,False,False,TRAIN
2026-02-09,NATIONALUM.NS,DN,0.7996,0.625,HIGH,ALIGNED,0.9447,False,False,TRAIN
2026-02-09,RATNAMANI.NS,DN,0.7887,0.875,HIGH,ALIGNED,-0.0299,True,True,TRAIN
2026-02-09,INFY.NS,DN,0.762,0.75,HIGH,ALIGNED,0.0401,False,False,TRAIN
2026-02-09,OIL.NS,DN,0.7513,0.625,HIGH,ALIGNED,-0.2449,True,True,TRAIN
2026-02-09,PERSISTENT.NS,DN,0.7498,0.75,HIGH,ALIGNED,-0.0426,True,True,TRAIN
2026-02-09,SYMPHONY.NS,DN,0.7453,0.375,MEDIUM,CONFLICT,0.3142,False,False,TRAIN
2026-02-09,BEL.NS,DN,0.7418,0.625,HIGH,ALIGNED,0.0,False,False,TRAIN
2026-02-09,SUNDRMFAST.NS,DN,0.7365,0.75,HIGH,ALIGNED,0.2265,False,False,TRAIN
2026-02-09,NAUKRI.NS,DN,0.7327,0.5,MEDIUM,ALIGNED,1.444,False,False,TRAIN
2026-02-09,RATEGAIN.NS,DN,0.732,0.625,HIGH,ALIGNED,-0.2104,True,True,TRAIN
2026-02-09,ZENSARTECH.NS,DN,0.7298,0.625,HIGH,ALIGNED,-0.352,True,True,TRAIN
2026-02-09,PARAS.NS,DN,0.7279,0.25,LOW,CONFLICT,-0.6567,True,True,TRAIN
2026-02-09,TATACHEM.NS,DN,0.7216,0.875,HIGH,ALIGNED,0.8951,False,False,TRAIN
2026-02-09,OLECTRA.NS,DN,0.7207,0.625,HIGH,ALIGNED,0.3879,False,False,TRAIN
2026-02-09,IDEAFORGE.NS,DN,0.7144,0.625,HIGH,ALIGNED,0.7411,False,False,TRAIN
2026-02-09,COCHINSHIP.NS,DN,0.7113,0.375,MEDIUM,CONFLICT,0.2755,False,False,TRAIN
2026-02-10,AUROPHARMA.NS,DN,0.8329,0.875,HIGH,ALIGNED,2.0016,False,False,TRAIN
2026-02-10,HAL.NS,DN,0.8197,0.5,MEDIUM,ALIGNED,-0.8469,True,True,TRAIN
2026-02-10,COFORGE.NS,DN,0.8175,0.875,HIGH,ALIGNED,-1.9729,True,True,TRAIN
2026-02-10,TIINDIA.NS,DN,0.8046,0.5,MEDIUM,ALIGNED,0.4757,False,False,TRAIN
2026-02-10,GRSE.NS,DN,0.7973,0.5,MEDIUM,ALIGNED,-1.2642,True,True,TRAIN
2026-02-10,SUNDRMFAST.NS,DN,0.7632,0.625,HIGH,ALIGNED,1.7596,False,False,TRAIN
2026-02-10,PERSISTENT.NS,DN,0.762,0.75,HIGH,ALIGNED,-2.5287,True,True,TRAIN
2026-02-10,JPPOWER.NS,DN,0.7543,0.625,HIGH,ALIGNED,1.1842,False,False,TRAIN
2026-02-10,INFY.NS,DN,0.7536,0.75,HIGH,ALIGNED,-1.7292,True,True,TRAIN
2026-02-10,RATEGAIN.NS,DN,0.7486,0.75,HIGH,ALIGNED,-0.2699,True,True,TRAIN
2026-02-10,OIL.NS,DN,0.7298,0.75,HIGH,ALIGNED,-1.9638,True,True,TRAIN
2026-02-10,RATNAMANI.NS,DN,0.7262,0.875,HIGH,ALIGNED,-2.8258,True,True,TRAIN
2026-02-10,ZENSARTECH.NS,DN,0.7245,0.625,HIGH,ALIGNED,-1.4691,True,True,TRAIN
2026-02-10,NAUKRI.NS,DN,0.7147,0.625,HIGH,ALIGNED,-1.8923,True,True,TRAIN
2026-02-10,ADANIPORTS.NS,DN,0.7119,0.625,HIGH,ALIGNED,-0.0836,True,True,TRAIN
2026-02-10,ROUTE.NS,DN,0.6983,0.875,HIGH,ALIGNED,-0.0433,True,True,TRAIN
2026-02-10,TCS.NS,DN,0.6974,0.625,HIGH,ALIGNED,-2.5062,True,True,TRAIN
2026-02-10,STLTECH.NS,DN,0.6942,0.375,MEDIUM,CONFLICT,-8.7503,True,True,TRAIN
2026-02-10,RECLTD.NS,DN,0.693,0.75,HIGH,ALIGNED,-0.52,True,True,TRAIN
2026-02-10,BEL.NS,DN,0.6895,0.625,HIGH,ALIGNED,0.0572,False,False,TRAIN
2026-02-11,OIL.NS,DN,0.8417,0.75,HIGH,ALIGNED,-0.9181,True,True,TRAIN
2026-02-11,TIINDIA.NS,DN,0.8412,0.375,MEDIUM,CONFLICT,2.4978,False,False,TRAIN
2026-02-11,JPPOWER.NS,DN,0.8127,0.5,MEDIUM,ALIGNED,-0.3251,True,True,TRAIN
2026-02-11,AUROPHARMA.NS,DN,0.8112,0.75,HIGH,ALIGNED,0.9855,False,False,TRAIN
2026-02-11,ADANIPORTS.NS,DN,0.7914,0.625,HIGH,ALIGNED,-0.6244,True,True,TRAIN
2026-02-11,RATNAMANI.NS,DN,0.7583,0.875,HIGH,ALIGNED,19.4205,False,False,TRAIN
2026-02-11,RECLTD.NS,DN,0.7571,0.75,HIGH,ALIGNED,-0.9182,True,True,TRAIN
2026-02-11,RATEGAIN.NS,DN,0.7556,0.625,HIGH,ALIGNED,-3.4162,True,True,TRAIN
2026-02-11,GRSE.NS,DN,0.7488,0.5,MEDIUM,ALIGNED,0.5073,False,False,TRAIN
2026-02-11,TEJASNET.NS,DN,0.7466,0.625,HIGH,ALIGNED,-1.7697,True,True,TRAIN
2026-02-11,IDEAFORGE.NS,DN,0.712,0.75,HIGH,ALIGNED,-0.4604,True,True,TRAIN
2026-02-11,MASTEK.NS,DN,0.6995,0.625,HIGH,ALIGNED,-5.2952,True,True,TRAIN
2026-02-11,PFC.NS,DN,0.6942,0.5,MEDIUM,ALIGNED,-1.2745,True,True,TRAIN
2026-02-11,SYMPHONY.NS,DN,0.694,0.625,HIGH,ALIGNED,-1.038,True,True,TRAIN
2026-02-11,SUZLON.NS,DN,0.6905,0.625,HIGH,ALIGNED,-1.203,True,True,TRAIN
2026-02-11,IDFCFIRSTB.NS,DN,0.6761,0.625,HIGH,ALIGNED,-0.4966,True,True,TRAIN
2026-02-11,NCC.NS,DN,0.664,0.5,MEDIUM,ALIGNED,-0.6098,True,True,TRAIN
2026-02-11,MOIL.NS,DN,0.6639,0.5,MEDIUM,ALIGNED,-0.9516,True,True,TRAIN
2026-02-11,COFORGE.NS,DN,0.6615,0.625,HIGH,ALIGNED,-6.5049,True,True,TRAIN
2026-02-11,SUNDRMFAST.NS,DN,0.6607,0.375,MEDIUM,CONFLICT,-0.5711,True,True,TRAIN
2026-02-12,COFORGE.NS,DN,0.7863,0.75,HIGH,ALIGNED,-4.1998,True,True,TRAIN
2026-02-12,ADANIPORTS.NS,DN,0.7785,0.75,HIGH,ALIGNED,-1.6001,True,True,TRAIN
2026-02-12,OIL.NS,DN,0.7736,0.625,HIGH,ALIGNED,-4.1276,True,True,TRAIN
2026-02-12,PERSISTENT.NS,DN,0.7568,0.75,HIGH,ALIGNED,0.4952,False,False,TRAIN
2026-02-12,RATEGAIN.NS,DN,0.7534,0.75,HIGH,ALIGNED,-4.0711,True,True,TRAIN
2026-02-12,AUROPHARMA.NS,DN,0.7422,0.625,HIGH,ALIGNED,-1.0623,True,True,TRAIN
2026-02-12,RECLTD.NS,DN,0.7398,0.625,HIGH,ALIGNED,-1.0835,True,True,TRAIN
2026-02-12,ZENSARTECH.NS,DN,0.7398,0.75,HIGH,ALIGNED,1.9936,False,False,TRAIN
2026-02-12,PFC.NS,DN,0.7356,0.75,HIGH,ALIGNED,-2.4358,True,True,TRAIN
2026-02-12,TCS.NS,DN,0.7351,0.75,HIGH,ALIGNED,-2.1054,True,True,TRAIN
2026-02-12,INFY.NS,DN,0.722,0.75,HIGH,ALIGNED,-1.2193,True,True,TRAIN
2026-02-12,TEJASNET.NS,DN,0.7195,0.625,HIGH,ALIGNED,-1.3211,True,True,TRAIN
2026-02-12,CLEAN.NS,DN,0.718,0.75,HIGH,ALIGNED,-2.2638,True,True,TRAIN
2026-02-12,ADANIENSOL.NS,DN,0.714,0.5,MEDIUM,ALIGNED,-3.4024,True,True,TRAIN
2026-02-12,HCLTECH.NS,DN,0.7093,0.75,HIGH,ALIGNED,-1.4159,True,True,TRAIN
2026-02-12,WIPRO.NS,DN,0.6966,0.75,HIGH,ALIGNED,-2.2777,True,True,TRAIN
2026-02-12,MASTEK.NS,DN,0.6937,0.75,HIGH,ALIGNED,-2.2063,True,True,TRAIN
2026-02-12,RAJESHEXPO.NS,DN,0.6925,0.5,MEDIUM,ALIGNED,-3.6395,True,True,TRAIN
2026-02-12,SYMPHONY.NS,DN,0.6909,0.625,HIGH,ALIGNED,-6.1005,True,True,TRAIN
2026-02-12,ROUTE.NS,DN,0.6661,0.75,HIGH,ALIGNED,-3.3184,True,True,TRAIN
2026-02-13,OIL.NS,DN,0.824,0.75,HIGH,ALIGNED,1.8781,False,False,TRAIN
2026-02-13,SYMPHONY.NS,DN,0.7829,0.875,HIGH,ALIGNED,-1.9149,True,True,TRAIN
2026-02-13,COFORGE.NS,DN,0.7642,0.75,HIGH,ALIGNED,2.2544,False,False,TRAIN
2026-02-13,M&MFIN.NS,DN,0.7591,0.75,HIGH,ALIGNED,1.6784,False,False,TRAIN
2026-02-13,NMDC.NS,DN,0.7459,0.75,HIGH,ALIGNED,1.2967,False,False,TRAIN
2026-02-13,PFC.NS,DN,0.7378,0.625,HIGH,ALIGNED,2.8086,False,False,TRAIN
2026-02-13,TCS.NS,DN,0.7344,0.75,HIGH,ALIGNED,0.5349,False,False,TRAIN
2026-02-13,RECLTD.NS,DN,0.7315,0.5,MEDIUM,ALIGNED,1.9026,False,False,TRAIN
2026-02-13,INFY.NS,DN,0.73,0.625,HIGH,ALIGNED,-0.2556,True,True,TRAIN
2026-02-13,WIPRO.NS,DN,0.7274,0.75,HIGH,ALIGNED,-0.3877,True,True,TRAIN
2026-02-13,HCLTECH.NS,DN,0.7264,0.625,HIGH,ALIGNED,0.4535,False,False,TRAIN
2026-02-13,NAVINFLUOR.NS,DN,0.719,0.625,HIGH,ALIGNED,-0.8804,True,True,TRAIN
2026-02-13,KPITTECH.NS,DN,0.7065,0.75,HIGH,ALIGNED,2.1585,False,False,TRAIN
2026-02-13,AUROPHARMA.NS,DN,0.7038,0.5,MEDIUM,ALIGNED,3.4043,False,False,TRAIN
2026-02-13,HINDALCO.NS,DN,0.6993,0.875,HIGH,ALIGNED,-0.1705,True,True,TRAIN
2026-02-13,MUTHOOTFIN.NS,DN,0.6942,0.75,HIGH,ALIGNED,-2.4511,True,True,TRAIN
2026-02-13,NCC.NS,DN,0.6923,0.625,HIGH,ALIGNED,-1.2374,True,True,TRAIN
2026-02-13,RATEGAIN.NS,DN,0.6844,0.75,HIGH,ALIGNED,-1.6519,True,True,TRAIN
2026-02-13,COALINDIA.NS,DN,0.6832,0.625,HIGH,ALIGNED,3.3134,False,False,TRAIN
2026-02-13,MASTEK.NS,DN,0.6817,0.75,HIGH,ALIGNED,-2.2161,True,True,TRAIN
2026-02-16,MUTHOOTFIN.NS,DN,0.8602,0.875,HIGH,ALIGNED,-0.0658,True,True,TRAIN
2026-02-16,RAJESHEXPO.NS,DN,0.8448,0.875,HIGH,ALIGNED,-1.4317,True,True,TRAIN
2026-02-16,BSE.NS,DN,0.8415,0.875,HIGH,ALIGNED,-2.2214,True,True,TRAIN
2026-02-16,DEEPAKFERT.NS,DN,0.8209,0.75,HIGH,ALIGNED,1.0255,False,False,TRAIN
2026-02-16,NAVINFLUOR.NS,DN,0.7997,0.625,HIGH,ALIGNED,-0.112,True,True,TRAIN
2026-02-16,SYMPHONY.NS,DN,0.7868,0.875,HIGH,ALIGNED,0.1046,False,False,TRAIN
2026-02-16,M&MFIN.NS,DN,0.7776,0.5,MEDIUM,ALIGNED,4.0184,False,False,TRAIN
2026-02-16,HINDALCO.NS,DN,0.7766,0.75,HIGH,ALIGNED,-1.912,True,True,TRAIN
2026-02-16,MAPMYINDIA.NS,DN,0.7741,0.75,HIGH,ALIGNED,0.1562,False,False,TRAIN
2026-02-16,INTELLECT.NS,DN,0.749,0.625,HIGH,ALIGNED,2.6597,False,False,TRAIN
2026-02-16,OIL.NS,DN,0.7464,0.625,HIGH,ALIGNED,0.194,False,False,TRAIN
2026-02-16,HFCL.NS,DN,0.7455,0.625,HIGH,ALIGNED,4.5217,False,False,TRAIN
2026-02-16,BASF.NS,DN,0.7433,0.75,HIGH,ALIGNED,0.5725,False,False,TRAIN
2026-02-16,CLEAN.NS,DN,0.7353,0.625,HIGH,ALIGNED,0.1209,False,False,TRAIN
2026-02-16,SUDARSCHEM.NS,DN,0.7333,0.625,HIGH,ALIGNED,0.404,False,False,TRAIN
2026-02-16,LTTS.NS,DN,0.7219,0.875,HIGH,ALIGNED,-0.1961,True,True,TRAIN
2026-02-16,KPITTECH.NS,DN,0.7164,0.625,HIGH,ALIGNED,-0.1136,True,True,TRAIN
2026-02-16,HCLTECH.NS,DN,0.6908,0.625,HIGH,ALIGNED,1.4229,False,False,TRAIN
2026-02-16,NCC.NS,DN,0.6888,0.625,HIGH,ALIGNED,1.3995,False,False,TRAIN
2026-02-16,NATIONALUM.NS,DN,0.6769,0.75,HIGH,ALIGNED,-2.167,True,True,TRAIN
2026-02-17,BSE.NS,DN,0.891,0.875,HIGH,ALIGNED,2.9793,False,False,TRAIN
2026-02-17,MUTHOOTFIN.NS,DN,0.8803,0.75,HIGH,ALIGNED,-1.1156,True,True,TRAIN
2026-02-17,RAJESHEXPO.NS,DN,0.8743,0.875,HIGH,ALIGNED,-0.5522,True,True,TRAIN
2026-02-17,NATIONALUM.NS,DN,0.8226,0.625,HIGH,ALIGNED,0.9388,False,False,TRAIN
2026-02-17,HINDALCO.NS,DN,0.816,0.75,HIGH,ALIGNED,1.028,False,False,TRAIN
2026-02-17,SYMPHONY.NS,DN,0.8119,0.875,HIGH,ALIGNED,-1.2711,True,True,TRAIN
2026-02-17,KPITTECH.NS,DN,0.7983,0.75,HIGH,ALIGNED,-2.013,True,True,TRAIN
2026-02-17,MAPMYINDIA.NS,DN,0.7731,0.875,HIGH,ALIGNED,0.6843,False,False,TRAIN
2026-02-17,SUDARSCHEM.NS,DN,0.7621,0.625,HIGH,ALIGNED,-0.2664,True,True,TRAIN
2026-02-17,DEEPAKFERT.NS,DN,0.7566,0.625,HIGH,ALIGNED,-0.2514,True,True,TRAIN
2026-02-17,BATAINDIA.NS,DN,0.7481,0.625,HIGH,ALIGNED,-0.2206,True,True,TRAIN
2026-02-17,NMDC.NS,DN,0.7408,0.75,HIGH,ALIGNED,1.3413,False,False,TRAIN
2026-02-17,LTTS.NS,DN,0.7379,0.75,HIGH,ALIGNED,-0.4699,True,True,TRAIN
2026-02-17,M&MFIN.NS,DN,0.7373,0.625,HIGH,ALIGNED,0.026,False,False,TRAIN
2026-02-17,HINDZINC.NS,DN,0.7371,0.75,HIGH,ALIGNED,0.7142,False,False,TRAIN
2026-02-17,VEDL.NS,DN,0.7233,0.75,HIGH,ALIGNED,1.4666,False,False,TRAIN
2026-02-17,RAILTEL.NS,DN,0.7226,0.75,HIGH,ALIGNED,1.2291,False,False,TRAIN
2026-02-17,TATASTEEL.NS,DN,0.7219,0.75,HIGH,ALIGNED,2.9299,False,False,TRAIN
2026-02-17,CLEAN.NS,DN,0.7136,0.75,HIGH,ALIGNED,2.06,False,False,TRAIN
2026-02-17,TECHM.NS,DN,0.7066,0.625,HIGH,ALIGNED,-1.2469,True,True,TRAIN
2026-02-18,MUTHOOTFIN.NS,DN,0.8908,0.75,HIGH,ALIGNED,-1.3307,True,True,TRAIN
2026-02-18,BSE.NS,DN,0.8891,0.625,HIGH,ALIGNED,-2.9249,True,True,TRAIN
2026-02-18,RAJESHEXPO.NS,DN,0.875,0.875,HIGH,ALIGNED,-2.0218,True,True,TRAIN
2026-02-18,TECHM.NS,DN,0.8017,0.75,HIGH,ALIGNED,-1.6946,True,True,TRAIN
2026-02-18,HINDALCO.NS,DN,0.7891,0.625,HIGH,ALIGNED,0.7117,False,False,TRAIN
2026-02-18,HINDZINC.NS,DN,0.7879,0.625,HIGH,ALIGNED,-0.1965,True,True,TRAIN
2026-02-18,KPITTECH.NS,DN,0.782,0.75,HIGH,ALIGNED,-1.6365,True,True,TRAIN
2026-02-18,WIPRO.NS,DN,0.7769,0.875,HIGH,ALIGNED,-0.3491,True,True,TRAIN
2026-02-18,MAPMYINDIA.NS,DN,0.7755,0.75,HIGH,ALIGNED,-3.7853,True,True,TRAIN
2026-02-18,NATIONALUM.NS,DN,0.7748,0.625,HIGH,ALIGNED,-1.1481,True,True,TRAIN
2026-02-18,BATAINDIA.NS,DN,0.7692,0.75,HIGH,ALIGNED,-1.3681,True,True,TRAIN
2026-02-18,SUDARSCHEM.NS,DN,0.7558,0.625,HIGH,ALIGNED,0.7251,False,False,TRAIN
2026-02-18,COFORGE.NS,DN,0.7551,0.625,HIGH,ALIGNED,-0.8596,True,True,TRAIN
2026-02-18,TCS.NS,DN,0.7502,0.625,HIGH,ALIGNED,-0.6308,True,True,TRAIN
2026-02-18,SYMPHONY.NS,DN,0.7466,0.875,HIGH,ALIGNED,-3.0747,True,True,TRAIN
2026-02-18,VEDL.NS,DN,0.7371,0.625,HIGH,ALIGNED,-0.2729,True,True,TRAIN
2026-02-18,INFY.NS,DN,0.7354,0.75,HIGH,ALIGNED,-0.2329,True,True,TRAIN
2026-02-18,ALKEM.NS,DN,0.7306,0.625,HIGH,ALIGNED,-1.5922,True,True,TRAIN
2026-02-18,POLICYBZR.NS,DN,0.7306,0.625,HIGH,ALIGNED,-2.4368,True,True,TRAIN
2026-02-18,ONGC.NS,DN,0.7187,0.75,HIGH,ALIGNED,3.7982,False,False,TRAIN
2026-02-19,MUTHOOTFIN.NS,DN,0.8942,0.75,HIGH,ALIGNED,1.4395,False,False,TRAIN
2026-02-19,BSE.NS,DN,0.8888,0.75,HIGH,ALIGNED,-0.0693,True,True,TRAIN
2026-02-19,RAJESHEXPO.NS,DN,0.8587,0.875,HIGH,ALIGNED,-2.7288,True,True,TRAIN
2026-02-19,MAPMYINDIA.NS,DN,0.8255,0.75,HIGH,ALIGNED,-0.5901,True,True,TRAIN
2026-02-19,KALYANKJIL.NS,DN,0.8056,0.625,HIGH,ALIGNED,-0.8771,True,True,TRAIN
2026-02-19,HINDALCO.NS,DN,0.7706,0.625,HIGH,ALIGNED,3.3181,False,False,TRAIN
2026-02-19,ALKEM.NS,DN,0.7692,0.875,HIGH,ALIGNED,0.279,False,False,TRAIN
2026-02-19,NATIONALUM.NS,DN,0.7583,0.625,HIGH,ALIGNED,0.3234,False,False,TRAIN
2026-02-19,MOTHERSON.NS,DN,0.756,0.75,HIGH,ALIGNED,-0.3542,True,True,TRAIN
2026-02-19,SJVN.NS,DN,0.7539,0.625,HIGH,ALIGNED,0.2129,False,False,TRAIN
2026-02-19,NAVINFLUOR.NS,DN,0.7498,0.5,MEDIUM,ALIGNED,2.1603,False,False,TRAIN
2026-02-19,BATAINDIA.NS,DN,0.7493,0.75,HIGH,ALIGNED,-1.6475,True,True,TRAIN
2026-02-19,CENTUM.NS,DN,0.7476,0.625,HIGH,ALIGNED,10.807,False,False,TRAIN
2026-02-19,AMBER.NS,DN,0.7312,0.75,HIGH,ALIGNED,-0.7138,True,True,TRAIN
2026-02-19,SHRIRAMFIN.NS,DN,0.7255,0.75,HIGH,ALIGNED,0.4361,False,False,TRAIN
2026-02-19,BASF.NS,DN,0.7231,0.75,HIGH,ALIGNED,0.6506,False,False,TRAIN
2026-02-19,POLICYBZR.NS,DN,0.7126,0.75,HIGH,ALIGNED,3.2892,False,False,TRAIN
2026-02-19,NOCIL.NS,DN,0.7028,0.5,MEDIUM,ALIGNED,0.299,False,False,TRAIN
2026-02-19,PFIZER.NS,DN,0.6982,0.625,HIGH,ALIGNED,-1.1881,True,True,TRAIN
2026-02-19,HINDZINC.NS,DN,0.6968,0.625,HIGH,ALIGNED,0.8988,False,False,TRAIN
2026-02-20,BSE.NS,DN,0.8754,0.75,HIGH,ALIGNED,-0.5183,True,True,VAL
2026-02-20,RAJESHEXPO.NS,DN,0.8746,0.875,HIGH,ALIGNED,0.1836,False,False,VAL
2026-02-20,KALYANKJIL.NS,DN,0.8475,0.625,HIGH,ALIGNED,0.2368,False,False,VAL
2026-02-20,NAUKRI.NS,DN,0.8202,0.625,HIGH,ALIGNED,-0.4745,True,True,VAL
2026-02-20,AMBER.NS,DN,0.8136,0.75,HIGH,ALIGNED,1.562,False,False,VAL
2026-02-20,MOTHERSON.NS,DN,0.8087,0.75,HIGH,ALIGNED,1.0817,False,False,VAL
2026-02-20,MAPMYINDIA.NS,DN,0.7983,0.75,HIGH,ALIGNED,0.2069,False,False,VAL
2026-02-20,PERSISTENT.NS,DN,0.7919,0.75,HIGH,ALIGNED,-2.2486,True,True,VAL
2026-02-20,BATAINDIA.NS,DN,0.7712,0.625,HIGH,ALIGNED,0.0554,False,False,VAL
2026-02-20,MUTHOOTFIN.NS,DN,0.768,0.625,HIGH,ALIGNED,0.3815,False,False,VAL
2026-02-20,TECHM.NS,DN,0.7537,0.5,MEDIUM,ALIGNED,-1.0982,True,True,VAL
2026-02-20,SRF.NS,DN,0.7502,0.75,HIGH,ALIGNED,-1.599,True,True,VAL
2026-02-20,SUDARSCHEM.NS,DN,0.7426,0.75,HIGH,ALIGNED,-0.0665,True,True,VAL
2026-02-20,CROMPTON.NS,DN,0.7405,0.75,HIGH,ALIGNED,0.0113,False,False,VAL
2026-02-20,NOCIL.NS,DN,0.7325,0.625,HIGH,ALIGNED,-0.5764,True,True,VAL
2026-02-20,BASF.NS,DN,0.7217,0.625,HIGH,ALIGNED,-0.0588,True,True,VAL
2026-02-20,APOLLOTYRE.NS,DN,0.7138,0.625,HIGH,ALIGNED,-0.4063,True,True,VAL
2026-02-20,ERIS.NS,DN,0.6946,0.5,MEDIUM,ALIGNED,0.7673,False,False,VAL
2026-02-20,CLEAN.NS,DN,0.6933,0.625,HIGH,ALIGNED,2.4611,False,False,VAL
2026-02-20,BHARATFORG.NS,DN,0.693,0.5,MEDIUM,ALIGNED,2.9213,False,False,VAL
2026-02-23,IDFCFIRSTB.NS,DN,0.8884,0.75,HIGH,ALIGNED,1.3278,False,False,VAL
2026-02-23,PERSISTENT.NS,DN,0.8751,0.625,HIGH,ALIGNED,-6.3385,True,True,VAL
2026-02-23,KALYANKJIL.NS,DN,0.8336,0.625,HIGH,ALIGNED,1.1812,False,False,VAL
2026-02-23,CROMPTON.NS,DN,0.8016,0.625,HIGH,ALIGNED,-1.1414,True,True,VAL
2026-02-23,RAJESHEXPO.NS,DN,0.7976,0.75,HIGH,ALIGNED,-1.5424,True,True,VAL
2026-02-23,SJVN.NS,DN,0.7903,0.75,HIGH,ALIGNED,0.3517,False,False,VAL
2026-02-23,MOTHERSON.NS,DN,0.7897,0.625,HIGH,ALIGNED,0.5657,False,False,VAL
2026-02-23,AUROPHARMA.NS,DN,0.7836,0.75,HIGH,ALIGNED,1.1994,False,False,VAL
2026-02-23,MPHASIS.NS,DN,0.7816,0.625,HIGH,ALIGNED,-3.7579,True,True,VAL
2026-02-23,NAUKRI.NS,DN,0.7751,0.875,HIGH,ALIGNED,-4.8425,True,True,VAL
2026-02-23,HAL.NS,DN,0.7717,0.875,HIGH,ALIGNED,-1.8085,True,True,VAL
2026-02-23,FINPIPE.NS,DN,0.7703,0.75,HIGH,ALIGNED,-2.1483,True,True,VAL
2026-02-23,AMBER.NS,DN,0.7526,0.625,HIGH,ALIGNED,2.0528,False,False,VAL
2026-02-23,COFORGE.NS,DN,0.7469,0.625,HIGH,ALIGNED,-5.9581,True,True,VAL
2026-02-23,ONMOBILE.NS,DN,0.7329,0.625,HIGH,ALIGNED,0.3697,False,False,VAL
2026-02-23,TECHM.NS,DN,0.7111,0.5,MEDIUM,ALIGNED,-6.6278,True,True,VAL
2026-02-23,APOLLOTYRE.NS,DN,0.6891,0.875,HIGH,ALIGNED,0.2756,False,False,VAL
2026-02-23,SHRIRAMFIN.NS,DN,0.6885,0.625,HIGH,ALIGNED,-0.2818,True,True,VAL
2026-02-23,ADANIGREEN.NS,DN,0.688,0.625,HIGH,ALIGNED,1.1336,False,False,VAL
2026-02-23,BSE.NS,DN,0.68,0.625,HIGH,ALIGNED,0.9467,False,False,VAL
2026-02-24,IDFCFIRSTB.NS,DN,0.8898,0.75,HIGH,ALIGNED,-1.0568,True,True,VAL
2026-02-24,PERSISTENT.NS,DN,0.8733,0.75,HIGH,ALIGNED,1.4801,False,False,VAL
2026-02-24,RATEGAIN.NS,DN,0.8294,0.75,HIGH,ALIGNED,-0.7602,True,True,VAL
2026-02-24,WHIRLPOOL.NS,DN,0.8205,0.75,HIGH,ALIGNED,1.7252,False,False,VAL
2026-02-24,TECHM.NS,DN,0.8184,0.75,HIGH,ALIGNED,1.219,False,False,VAL
2026-02-24,FINPIPE.NS,DN,0.8098,0.625,HIGH,ALIGNED,0.8267,False,False,VAL
2026-02-24,NAUKRI.NS,DN,0.8029,0.75,HIGH,ALIGNED,2.4855,False,False,VAL
2026-02-24,COFORGE.NS,DN,0.7961,0.75,HIGH,ALIGNED,0.0577,False,False,VAL
2026-02-24,MPHASIS.NS,DN,0.7871,0.75,HIGH,ALIGNED,1.5565,False,False,VAL
2026-02-24,HCLTECH.NS,DN,0.7854,0.75,HIGH,ALIGNED,2.9122,False,False,VAL
2026-02-24,ROUTE.NS,DN,0.7684,0.625,HIGH,ALIGNED,-0.7176,True,True,VAL
2026-02-24,INFY.NS,DN,0.7677,0.75,HIGH,ALIGNED,1.1446,False,False,VAL
2026-02-24,KPITTECH.NS,DN,0.7631,0.75,HIGH,ALIGNED,3.7081,False,False,VAL
2026-02-24,ZENSARTECH.NS,DN,0.7587,0.75,HIGH,ALIGNED,1.0048,False,False,VAL
2026-02-24,GODREJPROP.NS,DN,0.7536,0.625,HIGH,ALIGNED,1.5305,False,False,VAL
2026-02-24,LTTS.NS,DN,0.7432,0.75,HIGH,ALIGNED,4.0462,False,False,VAL
2026-02-24,SJVN.NS,DN,0.7354,0.5,MEDIUM,ALIGNED,1.3075,False,False,VAL
2026-02-24,AUROPHARMA.NS,DN,0.7274,0.625,HIGH,ALIGNED,4.045,False,False,VAL
2026-02-24,CROMPTON.NS,DN,0.7088,0.625,HIGH,ALIGNED,0.3315,False,False,VAL
2026-02-24,M&MFIN.NS,DN,0.7012,0.875,HIGH,ALIGNED,3.7296,False,False,VAL
2026-02-25,IDFCFIRSTB.NS,DN,0.8914,0.875,HIGH,ALIGNED,3.6884,False,False,VAL
2026-02-25,PERSISTENT.NS,DN,0.8811,0.75,HIGH,ALIGNED,1.0674,False,False,VAL
2026-02-25,RATNAMANI.NS,DN,0.8462,0.75,HIGH,ALIGNED,-1.949,True,True,VAL
2026-02-25,COFORGE.NS,DN,0.815,0.875,HIGH,ALIGNED,-1.0306,True,True,VAL
2026-02-25,FINPIPE.NS,DN,0.7955,0.5,MEDIUM,ALIGNED,0.5213,False,False,VAL
2026-02-25,RATEGAIN.NS,DN,0.7792,0.75,HIGH,ALIGNED,0.6973,False,False,VAL
2026-02-25,TECHM.NS,DN,0.7772,0.625,HIGH,ALIGNED,0.0,False,False,VAL
2026-02-25,MAPMYINDIA.NS,DN,0.7505,0.625,HIGH,ALIGNED,0.1337,False,False,VAL
2026-02-25,RAILTEL.NS,DN,0.7451,0.625,HIGH,ALIGNED,-1.5588,True,True,VAL
2026-02-25,NAUKRI.NS,DN,0.7444,0.625,HIGH,ALIGNED,0.7477,False,False,VAL
2026-02-25,MPHASIS.NS,DN,0.7426,0.625,HIGH,ALIGNED,0.1727,False,False,VAL
2026-02-25,GODREJPROP.NS,DN,0.739,0.5,MEDIUM,ALIGNED,0.0,False,False,VAL
2026-02-25,CROMPTON.NS,DN,0.7221,0.625,HIGH,ALIGNED,-0.3038,True,True,VAL
2026-02-25,ZENSARTECH.NS,DN,0.7203,0.625,HIGH,ALIGNED,2.091,False,False,VAL
2026-02-25,INFY.NS,DN,0.7184,0.5,MEDIUM,ALIGNED,-0.0775,True,True,VAL
2026-02-25,HCLTECH.NS,DN,0.7181,0.75,HIGH,ALIGNED,-0.341,True,True,VAL
2026-02-25,PRESTIGE.NS,DN,0.715,0.875,HIGH,ALIGNED,0.549,False,False,VAL
2026-02-25,KALYANKJIL.NS,DN,0.7123,0.5,MEDIUM,ALIGNED,0.3451,False,False,VAL
2026-02-25,WHIRLPOOL.NS,DN,0.6938,0.625,HIGH,ALIGNED,-1.8155,True,True,VAL
2026-02-25,IRFC.NS,DN,0.6922,0.75,HIGH,ALIGNED,-1.272,True,True,VAL
2026-02-26,IDFCFIRSTB.NS,DN,0.8934,0.625,HIGH,ALIGNED,0.9202,False,False,VAL
2026-02-26,COFORGE.NS,DN,0.8826,0.875,HIGH,ALIGNED,-1.2163,True,True,VAL
2026-02-26,PERSISTENT.NS,DN,0.8789,0.625,HIGH,ALIGNED,-1.0143,True,True,VAL
2026-02-26,INFY.NS,DN,0.849,0.75,HIGH,ALIGNED,0.8533,False,False,VAL
2026-02-26,TECHM.NS,DN,0.8402,0.75,HIGH,ALIGNED,-0.2937,True,True,VAL
2026-02-26,MASTEK.NS,DN,0.8282,0.75,HIGH,ALIGNED,-0.1701,True,True,VAL
2026-02-26,HCLTECH.NS,DN,0.8184,0.75,HIGH,ALIGNED,1.1358,False,False,VAL
2026-02-26,RAILTEL.NS,DN,0.8164,0.625,HIGH,ALIGNED,0.3359,False,False,VAL
2026-02-26,KPITTECH.NS,DN,0.8042,0.625,HIGH,ALIGNED,-2.8474,True,True,VAL
2026-02-26,SUDARSCHEM.NS,DN,0.7961,0.75,HIGH,ALIGNED,-1.021,True,True,VAL
2026-02-26,RBLBANK.NS,DN,0.7921,0.625,HIGH,ALIGNED,-2.1723,True,True,VAL
2026-02-26,ZENSARTECH.NS,DN,0.7836,0.75,HIGH,ALIGNED,1.9128,False,False,VAL
2026-02-26,IRCTC.NS,DN,0.7775,0.75,HIGH,ALIGNED,-4.2693,True,True,VAL
2026-02-26,WHIRLPOOL.NS,DN,0.7679,0.75,HIGH,ALIGNED,2.0705,False,False,VAL
2026-02-26,MPHASIS.NS,DN,0.765,0.75,HIGH,ALIGNED,1.5476,False,False,VAL
2026-02-26,WIPRO.NS,DN,0.7534,0.75,HIGH,ALIGNED,-0.0597,True,True,VAL
2026-02-26,RATEGAIN.NS,DN,0.7402,0.625,HIGH,ALIGNED,3.2576,False,False,VAL
2026-02-26,IRFC.NS,DN,0.7255,0.75,HIGH,ALIGNED,0.31,False,False,VAL
2026-02-26,CROMPTON.NS,DN,0.719,0.75,HIGH,ALIGNED,-1.7714,True,True,VAL
2026-02-26,RAJESHEXPO.NS,DN,0.702,0.625,HIGH,ALIGNED,-4.7553,True,True,VAL
2026-02-27,IDFCFIRSTB.NS,DN,0.8916,0.5,MEDIUM,ALIGNED,-2.3136,True,True,VAL
2026-02-27,COFORGE.NS,DN,0.8707,0.625,HIGH,ALIGNED,-1.9481,True,True,VAL
2026-02-27,IRCTC.NS,DN,0.8459,0.75,HIGH,ALIGNED,-0.1053,True,True,VAL
2026-02-27,RATNAMANI.NS,DN,0.8355,0.625,HIGH,ALIGNED,-2.8542,True,True,VAL
2026-02-27,KPITTECH.NS,DN,0.83,0.625,HIGH,ALIGNED,-2.1852,True,True,VAL
2026-02-27,TATACOMM.NS,DN,0.8151,0.875,HIGH,ALIGNED,-3.3177,True,True,VAL
2026-02-27,MASTEK.NS,DN,0.8034,0.5,MEDIUM,ALIGNED,-1.6282,True,True,VAL
2026-02-27,NAVINFLUOR.NS,DN,0.8027,0.75,HIGH,ALIGNED,0.1998,False,False,VAL
2026-02-27,RBLBANK.NS,DN,0.7724,0.75,HIGH,ALIGNED,-2.0641,True,True,VAL
2026-02-27,TECHM.NS,DN,0.7517,0.5,MEDIUM,ALIGNED,-0.9132,True,True,VAL
2026-02-27,NOCIL.NS,DN,0.7501,0.625,HIGH,ALIGNED,-4.2834,True,True,VAL
2026-02-27,IRFC.NS,DN,0.7459,0.75,HIGH,ALIGNED,-4.0657,True,True,VAL
2026-02-27,INFY.NS,DN,0.7442,0.625,HIGH,ALIGNED,-0.8615,True,True,VAL
2026-02-27,PERSISTENT.NS,DN,0.7216,0.5,MEDIUM,ALIGNED,-1.2592,True,True,VAL
2026-02-27,PRESTIGE.NS,DN,0.7204,0.75,HIGH,ALIGNED,-1.1271,True,True,VAL
2026-02-27,RATEGAIN.NS,DN,0.7149,0.5,MEDIUM,ALIGNED,-6.7252,True,True,VAL
2026-02-27,HCLTECH.NS,DN,0.7065,0.625,HIGH,ALIGNED,-1.303,True,True,VAL
2026-02-27,MANAPPURAM.NS,DN,0.7031,0.875,HIGH,ALIGNED,-0.4413,True,True,VAL
2026-02-27,STLTECH.NS,DN,0.7016,0.75,HIGH,ALIGNED,8.3365,False,False,VAL
2026-02-27,CRAFTSMAN.NS,DN,0.7002,0.75,HIGH,ALIGNED,1.8801,False,False,VAL
2026-03-02,RAJESHEXPO.NS,DN,0.8464,0.75,HIGH,ALIGNED,-4.9993,True,True,VAL
2026-03-02,IRCTC.NS,DN,0.835,0.625,HIGH,ALIGNED,-2.7243,True,True,VAL
2026-03-02,RAILTEL.NS,DN,0.8296,0.75,HIGH,ALIGNED,-5.1099,True,True,VAL
2026-03-02,RATEGAIN.NS,DN,0.8124,0.75,HIGH,ALIGNED,-3.2,True,True,VAL
2026-03-02,TATACOMM.NS,DN,0.7978,0.75,HIGH,ALIGNED,-3.9948,True,True,VAL
2026-03-02,IRFC.NS,DN,0.7973,0.75,HIGH,ALIGNED,-1.6106,True,True,VAL
2026-03-02,MAPMYINDIA.NS,DN,0.7947,0.625,HIGH,ALIGNED,-0.1287,True,True,VAL
2026-03-02,LT.NS,DN,0.7784,0.875,HIGH,ALIGNED,-4.527,True,True,VAL
2026-03-02,GODREJAGRO.NS,DN,0.7607,0.75,HIGH,ALIGNED,-1.3078,True,True,VAL
2026-03-02,FINEORG.NS,DN,0.7606,0.75,HIGH,ALIGNED,-4.551,True,True,VAL
2026-03-02,NOCIL.NS,DN,0.7602,0.75,HIGH,ALIGNED,-2.5014,True,True,VAL
2026-03-02,COFORGE.NS,DN,0.7422,0.625,HIGH,ALIGNED,0.6278,False,False,VAL
2026-03-02,ADANIGREEN.NS,DN,0.7391,0.75,HIGH,ALIGNED,-3.4973,True,True,VAL
2026-03-02,RVNL.NS,DN,0.735,0.75,HIGH,ALIGNED,-5.8107,True,True,VAL
2026-03-02,MASTEK.NS,DN,0.7243,0.625,HIGH,ALIGNED,0.077,False,False,VAL
2026-03-02,SYMPHONY.NS,DN,0.716,0.625,HIGH,ALIGNED,-3.7705,True,True,VAL
2026-03-02,SOBHA.NS,DN,0.7126,0.625,HIGH,ALIGNED,-1.5593,True,True,VAL
2026-03-02,PRESTIGE.NS,DN,0.7036,0.625,HIGH,ALIGNED,-1.9241,True,True,VAL
2026-03-02,CENTUM.NS,DN,0.6934,0.375,MEDIUM,CONFLICT,-3.3828,True,True,VAL
2026-03-02,SANOFI.NS,DN,0.6879,0.75,HIGH,ALIGNED,-0.8991,True,True,VAL
2026-03-04,FINEORG.NS,DN,0.8699,0.625,HIGH,ALIGNED,1.3134,False,False,VAL
2026-03-04,RVNL.NS,DN,0.8476,0.75,HIGH,ALIGNED,-0.9927,True,True,VAL
2026-03-04,PETRONET.NS,DN,0.8432,0.75,HIGH,ALIGNED,4.6607,False,False,VAL
2026-03-04,RAILTEL.NS,DN,0.8415,0.625,HIGH,ALIGNED,1.2565,False,False,VAL
2026-03-04,CENTUM.NS,DN,0.8305,0.75,HIGH,ALIGNED,4.0357,False,False,VAL
2026-03-04,RAJESHEXPO.NS,DN,0.8121,0.75,HIGH,ALIGNED,-4.9966,True,True,VAL
2026-03-04,IRCTC.NS,DN,0.8017,0.75,HIGH,ALIGNED,1.5358,False,False,VAL
2026-03-04,ADANIGREEN.NS,DN,0.7891,0.625,HIGH,ALIGNED,1.445,False,False,VAL
2026-03-04,LT.NS,DN,0.767,0.75,HIGH,ALIGNED,4.0205,False,False,VAL
2026-03-04,IRFC.NS,DN,0.7522,0.75,HIGH,ALIGNED,1.1357,False,False,VAL
2026-03-04,PNB.NS,DN,0.7512,0.875,HIGH,ALIGNED,0.6839,False,False,VAL
2026-03-04,RATNAMANI.NS,DN,0.7491,0.5,MEDIUM,ALIGNED,-0.8169,True,True,VAL
2026-03-04,CANBK.NS,DN,0.7333,0.875,HIGH,ALIGNED,1.0753,False,False,VAL
2026-03-04,SYMPHONY.NS,DN,0.7313,0.75,HIGH,ALIGNED,-0.7836,True,True,VAL
2026-03-04,ENDURANCE.NS,DN,0.726,0.75,HIGH,ALIGNED,0.1597,False,False,VAL
2026-03-04,GAIL.NS,DN,0.7167,0.75,HIGH,ALIGNED,1.3712,False,False,VAL
2026-03-04,TATACOMM.NS,DN,0.7124,0.625,HIGH,ALIGNED,-1.4297,True,True,VAL
2026-03-04,OLECTRA.NS,DN,0.7121,0.625,HIGH,ALIGNED,2.5323,False,False,VAL
2026-03-04,RBLBANK.NS,DN,0.7039,0.875,HIGH,ALIGNED,1.3233,False,False,VAL
2026-03-04,MANAPPURAM.NS,DN,0.6983,0.75,HIGH,ALIGNED,-0.7242,True,True,VAL
2026-03-05,FINEORG.NS,DN,0.8554,0.625,HIGH,ALIGNED,-1.0023,True,True,VAL
2026-03-05,RVNL.NS,DN,0.8486,0.875,HIGH,ALIGNED,2.4172,False,False,VAL
2026-03-05,PETRONET.NS,DN,0.8138,0.75,HIGH,ALIGNED,-0.9043,True,True,VAL
2026-03-05,RAJESHEXPO.NS,DN,0.7894,0.75,HIGH,ALIGNED,-4.9716,True,True,VAL
2026-03-05,COROMANDEL.NS,DN,0.78,0.75,HIGH,ALIGNED,-1.9966,True,True,VAL
2026-03-05,RAILTEL.NS,DN,0.7737,0.75,HIGH,ALIGNED,3.1377,False,False,VAL
2026-03-05,SYMPHONY.NS,DN,0.7696,0.875,HIGH,ALIGNED,-0.6319,True,True,VAL
2026-03-05,CANBK.NS,DN,0.763,0.75,HIGH,ALIGNED,-1.7103,True,True,VAL
2026-03-05,TATACOMM.NS,DN,0.7546,0.625,HIGH,ALIGNED,-0.3352,True,True,VAL
2026-03-05,ADANIGREEN.NS,DN,0.7488,0.75,HIGH,ALIGNED,-2.9563,True,True,VAL
2026-03-05,GAIL.NS,DN,0.7237,0.75,HIGH,ALIGNED,-0.6508,True,True,VAL
2026-03-05,BOSCHLTD.NS,DN,0.7181,0.625,HIGH,ALIGNED,0.316,False,False,VAL
2026-03-05,ENDURANCE.NS,DN,0.7163,0.75,HIGH,ALIGNED,-2.2798,True,True,VAL
2026-03-05,PNB.NS,DN,0.7162,0.75,HIGH,ALIGNED,-2.365,True,True,VAL
2026-03-05,IRCTC.NS,DN,0.7114,0.625,HIGH,ALIGNED,-1.6283,True,True,VAL
2026-03-05,SAIL.NS,DN,0.7097,0.75,HIGH,ALIGNED,-0.7749,True,True,VAL
2026-03-05,JINDALSTEL.NS,DN,0.7095,0.625,HIGH,ALIGNED,-0.3041,True,True,VAL
2026-03-05,GODREJCP.NS,DN,0.701,0.875,HIGH,ALIGNED,-1.3953,True,True,VAL
2026-03-05,LT.NS,DN,0.6969,0.75,HIGH,ALIGNED,-2.2012,True,True,VAL
2026-03-05,MUTHOOTFIN.NS,DN,0.6964,0.625,HIGH,ALIGNED,-2.0415,True,True,VAL
2026-03-06,RVNL.NS,DN,0.8539,0.75,HIGH,ALIGNED,-3.4266,True,True,VAL
2026-03-06,COROMANDEL.NS,DN,0.8303,0.875,HIGH,ALIGNED,-1.1324,True,True,VAL
2026-03-06,PETRONET.NS,DN,0.8107,0.875,HIGH,ALIGNED,-4.0806,True,True,VAL
2026-03-06,ADANIGREEN.NS,DN,0.7888,0.75,HIGH,ALIGNED,-0.4951,True,True,VAL
2026-03-06,RAJESHEXPO.NS,DN,0.7879,0.75,HIGH,ALIGNED,-4.9962,True,True,VAL
2026-03-06,FINEORG.NS,DN,0.782,0.75,HIGH,ALIGNED,0.0514,False,False,VAL
2026-03-06,CANBK.NS,DN,0.775,0.75,HIGH,ALIGNED,-4.1515,True,True,VAL
2026-03-06,BANKBARODA.NS,DN,0.7694,0.75,HIGH,ALIGNED,-2.4716,True,True,VAL
2026-03-06,BPCL.NS,DN,0.7687,0.875,HIGH,ALIGNED,-6.1233,True,True,VAL
2026-03-06,IOC.NS,DN,0.7619,0.625,HIGH,ALIGNED,-4.4226,True,True,VAL
2026-03-06,PNB.NS,DN,0.7507,0.75,HIGH,ALIGNED,-3.5538,True,True,VAL
2026-03-06,OLECTRA.NS,DN,0.7449,0.75,HIGH,ALIGNED,-1.8449,True,True,VAL
2026-03-06,GODREJCP.NS,DN,0.7432,0.625,HIGH,ALIGNED,-3.2509,True,True,VAL
2026-03-06,UNIONBANK.NS,DN,0.7432,0.625,HIGH,ALIGNED,-5.0835,True,True,VAL
2026-03-06,TATACOMM.NS,DN,0.7403,0.875,HIGH,ALIGNED,1.8329,False,False,VAL
2026-03-06,SAIL.NS,DN,0.7267,0.75,HIGH,ALIGNED,-3.4981,True,True,VAL
2026-03-06,LT.NS,DN,0.7238,0.75,HIGH,ALIGNED,-2.7267,True,True,VAL
2026-03-06,ENDURANCE.NS,DN,0.7233,0.75,HIGH,ALIGNED,-1.1339,True,True,VAL
2026-03-06,CHOLAFIN.NS,DN,0.7078,0.625,HIGH,ALIGNED,-2.6625,True,True,VAL
2026-03-06,BOSCHLTD.NS,DN,0.7063,0.625,HIGH,ALIGNED,-5.2047,True,True,VAL
2026-03-09,PETRONET.NS,DN,0.8573,0.875,HIGH,ALIGNED,4.1465,False,False,VAL
2026-03-09,RVNL.NS,DN,0.849,0.75,HIGH,ALIGNED,2.6792,False,False,VAL
2026-03-09,BPCL.NS,DN,0.8442,0.75,HIGH,ALIGNED,-1.5854,True,True,VAL
2026-03-09,UNIONBANK.NS,DN,0.8296,0.875,HIGH,ALIGNED,4.0433,False,False,VAL
2026-03-09,IOC.NS,DN,0.8294,0.75,HIGH,ALIGNED,-0.7939,True,True,VAL
2026-03-09,SAIL.NS,DN,0.8112,0.625,HIGH,ALIGNED,0.214,False,False,VAL
2026-03-09,CANBK.NS,DN,0.785,0.625,HIGH,ALIGNED,1.6868,False,False,VAL
2026-03-09,GAIL.NS,DN,0.7721,0.75,HIGH,ALIGNED,0.8793,False,False,VAL
2026-03-09,BOSCHLTD.NS,DN,0.7648,0.625,HIGH,ALIGNED,1.519,False,False,VAL
2026-03-09,JPPOWER.NS,DN,0.7643,0.625,HIGH,ALIGNED,1.1219,False,False,VAL
2026-03-09,LTTS.NS,DN,0.7638,0.625,HIGH,ALIGNED,1.1883,False,False,VAL
2026-03-09,PNB.NS,DN,0.7638,0.75,HIGH,ALIGNED,2.1378,False,False,VAL
2026-03-09,BANKBARODA.NS,DN,0.7629,0.75,HIGH,ALIGNED,2.2045,False,False,VAL
2026-03-09,CHOLAFIN.NS,DN,0.7621,0.625,HIGH,ALIGNED,2.4574,False,False,VAL
2026-03-09,RAJESHEXPO.NS,DN,0.7587,0.625,HIGH,ALIGNED,-3.3289,True,True,VAL
2026-03-09,LT.NS,DN,0.7505,0.875,HIGH,ALIGNED,0.8823,False,False,VAL
2026-03-09,RAILTEL.NS,DN,0.7318,0.625,HIGH,ALIGNED,2.2151,False,False,VAL
2026-03-09,FINEORG.NS,DN,0.7313,0.5,MEDIUM,ALIGNED,0.7315,False,False,VAL
2026-03-09,MGL.NS,DN,0.7313,0.75,HIGH,ALIGNED,0.1535,False,False,VAL
2026-03-09,KEI.NS,DN,0.7169,1.0,HIGH,ALIGNED,-5.2719,True,True,VAL
2026-03-10,KEI.NS,DN,0.8641,0.875,HIGH,ALIGNED,-4.7609,True,True,VAL
2026-03-10,BPCL.NS,DN,0.8636,0.875,HIGH,ALIGNED,-0.2608,True,True,VAL
2026-03-10,SAIL.NS,DN,0.8449,0.75,HIGH,ALIGNED,2.6962,False,False,VAL
2026-03-10,IOC.NS,DN,0.8386,0.875,HIGH,ALIGNED,0.4314,False,False,VAL
2026-03-10,IDFCFIRSTB.NS,DN,0.8376,0.75,HIGH,ALIGNED,-1.6501,True,True,VAL
2026-03-10,POLYCAB.NS,DN,0.8184,0.875,HIGH,ALIGNED,-3.8003,True,True,VAL
2026-03-10,PETRONET.NS,DN,0.8063,0.75,HIGH,ALIGNED,-0.1551,True,True,VAL
2026-03-10,TIINDIA.NS,DN,0.7793,0.75,HIGH,ALIGNED,-2.9537,True,True,VAL
2026-03-10,BOSCHLTD.NS,DN,0.7779,0.75,HIGH,ALIGNED,-1.1378,True,True,VAL
2026-03-10,GAIL.NS,DN,0.7769,0.875,HIGH,ALIGNED,-1.5437,True,True,VAL
2026-03-10,MGL.NS,DN,0.7575,0.75,HIGH,ALIGNED,0.5173,False,False,VAL
2026-03-10,TATASTEEL.NS,DN,0.7551,0.625,HIGH,ALIGNED,-0.1333,True,True,VAL
2026-03-10,CANBK.NS,DN,0.7524,0.625,HIGH,ALIGNED,-2.0103,True,True,VAL
2026-03-10,CHOLAFIN.NS,DN,0.7456,0.5,MEDIUM,ALIGNED,-3.9768,True,True,VAL
2026-03-10,LTTS.NS,DN,0.7386,0.75,HIGH,ALIGNED,-1.6948,True,True,VAL
2026-03-10,UNIONBANK.NS,DN,0.7345,0.625,HIGH,ALIGNED,-2.8878,True,True,VAL
2026-03-10,RAJESHEXPO.NS,DN,0.7303,0.75,HIGH,ALIGNED,4.9272,False,False,VAL
2026-03-10,JPPOWER.NS,DN,0.7211,0.75,HIGH,ALIGNED,1.0355,False,False,VAL
2026-03-10,BANKBARODA.NS,DN,0.7036,0.625,HIGH,ALIGNED,-1.7323,True,True,VAL
2026-03-10,ONGC.NS,DN,0.7019,0.75,HIGH,ALIGNED,0.5758,False,False,VAL
2026-03-11,PARAS.NS,DN,0.867,0.75,HIGH,ALIGNED,-1.7626,True,True,VAL
2026-03-11,KEI.NS,DN,0.8643,0.75,HIGH,ALIGNED,0.2083,False,False,VAL
2026-03-11,IDFCFIRSTB.NS,DN,0.8451,0.75,HIGH,ALIGNED,-2.0859,True,True,VAL
2026-03-11,POLYCAB.NS,DN,0.8398,0.75,HIGH,ALIGNED,0.3432,False,False,VAL
2026-03-11,BPCL.NS,DN,0.8342,0.75,HIGH,ALIGNED,0.3999,False,False,VAL
2026-03-11,TIINDIA.NS,DN,0.8008,0.75,HIGH,ALIGNED,-0.6352,True,True,VAL
2026-03-11,CHOLAFIN.NS,DN,0.7944,0.75,HIGH,ALIGNED,-2.0098,True,True,VAL
2026-03-11,IDEAFORGE.NS,DN,0.7755,0.75,HIGH,ALIGNED,-1.6047,True,True,VAL
2026-03-11,IOC.NS,DN,0.7551,0.625,HIGH,ALIGNED,-0.2926,True,True,VAL
2026-03-11,LTTS.NS,DN,0.7301,0.75,HIGH,ALIGNED,1.0364,False,False,VAL
2026-03-11,ASHOKLEY.NS,DN,0.7274,0.875,HIGH,ALIGNED,-3.3521,True,True,VAL
2026-03-11,UNIONBANK.NS,DN,0.7085,0.75,HIGH,ALIGNED,0.6522,False,False,VAL
2026-03-11,AMBER.NS,DN,0.7029,0.875,HIGH,ALIGNED,-5.1793,True,True,VAL
2026-03-11,AXISBANK.NS,DN,0.692,0.625,HIGH,ALIGNED,-1.6961,True,True,VAL
2026-03-11,BHARTIARTL.NS,DN,0.6879,0.625,HIGH,ALIGNED,-0.3154,True,True,VAL
2026-03-11,SAPPHIRE.NS,DN,0.6852,0.75,HIGH,ALIGNED,-0.9824,True,True,VAL
2026-03-11,KPITTECH.NS,DN,0.682,0.75,HIGH,ALIGNED,-1.6844,True,True,VAL
2026-03-11,ICICIBANK.NS,DN,0.6782,0.75,HIGH,ALIGNED,-2.1706,True,True,VAL
2026-03-11,ATUL.NS,DN,0.6757,0.75,HIGH,ALIGNED,1.6041,False,False,VAL
2026-03-11,BOSCHLTD.NS,DN,0.6733,0.625,HIGH,ALIGNED,-1.2928,True,True,VAL
2026-03-12,KEI.NS,DN,0.8571,0.625,HIGH,ALIGNED,-3.9723,True,True,VAL
2026-03-12,IDFCFIRSTB.NS,DN,0.8515,0.625,HIGH,ALIGNED,-3.4115,True,True,VAL
2026-03-12,PARAS.NS,DN,0.849,0.75,HIGH,ALIGNED,-4.4632,True,True,VAL
2026-03-12,POLYCAB.NS,DN,0.8441,0.625,HIGH,ALIGNED,-3.5077,True,True,VAL
2026-03-12,TVSMOTOR.NS,DN,0.827,0.75,HIGH,ALIGNED,-2.8662,True,True,VAL
2026-03-12,AMBER.NS,DN,0.825,0.75,HIGH,ALIGNED,-6.9774,True,True,VAL
2026-03-12,ASHOKLEY.NS,DN,0.8081,0.75,HIGH,ALIGNED,-4.3817,True,True,VAL
2026-03-12,TIINDIA.NS,DN,0.7855,0.75,HIGH,ALIGNED,-3.5887,True,True,VAL
2026-03-12,CHOLAFIN.NS,DN,0.7836,0.875,HIGH,ALIGNED,-0.7929,True,True,VAL
2026-03-12,BPCL.NS,DN,0.7824,0.75,HIGH,ALIGNED,-2.1603,True,True,VAL
2026-03-12,LT.NS,DN,0.7689,0.75,HIGH,ALIGNED,-7.5413,True,True,VAL
2026-03-12,EICHERMOT.NS,DN,0.7588,0.75,HIGH,ALIGNED,-3.3618,True,True,VAL
2026-03-12,ADANIPORTS.NS,DN,0.7574,0.625,HIGH,ALIGNED,-2.0338,True,True,VAL
2026-03-12,MARUTI.NS,DN,0.7561,0.75,HIGH,ALIGNED,-3.228,True,True,VAL
2026-03-12,M&M.NS,DN,0.7304,0.75,HIGH,ALIGNED,-3.3023,True,True,VAL
2026-03-12,INDUSINDBK.NS,DN,0.7179,0.75,HIGH,ALIGNED,-2.0389,True,True,VAL
2026-03-12,DATAPATTNS.NS,DN,0.7114,0.75,HIGH,ALIGNED,-3.5114,True,True,VAL
2026-03-12,JYOTHYLAB.NS,DN,0.7088,0.625,HIGH,ALIGNED,-4.1248,True,True,VAL
2026-03-12,IOC.NS,DN,0.7076,0.625,HIGH,ALIGNED,-2.2602,True,True,VAL
2026-03-12,VBL.NS,DN,0.6998,0.75,HIGH,ALIGNED,-2.372,True,True,VAL
2026-03-13,PARAS.NS,DN,0.8773,0.75,HIGH,ALIGNED,-0.7043,True,True,VAL
2026-03-13,AMBER.NS,DN,0.858,0.75,HIGH,ALIGNED,1.2799,False,False,VAL
2026-03-13,IRCON.NS,DN,0.85,0.75,HIGH,ALIGNED,-3.3712,True,True,VAL
2026-03-13,IDFCFIRSTB.NS,DN,0.8337,0.625,HIGH,ALIGNED,0.3836,False,False,VAL
2026-03-13,LT.NS,DN,0.8271,0.75,HIGH,ALIGNED,0.884,False,False,VAL
2026-03-13,POLYCAB.NS,DN,0.8239,0.75,HIGH,ALIGNED,-0.9244,True,True,VAL
2026-03-13,MRPL.NS,DN,0.8237,0.75,HIGH,ALIGNED,16.0716,False,False,VAL
2026-03-13,TVSMOTOR.NS,DN,0.81,0.75,HIGH,ALIGNED,1.513,False,False,VAL
2026-03-13,KEI.NS,DN,0.7956,0.625,HIGH,ALIGNED,0.3848,False,False,VAL
2026-03-13,ASHOKLEY.NS,DN,0.762,0.75,HIGH,ALIGNED,1.2423,False,False,VAL
2026-03-13,M&M.NS,DN,0.7612,0.75,HIGH,ALIGNED,3.5823,False,False,VAL
2026-03-13,SAPPHIRE.NS,DN,0.7578,0.75,HIGH,ALIGNED,0.3199,False,False,VAL
2026-03-13,BHARATFORG.NS,DN,0.7576,0.75,HIGH,ALIGNED,1.3074,False,False,VAL
2026-03-13,EICHERMOT.NS,DN,0.752,0.75,HIGH,ALIGNED,1.2832,False,False,VAL
2026-03-13,TIINDIA.NS,DN,0.7493,0.75,HIGH,ALIGNED,-1.4604,True,True,VAL
2026-03-13,MOIL.NS,DN,0.7363,0.75,HIGH,ALIGNED,-4.6512,True,True,VAL
2026-03-13,DATAPATTNS.NS,DN,0.7326,0.75,HIGH,ALIGNED,-3.7045,True,True,VAL
2026-03-13,CRAFTSMAN.NS,DN,0.728,0.75,HIGH,ALIGNED,1.7755,False,False,VAL
2026-03-13,MIDHANI.NS,DN,0.7205,0.75,HIGH,ALIGNED,-2.2052,True,True,VAL
2026-03-13,MARUTI.NS,DN,0.72,0.75,HIGH,ALIGNED,1.3184,False,False,VAL
2026-03-16,PARAS.NS,DN,0.878,0.75,HIGH,ALIGNED,1.5762,False,False,VAL
2026-03-16,IRCON.NS,DN,0.8481,0.625,HIGH,ALIGNED,0.5484,False,False,VAL
2026-03-16,POLYCAB.NS,DN,0.8196,0.75,HIGH,ALIGNED,0.5542,False,False,VAL
2026-03-16,IDEAFORGE.NS,DN,0.8043,0.625,HIGH,ALIGNED,11.7834,False,False,VAL
2026-03-16,AMBER.NS,DN,0.7843,0.625,HIGH,ALIGNED,3.8217,False,False,VAL
2026-03-16,LT.NS,DN,0.7749,0.625,HIGH,ALIGNED,2.1156,False,False,VAL
2026-03-16,KEI.NS,DN,0.772,0.625,HIGH,ALIGNED,1.0182,False,False,VAL
2026-03-16,MOIL.NS,DN,0.7703,0.75,HIGH,ALIGNED,19.996,False,False,VAL
2026-03-16,DATAPATTNS.NS,DN,0.7457,0.75,HIGH,ALIGNED,6.6087,False,False,VAL
2026-03-16,NATIONALUM.NS,DN,0.7452,0.75,HIGH,ALIGNED,6.1518,False,False,VAL
2026-03-16,CRAFTSMAN.NS,DN,0.7341,0.75,HIGH,ALIGNED,1.8329,False,False,VAL
2026-03-16,BHARATFORG.NS,DN,0.7258,0.625,HIGH,ALIGNED,2.8874,False,False,VAL
2026-03-16,TVSMOTOR.NS,DN,0.7208,0.625,HIGH,ALIGNED,3.4728,False,False,VAL
2026-03-16,MIDHANI.NS,DN,0.7082,0.625,HIGH,ALIGNED,4.7876,False,False,VAL
2026-03-16,HINDZINC.NS,DN,0.7053,0.75,HIGH,ALIGNED,2.3415,False,False,VAL
2026-03-16,VBL.NS,DN,0.7024,0.75,HIGH,ALIGNED,-0.1965,True,True,VAL
2026-03-16,LAURUSLABS.NS,DN,0.6976,0.75,HIGH,ALIGNED,0.8222,False,False,VAL
2026-03-16,COCHINSHIP.NS,DN,0.6874,0.75,HIGH,ALIGNED,1.8656,False,False,VAL
2026-03-16,TIINDIA.NS,DN,0.6865,0.875,HIGH,ALIGNED,2.2128,False,False,VAL
2026-03-16,ASHOKLEY.NS,DN,0.6816,0.5,MEDIUM,ALIGNED,1.9332,False,False,VAL
2026-03-17,IRCON.NS,DN,0.8701,0.75,HIGH,ALIGNED,2.553,False,False,VAL
2026-03-17,PARAS.NS,DN,0.8587,0.625,HIGH,ALIGNED,1.4896,False,False,VAL
2026-03-17,TVSMOTOR.NS,DN,0.7786,0.625,HIGH,ALIGNED,2.3139,False,False,VAL
2026-03-17,LT.NS,DN,0.7755,0.75,HIGH,ALIGNED,1.8375,False,False,VAL
2026-03-17,AMBER.NS,DN,0.7556,0.75,HIGH,ALIGNED,1.0623,False,False,VAL
2026-03-17,SHRIRAMFIN.NS,DN,0.7512,0.625,HIGH,ALIGNED,1.6922,False,False,VAL
2026-03-17,EICHERMOT.NS,DN,0.7468,0.625,HIGH,ALIGNED,1.7004,False,False,VAL
2026-03-17,ASHOKLEY.NS,DN,0.725,0.625,HIGH,ALIGNED,1.4252,False,False,VAL
2026-03-17,DEEPAKFERT.NS,DN,0.7112,0.875,HIGH,ALIGNED,3.7273,False,False,VAL
2026-03-17,CRAFTSMAN.NS,DN,0.7041,0.625,HIGH,ALIGNED,-0.4265,True,True,VAL
2026-03-17,SUDARSCHEM.NS,DN,0.6993,0.75,HIGH,ALIGNED,3.501,False,False,VAL
2026-03-17,M&MFIN.NS,DN,0.6954,0.75,HIGH,ALIGNED,0.5003,False,False,VAL
2026-03-17,COCHINSHIP.NS,DN,0.6944,0.625,HIGH,ALIGNED,3.8467,False,False,VAL
2026-03-17,IDEA.NS,DN,0.685,0.75,HIGH,ALIGNED,2.0541,False,False,VAL
2026-03-17,MOTHERSON.NS,DN,0.683,0.625,HIGH,ALIGNED,1.6835,False,False,VAL
2026-03-17,LAURUSLABS.NS,DN,0.6806,0.75,HIGH,ALIGNED,1.5175,False,False,VAL
2026-03-17,MARUTI.NS,DN,0.6806,0.75,HIGH,ALIGNED,0.5859,False,False,VAL
2026-03-17,VBL.NS,DN,0.6806,0.75,HIGH,ALIGNED,2.1533,False,False,VAL
2026-03-17,MAZDOCK.NS,DN,0.6803,0.5,MEDIUM,ALIGNED,4.0046,False,False,VAL
2026-03-17,CLEAN.NS,DN,0.676,0.75,HIGH,ALIGNED,3.7923,False,False,VAL
2026-03-18,IRCON.NS,DN,0.8343,0.625,HIGH,ALIGNED,-4.2929,True,True,VAL
2026-03-18,RADICO.NS,DN,0.8232,0.625,HIGH,ALIGNED,-4.2698,True,True,VAL
2026-03-18,BLUESTARCO.NS,DN,0.792,0.75,HIGH,ALIGNED,-4.7318,True,True,VAL
2026-03-18,LT.NS,DN,0.7879,0.5,MEDIUM,ALIGNED,-4.8061,True,True,VAL
2026-03-18,IOC.NS,DN,0.7669,0.75,HIGH,ALIGNED,-3.7364,True,True,VAL
2026-03-18,DEEPAKFERT.NS,DN,0.7626,0.75,HIGH,ALIGNED,-3.1429,True,True,VAL
2026-03-18,HINDZINC.NS,DN,0.7505,0.75,HIGH,ALIGNED,-5.8501,True,True,VAL
2026-03-18,NATIONALUM.NS,DN,0.7367,0.625,HIGH,ALIGNED,-2.7473,True,True,VAL
2026-03-18,VEDL.NS,DN,0.7302,0.75,HIGH,ALIGNED,-2.0103,True,True,VAL
2026-03-18,GLENMARK.NS,DN,0.7248,0.625,HIGH,ALIGNED,-4.0617,True,True,VAL
2026-03-18,SUDARSCHEM.NS,DN,0.7215,0.625,HIGH,ALIGNED,-5.6131,True,True,VAL
2026-03-18,AMBER.NS,DN,0.7162,0.625,HIGH,ALIGNED,-2.5255,True,True,VAL
2026-03-18,IGL.NS,DN,0.715,0.625,HIGH,ALIGNED,-2.3136,True,True,VAL
2026-03-18,NATCOPHARM.NS,DN,0.713,0.625,HIGH,ALIGNED,-2.0722,True,True,VAL
2026-03-18,CRAFTSMAN.NS,DN,0.7092,0.75,HIGH,ALIGNED,-0.4719,True,True,VAL
2026-03-18,SOLARINDS.NS,DN,0.7029,0.75,HIGH,ALIGNED,-3.9419,True,True,VAL
2026-03-18,COCHINSHIP.NS,DN,0.6935,0.5,MEDIUM,ALIGNED,-3.5767,True,True,VAL
2026-03-18,FINPIPE.NS,DN,0.6911,0.75,HIGH,ALIGNED,-1.5827,True,True,VAL
2026-03-18,BPCL.NS,DN,0.6889,0.625,HIGH,ALIGNED,-5.8281,True,True,VAL
2026-03-18,DATAPATTNS.NS,DN,0.6874,0.625,HIGH,ALIGNED,-1.381,True,True,VAL
2026-03-19,PETRONET.NS,DN,0.848,0.625,HIGH,ALIGNED,-4.8735,True,True,VAL
2026-03-19,IRCON.NS,DN,0.8473,0.75,HIGH,ALIGNED,-0.4026,True,True,VAL
2026-03-19,BLUESTARCO.NS,DN,0.8315,0.625,HIGH,ALIGNED,-1.4364,True,True,VAL
2026-03-19,RADICO.NS,DN,0.8234,0.75,HIGH,ALIGNED,2.5636,False,False,VAL
2026-03-19,HINDZINC.NS,DN,0.8116,0.75,HIGH,ALIGNED,1.6991,False,False,VAL
2026-03-19,SHRIRAMFIN.NS,DN,0.8054,0.875,HIGH,ALIGNED,-1.1792,True,True,VAL
2026-03-19,NATIONALUM.NS,DN,0.7882,0.375,MEDIUM,CONFLICT,-2.2546,True,True,VAL
2026-03-19,IOC.NS,DN,0.7847,0.625,HIGH,ALIGNED,1.3102,False,False,VAL
2026-03-19,SUDARSCHEM.NS,DN,0.7833,0.625,HIGH,ALIGNED,5.5054,False,False,VAL
2026-03-19,BPCL.NS,DN,0.7687,0.75,HIGH,ALIGNED,0.6294,False,False,VAL
2026-03-19,DEEPAKFERT.NS,DN,0.7446,0.75,HIGH,ALIGNED,-0.5691,True,True,VAL
2026-03-19,RVNL.NS,DN,0.7443,0.75,HIGH,ALIGNED,0.8386,False,False,VAL
2026-03-19,JINDALSTEL.NS,DN,0.7291,0.625,HIGH,ALIGNED,4.2527,False,False,VAL
2026-03-19,MOTHERSON.NS,DN,0.7227,0.75,HIGH,ALIGNED,-0.1432,True,True,VAL
2026-03-19,FINPIPE.NS,DN,0.7155,0.625,HIGH,ALIGNED,-0.0572,True,True,VAL
2026-03-19,SOLARINDS.NS,DN,0.7131,0.75,HIGH,ALIGNED,-1.7099,True,True,VAL
2026-03-19,AJANTPHARM.NS,DN,0.7039,0.75,HIGH,ALIGNED,-1.3316,True,True,VAL
2026-03-19,VEDL.NS,DN,0.7037,0.5,MEDIUM,ALIGNED,1.0295,False,False,VAL
2026-03-19,WELCORP.NS,DN,0.7034,0.75,HIGH,ALIGNED,1.1132,False,False,VAL
2026-03-19,RAILTEL.NS,DN,0.7027,0.625,HIGH,ALIGNED,0.3882,False,False,VAL
2026-03-20,PETRONET.NS,DN,0.8835,0.75,HIGH,ALIGNED,-7.6072,True,True,VAL
2026-03-20,SHRIRAMFIN.NS,DN,0.851,0.875,HIGH,ALIGNED,-6.4884,True,True,VAL
2026-03-20,BPCL.NS,DN,0.8138,0.75,HIGH,ALIGNED,-5.7331,True,True,VAL
2026-03-20,IOC.NS,DN,0.8052,0.75,HIGH,ALIGNED,-4.4882,True,True,VAL
2026-03-20,RADICO.NS,DN,0.7985,0.625,HIGH,ALIGNED,-2.0259,True,True,VAL
2026-03-20,BLUESTARCO.NS,DN,0.7837,0.625,HIGH,ALIGNED,-5.1212,True,True,VAL
2026-03-20,NATIONALUM.NS,DN,0.7628,0.875,HIGH,ALIGNED,-5.0882,True,True,VAL
2026-03-20,MGL.NS,DN,0.7554,0.75,HIGH,ALIGNED,-6.0697,True,True,VAL
2026-03-20,GNFC.NS,DN,0.7537,0.875,HIGH,ALIGNED,-5.7978,True,True,VAL
2026-03-20,HINDZINC.NS,DN,0.749,0.75,HIGH,ALIGNED,-5.2647,True,True,VAL
2026-03-20,AJANTPHARM.NS,DN,0.7337,0.75,HIGH,ALIGNED,-3.7147,True,True,VAL
2026-03-20,FINPIPE.NS,DN,0.7333,0.75,HIGH,ALIGNED,-3.6992,True,True,VAL
2026-03-20,SOLARINDS.NS,DN,0.7204,0.625,HIGH,ALIGNED,-3.8967,True,True,VAL
2026-03-20,SUDARSCHEM.NS,DN,0.7175,0.625,HIGH,ALIGNED,-6.4919,True,True,VAL
2026-03-20,VOLTAS.NS,DN,0.7175,0.625,HIGH,ALIGNED,-5.5342,True,True,VAL
2026-03-20,DEEPAKFERT.NS,DN,0.7131,0.75,HIGH,ALIGNED,-4.0119,True,True,VAL
2026-03-20,NCC.NS,DN,0.7123,0.75,HIGH,ALIGNED,-5.9037,True,True,VAL
2026-03-20,RAJESHEXPO.NS,DN,0.7108,0.75,HIGH,ALIGNED,-4.9995,True,True,VAL
2026-03-20,CESC.NS,DN,0.7074,0.75,HIGH,ALIGNED,-2.645,True,True,VAL
2026-03-20,PGHH.NS,DN,0.7074,0.75,HIGH,ALIGNED,-2.5858,True,True,VAL
2026-03-23,PETRONET.NS,DN,0.8941,0.75,HIGH,ALIGNED,1.6173,False,False,VAL
2026-03-23,SHRIRAMFIN.NS,DN,0.8712,0.75,HIGH,ALIGNED,2.9509,False,False,VAL
2026-03-23,GNFC.NS,DN,0.8027,0.75,HIGH,ALIGNED,1.995,False,False,VAL
2026-03-23,BLUESTARCO.NS,DN,0.8025,0.75,HIGH,ALIGNED,2.7636,False,False,VAL
2026-03-23,HDFCBANK.NS,DN,0.7897,0.75,HIGH,ALIGNED,2.7884,False,False,VAL
2026-03-23,BPCL.NS,DN,0.7855,0.625,HIGH,ALIGNED,4.0361,False,False,VAL
2026-03-23,RADICO.NS,DN,0.7756,0.625,HIGH,ALIGNED,1.1778,False,False,VAL
2026-03-23,VOLTAS.NS,DN,0.7692,0.75,HIGH,ALIGNED,4.0681,False,False,VAL
2026-03-23,MGL.NS,DN,0.7601,0.625,HIGH,ALIGNED,1.5412,False,False,VAL
2026-03-23,GAIL.NS,DN,0.753,0.625,HIGH,ALIGNED,1.6765,False,False,VAL
2026-03-23,NCC.NS,DN,0.7362,0.625,HIGH,ALIGNED,2.9254,False,False,VAL
2026-03-23,HFCL.NS,DN,0.7333,0.75,HIGH,ALIGNED,4.6473,False,False,VAL
2026-03-23,MUTHOOTFIN.NS,DN,0.7229,0.875,HIGH,ALIGNED,1.271,False,False,VAL
2026-03-23,RAJESHEXPO.NS,DN,0.7133,0.625,HIGH,ALIGNED,-4.9938,True,True,VAL
2026-03-23,BDL.NS,DN,0.7086,0.625,HIGH,ALIGNED,1.3466,False,False,VAL
2026-03-23,HINDZINC.NS,DN,0.7012,0.75,HIGH,ALIGNED,1.9276,False,False,VAL
2026-03-23,HINDALCO.NS,DN,0.6869,0.75,HIGH,ALIGNED,1.7138,False,False,VAL
2026-03-23,DABUR.NS,DN,0.6835,0.625,HIGH,ALIGNED,0.9704,False,False,VAL
2026-03-23,RVNL.NS,DN,0.682,0.625,HIGH,ALIGNED,3.2767,False,False,VAL
2026-03-23,MOTHERSON.NS,DN,0.6805,0.625,HIGH,ALIGNED,4.2593,False,False,VAL
2026-03-24,SHRIRAMFIN.NS,DN,0.84,0.75,HIGH,ALIGNED,5.799,False,False,VAL
2026-03-24,PETRONET.NS,DN,0.8152,0.75,HIGH,ALIGNED,3.2865,False,False,VAL
2026-03-24,NATIONALUM.NS,DN,0.8086,0.75,HIGH,ALIGNED,3.5669,False,False,VAL
2026-03-24,BLUESTARCO.NS,DN,0.798,0.75,HIGH,ALIGNED,4.7242,False,False,VAL
2026-03-24,FINPIPE.NS,DN,0.7855,0.75,HIGH,ALIGNED,1.2653,False,False,VAL
2026-03-24,HDFCBANK.NS,DN,0.7782,0.75,HIGH,ALIGNED,2.2748,False,False,VAL
2026-03-24,GRSE.NS,DN,0.7635,0.75,HIGH,ALIGNED,1.0209,False,False,VAL
2026-03-24,RAJESHEXPO.NS,DN,0.7559,0.625,HIGH,ALIGNED,4.9617,False,False,VAL
2026-03-24,PFC.NS,DN,0.7527,0.875,HIGH,ALIGNED,1.1787,False,False,VAL
2026-03-24,BDL.NS,DN,0.7522,0.75,HIGH,ALIGNED,0.6899,False,False,VAL
2026-03-24,HINDZINC.NS,DN,0.752,0.875,HIGH,ALIGNED,4.1545,False,False,VAL
2026-03-24,GAIL.NS,DN,0.7471,0.875,HIGH,ALIGNED,1.1114,False,False,VAL
2026-03-24,HINDALCO.NS,DN,0.7446,0.75,HIGH,ALIGNED,1.6381,False,False,VAL
2026-03-24,MUTHOOTFIN.NS,DN,0.7444,0.875,HIGH,ALIGNED,5.2295,False,False,VAL
2026-03-24,RECLTD.NS,DN,0.7436,0.75,HIGH,ALIGNED,2.1509,False,False,VAL
2026-03-24,VOLTAS.NS,DN,0.7395,0.75,HIGH,ALIGNED,5.1225,False,False,VAL
2026-03-24,ONMOBILE.NS,DN,0.7297,0.75,HIGH,ALIGNED,-0.9559,True,True,VAL
2026-03-24,MOIL.NS,DN,0.6892,0.625,HIGH,ALIGNED,-0.1554,True,True,VAL
2026-03-24,BSE.NS,DN,0.6848,0.5,MEDIUM,ALIGNED,3.0044,False,False,VAL
2026-03-24,CASTROLIND.NS,DN,0.6838,0.75,HIGH,ALIGNED,2.4514,False,False,VAL
2026-03-25,PFC.NS,DN,0.8261,0.75,HIGH,ALIGNED,-1.8466,True,True,VAL
2026-03-25,SHRIRAMFIN.NS,DN,0.8145,0.625,HIGH,ALIGNED,-5.4603,True,True,VAL
2026-03-25,GAIL.NS,DN,0.7929,0.75,HIGH,ALIGNED,-1.444,True,True,VAL
2026-03-25,BDL.NS,DN,0.7911,0.75,HIGH,ALIGNED,-3.8318,True,True,VAL
2026-03-25,PETRONET.NS,DN,0.7877,0.625,HIGH,ALIGNED,-1.4609,True,True,VAL
2026-03-25,SAPPHIRE.NS,DN,0.78,0.75,HIGH,ALIGNED,-0.4564,True,True,VAL
2026-03-25,RECLTD.NS,DN,0.7732,0.625,HIGH,ALIGNED,-2.8227,True,True,VAL
2026-03-25,FINPIPE.NS,DN,0.7727,0.875,HIGH,ALIGNED,-2.9729,True,True,VAL
2026-03-25,ONMOBILE.NS,DN,0.7677,0.75,HIGH,ALIGNED,-2.1935,True,True,VAL
2026-03-25,HDFCBANK.NS,DN,0.7675,0.5,MEDIUM,ALIGNED,-3.3363,True,True,VAL
2026-03-25,PRESTIGE.NS,DN,0.7507,0.625,HIGH,ALIGNED,-4.5029,True,True,VAL
2026-03-25,GNFC.NS,DN,0.7323,0.75,HIGH,ALIGNED,-3.3108,True,True,VAL
2026-03-25,MAZDOCK.NS,DN,0.731,0.75,HIGH,ALIGNED,-4.1225,True,True,VAL
2026-03-25,GRSE.NS,DN,0.7239,0.75,HIGH,ALIGNED,-4.9885,True,True,VAL
2026-03-25,CERA.NS,DN,0.7131,0.75,HIGH,ALIGNED,-1.8569,True,True,VAL
2026-03-25,ADANIENSOL.NS,DN,0.6958,0.5,MEDIUM,ALIGNED,-3.4733,True,True,VAL
2026-03-25,LTTS.NS,DN,0.6929,0.75,HIGH,ALIGNED,-0.0625,True,True,VAL
2026-03-25,SYMPHONY.NS,DN,0.686,0.625,HIGH,ALIGNED,-4.5333,True,True,VAL
2026-03-25,RAILTEL.NS,DN,0.6852,0.625,HIGH,ALIGNED,-3.0878,True,True,VAL
2026-03-25,AJANTPHARM.NS,DN,0.6847,0.75,HIGH,ALIGNED,-2.5001,True,True,VAL
2026-03-27,JPPOWER.NS,DN,0.8939,0.625,HIGH,ALIGNED,-4.6843,True,True,VAL
2026-03-27,MOIL.NS,DN,0.833,0.625,HIGH,ALIGNED,2.8504,False,False,VAL
2026-03-27,ONMOBILE.NS,DN,0.8002,0.625,HIGH,ALIGNED,-9.1052,True,True,VAL
2026-03-27,FINPIPE.NS,DN,0.7789,0.75,HIGH,ALIGNED,-4.8782,True,True,VAL
2026-03-27,PRESTIGE.NS,DN,0.7704,0.75,HIGH,ALIGNED,-3.9478,True,True,VAL
2026-03-27,ROUTE.NS,DN,0.7621,0.625,HIGH,ALIGNED,-5.6848,True,True,VAL
2026-03-27,ADANIENSOL.NS,DN,0.742,0.625,HIGH,ALIGNED,-2.2071,True,True,VAL
2026-03-27,GNFC.NS,DN,0.7415,0.75,HIGH,ALIGNED,-4.9416,True,True,VAL
2026-03-27,TORNTPOWER.NS,DN,0.734,0.875,HIGH,ALIGNED,-3.4386,True,True,VAL
2026-03-27,HDFCBANK.NS,DN,0.7044,0.75,HIGH,ALIGNED,-3.2597,True,True,VAL
2026-03-27,PFC.NS,DN,0.7029,0.625,HIGH,ALIGNED,-4.1667,True,True,VAL
2026-03-27,SYMPHONY.NS,DN,0.7022,0.75,HIGH,ALIGNED,-3.5859,True,True,VAL
2026-03-27,RATNAMANI.NS,DN,0.7005,0.75,HIGH,ALIGNED,-0.4206,True,True,VAL
2026-03-27,PETRONET.NS,DN,0.6968,0.5,MEDIUM,ALIGNED,0.9139,False,False,VAL
2026-03-27,RECLTD.NS,DN,0.6934,0.625,HIGH,ALIGNED,-4.1922,True,True,VAL
2026-03-27,BDL.NS,DN,0.6913,0.75,HIGH,ALIGNED,-3.5447,True,True,VAL
2026-03-27,CASTROLIND.NS,DN,0.6903,0.625,HIGH,ALIGNED,-0.891,True,True,VAL
2026-03-27,GRSE.NS,DN,0.6845,0.625,HIGH,ALIGNED,-4.6219,True,True,VAL
2026-03-27,SAIL.NS,DN,0.683,0.75,HIGH,ALIGNED,3.3795,False,False,VAL
2026-03-27,IDEAFORGE.NS,DN,0.6828,0.625,HIGH,ALIGNED,-3.5042,True,True,VAL
2026-03-30,JPPOWER.NS,DN,0.8895,0.75,HIGH,ALIGNED,6.4103,False,False,VAL
2026-03-30,OLECTRA.NS,DN,0.8865,0.75,HIGH,ALIGNED,6.1682,False,False,VAL
2026-03-30,ONMOBILE.NS,DN,0.8471,0.75,HIGH,ALIGNED,7.0318,False,False,VAL
2026-03-30,MAPMYINDIA.NS,DN,0.8446,0.625,HIGH,ALIGNED,7.7955,False,False,VAL
2026-03-30,ROUTE.NS,DN,0.8348,0.625,HIGH,ALIGNED,8.59,False,False,VAL
2026-03-30,CANBK.NS,DN,0.7924,0.75,HIGH,ALIGNED,3.1187,False,False,VAL
2026-03-30,BANKBARODA.NS,DN,0.786,0.75,HIGH,ALIGNED,1.7892,False,False,VAL
2026-03-30,FINPIPE.NS,DN,0.7797,0.75,HIGH,ALIGNED,6.0687,False,False,VAL
2026-03-30,UNIONBANK.NS,DN,0.7659,0.75,HIGH,ALIGNED,4.5311,False,False,VAL
2026-03-30,MIDHANI.NS,DN,0.7581,0.75,HIGH,ALIGNED,6.8959,False,False,VAL
2026-03-30,PRESTIGE.NS,DN,0.7578,0.75,HIGH,ALIGNED,1.6334,False,False,VAL
2026-03-30,PFC.NS,DN,0.7569,0.625,HIGH,ALIGNED,4.7958,False,False,VAL
2026-03-30,INDUSINDBK.NS,DN,0.7498,0.75,HIGH,ALIGNED,4.4123,False,False,VAL
2026-03-30,PNB.NS,DN,0.7483,0.75,HIGH,ALIGNED,3.4208,False,False,VAL
2026-03-30,ADANIENSOL.NS,DN,0.7319,0.5,MEDIUM,ALIGNED,2.3211,False,False,VAL
2026-03-30,SUDARSCHEM.NS,DN,0.7311,0.625,HIGH,ALIGNED,4.1132,False,False,VAL
2026-03-30,SJVN.NS,DN,0.7287,0.75,HIGH,ALIGNED,6.1721,False,False,VAL
2026-03-30,GRSE.NS,DN,0.7223,0.75,HIGH,ALIGNED,19.5914,False,False,VAL
2026-03-30,ASHOKLEY.NS,DN,0.7152,0.75,HIGH,ALIGNED,-3.257,True,True,VAL
2026-03-30,IDEA.NS,DN,0.713,0.625,HIGH,ALIGNED,1.2896,False,False,VAL
2026-04-01,ONMOBILE.NS,DN,0.8402,0.75,HIGH,ALIGNED,1.1526,False,False,VAL
2026-04-01,JINDALPOLY.NS,DN,0.8249,0.75,HIGH,ALIGNED,4.9959,False,False,VAL
2026-04-01,OLECTRA.NS,DN,0.8008,0.375,MEDIUM,CONFLICT,-0.5605,True,True,VAL
2026-04-01,BANKBARODA.NS,DN,0.7661,0.75,HIGH,ALIGNED,-0.98,True,True,VAL
2026-04-01,NOCIL.NS,DN,0.7641,0.375,MEDIUM,CONFLICT,0.8674,False,False,VAL
2026-04-01,CANBK.NS,DN,0.7593,0.5,MEDIUM,ALIGNED,-0.2042,True,True,VAL
2026-04-01,ASHOKLEY.NS,DN,0.7539,0.75,HIGH,ALIGNED,-0.4493,True,True,VAL
2026-04-01,JPPOWER.NS,DN,0.7498,0.5,MEDIUM,ALIGNED,0.4685,False,False,VAL
2026-04-01,FINPIPE.NS,DN,0.7439,0.5,MEDIUM,ALIGNED,0.0189,False,False,VAL
2026-04-01,PRESTIGE.NS,DN,0.7437,0.75,HIGH,ALIGNED,0.6201,False,False,VAL
2026-04-01,MAPMYINDIA.NS,DN,0.7073,0.375,MEDIUM,CONFLICT,1.407,False,False,VAL
2026-04-01,DLF.NS,DN,0.7061,0.625,HIGH,ALIGNED,2.4522,False,False,VAL
2026-04-01,HAVELLS.NS,DN,0.7017,0.625,HIGH,ALIGNED,-0.4469,True,True,VAL
2026-04-01,MIDHANI.NS,DN,0.7017,0.625,HIGH,ALIGNED,1.1934,False,False,VAL
2026-04-01,PNB.NS,DN,0.6973,0.5,MEDIUM,ALIGNED,0.4615,False,False,VAL
2026-04-01,SBIN.NS,DN,0.6924,0.5,MEDIUM,ALIGNED,0.059,False,False,VAL
2026-04-01,MOIL.NS,DN,0.6649,0.25,LOW,CONFLICT,-0.4921,True,True,VAL
2026-04-01,COLPAL.NS,DN,0.6561,0.625,HIGH,ALIGNED,0.5386,False,False,VAL
2026-04-01,PFC.NS,DN,0.6559,0.375,MEDIUM,CONFLICT,1.1441,False,False,VAL
2026-04-01,ROUTE.NS,DN,0.6529,0.375,MEDIUM,CONFLICT,1.7505,False,False,VAL
2026-04-02,OLECTRA.NS,DN,0.8808,0.625,HIGH,ALIGNED,1.1813,False,False,VAL
2026-04-02,ALKYLAMINE.NS,DN,0.8622,0.5,MEDIUM,ALIGNED,0.3487,False,False,VAL
2026-04-02,BANKBARODA.NS,DN,0.7918,0.875,HIGH,ALIGNED,4.0872,False,False,VAL
2026-04-02,CANBK.NS,DN,0.7895,0.75,HIGH,ALIGNED,2.7314,False,False,VAL
2026-04-02,M&MFIN.NS,DN,0.7635,0.875,HIGH,ALIGNED,-1.3677,True,True,VAL
2026-04-02,HEROMOTOCO.NS,DN,0.75,0.75,HIGH,ALIGNED,1.8358,False,False,VAL
2026-04-02,ASHOKLEY.NS,DN,0.74,0.875,HIGH,ALIGNED,1.664,False,False,VAL
2026-04-02,BIOCON.NS,DN,0.7252,0.75,HIGH,ALIGNED,0.6949,False,False,VAL
2026-04-02,ROUTE.NS,DN,0.7252,0.375,MEDIUM,CONFLICT,1.0453,False,False,VAL
2026-04-02,JPPOWER.NS,DN,0.7251,0.375,MEDIUM,CONFLICT,0.8661,False,False,VAL
2026-04-02,SRF.NS,DN,0.7212,0.75,HIGH,ALIGNED,0.7326,False,False,VAL
2026-04-02,EICHERMOT.NS,DN,0.7173,0.75,HIGH,ALIGNED,-0.8046,True,True,VAL
2026-04-02,PIDILITIND.NS,DN,0.7103,0.75,HIGH,ALIGNED,1.3819,False,False,VAL
2026-04-02,TORNTPHARM.NS,DN,0.708,0.75,HIGH,ALIGNED,0.612,False,False,VAL
2026-04-02,BAJFINANCE.NS,DN,0.7057,0.625,HIGH,ALIGNED,2.9026,False,False,VAL
2026-04-02,BLUESTARCO.NS,DN,0.6925,0.875,HIGH,ALIGNED,2.4275,False,False,VAL
2026-04-02,VOLTAS.NS,DN,0.6863,0.75,HIGH,ALIGNED,1.3437,False,False,VAL
2026-04-02,PRESTIGE.NS,DN,0.6855,0.625,HIGH,ALIGNED,2.7083,False,False,VAL
2026-04-02,IDFCFIRSTB.NS,DN,0.6808,0.75,HIGH,ALIGNED,1.4281,False,False,VAL
2026-04-02,ADANIENSOL.NS,DN,0.674,0.625,HIGH,ALIGNED,5.2836,False,False,VAL
2026-04-06,ALKYLAMINE.NS,DN,0.8206,0.625,HIGH,ALIGNED,0.8008,False,False,VAL
2026-04-06,VOLTAS.NS,DN,0.8083,0.625,HIGH,ALIGNED,-2.5399,True,True,VAL
2026-04-06,M&MFIN.NS,DN,0.8049,0.875,HIGH,ALIGNED,-1.3333,True,True,VAL
2026-04-06,OLECTRA.NS,DN,0.7823,0.5,MEDIUM,ALIGNED,-0.591,True,True,VAL
2026-04-06,CANBK.NS,DN,0.7735,0.5,MEDIUM,ALIGNED,-0.7662,True,True,VAL
2026-04-06,BIOCON.NS,DN,0.7682,0.75,HIGH,ALIGNED,-4.2113,True,True,VAL
2026-04-06,CRAFTSMAN.NS,DN,0.767,0.75,HIGH,ALIGNED,-0.5456,True,True,VAL
2026-04-06,ASHOKLEY.NS,DN,0.7507,0.625,HIGH,ALIGNED,1.3385,False,False,VAL
2026-04-06,UNIONBANK.NS,DN,0.7413,0.625,HIGH,ALIGNED,-1.2865,True,True,VAL
2026-04-06,BAJFINANCE.NS,DN,0.7328,0.5,MEDIUM,ALIGNED,0.4995,False,False,VAL
2026-04-06,PIDILITIND.NS,DN,0.7272,0.625,HIGH,ALIGNED,0.302,False,False,VAL
2026-04-06,BLUESTARCO.NS,DN,0.7231,0.625,HIGH,ALIGNED,-1.5906,True,True,VAL
2026-04-06,SRF.NS,DN,0.7192,0.875,HIGH,ALIGNED,-1.5531,True,True,VAL
2026-04-06,TORNTPHARM.NS,DN,0.7182,0.75,HIGH,ALIGNED,0.9896,False,False,VAL
2026-04-06,BANKBARODA.NS,DN,0.7167,0.625,HIGH,ALIGNED,-0.6391,True,True,VAL
2026-04-06,EICHERMOT.NS,DN,0.715,0.75,HIGH,ALIGNED,0.144,False,False,VAL
2026-04-06,JPPOWER.NS,DN,0.7142,0.5,MEDIUM,ALIGNED,0.3963,False,False,VAL
2026-04-06,TIINDIA.NS,DN,0.7038,0.5,MEDIUM,ALIGNED,0.2052,False,False,VAL
2026-04-06,ENDURANCE.NS,DN,0.7024,0.875,HIGH,ALIGNED,0.7451,False,False,VAL
2026-04-06,SUNPHARMA.NS,DN,0.6903,0.75,HIGH,ALIGNED,1.3809,False,False,VAL
2026-04-07,VOLTAS.NS,DN,0.8308,0.75,HIGH,ALIGNED,3.6551,False,False,VAL
2026-04-07,BIOCON.NS,DN,0.8108,0.75,HIGH,ALIGNED,2.8672,False,False,VAL
2026-04-07,UNIONBANK.NS,DN,0.7729,0.625,HIGH,ALIGNED,8.0172,False,False,VAL
2026-04-07,M&MFIN.NS,DN,0.7547,0.875,HIGH,ALIGNED,6.9189,False,False,VAL
2026-04-07,IDEA.NS,DN,0.7392,0.75,HIGH,ALIGNED,6.6049,False,False,VAL
2026-04-07,ERIS.NS,DN,0.7382,0.5,MEDIUM,ALIGNED,2.6304,False,False,VAL
2026-04-07,BLUESTARCO.NS,DN,0.7266,0.875,HIGH,ALIGNED,5.1217,False,False,VAL
2026-04-07,SUNPHARMA.NS,DN,0.7246,0.625,HIGH,ALIGNED,-0.1979,True,True,VAL
2026-04-07,ASHOKLEY.NS,DN,0.719,0.5,MEDIUM,ALIGNED,12.7836,False,False,VAL
2026-04-07,CENTUM.NS,DN,0.716,0.75,HIGH,ALIGNED,-1.4825,True,True,VAL
2026-04-07,DRREDDY.NS,DN,0.7118,0.875,HIGH,ALIGNED,-0.3929,True,True,VAL
2026-04-07,TORNTPHARM.NS,DN,0.7094,0.75,HIGH,ALIGNED,-0.5455,True,True,VAL
2026-04-07,RVNL.NS,DN,0.7039,0.75,HIGH,ALIGNED,5.2362,False,False,VAL
2026-04-07,M&M.NS,DN,0.6904,0.75,HIGH,ALIGNED,6.7684,False,False,VAL
2026-04-07,HDFCLIFE.NS,DN,0.6879,0.625,HIGH,ALIGNED,2.8537,False,False,VAL
2026-04-07,NAVINFLUOR.NS,DN,0.6833,0.75,HIGH,ALIGNED,4.1226,False,False,VAL
2026-04-07,CANBK.NS,DN,0.6798,0.5,MEDIUM,ALIGNED,7.4743,False,False,VAL
2026-04-07,GLENMARK.NS,DN,0.6793,0.5,MEDIUM,ALIGNED,2.8097,False,False,VAL
2026-04-07,EICHERMOT.NS,DN,0.6756,0.875,HIGH,ALIGNED,7.9555,False,False,VAL
2026-04-07,MUTHOOTFIN.NS,DN,0.6727,0.625,HIGH,ALIGNED,8.0798,False,False,VAL
2026-04-08,NAVINFLUOR.NS,DN,0.7717,0.5,MEDIUM,ALIGNED,1.2126,False,False,VAL
2026-04-08,VOLTAS.NS,DN,0.7662,0.625,HIGH,ALIGNED,1.5101,False,False,VAL
2026-04-08,CENTUM.NS,DN,0.7609,0.625,HIGH,ALIGNED,2.7476,False,False,VAL
2026-04-08,BIOCON.NS,DN,0.7092,0.75,HIGH,ALIGNED,-1.1721,True,True,VAL
2026-04-08,OFSS.NS,DN,0.705,0.375,MEDIUM,CONFLICT,0.5223,False,False,VAL
2026-04-08,TECHM.NS,DN,0.6931,0.375,MEDIUM,CONFLICT,0.7028,False,False,VAL
2026-04-08,SUNPHARMA.NS,DN,0.6862,0.75,HIGH,ALIGNED,0.1458,False,False,VAL
2026-04-08,BLUESTARCO.NS,DN,0.6833,0.375,MEDIUM,CONFLICT,2.2354,False,False,VAL
2026-04-08,MOIL.NS,DN,0.6746,0.25,LOW,CONFLICT,0.9241,False,False,VAL
2026-04-08,DRREDDY.NS,DN,0.6739,0.75,HIGH,ALIGNED,1.7207,False,False,VAL
2026-04-08,HDFCLIFE.NS,DN,0.6667,0.5,MEDIUM,ALIGNED,-1.1867,True,True,VAL
2026-04-08,NATIONALUM.NS,DN,0.6589,0.75,HIGH,ALIGNED,3.0489,False,False,VAL
2026-04-08,SRF.NS,DN,0.6568,0.625,HIGH,ALIGNED,-1.4496,True,True,VAL
2026-04-08,OIL.NS,DN,0.6461,0.875,HIGH,ALIGNED,2.5711,False,False,VAL
2026-04-08,GLENMARK.NS,DN,0.6349,0.375,MEDIUM,CONFLICT,-0.2024,True,True,VAL
2026-04-08,ASIANPAINT.NS,DN,0.6324,0.25,LOW,CONFLICT,-0.5608,True,True,VAL
2026-04-08,TORNTPHARM.NS,DN,0.629,0.625,HIGH,ALIGNED,1.6207,False,False,VAL
2026-04-08,MRPL.NS,DN,0.6278,0.625,HIGH,ALIGNED,-1.8162,True,True,VAL
2026-04-08,GRANULES.NS,DN,0.6236,0.5,MEDIUM,ALIGNED,-1.3658,True,True,VAL
2026-04-08,AUROPHARMA.NS,DN,0.623,0.5,MEDIUM,ALIGNED,0.3519,False,False,VAL
2026-04-09,CENTUM.NS,DN,0.8022,0.625,HIGH,ALIGNED,2.5721,False,False,VAL
2026-04-09,WHIRLPOOL.NS,DN,0.752,0.625,HIGH,ALIGNED,0.7464,False,False,VAL
2026-04-09,BIOCON.NS,DN,0.7256,0.75,HIGH,ALIGNED,0.8389,False,False,VAL
2026-04-09,RVNL.NS,DN,0.7032,0.375,MEDIUM,CONFLICT,0.7954,False,False,VAL
2026-04-09,NAVINFLUOR.NS,DN,0.7017,0.25,LOW,CONFLICT,0.7498,False,False,VAL
2026-04-09,ASIANPAINT.NS,DN,0.7,0.5,MEDIUM,ALIGNED,4.0139,False,False,VAL
2026-04-09,PETRONET.NS,DN,0.6983,0.375,MEDIUM,CONFLICT,-0.2322,True,True,VAL
2026-04-09,SRF.NS,DN,0.6956,0.75,HIGH,ALIGNED,3.0669,False,False,VAL
2026-04-09,AUROPHARMA.NS,DN,0.6895,0.5,MEDIUM,ALIGNED,0.6714,False,False,VAL
2026-04-09,GRSE.NS,DN,0.6815,0.5,MEDIUM,ALIGNED,0.6419,False,False,VAL
2026-04-09,MRPL.NS,DN,0.6749,0.75,HIGH,ALIGNED,-0.9192,True,True,VAL
2026-04-09,GODREJAGRO.NS,DN,0.6629,0.375,MEDIUM,CONFLICT,0.9286,False,False,VAL
2026-04-09,ADANIPORTS.NS,DN,0.662,0.375,MEDIUM,CONFLICT,1.9276,False,False,VAL
2026-04-09,OFSS.NS,DN,0.6598,0.375,MEDIUM,CONFLICT,0.4988,False,False,VAL
2026-04-09,VOLTAS.NS,DN,0.6595,0.375,MEDIUM,CONFLICT,2.469,False,False,VAL
2026-04-09,CLEAN.NS,DN,0.6528,0.375,MEDIUM,CONFLICT,1.0462,False,False,VAL
2026-04-09,DEEPAKFERT.NS,DN,0.6503,0.375,MEDIUM,CONFLICT,2.8916,False,False,VAL
2026-04-09,GRANULES.NS,DN,0.6412,0.625,HIGH,ALIGNED,-0.5586,True,True,VAL
2026-04-09,LICHSGFIN.NS,DN,0.6355,0.25,LOW,CONFLICT,-0.1221,True,True,VAL
2026-04-09,RELIANCE.NS,DN,0.6332,0.625,HIGH,ALIGNED,1.5188,False,False,VAL
2026-04-10,TATACHEM.NS,DN,0.75,0.5,MEDIUM,ALIGNED,4.0151,False,False,VAL
2026-04-10,CENTUM.NS,DN,0.7359,0.5,MEDIUM,ALIGNED,-0.65,True,True,VAL
2026-04-10,AUROPHARMA.NS,DN,0.7043,0.5,MEDIUM,ALIGNED,-0.7114,True,True,VAL
2026-04-10,CASTROLIND.NS,DN,0.7024,0.375,MEDIUM,CONFLICT,-0.4737,True,True,VAL
2026-04-10,SUNPHARMA.NS,DN,0.6968,0.75,HIGH,ALIGNED,-0.1632,True,True,VAL
2026-04-10,INFY.NS,DN,0.6945,0.75,HIGH,ALIGNED,-1.2147,True,True,VAL
2026-04-10,TECHM.NS,DN,0.6938,0.75,HIGH,ALIGNED,-0.3333,True,True,VAL
2026-04-10,OFSS.NS,DN,0.6893,0.5,MEDIUM,ALIGNED,-1.227,True,True,VAL
2026-04-10,WHIRLPOOL.NS,DN,0.6837,0.5,MEDIUM,ALIGNED,-0.9578,True,True,VAL
2026-04-10,COFORGE.NS,DN,0.6818,0.625,HIGH,ALIGNED,0.5718,False,False,VAL
2026-04-10,PETRONET.NS,DN,0.6818,0.25,LOW,CONFLICT,-2.29,True,True,VAL
2026-04-10,LICHSGFIN.NS,DN,0.6761,0.375,MEDIUM,CONFLICT,-2.1255,True,True,VAL
2026-04-10,ONGC.NS,DN,0.6541,0.75,HIGH,ALIGNED,0.3665,False,False,VAL
2026-04-10,BIOCON.NS,DN,0.6534,0.5,MEDIUM,ALIGNED,-1.0327,True,True,VAL
2026-04-10,JINDALPOLY.NS,DN,0.6528,0.625,HIGH,ALIGNED,-4.2597,True,True,VAL
2026-04-10,NAUKRI.NS,DN,0.6481,0.75,HIGH,ALIGNED,0.3784,False,False,VAL
2026-04-10,GODREJAGRO.NS,DN,0.6477,0.25,LOW,CONFLICT,-0.8694,True,True,VAL
2026-04-10,OIL.NS,DN,0.642,0.75,HIGH,ALIGNED,1.2412,False,False,VAL
2026-04-10,DEEPAKNTR.NS,DN,0.6381,0.25,LOW,CONFLICT,0.8004,False,False,VAL
2026-04-10,ERIS.NS,DN,0.6364,0.5,MEDIUM,ALIGNED,1.3636,False,False,VAL
2026-04-13,JINDALPOLY.NS,DN,0.8258,0.75,HIGH,ALIGNED,-1.6142,True,True,VAL
2026-04-13,RBLBANK.NS,DN,0.7829,0.625,HIGH,ALIGNED,1.1389,False,False,VAL
2026-04-13,ZYDUSWELL.NS,DN,0.7563,0.5,MEDIUM,ALIGNED,-1.574,True,True,VAL
2026-04-13,KALYANKJIL.NS,DN,0.6988,0.625,HIGH,ALIGNED,0.1925,False,False,VAL
2026-04-13,WHIRLPOOL.NS,DN,0.6966,0.625,HIGH,ALIGNED,2.8403,False,False,VAL
2026-04-13,CASTROLIND.NS,DN,0.6918,0.625,HIGH,ALIGNED,0.8064,False,False,VAL
2026-04-13,POLICYBZR.NS,DN,0.6913,0.75,HIGH,ALIGNED,1.8995,False,False,VAL
2026-04-13,AUROPHARMA.NS,DN,0.689,0.625,HIGH,ALIGNED,2.5452,False,False,VAL
2026-04-13,OFSS.NS,DN,0.6832,0.625,HIGH,ALIGNED,5.276,False,False,VAL
2026-04-13,PNBHOUSING.NS,DN,0.6804,0.5,MEDIUM,ALIGNED,2.3504,False,False,VAL
2026-04-13,INTELLECT.NS,DN,0.6775,0.625,HIGH,ALIGNED,5.8048,False,False,VAL
2026-04-13,LICHSGFIN.NS,DN,0.6763,0.5,MEDIUM,ALIGNED,1.7584,False,False,VAL
2026-04-13,CENTUM.NS,DN,0.6716,0.375,MEDIUM,CONFLICT,2.331,False,False,VAL
2026-04-13,TECHM.NS,DN,0.6588,0.625,HIGH,ALIGNED,3.3719,False,False,VAL
2026-04-13,COFORGE.NS,DN,0.6581,0.5,MEDIUM,ALIGNED,4.1744,False,False,VAL
2026-04-13,INFY.NS,DN,0.6575,0.75,HIGH,ALIGNED,2.2321,False,False,VAL
2026-04-13,GRANULES.NS,DN,0.6569,0.625,HIGH,ALIGNED,3.2021,False,False,VAL
2026-04-13,PETRONET.NS,DN,0.6536,0.5,MEDIUM,ALIGNED,2.4609,False,False,VAL
2026-04-13,GODREJAGRO.NS,DN,0.6524,0.375,MEDIUM,CONFLICT,3.1335,False,False,VAL
2026-04-13,PAGEIND.NS,DN,0.6486,0.5,MEDIUM,ALIGNED,1.8968,False,False,VAL
2026-04-15,JINDALPOLY.NS,DN,0.8278,0.75,HIGH,ALIGNED,-2.1508,True,True,VAL
2026-04-15,ZYDUSWELL.NS,DN,0.7484,0.5,MEDIUM,ALIGNED,-1.4422,True,True,VAL
2026-04-15,RBLBANK.NS,DN,0.7458,0.375,MEDIUM,CONFLICT,-1.1886,True,True,VAL
2026-04-15,FINEORG.NS,DN,0.7264,0.5,MEDIUM,ALIGNED,5.5884,False,False,VAL
2026-04-15,CASTROLIND.NS,DN,0.6822,0.375,MEDIUM,CONFLICT,0.3166,False,False,VAL
2026-04-15,MPHASIS.NS,DN,0.6768,0.5,MEDIUM,ALIGNED,1.3489,False,False,VAL
2026-04-15,PERSISTENT.NS,DN,0.6658,0.5,MEDIUM,ALIGNED,0.2186,False,False,VAL
2026-04-15,INTELLECT.NS,DN,0.6652,0.375,MEDIUM,CONFLICT,1.3118,False,False,VAL
2026-04-15,NATCOPHARM.NS,DN,0.6646,0.625,HIGH,ALIGNED,-0.4306,True,True,VAL
2026-04-15,TECHM.NS,DN,0.6631,0.375,MEDIUM,CONFLICT,0.4852,False,False,VAL
2026-04-15,HCLTECH.NS,DN,0.6621,0.625,HIGH,ALIGNED,-0.0758,True,True,VAL
2026-04-15,PAGEIND.NS,DN,0.6617,0.625,HIGH,ALIGNED,1.2319,False,False,VAL
2026-04-15,INFY.NS,DN,0.6607,0.625,HIGH,ALIGNED,1.0649,False,False,VAL
2026-04-15,KALYANKJIL.NS,DN,0.6592,0.5,MEDIUM,ALIGNED,-0.4972,True,True,VAL
2026-04-15,MRPL.NS,DN,0.6585,0.625,HIGH,ALIGNED,-0.4949,True,True,VAL
2026-04-15,OIL.NS,DN,0.65,0.875,HIGH,ALIGNED,-0.1835,True,True,VAL
2026-04-15,SAIL.NS,DN,0.6487,0.5,MEDIUM,ALIGNED,2.6176,False,False,VAL
2026-04-15,POLICYBZR.NS,DN,0.6436,0.375,MEDIUM,CONFLICT,4.7211,False,False,VAL
2026-04-15,TCS.NS,DN,0.6433,0.375,MEDIUM,CONFLICT,0.8611,False,False,VAL
2026-04-15,GRANULES.NS,DN,0.6412,0.375,MEDIUM,CONFLICT,-0.2528,True,True,VAL
2026-04-16,JINDALPOLY.NS,DN,0.8546,0.75,HIGH,ALIGNED,0.2114,False,False,VAL
2026-04-16,SHRIRAMFIN.NS,DN,0.8314,0.75,HIGH,ALIGNED,1.3884,False,False,VAL
2026-04-16,KALYANKJIL.NS,DN,0.8293,0.75,HIGH,ALIGNED,-3.0547,True,True,VAL
2026-04-16,BAJFINANCE.NS,DN,0.7965,0.625,HIGH,ALIGNED,0.2594,False,False,VAL
2026-04-16,RBLBANK.NS,DN,0.7858,0.625,HIGH,ALIGNED,-0.1108,True,True,VAL
2026-04-16,CHOLAFIN.NS,DN,0.7782,0.375,MEDIUM,CONFLICT,0.5797,False,False,VAL
2026-04-16,UNIONBANK.NS,DN,0.7625,0.5,MEDIUM,ALIGNED,0.2228,False,False,VAL
2026-04-16,TEJASNET.NS,DN,0.7587,0.75,HIGH,ALIGNED,-1.7814,True,True,VAL
2026-04-16,HDFCBANK.NS,DN,0.7316,0.625,HIGH,ALIGNED,0.5594,False,False,VAL
2026-04-16,PRESTIGE.NS,DN,0.7285,0.5,MEDIUM,ALIGNED,1.4127,False,False,VAL
2026-04-16,CANBK.NS,DN,0.7273,0.375,MEDIUM,CONFLICT,0.9502,False,False,VAL
2026-04-16,MARUTI.NS,DN,0.7273,0.625,HIGH,ALIGNED,0.8849,False,False,VAL
2026-04-16,PNBHOUSING.NS,DN,0.7195,0.5,MEDIUM,ALIGNED,3.3453,False,False,VAL
2026-04-16,GRSE.NS,DN,0.7189,0.375,MEDIUM,CONFLICT,3.9957,False,False,VAL
2026-04-16,EICHERMOT.NS,DN,0.7155,0.5,MEDIUM,ALIGNED,0.8204,False,False,VAL
2026-04-16,ASHOKLEY.NS,DN,0.7128,0.5,MEDIUM,ALIGNED,-1.1034,True,True,VAL
2026-04-16,NATCOPHARM.NS,DN,0.7087,0.75,HIGH,ALIGNED,3.0272,False,False,VAL
2026-04-16,GODREJPROP.NS,DN,0.7021,0.5,MEDIUM,ALIGNED,0.6524,False,False,VAL
2026-04-16,HEROMOTOCO.NS,DN,0.6978,0.875,HIGH,ALIGNED,1.3761,False,False,VAL
2026-04-16,GALAXYSURF.NS,DN,0.6894,0.75,HIGH,ALIGNED,1.2343,False,False,VAL
2026-04-17,JINDALPOLY.NS,DN,0.8699,0.75,HIGH,ALIGNED,0.5765,False,False,VAL
2026-04-17,KALYANKJIL.NS,DN,0.8479,0.75,HIGH,ALIGNED,-2.1905,True,True,VAL
2026-04-17,ASHOKLEY.NS,DN,0.7964,0.375,MEDIUM,CONFLICT,0.6751,False,False,VAL
2026-04-17,BOSCHLTD.NS,DN,0.7962,0.5,MEDIUM,ALIGNED,0.7599,False,False,VAL
2026-04-17,UNIONBANK.NS,DN,0.7803,0.375,MEDIUM,CONFLICT,0.2012,False,False,VAL
2026-04-17,BAJFINANCE.NS,DN,0.7755,0.375,MEDIUM,CONFLICT,1.046,False,False,VAL
2026-04-17,CHOLAFIN.NS,DN,0.7703,0.375,MEDIUM,CONFLICT,-0.6143,True,True,VAL
2026-04-17,RBLBANK.NS,DN,0.7624,0.625,HIGH,ALIGNED,0.618,False,False,VAL
2026-04-17,MARUTI.NS,DN,0.7573,0.5,MEDIUM,ALIGNED,-0.0223,True,True,VAL
2026-04-17,NATCOPHARM.NS,DN,0.7567,0.5,MEDIUM,ALIGNED,-1.7549,True,True,VAL
2026-04-17,PRESTIGE.NS,DN,0.7443,0.375,MEDIUM,CONFLICT,1.2529,False,False,VAL
2026-04-17,TVSMOTOR.NS,DN,0.737,0.5,MEDIUM,ALIGNED,0.6986,False,False,VAL
2026-04-17,EICHERMOT.NS,DN,0.7296,0.375,MEDIUM,CONFLICT,0.7441,False,False,VAL
2026-04-17,TEJASNET.NS,DN,0.7279,0.625,HIGH,ALIGNED,-2.2848,True,True,VAL
2026-04-17,GALAXYSURF.NS,DN,0.7182,0.5,MEDIUM,ALIGNED,0.6488,False,False,VAL
2026-04-17,CANBK.NS,DN,0.7089,0.375,MEDIUM,CONFLICT,0.2599,False,False,VAL
2026-04-17,MPHASIS.NS,DN,0.7033,0.5,MEDIUM,ALIGNED,-1.8358,True,True,VAL
2026-04-17,MUTHOOTFIN.NS,DN,0.7021,0.5,MEDIUM,ALIGNED,-1.1228,True,True,VAL
2026-04-17,HEROMOTOCO.NS,DN,0.7015,0.5,MEDIUM,ALIGNED,0.9942,False,False,VAL
2026-04-17,SHRIRAMFIN.NS,DN,0.6991,0.25,LOW,CONFLICT,0.7908,False,False,VAL
2026-04-20,ASHOKLEY.NS,DN,0.8493,0.375,MEDIUM,CONFLICT,0.3694,False,False,VAL
2026-04-20,CHOLAFIN.NS,DN,0.8351,0.5,MEDIUM,ALIGNED,1.2681,False,False,VAL
2026-04-20,JINDALPOLY.NS,DN,0.8107,0.625,HIGH,ALIGNED,1.7895,False,False,VAL
2026-04-20,EICHERMOT.NS,DN,0.7979,0.375,MEDIUM,CONFLICT,-0.0345,True,True,VAL
2026-04-20,KALYANKJIL.NS,DN,0.7974,0.625,HIGH,ALIGNED,-0.5749,True,True,VAL
2026-04-20,UNIONBANK.NS,DN,0.7955,0.25,LOW,CONFLICT,1.1041,False,False,VAL
2026-04-20,TVSMOTOR.NS,DN,0.7858,0.5,MEDIUM,ALIGNED,-0.2446,True,True,VAL
2026-04-20,TEJASNET.NS,DN,0.784,0.75,HIGH,ALIGNED,-1.9043,True,True,VAL
2026-04-20,MOTHERSON.NS,DN,0.782,0.5,MEDIUM,ALIGNED,1.2257,False,False,VAL
2026-04-20,BOSCHLTD.NS,DN,0.7816,0.375,MEDIUM,CONFLICT,0.8203,False,False,VAL
2026-04-20,MUTHOOTFIN.NS,DN,0.7625,0.75,HIGH,ALIGNED,2.2372,False,False,VAL
2026-04-20,HEROMOTOCO.NS,DN,0.7536,0.5,MEDIUM,ALIGNED,-0.4449,True,True,VAL
2026-04-20,BAJFINANCE.NS,DN,0.7503,0.375,MEDIUM,CONFLICT,2.2991,False,False,VAL
2026-04-20,MARUTI.NS,DN,0.7466,0.375,MEDIUM,CONFLICT,0.0818,False,False,VAL
2026-04-20,RBLBANK.NS,DN,0.7416,0.5,MEDIUM,ALIGNED,0.9134,False,False,VAL
2026-04-20,SHRIRAMFIN.NS,DN,0.7232,0.375,MEDIUM,CONFLICT,0.0144,False,False,VAL
2026-04-20,RATEGAIN.NS,DN,0.7218,0.625,HIGH,ALIGNED,-0.0966,True,True,VAL
2026-04-20,AXISBANK.NS,DN,0.7062,0.625,HIGH,ALIGNED,1.6978,False,False,VAL
2026-04-20,COROMANDEL.NS,DN,0.6994,0.5,MEDIUM,ALIGNED,-0.9302,True,True,VAL
2026-04-20,ADANIGREEN.NS,DN,0.693,0.375,MEDIUM,CONFLICT,-0.2342,True,True,VAL
2026-04-21,RAJESHEXPO.NS,DN,0.8509,0.625,HIGH,ALIGNED,4.994,False,False,VAL
2026-04-21,TEJASNET.NS,DN,0.7907,0.75,HIGH,ALIGNED,0.2457,False,False,VAL
2026-04-21,ZYDUSWELL.NS,DN,0.7851,0.5,MEDIUM,ALIGNED,-0.6809,True,True,VAL
2026-04-21,ASHOKLEY.NS,DN,0.7841,0.5,MEDIUM,ALIGNED,1.3363,False,False,VAL
2026-04-21,KALYANKJIL.NS,DN,0.7816,0.625,HIGH,ALIGNED,-0.2048,True,True,VAL
2026-04-21,NATCOPHARM.NS,DN,0.7527,0.625,HIGH,ALIGNED,1.4541,False,False,VAL
2026-04-21,RATEGAIN.NS,DN,0.7497,0.625,HIGH,ALIGNED,0.8699,False,False,VAL
2026-04-21,ADANIGREEN.NS,DN,0.7485,0.5,MEDIUM,ALIGNED,4.2565,False,False,VAL
2026-04-21,TVSMOTOR.NS,DN,0.7472,0.625,HIGH,ALIGNED,-2.4516,True,True,VAL
2026-04-21,SAPPHIRE.NS,DN,0.7419,0.5,MEDIUM,ALIGNED,-0.3611,True,True,VAL
2026-04-21,HDFCLIFE.NS,DN,0.7366,0.5,MEDIUM,ALIGNED,-1.6526,True,True,VAL
2026-04-21,AXISBANK.NS,DN,0.7306,0.375,MEDIUM,CONFLICT,0.1379,False,False,VAL
2026-04-21,OLECTRA.NS,DN,0.7213,0.375,MEDIUM,CONFLICT,0.0859,False,False,VAL
2026-04-21,SHYAMMETL.NS,DN,0.7187,0.625,HIGH,ALIGNED,-1.4135,True,True,VAL
2026-04-21,EXIDEIND.NS,DN,0.7141,0.375,MEDIUM,CONFLICT,6.4395,False,False,VAL
2026-04-21,BOSCHLTD.NS,DN,0.7069,0.375,MEDIUM,CONFLICT,-0.5643,True,True,VAL
2026-04-21,MUTHOOTFIN.NS,DN,0.7024,0.375,MEDIUM,CONFLICT,-0.6454,True,True,VAL
2026-04-21,ICICIBANK.NS,DN,0.6971,0.375,MEDIUM,CONFLICT,-1.4981,True,True,VAL
2026-04-21,ERIS.NS,DN,0.693,0.75,HIGH,ALIGNED,-1.686,True,True,VAL
2026-04-21,TATACOMM.NS,DN,0.6854,0.5,MEDIUM,ALIGNED,0.7665,False,False,VAL
2026-04-22,RAILTEL.NS,DN,0.8718,0.625,HIGH,ALIGNED,-1.3239,True,True,VAL
2026-04-22,RAJESHEXPO.NS,DN,0.8274,0.5,MEDIUM,ALIGNED,4.9931,False,False,VAL
2026-04-22,HCLTECH.NS,DN,0.8217,0.75,HIGH,ALIGNED,-0.5991,True,True,VAL
2026-04-22,PERSISTENT.NS,DN,0.7859,0.75,HIGH,ALIGNED,-0.1597,True,True,VAL
2026-04-22,TEJASNET.NS,DN,0.7854,0.75,HIGH,ALIGNED,-1.4217,True,True,VAL
2026-04-22,TVSMOTOR.NS,DN,0.7741,0.625,HIGH,ALIGNED,-4.0347,True,True,VAL
2026-04-22,COFORGE.NS,DN,0.7593,0.75,HIGH,ALIGNED,-1.23,True,True,VAL
2026-04-22,KALYANKJIL.NS,DN,0.7559,0.625,HIGH,ALIGNED,-0.338,True,True,VAL
2026-04-22,MPHASIS.NS,DN,0.7525,0.75,HIGH,ALIGNED,-2.3166,True,True,VAL
2026-04-22,LT.NS,DN,0.7448,0.625,HIGH,ALIGNED,0.8207,False,False,VAL
2026-04-22,HDFCLIFE.NS,DN,0.7439,0.625,HIGH,ALIGNED,-0.894,True,True,VAL
2026-04-22,M&M.NS,DN,0.7341,0.625,HIGH,ALIGNED,-3.2384,True,True,VAL
2026-04-22,METROBRAND.NS,DN,0.7305,0.75,HIGH,ALIGNED,-1.0272,True,True,VAL
2026-04-22,ASHOKLEY.NS,DN,0.726,0.25,LOW,CONFLICT,-4.66,True,True,VAL
2026-04-22,RATEGAIN.NS,DN,0.7148,0.625,HIGH,ALIGNED,1.9861,False,False,VAL
2026-04-22,ERIS.NS,DN,0.7105,0.75,HIGH,ALIGNED,3.1712,False,False,VAL
2026-04-22,CHOLAFIN.NS,DN,0.704,0.5,MEDIUM,ALIGNED,-1.418,True,True,VAL
2026-04-22,BSE.NS,DN,0.7017,0.625,HIGH,ALIGNED,-1.0345,True,True,VAL
2026-04-22,HEROMOTOCO.NS,DN,0.6983,0.625,HIGH,ALIGNED,-3.0256,True,True,VAL
2026-04-22,SAPPHIRE.NS,DN,0.6975,0.5,MEDIUM,ALIGNED,-1.9481,True,True,VAL
2026-04-23,RAILTEL.NS,DN,0.861,0.625,HIGH,ALIGNED,-3.4535,True,True,VAL
2026-04-23,HCLTECH.NS,DN,0.8077,0.75,HIGH,ALIGNED,-5.8234,True,True,VAL
2026-04-23,MPHASIS.NS,DN,0.8036,0.625,HIGH,ALIGNED,-4.4444,True,True,VAL
2026-04-23,METROBRAND.NS,DN,0.7971,0.75,HIGH,ALIGNED,-1.1943,True,True,VAL
2026-04-23,COFORGE.NS,DN,0.7961,0.625,HIGH,ALIGNED,-5.7103,True,True,VAL
2026-04-23,RAJESHEXPO.NS,DN,0.7931,0.375,MEDIUM,CONFLICT,-1.4609,True,True,VAL
2026-04-23,TVSMOTOR.NS,DN,0.7901,0.875,HIGH,ALIGNED,-0.7059,True,True,VAL
2026-04-23,UNIONBANK.NS,DN,0.778,0.75,HIGH,ALIGNED,-1.508,True,True,VAL
2026-04-23,JPPOWER.NS,DN,0.7709,0.625,HIGH,ALIGNED,-2.9678,True,True,VAL
2026-04-23,PERSISTENT.NS,DN,0.7662,0.625,HIGH,ALIGNED,-6.2762,True,True,VAL
2026-04-23,ASHOKLEY.NS,DN,0.7597,0.625,HIGH,ALIGNED,-0.4278,True,True,VAL
2026-04-23,CROMPTON.NS,DN,0.7429,0.75,HIGH,ALIGNED,-1.2471,True,True,VAL
2026-04-23,TATACHEM.NS,DN,0.7372,0.375,MEDIUM,CONFLICT,-2.0418,True,True,VAL
2026-04-23,M&M.NS,DN,0.714,0.875,HIGH,ALIGNED,-0.3052,True,True,VAL
2026-04-23,ZENSARTECH.NS,DN,0.7138,0.625,HIGH,ALIGNED,-5.3254,True,True,VAL
2026-04-23,KALYANKJIL.NS,DN,0.7135,0.5,MEDIUM,ALIGNED,-1.8288,True,True,VAL
2026-04-23,SBILIFE.NS,DN,0.707,0.875,HIGH,ALIGNED,-3.2383,True,True,VAL
2026-04-23,ERIS.NS,DN,0.7056,0.625,HIGH,ALIGNED,-1.5906,True,True,VAL
2026-04-23,CENTUM.NS,DN,0.7038,0.375,MEDIUM,CONFLICT,-2.9356,True,True,VAL
2026-04-23,VEDL.NS,DN,0.6959,0.625,HIGH,ALIGNED,-1.9916,True,True,VAL
2026-04-24,HCLTECH.NS,DN,0.8211,0.75,HIGH,ALIGNED,2.0778,False,False,VAL
2026-04-24,INFY.NS,DN,0.792,0.75,HIGH,ALIGNED,1.3598,False,False,VAL
2026-04-24,IRCON.NS,DN,0.785,0.75,HIGH,ALIGNED,2.5097,False,False,VAL
2026-04-24,ZENSARTECH.NS,DN,0.7731,0.875,HIGH,ALIGNED,2.2854,False,False,VAL
2026-04-24,MPHASIS.NS,DN,0.7694,0.75,HIGH,ALIGNED,4.095,False,False,VAL
2026-04-24,CROMPTON.NS,DN,0.7593,0.625,HIGH,ALIGNED,3.3769,False,False,VAL
2026-04-24,UNIONBANK.NS,DN,0.7566,0.875,HIGH,ALIGNED,-0.5085,True,True,VAL
2026-04-24,PERSISTENT.NS,DN,0.7527,0.875,HIGH,ALIGNED,1.4787,False,False,VAL
2026-04-24,COFORGE.NS,DN,0.7461,0.875,HIGH,ALIGNED,4.4748,False,False,VAL
2026-04-24,CENTUM.NS,DN,0.7408,0.75,HIGH,ALIGNED,2.3004,False,False,VAL
2026-04-24,AMBER.NS,DN,0.7369,0.625,HIGH,ALIGNED,4.6173,False,False,VAL
2026-04-24,RAJESHEXPO.NS,DN,0.734,0.5,MEDIUM,ALIGNED,1.2144,False,False,VAL
2026-04-24,SBILIFE.NS,DN,0.7313,0.875,HIGH,ALIGNED,2.6288,False,False,VAL
2026-04-24,PARAS.NS,DN,0.7285,0.75,HIGH,ALIGNED,0.9431,False,False,VAL
2026-04-24,JPPOWER.NS,DN,0.7154,0.5,MEDIUM,ALIGNED,1.7626,False,False,VAL
2026-04-24,TVSMOTOR.NS,DN,0.7138,0.625,HIGH,ALIGNED,1.8462,False,False,VAL
2026-04-24,TECHM.NS,DN,0.7092,0.875,HIGH,ALIGNED,2.7678,False,False,VAL
2026-04-24,BSE.NS,DN,0.6989,0.625,HIGH,ALIGNED,2.5711,False,False,VAL
2026-04-24,IGL.NS,DN,0.6939,0.5,MEDIUM,ALIGNED,0.164,False,False,VAL
2026-04-24,GNFC.NS,DN,0.6901,0.75,HIGH,ALIGNED,1.3662,False,False,VAL
2026-04-27,HCLTECH.NS,DN,0.8383,0.625,HIGH,ALIGNED,-2.6217,True,True,VAL
2026-04-27,INFY.NS,DN,0.8328,0.875,HIGH,ALIGNED,-1.5552,True,True,VAL
2026-04-27,RADICO.NS,DN,0.8039,0.5,MEDIUM,ALIGNED,2.5276,False,False,VAL
2026-04-27,MPHASIS.NS,DN,0.7956,0.5,MEDIUM,ALIGNED,0.2384,False,False,VAL
2026-04-27,SHRIRAMFIN.NS,DN,0.7876,0.75,HIGH,ALIGNED,-2.1957,True,True,VAL
2026-04-27,ZENSARTECH.NS,DN,0.7777,0.625,HIGH,ALIGNED,-3.6571,True,True,VAL
2026-04-27,COFORGE.NS,DN,0.7765,0.5,MEDIUM,ALIGNED,-0.1248,True,True,VAL
2026-04-27,KEI.NS,DN,0.7621,0.625,HIGH,ALIGNED,1.5628,False,False,VAL
2026-04-27,UNIONBANK.NS,DN,0.7575,0.75,HIGH,ALIGNED,-3.1914,True,True,VAL
2026-04-27,PERSISTENT.NS,DN,0.7502,0.75,HIGH,ALIGNED,-0.2906,True,True,VAL
2026-04-27,TECHM.NS,DN,0.7374,0.625,HIGH,ALIGNED,0.8595,False,False,VAL
2026-04-27,POLYCAB.NS,DN,0.7353,0.625,HIGH,ALIGNED,2.3371,False,False,VAL
2026-04-27,CROMPTON.NS,DN,0.7252,0.625,HIGH,ALIGNED,4.233,False,False,VAL
2026-04-27,ASIANPAINT.NS,DN,0.7241,0.75,HIGH,ALIGNED,-0.9094,True,True,VAL
2026-04-27,RECLTD.NS,DN,0.7218,0.75,HIGH,ALIGNED,-0.5952,True,True,VAL
2026-04-27,STLTECH.NS,DN,0.7202,0.5,MEDIUM,ALIGNED,1.9159,False,False,VAL
2026-04-27,NAUKRI.NS,DN,0.7093,0.625,HIGH,ALIGNED,0.3697,False,False,VAL
2026-04-27,TVSMOTOR.NS,DN,0.707,0.5,MEDIUM,ALIGNED,-1.596,True,True,VAL
2026-04-27,ASHOKLEY.NS,DN,0.7034,0.625,HIGH,ALIGNED,-1.0514,True,True,VAL
2026-04-27,TCS.NS,DN,0.7024,0.75,HIGH,ALIGNED,-0.1185,True,True,VAL
2026-04-28,SHRIRAMFIN.NS,DN,0.8411,0.625,HIGH,ALIGNED,0.3777,False,False,VAL
2026-04-28,DEEPAKFERT.NS,DN,0.8374,0.75,HIGH,ALIGNED,1.7065,False,False,VAL
2026-04-28,HCLTECH.NS,DN,0.8355,0.625,HIGH,ALIGNED,0.3512,False,False,VAL
2026-04-28,UNIONBANK.NS,DN,0.8246,0.875,HIGH,ALIGNED,-1.8595,True,True,VAL
2026-04-28,ZENSARTECH.NS,DN,0.8159,0.875,HIGH,ALIGNED,-1.3253,True,True,VAL
2026-04-28,INFY.NS,DN,0.8072,0.625,HIGH,ALIGNED,1.3367,False,False,VAL
2026-04-28,COFORGE.NS,DN,0.7679,0.75,HIGH,ALIGNED,0.2581,False,False,VAL
2026-04-28,STLTECH.NS,DN,0.75,0.375,MEDIUM,CONFLICT,4.5909,False,False,VAL
2026-04-28,TVSMOTOR.NS,DN,0.7457,0.75,HIGH,ALIGNED,1.6591,False,False,VAL
2026-04-28,RAILTEL.NS,DN,0.7445,0.375,MEDIUM,CONFLICT,-1.7033,True,True,VAL
2026-04-28,CHOLAFIN.NS,DN,0.7435,0.625,HIGH,ALIGNED,1.1,False,False,VAL
2026-04-28,JINDALPOLY.NS,DN,0.7411,0.625,HIGH,ALIGNED,4.9982,False,False,VAL
2026-04-28,ICICIBANK.NS,DN,0.7399,0.625,HIGH,ALIGNED,-0.8514,True,True,VAL
2026-04-28,ASIANPAINT.NS,DN,0.7394,0.75,HIGH,ALIGNED,-0.6213,True,True,VAL
2026-04-28,RECLTD.NS,DN,0.7323,0.875,HIGH,ALIGNED,-3.2597,True,True,VAL
2026-04-28,ASHOKLEY.NS,DN,0.7164,0.625,HIGH,ALIGNED,-1.0685,True,True,VAL
2026-04-28,IRCON.NS,DN,0.7102,0.5,MEDIUM,ALIGNED,-0.3963,True,True,VAL
2026-04-28,NAUKRI.NS,DN,0.7078,0.625,HIGH,ALIGNED,-1.2891,True,True,VAL
2026-04-28,LTTS.NS,DN,0.7066,0.625,HIGH,ALIGNED,-0.1907,True,True,VAL
2026-04-28,BPCL.NS,DN,0.7059,0.625,HIGH,ALIGNED,-1.251,True,True,VAL
2026-04-29,ZENSARTECH.NS,DN,0.856,0.75,HIGH,ALIGNED,-1.4102,True,True,VAL
2026-04-29,MRPL.NS,DN,0.8341,0.75,HIGH,ALIGNED,-3.3068,True,True,VAL
2026-04-29,SUDARSCHEM.NS,DN,0.8293,0.625,HIGH,ALIGNED,2.9615,False,False,VAL
2026-04-29,RECLTD.NS,DN,0.8065,0.75,HIGH,ALIGNED,-2.5444,True,True,VAL
2026-04-29,DEEPAKNTR.NS,DN,0.8014,0.5,MEDIUM,ALIGNED,0.7424,False,False,VAL
2026-04-29,UNIONBANK.NS,DN,0.793,0.75,HIGH,ALIGNED,-0.8188,True,True,VAL
2026-04-29,DEEPAKFERT.NS,DN,0.7919,0.5,MEDIUM,ALIGNED,2.061,False,False,VAL
2026-04-29,MOTHERSON.NS,DN,0.7911,0.625,HIGH,ALIGNED,-1.6472,True,True,VAL
2026-04-29,HAVELLS.NS,DN,0.7819,0.625,HIGH,ALIGNED,-0.9501,True,True,VAL
2026-04-29,TIINDIA.NS,DN,0.768,0.75,HIGH,ALIGNED,-0.5801,True,True,VAL
2026-04-29,PARAS.NS,DN,0.7585,0.5,MEDIUM,ALIGNED,-2.1016,True,True,VAL
2026-04-29,EMAMILTD.NS,DN,0.7572,0.625,HIGH,ALIGNED,-2.9264,True,True,VAL
2026-04-29,IRCON.NS,DN,0.7546,0.625,HIGH,ALIGNED,-0.7305,True,True,VAL
2026-04-29,SHRIRAMFIN.NS,DN,0.7527,0.625,HIGH,ALIGNED,-2.0379,True,True,VAL
2026-04-29,STLTECH.NS,DN,0.7429,0.375,MEDIUM,CONFLICT,-1.1468,True,True,VAL
2026-04-29,RVNL.NS,DN,0.7348,0.75,HIGH,ALIGNED,-1.5382,True,True,VAL
2026-04-29,INFY.NS,DN,0.7336,0.5,MEDIUM,ALIGNED,1.2248,False,False,VAL
2026-04-29,ASIANPAINT.NS,DN,0.7271,0.75,HIGH,ALIGNED,-0.1144,True,True,VAL
2026-04-29,FINEORG.NS,DN,0.7259,0.625,HIGH,ALIGNED,-1.9803,True,True,VAL
2026-04-29,JPPOWER.NS,DN,0.7179,0.375,MEDIUM,CONFLICT,-2.3762,True,True,VAL
2026-04-30,MRPL.NS,DN,0.878,0.625,HIGH,ALIGNED,0.0,False,False,VAL
2026-04-30,RAJESHEXPO.NS,DN,0.8674,0.625,HIGH,ALIGNED,0.0,False,False,VAL
2026-04-30,PARAS.NS,DN,0.8507,0.75,HIGH,ALIGNED,0.0,False,False,VAL
2026-04-30,DATAPATTNS.NS,DN,0.8277,0.5,MEDIUM,ALIGNED,0.0,False,False,VAL
2026-04-30,ADANIENSOL.NS,DN,0.8128,0.875,HIGH,ALIGNED,0.0,False,False,VAL
2026-04-30,TIINDIA.NS,DN,0.8036,0.625,HIGH,ALIGNED,0.0,False,False,VAL
2026-04-30,ZENSARTECH.NS,DN,0.79,0.75,HIGH,ALIGNED,0.0,False,False,VAL
2026-04-30,RECLTD.NS,DN,0.7883,0.625,HIGH,ALIGNED,0.0,False,False,VAL
2026-04-30,ONMOBILE.NS,DN,0.7732,0.75,HIGH,ALIGNED,0.0,False,False,VAL
2026-04-30,HINDUNILVR.NS,DN,0.7671,0.75,HIGH,ALIGNED,0.0,False,False,VAL
2026-04-30,EMAMILTD.NS,DN,0.7654,0.625,HIGH,ALIGNED,0.0,False,False,VAL
2026-04-30,TORNTPOWER.NS,DN,0.7527,0.625,HIGH,ALIGNED,0.0,False,False,VAL
2026-04-30,GODREJCP.NS,DN,0.7517,0.625,HIGH,ALIGNED,0.0,False,False,VAL
2026-04-30,RVNL.NS,DN,0.7509,0.625,HIGH,ALIGNED,0.0,False,False,VAL
2026-04-30,MOTHERSON.NS,DN,0.7434,0.625,HIGH,ALIGNED,0.0,False,False,VAL
2026-04-30,NATIONALUM.NS,DN,0.7405,0.875,HIGH,ALIGNED,0.0,False,False,VAL
2026-04-30,UNIONBANK.NS,DN,0.7227,0.625,HIGH,ALIGNED,0.0,False,False,VAL
2026-04-30,COLPAL.NS,DN,0.7221,0.75,HIGH,ALIGNED,0.0,False,False,VAL
2026-05-04,RAJESHEXPO.NS,DN,0.8749,0.75,HIGH,ALIGNED,-0.501,True,True,VAL
2026-05-04,ONMOBILE.NS,DN,0.87,0.75,HIGH,ALIGNED,-1.278,True,True,VAL
2026-05-04,SUZLON.NS,DN,0.8537,0.75,HIGH,ALIGNED,-0.2001,True,True,VAL
2026-05-04,VBL.NS,DN,0.8522,0.75,HIGH,ALIGNED,0.9768,False,False,VAL
2026-05-04,TORNTPOWER.NS,DN,0.852,0.625,HIGH,ALIGNED,0.6206,False,False,VAL
2026-05-04,HINDZINC.NS,DN,0.8486,0.625,HIGH,ALIGNED,0.9413,False,False,VAL
2026-05-04,ADANIENSOL.NS,DN,0.8379,0.625,HIGH,ALIGNED,0.8009,False,False,VAL
2026-05-04,GRSE.NS,DN,0.8305,0.75,HIGH,ALIGNED,4.9707,False,False,VAL
2026-05-04,SYMPHONY.NS,DN,0.8225,0.625,HIGH,ALIGNED,-2.2922,True,True,VAL
2026-05-04,PARAS.NS,DN,0.8119,0.75,HIGH,ALIGNED,1.5594,False,False,VAL
2026-05-04,MRPL.NS,DN,0.801,0.625,HIGH,ALIGNED,-2.339,True,True,VAL
2026-05-04,RECLTD.NS,DN,0.784,0.625,HIGH,ALIGNED,0.8204,False,False,VAL
2026-05-04,NATIONALUM.NS,DN,0.7808,0.75,HIGH,ALIGNED,1.4223,False,False,VAL
2026-05-04,JYOTHYLAB.NS,DN,0.7726,0.625,HIGH,ALIGNED,-0.9892,True,True,VAL
2026-05-04,JPPOWER.NS,DN,0.7723,0.875,HIGH,ALIGNED,1.0493,False,False,VAL
2026-05-04,MASTEK.NS,DN,0.7709,0.75,HIGH,ALIGNED,-0.9907,True,True,VAL
2026-05-04,M&MFIN.NS,DN,0.7689,0.625,HIGH,ALIGNED,0.576,False,False,VAL
2026-05-04,RVNL.NS,DN,0.7641,0.75,HIGH,ALIGNED,1.281,False,False,VAL
2026-05-04,DRREDDY.NS,DN,0.7621,0.625,HIGH,ALIGNED,-1.243,True,True,VAL
2026-05-04,TIINDIA.NS,DN,0.7525,0.75,HIGH,ALIGNED,0.9085,False,False,VAL
2026-05-05,RAJESHEXPO.NS,DN,0.8952,0.75,HIGH,ALIGNED,1.3174,False,False,VAL
2026-05-05,ONMOBILE.NS,DN,0.8852,0.75,HIGH,ALIGNED,11.0131,False,False,VAL
2026-05-05,CESC.NS,DN,0.8585,0.875,HIGH,ALIGNED,-1.0006,True,True,VAL
2026-05-05,ADANIENSOL.NS,DN,0.8562,0.625,HIGH,ALIGNED,-0.1632,True,True,VAL
2026-05-05,MRPL.NS,DN,0.8425,0.625,HIGH,ALIGNED,0.6678,False,False,VAL
2026-05-05,SYMPHONY.NS,DN,0.8285,0.625,HIGH,ALIGNED,1.6136,False,False,VAL
2026-05-05,NATIONALUM.NS,DN,0.8115,0.625,HIGH,ALIGNED,-1.7045,True,True,VAL
2026-05-05,SUZLON.NS,DN,0.8107,0.75,HIGH,ALIGNED,-0.9663,True,True,VAL
2026-05-05,TORNTPOWER.NS,DN,0.8079,0.625,HIGH,ALIGNED,-0.0404,True,True,VAL
2026-05-05,VOLTAS.NS,DN,0.8017,0.75,HIGH,ALIGNED,0.2689,False,False,VAL
2026-05-05,RADICO.NS,DN,0.7998,0.75,HIGH,ALIGNED,0.5481,False,False,VAL
2026-05-05,SJVN.NS,DN,0.7974,0.625,HIGH,ALIGNED,0.7308,False,False,VAL
2026-05-05,JPPOWER.NS,DN,0.7936,0.75,HIGH,ALIGNED,0.2596,False,False,VAL
2026-05-05,WHIRLPOOL.NS,DN,0.7893,0.75,HIGH,ALIGNED,-0.9347,True,True,VAL
2026-05-05,VBL.NS,DN,0.7862,0.625,HIGH,ALIGNED,-0.5374,True,True,VAL
2026-05-05,MOIL.NS,DN,0.7859,0.75,HIGH,ALIGNED,1.4075,False,False,VAL
2026-05-05,DRREDDY.NS,DN,0.7791,0.625,HIGH,ALIGNED,3.1309,False,False,VAL
2026-05-05,PNBHOUSING.NS,DN,0.7709,0.75,HIGH,ALIGNED,2.2071,False,False,VAL
2026-05-05,RECLTD.NS,DN,0.7681,0.5,MEDIUM,ALIGNED,0.7576,False,False,VAL
2026-05-05,TIINDIA.NS,DN,0.7601,0.625,HIGH,ALIGNED,-0.5252,True,True,VAL
2026-05-06,GRSE.NS,DN,0.8977,0.625,HIGH,ALIGNED,2.4098,False,False,VAL
2026-05-06,RAJESHEXPO.NS,DN,0.859,0.625,HIGH,ALIGNED,1.2423,False,False,VAL
2026-05-06,RADICO.NS,DN,0.8561,0.875,HIGH,ALIGNED,1.4834,False,False,VAL
2026-05-06,JYOTHYLAB.NS,DN,0.8544,0.75,HIGH,ALIGNED,0.4078,False,False,VAL
2026-05-06,WHIRLPOOL.NS,DN,0.8333,0.75,HIGH,ALIGNED,0.9126,False,False,VAL
2026-05-06,OFSS.NS,DN,0.828,0.625,HIGH,ALIGNED,-2.0218,True,True,VAL
2026-05-06,SAPPHIRE.NS,DN,0.8277,0.75,HIGH,ALIGNED,0.422,False,False,VAL
2026-05-06,VBL.NS,DN,0.8196,0.75,HIGH,ALIGNED,0.3242,False,False,VAL
2026-05-06,RBLBANK.NS,DN,0.8143,0.75,HIGH,ALIGNED,2.9477,False,False,VAL
2026-05-06,MRPL.NS,DN,0.8017,0.75,HIGH,ALIGNED,-0.9121,True,True,VAL
2026-05-06,CESC.NS,DN,0.795,0.75,HIGH,ALIGNED,0.8648,False,False,VAL
2026-05-06,COCHINSHIP.NS,DN,0.7931,0.5,MEDIUM,ALIGNED,3.5138,False,False,VAL
2026-05-06,SYMPHONY.NS,DN,0.7877,0.75,HIGH,ALIGNED,-1.191,True,True,VAL
2026-05-06,ADANIENSOL.NS,DN,0.7859,0.625,HIGH,ALIGNED,-1.4354,True,True,VAL
2026-05-06,SUZLON.NS,DN,0.7852,0.75,HIGH,ALIGNED,2.4485,False,False,VAL
2026-05-06,NATIONALUM.NS,DN,0.7792,0.625,HIGH,ALIGNED,-0.7502,True,True,VAL
2026-05-06,DRREDDY.NS,DN,0.7787,0.5,MEDIUM,ALIGNED,-0.2593,True,True,VAL
2026-05-06,EXIDEIND.NS,DN,0.7764,0.875,HIGH,ALIGNED,3.6252,False,False,VAL
2026-05-06,DATAPATTNS.NS,DN,0.7679,0.5,MEDIUM,ALIGNED,1.8842,False,False,VAL
2026-05-06,OIL.NS,DN,0.7671,0.75,HIGH,ALIGNED,0.5775,False,False,VAL
2026-05-07,OFSS.NS,DN,0.9194,0.75,HIGH,ALIGNED,-1.6108,True,True,VAL
2026-05-07,JYOTHYLAB.NS,DN,0.8675,0.75,HIGH,ALIGNED,1.1219,False,False,VAL
2026-05-07,KPITTECH.NS,DN,0.8392,0.875,HIGH,ALIGNED,0.8995,False,False,VAL
2026-05-07,CESC.NS,DN,0.8334,0.625,HIGH,ALIGNED,-1.1789,True,True,VAL
2026-05-07,SAPPHIRE.NS,DN,0.8314,0.75,HIGH,ALIGNED,-2.2714,True,True,VAL
2026-05-07,TORNTPOWER.NS,DN,0.8267,0.75,HIGH,ALIGNED,0.6949,False,False,VAL
2026-05-07,BIKAJI.NS,DN,0.8213,0.75,HIGH,ALIGNED,-0.3782,True,True,VAL
2026-05-07,SYMPHONY.NS,DN,0.801,0.625,HIGH,ALIGNED,-1.8049,True,True,VAL
2026-05-07,OIL.NS,DN,0.785,0.75,HIGH,ALIGNED,0.2981,False,False,VAL
2026-05-07,PNBHOUSING.NS,DN,0.7671,0.5,MEDIUM,ALIGNED,3.7657,False,False,VAL
2026-05-07,EXIDEIND.NS,DN,0.7606,0.5,MEDIUM,ALIGNED,-0.6036,True,True,VAL
2026-05-07,RADICO.NS,DN,0.7596,0.625,HIGH,ALIGNED,2.0605,False,False,VAL
2026-05-07,WHIRLPOOL.NS,DN,0.7484,0.625,HIGH,ALIGNED,-2.3348,True,True,VAL
2026-05-07,RBLBANK.NS,DN,0.7423,0.375,MEDIUM,CONFLICT,-0.6652,True,True,VAL
2026-05-07,SHYAMMETL.NS,DN,0.7352,0.625,HIGH,ALIGNED,2.2001,False,False,VAL
2026-05-07,TECHM.NS,DN,0.7352,0.625,HIGH,ALIGNED,1.022,False,False,VAL
2026-05-07,VBL.NS,DN,0.7341,0.625,HIGH,ALIGNED,-0.3427,True,True,VAL
2026-05-07,MRPL.NS,DN,0.7316,0.625,HIGH,ALIGNED,8.1043,False,False,VAL
2026-05-07,GLENMARK.NS,DN,0.7274,0.75,HIGH,ALIGNED,-0.2193,True,True,VAL
2026-05-07,SOBHA.NS,DN,0.7261,0.375,MEDIUM,CONFLICT,-1.7643,True,True,VAL
2026-05-08,OFSS.NS,DN,0.9019,0.75,HIGH,ALIGNED,-1.1342,True,True,VAL
2026-05-08,SAPPHIRE.NS,DN,0.8408,0.625,HIGH,ALIGNED,-2.1663,True,True,VAL
2026-05-08,KPITTECH.NS,DN,0.8323,0.75,HIGH,ALIGNED,0.5897,False,False,VAL
2026-05-08,JYOTHYLAB.NS,DN,0.8321,0.625,HIGH,ALIGNED,-9.2578,True,True,VAL
2026-05-08,OIL.NS,DN,0.7986,0.625,HIGH,ALIGNED,0.3963,False,False,VAL
2026-05-08,TORNTPOWER.NS,DN,0.7795,0.625,HIGH,ALIGNED,-2.5226,True,True,VAL
2026-05-08,EXIDEIND.NS,DN,0.7784,0.5,MEDIUM,ALIGNED,-2.6363,True,True,VAL
2026-05-08,SYMPHONY.NS,DN,0.7696,0.75,HIGH,ALIGNED,-1.5485,True,True,VAL
2026-05-08,TATACHEM.NS,DN,0.7674,0.75,HIGH,ALIGNED,-2.5846,True,True,VAL
2026-05-08,SOBHA.NS,DN,0.7653,0.75,HIGH,ALIGNED,-0.7647,True,True,VAL
2026-05-08,JPPOWER.NS,DN,0.7647,0.75,HIGH,ALIGNED,-3.4067,True,True,VAL
2026-05-08,CESC.NS,DN,0.7597,0.75,HIGH,ALIGNED,-1.3014,True,True,VAL
2026-05-08,DRREDDY.NS,DN,0.7514,0.5,MEDIUM,ALIGNED,-1.082,True,True,VAL
2026-05-08,TCS.NS,DN,0.744,0.75,HIGH,ALIGNED,-0.0626,True,True,VAL
2026-05-08,GLENMARK.NS,DN,0.7386,0.75,HIGH,ALIGNED,-0.8071,True,True,VAL
2026-05-08,RBLBANK.NS,DN,0.7384,0.5,MEDIUM,ALIGNED,-1.7324,True,True,VAL
2026-05-08,DATAPATTNS.NS,DN,0.7369,0.5,MEDIUM,ALIGNED,0.9407,False,False,VAL
2026-05-08,MPHASIS.NS,DN,0.7284,0.5,MEDIUM,ALIGNED,-0.5871,True,True,VAL
2026-05-08,VBL.NS,DN,0.7225,0.75,HIGH,ALIGNED,-1.4837,True,True,VAL
2026-05-08,SUNDRMFAST.NS,DN,0.7207,0.75,HIGH,ALIGNED,-1.443,True,True,VAL
2026-05-11,JYOTHYLAB.NS,DN,0.8738,0.875,HIGH,ALIGNED,-3.6046,True,True,VAL
2026-05-11,OFSS.NS,DN,0.8396,0.625,HIGH,ALIGNED,-2.4785,True,True,VAL
2026-05-11,SAPPHIRE.NS,DN,0.8314,0.75,HIGH,ALIGNED,-3.8611,True,True,VAL
2026-05-11,GODREJPROP.NS,DN,0.8109,0.75,HIGH,ALIGNED,-4.5645,True,True,VAL
2026-05-11,KPITTECH.NS,DN,0.8099,0.75,HIGH,ALIGNED,-2.9177,True,True,VAL
2026-05-11,TATACHEM.NS,DN,0.803,0.75,HIGH,ALIGNED,1.169,False,False,VAL
2026-05-11,ADANIENSOL.NS,DN,0.7915,0.625,HIGH,ALIGNED,-4.1853,True,True,VAL
2026-05-11,CESC.NS,DN,0.7787,0.75,HIGH,ALIGNED,-0.8296,True,True,VAL
2026-05-11,SHYAMMETL.NS,DN,0.771,0.875,HIGH,ALIGNED,-3.229,True,True,VAL
2026-05-11,SUNDRMFAST.NS,DN,0.767,0.875,HIGH,ALIGNED,-0.8161,True,True,VAL
2026-05-11,LUPIN.NS,DN,0.7636,0.75,HIGH,ALIGNED,-0.4654,True,True,VAL
2026-05-11,EXIDEIND.NS,DN,0.762,0.625,HIGH,ALIGNED,-1.8146,True,True,VAL
2026-05-11,NOCIL.NS,DN,0.7607,0.75,HIGH,ALIGNED,-2.9748,True,True,VAL
2026-05-11,GODREJCP.NS,DN,0.7464,0.75,HIGH,ALIGNED,1.9092,False,False,VAL
2026-05-11,RELIANCE.NS,DN,0.7318,0.625,HIGH,ALIGNED,-1.7433,True,True,VAL
2026-05-11,COALINDIA.NS,DN,0.7279,0.5,MEDIUM,ALIGNED,-0.3014,True,True,VAL
2026-05-11,IDEAFORGE.NS,DN,0.7238,0.625,HIGH,ALIGNED,-7.8722,True,True,VAL
2026-05-11,VOLTAS.NS,DN,0.7114,0.75,HIGH,ALIGNED,-2.8243,True,True,VAL
2026-05-11,CHOLAFIN.NS,DN,0.71,0.75,HIGH,ALIGNED,-3.9089,True,True,VAL
2026-05-11,KALYANKJIL.NS,DN,0.7073,0.75,HIGH,ALIGNED,-6.0748,True,True,VAL
2026-05-12,IDEAFORGE.NS,DN,0.9548,0.75,HIGH,ALIGNED,5.2553,False,False,VAL
2026-05-12,JYOTHYLAB.NS,DN,0.8534,0.875,HIGH,ALIGNED,-2.4929,True,True,VAL
2026-05-12,ADANIENSOL.NS,DN,0.7958,0.875,HIGH,ALIGNED,2.6396,False,False,VAL
2026-05-12,CHOLAFIN.NS,DN,0.7947,0.75,HIGH,ALIGNED,0.8712,False,False,VAL
2026-05-12,KPITTECH.NS,DN,0.7801,0.75,HIGH,ALIGNED,-0.1966,True,True,VAL
2026-05-12,KALYANKJIL.NS,DN,0.7779,0.75,HIGH,ALIGNED,-1.7689,True,True,VAL
2026-05-12,NOCIL.NS,DN,0.7772,0.75,HIGH,ALIGNED,1.4609,False,False,VAL
2026-05-12,TORNTPOWER.NS,DN,0.7736,0.75,HIGH,ALIGNED,-8.7944,True,True,VAL
2026-05-12,GRSE.NS,DN,0.7578,0.75,HIGH,ALIGNED,2.2248,False,False,VAL
2026-05-12,ROUTE.NS,DN,0.7508,0.75,HIGH,ALIGNED,1.9621,False,False,VAL
2026-05-12,GLENMARK.NS,DN,0.7456,0.75,HIGH,ALIGNED,0.9082,False,False,VAL
2026-05-12,OFSS.NS,DN,0.7425,0.75,HIGH,ALIGNED,-0.91,True,True,VAL
2026-05-12,COCHINSHIP.NS,DN,0.7381,0.625,HIGH,ALIGNED,2.2895,False,False,VAL
2026-05-12,SHYAMMETL.NS,DN,0.7354,0.875,HIGH,ALIGNED,2.5544,False,False,VAL
2026-05-12,TITAN.NS,DN,0.7286,0.75,HIGH,ALIGNED,0.8729,False,False,VAL
2026-05-12,TATACHEM.NS,DN,0.7251,0.625,HIGH,ALIGNED,-0.2791,True,True,VAL
2026-05-12,GODREJCP.NS,DN,0.7248,0.75,HIGH,ALIGNED,0.0291,False,False,VAL
2026-05-12,RELIANCE.NS,DN,0.7129,0.75,HIGH,ALIGNED,-0.3812,True,True,VAL
2026-05-12,SUDARSCHEM.NS,DN,0.7093,0.625,HIGH,ALIGNED,0.4402,False,False,VAL
2026-05-12,DATAPATTNS.NS,DN,0.6924,0.625,HIGH,ALIGNED,3.2911,False,False,VAL
2026-05-13,IDEAFORGE.NS,DN,0.8839,0.625,HIGH,ALIGNED,9.9987,False,False,VAL
2026-05-13,KALYANKJIL.NS,DN,0.8337,0.75,HIGH,ALIGNED,1.5757,False,False,VAL
2026-05-13,CHOLAFIN.NS,DN,0.8293,0.75,HIGH,ALIGNED,-0.4763,True,True,VAL
2026-05-13,TORNTPOWER.NS,DN,0.8205,0.75,HIGH,ALIGNED,0.0412,False,False,VAL
2026-05-13,ALKYLAMINE.NS,DN,0.8188,0.625,HIGH,ALIGNED,6.9225,False,False,VAL
2026-05-13,JYOTHYLAB.NS,DN,0.8178,0.75,HIGH,ALIGNED,-0.7176,True,True,VAL
2026-05-13,LUPIN.NS,DN,0.7876,0.625,HIGH,ALIGNED,1.9227,False,False,VAL
2026-05-13,SHRIRAMFIN.NS,DN,0.7866,0.75,HIGH,ALIGNED,1.5806,False,False,VAL
2026-05-13,INTELLECT.NS,DN,0.7805,0.75,HIGH,ALIGNED,-3.8003,True,True,VAL
2026-05-13,ROUTE.NS,DN,0.7805,0.625,HIGH,ALIGNED,-2.5594,True,True,VAL
2026-05-13,JSWENERGY.NS,DN,0.7666,0.625,HIGH,ALIGNED,0.707,False,False,VAL
2026-05-13,INDUSINDBK.NS,DN,0.7373,0.75,HIGH,ALIGNED,1.7255,False,False,VAL
2026-05-13,MGL.NS,DN,0.7373,0.875,HIGH,ALIGNED,1.9582,False,False,VAL
2026-05-13,SBIN.NS,DN,0.7359,0.75,HIGH,ALIGNED,1.0102,False,False,VAL
2026-05-13,GODREJPROP.NS,DN,0.7354,0.625,HIGH,ALIGNED,0.1676,False,False,VAL
2026-05-13,NOCIL.NS,DN,0.7324,0.625,HIGH,ALIGNED,-0.7762,True,True,VAL
2026-05-13,ONMOBILE.NS,DN,0.7156,0.75,HIGH,ALIGNED,-1.0002,True,True,VAL
2026-05-13,ADANIENSOL.NS,DN,0.7058,0.75,HIGH,ALIGNED,0.0683,False,False,VAL
2026-05-13,AMBER.NS,DN,0.7052,0.625,HIGH,ALIGNED,-0.1446,True,True,VAL
2026-05-13,RATEGAIN.NS,DN,0.7,0.625,HIGH,ALIGNED,2.7472,False,False,VAL
2026-05-14,TEJASNET.NS,DN,0.8975,0.75,HIGH,ALIGNED,-2.6853,True,True,OOS
2026-05-14,GRSE.NS,DN,0.8568,0.75,HIGH,ALIGNED,-0.7208,True,True,OOS
2026-05-14,INTELLECT.NS,DN,0.8284,0.75,HIGH,ALIGNED,-1.0092,True,True,OOS
2026-05-14,JYOTHYLAB.NS,DN,0.8039,0.625,HIGH,ALIGNED,-0.9261,True,True,OOS
2026-05-14,ROUTE.NS,DN,0.8002,0.75,HIGH,ALIGNED,-0.553,True,True,OOS
2026-05-14,CHOLAFIN.NS,DN,0.7981,0.75,HIGH,ALIGNED,-1.3273,True,True,OOS
2026-05-14,AMBER.NS,DN,0.7872,0.75,HIGH,ALIGNED,2.2682,False,False,OOS
2026-05-14,KALYANKJIL.NS,DN,0.7757,0.625,HIGH,ALIGNED,-2.2022,True,True,OOS
2026-05-14,BEML.NS,DN,0.7742,0.875,HIGH,ALIGNED,-2.4708,True,True,OOS
2026-05-14,TORNTPOWER.NS,DN,0.7648,0.75,HIGH,ALIGNED,0.5694,False,False,OOS
2026-05-14,NOCIL.NS,DN,0.7425,0.75,HIGH,ALIGNED,-1.7795,True,True,OOS
2026-05-14,COCHINSHIP.NS,DN,0.7401,0.75,HIGH,ALIGNED,-3.0817,True,True,OOS
2026-05-14,SHRIRAMFIN.NS,DN,0.7308,0.75,HIGH,ALIGNED,0.2994,False,False,OOS
2026-05-14,JSWENERGY.NS,DN,0.7284,0.75,HIGH,ALIGNED,0.4388,False,False,OOS
2026-05-14,LUPIN.NS,DN,0.7228,0.5,MEDIUM,ALIGNED,0.7971,False,False,OOS
2026-05-14,SBIN.NS,DN,0.7223,0.5,MEDIUM,ALIGNED,-1.7043,True,True,OOS
2026-05-14,PARAS.NS,DN,0.7219,0.875,HIGH,ALIGNED,-3.7988,True,True,OOS
2026-05-14,MGL.NS,DN,0.7214,0.75,HIGH,ALIGNED,1.8924,False,False,OOS
2026-05-14,HFCL.NS,DN,0.7138,0.5,MEDIUM,ALIGNED,-2.4408,True,True,OOS
2026-05-14,ONMOBILE.NS,DN,0.7104,0.75,HIGH,ALIGNED,3.4612,False,False,OOS
2026-05-15,TEJASNET.NS,DN,0.8882,0.75,HIGH,ALIGNED,-2.0303,True,True,OOS
2026-05-15,KALYANKJIL.NS,DN,0.8635,0.75,HIGH,ALIGNED,-1.9686,True,True,OOS
2026-05-15,CRAFTSMAN.NS,DN,0.8503,0.875,HIGH,ALIGNED,-0.4018,True,True,OOS
2026-05-15,GRSE.NS,DN,0.8424,0.75,HIGH,ALIGNED,-3.8795,True,True,OOS
2026-05-15,INTELLECT.NS,DN,0.8257,0.75,HIGH,ALIGNED,0.6627,False,False,OOS
2026-05-15,OLECTRA.NS,DN,0.8053,0.875,HIGH,ALIGNED,-2.6662,True,True,OOS
2026-05-15,JYOTHYLAB.NS,DN,0.798,0.625,HIGH,ALIGNED,-2.0064,True,True,OOS
2026-05-15,CHOLAFIN.NS,DN,0.792,0.75,HIGH,ALIGNED,-1.1899,True,True,OOS
2026-05-15,RATNAMANI.NS,DN,0.7797,0.875,HIGH,ALIGNED,-8.428,True,True,OOS
2026-05-15,HAL.NS,DN,0.7778,0.875,HIGH,ALIGNED,-1.3611,True,True,OOS
2026-05-15,BEML.NS,DN,0.7589,0.75,HIGH,ALIGNED,-1.1577,True,True,OOS
2026-05-15,YESBANK.NS,DN,0.7447,0.5,MEDIUM,ALIGNED,-1.1781,True,True,OOS
2026-05-15,COFORGE.NS,DN,0.7432,0.5,MEDIUM,ALIGNED,5.1478,False,False,OOS
2026-05-15,BASF.NS,DN,0.7373,0.625,HIGH,ALIGNED,-0.6174,True,True,OOS
2026-05-15,PRESTIGE.NS,DN,0.7368,0.75,HIGH,ALIGNED,0.0373,False,False,OOS
2026-05-15,CLEAN.NS,DN,0.736,0.75,HIGH,ALIGNED,-2.4653,True,True,OOS
2026-05-15,PARAS.NS,DN,0.7355,0.625,HIGH,ALIGNED,-1.3074,True,True,OOS
2026-05-15,IDEAFORGE.NS,DN,0.7302,0.5,MEDIUM,ALIGNED,-0.1221,True,True,OOS
2026-05-15,MGL.NS,DN,0.724,0.625,HIGH,ALIGNED,-2.6572,True,True,OOS
2026-05-15,TITAN.NS,DN,0.7206,0.5,MEDIUM,ALIGNED,0.0144,False,False,OOS
2026-05-18,HFCL.NS,DN,0.8865,0.75,HIGH,ALIGNED,-1.0881,True,True,OOS
2026-05-18,AMBER.NS,DN,0.878,0.75,HIGH,ALIGNED,-0.3495,True,True,OOS
2026-05-18,RATNAMANI.NS,DN,0.8686,0.875,HIGH,ALIGNED,2.6962,False,False,OOS
2026-05-18,TEJASNET.NS,DN,0.8519,0.75,HIGH,ALIGNED,5.9537,False,False,OOS
2026-05-18,MAPMYINDIA.NS,DN,0.8457,0.75,HIGH,ALIGNED,2.9283,False,False,OOS
2026-05-18,GRSE.NS,DN,0.8389,0.625,HIGH,ALIGNED,2.9748,False,False,OOS
2026-05-18,OLECTRA.NS,DN,0.8128,0.75,HIGH,ALIGNED,1.2368,False,False,OOS
2026-05-18,CERA.NS,DN,0.8044,0.875,HIGH,ALIGNED,3.8679,False,False,OOS
2026-05-18,COCHINSHIP.NS,DN,0.7911,0.75,HIGH,ALIGNED,-1.5791,True,True,OOS
2026-05-18,HAL.NS,DN,0.7797,0.875,HIGH,ALIGNED,0.1549,False,False,OOS
2026-05-18,PARAS.NS,DN,0.7729,0.625,HIGH,ALIGNED,2.6293,False,False,OOS
2026-05-18,YESBANK.NS,DN,0.7612,0.75,HIGH,ALIGNED,0.7336,False,False,OOS
2026-05-18,BEML.NS,DN,0.7579,0.75,HIGH,ALIGNED,3.3382,False,False,OOS
2026-05-18,KALYANKJIL.NS,DN,0.743,0.75,HIGH,ALIGNED,-0.5634,True,True,OOS
2026-05-18,CLEAN.NS,DN,0.7319,0.75,HIGH,ALIGNED,2.0595,False,False,OOS
2026-05-18,TVSMOTOR.NS,DN,0.7314,0.75,HIGH,ALIGNED,-0.2309,True,True,OOS
2026-05-18,ENDURANCE.NS,DN,0.7151,0.625,HIGH,ALIGNED,0.7322,False,False,OOS
2026-05-18,M&MFIN.NS,DN,0.7145,0.625,HIGH,ALIGNED,0.7565,False,False,OOS
2026-05-18,APOLLOTYRE.NS,DN,0.7104,0.75,HIGH,ALIGNED,-0.8663,True,True,OOS
2026-05-18,CENTUM.NS,DN,0.7099,0.875,HIGH,ALIGNED,-0.0412,True,True,OOS
2026-05-19,HFCL.NS,DN,0.933,0.75,HIGH,ALIGNED,0.8468,False,False,OOS
2026-05-19,AMBER.NS,DN,0.8829,0.875,HIGH,ALIGNED,-1.1082,True,True,OOS
2026-05-19,RATNAMANI.NS,DN,0.8668,0.625,HIGH,ALIGNED,0.2724,False,False,OOS
2026-05-19,MAPMYINDIA.NS,DN,0.8355,0.625,HIGH,ALIGNED,-5.6538,True,True,OOS
2026-05-19,STLTECH.NS,DN,0.815,0.625,HIGH,ALIGNED,0.9978,False,False,OOS
2026-05-19,HAL.NS,DN,0.778,0.75,HIGH,ALIGNED,-0.1546,True,True,OOS
2026-05-19,CERA.NS,DN,0.7704,0.5,MEDIUM,ALIGNED,-0.433,True,True,OOS
2026-05-19,OLECTRA.NS,DN,0.7606,0.625,HIGH,ALIGNED,0.0984,False,False,OOS
2026-05-19,NATCOPHARM.NS,DN,0.7559,0.625,HIGH,ALIGNED,2.246,False,False,OOS
2026-05-19,COCHINSHIP.NS,DN,0.7468,0.75,HIGH,ALIGNED,1.2218,False,False,OOS
2026-05-19,TVSMOTOR.NS,DN,0.7468,0.875,HIGH,ALIGNED,2.3908,False,False,OOS
2026-05-19,YESBANK.NS,DN,0.7428,0.75,HIGH,ALIGNED,0.1365,False,False,OOS
2026-05-19,PARAS.NS,DN,0.7363,0.625,HIGH,ALIGNED,-0.1638,True,True,OOS
2026-05-19,TEJASNET.NS,DN,0.7334,0.5,MEDIUM,ALIGNED,0.7997,False,False,OOS
2026-05-19,CENTUM.NS,DN,0.7269,0.75,HIGH,ALIGNED,3.0593,False,False,OOS
2026-05-19,SRF.NS,DN,0.7217,0.75,HIGH,ALIGNED,-0.9063,True,True,OOS
2026-05-19,TATACONSUM.NS,DN,0.7183,0.75,HIGH,ALIGNED,-0.1817,True,True,OOS
2026-05-19,BHARATFORG.NS,DN,0.718,0.75,HIGH,ALIGNED,1.6637,False,False,OOS
2026-05-19,DABUR.NS,DN,0.7167,0.75,HIGH,ALIGNED,-0.4196,True,True,OOS
2026-05-19,APOLLOTYRE.NS,DN,0.7136,0.75,HIGH,ALIGNED,1.0756,False,False,OOS
2026-05-20,HFCL.NS,DN,0.9257,0.625,HIGH,ALIGNED,1.7296,False,False,OOS
2026-05-20,MAPMYINDIA.NS,DN,0.8842,0.75,HIGH,ALIGNED,-1.7545,True,True,OOS
2026-05-20,AMBER.NS,DN,0.8809,0.875,HIGH,ALIGNED,6.9154,False,False,OOS
2026-05-20,RATNAMANI.NS,DN,0.8532,0.625,HIGH,ALIGNED,-0.4331,True,True,OOS
2026-05-20,STLTECH.NS,DN,0.8351,0.625,HIGH,ALIGNED,3.7664,False,False,OOS
2026-05-20,BASF.NS,DN,0.82,0.875,HIGH,ALIGNED,-1.1094,True,True,OOS
2026-05-20,MIDHANI.NS,DN,0.8107,0.75,HIGH,ALIGNED,0.9281,False,False,OOS
2026-05-20,HAL.NS,DN,0.798,0.75,HIGH,ALIGNED,1.0147,False,False,OOS
2026-05-20,CENTUM.NS,DN,0.7747,0.625,HIGH,ALIGNED,7.838,False,False,OOS
2026-05-20,VGUARD.NS,DN,0.7743,0.625,HIGH,ALIGNED,-1.0226,True,True,OOS
2026-05-20,SAIL.NS,DN,0.7658,0.625,HIGH,ALIGNED,-1.2611,True,True,OOS
2026-05-20,MUTHOOTFIN.NS,DN,0.7592,0.75,HIGH,ALIGNED,-1.106,True,True,OOS
2026-05-20,CERA.NS,DN,0.7565,0.625,HIGH,ALIGNED,0.6871,False,False,OOS
2026-05-20,COCHINSHIP.NS,DN,0.7493,0.625,HIGH,ALIGNED,1.5387,False,False,OOS
2026-05-20,OLECTRA.NS,DN,0.746,0.75,HIGH,ALIGNED,-0.8273,True,True,OOS
2026-05-20,HINDZINC.NS,DN,0.74,0.75,HIGH,ALIGNED,-0.3807,True,True,OOS
2026-05-20,NCC.NS,DN,0.728,0.625,HIGH,ALIGNED,0.4091,False,False,OOS
2026-05-20,BHARATFORG.NS,DN,0.7249,0.625,HIGH,ALIGNED,0.5614,False,False,OOS
2026-05-20,PARAS.NS,DN,0.7168,0.625,HIGH,ALIGNED,3.7868,False,False,OOS
2026-05-20,DATAPATTNS.NS,DN,0.7151,0.625,HIGH,ALIGNED,2.6186,False,False,OOS
2026-05-21,HFCL.NS,DN,0.9071,0.5,MEDIUM,ALIGNED,4.5573,False,False,OOS
2026-05-21,MAPMYINDIA.NS,DN,0.8773,0.625,HIGH,ALIGNED,-3.9288,True,True,OOS
2026-05-21,STLTECH.NS,DN,0.8371,0.625,HIGH,ALIGNED,4.9982,False,False,OOS
2026-05-21,BASF.NS,DN,0.8366,0.75,HIGH,ALIGNED,-2.6149,True,True,OOS
2026-05-21,AMBER.NS,DN,0.8349,0.625,HIGH,ALIGNED,-2.3617,True,True,OOS
2026-05-21,RATNAMANI.NS,DN,0.8095,0.625,HIGH,ALIGNED,1.3959,False,False,OOS
2026-05-21,MIDHANI.NS,DN,0.8004,0.5,MEDIUM,ALIGNED,2.6967,False,False,OOS
2026-05-21,ADANIGREEN.NS,DN,0.7994,0.75,HIGH,ALIGNED,0.3019,False,False,OOS
2026-05-21,AJANTPHARM.NS,DN,0.7782,0.75,HIGH,ALIGNED,-1.3241,True,True,OOS
2026-05-21,MUTHOOTFIN.NS,DN,0.7751,0.75,HIGH,ALIGNED,0.7333,False,False,OOS
2026-05-21,NCC.NS,DN,0.7598,0.625,HIGH,ALIGNED,-0.7469,True,True,OOS
2026-05-21,YESBANK.NS,DN,0.7586,0.75,HIGH,ALIGNED,1.3908,False,False,OOS
2026-05-21,NATCOPHARM.NS,DN,0.7574,0.5,MEDIUM,ALIGNED,-0.3917,True,True,OOS
2026-05-21,HAL.NS,DN,0.7401,0.5,MEDIUM,ALIGNED,-0.0458,True,True,OOS
2026-05-21,OIL.NS,DN,0.7323,0.75,HIGH,ALIGNED,-0.7448,True,True,OOS
2026-05-21,HINDZINC.NS,DN,0.7305,0.75,HIGH,ALIGNED,0.6687,False,False,OOS
2026-05-21,WELCORP.NS,DN,0.7263,0.5,MEDIUM,ALIGNED,-3.9618,True,True,OOS
2026-05-21,CIPLA.NS,DN,0.7233,0.75,HIGH,ALIGNED,-0.1926,True,True,OOS
2026-05-21,TATACONSUM.NS,DN,0.7149,0.875,HIGH,ALIGNED,-0.2594,True,True,OOS
2026-05-21,OLECTRA.NS,DN,0.7146,0.625,HIGH,ALIGNED,-0.2478,True,True,OOS
2026-05-22,AMBER.NS,DN,0.8847,0.75,HIGH,ALIGNED,1.3929,False,False,OOS
2026-05-22,MAPMYINDIA.NS,DN,0.8835,0.625,HIGH,ALIGNED,0.6041,False,False,OOS
2026-05-22,BASF.NS,DN,0.8416,0.625,HIGH,ALIGNED,0.7279,False,False,OOS
2026-05-22,ONMOBILE.NS,DN,0.7825,0.625,HIGH,ALIGNED,1.8171,False,False,OOS
2026-05-22,GNFC.NS,DN,0.7801,0.75,HIGH,ALIGNED,1.668,False,False,OOS
2026-05-22,NCC.NS,DN,0.7739,0.75,HIGH,ALIGNED,3.277,False,False,OOS
2026-05-22,PFIZER.NS,DN,0.7655,0.625,HIGH,ALIGNED,0.3939,False,False,OOS
2026-05-22,CIPLA.NS,DN,0.7649,0.75,HIGH,ALIGNED,1.0506,False,False,OOS
2026-05-22,DEEPAKNTR.NS,DN,0.7604,0.875,HIGH,ALIGNED,0.3506,False,False,OOS
2026-05-22,NATCOPHARM.NS,DN,0.7484,0.625,HIGH,ALIGNED,0.2821,False,False,OOS
2026-05-22,OIL.NS,DN,0.746,0.75,HIGH,ALIGNED,-3.4417,True,True,OOS
2026-05-22,BIOCON.NS,DN,0.7438,0.5,MEDIUM,ALIGNED,-0.0465,True,True,OOS
2026-05-22,TATACONSUM.NS,DN,0.7394,0.875,HIGH,ALIGNED,-0.386,True,True,OOS
2026-05-22,AJANTPHARM.NS,DN,0.7292,0.625,HIGH,ALIGNED,-0.8367,True,True,OOS
2026-05-22,ADANIGREEN.NS,DN,0.7177,0.625,HIGH,ALIGNED,3.5822,False,False,OOS
2026-05-22,STLTECH.NS,DN,0.7099,0.25,LOW,CONFLICT,4.9983,False,False,OOS
2026-05-22,WELCORP.NS,DN,0.7045,0.875,HIGH,ALIGNED,1.5734,False,False,OOS
2026-05-22,VGUARD.NS,DN,0.6961,0.875,HIGH,ALIGNED,0.4916,False,False,OOS
2026-05-22,JPPOWER.NS,DN,0.6956,0.625,HIGH,ALIGNED,0.6397,False,False,OOS
2026-05-22,HFCL.NS,DN,0.6955,0.375,MEDIUM,CONFLICT,9.8711,False,False,OOS
2026-05-25,BASF.NS,DN,0.8404,0.75,HIGH,ALIGNED,-0.6714,True,True,OOS
2026-05-25,VINATIORGA.NS,DN,0.84,0.5,MEDIUM,ALIGNED,-0.3659,True,True,OOS
2026-05-25,GNFC.NS,DN,0.8291,0.625,HIGH,ALIGNED,0.4271,False,False,OOS
2026-05-25,AJANTPHARM.NS,DN,0.7958,0.625,HIGH,ALIGNED,0.5063,False,False,OOS
2026-05-25,BIOCON.NS,DN,0.7814,0.625,HIGH,ALIGNED,1.4184,False,False,OOS
2026-05-25,CIPLA.NS,DN,0.7792,0.625,HIGH,ALIGNED,0.2546,False,False,OOS
2026-05-25,PFIZER.NS,DN,0.7743,0.625,HIGH,ALIGNED,-1.0108,True,True,OOS
2026-05-25,MAPMYINDIA.NS,DN,0.7637,0.625,HIGH,ALIGNED,-2.6734,True,True,OOS
2026-05-25,ALKYLAMINE.NS,DN,0.7369,0.5,MEDIUM,ALIGNED,-0.848,True,True,OOS
2026-05-25,TATACONSUM.NS,DN,0.7351,0.75,HIGH,ALIGNED,0.0337,False,False,OOS
2026-05-25,ABBOTINDIA.NS,DN,0.7345,0.625,HIGH,ALIGNED,-0.3429,True,True,OOS
2026-05-25,OIL.NS,DN,0.7326,0.75,HIGH,ALIGNED,1.9791,False,False,OOS
2026-05-25,ONMOBILE.NS,DN,0.7321,0.375,MEDIUM,CONFLICT,-0.3686,True,True,OOS
2026-05-25,HINDZINC.NS,DN,0.7231,0.625,HIGH,ALIGNED,2.0331,False,False,OOS
2026-05-25,SOLARINDS.NS,DN,0.7213,0.375,MEDIUM,CONFLICT,0.555,False,False,OOS
2026-05-25,TITAN.NS,DN,0.7049,0.375,MEDIUM,CONFLICT,-1.2815,True,True,OOS
2026-05-25,BOSCHLTD.NS,DN,0.6971,0.75,HIGH,ALIGNED,-1.3082,True,True,OOS
2026-05-25,ZYDUSWELL.NS,DN,0.6949,0.625,HIGH,ALIGNED,-1.0694,True,True,OOS
2026-05-25,POLICYBZR.NS,DN,0.6839,0.625,HIGH,ALIGNED,-0.1395,True,True,OOS
2026-05-25,VGUARD.NS,DN,0.6748,0.75,HIGH,ALIGNED,2.5603,False,False,OOS
2026-05-26,MAPMYINDIA.NS,DN,0.8807,0.625,HIGH,ALIGNED,0.3085,False,False,OOS
2026-05-26,GNFC.NS,DN,0.8775,0.625,HIGH,ALIGNED,-0.2127,True,True,OOS
2026-05-26,ZYDUSWELL.NS,DN,0.7956,0.625,HIGH,ALIGNED,0.0832,False,False,OOS
2026-05-26,POLICYBZR.NS,DN,0.7954,0.75,HIGH,ALIGNED,-0.2348,True,True,OOS
2026-05-26,BASF.NS,DN,0.7751,0.75,HIGH,ALIGNED,-1.7529,True,True,OOS
2026-05-26,PFIZER.NS,DN,0.7607,0.75,HIGH,ALIGNED,-0.4136,True,True,OOS
2026-05-26,NOCIL.NS,DN,0.7522,0.625,HIGH,ALIGNED,0.7685,False,False,OOS
2026-05-26,BIKAJI.NS,DN,0.75,0.75,HIGH,ALIGNED,-0.1722,True,True,OOS
2026-05-26,DEEPAKNTR.NS,DN,0.7351,0.75,HIGH,ALIGNED,-0.7122,True,True,OOS
2026-05-26,PAGEIND.NS,DN,0.7265,0.75,HIGH,ALIGNED,-0.4177,True,True,OOS
2026-05-26,BOSCHLTD.NS,DN,0.7163,0.625,HIGH,ALIGNED,0.5581,False,False,OOS
2026-05-26,ROUTE.NS,DN,0.7151,0.75,HIGH,ALIGNED,0.1362,False,False,OOS
2026-05-26,GLENMARK.NS,DN,0.7065,0.5,MEDIUM,ALIGNED,1.4247,False,False,OOS
2026-05-26,SAIL.NS,DN,0.7048,0.375,MEDIUM,CONFLICT,1.0891,False,False,OOS
2026-05-26,SOLARINDS.NS,DN,0.7022,0.375,MEDIUM,CONFLICT,0.9416,False,False,OOS
2026-05-26,CIPLA.NS,DN,0.7003,0.375,MEDIUM,CONFLICT,0.0494,False,False,OOS
2026-05-26,AJANTPHARM.NS,DN,0.6958,0.625,HIGH,ALIGNED,-2.4636,True,True,OOS
2026-05-26,INFY.NS,DN,0.6927,0.625,HIGH,ALIGNED,-0.668,True,True,OOS
2026-05-26,CROMPTON.NS,DN,0.6894,0.75,HIGH,ALIGNED,-0.2768,True,True,OOS
2026-05-26,COFORGE.NS,DN,0.6872,0.375,MEDIUM,CONFLICT,-2.4178,True,True,OOS
2026-05-27,ERIS.NS,DN,0.8672,0.5,MEDIUM,ALIGNED,0.0,False,False,OOS
2026-05-27,GNFC.NS,DN,0.8275,0.625,HIGH,ALIGNED,0.0,False,False,OOS
2026-05-27,ZYDUSWELL.NS,DN,0.7771,0.75,HIGH,ALIGNED,0.0,False,False,OOS
2026-05-27,COFORGE.NS,DN,0.7737,0.625,HIGH,ALIGNED,0.0,False,False,OOS
2026-05-27,DEEPAKNTR.NS,DN,0.7538,0.75,HIGH,ALIGNED,0.0,False,False,OOS
2026-05-27,BIOCON.NS,DN,0.7478,0.625,HIGH,ALIGNED,0.0,False,False,OOS
2026-05-27,RVNL.NS,DN,0.7478,0.75,HIGH,ALIGNED,0.0,False,False,OOS
2026-05-27,BIKAJI.NS,DN,0.7409,0.75,HIGH,ALIGNED,0.0,False,False,OOS
2026-05-27,BSE.NS,DN,0.7359,0.5,MEDIUM,ALIGNED,0.0,False,False,OOS
2026-05-27,MAPMYINDIA.NS,DN,0.7342,0.625,HIGH,ALIGNED,0.0,False,False,OOS
2026-05-27,PFIZER.NS,DN,0.734,0.75,HIGH,ALIGNED,0.0,False,False,OOS
2026-05-27,INFY.NS,DN,0.7261,0.625,HIGH,ALIGNED,0.0,False,False,OOS
2026-05-27,WHIRLPOOL.NS,DN,0.7236,0.625,HIGH,ALIGNED,0.0,False,False,OOS
2026-05-27,TORNTPOWER.NS,DN,0.7234,0.75,HIGH,ALIGNED,0.0,False,False,OOS
2026-05-27,POLICYBZR.NS,DN,0.7195,0.75,HIGH,ALIGNED,0.0,False,False,OOS
2026-05-27,PAGEIND.NS,DN,0.7191,0.625,HIGH,ALIGNED,0.0,False,False,OOS
2026-05-27,LTTS.NS,DN,0.7172,0.625,HIGH,ALIGNED,0.0,False,False,OOS
2026-05-27,VINATIORGA.NS,DN,0.7151,0.625,HIGH,ALIGNED,0.0,False,False,OOS
2026-05-27,ONGC.NS,DN,0.6936,0.75,HIGH,ALIGNED,0.0,False,False,OOS
2026-05-27,SOLARINDS.NS,DN,0.688,0.375,MEDIUM,CONFLICT,0.0,False,False,OOS
2026-05-29,SUDARSCHEM.NS,DN,0.8802,0.75,HIGH,ALIGNED,-3.3475,True,True,OOS
2026-05-29,DEEPAKFERT.NS,DN,0.8438,0.875,HIGH,ALIGNED,0.0355,False,False,OOS
2026-05-29,TATACOMM.NS,DN,0.8177,0.625,HIGH,ALIGNED,-1.1399,True,True,OOS
2026-05-29,TORNTPOWER.NS,DN,0.8102,0.75,HIGH,ALIGNED,-0.5703,True,True,OOS
2026-05-29,NATCOPHARM.NS,DN,0.7976,0.75,HIGH,ALIGNED,-8.1307,True,True,OOS
2026-05-29,BDL.NS,DN,0.7898,0.75,HIGH,ALIGNED,-0.0498,True,True,OOS
2026-05-29,RVNL.NS,DN,0.7772,0.75,HIGH,ALIGNED,-1.5848,True,True,OOS
2026-05-29,PAGEIND.NS,DN,0.774,0.625,HIGH,ALIGNED,-2.5396,True,True,OOS
2026-05-29,ONGC.NS,DN,0.7714,0.75,HIGH,ALIGNED,-0.4145,True,True,OOS
2026-05-29,METROBRAND.NS,DN,0.7701,0.75,HIGH,ALIGNED,0.8103,False,False,OOS
2026-05-29,BEML.NS,DN,0.7524,0.875,HIGH,ALIGNED,-0.1335,True,True,OOS
2026-05-29,OIL.NS,DN,0.7138,0.875,HIGH,ALIGNED,1.3861,False,False,OOS
2026-05-29,VBL.NS,DN,0.7033,0.75,HIGH,ALIGNED,-0.4735,True,True,OOS
2026-05-29,CROMPTON.NS,DN,0.7001,0.75,HIGH,ALIGNED,-2.7565,True,True,OOS
2026-05-29,AJANTPHARM.NS,DN,0.6983,0.875,HIGH,ALIGNED,0.0717,False,False,OOS
2026-05-29,DIVISLAB.NS,DN,0.6899,0.875,HIGH,ALIGNED,-1.7024,True,True,OOS
2026-05-29,POLICYBZR.NS,DN,0.6874,0.875,HIGH,ALIGNED,-1.8267,True,True,OOS
2026-05-29,BSE.NS,DN,0.6837,0.75,HIGH,ALIGNED,-1.9175,True,True,OOS
2026-05-29,WHIRLPOOL.NS,DN,0.6811,0.75,HIGH,ALIGNED,1.0091,False,False,OOS
2026-05-29,MASTEK.NS,DN,0.6769,0.625,HIGH,ALIGNED,1.4136,False,False,OOS
2026-06-01,SUDARSCHEM.NS,DN,0.8795,0.75,HIGH,ALIGNED,-1.0313,True,True,OOS
2026-06-01,DATAPATTNS.NS,DN,0.8331,0.75,HIGH,ALIGNED,4.8256,False,False,OOS
2026-06-01,NATCOPHARM.NS,DN,0.8244,0.75,HIGH,ALIGNED,0.6429,False,False,OOS
2026-06-01,NAVINFLUOR.NS,DN,0.8088,0.875,HIGH,ALIGNED,0.7644,False,False,OOS
2026-06-01,ASHOKLEY.NS,DN,0.7749,0.875,HIGH,ALIGNED,-0.4874,True,True,OOS
2026-06-01,RVNL.NS,DN,0.7621,0.625,HIGH,ALIGNED,-0.3353,True,True,OOS
2026-06-01,DEEPAKFERT.NS,DN,0.7615,0.625,HIGH,ALIGNED,-0.3474,True,True,OOS
2026-06-01,BSE.NS,DN,0.7452,0.75,HIGH,ALIGNED,-3.3124,True,True,OOS
2026-06-01,BDL.NS,DN,0.737,0.75,HIGH,ALIGNED,0.1744,False,False,OOS
2026-06-01,PARAS.NS,DN,0.7362,0.5,MEDIUM,ALIGNED,4.8128,False,False,OOS
2026-06-01,CROMPTON.NS,DN,0.7251,0.75,HIGH,ALIGNED,0.0183,False,False,OOS
2026-06-01,PNBHOUSING.NS,DN,0.7167,0.625,HIGH,ALIGNED,-0.6481,True,True,OOS
2026-06-01,TATACOMM.NS,DN,0.7164,0.625,HIGH,ALIGNED,-1.8738,True,True,OOS
2026-06-01,IOC.NS,DN,0.713,0.75,HIGH,ALIGNED,0.0216,False,False,OOS
2026-06-01,BPCL.NS,DN,0.7123,0.5,MEDIUM,ALIGNED,-0.8253,True,True,OOS
2026-06-01,EICHERMOT.NS,DN,0.7058,0.625,HIGH,ALIGNED,0.5774,False,False,OOS
2026-06-01,GLENMARK.NS,DN,0.7024,0.75,HIGH,ALIGNED,-0.7541,True,True,OOS
2026-06-01,CHOLAFIN.NS,DN,0.6964,0.875,HIGH,ALIGNED,-0.6765,True,True,OOS
2026-06-01,METROBRAND.NS,DN,0.6964,0.625,HIGH,ALIGNED,-0.4842,True,True,OOS
2026-06-01,TORNTPHARM.NS,DN,0.6869,0.875,HIGH,ALIGNED,-0.7471,True,True,OOS
2026-06-02,TATACOMM.NS,DN,0.9092,0.75,HIGH,ALIGNED,1.4427,False,False,OOS
2026-06-02,SUDARSCHEM.NS,DN,0.8788,0.75,HIGH,ALIGNED,-1.265,True,True,OOS
2026-06-02,BSE.NS,DN,0.8348,0.875,HIGH,ALIGNED,0.8698,False,False,OOS
2026-06-02,NATCOPHARM.NS,DN,0.8132,0.625,HIGH,ALIGNED,-0.511,True,True,OOS
2026-06-02,RAJESHEXPO.NS,DN,0.8,0.875,HIGH,ALIGNED,2.4157,False,False,OOS
2026-06-02,NAVINFLUOR.NS,DN,0.7824,0.75,HIGH,ALIGNED,-0.234,True,True,OOS
2026-06-02,ASHOKLEY.NS,DN,0.7649,0.875,HIGH,ALIGNED,-2.1536,True,True,OOS
2026-06-02,NHPC.NS,DN,0.7361,0.75,HIGH,ALIGNED,3.8871,False,False,OOS
2026-06-02,BDL.NS,DN,0.728,0.75,HIGH,ALIGNED,1.7329,False,False,OOS
2026-06-02,GLENMARK.NS,DN,0.7217,0.875,HIGH,ALIGNED,-0.4852,True,True,OOS
2026-06-02,IGL.NS,DN,0.7217,0.625,HIGH,ALIGNED,0.3917,False,False,OOS
2026-06-02,PNBHOUSING.NS,DN,0.7212,0.625,HIGH,ALIGNED,-0.3512,True,True,OOS
2026-06-02,SAPPHIRE.NS,DN,0.7112,0.75,HIGH,ALIGNED,1.298,False,False,OOS
2026-06-02,DEEPAKFERT.NS,DN,0.7063,0.75,HIGH,ALIGNED,0.0854,False,False,OOS
2026-06-02,PGHH.NS,DN,0.7046,0.625,HIGH,ALIGNED,-0.9111,True,True,OOS
2026-06-02,DATAPATTNS.NS,DN,0.7017,0.5,MEDIUM,ALIGNED,-0.8646,True,True,OOS
2026-06-02,TATACHEM.NS,DN,0.7013,0.75,HIGH,ALIGNED,-2.4861,True,True,OOS
2026-06-02,CHOLAFIN.NS,DN,0.701,0.625,HIGH,ALIGNED,-0.8228,True,True,OOS
2026-06-02,BPCL.NS,DN,0.6878,0.75,HIGH,ALIGNED,-0.7812,True,True,OOS
2026-06-02,PETRONET.NS,DN,0.6724,0.75,HIGH,ALIGNED,0.3532,False,False,OOS
2026-06-03,JPPOWER.NS,DN,0.8956,0.625,HIGH,ALIGNED,-1.5003,True,True,OOS
2026-06-03,SUDARSCHEM.NS,DN,0.8705,0.75,HIGH,ALIGNED,0.2201,False,False,OOS
2026-06-03,ASHOKLEY.NS,DN,0.8241,0.875,HIGH,ALIGNED,-0.96,True,True,OOS
2026-06-03,NATCOPHARM.NS,DN,0.8007,0.875,HIGH,ALIGNED,-1.6907,True,True,OOS
2026-06-03,GLENMARK.NS,DN,0.7841,0.875,HIGH,ALIGNED,0.3036,False,False,OOS
2026-06-03,RAJESHEXPO.NS,DN,0.7744,0.75,HIGH,ALIGNED,-4.9918,True,True,OOS
2026-06-03,PGHH.NS,DN,0.7732,0.625,HIGH,ALIGNED,1.6292,False,False,OOS
2026-06-03,NHPC.NS,DN,0.7634,0.75,HIGH,ALIGNED,1.3582,False,False,OOS
2026-06-03,BSE.NS,DN,0.7458,0.625,HIGH,ALIGNED,1.6969,False,False,OOS
2026-06-03,SUZLON.NS,DN,0.7432,0.625,HIGH,ALIGNED,2.2426,False,False,OOS
2026-06-03,TATACOMM.NS,DN,0.7396,0.625,HIGH,ALIGNED,2.6995,False,False,OOS
2026-06-03,JINDALPOLY.NS,DN,0.7337,0.75,HIGH,ALIGNED,1.2895,False,False,OOS
2026-06-03,TATACHEM.NS,DN,0.7327,0.625,HIGH,ALIGNED,0.1042,False,False,OOS
2026-06-03,ADANIGREEN.NS,DN,0.7224,0.75,HIGH,ALIGNED,-0.2942,True,True,OOS
2026-06-03,HINDZINC.NS,DN,0.7217,0.625,HIGH,ALIGNED,-1.0974,True,True,OOS
2026-06-03,DATAPATTNS.NS,DN,0.7171,0.625,HIGH,ALIGNED,5.0621,False,False,OOS
2026-06-03,CHOLAFIN.NS,DN,0.7149,0.75,HIGH,ALIGNED,1.0472,False,False,OOS
2026-06-03,OFSS.NS,DN,0.7121,0.625,HIGH,ALIGNED,1.0053,False,False,OOS
2026-06-03,BPCL.NS,DN,0.7093,0.75,HIGH,ALIGNED,1.0442,False,False,OOS
2026-06-03,PNBHOUSING.NS,DN,0.7078,0.75,HIGH,ALIGNED,0.6445,False,False,OOS
2026-06-04,FINPIPE.NS,DN,0.8777,0.75,HIGH,ALIGNED,-0.0058,True,True,OOS
2026-06-04,JPPOWER.NS,DN,0.8723,0.625,HIGH,ALIGNED,-0.0525,True,True,OOS
2026-06-04,RAJESHEXPO.NS,DN,0.8595,0.75,HIGH,ALIGNED,-4.9942,True,True,OOS
2026-06-04,SUDARSCHEM.NS,DN,0.8459,0.75,HIGH,ALIGNED,-0.1352,True,True,OOS
2026-06-04,ASHOKLEY.NS,DN,0.8325,0.75,HIGH,ALIGNED,0.5885,False,False,OOS
2026-06-04,NATCOPHARM.NS,DN,0.7942,0.75,HIGH,ALIGNED,-2.7539,True,True,OOS
2026-06-04,GLENMARK.NS,DN,0.7871,0.625,HIGH,ALIGNED,-0.6604,True,True,OOS
2026-06-04,JINDALPOLY.NS,DN,0.7871,0.75,HIGH,ALIGNED,-1.3489,True,True,OOS
2026-06-04,POLICYBZR.NS,DN,0.7772,0.625,HIGH,ALIGNED,-0.1432,True,True,OOS
2026-06-04,TATACHEM.NS,DN,0.7723,0.75,HIGH,ALIGNED,-0.1666,True,True,OOS
2026-06-04,PGHH.NS,DN,0.759,0.5,MEDIUM,ALIGNED,-0.5344,True,True,OOS
2026-06-04,NHPC.NS,DN,0.749,0.75,HIGH,ALIGNED,-1.5108,True,True,OOS
2026-06-04,NATIONALUM.NS,DN,0.743,0.75,HIGH,ALIGNED,-4.4203,True,True,OOS
2026-06-04,BSE.NS,DN,0.7367,0.625,HIGH,ALIGNED,-3.8032,True,True,OOS
2026-06-04,CHOLAFIN.NS,DN,0.732,0.625,HIGH,ALIGNED,1.1575,False,False,OOS
2026-06-04,PNBHOUSING.NS,DN,0.7255,0.625,HIGH,ALIGNED,-0.1701,True,True,OOS
2026-06-04,VEDL.NS,DN,0.707,0.625,HIGH,ALIGNED,-3.6336,True,True,OOS
2026-06-04,LTTS.NS,DN,0.7017,0.625,HIGH,ALIGNED,-1.8154,True,True,OOS
2026-06-04,SUZLON.NS,DN,0.6917,0.5,MEDIUM,ALIGNED,-0.5574,True,True,OOS
2026-06-04,OFSS.NS,DN,0.6828,0.625,HIGH,ALIGNED,-1.5993,True,True,OOS
2026-06-05,RAJESHEXPO.NS,DN,0.8813,0.625,HIGH,ALIGNED,-4.9934,True,True,OOS
2026-06-05,JPPOWER.NS,DN,0.8617,0.5,MEDIUM,ALIGNED,-2.7325,True,True,OOS
2026-06-05,NATIONALUM.NS,DN,0.8476,0.75,HIGH,ALIGNED,-4.4225,True,True,OOS
2026-06-05,LTTS.NS,DN,0.8182,0.75,HIGH,ALIGNED,-1.4785,True,True,OOS
2026-06-05,BSE.NS,DN,0.8022,0.875,HIGH,ALIGNED,0.9485,False,False,OOS
2026-06-05,GLENMARK.NS,DN,0.7886,0.75,HIGH,ALIGNED,0.4755,False,False,OOS
2026-06-05,MOTHERSON.NS,DN,0.7842,0.75,HIGH,ALIGNED,-3.1694,True,True,OOS
2026-06-05,NHPC.NS,DN,0.783,0.75,HIGH,ALIGNED,-1.9474,True,True,OOS
2026-06-05,TATACHEM.NS,DN,0.7791,0.75,HIGH,ALIGNED,-0.1807,True,True,OOS
2026-06-05,ASHOKLEY.NS,DN,0.7752,0.625,HIGH,ALIGNED,-2.9389,True,True,OOS
2026-06-05,VEDL.NS,DN,0.765,0.75,HIGH,ALIGNED,-3.5963,True,True,OOS
2026-06-05,PERSISTENT.NS,DN,0.7592,0.75,HIGH,ALIGNED,0.526,False,False,OOS
2026-06-05,HINDZINC.NS,DN,0.751,0.75,HIGH,ALIGNED,-1.9054,True,True,OOS
2026-06-05,POLICYBZR.NS,DN,0.7493,0.75,HIGH,ALIGNED,-1.4471,True,True,OOS
2026-06-05,SUZLON.NS,DN,0.7488,0.5,MEDIUM,ALIGNED,-1.591,True,True,OOS
2026-06-05,ERIS.NS,DN,0.748,0.5,MEDIUM,ALIGNED,-0.0073,True,True,OOS
2026-06-05,ALKEM.NS,DN,0.7218,0.625,HIGH,ALIGNED,1.9994,False,False,OOS
2026-06-05,WIPRO.NS,DN,0.7114,0.75,HIGH,ALIGNED,-8.3732,True,True,OOS
2026-06-05,M&MFIN.NS,DN,0.7095,0.75,HIGH,ALIGNED,-3.1396,True,True,OOS
2026-06-05,SOBHA.NS,DN,0.6968,0.75,HIGH,ALIGNED,-3.7167,True,True,OOS
2026-06-08,RAJESHEXPO.NS,DN,0.8908,0.625,HIGH,ALIGNED,-5.0,True,True,OOS
2026-06-08,NATIONALUM.NS,DN,0.876,0.625,HIGH,ALIGNED,1.5071,False,False,OOS
2026-06-08,WIPRO.NS,DN,0.8665,0.75,HIGH,ALIGNED,-0.0495,True,True,OOS
2026-06-08,HINDALCO.NS,DN,0.8092,0.75,HIGH,ALIGNED,1.346,False,False,OOS
2026-06-08,TCS.NS,DN,0.7968,0.625,HIGH,ALIGNED,-0.0186,True,True,OOS
2026-06-08,KPITTECH.NS,DN,0.7711,0.625,HIGH,ALIGNED,0.1125,False,False,OOS
2026-06-08,COFORGE.NS,DN,0.766,0.5,MEDIUM,ALIGNED,-0.6403,True,True,OOS
2026-06-08,MOTHERSON.NS,DN,0.7638,0.75,HIGH,ALIGNED,3.6328,False,False,OOS
2026-06-08,EXIDEIND.NS,DN,0.7593,0.75,HIGH,ALIGNED,1.8269,False,False,OOS
2026-06-08,WELCORP.NS,DN,0.7553,0.625,HIGH,ALIGNED,4.827,False,False,OOS
2026-06-08,CENTUM.NS,DN,0.7547,0.75,HIGH,ALIGNED,1.5804,False,False,OOS
2026-06-08,OFSS.NS,DN,0.7541,0.625,HIGH,ALIGNED,-1.1941,True,True,OOS
2026-06-08,PERSISTENT.NS,DN,0.7528,0.5,MEDIUM,ALIGNED,-0.9279,True,True,OOS
2026-06-08,NHPC.NS,DN,0.7524,0.75,HIGH,ALIGNED,0.6666,False,False,OOS
2026-06-08,TATACOMM.NS,DN,0.7516,0.75,HIGH,ALIGNED,3.673,False,False,OOS
2026-06-08,SOBHA.NS,DN,0.7456,0.625,HIGH,ALIGNED,0.5957,False,False,OOS
2026-06-08,HINDZINC.NS,DN,0.74,0.625,HIGH,ALIGNED,1.3759,False,False,OOS
2026-06-08,VEDL.NS,DN,0.7362,0.75,HIGH,ALIGNED,0.6574,False,False,OOS
2026-06-08,NMDC.NS,DN,0.7299,0.75,HIGH,ALIGNED,0.5023,False,False,OOS
2026-06-08,M&MFIN.NS,DN,0.7245,0.625,HIGH,ALIGNED,1.5138,False,False,OOS
2026-06-09,HFCL.NS,DN,0.9123,0.75,HIGH,ALIGNED,-4.9997,True,True,OOS
2026-06-09,WIPRO.NS,DN,0.8716,0.75,HIGH,ALIGNED,-1.5082,True,True,OOS
2026-06-09,RAJESHEXPO.NS,DN,0.8664,0.625,HIGH,ALIGNED,-4.9938,True,True,OOS
2026-06-09,NATIONALUM.NS,DN,0.8627,0.625,HIGH,ALIGNED,-2.0188,True,True,OOS
2026-06-09,TCS.NS,DN,0.8436,0.75,HIGH,ALIGNED,0.1348,False,False,OOS
2026-06-09,RATEGAIN.NS,DN,0.8255,0.75,HIGH,ALIGNED,4.4104,False,False,OOS
2026-06-09,EXIDEIND.NS,DN,0.8201,0.625,HIGH,ALIGNED,-1.6796,True,True,OOS
2026-06-09,COFORGE.NS,DN,0.8112,0.75,HIGH,ALIGNED,-0.6586,True,True,OOS
2026-06-09,KPITTECH.NS,DN,0.7973,0.625,HIGH,ALIGNED,-3.0682,True,True,OOS
2026-06-09,ZENSARTECH.NS,DN,0.7956,0.625,HIGH,ALIGNED,-1.4866,True,True,OOS
2026-06-09,INFY.NS,DN,0.7885,0.625,HIGH,ALIGNED,-2.9653,True,True,OOS
2026-06-09,NAUKRI.NS,DN,0.7816,0.625,HIGH,ALIGNED,-1.1551,True,True,OOS
2026-06-09,CENTUM.NS,DN,0.7541,0.625,HIGH,ALIGNED,-1.526,True,True,OOS
2026-06-09,OFSS.NS,DN,0.7532,0.625,HIGH,ALIGNED,-1.7584,True,True,OOS
2026-06-09,PERSISTENT.NS,DN,0.7505,0.75,HIGH,ALIGNED,-1.7935,True,True,OOS
2026-06-09,JSWENERGY.NS,DN,0.7449,0.625,HIGH,ALIGNED,-1.7093,True,True,OOS
2026-06-09,MOTHERSON.NS,DN,0.7448,0.625,HIGH,ALIGNED,-1.2842,True,True,OOS
2026-06-09,NMDC.NS,DN,0.7348,0.75,HIGH,ALIGNED,-1.7659,True,True,OOS
2026-06-09,HINDALCO.NS,DN,0.7341,0.625,HIGH,ALIGNED,-3.4736,True,True,OOS
2026-06-09,SOBHA.NS,DN,0.7154,0.875,HIGH,ALIGNED,-0.2768,True,True,OOS
2026-06-10,STLTECH.NS,DN,0.9248,0.75,HIGH,ALIGNED,-2.3955,True,True,OOS
2026-06-10,HFCL.NS,DN,0.9119,0.75,HIGH,ALIGNED,-3.2109,True,True,OOS
2026-06-10,RAJESHEXPO.NS,DN,0.8879,0.625,HIGH,ALIGNED,-4.9965,True,True,OOS
2026-06-10,NATIONALUM.NS,DN,0.8725,0.75,HIGH,ALIGNED,-1.4755,True,True,OOS
2026-06-10,WIPRO.NS,DN,0.864,0.625,HIGH,ALIGNED,-0.8718,True,True,OOS
2026-06-10,OIL.NS,DN,0.8362,0.75,HIGH,ALIGNED,0.468,False,False,OOS
2026-06-10,TEJASNET.NS,DN,0.8344,0.75,HIGH,ALIGNED,4.1213,False,False,OOS
2026-06-10,NMDC.NS,DN,0.8104,0.75,HIGH,ALIGNED,0.0226,False,False,OOS
2026-06-10,HINDALCO.NS,DN,0.7877,0.875,HIGH,ALIGNED,-1.4433,True,True,OOS
2026-06-10,INFY.NS,DN,0.786,0.75,HIGH,ALIGNED,-2.6805,True,True,OOS
2026-06-10,OLECTRA.NS,DN,0.7857,0.625,HIGH,ALIGNED,-1.8803,True,True,OOS
2026-06-10,KPITTECH.NS,DN,0.7855,0.75,HIGH,ALIGNED,0.5389,False,False,OOS
2026-06-10,ZENSARTECH.NS,DN,0.7802,0.625,HIGH,ALIGNED,-3.1602,True,True,OOS
2026-06-10,EXIDEIND.NS,DN,0.7529,0.625,HIGH,ALIGNED,-0.1812,True,True,OOS
2026-06-10,WELCORP.NS,DN,0.7396,0.75,HIGH,ALIGNED,1.3865,False,False,OOS
2026-06-10,COALINDIA.NS,DN,0.7394,0.75,HIGH,ALIGNED,-1.0643,True,True,OOS
2026-06-10,KALYANKJIL.NS,DN,0.7379,0.75,HIGH,ALIGNED,-2.3324,True,True,OOS
2026-06-10,CESC.NS,DN,0.7312,0.625,HIGH,ALIGNED,-0.1249,True,True,OOS
2026-06-10,HINDZINC.NS,DN,0.73,0.75,HIGH,ALIGNED,-0.4657,True,True,OOS
2026-06-10,NAUKRI.NS,DN,0.7244,0.625,HIGH,ALIGNED,-0.7671,True,True,OOS
2026-06-11,STLTECH.NS,DN,0.9418,0.875,HIGH,ALIGNED,2.683,False,False,OOS
2026-06-11,HFCL.NS,DN,0.8976,0.75,HIGH,ALIGNED,4.9976,False,False,OOS
2026-06-11,RAJESHEXPO.NS,DN,0.8779,0.625,HIGH,ALIGNED,-4.9981,True,True,OOS
2026-06-11,WIPRO.NS,DN,0.8638,0.5,MEDIUM,ALIGNED,1.5617,False,False,OOS
2026-06-11,TEJASNET.NS,DN,0.861,0.625,HIGH,ALIGNED,4.4202,False,False,OOS
2026-06-11,NATIONALUM.NS,DN,0.8442,0.75,HIGH,ALIGNED,1.6865,False,False,OOS
2026-06-11,OIL.NS,DN,0.8415,0.75,HIGH,ALIGNED,-2.6901,True,True,OOS
2026-06-11,KALYANKJIL.NS,DN,0.8359,0.625,HIGH,ALIGNED,4.217,False,False,OOS
2026-06-11,OLECTRA.NS,DN,0.8155,0.625,HIGH,ALIGNED,3.4813,False,False,OOS
2026-06-11,INFY.NS,DN,0.8041,0.75,HIGH,ALIGNED,0.1615,False,False,OOS
2026-06-11,COALINDIA.NS,DN,0.8034,0.75,HIGH,ALIGNED,-0.6051,True,True,OOS
2026-06-11,NMDC.NS,DN,0.7964,0.625,HIGH,ALIGNED,2.7806,False,False,OOS
2026-06-11,ZENSARTECH.NS,DN,0.7755,0.75,HIGH,ALIGNED,2.2584,False,False,OOS
2026-06-11,HINDALCO.NS,DN,0.7743,0.625,HIGH,ALIGNED,-0.2636,True,True,OOS
2026-06-11,JSWENERGY.NS,DN,0.7636,0.75,HIGH,ALIGNED,1.2856,False,False,OOS
2026-06-11,EXIDEIND.NS,DN,0.7605,0.5,MEDIUM,ALIGNED,1.6336,False,False,OOS
2026-06-11,OFSS.NS,DN,0.7502,0.875,HIGH,ALIGNED,0.6691,False,False,OOS
2026-06-11,MIDHANI.NS,DN,0.7449,0.5,MEDIUM,ALIGNED,3.0921,False,False,OOS
2026-06-11,IDEAFORGE.NS,DN,0.7441,0.625,HIGH,ALIGNED,-0.2067,True,True,OOS
2026-06-11,CRAFTSMAN.NS,DN,0.7348,0.875,HIGH,ALIGNED,1.4217,False,False,OOS
2026-06-12,STLTECH.NS,DN,0.9332,0.625,HIGH,ALIGNED,4.3091,False,False,OOS
2026-06-12,IDEAFORGE.NS,DN,0.8897,0.625,HIGH,ALIGNED,-0.489,True,True,OOS
2026-06-12,RAJESHEXPO.NS,DN,0.8752,0.75,HIGH,ALIGNED,4.9993,False,False,OOS
2026-06-12,KALYANKJIL.NS,DN,0.8562,0.625,HIGH,ALIGNED,11.095,False,False,OOS
2026-06-12,WIPRO.NS,DN,0.838,0.75,HIGH,ALIGNED,0.6884,False,False,OOS
2026-06-12,OIL.NS,DN,0.8334,0.75,HIGH,ALIGNED,-0.1436,True,True,OOS
2026-06-12,COALINDIA.NS,DN,0.8224,0.75,HIGH,ALIGNED,0.124,False,False,OOS
2026-06-12,INFY.NS,DN,0.8212,0.75,HIGH,ALIGNED,1.6571,False,False,OOS
2026-06-12,ADANIENSOL.NS,DN,0.7779,0.625,HIGH,ALIGNED,0.1544,False,False,OOS
2026-06-12,ZENSARTECH.NS,DN,0.7736,0.625,HIGH,ALIGNED,-0.4196,True,True,OOS
2026-06-12,EXIDEIND.NS,DN,0.7675,0.75,HIGH,ALIGNED,0.7399,False,False,OOS
2026-06-12,JSWENERGY.NS,DN,0.7596,0.625,HIGH,ALIGNED,1.2336,False,False,OOS
2026-06-12,NMDC.NS,DN,0.7545,0.5,MEDIUM,ALIGNED,-2.7054,True,True,OOS
2026-06-12,KPITTECH.NS,DN,0.7466,0.75,HIGH,ALIGNED,1.0681,False,False,OOS
2026-06-12,HINDALCO.NS,DN,0.7365,0.75,HIGH,ALIGNED,-0.7537,True,True,OOS
2026-06-12,ONGC.NS,DN,0.7346,0.75,HIGH,ALIGNED,-1.0357,True,True,OOS
2026-06-12,COFORGE.NS,DN,0.7267,0.75,HIGH,ALIGNED,2.5819,False,False,OOS
2026-06-12,MASTEK.NS,DN,0.7248,0.75,HIGH,ALIGNED,2.5041,False,False,OOS
2026-06-12,OFSS.NS,DN,0.7175,0.75,HIGH,ALIGNED,0.4878,False,False,OOS
2026-06-12,NATIONALUM.NS,DN,0.706,0.625,HIGH,ALIGNED,1.4595,False,False,OOS
2026-06-15,IDEAFORGE.NS,DN,0.8928,0.625,HIGH,ALIGNED,4.9951,False,False,OOS
2026-06-15,INFY.NS,DN,0.8087,0.625,HIGH,ALIGNED,0.7666,False,False,OOS
2026-06-15,OIL.NS,DN,0.8082,0.75,HIGH,ALIGNED,0.5872,False,False,OOS
2026-06-15,RAJESHEXPO.NS,DN,0.7899,0.625,HIGH,ALIGNED,4.9981,False,False,OOS
2026-06-15,ZENSARTECH.NS,DN,0.7712,0.75,HIGH,ALIGNED,2.9497,False,False,OOS
2026-06-15,TECHM.NS,DN,0.7709,0.75,HIGH,ALIGNED,1.4871,False,False,OOS
2026-06-15,SAPPHIRE.NS,DN,0.762,0.75,HIGH,ALIGNED,4.7391,False,False,OOS
2026-06-15,ADANIENSOL.NS,DN,0.7506,0.625,HIGH,ALIGNED,-0.0536,True,True,OOS
2026-06-15,COALINDIA.NS,DN,0.7344,0.75,HIGH,ALIGNED,1.5539,False,False,OOS
2026-06-15,STLTECH.NS,DN,0.7326,0.375,MEDIUM,CONFLICT,2.6117,False,False,OOS
2026-06-15,ONGC.NS,DN,0.719,0.875,HIGH,ALIGNED,1.8674,False,False,OOS
2026-06-15,MPHASIS.NS,DN,0.7139,0.5,MEDIUM,ALIGNED,0.7577,False,False,OOS
2026-06-15,NMDC.NS,DN,0.7135,0.5,MEDIUM,ALIGNED,-0.4295,True,True,OOS
2026-06-15,JPPOWER.NS,DN,0.7113,0.5,MEDIUM,ALIGNED,-2.7071,True,True,OOS
2026-06-15,SOLARINDS.NS,DN,0.7078,0.75,HIGH,ALIGNED,-2.1879,True,True,OOS
2026-06-15,HCLTECH.NS,DN,0.7075,0.625,HIGH,ALIGNED,3.5469,False,False,OOS
2026-06-15,ZYDUSWELL.NS,DN,0.6995,0.625,HIGH,ALIGNED,2.2329,False,False,OOS
2026-06-15,PERSISTENT.NS,DN,0.688,0.5,MEDIUM,ALIGNED,2.5764,False,False,OOS
2026-06-15,COFORGE.NS,DN,0.6862,0.375,MEDIUM,CONFLICT,4.4421,False,False,OOS
2026-06-15,NTPC.NS,DN,0.6815,0.625,HIGH,ALIGNED,2.1402,False,False,OOS
2026-06-16,IDEAFORGE.NS,DN,0.9057,0.5,MEDIUM,ALIGNED,2.3182,False,False,OOS
2026-06-16,DATAPATTNS.NS,DN,0.8224,0.5,MEDIUM,ALIGNED,6.5285,False,False,OOS
2026-06-16,OLECTRA.NS,DN,0.8144,0.5,MEDIUM,ALIGNED,6.6514,False,False,OOS
2026-06-16,OIL.NS,DN,0.8002,0.625,HIGH,ALIGNED,-0.6196,True,True,OOS
2026-06-16,MIDHANI.NS,DN,0.7812,0.375,MEDIUM,CONFLICT,2.2321,False,False,OOS
2026-06-16,ALKYLAMINE.NS,DN,0.7658,0.625,HIGH,ALIGNED,1.5713,False,False,OOS
2026-06-16,STLTECH.NS,DN,0.7571,0.375,MEDIUM,CONFLICT,-1.2966,True,True,OOS
2026-06-16,SOLARINDS.NS,DN,0.7385,0.625,HIGH,ALIGNED,3.302,False,False,OOS
2026-06-16,LAURUSLABS.NS,DN,0.7317,1.0,HIGH,ALIGNED,-0.4795,True,True,OOS
2026-06-16,CANBK.NS,DN,0.7231,0.5,MEDIUM,ALIGNED,1.8143,False,False,OOS
2026-06-16,ADANIGREEN.NS,DN,0.7175,0.625,HIGH,ALIGNED,-1.1265,True,True,OOS
2026-06-16,ADANIENSOL.NS,DN,0.7082,0.5,MEDIUM,ALIGNED,-0.0067,True,True,OOS
2026-06-16,HINDALCO.NS,DN,0.7041,0.75,HIGH,ALIGNED,2.5957,False,False,OOS
2026-06-16,PFC.NS,DN,0.6877,0.375,MEDIUM,CONFLICT,0.9942,False,False,OOS
2026-06-16,PNB.NS,DN,0.6789,0.5,MEDIUM,ALIGNED,0.8336,False,False,OOS
2026-06-16,TATACOMM.NS,DN,0.6707,0.75,HIGH,ALIGNED,-0.7212,True,True,OOS
2026-06-16,NMDC.NS,DN,0.669,0.625,HIGH,ALIGNED,-0.1022,True,True,OOS
2026-06-16,DEEPAKFERT.NS,DN,0.6674,0.375,MEDIUM,CONFLICT,1.0098,False,False,OOS
2026-06-16,INFY.NS,DN,0.6639,0.375,MEDIUM,CONFLICT,1.2329,False,False,OOS
2026-06-16,TECHM.NS,DN,0.6613,0.5,MEDIUM,ALIGNED,1.0782,False,False,OOS
2026-06-17,MRPL.NS,DN,0.858,0.5,MEDIUM,ALIGNED,-1.2417,True,True,OOS
2026-06-17,IDEAFORGE.NS,DN,0.8171,0.375,MEDIUM,CONFLICT,-1.0064,True,True,OOS
2026-06-17,TECHM.NS,DN,0.7653,0.5,MEDIUM,ALIGNED,-1.0052,True,True,OOS
2026-06-17,JINDALPOLY.NS,DN,0.7397,0.875,HIGH,ALIGNED,0.6336,False,False,OOS
2026-06-17,AJANTPHARM.NS,DN,0.7267,0.5,MEDIUM,ALIGNED,-0.1883,True,True,OOS
2026-06-17,ADANIENSOL.NS,DN,0.7124,0.625,HIGH,ALIGNED,2.1663,False,False,OOS
2026-06-17,TATACOMM.NS,DN,0.7113,0.75,HIGH,ALIGNED,2.2213,False,False,OOS
2026-06-17,ADANIGREEN.NS,DN,0.6804,0.625,HIGH,ALIGNED,2.7971,False,False,OOS
2026-06-17,LAURUSLABS.NS,DN,0.6754,0.875,HIGH,ALIGNED,-0.073,True,True,OOS
2026-06-17,PFC.NS,DN,0.6684,0.25,LOW,CONFLICT,-0.5675,True,True,OOS
2026-06-17,ASIANPAINT.NS,DN,0.6567,0.625,HIGH,ALIGNED,0.6209,False,False,OOS
2026-06-17,ATUL.NS,DN,0.6498,0.75,HIGH,ALIGNED,0.6971,False,False,OOS
2026-06-17,NESTLEIND.NS,DN,0.6478,0.375,MEDIUM,CONFLICT,-0.4903,True,True,OOS
2026-06-17,SRF.NS,DN,0.6428,0.625,HIGH,ALIGNED,-0.0924,True,True,OOS
2026-06-17,MPHASIS.NS,DN,0.6405,0.5,MEDIUM,ALIGNED,-0.1538,True,True,OOS
2026-06-17,HINDALCO.NS,DN,0.6395,0.625,HIGH,ALIGNED,0.0595,False,False,OOS
2026-06-17,SOLARINDS.NS,DN,0.6381,0.375,MEDIUM,CONFLICT,1.7586,False,False,OOS
2026-06-17,CIPLA.NS,DN,0.6378,0.75,HIGH,ALIGNED,0.3479,False,False,OOS
2026-06-17,NMDC.NS,DN,0.6361,0.625,HIGH,ALIGNED,0.6023,False,False,OOS
2026-06-17,CANBK.NS,DN,0.635,0.375,MEDIUM,CONFLICT,-0.1996,True,True,OOS
2026-06-18,ALKYLAMINE.NS,DN,0.8249,0.75,HIGH,ALIGNED,3.0259,False,False,OOS
2026-06-18,TECHM.NS,DN,0.8142,0.5,MEDIUM,ALIGNED,-2.6318,True,True,OOS
2026-06-18,JINDALPOLY.NS,DN,0.756,0.625,HIGH,ALIGNED,-0.5861,True,True,OOS
2026-06-18,MRPL.NS,DN,0.7354,0.375,MEDIUM,CONFLICT,-3.0678,True,True,OOS
2026-06-18,LAURUSLABS.NS,DN,0.7336,0.75,HIGH,ALIGNED,3.2218,False,False,OOS
2026-06-18,AJANTPHARM.NS,DN,0.7158,0.5,MEDIUM,ALIGNED,-0.2733,True,True,OOS
2026-06-18,PERSISTENT.NS,DN,0.7084,0.5,MEDIUM,ALIGNED,-2.2569,True,True,OOS
2026-06-18,TATACOMM.NS,DN,0.7009,0.5,MEDIUM,ALIGNED,2.4099,False,False,OOS
2026-06-18,DEEPAKFERT.NS,DN,0.6991,0.5,MEDIUM,ALIGNED,2.4644,False,False,OOS
2026-06-18,RBLBANK.NS,DN,0.6856,0.5,MEDIUM,ALIGNED,2.5999,False,False,OOS
2026-06-18,MPHASIS.NS,DN,0.6813,0.375,MEDIUM,CONFLICT,-2.9573,True,True,OOS
2026-06-18,NESTLEIND.NS,DN,0.6764,0.625,HIGH,ALIGNED,1.0283,False,False,OOS
2026-06-18,ZYDUSWELL.NS,DN,0.6719,0.375,MEDIUM,CONFLICT,1.5258,False,False,OOS
2026-06-18,BIKAJI.NS,DN,0.662,0.5,MEDIUM,ALIGNED,0.053,False,False,OOS
2026-06-18,TATACHEM.NS,DN,0.6603,0.75,HIGH,ALIGNED,-0.4777,True,True,OOS
2026-06-18,INFY.NS,DN,0.6577,0.625,HIGH,ALIGNED,-6.7494,True,True,OOS
2026-06-18,NMDC.NS,DN,0.656,0.25,LOW,CONFLICT,-0.1243,True,True,OOS
2026-06-18,NATIONALUM.NS,DN,0.645,0.625,HIGH,ALIGNED,2.2434,False,False,OOS
2026-06-18,WELCORP.NS,DN,0.6404,0.375,MEDIUM,CONFLICT,1.8606,False,False,OOS
2026-06-18,CIPLA.NS,DN,0.6317,0.75,HIGH,ALIGNED,-0.273,True,True,OOS
2026-06-19,MRPL.NS,DN,0.8761,0.75,HIGH,ALIGNED,0.1167,False,False,OOS
2026-06-19,INFY.NS,DN,0.7938,0.625,HIGH,ALIGNED,1.3316,False,False,OOS
2026-06-19,JINDALPOLY.NS,DN,0.7797,0.75,HIGH,ALIGNED,-2.5186,True,True,OOS
2026-06-19,TCS.NS,DN,0.778,0.75,HIGH,ALIGNED,0.1318,False,False,OOS
2026-06-19,IDEA.NS,DN,0.7682,0.375,MEDIUM,CONFLICT,-0.6702,True,True,OOS
2026-06-19,ALKYLAMINE.NS,DN,0.7562,0.375,MEDIUM,CONFLICT,-0.6448,True,True,OOS
2026-06-19,BSE.NS,DN,0.7483,0.625,HIGH,ALIGNED,0.3109,False,False,OOS
2026-06-19,CENTUM.NS,DN,0.7274,0.625,HIGH,ALIGNED,4.6454,False,False,OOS
2026-06-19,LTTS.NS,DN,0.7189,0.75,HIGH,ALIGNED,0.2101,False,False,OOS
2026-06-19,DEEPAKFERT.NS,DN,0.7157,0.375,MEDIUM,CONFLICT,2.5139,False,False,OOS
2026-06-19,TECHM.NS,DN,0.7096,0.75,HIGH,ALIGNED,1.8161,False,False,OOS
2026-06-19,DEEPAKNTR.NS,DN,0.6986,0.75,HIGH,ALIGNED,1.648,False,False,OOS
2026-06-19,SRF.NS,DN,0.6965,0.5,MEDIUM,ALIGNED,0.4022,False,False,OOS
2026-06-19,MPHASIS.NS,DN,0.6882,0.75,HIGH,ALIGNED,0.5557,False,False,OOS
2026-06-19,SAIL.NS,DN,0.6785,0.625,HIGH,ALIGNED,-2.8881,True,True,OOS
2026-06-19,NOCIL.NS,DN,0.6761,0.75,HIGH,ALIGNED,19.9975,False,False,OOS
2026-06-19,IDFCFIRSTB.NS,DN,0.6682,0.375,MEDIUM,CONFLICT,2.5547,False,False,OOS
2026-06-19,VEDL.NS,DN,0.6682,0.625,HIGH,ALIGNED,1.6789,False,False,OOS
2026-06-19,GODREJCP.NS,DN,0.6577,0.75,HIGH,ALIGNED,1.8889,False,False,OOS
2026-06-19,HDFCBANK.NS,DN,0.6522,0.625,HIGH,ALIGNED,0.8464,False,False,OOS
2026-06-22,MRPL.NS,DN,0.8792,0.75,HIGH,ALIGNED,-0.6996,True,True,OOS
2026-06-22,IDEA.NS,DN,0.8163,0.75,HIGH,ALIGNED,-2.4966,True,True,OOS
2026-06-22,SHRIRAMFIN.NS,DN,0.8054,0.75,HIGH,ALIGNED,0.0504,False,False,OOS
2026-06-22,JINDALPOLY.NS,DN,0.7911,0.75,HIGH,ALIGNED,-4.5326,True,True,OOS
2026-06-22,SAIL.NS,DN,0.7879,0.75,HIGH,ALIGNED,-3.2428,True,True,OOS
2026-06-22,INFY.NS,DN,0.7606,0.625,HIGH,ALIGNED,-3.3884,True,True,OOS
2026-06-22,BPCL.NS,DN,0.7481,0.625,HIGH,ALIGNED,-0.0162,True,True,OOS
2026-06-22,COROMANDEL.NS,DN,0.7428,0.625,HIGH,ALIGNED,0.2566,False,False,OOS
2026-06-22,M&MFIN.NS,DN,0.7428,0.625,HIGH,ALIGNED,-0.9185,True,True,OOS
2026-06-22,BSE.NS,DN,0.7417,0.625,HIGH,ALIGNED,-2.2541,True,True,OOS
2026-06-22,LTTS.NS,DN,0.7367,0.75,HIGH,ALIGNED,-0.4134,True,True,OOS
2026-06-22,VBL.NS,DN,0.7345,0.875,HIGH,ALIGNED,-1.6863,True,True,OOS
2026-06-22,ASHOKLEY.NS,DN,0.7319,0.75,HIGH,ALIGNED,-3.6453,True,True,OOS
2026-06-22,PIDILITIND.NS,DN,0.7152,0.625,HIGH,ALIGNED,-0.3498,True,True,OOS
2026-06-22,NATIONALUM.NS,DN,0.7114,0.625,HIGH,ALIGNED,-5.9664,True,True,OOS
2026-06-22,INTELLECT.NS,DN,0.71,0.625,HIGH,ALIGNED,-0.6182,True,True,OOS
2026-06-22,INDUSINDBK.NS,DN,0.7034,0.75,HIGH,ALIGNED,-1.6937,True,True,OOS
2026-06-22,IOC.NS,DN,0.7014,0.625,HIGH,ALIGNED,-0.8381,True,True,OOS
2026-06-22,LT.NS,DN,0.6896,0.625,HIGH,ALIGNED,-0.5213,True,True,OOS
2026-06-22,MPHASIS.NS,DN,0.6894,0.75,HIGH,ALIGNED,-1.5569,True,True,OOS
2026-06-23,STLTECH.NS,DN,0.8323,0.75,HIGH,ALIGNED,-3.812,True,True,OOS
2026-06-23,INFY.NS,DN,0.8297,0.75,HIGH,ALIGNED,2.6523,False,False,OOS
2026-06-23,MRPL.NS,DN,0.8295,0.625,HIGH,ALIGNED,1.9179,False,False,OOS
2026-06-23,JINDALPOLY.NS,DN,0.8188,0.875,HIGH,ALIGNED,2.9722,False,False,OOS
2026-06-23,WIPRO.NS,DN,0.7785,0.625,HIGH,ALIGNED,-0.0057,True,True,OOS
2026-06-23,SAIL.NS,DN,0.7756,0.625,HIGH,ALIGNED,1.324,False,False,OOS
2026-06-23,KALYANKJIL.NS,DN,0.7703,0.75,HIGH,ALIGNED,0.8309,False,False,OOS
2026-06-23,COROMANDEL.NS,DN,0.7696,0.625,HIGH,ALIGNED,-0.4717,True,True,OOS
2026-06-23,DLF.NS,DN,0.7631,0.75,HIGH,ALIGNED,0.9472,False,False,OOS
2026-06-23,MUTHOOTFIN.NS,DN,0.7611,0.625,HIGH,ALIGNED,0.3302,False,False,OOS
2026-06-23,SHRIRAMFIN.NS,DN,0.7507,0.625,HIGH,ALIGNED,2.5822,False,False,OOS
2026-06-23,PRESTIGE.NS,DN,0.75,0.75,HIGH,ALIGNED,1.8774,False,False,OOS
2026-06-23,ASHOKLEY.NS,DN,0.7478,0.625,HIGH,ALIGNED,2.2778,False,False,OOS
2026-06-23,BSE.NS,DN,0.7444,0.75,HIGH,ALIGNED,-1.4004,True,True,OOS
2026-06-23,VBL.NS,DN,0.7406,0.75,HIGH,ALIGNED,0.4759,False,False,OOS
2026-06-23,INDIAMART.NS,DN,0.7396,0.75,HIGH,ALIGNED,-0.9732,True,True,OOS
2026-06-23,HCLTECH.NS,DN,0.735,0.75,HIGH,ALIGNED,0.3966,False,False,OOS
2026-06-23,HINDZINC.NS,DN,0.7309,0.875,HIGH,ALIGNED,-0.887,True,True,OOS
2026-06-23,MOIL.NS,DN,0.73,0.875,HIGH,ALIGNED,-1.4447,True,True,OOS
2026-06-23,BPCL.NS,DN,0.7274,0.625,HIGH,ALIGNED,2.3173,False,False,OOS
2026-06-24,STLTECH.NS,DN,0.8872,0.875,HIGH,ALIGNED,4.9987,False,False,OOS
2026-06-24,IDEAFORGE.NS,DN,0.8592,0.75,HIGH,ALIGNED,0.893,False,False,OOS
2026-06-24,RATEGAIN.NS,DN,0.8375,0.625,HIGH,ALIGNED,-2.2379,True,True,OOS
2026-06-24,INFY.NS,DN,0.8285,0.5,MEDIUM,ALIGNED,-1.4575,True,True,OOS
2026-06-24,DATAPATTNS.NS,DN,0.8226,0.75,HIGH,ALIGNED,-2.4567,True,True,OOS
2026-06-24,IRFC.NS,DN,0.8188,0.75,HIGH,ALIGNED,-0.7892,True,True,OOS
2026-06-24,HINDZINC.NS,DN,0.8179,0.75,HIGH,ALIGNED,-4.41,True,True,OOS
2026-06-24,VEDL.NS,DN,0.8027,0.625,HIGH,ALIGNED,-3.2207,True,True,OOS
2026-06-24,WIPRO.NS,DN,0.8022,0.875,HIGH,ALIGNED,0.298,False,False,OOS
2026-06-24,PARAS.NS,DN,0.8002,0.625,HIGH,ALIGNED,-4.2454,True,True,OOS
2026-06-24,MUTHOOTFIN.NS,DN,0.77,0.375,MEDIUM,CONFLICT,-3.3324,True,True,OOS
2026-06-24,ASHOKLEY.NS,DN,0.763,0.5,MEDIUM,ALIGNED,3.7247,False,False,OOS
2026-06-24,GNFC.NS,DN,0.7597,0.75,HIGH,ALIGNED,-1.9982,True,True,OOS
2026-06-24,IDEA.NS,DN,0.7576,0.875,HIGH,ALIGNED,-1.747,True,True,OOS
2026-06-24,APOLLOTYRE.NS,DN,0.7515,0.75,HIGH,ALIGNED,2.0982,False,False,OOS
2026-06-24,MOIL.NS,DN,0.743,0.875,HIGH,ALIGNED,-0.0536,True,True,OOS
2026-06-24,INDIAMART.NS,DN,0.7415,0.75,HIGH,ALIGNED,-0.9422,True,True,OOS
2026-06-24,NATIONALUM.NS,DN,0.7411,0.625,HIGH,ALIGNED,-4.7052,True,True,OOS
2026-06-24,KALYANKJIL.NS,DN,0.7406,0.625,HIGH,ALIGNED,0.4253,False,False,OOS
2026-06-24,VBL.NS,DN,0.7379,0.625,HIGH,ALIGNED,0.1875,False,False,OOS
2026-06-25,PARAS.NS,DN,0.9148,0.75,HIGH,ALIGNED,0.0,False,False,OOS
2026-06-25,BATAINDIA.NS,DN,0.8827,0.625,HIGH,ALIGNED,0.0,False,False,OOS
2026-06-25,DATAPATTNS.NS,DN,0.8565,0.75,HIGH,ALIGNED,0.0,False,False,OOS
2026-06-25,IDEAFORGE.NS,DN,0.8536,0.625,HIGH,ALIGNED,0.0,False,False,OOS
2026-06-25,RATEGAIN.NS,DN,0.8515,0.75,HIGH,ALIGNED,0.0,False,False,OOS
2026-06-25,MUTHOOTFIN.NS,DN,0.8221,0.875,HIGH,ALIGNED,0.0,False,False,OOS
2026-06-25,GNFC.NS,DN,0.8081,0.625,HIGH,ALIGNED,0.0,False,False,OOS
2026-06-25,IRFC.NS,DN,0.8044,0.75,HIGH,ALIGNED,0.0,False,False,OOS
2026-06-25,HINDZINC.NS,DN,0.8032,0.75,HIGH,ALIGNED,0.0,False,False,OOS
2026-06-25,INFY.NS,DN,0.791,0.75,HIGH,ALIGNED,0.0,False,False,OOS
2026-06-25,INDIAMART.NS,DN,0.79,0.75,HIGH,ALIGNED,0.0,False,False,OOS
2026-06-25,NATIONALUM.NS,DN,0.7738,0.75,HIGH,ALIGNED,0.0,False,False,OOS
2026-06-25,GRSE.NS,DN,0.7699,0.625,HIGH,ALIGNED,0.0,False,False,OOS
2026-06-25,KEI.NS,DN,0.7692,0.875,HIGH,ALIGNED,0.0,False,False,OOS
2026-06-25,TIINDIA.NS,DN,0.7689,0.875,HIGH,ALIGNED,0.0,False,False,OOS
2026-06-25,VEDL.NS,DN,0.766,0.75,HIGH,ALIGNED,0.0,False,False,OOS
2026-06-25,DLF.NS,DN,0.7628,0.625,HIGH,ALIGNED,0.0,False,False,OOS
2026-06-25,IDEA.NS,DN,0.7551,0.75,HIGH,ALIGNED,0.0,False,False,OOS
2026-06-25,YESBANK.NS,DN,0.739,0.625,HIGH,ALIGNED,0.0,False,False,OOS
2026-06-25,AMBER.NS,DN,0.7176,0.625,HIGH,ALIGNED,0.0,False,False,OOS
2026-06-29,PARAS.NS,DN,0.8937,0.75,HIGH,ALIGNED,8.9737,False,False,OOS
2026-06-29,NOCIL.NS,DN,0.8659,0.625,HIGH,ALIGNED,-1.5064,True,True,OOS
2026-06-29,GNFC.NS,DN,0.85,0.5,MEDIUM,ALIGNED,-0.5581,True,True,OOS
2026-06-29,MGL.NS,DN,0.8252,0.625,HIGH,ALIGNED,2.8019,False,False,OOS
2026-06-29,PERSISTENT.NS,DN,0.8216,0.75,HIGH,ALIGNED,0.6514,False,False,OOS
2026-06-29,IRFC.NS,DN,0.8166,0.75,HIGH,ALIGNED,-0.0883,True,True,OOS
2026-06-29,BATAINDIA.NS,DN,0.813,0.75,HIGH,ALIGNED,-1.7737,True,True,OOS
2026-06-29,GRSE.NS,DN,0.8101,0.75,HIGH,ALIGNED,1.8075,False,False,OOS
2026-06-29,CLEAN.NS,DN,0.8058,0.75,HIGH,ALIGNED,-0.9508,True,True,OOS
2026-06-29,BDL.NS,DN,0.8032,0.625,HIGH,ALIGNED,2.4942,False,False,OOS
2026-06-29,RATNAMANI.NS,DN,0.7913,0.875,HIGH,ALIGNED,-2.3422,True,True,OOS
2026-06-29,VEDL.NS,DN,0.7748,0.625,HIGH,ALIGNED,-1.3354,True,True,OOS
2026-06-29,IDEAFORGE.NS,DN,0.7704,0.75,HIGH,ALIGNED,0.5796,False,False,OOS
2026-06-29,HINDZINC.NS,DN,0.7688,0.625,HIGH,ALIGNED,1.4558,False,False,OOS
2026-06-29,MUTHOOTFIN.NS,DN,0.7685,0.75,HIGH,ALIGNED,-0.7911,True,True,OOS
2026-06-29,NCC.NS,DN,0.7649,0.75,HIGH,ALIGNED,-1.1538,True,True,OOS
2026-06-29,DATAPATTNS.NS,DN,0.7612,0.625,HIGH,ALIGNED,0.6641,False,False,OOS
2026-06-29,AMBER.NS,DN,0.755,0.75,HIGH,ALIGNED,1.5783,False,False,OOS
2026-06-29,NATIONALUM.NS,DN,0.7428,0.75,HIGH,ALIGNED,-2.2453,True,True,OOS
2026-06-29,DEEPAKNTR.NS,DN,0.7339,0.75,HIGH,ALIGNED,-1.1064,True,True,OOS
2026-06-30,RAJESHEXPO.NS,DN,0.8978,0.75,HIGH,ALIGNED,-4.9009,True,True,OOS
2026-06-30,NOCIL.NS,DN,0.8872,0.75,HIGH,ALIGNED,-0.5673,True,True,OOS
2026-06-30,PARAS.NS,DN,0.8588,0.5,MEDIUM,ALIGNED,-0.865,True,True,OOS
2026-06-30,BATAINDIA.NS,DN,0.8572,0.75,HIGH,ALIGNED,-0.2705,True,True,OOS
2026-06-30,RATNAMANI.NS,DN,0.8276,0.875,HIGH,ALIGNED,-1.2032,True,True,OOS
2026-06-30,PERSISTENT.NS,DN,0.8161,0.75,HIGH,ALIGNED,0.0855,False,False,OOS
2026-06-30,MGL.NS,DN,0.8058,0.75,HIGH,ALIGNED,-1.0306,True,True,OOS
2026-06-30,IRFC.NS,DN,0.7983,0.875,HIGH,ALIGNED,0.718,False,False,OOS
2026-06-30,GNFC.NS,DN,0.7931,0.75,HIGH,ALIGNED,-2.3555,True,True,OOS
2026-06-30,DEEPAKNTR.NS,DN,0.7692,0.625,HIGH,ALIGNED,0.1552,False,False,OOS
2026-06-30,NCC.NS,DN,0.7642,0.75,HIGH,ALIGNED,0.9446,False,False,OOS
2026-06-30,CLEAN.NS,DN,0.762,0.75,HIGH,ALIGNED,-0.1578,True,True,OOS
2026-06-30,BASF.NS,DN,0.7514,0.625,HIGH,ALIGNED,-1.085,True,True,OOS
2026-06-30,KPITTECH.NS,DN,0.7495,0.75,HIGH,ALIGNED,-16.9757,True,True,OOS
2026-06-30,EICHERMOT.NS,DN,0.7459,0.875,HIGH,ALIGNED,0.926,False,False,OOS
2026-06-30,JYOTHYLAB.NS,DN,0.745,0.75,HIGH,ALIGNED,-1.0591,True,True,OOS
2026-06-30,BDL.NS,DN,0.7361,0.625,HIGH,ALIGNED,0.7746,False,False,OOS
2026-06-30,GRSE.NS,DN,0.7329,0.375,MEDIUM,CONFLICT,0.4548,False,False,OOS
2026-06-30,DATAPATTNS.NS,DN,0.7254,0.5,MEDIUM,ALIGNED,0.7042,False,False,OOS
2026-06-30,MUTHOOTFIN.NS,DN,0.7123,0.75,HIGH,ALIGNED,-2.7491,True,True,OOS
2026-07-01,RAJESHEXPO.NS,DN,0.8971,0.875,HIGH,ALIGNED,4.9931,False,False,OOS
2026-07-01,KPITTECH.NS,DN,0.8899,0.75,HIGH,ALIGNED,0.2242,False,False,OOS
2026-07-01,PERSISTENT.NS,DN,0.8399,0.75,HIGH,ALIGNED,5.7826,False,False,OOS
2026-07-01,RATNAMANI.NS,DN,0.8345,0.75,HIGH,ALIGNED,0.1976,False,False,OOS
2026-07-01,BATAINDIA.NS,DN,0.828,0.75,HIGH,ALIGNED,2.4117,False,False,OOS
2026-07-01,GALAXYSURF.NS,DN,0.8169,0.625,HIGH,ALIGNED,0.7577,False,False,OOS
2026-07-01,COFORGE.NS,DN,0.7891,0.875,HIGH,ALIGNED,5.1944,False,False,OOS
2026-07-01,MUTHOOTFIN.NS,DN,0.7797,0.75,HIGH,ALIGNED,1.1939,False,False,OOS
2026-07-01,GNFC.NS,DN,0.7778,0.75,HIGH,ALIGNED,0.6691,False,False,OOS
2026-07-01,DEEPAKNTR.NS,DN,0.7611,0.75,HIGH,ALIGNED,1.5238,False,False,OOS
2026-07-01,IGL.NS,DN,0.7587,0.75,HIGH,ALIGNED,-0.6441,True,True,OOS
2026-07-01,FINEORG.NS,DN,0.7528,0.75,HIGH,ALIGNED,-0.3168,True,True,OOS
2026-07-01,VINATIORGA.NS,DN,0.7512,0.75,HIGH,ALIGNED,-1.8126,True,True,OOS
2026-07-01,BASF.NS,DN,0.751,0.625,HIGH,ALIGNED,2.0394,False,False,OOS
2026-07-01,FINPIPE.NS,DN,0.7469,0.625,HIGH,ALIGNED,0.2787,False,False,OOS
2026-07-01,NCC.NS,DN,0.7452,0.625,HIGH,ALIGNED,0.6484,False,False,OOS
2026-07-01,HCLTECH.NS,DN,0.7372,0.625,HIGH,ALIGNED,4.2448,False,False,OOS
2026-07-01,ENDURANCE.NS,DN,0.73,0.75,HIGH,ALIGNED,2.6877,False,False,OOS
2026-07-01,TECHM.NS,DN,0.721,0.875,HIGH,ALIGNED,4.3386,False,False,OOS
2026-07-01,IOC.NS,DN,0.7203,0.625,HIGH,ALIGNED,1.2801,False,False,OOS
2026-07-02,HFCL.NS,DN,0.9112,0.75,HIGH,ALIGNED,4.8341,False,False,OOS
2026-07-02,KPITTECH.NS,DN,0.8956,0.875,HIGH,ALIGNED,-0.0268,True,True,OOS
2026-07-02,RAJESHEXPO.NS,DN,0.8842,0.5,MEDIUM,ALIGNED,3.6431,False,False,OOS
2026-07-02,RATNAMANI.NS,DN,0.8405,0.75,HIGH,ALIGNED,1.1188,False,False,OOS
2026-07-02,GALAXYSURF.NS,DN,0.8332,0.625,HIGH,ALIGNED,3.4519,False,False,OOS
2026-07-02,PERSISTENT.NS,DN,0.8286,0.625,HIGH,ALIGNED,2.229,False,False,OOS
2026-07-02,M&MFIN.NS,DN,0.82,0.625,HIGH,ALIGNED,5.0472,False,False,OOS
2026-07-02,IGL.NS,DN,0.8175,0.625,HIGH,ALIGNED,-1.1617,True,True,OOS
2026-07-02,VINATIORGA.NS,DN,0.8119,0.875,HIGH,ALIGNED,1.7768,False,False,OOS
2026-07-02,COFORGE.NS,DN,0.7964,0.625,HIGH,ALIGNED,1.5327,False,False,OOS
2026-07-02,STLTECH.NS,DN,0.7845,0.75,HIGH,ALIGNED,2.524,False,False,OOS
2026-07-02,FINEORG.NS,DN,0.7768,0.75,HIGH,ALIGNED,0.2696,False,False,OOS
2026-07-02,MOTHERSON.NS,DN,0.7653,0.75,HIGH,ALIGNED,-0.874,True,True,OOS
2026-07-02,MGL.NS,DN,0.7308,0.375,MEDIUM,CONFLICT,-1.2944,True,True,OOS
2026-07-02,TATACOMM.NS,DN,0.7252,0.625,HIGH,ALIGNED,-1.6151,True,True,OOS
2026-07-02,OFSS.NS,DN,0.7249,0.5,MEDIUM,ALIGNED,2.3849,False,False,OOS
2026-07-02,GNFC.NS,DN,0.7235,0.625,HIGH,ALIGNED,-0.9267,True,True,OOS
2026-07-02,JYOTHYLAB.NS,DN,0.718,0.625,HIGH,ALIGNED,-0.918,True,True,OOS
2026-07-02,EICHERMOT.NS,DN,0.7143,0.75,HIGH,ALIGNED,1.2345,False,False,OOS
2026-07-02,ENDURANCE.NS,DN,0.7087,0.5,MEDIUM,ALIGNED,-0.8336,True,True,OOS
2026-07-03,KPITTECH.NS,DN,0.892,0.875,HIGH,ALIGNED,-0.1164,True,True,OOS
2026-07-03,PERSISTENT.NS,DN,0.8203,0.625,HIGH,ALIGNED,0.7068,False,False,OOS
2026-07-03,IGL.NS,DN,0.7884,0.625,HIGH,ALIGNED,-1.1494,True,True,OOS
2026-07-03,COFORGE.NS,DN,0.7883,0.5,MEDIUM,ALIGNED,1.2227,False,False,OOS
2026-07-03,HFCL.NS,DN,0.7835,0.5,MEDIUM,ALIGNED,4.8816,False,False,OOS
2026-07-03,RAJESHEXPO.NS,DN,0.7829,0.375,MEDIUM,CONFLICT,2.5468,False,False,OOS
2026-07-03,RATNAMANI.NS,DN,0.7802,0.5,MEDIUM,ALIGNED,2.5035,False,False,OOS
2026-07-03,STLTECH.NS,DN,0.7608,0.625,HIGH,ALIGNED,1.4476,False,False,OOS
2026-07-03,MGL.NS,DN,0.7577,0.75,HIGH,ALIGNED,-0.2392,True,True,OOS
2026-07-03,NOCIL.NS,DN,0.748,0.375,MEDIUM,CONFLICT,-1.6989,True,True,OOS
2026-07-03,TATACOMM.NS,DN,0.7461,0.75,HIGH,ALIGNED,-0.771,True,True,OOS
2026-07-03,TECHM.NS,DN,0.7423,0.625,HIGH,ALIGNED,-0.2553,True,True,OOS
2026-07-03,VINATIORGA.NS,DN,0.7345,0.625,HIGH,ALIGNED,1.5493,False,False,OOS
2026-07-03,GNFC.NS,DN,0.7329,0.625,HIGH,ALIGNED,-1.5495,True,True,OOS
2026-07-03,MOTHERSON.NS,DN,0.7216,0.625,HIGH,ALIGNED,-0.663,True,True,OOS
2026-07-03,UNIONBANK.NS,DN,0.7203,0.875,HIGH,ALIGNED,-1.2324,True,True,OOS
2026-07-03,DEEPAKNTR.NS,DN,0.7133,0.625,HIGH,ALIGNED,2.8304,False,False,OOS
2026-07-03,JYOTHYLAB.NS,DN,0.7126,0.625,HIGH,ALIGNED,-0.5777,True,True,OOS
2026-07-03,POLICYBZR.NS,DN,0.7097,0.75,HIGH,ALIGNED,-0.6599,True,True,OOS
2026-07-03,M&MFIN.NS,DN,0.7075,0.5,MEDIUM,ALIGNED,-0.6736,True,True,OOS
2026-07-06,KPITTECH.NS,DN,0.8937,0.75,HIGH,ALIGNED,0.7885,False,False,OOS
2026-07-06,FINEORG.NS,DN,0.8465,0.75,HIGH,ALIGNED,-2.6764,True,True,OOS
2026-07-06,STLTECH.NS,DN,0.7987,0.625,HIGH,ALIGNED,-4.9987,True,True,OOS
2026-07-06,AJANTPHARM.NS,DN,0.7886,0.5,MEDIUM,ALIGNED,-1.7489,True,True,OOS
2026-07-06,IGL.NS,DN,0.7732,0.625,HIGH,ALIGNED,0.0394,False,False,OOS
2026-07-06,POLICYBZR.NS,DN,0.7698,0.75,HIGH,ALIGNED,1.7271,False,False,OOS
2026-07-06,MOTHERSON.NS,DN,0.7681,0.75,HIGH,ALIGNED,-1.3487,True,True,OOS
2026-07-06,KEI.NS,DN,0.7671,0.625,HIGH,ALIGNED,-2.7614,True,True,OOS
2026-07-06,TATACOMM.NS,DN,0.7589,0.75,HIGH,ALIGNED,0.7875,False,False,OOS
2026-07-06,DRREDDY.NS,DN,0.7573,0.625,HIGH,ALIGNED,-0.9723,True,True,OOS
2026-07-06,TCS.NS,DN,0.7539,0.625,HIGH,ALIGNED,1.8711,False,False,OOS
2026-07-06,TECHM.NS,DN,0.7483,0.625,HIGH,ALIGNED,2.915,False,False,OOS
2026-07-06,SAIL.NS,DN,0.7461,0.625,HIGH,ALIGNED,-2.1096,True,True,OOS
2026-07-06,COFORGE.NS,DN,0.7433,0.5,MEDIUM,ALIGNED,2.3146,False,False,OOS
2026-07-06,UNIONBANK.NS,DN,0.7423,0.625,HIGH,ALIGNED,0.0,False,False,OOS
2026-07-06,NHPC.NS,DN,0.7414,0.5,MEDIUM,ALIGNED,-1.2023,True,True,OOS
2026-07-06,OFSS.NS,DN,0.7331,0.5,MEDIUM,ALIGNED,0.2348,False,False,OOS
2026-07-06,ATUL.NS,DN,0.7169,0.75,HIGH,ALIGNED,-0.4257,True,True,OOS
2026-07-06,JSWENERGY.NS,DN,0.715,0.75,HIGH,ALIGNED,-0.5846,True,True,OOS
2026-07-06,BHARATFORG.NS,DN,0.7136,0.625,HIGH,ALIGNED,-1.2671,True,True,OOS
2026-07-07,KPITTECH.NS,DN,0.8763,0.5,MEDIUM,ALIGNED,-1.3869,True,True,OOS
2026-07-07,STLTECH.NS,DN,0.8486,0.75,HIGH,ALIGNED,-4.9919,True,True,OOS
2026-07-07,AJANTPHARM.NS,DN,0.8477,0.75,HIGH,ALIGNED,-1.0771,True,True,OOS
2026-07-07,FINEORG.NS,DN,0.8346,0.625,HIGH,ALIGNED,-2.44,True,True,OOS
2026-07-07,OLECTRA.NS,DN,0.8233,0.625,HIGH,ALIGNED,-1.4903,True,True,OOS
2026-07-07,ZYDUSWELL.NS,DN,0.7854,0.625,HIGH,ALIGNED,-2.7698,True,True,OOS
2026-07-07,MOTHERSON.NS,DN,0.7614,0.875,HIGH,ALIGNED,-1.8972,True,True,OOS
2026-07-07,COCHINSHIP.NS,DN,0.7604,0.875,HIGH,ALIGNED,-2.8775,True,True,OOS
2026-07-07,NHPC.NS,DN,0.7594,0.625,HIGH,ALIGNED,-0.1014,True,True,OOS
2026-07-07,KEI.NS,DN,0.7546,0.625,HIGH,ALIGNED,-1.4787,True,True,OOS
2026-07-07,SAIL.NS,DN,0.737,0.75,HIGH,ALIGNED,-2.1973,True,True,OOS
2026-07-07,KALYANKJIL.NS,DN,0.7362,0.875,HIGH,ALIGNED,5.4686,False,False,OOS
2026-07-07,VBL.NS,DN,0.7319,0.75,HIGH,ALIGNED,-2.0031,True,True,OOS
2026-07-07,POLICYBZR.NS,DN,0.7295,0.625,HIGH,ALIGNED,-2.8296,True,True,OOS
2026-07-07,CENTUM.NS,DN,0.7249,0.625,HIGH,ALIGNED,-1.2008,True,True,OOS
2026-07-07,LAURUSLABS.NS,DN,0.7215,0.75,HIGH,ALIGNED,-0.555,True,True,OOS
2026-07-07,BANKBARODA.NS,DN,0.7188,0.625,HIGH,ALIGNED,-2.9857,True,True,OOS
2026-07-07,TEJASNET.NS,DN,0.7181,0.75,HIGH,ALIGNED,-2.1117,True,True,OOS
2026-07-07,GNFC.NS,DN,0.7143,0.75,HIGH,ALIGNED,-3.0675,True,True,OOS
2026-07-07,TATACOMM.NS,DN,0.707,0.625,HIGH,ALIGNED,-1.0855,True,True,OOS
2026-07-08,POLICYBZR.NS,DN,0.8595,0.75,HIGH,ALIGNED,0.64,False,False,OOS
2026-07-08,STLTECH.NS,DN,0.8165,0.625,HIGH,ALIGNED,4.9607,False,False,OOS
2026-07-08,PAGEIND.NS,DN,0.8095,0.75,HIGH,ALIGNED,-1.9317,True,True,OOS
2026-07-08,ZYDUSWELL.NS,DN,0.7641,0.75,HIGH,ALIGNED,2.0718,False,False,OOS
2026-07-08,UNIONBANK.NS,DN,0.7597,0.625,HIGH,ALIGNED,1.8589,False,False,OOS
2026-07-08,MOTHERSON.NS,DN,0.7417,0.75,HIGH,ALIGNED,1.5286,False,False,OOS
2026-07-08,OLECTRA.NS,DN,0.7413,0.5,MEDIUM,ALIGNED,0.0932,False,False,OOS
2026-07-08,BANKBARODA.NS,DN,0.7408,0.75,HIGH,ALIGNED,1.7259,False,False,OOS
2026-07-08,FINEORG.NS,DN,0.7308,0.75,HIGH,ALIGNED,1.8758,False,False,OOS
2026-07-08,AJANTPHARM.NS,DN,0.7298,0.625,HIGH,ALIGNED,0.8784,False,False,OOS
2026-07-08,MARUTI.NS,DN,0.7167,0.75,HIGH,ALIGNED,-1.5985,True,True,OOS
2026-07-08,ASHOKLEY.NS,DN,0.7153,0.625,HIGH,ALIGNED,-0.6593,True,True,OOS
2026-07-08,BEML.NS,DN,0.7117,0.875,HIGH,ALIGNED,2.2464,False,False,OOS
2026-07-08,COCHINSHIP.NS,DN,0.709,0.875,HIGH,ALIGNED,0.1852,False,False,OOS
2026-07-08,KOTAKBANK.NS,DN,0.7083,0.75,HIGH,ALIGNED,1.9049,False,False,OOS
2026-07-08,TEJASNET.NS,DN,0.7017,0.75,HIGH,ALIGNED,1.2981,False,False,OOS
2026-07-08,MGL.NS,DN,0.6813,0.75,HIGH,ALIGNED,2.6328,False,False,OOS
2026-07-08,VBL.NS,DN,0.6799,0.625,HIGH,ALIGNED,1.4435,False,False,OOS
2026-07-08,BIOCON.NS,DN,0.6743,0.625,HIGH,ALIGNED,1.6371,False,False,OOS
2026-07-08,EMAMILTD.NS,DN,0.6709,0.625,HIGH,ALIGNED,2.0027,False,False,OOS
2026-07-09,ZYDUSWELL.NS,DN,0.8575,0.625,HIGH,ALIGNED,3.6658,False,False,OOS
2026-07-09,POLICYBZR.NS,DN,0.8568,0.75,HIGH,ALIGNED,0.5024,False,False,OOS
2026-07-09,PAGEIND.NS,DN,0.8177,0.75,HIGH,ALIGNED,-3.0038,True,True,OOS
2026-07-09,ZENSARTECH.NS,DN,0.8122,0.75,HIGH,ALIGNED,13.6008,False,False,OOS
2026-07-09,DRREDDY.NS,DN,0.7822,0.875,HIGH,ALIGNED,-1.985,True,True,OOS
2026-07-09,SOLARINDS.NS,DN,0.7771,0.875,HIGH,ALIGNED,4.9252,False,False,OOS
2026-07-09,ASHOKLEY.NS,DN,0.7617,0.625,HIGH,ALIGNED,1.4821,False,False,OOS
2026-07-09,UNIONBANK.NS,DN,0.7583,0.625,HIGH,ALIGNED,4.6102,False,False,OOS
2026-07-09,MAZDOCK.NS,DN,0.7539,0.875,HIGH,ALIGNED,1.9934,False,False,OOS
2026-07-09,ADANIGREEN.NS,DN,0.7441,0.75,HIGH,ALIGNED,3.3634,False,False,OOS
2026-07-09,COCHINSHIP.NS,DN,0.7417,0.875,HIGH,ALIGNED,0.8033,False,False,OOS
2026-07-09,BEML.NS,DN,0.7345,0.625,HIGH,ALIGNED,2.5604,False,False,OOS
2026-07-09,AJANTPHARM.NS,DN,0.7304,0.625,HIGH,ALIGNED,1.2396,False,False,OOS
2026-07-09,MARUTI.NS,DN,0.7284,0.625,HIGH,ALIGNED,0.9178,False,False,OOS
2026-07-09,DEEPAKFERT.NS,DN,0.7257,0.625,HIGH,ALIGNED,-1.2935,True,True,OOS
2026-07-09,PARAS.NS,DN,0.7195,0.75,HIGH,ALIGNED,2.9832,False,False,OOS
2026-07-09,OLECTRA.NS,DN,0.6983,0.625,HIGH,ALIGNED,1.9771,False,False,OOS
2026-07-09,APOLLOTYRE.NS,DN,0.6981,0.75,HIGH,ALIGNED,0.1024,False,False,OOS
2026-07-09,ADANIPORTS.NS,DN,0.6966,0.75,HIGH,ALIGNED,1.5555,False,False,OOS
2026-07-09,KEI.NS,DN,0.6949,0.75,HIGH,ALIGNED,2.8357,False,False,OOS
2026-07-10,DRREDDY.NS,DN,0.864,0.75,HIGH,ALIGNED,-0.7876,True,True,OOS
2026-07-10,PAGEIND.NS,DN,0.8473,0.75,HIGH,ALIGNED,1.4215,False,False,OOS
2026-07-10,ZENSARTECH.NS,DN,0.8329,0.625,HIGH,ALIGNED,6.2863,False,False,OOS
2026-07-10,INTELLECT.NS,DN,0.8279,0.625,HIGH,ALIGNED,2.5766,False,False,OOS
2026-07-10,ASHOKLEY.NS,DN,0.8145,0.5,MEDIUM,ALIGNED,1.0985,False,False,OOS
2026-07-10,ZYDUSWELL.NS,DN,0.8002,0.5,MEDIUM,ALIGNED,0.0338,False,False,OOS
2026-07-10,MARUTI.NS,DN,0.7842,0.625,HIGH,ALIGNED,-1.1477,True,True,OOS
2026-07-10,DEEPAKFERT.NS,DN,0.7428,0.75,HIGH,ALIGNED,-0.8387,True,True,OOS
2026-07-10,SHRIRAMFIN.NS,DN,0.7318,0.75,HIGH,ALIGNED,0.3831,False,False,OOS
2026-07-10,VEDL.NS,DN,0.7229,0.75,HIGH,ALIGNED,-1.064,True,True,OOS
2026-07-10,BAJFINANCE.NS,DN,0.7192,0.625,HIGH,ALIGNED,0.2058,False,False,OOS
2026-07-10,MAZDOCK.NS,DN,0.7172,0.625,HIGH,ALIGNED,-0.7231,True,True,OOS
2026-07-10,ADANIPORTS.NS,DN,0.7049,0.5,MEDIUM,ALIGNED,-0.9737,True,True,OOS
2026-07-10,PARAS.NS,DN,0.6926,0.625,HIGH,ALIGNED,-2.2823,True,True,OOS
2026-07-10,MIDHANI.NS,DN,0.6904,0.5,MEDIUM,ALIGNED,-0.8536,True,True,OOS
2026-07-10,COCHINSHIP.NS,DN,0.6869,0.75,HIGH,ALIGNED,-0.4372,True,True,OOS
2026-07-10,SOLARINDS.NS,DN,0.6791,0.625,HIGH,ALIGNED,-0.4387,True,True,OOS
2026-07-10,BEML.NS,DN,0.678,0.5,MEDIUM,ALIGNED,1.2509,False,False,OOS
2026-07-10,KOTAKBANK.NS,DN,0.6773,0.75,HIGH,ALIGNED,1.8671,False,False,OOS
2026-07-10,BIOCON.NS,DN,0.6722,0.375,MEDIUM,CONFLICT,-1.8041,True,True,OOS
2026-07-13,DRREDDY.NS,DN,0.8376,0.75,HIGH,ALIGNED,0.9478,False,False,OOS
2026-07-13,PAGEIND.NS,DN,0.835,0.625,HIGH,ALIGNED,1.4391,False,False,OOS
2026-07-13,MANAPPURAM.NS,DN,0.8123,0.625,HIGH,ALIGNED,-1.1002,True,True,OOS
2026-07-13,ASHOKLEY.NS,DN,0.8074,0.5,MEDIUM,ALIGNED,-2.5311,True,True,OOS
2026-07-13,MARUTI.NS,DN,0.807,0.75,HIGH,ALIGNED,-1.5042,True,True,OOS
2026-07-13,HFCL.NS,DN,0.8037,0.625,HIGH,ALIGNED,-0.8619,True,True,OOS
2026-07-13,DEEPAKFERT.NS,DN,0.7767,0.75,HIGH,ALIGNED,1.8898,False,False,OOS
2026-07-13,STLTECH.NS,DN,0.7507,0.75,HIGH,ALIGNED,3.03,False,False,OOS
2026-07-13,PARAS.NS,DN,0.7412,0.75,HIGH,ALIGNED,-1.813,True,True,OOS
2026-07-13,CHOLAFIN.NS,DN,0.7342,0.625,HIGH,ALIGNED,-2.1757,True,True,OOS
2026-07-13,APOLLOTYRE.NS,DN,0.733,0.625,HIGH,ALIGNED,-3.3477,True,True,OOS
2026-07-13,MIDHANI.NS,DN,0.733,0.625,HIGH,ALIGNED,1.0549,False,False,OOS
2026-07-13,MUTHOOTFIN.NS,DN,0.7097,0.625,HIGH,ALIGNED,-1.3765,True,True,OOS
2026-07-13,COCHINSHIP.NS,DN,0.7087,0.625,HIGH,ALIGNED,-1.4875,True,True,OOS
2026-07-13,DATAPATTNS.NS,DN,0.7061,0.75,HIGH,ALIGNED,-1.3067,True,True,OOS
2026-07-13,TVSMOTOR.NS,DN,0.7038,0.5,MEDIUM,ALIGNED,-1.863,True,True,OOS
2026-07-13,MAZDOCK.NS,DN,0.7005,0.75,HIGH,ALIGNED,-1.7772,True,True,OOS
2026-07-13,GODREJCP.NS,DN,0.6985,0.75,HIGH,ALIGNED,-0.6644,True,True,OOS
2026-07-13,M&MFIN.NS,DN,0.6929,0.5,MEDIUM,ALIGNED,-2.2843,True,True,OOS
2026-07-13,BDL.NS,DN,0.6917,0.875,HIGH,ALIGNED,-1.9189,True,True,OOS
2026-07-14,RAJESHEXPO.NS,DN,0.8951,0.75,HIGH,ALIGNED,-2.4111,True,True,OOS
2026-07-14,ASHOKLEY.NS,DN,0.8203,0.625,HIGH,ALIGNED,0.857,False,False,OOS
2026-07-14,MARUTI.NS,DN,0.8155,0.75,HIGH,ALIGNED,0.6969,False,False,OOS
2026-07-14,INTELLECT.NS,DN,0.8117,0.625,HIGH,ALIGNED,-0.3167,True,True,OOS
2026-07-14,DRREDDY.NS,DN,0.8101,0.625,HIGH,ALIGNED,-1.3401,True,True,OOS
2026-07-14,HFCL.NS,DN,0.8066,0.75,HIGH,ALIGNED,4.8407,False,False,OOS
2026-07-14,APOLLOTYRE.NS,DN,0.7917,0.75,HIGH,ALIGNED,0.27,False,False,OOS
2026-07-14,MANAPPURAM.NS,DN,0.7902,0.625,HIGH,ALIGNED,0.1524,False,False,OOS
2026-07-14,CHOLAFIN.NS,DN,0.7688,0.75,HIGH,ALIGNED,1.829,False,False,OOS
2026-07-14,TVSMOTOR.NS,DN,0.7601,0.75,HIGH,ALIGNED,0.1081,False,False,OOS
2026-07-14,M&MFIN.NS,DN,0.7527,0.75,HIGH,ALIGNED,-0.0461,True,True,OOS
2026-07-14,MUTHOOTFIN.NS,DN,0.748,0.75,HIGH,ALIGNED,-0.0066,True,True,OOS
2026-07-14,DABUR.NS,DN,0.7432,0.75,HIGH,ALIGNED,-0.7251,True,True,OOS
2026-07-14,SHRIRAMFIN.NS,DN,0.7412,0.875,HIGH,ALIGNED,1.9627,False,False,OOS
2026-07-14,GODREJCP.NS,DN,0.7399,0.75,HIGH,ALIGNED,-0.8384,True,True,OOS
2026-07-14,M&M.NS,DN,0.7118,0.625,HIGH,ALIGNED,-0.3362,True,True,OOS
2026-07-14,BAJFINANCE.NS,DN,0.7105,0.625,HIGH,ALIGNED,1.4604,False,False,OOS
2026-07-14,PNBHOUSING.NS,DN,0.7105,0.625,HIGH,ALIGNED,0.785,False,False,OOS
2026-07-14,EICHERMOT.NS,DN,0.7041,0.625,HIGH,ALIGNED,1.7172,False,False,OOS
2026-07-14,HCLTECH.NS,DN,0.7023,0.625,HIGH,ALIGNED,0.1114,False,False,OOS
2026-07-15,RAJESHEXPO.NS,DN,0.8966,0.75,HIGH,ALIGNED,-1.0589,True,True,OOS
2026-07-15,DRREDDY.NS,DN,0.8298,0.75,HIGH,ALIGNED,-0.4148,True,True,OOS
2026-07-15,APOLLOTYRE.NS,DN,0.8076,0.625,HIGH,ALIGNED,1.1827,False,False,OOS
2026-07-15,M&MFIN.NS,DN,0.7961,0.75,HIGH,ALIGNED,-0.954,True,True,OOS
2026-07-15,NAUKRI.NS,DN,0.7917,0.625,HIGH,ALIGNED,1.7749,False,False,OOS
2026-07-15,MUTHOOTFIN.NS,DN,0.7883,0.75,HIGH,ALIGNED,-0.6664,True,True,OOS
2026-07-15,GODREJCP.NS,DN,0.7757,0.625,HIGH,ALIGNED,0.475,False,False,OOS
2026-07-15,MANAPPURAM.NS,DN,0.7721,0.625,HIGH,ALIGNED,-1.0651,True,True,OOS
2026-07-15,KPITTECH.NS,DN,0.7578,0.75,HIGH,ALIGNED,-0.0453,True,True,OOS
2026-07-15,TVSMOTOR.NS,DN,0.7411,0.75,HIGH,ALIGNED,-1.3509,True,True,OOS
2026-07-15,PARAS.NS,DN,0.7325,0.75,HIGH,ALIGNED,-1.6353,True,True,OOS
2026-07-15,HAVELLS.NS,DN,0.7277,0.75,HIGH,ALIGNED,-0.5775,True,True,OOS
2026-07-15,BAJAJFINSV.NS,DN,0.726,0.75,HIGH,ALIGNED,-0.5947,True,True,OOS
2026-07-15,INTELLECT.NS,DN,0.7239,0.5,MEDIUM,ALIGNED,0.6089,False,False,OOS
2026-07-15,ATUL.NS,DN,0.7215,0.5,MEDIUM,ALIGNED,0.0655,False,False,OOS
2026-07-15,INFY.NS,DN,0.7093,0.375,MEDIUM,CONFLICT,0.5668,False,False,OOS
2026-07-15,HCLTECH.NS,DN,0.7041,0.375,MEDIUM,CONFLICT,1.661,False,False,OOS
2026-07-15,EICHERMOT.NS,DN,0.6798,0.5,MEDIUM,ALIGNED,0.1891,False,False,OOS
2026-07-15,ADANIENSOL.NS,DN,0.6685,0.5,MEDIUM,ALIGNED,0.6853,False,False,OOS
2026-07-15,MARUTI.NS,DN,0.6679,0.5,MEDIUM,ALIGNED,1.4724,False,False,OOS
2026-07-16,RAJESHEXPO.NS,DN,0.8917,0.75,HIGH,ALIGNED,-1.0702,True,True,OOS
2026-07-16,ICICIGI.NS,DN,0.8696,0.75,HIGH,ALIGNED,-0.7144,True,True,OOS
2026-07-16,ALKYLAMINE.NS,DN,0.8333,0.625,HIGH,ALIGNED,-3.2926,True,True,OOS
2026-07-16,M&MFIN.NS,DN,0.8012,0.75,HIGH,ALIGNED,0.7302,False,False,OOS
2026-07-16,BAJAJFINSV.NS,DN,0.7771,0.875,HIGH,ALIGNED,0.8376,False,False,OOS
2026-07-16,NAUKRI.NS,DN,0.7736,0.375,MEDIUM,CONFLICT,-1.6363,True,True,OOS
2026-07-16,STLTECH.NS,DN,0.7605,0.5,MEDIUM,ALIGNED,-3.87,True,True,OOS
2026-07-16,DLF.NS,DN,0.7535,0.875,HIGH,ALIGNED,3.0397,False,False,OOS
2026-07-16,GODREJCP.NS,DN,0.7534,0.5,MEDIUM,ALIGNED,1.3425,False,False,OOS
2026-07-16,PRESTIGE.NS,DN,0.7461,0.875,HIGH,ALIGNED,3.1248,False,False,OOS
2026-07-16,MUTHOOTFIN.NS,DN,0.7431,0.75,HIGH,ALIGNED,-0.2203,True,True,OOS
2026-07-16,MANAPPURAM.NS,DN,0.7295,0.625,HIGH,ALIGNED,0.1077,False,False,OOS
2026-07-16,DABUR.NS,DN,0.7078,0.75,HIGH,ALIGNED,-0.5239,True,True,OOS
2026-07-16,BOSCHLTD.NS,DN,0.7066,0.75,HIGH,ALIGNED,-0.6203,True,True,OOS
2026-07-16,BSE.NS,DN,0.6904,0.75,HIGH,ALIGNED,-2.8005,True,True,OOS
2026-07-16,MAPMYINDIA.NS,DN,0.6831,0.5,MEDIUM,ALIGNED,-0.4793,True,True,OOS
2026-07-16,DRREDDY.NS,DN,0.6713,0.625,HIGH,ALIGNED,-1.0781,True,True,OOS
2026-07-16,HAVELLS.NS,DN,0.6667,0.875,HIGH,ALIGNED,1.4266,False,False,OOS
2026-07-16,TATACONSUM.NS,DN,0.6615,0.625,HIGH,ALIGNED,0.0092,False,False,OOS
2026-07-16,AUROPHARMA.NS,DN,0.6612,0.625,HIGH,ALIGNED,-0.9687,True,True,OOS
2026-07-17,RAJESHEXPO.NS,DN,0.8737,0.625,HIGH,ALIGNED,1.6866,False,False,OOS
2026-07-17,ICICIGI.NS,DN,0.87,0.875,HIGH,ALIGNED,0.5831,False,False,OOS
2026-07-17,MANAPPURAM.NS,DN,0.8273,0.625,HIGH,ALIGNED,3.5797,False,False,OOS
2026-07-17,ALKYLAMINE.NS,DN,0.8061,0.625,HIGH,ALIGNED,0.2244,False,False,OOS
2026-07-17,NAUKRI.NS,DN,0.802,0.75,HIGH,ALIGNED,0.358,False,False,OOS
2026-07-17,JINDALPOLY.NS,DN,0.7915,0.75,HIGH,ALIGNED,1.0925,False,False,OOS
2026-07-17,WELCORP.NS,DN,0.7808,0.75,HIGH,ALIGNED,2.1688,False,False,OOS
2026-07-17,DLF.NS,DN,0.7766,0.75,HIGH,ALIGNED,0.1198,False,False,OOS
2026-07-17,NATIONALUM.NS,DN,0.7707,0.75,HIGH,ALIGNED,0.8826,False,False,OOS
2026-07-17,NATCOPHARM.NS,DN,0.7695,0.75,HIGH,ALIGNED,0.5979,False,False,OOS
2026-07-17,GODREJPROP.NS,DN,0.7693,0.625,HIGH,ALIGNED,0.7897,False,False,OOS
2026-07-17,PRESTIGE.NS,DN,0.7669,0.625,HIGH,ALIGNED,-1.4117,True,True,OOS
2026-07-17,RBLBANK.NS,DN,0.7646,0.5,MEDIUM,ALIGNED,0.0951,False,False,OOS
2026-07-17,MUTHOOTFIN.NS,DN,0.7559,0.625,HIGH,ALIGNED,-0.2241,True,True,OOS
2026-07-17,BAJAJFINSV.NS,DN,0.7499,0.625,HIGH,ALIGNED,0.4045,False,False,OOS
2026-07-17,BSE.NS,DN,0.7268,0.75,HIGH,ALIGNED,1.8454,False,False,OOS
2026-07-17,IDEAFORGE.NS,DN,0.7251,0.75,HIGH,ALIGNED,1.6059,False,False,OOS
2026-07-17,SOBHA.NS,DN,0.7188,0.75,HIGH,ALIGNED,-0.4309,True,True,OOS
2026-07-17,PFIZER.NS,DN,0.6988,0.625,HIGH,ALIGNED,0.2409,False,False,OOS
2026-07-17,M&MFIN.NS,DN,0.6953,0.625,HIGH,ALIGNED,-0.5089,True,True,OOS
2026-07-20,MAPMYINDIA.NS,DN,0.9362,0.75,HIGH,ALIGNED,-2.4385,True,True,OOS
2026-07-20,ROUTE.NS,DN,0.8752,0.75,HIGH,ALIGNED,2.4457,False,False,OOS
2026-07-20,ZENSARTECH.NS,DN,0.8678,0.5,MEDIUM,ALIGNED,-2.3653,True,True,OOS
2026-07-20,ICICIGI.NS,DN,0.8598,0.625,HIGH,ALIGNED,0.148,False,False,OOS
2026-07-20,COFORGE.NS,DN,0.7998,0.75,HIGH,ALIGNED,-0.8889,True,True,OOS
2026-07-20,GODREJPROP.NS,DN,0.7918,0.5,MEDIUM,ALIGNED,2.1523,False,False,OOS
2026-07-20,INTELLECT.NS,DN,0.7783,0.625,HIGH,ALIGNED,1.0513,False,False,OOS
2026-07-20,SOBHA.NS,DN,0.7752,0.75,HIGH,ALIGNED,0.0412,False,False,OOS
2026-07-20,NATCOPHARM.NS,DN,0.7665,0.75,HIGH,ALIGNED,1.1834,False,False,OOS
2026-07-20,PRESTIGE.NS,DN,0.7662,0.75,HIGH,ALIGNED,2.2647,False,False,OOS
2026-07-20,NAUKRI.NS,DN,0.7601,0.5,MEDIUM,ALIGNED,1.3596,False,False,OOS
2026-07-20,KPITTECH.NS,DN,0.76,0.5,MEDIUM,ALIGNED,0.5791,False,False,OOS
2026-07-20,RBLBANK.NS,DN,0.7573,0.75,HIGH,ALIGNED,-0.3393,True,True,OOS
2026-07-20,JINDALPOLY.NS,DN,0.7537,0.625,HIGH,ALIGNED,0.5403,False,False,OOS
2026-07-20,IDEAFORGE.NS,DN,0.7532,0.5,MEDIUM,ALIGNED,-0.8107,True,True,OOS
2026-07-20,HCLTECH.NS,DN,0.7379,0.375,MEDIUM,CONFLICT,1.4902,False,False,OOS
2026-07-20,MASTEK.NS,DN,0.7364,0.75,HIGH,ALIGNED,0.1376,False,False,OOS
2026-07-20,BEML.NS,DN,0.7337,0.75,HIGH,ALIGNED,0.8924,False,False,OOS
2026-07-20,AXISBANK.NS,DN,0.7329,0.75,HIGH,ALIGNED,0.1752,False,False,OOS
2026-07-20,DLF.NS,DN,0.7269,0.625,HIGH,ALIGNED,0.7553,False,False,OOS
2026-07-21,MAPMYINDIA.NS,DN,0.9146,0.75,HIGH,ALIGNED,-2.4153,True,True,OOS
2026-07-21,SUDARSCHEM.NS,DN,0.8672,0.75,HIGH,ALIGNED,-2.2947,True,True,OOS
2026-07-21,ICICIGI.NS,DN,0.8631,0.625,HIGH,ALIGNED,-2.4938,True,True,OOS
2026-07-21,WELCORP.NS,DN,0.8468,0.625,HIGH,ALIGNED,-1.0498,True,True,OOS
2026-07-21,ADANIGREEN.NS,DN,0.8286,0.625,HIGH,ALIGNED,-4.5139,True,True,OOS
2026-07-21,NATIONALUM.NS,DN,0.8212,0.75,HIGH,ALIGNED,-0.1458,True,True,OOS
2026-07-21,BLUESTARCO.NS,DN,0.8157,0.75,HIGH,ALIGNED,-2.4724,True,True,OOS
2026-07-21,COFORGE.NS,DN,0.7805,0.75,HIGH,ALIGNED,-1.5127,True,True,OOS
2026-07-21,BSE.NS,DN,0.7751,0.625,HIGH,ALIGNED,-0.8679,True,True,OOS
2026-07-21,INFY.NS,DN,0.7744,0.625,HIGH,ALIGNED,-1.9935,True,True,OOS
2026-07-21,IDEAFORGE.NS,DN,0.7635,0.75,HIGH,ALIGNED,1.3289,False,False,OOS
2026-07-21,RATEGAIN.NS,DN,0.7615,0.75,HIGH,ALIGNED,-3.2383,True,True,OOS
2026-07-21,HDFCBANK.NS,DN,0.7599,0.75,HIGH,ALIGNED,-1.09,True,True,OOS
2026-07-21,SOBHA.NS,DN,0.7519,0.875,HIGH,ALIGNED,-2.0806,True,True,OOS
2026-07-21,RBLBANK.NS,DN,0.7507,0.5,MEDIUM,ALIGNED,-3.1863,True,True,OOS
2026-07-21,BIOCON.NS,DN,0.7273,0.5,MEDIUM,ALIGNED,-0.5337,True,True,OOS
2026-07-21,ALKYLAMINE.NS,DN,0.7219,0.625,HIGH,ALIGNED,-0.7349,True,True,OOS
2026-07-21,GRANULES.NS,DN,0.7216,0.875,HIGH,ALIGNED,-2.5009,True,True,OOS
2026-07-21,AXISBANK.NS,DN,0.7212,0.875,HIGH,ALIGNED,-1.5737,True,True,OOS
2026-07-21,JINDALPOLY.NS,DN,0.7131,0.5,MEDIUM,ALIGNED,-3.3142,True,True,OOS
2026-07-22,SUDARSCHEM.NS,DN,0.8726,0.75,HIGH,ALIGNED,-1.5043,True,True,OOS
2026-07-22,ICICIGI.NS,DN,0.8701,0.75,HIGH,ALIGNED,2.2419,False,False,OOS
2026-07-22,MAPMYINDIA.NS,DN,0.87,0.75,HIGH,ALIGNED,3.5858,False,False,OOS
2026-07-22,BLUESTARCO.NS,DN,0.8136,0.625,HIGH,ALIGNED,-1.6138,True,True,OOS
2026-07-22,WELCORP.NS,DN,0.8047,0.625,HIGH,ALIGNED,0.062,False,False,OOS
2026-07-22,ADANIGREEN.NS,DN,0.8027,0.875,HIGH,ALIGNED,-6.2759,True,True,OOS
2026-07-22,HFCL.NS,DN,0.8009,0.625,HIGH,ALIGNED,-4.9977,True,True,OOS
2026-07-22,NATIONALUM.NS,DN,0.7881,0.5,MEDIUM,ALIGNED,1.0514,False,False,OOS
2026-07-22,VOLTAS.NS,DN,0.7876,0.75,HIGH,ALIGNED,0.1682,False,False,OOS
2026-07-22,LTTS.NS,DN,0.7782,0.5,MEDIUM,ALIGNED,1.2631,False,False,OOS
2026-07-22,HDFCBANK.NS,DN,0.7779,0.625,HIGH,ALIGNED,-0.7834,True,True,OOS
2026-07-22,MPHASIS.NS,DN,0.7709,0.625,HIGH,ALIGNED,-1.8207,True,True,OOS
2026-07-22,CHOLAFIN.NS,DN,0.7575,0.75,HIGH,ALIGNED,-0.6192,True,True,OOS
2026-07-22,ROUTE.NS,DN,0.7563,0.625,HIGH,ALIGNED,5.8901,False,False,OOS
2026-07-22,RATEGAIN.NS,DN,0.7532,0.75,HIGH,ALIGNED,-2.1419,True,True,OOS
2026-07-22,UNIONBANK.NS,DN,0.753,0.5,MEDIUM,ALIGNED,-1.3127,True,True,OOS
2026-07-22,AMBER.NS,DN,0.7529,0.75,HIGH,ALIGNED,-0.6552,True,True,OOS
2026-07-22,RBLBANK.NS,DN,0.7524,0.75,HIGH,ALIGNED,-0.4641,True,True,OOS
2026-07-22,AXISBANK.NS,DN,0.75,0.625,HIGH,ALIGNED,-1.2435,True,True,OOS
2026-07-22,GRANULES.NS,DN,0.7485,0.875,HIGH,ALIGNED,-0.1464,True,True,OOS
2026-07-23,MAPMYINDIA.NS,DN,0.8918,0.75,HIGH,ALIGNED,3.2583,False,False,OOS
2026-07-23,SUDARSCHEM.NS,DN,0.8663,0.75,HIGH,ALIGNED,2.5766,False,False,OOS
2026-07-23,HFCL.NS,DN,0.8486,0.875,HIGH,ALIGNED,-4.908,True,True,OOS
2026-07-23,ADANIGREEN.NS,DN,0.841,0.75,HIGH,ALIGNED,1.1015,False,False,OOS
2026-07-23,OFSS.NS,DN,0.8249,0.75,HIGH,ALIGNED,-1.7615,True,True,OOS
2026-07-23,SRF.NS,DN,0.8146,0.75,HIGH,ALIGNED,1.6014,False,False,OOS
2026-07-23,MASTEK.NS,DN,0.8097,0.625,HIGH,ALIGNED,0.6848,False,False,OOS
2026-07-23,SOBHA.NS,DN,0.8068,0.75,HIGH,ALIGNED,-1.0028,True,True,OOS
2026-07-23,AMBER.NS,DN,0.7995,0.625,HIGH,ALIGNED,-2.2678,True,True,OOS
2026-07-23,JINDALPOLY.NS,DN,0.7978,0.75,HIGH,ALIGNED,-0.0862,True,True,OOS
2026-07-23,MPHASIS.NS,DN,0.7968,0.75,HIGH,ALIGNED,2.4951,False,False,OOS
2026-07-23,BLUESTARCO.NS,DN,0.79,0.75,HIGH,ALIGNED,0.202,False,False,OOS
2026-07-23,CLEAN.NS,DN,0.7774,0.75,HIGH,ALIGNED,-1.077,True,True,OOS
2026-07-23,HDFCBANK.NS,DN,0.7585,0.5,MEDIUM,ALIGNED,-0.5955,True,True,OOS
2026-07-23,VOLTAS.NS,DN,0.758,0.625,HIGH,ALIGNED,1.3051,False,False,OOS
2026-07-23,GRANULES.NS,DN,0.7572,0.625,HIGH,ALIGNED,-2.2286,True,True,OOS
2026-07-23,RATEGAIN.NS,DN,0.7536,0.75,HIGH,ALIGNED,2.6448,False,False,OOS
2026-07-23,DEEPAKNTR.NS,DN,0.7529,0.625,HIGH,ALIGNED,-0.254,True,True,OOS
2026-07-23,INDIAMART.NS,DN,0.7481,0.875,HIGH,ALIGNED,-1.7145,True,True,OOS
2026-07-23,TEJASNET.NS,DN,0.7437,0.625,HIGH,ALIGNED,-0.3821,True,True,OOS
2026-07-24,MAPMYINDIA.NS,DN,0.886,0.5,MEDIUM,ALIGNED,1.3428,False,False,OOS
2026-07-24,OFSS.NS,DN,0.8518,0.75,HIGH,ALIGNED,4.1025,False,False,OOS
2026-07-24,MRPL.NS,DN,0.8336,0.75,HIGH,ALIGNED,-4.3947,True,True,OOS
2026-07-24,MASTEK.NS,DN,0.8296,0.5,MEDIUM,ALIGNED,2.407,False,False,OOS
2026-07-24,MPHASIS.NS,DN,0.8237,0.625,HIGH,ALIGNED,1.9492,False,False,OOS
2026-07-24,SRF.NS,DN,0.822,0.75,HIGH,ALIGNED,-1.0583,True,True,OOS
2026-07-24,ADANIGREEN.NS,DN,0.8198,0.75,HIGH,ALIGNED,0.3297,False,False,OOS
2026-07-24,HFCL.NS,DN,0.8138,0.75,HIGH,ALIGNED,-2.1895,True,True,OOS
2026-07-24,KALYANKJIL.NS,DN,0.8033,0.75,HIGH,ALIGNED,-1.5605,True,True,OOS
2026-07-24,AMBER.NS,DN,0.8031,0.75,HIGH,ALIGNED,0.2617,False,False,OOS
2026-07-24,METROBRAND.NS,DN,0.7971,0.75,HIGH,ALIGNED,0.959,False,False,OOS
2026-07-24,INFY.NS,DN,0.7841,0.875,HIGH,ALIGNED,3.6795,False,False,OOS
2026-07-24,HDFCBANK.NS,DN,0.7756,0.625,HIGH,ALIGNED,-0.4375,True,True,OOS
2026-07-24,INDIAMART.NS,DN,0.7703,0.75,HIGH,ALIGNED,-0.0114,True,True,OOS
2026-07-24,RATEGAIN.NS,DN,0.7486,0.625,HIGH,ALIGNED,0.5997,False,False,OOS
2026-07-24,AXISBANK.NS,DN,0.7399,0.625,HIGH,ALIGNED,0.0163,False,False,OOS
2026-07-24,SOBHA.NS,DN,0.7367,0.625,HIGH,ALIGNED,-0.0807,True,True,OOS
2026-07-24,CHOLAFIN.NS,DN,0.736,0.75,HIGH,ALIGNED,3.5259,False,False,OOS
2026-07-24,GODREJPROP.NS,DN,0.7322,0.75,HIGH,ALIGNED,2.4696,False,False,OOS
2026-07-24,GRANULES.NS,DN,0.7273,0.625,HIGH,ALIGNED,1.1097,False,False,OOS
2026-07-27,MRPL.NS,DN,0.8784,0.625,HIGH,ALIGNED,-1.3926,True,True,OOS
2026-07-27,SRF.NS,DN,0.8458,0.875,HIGH,ALIGNED,-0.1176,True,True,OOS
2026-07-27,KALYANKJIL.NS,DN,0.8422,0.75,HIGH,ALIGNED,7.7488,False,False,OOS
2026-07-27,AMBER.NS,DN,0.825,0.75,HIGH,ALIGNED,-0.9821,True,True,OOS
2026-07-27,ADANIGREEN.NS,DN,0.8211,0.75,HIGH,ALIGNED,-1.5646,True,True,OOS
2026-07-27,OFSS.NS,DN,0.8164,0.5,MEDIUM,ALIGNED,2.2094,False,False,OOS
2026-07-27,UNIONBANK.NS,DN,0.8064,0.625,HIGH,ALIGNED,-1.0993,True,True,OOS
2026-07-27,MPHASIS.NS,DN,0.7913,0.375,MEDIUM,CONFLICT,3.4638,False,False,OOS
2026-07-27,DRREDDY.NS,DN,0.7865,0.75,HIGH,ALIGNED,-1.3208,True,True,OOS
2026-07-27,INDIAMART.NS,DN,0.7841,0.75,HIGH,ALIGNED,-0.949,True,True,OOS
2026-07-27,HFCL.NS,DN,0.7765,0.625,HIGH,ALIGNED,-2.1554,True,True,OOS
2026-07-27,SHYAMMETL.NS,DN,0.7718,0.625,HIGH,ALIGNED,-0.7825,True,True,OOS
2026-07-27,OIL.NS,DN,0.7528,0.625,HIGH,ALIGNED,0.5882,False,False,OOS
2026-07-27,RATEGAIN.NS,DN,0.752,0.5,MEDIUM,ALIGNED,0.2705,False,False,OOS
2026-07-27,BLUESTARCO.NS,DN,0.7458,0.75,HIGH,ALIGNED,0.1217,False,False,OOS
2026-07-27,JINDALPOLY.NS,DN,0.7336,0.75,HIGH,ALIGNED,-0.8341,True,True,OOS
2026-07-27,SOBHA.NS,DN,0.723,0.75,HIGH,ALIGNED,-1.2342,True,True,OOS
2026-07-27,ROUTE.NS,DN,0.7223,0.75,HIGH,ALIGNED,1.9885,False,False,OOS
2026-07-27,ERIS.NS,DN,0.6958,0.75,HIGH,ALIGNED,-0.9049,True,True,OOS
2026-07-27,VOLTAS.NS,DN,0.6951,0.5,MEDIUM,ALIGNED,-0.6215,True,True,OOS
2026-07-28,MRPL.NS,DN,0.8905,0.75,HIGH,ALIGNED,2.1121,False,False,OOS
2026-07-28,SRF.NS,DN,0.8495,0.5,MEDIUM,ALIGNED,0.3949,False,False,OOS
2026-07-28,HFCL.NS,DN,0.8444,0.75,HIGH,ALIGNED,2.7443,False,False,OOS
2026-07-28,JPPOWER.NS,DN,0.8,0.75,HIGH,ALIGNED,0.7092,False,False,OOS
2026-07-28,METROBRAND.NS,DN,0.7966,0.625,HIGH,ALIGNED,0.6433,False,False,OOS
2026-07-28,INDIAMART.NS,DN,0.7924,0.625,HIGH,ALIGNED,0.459,False,False,OOS
2026-07-28,JINDALPOLY.NS,DN,0.7849,0.75,HIGH,ALIGNED,1.0871,False,False,OOS
2026-07-28,ADANIGREEN.NS,DN,0.7837,0.75,HIGH,ALIGNED,-0.3411,True,True,OOS
2026-07-28,UNIONBANK.NS,DN,0.7832,0.625,HIGH,ALIGNED,1.6881,False,False,OOS
2026-07-28,ROUTE.NS,DN,0.7822,0.625,HIGH,ALIGNED,-0.5078,True,True,OOS
2026-07-28,TORNTPHARM.NS,DN,0.7472,0.75,HIGH,ALIGNED,-0.4042,True,True,OOS
2026-07-28,CENTUM.NS,DN,0.7356,0.75,HIGH,ALIGNED,3.5476,False,False,OOS
2026-07-28,RATNAMANI.NS,DN,0.7288,0.625,HIGH,ALIGNED,1.3877,False,False,OOS
2026-07-28,SOBHA.NS,DN,0.7273,0.75,HIGH,ALIGNED,1.4356,False,False,OOS
2026-07-28,OFSS.NS,DN,0.7269,0.5,MEDIUM,ALIGNED,0.8205,False,False,OOS
2026-07-28,TEJASNET.NS,DN,0.7239,0.75,HIGH,ALIGNED,5.1993,False,False,OOS
2026-07-28,AMBER.NS,DN,0.7183,0.625,HIGH,ALIGNED,2.809,False,False,OOS
2026-07-28,ERIS.NS,DN,0.7107,0.75,HIGH,ALIGNED,2.5669,False,False,OOS
2026-07-28,EXIDEIND.NS,DN,0.7069,0.875,HIGH,ALIGNED,2.8932,False,False,OOS
2026-07-28,SHRIRAMFIN.NS,DN,0.6982,0.5,MEDIUM,ALIGNED,0.3651,False,False,OOS
2026-07-29,MRPL.NS,DN,0.8898,0.5,MEDIUM,ALIGNED,2.099,False,False,OOS
2026-07-29,HFCL.NS,DN,0.833,0.75,HIGH,ALIGNED,-4.5826,True,True,OOS
2026-07-29,STLTECH.NS,DN,0.8209,0.875,HIGH,ALIGNED,2.0387,False,False,OOS
2026-07-29,TORNTPHARM.NS,DN,0.8133,0.75,HIGH,ALIGNED,-0.1312,True,True,OOS
2026-07-29,SRF.NS,DN,0.8079,0.75,HIGH,ALIGNED,-1.4751,True,True,OOS
2026-07-29,DATAPATTNS.NS,DN,0.7857,0.5,MEDIUM,ALIGNED,0.5725,False,False,OOS
2026-07-29,METROBRAND.NS,DN,0.7855,0.625,HIGH,ALIGNED,-0.2808,True,True,OOS
2026-07-29,JPPOWER.NS,DN,0.7576,0.625,HIGH,ALIGNED,1.6432,False,False,OOS
2026-07-29,ADANIGREEN.NS,DN,0.7293,0.75,HIGH,ALIGNED,-1.0487,True,True,OOS
2026-07-29,SHRIRAMFIN.NS,DN,0.726,0.625,HIGH,ALIGNED,-1.6751,True,True,OOS
2026-07-29,M&MFIN.NS,DN,0.72,0.25,LOW,CONFLICT,-0.3048,True,True,OOS
2026-07-29,OIL.NS,DN,0.7171,0.75,HIGH,ALIGNED,2.0094,False,False,OOS
2026-07-29,SUZLON.NS,DN,0.7094,0.75,HIGH,ALIGNED,-0.1054,True,True,OOS
2026-07-29,EXIDEIND.NS,DN,0.7043,0.625,HIGH,ALIGNED,3.9137,False,False,OOS
2026-07-29,HINDUNILVR.NS,DN,0.6931,0.625,HIGH,ALIGNED,-0.4675,True,True,OOS
2026-07-29,INDUSINDBK.NS,DN,0.6792,0.5,MEDIUM,ALIGNED,-0.084,True,True,OOS
2026-07-29,SOBHA.NS,DN,0.6759,0.5,MEDIUM,ALIGNED,-1.4153,True,True,OOS
2026-07-29,ADANIENSOL.NS,DN,0.6685,0.625,HIGH,ALIGNED,-0.5276,True,True,OOS
2026-07-29,PGHH.NS,DN,0.6601,0.75,HIGH,ALIGNED,-1.413,True,True,OOS
2026-07-29,BIOCON.NS,DN,0.6551,0.625,HIGH,ALIGNED,-1.3338,True,True,OOS
