trading_date,model,direction,symbol,v3_score,knowledge_score,knowledge_conf,t1_ret_pct,t3_ret_pct,favorable,ge2pct,split
2025-09-16,KNOW_TOP5,UP,COCHINSHIP.NS,0.9621,1.0,HIGH,3.7824,4.3478,1,1,TRAIN
2025-09-16,KNOW_TOP5,UP,MIDHANI.NS,0.9434,1.0,HIGH,0.3893,-0.9734,1,0,TRAIN
2025-09-16,KNOW_TOP5,UP,HFCL.NS,0.9141,1.0,HIGH,-1.7526,-0.0523,0,0,TRAIN
2025-09-16,KNOW_TOP5,UP,IRCON.NS,0.8862,1.0,HIGH,0.9773,-0.0108,1,0,TRAIN
2025-09-16,KNOW_TOP5,UP,PERSISTENT.NS,0.859,1.0,HIGH,0.8196,0.2823,1,0,TRAIN
2025-09-16,V3_TOP5,UP,COCHINSHIP.NS,0.9621,1.0,HIGH,3.7824,4.3478,1,1,TRAIN
2025-09-16,V3_TOP5,UP,PARAS.NS,0.9621,0.875,HIGH,1.2387,1.2657,1,0,TRAIN
2025-09-16,V3_TOP5,UP,MIDHANI.NS,0.9434,1.0,HIGH,0.3893,-0.9734,1,0,TRAIN
2025-09-16,V3_TOP5,UP,HFCL.NS,0.9141,1.0,HIGH,-1.7526,-0.0523,0,0,TRAIN
2025-09-16,V3_TOP5,UP,MOTHERSON.NS,0.9085,0.75,HIGH,-0.5005,-0.7371,0,0,TRAIN
2025-09-16,RAND_TOP5,UP,HFCL.NS,0.9141,1.0,HIGH,-1.7526,-0.0523,0,0,TRAIN
2025-09-16,RAND_TOP5,UP,COCHINSHIP.NS,0.9621,1.0,HIGH,3.7824,4.3478,1,1,TRAIN
2025-09-16,RAND_TOP5,UP,DATAPATTNS.NS,0.8735,0.875,HIGH,3.9137,3.5516,1,1,TRAIN
2025-09-16,RAND_TOP5,UP,IRCON.NS,0.8862,1.0,HIGH,0.9773,-0.0108,1,0,TRAIN
2025-09-16,RAND_TOP5,UP,JSWENERGY.NS,0.8248,1.0,HIGH,-0.9351,1.0092,0,0,TRAIN
2025-09-17,KNOW_TOP5,UP,GRSE.NS,0.9655,1.0,HIGH,0.8757,2.4889,1,0,TRAIN
2025-09-17,KNOW_TOP5,UP,IDEAFORGE.NS,0.9452,1.0,HIGH,-0.2055,-1.2514,0,0,TRAIN
2025-09-17,KNOW_TOP5,UP,IRCON.NS,0.9292,1.0,HIGH,-0.5989,-2.6575,0,0,TRAIN
2025-09-17,KNOW_TOP5,UP,RVNL.NS,0.9116,1.0,HIGH,0.4712,-0.5266,1,0,TRAIN
2025-09-17,KNOW_TOP5,UP,MIDHANI.NS,0.8932,1.0,HIGH,-1.6362,-2.7875,0,0,TRAIN
2025-09-17,V3_TOP5,UP,ONMOBILE.NS,0.992,0.75,HIGH,0.6871,4.0748,1,0,TRAIN
2025-09-17,V3_TOP5,UP,COCHINSHIP.NS,0.9833,0.875,HIGH,0.8939,1.7138,1,0,TRAIN
2025-09-17,V3_TOP5,UP,DATAPATTNS.NS,0.9773,0.875,HIGH,-1.2682,-1.9511,0,0,TRAIN
2025-09-17,V3_TOP5,UP,GRSE.NS,0.9655,1.0,HIGH,0.8757,2.4889,1,0,TRAIN
2025-09-17,V3_TOP5,UP,PARAS.NS,0.9543,0.75,HIGH,-1.0162,-1.8185,0,0,TRAIN
2025-09-17,RAND_TOP5,UP,GRSE.NS,0.9655,1.0,HIGH,0.8757,2.4889,1,0,TRAIN
2025-09-17,RAND_TOP5,UP,ONMOBILE.NS,0.992,0.75,HIGH,0.6871,4.0748,1,0,TRAIN
2025-09-17,RAND_TOP5,UP,RAILTEL.NS,0.9092,0.875,HIGH,-0.8231,-3.355,0,0,TRAIN
2025-09-17,RAND_TOP5,UP,RVNL.NS,0.9116,1.0,HIGH,0.4712,-0.5266,1,0,TRAIN
2025-09-17,RAND_TOP5,UP,MOTHERSON.NS,0.8208,0.5,MEDIUM,-0.3292,0.5579,0,0,TRAIN
2025-09-18,KNOW_TOP5,UP,GRSE.NS,0.9846,1.0,HIGH,-0.8034,2.0713,0,0,TRAIN
2025-09-18,KNOW_TOP5,UP,HFCL.NS,0.9473,1.0,HIGH,-1.5714,-2.9624,0,0,TRAIN
2025-09-18,KNOW_TOP5,UP,NATCOPHARM.NS,0.8051,1.0,HIGH,-0.0057,-3.2568,0,0,TRAIN
2025-09-18,KNOW_TOP5,UP,RATNAMANI.NS,0.75,1.0,HIGH,-2.6973,-1.2176,0,0,TRAIN
2025-09-18,KNOW_TOP5,UP,RVNL.NS,0.8473,0.875,HIGH,0.2621,-1.3517,1,0,TRAIN
2025-09-18,V3_TOP5,UP,GRSE.NS,0.9846,1.0,HIGH,-0.8034,2.0713,0,0,TRAIN
2025-09-18,V3_TOP5,UP,COCHINSHIP.NS,0.9802,0.75,HIGH,-0.346,-1.1534,0,0,TRAIN
2025-09-18,V3_TOP5,UP,ONMOBILE.NS,0.978,0.75,HIGH,-1.3966,7.0782,0,0,TRAIN
2025-09-18,V3_TOP5,UP,HFCL.NS,0.9473,1.0,HIGH,-1.5714,-2.9624,0,0,TRAIN
2025-09-18,V3_TOP5,UP,DATAPATTNS.NS,0.9234,0.75,HIGH,0.9316,-2.1349,1,0,TRAIN
2025-09-18,RAND_TOP5,UP,HFCL.NS,0.9473,1.0,HIGH,-1.5714,-2.9624,0,0,TRAIN
2025-09-18,RAND_TOP5,UP,GRSE.NS,0.9846,1.0,HIGH,-0.8034,2.0713,0,0,TRAIN
2025-09-18,RAND_TOP5,UP,RADICO.NS,0.8212,0.875,HIGH,1.3951,-1.7572,1,0,TRAIN
2025-09-18,RAND_TOP5,UP,RVNL.NS,0.8473,0.875,HIGH,0.2621,-1.3517,1,0,TRAIN
2025-09-18,RAND_TOP5,UP,RAILTEL.NS,0.7715,0.5,MEDIUM,-0.9557,-3.8104,0,0,TRAIN
2025-09-19,KNOW_TOP5,UP,SUDARSCHEM.NS,0.9265,1.0,HIGH,2.6587,3.1267,1,1,TRAIN
2025-09-19,KNOW_TOP5,UP,RADICO.NS,0.8823,1.0,HIGH,-0.8157,-2.7256,0,0,TRAIN
2025-09-19,KNOW_TOP5,UP,GODREJPROP.NS,0.8148,1.0,HIGH,-1.9346,-5.8782,0,0,TRAIN
2025-09-19,KNOW_TOP5,UP,CANBK.NS,0.8041,1.0,HIGH,0.9426,4.3733,1,0,TRAIN
2025-09-19,KNOW_TOP5,UP,CHOLAFIN.NS,0.7983,1.0,HIGH,2.4577,2.4703,1,1,TRAIN
2025-09-19,V3_TOP5,UP,SUDARSCHEM.NS,0.9265,1.0,HIGH,2.6587,3.1267,1,1,TRAIN
2025-09-19,V3_TOP5,UP,CENTUM.NS,0.9226,0.875,HIGH,-0.7698,1.6455,0,0,TRAIN
2025-09-19,V3_TOP5,UP,RADICO.NS,0.8823,1.0,HIGH,-0.8157,-2.7256,0,0,TRAIN
2025-09-19,V3_TOP5,UP,ONMOBILE.NS,0.86,0.5,MEDIUM,4.8286,6.6956,1,1,TRAIN
2025-09-19,V3_TOP5,UP,ASHOKLEY.NS,0.858,0.75,HIGH,-1.0434,0.9724,0,0,TRAIN
2025-09-19,RAND_TOP5,UP,ONMOBILE.NS,0.86,0.5,MEDIUM,4.8286,6.6956,1,1,TRAIN
2025-09-19,RAND_TOP5,UP,SUDARSCHEM.NS,0.9265,1.0,HIGH,2.6587,3.1267,1,1,TRAIN
2025-09-19,RAND_TOP5,UP,M&MFIN.NS,0.8017,0.75,HIGH,0.2418,-2.5557,1,0,TRAIN
2025-09-19,RAND_TOP5,UP,CANBK.NS,0.8041,1.0,HIGH,0.9426,4.3733,1,0,TRAIN
2025-09-19,RAND_TOP5,UP,PGHH.NS,0.7684,1.0,HIGH,-1.7709,-1.0524,0,0,TRAIN
2025-09-22,KNOW_TOP5,UP,GRSE.NS,0.9452,1.0,HIGH,0.4647,1.8176,1,0,TRAIN
2025-09-22,KNOW_TOP5,UP,NAUKRI.NS,0.851,1.0,HIGH,-1.6788,-4.1687,0,0,TRAIN
2025-09-22,KNOW_TOP5,UP,CANBK.NS,0.7959,1.0,HIGH,2.549,2.162,1,1,TRAIN
2025-09-22,KNOW_TOP5,UP,TORNTPHARM.NS,0.7385,1.0,HIGH,-0.1204,-3.4,0,0,TRAIN
2025-09-22,KNOW_TOP5,UP,SUDARSCHEM.NS,0.8921,0.875,HIGH,0.6739,-4.8163,1,0,TRAIN
2025-09-22,V3_TOP5,UP,ONMOBILE.NS,0.9668,0.75,HIGH,3.5928,4.0227,1,1,TRAIN
2025-09-22,V3_TOP5,UP,ADANIGREEN.NS,0.9582,0.75,HIGH,-1.7966,-6.3013,0,0,TRAIN
2025-09-22,V3_TOP5,UP,GRSE.NS,0.9452,1.0,HIGH,0.4647,1.8176,1,0,TRAIN
2025-09-22,V3_TOP5,UP,ADANIENSOL.NS,0.9404,0.75,HIGH,-1.3121,-4.6085,0,0,TRAIN
2025-09-22,V3_TOP5,UP,SUDARSCHEM.NS,0.8921,0.875,HIGH,0.6739,-4.8163,1,0,TRAIN
2025-09-22,RAND_TOP5,UP,ADANIENSOL.NS,0.9404,0.75,HIGH,-1.3121,-4.6085,0,0,TRAIN
2025-09-22,RAND_TOP5,UP,ONMOBILE.NS,0.9668,0.75,HIGH,3.5928,4.0227,1,1,TRAIN
2025-09-22,RAND_TOP5,UP,COCHINSHIP.NS,0.8442,0.625,HIGH,-1.9502,0.208,0,0,TRAIN
2025-09-22,RAND_TOP5,UP,CHOLAFIN.NS,0.8471,0.75,HIGH,-0.3804,-2.2822,0,0,TRAIN
2025-09-22,RAND_TOP5,UP,IDEA.NS,0.7692,0.75,HIGH,3.9333,3.4565,1,1,TRAIN
2025-09-23,KNOW_TOP5,UP,DEEPAKFERT.NS,0.91,1.0,HIGH,4.063,0.8561,1,1,TRAIN
2025-09-23,KNOW_TOP5,UP,MOIL.NS,0.8425,1.0,HIGH,0.0276,-2.2075,1,0,TRAIN
2025-09-23,KNOW_TOP5,UP,BPCL.NS,0.7689,1.0,HIGH,-0.0151,-1.8311,0,0,TRAIN
2025-09-23,KNOW_TOP5,UP,NMDC.NS,0.7456,1.0,HIGH,-1.1524,-3.9821,0,0,TRAIN
2025-09-23,KNOW_TOP5,UP,TORNTPHARM.NS,0.7437,1.0,HIGH,-1.0105,-2.4784,0,0,TRAIN
2025-09-23,V3_TOP5,UP,ONMOBILE.NS,0.9966,0.75,HIGH,-1.7489,2.7864,0,0,TRAIN
2025-09-23,V3_TOP5,UP,ADANIGREEN.NS,0.9743,0.625,HIGH,-3.1994,-7.4285,0,0,TRAIN
2025-09-23,V3_TOP5,UP,ADANIENSOL.NS,0.9466,0.625,HIGH,-3.9023,-4.9616,0,0,TRAIN
2025-09-23,V3_TOP5,UP,ASHOKLEY.NS,0.9182,0.75,HIGH,-1.2358,-1.4649,0,0,TRAIN
2025-09-23,V3_TOP5,UP,DEEPAKFERT.NS,0.91,1.0,HIGH,4.063,0.8561,1,1,TRAIN
2025-09-23,RAND_TOP5,UP,ASHOKLEY.NS,0.9182,0.75,HIGH,-1.2358,-1.4649,0,0,TRAIN
2025-09-23,RAND_TOP5,UP,ONMOBILE.NS,0.9966,0.75,HIGH,-1.7489,2.7864,0,0,TRAIN
2025-09-23,RAND_TOP5,UP,CANBK.NS,0.8391,0.75,HIGH,0.8285,-3.1337,1,0,TRAIN
2025-09-23,RAND_TOP5,UP,NAUKRI.NS,0.8393,0.875,HIGH,-0.617,-5.5743,0,0,TRAIN
2025-09-23,RAND_TOP5,UP,LAURUSLABS.NS,0.7602,0.75,HIGH,-0.033,-8.5435,0,0,TRAIN
2025-09-24,KNOW_TOP5,UP,SUDARSCHEM.NS,0.9466,1.0,HIGH,-5.2483,-10.8846,0,0,TRAIN
2025-09-24,KNOW_TOP5,UP,BANKBARODA.NS,0.7532,1.0,HIGH,-0.6093,-0.1494,0,0,TRAIN
2025-09-24,KNOW_TOP5,UP,ADANIGREEN.NS,0.9718,0.875,HIGH,-1.4335,-5.4691,0,0,TRAIN
2025-09-24,KNOW_TOP5,UP,CENTUM.NS,0.9502,0.875,HIGH,-4.5647,-7.5141,0,0,TRAIN
2025-09-24,KNOW_TOP5,UP,ADANIENSOL.NS,0.949,0.875,HIGH,0.5849,-1.9404,1,0,TRAIN
2025-09-24,V3_TOP5,UP,ADANIGREEN.NS,0.9718,0.875,HIGH,-1.4335,-5.4691,0,0,TRAIN
2025-09-24,V3_TOP5,UP,IDEA.NS,0.9556,0.5,MEDIUM,1.0477,-4.0745,1,0,TRAIN
2025-09-24,V3_TOP5,UP,CENTUM.NS,0.9502,0.875,HIGH,-4.5647,-7.5141,0,0,TRAIN
2025-09-24,V3_TOP5,UP,ADANIENSOL.NS,0.949,0.875,HIGH,0.5849,-1.9404,1,0,TRAIN
2025-09-24,V3_TOP5,UP,SUDARSCHEM.NS,0.9466,1.0,HIGH,-5.2483,-10.8846,0,0,TRAIN
2025-09-24,RAND_TOP5,UP,ADANIENSOL.NS,0.949,0.875,HIGH,0.5849,-1.9404,1,0,TRAIN
2025-09-24,RAND_TOP5,UP,ADANIGREEN.NS,0.9718,0.875,HIGH,-1.4335,-5.4691,0,0,TRAIN
2025-09-24,RAND_TOP5,UP,RATEGAIN.NS,0.8527,0.5,MEDIUM,0.5539,-4.7951,1,0,TRAIN
2025-09-24,RAND_TOP5,UP,GRSE.NS,0.8726,0.875,HIGH,0.0774,-8.1479,1,0,TRAIN
2025-09-24,RAND_TOP5,UP,SAIL.NS,0.7796,0.75,HIGH,0.132,-3.3959,1,0,TRAIN
2025-09-25,KNOW_TOP5,UP,HINDZINC.NS,0.8396,1.0,HIGH,-3.7815,3.3637,0,0,TRAIN
2025-09-25,KNOW_TOP5,UP,OIL.NS,0.8284,1.0,HIGH,-1.0969,-0.2411,0,0,TRAIN
2025-09-25,KNOW_TOP5,UP,IDEA.NS,0.9476,0.875,HIGH,-7.6037,-6.3364,0,0,TRAIN
2025-09-25,KNOW_TOP5,UP,GRSE.NS,0.8367,0.875,HIGH,-3.8794,-6.9123,0,0,TRAIN
2025-09-25,KNOW_TOP5,UP,CANBK.NS,0.8226,0.875,HIGH,-2.7668,1.8692,0,0,TRAIN
2025-09-25,V3_TOP5,UP,IDEA.NS,0.9476,0.875,HIGH,-7.6037,-6.3364,0,0,TRAIN
2025-09-25,V3_TOP5,UP,ADANIGREEN.NS,0.9184,0.625,HIGH,-2.9781,-4.8817,0,0,TRAIN
2025-09-25,V3_TOP5,UP,INTELLECT.NS,0.9109,0.75,HIGH,-6.9099,-8.0002,0,0,TRAIN
2025-09-25,V3_TOP5,UP,ADANIENSOL.NS,0.8857,0.75,HIGH,-1.6775,-2.4547,0,0,TRAIN
2025-09-25,V3_TOP5,UP,PNBHOUSING.NS,0.8633,0.625,HIGH,-4.8086,-4.8637,0,0,TRAIN
2025-09-25,RAND_TOP5,UP,ADANIENSOL.NS,0.8857,0.75,HIGH,-1.6775,-2.4547,0,0,TRAIN
2025-09-25,RAND_TOP5,UP,IDEA.NS,0.9476,0.875,HIGH,-7.6037,-6.3364,0,0,TRAIN
2025-09-25,RAND_TOP5,UP,DEEPAKFERT.NS,0.8279,0.75,HIGH,-0.9763,-2.8965,0,0,TRAIN
2025-09-25,RAND_TOP5,UP,OIL.NS,0.8284,1.0,HIGH,-1.0969,-0.2411,0,0,TRAIN
2025-09-25,RAND_TOP5,UP,RBLBANK.NS,0.7585,0.875,HIGH,-1.1254,0.6535,0,0,TRAIN
2025-09-26,KNOW_TOP5,UP,DEEPAKFERT.NS,0.8486,0.875,HIGH,-2.011,1.012,0,0,TRAIN
2025-09-26,KNOW_TOP5,UP,ICICIGI.NS,0.7831,0.875,HIGH,0.5016,0.5069,1,0,TRAIN
2025-09-26,KNOW_TOP5,UP,LT.NS,0.7329,0.875,HIGH,-1.102,-1.5873,0,0,TRAIN
2025-09-26,KNOW_TOP5,UP,DEEPAKNTR.NS,0.7684,0.75,HIGH,-0.8007,-0.3733,0,0,TRAIN
2025-09-26,KNOW_TOP5,UP,JSWSTEEL.NS,0.7382,0.75,HIGH,-0.7605,1.353,0,0,TRAIN
2025-09-26,V3_TOP5,UP,ONMOBILE.NS,0.9097,0.625,HIGH,-2.2206,-1.6438,0,0,TRAIN
2025-09-26,V3_TOP5,UP,DEEPAKFERT.NS,0.8486,0.875,HIGH,-2.011,1.012,0,0,TRAIN
2025-09-26,V3_TOP5,UP,HINDZINC.NS,0.8457,0.625,HIGH,3.7965,7.181,1,1,TRAIN
2025-09-26,V3_TOP5,UP,RATNAMANI.NS,0.8019,0.375,MEDIUM,-0.1077,0.0249,0,0,TRAIN
2025-09-26,V3_TOP5,UP,GRSE.NS,0.794,0.5,MEDIUM,-4.5146,1.2522,0,0,TRAIN
2025-09-26,RAND_TOP5,UP,RATNAMANI.NS,0.8019,0.375,MEDIUM,-0.1077,0.0249,0,0,TRAIN
2025-09-26,RAND_TOP5,UP,ONMOBILE.NS,0.9097,0.625,HIGH,-2.2206,-1.6438,0,0,TRAIN
2025-09-26,RAND_TOP5,UP,MOIL.NS,0.7732,0.5,MEDIUM,1.6225,3.9503,1,0,TRAIN
2025-09-26,RAND_TOP5,UP,ICICIGI.NS,0.7831,0.875,HIGH,0.5016,0.5069,1,0,TRAIN
2025-09-26,RAND_TOP5,UP,CERA.NS,0.7314,0.375,MEDIUM,-0.3398,-1.1894,0,0,TRAIN
2025-09-29,KNOW_TOP5,UP,MRPL.NS,0.9087,1.0,HIGH,-0.9843,6.9271,0,0,TRAIN
2025-09-29,KNOW_TOP5,UP,HINDZINC.NS,0.8937,1.0,HIGH,3.4967,5.4382,1,1,TRAIN
2025-09-29,KNOW_TOP5,UP,VINATIORGA.NS,0.8738,1.0,HIGH,-2.8594,-5.5453,0,0,TRAIN
2025-09-29,KNOW_TOP5,UP,PGHH.NS,0.8548,1.0,HIGH,-0.4854,0.8653,0,0,TRAIN
2025-09-29,KNOW_TOP5,UP,BPCL.NS,0.8284,1.0,HIGH,0.4584,1.0204,1,0,TRAIN
2025-09-29,V3_TOP5,UP,MRPL.NS,0.9087,1.0,HIGH,-0.9843,6.9271,0,0,TRAIN
2025-09-29,V3_TOP5,UP,HINDZINC.NS,0.8937,1.0,HIGH,3.4967,5.4382,1,1,TRAIN
2025-09-29,V3_TOP5,UP,VINATIORGA.NS,0.8738,1.0,HIGH,-2.8594,-5.5453,0,0,TRAIN
2025-09-29,V3_TOP5,UP,PGHH.NS,0.8548,1.0,HIGH,-0.4854,0.8653,0,0,TRAIN
2025-09-29,V3_TOP5,UP,BPCL.NS,0.8284,1.0,HIGH,0.4584,1.0204,1,0,TRAIN
2025-09-29,RAND_TOP5,UP,PGHH.NS,0.8548,1.0,HIGH,-0.4854,0.8653,0,0,TRAIN
2025-09-29,RAND_TOP5,UP,MRPL.NS,0.9087,1.0,HIGH,-0.9843,6.9271,0,0,TRAIN
2025-09-29,RAND_TOP5,UP,OIL.NS,0.7774,0.875,HIGH,-0.8268,-0.6111,0,0,TRAIN
2025-09-29,RAND_TOP5,UP,DEEPAKFERT.NS,0.788,0.625,HIGH,0.0733,4.7708,1,0,TRAIN
2025-09-29,RAND_TOP5,UP,IDEA.NS,0.72,0.625,HIGH,-1.335,7.0388,0,0,TRAIN
2025-09-30,KNOW_TOP5,UP,HINDZINC.NS,0.9225,1.0,HIGH,-0.228,1.8758,0,0,TRAIN
2025-09-30,KNOW_TOP5,UP,NATIONALUM.NS,0.9074,1.0,HIGH,0.2946,1.5336,1,0,TRAIN
2025-09-30,KNOW_TOP5,UP,VEDL.NS,0.8555,1.0,HIGH,-0.204,1.0734,0,0,TRAIN
2025-09-30,KNOW_TOP5,UP,MOIL.NS,0.8246,1.0,HIGH,-0.5131,6.3732,0,0,TRAIN
2025-09-30,KNOW_TOP5,UP,RBLBANK.NS,0.8603,0.875,HIGH,-0.7394,-0.5951,0,0,TRAIN
2025-09-30,V3_TOP5,UP,HINDZINC.NS,0.9225,1.0,HIGH,-0.228,1.8758,0,0,TRAIN
2025-09-30,V3_TOP5,UP,NATIONALUM.NS,0.9074,1.0,HIGH,0.2946,1.5336,1,0,TRAIN
2025-09-30,V3_TOP5,UP,RBLBANK.NS,0.8603,0.875,HIGH,-0.7394,-0.5951,0,0,TRAIN
2025-09-30,V3_TOP5,UP,VEDL.NS,0.8555,1.0,HIGH,-0.204,1.0734,0,0,TRAIN
2025-09-30,V3_TOP5,UP,MOIL.NS,0.8246,1.0,HIGH,-0.5131,6.3732,0,0,TRAIN
2025-09-30,RAND_TOP5,UP,VEDL.NS,0.8555,1.0,HIGH,-0.204,1.0734,0,0,TRAIN
2025-09-30,RAND_TOP5,UP,HINDZINC.NS,0.9225,1.0,HIGH,-0.228,1.8758,0,0,TRAIN
2025-09-30,RAND_TOP5,UP,METROBRAND.NS,0.7911,0.875,HIGH,-3.1388,-2.8133,0,0,TRAIN
2025-09-30,RAND_TOP5,UP,VINATIORGA.NS,0.8043,0.75,HIGH,-0.3168,-2.6267,0,0,TRAIN
2025-09-30,RAND_TOP5,UP,JINDALSTEL.NS,0.7163,0.875,HIGH,0.1175,-0.738,1,0,TRAIN
2025-10-01,KNOW_TOP5,UP,GRANULES.NS,0.888,1.0,HIGH,2.6997,2.4417,1,1,TRAIN
2025-10-01,KNOW_TOP5,UP,BEML.NS,0.8237,1.0,HIGH,1.6556,0.3913,1,0,TRAIN
2025-10-01,KNOW_TOP5,UP,SHRIRAMFIN.NS,0.8053,1.0,HIGH,-0.447,2.7902,0,0,TRAIN
2025-10-01,KNOW_TOP5,UP,HINDZINC.NS,0.9033,0.875,HIGH,2.1087,1.7763,1,1,TRAIN
2025-10-01,KNOW_TOP5,UP,PFIZER.NS,0.8789,0.875,HIGH,1.3881,1.3978,1,0,TRAIN
2025-10-01,V3_TOP5,UP,RATEGAIN.NS,0.9431,0.75,HIGH,2.0426,3.6232,1,1,TRAIN
2025-10-01,V3_TOP5,UP,HINDZINC.NS,0.9033,0.875,HIGH,2.1087,1.7763,1,1,TRAIN
2025-10-01,V3_TOP5,UP,GRANULES.NS,0.888,1.0,HIGH,2.6997,2.4417,1,1,TRAIN
2025-10-01,V3_TOP5,UP,PFIZER.NS,0.8789,0.875,HIGH,1.3881,1.3978,1,0,TRAIN
2025-10-01,V3_TOP5,UP,MRPL.NS,0.8275,0.75,HIGH,7.5688,11.9796,1,1,TRAIN
2025-10-01,RAND_TOP5,UP,PFIZER.NS,0.8789,0.875,HIGH,1.3881,1.3978,1,0,TRAIN
2025-10-01,RAND_TOP5,UP,RATEGAIN.NS,0.9431,0.75,HIGH,2.0426,3.6232,1,1,TRAIN
2025-10-01,RAND_TOP5,UP,SHRIRAMFIN.NS,0.8053,1.0,HIGH,-0.447,2.7902,0,0,TRAIN
2025-10-01,RAND_TOP5,UP,RBLBANK.NS,0.8179,0.75,HIGH,0.2544,-0.5996,1,0,TRAIN
2025-10-01,RAND_TOP5,UP,BPCL.NS,0.7495,0.875,HIGH,0.5446,0.6476,1,0,TRAIN
2025-10-03,KNOW_TOP5,UP,DATAPATTNS.NS,0.9261,1.0,HIGH,0.2257,-1.9081,1,0,TRAIN
2025-10-03,KNOW_TOP5,UP,NATIONALUM.NS,0.9133,1.0,HIGH,-1.8132,1.1123,0,0,TRAIN
2025-10-03,KNOW_TOP5,UP,SHYAMMETL.NS,0.8616,1.0,HIGH,-1.1794,-4.0534,0,0,TRAIN
2025-10-03,KNOW_TOP5,UP,PARAS.NS,0.8592,1.0,HIGH,-0.3582,-2.0736,0,0,TRAIN
2025-10-03,KNOW_TOP5,UP,HINDZINC.NS,0.8266,1.0,HIGH,0.0,-0.2035,0,0,TRAIN
2025-10-03,V3_TOP5,UP,KALYANKJIL.NS,0.9616,0.875,HIGH,-1.3817,-2.0725,0,0,TRAIN
2025-10-03,V3_TOP5,UP,MRPL.NS,0.9585,0.75,HIGH,2.9358,2.3291,1,1,TRAIN
2025-10-03,V3_TOP5,UP,MOIL.NS,0.944,0.75,HIGH,0.5617,-5.1698,1,0,TRAIN
2025-10-03,V3_TOP5,UP,DATAPATTNS.NS,0.9261,1.0,HIGH,0.2257,-1.9081,1,0,TRAIN
2025-10-03,V3_TOP5,UP,NATIONALUM.NS,0.9133,1.0,HIGH,-1.8132,1.1123,0,0,TRAIN
2025-10-03,RAND_TOP5,UP,DATAPATTNS.NS,0.9261,1.0,HIGH,0.2257,-1.9081,1,0,TRAIN
2025-10-03,RAND_TOP5,UP,KALYANKJIL.NS,0.9616,0.875,HIGH,-1.3817,-2.0725,0,0,TRAIN
2025-10-03,RAND_TOP5,UP,SHYAMMETL.NS,0.8616,1.0,HIGH,-1.1794,-4.0534,0,0,TRAIN
2025-10-03,RAND_TOP5,UP,RATEGAIN.NS,0.8908,0.75,HIGH,0.3961,-2.5675,1,0,TRAIN
2025-10-03,RAND_TOP5,UP,HINDALCO.NS,0.763,0.75,HIGH,-0.4677,-1.557,0,0,TRAIN
2025-10-06,KNOW_TOP5,UP,BSE.NS,0.9202,0.875,HIGH,0.5997,5.0634,1,0,TRAIN
2025-10-06,KNOW_TOP5,UP,DATAPATTNS.NS,0.8749,0.875,HIGH,-0.6932,-0.5912,0,0,TRAIN
2025-10-06,KNOW_TOP5,UP,SHRIRAMFIN.NS,0.8466,0.875,HIGH,-0.6925,-0.3574,0,0,TRAIN
2025-10-06,KNOW_TOP5,UP,MANAPPURAM.NS,0.7949,0.875,HIGH,0.0688,1.2038,1,0,TRAIN
2025-10-06,KNOW_TOP5,UP,SHYAMMETL.NS,0.7866,0.875,HIGH,-3.3356,-1.4228,0,0,TRAIN
2025-10-06,V3_TOP5,UP,MRPL.NS,0.9668,0.75,HIGH,1.1314,-1.5378,1,0,TRAIN
2025-10-06,V3_TOP5,UP,MOIL.NS,0.9439,0.75,HIGH,-4.2904,-1.0409,0,0,TRAIN
2025-10-06,V3_TOP5,UP,BSE.NS,0.9202,0.875,HIGH,0.5997,5.0634,1,0,TRAIN
2025-10-06,V3_TOP5,UP,KALYANKJIL.NS,0.8873,0.625,HIGH,0.4842,-0.4945,1,0,TRAIN
2025-10-06,V3_TOP5,UP,DATAPATTNS.NS,0.8749,0.875,HIGH,-0.6932,-0.5912,0,0,TRAIN
2025-10-06,RAND_TOP5,UP,KALYANKJIL.NS,0.8873,0.625,HIGH,0.4842,-0.4945,1,0,TRAIN
2025-10-06,RAND_TOP5,UP,MRPL.NS,0.9668,0.75,HIGH,1.1314,-1.5378,1,0,TRAIN
2025-10-06,RAND_TOP5,UP,PARAS.NS,0.82,0.75,HIGH,-1.7146,-0.3526,0,0,TRAIN
2025-10-06,RAND_TOP5,UP,NATIONALUM.NS,0.8363,0.75,HIGH,-0.0368,5.7103,0,0,TRAIN
2025-10-06,RAND_TOP5,UP,PNB.NS,0.7846,0.75,HIGH,-0.323,-0.2095,0,0,TRAIN
2025-10-07,KNOW_TOP5,UP,ENDURANCE.NS,0.9207,1.0,HIGH,-1.0132,-2.1078,0,0,TRAIN
2025-10-07,KNOW_TOP5,UP,IRCON.NS,0.8945,1.0,HIGH,-1.9222,-3.264,0,0,TRAIN
2025-10-07,KNOW_TOP5,UP,NOCIL.NS,0.8793,1.0,HIGH,-1.4114,-1.936,0,0,TRAIN
2025-10-07,KNOW_TOP5,UP,BSE.NS,0.8502,1.0,HIGH,0.5826,6.8932,1,0,TRAIN
2025-10-07,KNOW_TOP5,UP,DIVISLAB.NS,0.8255,1.0,HIGH,0.2621,6.0611,1,0,TRAIN
2025-10-07,V3_TOP5,UP,RATEGAIN.NS,0.9635,0.75,HIGH,-4.0538,-4.8548,0,0,TRAIN
2025-10-07,V3_TOP5,UP,MRPL.NS,0.9315,0.75,HIGH,-1.7015,-3.6375,0,0,TRAIN
2025-10-07,V3_TOP5,UP,ENDURANCE.NS,0.9207,1.0,HIGH,-1.0132,-2.1078,0,0,TRAIN
2025-10-07,V3_TOP5,UP,IRCON.NS,0.8945,1.0,HIGH,-1.9222,-3.264,0,0,TRAIN
2025-10-07,V3_TOP5,UP,COFORGE.NS,0.8832,0.75,HIGH,1.6128,2.1227,1,0,TRAIN
2025-10-07,RAND_TOP5,UP,IRCON.NS,0.8945,1.0,HIGH,-1.9222,-3.264,0,0,TRAIN
2025-10-07,RAND_TOP5,UP,RATEGAIN.NS,0.9635,0.75,HIGH,-4.0538,-4.8548,0,0,TRAIN
2025-10-07,RAND_TOP5,UP,BSE.NS,0.8502,1.0,HIGH,0.5826,6.8932,1,0,TRAIN
2025-10-07,RAND_TOP5,UP,KALYANKJIL.NS,0.8565,0.75,HIGH,-1.179,-0.5844,0,0,TRAIN
2025-10-07,RAND_TOP5,UP,MGL.NS,0.7692,1.0,HIGH,-2.634,-1.4236,0,0,TRAIN
2025-10-08,KNOW_TOP5,UP,COFORGE.NS,0.9206,1.0,HIGH,0.3735,0.1342,1,0,TRAIN
2025-10-08,KNOW_TOP5,UP,DIVISLAB.NS,0.8359,1.0,HIGH,0.1879,7.1154,1,0,TRAIN
2025-10-08,KNOW_TOP5,UP,TATACOMM.NS,0.7928,1.0,HIGH,0.4499,6.4528,1,0,TRAIN
2025-10-08,KNOW_TOP5,UP,IDEA.NS,0.9892,0.875,HIGH,-0.1106,-3.4292,0,0,TRAIN
2025-10-08,KNOW_TOP5,UP,BSE.NS,0.8761,0.875,HIGH,3.8321,10.3288,1,1,TRAIN
2025-10-08,V3_TOP5,UP,IDEA.NS,0.9892,0.875,HIGH,-0.1106,-3.4292,0,0,TRAIN
2025-10-08,V3_TOP5,UP,COFORGE.NS,0.9206,1.0,HIGH,0.3735,0.1342,1,0,TRAIN
2025-10-08,V3_TOP5,UP,KPITTECH.NS,0.9124,0.625,HIGH,0.1378,-0.4997,1,0,TRAIN
2025-10-08,V3_TOP5,UP,BSE.NS,0.8761,0.875,HIGH,3.8321,10.3288,1,1,TRAIN
2025-10-08,V3_TOP5,UP,MPHASIS.NS,0.8627,0.875,HIGH,0.2643,-1.7716,1,0,TRAIN
2025-10-08,RAND_TOP5,UP,BSE.NS,0.8761,0.875,HIGH,3.8321,10.3288,1,1,TRAIN
2025-10-08,RAND_TOP5,UP,IDEA.NS,0.9892,0.875,HIGH,-0.1106,-3.4292,0,0,TRAIN
2025-10-08,RAND_TOP5,UP,MRPL.NS,0.8488,0.5,MEDIUM,-0.9541,-2.7872,0,0,TRAIN
2025-10-08,RAND_TOP5,UP,PARAS.NS,0.851,0.75,HIGH,1.3929,-0.4432,1,0,TRAIN
2025-10-08,RAND_TOP5,UP,JPPOWER.NS,0.7816,0.75,HIGH,-0.1113,2.1146,0,0,TRAIN
2025-10-09,KNOW_TOP5,UP,JINDALPOLY.NS,0.9524,1.0,HIGH,-1.3459,-3.5267,0,0,TRAIN
2025-10-09,KNOW_TOP5,UP,BSE.NS,0.9332,1.0,HIGH,2.3517,5.0682,1,1,TRAIN
2025-10-09,KNOW_TOP5,UP,CESC.NS,0.8733,1.0,HIGH,0.5345,-1.6564,1,0,TRAIN
2025-10-09,KNOW_TOP5,UP,GRANULES.NS,0.8264,1.0,HIGH,0.4239,0.68,1,0,TRAIN
2025-10-09,KNOW_TOP5,UP,IDEA.NS,0.9207,0.875,HIGH,0.1107,-7.4197,1,0,TRAIN
2025-10-09,V3_TOP5,UP,JINDALPOLY.NS,0.9524,1.0,HIGH,-1.3459,-3.5267,0,0,TRAIN
2025-10-09,V3_TOP5,UP,BSE.NS,0.9332,1.0,HIGH,2.3517,5.0682,1,1,TRAIN
2025-10-09,V3_TOP5,UP,IDEA.NS,0.9207,0.875,HIGH,0.1107,-7.4197,1,0,TRAIN
2025-10-09,V3_TOP5,UP,MOIL.NS,0.9005,0.875,HIGH,-0.7055,-3.5274,0,0,TRAIN
2025-10-09,V3_TOP5,UP,CESC.NS,0.8733,1.0,HIGH,0.5345,-1.6564,1,0,TRAIN
2025-10-09,RAND_TOP5,UP,MOIL.NS,0.9005,0.875,HIGH,-0.7055,-3.5274,0,0,TRAIN
2025-10-09,RAND_TOP5,UP,JINDALPOLY.NS,0.9524,1.0,HIGH,-1.3459,-3.5267,0,0,TRAIN
2025-10-09,RAND_TOP5,UP,COFORGE.NS,0.8084,0.75,HIGH,0.1279,-1.1395,1,0,TRAIN
2025-10-09,RAND_TOP5,UP,DATAPATTNS.NS,0.8168,0.75,HIGH,-0.6938,-2.3328,0,0,TRAIN
2025-10-09,RAND_TOP5,UP,TATASTEEL.NS,0.7642,0.875,HIGH,-1.4511,-3.35,0,0,TRAIN
2025-10-10,KNOW_TOP5,UP,BSE.NS,0.9293,1.0,HIGH,3.8155,2.9895,1,1,TRAIN
2025-10-10,KNOW_TOP5,UP,PRESTIGE.NS,0.8998,1.0,HIGH,-0.4317,3.3547,0,0,TRAIN
2025-10-10,KNOW_TOP5,UP,DIVISLAB.NS,0.8817,1.0,HIGH,1.2588,1.5214,1,0,TRAIN
2025-10-10,KNOW_TOP5,UP,VOLTAS.NS,0.8291,1.0,HIGH,-2.7376,-0.3669,0,0,TRAIN
2025-10-10,KNOW_TOP5,UP,CESC.NS,0.8161,1.0,HIGH,-0.2337,2.9446,0,0,TRAIN
2025-10-10,V3_TOP5,UP,TATACOMM.NS,0.944,0.75,HIGH,-3.8499,4.5396,0,0,TRAIN
2025-10-10,V3_TOP5,UP,BSE.NS,0.9293,1.0,HIGH,3.8155,2.9895,1,1,TRAIN
2025-10-10,V3_TOP5,UP,CENTUM.NS,0.9192,0.875,HIGH,-3.9541,-5.9998,0,0,TRAIN
2025-10-10,V3_TOP5,UP,PRESTIGE.NS,0.8998,1.0,HIGH,-0.4317,3.3547,0,0,TRAIN
2025-10-10,V3_TOP5,UP,ZENSARTECH.NS,0.8837,0.875,HIGH,-2.5856,-5.3027,0,0,TRAIN
2025-10-10,RAND_TOP5,UP,PRESTIGE.NS,0.8998,1.0,HIGH,-0.4317,3.3547,0,0,TRAIN
2025-10-10,RAND_TOP5,UP,TATACOMM.NS,0.944,0.75,HIGH,-3.8499,4.5396,0,0,TRAIN
2025-10-10,RAND_TOP5,UP,INTELLECT.NS,0.8394,0.75,HIGH,-2.3211,-1.3093,0,0,TRAIN
2025-10-10,RAND_TOP5,UP,YESBANK.NS,0.8421,0.75,HIGH,0.125,-2.8333,1,0,TRAIN
2025-10-10,RAND_TOP5,UP,BLUESTARCO.NS,0.8144,1.0,HIGH,-1.9188,-1.8367,0,0,TRAIN
2025-10-13,KNOW_TOP5,UP,TORNTPOWER.NS,0.8524,1.0,HIGH,0.8725,4.2069,1,0,TRAIN
2025-10-13,KNOW_TOP5,UP,BSE.NS,0.951,0.875,HIGH,-1.1187,1.3409,0,0,TRAIN
2025-10-13,KNOW_TOP5,UP,RBLBANK.NS,0.9229,0.875,HIGH,0.5172,5.7759,1,0,TRAIN
2025-10-13,KNOW_TOP5,UP,DIVISLAB.NS,0.8976,0.875,HIGH,0.0763,0.6788,1,0,TRAIN
2025-10-13,KNOW_TOP5,UP,NAVINFLUOR.NS,0.8476,0.875,HIGH,1.7922,5.1562,1,0,TRAIN
2025-10-13,V3_TOP5,UP,BSE.NS,0.951,0.875,HIGH,-1.1187,1.3409,0,0,TRAIN
2025-10-13,V3_TOP5,UP,TATACOMM.NS,0.9246,0.75,HIGH,4.1375,9.6263,1,1,TRAIN
2025-10-13,V3_TOP5,UP,RBLBANK.NS,0.9229,0.875,HIGH,0.5172,5.7759,1,0,TRAIN
2025-10-13,V3_TOP5,UP,DIVISLAB.NS,0.8976,0.875,HIGH,0.0763,0.6788,1,0,TRAIN
2025-10-13,V3_TOP5,UP,MAPMYINDIA.NS,0.881,0.75,HIGH,8.9669,3.3151,1,1,TRAIN
2025-10-13,RAND_TOP5,UP,DIVISLAB.NS,0.8976,0.875,HIGH,0.0763,0.6788,1,0,TRAIN
2025-10-13,RAND_TOP5,UP,BSE.NS,0.951,0.875,HIGH,-1.1187,1.3409,0,0,TRAIN
2025-10-13,RAND_TOP5,UP,YESBANK.NS,0.8461,0.75,HIGH,-2.9546,-3.7869,0,0,TRAIN
2025-10-13,RAND_TOP5,UP,NAVINFLUOR.NS,0.8476,0.875,HIGH,1.7922,5.1562,1,0,TRAIN
2025-10-13,RAND_TOP5,UP,NATIONALUM.NS,0.7439,0.75,HIGH,-0.6522,0.6478,0,0,TRAIN
2025-10-14,KNOW_TOP5,UP,NAVINFLUOR.NS,0.8791,1.0,HIGH,-0.239,4.3485,0,0,TRAIN
2025-10-14,KNOW_TOP5,UP,TORNTPOWER.NS,0.8175,1.0,HIGH,1.1508,1.3129,1,0,TRAIN
2025-10-14,KNOW_TOP5,UP,HCLTECH.NS,0.7459,1.0,HIGH,0.0201,-0.6152,1,0,TRAIN
2025-10-14,KNOW_TOP5,UP,BSE.NS,0.9565,0.875,HIGH,0.3268,1.5235,1,0,TRAIN
2025-10-14,KNOW_TOP5,UP,RBLBANK.NS,0.9445,0.875,HIGH,2.7616,2.7444,1,1,TRAIN
2025-10-14,V3_TOP5,UP,TATACOMM.NS,0.9678,0.75,HIGH,4.4056,2.8997,1,1,TRAIN
2025-10-14,V3_TOP5,UP,BSE.NS,0.9565,0.875,HIGH,0.3268,1.5235,1,0,TRAIN
2025-10-14,V3_TOP5,UP,MAPMYINDIA.NS,0.9519,0.75,HIGH,-4.1299,-5.3612,0,0,TRAIN
2025-10-14,V3_TOP5,UP,RBLBANK.NS,0.9445,0.875,HIGH,2.7616,2.7444,1,1,TRAIN
2025-10-14,V3_TOP5,UP,HINDZINC.NS,0.8812,0.75,HIGH,1.4931,-1.0679,1,0,TRAIN
2025-10-14,RAND_TOP5,UP,RBLBANK.NS,0.9445,0.875,HIGH,2.7616,2.7444,1,1,TRAIN
2025-10-14,RAND_TOP5,UP,TATACOMM.NS,0.9678,0.75,HIGH,4.4056,2.8997,1,1,TRAIN
2025-10-14,RAND_TOP5,UP,PRESTIGE.NS,0.8197,0.875,HIGH,4.5148,6.3981,1,1,TRAIN
2025-10-14,RAND_TOP5,UP,LAURUSLABS.NS,0.8267,0.75,HIGH,-0.3018,2.5172,0,0,TRAIN
2025-10-14,RAND_TOP5,UP,HFCL.NS,0.763,0.625,HIGH,3.0558,0.6939,1,1,TRAIN
2025-10-15,KNOW_TOP5,UP,PRESTIGE.NS,0.9336,1.0,HIGH,1.247,2.4761,1,0,TRAIN
2025-10-15,KNOW_TOP5,UP,BEML.NS,0.8954,1.0,HIGH,-1.011,-2.8629,0,0,TRAIN
2025-10-15,KNOW_TOP5,UP,M&MFIN.NS,0.8478,1.0,HIGH,-0.1872,1.0209,0,0,TRAIN
2025-10-15,KNOW_TOP5,UP,GODREJPROP.NS,0.8234,1.0,HIGH,3.2637,7.3141,1,1,TRAIN
2025-10-15,KNOW_TOP5,UP,TORNTPOWER.NS,0.8034,1.0,HIGH,2.1303,-0.4199,1,1,TRAIN
2025-10-15,V3_TOP5,UP,TATACOMM.NS,0.9814,0.75,HIGH,0.8286,-2.5574,1,0,TRAIN
2025-10-15,V3_TOP5,UP,MAPMYINDIA.NS,0.9599,0.75,HIGH,-1.1024,-1.493,0,0,TRAIN
2025-10-15,V3_TOP5,UP,PRESTIGE.NS,0.9336,1.0,HIGH,1.247,2.4761,1,0,TRAIN
2025-10-15,V3_TOP5,UP,SOBHA.NS,0.8971,0.875,HIGH,2.6279,2.9995,1,1,TRAIN
2025-10-15,V3_TOP5,UP,BEML.NS,0.8954,1.0,HIGH,-1.011,-2.8629,0,0,TRAIN
2025-10-15,RAND_TOP5,UP,SOBHA.NS,0.8971,0.875,HIGH,2.6279,2.9995,1,1,TRAIN
2025-10-15,RAND_TOP5,UP,TATACOMM.NS,0.9814,0.75,HIGH,0.8286,-2.5574,1,0,TRAIN
2025-10-15,RAND_TOP5,UP,ICICIGI.NS,0.8534,0.875,HIGH,-0.5049,-0.4554,0,0,TRAIN
2025-10-15,RAND_TOP5,UP,RBLBANK.NS,0.8647,0.75,HIGH,2.4036,9.0469,1,1,TRAIN
2025-10-15,RAND_TOP5,UP,ALKYLAMINE.NS,0.807,0.75,HIGH,1.4735,-0.0105,1,0,TRAIN
2025-10-16,KNOW_TOP5,UP,SOBHA.NS,0.9108,1.0,HIGH,-1.3385,-0.1487,0,0,TRAIN
2025-10-16,KNOW_TOP5,UP,GODREJPROP.NS,0.8853,1.0,HIGH,1.4012,3.9995,1,0,TRAIN
2025-10-16,KNOW_TOP5,UP,NAVINFLUOR.NS,0.8853,1.0,HIGH,1.0103,2.5466,1,0,TRAIN
2025-10-16,KNOW_TOP5,UP,CRAFTSMAN.NS,0.825,1.0,HIGH,-0.897,-1.0955,0,0,TRAIN
2025-10-16,KNOW_TOP5,UP,BHARATFORG.NS,0.8156,1.0,HIGH,-1.8653,-1.723,0,0,TRAIN
2025-10-16,V3_TOP5,UP,TATACOMM.NS,0.9666,0.75,HIGH,-2.2523,-2.8408,0,0,TRAIN
2025-10-16,V3_TOP5,UP,WHIRLPOOL.NS,0.9498,0.875,HIGH,11.8436,12.9019,1,1,TRAIN
2025-10-16,V3_TOP5,UP,SOBHA.NS,0.9108,1.0,HIGH,-1.3385,-0.1487,0,0,TRAIN
2025-10-16,V3_TOP5,UP,RBLBANK.NS,0.9084,0.75,HIGH,-2.3635,5.8354,0,0,TRAIN
2025-10-16,V3_TOP5,UP,ZYDUSWELL.NS,0.8865,0.875,HIGH,-1.9779,3.9345,0,0,TRAIN
2025-10-16,RAND_TOP5,UP,RBLBANK.NS,0.9084,0.75,HIGH,-2.3635,5.8354,0,0,TRAIN
2025-10-16,RAND_TOP5,UP,TATACOMM.NS,0.9666,0.75,HIGH,-2.2523,-2.8408,0,0,TRAIN
2025-10-16,RAND_TOP5,UP,PRESTIGE.NS,0.8543,0.875,HIGH,0.5481,0.9724,1,0,TRAIN
2025-10-16,RAND_TOP5,UP,ALKYLAMINE.NS,0.8608,0.875,HIGH,-0.223,-0.9802,0,0,TRAIN
2025-10-16,RAND_TOP5,UP,ONMOBILE.NS,0.7981,0.5,MEDIUM,-2.2787,-0.264,0,0,TRAIN
2025-10-17,KNOW_TOP5,UP,WHIRLPOOL.NS,0.9843,1.0,HIGH,-1.9142,1.0835,0,0,TRAIN
2025-10-17,KNOW_TOP5,UP,KALYANKJIL.NS,0.7732,1.0,HIGH,1.0309,0.8778,1,0,TRAIN
2025-10-17,KNOW_TOP5,UP,ASIANPAINT.NS,0.7696,1.0,HIGH,0.327,-0.2153,1,0,TRAIN
2025-10-17,KNOW_TOP5,UP,DATAPATTNS.NS,0.7447,1.0,HIGH,-0.8836,-0.3171,0,0,TRAIN
2025-10-17,KNOW_TOP5,UP,M&M.NS,0.7432,1.0,HIGH,-1.3188,-0.6471,0,0,TRAIN
2025-10-17,V3_TOP5,UP,WHIRLPOOL.NS,0.9843,1.0,HIGH,-1.9142,1.0835,0,0,TRAIN
2025-10-17,V3_TOP5,UP,M&MFIN.NS,0.8889,0.75,HIGH,-1.083,-0.6331,0,0,TRAIN
2025-10-17,V3_TOP5,UP,SAPPHIRE.NS,0.8853,0.75,HIGH,-0.5549,0.5722,0,0,TRAIN
2025-10-17,V3_TOP5,UP,GODREJPROP.NS,0.8826,0.875,HIGH,2.4864,1.905,1,1,TRAIN
2025-10-17,V3_TOP5,UP,MAPMYINDIA.NS,0.8652,0.75,HIGH,-0.2114,-1.7998,0,0,TRAIN
2025-10-17,RAND_TOP5,UP,GODREJPROP.NS,0.8826,0.875,HIGH,2.4864,1.905,1,1,TRAIN
2025-10-17,RAND_TOP5,UP,WHIRLPOOL.NS,0.9843,1.0,HIGH,-1.9142,1.0835,0,0,TRAIN
2025-10-17,RAND_TOP5,UP,SOBHA.NS,0.7899,0.625,HIGH,1.7237,0.5505,1,0,TRAIN
2025-10-17,RAND_TOP5,UP,MUTHOOTFIN.NS,0.7903,0.875,HIGH,-0.3689,-4.5704,0,0,TRAIN
2025-10-17,RAND_TOP5,UP,DATAPATTNS.NS,0.7447,1.0,HIGH,-0.8836,-0.3171,0,0,TRAIN
2025-10-20,KNOW_TOP5,UP,SOBHA.NS,0.9567,1.0,HIGH,-0.509,-1.1211,0,0,TRAIN
2025-10-20,KNOW_TOP5,UP,CESC.NS,0.8637,1.0,HIGH,0.776,3.0816,1,0,TRAIN
2025-10-20,KNOW_TOP5,UP,NAVINFLUOR.NS,0.8072,1.0,HIGH,0.6325,-1.8898,1,0,TRAIN
2025-10-20,KNOW_TOP5,UP,APOLLOTYRE.NS,0.7541,1.0,HIGH,1.6075,-1.4201,1,0,TRAIN
2025-10-20,KNOW_TOP5,UP,TATACONSUM.NS,0.7401,1.0,HIGH,-0.153,-1.7936,0,0,TRAIN
2025-10-20,V3_TOP5,UP,WHIRLPOOL.NS,0.9755,0.875,HIGH,2.9163,0.9353,1,1,TRAIN
2025-10-20,V3_TOP5,UP,RBLBANK.NS,0.9748,0.75,HIGH,-0.6123,-3.2757,0,0,TRAIN
2025-10-20,V3_TOP5,UP,MRPL.NS,0.9639,0.875,HIGH,-0.7061,-4.1048,0,0,TRAIN
2025-10-20,V3_TOP5,UP,SOBHA.NS,0.9567,1.0,HIGH,-0.509,-1.1211,0,0,TRAIN
2025-10-20,V3_TOP5,UP,GODREJPROP.NS,0.8726,0.625,HIGH,0.0742,-0.1745,1,0,TRAIN
2025-10-20,RAND_TOP5,UP,SOBHA.NS,0.9567,1.0,HIGH,-0.509,-1.1211,0,0,TRAIN
2025-10-20,RAND_TOP5,UP,WHIRLPOOL.NS,0.9755,0.875,HIGH,2.9163,0.9353,1,1,TRAIN
2025-10-20,RAND_TOP5,UP,NAVINFLUOR.NS,0.8072,1.0,HIGH,0.6325,-1.8898,1,0,TRAIN
2025-10-20,RAND_TOP5,UP,ZYDUSWELL.NS,0.8238,0.875,HIGH,4.1338,3.3241,1,1,TRAIN
2025-10-20,RAND_TOP5,UP,ALKYLAMINE.NS,0.7418,0.375,MEDIUM,0.4895,-1.5105,1,0,TRAIN
2025-10-21,KNOW_TOP5,UP,WHIRLPOOL.NS,0.9856,0.875,HIGH,0.136,-0.4508,1,0,TRAIN
2025-10-21,KNOW_TOP5,UP,ZYDUSWELL.NS,0.9087,0.875,HIGH,0.4706,0.1535,1,0,TRAIN
2025-10-21,KNOW_TOP5,UP,IDEA.NS,0.8856,0.875,HIGH,5.7778,10.7778,1,1,TRAIN
2025-10-21,KNOW_TOP5,UP,CESC.NS,0.8067,0.875,HIGH,0.3601,-0.2216,1,0,TRAIN
2025-10-21,KNOW_TOP5,UP,SYMPHONY.NS,0.6817,0.875,HIGH,-1.5593,-2.6923,0,0,TRAIN
2025-10-21,V3_TOP5,UP,WHIRLPOOL.NS,0.9856,0.875,HIGH,0.136,-0.4508,1,0,TRAIN
2025-10-21,V3_TOP5,UP,ZYDUSWELL.NS,0.9087,0.875,HIGH,0.4706,0.1535,1,0,TRAIN
2025-10-21,V3_TOP5,UP,IDEA.NS,0.8856,0.875,HIGH,5.7778,10.7778,1,1,TRAIN
2025-10-21,V3_TOP5,UP,RBLBANK.NS,0.8394,0.5,MEDIUM,-2.0792,-0.8009,0,0,TRAIN
2025-10-21,V3_TOP5,UP,SAPPHIRE.NS,0.8365,0.625,HIGH,-1.5447,-3.4799,0,0,TRAIN
2025-10-21,RAND_TOP5,UP,RBLBANK.NS,0.8394,0.5,MEDIUM,-2.0792,-0.8009,0,0,TRAIN
2025-10-21,RAND_TOP5,UP,WHIRLPOOL.NS,0.9856,0.875,HIGH,0.136,-0.4508,1,0,TRAIN
2025-10-21,RAND_TOP5,UP,MRPL.NS,0.726,0.75,HIGH,-2.9642,-0.4918,0,0,TRAIN
2025-10-21,RAND_TOP5,UP,RADICO.NS,0.7827,0.625,HIGH,-0.5693,-2.668,0,0,TRAIN
2025-10-21,RAND_TOP5,UP,DATAPATTNS.NS,0.6413,0.875,HIGH,-1.5517,-1.8015,0,0,TRAIN
2025-10-23,KNOW_TOP5,UP,ZENSARTECH.NS,0.9473,1.0,HIGH,0.4868,-0.0999,1,0,TRAIN
2025-10-23,KNOW_TOP5,UP,ZYDUSWELL.NS,0.9348,1.0,HIGH,-1.2424,0.5906,0,0,TRAIN
2025-10-23,KNOW_TOP5,UP,RATNAMANI.NS,0.8708,1.0,HIGH,0.9505,2.8267,1,0,TRAIN
2025-10-23,KNOW_TOP5,UP,BHARATFORG.NS,0.8401,1.0,HIGH,-1.2461,0.6153,0,0,TRAIN
2025-10-23,KNOW_TOP5,UP,LAURUSLABS.NS,0.8297,1.0,HIGH,-0.8562,2.7023,0,0,TRAIN
2025-10-23,V3_TOP5,UP,ZENSARTECH.NS,0.9473,1.0,HIGH,0.4868,-0.0999,1,0,TRAIN
2025-10-23,V3_TOP5,UP,ZYDUSWELL.NS,0.9348,1.0,HIGH,-1.2424,0.5906,0,0,TRAIN
2025-10-23,V3_TOP5,UP,RADICO.NS,0.9229,0.625,HIGH,-1.9279,-2.8934,0,0,TRAIN
2025-10-23,V3_TOP5,UP,IDFCFIRSTB.NS,0.8886,0.75,HIGH,-0.9625,0.304,0,0,TRAIN
2025-10-23,V3_TOP5,UP,RATNAMANI.NS,0.8708,1.0,HIGH,0.9505,2.8267,1,0,TRAIN
2025-10-23,RAND_TOP5,UP,IDFCFIRSTB.NS,0.8886,0.75,HIGH,-0.9625,0.304,0,0,TRAIN
2025-10-23,RAND_TOP5,UP,ZENSARTECH.NS,0.9473,1.0,HIGH,0.4868,-0.0999,1,0,TRAIN
2025-10-23,RAND_TOP5,UP,LAURUSLABS.NS,0.8297,1.0,HIGH,-0.8562,2.7023,0,0,TRAIN
2025-10-23,RAND_TOP5,UP,AXISBANK.NS,0.8304,0.75,HIGH,-1.3425,-0.993,0,0,TRAIN
2025-10-23,RAND_TOP5,UP,RAJESHEXPO.NS,0.7785,0.75,HIGH,-1.8563,-2.8253,0,0,TRAIN
2025-10-24,KNOW_TOP5,UP,IDEA.NS,0.9671,1.0,HIGH,3.6383,-2.7027,1,1,TRAIN
2025-10-24,KNOW_TOP5,UP,RATNAMANI.NS,0.9278,1.0,HIGH,5.1212,-0.4626,1,1,TRAIN
2025-10-24,KNOW_TOP5,UP,PARAS.NS,0.9159,1.0,HIGH,-0.1241,-2.6466,0,0,TRAIN
2025-10-24,KNOW_TOP5,UP,CESC.NS,0.9037,1.0,HIGH,-2.4533,-1.6464,0,0,TRAIN
2025-10-24,KNOW_TOP5,UP,NATIONALUM.NS,0.9022,1.0,HIGH,0.7497,0.8471,1,0,TRAIN
2025-10-24,V3_TOP5,UP,IDEA.NS,0.9671,1.0,HIGH,3.6383,-2.7027,1,1,TRAIN
2025-10-24,V3_TOP5,UP,IDEAFORGE.NS,0.9424,0.875,HIGH,0.3332,0.8279,1,0,TRAIN
2025-10-24,V3_TOP5,UP,RATNAMANI.NS,0.9278,1.0,HIGH,5.1212,-0.4626,1,1,TRAIN
2025-10-24,V3_TOP5,UP,PARAS.NS,0.9159,1.0,HIGH,-0.1241,-2.6466,0,0,TRAIN
2025-10-24,V3_TOP5,UP,CESC.NS,0.9037,1.0,HIGH,-2.4533,-1.6464,0,0,TRAIN
2025-10-24,RAND_TOP5,UP,PARAS.NS,0.9159,1.0,HIGH,-0.1241,-2.6466,0,0,TRAIN
2025-10-24,RAND_TOP5,UP,IDEA.NS,0.9671,1.0,HIGH,3.6383,-2.7027,1,1,TRAIN
2025-10-24,RAND_TOP5,UP,ZENSARTECH.NS,0.8812,0.875,HIGH,0.3665,-0.4224,1,0,TRAIN
2025-10-24,RAND_TOP5,UP,LAURUSLABS.NS,0.8937,0.875,HIGH,1.4842,3.8104,1,0,TRAIN
2025-10-24,RAND_TOP5,UP,VEDL.NS,0.808,1.0,HIGH,1.9471,4.1566,1,0,TRAIN
2025-10-27,KNOW_TOP5,UP,INTELLECT.NS,0.9796,1.0,HIGH,-1.9765,0.1914,0,0,TRAIN
2025-10-27,KNOW_TOP5,UP,RATNAMANI.NS,0.9569,1.0,HIGH,-3.1037,-5.8686,0,0,TRAIN
2025-10-27,KNOW_TOP5,UP,WELCORP.NS,0.9049,1.0,HIGH,1.5291,6.0821,1,0,TRAIN
2025-10-27,KNOW_TOP5,UP,INDIAMART.NS,0.8761,1.0,HIGH,1.0305,0.5906,1,0,TRAIN
2025-10-27,KNOW_TOP5,UP,COFORGE.NS,0.8739,1.0,HIGH,-1.1362,-1.251,0,0,TRAIN
2025-10-27,V3_TOP5,UP,INTELLECT.NS,0.9796,1.0,HIGH,-1.9765,0.1914,0,0,TRAIN
2025-10-27,V3_TOP5,UP,RATNAMANI.NS,0.9569,1.0,HIGH,-3.1037,-5.8686,0,0,TRAIN
2025-10-27,V3_TOP5,UP,MRPL.NS,0.9433,0.875,HIGH,2.124,8.5894,1,1,TRAIN
2025-10-27,V3_TOP5,UP,MASTEK.NS,0.9128,0.875,HIGH,-1.5082,-1.5309,0,0,TRAIN
2025-10-27,V3_TOP5,UP,CESC.NS,0.9052,0.75,HIGH,-0.7662,-0.0444,0,0,TRAIN
2025-10-27,RAND_TOP5,UP,MASTEK.NS,0.9128,0.875,HIGH,-1.5082,-1.5309,0,0,TRAIN
2025-10-27,RAND_TOP5,UP,INTELLECT.NS,0.9796,1.0,HIGH,-1.9765,0.1914,0,0,TRAIN
2025-10-27,RAND_TOP5,UP,COFORGE.NS,0.8739,1.0,HIGH,-1.1362,-1.251,0,0,TRAIN
2025-10-27,RAND_TOP5,UP,INDIAMART.NS,0.8761,1.0,HIGH,1.0305,0.5906,1,0,TRAIN
2025-10-27,RAND_TOP5,UP,LAURUSLABS.NS,0.8069,1.0,HIGH,2.0741,3.2123,1,1,TRAIN
2025-10-28,KNOW_TOP5,UP,WELCORP.NS,0.9347,1.0,HIGH,2.3184,8.9519,1,1,TRAIN
2025-10-28,KNOW_TOP5,UP,DEEPAKFERT.NS,0.933,1.0,HIGH,-1.0465,-1.8297,0,0,TRAIN
2025-10-28,KNOW_TOP5,UP,POLICYBZR.NS,0.8728,1.0,HIGH,-2.907,0.5859,0,0,TRAIN
2025-10-28,KNOW_TOP5,UP,JINDALSTEL.NS,0.8561,1.0,HIGH,-0.2701,-0.6241,0,0,TRAIN
2025-10-28,KNOW_TOP5,UP,SUZLON.NS,0.849,1.0,HIGH,3.5041,5.4785,1,1,TRAIN
2025-10-28,V3_TOP5,UP,WELCORP.NS,0.9347,1.0,HIGH,2.3184,8.9519,1,1,TRAIN
2025-10-28,V3_TOP5,UP,DEEPAKFERT.NS,0.933,1.0,HIGH,-1.0465,-1.8297,0,0,TRAIN
2025-10-28,V3_TOP5,UP,PNBHOUSING.NS,0.9117,0.875,HIGH,0.5303,-0.5142,1,0,TRAIN
2025-10-28,V3_TOP5,UP,OLECTRA.NS,0.8913,0.75,HIGH,2.0531,3.5578,1,1,TRAIN
2025-10-28,V3_TOP5,UP,POLICYBZR.NS,0.8728,1.0,HIGH,-2.907,0.5859,0,0,TRAIN
2025-10-28,RAND_TOP5,UP,OLECTRA.NS,0.8913,0.75,HIGH,2.0531,3.5578,1,1,TRAIN
2025-10-28,RAND_TOP5,UP,WELCORP.NS,0.9347,1.0,HIGH,2.3184,8.9519,1,1,TRAIN
2025-10-28,RAND_TOP5,UP,SUZLON.NS,0.849,1.0,HIGH,3.5041,5.4785,1,1,TRAIN
2025-10-28,RAND_TOP5,UP,JINDALSTEL.NS,0.8561,1.0,HIGH,-0.2701,-0.6241,0,0,TRAIN
2025-10-28,RAND_TOP5,UP,MASTEK.NS,0.7903,0.375,MEDIUM,0.3598,-1.3145,1,0,TRAIN
2025-10-29,KNOW_TOP5,UP,SAIL.NS,0.9632,1.0,HIGH,-2.4902,-1.8356,0,0,TRAIN
2025-10-29,KNOW_TOP5,UP,ADANIGREEN.NS,0.9288,1.0,HIGH,2.4717,-0.6651,1,1,TRAIN
2025-10-29,KNOW_TOP5,UP,OLECTRA.NS,0.912,1.0,HIGH,0.3277,-0.8257,1,0,TRAIN
2025-10-29,KNOW_TOP5,UP,VBL.NS,0.9095,1.0,HIGH,-2.0587,-4.178,0,0,TRAIN
2025-10-29,KNOW_TOP5,UP,STLTECH.NS,0.8951,1.0,HIGH,-1.4864,-1.3889,0,0,TRAIN
2025-10-29,V3_TOP5,UP,SAIL.NS,0.9632,1.0,HIGH,-2.4902,-1.8356,0,0,TRAIN
2025-10-29,V3_TOP5,UP,ADANIGREEN.NS,0.9288,1.0,HIGH,2.4717,-0.6651,1,1,TRAIN
2025-10-29,V3_TOP5,UP,OLECTRA.NS,0.912,1.0,HIGH,0.3277,-0.8257,1,0,TRAIN
2025-10-29,V3_TOP5,UP,VBL.NS,0.9095,1.0,HIGH,-2.0587,-4.178,0,0,TRAIN
2025-10-29,V3_TOP5,UP,STLTECH.NS,0.8951,1.0,HIGH,-1.4864,-1.3889,0,0,TRAIN
2025-10-29,RAND_TOP5,UP,VBL.NS,0.9095,1.0,HIGH,-2.0587,-4.178,0,0,TRAIN
2025-10-29,RAND_TOP5,UP,SAIL.NS,0.9632,1.0,HIGH,-2.4902,-1.8356,0,0,TRAIN
2025-10-29,RAND_TOP5,UP,IDEAFORGE.NS,0.8741,1.0,HIGH,-2.6134,-3.3744,0,0,TRAIN
2025-10-29,RAND_TOP5,UP,M&MFIN.NS,0.8761,0.75,HIGH,-0.5513,0.3623,0,0,TRAIN
2025-10-29,RAND_TOP5,UP,ADANIENSOL.NS,0.8102,1.0,HIGH,-0.1964,2.7906,0,0,TRAIN
2025-10-30,KNOW_TOP5,UP,POLICYBZR.NS,0.9635,1.0,HIGH,-3.2041,-1.1602,0,0,TRAIN
2025-10-30,KNOW_TOP5,UP,ADANIGREEN.NS,0.9476,1.0,HIGH,-0.0088,-4.7101,0,0,TRAIN
2025-10-30,KNOW_TOP5,UP,INTELLECT.NS,0.9464,1.0,HIGH,8.2876,14.4113,1,1,TRAIN
2025-10-30,KNOW_TOP5,UP,WELCORP.NS,0.9362,1.0,HIGH,4.2758,-0.1404,1,1,TRAIN
2025-10-30,KNOW_TOP5,UP,OLECTRA.NS,0.9133,1.0,HIGH,1.143,-0.7903,1,0,TRAIN
2025-10-30,V3_TOP5,UP,MRPL.NS,0.9792,0.75,HIGH,2.3496,8.2052,1,1,TRAIN
2025-10-30,V3_TOP5,UP,POLICYBZR.NS,0.9635,1.0,HIGH,-3.2041,-1.1602,0,0,TRAIN
2025-10-30,V3_TOP5,UP,ADANIGREEN.NS,0.9476,1.0,HIGH,-0.0088,-4.7101,0,0,TRAIN
2025-10-30,V3_TOP5,UP,INTELLECT.NS,0.9464,1.0,HIGH,8.2876,14.4113,1,1,TRAIN
2025-10-30,V3_TOP5,UP,WELCORP.NS,0.9362,1.0,HIGH,4.2758,-0.1404,1,1,TRAIN
2025-10-30,RAND_TOP5,UP,INTELLECT.NS,0.9464,1.0,HIGH,8.2876,14.4113,1,1,TRAIN
2025-10-30,RAND_TOP5,UP,MRPL.NS,0.9792,0.75,HIGH,2.3496,8.2052,1,1,TRAIN
2025-10-30,RAND_TOP5,UP,M&MFIN.NS,0.8691,0.75,HIGH,-0.0475,0.9186,0,0,TRAIN
2025-10-30,RAND_TOP5,UP,SAPPHIRE.NS,0.8754,1.0,HIGH,-5.0929,-5.491,0,0,TRAIN
2025-10-30,RAND_TOP5,UP,SUZLON.NS,0.8341,1.0,HIGH,1.3502,2.5295,1,0,TRAIN
2025-10-31,KNOW_TOP5,UP,INTELLECT.NS,0.9836,1.0,HIGH,5.6903,-0.0265,1,1,TRAIN
2025-10-31,KNOW_TOP5,UP,OLECTRA.NS,0.913,1.0,HIGH,-2.2667,-1.4982,0,0,TRAIN
2025-10-31,KNOW_TOP5,UP,ADANIGREEN.NS,0.9101,1.0,HIGH,-3.0526,-6.9737,0,0,TRAIN
2025-10-31,KNOW_TOP5,UP,UNIONBANK.NS,0.8961,1.0,HIGH,1.4865,0.9955,1,0,TRAIN
2025-10-31,KNOW_TOP5,UP,SUZLON.NS,0.8539,1.0,HIGH,-0.1012,0.5228,0,0,TRAIN
2025-10-31,V3_TOP5,UP,INTELLECT.NS,0.9836,1.0,HIGH,5.6903,-0.0265,1,1,TRAIN
2025-10-31,V3_TOP5,UP,MRPL.NS,0.9787,0.75,HIGH,1.3161,2.0793,1,0,TRAIN
2025-10-31,V3_TOP5,UP,NAVINFLUOR.NS,0.9763,0.75,HIGH,3.8348,6.9206,1,1,TRAIN
2025-10-31,V3_TOP5,UP,WELCORP.NS,0.9679,0.75,HIGH,-1.3357,-7.3829,0,0,TRAIN
2025-10-31,V3_TOP5,UP,OLECTRA.NS,0.913,1.0,HIGH,-2.2667,-1.4982,0,0,TRAIN
2025-10-31,RAND_TOP5,UP,WELCORP.NS,0.9679,0.75,HIGH,-1.3357,-7.3829,0,0,TRAIN
2025-10-31,RAND_TOP5,UP,INTELLECT.NS,0.9836,1.0,HIGH,5.6903,-0.0265,1,1,TRAIN
2025-10-31,RAND_TOP5,UP,POLICYBZR.NS,0.887,0.875,HIGH,1.389,-1.5683,1,0,TRAIN
2025-10-31,RAND_TOP5,UP,UNIONBANK.NS,0.8961,1.0,HIGH,1.4865,0.9955,1,0,TRAIN
2025-10-31,RAND_TOP5,UP,PNB.NS,0.7915,1.0,HIGH,0.5127,-1.9774,1,0,TRAIN
2025-11-03,KNOW_TOP5,UP,CRAFTSMAN.NS,0.8971,1.0,HIGH,0.5005,-0.3386,1,0,TRAIN
2025-11-03,KNOW_TOP5,UP,AJANTPHARM.NS,0.8277,1.0,HIGH,2.8078,-0.5986,1,1,TRAIN
2025-11-03,KNOW_TOP5,UP,AUROPHARMA.NS,0.8047,1.0,HIGH,-0.82,-3.0036,0,0,TRAIN
2025-11-03,KNOW_TOP5,UP,INTELLECT.NS,0.9895,0.875,HIGH,-0.0334,-5.4508,0,0,TRAIN
2025-11-03,KNOW_TOP5,UP,WELCORP.NS,0.9076,0.875,HIGH,-2.9386,-4.8539,0,0,TRAIN
2025-11-03,V3_TOP5,UP,INTELLECT.NS,0.9895,0.875,HIGH,-0.0334,-5.4508,0,0,TRAIN
2025-11-03,V3_TOP5,UP,NAVINFLUOR.NS,0.9892,0.75,HIGH,2.5315,1.0753,1,1,TRAIN
2025-11-03,V3_TOP5,UP,MRPL.NS,0.9392,0.75,HIGH,4.3478,2.3133,1,1,TRAIN
2025-11-03,V3_TOP5,UP,ADANIGREEN.NS,0.9309,0.75,HIGH,-1.701,-4.1079,0,0,TRAIN
2025-11-03,V3_TOP5,UP,SHRIRAMFIN.NS,0.9088,0.75,HIGH,0.0063,2.4986,1,0,TRAIN
2025-11-03,RAND_TOP5,UP,ADANIGREEN.NS,0.9309,0.75,HIGH,-1.701,-4.1079,0,0,TRAIN
2025-11-03,RAND_TOP5,UP,INTELLECT.NS,0.9895,0.875,HIGH,-0.0334,-5.4508,0,0,TRAIN
2025-11-03,RAND_TOP5,UP,CANBK.NS,0.8877,0.75,HIGH,0.0,0.7665,0,0,TRAIN
2025-11-03,RAND_TOP5,UP,CRAFTSMAN.NS,0.8971,1.0,HIGH,0.5005,-0.3386,1,0,TRAIN
2025-11-03,RAND_TOP5,UP,ADANIENSOL.NS,0.8066,0.875,HIGH,-0.8697,-3.4136,0,0,TRAIN
2025-11-04,KNOW_TOP5,UP,CRAFTSMAN.NS,0.9125,1.0,HIGH,-0.8056,-0.5566,0,0,TRAIN
2025-11-04,KNOW_TOP5,UP,AJANTPHARM.NS,0.8767,1.0,HIGH,-1.6049,-3.1371,0,0,TRAIN
2025-11-04,KNOW_TOP5,UP,APOLLOTYRE.NS,0.8716,1.0,HIGH,-3.1684,-0.067,0,0,TRAIN
2025-11-04,KNOW_TOP5,UP,SUZLON.NS,0.8701,1.0,HIGH,-0.6334,-4.2674,0,0,TRAIN
2025-11-04,KNOW_TOP5,UP,KALYANKJIL.NS,0.7794,1.0,HIGH,-1.8657,-2.3345,0,0,TRAIN
2025-11-04,V3_TOP5,UP,MRPL.NS,0.9914,0.75,HIGH,-3.4447,-3.0412,0,0,TRAIN
2025-11-04,V3_TOP5,UP,NAVINFLUOR.NS,0.963,0.75,HIGH,0.4294,-1.0157,1,0,TRAIN
2025-11-04,V3_TOP5,UP,CRAFTSMAN.NS,0.9125,1.0,HIGH,-0.8056,-0.5566,0,0,TRAIN
2025-11-04,V3_TOP5,UP,RATEGAIN.NS,0.9037,0.875,HIGH,-0.5249,-1.5894,0,0,TRAIN
2025-11-04,V3_TOP5,UP,INTELLECT.NS,0.8863,0.625,HIGH,-5.3774,-8.2248,0,0,TRAIN
2025-11-04,RAND_TOP5,UP,RATEGAIN.NS,0.9037,0.875,HIGH,-0.5249,-1.5894,0,0,TRAIN
2025-11-04,RAND_TOP5,UP,MRPL.NS,0.9914,0.75,HIGH,-3.4447,-3.0412,0,0,TRAIN
2025-11-04,RAND_TOP5,UP,SUZLON.NS,0.8701,1.0,HIGH,-0.6334,-4.2674,0,0,TRAIN
2025-11-04,RAND_TOP5,UP,APOLLOTYRE.NS,0.8716,1.0,HIGH,-3.1684,-0.067,0,0,TRAIN
2025-11-04,RAND_TOP5,UP,WELCORP.NS,0.8034,0.625,HIGH,-3.287,-1.3299,0,0,TRAIN
2025-11-06,KNOW_TOP5,UP,SYMPHONY.NS,0.9241,1.0,HIGH,-3.9787,-3.8242,0,0,TRAIN
2025-11-06,KNOW_TOP5,UP,SOBHA.NS,0.8946,1.0,HIGH,2.8288,-2.5266,1,1,TRAIN
2025-11-06,KNOW_TOP5,UP,BRITANNIA.NS,0.8159,1.0,HIGH,2.3946,-1.0476,1,1,TRAIN
2025-11-06,KNOW_TOP5,UP,BPCL.NS,0.7973,1.0,HIGH,-0.2174,1.685,0,0,TRAIN
2025-11-06,KNOW_TOP5,UP,TATACONSUM.NS,0.7934,1.0,HIGH,-1.9489,-2.873,0,0,TRAIN
2025-11-06,V3_TOP5,UP,SYMPHONY.NS,0.9241,1.0,HIGH,-3.9787,-3.8242,0,0,TRAIN
2025-11-06,V3_TOP5,UP,INTELLECT.NS,0.9037,0.625,HIGH,-0.0441,-3.0268,0,0,TRAIN
2025-11-06,V3_TOP5,UP,SOBHA.NS,0.8946,1.0,HIGH,2.8288,-2.5266,1,1,TRAIN
2025-11-06,V3_TOP5,UP,MRPL.NS,0.8863,0.625,HIGH,1.5483,4.9982,1,0,TRAIN
2025-11-06,V3_TOP5,UP,NAVINFLUOR.NS,0.8793,0.625,HIGH,-1.8418,-0.9373,0,0,TRAIN
2025-11-06,RAND_TOP5,UP,MRPL.NS,0.8863,0.625,HIGH,1.5483,4.9982,1,0,TRAIN
2025-11-06,RAND_TOP5,UP,SYMPHONY.NS,0.9241,1.0,HIGH,-3.9787,-3.8242,0,0,TRAIN
2025-11-06,RAND_TOP5,UP,BPCL.NS,0.7973,1.0,HIGH,-0.2174,1.685,0,0,TRAIN
2025-11-06,RAND_TOP5,UP,BRITANNIA.NS,0.8159,1.0,HIGH,2.3946,-1.0476,1,1,TRAIN
2025-11-06,RAND_TOP5,UP,SUZLON.NS,0.771,0.875,HIGH,-3.741,-3.0029,0,0,TRAIN
2025-11-07,KNOW_TOP5,UP,BRITANNIA.NS,0.8237,1.0,HIGH,-0.3898,-4.5067,0,0,TRAIN
2025-11-07,KNOW_TOP5,UP,RADICO.NS,0.9212,0.875,HIGH,-1.5494,-0.2477,0,0,TRAIN
2025-11-07,KNOW_TOP5,UP,SOBHA.NS,0.9059,0.875,HIGH,-3.1331,-5.2845,0,0,TRAIN
2025-11-07,KNOW_TOP5,UP,UNIONBANK.NS,0.8859,0.875,HIGH,0.6132,1.9504,1,0,TRAIN
2025-11-07,KNOW_TOP5,UP,APOLLOTYRE.NS,0.8141,0.875,HIGH,1.2806,3.2887,1,0,TRAIN
2025-11-07,V3_TOP5,UP,BSE.NS,0.962,0.75,HIGH,-1.9789,3.6254,0,0,TRAIN
2025-11-07,V3_TOP5,UP,RADICO.NS,0.9212,0.875,HIGH,-1.5494,-0.2477,0,0,TRAIN
2025-11-07,V3_TOP5,UP,SHRIRAMFIN.NS,0.911,0.75,HIGH,0.5819,0.7534,1,0,TRAIN
2025-11-07,V3_TOP5,UP,SOBHA.NS,0.9059,0.875,HIGH,-3.1331,-5.2845,0,0,TRAIN
2025-11-07,V3_TOP5,UP,UNIONBANK.NS,0.8859,0.875,HIGH,0.6132,1.9504,1,0,TRAIN
2025-11-07,RAND_TOP5,UP,SOBHA.NS,0.9059,0.875,HIGH,-3.1331,-5.2845,0,0,TRAIN
2025-11-07,RAND_TOP5,UP,BSE.NS,0.962,0.75,HIGH,-1.9789,3.6254,0,0,TRAIN
2025-11-07,RAND_TOP5,UP,APOLLOTYRE.NS,0.8141,0.875,HIGH,1.2806,3.2887,1,0,TRAIN
2025-11-07,RAND_TOP5,UP,BRITANNIA.NS,0.8237,1.0,HIGH,-0.3898,-4.5067,0,0,TRAIN
2025-11-07,RAND_TOP5,UP,ENDURANCE.NS,0.7378,0.625,HIGH,-0.9594,2.1254,0,0,TRAIN
2025-11-10,KNOW_TOP5,UP,GRSE.NS,0.8529,1.0,HIGH,3.8546,2.5089,1,1,TRAIN
2025-11-10,KNOW_TOP5,UP,TORNTPHARM.NS,0.8272,1.0,HIGH,0.2174,0.2253,1,0,TRAIN
2025-11-10,KNOW_TOP5,UP,KPITTECH.NS,0.7927,1.0,HIGH,1.6431,3.8394,1,0,TRAIN
2025-11-10,KNOW_TOP5,UP,MANAPPURAM.NS,0.8585,0.875,HIGH,-1.0973,-1.4751,0,0,TRAIN
2025-11-10,KNOW_TOP5,UP,SAIL.NS,0.8556,0.875,HIGH,0.0416,0.2633,1,0,TRAIN
2025-11-10,V3_TOP5,UP,IDEA.NS,0.9583,0.75,HIGH,7.7895,10.2105,1,1,TRAIN
2025-11-10,V3_TOP5,UP,NATIONALUM.NS,0.9279,0.75,HIGH,3.2251,4.3946,1,1,TRAIN
2025-11-10,V3_TOP5,UP,BSE.NS,0.9012,0.75,HIGH,0.7199,5.1385,1,0,TRAIN
2025-11-10,V3_TOP5,UP,SHRIRAMFIN.NS,0.8811,0.625,HIGH,1.364,-0.8647,1,0,TRAIN
2025-11-10,V3_TOP5,UP,MANAPPURAM.NS,0.8585,0.875,HIGH,-1.0973,-1.4751,0,0,TRAIN
2025-11-10,RAND_TOP5,UP,SHRIRAMFIN.NS,0.8811,0.625,HIGH,1.364,-0.8647,1,0,TRAIN
2025-11-10,RAND_TOP5,UP,IDEA.NS,0.9583,0.75,HIGH,7.7895,10.2105,1,1,TRAIN
2025-11-10,RAND_TOP5,UP,TORNTPHARM.NS,0.8272,1.0,HIGH,0.2174,0.2253,1,0,TRAIN
2025-11-10,RAND_TOP5,UP,CHOLAFIN.NS,0.8345,0.875,HIGH,-0.7182,-2.4966,0,0,TRAIN
2025-11-10,RAND_TOP5,UP,RATNAMANI.NS,0.766,0.625,HIGH,0.9868,1.5541,1,0,TRAIN
2025-11-11,KNOW_TOP5,UP,IDEA.NS,0.9786,1.0,HIGH,1.2695,6.8359,1,0,TRAIN
2025-11-11,KNOW_TOP5,UP,CRAFTSMAN.NS,0.9117,1.0,HIGH,-1.4424,-5.9856,0,0,TRAIN
2025-11-11,KNOW_TOP5,UP,KPITTECH.NS,0.8316,1.0,HIGH,2.6227,0.8,1,1,TRAIN
2025-11-11,KNOW_TOP5,UP,HFCL.NS,0.8063,1.0,HIGH,-1.8391,-3.1162,0,0,TRAIN
2025-11-11,KNOW_TOP5,UP,DATAPATTNS.NS,0.792,1.0,HIGH,1.2878,12.4787,1,0,TRAIN
2025-11-11,V3_TOP5,UP,IDEA.NS,0.9786,1.0,HIGH,1.2695,6.8359,1,0,TRAIN
2025-11-11,V3_TOP5,UP,NATIONALUM.NS,0.9257,0.75,HIGH,0.4856,-1.1631,1,0,TRAIN
2025-11-11,V3_TOP5,UP,CRAFTSMAN.NS,0.9117,1.0,HIGH,-1.4424,-5.9856,0,0,TRAIN
2025-11-11,V3_TOP5,UP,GRSE.NS,0.884,0.875,HIGH,1.102,3.9915,1,0,TRAIN
2025-11-11,V3_TOP5,UP,BHARATFORG.NS,0.8633,0.75,HIGH,-0.92,-0.3851,0,0,TRAIN
2025-11-11,RAND_TOP5,UP,GRSE.NS,0.884,0.875,HIGH,1.102,3.9915,1,0,TRAIN
2025-11-11,RAND_TOP5,UP,IDEA.NS,0.9786,1.0,HIGH,1.2695,6.8359,1,0,TRAIN
2025-11-11,RAND_TOP5,UP,MANAPPURAM.NS,0.8124,0.625,HIGH,-0.3092,2.2736,0,0,TRAIN
2025-11-11,RAND_TOP5,UP,BSE.NS,0.8133,0.75,HIGH,4.9618,6.9359,1,1,TRAIN
2025-11-11,RAND_TOP5,UP,MUTHOOTFIN.NS,0.7777,0.625,HIGH,-1.9001,9.9224,0,0,TRAIN
2025-11-12,KNOW_TOP5,UP,GRSE.NS,0.8983,1.0,HIGH,-2.3717,2.5385,0,0,TRAIN
2025-11-12,KNOW_TOP5,UP,DATAPATTNS.NS,0.8254,1.0,HIGH,7.5639,10.5186,1,1,TRAIN
2025-11-12,KNOW_TOP5,UP,SOLARINDS.NS,0.8095,1.0,HIGH,-2.3076,-1.2354,0,0,TRAIN
2025-11-12,KNOW_TOP5,UP,NAUKRI.NS,0.8073,1.0,HIGH,-2.1142,-3.2113,0,0,TRAIN
2025-11-12,KNOW_TOP5,UP,NMDC.NS,0.7876,1.0,HIGH,0.2721,-0.8292,1,0,TRAIN
2025-11-12,V3_TOP5,UP,BSE.NS,0.96,0.75,HIGH,-0.5477,1.3151,0,0,TRAIN
2025-11-12,V3_TOP5,UP,GRSE.NS,0.8983,1.0,HIGH,-2.3717,2.5385,0,0,TRAIN
2025-11-12,V3_TOP5,UP,NATIONALUM.NS,0.88,0.625,HIGH,0.6443,-2.3188,1,0,TRAIN
2025-11-12,V3_TOP5,UP,KPITTECH.NS,0.8644,0.875,HIGH,-0.4501,-2.2744,0,0,TRAIN
2025-11-12,V3_TOP5,UP,INDUSINDBK.NS,0.8571,0.75,HIGH,-0.1099,-1.1974,0,0,TRAIN
2025-11-12,RAND_TOP5,UP,KPITTECH.NS,0.8644,0.875,HIGH,-0.4501,-2.2744,0,0,TRAIN
2025-11-12,RAND_TOP5,UP,BSE.NS,0.96,0.75,HIGH,-0.5477,1.3151,0,0,TRAIN
2025-11-12,RAND_TOP5,UP,MASTEK.NS,0.811,0.875,HIGH,-0.4389,3.5914,0,0,TRAIN
2025-11-12,RAND_TOP5,UP,BIOCON.NS,0.8166,0.75,HIGH,2.7347,3.7078,1,1,TRAIN
2025-11-12,RAND_TOP5,UP,TORNTPHARM.NS,0.7649,0.75,HIGH,0.0392,-0.136,1,0,TRAIN
2025-11-13,KNOW_TOP5,UP,DATAPATTNS.NS,0.958,1.0,HIGH,3.2397,3.6958,1,1,TRAIN
2025-11-13,KNOW_TOP5,UP,PARAS.NS,0.9097,1.0,HIGH,6.56,2.4139,1,1,TRAIN
2025-11-13,KNOW_TOP5,UP,MOTHERSON.NS,0.8347,1.0,HIGH,0.6506,-0.1558,1,0,TRAIN
2025-11-13,KNOW_TOP5,UP,ASHOKLEY.NS,0.8235,1.0,HIGH,-1.4294,-2.1142,0,0,TRAIN
2025-11-13,KNOW_TOP5,UP,ADANIENSOL.NS,0.8206,1.0,HIGH,0.2399,0.514,1,0,TRAIN
2025-11-13,V3_TOP5,UP,DATAPATTNS.NS,0.958,1.0,HIGH,3.2397,3.6958,1,1,TRAIN
2025-11-13,V3_TOP5,UP,PARAS.NS,0.9097,1.0,HIGH,6.56,2.4139,1,1,TRAIN
2025-11-13,V3_TOP5,UP,STLTECH.NS,0.8847,0.875,HIGH,1.7347,-2.0082,1,0,TRAIN
2025-11-13,V3_TOP5,UP,BSE.NS,0.8837,0.5,MEDIUM,2.4419,2.6773,1,1,TRAIN
2025-11-13,V3_TOP5,UP,IDEA.NS,0.8735,0.875,HIGH,4.489,2.5788,1,1,TRAIN
2025-11-13,RAND_TOP5,UP,BSE.NS,0.8837,0.5,MEDIUM,2.4419,2.6773,1,1,TRAIN
2025-11-13,RAND_TOP5,UP,DATAPATTNS.NS,0.958,1.0,HIGH,3.2397,3.6958,1,1,TRAIN
2025-11-13,RAND_TOP5,UP,GRSE.NS,0.8335,0.875,HIGH,5.3568,3.9203,1,1,TRAIN
2025-11-13,RAND_TOP5,UP,MOTHERSON.NS,0.8347,1.0,HIGH,0.6506,-0.1558,1,0,TRAIN
2025-11-13,RAND_TOP5,UP,SAIL.NS,0.7896,0.875,HIGH,-1.8864,-4.0216,0,0,TRAIN
2025-11-14,KNOW_TOP5,UP,DATAPATTNS.NS,0.9601,1.0,HIGH,-0.4773,-1.4674,0,0,TRAIN
2025-11-14,KNOW_TOP5,UP,PARAS.NS,0.9429,1.0,HIGH,-1.6321,-5.8624,0,0,TRAIN
2025-11-14,KNOW_TOP5,UP,GRSE.NS,0.9217,1.0,HIGH,-0.3107,-2.3368,0,0,TRAIN
2025-11-14,KNOW_TOP5,UP,BDL.NS,0.92,1.0,HIGH,-1.5058,-4.7713,0,0,TRAIN
2025-11-14,KNOW_TOP5,UP,MOTHERSON.NS,0.8798,1.0,HIGH,0.1639,2.1122,1,0,TRAIN
2025-11-14,V3_TOP5,UP,DATAPATTNS.NS,0.9601,1.0,HIGH,-0.4773,-1.4674,0,0,TRAIN
2025-11-14,V3_TOP5,UP,PARAS.NS,0.9429,1.0,HIGH,-1.6321,-5.8624,0,0,TRAIN
2025-11-14,V3_TOP5,UP,GRSE.NS,0.9217,1.0,HIGH,-0.3107,-2.3368,0,0,TRAIN
2025-11-14,V3_TOP5,UP,BDL.NS,0.92,1.0,HIGH,-1.5058,-4.7713,0,0,TRAIN
2025-11-14,V3_TOP5,UP,MUTHOOTFIN.NS,0.9042,0.75,HIGH,0.9368,-0.6415,1,0,TRAIN
2025-11-14,RAND_TOP5,UP,BDL.NS,0.92,1.0,HIGH,-1.5058,-4.7713,0,0,TRAIN
2025-11-14,RAND_TOP5,UP,DATAPATTNS.NS,0.9601,1.0,HIGH,-0.4773,-1.4674,0,0,TRAIN
2025-11-14,RAND_TOP5,UP,VOLTAS.NS,0.8433,0.875,HIGH,1.7026,3.7679,1,0,TRAIN
2025-11-14,RAND_TOP5,UP,STLTECH.NS,0.8466,0.875,HIGH,-2.6795,-5.4263,0,0,TRAIN
2025-11-14,RAND_TOP5,UP,ASHOKLEY.NS,0.783,0.875,HIGH,0.1282,-1.8886,1,0,TRAIN
2025-11-17,KNOW_TOP5,UP,IDEAFORGE.NS,0.9738,1.0,HIGH,-3.6072,-2.1901,0,0,TRAIN
2025-11-17,KNOW_TOP5,UP,CENTUM.NS,0.9311,1.0,HIGH,-1.5859,-1.4998,0,0,TRAIN
2025-11-17,KNOW_TOP5,UP,MRPL.NS,0.9053,1.0,HIGH,-2.7953,-5.0621,0,0,TRAIN
2025-11-17,KNOW_TOP5,UP,MASTEK.NS,0.8558,1.0,HIGH,-2.1315,-2.1657,0,0,TRAIN
2025-11-17,KNOW_TOP5,UP,RAJESHEXPO.NS,0.8541,1.0,HIGH,-0.0315,0.4519,0,0,TRAIN
2025-11-17,V3_TOP5,UP,IDEAFORGE.NS,0.9738,1.0,HIGH,-3.6072,-2.1901,0,0,TRAIN
2025-11-17,V3_TOP5,UP,IDEA.NS,0.9614,0.875,HIGH,-1.7383,-6.9533,0,0,TRAIN
2025-11-17,V3_TOP5,UP,DATAPATTNS.NS,0.9495,0.875,HIGH,0.9236,0.606,1,0,TRAIN
2025-11-17,V3_TOP5,UP,PARAS.NS,0.9415,0.875,HIGH,-2.2963,-0.8959,0,0,TRAIN
2025-11-17,V3_TOP5,UP,CENTUM.NS,0.9311,1.0,HIGH,-1.5859,-1.4998,0,0,TRAIN
2025-11-17,RAND_TOP5,UP,PARAS.NS,0.9415,0.875,HIGH,-2.2963,-0.8959,0,0,TRAIN
2025-11-17,RAND_TOP5,UP,IDEAFORGE.NS,0.9738,1.0,HIGH,-3.6072,-2.1901,0,0,TRAIN
2025-11-17,RAND_TOP5,UP,RAJESHEXPO.NS,0.8541,1.0,HIGH,-0.0315,0.4519,0,0,TRAIN
2025-11-17,RAND_TOP5,UP,MASTEK.NS,0.8558,1.0,HIGH,-2.1315,-2.1657,0,0,TRAIN
2025-11-17,RAND_TOP5,UP,ADANIGREEN.NS,0.8032,0.75,HIGH,-1.0105,-2.6272,0,0,TRAIN
2025-11-18,KNOW_TOP5,UP,FINEORG.NS,0.8442,1.0,HIGH,-0.873,-3.3768,0,0,TRAIN
2025-11-18,KNOW_TOP5,UP,HEROMOTOCO.NS,0.8365,1.0,HIGH,1.3277,3.5003,1,0,TRAIN
2025-11-18,KNOW_TOP5,UP,SUNDRMFAST.NS,0.8111,1.0,HIGH,-2.5083,-3.3562,0,0,TRAIN
2025-11-18,KNOW_TOP5,UP,ATUL.NS,0.781,1.0,HIGH,-0.1058,-2.8474,0,0,TRAIN
2025-11-18,KNOW_TOP5,UP,CENTUM.NS,0.949,0.875,HIGH,1.3767,-1.5717,1,0,TRAIN
2025-11-18,V3_TOP5,UP,CENTUM.NS,0.949,0.875,HIGH,1.3767,-1.5717,1,0,TRAIN
2025-11-18,V3_TOP5,UP,DATAPATTNS.NS,0.9276,0.75,HIGH,-1.9008,-2.7614,0,0,TRAIN
2025-11-18,V3_TOP5,UP,SAPPHIRE.NS,0.9236,0.75,HIGH,0.3815,-2.7274,1,0,TRAIN
2025-11-18,V3_TOP5,UP,RATEGAIN.NS,0.9137,0.875,HIGH,-0.301,-4.2349,0,0,TRAIN
2025-11-18,V3_TOP5,UP,IDEAFORGE.NS,0.8892,0.625,HIGH,-0.8841,-1.429,0,0,TRAIN
2025-11-18,RAND_TOP5,UP,RATEGAIN.NS,0.9137,0.875,HIGH,-0.301,-4.2349,0,0,TRAIN
2025-11-18,RAND_TOP5,UP,CENTUM.NS,0.949,0.875,HIGH,1.3767,-1.5717,1,0,TRAIN
2025-11-18,RAND_TOP5,UP,HEROMOTOCO.NS,0.8365,1.0,HIGH,1.3277,3.5003,1,0,TRAIN
2025-11-18,RAND_TOP5,UP,FINEORG.NS,0.8442,1.0,HIGH,-0.873,-3.3768,0,0,TRAIN
2025-11-18,RAND_TOP5,UP,GLENMARK.NS,0.795,0.5,MEDIUM,-0.1085,0.076,0,0,TRAIN
2025-11-19,KNOW_TOP5,UP,MOTHERSON.NS,0.8925,1.0,HIGH,-0.1427,-2.6213,0,0,TRAIN
2025-11-19,KNOW_TOP5,UP,POLICYBZR.NS,0.8862,1.0,HIGH,-0.3674,-3.7499,0,0,TRAIN
2025-11-19,KNOW_TOP5,UP,ERIS.NS,0.7927,1.0,HIGH,3.6439,4.5378,1,1,TRAIN
2025-11-19,KNOW_TOP5,UP,LTTS.NS,0.784,1.0,HIGH,-2.4482,-2.6509,0,0,TRAIN
2025-11-19,KNOW_TOP5,UP,DEEPAKFERT.NS,0.8964,0.875,HIGH,-0.1794,-5.8592,0,0,TRAIN
2025-11-19,V3_TOP5,UP,JPPOWER.NS,0.9507,0.75,HIGH,6.7588,-4.4894,1,1,TRAIN
2025-11-19,V3_TOP5,UP,SAPPHIRE.NS,0.9279,0.75,HIGH,-0.532,-3.2681,0,0,TRAIN
2025-11-19,V3_TOP5,UP,M&MFIN.NS,0.9012,0.75,HIGH,5.0781,8.3978,1,1,TRAIN
2025-11-19,V3_TOP5,UP,DEEPAKFERT.NS,0.8964,0.875,HIGH,-0.1794,-5.8592,0,0,TRAIN
2025-11-19,V3_TOP5,UP,MOTHERSON.NS,0.8925,1.0,HIGH,-0.1427,-2.6213,0,0,TRAIN
2025-11-19,RAND_TOP5,UP,DEEPAKFERT.NS,0.8964,0.875,HIGH,-0.1794,-5.8592,0,0,TRAIN
2025-11-19,RAND_TOP5,UP,JPPOWER.NS,0.9507,0.75,HIGH,6.7588,-4.4894,1,1,TRAIN
2025-11-19,RAND_TOP5,UP,DATAPATTNS.NS,0.8279,0.625,HIGH,1.6169,-3.7313,1,0,TRAIN
2025-11-19,RAND_TOP5,UP,FINEORG.NS,0.8641,0.875,HIGH,-0.7818,-3.5892,0,0,TRAIN
2025-11-19,RAND_TOP5,UP,PRESTIGE.NS,0.7782,0.625,HIGH,-0.0058,-5.0079,0,0,TRAIN
2025-11-20,KNOW_TOP5,UP,RADICO.NS,0.9206,1.0,HIGH,-2.8177,-2.4792,0,0,TRAIN
2025-11-20,KNOW_TOP5,UP,ERIS.NS,0.9066,1.0,HIGH,-0.2156,-1.0482,0,0,TRAIN
2025-11-20,KNOW_TOP5,UP,NATCOPHARM.NS,0.8646,1.0,HIGH,-0.5177,-4.0607,0,0,TRAIN
2025-11-20,KNOW_TOP5,UP,EICHERMOT.NS,0.7757,1.0,HIGH,0.1263,1.3052,1,0,TRAIN
2025-11-20,KNOW_TOP5,UP,GRSE.NS,0.892,0.875,HIGH,-3.5672,-7.2233,0,0,TRAIN
2025-11-20,V3_TOP5,UP,JPPOWER.NS,0.9799,0.75,HIGH,-7.5323,-9.1959,0,0,TRAIN
2025-11-20,V3_TOP5,UP,RADICO.NS,0.9206,1.0,HIGH,-2.8177,-2.4792,0,0,TRAIN
2025-11-20,V3_TOP5,UP,M&MFIN.NS,0.9182,0.75,HIGH,-1.1685,3.9671,0,0,TRAIN
2025-11-20,V3_TOP5,UP,ERIS.NS,0.9066,1.0,HIGH,-0.2156,-1.0482,0,0,TRAIN
2025-11-20,V3_TOP5,UP,GRSE.NS,0.892,0.875,HIGH,-3.5672,-7.2233,0,0,TRAIN
2025-11-20,RAND_TOP5,UP,ERIS.NS,0.9066,1.0,HIGH,-0.2156,-1.0482,0,0,TRAIN
2025-11-20,RAND_TOP5,UP,JPPOWER.NS,0.9799,0.75,HIGH,-7.5323,-9.1959,0,0,TRAIN
2025-11-20,RAND_TOP5,UP,PARAS.NS,0.8369,0.75,HIGH,-3.3818,-4.8483,0,0,TRAIN
2025-11-20,RAND_TOP5,UP,HEROMOTOCO.NS,0.8417,0.75,HIGH,0.05,1.3668,1,0,TRAIN
2025-11-20,RAND_TOP5,UP,EICHERMOT.NS,0.7757,1.0,HIGH,0.1263,1.3052,1,0,TRAIN
2025-11-21,KNOW_TOP5,UP,TATACOMM.NS,0.8275,1.0,HIGH,-2.0876,-3.6389,0,0,TRAIN
2025-11-21,KNOW_TOP5,UP,TATACONSUM.NS,0.8134,1.0,HIGH,0.2451,0.186,1,0,TRAIN
2025-11-21,KNOW_TOP5,UP,EICHERMOT.NS,0.7957,1.0,HIGH,1.738,0.897,1,0,TRAIN
2025-11-21,KNOW_TOP5,UP,M&M.NS,0.7232,1.0,HIGH,-1.5682,-1.6855,0,0,TRAIN
2025-11-21,KNOW_TOP5,UP,ERIS.NS,0.8923,0.875,HIGH,1.0804,-2.9652,1,0,TRAIN
2025-11-21,V3_TOP5,UP,JPPOWER.NS,0.9914,0.75,HIGH,-3.2484,-3.948,0,0,TRAIN
2025-11-21,V3_TOP5,UP,M&MFIN.NS,0.9292,0.75,HIGH,4.3789,2.1311,1,1,TRAIN
2025-11-21,V3_TOP5,UP,ERIS.NS,0.8923,0.875,HIGH,1.0804,-2.9652,1,0,TRAIN
2025-11-21,V3_TOP5,UP,GODREJAGRO.NS,0.8816,0.625,HIGH,-1.7309,3.627,0,0,TRAIN
2025-11-21,V3_TOP5,UP,VOLTAS.NS,0.8593,0.875,HIGH,-2.9517,-0.6305,0,0,TRAIN
2025-11-21,RAND_TOP5,UP,GODREJAGRO.NS,0.8816,0.625,HIGH,-1.7309,3.627,0,0,TRAIN
2025-11-21,RAND_TOP5,UP,JPPOWER.NS,0.9914,0.75,HIGH,-3.2484,-3.948,0,0,TRAIN
2025-11-21,RAND_TOP5,UP,TATACONSUM.NS,0.8134,1.0,HIGH,0.2451,0.186,1,0,TRAIN
2025-11-21,RAND_TOP5,UP,TATACOMM.NS,0.8275,1.0,HIGH,-2.0876,-3.6389,0,0,TRAIN
2025-11-21,RAND_TOP5,UP,ENDURANCE.NS,0.7397,0.5,MEDIUM,-1.3477,-0.9231,0,0,TRAIN
2025-11-24,KNOW_TOP5,UP,APOLLOTYRE.NS,0.8289,1.0,HIGH,-1.155,-1.7419,0,0,TRAIN
2025-11-24,KNOW_TOP5,UP,EICHERMOT.NS,0.7902,1.0,HIGH,-0.5511,-3.5751,0,0,TRAIN
2025-11-24,KNOW_TOP5,UP,COROMANDEL.NS,0.7522,1.0,HIGH,0.1347,2.8553,1,0,TRAIN
2025-11-24,KNOW_TOP5,UP,INFY.NS,0.7486,1.0,HIGH,-1.124,1.1886,0,0,TRAIN
2025-11-24,KNOW_TOP5,UP,ERIS.NS,0.8091,0.875,HIGH,-1.8943,-4.2577,0,0,TRAIN
2025-11-24,V3_TOP5,UP,M&MFIN.NS,0.9122,0.75,HIGH,0.7831,1.7061,1,0,TRAIN
2025-11-24,V3_TOP5,UP,JPPOWER.NS,0.8849,0.5,MEDIUM,1.4979,-3.6674,1,0,TRAIN
2025-11-24,V3_TOP5,UP,CLEAN.NS,0.8624,0.75,HIGH,-2.9652,-3.772,0,0,TRAIN
2025-11-24,V3_TOP5,UP,APOLLOTYRE.NS,0.8289,1.0,HIGH,-1.155,-1.7419,0,0,TRAIN
2025-11-24,V3_TOP5,UP,NOCIL.NS,0.8234,0.75,HIGH,-0.4231,-1.7096,0,0,TRAIN
2025-11-24,RAND_TOP5,UP,APOLLOTYRE.NS,0.8289,1.0,HIGH,-1.155,-1.7419,0,0,TRAIN
2025-11-24,RAND_TOP5,UP,M&MFIN.NS,0.9122,0.75,HIGH,0.7831,1.7061,1,0,TRAIN
2025-11-24,RAND_TOP5,UP,EICHERMOT.NS,0.7902,1.0,HIGH,-0.5511,-3.5751,0,0,TRAIN
2025-11-24,RAND_TOP5,UP,MPHASIS.NS,0.8024,0.875,HIGH,1.1536,0.9475,1,0,TRAIN
2025-11-24,RAND_TOP5,UP,SUNDRMFAST.NS,0.7411,0.875,HIGH,-2.2838,-3.3168,0,0,TRAIN
2025-11-25,KNOW_TOP5,UP,CRAFTSMAN.NS,0.9598,1.0,HIGH,1.1394,0.0499,1,0,TRAIN
2025-11-25,KNOW_TOP5,UP,GLENMARK.NS,0.8012,0.875,HIGH,2.1153,3.4387,1,1,TRAIN
2025-11-25,KNOW_TOP5,UP,METROBRAND.NS,0.7532,0.875,HIGH,1.7665,1.3682,1,0,TRAIN
2025-11-25,KNOW_TOP5,UP,ABBOTINDIA.NS,0.7199,0.875,HIGH,-0.5959,-0.4304,0,0,TRAIN
2025-11-25,KNOW_TOP5,UP,JPPOWER.NS,0.9801,0.75,HIGH,-2.1883,-4.3766,0,0,TRAIN
2025-11-25,V3_TOP5,UP,JPPOWER.NS,0.9801,0.75,HIGH,-2.1883,-4.3766,0,0,TRAIN
2025-11-25,V3_TOP5,UP,CRAFTSMAN.NS,0.9598,1.0,HIGH,1.1394,0.0499,1,0,TRAIN
2025-11-25,V3_TOP5,UP,ERIS.NS,0.9167,0.75,HIGH,-2.1488,-3.432,0,0,TRAIN
2025-11-25,V3_TOP5,UP,M&MFIN.NS,0.8846,0.625,HIGH,-2.9138,3.1913,0,0,TRAIN
2025-11-25,V3_TOP5,UP,NOCIL.NS,0.8282,0.5,MEDIUM,0.7809,-1.9581,1,0,TRAIN
2025-11-25,RAND_TOP5,UP,M&MFIN.NS,0.8846,0.625,HIGH,-2.9138,3.1913,0,0,TRAIN
2025-11-25,RAND_TOP5,UP,JPPOWER.NS,0.9801,0.75,HIGH,-2.1883,-4.3766,0,0,TRAIN
2025-11-25,RAND_TOP5,UP,EICHERMOT.NS,0.7762,0.75,HIGH,-0.2771,-2.2858,0,0,TRAIN
2025-11-25,RAND_TOP5,UP,RVNL.NS,0.7875,0.625,HIGH,0.2168,0.3716,1,0,TRAIN
2025-11-25,RAND_TOP5,UP,LTTS.NS,0.7191,0.5,MEDIUM,0.3073,4.1663,1,0,TRAIN
2025-11-26,KNOW_TOP5,UP,HDFCLIFE.NS,0.7401,1.0,HIGH,-1.238,-2.6411,0,0,TRAIN
2025-11-26,KNOW_TOP5,UP,NATCOPHARM.NS,0.965,0.875,HIGH,-4.8145,-2.6094,0,0,TRAIN
2025-11-26,KNOW_TOP5,UP,GODREJAGRO.NS,0.9382,0.875,HIGH,0.6715,2.1152,1,0,TRAIN
2025-11-26,KNOW_TOP5,UP,CRAFTSMAN.NS,0.9365,0.875,HIGH,-0.7182,-0.8027,0,0,TRAIN
2025-11-26,KNOW_TOP5,UP,ZENSARTECH.NS,0.8848,0.875,HIGH,1.598,1.4484,1,0,TRAIN
2025-11-26,V3_TOP5,UP,NATCOPHARM.NS,0.965,0.875,HIGH,-4.8145,-2.6094,0,0,TRAIN
2025-11-26,V3_TOP5,UP,GODREJAGRO.NS,0.9382,0.875,HIGH,0.6715,2.1152,1,0,TRAIN
2025-11-26,V3_TOP5,UP,CRAFTSMAN.NS,0.9365,0.875,HIGH,-0.7182,-0.8027,0,0,TRAIN
2025-11-26,V3_TOP5,UP,ZENSARTECH.NS,0.8848,0.875,HIGH,1.598,1.4484,1,0,TRAIN
2025-11-26,V3_TOP5,UP,METROBRAND.NS,0.8717,0.875,HIGH,-0.7743,-0.5276,0,0,TRAIN
2025-11-26,RAND_TOP5,UP,ZENSARTECH.NS,0.8848,0.875,HIGH,1.598,1.4484,1,0,TRAIN
2025-11-26,RAND_TOP5,UP,NATCOPHARM.NS,0.965,0.875,HIGH,-4.8145,-2.6094,0,0,TRAIN
2025-11-26,RAND_TOP5,UP,M&MFIN.NS,0.7857,0.5,MEDIUM,3.9445,5.1594,1,1,TRAIN
2025-11-26,RAND_TOP5,UP,RATEGAIN.NS,0.7903,0.875,HIGH,-1.7097,-4.6307,0,0,TRAIN
2025-11-26,RAND_TOP5,UP,HDFCLIFE.NS,0.7401,1.0,HIGH,-1.238,-2.6411,0,0,TRAIN
2025-11-27,KNOW_TOP5,UP,COFORGE.NS,0.8192,1.0,HIGH,-0.0785,0.1937,0,0,TRAIN
2025-11-27,KNOW_TOP5,UP,LAURUSLABS.NS,0.7954,1.0,HIGH,2.806,1.6946,1,1,TRAIN
2025-11-27,KNOW_TOP5,UP,MOIL.NS,0.9512,0.875,HIGH,-1.398,-3.4222,0,0,TRAIN
2025-11-27,KNOW_TOP5,UP,GODREJAGRO.NS,0.9447,0.875,HIGH,-0.8588,-0.4586,0,0,TRAIN
2025-11-27,KNOW_TOP5,UP,GLENMARK.NS,0.8818,0.875,HIGH,0.1132,1.7798,1,0,TRAIN
2025-11-27,V3_TOP5,UP,MOIL.NS,0.9512,0.875,HIGH,-1.398,-3.4222,0,0,TRAIN
2025-11-27,V3_TOP5,UP,ASHOKLEY.NS,0.9476,0.75,HIGH,-1.0203,0.1565,0,0,TRAIN
2025-11-27,V3_TOP5,UP,GODREJAGRO.NS,0.9447,0.875,HIGH,-0.8588,-0.4586,0,0,TRAIN
2025-11-27,V3_TOP5,UP,GLENMARK.NS,0.8818,0.875,HIGH,0.1132,1.7798,1,0,TRAIN
2025-11-27,V3_TOP5,UP,MOTHERSON.NS,0.8738,0.875,HIGH,0.155,2.6953,1,0,TRAIN
2025-11-27,RAND_TOP5,UP,GLENMARK.NS,0.8818,0.875,HIGH,0.1132,1.7798,1,0,TRAIN
2025-11-27,RAND_TOP5,UP,MOIL.NS,0.9512,0.875,HIGH,-1.398,-3.4222,0,0,TRAIN
2025-11-27,RAND_TOP5,UP,COFORGE.NS,0.8192,1.0,HIGH,-0.0785,0.1937,0,0,TRAIN
2025-11-27,RAND_TOP5,UP,EMAMILTD.NS,0.8296,0.875,HIGH,0.5116,-1.0989,1,0,TRAIN
2025-11-27,RAND_TOP5,UP,MPHASIS.NS,0.7684,0.625,HIGH,0.7129,1.6694,1,0,TRAIN
2025-11-28,KNOW_TOP5,UP,HINDZINC.NS,0.8742,1.0,HIGH,3.0194,3.9571,1,1,TRAIN
2025-11-28,KNOW_TOP5,UP,VBL.NS,0.8333,1.0,HIGH,0.5399,-0.841,1,0,TRAIN
2025-11-28,KNOW_TOP5,UP,SRF.NS,0.7705,1.0,HIGH,-0.1469,-3.3239,0,0,TRAIN
2025-11-28,KNOW_TOP5,UP,LAURUSLABS.NS,0.8565,0.875,HIGH,-0.1891,-1.4399,0,0,TRAIN
2025-11-28,KNOW_TOP5,UP,COFORGE.NS,0.8469,0.875,HIGH,-0.3196,0.1991,0,0,TRAIN
2025-11-28,V3_TOP5,UP,ASHOKLEY.NS,0.9481,0.625,HIGH,1.3787,2.9029,1,0,TRAIN
2025-11-28,V3_TOP5,UP,MOTHERSON.NS,0.8918,0.75,HIGH,0.2063,0.2235,1,0,TRAIN
2025-11-28,V3_TOP5,UP,HINDZINC.NS,0.8742,1.0,HIGH,3.0194,3.9571,1,1,TRAIN
2025-11-28,V3_TOP5,UP,LAURUSLABS.NS,0.8565,0.875,HIGH,-0.1891,-1.4399,0,0,TRAIN
2025-11-28,V3_TOP5,UP,COFORGE.NS,0.8469,0.875,HIGH,-0.3196,0.1991,0,0,TRAIN
2025-11-28,RAND_TOP5,UP,LAURUSLABS.NS,0.8565,0.875,HIGH,-0.1891,-1.4399,0,0,TRAIN
2025-11-28,RAND_TOP5,UP,ASHOKLEY.NS,0.9481,0.625,HIGH,1.3787,2.9029,1,0,TRAIN
2025-11-28,RAND_TOP5,UP,GLENMARK.NS,0.8147,0.875,HIGH,-0.2312,1.0122,0,0,TRAIN
2025-11-28,RAND_TOP5,UP,M&MFIN.NS,0.8331,0.625,HIGH,-1.0623,-4.3969,0,0,TRAIN
2025-11-28,RAND_TOP5,UP,GLAXO.NS,0.7655,0.875,HIGH,-2.8838,-1.9693,0,0,TRAIN
2025-12-01,KNOW_TOP5,UP,HINDZINC.NS,0.9085,1.0,HIGH,-0.8403,-0.6202,0,0,TRAIN
2025-12-01,KNOW_TOP5,UP,GRANULES.NS,0.8995,1.0,HIGH,0.2549,-0.4132,1,0,TRAIN
2025-12-01,KNOW_TOP5,UP,JSWSTEEL.NS,0.8505,1.0,HIGH,-0.5478,-1.5235,0,0,TRAIN
2025-12-01,KNOW_TOP5,UP,KPITTECH.NS,0.8396,1.0,HIGH,-0.3735,0.922,0,0,TRAIN
2025-12-01,KNOW_TOP5,UP,TVSMOTOR.NS,0.768,1.0,HIGH,0.243,-0.4206,1,0,TRAIN
2025-12-01,V3_TOP5,UP,TEJASNET.NS,0.9638,0.875,HIGH,1.6454,-2.1614,1,0,TRAIN
2025-12-01,V3_TOP5,UP,ASHOKLEY.NS,0.9383,0.75,HIGH,-0.1871,-0.0561,0,0,TRAIN
2025-12-01,V3_TOP5,UP,NATCOPHARM.NS,0.9245,0.875,HIGH,3.2496,5.0985,1,1,TRAIN
2025-12-01,V3_TOP5,UP,HINDZINC.NS,0.9085,1.0,HIGH,-0.8403,-0.6202,0,0,TRAIN
2025-12-01,V3_TOP5,UP,GRANULES.NS,0.8995,1.0,HIGH,0.2549,-0.4132,1,0,TRAIN
2025-12-01,RAND_TOP5,UP,HINDZINC.NS,0.9085,1.0,HIGH,-0.8403,-0.6202,0,0,TRAIN
2025-12-01,RAND_TOP5,UP,TEJASNET.NS,0.9638,0.875,HIGH,1.6454,-2.1614,1,0,TRAIN
2025-12-01,RAND_TOP5,UP,VEDL.NS,0.8415,0.875,HIGH,0.9563,-0.6844,1,0,TRAIN
2025-12-01,RAND_TOP5,UP,JSWSTEEL.NS,0.8505,1.0,HIGH,-0.5478,-1.5235,0,0,TRAIN
2025-12-01,RAND_TOP5,UP,MOTHERSON.NS,0.7837,0.75,HIGH,2.3252,0.8666,1,1,TRAIN
2025-12-02,KNOW_TOP5,UP,NATCOPHARM.NS,0.9865,1.0,HIGH,0.3056,0.1126,1,0,TRAIN
2025-12-02,KNOW_TOP5,UP,NAUKRI.NS,0.8171,1.0,HIGH,-0.6779,0.1514,0,0,TRAIN
2025-12-02,KNOW_TOP5,UP,NMDC.NS,0.7877,1.0,HIGH,-0.0526,0.4863,0,0,TRAIN
2025-12-02,KNOW_TOP5,UP,IDEA.NS,0.7757,1.0,HIGH,4.1461,6.614,1,1,TRAIN
2025-12-02,KNOW_TOP5,UP,BANKBARODA.NS,0.7524,1.0,HIGH,-3.3345,-1.4483,0,0,TRAIN
2025-12-02,V3_TOP5,UP,NATCOPHARM.NS,0.9865,1.0,HIGH,0.3056,0.1126,1,0,TRAIN
2025-12-02,V3_TOP5,UP,ASHOKLEY.NS,0.945,0.75,HIGH,1.6938,0.5375,1,0,TRAIN
2025-12-02,V3_TOP5,UP,MOTHERSON.NS,0.8966,0.75,HIGH,-2.2556,-1.8531,0,0,TRAIN
2025-12-02,V3_TOP5,UP,BDL.NS,0.8822,0.75,HIGH,-2.7732,-0.8392,0,0,TRAIN
2025-12-02,V3_TOP5,UP,MAPMYINDIA.NS,0.8659,0.875,HIGH,-1.0145,-3.597,0,0,TRAIN
2025-12-02,RAND_TOP5,UP,BDL.NS,0.8822,0.75,HIGH,-2.7732,-0.8392,0,0,TRAIN
2025-12-02,RAND_TOP5,UP,NATCOPHARM.NS,0.9865,1.0,HIGH,0.3056,0.1126,1,0,TRAIN
2025-12-02,RAND_TOP5,UP,JSWSTEEL.NS,0.8317,0.75,HIGH,-1.5835,0.0172,0,0,TRAIN
2025-12-02,RAND_TOP5,UP,HINDZINC.NS,0.8495,0.75,HIGH,1.7654,0.4943,1,0,TRAIN
2025-12-02,RAND_TOP5,UP,LAURUSLABS.NS,0.7695,0.75,HIGH,-0.3627,0.5783,0,0,TRAIN
2025-12-03,KNOW_TOP5,UP,ROUTE.NS,0.9679,1.0,HIGH,1.9452,-6.8508,1,0,TRAIN
2025-12-03,KNOW_TOP5,UP,RAJESHEXPO.NS,0.8891,1.0,HIGH,-1.9587,-5.897,0,0,TRAIN
2025-12-03,KNOW_TOP5,UP,BIOCON.NS,0.8812,1.0,HIGH,-5.2805,-6.3902,0,0,TRAIN
2025-12-03,KNOW_TOP5,UP,APOLLOTYRE.NS,0.8807,1.0,HIGH,-0.8595,-2.7747,0,0,TRAIN
2025-12-03,KNOW_TOP5,UP,HINDZINC.NS,0.8725,1.0,HIGH,-1.5167,-2.7657,0,0,TRAIN
2025-12-03,V3_TOP5,UP,ONMOBILE.NS,0.9959,0.875,HIGH,-7.2099,-9.279,0,0,TRAIN
2025-12-03,V3_TOP5,UP,ROUTE.NS,0.9679,1.0,HIGH,1.9452,-6.8508,1,0,TRAIN
2025-12-03,V3_TOP5,UP,RAJESHEXPO.NS,0.8891,1.0,HIGH,-1.9587,-5.897,0,0,TRAIN
2025-12-03,V3_TOP5,UP,BIOCON.NS,0.8812,1.0,HIGH,-5.2805,-6.3902,0,0,TRAIN
2025-12-03,V3_TOP5,UP,APOLLOTYRE.NS,0.8807,1.0,HIGH,-0.8595,-2.7747,0,0,TRAIN
2025-12-03,RAND_TOP5,UP,BIOCON.NS,0.8812,1.0,HIGH,-5.2805,-6.3902,0,0,TRAIN
2025-12-03,RAND_TOP5,UP,ONMOBILE.NS,0.9959,0.875,HIGH,-7.2099,-9.279,0,0,TRAIN
2025-12-03,RAND_TOP5,UP,LTTS.NS,0.8365,0.875,HIGH,3.8111,0.5983,1,1,TRAIN
2025-12-03,RAND_TOP5,UP,MOTHERSON.NS,0.8403,0.75,HIGH,0.8493,-1.0895,1,0,TRAIN
2025-12-03,RAND_TOP5,UP,VEDL.NS,0.7647,0.75,HIGH,-0.5912,-4.0447,0,0,TRAIN
2025-12-04,KNOW_TOP5,UP,ROUTE.NS,0.9411,1.0,HIGH,-5.2159,-3.6769,0,0,TRAIN
2025-12-04,KNOW_TOP5,UP,NAUKRI.NS,0.8507,1.0,HIGH,-0.5372,-1.4253,0,0,TRAIN
2025-12-04,KNOW_TOP5,UP,EXIDEIND.NS,0.7659,1.0,HIGH,-0.0526,-1.8273,0,0,TRAIN
2025-12-04,KNOW_TOP5,UP,NATCOPHARM.NS,0.8925,0.875,HIGH,-1.6487,-5.9468,0,0,TRAIN
2025-12-04,KNOW_TOP5,UP,POLICYBZR.NS,0.8657,0.875,HIGH,2.1302,5.5547,1,1,TRAIN
2025-12-04,V3_TOP5,UP,LTTS.NS,0.9565,0.75,HIGH,-2.9605,-2.9071,0,0,TRAIN
2025-12-04,V3_TOP5,UP,ROUTE.NS,0.9411,1.0,HIGH,-5.2159,-3.6769,0,0,TRAIN
2025-12-04,V3_TOP5,UP,ONMOBILE.NS,0.9007,0.625,HIGH,-1.3208,-2.693,0,0,TRAIN
2025-12-04,V3_TOP5,UP,NATCOPHARM.NS,0.8925,0.875,HIGH,-1.6487,-5.9468,0,0,TRAIN
2025-12-04,V3_TOP5,UP,POLICYBZR.NS,0.8657,0.875,HIGH,2.1302,5.5547,1,1,TRAIN
2025-12-04,RAND_TOP5,UP,NATCOPHARM.NS,0.8925,0.875,HIGH,-1.6487,-5.9468,0,0,TRAIN
2025-12-04,RAND_TOP5,UP,LTTS.NS,0.9565,0.75,HIGH,-2.9605,-2.9071,0,0,TRAIN
2025-12-04,RAND_TOP5,UP,HINDZINC.NS,0.8367,0.75,HIGH,0.2718,-1.0669,1,0,TRAIN
2025-12-04,RAND_TOP5,UP,APOLLOTYRE.NS,0.8377,0.875,HIGH,-1.7245,-1.1308,0,0,TRAIN
2025-12-04,RAND_TOP5,UP,EXIDEIND.NS,0.7659,1.0,HIGH,-0.0526,-1.8273,0,0,TRAIN
2025-12-05,KNOW_TOP5,UP,IDEA.NS,0.9764,1.0,HIGH,-4.7222,-0.7407,0,0,TRAIN
2025-12-05,KNOW_TOP5,UP,POLICYBZR.NS,0.8409,0.875,HIGH,1.0614,1.5366,1,0,TRAIN
2025-12-05,KNOW_TOP5,UP,HCLTECH.NS,0.7671,0.875,HIGH,0.3327,-1.0101,1,0,TRAIN
2025-12-05,KNOW_TOP5,UP,MARICO.NS,0.7531,0.875,HIGH,-0.9978,-1.6154,0,0,TRAIN
2025-12-05,KNOW_TOP5,UP,MPHASIS.NS,0.7389,0.875,HIGH,-1.9231,-3.2537,0,0,TRAIN
2025-12-05,V3_TOP5,UP,IDEA.NS,0.9764,1.0,HIGH,-4.7222,-0.7407,0,0,TRAIN
2025-12-05,V3_TOP5,UP,POLICYBZR.NS,0.8409,0.875,HIGH,1.0614,1.5366,1,0,TRAIN
2025-12-05,V3_TOP5,UP,LTTS.NS,0.8178,0.75,HIGH,-0.1386,1.025,0,0,TRAIN
2025-12-05,V3_TOP5,UP,ROUTE.NS,0.8127,0.625,HIGH,-3.6,-1.3298,0,0,TRAIN
2025-12-05,V3_TOP5,UP,NATCOPHARM.NS,0.795,0.75,HIGH,-3.84,-7.0801,0,0,TRAIN
2025-12-05,RAND_TOP5,UP,ROUTE.NS,0.8127,0.625,HIGH,-3.6,-1.3298,0,0,TRAIN
2025-12-05,RAND_TOP5,UP,IDEA.NS,0.9764,1.0,HIGH,-4.7222,-0.7407,0,0,TRAIN
2025-12-05,RAND_TOP5,UP,TATACOMM.NS,0.7594,0.375,MEDIUM,-1.4201,-2.2798,0,0,TRAIN
2025-12-05,RAND_TOP5,UP,SUNDRMFAST.NS,0.7668,0.5,MEDIUM,-2.0956,-0.4881,0,0,TRAIN
2025-12-05,RAND_TOP5,UP,SBILIFE.NS,0.7279,0.75,HIGH,-0.1482,-0.4546,0,0,TRAIN
2025-12-08,KNOW_TOP5,UP,AJANTPHARM.NS,0.8337,1.0,HIGH,-1.3994,-0.2596,0,0,TRAIN
2025-12-08,KNOW_TOP5,UP,POLICYBZR.NS,0.8148,0.875,HIGH,2.2676,1.7869,1,1,TRAIN
2025-12-08,KNOW_TOP5,UP,SBILIFE.NS,0.7732,0.875,HIGH,-0.7176,-0.6829,0,0,TRAIN
2025-12-08,KNOW_TOP5,UP,GLAXO.NS,0.7689,0.875,HIGH,0.5856,3.0578,1,0,TRAIN
2025-12-08,KNOW_TOP5,UP,SYMPHONY.NS,0.7672,0.875,HIGH,1.3143,-0.7624,1,0,TRAIN
2025-12-08,V3_TOP5,UP,IDEA.NS,0.9586,0.625,HIGH,4.3732,9.3294,1,1,TRAIN
2025-12-08,V3_TOP5,UP,LTTS.NS,0.8364,0.75,HIGH,0.1938,2.7797,1,0,TRAIN
2025-12-08,V3_TOP5,UP,AJANTPHARM.NS,0.8337,1.0,HIGH,-1.3994,-0.2596,0,0,TRAIN
2025-12-08,V3_TOP5,UP,POLICYBZR.NS,0.8148,0.875,HIGH,2.2676,1.7869,1,1,TRAIN
2025-12-08,V3_TOP5,UP,FINEORG.NS,0.7981,0.5,MEDIUM,-0.8641,1.0561,0,0,TRAIN
2025-12-08,RAND_TOP5,UP,POLICYBZR.NS,0.8148,0.875,HIGH,2.2676,1.7869,1,1,TRAIN
2025-12-08,RAND_TOP5,UP,IDEA.NS,0.9586,0.625,HIGH,4.3732,9.3294,1,1,TRAIN
2025-12-08,RAND_TOP5,UP,COFORGE.NS,0.7524,0.75,HIGH,-3.9871,-5.6321,0,0,TRAIN
2025-12-08,RAND_TOP5,UP,SYMPHONY.NS,0.7672,0.875,HIGH,1.3143,-0.7624,1,0,TRAIN
2025-12-08,RAND_TOP5,UP,APOLLOTYRE.NS,0.7074,0.625,HIGH,0.8168,-1.2011,1,0,TRAIN
2025-12-09,KNOW_TOP5,UP,ERIS.NS,0.9653,1.0,HIGH,-5.4135,-7.5883,0,0,TRAIN
2025-12-09,KNOW_TOP5,UP,IDEA.NS,0.9574,1.0,HIGH,-0.1862,8.3799,0,0,TRAIN
2025-12-09,KNOW_TOP5,UP,GLAXO.NS,0.8045,1.0,HIGH,1.3324,1.6255,1,0,TRAIN
2025-12-09,KNOW_TOP5,UP,SYMPHONY.NS,0.8043,1.0,HIGH,-1.0277,-2.3586,0,0,TRAIN
2025-12-09,KNOW_TOP5,UP,COROMANDEL.NS,0.8043,0.875,HIGH,-3.5725,-1.7525,0,0,TRAIN
2025-12-09,V3_TOP5,UP,ERIS.NS,0.9653,1.0,HIGH,-5.4135,-7.5883,0,0,TRAIN
2025-12-09,V3_TOP5,UP,IDEA.NS,0.9574,1.0,HIGH,-0.1862,8.3799,0,0,TRAIN
2025-12-09,V3_TOP5,UP,SHYAMMETL.NS,0.8077,0.625,HIGH,-3.3192,-1.8985,0,0,TRAIN
2025-12-09,V3_TOP5,UP,GLAXO.NS,0.8045,1.0,HIGH,1.3324,1.6255,1,0,TRAIN
2025-12-09,V3_TOP5,UP,COROMANDEL.NS,0.8043,0.875,HIGH,-3.5725,-1.7525,0,0,TRAIN
2025-12-09,RAND_TOP5,UP,GLAXO.NS,0.8045,1.0,HIGH,1.3324,1.6255,1,0,TRAIN
2025-12-09,RAND_TOP5,UP,ERIS.NS,0.9653,1.0,HIGH,-5.4135,-7.5883,0,0,TRAIN
2025-12-09,RAND_TOP5,UP,APOLLOTYRE.NS,0.7847,0.875,HIGH,-0.7339,-2.7831,0,0,TRAIN
2025-12-09,RAND_TOP5,UP,BATAINDIA.NS,0.7866,0.75,HIGH,-1.1888,-2.4334,0,0,TRAIN
2025-12-09,RAND_TOP5,UP,GODREJAGRO.NS,0.722,0.625,HIGH,0.5875,-0.6883,1,0,TRAIN
2025-12-10,KNOW_TOP5,UP,METROBRAND.NS,0.9626,1.0,HIGH,-1.7695,-4.4237,0,0,TRAIN
2025-12-10,KNOW_TOP5,UP,NAVINFLUOR.NS,0.8824,1.0,HIGH,1.563,3.2605,1,0,TRAIN
2025-12-10,KNOW_TOP5,UP,BIKAJI.NS,0.8331,1.0,HIGH,-0.6736,1.8627,0,0,TRAIN
2025-12-10,KNOW_TOP5,UP,CHOLAFIN.NS,0.8348,0.875,HIGH,-1.4106,-0.5906,0,0,TRAIN
2025-12-10,KNOW_TOP5,UP,ADANIENSOL.NS,0.8007,0.875,HIGH,1.7353,3.4502,1,0,TRAIN
2025-12-10,V3_TOP5,UP,METROBRAND.NS,0.9626,1.0,HIGH,-1.7695,-4.4237,0,0,TRAIN
2025-12-10,V3_TOP5,UP,ERIS.NS,0.9527,0.75,HIGH,-1.1559,-1.4169,0,0,TRAIN
2025-12-10,V3_TOP5,UP,NAVINFLUOR.NS,0.8824,1.0,HIGH,1.563,3.2605,1,0,TRAIN
2025-12-10,V3_TOP5,UP,CHOLAFIN.NS,0.8348,0.875,HIGH,-1.4106,-0.5906,0,0,TRAIN
2025-12-10,V3_TOP5,UP,GODREJAGRO.NS,0.8333,0.75,HIGH,-1.26,-2.3782,0,0,TRAIN
2025-12-10,RAND_TOP5,UP,CHOLAFIN.NS,0.8348,0.875,HIGH,-1.4106,-0.5906,0,0,TRAIN
2025-12-10,RAND_TOP5,UP,METROBRAND.NS,0.9626,1.0,HIGH,-1.7695,-4.4237,0,0,TRAIN
2025-12-10,RAND_TOP5,UP,PNBHOUSING.NS,0.808,0.625,HIGH,1.7924,4.2689,1,0,TRAIN
2025-12-10,RAND_TOP5,UP,ZYDUSWELL.NS,0.8208,0.625,HIGH,0.0118,0.5416,1,0,TRAIN
2025-12-10,RAND_TOP5,UP,CENTUM.NS,0.7225,0.625,HIGH,4.969,0.514,1,1,TRAIN
2025-12-11,KNOW_TOP5,UP,NAVINFLUOR.NS,0.9074,1.0,HIGH,1.3156,-0.2151,1,0,TRAIN
2025-12-11,KNOW_TOP5,UP,RBLBANK.NS,0.8882,1.0,HIGH,-1.1568,-3.374,0,0,TRAIN
2025-12-11,KNOW_TOP5,UP,HINDZINC.NS,0.8463,1.0,HIGH,7.462,8.6195,1,1,TRAIN
2025-12-11,KNOW_TOP5,UP,MOTHERSON.NS,0.753,1.0,HIGH,1.2521,-0.192,1,0,TRAIN
2025-12-11,KNOW_TOP5,UP,CENTUM.NS,0.9833,0.875,HIGH,-3.6163,-5.0477,0,0,TRAIN
2025-12-11,V3_TOP5,UP,CENTUM.NS,0.9833,0.875,HIGH,-3.6163,-5.0477,0,0,TRAIN
2025-12-11,V3_TOP5,UP,METROBRAND.NS,0.9813,0.875,HIGH,-0.0515,-3.3453,0,0,TRAIN
2025-12-11,V3_TOP5,UP,IRCON.NS,0.918,0.875,HIGH,-0.3803,-2.8398,0,0,TRAIN
2025-12-11,V3_TOP5,UP,NAVINFLUOR.NS,0.9074,1.0,HIGH,1.3156,-0.2151,1,0,TRAIN
2025-12-11,V3_TOP5,UP,RBLBANK.NS,0.8882,1.0,HIGH,-1.1568,-3.374,0,0,TRAIN
2025-12-11,RAND_TOP5,UP,NAVINFLUOR.NS,0.9074,1.0,HIGH,1.3156,-0.2151,1,0,TRAIN
2025-12-11,RAND_TOP5,UP,CENTUM.NS,0.9833,0.875,HIGH,-3.6163,-5.0477,0,0,TRAIN
2025-12-11,RAND_TOP5,UP,GLAXO.NS,0.8534,0.875,HIGH,-0.8123,-1.3958,0,0,TRAIN
2025-12-11,RAND_TOP5,UP,PNBHOUSING.NS,0.8537,0.875,HIGH,4.1049,1.472,1,1,TRAIN
2025-12-11,RAND_TOP5,UP,ERIS.NS,0.7559,0.625,HIGH,-1.1568,-2.125,0,0,TRAIN
2025-12-12,KNOW_TOP5,UP,NAVINFLUOR.NS,0.9309,1.0,HIGH,0.3512,-3.43,1,0,TRAIN
2025-12-12,KNOW_TOP5,UP,PNBHOUSING.NS,0.8953,1.0,HIGH,-1.606,-4.5086,0,0,TRAIN
2025-12-12,KNOW_TOP5,UP,VEDL.NS,0.8522,1.0,HIGH,1.067,4.8197,1,0,TRAIN
2025-12-12,KNOW_TOP5,UP,ADANIENSOL.NS,0.8317,1.0,HIGH,0.5092,-3.3373,1,0,TRAIN
2025-12-12,KNOW_TOP5,UP,SRF.NS,0.8262,1.0,HIGH,-0.7475,0.3208,0,0,TRAIN
2025-12-12,V3_TOP5,UP,HINDZINC.NS,0.9542,0.75,HIGH,1.1395,2.9645,1,0,TRAIN
2025-12-12,V3_TOP5,UP,CENTUM.NS,0.9498,0.625,HIGH,-0.6514,-3.8953,0,0,TRAIN
2025-12-12,V3_TOP5,UP,JSWENERGY.NS,0.9371,0.875,HIGH,0.8814,-1.4413,1,0,TRAIN
2025-12-12,V3_TOP5,UP,NAVINFLUOR.NS,0.9309,1.0,HIGH,0.3512,-3.43,1,0,TRAIN
2025-12-12,V3_TOP5,UP,METROBRAND.NS,0.898,0.75,HIGH,-2.6519,-5.2523,0,0,TRAIN
2025-12-12,RAND_TOP5,UP,NAVINFLUOR.NS,0.9309,1.0,HIGH,0.3512,-3.43,1,0,TRAIN
2025-12-12,RAND_TOP5,UP,HINDZINC.NS,0.9542,0.75,HIGH,1.1395,2.9645,1,0,TRAIN
2025-12-12,RAND_TOP5,UP,GLAXO.NS,0.846,0.875,HIGH,-0.8728,-0.6998,0,0,TRAIN
2025-12-12,RAND_TOP5,UP,STLTECH.NS,0.8498,0.625,HIGH,-3.1408,-4.2839,0,0,TRAIN
2025-12-12,RAND_TOP5,UP,GRANULES.NS,0.8181,0.875,HIGH,-0.5048,0.9051,0,0,TRAIN
2025-12-15,KNOW_TOP5,UP,VEDL.NS,0.8745,1.0,HIGH,3.6585,5.415,1,1,TRAIN
2025-12-15,KNOW_TOP5,UP,IDFCFIRSTB.NS,0.8262,1.0,HIGH,-0.4889,-0.0954,0,0,TRAIN
2025-12-15,KNOW_TOP5,UP,MOIL.NS,0.9507,0.875,HIGH,-2.818,-4.6071,0,0,TRAIN
2025-12-15,KNOW_TOP5,UP,PNBHOUSING.NS,0.9171,0.875,HIGH,-0.9381,-2.809,0,0,TRAIN
2025-12-15,KNOW_TOP5,UP,RAJESHEXPO.NS,0.9072,0.875,HIGH,0.0,-3.4543,0,0,TRAIN
2025-12-15,V3_TOP5,UP,BEML.NS,0.9597,0.75,HIGH,-1.9248,-4.2232,0,0,TRAIN
2025-12-15,V3_TOP5,UP,HINDZINC.NS,0.9582,0.75,HIGH,-0.0616,4.2426,0,0,TRAIN
2025-12-15,V3_TOP5,UP,MOIL.NS,0.9507,0.875,HIGH,-2.818,-4.6071,0,0,TRAIN
2025-12-15,V3_TOP5,UP,AMBER.NS,0.947,0.75,HIGH,-0.3235,-3.1758,0,0,TRAIN
2025-12-15,V3_TOP5,UP,RAILTEL.NS,0.928,0.75,HIGH,-1.2653,-2.9324,0,0,TRAIN
2025-12-15,RAND_TOP5,UP,AMBER.NS,0.947,0.75,HIGH,-0.3235,-3.1758,0,0,TRAIN
2025-12-15,RAND_TOP5,UP,BEML.NS,0.9597,0.75,HIGH,-1.9248,-4.2232,0,0,TRAIN
2025-12-15,RAND_TOP5,UP,VEDL.NS,0.8745,1.0,HIGH,3.6585,5.415,1,1,TRAIN
2025-12-15,RAND_TOP5,UP,RAJESHEXPO.NS,0.9072,0.875,HIGH,0.0,-3.4543,0,0,TRAIN
2025-12-15,RAND_TOP5,UP,IRCON.NS,0.8119,0.625,HIGH,-2.3197,-4.4035,0,0,TRAIN
2025-12-16,KNOW_TOP5,UP,BIKAJI.NS,0.8582,1.0,HIGH,-0.6225,0.2945,0,0,TRAIN
2025-12-16,KNOW_TOP5,UP,GODREJCP.NS,0.7845,1.0,HIGH,-0.2283,0.3214,0,0,TRAIN
2025-12-16,KNOW_TOP5,UP,IDFCFIRSTB.NS,0.7688,1.0,HIGH,0.5871,1.4618,1,0,TRAIN
2025-12-16,KNOW_TOP5,UP,VEDL.NS,0.908,0.875,HIGH,0.0527,2.1247,1,0,TRAIN
2025-12-16,KNOW_TOP5,UP,RAJESHEXPO.NS,0.8367,0.875,HIGH,-0.0102,4.4251,0,0,TRAIN
2025-12-16,V3_TOP5,UP,HINDZINC.NS,0.9283,0.625,HIGH,1.8672,3.7079,1,0,TRAIN
2025-12-16,V3_TOP5,UP,VEDL.NS,0.908,0.875,HIGH,0.0527,2.1247,1,0,TRAIN
2025-12-16,V3_TOP5,UP,SOBHA.NS,0.8795,0.75,HIGH,-1.6144,-0.1975,0,0,TRAIN
2025-12-16,V3_TOP5,UP,BIKAJI.NS,0.8582,1.0,HIGH,-0.6225,0.2945,0,0,TRAIN
2025-12-16,V3_TOP5,UP,ASHOKLEY.NS,0.8522,0.625,HIGH,-0.9598,3.4635,0,0,TRAIN
2025-12-16,RAND_TOP5,UP,BIKAJI.NS,0.8582,1.0,HIGH,-0.6225,0.2945,0,0,TRAIN
2025-12-16,RAND_TOP5,UP,HINDZINC.NS,0.9283,0.625,HIGH,1.8672,3.7079,1,0,TRAIN
2025-12-16,RAND_TOP5,UP,RAILTEL.NS,0.822,0.5,MEDIUM,-0.8292,0.4975,0,0,TRAIN
2025-12-16,RAND_TOP5,UP,IDEA.NS,0.8295,0.625,HIGH,-1.0667,6.3111,0,0,TRAIN
2025-12-16,RAND_TOP5,UP,NATIONALUM.NS,0.7768,0.875,HIGH,0.9391,0.596,1,0,TRAIN
2025-12-17,KNOW_TOP5,UP,GRANULES.NS,0.8778,1.0,HIGH,0.3709,3.6312,1,0,TRAIN
2025-12-17,KNOW_TOP5,UP,SHRIRAMFIN.NS,0.7931,1.0,HIGH,0.6075,8.1752,1,0,TRAIN
2025-12-17,KNOW_TOP5,UP,VEDL.NS,0.9214,0.875,HIGH,1.6409,2.7817,1,0,TRAIN
2025-12-17,KNOW_TOP5,UP,IGL.NS,0.9062,0.875,HIGH,1.707,1.6084,1,0,TRAIN
2025-12-17,KNOW_TOP5,UP,KEI.NS,0.8702,0.875,HIGH,-0.4822,8.1576,0,0,TRAIN
2025-12-17,V3_TOP5,UP,HINDZINC.NS,0.9635,0.75,HIGH,2.395,4.8764,1,1,TRAIN
2025-12-17,V3_TOP5,UP,VEDL.NS,0.9214,0.875,HIGH,1.6409,2.7817,1,0,TRAIN
2025-12-17,V3_TOP5,UP,RAILTEL.NS,0.9081,0.5,MEDIUM,-0.8665,3.8614,0,0,TRAIN
2025-12-17,V3_TOP5,UP,IGL.NS,0.9062,0.875,HIGH,1.707,1.6084,1,0,TRAIN
2025-12-17,V3_TOP5,UP,GRANULES.NS,0.8778,1.0,HIGH,0.3709,3.6312,1,0,TRAIN
2025-12-17,RAND_TOP5,UP,IGL.NS,0.9062,0.875,HIGH,1.707,1.6084,1,0,TRAIN
2025-12-17,RAND_TOP5,UP,HINDZINC.NS,0.9635,0.75,HIGH,2.395,4.8764,1,1,TRAIN
2025-12-17,RAND_TOP5,UP,BSE.NS,0.8559,0.625,HIGH,1.992,5.5123,1,0,TRAIN
2025-12-17,RAND_TOP5,UP,KEI.NS,0.8702,0.875,HIGH,-0.4822,8.1576,0,0,TRAIN
2025-12-17,RAND_TOP5,UP,RAJESHEXPO.NS,0.7823,0.875,HIGH,-3.4444,17.8812,0,0,TRAIN
2025-12-18,KNOW_TOP5,UP,ROUTE.NS,0.9929,1.0,HIGH,-1.3701,-2.0482,0,0,TRAIN
2025-12-18,KNOW_TOP5,UP,AUROPHARMA.NS,0.7806,1.0,HIGH,1.3065,0.7194,1,0,TRAIN
2025-12-18,KNOW_TOP5,UP,SHRIRAMFIN.NS,0.7642,1.0,HIGH,3.7092,10.1616,1,1,TRAIN
2025-12-18,KNOW_TOP5,UP,VOLTAS.NS,0.7446,1.0,HIGH,-1.8692,-1.1486,0,0,TRAIN
2025-12-18,KNOW_TOP5,UP,M&MFIN.NS,0.9571,0.875,HIGH,3.1357,5.7648,1,1,TRAIN
2025-12-18,V3_TOP5,UP,ROUTE.NS,0.9929,1.0,HIGH,-1.3701,-2.0482,0,0,TRAIN
2025-12-18,V3_TOP5,UP,M&MFIN.NS,0.9571,0.875,HIGH,3.1357,5.7648,1,1,TRAIN
2025-12-18,V3_TOP5,UP,HINDZINC.NS,0.9461,0.75,HIGH,-0.5742,2.9807,0,0,TRAIN
2025-12-18,V3_TOP5,UP,IGL.NS,0.915,0.875,HIGH,-1.056,-0.1275,0,0,TRAIN
2025-12-18,V3_TOP5,UP,VEDL.NS,0.9032,0.625,HIGH,0.423,1.2518,1,0,TRAIN
2025-12-18,RAND_TOP5,UP,IGL.NS,0.915,0.875,HIGH,-1.056,-0.1275,0,0,TRAIN
2025-12-18,RAND_TOP5,UP,ROUTE.NS,0.9929,1.0,HIGH,-1.3701,-2.0482,0,0,TRAIN
2025-12-18,RAND_TOP5,UP,MAPMYINDIA.NS,0.8297,0.625,HIGH,0.3551,4.1712,1,0,TRAIN
2025-12-18,RAND_TOP5,UP,BIOCON.NS,0.8301,0.75,HIGH,1.6061,2.3709,1,0,TRAIN
2025-12-18,RAND_TOP5,UP,KALYANKJIL.NS,0.7586,0.375,MEDIUM,2.9733,3.7167,1,1,TRAIN
2025-12-19,KNOW_TOP5,UP,RAJESHEXPO.NS,0.9238,1.0,HIGH,12.8743,9.5958,1,1,TRAIN
2025-12-19,KNOW_TOP5,UP,DEEPAKNTR.NS,0.8995,1.0,HIGH,0.7918,4.4091,1,0,TRAIN
2025-12-19,KNOW_TOP5,UP,KEI.NS,0.8854,1.0,HIGH,3.6691,2.9036,1,1,TRAIN
2025-12-19,KNOW_TOP5,UP,POLYCAB.NS,0.8221,1.0,HIGH,2.2046,2.5743,1,1,TRAIN
2025-12-19,KNOW_TOP5,UP,BIOCON.NS,0.8201,1.0,HIGH,0.1882,-0.0502,1,0,TRAIN
2025-12-19,V3_TOP5,UP,SHRIRAMFIN.NS,0.925,0.875,HIGH,3.6764,7.9849,1,1,TRAIN
2025-12-19,V3_TOP5,UP,RAJESHEXPO.NS,0.9238,1.0,HIGH,12.8743,9.5958,1,1,TRAIN
2025-12-19,V3_TOP5,UP,M&MFIN.NS,0.901,0.875,HIGH,4.6999,3.4652,1,1,TRAIN
2025-12-19,V3_TOP5,UP,DEEPAKNTR.NS,0.8995,1.0,HIGH,0.7918,4.4091,1,0,TRAIN
2025-12-19,V3_TOP5,UP,KEI.NS,0.8854,1.0,HIGH,3.6691,2.9036,1,1,TRAIN
2025-12-19,RAND_TOP5,UP,DEEPAKNTR.NS,0.8995,1.0,HIGH,0.7918,4.4091,1,0,TRAIN
2025-12-19,RAND_TOP5,UP,SHRIRAMFIN.NS,0.925,0.875,HIGH,3.6764,7.9849,1,1,TRAIN
2025-12-19,RAND_TOP5,UP,POLYCAB.NS,0.8221,1.0,HIGH,2.2046,2.5743,1,1,TRAIN
2025-12-19,RAND_TOP5,UP,VEDL.NS,0.8371,0.625,HIGH,0.6964,2.8456,1,0,TRAIN
2025-12-19,RAND_TOP5,UP,SJVN.NS,0.7697,0.75,HIGH,0.151,2.9929,1,0,TRAIN
2025-12-22,KNOW_TOP5,UP,IDEAFORGE.NS,0.9919,1.0,HIGH,-3.5224,-2.4929,0,0,TRAIN
2025-12-22,KNOW_TOP5,UP,STLTECH.NS,0.9848,1.0,HIGH,-1.3451,-3.1041,0,0,TRAIN
2025-12-22,KNOW_TOP5,UP,COCHINSHIP.NS,0.912,1.0,HIGH,-1.1703,-0.8522,0,0,TRAIN
2025-12-22,KNOW_TOP5,UP,KEI.NS,0.8904,1.0,HIGH,-0.7227,-1.6706,0,0,TRAIN
2025-12-22,KNOW_TOP5,UP,RVNL.NS,0.8444,1.0,HIGH,2.812,16.6767,1,1,TRAIN
2025-12-22,V3_TOP5,UP,IDEAFORGE.NS,0.9919,1.0,HIGH,-3.5224,-2.4929,0,0,TRAIN
2025-12-22,V3_TOP5,UP,RAJESHEXPO.NS,0.9919,0.75,HIGH,-3.3164,-7.7557,0,0,TRAIN
2025-12-22,V3_TOP5,UP,STLTECH.NS,0.9848,1.0,HIGH,-1.3451,-3.1041,0,0,TRAIN
2025-12-22,V3_TOP5,UP,SHRIRAMFIN.NS,0.9382,0.75,HIGH,2.4549,2.717,1,1,TRAIN
2025-12-22,V3_TOP5,UP,M&MFIN.NS,0.9301,0.625,HIGH,-2.0543,-0.038,0,0,TRAIN
2025-12-22,RAND_TOP5,UP,SHRIRAMFIN.NS,0.9382,0.75,HIGH,2.4549,2.717,1,1,TRAIN
2025-12-22,RAND_TOP5,UP,IDEAFORGE.NS,0.9919,1.0,HIGH,-3.5224,-2.4929,0,0,TRAIN
2025-12-22,RAND_TOP5,UP,KEI.NS,0.8904,1.0,HIGH,-0.7227,-1.6706,0,0,TRAIN
2025-12-22,RAND_TOP5,UP,MAZDOCK.NS,0.8973,0.875,HIGH,-1.2417,-0.1336,0,0,TRAIN
2025-12-22,RAND_TOP5,UP,NATIONALUM.NS,0.8017,1.0,HIGH,-0.0517,5.701,0,0,TRAIN
2025-12-23,KNOW_TOP5,UP,IRCON.NS,0.9663,1.0,HIGH,0.8269,2.0496,1,0,TRAIN
2025-12-23,KNOW_TOP5,UP,RAILTEL.NS,0.9512,1.0,HIGH,-0.5436,3.8054,0,0,TRAIN
2025-12-23,KNOW_TOP5,UP,SAPPHIRE.NS,0.9344,1.0,HIGH,2.1269,2.3412,1,1,TRAIN
2025-12-23,KNOW_TOP5,UP,BEML.NS,0.9261,1.0,HIGH,1.6821,1.2194,1,0,TRAIN
2025-12-23,KNOW_TOP5,UP,CENTUM.NS,0.9137,1.0,HIGH,-0.1873,-2.3557,0,0,TRAIN
2025-12-23,V3_TOP5,UP,RAJESHEXPO.NS,0.9805,0.875,HIGH,0.426,-9.3579,1,0,TRAIN
2025-12-23,V3_TOP5,UP,IDEAFORGE.NS,0.9771,0.875,HIGH,0.4498,-1.5064,1,0,TRAIN
2025-12-23,V3_TOP5,UP,M&MFIN.NS,0.971,0.875,HIGH,0.8933,0.0518,1,0,TRAIN
2025-12-23,V3_TOP5,UP,IRCON.NS,0.9663,1.0,HIGH,0.8269,2.0496,1,0,TRAIN
2025-12-23,V3_TOP5,UP,RAILTEL.NS,0.9512,1.0,HIGH,-0.5436,3.8054,0,0,TRAIN
2025-12-23,RAND_TOP5,UP,IRCON.NS,0.9663,1.0,HIGH,0.8269,2.0496,1,0,TRAIN
2025-12-23,RAND_TOP5,UP,RAJESHEXPO.NS,0.9805,0.875,HIGH,0.426,-9.3579,1,0,TRAIN
2025-12-23,RAND_TOP5,UP,CENTUM.NS,0.9137,1.0,HIGH,-0.1873,-2.3557,0,0,TRAIN
2025-12-23,RAND_TOP5,UP,STLTECH.NS,0.9161,0.75,HIGH,-1.2014,-2.8795,0,0,TRAIN
2025-12-23,RAND_TOP5,UP,GRANULES.NS,0.8732,0.75,HIGH,-0.3904,-1.8949,0,0,TRAIN
2025-12-24,KNOW_TOP5,UP,IDEAFORGE.NS,0.9786,1.0,HIGH,0.6145,-3.2493,1,0,TRAIN
2025-12-24,KNOW_TOP5,UP,IRCON.NS,0.9623,1.0,HIGH,4.6924,0.4628,1,1,TRAIN
2025-12-24,KNOW_TOP5,UP,RAJESHEXPO.NS,0.9571,1.0,HIGH,-4.9962,-14.2519,0,0,TRAIN
2025-12-24,KNOW_TOP5,UP,SAPPHIRE.NS,0.9507,1.0,HIGH,-0.2415,-2.0866,0,0,TRAIN
2025-12-24,KNOW_TOP5,UP,BDL.NS,0.9466,1.0,HIGH,-0.2228,-1.7958,0,0,TRAIN
2025-12-24,V3_TOP5,UP,IDEAFORGE.NS,0.9786,1.0,HIGH,0.6145,-3.2493,1,0,TRAIN
2025-12-24,V3_TOP5,UP,IRCON.NS,0.9623,1.0,HIGH,4.6924,0.4628,1,1,TRAIN
2025-12-24,V3_TOP5,UP,RAJESHEXPO.NS,0.9571,1.0,HIGH,-4.9962,-14.2519,0,0,TRAIN
2025-12-24,V3_TOP5,UP,SAPPHIRE.NS,0.9507,1.0,HIGH,-0.2415,-2.0866,0,0,TRAIN
2025-12-24,V3_TOP5,UP,BDL.NS,0.9466,1.0,HIGH,-0.2228,-1.7958,0,0,TRAIN
2025-12-24,RAND_TOP5,UP,SAPPHIRE.NS,0.9507,1.0,HIGH,-0.2415,-2.0866,0,0,TRAIN
2025-12-24,RAND_TOP5,UP,IDEAFORGE.NS,0.9786,1.0,HIGH,0.6145,-3.2493,1,0,TRAIN
2025-12-24,RAND_TOP5,UP,MOIL.NS,0.9131,1.0,HIGH,4.9022,3.6803,1,1,TRAIN
2025-12-24,RAND_TOP5,UP,OLECTRA.NS,0.9153,1.0,HIGH,-0.9364,-3.2733,0,0,TRAIN
2025-12-24,RAND_TOP5,UP,MANAPPURAM.NS,0.8761,0.75,HIGH,-0.3815,-1.5896,0,0,TRAIN
2025-12-26,KNOW_TOP5,UP,IRCON.NS,0.9826,1.0,HIGH,-3.3238,-0.5931,0,0,TRAIN
2025-12-26,KNOW_TOP5,UP,RAILTEL.NS,0.9811,1.0,HIGH,-1.5598,-1.7713,0,0,TRAIN
2025-12-26,KNOW_TOP5,UP,MOIL.NS,0.9542,1.0,HIGH,-2.083,1.0141,0,0,TRAIN
2025-12-26,KNOW_TOP5,UP,PARAS.NS,0.9433,1.0,HIGH,-2.0331,-2.0116,0,0,TRAIN
2025-12-26,KNOW_TOP5,UP,BEML.NS,0.9303,1.0,HIGH,-0.9377,-0.911,0,0,TRAIN
2025-12-26,V3_TOP5,UP,IRCON.NS,0.9826,1.0,HIGH,-3.3238,-0.5931,0,0,TRAIN
2025-12-26,V3_TOP5,UP,RAILTEL.NS,0.9811,1.0,HIGH,-1.5598,-1.7713,0,0,TRAIN
2025-12-26,V3_TOP5,UP,RVNL.NS,0.9652,0.75,HIGH,-5.2455,-7.9134,0,0,TRAIN
2025-12-26,V3_TOP5,UP,MOIL.NS,0.9542,1.0,HIGH,-2.083,1.0141,0,0,TRAIN
2025-12-26,V3_TOP5,UP,IRFC.NS,0.9433,0.75,HIGH,-5.455,-6.7495,0,0,TRAIN
2025-12-26,RAND_TOP5,UP,MOIL.NS,0.9542,1.0,HIGH,-2.083,1.0141,0,0,TRAIN
2025-12-26,RAND_TOP5,UP,IRCON.NS,0.9826,1.0,HIGH,-3.3238,-0.5931,0,0,TRAIN
2025-12-26,RAND_TOP5,UP,GRSE.NS,0.9177,0.75,HIGH,-0.5128,-2.0872,0,0,TRAIN
2025-12-26,RAND_TOP5,UP,MIDHANI.NS,0.9197,1.0,HIGH,9.9969,7.7997,1,1,TRAIN
2025-12-26,RAND_TOP5,UP,DATAPATTNS.NS,0.8697,0.625,HIGH,-0.9859,-1.912,0,0,TRAIN
2025-12-29,KNOW_TOP5,UP,MIDHANI.NS,0.9877,1.0,HIGH,1.1129,-2.4825,1,0,TRAIN
2025-12-29,KNOW_TOP5,UP,SAIL.NS,0.8865,1.0,HIGH,5.1682,10.7092,1,1,TRAIN
2025-12-29,KNOW_TOP5,UP,BDL.NS,0.886,1.0,HIGH,-1.2961,0.5293,0,0,TRAIN
2025-12-29,KNOW_TOP5,UP,RVNL.NS,0.9815,0.875,HIGH,-1.9723,-1.6594,0,0,TRAIN
2025-12-29,KNOW_TOP5,UP,IRFC.NS,0.9608,0.875,HIGH,-1.393,-0.4432,0,0,TRAIN
2025-12-29,V3_TOP5,UP,MIDHANI.NS,0.9877,1.0,HIGH,1.1129,-2.4825,1,0,TRAIN
2025-12-29,V3_TOP5,UP,RVNL.NS,0.9815,0.875,HIGH,-1.9723,-1.6594,0,0,TRAIN
2025-12-29,V3_TOP5,UP,IRFC.NS,0.9608,0.875,HIGH,-1.393,-0.4432,0,0,TRAIN
2025-12-29,V3_TOP5,UP,MOIL.NS,0.953,0.875,HIGH,0.9377,2.9671,1,0,TRAIN
2025-12-29,V3_TOP5,UP,RAILTEL.NS,0.9374,0.875,HIGH,-1.4502,-0.376,0,0,TRAIN
2025-12-29,RAND_TOP5,UP,MOIL.NS,0.953,0.875,HIGH,0.9377,2.9671,1,0,TRAIN
2025-12-29,RAND_TOP5,UP,MIDHANI.NS,0.9877,1.0,HIGH,1.1129,-2.4825,1,0,TRAIN
2025-12-29,RAND_TOP5,UP,MAZDOCK.NS,0.8963,0.875,HIGH,-2.952,-2.3884,0,0,TRAIN
2025-12-29,RAND_TOP5,UP,PARAS.NS,0.9103,0.875,HIGH,-0.6357,-0.0438,0,0,TRAIN
2025-12-29,RAND_TOP5,UP,HINDZINC.NS,0.8502,0.625,HIGH,1.0913,-1.067,1,0,TRAIN
2025-12-30,KNOW_TOP5,UP,MIDHANI.NS,0.9859,1.0,HIGH,-3.0761,0.2258,0,0,TRAIN
2025-12-30,KNOW_TOP5,UP,NAVINFLUOR.NS,0.9317,1.0,HIGH,-3.5281,-3.8051,0,0,TRAIN
2025-12-30,KNOW_TOP5,UP,SAIL.NS,0.8932,1.0,HIGH,4.2334,4.5738,1,1,TRAIN
2025-12-30,KNOW_TOP5,UP,RADICO.NS,0.872,1.0,HIGH,-2.2986,-8.3472,0,0,TRAIN
2025-12-30,KNOW_TOP5,UP,CHOLAFIN.NS,0.861,1.0,HIGH,0.0411,4.6782,1,0,TRAIN
2025-12-30,V3_TOP5,UP,MIDHANI.NS,0.9859,1.0,HIGH,-3.0761,0.2258,0,0,TRAIN
2025-12-30,V3_TOP5,UP,NAVINFLUOR.NS,0.9317,1.0,HIGH,-3.5281,-3.8051,0,0,TRAIN
2025-12-30,V3_TOP5,UP,SAIL.NS,0.8932,1.0,HIGH,4.2334,4.5738,1,1,TRAIN
2025-12-30,V3_TOP5,UP,RVNL.NS,0.892,0.875,HIGH,-0.8603,1.5263,0,0,TRAIN
2025-12-30,V3_TOP5,UP,NATIONALUM.NS,0.89,0.75,HIGH,-0.7265,4.3272,0,0,TRAIN
2025-12-30,RAND_TOP5,UP,RVNL.NS,0.892,0.875,HIGH,-0.8603,1.5263,0,0,TRAIN
2025-12-30,RAND_TOP5,UP,MIDHANI.NS,0.9859,1.0,HIGH,-3.0761,0.2258,0,0,TRAIN
2025-12-30,RAND_TOP5,UP,IRFC.NS,0.8485,0.75,HIGH,0.0241,3.1222,1,0,TRAIN
2025-12-30,RAND_TOP5,UP,MOIL.NS,0.8593,0.875,HIGH,2.2047,4.0488,1,1,TRAIN
2025-12-30,RAND_TOP5,UP,EMAMILTD.NS,0.7878,0.75,HIGH,0.0852,-1.0603,1,0,TRAIN
2025-12-31,KNOW_TOP5,UP,CRAFTSMAN.NS,0.9716,1.0,HIGH,0.4292,4.064,1,0,TRAIN
2025-12-31,KNOW_TOP5,UP,ZYDUSWELL.NS,0.9338,1.0,HIGH,2.1227,6.1813,1,1,TRAIN
2025-12-31,KNOW_TOP5,UP,MOIL.NS,0.926,1.0,HIGH,-0.1899,-0.2849,0,0,TRAIN
2025-12-31,KNOW_TOP5,UP,RATEGAIN.NS,0.9157,1.0,HIGH,1.4891,0.8963,1,0,TRAIN
2025-12-31,KNOW_TOP5,UP,HFCL.NS,0.8767,1.0,HIGH,1.6669,-0.8703,1,0,TRAIN
2025-12-31,V3_TOP5,UP,CRAFTSMAN.NS,0.9716,1.0,HIGH,0.4292,4.064,1,0,TRAIN
2025-12-31,V3_TOP5,UP,SAIL.NS,0.9463,0.75,HIGH,0.9933,2.626,1,0,TRAIN
2025-12-31,V3_TOP5,UP,ZYDUSWELL.NS,0.9338,1.0,HIGH,2.1227,6.1813,1,1,TRAIN
2025-12-31,V3_TOP5,UP,MRPL.NS,0.9294,0.875,HIGH,0.9538,-1.7562,1,0,TRAIN
2025-12-31,V3_TOP5,UP,MOIL.NS,0.926,1.0,HIGH,-0.1899,-0.2849,0,0,TRAIN
2025-12-31,RAND_TOP5,UP,MRPL.NS,0.9294,0.875,HIGH,0.9538,-1.7562,1,0,TRAIN
2025-12-31,RAND_TOP5,UP,CRAFTSMAN.NS,0.9716,1.0,HIGH,0.4292,4.064,1,0,TRAIN
2025-12-31,RAND_TOP5,UP,DEEPAKFERT.NS,0.8583,1.0,HIGH,-3.3875,-2.7115,0,0,TRAIN
2025-12-31,RAND_TOP5,UP,HFCL.NS,0.8767,1.0,HIGH,1.6669,-0.8703,1,0,TRAIN
2025-12-31,RAND_TOP5,UP,IRCON.NS,0.8216,0.75,HIGH,0.1858,-0.3546,1,0,TRAIN
2026-01-01,KNOW_TOP5,UP,HFCL.NS,0.9578,1.0,HIGH,-1.7266,0.798,0,0,TRAIN
2026-01-01,KNOW_TOP5,UP,ZYDUSWELL.NS,0.9518,1.0,HIGH,1.5617,3.0479,1,0,TRAIN
2026-01-01,KNOW_TOP5,UP,MRPL.NS,0.9422,1.0,HIGH,-1.4139,-3.4597,0,0,TRAIN
2026-01-01,KNOW_TOP5,UP,RATEGAIN.NS,0.9322,1.0,HIGH,-1.161,-3.3048,0,0,TRAIN
2026-01-01,KNOW_TOP5,UP,ADANIENSOL.NS,0.8595,1.0,HIGH,1.099,-0.2198,1,0,TRAIN
2026-01-01,V3_TOP5,UP,CRAFTSMAN.NS,0.9678,0.875,HIGH,3.7682,3.8718,1,1,TRAIN
2026-01-01,V3_TOP5,UP,HFCL.NS,0.9578,1.0,HIGH,-1.7266,0.798,0,0,TRAIN
2026-01-01,V3_TOP5,UP,ZYDUSWELL.NS,0.9518,1.0,HIGH,1.5617,3.0479,1,0,TRAIN
2026-01-01,V3_TOP5,UP,MRPL.NS,0.9422,1.0,HIGH,-1.4139,-3.4597,0,0,TRAIN
2026-01-01,V3_TOP5,UP,RATEGAIN.NS,0.9322,1.0,HIGH,-1.161,-3.3048,0,0,TRAIN
2026-01-01,RAND_TOP5,UP,MRPL.NS,0.9422,1.0,HIGH,-1.4139,-3.4597,0,0,TRAIN
2026-01-01,RAND_TOP5,UP,CRAFTSMAN.NS,0.9678,0.875,HIGH,3.7682,3.8718,1,1,TRAIN
2026-01-01,RAND_TOP5,UP,ADANIENSOL.NS,0.8595,1.0,HIGH,1.099,-0.2198,1,0,TRAIN
2026-01-01,RAND_TOP5,UP,SYMPHONY.NS,0.8739,0.875,HIGH,-0.0764,0.2127,0,0,TRAIN
2026-01-01,RAND_TOP5,UP,TATASTEEL.NS,0.7693,0.625,HIGH,0.5443,2.3696,1,0,TRAIN
2026-01-02,KNOW_TOP5,UP,SJVN.NS,0.9372,1.0,HIGH,5.5515,-0.0361,1,1,TRAIN
2026-01-02,KNOW_TOP5,UP,JINDALSTEL.NS,0.8399,1.0,HIGH,0.1203,-0.5184,1,0,TRAIN
2026-01-02,KNOW_TOP5,UP,BLUESTARCO.NS,0.8152,1.0,HIGH,1.8061,1.4647,1,0,TRAIN
2026-01-02,KNOW_TOP5,UP,VOLTAS.NS,0.794,1.0,HIGH,3.2583,5.4118,1,1,TRAIN
2026-01-02,KNOW_TOP5,UP,JSWENERGY.NS,0.7925,1.0,HIGH,1.2239,0.3819,1,0,TRAIN
2026-01-02,V3_TOP5,UP,SJVN.NS,0.9372,1.0,HIGH,5.5515,-0.0361,1,1,TRAIN
2026-01-02,V3_TOP5,UP,AJANTPHARM.NS,0.9145,0.625,HIGH,-1.2342,-3.228,0,0,TRAIN
2026-01-02,V3_TOP5,UP,CRAFTSMAN.NS,0.9056,0.75,HIGH,-0.1435,-2.5894,0,0,TRAIN
2026-01-02,V3_TOP5,UP,ZYDUSWELL.NS,0.8833,0.625,HIGH,2.3754,0.4878,1,1,TRAIN
2026-01-02,V3_TOP5,UP,TORNTPOWER.NS,0.8539,0.875,HIGH,0.3144,-0.1858,1,0,TRAIN
2026-01-02,RAND_TOP5,UP,ZYDUSWELL.NS,0.8833,0.625,HIGH,2.3754,0.4878,1,1,TRAIN
2026-01-02,RAND_TOP5,UP,SJVN.NS,0.9372,1.0,HIGH,5.5515,-0.0361,1,1,TRAIN
2026-01-02,RAND_TOP5,UP,SAIL.NS,0.8278,0.5,MEDIUM,2.292,1.9665,1,1,TRAIN
2026-01-02,RAND_TOP5,UP,JINDALSTEL.NS,0.8399,1.0,HIGH,0.1203,-0.5184,1,0,TRAIN
2026-01-02,RAND_TOP5,UP,MIDHANI.NS,0.7899,0.875,HIGH,-1.1685,1.8865,0,0,TRAIN
2026-01-05,KNOW_TOP5,UP,SOBHA.NS,0.8891,1.0,HIGH,-1.801,-0.4312,0,0,TRAIN
2026-01-05,KNOW_TOP5,UP,BLUESTARCO.NS,0.8739,1.0,HIGH,-1.3684,-1.6064,0,0,TRAIN
2026-01-05,KNOW_TOP5,UP,VOLTAS.NS,0.8543,1.0,HIGH,0.6365,-0.5214,1,0,TRAIN
2026-01-05,KNOW_TOP5,UP,UNIONBANK.NS,0.7959,1.0,HIGH,2.0818,-0.5543,1,1,TRAIN
2026-01-05,KNOW_TOP5,UP,FINPIPE.NS,0.7664,1.0,HIGH,-1.5799,-3.5193,0,0,TRAIN
2026-01-05,V3_TOP5,UP,SJVN.NS,0.9638,0.75,HIGH,-3.7536,-8.591,0,0,TRAIN
2026-01-05,V3_TOP5,UP,SOBHA.NS,0.8891,1.0,HIGH,-1.801,-0.4312,0,0,TRAIN
2026-01-05,V3_TOP5,UP,BLUESTARCO.NS,0.8739,1.0,HIGH,-1.3684,-1.6064,0,0,TRAIN
2026-01-05,V3_TOP5,UP,SAIL.NS,0.8674,0.75,HIGH,-2.9234,-2.9102,0,0,TRAIN
2026-01-05,V3_TOP5,UP,VOLTAS.NS,0.8543,1.0,HIGH,0.6365,-0.5214,1,0,TRAIN
2026-01-05,RAND_TOP5,UP,SAIL.NS,0.8674,0.75,HIGH,-2.9234,-2.9102,0,0,TRAIN
2026-01-05,RAND_TOP5,UP,SJVN.NS,0.9638,0.75,HIGH,-3.7536,-8.591,0,0,TRAIN
2026-01-05,RAND_TOP5,UP,BOSCHLTD.NS,0.8133,0.625,HIGH,-0.5361,-1.302,0,0,TRAIN
2026-01-05,RAND_TOP5,UP,NHPC.NS,0.8135,0.75,HIGH,-0.1554,-1.781,0,0,TRAIN
2026-01-05,RAND_TOP5,UP,ASHOKLEY.NS,0.7565,0.5,MEDIUM,-0.8575,-1.7256,0,0,TRAIN
2026-01-06,KNOW_TOP5,UP,VOLTAS.NS,0.902,1.0,HIGH,1.4399,-1.3053,1,0,TRAIN
2026-01-06,KNOW_TOP5,UP,INDUSINDBK.NS,0.8632,1.0,HIGH,-1.7938,-3.5001,0,0,TRAIN
2026-01-06,KNOW_TOP5,UP,BDL.NS,0.8246,1.0,HIGH,-0.1945,-1.4263,0,0,TRAIN
2026-01-06,KNOW_TOP5,UP,APOLLOTYRE.NS,0.8005,1.0,HIGH,-0.3754,-2.9066,0,0,TRAIN
2026-01-06,KNOW_TOP5,UP,SJVN.NS,0.9517,0.875,HIGH,-1.6003,-7.385,0,0,TRAIN
2026-01-06,V3_TOP5,UP,SJVN.NS,0.9517,0.875,HIGH,-1.6003,-7.385,0,0,TRAIN
2026-01-06,V3_TOP5,UP,VOLTAS.NS,0.902,1.0,HIGH,1.4399,-1.3053,1,0,TRAIN
2026-01-06,V3_TOP5,UP,INDUSINDBK.NS,0.8632,1.0,HIGH,-1.7938,-3.5001,0,0,TRAIN
2026-01-06,V3_TOP5,UP,CRAFTSMAN.NS,0.8441,0.625,HIGH,-2.6865,-4.9928,0,0,TRAIN
2026-01-06,V3_TOP5,UP,HFCL.NS,0.8407,0.875,HIGH,0.2159,-6.5928,1,0,TRAIN
2026-01-06,RAND_TOP5,UP,CRAFTSMAN.NS,0.8441,0.625,HIGH,-2.6865,-4.9928,0,0,TRAIN
2026-01-06,RAND_TOP5,UP,SJVN.NS,0.9517,0.875,HIGH,-1.6003,-7.385,0,0,TRAIN
2026-01-06,RAND_TOP5,UP,RECLTD.NS,0.8022,0.875,HIGH,0.6269,-5.0281,1,0,TRAIN
2026-01-06,RAND_TOP5,UP,BDL.NS,0.8246,1.0,HIGH,-0.1945,-1.4263,0,0,TRAIN
2026-01-06,RAND_TOP5,UP,TORNTPOWER.NS,0.7707,0.75,HIGH,-0.8659,-6.2243,0,0,TRAIN
2026-01-07,KNOW_TOP5,UP,BLUESTARCO.NS,0.916,1.0,HIGH,-1.2753,-2.6808,0,0,TRAIN
2026-01-07,KNOW_TOP5,UP,SOLARINDS.NS,0.9032,1.0,HIGH,0.9304,-2.1459,1,0,TRAIN
2026-01-07,KNOW_TOP5,UP,KALYANKJIL.NS,0.883,1.0,HIGH,-1.7187,-3.7158,0,0,TRAIN
2026-01-07,KNOW_TOP5,UP,NATCOPHARM.NS,0.8027,1.0,HIGH,-3.8474,-9.3278,0,0,TRAIN
2026-01-07,KNOW_TOP5,UP,YESBANK.NS,0.7939,1.0,HIGH,-3.3191,-2.2979,0,0,TRAIN
2026-01-07,V3_TOP5,UP,BLUESTARCO.NS,0.916,1.0,HIGH,-1.2753,-2.6808,0,0,TRAIN
2026-01-07,V3_TOP5,UP,NATIONALUM.NS,0.9129,0.75,HIGH,-5.4169,-0.7232,0,0,TRAIN
2026-01-07,V3_TOP5,UP,SOLARINDS.NS,0.9032,1.0,HIGH,0.9304,-2.1459,1,0,TRAIN
2026-01-07,V3_TOP5,UP,VOLTAS.NS,0.8964,0.75,HIGH,-2.5537,-2.6134,0,0,TRAIN
2026-01-07,V3_TOP5,UP,KALYANKJIL.NS,0.883,1.0,HIGH,-1.7187,-3.7158,0,0,TRAIN
2026-01-07,RAND_TOP5,UP,VOLTAS.NS,0.8964,0.75,HIGH,-2.5537,-2.6134,0,0,TRAIN
2026-01-07,RAND_TOP5,UP,BLUESTARCO.NS,0.916,1.0,HIGH,-1.2753,-2.6808,0,0,TRAIN
2026-01-07,RAND_TOP5,UP,NATCOPHARM.NS,0.8027,1.0,HIGH,-3.8474,-9.3278,0,0,TRAIN
2026-01-07,RAND_TOP5,UP,SJVN.NS,0.818,0.625,HIGH,-3.4815,-2.9876,0,0,TRAIN
2026-01-07,RAND_TOP5,UP,CROMPTON.NS,0.768,0.875,HIGH,-2.2016,-4.6688,0,0,TRAIN
2026-01-08,KNOW_TOP5,UP,SOLARINDS.NS,0.9318,1.0,HIGH,-1.9402,-5.62,0,0,TRAIN
2026-01-08,KNOW_TOP5,UP,KALYANKJIL.NS,0.8738,1.0,HIGH,-0.9574,-3.1946,0,0,TRAIN
2026-01-08,KNOW_TOP5,UP,APOLLOTYRE.NS,0.8534,1.0,HIGH,-2.9907,0.1058,0,0,TRAIN
2026-01-08,KNOW_TOP5,UP,ALKEM.NS,0.785,1.0,HIGH,0.1036,1.217,1,0,TRAIN
2026-01-08,KNOW_TOP5,UP,BEL.NS,0.7692,1.0,HIGH,0.7218,-0.4691,1,0,TRAIN
2026-01-08,V3_TOP5,UP,SOLARINDS.NS,0.9318,1.0,HIGH,-1.9402,-5.62,0,0,TRAIN
2026-01-08,V3_TOP5,UP,SOBHA.NS,0.89,0.875,HIGH,-0.8216,-2.3756,0,0,TRAIN
2026-01-08,V3_TOP5,UP,DATAPATTNS.NS,0.8842,0.75,HIGH,-1.2591,-3.4607,0,0,TRAIN
2026-01-08,V3_TOP5,UP,KALYANKJIL.NS,0.8738,1.0,HIGH,-0.9574,-3.1946,0,0,TRAIN
2026-01-08,V3_TOP5,UP,NATIONALUM.NS,0.8714,0.75,HIGH,4.3628,7.1664,1,1,TRAIN
2026-01-08,RAND_TOP5,UP,KALYANKJIL.NS,0.8738,1.0,HIGH,-0.9574,-3.1946,0,0,TRAIN
2026-01-08,RAND_TOP5,UP,SOLARINDS.NS,0.9318,1.0,HIGH,-1.9402,-5.62,0,0,TRAIN
2026-01-08,RAND_TOP5,UP,SJVN.NS,0.801,0.5,MEDIUM,-2.4838,-0.8737,0,0,TRAIN
2026-01-08,RAND_TOP5,UP,BDL.NS,0.808,0.875,HIGH,-0.8542,-0.7238,0,0,TRAIN
2026-01-08,RAND_TOP5,UP,VOLTAS.NS,0.7398,0.625,HIGH,-0.1566,-0.5718,0,0,TRAIN
2026-01-09,KNOW_TOP5,UP,BEL.NS,0.7841,1.0,HIGH,-0.2269,-0.2508,0,0,TRAIN
2026-01-09,KNOW_TOP5,UP,ALKEM.NS,0.772,1.0,HIGH,1.1726,0.5432,1,0,TRAIN
2026-01-09,KNOW_TOP5,UP,SOLARINDS.NS,0.9031,0.875,HIGH,-1.1296,-2.3956,0,0,TRAIN
2026-01-09,KNOW_TOP5,UP,SOBHA.NS,0.8729,0.875,HIGH,-0.5009,-0.5009,0,0,TRAIN
2026-01-09,KNOW_TOP5,UP,MAZDOCK.NS,0.8594,0.875,HIGH,0.8278,-1.1878,1,0,TRAIN
2026-01-09,V3_TOP5,UP,SOLARINDS.NS,0.9031,0.875,HIGH,-1.1296,-2.3956,0,0,TRAIN
2026-01-09,V3_TOP5,UP,NATIONALUM.NS,0.8949,0.625,HIGH,0.5746,7.3265,1,0,TRAIN
2026-01-09,V3_TOP5,UP,GRSE.NS,0.8932,0.75,HIGH,1.0676,-0.9453,1,0,TRAIN
2026-01-09,V3_TOP5,UP,SOBHA.NS,0.8729,0.875,HIGH,-0.5009,-0.5009,0,0,TRAIN
2026-01-09,V3_TOP5,UP,DATAPATTNS.NS,0.8647,0.625,HIGH,-1.2676,-2.7201,0,0,TRAIN
2026-01-09,RAND_TOP5,UP,SOBHA.NS,0.8729,0.875,HIGH,-0.5009,-0.5009,0,0,TRAIN
2026-01-09,RAND_TOP5,UP,SOLARINDS.NS,0.9031,0.875,HIGH,-1.1296,-2.3956,0,0,TRAIN
2026-01-09,RAND_TOP5,UP,PARAS.NS,0.8145,0.5,MEDIUM,0.3602,-1.279,1,0,TRAIN
2026-01-09,RAND_TOP5,UP,BDL.NS,0.8522,0.875,HIGH,0.8221,-0.4538,1,0,TRAIN
2026-01-09,RAND_TOP5,UP,COFORGE.NS,0.7522,0.625,HIGH,0.9217,0.0,1,0,TRAIN
2026-01-12,KNOW_TOP5,UP,CENTUM.NS,0.9891,1.0,HIGH,-0.0515,-0.1329,0,0,TRAIN
2026-01-12,KNOW_TOP5,UP,BSE.NS,0.893,1.0,HIGH,1.4835,1.6556,1,0,TRAIN
2026-01-12,KNOW_TOP5,UP,ALKEM.NS,0.7857,1.0,HIGH,-0.0597,-0.6221,0,0,TRAIN
2026-01-12,KNOW_TOP5,UP,HCLTECH.NS,0.7597,1.0,HIGH,-0.1559,0.054,0,0,TRAIN
2026-01-12,KNOW_TOP5,UP,ASIANPAINT.NS,0.7296,1.0,HIGH,-0.3487,-2.8484,0,0,TRAIN
2026-01-12,V3_TOP5,UP,CENTUM.NS,0.9891,1.0,HIGH,-0.0515,-0.1329,0,0,TRAIN
2026-01-12,V3_TOP5,UP,BSE.NS,0.893,1.0,HIGH,1.4835,1.6556,1,0,TRAIN
2026-01-12,V3_TOP5,UP,NATIONALUM.NS,0.8721,0.5,MEDIUM,2.0997,6.7133,1,1,TRAIN
2026-01-12,V3_TOP5,UP,IDEA.NS,0.8301,0.5,MEDIUM,-4.0,-1.5111,0,0,TRAIN
2026-01-12,V3_TOP5,UP,DIVISLAB.NS,0.7981,0.625,HIGH,-0.7555,-2.0045,0,0,TRAIN
2026-01-12,RAND_TOP5,UP,IDEA.NS,0.8301,0.5,MEDIUM,-4.0,-1.5111,0,0,TRAIN
2026-01-12,RAND_TOP5,UP,CENTUM.NS,0.9891,1.0,HIGH,-0.0515,-0.1329,0,0,TRAIN
2026-01-12,RAND_TOP5,UP,HCLTECH.NS,0.7597,1.0,HIGH,-0.1559,0.054,0,0,TRAIN
2026-01-12,RAND_TOP5,UP,COFORGE.NS,0.7663,0.5,MEDIUM,0.6717,-0.9133,1,0,TRAIN
2026-01-12,RAND_TOP5,UP,ASIANPAINT.NS,0.7296,1.0,HIGH,-0.3487,-2.8484,0,0,TRAIN
2026-01-13,KNOW_TOP5,UP,ALKYLAMINE.NS,0.9451,1.0,HIGH,1.9741,-0.9746,1,0,TRAIN
2026-01-13,KNOW_TOP5,UP,OIL.NS,0.9015,1.0,HIGH,2.255,0.1674,1,1,TRAIN
2026-01-13,KNOW_TOP5,UP,TECHM.NS,0.7156,1.0,HIGH,-1.6287,3.4493,0,0,TRAIN
2026-01-13,KNOW_TOP5,UP,CENTUM.NS,0.9671,0.875,HIGH,-0.0815,-1.0684,0,0,TRAIN
2026-01-13,KNOW_TOP5,UP,NAVINFLUOR.NS,0.8968,0.875,HIGH,0.7348,2.814,1,0,TRAIN
2026-01-13,V3_TOP5,UP,CENTUM.NS,0.9671,0.875,HIGH,-0.0815,-1.0684,0,0,TRAIN
2026-01-13,V3_TOP5,UP,ALKYLAMINE.NS,0.9451,1.0,HIGH,1.9741,-0.9746,1,0,TRAIN
2026-01-13,V3_TOP5,UP,OIL.NS,0.9015,1.0,HIGH,2.255,0.1674,1,1,TRAIN
2026-01-13,V3_TOP5,UP,NAVINFLUOR.NS,0.8968,0.875,HIGH,0.7348,2.814,1,0,TRAIN
2026-01-13,V3_TOP5,UP,MANAPPURAM.NS,0.878,0.75,HIGH,0.3084,1.9315,1,0,TRAIN
2026-01-13,RAND_TOP5,UP,NAVINFLUOR.NS,0.8968,0.875,HIGH,0.7348,2.814,1,0,TRAIN
2026-01-13,RAND_TOP5,UP,CENTUM.NS,0.9671,0.875,HIGH,-0.0815,-1.0684,0,0,TRAIN
2026-01-13,RAND_TOP5,UP,NATIONALUM.NS,0.7898,0.5,MEDIUM,4.5187,1.1752,1,1,TRAIN
2026-01-13,RAND_TOP5,UP,COFORGE.NS,0.8046,0.625,HIGH,-1.5745,1.393,0,0,TRAIN
2026-01-13,RAND_TOP5,UP,COROMANDEL.NS,0.7215,0.625,HIGH,-1.3141,-1.2673,0,0,TRAIN
2026-01-14,KNOW_TOP5,UP,MRPL.NS,0.9782,1.0,HIGH,0.0,-9.5358,0,0,TRAIN
2026-01-14,KNOW_TOP5,UP,ALKYLAMINE.NS,0.9326,1.0,HIGH,0.0,-2.6055,0,0,TRAIN
2026-01-14,KNOW_TOP5,UP,INDUSINDBK.NS,0.8762,1.0,HIGH,0.0,0.5611,0,0,TRAIN
2026-01-14,KNOW_TOP5,UP,ONGC.NS,0.8162,1.0,HIGH,0.0,-2.0626,0,0,TRAIN
2026-01-14,KNOW_TOP5,UP,TATASTEEL.NS,0.8096,1.0,HIGH,0.0,-0.5178,0,0,TRAIN
2026-01-14,V3_TOP5,UP,MRPL.NS,0.9782,1.0,HIGH,0.0,-9.5358,0,0,TRAIN
2026-01-14,V3_TOP5,UP,ALKYLAMINE.NS,0.9326,1.0,HIGH,0.0,-2.6055,0,0,TRAIN
2026-01-14,V3_TOP5,UP,OIL.NS,0.9326,0.875,HIGH,0.0,-4.8472,0,0,TRAIN
2026-01-14,V3_TOP5,UP,HINDZINC.NS,0.9324,0.875,HIGH,0.0,0.9477,0,0,TRAIN
2026-01-14,V3_TOP5,UP,VEDL.NS,0.8797,0.75,HIGH,0.0,-0.1406,0,0,TRAIN
2026-01-14,RAND_TOP5,UP,HINDZINC.NS,0.9324,0.875,HIGH,0.0,0.9477,0,0,TRAIN
2026-01-14,RAND_TOP5,UP,MRPL.NS,0.9782,1.0,HIGH,0.0,-9.5358,0,0,TRAIN
2026-01-14,RAND_TOP5,UP,TATASTEEL.NS,0.8096,1.0,HIGH,0.0,-0.5178,0,0,TRAIN
2026-01-14,RAND_TOP5,UP,VEDL.NS,0.8797,0.75,HIGH,0.0,-0.1406,0,0,TRAIN
2026-01-14,RAND_TOP5,UP,MGL.NS,0.7221,0.25,LOW,0.0,4.731,0,0,TRAIN
2026-01-16,KNOW_TOP5,UP,FEDERALBNK.NS,0.9073,1.0,HIGH,3.4968,2.1647,1,1,TRAIN
2026-01-16,KNOW_TOP5,UP,RBLBANK.NS,0.9024,1.0,HIGH,-6.7006,-8.3487,0,0,TRAIN
2026-01-16,KNOW_TOP5,UP,NAVINFLUOR.NS,0.8732,1.0,HIGH,-0.7147,-5.7663,0,0,TRAIN
2026-01-16,KNOW_TOP5,UP,INDIAMART.NS,0.8288,1.0,HIGH,-4.1328,-1.066,0,0,TRAIN
2026-01-16,KNOW_TOP5,UP,TECHM.NS,0.7637,1.0,HIGH,2.8614,0.9698,1,1,TRAIN
2026-01-16,V3_TOP5,UP,MRPL.NS,0.979,0.875,HIGH,-5.2955,0.595,0,0,TRAIN
2026-01-16,V3_TOP5,UP,FEDERALBNK.NS,0.9073,1.0,HIGH,3.4968,2.1647,1,1,TRAIN
2026-01-16,V3_TOP5,UP,RBLBANK.NS,0.9024,1.0,HIGH,-6.7006,-8.3487,0,0,TRAIN
2026-01-16,V3_TOP5,UP,UNIONBANK.NS,0.8844,0.625,HIGH,0.7267,-2.0891,1,0,TRAIN
2026-01-16,V3_TOP5,UP,NAVINFLUOR.NS,0.8732,1.0,HIGH,-0.7147,-5.7663,0,0,TRAIN
2026-01-16,RAND_TOP5,UP,UNIONBANK.NS,0.8844,0.625,HIGH,0.7267,-2.0891,1,0,TRAIN
2026-01-16,RAND_TOP5,UP,MRPL.NS,0.979,0.875,HIGH,-5.2955,0.595,0,0,TRAIN
2026-01-16,RAND_TOP5,UP,HFCL.NS,0.8502,0.875,HIGH,-2.8815,-8.8209,0,0,TRAIN
2026-01-16,RAND_TOP5,UP,OIL.NS,0.8512,0.875,HIGH,-2.8641,-3.3657,0,0,TRAIN
2026-01-16,RAND_TOP5,UP,CANBK.NS,0.7598,0.875,HIGH,-0.1718,-4.054,0,0,TRAIN
2026-01-19,KNOW_TOP5,UP,WELCORP.NS,0.9204,1.0,HIGH,-3.7004,-3.6369,0,0,TRAIN
2026-01-19,KNOW_TOP5,UP,FEDERALBNK.NS,0.9121,1.0,HIGH,-2.306,0.8938,0,0,TRAIN
2026-01-19,KNOW_TOP5,UP,HINDZINC.NS,0.874,1.0,HIGH,3.0815,1.1887,1,1,TRAIN
2026-01-19,KNOW_TOP5,UP,MASTEK.NS,0.8522,1.0,HIGH,0.7201,-4.3888,1,0,TRAIN
2026-01-19,KNOW_TOP5,UP,OFSS.NS,0.7532,1.0,HIGH,-2.0712,-1.1701,0,0,TRAIN
2026-01-19,V3_TOP5,UP,NAVINFLUOR.NS,0.9282,0.875,HIGH,-2.8466,-3.1902,0,0,TRAIN
2026-01-19,V3_TOP5,UP,WELCORP.NS,0.9204,1.0,HIGH,-3.7004,-3.6369,0,0,TRAIN
2026-01-19,V3_TOP5,UP,FEDERALBNK.NS,0.9121,1.0,HIGH,-2.306,0.8938,0,0,TRAIN
2026-01-19,V3_TOP5,UP,UNIONBANK.NS,0.8944,0.625,HIGH,-0.9581,-1.4935,0,0,TRAIN
2026-01-19,V3_TOP5,UP,HINDZINC.NS,0.874,1.0,HIGH,3.0815,1.1887,1,1,TRAIN
2026-01-19,RAND_TOP5,UP,UNIONBANK.NS,0.8944,0.625,HIGH,-0.9581,-1.4935,0,0,TRAIN
2026-01-19,RAND_TOP5,UP,NAVINFLUOR.NS,0.9282,0.875,HIGH,-2.8466,-3.1902,0,0,TRAIN
2026-01-19,RAND_TOP5,UP,LAURUSLABS.NS,0.824,0.625,HIGH,-2.5595,-5.3543,0,0,TRAIN
2026-01-19,RAND_TOP5,UP,TECHM.NS,0.8252,0.75,HIGH,-2.3162,-1.7983,0,0,TRAIN
2026-01-19,RAND_TOP5,UP,JINDALSTEL.NS,0.7738,0.875,HIGH,-1.4968,1.9326,0,0,TRAIN
2026-01-20,KNOW_TOP5,UP,MASTEK.NS,0.832,1.0,HIGH,-2.1765,-9.7266,0,0,TRAIN
2026-01-20,KNOW_TOP5,UP,DEEPAKNTR.NS,0.8339,0.875,HIGH,-0.7858,-2.4822,0,0,TRAIN
2026-01-20,KNOW_TOP5,UP,FEDERALBNK.NS,0.824,0.875,HIGH,1.043,1.9396,1,0,TRAIN
2026-01-20,KNOW_TOP5,UP,MGL.NS,0.799,0.875,HIGH,0.8018,-1.8679,1,0,TRAIN
2026-01-20,KNOW_TOP5,UP,FINPIPE.NS,0.7639,0.875,HIGH,-0.8877,-1.121,0,0,TRAIN
2026-01-20,V3_TOP5,UP,HINDZINC.NS,0.9531,0.75,HIGH,2.4679,2.6368,1,1,TRAIN
2026-01-20,V3_TOP5,UP,WELCORP.NS,0.8998,0.75,HIGH,-1.0875,-3.691,0,0,TRAIN
2026-01-20,V3_TOP5,UP,DEEPAKNTR.NS,0.8339,0.875,HIGH,-0.7858,-2.4822,0,0,TRAIN
2026-01-20,V3_TOP5,UP,MASTEK.NS,0.832,1.0,HIGH,-2.1765,-9.7266,0,0,TRAIN
2026-01-20,V3_TOP5,UP,FEDERALBNK.NS,0.824,0.875,HIGH,1.043,1.9396,1,0,TRAIN
2026-01-20,RAND_TOP5,UP,MASTEK.NS,0.832,1.0,HIGH,-2.1765,-9.7266,0,0,TRAIN
2026-01-20,RAND_TOP5,UP,HINDZINC.NS,0.9531,0.75,HIGH,2.4679,2.6368,1,1,TRAIN
2026-01-20,RAND_TOP5,UP,UNIONBANK.NS,0.768,0.625,HIGH,-1.8551,-1.6844,0,0,TRAIN
2026-01-20,RAND_TOP5,UP,PNB.NS,0.7863,0.75,HIGH,-1.4153,-4.4685,0,0,TRAIN
2026-01-20,RAND_TOP5,UP,INDUSINDBK.NS,0.7091,0.5,MEDIUM,0.221,-1.4031,1,0,TRAIN
2026-01-21,KNOW_TOP5,UP,DABUR.NS,0.7401,1.0,HIGH,1.7726,-0.5424,1,0,TRAIN
2026-01-21,KNOW_TOP5,UP,INDIAMART.NS,0.885,0.875,HIGH,-2.3492,-3.4576,0,0,TRAIN
2026-01-21,KNOW_TOP5,UP,NAUKRI.NS,0.8196,0.875,HIGH,-1.0053,-4.0438,0,0,TRAIN
2026-01-21,KNOW_TOP5,UP,FEDERALBNK.NS,0.7894,0.875,HIGH,2.2093,3.2054,1,1,TRAIN
2026-01-21,KNOW_TOP5,UP,HINDZINC.NS,0.9053,0.75,HIGH,-4.2004,4.2506,0,0,TRAIN
2026-01-21,V3_TOP5,UP,HINDZINC.NS,0.9053,0.75,HIGH,-4.2004,4.2506,0,0,TRAIN
2026-01-21,V3_TOP5,UP,INDIAMART.NS,0.885,0.875,HIGH,-2.3492,-3.4576,0,0,TRAIN
2026-01-21,V3_TOP5,UP,VGUARD.NS,0.8645,0.75,HIGH,0.2104,1.9417,1,0,TRAIN
2026-01-21,V3_TOP5,UP,NOCIL.NS,0.856,0.625,HIGH,-3.5872,-6.6517,0,0,TRAIN
2026-01-21,V3_TOP5,UP,NAUKRI.NS,0.8196,0.875,HIGH,-1.0053,-4.0438,0,0,TRAIN
2026-01-21,RAND_TOP5,UP,NOCIL.NS,0.856,0.625,HIGH,-3.5872,-6.6517,0,0,TRAIN
2026-01-21,RAND_TOP5,UP,HINDZINC.NS,0.9053,0.75,HIGH,-4.2004,4.2506,0,0,TRAIN
2026-01-21,RAND_TOP5,UP,STLTECH.NS,0.7988,0.5,MEDIUM,0.7667,-6.8683,1,0,TRAIN
2026-01-21,RAND_TOP5,UP,WELCORP.NS,0.806,0.5,MEDIUM,1.1661,-3.7982,1,0,TRAIN
2026-01-21,RAND_TOP5,UP,ADANIENSOL.NS,0.7251,0.5,MEDIUM,2.8355,-5.5821,1,1,TRAIN
2026-01-22,KNOW_TOP5,UP,FEDERALBNK.NS,0.8841,1.0,HIGH,-1.2934,0.7973,0,0,TRAIN
2026-01-22,KNOW_TOP5,UP,JINDALSTEL.NS,0.749,1.0,HIGH,-1.1524,4.0335,0,0,TRAIN
2026-01-22,KNOW_TOP5,UP,IDFCFIRSTB.NS,0.7442,1.0,HIGH,-1.4371,-1.5083,0,0,TRAIN
2026-01-22,KNOW_TOP5,UP,DABUR.NS,0.7362,1.0,HIGH,-1.2087,-1.8274,0,0,TRAIN
2026-01-22,KNOW_TOP5,UP,ASHOKLEY.NS,0.7341,1.0,HIGH,1.419,2.654,1,0,TRAIN
2026-01-22,V3_TOP5,UP,RADICO.NS,0.956,0.875,HIGH,-0.8303,-8.0354,0,0,TRAIN
2026-01-22,V3_TOP5,UP,FEDERALBNK.NS,0.8841,1.0,HIGH,-1.2934,0.7973,0,0,TRAIN
2026-01-22,V3_TOP5,UP,OFSS.NS,0.8531,0.875,HIGH,0.7471,1.4626,1,0,TRAIN
2026-01-22,V3_TOP5,UP,WELCORP.NS,0.8423,0.625,HIGH,-3.7544,-1.4491,0,0,TRAIN
2026-01-22,V3_TOP5,UP,POLICYBZR.NS,0.8295,0.75,HIGH,-2.3737,-3.5868,0,0,TRAIN
2026-01-22,RAND_TOP5,UP,WELCORP.NS,0.8423,0.625,HIGH,-3.7544,-1.4491,0,0,TRAIN
2026-01-22,RAND_TOP5,UP,RADICO.NS,0.956,0.875,HIGH,-0.8303,-8.0354,0,0,TRAIN
2026-01-22,RAND_TOP5,UP,INDIAMART.NS,0.7877,0.625,HIGH,-0.7868,-1.135,0,0,TRAIN
2026-01-22,RAND_TOP5,UP,HINDZINC.NS,0.7901,0.75,HIGH,4.5567,5.9783,1,1,TRAIN
2026-01-22,RAND_TOP5,UP,DABUR.NS,0.7362,1.0,HIGH,-1.2087,-1.8274,0,0,TRAIN
2026-01-23,KNOW_TOP5,UP,HINDZINC.NS,0.9558,1.0,HIGH,4.079,2.3615,1,1,TRAIN
2026-01-23,KNOW_TOP5,UP,ASHOKLEY.NS,0.8573,1.0,HIGH,0.0104,0.5596,1,0,TRAIN
2026-01-23,KNOW_TOP5,UP,DRREDDY.NS,0.7867,1.0,HIGH,0.3399,-2.1609,1,0,TRAIN
2026-01-23,KNOW_TOP5,UP,RADICO.NS,0.9553,0.875,HIGH,-1.2829,-8.8015,0,0,TRAIN
2026-01-23,KNOW_TOP5,UP,JINDALSTEL.NS,0.7934,0.875,HIGH,1.6077,9.0259,1,0,TRAIN
2026-01-23,V3_TOP5,UP,HINDZINC.NS,0.9558,1.0,HIGH,4.079,2.3615,1,1,TRAIN
2026-01-23,V3_TOP5,UP,RADICO.NS,0.9553,0.875,HIGH,-1.2829,-8.8015,0,0,TRAIN
2026-01-23,V3_TOP5,UP,POLICYBZR.NS,0.8597,0.625,HIGH,-2.6346,-1.7146,0,0,TRAIN
2026-01-23,V3_TOP5,UP,ASHOKLEY.NS,0.8573,1.0,HIGH,0.0104,0.5596,1,0,TRAIN
2026-01-23,V3_TOP5,UP,NATIONALUM.NS,0.84,0.75,HIGH,3.7637,15.7021,1,1,TRAIN
2026-01-23,RAND_TOP5,UP,ASHOKLEY.NS,0.8573,1.0,HIGH,0.0104,0.5596,1,0,TRAIN
2026-01-23,RAND_TOP5,UP,HINDZINC.NS,0.9558,1.0,HIGH,4.079,2.3615,1,1,TRAIN
2026-01-23,RAND_TOP5,UP,DRREDDY.NS,0.7867,1.0,HIGH,0.3399,-2.1609,1,0,TRAIN
2026-01-23,RAND_TOP5,UP,SAIL.NS,0.7893,0.625,HIGH,4.3817,5.4687,1,1,TRAIN
2026-01-23,RAND_TOP5,UP,IDFCFIRSTB.NS,0.6862,0.625,HIGH,0.6145,0.5784,1,0,TRAIN
2026-01-27,KNOW_TOP5,UP,SAIL.NS,0.8613,1.0,HIGH,0.1157,-2.8478,1,0,TRAIN
2026-01-27,KNOW_TOP5,UP,HINDALCO.NS,0.7012,1.0,HIGH,3.7792,0.078,1,1,TRAIN
2026-01-27,KNOW_TOP5,UP,HINDZINC.NS,0.9125,0.875,HIGH,-2.6128,-13.5726,0,0,TRAIN
2026-01-27,KNOW_TOP5,UP,GRANULES.NS,0.887,0.875,HIGH,-2.4521,-1.4678,0,0,TRAIN
2026-01-27,KNOW_TOP5,UP,GRSE.NS,0.8478,0.875,HIGH,5.4909,15.7732,1,1,TRAIN
2026-01-27,V3_TOP5,UP,HINDZINC.NS,0.9125,0.875,HIGH,-2.6128,-13.5726,0,0,TRAIN
2026-01-27,V3_TOP5,UP,RADICO.NS,0.9026,0.75,HIGH,-6.0602,-3.2798,0,0,TRAIN
2026-01-27,V3_TOP5,UP,GRANULES.NS,0.887,0.875,HIGH,-2.4521,-1.4678,0,0,TRAIN
2026-01-27,V3_TOP5,UP,METROBRAND.NS,0.8851,0.75,HIGH,-3.3613,-1.0922,0,0,TRAIN
2026-01-27,V3_TOP5,UP,SAIL.NS,0.8613,1.0,HIGH,0.1157,-2.8478,1,0,TRAIN
2026-01-27,RAND_TOP5,UP,METROBRAND.NS,0.8851,0.75,HIGH,-3.3613,-1.0922,0,0,TRAIN
2026-01-27,RAND_TOP5,UP,HINDZINC.NS,0.9125,0.875,HIGH,-2.6128,-13.5726,0,0,TRAIN
2026-01-27,RAND_TOP5,UP,SUDARSCHEM.NS,0.7743,0.375,MEDIUM,0.913,3.0244,1,0,TRAIN
2026-01-27,RAND_TOP5,UP,COCHINSHIP.NS,0.7897,0.875,HIGH,6.5524,8.9817,1,1,TRAIN
2026-01-27,RAND_TOP5,UP,DRREDDY.NS,0.7063,0.875,HIGH,-1.3954,-1.7503,0,0,TRAIN
2026-01-28,KNOW_TOP5,UP,DATAPATTNS.NS,0.9846,1.0,HIGH,-1.8425,-2.0302,0,0,TRAIN
2026-01-28,KNOW_TOP5,UP,MRPL.NS,0.9778,1.0,HIGH,7.91,8.2271,1,1,TRAIN
2026-01-28,KNOW_TOP5,UP,STLTECH.NS,0.9702,1.0,HIGH,-3.4403,6.6196,0,0,TRAIN
2026-01-28,KNOW_TOP5,UP,GRSE.NS,0.9317,1.0,HIGH,2.6323,2.5728,1,1,TRAIN
2026-01-28,KNOW_TOP5,UP,PARAS.NS,0.9073,1.0,HIGH,2.0858,-4.1861,1,1,TRAIN
2026-01-28,V3_TOP5,UP,DATAPATTNS.NS,0.9846,1.0,HIGH,-1.8425,-2.0302,0,0,TRAIN
2026-01-28,V3_TOP5,UP,MRPL.NS,0.9778,1.0,HIGH,7.91,8.2271,1,1,TRAIN
2026-01-28,V3_TOP5,UP,STLTECH.NS,0.9702,1.0,HIGH,-3.4403,6.6196,0,0,TRAIN
2026-01-28,V3_TOP5,UP,GRSE.NS,0.9317,1.0,HIGH,2.6323,2.5728,1,1,TRAIN
2026-01-28,V3_TOP5,UP,OIL.NS,0.9215,0.75,HIGH,4.9439,-1.4679,1,1,TRAIN
2026-01-28,RAND_TOP5,UP,GRSE.NS,0.9317,1.0,HIGH,2.6323,2.5728,1,1,TRAIN
2026-01-28,RAND_TOP5,UP,DATAPATTNS.NS,0.9846,1.0,HIGH,-1.8425,-2.0302,0,0,TRAIN
2026-01-28,RAND_TOP5,UP,OLECTRA.NS,0.8851,0.875,HIGH,-2.444,-1.0107,0,0,TRAIN
2026-01-28,RAND_TOP5,UP,TEJASNET.NS,0.8944,0.75,HIGH,-3.908,-3.1854,0,0,TRAIN
2026-01-28,RAND_TOP5,UP,CRAFTSMAN.NS,0.8205,1.0,HIGH,-5.9512,-3.7082,0,0,TRAIN
2026-01-29,KNOW_TOP5,UP,GRSE.NS,0.9417,1.0,HIGH,6.9323,-1.5048,1,1,TRAIN
2026-01-29,KNOW_TOP5,UP,PARAS.NS,0.9022,1.0,HIGH,1.836,-5.7294,1,0,TRAIN
2026-01-29,KNOW_TOP5,UP,MOIL.NS,0.8621,1.0,HIGH,-3.4314,-12.9603,0,0,TRAIN
2026-01-29,KNOW_TOP5,UP,SHYAMMETL.NS,0.8201,1.0,HIGH,-1.6652,-2.1878,0,0,TRAIN
2026-01-29,KNOW_TOP5,UP,NMDC.NS,0.8087,1.0,HIGH,-4.0071,-3.487,0,0,TRAIN
2026-01-29,V3_TOP5,UP,MRPL.NS,0.9752,0.875,HIGH,-0.2261,1.3338,0,0,TRAIN
2026-01-29,V3_TOP5,UP,MIDHANI.NS,0.9573,0.875,HIGH,-3.1613,-6.5419,0,0,TRAIN
2026-01-29,V3_TOP5,UP,DATAPATTNS.NS,0.9495,0.875,HIGH,4.2654,1.721,1,1,TRAIN
2026-01-29,V3_TOP5,UP,GRSE.NS,0.9417,1.0,HIGH,6.9323,-1.5048,1,1,TRAIN
2026-01-29,V3_TOP5,UP,OIL.NS,0.9376,0.75,HIGH,-0.9131,-5.0219,0,0,TRAIN
2026-01-29,RAND_TOP5,UP,GRSE.NS,0.9417,1.0,HIGH,6.9323,-1.5048,1,1,TRAIN
2026-01-29,RAND_TOP5,UP,MRPL.NS,0.9752,0.875,HIGH,-0.2261,1.3338,0,0,TRAIN
2026-01-29,RAND_TOP5,UP,RVNL.NS,0.8905,0.75,HIGH,0.5711,-4.9202,1,0,TRAIN
2026-01-29,RAND_TOP5,UP,NATIONALUM.NS,0.893,0.75,HIGH,-10.1201,-13.5245,0,0,TRAIN
2026-01-29,RAND_TOP5,UP,VEDL.NS,0.7966,0.75,HIGH,-11.0654,-11.8353,0,0,TRAIN
2026-01-30,KNOW_TOP5,UP,STLTECH.NS,0.9772,1.0,HIGH,3.7424,21.6737,1,1,TRAIN
2026-01-30,KNOW_TOP5,UP,DATAPATTNS.NS,0.956,1.0,HIGH,-4.2743,-1.9912,0,0,TRAIN
2026-01-30,KNOW_TOP5,UP,IDEAFORGE.NS,0.9255,1.0,HIGH,-7.1289,-5.4713,0,0,TRAIN
2026-01-30,KNOW_TOP5,UP,PARAS.NS,0.8966,1.0,HIGH,-7.8358,-7.4149,0,0,TRAIN
2026-01-30,KNOW_TOP5,UP,RATNAMANI.NS,0.8829,1.0,HIGH,-6.4014,-6.5052,0,0,TRAIN
2026-01-30,V3_TOP5,UP,STLTECH.NS,0.9772,1.0,HIGH,3.7424,21.6737,1,1,TRAIN
2026-01-30,V3_TOP5,UP,GRSE.NS,0.9618,0.75,HIGH,-6.5372,-8.7476,0,0,TRAIN
2026-01-30,V3_TOP5,UP,DATAPATTNS.NS,0.956,1.0,HIGH,-4.2743,-1.9912,0,0,TRAIN
2026-01-30,V3_TOP5,UP,IDEAFORGE.NS,0.9255,1.0,HIGH,-7.1289,-5.4713,0,0,TRAIN
2026-01-30,V3_TOP5,UP,OIL.NS,0.9034,0.625,HIGH,-5.2446,-0.5784,0,0,TRAIN
2026-01-30,RAND_TOP5,UP,IDEAFORGE.NS,0.9255,1.0,HIGH,-7.1289,-5.4713,0,0,TRAIN
2026-01-30,RAND_TOP5,UP,STLTECH.NS,0.9772,1.0,HIGH,3.7424,21.6737,1,1,TRAIN
2026-01-30,RAND_TOP5,UP,HFCL.NS,0.876,1.0,HIGH,-3.1191,0.3498,0,0,TRAIN
2026-01-30,RAND_TOP5,UP,RATNAMANI.NS,0.8829,1.0,HIGH,-6.4014,-6.5052,0,0,TRAIN
2026-01-30,RAND_TOP5,UP,IDEA.NS,0.8329,0.75,HIGH,-3.2229,1.6115,0,0,TRAIN
2026-02-02,KNOW_TOP5,UP,STLTECH.NS,0.9923,1.0,HIGH,12.8977,21.5626,1,1,TRAIN
2026-02-02,KNOW_TOP5,UP,GODREJAGRO.NS,0.8592,1.0,HIGH,-1.0377,-0.0632,0,0,TRAIN
2026-02-02,KNOW_TOP5,UP,SYMPHONY.NS,0.8297,1.0,HIGH,-1.1385,-0.2181,0,0,TRAIN
2026-02-02,KNOW_TOP5,UP,MRPL.NS,0.9517,0.875,HIGH,1.0369,2.8908,1,0,TRAIN
2026-02-02,KNOW_TOP5,UP,GRSE.NS,0.9155,0.875,HIGH,-1.4476,-5.5893,0,0,TRAIN
2026-02-02,V3_TOP5,UP,STLTECH.NS,0.9923,1.0,HIGH,12.8977,21.5626,1,1,TRAIN
2026-02-02,V3_TOP5,UP,DATAPATTNS.NS,0.98,0.75,HIGH,1.9159,-1.3333,1,0,TRAIN
2026-02-02,V3_TOP5,UP,MRPL.NS,0.9517,0.875,HIGH,1.0369,2.8908,1,0,TRAIN
2026-02-02,V3_TOP5,UP,GRSE.NS,0.9155,0.875,HIGH,-1.4476,-5.5893,0,0,TRAIN
2026-02-02,V3_TOP5,UP,IDEA.NS,0.8744,0.625,HIGH,5.5504,3.9778,1,1,TRAIN
2026-02-02,RAND_TOP5,UP,GRSE.NS,0.9155,0.875,HIGH,-1.4476,-5.5893,0,0,TRAIN
2026-02-02,RAND_TOP5,UP,STLTECH.NS,0.9923,1.0,HIGH,12.8977,21.5626,1,1,TRAIN
2026-02-02,RAND_TOP5,UP,PARAS.NS,0.842,0.625,HIGH,0.4415,-0.51,1,0,TRAIN
2026-02-02,RAND_TOP5,UP,BEML.NS,0.8428,0.625,HIGH,0.1958,0.5644,1,0,TRAIN
2026-02-02,RAND_TOP5,UP,HFCL.NS,0.7961,0.75,HIGH,3.0841,6.8903,1,1,TRAIN
2026-02-03,KNOW_TOP5,UP,ADANIGREEN.NS,0.9563,1.0,HIGH,2.3978,4.2646,1,1,TRAIN
2026-02-03,KNOW_TOP5,UP,ADANIENSOL.NS,0.9464,1.0,HIGH,1.4111,4.4438,1,0,TRAIN
2026-02-03,KNOW_TOP5,UP,KEI.NS,0.9133,1.0,HIGH,1.2892,2.1891,1,0,TRAIN
2026-02-03,KNOW_TOP5,UP,HFCL.NS,0.8961,1.0,HIGH,0.4816,3.488,1,0,TRAIN
2026-02-03,KNOW_TOP5,UP,WELCORP.NS,0.8903,1.0,HIGH,0.797,1.9277,1,0,TRAIN
2026-02-03,V3_TOP5,UP,STLTECH.NS,0.9971,0.75,HIGH,3.8857,6.4146,1,1,TRAIN
2026-02-03,V3_TOP5,UP,ADANIGREEN.NS,0.9563,1.0,HIGH,2.3978,4.2646,1,1,TRAIN
2026-02-03,V3_TOP5,UP,ADANIENSOL.NS,0.9464,1.0,HIGH,1.4111,4.4438,1,0,TRAIN
2026-02-03,V3_TOP5,UP,GODREJPROP.NS,0.9169,0.75,HIGH,0.7238,0.0235,1,0,TRAIN
2026-02-03,V3_TOP5,UP,KEI.NS,0.9133,1.0,HIGH,1.2892,2.1891,1,0,TRAIN
2026-02-03,RAND_TOP5,UP,GODREJPROP.NS,0.9169,0.75,HIGH,0.7238,0.0235,1,0,TRAIN
2026-02-03,RAND_TOP5,UP,STLTECH.NS,0.9971,0.75,HIGH,3.8857,6.4146,1,1,TRAIN
2026-02-03,RAND_TOP5,UP,AMBER.NS,0.8606,1.0,HIGH,3.1727,7.2092,1,1,TRAIN
2026-02-03,RAND_TOP5,UP,FINEORG.NS,0.8734,1.0,HIGH,-0.0929,-2.3911,0,0,TRAIN
2026-02-03,RAND_TOP5,UP,MOTHERSON.NS,0.8121,1.0,HIGH,1.0715,-2.6541,1,0,TRAIN
2026-02-04,KNOW_TOP5,UP,NOCIL.NS,0.8942,1.0,HIGH,-2.1643,3.5153,0,0,TRAIN
2026-02-04,KNOW_TOP5,UP,TIINDIA.NS,0.8541,1.0,HIGH,-9.6989,-10.3928,0,0,TRAIN
2026-02-04,KNOW_TOP5,UP,BLUESTARCO.NS,0.8529,1.0,HIGH,-0.968,3.021,0,0,TRAIN
2026-02-04,KNOW_TOP5,UP,ADANIPORTS.NS,0.8498,1.0,HIGH,0.1467,-0.3954,1,0,TRAIN
2026-02-04,KNOW_TOP5,UP,RAJESHEXPO.NS,0.8316,1.0,HIGH,1.4441,1.8262,1,0,TRAIN
2026-02-04,V3_TOP5,UP,STLTECH.NS,0.9655,0.75,HIGH,3.6476,10.425,1,1,TRAIN
2026-02-04,V3_TOP5,UP,ONMOBILE.NS,0.914,0.875,HIGH,-2.4863,-4.4076,0,0,TRAIN
2026-02-04,V3_TOP5,UP,SAPPHIRE.NS,0.9002,0.75,HIGH,7.2443,5.4887,1,1,TRAIN
2026-02-04,V3_TOP5,UP,NOCIL.NS,0.8942,1.0,HIGH,-2.1643,3.5153,0,0,TRAIN
2026-02-04,V3_TOP5,UP,ADANIGREEN.NS,0.886,0.875,HIGH,1.3306,2.9546,1,0,TRAIN
2026-02-04,RAND_TOP5,UP,NOCIL.NS,0.8942,1.0,HIGH,-2.1643,3.5153,0,0,TRAIN
2026-02-04,RAND_TOP5,UP,STLTECH.NS,0.9655,0.75,HIGH,3.6476,10.425,1,1,TRAIN
2026-02-04,RAND_TOP5,UP,IDEA.NS,0.8437,0.75,HIGH,-0.9692,2.0264,0,0,TRAIN
2026-02-04,RAND_TOP5,UP,ADANIPORTS.NS,0.8498,1.0,HIGH,0.1467,-0.3954,1,0,TRAIN
2026-02-04,RAND_TOP5,UP,AMBER.NS,0.7969,0.875,HIGH,0.1487,10.2973,1,0,TRAIN
2026-02-05,KNOW_TOP5,UP,SAPPHIRE.NS,0.9662,1.0,HIGH,-1.0714,4.3592,0,0,TRAIN
2026-02-05,KNOW_TOP5,UP,RAJESHEXPO.NS,0.9012,1.0,HIGH,-4.3315,4.481,0,0,TRAIN
2026-02-05,KNOW_TOP5,UP,HFCL.NS,0.8691,1.0,HIGH,-0.197,1.7593,0,0,TRAIN
2026-02-05,KNOW_TOP5,UP,INDIAMART.NS,0.7831,1.0,HIGH,-1.945,-1.3974,0,0,TRAIN
2026-02-05,KNOW_TOP5,UP,PAGEIND.NS,0.7637,1.0,HIGH,-0.2245,-2.9181,0,0,TRAIN
2026-02-05,V3_TOP5,UP,STLTECH.NS,0.9924,0.75,HIGH,-1.1706,17.4172,0,0,TRAIN
2026-02-05,V3_TOP5,UP,SAPPHIRE.NS,0.9662,1.0,HIGH,-1.0714,4.3592,0,0,TRAIN
2026-02-05,V3_TOP5,UP,RAJESHEXPO.NS,0.9012,1.0,HIGH,-4.3315,4.481,0,0,TRAIN
2026-02-05,V3_TOP5,UP,RATEGAIN.NS,0.8904,0.5,MEDIUM,-3.7413,-2.0648,0,0,TRAIN
2026-02-05,V3_TOP5,UP,GODREJPROP.NS,0.8855,0.5,MEDIUM,0.5918,7.7524,1,0,TRAIN
2026-02-05,RAND_TOP5,UP,RATEGAIN.NS,0.8904,0.5,MEDIUM,-3.7413,-2.0648,0,0,TRAIN
2026-02-05,RAND_TOP5,UP,STLTECH.NS,0.9924,0.75,HIGH,-1.1706,17.4172,0,0,TRAIN
2026-02-05,RAND_TOP5,UP,HFCL.NS,0.8691,1.0,HIGH,-0.197,1.7593,0,0,TRAIN
2026-02-05,RAND_TOP5,UP,ONMOBILE.NS,0.876,0.625,HIGH,-3.4576,-0.734,0,0,TRAIN
2026-02-05,RAND_TOP5,UP,INDIAMART.NS,0.7831,1.0,HIGH,-1.945,-1.3974,0,0,TRAIN
2026-02-06,KNOW_TOP5,UP,AMBER.NS,0.8895,1.0,HIGH,6.1446,15.9036,1,1,TRAIN
2026-02-06,KNOW_TOP5,UP,NCC.NS,0.849,1.0,HIGH,1.0098,-0.4282,1,0,TRAIN
2026-02-06,KNOW_TOP5,UP,MGL.NS,0.8171,1.0,HIGH,2.4813,2.3946,1,1,TRAIN
2026-02-06,KNOW_TOP5,UP,NAVINFLUOR.NS,0.7639,1.0,HIGH,2.8126,0.2259,1,1,TRAIN
2026-02-06,KNOW_TOP5,UP,SAPPHIRE.NS,0.9359,0.875,HIGH,-0.5717,4.0904,0,0,TRAIN
2026-02-06,V3_TOP5,UP,SAPPHIRE.NS,0.9359,0.875,HIGH,-0.5717,4.0904,0,0,TRAIN
2026-02-06,V3_TOP5,UP,ONMOBILE.NS,0.8998,0.5,MEDIUM,1.5406,4.6218,1,0,TRAIN
2026-02-06,V3_TOP5,UP,STLTECH.NS,0.8939,0.5,MEDIUM,7.8008,8.4119,1,1,TRAIN
2026-02-06,V3_TOP5,UP,AMBER.NS,0.8895,1.0,HIGH,6.1446,15.9036,1,1,TRAIN
2026-02-06,V3_TOP5,UP,ADANIENSOL.NS,0.8841,0.875,HIGH,1.4543,1.582,1,0,TRAIN
2026-02-06,RAND_TOP5,UP,AMBER.NS,0.8895,1.0,HIGH,6.1446,15.9036,1,1,TRAIN
2026-02-06,RAND_TOP5,UP,SAPPHIRE.NS,0.9359,0.875,HIGH,-0.5717,4.0904,0,0,TRAIN
2026-02-06,RAND_TOP5,UP,ADANIPORTS.NS,0.8407,0.875,HIGH,0.7094,0.1741,1,0,TRAIN
2026-02-06,RAND_TOP5,UP,GODREJPROP.NS,0.8427,0.625,HIGH,5.9772,8.9599,1,1,TRAIN
2026-02-06,RAND_TOP5,UP,NAVINFLUOR.NS,0.7639,1.0,HIGH,2.8126,0.2259,1,1,TRAIN
2026-02-09,KNOW_TOP5,UP,RAJESHEXPO.NS,0.8846,1.0,HIGH,4.089,1.8872,1,1,TRAIN
2026-02-09,KNOW_TOP5,UP,CROMPTON.NS,0.8673,1.0,HIGH,-0.4792,0.5629,0,0,TRAIN
2026-02-09,KNOW_TOP5,UP,NAVINFLUOR.NS,0.8519,1.0,HIGH,-3.9406,-0.1667,0,0,TRAIN
2026-02-09,KNOW_TOP5,UP,BSE.NS,0.8082,1.0,HIGH,6.3348,5.2963,1,1,TRAIN
2026-02-09,KNOW_TOP5,UP,MGL.NS,0.7995,1.0,HIGH,-0.618,-2.3705,0,0,TRAIN
2026-02-09,V3_TOP5,UP,KALYANKJIL.NS,0.9877,0.875,HIGH,-0.7888,-1.109,0,0,TRAIN
2026-02-09,V3_TOP5,UP,DEEPAKFERT.NS,0.9474,0.75,HIGH,-0.8437,-3.1615,0,0,TRAIN
2026-02-09,V3_TOP5,UP,GODREJPROP.NS,0.9286,0.875,HIGH,1.0769,1.1269,1,0,TRAIN
2026-02-09,V3_TOP5,UP,STLTECH.NS,0.9248,0.75,HIGH,10.2107,8.1461,1,1,TRAIN
2026-02-09,V3_TOP5,UP,RAJESHEXPO.NS,0.8846,1.0,HIGH,4.089,1.8872,1,1,TRAIN
2026-02-09,RAND_TOP5,UP,STLTECH.NS,0.9248,0.75,HIGH,10.2107,8.1461,1,1,TRAIN
2026-02-09,RAND_TOP5,UP,KALYANKJIL.NS,0.9877,0.875,HIGH,-0.7888,-1.109,0,0,TRAIN
2026-02-09,RAND_TOP5,UP,NAVINFLUOR.NS,0.8519,1.0,HIGH,-3.9406,-0.1667,0,0,TRAIN
2026-02-09,RAND_TOP5,UP,ONMOBILE.NS,0.8596,0.5,MEDIUM,1.2611,4.9458,1,0,TRAIN
2026-02-09,RAND_TOP5,UP,WHIRLPOOL.NS,0.787,1.0,HIGH,-2.5912,-2.0454,0,0,TRAIN
2026-02-10,KNOW_TOP5,UP,SAPPHIRE.NS,0.9361,1.0,HIGH,-1.3263,-3.7938,0,0,TRAIN
2026-02-10,KNOW_TOP5,UP,RAJESHEXPO.NS,0.8762,1.0,HIGH,0.7263,-5.6778,1,0,TRAIN
2026-02-10,KNOW_TOP5,UP,M&MFIN.NS,0.8618,1.0,HIGH,-2.6349,-7.472,0,0,TRAIN
2026-02-10,KNOW_TOP5,UP,NOCIL.NS,0.8514,1.0,HIGH,-2.1089,-0.5979,0,0,TRAIN
2026-02-10,KNOW_TOP5,UP,TATASTEEL.NS,0.8269,1.0,HIGH,-0.2019,-2.322,0,0,TRAIN
2026-02-10,V3_TOP5,UP,KALYANKJIL.NS,0.9663,0.75,HIGH,-1.6018,-3.6529,0,0,TRAIN
2026-02-10,V3_TOP5,UP,SAPPHIRE.NS,0.9361,1.0,HIGH,-1.3263,-3.7938,0,0,TRAIN
2026-02-10,V3_TOP5,UP,AMBER.NS,0.9106,0.75,HIGH,2.4699,2.9825,1,1,TRAIN
2026-02-10,V3_TOP5,UP,RAJESHEXPO.NS,0.8762,1.0,HIGH,0.7263,-5.6778,1,0,TRAIN
2026-02-10,V3_TOP5,UP,BSE.NS,0.876,0.75,HIGH,0.0914,-4.6909,1,0,TRAIN
2026-02-10,RAND_TOP5,UP,RAJESHEXPO.NS,0.8762,1.0,HIGH,0.7263,-5.6778,1,0,TRAIN
2026-02-10,RAND_TOP5,UP,KALYANKJIL.NS,0.9663,0.75,HIGH,-1.6018,-3.6529,0,0,TRAIN
2026-02-10,RAND_TOP5,UP,VOLTAS.NS,0.8481,0.875,HIGH,2.0941,3.3749,1,1,TRAIN
2026-02-10,RAND_TOP5,UP,NOCIL.NS,0.8514,1.0,HIGH,-2.1089,-0.5979,0,0,TRAIN
2026-02-10,RAND_TOP5,UP,TATACOMM.NS,0.795,1.0,HIGH,1.5804,-1.1868,1,0,TRAIN
2026-02-11,KNOW_TOP5,UP,GLAXO.NS,0.8573,1.0,HIGH,-1.141,-3.7788,0,0,TRAIN
2026-02-11,KNOW_TOP5,UP,PFIZER.NS,0.8473,1.0,HIGH,-1.4699,-3.4745,0,0,TRAIN
2026-02-11,KNOW_TOP5,UP,WHIRLPOOL.NS,0.8383,1.0,HIGH,-3.008,-1.9325,0,0,TRAIN
2026-02-11,KNOW_TOP5,UP,TATACOMM.NS,0.8305,1.0,HIGH,0.1174,-4.7966,1,0,TRAIN
2026-02-11,KNOW_TOP5,UP,DIVISLAB.NS,0.8005,1.0,HIGH,-3.1551,-3.711,0,0,TRAIN
2026-02-11,V3_TOP5,UP,AMBER.NS,0.8812,0.75,HIGH,1.1499,0.9745,1,0,TRAIN
2026-02-11,V3_TOP5,UP,GLAXO.NS,0.8573,1.0,HIGH,-1.141,-3.7788,0,0,TRAIN
2026-02-11,V3_TOP5,UP,BSE.NS,0.8568,0.75,HIGH,-1.067,-11.7245,0,0,TRAIN
2026-02-11,V3_TOP5,UP,MUTHOOTFIN.NS,0.8568,0.875,HIGH,3.3993,-11.0597,1,1,TRAIN
2026-02-11,V3_TOP5,UP,PFIZER.NS,0.8473,1.0,HIGH,-1.4699,-3.4745,0,0,TRAIN
2026-02-11,RAND_TOP5,UP,MUTHOOTFIN.NS,0.8568,0.875,HIGH,3.3993,-11.0597,1,1,TRAIN
2026-02-11,RAND_TOP5,UP,AMBER.NS,0.8812,0.75,HIGH,1.1499,0.9745,1,0,TRAIN
2026-02-11,RAND_TOP5,UP,DATAPATTNS.NS,0.8188,0.75,HIGH,-1.7439,-0.1518,0,0,TRAIN
2026-02-11,RAND_TOP5,UP,KALYANKJIL.NS,0.8273,0.625,HIGH,1.2999,0.0234,1,0,TRAIN
2026-02-11,RAND_TOP5,UP,SJVN.NS,0.7844,1.0,HIGH,2.0677,0.5557,1,1,TRAIN
2026-02-12,KNOW_TOP5,UP,RATNAMANI.NS,0.978,1.0,HIGH,-3.1578,-7.3352,0,0,TRAIN
2026-02-12,KNOW_TOP5,UP,MUTHOOTFIN.NS,0.9251,1.0,HIGH,-11.8223,-14.0402,0,0,TRAIN
2026-02-12,KNOW_TOP5,UP,SJVN.NS,0.8639,1.0,HIGH,-2.9248,-1.8106,0,0,TRAIN
2026-02-12,KNOW_TOP5,UP,MOTHERSON.NS,0.831,1.0,HIGH,-1.115,-0.0603,0,0,TRAIN
2026-02-12,KNOW_TOP5,UP,SHRIRAMFIN.NS,0.8173,1.0,HIGH,-1.57,-0.7204,0,0,TRAIN
2026-02-12,V3_TOP5,UP,RATNAMANI.NS,0.978,1.0,HIGH,-3.1578,-7.3352,0,0,TRAIN
2026-02-12,V3_TOP5,UP,GODREJAGRO.NS,0.929,0.875,HIGH,2.8752,1.9352,1,1,TRAIN
2026-02-12,V3_TOP5,UP,MUTHOOTFIN.NS,0.9251,1.0,HIGH,-11.8223,-14.0402,0,0,TRAIN
2026-02-12,V3_TOP5,UP,AMBER.NS,0.8676,0.75,HIGH,-0.6423,0.4303,0,0,TRAIN
2026-02-12,V3_TOP5,UP,SJVN.NS,0.8639,1.0,HIGH,-2.9248,-1.8106,0,0,TRAIN
2026-02-12,RAND_TOP5,UP,AMBER.NS,0.8676,0.75,HIGH,-0.6423,0.4303,0,0,TRAIN
2026-02-12,RAND_TOP5,UP,RATNAMANI.NS,0.978,1.0,HIGH,-3.1578,-7.3352,0,0,TRAIN
2026-02-12,RAND_TOP5,UP,ATUL.NS,0.8132,0.875,HIGH,0.0905,0.3621,1,0,TRAIN
2026-02-12,RAND_TOP5,UP,SHRIRAMFIN.NS,0.8173,1.0,HIGH,-1.57,-0.7204,0,0,TRAIN
2026-02-12,RAND_TOP5,UP,ERIS.NS,0.789,1.0,HIGH,-6.3559,-11.6658,0,0,TRAIN
2026-02-13,KNOW_TOP5,UP,FINPIPE.NS,0.7923,1.0,HIGH,0.106,1.367,1,0,TRAIN
2026-02-13,KNOW_TOP5,UP,RATNAMANI.NS,0.9812,0.875,HIGH,-4.398,10.813,0,0,TRAIN
2026-02-13,KNOW_TOP5,UP,MOTHERSON.NS,0.8154,0.875,HIGH,0.7999,2.0265,1,0,TRAIN
2026-02-13,KNOW_TOP5,UP,TIINDIA.NS,0.77,0.875,HIGH,0.2321,-1.0966,1,0,TRAIN
2026-02-13,KNOW_TOP5,UP,GODREJAGRO.NS,0.9293,0.75,HIGH,-1.9963,-1.5817,0,0,TRAIN
2026-02-13,V3_TOP5,UP,RATNAMANI.NS,0.9812,0.875,HIGH,-4.398,10.813,0,0,TRAIN
2026-02-13,V3_TOP5,UP,GODREJAGRO.NS,0.9293,0.75,HIGH,-1.9963,-1.5817,0,0,TRAIN
2026-02-13,V3_TOP5,UP,HAL.NS,0.8603,0.75,HIGH,0.3252,0.9187,1,0,TRAIN
2026-02-13,V3_TOP5,UP,BHARATFORG.NS,0.8488,0.75,HIGH,-0.6556,1.8749,0,0,TRAIN
2026-02-13,V3_TOP5,UP,MOTHERSON.NS,0.8154,0.875,HIGH,0.7999,2.0265,1,0,TRAIN
2026-02-13,RAND_TOP5,UP,BHARATFORG.NS,0.8488,0.75,HIGH,-0.6556,1.8749,0,0,TRAIN
2026-02-13,RAND_TOP5,UP,RATNAMANI.NS,0.9812,0.875,HIGH,-4.398,10.813,0,0,TRAIN
2026-02-13,RAND_TOP5,UP,NAUKRI.NS,0.7832,0.625,HIGH,-1.3934,-1.9104,0,0,TRAIN
2026-02-13,RAND_TOP5,UP,FINPIPE.NS,0.7923,1.0,HIGH,0.106,1.367,1,0,TRAIN
2026-02-13,RAND_TOP5,UP,SJVN.NS,0.7531,0.75,HIGH,1.4869,-0.0261,1,0,TRAIN
2026-02-16,KNOW_TOP5,UP,NATCOPHARM.NS,0.859,1.0,HIGH,0.3687,0.7771,1,0,TRAIN
2026-02-16,KNOW_TOP5,UP,TORNTPHARM.NS,0.7883,1.0,HIGH,-0.0727,-0.8237,0,0,TRAIN
2026-02-16,KNOW_TOP5,UP,GLENMARK.NS,0.7749,1.0,HIGH,0.4088,-0.6796,1,0,TRAIN
2026-02-16,KNOW_TOP5,UP,SJVN.NS,0.8254,0.875,HIGH,-0.3341,-3.4314,0,0,TRAIN
2026-02-16,KNOW_TOP5,UP,TATAPOWER.NS,0.7219,0.875,HIGH,-0.9683,-3.3499,0,0,TRAIN
2026-02-16,V3_TOP5,UP,NATCOPHARM.NS,0.859,1.0,HIGH,0.3687,0.7771,1,0,TRAIN
2026-02-16,V3_TOP5,UP,RATNAMANI.NS,0.8557,0.625,HIGH,0.0883,15.0929,1,0,TRAIN
2026-02-16,V3_TOP5,UP,BHARATFORG.NS,0.8485,0.5,MEDIUM,1.3778,1.783,1,0,TRAIN
2026-02-16,V3_TOP5,UP,SJVN.NS,0.8254,0.875,HIGH,-0.3341,-3.4314,0,0,TRAIN
2026-02-16,V3_TOP5,UP,GALAXYSURF.NS,0.8197,0.625,HIGH,5.0789,1.5141,1,1,TRAIN
2026-02-16,RAND_TOP5,UP,SJVN.NS,0.8254,0.875,HIGH,-0.3341,-3.4314,0,0,TRAIN
2026-02-16,RAND_TOP5,UP,NATCOPHARM.NS,0.859,1.0,HIGH,0.3687,0.7771,1,0,TRAIN
2026-02-16,RAND_TOP5,UP,TORNTPHARM.NS,0.7883,1.0,HIGH,-0.0727,-0.8237,0,0,TRAIN
2026-02-16,RAND_TOP5,UP,GODREJAGRO.NS,0.8022,0.75,HIGH,1.1047,0.4309,1,0,TRAIN
2026-02-16,RAND_TOP5,UP,TATAPOWER.NS,0.7219,0.875,HIGH,-0.9683,-3.3499,0,0,TRAIN
2026-02-17,KNOW_TOP5,UP,BANKBARODA.NS,0.7968,1.0,HIGH,0.6265,1.9126,1,0,TRAIN
2026-02-17,KNOW_TOP5,UP,RBLBANK.NS,0.7607,1.0,HIGH,1.1016,2.0946,1,0,TRAIN
2026-02-17,KNOW_TOP5,UP,AUROPHARMA.NS,0.9189,0.875,HIGH,-2.2836,-2.3511,0,0,TRAIN
2026-02-17,KNOW_TOP5,UP,UNIONBANK.NS,0.8277,0.875,HIGH,2.2341,2.6947,1,1,TRAIN
2026-02-17,KNOW_TOP5,UP,GALAXYSURF.NS,0.7927,0.875,HIGH,-0.7634,-3.9284,0,0,TRAIN
2026-02-17,V3_TOP5,UP,AUROPHARMA.NS,0.9189,0.875,HIGH,-2.2836,-2.3511,0,0,TRAIN
2026-02-17,V3_TOP5,UP,JINDALPOLY.NS,0.9133,0.75,HIGH,-3.6128,-2.1756,0,0,TRAIN
2026-02-17,V3_TOP5,UP,BHARATFORG.NS,0.8512,0.625,HIGH,1.1535,1.6446,1,0,TRAIN
2026-02-17,V3_TOP5,UP,NATCOPHARM.NS,0.8277,0.75,HIGH,0.6556,0.7912,1,0,TRAIN
2026-02-17,V3_TOP5,UP,UNIONBANK.NS,0.8277,0.875,HIGH,2.2341,2.6947,1,1,TRAIN
2026-02-17,RAND_TOP5,UP,NATCOPHARM.NS,0.8277,0.75,HIGH,0.6556,0.7912,1,0,TRAIN
2026-02-17,RAND_TOP5,UP,AUROPHARMA.NS,0.9189,0.875,HIGH,-2.2836,-2.3511,0,0,TRAIN
2026-02-17,RAND_TOP5,UP,TIINDIA.NS,0.7942,0.625,HIGH,0.3451,4.9986,1,0,TRAIN
2026-02-17,RAND_TOP5,UP,FINPIPE.NS,0.7944,0.75,HIGH,0.1571,-0.5864,1,0,TRAIN
2026-02-17,RAND_TOP5,UP,SBIN.NS,0.7427,0.5,MEDIUM,0.4533,0.2225,1,0,TRAIN
2026-02-18,KNOW_TOP5,UP,RATNAMANI.NS,0.9978,1.0,HIGH,-0.7056,2.3573,0,0,TRAIN
2026-02-18,KNOW_TOP5,UP,TORNTPOWER.NS,0.8692,1.0,HIGH,-2.3104,0.5563,0,0,TRAIN
2026-02-18,KNOW_TOP5,UP,PNB.NS,0.7879,1.0,HIGH,-1.615,1.6384,0,0,TRAIN
2026-02-18,KNOW_TOP5,UP,RBLBANK.NS,0.774,1.0,HIGH,2.0718,-1.504,1,1,TRAIN
2026-02-18,KNOW_TOP5,UP,ITC.NS,0.7663,1.0,HIGH,-1.9401,-2.1206,0,0,TRAIN
2026-02-18,V3_TOP5,UP,RATNAMANI.NS,0.9978,1.0,HIGH,-0.7056,2.3573,0,0,TRAIN
2026-02-18,V3_TOP5,UP,TORNTPOWER.NS,0.8692,1.0,HIGH,-2.3104,0.5563,0,0,TRAIN
2026-02-18,V3_TOP5,UP,AUROPHARMA.NS,0.8522,0.75,HIGH,1.0176,-0.7761,1,0,TRAIN
2026-02-18,V3_TOP5,UP,UNIONBANK.NS,0.8517,0.75,HIGH,-1.859,2.4183,0,0,TRAIN
2026-02-18,V3_TOP5,UP,STLTECH.NS,0.835,0.5,MEDIUM,-1.1355,5.728,0,0,TRAIN
2026-02-18,RAND_TOP5,UP,UNIONBANK.NS,0.8517,0.75,HIGH,-1.859,2.4183,0,0,TRAIN
2026-02-18,RAND_TOP5,UP,RATNAMANI.NS,0.9978,1.0,HIGH,-0.7056,2.3573,0,0,TRAIN
2026-02-18,RAND_TOP5,UP,NATCOPHARM.NS,0.807,0.875,HIGH,-0.2471,0.2807,0,0,TRAIN
2026-02-18,RAND_TOP5,UP,JINDALPOLY.NS,0.8187,0.75,HIGH,0.9008,10.0124,1,0,TRAIN
2026-02-18,RAND_TOP5,UP,GRSE.NS,0.7629,0.75,HIGH,-2.2673,-2.3591,0,0,TRAIN
2026-02-19,KNOW_TOP5,UP,NATCOPHARM.NS,0.9117,1.0,HIGH,0.3828,6.3661,1,0,TRAIN
2026-02-19,KNOW_TOP5,UP,RBLBANK.NS,0.765,1.0,HIGH,-1.0675,-1.9696,0,0,TRAIN
2026-02-19,KNOW_TOP5,UP,OIL.NS,0.8396,0.875,HIGH,-0.2412,-0.944,0,0,TRAIN
2026-02-19,KNOW_TOP5,UP,JINDALPOLY.NS,0.7917,0.875,HIGH,0.5849,13.4325,1,0,TRAIN
2026-02-19,KNOW_TOP5,UP,BANKBARODA.NS,0.7655,0.875,HIGH,1.5109,2.8412,1,0,TRAIN
2026-02-19,V3_TOP5,UP,NATCOPHARM.NS,0.9117,1.0,HIGH,0.3828,6.3661,1,0,TRAIN
2026-02-19,V3_TOP5,UP,AUROPHARMA.NS,0.8803,0.75,HIGH,-1.0756,-0.5976,0,0,TRAIN
2026-02-19,V3_TOP5,UP,GALAXYSURF.NS,0.8687,0.5,MEDIUM,-0.5547,1.6328,0,0,TRAIN
2026-02-19,V3_TOP5,UP,RATNAMANI.NS,0.8439,0.75,HIGH,1.1305,0.4199,1,0,TRAIN
2026-02-19,V3_TOP5,UP,OIL.NS,0.8396,0.875,HIGH,-0.2412,-0.944,0,0,TRAIN
2026-02-19,RAND_TOP5,UP,RATNAMANI.NS,0.8439,0.75,HIGH,1.1305,0.4199,1,0,TRAIN
2026-02-19,RAND_TOP5,UP,NATCOPHARM.NS,0.9117,1.0,HIGH,0.3828,6.3661,1,0,TRAIN
2026-02-19,RAND_TOP5,UP,JINDALPOLY.NS,0.7917,0.875,HIGH,0.5849,13.4325,1,0,TRAIN
2026-02-19,RAND_TOP5,UP,COCHINSHIP.NS,0.7927,0.75,HIGH,-0.3022,-2.1219,0,0,TRAIN
2026-02-19,RAND_TOP5,UP,M&MFIN.NS,0.7566,0.75,HIGH,-1.3838,-3.8877,0,0,TRAIN
2026-02-20,KNOW_TOP5,UP,CENTUM.NS,0.9857,1.0,HIGH,5.1282,5.5687,1,1,VAL
2026-02-20,KNOW_TOP5,UP,DATAPATTNS.NS,0.9488,1.0,HIGH,2.5732,2.8815,1,1,VAL
2026-02-20,KNOW_TOP5,UP,GRANULES.NS,0.8441,1.0,HIGH,0.0334,0.1502,1,0,VAL
2026-02-20,KNOW_TOP5,UP,TORNTPOWER.NS,0.8333,1.0,HIGH,0.5103,2.4271,1,0,VAL
2026-02-20,KNOW_TOP5,UP,PNB.NS,0.8155,1.0,HIGH,0.5247,0.7331,1,0,VAL
2026-02-20,V3_TOP5,UP,CENTUM.NS,0.9857,1.0,HIGH,5.1282,5.5687,1,1,VAL
2026-02-20,V3_TOP5,UP,DATAPATTNS.NS,0.9488,1.0,HIGH,2.5732,2.8815,1,1,VAL
2026-02-20,V3_TOP5,UP,INTELLECT.NS,0.8914,0.625,HIGH,-0.3976,-2.3005,0,0,VAL
2026-02-20,V3_TOP5,UP,OIL.NS,0.8783,0.625,HIGH,-0.3785,-1.1145,0,0,VAL
2026-02-20,V3_TOP5,UP,BDL.NS,0.8451,0.625,HIGH,-2.6557,-5.3114,0,0,VAL
2026-02-20,RAND_TOP5,UP,OIL.NS,0.8783,0.625,HIGH,-0.3785,-1.1145,0,0,VAL
2026-02-20,RAND_TOP5,UP,CENTUM.NS,0.9857,1.0,HIGH,5.1282,5.5687,1,1,VAL
2026-02-20,RAND_TOP5,UP,CANBK.NS,0.8148,1.0,HIGH,1.4856,3.1009,1,0,VAL
2026-02-20,RAND_TOP5,UP,PNB.NS,0.8155,1.0,HIGH,0.5247,0.7331,1,0,VAL
2026-02-20,RAND_TOP5,UP,IRCTC.NS,0.7411,1.0,HIGH,-0.9066,-6.1057,0,0,VAL
2026-02-23,KNOW_TOP5,UP,CENTUM.NS,0.9843,1.0,HIGH,4.0027,0.2245,1,1,VAL
2026-02-23,KNOW_TOP5,UP,JYOTHYLAB.NS,0.8457,1.0,HIGH,1.5484,0.9965,1,0,VAL
2026-02-23,KNOW_TOP5,UP,FINEORG.NS,0.8072,1.0,HIGH,4.837,1.3297,1,1,VAL
2026-02-23,KNOW_TOP5,UP,UNIONBANK.NS,0.8058,1.0,HIGH,1.4359,1.9011,1,0,VAL
2026-02-23,KNOW_TOP5,UP,PNB.NS,0.7957,1.0,HIGH,0.5834,0.1612,1,0,VAL
2026-02-23,V3_TOP5,UP,CENTUM.NS,0.9843,1.0,HIGH,4.0027,0.2245,1,1,VAL
2026-02-23,V3_TOP5,UP,JINDALPOLY.NS,0.9623,0.75,HIGH,4.0376,12.1224,1,1,VAL
2026-02-23,V3_TOP5,UP,DATAPATTNS.NS,0.8947,0.875,HIGH,1.1857,5.9515,1,0,VAL
2026-02-23,V3_TOP5,UP,STLTECH.NS,0.8599,0.625,HIGH,-1.4857,-1.8258,0,0,VAL
2026-02-23,V3_TOP5,UP,JYOTHYLAB.NS,0.8457,1.0,HIGH,1.5484,0.9965,1,0,VAL
2026-02-23,RAND_TOP5,UP,STLTECH.NS,0.8599,0.625,HIGH,-1.4857,-1.8258,0,0,VAL
2026-02-23,RAND_TOP5,UP,CENTUM.NS,0.9843,1.0,HIGH,4.0027,0.2245,1,1,VAL
2026-02-23,RAND_TOP5,UP,RATNAMANI.NS,0.8283,0.875,HIGH,-2.585,-7.3907,0,0,VAL
2026-02-23,RAND_TOP5,UP,INTELLECT.NS,0.8331,0.5,MEDIUM,-0.6273,-0.0998,0,0,VAL
2026-02-23,RAND_TOP5,UP,GRANULES.NS,0.7548,0.75,HIGH,0.0584,-1.3767,1,0,VAL
2026-02-24,KNOW_TOP5,UP,NATCOPHARM.NS,0.8927,1.0,HIGH,3.5297,4.6198,1,1,VAL
2026-02-24,KNOW_TOP5,UP,MGL.NS,0.8925,1.0,HIGH,0.6706,2.2464,1,0,VAL
2026-02-24,KNOW_TOP5,UP,ENDURANCE.NS,0.8893,1.0,HIGH,-0.3426,-0.8678,0,0,VAL
2026-02-24,KNOW_TOP5,UP,FINEORG.NS,0.8845,1.0,HIGH,0.2299,-3.3249,1,0,VAL
2026-02-24,KNOW_TOP5,UP,JYOTHYLAB.NS,0.8558,1.0,HIGH,1.5287,-0.9032,1,0,VAL
2026-02-24,V3_TOP5,UP,CENTUM.NS,0.9682,0.875,HIGH,-3.4458,-4.3126,0,0,VAL
2026-02-24,V3_TOP5,UP,NATCOPHARM.NS,0.8927,1.0,HIGH,3.5297,4.6198,1,1,VAL
2026-02-24,V3_TOP5,UP,MGL.NS,0.8925,1.0,HIGH,0.6706,2.2464,1,0,VAL
2026-02-24,V3_TOP5,UP,ENDURANCE.NS,0.8893,1.0,HIGH,-0.3426,-0.8678,0,0,VAL
2026-02-24,V3_TOP5,UP,FINEORG.NS,0.8845,1.0,HIGH,0.2299,-3.3249,1,0,VAL
2026-02-24,RAND_TOP5,UP,ENDURANCE.NS,0.8893,1.0,HIGH,-0.3426,-0.8678,0,0,VAL
2026-02-24,RAND_TOP5,UP,CENTUM.NS,0.9682,0.875,HIGH,-3.4458,-4.3126,0,0,VAL
2026-02-24,RAND_TOP5,UP,JINDALPOLY.NS,0.8371,0.625,HIGH,15.4424,11.5162,1,1,VAL
2026-02-24,RAND_TOP5,UP,JYOTHYLAB.NS,0.8558,1.0,HIGH,1.5287,-0.9032,1,0,VAL
2026-02-24,RAND_TOP5,UP,UNIONBANK.NS,0.7405,0.875,HIGH,-0.658,0.8225,0,0,VAL
2026-02-25,KNOW_TOP5,UP,VEDL.NS,0.8547,1.0,HIGH,1.3259,-0.6114,1,0,VAL
2026-02-25,KNOW_TOP5,UP,AUROPHARMA.NS,0.8424,1.0,HIGH,0.7594,-0.0908,1,0,VAL
2026-02-25,KNOW_TOP5,UP,SAIL.NS,0.8338,1.0,HIGH,0.3517,0.4002,1,0,VAL
2026-02-25,KNOW_TOP5,UP,KEI.NS,0.7912,1.0,HIGH,1.3167,5.2994,1,0,VAL
2026-02-25,KNOW_TOP5,UP,LAURUSLABS.NS,0.7662,1.0,HIGH,1.5237,-1.0545,1,0,VAL
2026-02-25,V3_TOP5,UP,JINDALPOLY.NS,0.9951,0.75,HIGH,-6.6452,-1.677,0,0,VAL
2026-02-25,V3_TOP5,UP,NATCOPHARM.NS,0.9262,0.75,HIGH,-0.6185,-2.2439,0,0,VAL
2026-02-25,V3_TOP5,UP,CENTUM.NS,0.9064,0.75,HIGH,-0.1937,0.9835,0,0,VAL
2026-02-25,V3_TOP5,UP,ENDURANCE.NS,0.8598,0.75,HIGH,-1.1436,-0.811,0,0,VAL
2026-02-25,V3_TOP5,UP,VEDL.NS,0.8547,1.0,HIGH,1.3259,-0.6114,1,0,VAL
2026-02-25,RAND_TOP5,UP,ENDURANCE.NS,0.8598,0.75,HIGH,-1.1436,-0.811,0,0,VAL
2026-02-25,RAND_TOP5,UP,JINDALPOLY.NS,0.9951,0.75,HIGH,-6.6452,-1.677,0,0,VAL
2026-02-25,RAND_TOP5,UP,FINEORG.NS,0.8319,0.75,HIGH,-3.5671,-8.5246,0,0,VAL
2026-02-25,RAND_TOP5,UP,SAIL.NS,0.8338,1.0,HIGH,0.3517,0.4002,1,0,VAL
2026-02-25,RAND_TOP5,UP,HEROMOTOCO.NS,0.7502,1.0,HIGH,0.8627,-2.5447,1,0,VAL
2026-02-26,KNOW_TOP5,UP,TEJASNET.NS,0.975,1.0,HIGH,17.464,34.6584,1,1,VAL
2026-02-26,KNOW_TOP5,UP,TIINDIA.NS,0.8463,1.0,HIGH,1.2168,1.8674,1,0,VAL
2026-02-26,KNOW_TOP5,UP,LAURUSLABS.NS,0.8343,1.0,HIGH,-1.5511,-5.6875,0,0,VAL
2026-02-26,KNOW_TOP5,UP,WELCORP.NS,0.7995,1.0,HIGH,0.0424,-3.5762,1,0,VAL
2026-02-26,KNOW_TOP5,UP,UNIONBANK.NS,0.7556,1.0,HIGH,0.3622,-5.1652,1,0,VAL
2026-02-26,V3_TOP5,UP,JINDALPOLY.NS,0.9868,0.625,HIGH,3.4752,11.584,1,1,VAL
2026-02-26,V3_TOP5,UP,TEJASNET.NS,0.975,1.0,HIGH,17.464,34.6584,1,1,VAL
2026-02-26,V3_TOP5,UP,DATAPATTNS.NS,0.9397,0.875,HIGH,-1.0297,-3.6164,0,0,VAL
2026-02-26,V3_TOP5,UP,TIINDIA.NS,0.8463,1.0,HIGH,1.2168,1.8674,1,0,VAL
2026-02-26,V3_TOP5,UP,LAURUSLABS.NS,0.8343,1.0,HIGH,-1.5511,-5.6875,0,0,VAL
2026-02-26,RAND_TOP5,UP,TIINDIA.NS,0.8463,1.0,HIGH,1.2168,1.8674,1,0,VAL
2026-02-26,RAND_TOP5,UP,JINDALPOLY.NS,0.9868,0.625,HIGH,3.4752,11.584,1,1,VAL
2026-02-26,RAND_TOP5,UP,WELCORP.NS,0.7995,1.0,HIGH,0.0424,-3.5762,1,0,VAL
2026-02-26,RAND_TOP5,UP,ENDURANCE.NS,0.7998,0.75,HIGH,0.6238,-5.3002,1,0,VAL
2026-02-26,RAND_TOP5,UP,UNIONBANK.NS,0.7556,1.0,HIGH,0.3622,-5.1652,1,0,VAL
2026-02-27,KNOW_TOP5,UP,MGL.NS,0.8144,1.0,HIGH,-1.0248,-10.1082,0,0,VAL
2026-02-27,KNOW_TOP5,UP,TIINDIA.NS,0.8103,1.0,HIGH,3.058,1.0351,1,1,VAL
2026-02-27,KNOW_TOP5,UP,WELCORP.NS,0.7635,1.0,HIGH,-0.9209,-0.3938,0,0,VAL
2026-02-27,KNOW_TOP5,UP,LTTS.NS,0.8897,0.875,HIGH,-1.9702,-6.1183,0,0,VAL
2026-02-27,KNOW_TOP5,UP,JPPOWER.NS,0.851,0.875,HIGH,-5.1148,-9.0492,0,0,VAL
2026-02-27,V3_TOP5,UP,TEJASNET.NS,0.9856,0.75,HIGH,11.208,12.9746,1,1,VAL
2026-02-27,V3_TOP5,UP,JINDALPOLY.NS,0.9584,0.75,HIGH,1.7847,19.7372,1,0,VAL
2026-02-27,V3_TOP5,UP,LTTS.NS,0.8897,0.875,HIGH,-1.9702,-6.1183,0,0,VAL
2026-02-27,V3_TOP5,UP,JPPOWER.NS,0.851,0.875,HIGH,-5.1148,-9.0492,0,0,VAL
2026-02-27,V3_TOP5,UP,OFSS.NS,0.8236,0.75,HIGH,-1.2118,-2.0557,0,0,VAL
2026-02-27,RAND_TOP5,UP,JPPOWER.NS,0.851,0.875,HIGH,-5.1148,-9.0492,0,0,VAL
2026-02-27,RAND_TOP5,UP,TEJASNET.NS,0.9856,0.75,HIGH,11.208,12.9746,1,1,VAL
2026-02-27,RAND_TOP5,UP,DATAPATTNS.NS,0.7983,0.375,MEDIUM,-0.1838,4.6415,0,0,VAL
2026-02-27,RAND_TOP5,UP,ENDURANCE.NS,0.8055,0.75,HIGH,-0.2855,-5.7369,0,0,VAL
2026-02-27,RAND_TOP5,UP,AUROPHARMA.NS,0.7548,0.875,HIGH,-0.8194,0.4179,0,0,VAL
2026-03-02,KNOW_TOP5,UP,IDEAFORGE.NS,0.9629,1.0,HIGH,2.7872,-0.034,1,1,VAL
2026-03-02,KNOW_TOP5,UP,PARAS.NS,0.8631,1.0,HIGH,7.483,11.7016,1,1,VAL
2026-03-02,KNOW_TOP5,UP,SOLARINDS.NS,0.7939,1.0,HIGH,3.8173,8.3137,1,1,VAL
2026-03-02,KNOW_TOP5,UP,ONGC.NS,0.7687,1.0,HIGH,-1.8604,-1.1517,0,0,VAL
2026-03-02,KNOW_TOP5,UP,OIL.NS,0.8532,0.875,HIGH,0.8298,-0.7274,1,0,VAL
2026-03-02,V3_TOP5,UP,TEJASNET.NS,0.9896,0.75,HIGH,3.0844,-4.0541,1,1,VAL
2026-03-02,V3_TOP5,UP,IDEAFORGE.NS,0.9629,1.0,HIGH,2.7872,-0.034,1,1,VAL
2026-03-02,V3_TOP5,UP,TIINDIA.NS,0.9131,0.75,HIGH,-2.3435,-4.0422,0,0,VAL
2026-03-02,V3_TOP5,UP,PARAS.NS,0.8631,1.0,HIGH,7.483,11.7016,1,1,VAL
2026-03-02,V3_TOP5,UP,KEI.NS,0.857,0.75,HIGH,-4.3604,-5.4745,0,0,VAL
2026-03-02,RAND_TOP5,UP,PARAS.NS,0.8631,1.0,HIGH,7.483,11.7016,1,1,VAL
2026-03-02,RAND_TOP5,UP,TEJASNET.NS,0.9896,0.75,HIGH,3.0844,-4.0541,1,1,VAL
2026-03-02,RAND_TOP5,UP,LAURUSLABS.NS,0.8255,0.875,HIGH,-3.23,-3.6432,0,0,VAL
2026-03-02,RAND_TOP5,UP,JINDALPOLY.NS,0.8328,0.5,MEDIUM,5.9456,22.4755,1,1,VAL
2026-03-02,RAND_TOP5,UP,ONGC.NS,0.7687,1.0,HIGH,-1.8604,-1.1517,0,0,VAL
2026-03-04,KNOW_TOP5,UP,IDEAFORGE.NS,0.9629,1.0,HIGH,-3.9242,-1.1905,0,0,VAL
2026-03-04,KNOW_TOP5,UP,PARAS.NS,0.9165,1.0,HIGH,-0.5409,-0.3467,0,0,VAL
2026-03-04,KNOW_TOP5,UP,NATIONALUM.NS,0.8755,1.0,HIGH,6.0107,3.909,1,1,VAL
2026-03-04,KNOW_TOP5,UP,OIL.NS,0.8692,1.0,HIGH,-2.6417,-3.668,0,0,VAL
2026-03-04,KNOW_TOP5,UP,SOLARINDS.NS,0.8148,1.0,HIGH,1.0191,3.1261,1,0,VAL
2026-03-04,V3_TOP5,UP,TEJASNET.NS,0.9898,0.75,HIGH,-1.451,-14.7203,0,0,VAL
2026-03-04,V3_TOP5,UP,IDEAFORGE.NS,0.9629,1.0,HIGH,-3.9242,-1.1905,0,0,VAL
2026-03-04,V3_TOP5,UP,PARAS.NS,0.9165,1.0,HIGH,-0.5409,-0.3467,0,0,VAL
2026-03-04,V3_TOP5,UP,JINDALPOLY.NS,0.8927,0.625,HIGH,11.0359,22.2974,1,1,VAL
2026-03-04,V3_TOP5,UP,NATIONALUM.NS,0.8755,1.0,HIGH,6.0107,3.909,1,1,VAL
2026-03-04,RAND_TOP5,UP,JINDALPOLY.NS,0.8927,0.625,HIGH,11.0359,22.2974,1,1,VAL
2026-03-04,RAND_TOP5,UP,TEJASNET.NS,0.9898,0.75,HIGH,-1.451,-14.7203,0,0,VAL
2026-03-04,RAND_TOP5,UP,KEI.NS,0.8022,0.375,MEDIUM,-1.1749,-3.806,0,0,VAL
2026-03-04,RAND_TOP5,UP,WELCORP.NS,0.8029,0.625,HIGH,3.3442,-1.9424,1,1,VAL
2026-03-04,RAND_TOP5,UP,SHYAMMETL.NS,0.7374,0.375,MEDIUM,-0.739,-5.0807,0,0,VAL
2026-03-05,KNOW_TOP5,UP,NATIONALUM.NS,0.9092,1.0,HIGH,0.0505,-1.8184,1,0,VAL
2026-03-05,KNOW_TOP5,UP,MAZDOCK.NS,0.8944,1.0,HIGH,5.0754,5.509,1,1,VAL
2026-03-05,KNOW_TOP5,UP,CLEAN.NS,0.8512,1.0,HIGH,-2.2385,-2.9437,0,0,VAL
2026-03-05,KNOW_TOP5,UP,NAVINFLUOR.NS,0.8297,1.0,HIGH,1.0377,0.5458,1,0,VAL
2026-03-05,KNOW_TOP5,UP,BEL.NS,0.7877,1.0,HIGH,1.837,0.7283,1,0,VAL
2026-03-05,V3_TOP5,UP,TEJASNET.NS,0.9761,0.625,HIGH,-5.5544,-5.6864,0,0,VAL
2026-03-05,V3_TOP5,UP,PARAS.NS,0.9519,0.875,HIGH,4.49,-1.9522,1,1,VAL
2026-03-05,V3_TOP5,UP,DATAPATTNS.NS,0.9464,0.75,HIGH,3.9295,2.4589,1,1,VAL
2026-03-05,V3_TOP5,UP,NATIONALUM.NS,0.9092,1.0,HIGH,0.0505,-1.8184,1,0,VAL
2026-03-05,V3_TOP5,UP,MAZDOCK.NS,0.8944,1.0,HIGH,5.0754,5.509,1,1,VAL
2026-03-05,RAND_TOP5,UP,NATIONALUM.NS,0.9092,1.0,HIGH,0.0505,-1.8184,1,0,VAL
2026-03-05,RAND_TOP5,UP,TEJASNET.NS,0.9761,0.625,HIGH,-5.5544,-5.6864,0,0,VAL
2026-03-05,RAND_TOP5,UP,CLEAN.NS,0.8512,1.0,HIGH,-2.2385,-2.9437,0,0,VAL
2026-03-05,RAND_TOP5,UP,STLTECH.NS,0.8742,0.625,HIGH,4.4776,3.8091,1,1,VAL
2026-03-05,RAND_TOP5,UP,BSE.NS,0.7995,0.75,HIGH,-0.3549,3.5924,0,0,VAL
2026-03-06,KNOW_TOP5,UP,MAZDOCK.NS,0.9279,1.0,HIGH,-3.4346,-1.4483,0,0,VAL
2026-03-06,KNOW_TOP5,UP,BDL.NS,0.8934,1.0,HIGH,-1.5626,0.2432,0,0,VAL
2026-03-06,KNOW_TOP5,UP,GRSE.NS,0.8934,1.0,HIGH,-2.0648,-2.9367,0,0,VAL
2026-03-06,KNOW_TOP5,UP,NATIONALUM.NS,0.8536,1.0,HIGH,-2.0321,0.4039,0,0,VAL
2026-03-06,KNOW_TOP5,UP,RADICO.NS,0.8291,1.0,HIGH,-0.553,4.5936,0,0,VAL
2026-03-06,V3_TOP5,UP,JINDALPOLY.NS,0.9677,0.75,HIGH,5.7916,17.5376,1,1,VAL
2026-03-06,V3_TOP5,UP,PARAS.NS,0.9619,0.75,HIGH,-4.1102,-9.1479,0,0,VAL
2026-03-06,V3_TOP5,UP,MRPL.NS,0.9328,0.75,HIGH,-7.9981,-9.5038,0,0,VAL
2026-03-06,V3_TOP5,UP,MAZDOCK.NS,0.9279,1.0,HIGH,-3.4346,-1.4483,0,0,VAL
2026-03-06,V3_TOP5,UP,DATAPATTNS.NS,0.9041,0.625,HIGH,0.0573,-3.0935,1,0,VAL
2026-03-06,RAND_TOP5,UP,MAZDOCK.NS,0.9279,1.0,HIGH,-3.4346,-1.4483,0,0,VAL
2026-03-06,RAND_TOP5,UP,JINDALPOLY.NS,0.9677,0.75,HIGH,5.7916,17.5376,1,1,VAL
2026-03-06,RAND_TOP5,UP,TEJASNET.NS,0.8675,0.5,MEDIUM,-8.3754,1.1504,0,0,VAL
2026-03-06,RAND_TOP5,UP,IDEAFORGE.NS,0.8694,0.625,HIGH,1.5981,-1.8248,1,0,VAL
2026-03-06,RAND_TOP5,UP,MIDHANI.NS,0.8277,0.625,HIGH,-4.4353,-4.7612,0,0,VAL
2026-03-09,KNOW_TOP5,UP,NATIONALUM.NS,0.8716,1.0,HIGH,0.1675,5.4239,1,0,VAL
2026-03-09,KNOW_TOP5,UP,SOLARINDS.NS,0.8357,1.0,HIGH,-1.716,-3.018,0,0,VAL
2026-03-09,KNOW_TOP5,UP,INDIAMART.NS,0.7466,1.0,HIGH,-0.1786,-3.8104,0,0,VAL
2026-03-09,KNOW_TOP5,UP,MAZDOCK.NS,0.9284,0.875,HIGH,3.9841,2.3586,1,1,VAL
2026-03-09,KNOW_TOP5,UP,BDL.NS,0.849,0.875,HIGH,3.6615,1.0408,1,1,VAL
2026-03-09,V3_TOP5,UP,JINDALPOLY.NS,0.9774,0.75,HIGH,6.5018,15.5564,1,1,VAL
2026-03-09,V3_TOP5,UP,MAZDOCK.NS,0.9284,0.875,HIGH,3.9841,2.3586,1,1,VAL
2026-03-09,V3_TOP5,UP,DATAPATTNS.NS,0.9277,0.75,HIGH,-1.4714,-4.6147,0,0,VAL
2026-03-09,V3_TOP5,UP,PARAS.NS,0.9163,0.75,HIGH,-2.1432,-6.9237,0,0,VAL
2026-03-09,V3_TOP5,UP,IDEAFORGE.NS,0.8961,0.75,HIGH,-0.9817,-4.9197,0,0,VAL
2026-03-09,RAND_TOP5,UP,PARAS.NS,0.9163,0.75,HIGH,-2.1432,-6.9237,0,0,VAL
2026-03-09,RAND_TOP5,UP,JINDALPOLY.NS,0.9774,0.75,HIGH,6.5018,15.5564,1,1,VAL
2026-03-09,RAND_TOP5,UP,SOLARINDS.NS,0.8357,1.0,HIGH,-1.716,-3.018,0,0,VAL
2026-03-09,RAND_TOP5,UP,STLTECH.NS,0.8371,0.75,HIGH,3.3861,15.2663,1,1,VAL
2026-03-09,RAND_TOP5,UP,RADICO.NS,0.7291,0.875,HIGH,0.3961,3.8487,1,0,VAL
2026-03-10,KNOW_TOP5,UP,MAZDOCK.NS,0.9626,1.0,HIGH,-1.8533,-6.2085,0,0,VAL
2026-03-10,KNOW_TOP5,UP,BDL.NS,0.9027,1.0,HIGH,-1.7625,-5.2297,0,0,VAL
2026-03-10,KNOW_TOP5,UP,ADANIENSOL.NS,0.8194,1.0,HIGH,-2.131,-2.1014,0,0,VAL
2026-03-10,KNOW_TOP5,UP,SHRIRAMFIN.NS,0.782,1.0,HIGH,-2.9354,-5.5791,0,0,VAL
2026-03-10,KNOW_TOP5,UP,GRSE.NS,0.8515,0.875,HIGH,-2.4962,-8.0659,0,0,VAL
2026-03-10,V3_TOP5,UP,MAZDOCK.NS,0.9626,1.0,HIGH,-1.8533,-6.2085,0,0,VAL
2026-03-10,V3_TOP5,UP,JINDALPOLY.NS,0.9425,0.625,HIGH,4.3202,7.3871,1,1,VAL
2026-03-10,V3_TOP5,UP,BDL.NS,0.9027,1.0,HIGH,-1.7625,-5.2297,0,0,VAL
2026-03-10,V3_TOP5,UP,MRPL.NS,0.868,0.75,HIGH,-3.4504,-7.9855,0,0,VAL
2026-03-10,V3_TOP5,UP,GRSE.NS,0.8515,0.875,HIGH,-2.4962,-8.0659,0,0,VAL
2026-03-10,RAND_TOP5,UP,MRPL.NS,0.868,0.75,HIGH,-3.4504,-7.9855,0,0,VAL
2026-03-10,RAND_TOP5,UP,MAZDOCK.NS,0.9626,1.0,HIGH,-1.8533,-6.2085,0,0,VAL
2026-03-10,RAND_TOP5,UP,ADANIENSOL.NS,0.8194,1.0,HIGH,-2.131,-2.1014,0,0,VAL
2026-03-10,RAND_TOP5,UP,PARAS.NS,0.8262,0.375,MEDIUM,-3.1786,-9.1303,0,0,VAL
2026-03-10,RAND_TOP5,UP,OLECTRA.NS,0.7646,0.625,HIGH,-3.4263,-5.5818,0,0,VAL
2026-03-11,KNOW_TOP5,UP,HFCL.NS,0.9199,1.0,HIGH,3.3444,-1.0963,1,1,VAL
2026-03-11,KNOW_TOP5,UP,RADICO.NS,0.8527,1.0,HIGH,-1.2612,-2.3013,0,0,VAL
2026-03-11,KNOW_TOP5,UP,ONMOBILE.NS,0.85,1.0,HIGH,-1.0559,-5.4165,0,0,VAL
2026-03-11,KNOW_TOP5,UP,WELCORP.NS,0.7779,1.0,HIGH,1.4114,-4.4084,1,0,VAL
2026-03-11,KNOW_TOP5,UP,GLENMARK.NS,0.7714,1.0,HIGH,-0.7172,-4.2813,0,0,VAL
2026-03-11,V3_TOP5,UP,STLTECH.NS,0.9231,0.625,HIGH,5.3836,-3.7045,1,1,VAL
2026-03-11,V3_TOP5,UP,HFCL.NS,0.9199,1.0,HIGH,3.3444,-1.0963,1,1,VAL
2026-03-11,V3_TOP5,UP,MAZDOCK.NS,0.9175,0.75,HIGH,0.2956,-4.2814,1,0,VAL
2026-03-11,V3_TOP5,UP,DEEPAKFERT.NS,0.8993,0.875,HIGH,-1.8609,-6.2146,0,0,VAL
2026-03-11,V3_TOP5,UP,SYMPHONY.NS,0.874,0.75,HIGH,-0.6881,-4.5789,0,0,VAL
2026-03-11,RAND_TOP5,UP,DEEPAKFERT.NS,0.8993,0.875,HIGH,-1.8609,-6.2146,0,0,VAL
2026-03-11,RAND_TOP5,UP,STLTECH.NS,0.9231,0.625,HIGH,5.3836,-3.7045,1,1,VAL
2026-03-11,RAND_TOP5,UP,RADICO.NS,0.8527,1.0,HIGH,-1.2612,-2.3013,0,0,VAL
2026-03-11,RAND_TOP5,UP,NCC.NS,0.8597,0.875,HIGH,0.3288,-4.8118,1,0,VAL
2026-03-11,RAND_TOP5,UP,VGUARD.NS,0.7847,0.75,HIGH,1.2871,2.2247,1,0,VAL
2026-03-12,KNOW_TOP5,UP,HFCL.NS,0.898,1.0,HIGH,-3.3571,-3.6659,0,0,VAL
2026-03-12,KNOW_TOP5,UP,JSWENERGY.NS,0.8708,1.0,HIGH,-1.0322,-2.4117,0,0,VAL
2026-03-12,KNOW_TOP5,UP,CESC.NS,0.8225,1.0,HIGH,0.1945,-2.1892,1,0,VAL
2026-03-12,KNOW_TOP5,UP,AJANTPHARM.NS,0.7664,1.0,HIGH,-2.8498,-3.1704,0,0,VAL
2026-03-12,KNOW_TOP5,UP,JINDALSTEL.NS,0.7493,1.0,HIGH,-6.6694,-5.5265,0,0,VAL
2026-03-12,V3_TOP5,UP,STLTECH.NS,0.9458,0.75,HIGH,-6.9209,-12.2884,0,0,VAL
2026-03-12,V3_TOP5,UP,HFCL.NS,0.898,1.0,HIGH,-3.3571,-3.6659,0,0,VAL
2026-03-12,V3_TOP5,UP,JPPOWER.NS,0.8801,0.875,HIGH,-1.9054,-1.3409,0,0,VAL
2026-03-12,V3_TOP5,UP,JINDALPOLY.NS,0.8792,0.625,HIGH,-1.0274,3.2524,0,0,VAL
2026-03-12,V3_TOP5,UP,SUDARSCHEM.NS,0.8721,0.75,HIGH,-2.4728,-7.6116,0,0,VAL
2026-03-12,RAND_TOP5,UP,JINDALPOLY.NS,0.8792,0.625,HIGH,-1.0274,3.2524,0,0,VAL
2026-03-12,RAND_TOP5,UP,STLTECH.NS,0.9458,0.75,HIGH,-6.9209,-12.2884,0,0,VAL
2026-03-12,RAND_TOP5,UP,RADICO.NS,0.8275,0.875,HIGH,-2.0087,-4.1435,0,0,VAL
2026-03-12,RAND_TOP5,UP,ONMOBILE.NS,0.8444,0.75,HIGH,-4.4664,-2.4111,0,0,VAL
2026-03-12,RAND_TOP5,UP,TATAPOWER.NS,0.7728,0.875,HIGH,-1.7904,-0.3233,0,0,VAL
2026-03-13,KNOW_TOP5,UP,ZYDUSWELL.NS,0.8971,1.0,HIGH,5.3061,6.209,1,1,VAL
2026-03-13,KNOW_TOP5,UP,CESC.NS,0.849,1.0,HIGH,-1.9909,-2.1161,0,0,VAL
2026-03-13,KNOW_TOP5,UP,ATUL.NS,0.8193,1.0,HIGH,-3.2178,-1.7481,0,0,VAL
2026-03-13,KNOW_TOP5,UP,JSWENERGY.NS,0.809,1.0,HIGH,-1.5206,-0.7506,0,0,VAL
2026-03-13,KNOW_TOP5,UP,VGUARD.NS,0.7949,1.0,HIGH,0.5156,3.7344,1,0,VAL
2026-03-13,V3_TOP5,UP,LTTS.NS,0.9851,0.875,HIGH,-3.067,-1.8396,0,0,VAL
2026-03-13,V3_TOP5,UP,HFCL.NS,0.9063,0.875,HIGH,-0.9726,0.917,0,0,VAL
2026-03-13,V3_TOP5,UP,ZYDUSWELL.NS,0.8971,1.0,HIGH,5.3061,6.209,1,1,VAL
2026-03-13,V3_TOP5,UP,NOCIL.NS,0.8649,0.75,HIGH,1.0142,9.6387,1,0,VAL
2026-03-13,V3_TOP5,UP,ADANIGREEN.NS,0.8534,0.75,HIGH,0.6501,3.4771,1,0,VAL
2026-03-13,RAND_TOP5,UP,NOCIL.NS,0.8649,0.75,HIGH,1.0142,9.6387,1,0,VAL
2026-03-13,RAND_TOP5,UP,LTTS.NS,0.9851,0.875,HIGH,-3.067,-1.8396,0,0,VAL
2026-03-13,RAND_TOP5,UP,ATUL.NS,0.8193,1.0,HIGH,-3.2178,-1.7481,0,0,VAL
2026-03-13,RAND_TOP5,UP,JPPOWER.NS,0.8339,0.75,HIGH,-2.8777,7.9137,0,0,VAL
2026-03-13,RAND_TOP5,UP,RATEGAIN.NS,0.7544,0.375,MEDIUM,-1.2677,3.3063,0,0,VAL
2026-03-16,KNOW_TOP5,UP,MRPL.NS,0.9886,1.0,HIGH,-3.1001,-10.635,0,0,VAL
2026-03-16,KNOW_TOP5,UP,ZYDUSWELL.NS,0.9234,1.0,HIGH,-0.8692,-2.631,0,0,VAL
2026-03-16,KNOW_TOP5,UP,VGUARD.NS,0.7592,1.0,HIGH,0.4353,0.7462,1,0,VAL
2026-03-16,KNOW_TOP5,UP,NOCIL.NS,0.928,0.875,HIGH,6.4786,2.6237,1,1,VAL
2026-03-16,KNOW_TOP5,UP,JSWENERGY.NS,0.7406,0.75,HIGH,0.1287,0.1485,1,0,VAL
2026-03-16,V3_TOP5,UP,MRPL.NS,0.9886,1.0,HIGH,-3.1001,-10.635,0,0,VAL
2026-03-16,V3_TOP5,UP,LTTS.NS,0.97,0.625,HIGH,0.2346,-0.3429,1,0,VAL
2026-03-16,V3_TOP5,UP,NOCIL.NS,0.928,0.875,HIGH,6.4786,2.6237,1,1,VAL
2026-03-16,V3_TOP5,UP,ZYDUSWELL.NS,0.9234,1.0,HIGH,-0.8692,-2.631,0,0,VAL
2026-03-16,V3_TOP5,UP,JPPOWER.NS,0.8251,0.5,MEDIUM,3.5556,24.0741,1,1,VAL
2026-03-16,RAND_TOP5,UP,ZYDUSWELL.NS,0.9234,1.0,HIGH,-0.8692,-2.631,0,0,VAL
2026-03-16,RAND_TOP5,UP,MRPL.NS,0.9886,1.0,HIGH,-3.1001,-10.635,0,0,VAL
2026-03-16,RAND_TOP5,UP,SUDARSCHEM.NS,0.7592,0.375,MEDIUM,-1.4932,-3.7673,0,0,VAL
2026-03-16,RAND_TOP5,UP,HFCL.NS,0.763,0.5,MEDIUM,0.6595,-0.8278,1,0,VAL
2026-03-16,RAND_TOP5,UP,PETRONET.NS,0.7268,0.375,MEDIUM,1.5352,-4.4115,1,0,VAL
2026-03-17,KNOW_TOP5,UP,NOCIL.NS,0.9607,1.0,HIGH,1.9341,-0.9154,1,0,VAL
2026-03-17,KNOW_TOP5,UP,MOIL.NS,0.9575,1.0,HIGH,-1.3439,-2.0326,0,0,VAL
2026-03-17,KNOW_TOP5,UP,MRPL.NS,0.9233,0.875,HIGH,-4.1475,-4.5768,0,0,VAL
2026-03-17,KNOW_TOP5,UP,TATASTEEL.NS,0.7891,0.875,HIGH,-0.0102,0.6857,0,0,VAL
2026-03-17,KNOW_TOP5,UP,TATAPOWER.NS,0.7512,0.875,HIGH,-0.1247,0.3867,0,0,VAL
2026-03-17,V3_TOP5,UP,NOCIL.NS,0.9607,1.0,HIGH,1.9341,-0.9154,1,0,VAL
2026-03-17,V3_TOP5,UP,MOIL.NS,0.9575,1.0,HIGH,-1.3439,-2.0326,0,0,VAL
2026-03-17,V3_TOP5,UP,JPPOWER.NS,0.9461,0.75,HIGH,7.2961,17.0243,1,1,VAL
2026-03-17,V3_TOP5,UP,MRPL.NS,0.9233,0.875,HIGH,-4.1475,-4.5768,0,0,VAL
2026-03-17,V3_TOP5,UP,SAIL.NS,0.8966,0.75,HIGH,0.5797,1.2962,1,0,VAL
2026-03-17,RAND_TOP5,UP,MRPL.NS,0.9233,0.875,HIGH,-4.1475,-4.5768,0,0,VAL
2026-03-17,RAND_TOP5,UP,NOCIL.NS,0.9607,1.0,HIGH,1.9341,-0.9154,1,0,VAL
2026-03-17,RAND_TOP5,UP,ZYDUSWELL.NS,0.8,0.75,HIGH,1.7417,0.628,1,0,VAL
2026-03-17,RAND_TOP5,UP,IDEAFORGE.NS,0.8211,0.75,HIGH,-1.3675,-4.7407,0,0,VAL
2026-03-17,RAND_TOP5,UP,SHYAMMETL.NS,0.7427,0.5,MEDIUM,1.1835,2.3091,1,0,VAL
2026-03-18,KNOW_TOP5,UP,JPPOWER.NS,0.9761,1.0,HIGH,11.6667,-2.2,1,1,VAL
2026-03-18,KNOW_TOP5,UP,OLECTRA.NS,0.9519,1.0,HIGH,-5.2228,-3.0257,0,0,VAL
2026-03-18,KNOW_TOP5,UP,NOCIL.NS,0.9324,1.0,HIGH,-5.449,8.2647,0,0,VAL
2026-03-18,KNOW_TOP5,UP,PFC.NS,0.8406,1.0,HIGH,-4.7195,-7.9237,0,0,VAL
2026-03-18,KNOW_TOP5,UP,CERA.NS,0.8048,1.0,HIGH,-4.4881,-8.0127,0,0,VAL
2026-03-18,V3_TOP5,UP,JPPOWER.NS,0.9761,1.0,HIGH,11.6667,-2.2,1,1,VAL
2026-03-18,V3_TOP5,UP,MOIL.NS,0.9582,0.875,HIGH,-0.4086,-2.8605,0,0,VAL
2026-03-18,V3_TOP5,UP,OLECTRA.NS,0.9519,1.0,HIGH,-5.2228,-3.0257,0,0,VAL
2026-03-18,V3_TOP5,UP,NOCIL.NS,0.9324,1.0,HIGH,-5.449,8.2647,0,0,VAL
2026-03-18,V3_TOP5,UP,COFORGE.NS,0.8795,0.75,HIGH,-3.5071,-2.7915,0,0,VAL
2026-03-18,RAND_TOP5,UP,NOCIL.NS,0.9324,1.0,HIGH,-5.449,8.2647,0,0,VAL
2026-03-18,RAND_TOP5,UP,JPPOWER.NS,0.9761,1.0,HIGH,11.6667,-2.2,1,1,VAL
2026-03-18,RAND_TOP5,UP,KPITTECH.NS,0.8399,0.75,HIGH,-4.2644,-4.2063,0,0,VAL
2026-03-18,RAND_TOP5,UP,PFC.NS,0.8406,1.0,HIGH,-4.7195,-7.9237,0,0,VAL
2026-03-18,RAND_TOP5,UP,INTELLECT.NS,0.7886,0.75,HIGH,-2.3417,-5.9171,0,0,VAL
2026-03-19,KNOW_TOP5,UP,JPPOWER.NS,0.9938,1.0,HIGH,-2.3284,-10.9851,0,0,VAL
2026-03-19,KNOW_TOP5,UP,MOIL.NS,0.9667,1.0,HIGH,-0.2906,-0.9574,0,0,VAL
2026-03-19,KNOW_TOP5,UP,OLECTRA.NS,0.9635,0.875,HIGH,9.6523,6.9494,1,1,VAL
2026-03-19,KNOW_TOP5,UP,MANAPPURAM.NS,0.882,0.75,HIGH,-1.855,-4.3536,0,0,VAL
2026-03-19,KNOW_TOP5,UP,POLICYBZR.NS,0.7438,0.75,HIGH,0.5643,-1.8338,1,0,VAL
2026-03-19,V3_TOP5,UP,JPPOWER.NS,0.9938,1.0,HIGH,-2.3284,-10.9851,0,0,VAL
2026-03-19,V3_TOP5,UP,MOIL.NS,0.9667,1.0,HIGH,-0.2906,-0.9574,0,0,VAL
2026-03-19,V3_TOP5,UP,OLECTRA.NS,0.9635,0.875,HIGH,9.6523,6.9494,1,1,VAL
2026-03-19,V3_TOP5,UP,NOCIL.NS,0.886,0.625,HIGH,2.8065,16.3679,1,1,VAL
2026-03-19,V3_TOP5,UP,MANAPPURAM.NS,0.882,0.75,HIGH,-1.855,-4.3536,0,0,VAL
2026-03-19,RAND_TOP5,UP,NOCIL.NS,0.886,0.625,HIGH,2.8065,16.3679,1,1,VAL
2026-03-19,RAND_TOP5,UP,JPPOWER.NS,0.9938,1.0,HIGH,-2.3284,-10.9851,0,0,VAL
2026-03-19,RAND_TOP5,UP,M&M.NS,0.7855,0.5,MEDIUM,0.6797,-0.463,1,0,VAL
2026-03-19,RAND_TOP5,UP,KPITTECH.NS,0.7887,0.375,MEDIUM,0.3111,0.9258,1,0,VAL
2026-03-19,RAND_TOP5,UP,KEI.NS,0.7498,0.375,MEDIUM,-0.5934,-2.065,0,0,VAL
2026-03-20,KNOW_TOP5,UP,OLECTRA.NS,0.9803,1.0,HIGH,-6.6885,-3.0891,0,0,VAL
2026-03-20,KNOW_TOP5,UP,CENTUM.NS,0.967,1.0,HIGH,-8.1465,-5.2815,0,0,VAL
2026-03-20,KNOW_TOP5,UP,GRANULES.NS,0.7441,1.0,HIGH,-1.8276,6.4472,0,0,VAL
2026-03-20,KNOW_TOP5,UP,JPPOWER.NS,0.9823,0.875,HIGH,-10.3301,-6.6626,0,0,VAL
2026-03-20,KNOW_TOP5,UP,TATASTEEL.NS,0.8143,0.875,HIGH,-4.8788,-0.061,0,0,VAL
2026-03-20,V3_TOP5,UP,JPPOWER.NS,0.9823,0.875,HIGH,-10.3301,-6.6626,0,0,VAL
2026-03-20,V3_TOP5,UP,OLECTRA.NS,0.9803,1.0,HIGH,-6.6885,-3.0891,0,0,VAL
2026-03-20,V3_TOP5,UP,CENTUM.NS,0.967,1.0,HIGH,-8.1465,-5.2815,0,0,VAL
2026-03-20,V3_TOP5,UP,MOIL.NS,0.8463,0.625,HIGH,-2.1776,-0.823,0,0,VAL
2026-03-20,V3_TOP5,UP,TATASTEEL.NS,0.8143,0.875,HIGH,-4.8788,-0.061,0,0,VAL
2026-03-20,RAND_TOP5,UP,MOIL.NS,0.8463,0.625,HIGH,-2.1776,-0.823,0,0,VAL
2026-03-20,RAND_TOP5,UP,JPPOWER.NS,0.9823,0.875,HIGH,-10.3301,-6.6626,0,0,VAL
2026-03-20,RAND_TOP5,UP,NOCIL.NS,0.7933,0.75,HIGH,11.3782,11.2114,1,1,VAL
2026-03-20,RAND_TOP5,UP,SAIL.NS,0.7941,0.75,HIGH,-8.0247,-2.4498,0,0,VAL
2026-03-20,RAND_TOP5,UP,PFC.NS,0.7291,0.75,HIGH,-3.5969,-2.2769,0,0,VAL
2026-03-23,KNOW_TOP5,UP,NOCIL.NS,0.9648,1.0,HIGH,1.6278,-1.5904,1,0,VAL
2026-03-23,KNOW_TOP5,UP,OLECTRA.NS,0.931,0.75,HIGH,4.5264,0.1709,1,1,VAL
2026-03-23,KNOW_TOP5,UP,MOIL.NS,0.7998,0.75,HIGH,1.5425,-3.4531,1,0,VAL
2026-03-23,KNOW_TOP5,UP,HCLTECH.NS,0.7091,0.75,HIGH,1.082,0.4269,1,0,VAL
2026-03-23,KNOW_TOP5,UP,JPPOWER.NS,0.9631,0.625,HIGH,1.636,0.409,1,0,VAL
2026-03-23,V3_TOP5,UP,NOCIL.NS,0.9648,1.0,HIGH,1.6278,-1.5904,1,0,VAL
2026-03-23,V3_TOP5,UP,JPPOWER.NS,0.9631,0.625,HIGH,1.636,0.409,1,0,VAL
2026-03-23,V3_TOP5,UP,OLECTRA.NS,0.931,0.75,HIGH,4.5264,0.1709,1,1,VAL
2026-03-23,V3_TOP5,UP,MOIL.NS,0.7998,0.75,HIGH,1.5425,-3.4531,1,0,VAL
2026-03-23,V3_TOP5,UP,KPITTECH.NS,0.7793,0.5,MEDIUM,0.8646,0.1138,1,0,VAL
2026-03-23,RAND_TOP5,UP,MOIL.NS,0.7998,0.75,HIGH,1.5425,-3.4531,1,0,VAL
2026-03-23,RAND_TOP5,UP,NOCIL.NS,0.9648,1.0,HIGH,1.6278,-1.5904,1,0,VAL
2026-03-23,RAND_TOP5,UP,SHYAMMETL.NS,0.7599,0.625,HIGH,1.2278,-0.9707,1,0,VAL
2026-03-23,RAND_TOP5,UP,COFORGE.NS,0.7712,0.5,MEDIUM,0.8815,4.0258,1,0,VAL
2026-03-23,RAND_TOP5,UP,LT.NS,0.7096,0.5,MEDIUM,5.2178,6.633,1,1,VAL
2026-03-24,KNOW_TOP5,UP,OLECTRA.NS,0.9875,1.0,HIGH,-0.64,-9.7258,0,0,VAL
2026-03-24,KNOW_TOP5,UP,ALKYLAMINE.NS,0.9701,1.0,HIGH,-2.573,-12.9427,0,0,VAL
2026-03-24,KNOW_TOP5,UP,PERSISTENT.NS,0.7949,1.0,HIGH,0.3073,-0.7428,1,0,VAL
2026-03-24,KNOW_TOP5,UP,GRANULES.NS,0.7939,1.0,HIGH,3.7437,2.3171,1,1,VAL
2026-03-24,KNOW_TOP5,UP,TECHM.NS,0.7422,1.0,HIGH,-1.6891,-3.3992,0,0,VAL
2026-03-24,V3_TOP5,UP,OLECTRA.NS,0.9875,1.0,HIGH,-0.64,-9.7258,0,0,VAL
2026-03-24,V3_TOP5,UP,ALKYLAMINE.NS,0.9701,1.0,HIGH,-2.573,-12.9427,0,0,VAL
2026-03-24,V3_TOP5,UP,NOCIL.NS,0.9581,0.875,HIGH,-1.749,-5.7318,0,0,VAL
2026-03-24,V3_TOP5,UP,DEEPAKFERT.NS,0.8716,0.75,HIGH,8.4686,-1.3083,1,1,VAL
2026-03-24,V3_TOP5,UP,CENTUM.NS,0.8316,0.875,HIGH,-0.0565,-2.3803,0,0,VAL
2026-03-24,RAND_TOP5,UP,DEEPAKFERT.NS,0.8716,0.75,HIGH,8.4686,-1.3083,1,1,VAL
2026-03-24,RAND_TOP5,UP,OLECTRA.NS,0.9875,1.0,HIGH,-0.64,-9.7258,0,0,VAL
2026-03-24,RAND_TOP5,UP,JYOTHYLAB.NS,0.7801,0.625,HIGH,2.0219,-6.1608,1,1,VAL
2026-03-24,RAND_TOP5,UP,GRANULES.NS,0.7939,1.0,HIGH,3.7437,2.3171,1,1,VAL
2026-03-24,RAND_TOP5,UP,TECHM.NS,0.7422,1.0,HIGH,-1.6891,-3.3992,0,0,VAL
2026-03-25,KNOW_TOP5,UP,DEEPAKFERT.NS,0.9621,1.0,HIGH,-4.8546,-1.071,0,0,VAL
2026-03-25,KNOW_TOP5,UP,GRANULES.NS,0.8392,1.0,HIGH,-0.7472,-0.151,0,0,VAL
2026-03-25,KNOW_TOP5,UP,RADICO.NS,0.8411,0.875,HIGH,-3.8879,-2.2934,0,0,VAL
2026-03-25,KNOW_TOP5,UP,WELCORP.NS,0.7635,0.875,HIGH,-2.1782,-0.9275,0,0,VAL
2026-03-25,KNOW_TOP5,UP,KALYANKJIL.NS,0.75,0.875,HIGH,-0.8932,-1.2122,0,0,VAL
2026-03-25,V3_TOP5,UP,DEEPAKFERT.NS,0.9621,1.0,HIGH,-4.8546,-1.071,0,0,VAL
2026-03-25,V3_TOP5,UP,ALKYLAMINE.NS,0.898,0.625,HIGH,-6.2251,-4.5636,0,0,VAL
2026-03-25,V3_TOP5,UP,NOCIL.NS,0.867,0.75,HIGH,-1.4428,2.2548,0,0,VAL
2026-03-25,V3_TOP5,UP,RADICO.NS,0.8411,0.875,HIGH,-3.8879,-2.2934,0,0,VAL
2026-03-25,V3_TOP5,UP,GRANULES.NS,0.8392,1.0,HIGH,-0.7472,-0.151,0,0,VAL
2026-03-25,RAND_TOP5,UP,RADICO.NS,0.8411,0.875,HIGH,-3.8879,-2.2934,0,0,VAL
2026-03-25,RAND_TOP5,UP,DEEPAKFERT.NS,0.9621,1.0,HIGH,-4.8546,-1.071,0,0,VAL
2026-03-25,RAND_TOP5,UP,WELCORP.NS,0.7635,0.875,HIGH,-2.1782,-0.9275,0,0,VAL
2026-03-25,RAND_TOP5,UP,UNIONBANK.NS,0.7675,0.75,HIGH,-2.6841,-4.8137,0,0,VAL
2026-03-25,RAND_TOP5,UP,AUROPHARMA.NS,0.7197,0.875,HIGH,0.4894,2.6227,1,0,VAL
2026-03-27,KNOW_TOP5,UP,OFSS.NS,0.8097,1.0,HIGH,-3.1093,0.655,0,0,VAL
2026-03-27,KNOW_TOP5,UP,ERIS.NS,0.7386,1.0,HIGH,-3.259,-0.6563,0,0,VAL
2026-03-27,KNOW_TOP5,UP,ONGC.NS,0.7063,1.0,HIGH,0.9576,1.862,1,0,VAL
2026-03-27,KNOW_TOP5,UP,LAURUSLABS.NS,0.8597,0.875,HIGH,-1.596,3.3803,0,0,VAL
2026-03-27,KNOW_TOP5,UP,LICHSGFIN.NS,0.7619,0.875,HIGH,-2.1342,2.2429,0,0,VAL
2026-03-27,V3_TOP5,UP,DEEPAKFERT.NS,0.8646,0.75,HIGH,-4.3712,4.4395,0,0,VAL
2026-03-27,V3_TOP5,UP,LAURUSLABS.NS,0.8597,0.875,HIGH,-1.596,3.3803,0,0,VAL
2026-03-27,V3_TOP5,UP,RADICO.NS,0.8502,0.625,HIGH,-0.4128,-0.6439,0,0,VAL
2026-03-27,V3_TOP5,UP,UNIONBANK.NS,0.8498,0.75,HIGH,-6.4281,-1.9888,0,0,VAL
2026-03-27,V3_TOP5,UP,OFSS.NS,0.8097,1.0,HIGH,-3.1093,0.655,0,0,VAL
2026-03-27,RAND_TOP5,UP,UNIONBANK.NS,0.8498,0.75,HIGH,-6.4281,-1.9888,0,0,VAL
2026-03-27,RAND_TOP5,UP,DEEPAKFERT.NS,0.8646,0.75,HIGH,-4.3712,4.4395,0,0,VAL
2026-03-27,RAND_TOP5,UP,LICHSGFIN.NS,0.7619,0.875,HIGH,-2.1342,2.2429,0,0,VAL
2026-03-27,RAND_TOP5,UP,NOCIL.NS,0.7621,0.75,HIGH,-2.6491,4.6518,0,0,VAL
2026-03-27,RAND_TOP5,UP,HCLTECH.NS,0.7221,0.875,HIGH,-1.6711,2.7704,0,0,VAL
2026-03-30,KNOW_TOP5,UP,NATIONALUM.NS,0.9179,1.0,HIGH,3.4577,5.6333,1,1,VAL
2026-03-30,KNOW_TOP5,UP,ONGC.NS,0.7076,1.0,HIGH,1.1944,-0.9837,1,0,VAL
2026-03-30,KNOW_TOP5,UP,HINDALCO.NS,0.8108,0.875,HIGH,2.2783,4.8618,1,1,VAL
2026-03-30,KNOW_TOP5,UP,WELCORP.NS,0.8044,0.875,HIGH,1.858,6.14,1,0,VAL
2026-03-30,KNOW_TOP5,UP,ATUL.NS,0.7458,0.875,HIGH,1.0678,-3.4467,1,0,VAL
2026-03-30,V3_TOP5,UP,NATIONALUM.NS,0.9179,1.0,HIGH,3.4577,5.6333,1,1,VAL
2026-03-30,V3_TOP5,UP,HINDALCO.NS,0.8108,0.875,HIGH,2.2783,4.8618,1,1,VAL
2026-03-30,V3_TOP5,UP,WELCORP.NS,0.8044,0.875,HIGH,1.858,6.14,1,0,VAL
2026-03-30,V3_TOP5,UP,DEEPAKFERT.NS,0.774,0.375,MEDIUM,8.7294,8.2013,1,1,VAL
2026-03-30,V3_TOP5,UP,ERIS.NS,0.7733,0.75,HIGH,1.0022,2.4746,1,0,VAL
2026-03-30,RAND_TOP5,UP,DEEPAKFERT.NS,0.774,0.375,MEDIUM,8.7294,8.2013,1,1,VAL
2026-03-30,RAND_TOP5,UP,NATIONALUM.NS,0.9179,1.0,HIGH,3.4577,5.6333,1,1,VAL
2026-03-30,RAND_TOP5,UP,PERSISTENT.NS,0.7458,0.75,HIGH,3.5246,8.8616,1,1,VAL
2026-03-30,RAND_TOP5,UP,ATUL.NS,0.7458,0.875,HIGH,1.0678,-3.4467,1,0,VAL
2026-03-30,RAND_TOP5,UP,ONGC.NS,0.7076,1.0,HIGH,1.1944,-0.9837,1,0,VAL
2026-04-01,KNOW_TOP5,UP,GRSE.NS,0.9741,1.0,HIGH,-4.4081,-2.2888,0,0,VAL
2026-04-01,KNOW_TOP5,UP,LAURUSLABS.NS,0.7537,1.0,HIGH,0.3947,1.7953,1,0,VAL
2026-04-01,KNOW_TOP5,UP,DEEPAKFERT.NS,0.9241,0.875,HIGH,0.4452,-0.3642,1,0,VAL
2026-04-01,KNOW_TOP5,UP,NATIONALUM.NS,0.8527,0.875,HIGH,0.5883,3.0792,1,0,VAL
2026-04-01,KNOW_TOP5,UP,MAZDOCK.NS,0.8524,0.875,HIGH,-2.3121,0.4271,0,0,VAL
2026-04-01,V3_TOP5,UP,GRSE.NS,0.9741,1.0,HIGH,-4.4081,-2.2888,0,0,VAL
2026-04-01,V3_TOP5,UP,DEEPAKFERT.NS,0.9241,0.875,HIGH,0.4452,-0.3642,1,0,VAL
2026-04-01,V3_TOP5,UP,MASTEK.NS,0.8863,0.75,HIGH,3.0752,4.5855,1,1,VAL
2026-04-01,V3_TOP5,UP,BEML.NS,0.8837,0.625,HIGH,0.386,2.9049,1,0,VAL
2026-04-01,V3_TOP5,UP,COCHINSHIP.NS,0.8837,0.75,HIGH,-1.8004,0.7022,0,0,VAL
2026-04-01,RAND_TOP5,UP,BEML.NS,0.8837,0.625,HIGH,0.386,2.9049,1,0,VAL
2026-04-01,RAND_TOP5,UP,GRSE.NS,0.9741,1.0,HIGH,-4.4081,-2.2888,0,0,VAL
2026-04-01,RAND_TOP5,UP,HFCL.NS,0.849,0.875,HIGH,-1.0349,0.2346,0,0,VAL
2026-04-01,RAND_TOP5,UP,MAZDOCK.NS,0.8524,0.875,HIGH,-2.3121,0.4271,0,0,VAL
2026-04-01,RAND_TOP5,UP,HINDALCO.NS,0.759,0.625,HIGH,1.2879,5.5163,1,0,VAL
2026-04-02,KNOW_TOP5,UP,COFORGE.NS,0.8885,1.0,HIGH,0.5604,4.6975,1,0,VAL
2026-04-02,KNOW_TOP5,UP,FINEORG.NS,0.785,1.0,HIGH,-0.7838,2.9427,0,0,VAL
2026-04-02,KNOW_TOP5,UP,RATEGAIN.NS,0.7783,1.0,HIGH,1.0334,11.844,1,0,VAL
2026-04-02,KNOW_TOP5,UP,TATACHEM.NS,0.8667,0.875,HIGH,-2.7075,-0.6059,0,0,VAL
2026-04-02,KNOW_TOP5,UP,NATIONALUM.NS,0.7888,0.875,HIGH,1.5057,-0.4107,1,0,VAL
2026-04-02,V3_TOP5,UP,GRSE.NS,0.9278,0.75,HIGH,0.1862,9.8479,1,0,VAL
2026-04-02,V3_TOP5,UP,COFORGE.NS,0.8885,1.0,HIGH,0.5604,4.6975,1,0,VAL
2026-04-02,V3_TOP5,UP,SAIL.NS,0.8733,0.75,HIGH,3.4029,5.9616,1,1,VAL
2026-04-02,V3_TOP5,UP,TATACHEM.NS,0.8667,0.875,HIGH,-2.7075,-0.6059,0,0,VAL
2026-04-02,V3_TOP5,UP,BATAINDIA.NS,0.8023,0.75,HIGH,1.4228,7.1521,1,0,VAL
2026-04-02,RAND_TOP5,UP,TATACHEM.NS,0.8667,0.875,HIGH,-2.7075,-0.6059,0,0,VAL
2026-04-02,RAND_TOP5,UP,GRSE.NS,0.9278,0.75,HIGH,0.1862,9.8479,1,0,VAL
2026-04-02,RAND_TOP5,UP,DEEPAKFERT.NS,0.7828,0.875,HIGH,-0.9267,5.6963,0,0,VAL
2026-04-02,RAND_TOP5,UP,FINEORG.NS,0.785,1.0,HIGH,-0.7838,2.9427,0,0,VAL
2026-04-02,RAND_TOP5,UP,GALAXYSURF.NS,0.7627,0.625,HIGH,1.5647,7.8354,1,0,VAL
2026-04-06,KNOW_TOP5,UP,ADANIGREEN.NS,0.9022,1.0,HIGH,0.4614,13.4025,1,0,VAL
2026-04-06,KNOW_TOP5,UP,KALYANKJIL.NS,0.8451,1.0,HIGH,-1.4274,6.1258,0,0,VAL
2026-04-06,KNOW_TOP5,UP,BOSCHLTD.NS,0.8073,1.0,HIGH,-0.0448,9.8924,0,0,VAL
2026-04-06,KNOW_TOP5,UP,BSE.NS,0.7818,1.0,HIGH,-1.0562,9.2244,0,0,VAL
2026-04-06,KNOW_TOP5,UP,NMDC.NS,0.7595,1.0,HIGH,0.4177,3.7346,1,0,VAL
2026-04-06,V3_TOP5,UP,ZYDUSWELL.NS,0.9478,0.75,HIGH,-2.5032,-3.8971,0,0,VAL
2026-04-06,V3_TOP5,UP,GRSE.NS,0.9248,0.75,HIGH,2.027,11.6884,1,1,VAL
2026-04-06,V3_TOP5,UP,ADANIGREEN.NS,0.9022,1.0,HIGH,0.4614,13.4025,1,0,VAL
2026-04-06,V3_TOP5,UP,SAIL.NS,0.8791,0.875,HIGH,0.1122,1.8138,1,0,VAL
2026-04-06,V3_TOP5,UP,BDL.NS,0.8536,0.75,HIGH,0.9228,8.2394,1,0,VAL
2026-04-06,RAND_TOP5,UP,SAIL.NS,0.8791,0.875,HIGH,0.1122,1.8138,1,0,VAL
2026-04-06,RAND_TOP5,UP,ZYDUSWELL.NS,0.9478,0.75,HIGH,-2.5032,-3.8971,0,0,VAL
2026-04-06,RAND_TOP5,UP,BOSCHLTD.NS,0.8073,1.0,HIGH,-0.0448,9.8924,0,0,VAL
2026-04-06,RAND_TOP5,UP,NATIONALUM.NS,0.8177,0.875,HIGH,0.9562,1.1033,1,0,VAL
2026-04-06,RAND_TOP5,UP,TITAN.NS,0.7558,1.0,HIGH,-0.365,4.5618,0,0,VAL
2026-04-07,KNOW_TOP5,UP,SHYAMMETL.NS,0.8419,1.0,HIGH,2.0137,2.0624,1,1,VAL
2026-04-07,KNOW_TOP5,UP,VEDL.NS,0.8037,1.0,HIGH,1.1427,4.4725,1,0,VAL
2026-04-07,KNOW_TOP5,UP,COROMANDEL.NS,0.7813,1.0,HIGH,5.2265,7.156,1,1,VAL
2026-04-07,KNOW_TOP5,UP,MPHASIS.NS,0.7796,1.0,HIGH,0.975,-0.0601,1,0,VAL
2026-04-07,KNOW_TOP5,UP,MIDHANI.NS,0.9148,0.875,HIGH,3.3172,6.3607,1,1,VAL
2026-04-07,V3_TOP5,UP,RAJESHEXPO.NS,0.9707,0.75,HIGH,4.9802,14.1194,1,1,VAL
2026-04-07,V3_TOP5,UP,GRSE.NS,0.9333,0.75,HIGH,7.4654,10.1722,1,1,VAL
2026-04-07,V3_TOP5,UP,MIDHANI.NS,0.9148,0.875,HIGH,3.3172,6.3607,1,1,VAL
2026-04-07,V3_TOP5,UP,ADANIGREEN.NS,0.8581,0.875,HIGH,11.2714,17.2908,1,1,VAL
2026-04-07,V3_TOP5,UP,SHYAMMETL.NS,0.8419,1.0,HIGH,2.0137,2.0624,1,1,VAL
2026-04-07,RAND_TOP5,UP,ADANIGREEN.NS,0.8581,0.875,HIGH,11.2714,17.2908,1,1,VAL
2026-04-07,RAND_TOP5,UP,RAJESHEXPO.NS,0.9707,0.75,HIGH,4.9802,14.1194,1,1,VAL
2026-04-07,RAND_TOP5,UP,BOSCHLTD.NS,0.8219,0.875,HIGH,7.4451,11.6161,1,1,VAL
2026-04-07,RAND_TOP5,UP,PRESTIGE.NS,0.8278,0.75,HIGH,8.0763,8.2072,1,1,VAL
2026-04-07,RAND_TOP5,UP,ZYDUSWELL.NS,0.7813,0.75,HIGH,-2.9601,-1.3794,0,0,VAL
2026-04-08,KNOW_TOP5,UP,RATEGAIN.NS,0.9476,1.0,HIGH,0.1178,0.9965,1,0,VAL
2026-04-08,KNOW_TOP5,UP,GRSE.NS,0.9449,1.0,HIGH,1.8649,1.7962,1,0,VAL
2026-04-08,KNOW_TOP5,UP,ADANIGREEN.NS,0.9437,1.0,HIGH,1.4471,5.4193,1,0,VAL
2026-04-08,KNOW_TOP5,UP,PRESTIGE.NS,0.9164,1.0,HIGH,-0.106,-1.2341,0,0,VAL
2026-04-08,KNOW_TOP5,UP,SHRIRAMFIN.NS,0.8986,1.0,HIGH,-2.629,-1.8667,0,0,VAL
2026-04-08,V3_TOP5,UP,RAJESHEXPO.NS,0.9611,0.75,HIGH,3.5357,14.1329,1,1,VAL
2026-04-08,V3_TOP5,UP,RATEGAIN.NS,0.9476,1.0,HIGH,0.1178,0.9965,1,0,VAL
2026-04-08,V3_TOP5,UP,GRSE.NS,0.9449,1.0,HIGH,1.8649,1.7962,1,0,VAL
2026-04-08,V3_TOP5,UP,ADANIGREEN.NS,0.9437,1.0,HIGH,1.4471,5.4193,1,0,VAL
2026-04-08,V3_TOP5,UP,PRESTIGE.NS,0.9164,1.0,HIGH,-0.106,-1.2341,0,0,VAL
2026-04-08,RAND_TOP5,UP,ADANIGREEN.NS,0.9437,1.0,HIGH,1.4471,5.4193,1,0,VAL
2026-04-08,RAND_TOP5,UP,RAJESHEXPO.NS,0.9611,0.75,HIGH,3.5357,14.1329,1,1,VAL
2026-04-08,RAND_TOP5,UP,BSE.NS,0.8652,1.0,HIGH,2.965,4.4253,1,1,VAL
2026-04-08,RAND_TOP5,UP,KALYANKJIL.NS,0.8725,1.0,HIGH,0.1234,-0.8753,1,0,VAL
2026-04-08,RAND_TOP5,UP,DLF.NS,0.7973,1.0,HIGH,-1.7282,-0.7768,0,0,VAL
2026-04-09,KNOW_TOP5,UP,STLTECH.NS,0.9798,1.0,HIGH,4.8332,15.574,1,1,VAL
2026-04-09,KNOW_TOP5,UP,ADANIGREEN.NS,0.901,1.0,HIGH,3.906,4.9304,1,1,VAL
2026-04-09,KNOW_TOP5,UP,BOSCHLTD.NS,0.8661,1.0,HIGH,1.523,0.8431,1,0,VAL
2026-04-09,KNOW_TOP5,UP,BSE.NS,0.8471,1.0,HIGH,0.7306,4.0922,1,0,VAL
2026-04-09,KNOW_TOP5,UP,BDL.NS,0.8361,1.0,HIGH,1.539,2.3086,1,0,VAL
2026-04-09,V3_TOP5,UP,STLTECH.NS,0.9798,1.0,HIGH,4.8332,15.574,1,1,VAL
2026-04-09,V3_TOP5,UP,RAJESHEXPO.NS,0.9512,0.875,HIGH,4.9933,15.7452,1,1,VAL
2026-04-09,V3_TOP5,UP,JPPOWER.NS,0.911,0.875,HIGH,2.32,12.1356,1,1,VAL
2026-04-09,V3_TOP5,UP,ADANIGREEN.NS,0.901,1.0,HIGH,3.906,4.9304,1,1,VAL
2026-04-09,V3_TOP5,UP,ASHOKLEY.NS,0.8973,0.5,MEDIUM,4.4841,2.9933,1,1,VAL
2026-04-09,RAND_TOP5,UP,ADANIGREEN.NS,0.901,1.0,HIGH,3.906,4.9304,1,1,VAL
2026-04-09,RAND_TOP5,UP,STLTECH.NS,0.9798,1.0,HIGH,4.8332,15.574,1,1,VAL
2026-04-09,RAND_TOP5,UP,RATEGAIN.NS,0.8644,0.75,HIGH,1.7191,3.9631,1,0,VAL
2026-04-09,RAND_TOP5,UP,BOSCHLTD.NS,0.8661,1.0,HIGH,1.523,0.8431,1,0,VAL
2026-04-09,RAND_TOP5,UP,IDEAFORGE.NS,0.7898,0.875,HIGH,1.5819,6.3394,1,0,VAL
2026-04-10,KNOW_TOP5,UP,OLECTRA.NS,0.96,1.0,HIGH,2.4404,2.4995,1,1,VAL
2026-04-10,KNOW_TOP5,UP,ADANIENSOL.NS,0.9337,1.0,HIGH,1.5027,5.5877,1,0,VAL
2026-04-10,KNOW_TOP5,UP,AMBER.NS,0.8908,1.0,HIGH,-0.9179,6.4803,0,0,VAL
2026-04-10,KNOW_TOP5,UP,COCHINSHIP.NS,0.8653,1.0,HIGH,-2.021,2.2873,0,0,VAL
2026-04-10,KNOW_TOP5,UP,STLTECH.NS,0.9745,0.875,HIGH,4.9996,10.8684,1,1,VAL
2026-04-10,V3_TOP5,UP,STLTECH.NS,0.9745,0.875,HIGH,4.9996,10.8684,1,1,VAL
2026-04-10,V3_TOP5,UP,OLECTRA.NS,0.96,1.0,HIGH,2.4404,2.4995,1,1,VAL
2026-04-10,V3_TOP5,UP,ADANIENSOL.NS,0.9337,1.0,HIGH,1.5027,5.5877,1,0,VAL
2026-04-10,V3_TOP5,UP,ASHOKLEY.NS,0.9279,0.875,HIGH,-3.3479,-0.7246,0,0,VAL
2026-04-10,V3_TOP5,UP,PRESTIGE.NS,0.9226,0.875,HIGH,-1.3536,1.1721,0,0,VAL
2026-04-10,RAND_TOP5,UP,ASHOKLEY.NS,0.9279,0.875,HIGH,-3.3479,-0.7246,0,0,VAL
2026-04-10,RAND_TOP5,UP,STLTECH.NS,0.9745,0.875,HIGH,4.9996,10.8684,1,1,VAL
2026-04-10,RAND_TOP5,UP,RAJESHEXPO.NS,0.8966,0.875,HIGH,4.9927,15.7526,1,1,VAL
2026-04-10,RAND_TOP5,UP,SAPPHIRE.NS,0.8968,0.875,HIGH,2.0996,1.4703,1,1,VAL
2026-04-10,RAND_TOP5,UP,MIDHANI.NS,0.8347,0.875,HIGH,0.863,10.6435,1,0,VAL
2026-04-13,KNOW_TOP5,UP,OLECTRA.NS,0.9628,1.0,HIGH,1.1004,0.9892,1,0,VAL
2026-04-13,KNOW_TOP5,UP,TATACHEM.NS,0.9469,1.0,HIGH,0.2369,-1.1915,1,0,VAL
2026-04-13,KNOW_TOP5,UP,PARAS.NS,0.8761,1.0,HIGH,6.9344,14.6267,1,1,VAL
2026-04-13,KNOW_TOP5,UP,SUZLON.NS,0.8287,1.0,HIGH,7.1304,15.4165,1,1,VAL
2026-04-13,KNOW_TOP5,UP,ADANIENSOL.NS,0.9249,0.875,HIGH,-0.3531,7.1897,0,0,VAL
2026-04-13,V3_TOP5,UP,OLECTRA.NS,0.9628,1.0,HIGH,1.1004,0.9892,1,0,VAL
2026-04-13,V3_TOP5,UP,HFCL.NS,0.9473,0.75,HIGH,2.4651,11.0349,1,1,VAL
2026-04-13,V3_TOP5,UP,STLTECH.NS,0.9469,0.625,HIGH,4.9963,8.3615,1,1,VAL
2026-04-13,V3_TOP5,UP,TATACHEM.NS,0.9469,1.0,HIGH,0.2369,-1.1915,1,0,VAL
2026-04-13,V3_TOP5,UP,ADANIENSOL.NS,0.9249,0.875,HIGH,-0.3531,7.1897,0,0,VAL
2026-04-13,RAND_TOP5,UP,TATACHEM.NS,0.9469,1.0,HIGH,0.2369,-1.1915,1,0,VAL
2026-04-13,RAND_TOP5,UP,OLECTRA.NS,0.9628,1.0,HIGH,1.1004,0.9892,1,0,VAL
2026-04-13,RAND_TOP5,UP,VOLTAS.NS,0.8857,0.875,HIGH,2.9818,5.7653,1,1,VAL
2026-04-13,RAND_TOP5,UP,RAJESHEXPO.NS,0.8973,0.875,HIGH,4.9983,9.606,1,1,VAL
2026-04-13,RAND_TOP5,UP,ONMOBILE.NS,0.835,0.75,HIGH,2.7433,3.7666,1,1,VAL
2026-04-15,KNOW_TOP5,UP,RAILTEL.NS,0.9659,1.0,HIGH,0.3386,-3.1034,1,0,VAL
2026-04-15,KNOW_TOP5,UP,PARAS.NS,0.9493,1.0,HIGH,2.8946,3.5305,1,1,VAL
2026-04-15,KNOW_TOP5,UP,IRCON.NS,0.8624,1.0,HIGH,0.7074,7.1585,1,0,VAL
2026-04-15,KNOW_TOP5,UP,BPCL.NS,0.8507,1.0,HIGH,-0.8053,1.8038,0,0,VAL
2026-04-15,KNOW_TOP5,UP,BEML.NS,0.8463,1.0,HIGH,1.6593,1.9047,1,0,VAL
2026-04-15,V3_TOP5,UP,DEEPAKFERT.NS,0.9776,0.875,HIGH,-1.1137,1.3942,0,0,VAL
2026-04-15,V3_TOP5,UP,JPPOWER.NS,0.9759,0.75,HIGH,4.0318,1.2202,1,1,VAL
2026-04-15,V3_TOP5,UP,STLTECH.NS,0.9754,0.75,HIGH,0.5649,6.5592,1,0,VAL
2026-04-15,V3_TOP5,UP,RAILTEL.NS,0.9659,1.0,HIGH,0.3386,-3.1034,1,0,VAL
2026-04-15,V3_TOP5,UP,PARAS.NS,0.9493,1.0,HIGH,2.8946,3.5305,1,1,VAL
2026-04-15,RAND_TOP5,UP,RAILTEL.NS,0.9659,1.0,HIGH,0.3386,-3.1034,1,0,VAL
2026-04-15,RAND_TOP5,UP,DEEPAKFERT.NS,0.9776,0.875,HIGH,-1.1137,1.3942,0,0,VAL
2026-04-15,RAND_TOP5,UP,SUZLON.NS,0.8685,0.75,HIGH,2.2797,6.8594,1,1,VAL
2026-04-15,RAND_TOP5,UP,BLUESTARCO.NS,0.869,0.875,HIGH,2.46,4.6595,1,1,VAL
2026-04-15,RAND_TOP5,UP,TATACHEM.NS,0.8171,0.75,HIGH,-1.7587,-2.1201,0,0,VAL
2026-04-16,KNOW_TOP5,UP,CENTUM.NS,0.937,1.0,HIGH,1.2938,-7.5097,1,0,VAL
2026-04-16,KNOW_TOP5,UP,PARAS.NS,0.936,1.0,HIGH,4.1779,0.7467,1,1,VAL
2026-04-16,KNOW_TOP5,UP,BLUESTARCO.NS,0.9254,1.0,HIGH,0.9085,1.1085,1,0,VAL
2026-04-16,KNOW_TOP5,UP,SUDARSCHEM.NS,0.8522,1.0,HIGH,-0.552,-3.0788,0,0,VAL
2026-04-16,KNOW_TOP5,UP,ERIS.NS,0.8324,1.0,HIGH,-1.3647,-6.1071,0,0,VAL
2026-04-16,V3_TOP5,UP,RAILTEL.NS,0.9539,0.75,HIGH,-0.7636,-3.3682,0,0,VAL
2026-04-16,V3_TOP5,UP,HFCL.NS,0.9531,0.75,HIGH,4.3835,6.9523,1,1,VAL
2026-04-16,V3_TOP5,UP,STLTECH.NS,0.9481,0.625,HIGH,2.6253,8.6288,1,1,VAL
2026-04-16,V3_TOP5,UP,JPPOWER.NS,0.9442,0.75,HIGH,-2.0908,-3.1617,0,0,VAL
2026-04-16,V3_TOP5,UP,CENTUM.NS,0.937,1.0,HIGH,1.2938,-7.5097,1,0,VAL
2026-04-16,RAND_TOP5,UP,JPPOWER.NS,0.9442,0.75,HIGH,-2.0908,-3.1617,0,0,VAL
2026-04-16,RAND_TOP5,UP,RAILTEL.NS,0.9539,0.75,HIGH,-0.7636,-3.3682,0,0,VAL
2026-04-16,RAND_TOP5,UP,SUDARSCHEM.NS,0.8522,1.0,HIGH,-0.552,-3.0788,0,0,VAL
2026-04-16,RAND_TOP5,UP,MIDHANI.NS,0.8655,0.875,HIGH,1.1494,3.9819,1,0,VAL
2026-04-16,RAND_TOP5,UP,MOIL.NS,0.8217,1.0,HIGH,0.4133,-1.3319,1,0,VAL
2026-04-17,KNOW_TOP5,UP,IRCON.NS,0.9621,1.0,HIGH,-2.0687,0.5883,0,0,VAL
2026-04-17,KNOW_TOP5,UP,PARAS.NS,0.9529,1.0,HIGH,-3.4172,0.9702,0,0,VAL
2026-04-17,KNOW_TOP5,UP,CENTUM.NS,0.9303,1.0,HIGH,-6.5807,-6.827,0,0,VAL
2026-04-17,KNOW_TOP5,UP,RVNL.NS,0.8998,1.0,HIGH,-2.2207,1.4354,0,0,VAL
2026-04-17,KNOW_TOP5,UP,COCHINSHIP.NS,0.8714,1.0,HIGH,-1.0377,1.4093,0,0,VAL
2026-04-17,V3_TOP5,UP,IRCON.NS,0.9621,1.0,HIGH,-2.0687,0.5883,0,0,VAL
2026-04-17,V3_TOP5,UP,HFCL.NS,0.9553,0.75,HIGH,-2.2934,5.1105,0,0,VAL
2026-04-17,V3_TOP5,UP,PARAS.NS,0.9529,1.0,HIGH,-3.4172,0.9702,0,0,VAL
2026-04-17,V3_TOP5,UP,CENTUM.NS,0.9303,1.0,HIGH,-6.5807,-6.827,0,0,VAL
2026-04-17,V3_TOP5,UP,SUZLON.NS,0.9175,0.75,HIGH,-0.8124,3.0984,0,0,VAL
2026-04-17,RAND_TOP5,UP,CENTUM.NS,0.9303,1.0,HIGH,-6.5807,-6.827,0,0,VAL
2026-04-17,RAND_TOP5,UP,IRCON.NS,0.9621,1.0,HIGH,-2.0687,0.5883,0,0,VAL
2026-04-17,RAND_TOP5,UP,COCHINSHIP.NS,0.8714,1.0,HIGH,-1.0377,1.4093,0,0,VAL
2026-04-17,RAND_TOP5,UP,RADICO.NS,0.8757,0.75,HIGH,4.8072,1.7603,1,1,VAL
2026-04-17,RAND_TOP5,UP,BEML.NS,0.8476,1.0,HIGH,-1.5911,3.3006,0,0,VAL
2026-04-20,KNOW_TOP5,UP,MIDHANI.NS,0.9476,1.0,HIGH,0.3698,1.9284,1,0,VAL
2026-04-20,KNOW_TOP5,UP,WHIRLPOOL.NS,0.8852,1.0,HIGH,-0.5834,2.3282,0,0,VAL
2026-04-20,KNOW_TOP5,UP,VOLTAS.NS,0.8624,1.0,HIGH,1.3352,0.5216,1,0,VAL
2026-04-20,KNOW_TOP5,UP,JSWENERGY.NS,0.8527,1.0,HIGH,0.6629,3.3791,1,0,VAL
2026-04-20,KNOW_TOP5,UP,CROMPTON.NS,0.8323,1.0,HIGH,-0.9838,-2.9975,0,0,VAL
2026-04-20,V3_TOP5,UP,PARAS.NS,0.96,0.875,HIGH,0.128,6.1548,1,0,VAL
2026-04-20,V3_TOP5,UP,MIDHANI.NS,0.9476,1.0,HIGH,0.3698,1.9284,1,0,VAL
2026-04-20,V3_TOP5,UP,SUZLON.NS,0.8932,0.625,HIGH,1.1429,2.3429,1,0,VAL
2026-04-20,V3_TOP5,UP,RADICO.NS,0.8874,0.75,HIGH,-2.7215,-4.2184,0,0,VAL
2026-04-20,V3_TOP5,UP,WHIRLPOOL.NS,0.8852,1.0,HIGH,-0.5834,2.3282,0,0,VAL
2026-04-20,RAND_TOP5,UP,RADICO.NS,0.8874,0.75,HIGH,-2.7215,-4.2184,0,0,VAL
2026-04-20,RAND_TOP5,UP,PARAS.NS,0.96,0.875,HIGH,0.128,6.1548,1,0,VAL
2026-04-20,RAND_TOP5,UP,MASTEK.NS,0.8498,0.875,HIGH,5.0746,3.7554,1,1,VAL
2026-04-20,RAND_TOP5,UP,JSWENERGY.NS,0.8527,1.0,HIGH,0.6629,3.3791,1,0,VAL
2026-04-20,RAND_TOP5,UP,SYMPHONY.NS,0.7956,0.75,HIGH,-0.859,-0.2843,0,0,VAL
2026-04-21,KNOW_TOP5,UP,MASTEK.NS,0.9205,1.0,HIGH,-0.3054,-3.8568,0,0,VAL
2026-04-21,KNOW_TOP5,UP,IDEAFORGE.NS,0.859,1.0,HIGH,12.8126,6.4889,1,1,VAL
2026-04-21,KNOW_TOP5,UP,RADICO.NS,0.9293,0.875,HIGH,-0.1908,-1.9082,0,0,VAL
2026-04-21,KNOW_TOP5,UP,ONMOBILE.NS,0.8559,0.875,HIGH,9.9162,10.8939,1,1,VAL
2026-04-21,KNOW_TOP5,UP,JYOTHYLAB.NS,0.8207,0.875,HIGH,3.8841,4.3555,1,1,VAL
2026-04-21,V3_TOP5,UP,PNBHOUSING.NS,0.9549,0.75,HIGH,1.1388,5.5714,1,0,VAL
2026-04-21,V3_TOP5,UP,RADICO.NS,0.9293,0.875,HIGH,-0.1908,-1.9082,0,0,VAL
2026-04-21,V3_TOP5,UP,MASTEK.NS,0.9205,1.0,HIGH,-0.3054,-3.8568,0,0,VAL
2026-04-21,V3_TOP5,UP,DEEPAKNTR.NS,0.8766,0.75,HIGH,6.1223,2.7663,1,1,VAL
2026-04-21,V3_TOP5,UP,MIDHANI.NS,0.8666,0.75,HIGH,1.566,-1.0528,1,0,VAL
2026-04-21,RAND_TOP5,UP,DEEPAKNTR.NS,0.8766,0.75,HIGH,6.1223,2.7663,1,1,VAL
2026-04-21,RAND_TOP5,UP,PNBHOUSING.NS,0.9549,0.75,HIGH,1.1388,5.5714,1,0,VAL
2026-04-21,RAND_TOP5,UP,DEEPAKFERT.NS,0.8556,0.625,HIGH,0.2961,-3.5101,1,0,VAL
2026-04-21,RAND_TOP5,UP,ONMOBILE.NS,0.8559,0.875,HIGH,9.9162,10.8939,1,1,VAL
2026-04-21,RAND_TOP5,UP,IRCON.NS,0.7732,0.875,HIGH,1.613,-1.9003,1,0,VAL
2026-04-22,KNOW_TOP5,UP,ONMOBILE.NS,0.9737,1.0,HIGH,1.5248,2.2327,1,0,VAL
2026-04-22,KNOW_TOP5,UP,DATAPATTNS.NS,0.929,1.0,HIGH,8.014,3.4428,1,1,VAL
2026-04-22,KNOW_TOP5,UP,SUDARSCHEM.NS,0.9237,1.0,HIGH,-1.0485,-2.9039,0,0,VAL
2026-04-22,KNOW_TOP5,UP,JYOTHYLAB.NS,0.8841,1.0,HIGH,0.2637,4.119,1,0,VAL
2026-04-22,KNOW_TOP5,UP,EMAMILTD.NS,0.8224,1.0,HIGH,-1.2257,-2.4514,0,0,VAL
2026-04-22,V3_TOP5,UP,IDEAFORGE.NS,0.9802,0.75,HIGH,-3.1324,0.7327,0,0,VAL
2026-04-22,V3_TOP5,UP,ONMOBILE.NS,0.9737,1.0,HIGH,1.5248,2.2327,1,0,VAL
2026-04-22,V3_TOP5,UP,DATAPATTNS.NS,0.929,1.0,HIGH,8.014,3.4428,1,1,VAL
2026-04-22,V3_TOP5,UP,DEEPAKNTR.NS,0.9273,0.75,HIGH,-0.7791,-3.4718,0,0,VAL
2026-04-22,V3_TOP5,UP,SUDARSCHEM.NS,0.9237,1.0,HIGH,-1.0485,-2.9039,0,0,VAL
2026-04-22,RAND_TOP5,UP,DEEPAKNTR.NS,0.9273,0.75,HIGH,-0.7791,-3.4718,0,0,VAL
2026-04-22,RAND_TOP5,UP,IDEAFORGE.NS,0.9802,0.75,HIGH,-3.1324,0.7327,0,0,VAL
2026-04-22,RAND_TOP5,UP,GRSE.NS,0.8424,0.75,HIGH,2.1932,1.1924,1,1,VAL
2026-04-22,RAND_TOP5,UP,JYOTHYLAB.NS,0.8841,1.0,HIGH,0.2637,4.119,1,0,VAL
2026-04-22,RAND_TOP5,UP,VBL.NS,0.7934,0.75,HIGH,-2.1618,4.8288,0,0,VAL
2026-04-23,KNOW_TOP5,UP,ONMOBILE.NS,0.9749,1.0,HIGH,-0.6258,-0.59,0,0,VAL
2026-04-23,KNOW_TOP5,UP,GRSE.NS,0.8836,1.0,HIGH,-0.0313,-0.1493,0,0,VAL
2026-04-23,KNOW_TOP5,UP,WHIRLPOOL.NS,0.8771,1.0,HIGH,0.5701,5.2209,1,0,VAL
2026-04-23,KNOW_TOP5,UP,JYOTHYLAB.NS,0.8684,1.0,HIGH,0.1895,1.5086,1,0,VAL
2026-04-23,KNOW_TOP5,UP,SOBHA.NS,0.8676,1.0,HIGH,-0.3936,0.9279,0,0,VAL
2026-04-23,V3_TOP5,UP,DATAPATTNS.NS,0.9819,0.75,HIGH,-1.3881,-1.8186,0,0,VAL
2026-04-23,V3_TOP5,UP,ONMOBILE.NS,0.9749,1.0,HIGH,-0.6258,-0.59,0,0,VAL
2026-04-23,V3_TOP5,UP,GRSE.NS,0.8836,1.0,HIGH,-0.0313,-0.1493,0,0,VAL
2026-04-23,V3_TOP5,UP,DEEPAKNTR.NS,0.8824,0.5,MEDIUM,-2.402,-2.8466,0,0,VAL
2026-04-23,V3_TOP5,UP,WHIRLPOOL.NS,0.8771,1.0,HIGH,0.5701,5.2209,1,0,VAL
2026-04-23,RAND_TOP5,UP,DEEPAKNTR.NS,0.8824,0.5,MEDIUM,-2.402,-2.8466,0,0,VAL
2026-04-23,RAND_TOP5,UP,DATAPATTNS.NS,0.9819,0.75,HIGH,-1.3881,-1.8186,0,0,VAL
2026-04-23,RAND_TOP5,UP,TIINDIA.NS,0.8664,0.75,HIGH,-3.826,-2.7796,0,0,VAL
2026-04-23,RAND_TOP5,UP,SOBHA.NS,0.8676,1.0,HIGH,-0.3936,0.9279,0,0,VAL
2026-04-23,RAND_TOP5,UP,TORNTPOWER.NS,0.821,0.75,HIGH,-2.1589,1.0305,0,0,VAL
2026-04-24,KNOW_TOP5,UP,CLEAN.NS,0.8689,1.0,HIGH,-0.802,0.6734,0,0,VAL
2026-04-24,KNOW_TOP5,UP,SOBHA.NS,0.8561,1.0,HIGH,0.9598,2.3077,1,0,VAL
2026-04-24,KNOW_TOP5,UP,NAVINFLUOR.NS,0.8049,1.0,HIGH,1.9606,4.7505,1,0,VAL
2026-04-24,KNOW_TOP5,UP,DRREDDY.NS,0.7704,1.0,HIGH,1.3211,0.9642,1,0,VAL
2026-04-24,KNOW_TOP5,UP,ONMOBILE.NS,0.9282,0.875,HIGH,1.3314,1.3674,1,0,VAL
2026-04-24,V3_TOP5,UP,DATAPATTNS.NS,0.9808,0.75,HIGH,-2.884,0.9908,0,0,VAL
2026-04-24,V3_TOP5,UP,ADANIGREEN.NS,0.9371,0.75,HIGH,-0.4936,0.7283,0,0,VAL
2026-04-24,V3_TOP5,UP,ONMOBILE.NS,0.9282,0.875,HIGH,1.3314,1.3674,1,0,VAL
2026-04-24,V3_TOP5,UP,ADANIENSOL.NS,0.8995,0.625,HIGH,1.6892,0.4391,1,0,VAL
2026-04-24,V3_TOP5,UP,PNBHOUSING.NS,0.8959,0.75,HIGH,1.2915,1.8768,1,0,VAL
2026-04-24,RAND_TOP5,UP,ADANIENSOL.NS,0.8995,0.625,HIGH,1.6892,0.4391,1,0,VAL
2026-04-24,RAND_TOP5,UP,DATAPATTNS.NS,0.9808,0.75,HIGH,-2.884,0.9908,0,0,VAL
2026-04-24,RAND_TOP5,UP,CLEAN.NS,0.8689,1.0,HIGH,-0.802,0.6734,0,0,VAL
2026-04-24,RAND_TOP5,UP,WELCORP.NS,0.8701,0.5,MEDIUM,0.4141,4.9567,1,0,VAL
2026-04-24,RAND_TOP5,UP,MRPL.NS,0.7947,0.875,HIGH,-7.6618,-7.0287,0,0,VAL
2026-04-27,KNOW_TOP5,UP,M&MFIN.NS,0.8731,1.0,HIGH,-1.5895,-2.2033,0,0,VAL
2026-04-27,KNOW_TOP5,UP,ROUTE.NS,0.8561,1.0,HIGH,-0.301,-0.8371,0,0,VAL
2026-04-27,KNOW_TOP5,UP,SHYAMMETL.NS,0.8289,1.0,HIGH,-0.9479,-1.3993,0,0,VAL
2026-04-27,KNOW_TOP5,UP,HINDZINC.NS,0.8102,1.0,HIGH,-1.8949,-5.1035,0,0,VAL
2026-04-27,KNOW_TOP5,UP,IDEAFORGE.NS,0.9617,0.875,HIGH,3.1369,10.7838,1,1,VAL
2026-04-27,V3_TOP5,UP,IDEAFORGE.NS,0.9617,0.875,HIGH,3.1369,10.7838,1,1,VAL
2026-04-27,V3_TOP5,UP,ADANIENSOL.NS,0.9374,0.75,HIGH,-0.0244,-6.5155,0,0,VAL
2026-04-27,V3_TOP5,UP,HFCL.NS,0.9347,0.75,HIGH,0.5155,8.7543,1,0,VAL
2026-04-27,V3_TOP5,UP,DATAPATTNS.NS,0.9284,0.75,HIGH,2.5201,3.0706,1,1,VAL
2026-04-27,V3_TOP5,UP,RATNAMANI.NS,0.885,0.875,HIGH,-0.6533,-1.8152,0,0,VAL
2026-04-27,RAND_TOP5,UP,DATAPATTNS.NS,0.9284,0.75,HIGH,2.5201,3.0706,1,1,VAL
2026-04-27,RAND_TOP5,UP,IDEAFORGE.NS,0.9617,0.875,HIGH,3.1369,10.7838,1,1,VAL
2026-04-27,RAND_TOP5,UP,PNBHOUSING.NS,0.86,0.5,MEDIUM,-0.3295,-0.1289,0,0,VAL
2026-04-27,RAND_TOP5,UP,M&MFIN.NS,0.8731,1.0,HIGH,-1.5895,-2.2033,0,0,VAL
2026-04-27,RAND_TOP5,UP,HINDZINC.NS,0.8102,1.0,HIGH,-1.8949,-5.1035,0,0,VAL
2026-04-28,KNOW_TOP5,UP,INTELLECT.NS,0.949,1.0,HIGH,-1.8834,-1.1407,0,0,VAL
2026-04-28,KNOW_TOP5,UP,SYMPHONY.NS,0.8676,1.0,HIGH,-1.5281,-3.0733,0,0,VAL
2026-04-28,KNOW_TOP5,UP,TATACOMM.NS,0.8384,1.0,HIGH,0.2252,-1.1322,1,0,VAL
2026-04-28,KNOW_TOP5,UP,SJVN.NS,0.8111,1.0,HIGH,-1.4549,-3.4356,0,0,VAL
2026-04-28,KNOW_TOP5,UP,RATNAMANI.NS,0.9147,0.875,HIGH,-0.4521,-1.1695,0,0,VAL
2026-04-28,V3_TOP5,UP,TATACHEM.NS,0.9717,0.75,HIGH,-0.2992,0.854,0,0,VAL
2026-04-28,V3_TOP5,UP,INTELLECT.NS,0.949,1.0,HIGH,-1.8834,-1.1407,0,0,VAL
2026-04-28,V3_TOP5,UP,IDEAFORGE.NS,0.9444,0.75,HIGH,6.1448,7.4143,1,1,VAL
2026-04-28,V3_TOP5,UP,DATAPATTNS.NS,0.9155,0.625,HIGH,1.4335,0.537,1,0,VAL
2026-04-28,V3_TOP5,UP,RATNAMANI.NS,0.9147,0.875,HIGH,-0.4521,-1.1695,0,0,VAL
2026-04-28,RAND_TOP5,UP,DATAPATTNS.NS,0.9155,0.625,HIGH,1.4335,0.537,1,0,VAL
2026-04-28,RAND_TOP5,UP,TATACHEM.NS,0.9717,0.75,HIGH,-0.2992,0.854,0,0,VAL
2026-04-28,RAND_TOP5,UP,SYMPHONY.NS,0.8676,1.0,HIGH,-1.5281,-3.0733,0,0,VAL
2026-04-28,RAND_TOP5,UP,OLECTRA.NS,0.8679,0.875,HIGH,-2.2667,-3.1415,0,0,VAL
2026-04-28,RAND_TOP5,UP,RATEGAIN.NS,0.7913,0.875,HIGH,-1.2492,2.4133,0,0,VAL
2026-04-29,KNOW_TOP5,UP,SHYAMMETL.NS,0.8969,1.0,HIGH,-1.1259,2.4556,0,0,VAL
2026-04-29,KNOW_TOP5,UP,M&MFIN.NS,0.8742,1.0,HIGH,-2.9669,-5.1218,0,0,VAL
2026-04-29,KNOW_TOP5,UP,RBLBANK.NS,0.8577,1.0,HIGH,-1.3628,-3.2239,0,0,VAL
2026-04-29,KNOW_TOP5,UP,GALAXYSURF.NS,0.8575,1.0,HIGH,-3.1851,-2.8775,0,0,VAL
2026-04-29,KNOW_TOP5,UP,CROMPTON.NS,0.8319,1.0,HIGH,-1.3224,0.7029,0,0,VAL
2026-04-29,V3_TOP5,UP,SAPPHIRE.NS,0.992,0.75,HIGH,-0.8726,-6.5809,0,0,VAL
2026-04-29,V3_TOP5,UP,TATACHEM.NS,0.9188,0.625,HIGH,1.1566,0.7502,1,0,VAL
2026-04-29,V3_TOP5,UP,GRSE.NS,0.9152,0.625,HIGH,-4.6181,-9.5812,0,0,VAL
2026-04-29,V3_TOP5,UP,COCHINSHIP.NS,0.915,0.75,HIGH,-2.2776,-3.0725,0,0,VAL
2026-04-29,V3_TOP5,UP,WELCORP.NS,0.9128,0.75,HIGH,-0.0434,-2.241,0,0,VAL
2026-04-29,RAND_TOP5,UP,COCHINSHIP.NS,0.915,0.75,HIGH,-2.2776,-3.0725,0,0,VAL
2026-04-29,RAND_TOP5,UP,SAPPHIRE.NS,0.992,0.75,HIGH,-0.8726,-6.5809,0,0,VAL
2026-04-29,RAND_TOP5,UP,OFSS.NS,0.8655,0.625,HIGH,0.3974,0.4335,1,0,VAL
2026-04-29,RAND_TOP5,UP,M&MFIN.NS,0.8742,1.0,HIGH,-2.9669,-5.1218,0,0,VAL
2026-04-29,RAND_TOP5,UP,NAVINFLUOR.NS,0.8094,1.0,HIGH,0.9248,0.5623,1,0,VAL
2026-04-30,KNOW_TOP5,UP,SAPPHIRE.NS,0.992,1.0,HIGH,0.0,-9.698,0,0,VAL
2026-04-30,KNOW_TOP5,UP,NAVINFLUOR.NS,0.8768,1.0,HIGH,0.0,2.6976,0,0,VAL
2026-04-30,KNOW_TOP5,UP,KPITTECH.NS,0.8124,1.0,HIGH,0.0,1.772,0,0,VAL
2026-04-30,KNOW_TOP5,UP,RATEGAIN.NS,0.8105,1.0,HIGH,0.0,0.3817,0,0,VAL
2026-04-30,KNOW_TOP5,UP,CROMPTON.NS,0.8898,0.875,HIGH,0.0,1.1529,0,0,VAL
2026-04-30,V3_TOP5,UP,SAPPHIRE.NS,0.992,1.0,HIGH,0.0,-9.698,0,0,VAL
2026-04-30,V3_TOP5,UP,HFCL.NS,0.9822,0.75,HIGH,0.0,10.9799,0,0,VAL
2026-04-30,V3_TOP5,UP,TATACHEM.NS,0.9663,0.75,HIGH,0.0,-0.9333,0,0,VAL
2026-04-30,V3_TOP5,UP,IDEAFORGE.NS,0.9029,0.625,HIGH,0.0,31.9928,0,0,VAL
2026-04-30,V3_TOP5,UP,CROMPTON.NS,0.8898,0.875,HIGH,0.0,1.1529,0,0,VAL
2026-04-30,RAND_TOP5,UP,IDEAFORGE.NS,0.9029,0.625,HIGH,0.0,31.9928,0,0,VAL
2026-04-30,RAND_TOP5,UP,SAPPHIRE.NS,0.992,1.0,HIGH,0.0,-9.698,0,0,VAL
2026-04-30,RAND_TOP5,UP,M&MFIN.NS,0.8376,0.75,HIGH,0.0,-1.6575,0,0,VAL
2026-04-30,RAND_TOP5,UP,SHYAMMETL.NS,0.8459,0.75,HIGH,0.0,2.0601,0,0,VAL
2026-04-30,RAND_TOP5,UP,TECHM.NS,0.7651,0.875,HIGH,0.0,-1.4455,0,0,VAL
2026-05-04,KNOW_TOP5,UP,SUNDRMFAST.NS,0.9007,1.0,HIGH,-2.6674,-1.4188,0,0,VAL
2026-05-04,KNOW_TOP5,UP,CHOLAFIN.NS,0.8282,1.0,HIGH,1.0918,3.0314,1,0,VAL
2026-05-04,KNOW_TOP5,UP,KPITTECH.NS,0.8189,1.0,HIGH,0.514,-5.9723,1,0,VAL
2026-05-04,KNOW_TOP5,UP,KEI.NS,0.7995,1.0,HIGH,-0.7927,1.026,0,0,VAL
2026-05-04,KNOW_TOP5,UP,SUDARSCHEM.NS,0.9092,0.875,HIGH,-0.456,2.4443,0,0,VAL
2026-05-04,V3_TOP5,UP,IDEAFORGE.NS,0.9956,0.75,HIGH,10.0,8.3789,1,1,VAL
2026-05-04,V3_TOP5,UP,HFCL.NS,0.9481,0.75,HIGH,2.166,16.0267,1,1,VAL
2026-05-04,V3_TOP5,UP,SUDARSCHEM.NS,0.9092,0.875,HIGH,-0.456,2.4443,0,0,VAL
2026-05-04,V3_TOP5,UP,SUNDRMFAST.NS,0.9007,1.0,HIGH,-2.6674,-1.4188,0,0,VAL
2026-05-04,V3_TOP5,UP,CROMPTON.NS,0.8723,0.875,HIGH,-0.8815,4.6051,0,0,VAL
2026-05-04,RAND_TOP5,UP,SUNDRMFAST.NS,0.9007,1.0,HIGH,-2.6674,-1.4188,0,0,VAL
2026-05-04,RAND_TOP5,UP,IDEAFORGE.NS,0.9956,0.75,HIGH,10.0,8.3789,1,1,VAL
2026-05-04,RAND_TOP5,UP,CHOLAFIN.NS,0.8282,1.0,HIGH,1.0918,3.0314,1,0,VAL
2026-05-04,RAND_TOP5,UP,GALAXYSURF.NS,0.8405,0.75,HIGH,0.1181,3.2634,1,0,VAL
2026-05-04,RAND_TOP5,UP,RATNAMANI.NS,0.7966,0.875,HIGH,1.1845,4.321,1,0,VAL
2026-05-05,KNOW_TOP5,UP,M&M.NS,0.7845,1.0,HIGH,2.803,3.7249,1,1,VAL
2026-05-05,KNOW_TOP5,UP,SUNDRMFAST.NS,0.9114,0.875,HIGH,1.0962,-1.4052,1,0,VAL
2026-05-05,KNOW_TOP5,UP,CHOLAFIN.NS,0.8204,0.875,HIGH,3.2883,1.0076,1,1,VAL
2026-05-05,KNOW_TOP5,UP,KPITTECH.NS,0.7636,0.875,HIGH,-3.0939,-5.6117,0,0,VAL
2026-05-05,KNOW_TOP5,UP,IDEAFORGE.NS,0.9966,0.75,HIGH,1.0136,1.2498,1,0,VAL
2026-05-05,V3_TOP5,UP,IDEAFORGE.NS,0.9966,0.75,HIGH,1.0136,1.2498,1,0,VAL
2026-05-05,V3_TOP5,UP,HFCL.NS,0.9689,0.75,HIGH,9.8548,9.614,1,1,VAL
2026-05-05,V3_TOP5,UP,JINDALPOLY.NS,0.9439,0.75,HIGH,-2.6402,-5.4865,0,0,VAL
2026-05-05,V3_TOP5,UP,SUNDRMFAST.NS,0.9114,0.875,HIGH,1.0962,-1.4052,1,0,VAL
2026-05-05,V3_TOP5,UP,IDEA.NS,0.874,0.75,HIGH,4.6296,4.0741,1,1,VAL
2026-05-05,RAND_TOP5,UP,SUNDRMFAST.NS,0.9114,0.875,HIGH,1.0962,-1.4052,1,0,VAL
2026-05-05,RAND_TOP5,UP,IDEAFORGE.NS,0.9966,0.75,HIGH,1.0136,1.2498,1,0,VAL
2026-05-05,RAND_TOP5,UP,CHOLAFIN.NS,0.8204,0.875,HIGH,3.2883,1.0076,1,1,VAL
2026-05-05,RAND_TOP5,UP,LAURUSLABS.NS,0.8265,0.75,HIGH,1.1597,5.515,1,0,VAL
2026-05-05,RAND_TOP5,UP,ADANIGREEN.NS,0.7519,0.5,MEDIUM,1.6224,1.8327,1,0,VAL
2026-05-06,KNOW_TOP5,UP,TEJASNET.NS,0.9548,1.0,HIGH,15.1554,1.8351,1,1,VAL
2026-05-06,KNOW_TOP5,UP,COFORGE.NS,0.9237,1.0,HIGH,0.3827,7.4039,1,0,VAL
2026-05-06,KNOW_TOP5,UP,BASF.NS,0.8019,1.0,HIGH,1.4305,1.8434,1,0,VAL
2026-05-06,KNOW_TOP5,UP,SRF.NS,0.7857,1.0,HIGH,1.901,2.9012,1,0,VAL
2026-05-06,KNOW_TOP5,UP,ONMOBILE.NS,0.8425,0.875,HIGH,-0.9295,-6.3715,0,0,VAL
2026-05-06,V3_TOP5,UP,IDEAFORGE.NS,0.9824,0.625,HIGH,-2.4623,-2.0991,0,0,VAL
2026-05-06,V3_TOP5,UP,ALKYLAMINE.NS,0.97,0.75,HIGH,-1.3364,-6.4089,0,0,VAL
2026-05-06,V3_TOP5,UP,HFCL.NS,0.9698,0.75,HIGH,3.379,4.9484,1,1,VAL
2026-05-06,V3_TOP5,UP,TEJASNET.NS,0.9548,1.0,HIGH,15.1554,1.8351,1,1,VAL
2026-05-06,V3_TOP5,UP,COFORGE.NS,0.9237,1.0,HIGH,0.3827,7.4039,1,0,VAL
2026-05-06,RAND_TOP5,UP,TEJASNET.NS,0.9548,1.0,HIGH,15.1554,1.8351,1,1,VAL
2026-05-06,RAND_TOP5,UP,IDEAFORGE.NS,0.9824,0.625,HIGH,-2.4623,-2.0991,0,0,VAL
2026-05-06,RAND_TOP5,UP,IDEA.NS,0.8275,0.75,HIGH,-0.6195,7.7876,0,0,VAL
2026-05-06,RAND_TOP5,UP,ONMOBILE.NS,0.8425,0.875,HIGH,-0.9295,-6.3715,0,0,VAL
2026-05-06,RAND_TOP5,UP,AMBER.NS,0.7855,0.75,HIGH,2.0897,-1.4085,1,1,VAL
2026-05-07,KNOW_TOP5,UP,ENDURANCE.NS,0.8847,1.0,HIGH,-0.2878,1.6797,0,0,VAL
2026-05-07,KNOW_TOP5,UP,MOTHERSON.NS,0.8532,1.0,HIGH,1.2267,-4.7305,1,0,VAL
2026-05-07,KNOW_TOP5,UP,SRF.NS,0.7774,1.0,HIGH,0.3428,-1.8078,1,0,VAL
2026-05-07,KNOW_TOP5,UP,COFORGE.NS,0.8602,0.875,HIGH,6.4421,2.7309,1,1,VAL
2026-05-07,KNOW_TOP5,UP,KEI.NS,0.7697,0.875,HIGH,-0.2074,-2.2132,0,0,VAL
2026-05-07,V3_TOP5,UP,TEJASNET.NS,0.9825,0.75,HIGH,-3.5621,-13.6108,0,0,VAL
2026-05-07,V3_TOP5,UP,ALKYLAMINE.NS,0.9505,0.75,HIGH,-1.5965,-8.2075,0,0,VAL
2026-05-07,V3_TOP5,UP,PARAS.NS,0.9345,0.75,HIGH,-0.3335,-7.9241,0,0,VAL
2026-05-07,V3_TOP5,UP,HFCL.NS,0.9269,0.75,HIGH,-3.4806,1.0531,0,0,VAL
2026-05-07,V3_TOP5,UP,CRAFTSMAN.NS,0.9,0.75,HIGH,3.9887,0.5905,1,1,VAL
2026-05-07,RAND_TOP5,UP,HFCL.NS,0.9269,0.75,HIGH,-3.4806,1.0531,0,0,VAL
2026-05-07,RAND_TOP5,UP,TEJASNET.NS,0.9825,0.75,HIGH,-3.5621,-13.6108,0,0,VAL
2026-05-07,RAND_TOP5,UP,MOTHERSON.NS,0.8532,1.0,HIGH,1.2267,-4.7305,1,0,VAL
2026-05-07,RAND_TOP5,UP,COFORGE.NS,0.8602,0.875,HIGH,6.4421,2.7309,1,1,VAL
2026-05-07,RAND_TOP5,UP,ROUTE.NS,0.7782,0.75,HIGH,-4.3538,-11.7718,0,0,VAL
2026-05-08,KNOW_TOP5,UP,COFORGE.NS,0.9297,1.0,HIGH,0.519,-5.1897,1,0,VAL
2026-05-08,KNOW_TOP5,UP,CENTUM.NS,0.9205,1.0,HIGH,-1.5718,-2.6798,0,0,VAL
2026-05-08,KNOW_TOP5,UP,ENDURANCE.NS,0.8135,0.875,HIGH,3.9543,0.0316,1,1,VAL
2026-05-08,KNOW_TOP5,UP,MOTHERSON.NS,0.7932,0.875,HIGH,-1.3103,-4.3248,0,0,VAL
2026-05-08,KNOW_TOP5,UP,CRAFTSMAN.NS,0.9601,0.75,HIGH,-1.954,-4.4202,0,0,VAL
2026-05-08,V3_TOP5,UP,CRAFTSMAN.NS,0.9601,0.75,HIGH,-1.954,-4.4202,0,0,VAL
2026-05-08,V3_TOP5,UP,TEJASNET.NS,0.9546,0.625,HIGH,-8.3009,-9.1855,0,0,VAL
2026-05-08,V3_TOP5,UP,IDEAFORGE.NS,0.9331,0.625,HIGH,-2.3276,-5.2877,0,0,VAL
2026-05-08,V3_TOP5,UP,COFORGE.NS,0.9297,1.0,HIGH,0.519,-5.1897,1,0,VAL
2026-05-08,V3_TOP5,UP,CENTUM.NS,0.9205,1.0,HIGH,-1.5718,-2.6798,0,0,VAL
2026-05-08,RAND_TOP5,UP,COFORGE.NS,0.9297,1.0,HIGH,0.519,-5.1897,1,0,VAL
2026-05-08,RAND_TOP5,UP,CRAFTSMAN.NS,0.9601,0.75,HIGH,-1.954,-4.4202,0,0,VAL
2026-05-08,RAND_TOP5,UP,BASF.NS,0.8594,0.75,HIGH,-3.8935,-4.2012,0,0,VAL
2026-05-08,RAND_TOP5,UP,STLTECH.NS,0.8778,0.625,HIGH,4.9874,7.767,1,1,VAL
2026-05-08,RAND_TOP5,UP,IDEA.NS,0.8068,0.75,HIGH,8.363,14.1459,1,1,VAL
2026-05-11,KNOW_TOP5,UP,BIOCON.NS,0.7922,1.0,HIGH,3.0734,7.3121,1,1,VAL
2026-05-11,KNOW_TOP5,UP,COFORGE.NS,0.9284,0.875,HIGH,-3.9849,-7.3153,0,0,VAL
2026-05-11,KNOW_TOP5,UP,M&MFIN.NS,0.8772,0.875,HIGH,-2.9966,-4.7916,0,0,VAL
2026-05-11,KNOW_TOP5,UP,MAPMYINDIA.NS,0.9493,0.75,HIGH,-6.3649,-5.5989,0,0,VAL
2026-05-11,KNOW_TOP5,UP,RATNAMANI.NS,0.9493,0.75,HIGH,-6.1191,-5.1737,0,0,VAL
2026-05-11,V3_TOP5,UP,MAPMYINDIA.NS,0.9493,0.75,HIGH,-6.3649,-5.5989,0,0,VAL
2026-05-11,V3_TOP5,UP,RATNAMANI.NS,0.9493,0.75,HIGH,-6.1191,-5.1737,0,0,VAL
2026-05-11,V3_TOP5,UP,CRAFTSMAN.NS,0.9471,0.625,HIGH,-1.34,-2.7141,0,0,VAL
2026-05-11,V3_TOP5,UP,COFORGE.NS,0.9284,0.875,HIGH,-3.9849,-7.3153,0,0,VAL
2026-05-11,V3_TOP5,UP,IDEA.NS,0.909,0.75,HIGH,-2.381,6.486,0,0,VAL
2026-05-11,RAND_TOP5,UP,COFORGE.NS,0.9284,0.875,HIGH,-3.9849,-7.3153,0,0,VAL
2026-05-11,RAND_TOP5,UP,MAPMYINDIA.NS,0.9493,0.75,HIGH,-6.3649,-5.5989,0,0,VAL
2026-05-11,RAND_TOP5,UP,OLECTRA.NS,0.8869,0.75,HIGH,-7.2993,-7.6058,0,0,VAL
2026-05-11,RAND_TOP5,UP,TEJASNET.NS,0.8905,0.625,HIGH,-2.3108,-2.8938,0,0,VAL
2026-05-11,RAND_TOP5,UP,WELCORP.NS,0.7944,0.625,HIGH,-0.7448,2.8737,0,0,VAL
2026-05-12,KNOW_TOP5,UP,ENDURANCE.NS,0.908,1.0,HIGH,-1.904,-1.175,0,0,VAL
2026-05-12,KNOW_TOP5,UP,OIL.NS,0.825,1.0,HIGH,3.2895,5.5708,1,1,VAL
2026-05-12,KNOW_TOP5,UP,STLTECH.NS,0.9672,0.75,HIGH,1.7198,5.3979,1,0,VAL
2026-05-12,KNOW_TOP5,UP,TEJASNET.NS,0.9495,0.75,HIGH,1.378,-3.2661,1,0,VAL
2026-05-12,KNOW_TOP5,UP,MAPMYINDIA.NS,0.9318,0.75,HIGH,1.7155,0.5603,1,0,VAL
2026-05-12,V3_TOP5,UP,STLTECH.NS,0.9672,0.75,HIGH,1.7198,5.3979,1,0,VAL
2026-05-12,V3_TOP5,UP,TEJASNET.NS,0.9495,0.75,HIGH,1.378,-3.2661,1,0,VAL
2026-05-12,V3_TOP5,UP,MAPMYINDIA.NS,0.9318,0.75,HIGH,1.7155,0.5603,1,0,VAL
2026-05-12,V3_TOP5,UP,ENDURANCE.NS,0.908,1.0,HIGH,-1.904,-1.175,0,0,VAL
2026-05-12,V3_TOP5,UP,IDEA.NS,0.901,0.75,HIGH,7.9058,8.9151,1,1,VAL
2026-05-12,RAND_TOP5,UP,ENDURANCE.NS,0.908,1.0,HIGH,-1.904,-1.175,0,0,VAL
2026-05-12,RAND_TOP5,UP,STLTECH.NS,0.9672,0.75,HIGH,1.7198,5.3979,1,0,VAL
2026-05-12,RAND_TOP5,UP,HFCL.NS,0.8464,0.625,HIGH,3.8436,0.0744,1,1,VAL
2026-05-12,RAND_TOP5,UP,CRAFTSMAN.NS,0.8583,0.625,HIGH,-1.1913,-2.5955,0,0,VAL
2026-05-12,RAND_TOP5,UP,DEEPAKNTR.NS,0.7782,0.375,MEDIUM,0.4382,-1.1849,1,0,VAL
2026-05-13,KNOW_TOP5,UP,OIL.NS,0.8785,1.0,HIGH,2.0607,-0.2071,1,1,VAL
2026-05-13,KNOW_TOP5,UP,MAPMYINDIA.NS,0.8446,0.875,HIGH,-0.8823,-8.4475,0,0,VAL
2026-05-13,KNOW_TOP5,UP,METROBRAND.NS,0.7961,0.875,HIGH,0.3919,-0.7456,1,0,VAL
2026-05-13,KNOW_TOP5,UP,NATIONALUM.NS,0.782,0.875,HIGH,2.0086,-1.9106,1,1,VAL
2026-05-13,KNOW_TOP5,UP,SAIL.NS,0.8729,0.75,HIGH,-1.1077,-4.2621,0,0,VAL
2026-05-13,V3_TOP5,UP,MIDHANI.NS,0.9251,0.625,HIGH,0.6921,-5.0597,1,0,VAL
2026-05-13,V3_TOP5,UP,OIL.NS,0.8785,1.0,HIGH,2.0607,-0.2071,1,1,VAL
2026-05-13,V3_TOP5,UP,STLTECH.NS,0.8746,0.625,HIGH,4.3811,4.1343,1,1,VAL
2026-05-13,V3_TOP5,UP,SAIL.NS,0.8729,0.75,HIGH,-1.1077,-4.2621,0,0,VAL
2026-05-13,V3_TOP5,UP,IDEA.NS,0.8563,0.625,HIGH,1.0912,0.2338,1,0,VAL
2026-05-13,RAND_TOP5,UP,SAIL.NS,0.8729,0.75,HIGH,-1.1077,-4.2621,0,0,VAL
2026-05-13,RAND_TOP5,UP,MIDHANI.NS,0.9251,0.625,HIGH,0.6921,-5.0597,1,0,VAL
2026-05-13,RAND_TOP5,UP,HINDZINC.NS,0.8222,0.75,HIGH,0.3223,-4.587,1,0,VAL
2026-05-13,RAND_TOP5,UP,BIOCON.NS,0.8373,0.75,HIGH,0.3352,2.0714,1,0,VAL
2026-05-13,RAND_TOP5,UP,BASF.NS,0.7941,0.75,HIGH,0.9455,-0.7538,1,0,VAL
2026-05-14,KNOW_TOP5,UP,OIL.NS,0.9051,1.0,HIGH,0.1449,-3.0625,1,0,OOS
2026-05-14,KNOW_TOP5,UP,TATACOMM.NS,0.8002,1.0,HIGH,1.4431,-0.5736,1,0,OOS
2026-05-14,KNOW_TOP5,UP,ONGC.NS,0.7825,1.0,HIGH,-0.5151,-1.4623,0,0,OOS
2026-05-14,KNOW_TOP5,UP,ALKYLAMINE.NS,0.7633,0.875,HIGH,-1.5657,0.9314,0,0,OOS
2026-05-14,KNOW_TOP5,UP,IDEA.NS,0.9546,0.75,HIGH,-0.1542,4.2406,0,0,OOS
2026-05-14,V3_TOP5,UP,IDEA.NS,0.9546,0.75,HIGH,-0.1542,4.2406,0,0,OOS
2026-05-14,V3_TOP5,UP,OIL.NS,0.9051,1.0,HIGH,0.1449,-3.0625,1,0,OOS
2026-05-14,V3_TOP5,UP,SAIL.NS,0.8891,0.625,HIGH,-3.3554,-0.0151,0,0,OOS
2026-05-14,V3_TOP5,UP,METROBRAND.NS,0.8454,0.75,HIGH,-1.9137,0.1619,0,0,OOS
2026-05-14,V3_TOP5,UP,RATNAMANI.NS,0.834,0.75,HIGH,-6.7576,-12.3139,0,0,OOS
2026-05-14,RAND_TOP5,UP,METROBRAND.NS,0.8454,0.75,HIGH,-1.9137,0.1619,0,0,OOS
2026-05-14,RAND_TOP5,UP,IDEA.NS,0.9546,0.75,HIGH,-0.1542,4.2406,0,0,OOS
2026-05-14,RAND_TOP5,UP,IDEAFORGE.NS,0.7971,0.625,HIGH,-3.478,-8.4119,0,0,OOS
2026-05-14,RAND_TOP5,UP,TATACOMM.NS,0.8002,1.0,HIGH,1.4431,-0.5736,1,0,OOS
2026-05-14,RAND_TOP5,UP,ALKYLAMINE.NS,0.7633,0.875,HIGH,-1.5657,0.9314,0,0,OOS
2026-05-15,KNOW_TOP5,UP,JPPOWER.NS,0.9444,1.0,HIGH,-2.5077,-6.2948,0,0,OOS
2026-05-15,KNOW_TOP5,UP,PFIZER.NS,0.7926,1.0,HIGH,-1.9255,-5.3908,0,0,OOS
2026-05-15,KNOW_TOP5,UP,DRREDDY.NS,0.7664,1.0,HIGH,-0.4115,-1.1072,0,0,OOS
2026-05-15,KNOW_TOP5,UP,BHARTIARTL.NS,0.7463,1.0,HIGH,1.7162,-0.0262,1,0,OOS
2026-05-15,KNOW_TOP5,UP,POLICYBZR.NS,0.8088,0.875,HIGH,3.5539,8.3931,1,1,OOS
2026-05-15,V3_TOP5,UP,JPPOWER.NS,0.9444,1.0,HIGH,-2.5077,-6.2948,0,0,OOS
2026-05-15,V3_TOP5,UP,CROMPTON.NS,0.827,0.625,HIGH,-2.8647,-3.7589,0,0,OOS
2026-05-15,V3_TOP5,UP,BIOCON.NS,0.8262,0.75,HIGH,-0.8951,0.6045,0,0,OOS
2026-05-15,V3_TOP5,UP,SOLARINDS.NS,0.8248,0.75,HIGH,4.0718,5.175,1,1,OOS
2026-05-15,V3_TOP5,UP,SAIL.NS,0.8223,0.75,HIGH,0.1715,3.4511,1,0,OOS
2026-05-15,RAND_TOP5,UP,SOLARINDS.NS,0.8248,0.75,HIGH,4.0718,5.175,1,1,OOS
2026-05-15,RAND_TOP5,UP,JPPOWER.NS,0.9444,1.0,HIGH,-2.5077,-6.2948,0,0,OOS
2026-05-15,RAND_TOP5,UP,PFIZER.NS,0.7926,1.0,HIGH,-1.9255,-5.3908,0,0,OOS
2026-05-15,RAND_TOP5,UP,ADANIGREEN.NS,0.7929,0.5,MEDIUM,-0.7252,-1.1458,0,0,OOS
2026-05-15,RAND_TOP5,UP,MAPMYINDIA.NS,0.7461,0.75,HIGH,-7.3957,-10.073,0,0,OOS
2026-05-18,KNOW_TOP5,UP,BHARTIARTL.NS,0.7727,1.0,HIGH,-1.2693,-2.7243,0,0,OOS
2026-05-18,KNOW_TOP5,UP,SAIL.NS,0.8959,0.875,HIGH,3.2792,1.9717,1,1,OOS
2026-05-18,KNOW_TOP5,UP,POLICYBZR.NS,0.8553,0.875,HIGH,3.2317,4.0611,1,1,OOS
2026-05-18,KNOW_TOP5,UP,GNFC.NS,0.8309,0.875,HIGH,5.1724,0.5972,1,1,OOS
2026-05-18,KNOW_TOP5,UP,VINATIORGA.NS,0.8203,0.875,HIGH,-4.2633,-3.9464,0,0,OOS
2026-05-18,V3_TOP5,UP,JPPOWER.NS,0.908,0.625,HIGH,-1.1024,-2.5722,0,0,OOS
2026-05-18,V3_TOP5,UP,SAIL.NS,0.8959,0.875,HIGH,3.2792,1.9717,1,1,OOS
2026-05-18,V3_TOP5,UP,POLICYBZR.NS,0.8553,0.875,HIGH,3.2317,4.0611,1,1,OOS
2026-05-18,V3_TOP5,UP,SOLARINDS.NS,0.8486,0.75,HIGH,0.5383,2.07,1,0,OOS
2026-05-18,V3_TOP5,UP,GNFC.NS,0.8309,0.875,HIGH,5.1724,0.5972,1,1,OOS
2026-05-18,RAND_TOP5,UP,SOLARINDS.NS,0.8486,0.75,HIGH,0.5383,2.07,1,0,OOS
2026-05-18,RAND_TOP5,UP,JPPOWER.NS,0.908,0.625,HIGH,-1.1024,-2.5722,0,0,OOS
2026-05-18,RAND_TOP5,UP,BHARTIARTL.NS,0.7727,1.0,HIGH,-1.2693,-2.7243,0,0,OOS
2026-05-18,RAND_TOP5,UP,SAPPHIRE.NS,0.7795,0.75,HIGH,2.5512,1.1647,1,1,OOS
2026-05-18,RAND_TOP5,UP,CIPLA.NS,0.7254,0.75,HIGH,-1.1499,-1.7038,0,0,OOS
2026-05-19,KNOW_TOP5,UP,DEEPAKFERT.NS,0.9104,1.0,HIGH,-0.5059,11.2797,0,0,OOS
2026-05-19,KNOW_TOP5,UP,RATEGAIN.NS,0.8943,1.0,HIGH,-2.0932,6.0644,0,0,OOS
2026-05-19,KNOW_TOP5,UP,PAGEIND.NS,0.7943,1.0,HIGH,-1.0724,1.9509,0,0,OOS
2026-05-19,KNOW_TOP5,UP,SAIL.NS,0.9059,0.875,HIGH,-0.005,1.0852,0,0,OOS
2026-05-19,KNOW_TOP5,UP,NOCIL.NS,0.8713,0.875,HIGH,-2.1851,-2.0569,0,0,OOS
2026-05-19,V3_TOP5,UP,DEEPAKFERT.NS,0.9104,1.0,HIGH,-0.5059,11.2797,0,0,OOS
2026-05-19,V3_TOP5,UP,SAIL.NS,0.9059,0.875,HIGH,-0.005,1.0852,0,0,OOS
2026-05-19,V3_TOP5,UP,POLICYBZR.NS,0.8948,0.75,HIGH,1.3963,-0.6871,1,0,OOS
2026-05-19,V3_TOP5,UP,RATEGAIN.NS,0.8943,1.0,HIGH,-2.0932,6.0644,0,0,OOS
2026-05-19,V3_TOP5,UP,GNFC.NS,0.8871,0.75,HIGH,-4.6708,-7.2076,0,0,OOS
2026-05-19,RAND_TOP5,UP,RATEGAIN.NS,0.8943,1.0,HIGH,-2.0932,6.0644,0,0,OOS
2026-05-19,RAND_TOP5,UP,DEEPAKFERT.NS,0.9104,1.0,HIGH,-0.5059,11.2797,0,0,OOS
2026-05-19,RAND_TOP5,UP,SOLARINDS.NS,0.8448,0.625,HIGH,0.5189,0.0883,1,0,OOS
2026-05-19,RAND_TOP5,UP,KPITTECH.NS,0.8493,0.875,HIGH,0.9547,0.9883,1,0,OOS
2026-05-19,RAND_TOP5,UP,ALKYLAMINE.NS,0.7809,0.875,HIGH,0.5831,-2.627,1,0,OOS
2026-05-20,KNOW_TOP5,UP,ERIS.NS,0.8849,1.0,HIGH,-4.9582,-7.1801,0,0,OOS
2026-05-20,KNOW_TOP5,UP,MOTHERSON.NS,0.8035,1.0,HIGH,3.6544,2.8297,1,1,OOS
2026-05-20,KNOW_TOP5,UP,KPITTECH.NS,0.871,0.875,HIGH,0.0133,0.7725,1,0,OOS
2026-05-20,KNOW_TOP5,UP,GNFC.NS,0.8584,0.875,HIGH,0.3362,-1.0376,1,0,OOS
2026-05-20,KNOW_TOP5,UP,SHYAMMETL.NS,0.8342,0.875,HIGH,1.3169,4.276,1,0,OOS
2026-05-20,V3_TOP5,UP,POLICYBZR.NS,0.9101,0.75,HIGH,-0.5847,-2.1038,0,0,OOS
2026-05-20,V3_TOP5,UP,ERIS.NS,0.8849,1.0,HIGH,-4.9582,-7.1801,0,0,OOS
2026-05-20,V3_TOP5,UP,TATACOMM.NS,0.8832,0.75,HIGH,6.7977,9.0336,1,1,OOS
2026-05-20,V3_TOP5,UP,KPITTECH.NS,0.871,0.875,HIGH,0.0133,0.7725,1,0,OOS
2026-05-20,V3_TOP5,UP,COFORGE.NS,0.8668,0.75,HIGH,-1.8042,-0.3066,0,0,OOS
2026-05-20,RAND_TOP5,UP,KPITTECH.NS,0.871,0.875,HIGH,0.0133,0.7725,1,0,OOS
2026-05-20,RAND_TOP5,UP,POLICYBZR.NS,0.9101,0.75,HIGH,-0.5847,-2.1038,0,0,OOS
2026-05-20,RAND_TOP5,UP,ALKYLAMINE.NS,0.8235,0.875,HIGH,-1.925,-1.7618,0,0,OOS
2026-05-20,RAND_TOP5,UP,SHYAMMETL.NS,0.8342,0.875,HIGH,1.3169,4.276,1,0,OOS
2026-05-20,RAND_TOP5,UP,PERSISTENT.NS,0.7688,0.875,HIGH,-1.2805,-0.9068,0,0,OOS
2026-05-21,KNOW_TOP5,UP,SUDARSCHEM.NS,0.9568,1.0,HIGH,3.1411,2.1382,1,1,OOS
2026-05-21,KNOW_TOP5,UP,CENTUM.NS,0.9476,1.0,HIGH,-1.4104,-1.9362,0,0,OOS
2026-05-21,KNOW_TOP5,UP,DEEPAKFERT.NS,0.9032,1.0,HIGH,6.5188,4.6976,1,1,OOS
2026-05-21,KNOW_TOP5,UP,MOTHERSON.NS,0.8763,1.0,HIGH,-0.5985,-0.8613,0,0,OOS
2026-05-21,KNOW_TOP5,UP,METROBRAND.NS,0.8139,1.0,HIGH,-3.565,-4.4585,0,0,OOS
2026-05-21,V3_TOP5,UP,SUDARSCHEM.NS,0.9568,1.0,HIGH,3.1411,2.1382,1,1,OOS
2026-05-21,V3_TOP5,UP,CENTUM.NS,0.9476,1.0,HIGH,-1.4104,-1.9362,0,0,OOS
2026-05-21,V3_TOP5,UP,JPPOWER.NS,0.9161,0.75,HIGH,1.0776,3.0711,1,0,OOS
2026-05-21,V3_TOP5,UP,DEEPAKFERT.NS,0.9032,1.0,HIGH,6.5188,4.6976,1,1,OOS
2026-05-21,V3_TOP5,UP,TATACOMM.NS,0.8902,0.75,HIGH,3.5701,5.9484,1,1,OOS
2026-05-21,RAND_TOP5,UP,DEEPAKFERT.NS,0.9032,1.0,HIGH,6.5188,4.6976,1,1,OOS
2026-05-21,RAND_TOP5,UP,SUDARSCHEM.NS,0.9568,1.0,HIGH,3.1411,2.1382,1,1,OOS
2026-05-21,RAND_TOP5,UP,METROBRAND.NS,0.8139,1.0,HIGH,-3.565,-4.4585,0,0,OOS
2026-05-21,RAND_TOP5,UP,PARAS.NS,0.8385,0.875,HIGH,2.6938,8.5304,1,1,OOS
2026-05-21,RAND_TOP5,UP,ADANIENSOL.NS,0.7771,0.625,HIGH,1.9148,9.0225,1,0,OOS
2026-05-22,KNOW_TOP5,UP,ENDURANCE.NS,0.8675,1.0,HIGH,2.9172,1.0177,1,1,OOS
2026-05-22,KNOW_TOP5,UP,SHYAMMETL.NS,0.8549,1.0,HIGH,1.5035,2.9806,1,0,OOS
2026-05-22,KNOW_TOP5,UP,PAGEIND.NS,0.8005,1.0,HIGH,-2.3064,-3.3202,0,0,OOS
2026-05-22,KNOW_TOP5,UP,RATEGAIN.NS,0.9773,0.875,HIGH,1.5956,2.0225,1,0,OOS
2026-05-22,KNOW_TOP5,UP,SUDARSCHEM.NS,0.9488,0.875,HIGH,3.0553,-3.3712,1,1,OOS
2026-05-22,V3_TOP5,UP,RATEGAIN.NS,0.9773,0.875,HIGH,1.5956,2.0225,1,0,OOS
2026-05-22,V3_TOP5,UP,SUDARSCHEM.NS,0.9488,0.875,HIGH,3.0553,-3.3712,1,1,OOS
2026-05-22,V3_TOP5,UP,DEEPAKFERT.NS,0.9411,0.875,HIGH,-1.1805,-1.7369,0,0,OOS
2026-05-22,V3_TOP5,UP,PARAS.NS,0.9397,0.875,HIGH,5.3879,4.2672,1,1,OOS
2026-05-22,V3_TOP5,UP,TATACOMM.NS,0.9057,0.75,HIGH,-1.4257,0.1324,0,0,OOS
2026-05-22,RAND_TOP5,UP,PARAS.NS,0.9397,0.875,HIGH,5.3879,4.2672,1,1,OOS
2026-05-22,RAND_TOP5,UP,RATEGAIN.NS,0.9773,0.875,HIGH,1.5956,2.0225,1,0,OOS
2026-05-22,RAND_TOP5,UP,PRESTIGE.NS,0.8547,0.875,HIGH,0.9291,0.8138,1,0,OOS
2026-05-22,RAND_TOP5,UP,SHYAMMETL.NS,0.8549,1.0,HIGH,1.5035,2.9806,1,0,OOS
2026-05-22,RAND_TOP5,UP,DATAPATTNS.NS,0.7919,0.75,HIGH,3.1816,4.2698,1,1,OOS
2026-05-25,KNOW_TOP5,UP,PARAS.NS,0.9723,1.0,HIGH,0.2805,-1.0634,1,0,OOS
2026-05-25,KNOW_TOP5,UP,ASHOKLEY.NS,0.8716,1.0,HIGH,-2.1575,-0.2804,0,0,OOS
2026-05-25,KNOW_TOP5,UP,BPCL.NS,0.8529,1.0,HIGH,-1.1841,-0.3569,0,0,OOS
2026-05-25,KNOW_TOP5,UP,IOC.NS,0.8375,1.0,HIGH,-1.0907,-0.0069,0,0,OOS
2026-05-25,KNOW_TOP5,UP,SHYAMMETL.NS,0.8238,1.0,HIGH,1.7723,1.4552,1,0,OOS
2026-05-25,V3_TOP5,UP,PARAS.NS,0.9723,1.0,HIGH,0.2805,-1.0634,1,0,OOS
2026-05-25,V3_TOP5,UP,HFCL.NS,0.9623,0.75,HIGH,-0.6387,6.8042,0,0,OOS
2026-05-25,V3_TOP5,UP,RATEGAIN.NS,0.9444,0.75,HIGH,0.6406,0.4202,1,0,OOS
2026-05-25,V3_TOP5,UP,SUDARSCHEM.NS,0.9282,0.75,HIGH,-3.9082,-6.2359,0,0,OOS
2026-05-25,V3_TOP5,UP,DATAPATTNS.NS,0.9025,0.875,HIGH,0.1392,1.0547,1,0,OOS
2026-05-25,RAND_TOP5,UP,SUDARSCHEM.NS,0.9282,0.75,HIGH,-3.9082,-6.2359,0,0,OOS
2026-05-25,RAND_TOP5,UP,PARAS.NS,0.9723,1.0,HIGH,0.2805,-1.0634,1,0,OOS
2026-05-25,RAND_TOP5,UP,ASHOKLEY.NS,0.8716,1.0,HIGH,-2.1575,-0.2804,0,0,OOS
2026-05-25,RAND_TOP5,UP,RAJESHEXPO.NS,0.8792,0.625,HIGH,4.9996,8.2528,1,1,OOS
2026-05-25,RAND_TOP5,UP,TEJASNET.NS,0.8181,0.75,HIGH,5.7918,4.2832,1,1,OOS
2026-05-26,KNOW_TOP5,UP,TEJASNET.NS,0.9459,1.0,HIGH,-1.426,3.7894,0,0,OOS
2026-05-26,KNOW_TOP5,UP,FINPIPE.NS,0.8312,1.0,HIGH,7.7411,4.5358,1,1,OOS
2026-05-26,KNOW_TOP5,UP,IGL.NS,0.8207,1.0,HIGH,-0.8433,-3.3371,0,0,OOS
2026-05-26,KNOW_TOP5,UP,SHYAMMETL.NS,0.8161,1.0,HIGH,-0.3115,-0.5873,0,0,OOS
2026-05-26,KNOW_TOP5,UP,NAUKRI.NS,0.8132,1.0,HIGH,2.5441,1.4581,1,1,OOS
2026-05-26,V3_TOP5,UP,SUDARSCHEM.NS,0.9837,0.875,HIGH,-2.4224,-6.4945,0,0,OOS
2026-05-26,V3_TOP5,UP,TATACOMM.NS,0.9529,0.75,HIGH,-2.1154,-2.195,0,0,OOS
2026-05-26,V3_TOP5,UP,TEJASNET.NS,0.9459,1.0,HIGH,-1.426,3.7894,0,0,OOS
2026-05-26,V3_TOP5,UP,ADANIENSOL.NS,0.929,0.875,HIGH,5.2484,3.4169,1,1,OOS
2026-05-26,V3_TOP5,UP,PARAS.NS,0.9278,0.875,HIGH,-1.3401,-4.5214,0,0,OOS
2026-05-26,RAND_TOP5,UP,ADANIENSOL.NS,0.929,0.875,HIGH,5.2484,3.4169,1,1,OOS
2026-05-26,RAND_TOP5,UP,SUDARSCHEM.NS,0.9837,0.875,HIGH,-2.4224,-6.4945,0,0,OOS
2026-05-26,RAND_TOP5,UP,APOLLOTYRE.NS,0.8232,0.75,HIGH,1.6529,0.3179,1,0,OOS
2026-05-26,RAND_TOP5,UP,FINPIPE.NS,0.8312,1.0,HIGH,7.7411,4.5358,1,1,OOS
2026-05-26,RAND_TOP5,UP,TATACHEM.NS,0.8076,0.75,HIGH,-1.1928,-3.304,0,0,OOS
2026-05-27,KNOW_TOP5,UP,RAJESHEXPO.NS,0.9377,1.0,HIGH,0.0,-7.943,0,0,OOS
2026-05-27,KNOW_TOP5,UP,TIINDIA.NS,0.8707,1.0,HIGH,0.0,-4.7936,0,0,OOS
2026-05-27,KNOW_TOP5,UP,SUZLON.NS,0.8532,1.0,HIGH,0.0,-6.2576,0,0,OOS
2026-05-27,KNOW_TOP5,UP,MOTHERSON.NS,0.8244,1.0,HIGH,0.0,-0.4494,0,0,OOS
2026-05-27,KNOW_TOP5,UP,CENTUM.NS,0.9071,0.875,HIGH,0.0,8.3233,0,0,OOS
2026-05-27,V3_TOP5,UP,JPPOWER.NS,0.9584,0.75,HIGH,0.0,-17.84,0,0,OOS
2026-05-27,V3_TOP5,UP,ADANIENSOL.NS,0.9571,0.75,HIGH,0.0,-2.831,0,0,OOS
2026-05-27,V3_TOP5,UP,RAJESHEXPO.NS,0.9377,1.0,HIGH,0.0,-7.943,0,0,OOS
2026-05-27,V3_TOP5,UP,HFCL.NS,0.9308,0.625,HIGH,0.0,4.8068,0,0,OOS
2026-05-27,V3_TOP5,UP,FINPIPE.NS,0.9276,0.75,HIGH,0.0,-7.2735,0,0,OOS
2026-05-27,RAND_TOP5,UP,HFCL.NS,0.9308,0.625,HIGH,0.0,4.8068,0,0,OOS
2026-05-27,RAND_TOP5,UP,JPPOWER.NS,0.9584,0.75,HIGH,0.0,-17.84,0,0,OOS
2026-05-27,RAND_TOP5,UP,PARAS.NS,0.8882,0.75,HIGH,0.0,-3.7973,0,0,OOS
2026-05-27,RAND_TOP5,UP,ADANIGREEN.NS,0.9057,0.75,HIGH,0.0,-2.8861,0,0,OOS
2026-05-27,RAND_TOP5,UP,TATACOMM.NS,0.8116,0.5,MEDIUM,0.0,-1.2204,0,0,OOS
2026-05-29,KNOW_TOP5,UP,MOTHERSON.NS,0.86,1.0,HIGH,-2.724,-0.0892,0,0,OOS
2026-05-29,KNOW_TOP5,UP,WELCORP.NS,0.8248,1.0,HIGH,0.0508,2.6654,1,0,OOS
2026-05-29,KNOW_TOP5,UP,SUZLON.NS,0.7964,1.0,HIGH,-5.3694,-4.5447,0,0,OOS
2026-05-29,KNOW_TOP5,UP,NAUKRI.NS,0.7806,1.0,HIGH,0.9095,1.1106,1,0,OOS
2026-05-29,KNOW_TOP5,UP,MIDHANI.NS,0.7784,1.0,HIGH,-3.0548,-0.8677,0,0,OOS
2026-05-29,V3_TOP5,UP,JPPOWER.NS,0.9687,0.875,HIGH,-14.0832,-11.6141,0,0,OOS
2026-05-29,V3_TOP5,UP,CLEAN.NS,0.9019,0.875,HIGH,-1.2414,-0.5016,0,0,OOS
2026-05-29,V3_TOP5,UP,CENTUM.NS,0.8682,0.75,HIGH,0.7836,3.0396,1,0,OOS
2026-05-29,V3_TOP5,UP,HFCL.NS,0.866,0.75,HIGH,1.3004,10.8203,1,0,OOS
2026-05-29,V3_TOP5,UP,MOTHERSON.NS,0.86,1.0,HIGH,-2.724,-0.0892,0,0,OOS
2026-05-29,RAND_TOP5,UP,HFCL.NS,0.866,0.75,HIGH,1.3004,10.8203,1,0,OOS
2026-05-29,RAND_TOP5,UP,JPPOWER.NS,0.9687,0.875,HIGH,-14.0832,-11.6141,0,0,OOS
2026-05-29,RAND_TOP5,UP,ADANIGREEN.NS,0.8034,0.625,HIGH,-1.9317,-3.2466,0,0,OOS
2026-05-29,RAND_TOP5,UP,WELCORP.NS,0.8248,1.0,HIGH,0.0508,2.6654,1,0,OOS
2026-05-29,RAND_TOP5,UP,AMBER.NS,0.7757,0.75,HIGH,0.1116,-1.4051,1,0,OOS
2026-06-01,KNOW_TOP5,UP,PERSISTENT.NS,0.8597,1.0,HIGH,1.268,-5.1925,1,0,OOS
2026-06-01,KNOW_TOP5,UP,BIKAJI.NS,0.8517,1.0,HIGH,0.0602,-2.9027,1,0,OOS
2026-06-01,KNOW_TOP5,UP,COFORGE.NS,0.8483,1.0,HIGH,3.9899,-1.6904,1,1,OOS
2026-06-01,KNOW_TOP5,UP,TECHM.NS,0.8307,1.0,HIGH,1.8274,-3.6223,1,0,OOS
2026-06-01,KNOW_TOP5,UP,COALINDIA.NS,0.8275,1.0,HIGH,-0.0952,1.9149,0,0,OOS
2026-06-01,V3_TOP5,UP,CENTUM.NS,0.9551,0.75,HIGH,2.5261,-0.8174,1,1,OOS
2026-06-01,V3_TOP5,UP,TEJASNET.NS,0.9403,0.75,HIGH,2.1289,14.4174,1,1,OOS
2026-06-01,V3_TOP5,UP,OFSS.NS,0.8614,0.875,HIGH,1.5062,-0.9126,1,0,OOS
2026-06-01,V3_TOP5,UP,PERSISTENT.NS,0.8597,1.0,HIGH,1.268,-5.1925,1,0,OOS
2026-06-01,V3_TOP5,UP,MOTHERSON.NS,0.8572,0.625,HIGH,2.2007,1.7916,1,1,OOS
2026-06-01,RAND_TOP5,UP,PERSISTENT.NS,0.8597,1.0,HIGH,1.268,-5.1925,1,0,OOS
2026-06-01,RAND_TOP5,UP,CENTUM.NS,0.9551,0.75,HIGH,2.5261,-0.8174,1,1,OOS
2026-06-01,RAND_TOP5,UP,BIKAJI.NS,0.8517,1.0,HIGH,0.0602,-2.9027,1,0,OOS
2026-06-01,RAND_TOP5,UP,RATEGAIN.NS,0.8541,0.625,HIGH,-0.3024,-0.7914,0,0,OOS
2026-06-01,RAND_TOP5,UP,NAUKRI.NS,0.7976,0.75,HIGH,1.1603,0.4781,1,0,OOS
2026-06-02,KNOW_TOP5,UP,MASTEK.NS,0.938,1.0,HIGH,-2.639,-3.9238,0,0,OOS
2026-06-02,KNOW_TOP5,UP,ALKYLAMINE.NS,0.9134,1.0,HIGH,3.2664,-0.1912,1,1,OOS
2026-06-02,KNOW_TOP5,UP,OFSS.NS,0.872,1.0,HIGH,-3.3544,-3.9441,0,0,OOS
2026-06-02,KNOW_TOP5,UP,ZENSARTECH.NS,0.8473,1.0,HIGH,-1.9617,-6.7506,0,0,OOS
2026-06-02,KNOW_TOP5,UP,NMDC.NS,0.8327,1.0,HIGH,0.7659,-2.5286,1,0,OOS
2026-06-02,V3_TOP5,UP,STLTECH.NS,0.9405,0.75,HIGH,4.9996,4.7712,1,1,OOS
2026-06-02,V3_TOP5,UP,MASTEK.NS,0.938,1.0,HIGH,-2.639,-3.9238,0,0,OOS
2026-06-02,V3_TOP5,UP,COFORGE.NS,0.9156,0.75,HIGH,-6.489,-5.5281,0,0,OOS
2026-06-02,V3_TOP5,UP,ALKYLAMINE.NS,0.9134,1.0,HIGH,3.2664,-0.1912,1,1,OOS
2026-06-02,V3_TOP5,UP,OLECTRA.NS,0.9044,0.875,HIGH,2.8011,0.4357,1,1,OOS
2026-06-02,RAND_TOP5,UP,ALKYLAMINE.NS,0.9134,1.0,HIGH,3.2664,-0.1912,1,1,OOS
2026-06-02,RAND_TOP5,UP,STLTECH.NS,0.9405,0.75,HIGH,4.9996,4.7712,1,1,OOS
2026-06-02,RAND_TOP5,UP,HFCL.NS,0.862,0.625,HIGH,4.9858,-1.4268,1,1,OOS
2026-06-02,RAND_TOP5,UP,INTELLECT.NS,0.8666,0.875,HIGH,-0.441,-0.3074,0,0,OOS
2026-06-02,RAND_TOP5,UP,BIKAJI.NS,0.8239,0.75,HIGH,-2.4049,-1.5557,0,0,OOS
2026-06-03,KNOW_TOP5,UP,ALKYLAMINE.NS,0.9732,1.0,HIGH,-1.9599,-2.6132,0,0,OOS
2026-06-03,KNOW_TOP5,UP,OLECTRA.NS,0.9324,1.0,HIGH,0.0076,-6.1459,1,0,OOS
2026-06-03,KNOW_TOP5,UP,MASTEK.NS,0.8949,0.875,HIGH,-0.5469,-4.0896,0,0,OOS
2026-06-03,KNOW_TOP5,UP,MRPL.NS,0.8727,0.875,HIGH,1.5763,-1.693,1,0,OOS
2026-06-03,KNOW_TOP5,UP,BOSCHLTD.NS,0.8427,0.875,HIGH,-2.0127,-3.0456,0,0,OOS
2026-06-03,V3_TOP5,UP,TEJASNET.NS,0.978,0.75,HIGH,5.7444,-4.6992,1,1,OOS
2026-06-03,V3_TOP5,UP,ALKYLAMINE.NS,0.9732,1.0,HIGH,-1.9599,-2.6132,0,0,OOS
2026-06-03,V3_TOP5,UP,OLECTRA.NS,0.9324,1.0,HIGH,0.0076,-6.1459,1,0,OOS
2026-06-03,V3_TOP5,UP,MASTEK.NS,0.8949,0.875,HIGH,-0.5469,-4.0896,0,0,OOS
2026-06-03,V3_TOP5,UP,MRPL.NS,0.8727,0.875,HIGH,1.5763,-1.693,1,0,OOS
2026-06-03,RAND_TOP5,UP,MASTEK.NS,0.8949,0.875,HIGH,-0.5469,-4.0896,0,0,OOS
2026-06-03,RAND_TOP5,UP,TEJASNET.NS,0.978,0.75,HIGH,5.7444,-4.6992,1,1,OOS
2026-06-03,RAND_TOP5,UP,BOSCHLTD.NS,0.8427,0.875,HIGH,-2.0127,-3.0456,0,0,OOS
2026-06-03,RAND_TOP5,UP,CENTUM.NS,0.8451,0.5,MEDIUM,-2.9889,-7.9919,0,0,OOS
2026-06-03,RAND_TOP5,UP,BIKAJI.NS,0.8046,0.5,MEDIUM,-0.5698,0.67,0,0,OOS
2026-06-04,KNOW_TOP5,UP,MIDHANI.NS,0.9553,1.0,HIGH,-1.7372,1.6018,0,0,OOS
2026-06-04,KNOW_TOP5,UP,PAGEIND.NS,0.7908,1.0,HIGH,-1.2617,0.1802,0,0,OOS
2026-06-04,KNOW_TOP5,UP,OLECTRA.NS,0.9583,0.875,HIGH,-2.3083,-1.612,0,0,OOS
2026-06-04,KNOW_TOP5,UP,PARAS.NS,0.9206,0.875,HIGH,7.4234,16.262,1,1,OOS
2026-06-04,KNOW_TOP5,UP,MPHASIS.NS,0.8226,0.875,HIGH,0.6088,1.0622,1,0,OOS
2026-06-04,V3_TOP5,UP,TEJASNET.NS,0.9862,0.75,HIGH,-4.2778,-10.2002,0,0,OOS
2026-06-04,V3_TOP5,UP,OLECTRA.NS,0.9583,0.875,HIGH,-2.3083,-1.612,0,0,OOS
2026-06-04,V3_TOP5,UP,MIDHANI.NS,0.9553,1.0,HIGH,-1.7372,1.6018,0,0,OOS
2026-06-04,V3_TOP5,UP,STLTECH.NS,0.9539,0.75,HIGH,-4.9647,-5.9239,0,0,OOS
2026-06-04,V3_TOP5,UP,PARAS.NS,0.9206,0.875,HIGH,7.4234,16.262,1,1,OOS
2026-06-04,RAND_TOP5,UP,STLTECH.NS,0.9539,0.75,HIGH,-4.9647,-5.9239,0,0,OOS
2026-06-04,RAND_TOP5,UP,TEJASNET.NS,0.9862,0.75,HIGH,-4.2778,-10.2002,0,0,OOS
2026-06-04,RAND_TOP5,UP,VOLTAS.NS,0.8342,0.75,HIGH,0.9172,1.3914,1,0,OOS
2026-06-04,RAND_TOP5,UP,IDEA.NS,0.8388,0.75,HIGH,0.134,-5.2914,1,0,OOS
2026-06-04,RAND_TOP5,UP,ALKYLAMINE.NS,0.7772,0.75,HIGH,-1.416,2.8099,0,0,OOS
2026-06-05,KNOW_TOP5,UP,PARAS.NS,0.9927,1.0,HIGH,0.4791,8.3685,1,0,OOS
2026-06-05,KNOW_TOP5,UP,DATAPATTNS.NS,0.8886,1.0,HIGH,-1.6925,3.3518,0,0,OOS
2026-06-05,KNOW_TOP5,UP,FINEORG.NS,0.8017,1.0,HIGH,-1.2935,-0.7993,0,0,OOS
2026-06-05,KNOW_TOP5,UP,CANBK.NS,0.7602,1.0,HIGH,-2.8717,-1.7304,0,0,OOS
2026-06-05,KNOW_TOP5,UP,ADANIENSOL.NS,0.7905,0.875,HIGH,-0.5446,-2.7486,0,0,OOS
2026-06-05,V3_TOP5,UP,PARAS.NS,0.9927,1.0,HIGH,0.4791,8.3685,1,0,OOS
2026-06-05,V3_TOP5,UP,TEJASNET.NS,0.8961,0.625,HIGH,-5.8487,-4.4082,0,0,OOS
2026-06-05,V3_TOP5,UP,DATAPATTNS.NS,0.8886,1.0,HIGH,-1.6925,3.3518,0,0,OOS
2026-06-05,V3_TOP5,UP,OLECTRA.NS,0.8697,0.625,HIGH,-3.9355,-1.1156,0,0,OOS
2026-06-05,V3_TOP5,UP,NMDC.NS,0.8587,0.75,HIGH,-3.563,-4.7901,0,0,OOS
2026-06-05,RAND_TOP5,UP,OLECTRA.NS,0.8697,0.625,HIGH,-3.9355,-1.1156,0,0,OOS
2026-06-05,RAND_TOP5,UP,PARAS.NS,0.9927,1.0,HIGH,0.4791,8.3685,1,0,OOS
2026-06-05,RAND_TOP5,UP,VOLTAS.NS,0.8255,0.75,HIGH,-1.7022,-0.6393,0,0,OOS
2026-06-05,RAND_TOP5,UP,MAPMYINDIA.NS,0.8299,0.75,HIGH,-1.4706,0.8144,0,0,OOS
2026-06-05,RAND_TOP5,UP,MRPL.NS,0.7743,0.625,HIGH,-2.1627,5.6294,0,0,OOS
2026-06-08,KNOW_TOP5,UP,ZYDUSWELL.NS,0.9034,1.0,HIGH,-2.7221,-4.4222,0,0,OOS
2026-06-08,KNOW_TOP5,UP,DEEPAKFERT.NS,0.8971,1.0,HIGH,4.6156,3.4445,1,1,OOS
2026-06-08,KNOW_TOP5,UP,FINEORG.NS,0.8748,1.0,HIGH,0.9482,-0.3367,1,0,OOS
2026-06-08,KNOW_TOP5,UP,RECLTD.NS,0.7597,1.0,HIGH,2.5335,-1.9074,1,1,OOS
2026-06-08,KNOW_TOP5,UP,PARAS.NS,0.9854,0.875,HIGH,7.7118,2.524,1,1,OOS
2026-06-08,V3_TOP5,UP,PARAS.NS,0.9854,0.875,HIGH,7.7118,2.524,1,1,OOS
2026-06-08,V3_TOP5,UP,IDEAFORGE.NS,0.9718,0.875,HIGH,2.7856,-7.2277,1,1,OOS
2026-06-08,V3_TOP5,UP,DATAPATTNS.NS,0.9177,0.75,HIGH,10.0741,1.5382,1,1,OOS
2026-06-08,V3_TOP5,UP,ZYDUSWELL.NS,0.9034,1.0,HIGH,-2.7221,-4.4222,0,0,OOS
2026-06-08,V3_TOP5,UP,DEEPAKFERT.NS,0.8971,1.0,HIGH,4.6156,3.4445,1,1,OOS
2026-06-08,RAND_TOP5,UP,ZYDUSWELL.NS,0.9034,1.0,HIGH,-2.7221,-4.4222,0,0,OOS
2026-06-08,RAND_TOP5,UP,PARAS.NS,0.9854,0.875,HIGH,7.7118,2.524,1,1,OOS
2026-06-08,RAND_TOP5,UP,ADANIENSOL.NS,0.8478,0.875,HIGH,0.5604,-6.6034,1,0,OOS
2026-06-08,RAND_TOP5,UP,MIDHANI.NS,0.8612,0.75,HIGH,7.0096,0.2851,1,1,OOS
2026-06-08,RAND_TOP5,UP,ADANIGREEN.NS,0.7791,0.75,HIGH,2.952,-2.4153,1,1,OOS
2026-06-09,KNOW_TOP5,UP,DATAPATTNS.NS,0.9765,1.0,HIGH,-4.4905,-0.2808,0,0,OOS
2026-06-09,KNOW_TOP5,UP,MIDHANI.NS,0.9637,1.0,HIGH,-3.7637,-3.3863,0,0,OOS
2026-06-09,KNOW_TOP5,UP,MRPL.NS,0.9113,1.0,HIGH,2.0457,0.4179,1,1,OOS
2026-06-09,KNOW_TOP5,UP,CANBK.NS,0.8387,1.0,HIGH,-2.9452,-4.247,0,0,OOS
2026-06-09,KNOW_TOP5,UP,UNIONBANK.NS,0.7951,1.0,HIGH,-2.341,-0.2288,0,0,OOS
2026-06-09,V3_TOP5,UP,PARAS.NS,0.9865,0.75,HIGH,0.1299,5.5815,1,0,OOS
2026-06-09,V3_TOP5,UP,DATAPATTNS.NS,0.9765,1.0,HIGH,-4.4905,-0.2808,0,0,OOS
2026-06-09,V3_TOP5,UP,MIDHANI.NS,0.9637,1.0,HIGH,-3.7637,-3.3863,0,0,OOS
2026-06-09,V3_TOP5,UP,DEEPAKFERT.NS,0.9213,0.875,HIGH,-1.5606,2.3706,0,0,OOS
2026-06-09,V3_TOP5,UP,MRPL.NS,0.9113,1.0,HIGH,2.0457,0.4179,1,1,OOS
2026-06-09,RAND_TOP5,UP,DEEPAKFERT.NS,0.9213,0.875,HIGH,-1.5606,2.3706,0,0,OOS
2026-06-09,RAND_TOP5,UP,PARAS.NS,0.9865,0.75,HIGH,0.1299,5.5815,1,0,OOS
2026-06-09,RAND_TOP5,UP,ADANIGREEN.NS,0.8488,0.875,HIGH,-3.3561,-3.1802,0,0,OOS
2026-06-09,RAND_TOP5,UP,AJANTPHARM.NS,0.8576,0.875,HIGH,1.9124,3.7717,1,0,OOS
2026-06-09,RAND_TOP5,UP,ZYDUSWELL.NS,0.7701,0.625,HIGH,-2.4546,-0.6382,0,0,OOS
2026-06-10,KNOW_TOP5,UP,JINDALPOLY.NS,0.9686,1.0,HIGH,4.476,5.5682,1,1,OOS
2026-06-10,KNOW_TOP5,UP,COROMANDEL.NS,0.9029,1.0,HIGH,-0.8029,5.6149,0,0,OOS
2026-06-10,KNOW_TOP5,UP,MRPL.NS,0.88,1.0,HIGH,-4.8405,3.2575,0,0,OOS
2026-06-10,KNOW_TOP5,UP,CERA.NS,0.8635,1.0,HIGH,-0.2556,6.636,0,0,OOS
2026-06-10,KNOW_TOP5,UP,DATAPATTNS.NS,0.9715,0.875,HIGH,-3.4177,1.6468,0,0,OOS
2026-06-10,V3_TOP5,UP,PARAS.NS,0.9737,0.75,HIGH,-4.9399,6.5017,0,0,OOS
2026-06-10,V3_TOP5,UP,DATAPATTNS.NS,0.9715,0.875,HIGH,-3.4177,1.6468,0,0,OOS
2026-06-10,V3_TOP5,UP,JINDALPOLY.NS,0.9686,1.0,HIGH,4.476,5.5682,1,1,OOS
2026-06-10,V3_TOP5,UP,DEEPAKFERT.NS,0.9106,0.875,HIGH,0.4482,0.8964,1,0,OOS
2026-06-10,V3_TOP5,UP,COROMANDEL.NS,0.9029,1.0,HIGH,-0.8029,5.6149,0,0,OOS
2026-06-10,RAND_TOP5,UP,DEEPAKFERT.NS,0.9106,0.875,HIGH,0.4482,0.8964,1,0,OOS
2026-06-10,RAND_TOP5,UP,PARAS.NS,0.9737,0.75,HIGH,-4.9399,6.5017,0,0,OOS
2026-06-10,RAND_TOP5,UP,MIDHANI.NS,0.8481,0.625,HIGH,-2.6188,0.6807,0,0,OOS
2026-06-10,RAND_TOP5,UP,AJANTPHARM.NS,0.8623,0.875,HIGH,2.2277,-0.6667,1,1,OOS
2026-06-10,RAND_TOP5,UP,BEML.NS,0.7444,0.75,HIGH,-2.4399,0.4631,0,0,OOS
2026-06-11,KNOW_TOP5,UP,JINDALPOLY.NS,0.9769,1.0,HIGH,2.7605,-1.6536,1,1,OOS
2026-06-11,KNOW_TOP5,UP,AJANTPHARM.NS,0.8973,1.0,HIGH,-0.3945,-2.0265,0,0,OOS
2026-06-11,KNOW_TOP5,UP,TORNTPHARM.NS,0.8643,1.0,HIGH,-0.0219,-2.3074,0,0,OOS
2026-06-11,KNOW_TOP5,UP,ICICIBANK.NS,0.7483,1.0,HIGH,1.8071,1.3136,1,0,OOS
2026-06-11,KNOW_TOP5,UP,DEEPAKFERT.NS,0.8512,0.875,HIGH,3.5296,2.2243,1,1,OOS
2026-06-11,V3_TOP5,UP,JINDALPOLY.NS,0.9769,1.0,HIGH,2.7605,-1.6536,1,1,OOS
2026-06-11,V3_TOP5,UP,PARAS.NS,0.9318,0.75,HIGH,10.9241,10.1355,1,1,OOS
2026-06-11,V3_TOP5,UP,TATACHEM.NS,0.9199,0.75,HIGH,0.6409,-1.5853,1,0,OOS
2026-06-11,V3_TOP5,UP,AJANTPHARM.NS,0.8973,1.0,HIGH,-0.3945,-2.0265,0,0,OOS
2026-06-11,V3_TOP5,UP,TORNTPHARM.NS,0.8643,1.0,HIGH,-0.0219,-2.3074,0,0,OOS
2026-06-11,RAND_TOP5,UP,AJANTPHARM.NS,0.8973,1.0,HIGH,-0.3945,-2.0265,0,0,OOS
2026-06-11,RAND_TOP5,UP,JINDALPOLY.NS,0.9769,1.0,HIGH,2.7605,-1.6536,1,1,OOS
2026-06-11,RAND_TOP5,UP,DATAPATTNS.NS,0.7835,0.625,HIGH,8.1023,6.4756,1,1,OOS
2026-06-11,RAND_TOP5,UP,NAVINFLUOR.NS,0.7932,0.75,HIGH,2.04,2.2146,1,1,OOS
2026-06-11,RAND_TOP5,UP,AXISBANK.NS,0.7165,0.875,HIGH,2.9606,3.6742,1,1,OOS
2026-06-12,KNOW_TOP5,UP,JINDALPOLY.NS,0.9786,1.0,HIGH,-1.669,-8.6907,0,0,OOS
2026-06-12,KNOW_TOP5,UP,CHOLAFIN.NS,0.8954,1.0,HIGH,5.4525,7.085,1,1,OOS
2026-06-12,KNOW_TOP5,UP,CERA.NS,0.8837,1.0,HIGH,1.8717,0.1953,1,0,OOS
2026-06-12,KNOW_TOP5,UP,BANKBARODA.NS,0.8041,1.0,HIGH,0.4732,2.5842,1,0,OOS
2026-06-12,KNOW_TOP5,UP,BOSCHLTD.NS,0.8002,1.0,HIGH,0.0256,0.4352,1,0,OOS
2026-06-12,V3_TOP5,UP,JINDALPOLY.NS,0.9786,1.0,HIGH,-1.669,-8.6907,0,0,OOS
2026-06-12,V3_TOP5,UP,DATAPATTNS.NS,0.9397,0.875,HIGH,-2.6443,4.9255,0,0,OOS
2026-06-12,V3_TOP5,UP,ASHOKLEY.NS,0.9317,0.875,HIGH,3.4438,4.6704,1,1,OOS
2026-06-12,V3_TOP5,UP,DEEPAKFERT.NS,0.9161,0.875,HIGH,-2.9783,-0.2637,0,0,OOS
2026-06-12,V3_TOP5,UP,CHOLAFIN.NS,0.8954,1.0,HIGH,5.4525,7.085,1,1,OOS
2026-06-12,RAND_TOP5,UP,DEEPAKFERT.NS,0.9161,0.875,HIGH,-2.9783,-0.2637,0,0,OOS
2026-06-12,RAND_TOP5,UP,JINDALPOLY.NS,0.9786,1.0,HIGH,-1.669,-8.6907,0,0,OOS
2026-06-12,RAND_TOP5,UP,TATACHEM.NS,0.8361,0.5,MEDIUM,-1.4545,-2.2723,0,0,OOS
2026-06-12,RAND_TOP5,UP,CENTUM.NS,0.8524,0.875,HIGH,1.2225,0.8904,1,0,OOS
2026-06-12,RAND_TOP5,UP,NCC.NS,0.7827,0.75,HIGH,0.6263,1.7602,1,0,OOS
2026-06-15,KNOW_TOP5,UP,CHOLAFIN.NS,0.932,1.0,HIGH,1.6207,2.1347,1,0,OOS
2026-06-15,KNOW_TOP5,UP,ASHOKLEY.NS,0.924,1.0,HIGH,0.5073,0.4756,1,0,OOS
2026-06-15,KNOW_TOP5,UP,MRPL.NS,0.9171,1.0,HIGH,-2.0302,-5.8479,0,0,OOS
2026-06-15,KNOW_TOP5,UP,PRESTIGE.NS,0.8938,1.0,HIGH,3.3005,3.7487,1,1,OOS
2026-06-15,KNOW_TOP5,UP,KALYANKJIL.NS,0.893,1.0,HIGH,-1.1619,-0.0131,0,0,OOS
2026-06-15,V3_TOP5,UP,JINDALPOLY.NS,0.9668,0.875,HIGH,-2.6711,-6.5526,0,0,OOS
2026-06-15,V3_TOP5,UP,CHOLAFIN.NS,0.932,1.0,HIGH,1.6207,2.1347,1,0,OOS
2026-06-15,V3_TOP5,UP,ASHOKLEY.NS,0.924,1.0,HIGH,0.5073,0.4756,1,0,OOS
2026-06-15,V3_TOP5,UP,MRPL.NS,0.9171,1.0,HIGH,-2.0302,-5.8479,0,0,OOS
2026-06-15,V3_TOP5,UP,PRESTIGE.NS,0.8938,1.0,HIGH,3.3005,3.7487,1,1,OOS
2026-06-15,RAND_TOP5,UP,MRPL.NS,0.9171,1.0,HIGH,-2.0302,-5.8479,0,0,OOS
2026-06-15,RAND_TOP5,UP,JINDALPOLY.NS,0.9668,0.875,HIGH,-2.6711,-6.5526,0,0,OOS
2026-06-15,RAND_TOP5,UP,SHRIRAMFIN.NS,0.8587,1.0,HIGH,0.5097,0.2049,1,0,OOS
2026-06-15,RAND_TOP5,UP,CERA.NS,0.8649,0.875,HIGH,-0.8148,-1.5817,0,0,OOS
2026-06-15,RAND_TOP5,UP,BPCL.NS,0.7913,1.0,HIGH,0.4829,1.8352,1,0,OOS
2026-06-16,KNOW_TOP5,UP,PRESTIGE.NS,0.9315,1.0,HIGH,0.0263,-1.5647,1,0,OOS
2026-06-16,KNOW_TOP5,UP,COROMANDEL.NS,0.9125,1.0,HIGH,-1.1555,-2.1605,0,0,OOS
2026-06-16,KNOW_TOP5,UP,CHOLAFIN.NS,0.9077,1.0,HIGH,-0.0714,0.7736,0,0,OOS
2026-06-16,KNOW_TOP5,UP,MGL.NS,0.88,1.0,HIGH,1.9652,1.9737,1,0,OOS
2026-06-16,KNOW_TOP5,UP,DLF.NS,0.8442,1.0,HIGH,-0.9137,-0.7628,0,0,OOS
2026-06-16,V3_TOP5,UP,PRESTIGE.NS,0.9315,1.0,HIGH,0.0263,-1.5647,1,0,OOS
2026-06-16,V3_TOP5,UP,COROMANDEL.NS,0.9125,1.0,HIGH,-1.1555,-2.1605,0,0,OOS
2026-06-16,V3_TOP5,UP,CHOLAFIN.NS,0.9077,1.0,HIGH,-0.0714,0.7736,0,0,OOS
2026-06-16,V3_TOP5,UP,ASHOKLEY.NS,0.8805,0.75,HIGH,0.6751,-1.1609,1,0,OOS
2026-06-16,V3_TOP5,UP,MGL.NS,0.88,1.0,HIGH,1.9652,1.9737,1,0,OOS
2026-06-16,RAND_TOP5,UP,ASHOKLEY.NS,0.8805,0.75,HIGH,0.6751,-1.1609,1,0,OOS
2026-06-16,RAND_TOP5,UP,PRESTIGE.NS,0.9315,1.0,HIGH,0.0263,-1.5647,1,0,OOS
2026-06-16,RAND_TOP5,UP,GNFC.NS,0.8346,1.0,HIGH,4.328,5.895,1,1,OOS
2026-06-16,RAND_TOP5,UP,DLF.NS,0.8442,1.0,HIGH,-0.9137,-0.7628,0,0,OOS
2026-06-16,RAND_TOP5,UP,CENTUM.NS,0.7786,0.75,HIGH,-0.3611,-2.4478,0,0,OOS
2026-06-17,KNOW_TOP5,UP,GNFC.NS,0.872,1.0,HIGH,0.599,3.9785,1,0,OOS
2026-06-17,KNOW_TOP5,UP,YESBANK.NS,0.8636,1.0,HIGH,1.4735,-0.5974,1,0,OOS
2026-06-17,KNOW_TOP5,UP,SUZLON.NS,0.8608,1.0,HIGH,-1.4004,0.0675,0,0,OOS
2026-06-17,KNOW_TOP5,UP,OLECTRA.NS,0.8553,1.0,HIGH,6.768,12.4216,1,1,OOS
2026-06-17,KNOW_TOP5,UP,BDL.NS,0.8533,1.0,HIGH,0.1527,7.3981,1,0,OOS
2026-06-17,V3_TOP5,UP,PRESTIGE.NS,0.8947,0.875,HIGH,0.4075,-0.5915,1,0,OOS
2026-06-17,V3_TOP5,UP,GNFC.NS,0.872,1.0,HIGH,0.599,3.9785,1,0,OOS
2026-06-17,V3_TOP5,UP,PARAS.NS,0.8691,0.625,HIGH,1.9173,7.2493,1,0,OOS
2026-06-17,V3_TOP5,UP,YESBANK.NS,0.8636,1.0,HIGH,1.4735,-0.5974,1,0,OOS
2026-06-17,V3_TOP5,UP,SUZLON.NS,0.8608,1.0,HIGH,-1.4004,0.0675,0,0,OOS
2026-06-17,RAND_TOP5,UP,YESBANK.NS,0.8636,1.0,HIGH,1.4735,-0.5974,1,0,OOS
2026-06-17,RAND_TOP5,UP,PRESTIGE.NS,0.8947,0.875,HIGH,0.4075,-0.5915,1,0,OOS
2026-06-17,RAND_TOP5,UP,MGL.NS,0.8462,1.0,HIGH,0.1489,3.0275,1,0,OOS
2026-06-17,RAND_TOP5,UP,APOLLOTYRE.NS,0.8486,1.0,HIGH,-0.3724,-0.3375,0,0,OOS
2026-06-17,RAND_TOP5,UP,COCHINSHIP.NS,0.8163,1.0,HIGH,-2.0397,-1.5865,0,0,OOS
2026-06-18,KNOW_TOP5,UP,OLECTRA.NS,0.9687,1.0,HIGH,5.0947,3.7951,1,1,OOS
2026-06-18,KNOW_TOP5,UP,DATAPATTNS.NS,0.9175,1.0,HIGH,0.4165,0.6018,1,0,OOS
2026-06-18,KNOW_TOP5,UP,GALAXYSURF.NS,0.8781,1.0,HIGH,1.6618,1.0452,1,0,OOS
2026-06-18,KNOW_TOP5,UP,PRESTIGE.NS,0.9026,0.875,HIGH,-1.9899,-0.9819,0,0,OOS
2026-06-18,KNOW_TOP5,UP,GRSE.NS,0.8447,0.875,HIGH,-0.9557,-0.8176,0,0,OOS
2026-06-18,V3_TOP5,UP,PARAS.NS,0.9913,0.75,HIGH,7.5059,1.7324,1,1,OOS
2026-06-18,V3_TOP5,UP,RAJESHEXPO.NS,0.9791,0.75,HIGH,4.9962,15.7424,1,1,OOS
2026-06-18,V3_TOP5,UP,OLECTRA.NS,0.9687,1.0,HIGH,5.0947,3.7951,1,1,OOS
2026-06-18,V3_TOP5,UP,BATAINDIA.NS,0.9365,0.75,HIGH,-5.3424,-7.1148,0,0,OOS
2026-06-18,V3_TOP5,UP,DATAPATTNS.NS,0.9175,1.0,HIGH,0.4165,0.6018,1,0,OOS
2026-06-18,RAND_TOP5,UP,BATAINDIA.NS,0.9365,0.75,HIGH,-5.3424,-7.1148,0,0,OOS
2026-06-18,RAND_TOP5,UP,PARAS.NS,0.9913,0.75,HIGH,7.5059,1.7324,1,1,OOS
2026-06-18,RAND_TOP5,UP,YESBANK.NS,0.8755,0.75,HIGH,-0.2747,-3.6499,0,0,OOS
2026-06-18,RAND_TOP5,UP,GALAXYSURF.NS,0.8781,1.0,HIGH,1.6618,1.0452,1,0,OOS
2026-06-18,RAND_TOP5,UP,ONMOBILE.NS,0.8091,0.875,HIGH,-0.737,-0.8692,0,0,OOS
2026-06-19,KNOW_TOP5,UP,GALAXYSURF.NS,0.8923,1.0,HIGH,0.5757,3.0482,1,0,OOS
2026-06-19,KNOW_TOP5,UP,BDL.NS,0.855,1.0,HIGH,2.4246,0.7354,1,1,OOS
2026-06-19,KNOW_TOP5,UP,SUZLON.NS,0.8175,1.0,HIGH,0.1858,-2.1791,1,0,OOS
2026-06-19,KNOW_TOP5,UP,RATNAMANI.NS,0.8148,1.0,HIGH,-0.6749,-0.6243,0,0,OOS
2026-06-19,KNOW_TOP5,UP,SOLARINDS.NS,0.8019,1.0,HIGH,2.1549,-1.0414,1,1,OOS
2026-06-19,V3_TOP5,UP,PARAS.NS,0.9888,0.75,HIGH,-2.1155,-8.533,0,0,OOS
2026-06-19,V3_TOP5,UP,OLECTRA.NS,0.9754,0.875,HIGH,0.1908,-1.8549,1,0,OOS
2026-06-19,V3_TOP5,UP,BATAINDIA.NS,0.9323,0.875,HIGH,-2.2335,-4.3734,0,0,OOS
2026-06-19,V3_TOP5,UP,COFORGE.NS,0.9038,0.625,HIGH,1.4078,2.3645,1,0,OOS
2026-06-19,V3_TOP5,UP,CRAFTSMAN.NS,0.8952,0.75,HIGH,-2.9011,-4.3033,0,0,OOS
2026-06-19,RAND_TOP5,UP,COFORGE.NS,0.9038,0.625,HIGH,1.4078,2.3645,1,0,OOS
2026-06-19,RAND_TOP5,UP,PARAS.NS,0.9888,0.75,HIGH,-2.1155,-8.533,0,0,OOS
2026-06-19,RAND_TOP5,UP,FINEORG.NS,0.8746,0.75,HIGH,-1.5532,-0.2876,0,0,OOS
2026-06-19,RAND_TOP5,UP,STLTECH.NS,0.8797,0.625,HIGH,-4.6458,-10.7282,0,0,OOS
2026-06-19,RAND_TOP5,UP,RAJESHEXPO.NS,0.8141,0.75,HIGH,4.9944,4.7277,1,1,OOS
2026-06-22,KNOW_TOP5,UP,ZYDUSWELL.NS,0.9205,1.0,HIGH,-1.1835,-3.4386,0,0,OOS
2026-06-22,KNOW_TOP5,UP,GRSE.NS,0.8703,1.0,HIGH,-2.0415,-4.7473,0,0,OOS
2026-06-22,KNOW_TOP5,UP,BDL.NS,0.8483,1.0,HIGH,-1.1445,-2.7227,0,0,OOS
2026-06-22,KNOW_TOP5,UP,NOCIL.NS,0.9582,0.875,HIGH,-0.8018,-4.6955,0,0,OOS
2026-06-22,KNOW_TOP5,UP,GNFC.NS,0.9345,0.875,HIGH,-3.7403,-5.9587,0,0,OOS
2026-06-22,V3_TOP5,UP,NOCIL.NS,0.9582,0.875,HIGH,-0.8018,-4.6955,0,0,OOS
2026-06-22,V3_TOP5,UP,GNFC.NS,0.9345,0.875,HIGH,-3.7403,-5.9587,0,0,OOS
2026-06-22,V3_TOP5,UP,OLECTRA.NS,0.9222,0.5,MEDIUM,-1.4246,-1.9564,0,0,OOS
2026-06-22,V3_TOP5,UP,ZYDUSWELL.NS,0.9205,1.0,HIGH,-1.1835,-3.4386,0,0,OOS
2026-06-22,V3_TOP5,UP,TATACOMM.NS,0.9128,0.875,HIGH,-1.8674,-3.3856,0,0,OOS
2026-06-22,RAND_TOP5,UP,ZYDUSWELL.NS,0.9205,1.0,HIGH,-1.1835,-3.4386,0,0,OOS
2026-06-22,RAND_TOP5,UP,NOCIL.NS,0.9582,0.875,HIGH,-0.8018,-4.6955,0,0,OOS
2026-06-22,RAND_TOP5,UP,GRSE.NS,0.8703,1.0,HIGH,-2.0415,-4.7473,0,0,OOS
2026-06-22,RAND_TOP5,UP,RAJESHEXPO.NS,0.8795,0.875,HIGH,4.9912,-5.2354,1,1,OOS
2026-06-22,RAND_TOP5,UP,POLICYBZR.NS,0.7983,0.875,HIGH,-2.7804,-3.2119,0,0,OOS
2026-06-23,KNOW_TOP5,UP,NOCIL.NS,0.9722,1.0,HIGH,-3.1433,-3.9252,0,0,OOS
2026-06-23,KNOW_TOP5,UP,BASF.NS,0.9171,1.0,HIGH,0.3497,-2.4935,1,0,OOS
2026-06-23,KNOW_TOP5,UP,COCHINSHIP.NS,0.8348,1.0,HIGH,0.2359,-1.6986,1,0,OOS
2026-06-23,KNOW_TOP5,UP,AUROPHARMA.NS,0.8176,1.0,HIGH,-0.2346,1.3688,0,0,OOS
2026-06-23,KNOW_TOP5,UP,ERIS.NS,0.7961,1.0,HIGH,0.3696,-0.1369,1,0,OOS
2026-06-23,V3_TOP5,UP,NOCIL.NS,0.9722,1.0,HIGH,-3.1433,-3.9252,0,0,OOS
2026-06-23,V3_TOP5,UP,BASF.NS,0.9171,1.0,HIGH,0.3497,-2.4935,1,0,OOS
2026-06-23,V3_TOP5,UP,ZYDUSWELL.NS,0.8681,0.875,HIGH,-0.877,-2.2822,0,0,OOS
2026-06-23,V3_TOP5,UP,BDL.NS,0.856,0.875,HIGH,-0.5106,-1.5964,0,0,OOS
2026-06-23,V3_TOP5,UP,LAURUSLABS.NS,0.8553,0.875,HIGH,-1.8096,-2.0932,0,0,OOS
2026-06-23,RAND_TOP5,UP,BDL.NS,0.856,0.875,HIGH,-0.5106,-1.5964,0,0,OOS
2026-06-23,RAND_TOP5,UP,NOCIL.NS,0.9722,1.0,HIGH,-3.1433,-3.9252,0,0,OOS
2026-06-23,RAND_TOP5,UP,SOLARINDS.NS,0.8285,0.75,HIGH,-1.9916,-4.3836,0,0,OOS
2026-06-23,RAND_TOP5,UP,DATAPATTNS.NS,0.8287,0.875,HIGH,-4.3656,-6.715,0,0,OOS
2026-06-23,RAND_TOP5,UP,ERIS.NS,0.7961,1.0,HIGH,0.3696,-0.1369,1,0,OOS
2026-06-24,KNOW_TOP5,UP,TATACOMM.NS,0.9466,1.0,HIGH,-1.8043,-1.7303,0,0,OOS
2026-06-24,KNOW_TOP5,UP,OFSS.NS,0.9063,1.0,HIGH,4.8335,3.8783,1,1,OOS
2026-06-24,KNOW_TOP5,UP,ONMOBILE.NS,0.8937,1.0,HIGH,1.9468,7.5549,1,0,OOS
2026-06-24,KNOW_TOP5,UP,BASF.NS,0.858,1.0,HIGH,-2.8333,-3.2589,0,0,OOS
2026-06-24,KNOW_TOP5,UP,EXIDEIND.NS,0.7331,1.0,HIGH,-2.428,-3.2416,0,0,OOS
2026-06-24,V3_TOP5,UP,TATACOMM.NS,0.9466,1.0,HIGH,-1.8043,-1.7303,0,0,OOS
2026-06-24,V3_TOP5,UP,GALAXYSURF.NS,0.9208,0.625,HIGH,0.3891,-1.5763,1,0,OOS
2026-06-24,V3_TOP5,UP,OFSS.NS,0.9063,1.0,HIGH,4.8335,3.8783,1,1,OOS
2026-06-24,V3_TOP5,UP,ONMOBILE.NS,0.8937,1.0,HIGH,1.9468,7.5549,1,0,OOS
2026-06-24,V3_TOP5,UP,NOCIL.NS,0.8802,0.75,HIGH,-0.8072,-0.4254,0,0,OOS
2026-06-24,RAND_TOP5,UP,ONMOBILE.NS,0.8937,1.0,HIGH,1.9468,7.5549,1,0,OOS
2026-06-24,RAND_TOP5,UP,TATACOMM.NS,0.9466,1.0,HIGH,-1.8043,-1.7303,0,0,OOS
2026-06-24,RAND_TOP5,UP,OLECTRA.NS,0.8425,0.5,MEDIUM,0.0871,-1.2064,1,0,OOS
2026-06-24,RAND_TOP5,UP,FINEORG.NS,0.8565,0.625,HIGH,-0.6546,1.2048,0,0,OOS
2026-06-24,RAND_TOP5,UP,CHOLAFIN.NS,0.742,0.625,HIGH,0.3514,-1.0542,1,0,OOS
2026-06-25,KNOW_TOP5,UP,M&MFIN.NS,0.9058,1.0,HIGH,0.0,-3.8807,0,0,OOS
2026-06-25,KNOW_TOP5,UP,MOTHERSON.NS,0.8624,1.0,HIGH,0.0,-2.3729,0,0,OOS
2026-06-25,KNOW_TOP5,UP,WELCORP.NS,0.8624,1.0,HIGH,0.0,4.5907,0,0,OOS
2026-06-25,KNOW_TOP5,UP,TATACHEM.NS,0.8255,1.0,HIGH,0.0,-4.0539,0,0,OOS
2026-06-25,KNOW_TOP5,UP,AUROPHARMA.NS,0.7852,1.0,HIGH,0.0,1.5111,0,0,OOS
2026-06-25,V3_TOP5,UP,OFSS.NS,0.9192,0.75,HIGH,0.0,-1.8133,0,0,OOS
2026-06-25,V3_TOP5,UP,ONMOBILE.NS,0.9092,0.625,HIGH,0.0,7.6559,0,0,OOS
2026-06-25,V3_TOP5,UP,M&MFIN.NS,0.9058,1.0,HIGH,0.0,-3.8807,0,0,OOS
2026-06-25,V3_TOP5,UP,MOTHERSON.NS,0.8624,1.0,HIGH,0.0,-2.3729,0,0,OOS
2026-06-25,V3_TOP5,UP,WELCORP.NS,0.8624,1.0,HIGH,0.0,4.5907,0,0,OOS
2026-06-25,RAND_TOP5,UP,MOTHERSON.NS,0.8624,1.0,HIGH,0.0,-2.3729,0,0,OOS
2026-06-25,RAND_TOP5,UP,OFSS.NS,0.9192,0.75,HIGH,0.0,-1.8133,0,0,OOS
2026-06-25,RAND_TOP5,UP,NOCIL.NS,0.8029,0.5,MEDIUM,0.0,-1.1272,0,0,OOS
2026-06-25,RAND_TOP5,UP,SUNDRMFAST.NS,0.8136,0.75,HIGH,0.0,0.5544,0,0,OOS
2026-06-25,RAND_TOP5,UP,LAURUSLABS.NS,0.7515,0.875,HIGH,0.0,4.6483,0,0,OOS
2026-06-29,KNOW_TOP5,UP,AJANTPHARM.NS,0.8935,1.0,HIGH,1.1376,-1.1495,1,0,OOS
2026-06-29,KNOW_TOP5,UP,LAURUSLABS.NS,0.8522,1.0,HIGH,1.1398,1.8463,1,0,OOS
2026-06-29,KNOW_TOP5,UP,SHRIRAMFIN.NS,0.799,1.0,HIGH,0.92,3.2973,1,0,OOS
2026-06-29,KNOW_TOP5,UP,TORNTPHARM.NS,0.7913,1.0,HIGH,-0.8051,0.0816,0,0,OOS
2026-06-29,KNOW_TOP5,UP,LICHSGFIN.NS,0.7397,1.0,HIGH,0.5796,-1.3999,1,0,OOS
2026-06-29,V3_TOP5,UP,ONMOBILE.NS,0.9555,0.75,HIGH,2.0425,28.9937,1,1,OOS
2026-06-29,V3_TOP5,UP,M&MFIN.NS,0.9428,0.875,HIGH,0.1268,0.8244,1,0,OOS
2026-06-29,V3_TOP5,UP,ZYDUSWELL.NS,0.9195,0.75,HIGH,1.0449,4.3902,1,0,OOS
2026-06-29,V3_TOP5,UP,AJANTPHARM.NS,0.8935,1.0,HIGH,1.1376,-1.1495,1,0,OOS
2026-06-29,V3_TOP5,UP,WELCORP.NS,0.8661,0.875,HIGH,0.7347,-0.7943,1,0,OOS
2026-06-29,RAND_TOP5,UP,AJANTPHARM.NS,0.8935,1.0,HIGH,1.1376,-1.1495,1,0,OOS
2026-06-29,RAND_TOP5,UP,ONMOBILE.NS,0.9555,0.75,HIGH,2.0425,28.9937,1,1,OOS
2026-06-29,RAND_TOP5,UP,BHARATFORG.NS,0.8207,0.625,HIGH,-1.2345,-1.0134,0,0,OOS
2026-06-29,RAND_TOP5,UP,OFSS.NS,0.8341,0.875,HIGH,-0.9104,1.0253,0,0,OOS
2026-06-29,RAND_TOP5,UP,ASHOKLEY.NS,0.7627,0.875,HIGH,0.2161,4.6835,1,0,OOS
2026-06-30,KNOW_TOP5,UP,CENTUM.NS,0.874,1.0,HIGH,-1.7759,-4.149,0,0,OOS
2026-06-30,KNOW_TOP5,UP,MARUTI.NS,0.8103,1.0,HIGH,1.9837,1.7783,1,0,OOS
2026-06-30,KNOW_TOP5,UP,GODREJPROP.NS,0.7873,1.0,HIGH,4.9823,6.9538,1,1,OOS
2026-06-30,KNOW_TOP5,UP,COROMANDEL.NS,0.77,1.0,HIGH,-0.5885,1.4613,0,0,OOS
2026-06-30,KNOW_TOP5,UP,RATEGAIN.NS,0.9151,0.875,HIGH,0.4226,4.66,1,0,OOS
2026-06-30,V3_TOP5,UP,ONMOBILE.NS,0.9637,0.75,HIGH,5.3539,30.236,1,1,OOS
2026-06-30,V3_TOP5,UP,ZYDUSWELL.NS,0.9293,0.75,HIGH,-1.1992,3.9798,0,0,OOS
2026-06-30,V3_TOP5,UP,RATEGAIN.NS,0.9151,0.875,HIGH,0.4226,4.66,1,0,OOS
2026-06-30,V3_TOP5,UP,CENTUM.NS,0.874,1.0,HIGH,-1.7759,-4.149,0,0,OOS
2026-06-30,V3_TOP5,UP,M&MFIN.NS,0.818,0.625,HIGH,-0.2058,5.779,0,0,OOS
2026-06-30,RAND_TOP5,UP,CENTUM.NS,0.874,1.0,HIGH,-1.7759,-4.149,0,0,OOS
2026-06-30,RAND_TOP5,UP,ONMOBILE.NS,0.9637,0.75,HIGH,5.3539,30.236,1,1,OOS
2026-06-30,RAND_TOP5,UP,KALYANKJIL.NS,0.7995,0.875,HIGH,-1.4611,-1.2025,0,0,OOS
2026-06-30,RAND_TOP5,UP,AJANTPHARM.NS,0.806,0.75,HIGH,-2.1971,-2.8165,0,0,OOS
2026-06-30,RAND_TOP5,UP,GRANULES.NS,0.7589,0.875,HIGH,-0.2275,2.5269,0,0,OOS
2026-07-01,KNOW_TOP5,UP,BEML.NS,0.8865,1.0,HIGH,2.2621,1.6158,1,1,OOS
2026-07-01,KNOW_TOP5,UP,ASHOKLEY.NS,0.8783,1.0,HIGH,1.4847,2.3411,1,0,OOS
2026-07-01,KNOW_TOP5,UP,DLF.NS,0.8459,1.0,HIGH,1.4645,3.7922,1,0,OOS
2026-07-01,KNOW_TOP5,UP,MARUTI.NS,0.837,1.0,HIGH,-0.3265,0.4238,0,0,OOS
2026-07-01,KNOW_TOP5,UP,NESTLEIND.NS,0.7717,1.0,HIGH,-0.5228,1.3688,0,0,OOS
2026-07-01,V3_TOP5,UP,ONMOBILE.NS,0.972,0.75,HIGH,19.9876,16.7439,1,1,OOS
2026-07-01,V3_TOP5,UP,RATEGAIN.NS,0.9217,0.875,HIGH,4.6791,4.5517,1,1,OOS
2026-07-01,V3_TOP5,UP,BEML.NS,0.8865,1.0,HIGH,2.2621,1.6158,1,1,OOS
2026-07-01,V3_TOP5,UP,PRESTIGE.NS,0.8807,0.875,HIGH,3.0025,4.8114,1,1,OOS
2026-07-01,V3_TOP5,UP,ASHOKLEY.NS,0.8783,1.0,HIGH,1.4847,2.3411,1,0,OOS
2026-07-01,RAND_TOP5,UP,PRESTIGE.NS,0.8807,0.875,HIGH,3.0025,4.8114,1,1,OOS
2026-07-01,RAND_TOP5,UP,ONMOBILE.NS,0.972,0.75,HIGH,19.9876,16.7439,1,1,OOS
2026-07-01,RAND_TOP5,UP,PAGEIND.NS,0.8275,0.75,HIGH,-1.6625,-2.5224,0,0,OOS
2026-07-01,RAND_TOP5,UP,MARUTI.NS,0.837,1.0,HIGH,-0.3265,0.4238,0,0,OOS
2026-07-01,RAND_TOP5,UP,COLPAL.NS,0.7539,1.0,HIGH,-0.5019,0.3716,0,0,OOS
2026-07-02,KNOW_TOP5,UP,MAPMYINDIA.NS,0.9786,1.0,HIGH,2.6248,4.5278,1,1,OOS
2026-07-02,KNOW_TOP5,UP,GRANULES.NS,0.8867,1.0,HIGH,0.981,4.584,1,0,OOS
2026-07-02,KNOW_TOP5,UP,BEML.NS,0.8777,1.0,HIGH,-0.1232,-1.8425,0,0,OOS
2026-07-02,KNOW_TOP5,UP,EXIDEIND.NS,0.8665,1.0,HIGH,-0.6558,-1.1566,0,0,OOS
2026-07-02,KNOW_TOP5,UP,NAUKRI.NS,0.8456,1.0,HIGH,0.8283,12.9903,1,0,OOS
2026-07-02,V3_TOP5,UP,ONMOBILE.NS,0.9893,0.75,HIGH,3.0252,-5.484,1,1,OOS
2026-07-02,V3_TOP5,UP,MAPMYINDIA.NS,0.9786,1.0,HIGH,2.6248,4.5278,1,1,OOS
2026-07-02,V3_TOP5,UP,RATEGAIN.NS,0.9595,0.75,HIGH,-0.4391,0.3491,0,0,OOS
2026-07-02,V3_TOP5,UP,ZYDUSWELL.NS,0.9534,0.75,HIGH,0.6477,-3.1289,1,0,OOS
2026-07-02,V3_TOP5,UP,ZENSARTECH.NS,0.9238,0.875,HIGH,10.4312,0.0749,1,1,OOS
2026-07-02,RAND_TOP5,UP,ZYDUSWELL.NS,0.9534,0.75,HIGH,0.6477,-3.1289,1,0,OOS
2026-07-02,RAND_TOP5,UP,ONMOBILE.NS,0.9893,0.75,HIGH,3.0252,-5.484,1,1,OOS
2026-07-02,RAND_TOP5,UP,EXIDEIND.NS,0.8665,1.0,HIGH,-0.6558,-1.1566,0,0,OOS
2026-07-02,RAND_TOP5,UP,BEML.NS,0.8777,1.0,HIGH,-0.1232,-1.8425,0,0,OOS
2026-07-02,RAND_TOP5,UP,IDEAFORGE.NS,0.768,0.625,HIGH,-3.0045,-0.7792,0,0,OOS
2026-07-03,KNOW_TOP5,UP,ZENSARTECH.NS,0.9742,1.0,HIGH,-7.392,-12.5945,0,0,OOS
2026-07-03,KNOW_TOP5,UP,MAPMYINDIA.NS,0.9563,1.0,HIGH,0.9272,-0.7353,1,0,OOS
2026-07-03,KNOW_TOP5,UP,INTELLECT.NS,0.8763,1.0,HIGH,-2.2427,-4.7268,0,0,OOS
2026-07-03,KNOW_TOP5,UP,ROUTE.NS,0.8737,1.0,HIGH,-0.7227,-3.5956,0,0,OOS
2026-07-03,KNOW_TOP5,UP,HCLTECH.NS,0.8527,1.0,HIGH,-0.4214,0.5795,0,0,OOS
2026-07-03,V3_TOP5,UP,ONMOBILE.NS,0.992,0.75,HIGH,-5.5604,-12.8452,0,0,OOS
2026-07-03,V3_TOP5,UP,ZENSARTECH.NS,0.9742,1.0,HIGH,-7.392,-12.5945,0,0,OOS
2026-07-03,V3_TOP5,UP,MAPMYINDIA.NS,0.9563,1.0,HIGH,0.9272,-0.7353,1,0,OOS
2026-07-03,V3_TOP5,UP,RATEGAIN.NS,0.9058,0.5,MEDIUM,0.3188,-2.5716,1,0,OOS
2026-07-03,V3_TOP5,UP,INTELLECT.NS,0.8763,1.0,HIGH,-2.2427,-4.7268,0,0,OOS
2026-07-03,RAND_TOP5,UP,RATEGAIN.NS,0.9058,0.5,MEDIUM,0.3188,-2.5716,1,0,OOS
2026-07-03,RAND_TOP5,UP,ONMOBILE.NS,0.992,0.75,HIGH,-5.5604,-12.8452,0,0,OOS
2026-07-03,RAND_TOP5,UP,HCLTECH.NS,0.8527,1.0,HIGH,-0.4214,0.5795,0,0,OOS
2026-07-03,RAND_TOP5,UP,NATIONALUM.NS,0.8582,0.625,HIGH,0.9925,0.6185,1,0,OOS
2026-07-03,RAND_TOP5,UP,SOLARINDS.NS,0.8019,0.625,HIGH,0.135,-2.9329,1,0,OOS
2026-07-06,KNOW_TOP5,UP,MAPMYINDIA.NS,0.9435,1.0,HIGH,0.9186,12.8979,1,0,OOS
2026-07-06,KNOW_TOP5,UP,MANAPPURAM.NS,0.9217,1.0,HIGH,-1.1557,-3.9439,0,0,OOS
2026-07-06,KNOW_TOP5,UP,ADANIENSOL.NS,0.906,1.0,HIGH,1.7377,-0.265,1,0,OOS
2026-07-06,KNOW_TOP5,UP,SUDARSCHEM.NS,0.8623,1.0,HIGH,-0.5008,1.4431,0,0,OOS
2026-07-06,KNOW_TOP5,UP,BDL.NS,0.8565,1.0,HIGH,-0.9861,-5.9095,0,0,OOS
2026-07-06,V3_TOP5,UP,ONMOBILE.NS,0.957,0.625,HIGH,-2.8579,-10.6377,0,0,OOS
2026-07-06,V3_TOP5,UP,MAPMYINDIA.NS,0.9435,1.0,HIGH,0.9186,12.8979,1,0,OOS
2026-07-06,V3_TOP5,UP,ZENSARTECH.NS,0.9399,0.875,HIGH,-2.1446,-6.3919,0,0,OOS
2026-07-06,V3_TOP5,UP,PARAS.NS,0.9353,0.875,HIGH,-4.7041,-10.424,0,0,OOS
2026-07-06,V3_TOP5,UP,MANAPPURAM.NS,0.9217,1.0,HIGH,-1.1557,-3.9439,0,0,OOS
2026-07-06,RAND_TOP5,UP,PARAS.NS,0.9353,0.875,HIGH,-4.7041,-10.424,0,0,OOS
2026-07-06,RAND_TOP5,UP,ONMOBILE.NS,0.957,0.625,HIGH,-2.8579,-10.6377,0,0,OOS
2026-07-06,RAND_TOP5,UP,BDL.NS,0.8565,1.0,HIGH,-0.9861,-5.9095,0,0,OOS
2026-07-06,RAND_TOP5,UP,SUDARSCHEM.NS,0.8623,1.0,HIGH,-0.5008,1.4431,0,0,OOS
2026-07-06,RAND_TOP5,UP,INDUSINDBK.NS,0.8164,1.0,HIGH,1.2329,0.5298,1,0,OOS
2026-07-07,KNOW_TOP5,UP,PERSISTENT.NS,0.9336,1.0,HIGH,-2.3604,3.4618,0,0,OOS
2026-07-07,KNOW_TOP5,UP,MPHASIS.NS,0.9229,1.0,HIGH,-5.5883,-2.2193,0,0,OOS
2026-07-07,KNOW_TOP5,UP,ADANIENSOL.NS,0.9099,1.0,HIGH,0.2726,0.1817,1,0,OOS
2026-07-07,KNOW_TOP5,UP,INTELLECT.NS,0.9031,1.0,HIGH,-3.8656,-2.7181,0,0,OOS
2026-07-07,KNOW_TOP5,UP,HCLTECH.NS,0.8821,1.0,HIGH,-1.9346,-0.351,0,0,OOS
2026-07-07,V3_TOP5,UP,NAUKRI.NS,0.9587,0.75,HIGH,1.6861,3.8467,1,0,OOS
2026-07-07,V3_TOP5,UP,PERSISTENT.NS,0.9336,1.0,HIGH,-2.3604,3.4618,0,0,OOS
2026-07-07,V3_TOP5,UP,MPHASIS.NS,0.9229,1.0,HIGH,-5.5883,-2.2193,0,0,OOS
2026-07-07,V3_TOP5,UP,ADANIENSOL.NS,0.9099,1.0,HIGH,0.2726,0.1817,1,0,OOS
2026-07-07,V3_TOP5,UP,INTELLECT.NS,0.9031,1.0,HIGH,-3.8656,-2.7181,0,0,OOS
2026-07-07,RAND_TOP5,UP,ADANIENSOL.NS,0.9099,1.0,HIGH,0.2726,0.1817,1,0,OOS
2026-07-07,RAND_TOP5,UP,NAUKRI.NS,0.9587,0.75,HIGH,1.6861,3.8467,1,0,OOS
2026-07-07,RAND_TOP5,UP,RAJESHEXPO.NS,0.8592,0.75,HIGH,-4.4201,-3.9381,0,0,OOS
2026-07-07,RAND_TOP5,UP,MAPMYINDIA.NS,0.8749,0.75,HIGH,-2.5425,13.3508,0,0,OOS
2026-07-07,RAND_TOP5,UP,PNBHOUSING.NS,0.8002,1.0,HIGH,-3.3793,0.0811,0,0,OOS
2026-07-08,KNOW_TOP5,UP,ALKYLAMINE.NS,0.925,1.0,HIGH,5.4489,2.6921,1,1,OOS
2026-07-08,KNOW_TOP5,UP,ADANIENSOL.NS,0.9019,1.0,HIGH,-2.235,-0.6584,0,0,OOS
2026-07-08,KNOW_TOP5,UP,EXIDEIND.NS,0.8801,1.0,HIGH,0.9137,0.4865,1,0,OOS
2026-07-08,KNOW_TOP5,UP,SOBHA.NS,0.7961,1.0,HIGH,1.2817,4.5755,1,0,OOS
2026-07-08,KNOW_TOP5,UP,M&MFIN.NS,0.8782,0.875,HIGH,1.5378,0.3166,1,0,OOS
2026-07-08,V3_TOP5,UP,NAUKRI.NS,0.9546,0.75,HIGH,1.9381,1.0221,1,0,OOS
2026-07-08,V3_TOP5,UP,ALKYLAMINE.NS,0.925,1.0,HIGH,5.4489,2.6921,1,1,OOS
2026-07-08,V3_TOP5,UP,JINDALPOLY.NS,0.9056,0.75,HIGH,4.9958,5.533,1,1,OOS
2026-07-08,V3_TOP5,UP,ADANIENSOL.NS,0.9019,1.0,HIGH,-2.235,-0.6584,0,0,OOS
2026-07-08,V3_TOP5,UP,EXIDEIND.NS,0.8801,1.0,HIGH,0.9137,0.4865,1,0,OOS
2026-07-08,RAND_TOP5,UP,ADANIENSOL.NS,0.9019,1.0,HIGH,-2.235,-0.6584,0,0,OOS
2026-07-08,RAND_TOP5,UP,NAUKRI.NS,0.9546,0.75,HIGH,1.9381,1.0221,1,0,OOS
2026-07-08,RAND_TOP5,UP,INFY.NS,0.8485,0.625,HIGH,-1.7301,3.1142,0,0,OOS
2026-07-08,RAND_TOP5,UP,MPHASIS.NS,0.8682,0.5,MEDIUM,0.8653,6.6238,1,0,OOS
2026-07-08,RAND_TOP5,UP,MANAPPURAM.NS,0.8078,0.75,HIGH,-0.0301,-0.2406,0,0,OOS
2026-07-09,KNOW_TOP5,UP,ALKYLAMINE.NS,0.9517,1.0,HIGH,0.0716,-4.4255,1,0,OOS
2026-07-09,KNOW_TOP5,UP,WELCORP.NS,0.9368,1.0,HIGH,0.668,5.0877,1,0,OOS
2026-07-09,KNOW_TOP5,UP,SUDARSCHEM.NS,0.8802,1.0,HIGH,6.0831,13.1907,1,1,OOS
2026-07-09,KNOW_TOP5,UP,JYOTHYLAB.NS,0.828,1.0,HIGH,-0.5455,-0.8431,0,0,OOS
2026-07-09,KNOW_TOP5,UP,KALYANKJIL.NS,0.9824,0.875,HIGH,7.4831,19.5824,1,1,OOS
2026-07-09,V3_TOP5,UP,KALYANKJIL.NS,0.9824,0.875,HIGH,7.4831,19.5824,1,1,OOS
2026-07-09,V3_TOP5,UP,MAPMYINDIA.NS,0.9822,0.75,HIGH,1.3234,10.26,1,0,OOS
2026-07-09,V3_TOP5,UP,ALKYLAMINE.NS,0.9517,1.0,HIGH,0.0716,-4.4255,1,0,OOS
2026-07-09,V3_TOP5,UP,JINDALPOLY.NS,0.9405,0.875,HIGH,4.9993,-1.7103,1,1,OOS
2026-07-09,V3_TOP5,UP,NAUKRI.NS,0.9405,0.75,HIGH,0.1831,-1.1566,1,0,OOS
2026-07-09,RAND_TOP5,UP,JINDALPOLY.NS,0.9405,0.875,HIGH,4.9993,-1.7103,1,1,OOS
2026-07-09,RAND_TOP5,UP,KALYANKJIL.NS,0.9824,0.875,HIGH,7.4831,19.5824,1,1,OOS
2026-07-09,RAND_TOP5,UP,JYOTHYLAB.NS,0.828,1.0,HIGH,-0.5455,-0.8431,0,0,OOS
2026-07-09,RAND_TOP5,UP,SUDARSCHEM.NS,0.8802,1.0,HIGH,6.0831,13.1907,1,1,OOS
2026-07-09,RAND_TOP5,UP,AMBER.NS,0.7698,0.625,HIGH,2.3485,2.4472,1,1,OOS
2026-07-10,KNOW_TOP5,UP,IDEAFORGE.NS,0.9542,1.0,HIGH,0.7494,-2.5534,1,0,OOS
2026-07-10,KNOW_TOP5,UP,MRPL.NS,0.9298,1.0,HIGH,1.3847,-3.0894,1,0,OOS
2026-07-10,KNOW_TOP5,UP,SOBHA.NS,0.8436,1.0,HIGH,0.4169,-1.4028,1,0,OOS
2026-07-10,KNOW_TOP5,UP,RBLBANK.NS,0.83,1.0,HIGH,-0.0131,-2.0623,0,0,OOS
2026-07-10,KNOW_TOP5,UP,WELCORP.NS,0.9254,0.875,HIGH,0.4527,4.1858,1,0,OOS
2026-07-10,V3_TOP5,UP,KALYANKJIL.NS,0.9874,0.75,HIGH,7.2456,15.1108,1,1,OOS
2026-07-10,V3_TOP5,UP,IDEAFORGE.NS,0.9542,1.0,HIGH,0.7494,-2.5534,1,0,OOS
2026-07-10,V3_TOP5,UP,MAPMYINDIA.NS,0.9485,0.625,HIGH,9.3737,8.5337,1,1,OOS
2026-07-10,V3_TOP5,UP,SUDARSCHEM.NS,0.9367,0.75,HIGH,3.8829,7.0303,1,1,OOS
2026-07-10,V3_TOP5,UP,MRPL.NS,0.9298,1.0,HIGH,1.3847,-3.0894,1,0,OOS
2026-07-10,RAND_TOP5,UP,SUDARSCHEM.NS,0.9367,0.75,HIGH,3.8829,7.0303,1,1,OOS
2026-07-10,RAND_TOP5,UP,KALYANKJIL.NS,0.9874,0.75,HIGH,7.2456,15.1108,1,1,OOS
2026-07-10,RAND_TOP5,UP,JINDALPOLY.NS,0.8606,0.875,HIGH,-4.274,-5.9446,0,0,OOS
2026-07-10,RAND_TOP5,UP,PERSISTENT.NS,0.9108,0.875,HIGH,2.7405,0.4333,1,1,OOS
2026-07-10,RAND_TOP5,UP,GODREJPROP.NS,0.7911,0.625,HIGH,1.3877,-1.3408,1,0,OOS
2026-07-13,KNOW_TOP5,UP,ZENSARTECH.NS,0.9592,1.0,HIGH,-2.2769,-1.6198,0,0,OOS
2026-07-13,KNOW_TOP5,UP,MRPL.NS,0.9282,1.0,HIGH,-4.7226,5.2143,0,0,OOS
2026-07-13,KNOW_TOP5,UP,MASTEK.NS,0.9228,1.0,HIGH,-1.7316,1.0515,0,0,OOS
2026-07-13,KNOW_TOP5,UP,HCLTECH.NS,0.9141,1.0,HIGH,-4.4628,-2.7678,0,0,OOS
2026-07-13,KNOW_TOP5,UP,IDEAFORGE.NS,0.9,1.0,HIGH,-0.4738,-6.0,0,0,OOS
2026-07-13,V3_TOP5,UP,KALYANKJIL.NS,0.9942,0.75,HIGH,3.7403,7.04,1,1,OOS
2026-07-13,V3_TOP5,UP,MAPMYINDIA.NS,0.9854,0.75,HIGH,-0.5064,-0.5233,0,0,OOS
2026-07-13,V3_TOP5,UP,JINDALPOLY.NS,0.9609,0.75,HIGH,-2.2106,-0.909,0,0,OOS
2026-07-13,V3_TOP5,UP,ZENSARTECH.NS,0.9592,1.0,HIGH,-2.2769,-1.6198,0,0,OOS
2026-07-13,V3_TOP5,UP,SUDARSCHEM.NS,0.9381,0.75,HIGH,2.7118,2.9382,1,1,OOS
2026-07-13,RAND_TOP5,UP,ZENSARTECH.NS,0.9592,1.0,HIGH,-2.2769,-1.6198,0,0,OOS
2026-07-13,RAND_TOP5,UP,KALYANKJIL.NS,0.9942,0.75,HIGH,3.7403,7.04,1,1,OOS
2026-07-13,RAND_TOP5,UP,IDEAFORGE.NS,0.9,1.0,HIGH,-0.4738,-6.0,0,0,OOS
2026-07-13,RAND_TOP5,UP,HCLTECH.NS,0.9141,1.0,HIGH,-4.4628,-2.7678,0,0,OOS
2026-07-13,RAND_TOP5,UP,PERSISTENT.NS,0.8556,0.875,HIGH,-1.2191,-2.5634,0,0,OOS
2026-07-14,KNOW_TOP5,UP,BIOCON.NS,0.9333,1.0,HIGH,-0.6174,-0.0229,0,0,OOS
2026-07-14,KNOW_TOP5,UP,ADANIGREEN.NS,0.8865,1.0,HIGH,-3.0601,-5.6466,0,0,OOS
2026-07-14,KNOW_TOP5,UP,TCS.NS,0.8421,1.0,HIGH,-0.518,3.1082,0,0,OOS
2026-07-14,KNOW_TOP5,UP,SHYAMMETL.NS,0.831,1.0,HIGH,-0.2124,-1.2983,0,0,OOS
2026-07-14,KNOW_TOP5,UP,ZENSARTECH.NS,0.9217,0.875,HIGH,-2.8036,-1.8469,0,0,OOS
2026-07-14,V3_TOP5,UP,KALYANKJIL.NS,0.9909,0.75,HIGH,3.4639,8.4285,1,1,OOS
2026-07-14,V3_TOP5,UP,WELCORP.NS,0.9628,0.75,HIGH,-0.196,-6.0532,0,0,OOS
2026-07-14,V3_TOP5,UP,SUDARSCHEM.NS,0.9525,0.75,HIGH,0.3095,-2.6777,1,0,OOS
2026-07-14,V3_TOP5,UP,BIOCON.NS,0.9333,1.0,HIGH,-0.6174,-0.0229,0,0,OOS
2026-07-14,V3_TOP5,UP,ZENSARTECH.NS,0.9217,0.875,HIGH,-2.8036,-1.8469,0,0,OOS
2026-07-14,RAND_TOP5,UP,BIOCON.NS,0.9333,1.0,HIGH,-0.6174,-0.0229,0,0,OOS
2026-07-14,RAND_TOP5,UP,KALYANKJIL.NS,0.9909,0.75,HIGH,3.4639,8.4285,1,1,OOS
2026-07-14,RAND_TOP5,UP,IDEAFORGE.NS,0.8488,0.875,HIGH,-2.8178,-6.5822,0,0,OOS
2026-07-14,RAND_TOP5,UP,ADANIGREEN.NS,0.8865,1.0,HIGH,-3.0601,-5.6466,0,0,OOS
2026-07-14,RAND_TOP5,UP,DEEPAKNTR.NS,0.7884,0.875,HIGH,1.6594,2.3183,1,0,OOS
2026-07-15,KNOW_TOP5,UP,LTTS.NS,0.9578,1.0,HIGH,-0.801,-4.5264,0,0,OOS
2026-07-15,KNOW_TOP5,UP,UNIONBANK.NS,0.9385,1.0,HIGH,-2.0942,2.0594,0,0,OOS
2026-07-15,KNOW_TOP5,UP,ROUTE.NS,0.9337,1.0,HIGH,-1.6267,-2.7083,0,0,OOS
2026-07-15,KNOW_TOP5,UP,DEEPAKNTR.NS,0.8871,1.0,HIGH,2.64,-0.4302,1,1,OOS
2026-07-15,KNOW_TOP5,UP,HFCL.NS,0.8251,1.0,HIGH,0.5828,-6.7465,1,0,OOS
2026-07-15,V3_TOP5,UP,KALYANKJIL.NS,0.9871,0.75,HIGH,-0.2737,3.9956,0,0,OOS
2026-07-15,V3_TOP5,UP,LTTS.NS,0.9578,1.0,HIGH,-0.801,-4.5264,0,0,OOS
2026-07-15,V3_TOP5,UP,UNIONBANK.NS,0.9385,1.0,HIGH,-2.0942,2.0594,0,0,OOS
2026-07-15,V3_TOP5,UP,ROUTE.NS,0.9337,1.0,HIGH,-1.6267,-2.7083,0,0,OOS
2026-07-15,V3_TOP5,UP,BIOCON.NS,0.9176,0.875,HIGH,1.4036,0.4372,1,0,OOS
2026-07-15,RAND_TOP5,UP,ROUTE.NS,0.9337,1.0,HIGH,-1.6267,-2.7083,0,0,OOS
2026-07-15,RAND_TOP5,UP,KALYANKJIL.NS,0.9871,0.75,HIGH,-0.2737,3.9956,0,0,OOS
2026-07-15,RAND_TOP5,UP,DEEPAKNTR.NS,0.8871,1.0,HIGH,2.64,-0.4302,1,1,OOS
2026-07-15,RAND_TOP5,UP,WELCORP.NS,0.888,0.5,MEDIUM,0.2321,-3.8272,1,0,OOS
2026-07-15,RAND_TOP5,UP,STLTECH.NS,0.8098,0.5,MEDIUM,0.2407,-6.7494,1,0,OOS
2026-07-16,KNOW_TOP5,UP,MRPL.NS,0.9787,1.0,HIGH,0.6692,1.7193,1,0,OOS
2026-07-16,KNOW_TOP5,UP,MASTEK.NS,0.9321,1.0,HIGH,0.2488,-1.2216,1,0,OOS
2026-07-16,KNOW_TOP5,UP,DEEPAKFERT.NS,0.8956,1.0,HIGH,-0.4434,0.3498,0,0,OOS
2026-07-16,KNOW_TOP5,UP,DEEPAKNTR.NS,0.8625,1.0,HIGH,-1.9405,-1.9233,0,0,OOS
2026-07-16,KNOW_TOP5,UP,SRF.NS,0.7988,1.0,HIGH,-0.5053,1.7201,0,0,OOS
2026-07-16,V3_TOP5,UP,MRPL.NS,0.9787,1.0,HIGH,0.6692,1.7193,1,0,OOS
2026-07-16,V3_TOP5,UP,KALYANKJIL.NS,0.9596,0.625,HIGH,5.086,5.5617,1,1,OOS
2026-07-16,V3_TOP5,UP,ZENSARTECH.NS,0.9554,0.75,HIGH,-2.5026,-3.3023,0,0,OOS
2026-07-16,V3_TOP5,UP,LTTS.NS,0.9341,0.875,HIGH,-1.8648,-4.994,0,0,OOS
2026-07-16,V3_TOP5,UP,MASTEK.NS,0.9321,1.0,HIGH,0.2488,-1.2216,1,0,OOS
2026-07-16,RAND_TOP5,UP,LTTS.NS,0.9341,0.875,HIGH,-1.8648,-4.994,0,0,OOS
2026-07-16,RAND_TOP5,UP,MRPL.NS,0.9787,1.0,HIGH,0.6692,1.7193,1,0,OOS
2026-07-16,RAND_TOP5,UP,DEEPAKNTR.NS,0.8625,1.0,HIGH,-1.9405,-1.9233,0,0,OOS
2026-07-16,RAND_TOP5,UP,BIOCON.NS,0.8934,0.875,HIGH,-0.7942,-0.0908,0,0,OOS
2026-07-16,RAND_TOP5,UP,AJANTPHARM.NS,0.8169,0.875,HIGH,-0.9673,3.5478,0,0,OOS
2026-07-17,KNOW_TOP5,UP,TECHM.NS,0.9329,1.0,HIGH,0.2225,-0.782,1,0,OOS
2026-07-17,KNOW_TOP5,UP,MASTEK.NS,0.9188,1.0,HIGH,-1.6022,-3.2269,0,0,OOS
2026-07-17,KNOW_TOP5,UP,BHARATFORG.NS,0.8373,1.0,HIGH,0.8446,-0.2283,1,0,OOS
2026-07-17,KNOW_TOP5,UP,MRPL.NS,0.9034,0.875,HIGH,-2.046,0.0974,0,0,OOS
2026-07-17,KNOW_TOP5,UP,TCS.NS,0.8788,0.875,HIGH,-0.7889,-2.6752,0,0,OOS
2026-07-17,V3_TOP5,UP,TECHM.NS,0.9329,1.0,HIGH,0.2225,-0.782,1,0,OOS
2026-07-17,V3_TOP5,UP,MASTEK.NS,0.9188,1.0,HIGH,-1.6022,-3.2269,0,0,OOS
2026-07-17,V3_TOP5,UP,BIOCON.NS,0.9056,0.75,HIGH,-0.1601,0.1715,0,0,OOS
2026-07-17,V3_TOP5,UP,MRPL.NS,0.9034,0.875,HIGH,-2.046,0.0974,0,0,OOS
2026-07-17,V3_TOP5,UP,TCS.NS,0.8788,0.875,HIGH,-0.7889,-2.6752,0,0,OOS
2026-07-17,RAND_TOP5,UP,MRPL.NS,0.9034,0.875,HIGH,-2.046,0.0974,0,0,OOS
2026-07-17,RAND_TOP5,UP,TECHM.NS,0.9329,1.0,HIGH,0.2225,-0.782,1,0,OOS
2026-07-17,RAND_TOP5,UP,DEEPAKFERT.NS,0.8444,0.75,HIGH,0.6964,0.3074,1,0,OOS
2026-07-17,RAND_TOP5,UP,MPHASIS.NS,0.8478,0.875,HIGH,0.8019,-5.0288,1,0,OOS
2026-07-17,RAND_TOP5,UP,ROUTE.NS,0.7673,0.625,HIGH,0.1603,1.0244,1,0,OOS
2026-07-20,KNOW_TOP5,UP,SOLARINDS.NS,0.8902,1.0,HIGH,0.0893,-2.139,1,0,OOS
2026-07-20,KNOW_TOP5,UP,NAVINFLUOR.NS,0.8337,1.0,HIGH,0.2608,-2.3914,1,0,OOS
2026-07-20,KNOW_TOP5,UP,MANAPPURAM.NS,0.8273,1.0,HIGH,4.3459,4.5535,1,1,OOS
2026-07-20,KNOW_TOP5,UP,COLPAL.NS,0.8054,1.0,HIGH,-0.956,-1.2919,0,0,OOS
2026-07-20,KNOW_TOP5,UP,OIL.NS,0.7973,1.0,HIGH,-1.8521,1.1575,0,0,OOS
2026-07-20,V3_TOP5,UP,SOLARINDS.NS,0.8902,1.0,HIGH,0.0893,-2.139,1,0,OOS
2026-07-20,V3_TOP5,UP,DEEPAKFERT.NS,0.8363,0.875,HIGH,0.0997,-1.5451,1,0,OOS
2026-07-20,V3_TOP5,UP,NAVINFLUOR.NS,0.8337,1.0,HIGH,0.2608,-2.3914,1,0,OOS
2026-07-20,V3_TOP5,UP,MANAPPURAM.NS,0.8273,1.0,HIGH,4.3459,4.5535,1,1,OOS
2026-07-20,V3_TOP5,UP,BIOCON.NS,0.8166,0.75,HIGH,0.8706,-0.2978,1,0,OOS
2026-07-20,RAND_TOP5,UP,MANAPPURAM.NS,0.8273,1.0,HIGH,4.3459,4.5535,1,1,OOS
2026-07-20,RAND_TOP5,UP,SOLARINDS.NS,0.8902,1.0,HIGH,0.0893,-2.139,1,0,OOS
2026-07-20,RAND_TOP5,UP,FEDERALBNK.NS,0.7924,0.75,HIGH,1.511,1.0406,1,0,OOS
2026-07-20,RAND_TOP5,UP,OIL.NS,0.7973,1.0,HIGH,-1.8521,1.1575,0,0,OOS
2026-07-20,RAND_TOP5,UP,DIVISLAB.NS,0.7563,0.625,HIGH,0.164,-0.1776,1,0,OOS
2026-07-21,KNOW_TOP5,UP,MANAPPURAM.NS,0.9456,1.0,HIGH,-0.4407,0.3412,0,0,OOS
2026-07-21,KNOW_TOP5,UP,JPPOWER.NS,0.9192,1.0,HIGH,-2.1408,-4.507,0,0,OOS
2026-07-21,KNOW_TOP5,UP,BASF.NS,0.8576,1.0,HIGH,-1.7972,-4.2648,0,0,OOS
2026-07-21,KNOW_TOP5,UP,SHRIRAMFIN.NS,0.8475,1.0,HIGH,-0.2544,-5.3132,0,0,OOS
2026-07-21,KNOW_TOP5,UP,TVSMOTOR.NS,0.8475,1.0,HIGH,3.0485,2.0622,1,1,OOS
2026-07-21,V3_TOP5,UP,M&MFIN.NS,0.9677,0.875,HIGH,8.0892,1.9008,1,1,OOS
2026-07-21,V3_TOP5,UP,MANAPPURAM.NS,0.9456,1.0,HIGH,-0.4407,0.3412,0,0,OOS
2026-07-21,V3_TOP5,UP,JPPOWER.NS,0.9192,1.0,HIGH,-2.1408,-4.507,0,0,OOS
2026-07-21,V3_TOP5,UP,MRPL.NS,0.886,0.875,HIGH,-0.9359,-3.7207,0,0,OOS
2026-07-21,V3_TOP5,UP,HCLTECH.NS,0.8828,0.875,HIGH,-0.1775,2.5413,0,0,OOS
2026-07-21,RAND_TOP5,UP,MRPL.NS,0.886,0.875,HIGH,-0.9359,-3.7207,0,0,OOS
2026-07-21,RAND_TOP5,UP,M&MFIN.NS,0.9677,0.875,HIGH,8.0892,1.9008,1,1,OOS
2026-07-21,RAND_TOP5,UP,TVSMOTOR.NS,0.8475,1.0,HIGH,3.0485,2.0622,1,1,OOS
2026-07-21,RAND_TOP5,UP,SHRIRAMFIN.NS,0.8475,1.0,HIGH,-0.2544,-5.3132,0,0,OOS
2026-07-21,RAND_TOP5,UP,PNB.NS,0.7837,0.875,HIGH,-1.2045,-1.5168,0,0,OOS
2026-07-22,KNOW_TOP5,UP,DATAPATTNS.NS,0.9864,1.0,HIGH,-3.8743,-4.2632,0,0,OOS
2026-07-22,KNOW_TOP5,UP,NESTLEIND.NS,0.7585,1.0,HIGH,-3.0597,-3.1802,0,0,OOS
2026-07-22,KNOW_TOP5,UP,MANAPPURAM.NS,0.8964,0.875,HIGH,0.6425,2.7556,1,0,OOS
2026-07-22,KNOW_TOP5,UP,TVSMOTOR.NS,0.8748,0.875,HIGH,0.3122,-0.7984,1,0,OOS
2026-07-22,KNOW_TOP5,UP,HCLTECH.NS,0.7689,0.875,HIGH,0.5981,4.7361,1,0,OOS
2026-07-22,V3_TOP5,UP,DATAPATTNS.NS,0.9864,1.0,HIGH,-3.8743,-4.2632,0,0,OOS
2026-07-22,V3_TOP5,UP,M&MFIN.NS,0.9796,0.75,HIGH,-2.0627,-4.0063,0,0,OOS
2026-07-22,V3_TOP5,UP,MRPL.NS,0.8995,0.75,HIGH,0.7386,-7.0823,1,0,OOS
2026-07-22,V3_TOP5,UP,MANAPPURAM.NS,0.8964,0.875,HIGH,0.6425,2.7556,1,0,OOS
2026-07-22,V3_TOP5,UP,TVSMOTOR.NS,0.8748,0.875,HIGH,0.3122,-0.7984,1,0,OOS
2026-07-22,RAND_TOP5,UP,MANAPPURAM.NS,0.8964,0.875,HIGH,0.6425,2.7556,1,0,OOS
2026-07-22,RAND_TOP5,UP,DATAPATTNS.NS,0.9864,1.0,HIGH,-3.8743,-4.2632,0,0,OOS
2026-07-22,RAND_TOP5,UP,ADANIENSOL.NS,0.8061,0.625,HIGH,-2.3544,-1.2236,0,0,OOS
2026-07-22,RAND_TOP5,UP,JPPOWER.NS,0.81,0.625,HIGH,-1.7847,-2.0725,0,0,OOS
2026-07-22,RAND_TOP5,UP,DEEPAKFERT.NS,0.7476,0.875,HIGH,-1.1633,2.2265,0,0,OOS
2026-07-23,KNOW_TOP5,UP,HEROMOTOCO.NS,0.7498,1.0,HIGH,-3.1447,-0.3769,0,0,OOS
2026-07-23,KNOW_TOP5,UP,RAJESHEXPO.NS,0.9706,0.875,HIGH,-3.8179,-6.0675,0,0,OOS
2026-07-23,KNOW_TOP5,UP,DATAPATTNS.NS,0.9597,0.875,HIGH,-0.2828,-4.6939,0,0,OOS
2026-07-23,KNOW_TOP5,UP,ROUTE.NS,0.908,0.875,HIGH,-5.3127,-8.1772,0,0,OOS
2026-07-23,KNOW_TOP5,UP,MANAPPURAM.NS,0.8648,0.875,HIGH,0.1419,2.4968,1,0,OOS
2026-07-23,V3_TOP5,UP,RAJESHEXPO.NS,0.9706,0.875,HIGH,-3.8179,-6.0675,0,0,OOS
2026-07-23,V3_TOP5,UP,DATAPATTNS.NS,0.9597,0.875,HIGH,-0.2828,-4.6939,0,0,OOS
2026-07-23,V3_TOP5,UP,M&MFIN.NS,0.9189,0.5,MEDIUM,-3.7397,0.8505,0,0,OOS
2026-07-23,V3_TOP5,UP,ROUTE.NS,0.908,0.875,HIGH,-5.3127,-8.1772,0,0,OOS
2026-07-23,V3_TOP5,UP,MANAPPURAM.NS,0.8648,0.875,HIGH,0.1419,2.4968,1,0,OOS
2026-07-23,RAND_TOP5,UP,ROUTE.NS,0.908,0.875,HIGH,-5.3127,-8.1772,0,0,OOS
2026-07-23,RAND_TOP5,UP,RAJESHEXPO.NS,0.9706,0.875,HIGH,-3.8179,-6.0675,0,0,OOS
2026-07-23,RAND_TOP5,UP,STLTECH.NS,0.7638,0.75,HIGH,2.7876,-3.4253,1,1,OOS
2026-07-23,RAND_TOP5,UP,OIL.NS,0.7653,0.875,HIGH,-1.9725,-3.095,0,0,OOS
2026-07-23,RAND_TOP5,UP,SHRIRAMFIN.NS,0.7133,0.625,HIGH,-2.0179,1.472,0,0,OOS
2026-07-24,KNOW_TOP5,UP,STLTECH.NS,0.9737,0.875,HIGH,-1.551,-7.8348,0,0,OOS
2026-07-24,KNOW_TOP5,UP,DATAPATTNS.NS,0.9643,0.875,HIGH,-0.1222,-3.2261,0,0,OOS
2026-07-24,KNOW_TOP5,UP,ATUL.NS,0.8882,0.875,HIGH,5.9618,6.1022,1,1,OOS
2026-07-24,KNOW_TOP5,UP,IDEAFORGE.NS,0.8833,0.875,HIGH,-1.1945,-2.5441,0,0,OOS
2026-07-24,KNOW_TOP5,UP,MANAPPURAM.NS,0.8278,0.875,HIGH,1.955,4.8732,1,0,OOS
2026-07-24,V3_TOP5,UP,STLTECH.NS,0.9737,0.875,HIGH,-1.551,-7.8348,0,0,OOS
2026-07-24,V3_TOP5,UP,DATAPATTNS.NS,0.9643,0.875,HIGH,-0.1222,-3.2261,0,0,OOS
2026-07-24,V3_TOP5,UP,ICICIGI.NS,0.8952,0.625,HIGH,1.1554,-0.7823,1,0,OOS
2026-07-24,V3_TOP5,UP,ATUL.NS,0.8882,0.875,HIGH,5.9618,6.1022,1,1,OOS
2026-07-24,V3_TOP5,UP,IDEAFORGE.NS,0.8833,0.875,HIGH,-1.1945,-2.5441,0,0,OOS
2026-07-24,RAND_TOP5,UP,ATUL.NS,0.8882,0.875,HIGH,5.9618,6.1022,1,1,OOS
2026-07-24,RAND_TOP5,UP,STLTECH.NS,0.9737,0.875,HIGH,-1.551,-7.8348,0,0,OOS
2026-07-24,RAND_TOP5,UP,MANAPPURAM.NS,0.8278,0.875,HIGH,1.955,4.8732,1,0,OOS
2026-07-24,RAND_TOP5,UP,RAJESHEXPO.NS,0.8367,0.5,MEDIUM,-0.5285,-2.4739,0,0,OOS
2026-07-24,RAND_TOP5,UP,BAJAJ-AUTO.NS,0.7333,0.75,HIGH,0.4807,1.8688,1,0,OOS
2026-07-27,KNOW_TOP5,UP,ATUL.NS,0.9387,1.0,HIGH,-2.0546,0.1988,0,0,OOS
2026-07-27,KNOW_TOP5,UP,SAPPHIRE.NS,0.9297,1.0,HIGH,-1.5287,4.3615,0,0,OOS
2026-07-27,KNOW_TOP5,UP,IDFCFIRSTB.NS,0.8223,1.0,HIGH,1.025,-0.1414,1,0,OOS
2026-07-27,KNOW_TOP5,UP,COFORGE.NS,0.8221,1.0,HIGH,10.3114,14.296,1,1,OOS
2026-07-27,KNOW_TOP5,UP,JINDALSTEL.NS,0.7662,1.0,HIGH,-1.0603,2.6274,0,0,OOS
2026-07-27,V3_TOP5,UP,STLTECH.NS,0.9831,0.625,HIGH,-4.5643,-4.4743,0,0,OOS
2026-07-27,V3_TOP5,UP,ATUL.NS,0.9387,1.0,HIGH,-2.0546,0.1988,0,0,OOS
2026-07-27,V3_TOP5,UP,SAPPHIRE.NS,0.9297,1.0,HIGH,-1.5287,4.3615,0,0,OOS
2026-07-27,V3_TOP5,UP,DATAPATTNS.NS,0.8848,0.625,HIGH,-4.3067,-2.553,0,0,OOS
2026-07-27,V3_TOP5,UP,LAURUSLABS.NS,0.8775,0.75,HIGH,2.6555,3.9629,1,1,OOS
2026-07-27,RAND_TOP5,UP,DATAPATTNS.NS,0.8848,0.625,HIGH,-4.3067,-2.553,0,0,OOS
2026-07-27,RAND_TOP5,UP,STLTECH.NS,0.9831,0.625,HIGH,-4.5643,-4.4743,0,0,OOS
2026-07-27,RAND_TOP5,UP,IDFCFIRSTB.NS,0.8223,1.0,HIGH,1.025,-0.1414,1,0,OOS
2026-07-27,RAND_TOP5,UP,M&MFIN.NS,0.8277,0.75,HIGH,2.8926,8.1405,1,1,OOS
2026-07-27,RAND_TOP5,UP,MAPMYINDIA.NS,0.7647,0.875,HIGH,0.3577,4.6506,1,0,OOS
2026-07-28,KNOW_TOP5,UP,MASTEK.NS,0.9632,1.0,HIGH,1.6227,None,1,0,OOS
2026-07-28,KNOW_TOP5,UP,PERSISTENT.NS,0.8585,1.0,HIGH,1.0113,None,1,0,OOS
2026-07-28,KNOW_TOP5,UP,INFY.NS,0.8524,1.0,HIGH,4.513,None,1,1,OOS
2026-07-28,KNOW_TOP5,UP,MPHASIS.NS,0.8302,1.0,HIGH,-2.1628,None,0,0,OOS
2026-07-28,KNOW_TOP5,UP,IDFCFIRSTB.NS,0.8068,1.0,HIGH,-0.8513,None,0,0,OOS
2026-07-28,V3_TOP5,UP,MASTEK.NS,0.9632,1.0,HIGH,1.6227,None,1,0,OOS
2026-07-28,V3_TOP5,UP,COFORGE.NS,0.9617,0.875,HIGH,1.7141,None,1,0,OOS
2026-07-28,V3_TOP5,UP,ATUL.NS,0.899,0.75,HIGH,2.2331,None,1,1,OOS
2026-07-28,V3_TOP5,UP,KPITTECH.NS,0.8734,0.75,HIGH,6.0254,None,1,1,OOS
2026-07-28,V3_TOP5,UP,LAURUSLABS.NS,0.8654,0.75,HIGH,1.2735,None,1,0,OOS
2026-07-28,RAND_TOP5,UP,KPITTECH.NS,0.8734,0.75,HIGH,6.0254,None,1,1,OOS
2026-07-28,RAND_TOP5,UP,MASTEK.NS,0.9632,1.0,HIGH,1.6227,None,1,0,OOS
2026-07-28,RAND_TOP5,UP,INFY.NS,0.8524,1.0,HIGH,4.513,None,1,1,OOS
2026-07-28,RAND_TOP5,UP,PERSISTENT.NS,0.8585,1.0,HIGH,1.0113,None,1,0,OOS
2026-07-28,RAND_TOP5,UP,POLYCAB.NS,0.7959,0.625,HIGH,-0.8168,None,0,0,OOS
2026-07-29,KNOW_TOP5,UP,KPITTECH.NS,0.9527,1.0,HIGH,-7.6712,None,0,0,OOS
2026-07-29,KNOW_TOP5,UP,SAPPHIRE.NS,0.9288,1.0,HIGH,0.8158,None,1,0,OOS
2026-07-29,KNOW_TOP5,UP,ATUL.NS,0.9148,1.0,HIGH,0.0662,None,1,0,OOS
2026-07-29,KNOW_TOP5,UP,INFY.NS,0.8985,1.0,HIGH,-0.0433,None,0,0,OOS
2026-07-29,KNOW_TOP5,UP,SAIL.NS,0.8719,1.0,HIGH,-1.1172,None,0,0,OOS
2026-07-29,V3_TOP5,UP,KPITTECH.NS,0.9527,1.0,HIGH,-7.6712,None,0,0,OOS
2026-07-29,V3_TOP5,UP,COFORGE.NS,0.9456,0.875,HIGH,1.866,None,1,0,OOS
2026-07-29,V3_TOP5,UP,MASTEK.NS,0.9411,0.875,HIGH,1.3867,None,1,0,OOS
2026-07-29,V3_TOP5,UP,SAPPHIRE.NS,0.9288,1.0,HIGH,0.8158,None,1,0,OOS
2026-07-29,V3_TOP5,UP,ATUL.NS,0.9148,1.0,HIGH,0.0662,None,1,0,OOS
2026-07-29,RAND_TOP5,UP,SAPPHIRE.NS,0.9288,1.0,HIGH,0.8158,None,1,0,OOS
2026-07-29,RAND_TOP5,UP,KPITTECH.NS,0.9527,1.0,HIGH,-7.6712,None,0,0,OOS
2026-07-29,RAND_TOP5,UP,MAPMYINDIA.NS,0.8517,0.875,HIGH,1.8614,None,1,0,OOS
2026-07-29,RAND_TOP5,UP,CHOLAFIN.NS,0.8584,1.0,HIGH,-1.6141,None,0,0,OOS
2026-07-29,RAND_TOP5,UP,PERSISTENT.NS,0.7852,0.75,HIGH,0.5727,None,1,0,OOS
2025-09-16,KNOW_TOP5,DN,TVSMOTOR.NS,0.8613,0.75,HIGH,0.0057,0.8429,0,0,TRAIN
2025-09-16,KNOW_TOP5,DN,ENDURANCE.NS,0.8112,0.75,HIGH,-1.427,-1.4612,1,0,TRAIN
2025-09-16,KNOW_TOP5,DN,BAJAJ-AUTO.NS,0.7981,0.75,HIGH,0.1268,-1.1133,0,0,TRAIN
2025-09-16,KNOW_TOP5,DN,CENTUM.NS,0.7838,0.75,HIGH,0.1225,5.1654,0,0,TRAIN
2025-09-16,KNOW_TOP5,DN,GLENMARK.NS,0.78,0.75,HIGH,-1.6659,0.3948,1,0,TRAIN
2025-09-16,V3_TOP5,DN,M&M.NS,0.8993,0.5,MEDIUM,0.6984,-0.4407,0,0,TRAIN
2025-09-16,V3_TOP5,DN,TVSMOTOR.NS,0.8613,0.75,HIGH,0.0057,0.8429,0,0,TRAIN
2025-09-16,V3_TOP5,DN,EICHERMOT.NS,0.8311,0.375,MEDIUM,-0.5341,0.664,1,0,TRAIN
2025-09-16,V3_TOP5,DN,JPPOWER.NS,0.8235,0.625,HIGH,-0.1572,-2.0964,1,0,TRAIN
2025-09-16,V3_TOP5,DN,ENDURANCE.NS,0.8112,0.75,HIGH,-1.427,-1.4612,1,0,TRAIN
2025-09-16,RAND_TOP5,DN,JPPOWER.NS,0.8235,0.625,HIGH,-0.1572,-2.0964,1,0,TRAIN
2025-09-16,RAND_TOP5,DN,M&M.NS,0.8993,0.5,MEDIUM,0.6984,-0.4407,0,0,TRAIN
2025-09-16,RAND_TOP5,DN,ASHOKLEY.NS,0.7846,0.625,HIGH,1.6575,4.7198,0,0,TRAIN
2025-09-16,RAND_TOP5,DN,RBLBANK.NS,0.787,0.625,HIGH,-1.0849,1.3842,1,0,TRAIN
2025-09-16,RAND_TOP5,DN,HEROMOTOCO.NS,0.7454,0.625,HIGH,0.6396,1.7306,0,0,TRAIN
2025-09-17,KNOW_TOP5,DN,SAPPHIRE.NS,0.858,0.875,HIGH,0.5446,-2.6918,0,0,TRAIN
2025-09-17,KNOW_TOP5,DN,BRITANNIA.NS,0.7418,0.875,HIGH,0.0492,-0.6724,0,0,TRAIN
2025-09-17,KNOW_TOP5,DN,POLICYBZR.NS,0.7275,0.875,HIGH,-0.3008,0.0891,1,0,TRAIN
2025-09-17,KNOW_TOP5,DN,ENDURANCE.NS,0.8125,0.75,HIGH,1.0866,-0.8575,0,0,TRAIN
2025-09-17,KNOW_TOP5,DN,NOCIL.NS,0.7255,0.75,HIGH,-0.5105,-0.5269,1,0,TRAIN
2025-09-17,V3_TOP5,DN,OFSS.NS,0.8835,0.625,HIGH,0.5479,-0.7507,0,0,TRAIN
2025-09-17,V3_TOP5,DN,SAPPHIRE.NS,0.858,0.875,HIGH,0.5446,-2.6918,0,0,TRAIN
2025-09-17,V3_TOP5,DN,RATEGAIN.NS,0.8543,0.5,MEDIUM,-0.5456,2.5565,1,0,TRAIN
2025-09-17,V3_TOP5,DN,GLENMARK.NS,0.8391,0.625,HIGH,3.2315,-1.2045,0,0,TRAIN
2025-09-17,V3_TOP5,DN,JPPOWER.NS,0.8167,0.625,HIGH,-1.1549,-2.7822,1,0,TRAIN
2025-09-17,RAND_TOP5,DN,GLENMARK.NS,0.8391,0.625,HIGH,3.2315,-1.2045,0,0,TRAIN
2025-09-17,RAND_TOP5,DN,OFSS.NS,0.8835,0.625,HIGH,0.5479,-0.7507,0,0,TRAIN
2025-09-17,RAND_TOP5,DN,BAJAJ-AUTO.NS,0.7795,0.625,HIGH,-0.0991,-0.3247,1,0,TRAIN
2025-09-17,RAND_TOP5,DN,WHIRLPOOL.NS,0.7987,0.625,HIGH,-0.4621,-0.9243,1,0,TRAIN
2025-09-17,RAND_TOP5,DN,WELCORP.NS,0.732,0.375,MEDIUM,0.5502,0.2021,0,0,TRAIN
2025-09-18,KNOW_TOP5,DN,GODREJCP.NS,0.7098,0.875,HIGH,0.0404,-3.7306,0,0,TRAIN
2025-09-18,KNOW_TOP5,DN,NOCIL.NS,0.8038,0.75,HIGH,-0.0331,0.5131,1,0,TRAIN
2025-09-18,KNOW_TOP5,DN,BRITANNIA.NS,0.757,0.75,HIGH,-0.5082,-2.7293,1,0,TRAIN
2025-09-18,KNOW_TOP5,DN,JPPOWER.NS,0.741,0.75,HIGH,-0.7966,-2.7084,1,0,TRAIN
2025-09-18,KNOW_TOP5,DN,SRF.NS,0.7175,0.75,HIGH,-0.0102,-1.1677,1,0,TRAIN
2025-09-18,V3_TOP5,DN,RATEGAIN.NS,0.8779,0.5,MEDIUM,0.1881,4.3025,0,0,TRAIN
2025-09-18,V3_TOP5,DN,OFSS.NS,0.8569,0.375,MEDIUM,-1.7112,-0.7738,1,0,TRAIN
2025-09-18,V3_TOP5,DN,NATIONALUM.NS,0.8549,0.625,HIGH,-1.029,-2.3199,1,0,TRAIN
2025-09-18,V3_TOP5,DN,GLENMARK.NS,0.8464,0.625,HIGH,-1.1004,-4.3445,1,0,TRAIN
2025-09-18,V3_TOP5,DN,SAPPHIRE.NS,0.8454,0.625,HIGH,-1.4856,-5.2925,1,0,TRAIN
2025-09-18,RAND_TOP5,DN,GLENMARK.NS,0.8464,0.625,HIGH,-1.1004,-4.3445,1,0,TRAIN
2025-09-18,RAND_TOP5,DN,RATEGAIN.NS,0.8779,0.5,MEDIUM,0.1881,4.3025,0,0,TRAIN
2025-09-18,RAND_TOP5,DN,EXIDEIND.NS,0.7603,0.375,MEDIUM,-2.505,-5.1511,1,1,TRAIN
2025-09-18,RAND_TOP5,DN,RAJESHEXPO.NS,0.7755,0.5,MEDIUM,-1.1856,-6.0451,1,0,TRAIN
2025-09-18,RAND_TOP5,DN,MASTEK.NS,0.7134,0.5,MEDIUM,-1.7773,-7.0443,1,0,TRAIN
2025-09-19,KNOW_TOP5,DN,ROUTE.NS,0.7049,0.875,HIGH,-1.6947,-1.648,1,0,TRAIN
2025-09-19,KNOW_TOP5,DN,NATIONALUM.NS,0.8881,0.75,HIGH,-0.3119,-2.604,1,0,TRAIN
2025-09-19,KNOW_TOP5,DN,SAPPHIRE.NS,0.8566,0.75,HIGH,-1.7593,-3.2831,1,0,TRAIN
2025-09-19,KNOW_TOP5,DN,BAJFINANCE.NS,0.7996,0.75,HIGH,1.4157,3.7584,0,0,TRAIN
2025-09-19,KNOW_TOP5,DN,ZYDUSWELL.NS,0.7587,0.75,HIGH,-3.5472,-5.8538,1,1,TRAIN
2025-09-19,V3_TOP5,DN,NATIONALUM.NS,0.8881,0.75,HIGH,-0.3119,-2.604,1,0,TRAIN
2025-09-19,V3_TOP5,DN,BEML.NS,0.8832,0.625,HIGH,-0.6474,-1.0606,1,0,TRAIN
2025-09-19,V3_TOP5,DN,SAPPHIRE.NS,0.8566,0.75,HIGH,-1.7593,-3.2831,1,0,TRAIN
2025-09-19,V3_TOP5,DN,GLENMARK.NS,0.8452,0.5,MEDIUM,-3.2323,-3.1939,1,1,TRAIN
2025-09-19,V3_TOP5,DN,OFSS.NS,0.8076,0.625,HIGH,0.4269,0.4824,0,0,TRAIN
2025-09-19,RAND_TOP5,DN,GLENMARK.NS,0.8452,0.5,MEDIUM,-3.2323,-3.1939,1,1,TRAIN
2025-09-19,RAND_TOP5,DN,NATIONALUM.NS,0.8881,0.75,HIGH,-0.3119,-2.604,1,0,TRAIN
2025-09-19,RAND_TOP5,DN,NOCIL.NS,0.7547,0.75,HIGH,0.0166,-0.0993,0,0,TRAIN
2025-09-19,RAND_TOP5,DN,ZYDUSWELL.NS,0.7587,0.75,HIGH,-3.5472,-5.8538,1,1,TRAIN
2025-09-19,RAND_TOP5,DN,MUTHOOTFIN.NS,0.7106,0.625,HIGH,3.84,5.2268,0,0,TRAIN
2025-09-22,KNOW_TOP5,DN,MPHASIS.NS,0.8269,0.875,HIGH,-3.008,-4.7329,1,1,TRAIN
2025-09-22,KNOW_TOP5,DN,PERSISTENT.NS,0.8255,0.875,HIGH,-0.5786,-3.1967,1,0,TRAIN
2025-09-22,KNOW_TOP5,DN,COFORGE.NS,0.8133,0.875,HIGH,-2.854,-7.3155,1,1,TRAIN
2025-09-22,KNOW_TOP5,DN,BEML.NS,0.8021,0.875,HIGH,0.1571,0.7093,0,0,TRAIN
2025-09-22,KNOW_TOP5,DN,ZYDUSWELL.NS,0.881,0.75,HIGH,-4.783,-4.7026,1,1,TRAIN
2025-09-22,V3_TOP5,DN,ZYDUSWELL.NS,0.881,0.75,HIGH,-4.783,-4.7026,1,1,TRAIN
2025-09-22,V3_TOP5,DN,RAILTEL.NS,0.876,0.75,HIGH,-1.2905,-1.768,1,0,TRAIN
2025-09-22,V3_TOP5,DN,RAJESHEXPO.NS,0.8682,0.625,HIGH,-0.9159,-2.7425,1,0,TRAIN
2025-09-22,V3_TOP5,DN,GLENMARK.NS,0.8339,0.625,HIGH,-0.0496,0.6393,1,0,TRAIN
2025-09-22,V3_TOP5,DN,MPHASIS.NS,0.8269,0.875,HIGH,-3.008,-4.7329,1,1,TRAIN
2025-09-22,RAND_TOP5,DN,GLENMARK.NS,0.8339,0.625,HIGH,-0.0496,0.6393,1,0,TRAIN
2025-09-22,RAND_TOP5,DN,ZYDUSWELL.NS,0.881,0.75,HIGH,-4.783,-4.7026,1,1,TRAIN
2025-09-22,RAND_TOP5,DN,NATIONALUM.NS,0.7866,0.625,HIGH,-0.9955,-2.5268,1,0,TRAIN
2025-09-22,RAND_TOP5,DN,BEML.NS,0.8021,0.875,HIGH,0.1571,0.7093,0,0,TRAIN
2025-09-22,RAND_TOP5,DN,BAJFINANCE.NS,0.7301,0.625,HIGH,1.8877,0.621,0,0,TRAIN
2025-09-23,KNOW_TOP5,DN,COFORGE.NS,0.8529,0.875,HIGH,-2.68,-7.7583,1,1,TRAIN
2025-09-23,KNOW_TOP5,DN,MPHASIS.NS,0.8296,0.875,HIGH,-0.9289,-4.4893,1,0,TRAIN
2025-09-23,KNOW_TOP5,DN,PERSISTENT.NS,0.8667,0.75,HIGH,-0.935,-5.5243,1,0,TRAIN
2025-09-23,KNOW_TOP5,DN,RAILTEL.NS,0.8413,0.75,HIGH,-2.1702,-1.1766,1,1,TRAIN
2025-09-23,KNOW_TOP5,DN,PARAS.NS,0.8269,0.75,HIGH,-0.5189,-2.5526,1,0,TRAIN
2025-09-23,V3_TOP5,DN,PERSISTENT.NS,0.8667,0.75,HIGH,-0.935,-5.5243,1,0,TRAIN
2025-09-23,V3_TOP5,DN,ZYDUSWELL.NS,0.8602,0.625,HIGH,2.5116,1.794,0,0,TRAIN
2025-09-23,V3_TOP5,DN,COFORGE.NS,0.8529,0.875,HIGH,-2.68,-7.7583,1,1,TRAIN
2025-09-23,V3_TOP5,DN,RAJESHEXPO.NS,0.8458,0.625,HIGH,-0.8257,-5.1721,1,0,TRAIN
2025-09-23,V3_TOP5,DN,RAILTEL.NS,0.8413,0.75,HIGH,-2.1702,-1.1766,1,1,TRAIN
2025-09-23,RAND_TOP5,DN,RAJESHEXPO.NS,0.8458,0.625,HIGH,-0.8257,-5.1721,1,0,TRAIN
2025-09-23,RAND_TOP5,DN,PERSISTENT.NS,0.8667,0.75,HIGH,-0.935,-5.5243,1,0,TRAIN
2025-09-23,RAND_TOP5,DN,SAPPHIRE.NS,0.7803,0.625,HIGH,0.6046,-1.6013,0,0,TRAIN
2025-09-23,RAND_TOP5,DN,TATACOMM.NS,0.8008,0.5,MEDIUM,-0.0423,-2.5131,1,0,TRAIN
2025-09-23,RAND_TOP5,DN,EMAMILTD.NS,0.7226,0.75,HIGH,0.1908,-3.2434,0,0,TRAIN
2025-09-24,KNOW_TOP5,DN,PRESTIGE.NS,0.7488,0.875,HIGH,-2.4289,-3.3001,1,1,TRAIN
2025-09-24,KNOW_TOP5,DN,COFORGE.NS,0.8512,0.75,HIGH,-1.9653,-4.3741,1,0,TRAIN
2025-09-24,KNOW_TOP5,DN,PERSISTENT.NS,0.8243,0.75,HIGH,-1.7143,-6.1832,1,0,TRAIN
2025-09-24,KNOW_TOP5,DN,DATAPATTNS.NS,0.798,0.75,HIGH,0.5442,-7.177,0,0,TRAIN
2025-09-24,KNOW_TOP5,DN,TECHM.NS,0.7748,0.75,HIGH,-0.5577,-2.8711,1,0,TRAIN
2025-09-24,V3_TOP5,DN,COFORGE.NS,0.8512,0.75,HIGH,-1.9653,-4.3741,1,0,TRAIN
2025-09-24,V3_TOP5,DN,RAJESHEXPO.NS,0.847,0.625,HIGH,-1.0263,-5.3671,1,0,TRAIN
2025-09-24,V3_TOP5,DN,RAILTEL.NS,0.8458,0.625,HIGH,1.7239,-0.2005,0,0,TRAIN
2025-09-24,V3_TOP5,DN,PARAS.NS,0.8389,0.5,MEDIUM,0.1692,-5.4279,0,0,TRAIN
2025-09-24,V3_TOP5,DN,PERSISTENT.NS,0.8243,0.75,HIGH,-1.7143,-6.1832,1,0,TRAIN
2025-09-24,RAND_TOP5,DN,PARAS.NS,0.8389,0.5,MEDIUM,0.1692,-5.4279,0,0,TRAIN
2025-09-24,RAND_TOP5,DN,COFORGE.NS,0.8512,0.75,HIGH,-1.9653,-4.3741,1,0,TRAIN
2025-09-24,RAND_TOP5,DN,METROBRAND.NS,0.7937,0.625,HIGH,-1.5281,-3.0719,1,0,TRAIN
2025-09-24,RAND_TOP5,DN,DATAPATTNS.NS,0.798,0.75,HIGH,0.5442,-7.177,0,0,TRAIN
2025-09-24,RAND_TOP5,DN,MASTEK.NS,0.7444,0.75,HIGH,-1.5717,-0.7768,1,0,TRAIN
2025-09-25,KNOW_TOP5,DN,PERSISTENT.NS,0.8561,0.75,HIGH,-2.9691,-5.4875,1,1,TRAIN
2025-09-25,KNOW_TOP5,DN,RAJESHEXPO.NS,0.8493,0.75,HIGH,-3.3912,-4.0525,1,1,TRAIN
2025-09-25,KNOW_TOP5,DN,MPHASIS.NS,0.825,0.75,HIGH,-2.76,-2.3037,1,1,TRAIN
2025-09-25,KNOW_TOP5,DN,LTTS.NS,0.8126,0.75,HIGH,-1.5021,-0.1674,1,0,TRAIN
2025-09-25,KNOW_TOP5,DN,MASTEK.NS,0.8087,0.75,HIGH,-0.6516,0.6332,1,0,TRAIN
2025-09-25,V3_TOP5,DN,COFORGE.NS,0.8578,0.625,HIGH,-3.318,-0.0189,1,1,TRAIN
2025-09-25,V3_TOP5,DN,PERSISTENT.NS,0.8561,0.75,HIGH,-2.9691,-5.4875,1,1,TRAIN
2025-09-25,V3_TOP5,DN,RAJESHEXPO.NS,0.8493,0.75,HIGH,-3.3912,-4.0525,1,1,TRAIN
2025-09-25,V3_TOP5,DN,MPHASIS.NS,0.825,0.75,HIGH,-2.76,-2.3037,1,1,TRAIN
2025-09-25,V3_TOP5,DN,LTTS.NS,0.8126,0.75,HIGH,-1.5021,-0.1674,1,0,TRAIN
2025-09-25,RAND_TOP5,DN,MPHASIS.NS,0.825,0.75,HIGH,-2.76,-2.3037,1,1,TRAIN
2025-09-25,RAND_TOP5,DN,COFORGE.NS,0.8578,0.625,HIGH,-3.318,-0.0189,1,1,TRAIN
2025-09-25,RAND_TOP5,DN,KALYANKJIL.NS,0.8017,0.75,HIGH,-1.4593,-1.7836,1,0,TRAIN
2025-09-25,RAND_TOP5,DN,RAILTEL.NS,0.8087,0.625,HIGH,-0.6963,-2.207,1,0,TRAIN
2025-09-25,RAND_TOP5,DN,WIPRO.NS,0.7252,0.75,HIGH,-2.5826,-1.0868,1,1,TRAIN
2025-09-26,KNOW_TOP5,DN,COFORGE.NS,0.8643,0.75,HIGH,0.8905,4.0494,0,0,TRAIN
2025-09-26,KNOW_TOP5,DN,ZENSARTECH.NS,0.8329,0.75,HIGH,-3.2089,-0.7296,1,1,TRAIN
2025-09-26,KNOW_TOP5,DN,BDL.NS,0.8316,0.75,HIGH,0.0734,2.9376,0,0,TRAIN
2025-09-26,KNOW_TOP5,DN,LAURUSLABS.NS,0.8246,0.75,HIGH,1.0393,4.7699,0,0,TRAIN
2025-09-26,KNOW_TOP5,DN,INTELLECT.NS,0.8133,0.75,HIGH,-2.9154,-1.009,1,1,TRAIN
2025-09-26,V3_TOP5,DN,COFORGE.NS,0.8643,0.75,HIGH,0.8905,4.0494,0,0,TRAIN
2025-09-26,V3_TOP5,DN,PERSISTENT.NS,0.8391,0.625,HIGH,-1.6259,0.0889,1,0,TRAIN
2025-09-26,V3_TOP5,DN,ZENSARTECH.NS,0.8329,0.75,HIGH,-3.2089,-0.7296,1,1,TRAIN
2025-09-26,V3_TOP5,DN,BDL.NS,0.8316,0.75,HIGH,0.0734,2.9376,0,0,TRAIN
2025-09-26,V3_TOP5,DN,LAURUSLABS.NS,0.8246,0.75,HIGH,1.0393,4.7699,0,0,TRAIN
2025-09-26,RAND_TOP5,DN,BDL.NS,0.8316,0.75,HIGH,0.0734,2.9376,0,0,TRAIN
2025-09-26,RAND_TOP5,DN,COFORGE.NS,0.8643,0.75,HIGH,0.8905,4.0494,0,0,TRAIN
2025-09-26,RAND_TOP5,DN,KALYANKJIL.NS,0.7944,0.625,HIGH,-1.6455,2.0842,1,0,TRAIN
2025-09-26,RAND_TOP5,DN,INTELLECT.NS,0.8133,0.75,HIGH,-2.9154,-1.009,1,1,TRAIN
2025-09-26,RAND_TOP5,DN,IDEA.NS,0.7482,0.75,HIGH,2.7431,6.2344,0,0,TRAIN
2025-09-29,KNOW_TOP5,DN,COCHINSHIP.NS,0.8293,0.875,HIGH,0.9932,5.0508,0,0,TRAIN
2025-09-29,KNOW_TOP5,DN,DATAPATTNS.NS,0.8288,0.875,HIGH,0.3148,11.5645,0,0,TRAIN
2025-09-29,KNOW_TOP5,DN,KALYANKJIL.NS,0.7882,0.875,HIGH,1.3384,9.7814,0,0,TRAIN
2025-09-29,KNOW_TOP5,DN,MAZDOCK.NS,0.7779,0.875,HIGH,0.378,4.7326,0,0,TRAIN
2025-09-29,KNOW_TOP5,DN,NAUKRI.NS,0.7401,0.875,HIGH,-0.494,1.3756,1,0,TRAIN
2025-09-29,V3_TOP5,DN,ADANIGREEN.NS,0.8991,0.625,HIGH,-0.821,3.3757,1,0,TRAIN
2025-09-29,V3_TOP5,DN,ADANIENSOL.NS,0.8674,0.625,HIGH,0.0574,5.1161,0,0,TRAIN
2025-09-29,V3_TOP5,DN,PARAS.NS,0.8543,0.75,HIGH,0.0149,8.1992,0,0,TRAIN
2025-09-29,V3_TOP5,DN,GRSE.NS,0.8399,0.75,HIGH,1.4236,9.2557,0,0,TRAIN
2025-09-29,V3_TOP5,DN,BDL.NS,0.8356,0.625,HIGH,-0.3803,4.1364,1,0,TRAIN
2025-09-29,RAND_TOP5,DN,GRSE.NS,0.8399,0.75,HIGH,1.4236,9.2557,0,0,TRAIN
2025-09-29,RAND_TOP5,DN,ADANIGREEN.NS,0.8991,0.625,HIGH,-0.821,3.3757,1,0,TRAIN
2025-09-29,RAND_TOP5,DN,OFSS.NS,0.8171,0.75,HIGH,-0.5974,6.0153,1,0,TRAIN
2025-09-29,RAND_TOP5,DN,ZENSARTECH.NS,0.8212,0.75,HIGH,1.8078,1.4209,0,0,TRAIN
2025-09-29,RAND_TOP5,DN,SUZLON.NS,0.7726,0.625,HIGH,-0.4161,-1.4834,1,0,TRAIN
2025-09-30,KNOW_TOP5,DN,WHIRLPOOL.NS,0.723,0.875,HIGH,-1.5782,-0.6632,1,0,TRAIN
2025-09-30,KNOW_TOP5,DN,ADANIGREEN.NS,0.897,0.75,HIGH,3.686,3.1699,0,0,TRAIN
2025-09-30,KNOW_TOP5,DN,KPITTECH.NS,0.8732,0.75,HIGH,5.056,5.3749,0,0,TRAIN
2025-09-30,KNOW_TOP5,DN,ADANIENSOL.NS,0.847,0.75,HIGH,2.763,6.2367,0,0,TRAIN
2025-09-30,KNOW_TOP5,DN,IDEA.NS,0.8359,0.75,HIGH,4.797,4.182,0,0,TRAIN
2025-09-30,V3_TOP5,DN,ADANIGREEN.NS,0.897,0.75,HIGH,3.686,3.1699,0,0,TRAIN
2025-09-30,V3_TOP5,DN,KPITTECH.NS,0.8732,0.75,HIGH,5.056,5.3749,0,0,TRAIN
2025-09-30,V3_TOP5,DN,ADANIENSOL.NS,0.847,0.75,HIGH,2.763,6.2367,0,0,TRAIN
2025-09-30,V3_TOP5,DN,DATAPATTNS.NS,0.8397,0.625,HIGH,3.1968,11.4654,0,0,TRAIN
2025-09-30,V3_TOP5,DN,GRSE.NS,0.8364,0.625,HIGH,4.551,8.5129,0,0,TRAIN
2025-09-30,RAND_TOP5,DN,DATAPATTNS.NS,0.8397,0.625,HIGH,3.1968,11.4654,0,0,TRAIN
2025-09-30,RAND_TOP5,DN,ADANIGREEN.NS,0.897,0.75,HIGH,3.686,3.1699,0,0,TRAIN
2025-09-30,RAND_TOP5,DN,COCHINSHIP.NS,0.8077,0.5,MEDIUM,4.0232,3.5427,0,0,TRAIN
2025-09-30,RAND_TOP5,DN,LAURUSLABS.NS,0.8096,0.75,HIGH,3.5876,2.5184,0,0,TRAIN
2025-09-30,RAND_TOP5,DN,OFSS.NS,0.7359,0.75,HIGH,3.8201,8.2173,0,0,TRAIN
2025-10-01,KNOW_TOP5,DN,KPITTECH.NS,0.8146,0.75,HIGH,0.3902,1.5002,0,0,TRAIN
2025-10-01,KNOW_TOP5,DN,SUDARSCHEM.NS,0.8139,0.75,HIGH,-0.6613,-2.5559,1,0,TRAIN
2025-10-01,KNOW_TOP5,DN,APOLLOTYRE.NS,0.7675,0.75,HIGH,1.1761,2.3201,0,0,TRAIN
2025-10-01,KNOW_TOP5,DN,ROUTE.NS,0.7545,0.75,HIGH,-0.4198,-3.0516,1,0,TRAIN
2025-10-01,KNOW_TOP5,DN,ZENSARTECH.NS,0.7153,0.75,HIGH,-1.1122,-1.0211,1,0,TRAIN
2025-10-01,V3_TOP5,DN,ADANIGREEN.NS,0.8332,0.5,MEDIUM,0.526,-0.3757,0,0,TRAIN
2025-10-01,V3_TOP5,DN,KPITTECH.NS,0.8146,0.75,HIGH,0.3902,1.5002,0,0,TRAIN
2025-10-01,V3_TOP5,DN,SUDARSCHEM.NS,0.8139,0.75,HIGH,-0.6613,-2.5559,1,0,TRAIN
2025-10-01,V3_TOP5,DN,LAURUSLABS.NS,0.8093,0.5,MEDIUM,-0.8716,-0.9862,1,0,TRAIN
2025-10-01,V3_TOP5,DN,GRSE.NS,0.8039,0.5,MEDIUM,3.033,2.5036,0,0,TRAIN
2025-10-01,RAND_TOP5,DN,LAURUSLABS.NS,0.8093,0.5,MEDIUM,-0.8716,-0.9862,1,0,TRAIN
2025-10-01,RAND_TOP5,DN,ADANIGREEN.NS,0.8332,0.5,MEDIUM,0.526,-0.3757,0,0,TRAIN
2025-10-01,RAND_TOP5,DN,IDEAFORGE.NS,0.7438,0.5,MEDIUM,0.2063,-3.242,0,0,TRAIN
2025-10-01,RAND_TOP5,DN,ROUTE.NS,0.7545,0.75,HIGH,-0.4198,-3.0516,1,0,TRAIN
2025-10-01,RAND_TOP5,DN,INTELLECT.NS,0.7089,0.75,HIGH,1.0141,0.6095,0,0,TRAIN
2025-10-03,KNOW_TOP5,DN,KEI.NS,0.7597,0.875,HIGH,2.3407,5.3923,0,0,TRAIN
2025-10-03,KNOW_TOP5,DN,VINATIORGA.NS,0.6882,0.875,HIGH,0.1422,0.2784,0,0,TRAIN
2025-10-03,KNOW_TOP5,DN,SUDARSCHEM.NS,0.8829,0.75,HIGH,-0.5086,-1.7951,1,0,TRAIN
2025-10-03,KNOW_TOP5,DN,KPITTECH.NS,0.8616,0.75,HIGH,-0.0864,0.2678,1,0,TRAIN
2025-10-03,KNOW_TOP5,DN,SUZLON.NS,0.7418,0.75,HIGH,-0.6427,-3.1032,1,0,TRAIN
2025-10-03,V3_TOP5,DN,SUDARSCHEM.NS,0.8829,0.75,HIGH,-0.5086,-1.7951,1,0,TRAIN
2025-10-03,V3_TOP5,DN,KPITTECH.NS,0.8616,0.75,HIGH,-0.0864,0.2678,1,0,TRAIN
2025-10-03,V3_TOP5,DN,COCHINSHIP.NS,0.8613,0.625,HIGH,-0.4566,-3.4757,1,0,TRAIN
2025-10-03,V3_TOP5,DN,PNBHOUSING.NS,0.8259,0.625,HIGH,0.7882,-1.3288,0,0,TRAIN
2025-10-03,V3_TOP5,DN,ADANIGREEN.NS,0.8222,0.625,HIGH,-1.0184,-2.3545,1,0,TRAIN
2025-10-03,RAND_TOP5,DN,PNBHOUSING.NS,0.8259,0.625,HIGH,0.7882,-1.3288,0,0,TRAIN
2025-10-03,RAND_TOP5,DN,SUDARSCHEM.NS,0.8829,0.75,HIGH,-0.5086,-1.7951,1,0,TRAIN
2025-10-03,RAND_TOP5,DN,SUZLON.NS,0.7418,0.75,HIGH,-0.6427,-3.1032,1,0,TRAIN
2025-10-03,RAND_TOP5,DN,KEI.NS,0.7597,0.875,HIGH,2.3407,5.3923,0,0,TRAIN
2025-10-03,RAND_TOP5,DN,GRSE.NS,0.6964,0.375,MEDIUM,0.7341,-1.4976,0,0,TRAIN
2025-10-06,KNOW_TOP5,DN,SOBHA.NS,0.6944,0.875,HIGH,-0.068,-1.9579,1,0,TRAIN
2025-10-06,KNOW_TOP5,DN,RATNAMANI.NS,0.7639,0.75,HIGH,1.0815,-1.5234,0,0,TRAIN
2025-10-06,KNOW_TOP5,DN,FINPIPE.NS,0.6898,0.75,HIGH,-1.9405,-2.7027,1,0,TRAIN
2025-10-06,KNOW_TOP5,DN,VINATIORGA.NS,0.6749,0.75,HIGH,1.6327,-0.0828,0,0,TRAIN
2025-10-06,KNOW_TOP5,DN,ONMOBILE.NS,0.9495,0.625,HIGH,2.7135,-2.6397,0,0,TRAIN
2025-10-06,V3_TOP5,DN,ONMOBILE.NS,0.9495,0.625,HIGH,2.7135,-2.6397,0,0,TRAIN
2025-10-06,V3_TOP5,DN,SUDARSCHEM.NS,0.8498,0.625,HIGH,-1.4058,-2.4207,1,0,TRAIN
2025-10-06,V3_TOP5,DN,KPITTECH.NS,0.8385,0.5,MEDIUM,1.193,0.4928,0,0,TRAIN
2025-10-06,V3_TOP5,DN,ADANIGREEN.NS,0.7996,0.5,MEDIUM,0.1227,-0.7457,0,0,TRAIN
2025-10-06,V3_TOP5,DN,GODREJAGRO.NS,0.7956,0.625,HIGH,-0.0741,-1.0822,1,0,TRAIN
2025-10-06,RAND_TOP5,DN,ADANIGREEN.NS,0.7996,0.5,MEDIUM,0.1227,-0.7457,0,0,TRAIN
2025-10-06,RAND_TOP5,DN,ONMOBILE.NS,0.9495,0.625,HIGH,2.7135,-2.6397,0,0,TRAIN
2025-10-06,RAND_TOP5,DN,DEEPAKNTR.NS,0.7387,0.5,MEDIUM,-2.2671,-3.4169,1,1,TRAIN
2025-10-06,RAND_TOP5,DN,RATNAMANI.NS,0.7639,0.75,HIGH,1.0815,-1.5234,0,0,TRAIN
2025-10-06,RAND_TOP5,DN,VINATIORGA.NS,0.6749,0.75,HIGH,1.6327,-0.0828,0,0,TRAIN
2025-10-07,KNOW_TOP5,DN,JINDALSTEL.NS,0.7784,0.875,HIGH,-1.4027,-1.7897,1,0,TRAIN
2025-10-07,KNOW_TOP5,DN,GODREJAGRO.NS,0.8375,0.75,HIGH,-0.3412,-1.9435,1,0,TRAIN
2025-10-07,KNOW_TOP5,DN,RBLBANK.NS,0.7732,0.75,HIGH,4.7158,6.5984,0,0,TRAIN
2025-10-07,KNOW_TOP5,DN,ZYDUSWELL.NS,0.7613,0.75,HIGH,1.932,1.2658,0,0,TRAIN
2025-10-07,KNOW_TOP5,DN,DEEPAKNTR.NS,0.744,0.75,HIGH,-0.3718,-0.7048,1,0,TRAIN
2025-10-07,V3_TOP5,DN,KPITTECH.NS,0.838,0.375,MEDIUM,-0.8287,-1.4011,1,0,TRAIN
2025-10-07,V3_TOP5,DN,GODREJAGRO.NS,0.8375,0.75,HIGH,-0.3412,-1.9435,1,0,TRAIN
2025-10-07,V3_TOP5,DN,PGHH.NS,0.8119,0.5,MEDIUM,0.063,0.091,0,0,TRAIN
2025-10-07,V3_TOP5,DN,JINDALSTEL.NS,0.7784,0.875,HIGH,-1.4027,-1.7897,1,0,TRAIN
2025-10-07,V3_TOP5,DN,RBLBANK.NS,0.7732,0.75,HIGH,4.7158,6.5984,0,0,TRAIN
2025-10-07,RAND_TOP5,DN,JINDALSTEL.NS,0.7784,0.875,HIGH,-1.4027,-1.7897,1,0,TRAIN
2025-10-07,RAND_TOP5,DN,KPITTECH.NS,0.838,0.375,MEDIUM,-0.8287,-1.4011,1,0,TRAIN
2025-10-07,RAND_TOP5,DN,DEEPAKNTR.NS,0.744,0.75,HIGH,-0.3718,-0.7048,1,0,TRAIN
2025-10-07,RAND_TOP5,DN,ASHOKLEY.NS,0.7511,0.625,HIGH,-0.329,-1.6306,1,0,TRAIN
2025-10-07,RAND_TOP5,DN,DEEPAKFERT.NS,0.6967,0.625,HIGH,0.0389,-3.0252,0,0,TRAIN
2025-10-08,KNOW_TOP5,DN,SAIL.NS,0.7614,0.875,HIGH,3.5985,0.5998,0,0,TRAIN
2025-10-08,KNOW_TOP5,DN,MGL.NS,0.6668,0.875,HIGH,0.9382,1.2197,0,0,TRAIN
2025-10-08,KNOW_TOP5,DN,JINDALSTEL.NS,0.7898,0.75,HIGH,2.0703,-1.1381,0,0,TRAIN
2025-10-08,KNOW_TOP5,DN,MOIL.NS,0.7783,0.75,HIGH,4.9401,1.7634,0,0,TRAIN
2025-10-08,KNOW_TOP5,DN,PFC.NS,0.7281,0.75,HIGH,0.5875,0.775,0,0,TRAIN
2025-10-08,V3_TOP5,DN,RATNAMANI.NS,0.8141,0.625,HIGH,0.047,-0.8166,0,0,TRAIN
2025-10-08,V3_TOP5,DN,JINDALSTEL.NS,0.7898,0.75,HIGH,2.0703,-1.1381,0,0,TRAIN
2025-10-08,V3_TOP5,DN,VGUARD.NS,0.7847,0.625,HIGH,-1.6419,-0.8981,1,0,TRAIN
2025-10-08,V3_TOP5,DN,MOIL.NS,0.7783,0.75,HIGH,4.9401,1.7634,0,0,TRAIN
2025-10-08,V3_TOP5,DN,GODREJAGRO.NS,0.7694,0.5,MEDIUM,-0.6699,-0.268,1,0,TRAIN
2025-10-08,RAND_TOP5,DN,MOIL.NS,0.7783,0.75,HIGH,4.9401,1.7634,0,0,TRAIN
2025-10-08,RAND_TOP5,DN,RATNAMANI.NS,0.8141,0.625,HIGH,0.047,-0.8166,0,0,TRAIN
2025-10-08,RAND_TOP5,DN,VINATIORGA.NS,0.7242,0.625,HIGH,-0.2186,0.1654,1,0,TRAIN
2025-10-08,RAND_TOP5,DN,PFC.NS,0.7281,0.75,HIGH,0.5875,0.775,0,0,TRAIN
2025-10-08,RAND_TOP5,DN,DABUR.NS,0.6708,0.5,MEDIUM,1.0934,1.5828,0,0,TRAIN
2025-10-09,KNOW_TOP5,DN,JINDALSTEL.NS,0.7387,0.875,HIGH,-2.4128,-4.2584,1,1,TRAIN
2025-10-09,KNOW_TOP5,DN,ADANIPORTS.NS,0.6988,0.875,HIGH,0.9888,2.3932,0,0,TRAIN
2025-10-09,KNOW_TOP5,DN,MASTEK.NS,0.6959,0.875,HIGH,1.8367,0.3164,0,0,TRAIN
2025-10-09,KNOW_TOP5,DN,RATEGAIN.NS,0.8491,0.75,HIGH,-0.8996,-4.3674,1,0,TRAIN
2025-10-09,KNOW_TOP5,DN,VGUARD.NS,0.7861,0.75,HIGH,-0.5992,0.2283,1,0,TRAIN
2025-10-09,V3_TOP5,DN,RATEGAIN.NS,0.8491,0.75,HIGH,-0.8996,-4.3674,1,0,TRAIN
2025-10-09,V3_TOP5,DN,GODREJAGRO.NS,0.8147,0.625,HIGH,-0.9442,-1.6261,1,0,TRAIN
2025-10-09,V3_TOP5,DN,VGUARD.NS,0.7861,0.75,HIGH,-0.5992,0.2283,1,0,TRAIN
2025-10-09,V3_TOP5,DN,STLTECH.NS,0.7807,0.75,HIGH,-1.4023,-4.8572,1,0,TRAIN
2025-10-09,V3_TOP5,DN,PGHH.NS,0.7479,0.625,HIGH,0.6904,0.3664,0,0,TRAIN
2025-10-09,RAND_TOP5,DN,STLTECH.NS,0.7807,0.75,HIGH,-1.4023,-4.8572,1,0,TRAIN
2025-10-09,RAND_TOP5,DN,RATEGAIN.NS,0.8491,0.75,HIGH,-0.8996,-4.3674,1,0,TRAIN
2025-10-09,RAND_TOP5,DN,RATNAMANI.NS,0.7202,0.75,HIGH,0.0299,-0.9017,0,0,TRAIN
2025-10-09,RAND_TOP5,DN,VINATIORGA.NS,0.7385,0.75,HIGH,1.9361,-0.598,0,0,TRAIN
2025-10-09,RAND_TOP5,DN,DEEPAKFERT.NS,0.6954,0.625,HIGH,-0.9921,-6.3492,1,0,TRAIN
2025-10-10,KNOW_TOP5,DN,SAIL.NS,0.7147,0.875,HIGH,0.2572,-1.4224,0,0,TRAIN
2025-10-10,KNOW_TOP5,DN,RATEGAIN.NS,0.9247,0.75,HIGH,-2.877,-6.8082,1,1,TRAIN
2025-10-10,KNOW_TOP5,DN,STLTECH.NS,0.8124,0.75,HIGH,1.2166,1.525,0,0,TRAIN
2025-10-10,KNOW_TOP5,DN,JINDALSTEL.NS,0.7815,0.75,HIGH,-0.7486,-1.3593,1,0,TRAIN
2025-10-10,KNOW_TOP5,DN,MIDHANI.NS,0.7513,0.75,HIGH,-2.4833,-0.579,1,1,TRAIN
2025-10-10,V3_TOP5,DN,RATEGAIN.NS,0.9247,0.75,HIGH,-2.877,-6.8082,1,1,TRAIN
2025-10-10,V3_TOP5,DN,SHYAMMETL.NS,0.8506,0.5,MEDIUM,-0.6226,-1.7227,1,0,TRAIN
2025-10-10,V3_TOP5,DN,MOIL.NS,0.8401,0.625,HIGH,-2.3382,-0.1033,1,1,TRAIN
2025-10-10,V3_TOP5,DN,GODREJAGRO.NS,0.8245,0.625,HIGH,1.3617,-1.2104,0,0,TRAIN
2025-10-10,V3_TOP5,DN,STLTECH.NS,0.8124,0.75,HIGH,1.2166,1.525,0,0,TRAIN
2025-10-10,RAND_TOP5,DN,GODREJAGRO.NS,0.8245,0.625,HIGH,1.3617,-1.2104,0,0,TRAIN
2025-10-10,RAND_TOP5,DN,RATEGAIN.NS,0.9247,0.75,HIGH,-2.877,-6.8082,1,1,TRAIN
2025-10-10,RAND_TOP5,DN,KALYANKJIL.NS,0.7548,0.5,MEDIUM,-2.0728,-1.6191,1,1,TRAIN
2025-10-10,RAND_TOP5,DN,JINDALSTEL.NS,0.7815,0.75,HIGH,-0.7486,-1.3593,1,0,TRAIN
2025-10-10,RAND_TOP5,DN,PFC.NS,0.6988,0.75,HIGH,-0.1857,0.2848,1,0,TRAIN
2025-10-13,KNOW_TOP5,DN,RATEGAIN.NS,0.9067,0.75,HIGH,-0.6407,-0.0904,1,0,TRAIN
2025-10-13,KNOW_TOP5,DN,MRPL.NS,0.8956,0.75,HIGH,-1.1497,0.659,1,0,TRAIN
2025-10-13,KNOW_TOP5,DN,SHYAMMETL.NS,0.81,0.75,HIGH,0.2754,-1.0531,0,0,TRAIN
2025-10-13,KNOW_TOP5,DN,DEEPAKFERT.NS,0.7805,0.75,HIGH,-4.5886,-2.8974,1,1,TRAIN
2025-10-13,KNOW_TOP5,DN,KALYANKJIL.NS,0.7788,0.75,HIGH,-1.1268,2.6011,1,0,TRAIN
2025-10-13,V3_TOP5,DN,RATEGAIN.NS,0.9067,0.75,HIGH,-0.6407,-0.0904,1,0,TRAIN
2025-10-13,V3_TOP5,DN,MRPL.NS,0.8956,0.75,HIGH,-1.1497,0.659,1,0,TRAIN
2025-10-13,V3_TOP5,DN,MOIL.NS,0.8831,0.5,MEDIUM,-0.5159,0.4101,1,0,TRAIN
2025-10-13,V3_TOP5,DN,PNBHOUSING.NS,0.8182,0.625,HIGH,-1.1896,-1.1544,1,0,TRAIN
2025-10-13,V3_TOP5,DN,SHYAMMETL.NS,0.81,0.75,HIGH,0.2754,-1.0531,0,0,TRAIN
2025-10-13,RAND_TOP5,DN,PNBHOUSING.NS,0.8182,0.625,HIGH,-1.1896,-1.1544,1,0,TRAIN
2025-10-13,RAND_TOP5,DN,RATEGAIN.NS,0.9067,0.75,HIGH,-0.6407,-0.0904,1,0,TRAIN
2025-10-13,RAND_TOP5,DN,MIDHANI.NS,0.7593,0.75,HIGH,-0.2639,-0.3562,1,0,TRAIN
2025-10-13,RAND_TOP5,DN,AXISBANK.NS,0.7598,0.5,MEDIUM,-1.076,0.5632,1,0,TRAIN
2025-10-13,RAND_TOP5,DN,OLECTRA.NS,0.6985,0.625,HIGH,-1.8355,-2.1539,1,0,TRAIN
2025-10-14,KNOW_TOP5,DN,IDEA.NS,0.747,1.0,HIGH,4.6651,4.067,0,0,TRAIN
2025-10-14,KNOW_TOP5,DN,DEEPAKFERT.NS,0.7236,0.875,HIGH,0.2472,2.048,0,0,TRAIN
2025-10-14,KNOW_TOP5,DN,PETRONET.NS,0.7226,0.875,HIGH,1.0114,-0.4515,0,0,TRAIN
2025-10-14,KNOW_TOP5,DN,MRPL.NS,0.9094,0.75,HIGH,0.773,-0.0993,0,0,TRAIN
2025-10-14,KNOW_TOP5,DN,STLTECH.NS,0.82,0.75,HIGH,5.2118,2.7968,0,0,TRAIN
2025-10-14,V3_TOP5,DN,MRPL.NS,0.9094,0.75,HIGH,0.773,-0.0993,0,0,TRAIN
2025-10-14,V3_TOP5,DN,RATEGAIN.NS,0.8973,0.625,HIGH,-3.4289,-1.3503,1,1,TRAIN
2025-10-14,V3_TOP5,DN,STLTECH.NS,0.82,0.75,HIGH,5.2118,2.7968,0,0,TRAIN
2025-10-14,V3_TOP5,DN,RAILTEL.NS,0.801,0.625,HIGH,2.0927,0.7113,0,0,TRAIN
2025-10-14,V3_TOP5,DN,OFSS.NS,0.789,0.75,HIGH,-2.1564,-1.8939,1,1,TRAIN
2025-10-14,RAND_TOP5,DN,RAILTEL.NS,0.801,0.625,HIGH,2.0927,0.7113,0,0,TRAIN
2025-10-14,RAND_TOP5,DN,MRPL.NS,0.9094,0.75,HIGH,0.773,-0.0993,0,0,TRAIN
2025-10-14,RAND_TOP5,DN,KALYANKJIL.NS,0.7555,0.75,HIGH,1.6083,4.3455,0,0,TRAIN
2025-10-14,RAND_TOP5,DN,BATAINDIA.NS,0.7685,0.625,HIGH,-0.0445,2.3217,1,0,TRAIN
2025-10-14,RAND_TOP5,DN,GRSE.NS,0.7087,0.75,HIGH,2.2206,1.3269,0,0,TRAIN
2025-10-15,KNOW_TOP5,DN,BATAINDIA.NS,0.7894,0.875,HIGH,2.1358,3.6576,0,0,TRAIN
2025-10-15,KNOW_TOP5,DN,POLICYBZR.NS,0.6879,0.875,HIGH,1.0095,-1.8458,0,0,TRAIN
2025-10-15,KNOW_TOP5,DN,MRPL.NS,0.8991,0.75,HIGH,1.0486,6.6362,0,0,TRAIN
2025-10-15,KNOW_TOP5,DN,RATEGAIN.NS,0.8865,0.75,HIGH,4.1241,1.0212,0,0,TRAIN
2025-10-15,KNOW_TOP5,DN,OFSS.NS,0.8403,0.75,HIGH,0.4511,-1.9584,0,0,TRAIN
2025-10-15,V3_TOP5,DN,MRPL.NS,0.8991,0.75,HIGH,1.0486,6.6362,0,0,TRAIN
2025-10-15,V3_TOP5,DN,RATEGAIN.NS,0.8865,0.75,HIGH,4.1241,1.0212,0,0,TRAIN
2025-10-15,V3_TOP5,DN,OFSS.NS,0.8403,0.75,HIGH,0.4511,-1.9584,0,0,TRAIN
2025-10-15,V3_TOP5,DN,RAILTEL.NS,0.7908,0.625,HIGH,-0.1206,-1.0048,1,0,TRAIN
2025-10-15,V3_TOP5,DN,BATAINDIA.NS,0.7894,0.875,HIGH,2.1358,3.6576,0,0,TRAIN
2025-10-15,RAND_TOP5,DN,RAILTEL.NS,0.7908,0.625,HIGH,-0.1206,-1.0048,1,0,TRAIN
2025-10-15,RAND_TOP5,DN,MRPL.NS,0.8991,0.75,HIGH,1.0486,6.6362,0,0,TRAIN
2025-10-15,RAND_TOP5,DN,IGL.NS,0.7594,0.625,HIGH,0.8163,-2.2412,0,0,TRAIN
2025-10-15,RAND_TOP5,DN,IDEA.NS,0.7638,0.75,HIGH,1.1429,2.1714,0,0,TRAIN
2025-10-15,RAND_TOP5,DN,GODREJAGRO.NS,0.6894,0.75,HIGH,0.9419,1.409,0,0,TRAIN
2025-10-16,KNOW_TOP5,DN,PARAS.NS,0.7612,0.875,HIGH,0.3342,1.7138,0,0,TRAIN
2025-10-16,KNOW_TOP5,DN,KEI.NS,0.7534,0.875,HIGH,-0.9946,-0.6902,1,0,TRAIN
2025-10-16,KNOW_TOP5,DN,MIDHANI.NS,0.7493,0.75,HIGH,0.715,1.205,0,0,TRAIN
2025-10-16,KNOW_TOP5,DN,VEDL.NS,0.7482,0.75,HIGH,-1.0541,-0.7201,1,0,TRAIN
2025-10-16,KNOW_TOP5,DN,IDFCFIRSTB.NS,0.7298,0.75,HIGH,0.1254,6.9369,0,0,TRAIN
2025-10-16,V3_TOP5,DN,MRPL.NS,0.8648,0.625,HIGH,-1.8943,4.7845,1,0,TRAIN
2025-10-16,V3_TOP5,DN,MOIL.NS,0.8646,0.625,HIGH,-2.806,-1.2647,1,1,TRAIN
2025-10-16,V3_TOP5,DN,HINDZINC.NS,0.8335,0.625,HIGH,-1.2729,-4.5096,1,0,TRAIN
2025-10-16,V3_TOP5,DN,OFSS.NS,0.8239,0.625,HIGH,-0.1819,-2.0008,1,0,TRAIN
2025-10-16,V3_TOP5,DN,RATEGAIN.NS,0.8226,0.625,HIGH,-1.8936,-1.2825,1,0,TRAIN
2025-10-16,RAND_TOP5,DN,OFSS.NS,0.8239,0.625,HIGH,-0.1819,-2.0008,1,0,TRAIN
2025-10-16,RAND_TOP5,DN,MRPL.NS,0.8648,0.625,HIGH,-1.8943,4.7845,1,0,TRAIN
2025-10-16,RAND_TOP5,DN,PARAS.NS,0.7612,0.875,HIGH,0.3342,1.7138,0,0,TRAIN
2025-10-16,RAND_TOP5,DN,SAIL.NS,0.801,0.625,HIGH,-2.0551,-1.0884,1,1,TRAIN
2025-10-16,RAND_TOP5,DN,IDFCFIRSTB.NS,0.7298,0.75,HIGH,0.1254,6.9369,0,0,TRAIN
2025-10-17,KNOW_TOP5,DN,YESBANK.NS,0.8645,0.875,HIGH,1.7528,2.1124,0,0,TRAIN
2025-10-17,KNOW_TOP5,DN,AUROPHARMA.NS,0.7508,0.875,HIGH,-0.1453,-0.1726,1,0,TRAIN
2025-10-17,KNOW_TOP5,DN,KEI.NS,0.7362,0.875,HIGH,0.3486,-1.2079,0,0,TRAIN
2025-10-17,KNOW_TOP5,DN,WIPRO.NS,0.7176,0.875,HIGH,0.1411,1.4114,0,0,TRAIN
2025-10-17,KNOW_TOP5,DN,INFY.NS,0.7085,0.875,HIGH,1.374,6.0648,0,0,TRAIN
2025-10-17,V3_TOP5,DN,YESBANK.NS,0.8645,0.875,HIGH,1.7528,2.1124,0,0,TRAIN
2025-10-17,V3_TOP5,DN,MOIL.NS,0.8261,0.75,HIGH,0.5964,0.1762,0,0,TRAIN
2025-10-17,V3_TOP5,DN,IGL.NS,0.807,0.75,HIGH,-0.4994,3.136,1,0,TRAIN
2025-10-17,V3_TOP5,DN,MRPL.NS,0.7978,0.75,HIGH,7.5673,3.6417,0,0,TRAIN
2025-10-17,V3_TOP5,DN,RATEGAIN.NS,0.7814,0.75,HIGH,-1.1074,0.0692,1,0,TRAIN
2025-10-17,RAND_TOP5,DN,MRPL.NS,0.7978,0.75,HIGH,7.5673,3.6417,0,0,TRAIN
2025-10-17,RAND_TOP5,DN,YESBANK.NS,0.8645,0.875,HIGH,1.7528,2.1124,0,0,TRAIN
2025-10-17,RAND_TOP5,DN,JPPOWER.NS,0.7357,0.75,HIGH,-0.1675,0.4467,1,0,TRAIN
2025-10-17,RAND_TOP5,DN,KEI.NS,0.7362,0.875,HIGH,0.3486,-1.2079,0,0,TRAIN
2025-10-17,RAND_TOP5,DN,IDEA.NS,0.7017,0.625,HIGH,2.7586,9.4253,0,0,TRAIN
2025-10-20,KNOW_TOP5,DN,OFSS.NS,0.7839,0.875,HIGH,0.4077,-0.2388,0,0,TRAIN
2025-10-20,KNOW_TOP5,DN,JSWENERGY.NS,0.6954,0.875,HIGH,0.5522,1.1329,0,0,TRAIN
2025-10-20,KNOW_TOP5,DN,YESBANK.NS,0.886,0.75,HIGH,0.4859,0.1325,0,0,TRAIN
2025-10-20,KNOW_TOP5,DN,PFIZER.NS,0.8467,0.75,HIGH,0.5071,0.3099,0,0,TRAIN
2025-10-20,KNOW_TOP5,DN,HINDZINC.NS,0.8216,0.75,HIGH,-0.5243,0.0617,1,0,TRAIN
2025-10-20,V3_TOP5,DN,YESBANK.NS,0.886,0.75,HIGH,0.4859,0.1325,0,0,TRAIN
2025-10-20,V3_TOP5,DN,PFIZER.NS,0.8467,0.75,HIGH,0.5071,0.3099,0,0,TRAIN
2025-10-20,V3_TOP5,DN,HINDZINC.NS,0.8216,0.75,HIGH,-0.5243,0.0617,1,0,TRAIN
2025-10-20,V3_TOP5,DN,NOCIL.NS,0.8197,0.75,HIGH,0.6286,4.8064,0,0,TRAIN
2025-10-20,V3_TOP5,DN,IGL.NS,0.8111,0.75,HIGH,0.111,1.9161,0,0,TRAIN
2025-10-20,RAND_TOP5,DN,NOCIL.NS,0.8197,0.75,HIGH,0.6286,4.8064,0,0,TRAIN
2025-10-20,RAND_TOP5,DN,YESBANK.NS,0.886,0.75,HIGH,0.4859,0.1325,0,0,TRAIN
2025-10-20,RAND_TOP5,DN,OFSS.NS,0.7839,0.875,HIGH,0.4077,-0.2388,0,0,TRAIN
2025-10-20,RAND_TOP5,DN,AUROPHARMA.NS,0.7841,0.75,HIGH,0.1001,-1.3098,0,0,TRAIN
2025-10-20,RAND_TOP5,DN,AMBER.NS,0.6954,0.625,HIGH,0.0061,0.9278,0,0,TRAIN
2025-10-21,KNOW_TOP5,DN,ICICIBANK.NS,0.6577,0.75,HIGH,-1.3242,-0.3184,1,0,TRAIN
2025-10-21,KNOW_TOP5,DN,TEJASNET.NS,0.7913,0.625,HIGH,-1.6404,-0.8111,1,0,TRAIN
2025-10-21,KNOW_TOP5,DN,HINDZINC.NS,0.7829,0.625,HIGH,-0.3513,-0.3203,1,0,TRAIN
2025-10-21,KNOW_TOP5,DN,POLYCAB.NS,0.7128,0.625,HIGH,-1.1374,0.8087,1,0,TRAIN
2025-10-21,KNOW_TOP5,DN,JSWENERGY.NS,0.6827,0.625,HIGH,0.9847,0.2367,0,0,TRAIN
2025-10-21,V3_TOP5,DN,TEJASNET.NS,0.7913,0.625,HIGH,-1.6404,-0.8111,1,0,TRAIN
2025-10-21,V3_TOP5,DN,HINDZINC.NS,0.7829,0.625,HIGH,-0.3513,-0.3203,1,0,TRAIN
2025-10-21,V3_TOP5,DN,INFY.NS,0.7288,0.375,MEDIUM,3.8101,2.1801,0,0,TRAIN
2025-10-21,V3_TOP5,DN,POLYCAB.NS,0.7128,0.625,HIGH,-1.1374,0.8087,1,0,TRAIN
2025-10-21,V3_TOP5,DN,JSWENERGY.NS,0.6827,0.625,HIGH,0.9847,0.2367,0,0,TRAIN
2025-10-21,RAND_TOP5,DN,POLYCAB.NS,0.7128,0.625,HIGH,-1.1374,0.8087,1,0,TRAIN
2025-10-21,RAND_TOP5,DN,TEJASNET.NS,0.7913,0.625,HIGH,-1.6404,-0.8111,1,0,TRAIN
2025-10-21,RAND_TOP5,DN,MUTHOOTFIN.NS,0.6428,0.375,MEDIUM,-2.8277,-3.9332,1,1,TRAIN
2025-10-21,RAND_TOP5,DN,FEDERALBNK.NS,0.6553,0.5,MEDIUM,0.1847,2.9019,0,0,TRAIN
2025-10-21,RAND_TOP5,DN,IDFCFIRSTB.NS,0.5212,0.375,MEDIUM,2.8527,1.6413,0,0,TRAIN
2025-10-23,KNOW_TOP5,DN,MAPMYINDIA.NS,0.9165,0.75,HIGH,0.5355,0.138,0,0,TRAIN
2025-10-23,KNOW_TOP5,DN,KEI.NS,0.8514,0.75,HIGH,1.0904,-0.4263,0,0,TRAIN
2025-10-23,KNOW_TOP5,DN,TEJASNET.NS,0.8353,0.75,HIGH,-0.176,0.7783,1,0,TRAIN
2025-10-23,KNOW_TOP5,DN,ICICIGI.NS,0.8196,0.75,HIGH,0.7427,2.0109,0,0,TRAIN
2025-10-23,KNOW_TOP5,DN,DIVISLAB.NS,0.7678,0.75,HIGH,0.4189,-1.9344,0,0,TRAIN
2025-10-23,V3_TOP5,DN,MAPMYINDIA.NS,0.9165,0.75,HIGH,0.5355,0.138,0,0,TRAIN
2025-10-23,V3_TOP5,DN,MOIL.NS,0.865,0.625,HIGH,1.1636,-0.6359,0,0,TRAIN
2025-10-23,V3_TOP5,DN,YESBANK.NS,0.8609,0.625,HIGH,-0.2201,0.044,1,0,TRAIN
2025-10-23,V3_TOP5,DN,KEI.NS,0.8514,0.75,HIGH,1.0904,-0.4263,0,0,TRAIN
2025-10-23,V3_TOP5,DN,TEJASNET.NS,0.8353,0.75,HIGH,-0.176,0.7783,1,0,TRAIN
2025-10-23,RAND_TOP5,DN,KEI.NS,0.8514,0.75,HIGH,1.0904,-0.4263,0,0,TRAIN
2025-10-23,RAND_TOP5,DN,MAPMYINDIA.NS,0.9165,0.75,HIGH,0.5355,0.138,0,0,TRAIN
2025-10-23,RAND_TOP5,DN,BSE.NS,0.765,0.375,MEDIUM,-0.5025,-2.7256,1,0,TRAIN
2025-10-23,RAND_TOP5,DN,DIVISLAB.NS,0.7678,0.75,HIGH,0.4189,-1.9344,0,0,TRAIN
2025-10-23,RAND_TOP5,DN,JSWENERGY.NS,0.7171,0.625,HIGH,-0.4032,0.5719,1,0,TRAIN
2025-10-24,KNOW_TOP5,DN,METROBRAND.NS,0.7071,0.875,HIGH,3.6167,0.2816,0,0,TRAIN
2025-10-24,KNOW_TOP5,DN,BSE.NS,0.8633,0.75,HIGH,1.4222,-1.1192,0,0,TRAIN
2025-10-24,KNOW_TOP5,DN,TEJASNET.NS,0.8451,0.75,HIGH,1.021,0.659,0,0,TRAIN
2025-10-24,KNOW_TOP5,DN,MUTHOOTFIN.NS,0.7928,0.75,HIGH,-0.5438,0.6354,1,0,TRAIN
2025-10-24,KNOW_TOP5,DN,PERSISTENT.NS,0.7739,0.75,HIGH,0.8943,1.1174,0,0,TRAIN
2025-10-24,V3_TOP5,DN,TATACOMM.NS,0.9286,0.625,HIGH,2.3892,0.7226,0,0,TRAIN
2025-10-24,V3_TOP5,DN,BSE.NS,0.8633,0.75,HIGH,1.4222,-1.1192,0,0,TRAIN
2025-10-24,V3_TOP5,DN,TEJASNET.NS,0.8451,0.75,HIGH,1.021,0.659,0,0,TRAIN
2025-10-24,V3_TOP5,DN,YESBANK.NS,0.8205,0.625,HIGH,0.4411,0.0882,0,0,TRAIN
2025-10-24,V3_TOP5,DN,MUTHOOTFIN.NS,0.7928,0.75,HIGH,-0.5438,0.6354,1,0,TRAIN
2025-10-24,RAND_TOP5,DN,YESBANK.NS,0.8205,0.625,HIGH,0.4411,0.0882,0,0,TRAIN
2025-10-24,RAND_TOP5,DN,TATACOMM.NS,0.9286,0.625,HIGH,2.3892,0.7226,0,0,TRAIN
2025-10-24,RAND_TOP5,DN,WIPRO.NS,0.77,0.625,HIGH,0.3827,-0.2881,0,0,TRAIN
2025-10-24,RAND_TOP5,DN,PERSISTENT.NS,0.7739,0.75,HIGH,0.8943,1.1174,0,0,TRAIN
2025-10-24,RAND_TOP5,DN,DIVISLAB.NS,0.7097,0.625,HIGH,-1.5623,-1.2286,1,0,TRAIN
2025-10-27,KNOW_TOP5,DN,NAVINFLUOR.NS,0.8162,0.875,HIGH,-0.965,-1.3851,1,0,TRAIN
2025-10-27,KNOW_TOP5,DN,SAPPHIRE.NS,0.7692,0.875,HIGH,-1.5477,6.0148,1,0,TRAIN
2025-10-27,KNOW_TOP5,DN,COLPAL.NS,0.748,0.875,HIGH,0.7309,1.7505,0,0,TRAIN
2025-10-27,KNOW_TOP5,DN,BRITANNIA.NS,0.7239,0.875,HIGH,-0.8627,-0.888,1,0,TRAIN
2025-10-27,KNOW_TOP5,DN,HINDUNILVR.NS,0.703,0.875,HIGH,-0.5852,-1.6801,1,0,TRAIN
2025-10-27,V3_TOP5,DN,NAVINFLUOR.NS,0.8162,0.875,HIGH,-0.965,-1.3851,1,0,TRAIN
2025-10-27,V3_TOP5,DN,TEJASNET.NS,0.8155,0.625,HIGH,-0.0643,-1.47,1,0,TRAIN
2025-10-27,V3_TOP5,DN,MUTHOOTFIN.NS,0.8102,0.75,HIGH,1.1475,1.4463,0,0,TRAIN
2025-10-27,V3_TOP5,DN,ICICIGI.NS,0.79,0.75,HIGH,1.6412,1.3945,0,0,TRAIN
2025-10-27,V3_TOP5,DN,WHIRLPOOL.NS,0.7877,0.5,MEDIUM,-0.7188,2.1348,1,0,TRAIN
2025-10-27,RAND_TOP5,DN,ICICIGI.NS,0.79,0.75,HIGH,1.6412,1.3945,0,0,TRAIN
2025-10-27,RAND_TOP5,DN,NAVINFLUOR.NS,0.8162,0.875,HIGH,-0.965,-1.3851,1,0,TRAIN
2025-10-27,RAND_TOP5,DN,SRF.NS,0.7655,0.75,HIGH,0.2749,-1.2685,0,0,TRAIN
2025-10-27,RAND_TOP5,DN,SAPPHIRE.NS,0.7692,0.875,HIGH,-1.5477,6.0148,1,0,TRAIN
2025-10-27,RAND_TOP5,DN,BRITANNIA.NS,0.7239,0.875,HIGH,-0.8627,-0.888,1,0,TRAIN
2025-10-28,KNOW_TOP5,DN,SAPPHIRE.NS,0.7816,0.875,HIGH,4.1265,2.1972,0,0,TRAIN
2025-10-28,KNOW_TOP5,DN,RADICO.NS,0.8515,0.75,HIGH,-0.759,-1.7815,1,0,TRAIN
2025-10-28,KNOW_TOP5,DN,NAVINFLUOR.NS,0.8498,0.75,HIGH,-0.4002,13.7935,1,0,TRAIN
2025-10-28,KNOW_TOP5,DN,MUTHOOTFIN.NS,0.8324,0.75,HIGH,0.0377,-0.1037,0,0,TRAIN
2025-10-28,KNOW_TOP5,DN,NESTLEIND.NS,0.7829,0.75,HIGH,0.1574,0.0472,0,0,TRAIN
2025-10-28,V3_TOP5,DN,RADICO.NS,0.8515,0.75,HIGH,-0.759,-1.7815,1,0,TRAIN
2025-10-28,V3_TOP5,DN,NAVINFLUOR.NS,0.8498,0.75,HIGH,-0.4002,13.7935,1,0,TRAIN
2025-10-28,V3_TOP5,DN,RBLBANK.NS,0.8375,0.5,MEDIUM,-0.4614,0.3845,1,0,TRAIN
2025-10-28,V3_TOP5,DN,MUTHOOTFIN.NS,0.8324,0.75,HIGH,0.0377,-0.1037,0,0,TRAIN
2025-10-28,V3_TOP5,DN,CIPLA.NS,0.7947,0.625,HIGH,0.829,-4.2599,0,0,TRAIN
2025-10-28,RAND_TOP5,DN,MUTHOOTFIN.NS,0.8324,0.75,HIGH,0.0377,-0.1037,0,0,TRAIN
2025-10-28,RAND_TOP5,DN,RADICO.NS,0.8515,0.75,HIGH,-0.759,-1.7815,1,0,TRAIN
2025-10-28,RAND_TOP5,DN,BATAINDIA.NS,0.7757,0.75,HIGH,-2.1798,-2.7611,1,1,TRAIN
2025-10-28,RAND_TOP5,DN,SAPPHIRE.NS,0.7816,0.875,HIGH,4.1265,2.1972,0,0,TRAIN
2025-10-28,RAND_TOP5,DN,ADANIPORTS.NS,0.7112,0.625,HIGH,2.6024,2.3697,0,0,TRAIN
2025-10-29,KNOW_TOP5,DN,RADICO.NS,0.8888,0.875,HIGH,-0.6131,0.9323,1,0,TRAIN
2025-10-29,KNOW_TOP5,DN,BOSCHLTD.NS,0.7661,0.875,HIGH,-0.4548,-0.9497,1,0,TRAIN
2025-10-29,KNOW_TOP5,DN,TVSMOTOR.NS,0.7461,0.875,HIGH,-0.2058,0.3315,1,0,TRAIN
2025-10-29,KNOW_TOP5,DN,DRREDDY.NS,0.7293,0.875,HIGH,-3.8932,-4.3888,1,1,TRAIN
2025-10-29,KNOW_TOP5,DN,BATAINDIA.NS,0.8017,0.75,HIGH,-0.4643,-0.6035,1,0,TRAIN
2025-10-29,V3_TOP5,DN,RADICO.NS,0.8888,0.875,HIGH,-0.6131,0.9323,1,0,TRAIN
2025-10-29,V3_TOP5,DN,NAVINFLUOR.NS,0.8353,0.625,HIGH,-0.0241,18.632,1,0,TRAIN
2025-10-29,V3_TOP5,DN,CIPLA.NS,0.8085,0.5,MEDIUM,-2.5931,-4.402,1,1,TRAIN
2025-10-29,V3_TOP5,DN,BATAINDIA.NS,0.8017,0.75,HIGH,-0.4643,-0.6035,1,0,TRAIN
2025-10-29,V3_TOP5,DN,APOLLOTYRE.NS,0.8001,0.625,HIGH,-0.5044,0.7714,1,0,TRAIN
2025-10-29,RAND_TOP5,DN,BATAINDIA.NS,0.8017,0.75,HIGH,-0.4643,-0.6035,1,0,TRAIN
2025-10-29,RAND_TOP5,DN,RADICO.NS,0.8888,0.875,HIGH,-0.6131,0.9323,1,0,TRAIN
2025-10-29,RAND_TOP5,DN,WHIRLPOOL.NS,0.7684,0.375,MEDIUM,0.6874,-2.3313,0,0,TRAIN
2025-10-29,RAND_TOP5,DN,SAPPHIRE.NS,0.7732,0.5,MEDIUM,3.414,-1.7327,0,0,TRAIN
2025-10-29,RAND_TOP5,DN,VOLTAS.NS,0.7227,0.625,HIGH,0.0705,-3.7426,0,0,TRAIN
2025-10-30,KNOW_TOP5,DN,CIPLA.NS,0.8461,0.875,HIGH,-2.5193,-2.3895,1,1,TRAIN
2025-10-30,KNOW_TOP5,DN,BATAINDIA.NS,0.7686,0.875,HIGH,-0.1306,-0.5504,1,0,TRAIN
2025-10-30,KNOW_TOP5,DN,BOSCHLTD.NS,0.7551,0.875,HIGH,0.0941,1.72,0,0,TRAIN
2025-10-30,KNOW_TOP5,DN,RATNAMANI.NS,0.7325,0.875,HIGH,0.3144,1.2494,0,0,TRAIN
2025-10-30,KNOW_TOP5,DN,AMBER.NS,0.6969,0.875,HIGH,-0.606,-3.5619,1,0,TRAIN
2025-10-30,V3_TOP5,DN,RADICO.NS,0.8729,0.75,HIGH,-0.4198,1.7458,1,0,TRAIN
2025-10-30,V3_TOP5,DN,CIPLA.NS,0.8461,0.875,HIGH,-2.5193,-2.3895,1,1,TRAIN
2025-10-30,V3_TOP5,DN,DRREDDY.NS,0.8396,0.75,HIGH,-0.3826,-0.183,1,0,TRAIN
2025-10-30,V3_TOP5,DN,APOLLOTYRE.NS,0.7803,0.75,HIGH,-0.2982,3.8469,1,0,TRAIN
2025-10-30,V3_TOP5,DN,BATAINDIA.NS,0.7686,0.875,HIGH,-0.1306,-0.5504,1,0,TRAIN
2025-10-30,RAND_TOP5,DN,APOLLOTYRE.NS,0.7803,0.75,HIGH,-0.2982,3.8469,1,0,TRAIN
2025-10-30,RAND_TOP5,DN,RADICO.NS,0.8729,0.75,HIGH,-0.4198,1.7458,1,0,TRAIN
2025-10-30,RAND_TOP5,DN,HFCL.NS,0.7343,0.75,HIGH,-1.5535,3.0802,1,0,TRAIN
2025-10-30,RAND_TOP5,DN,NAVINFLUOR.NS,0.7349,0.625,HIGH,14.2783,21.6645,0,0,TRAIN
2025-10-30,RAND_TOP5,DN,IDFCFIRSTB.NS,0.7046,0.625,HIGH,3.5981,2.7873,0,0,TRAIN
2025-10-31,KNOW_TOP5,DN,DRREDDY.NS,0.8384,0.875,HIGH,-0.1336,0.6346,1,0,TRAIN
2025-10-31,KNOW_TOP5,DN,CIPLA.NS,0.8041,0.875,HIGH,0.6794,0.0133,0,0,TRAIN
2025-10-31,KNOW_TOP5,DN,RADICO.NS,0.8478,0.75,HIGH,1.9831,1.7372,0,0,TRAIN
2025-10-31,KNOW_TOP5,DN,IDEA.NS,0.8208,0.75,HIGH,9.2784,6.1856,0,0,TRAIN
2025-10-31,KNOW_TOP5,DN,HFCL.NS,0.7575,0.75,HIGH,5.4414,1.6052,0,0,TRAIN
2025-10-31,V3_TOP5,DN,RADICO.NS,0.8478,0.75,HIGH,1.9831,1.7372,0,0,TRAIN
2025-10-31,V3_TOP5,DN,DRREDDY.NS,0.8384,0.875,HIGH,-0.1336,0.6346,1,0,TRAIN
2025-10-31,V3_TOP5,DN,IDEA.NS,0.8208,0.75,HIGH,9.2784,6.1856,0,0,TRAIN
2025-10-31,V3_TOP5,DN,CIPLA.NS,0.8041,0.875,HIGH,0.6794,0.0133,0,0,TRAIN
2025-10-31,V3_TOP5,DN,CESC.NS,0.7942,0.5,MEDIUM,-0.0445,-2.4228,1,0,TRAIN
2025-10-31,RAND_TOP5,DN,CIPLA.NS,0.8041,0.875,HIGH,0.6794,0.0133,0,0,TRAIN
2025-10-31,RAND_TOP5,DN,RADICO.NS,0.8478,0.75,HIGH,1.9831,1.7372,0,0,TRAIN
2025-10-31,RAND_TOP5,DN,SRF.NS,0.7519,0.75,HIGH,1.2831,-1.0647,0,0,TRAIN
2025-10-31,RAND_TOP5,DN,HFCL.NS,0.7575,0.75,HIGH,5.4414,1.6052,0,0,TRAIN
2025-10-31,RAND_TOP5,DN,IDEAFORGE.NS,0.6932,0.75,HIGH,-0.0414,-5.8421,1,0,TRAIN
2025-11-03,KNOW_TOP5,DN,ZENSARTECH.NS,0.7983,0.875,HIGH,-2.6194,-7.706,1,1,TRAIN
2025-11-03,KNOW_TOP5,DN,BOSCHLTD.NS,0.7696,0.875,HIGH,2.2282,-0.5807,0,0,TRAIN
2025-11-03,KNOW_TOP5,DN,DRREDDY.NS,0.8338,0.75,HIGH,0.3344,0.786,0,0,TRAIN
2025-11-03,KNOW_TOP5,DN,COROMANDEL.NS,0.8221,0.75,HIGH,1.1473,0.1026,0,0,TRAIN
2025-11-03,KNOW_TOP5,DN,MPHASIS.NS,0.8184,0.75,HIGH,-0.6321,-1.7312,1,0,TRAIN
2025-11-03,V3_TOP5,DN,RATNAMANI.NS,0.8885,0.625,HIGH,-1.398,-2.9249,1,0,TRAIN
2025-11-03,V3_TOP5,DN,DRREDDY.NS,0.8338,0.75,HIGH,0.3344,0.786,0,0,TRAIN
2025-11-03,V3_TOP5,DN,COROMANDEL.NS,0.8221,0.75,HIGH,1.1473,0.1026,0,0,TRAIN
2025-11-03,V3_TOP5,DN,MPHASIS.NS,0.8184,0.75,HIGH,-0.6321,-1.7312,1,0,TRAIN
2025-11-03,V3_TOP5,DN,ZENSARTECH.NS,0.7983,0.875,HIGH,-2.6194,-7.706,1,1,TRAIN
2025-11-03,RAND_TOP5,DN,MPHASIS.NS,0.8184,0.75,HIGH,-0.6321,-1.7312,1,0,TRAIN
2025-11-03,RAND_TOP5,DN,RATNAMANI.NS,0.8885,0.625,HIGH,-1.398,-2.9249,1,0,TRAIN
2025-11-03,RAND_TOP5,DN,COFORGE.NS,0.7652,0.625,HIGH,-1.5489,-3.0421,1,0,TRAIN
2025-11-03,RAND_TOP5,DN,BOSCHLTD.NS,0.7696,0.875,HIGH,2.2282,-0.5807,0,0,TRAIN
2025-11-03,RAND_TOP5,DN,IDEAFORGE.NS,0.699,0.75,HIGH,-1.3886,-4.1969,1,0,TRAIN
2025-11-04,KNOW_TOP5,DN,ZENSARTECH.NS,0.788,0.875,HIGH,-4.4423,-1.8136,1,1,TRAIN
2025-11-04,KNOW_TOP5,DN,ALKYLAMINE.NS,0.7127,0.875,HIGH,-1.4524,-3.3144,1,0,TRAIN
2025-11-04,KNOW_TOP5,DN,INFY.NS,0.6738,0.875,HIGH,-0.0817,3.1065,1,0,TRAIN
2025-11-04,KNOW_TOP5,DN,ZYDUSWELL.NS,0.8355,0.75,HIGH,-4.1469,-0.3024,1,1,TRAIN
2025-11-04,KNOW_TOP5,DN,COROMANDEL.NS,0.8118,0.75,HIGH,-0.8622,-0.1245,1,0,TRAIN
2025-11-04,V3_TOP5,DN,ZYDUSWELL.NS,0.8355,0.75,HIGH,-4.1469,-0.3024,1,1,TRAIN
2025-11-04,V3_TOP5,DN,COROMANDEL.NS,0.8118,0.75,HIGH,-0.8622,-0.1245,1,0,TRAIN
2025-11-04,V3_TOP5,DN,DRREDDY.NS,0.8078,0.625,HIGH,0.4333,-0.1083,0,0,TRAIN
2025-11-04,V3_TOP5,DN,RATNAMANI.NS,0.7994,0.625,HIGH,-1.1236,-0.6211,1,0,TRAIN
2025-11-04,V3_TOP5,DN,ZENSARTECH.NS,0.788,0.875,HIGH,-4.4423,-1.8136,1,1,TRAIN
2025-11-04,RAND_TOP5,DN,RATNAMANI.NS,0.7994,0.625,HIGH,-1.1236,-0.6211,1,0,TRAIN
2025-11-04,RAND_TOP5,DN,ZYDUSWELL.NS,0.8355,0.75,HIGH,-4.1469,-0.3024,1,1,TRAIN
2025-11-04,RAND_TOP5,DN,MPHASIS.NS,0.7598,0.75,HIGH,0.2639,0.347,0,0,TRAIN
2025-11-04,RAND_TOP5,DN,HINDALCO.NS,0.7646,0.75,HIGH,-5.172,-5.5569,1,1,TRAIN
2025-11-04,RAND_TOP5,DN,MASTEK.NS,0.6858,0.625,HIGH,-1.1969,0.893,1,0,TRAIN
2025-11-06,KNOW_TOP5,DN,HINDALCO.NS,0.8429,0.875,HIGH,0.2537,0.6786,0,0,TRAIN
2025-11-06,KNOW_TOP5,DN,STLTECH.NS,0.7968,0.875,HIGH,1.9542,0.8527,0,0,TRAIN
2025-11-06,KNOW_TOP5,DN,DEEPAKFERT.NS,0.729,0.875,HIGH,-0.1889,-4.4574,1,0,TRAIN
2025-11-06,KNOW_TOP5,DN,ONMOBILE.NS,0.6963,0.875,HIGH,-4.4754,-7.1313,1,1,TRAIN
2025-11-06,KNOW_TOP5,DN,ZYDUSWELL.NS,0.8268,0.75,HIGH,1.4759,3.3236,0,0,TRAIN
2025-11-06,V3_TOP5,DN,HINDALCO.NS,0.8429,0.875,HIGH,0.2537,0.6786,0,0,TRAIN
2025-11-06,V3_TOP5,DN,ZYDUSWELL.NS,0.8268,0.75,HIGH,1.4759,3.3236,0,0,TRAIN
2025-11-06,V3_TOP5,DN,ADANIGREEN.NS,0.8234,0.75,HIGH,-0.066,-1.537,1,0,TRAIN
2025-11-06,V3_TOP5,DN,VBL.NS,0.8175,0.375,MEDIUM,-0.3497,-0.2649,1,0,TRAIN
2025-11-06,V3_TOP5,DN,STLTECH.NS,0.7968,0.875,HIGH,1.9542,0.8527,0,0,TRAIN
2025-11-06,RAND_TOP5,DN,VBL.NS,0.8175,0.375,MEDIUM,-0.3497,-0.2649,1,0,TRAIN
2025-11-06,RAND_TOP5,DN,HINDALCO.NS,0.8429,0.875,HIGH,0.2537,0.6786,0,0,TRAIN
2025-11-06,RAND_TOP5,DN,ZENSARTECH.NS,0.7571,0.75,HIGH,-0.8175,3.6537,1,0,TRAIN
2025-11-06,RAND_TOP5,DN,IDEAFORGE.NS,0.7698,0.625,HIGH,1.7052,2.2442,0,0,TRAIN
2025-11-06,RAND_TOP5,DN,MPHASIS.NS,0.7071,0.5,MEDIUM,-1.3663,0.1298,1,0,TRAIN
2025-11-07,KNOW_TOP5,DN,NCC.NS,0.7593,0.875,HIGH,-3.7274,-4.3572,1,1,TRAIN
2025-11-07,KNOW_TOP5,DN,SUDARSCHEM.NS,0.7593,0.875,HIGH,-1.1615,-4.1907,1,0,TRAIN
2025-11-07,KNOW_TOP5,DN,SYMPHONY.NS,0.7534,0.875,HIGH,-0.5658,-1.1538,1,0,TRAIN
2025-11-07,KNOW_TOP5,DN,COFORGE.NS,0.7378,0.875,HIGH,0.9999,5.0282,0,0,TRAIN
2025-11-07,KNOW_TOP5,DN,ADANIGREEN.NS,0.8654,0.75,HIGH,-1.7456,1.0379,1,0,TRAIN
2025-11-07,V3_TOP5,DN,ADANIGREEN.NS,0.8654,0.75,HIGH,-1.7456,1.0379,1,0,TRAIN
2025-11-07,V3_TOP5,DN,AMBER.NS,0.8539,0.75,HIGH,-2.9127,-0.3113,1,1,TRAIN
2025-11-07,V3_TOP5,DN,HINDALCO.NS,0.8398,0.75,HIGH,-0.6579,0.5061,1,0,TRAIN
2025-11-07,V3_TOP5,DN,WHIRLPOOL.NS,0.8102,0.625,HIGH,-4.0896,-8.4403,1,1,TRAIN
2025-11-07,V3_TOP5,DN,POLICYBZR.NS,0.8032,0.625,HIGH,0.8241,0.1402,0,0,TRAIN
2025-11-07,RAND_TOP5,DN,WHIRLPOOL.NS,0.8102,0.625,HIGH,-4.0896,-8.4403,1,1,TRAIN
2025-11-07,RAND_TOP5,DN,ADANIGREEN.NS,0.8654,0.75,HIGH,-1.7456,1.0379,1,0,TRAIN
2025-11-07,RAND_TOP5,DN,STLTECH.NS,0.7768,0.75,HIGH,0.8625,-1.7425,0,0,TRAIN
2025-11-07,RAND_TOP5,DN,SAPPHIRE.NS,0.7851,0.625,HIGH,-1.8868,-6.4003,1,0,TRAIN
2025-11-07,RAND_TOP5,DN,PFC.NS,0.7351,0.75,HIGH,-0.7758,-1.3018,1,0,TRAIN
2025-11-10,KNOW_TOP5,DN,AMBER.NS,0.8779,0.875,HIGH,1.8243,1.5036,0,0,TRAIN
2025-11-10,KNOW_TOP5,DN,PFC.NS,0.7383,0.875,HIGH,-0.6096,-1.1662,1,0,TRAIN
2025-11-10,KNOW_TOP5,DN,ADANIGREEN.NS,0.8769,0.75,HIGH,0.2785,3.4092,0,0,TRAIN
2025-11-10,KNOW_TOP5,DN,HINDALCO.NS,0.8272,0.75,HIGH,1.0889,3.4068,0,0,TRAIN
2025-11-10,KNOW_TOP5,DN,SYMPHONY.NS,0.808,0.75,HIGH,0.7308,-0.8926,0,0,TRAIN
2025-11-10,V3_TOP5,DN,AMBER.NS,0.8779,0.875,HIGH,1.8243,1.5036,0,0,TRAIN
2025-11-10,V3_TOP5,DN,ADANIGREEN.NS,0.8769,0.75,HIGH,0.2785,3.4092,0,0,TRAIN
2025-11-10,V3_TOP5,DN,WELCORP.NS,0.8722,0.625,HIGH,0.8821,1.7095,0,0,TRAIN
2025-11-10,V3_TOP5,DN,HINDALCO.NS,0.8272,0.75,HIGH,1.0889,3.4068,0,0,TRAIN
2025-11-10,V3_TOP5,DN,SYMPHONY.NS,0.808,0.75,HIGH,0.7308,-0.8926,0,0,TRAIN
2025-11-10,RAND_TOP5,DN,HINDALCO.NS,0.8272,0.75,HIGH,1.0889,3.4068,0,0,TRAIN
2025-11-10,RAND_TOP5,DN,AMBER.NS,0.8779,0.875,HIGH,1.8243,1.5036,0,0,TRAIN
2025-11-10,RAND_TOP5,DN,SUZLON.NS,0.786,0.625,HIGH,0.6791,0.2612,0,0,TRAIN
2025-11-10,RAND_TOP5,DN,DEEPAKFERT.NS,0.8005,0.625,HIGH,-1.8545,2.0558,1,0,TRAIN
2025-11-10,RAND_TOP5,DN,POWERGRID.NS,0.7337,0.625,HIGH,-0.2051,0.6152,1,0,TRAIN
2025-11-11,KNOW_TOP5,DN,OLECTRA.NS,0.7743,0.875,HIGH,1.3781,-0.0497,0,0,TRAIN
2025-11-11,KNOW_TOP5,DN,PFC.NS,0.7519,0.875,HIGH,0.08,-0.1067,0,0,TRAIN
2025-11-11,KNOW_TOP5,DN,INTELLECT.NS,0.8899,0.75,HIGH,4.4681,-0.8372,0,0,TRAIN
2025-11-11,KNOW_TOP5,DN,SAPPHIRE.NS,0.8434,0.75,HIGH,-0.9785,-3.7965,1,0,TRAIN
2025-11-11,KNOW_TOP5,DN,GLAXO.NS,0.8063,0.75,HIGH,1.2276,0.1252,0,0,TRAIN
2025-11-11,V3_TOP5,DN,INTELLECT.NS,0.8899,0.75,HIGH,4.4681,-0.8372,0,0,TRAIN
2025-11-11,V3_TOP5,DN,ADANIGREEN.NS,0.8493,0.625,HIGH,2.5474,2.3559,0,0,TRAIN
2025-11-11,V3_TOP5,DN,SAPPHIRE.NS,0.8434,0.75,HIGH,-0.9785,-3.7965,1,0,TRAIN
2025-11-11,V3_TOP5,DN,WELCORP.NS,0.8163,0.5,MEDIUM,-0.7386,-0.2281,1,0,TRAIN
2025-11-11,V3_TOP5,DN,AMBER.NS,0.809,0.625,HIGH,0.8398,3.2403,0,0,TRAIN
2025-11-11,RAND_TOP5,DN,WELCORP.NS,0.8163,0.5,MEDIUM,-0.7386,-0.2281,1,0,TRAIN
2025-11-11,RAND_TOP5,DN,INTELLECT.NS,0.8899,0.75,HIGH,4.4681,-0.8372,0,0,TRAIN
2025-11-11,RAND_TOP5,DN,DEEPAKFERT.NS,0.7951,0.75,HIGH,2.036,3.3836,0,0,TRAIN
2025-11-11,RAND_TOP5,DN,SYMPHONY.NS,0.7961,0.625,HIGH,-1.3125,-1.6226,1,0,TRAIN
2025-11-11,RAND_TOP5,DN,SHYAMMETL.NS,0.7529,0.5,MEDIUM,1.0353,0.117,0,0,TRAIN
2025-11-12,KNOW_TOP5,DN,DIVISLAB.NS,0.7856,0.875,HIGH,1.1273,-0.023,0,0,TRAIN
2025-11-12,KNOW_TOP5,DN,NCC.NS,0.7834,0.875,HIGH,-1.4026,-1.3758,1,0,TRAIN
2025-11-12,KNOW_TOP5,DN,SAPPHIRE.NS,0.8293,0.75,HIGH,-1.6206,-0.6917,1,0,TRAIN
2025-11-12,KNOW_TOP5,DN,GLAXO.NS,0.802,0.75,HIGH,-0.4867,-0.5425,1,0,TRAIN
2025-11-12,KNOW_TOP5,DN,SYMPHONY.NS,0.7966,0.75,HIGH,-0.303,-0.8923,1,0,TRAIN
2025-11-12,V3_TOP5,DN,INTELLECT.NS,0.8749,0.5,MEDIUM,-2.4042,-4.5122,1,1,TRAIN
2025-11-12,V3_TOP5,DN,NAVINFLUOR.NS,0.861,0.625,HIGH,0.2574,-0.3238,0,0,TRAIN
2025-11-12,V3_TOP5,DN,SAPPHIRE.NS,0.8293,0.75,HIGH,-1.6206,-0.6917,1,0,TRAIN
2025-11-12,V3_TOP5,DN,GLAXO.NS,0.802,0.75,HIGH,-0.4867,-0.5425,1,0,TRAIN
2025-11-12,V3_TOP5,DN,SUZLON.NS,0.7996,0.5,MEDIUM,-1.539,-1.3338,1,0,TRAIN
2025-11-12,RAND_TOP5,DN,GLAXO.NS,0.802,0.75,HIGH,-0.4867,-0.5425,1,0,TRAIN
2025-11-12,RAND_TOP5,DN,INTELLECT.NS,0.8749,0.5,MEDIUM,-2.4042,-4.5122,1,1,TRAIN
2025-11-12,RAND_TOP5,DN,NCC.NS,0.7834,0.875,HIGH,-1.4026,-1.3758,1,0,TRAIN
2025-11-12,RAND_TOP5,DN,ADANIGREEN.NS,0.7843,0.5,MEDIUM,0.5603,1.6623,0,0,TRAIN
2025-11-12,RAND_TOP5,DN,VBL.NS,0.7549,0.75,HIGH,-1.3717,0.5225,1,0,TRAIN
2025-11-13,KNOW_TOP5,DN,DIVISLAB.NS,0.8124,0.75,HIGH,-1.2436,-1.82,1,0,TRAIN
2025-11-13,KNOW_TOP5,DN,OLECTRA.NS,0.808,0.75,HIGH,-0.9992,-2.8075,1,0,TRAIN
2025-11-13,KNOW_TOP5,DN,BRITANNIA.NS,0.8019,0.75,HIGH,-0.8203,-0.1965,1,0,TRAIN
2025-11-13,KNOW_TOP5,DN,GLAXO.NS,0.7995,0.75,HIGH,-0.6053,-0.2646,1,0,TRAIN
2025-11-13,KNOW_TOP5,DN,BAJFINANCE.NS,0.767,0.75,HIGH,1.303,0.8156,0,0,TRAIN
2025-11-13,V3_TOP5,DN,NAVINFLUOR.NS,0.9165,0.5,MEDIUM,-0.2733,-0.1905,1,0,TRAIN
2025-11-13,V3_TOP5,DN,AMBER.NS,0.8558,0.625,HIGH,3.5664,3.2856,0,0,TRAIN
2025-11-13,V3_TOP5,DN,INTELLECT.NS,0.8486,0.625,HIGH,-2.7401,-2.865,1,1,TRAIN
2025-11-13,V3_TOP5,DN,SUZLON.NS,0.8143,0.625,HIGH,0.1737,-1.181,0,0,TRAIN
2025-11-13,V3_TOP5,DN,DIVISLAB.NS,0.8124,0.75,HIGH,-1.2436,-1.82,1,0,TRAIN
2025-11-13,RAND_TOP5,DN,SUZLON.NS,0.8143,0.625,HIGH,0.1737,-1.181,0,0,TRAIN
2025-11-13,RAND_TOP5,DN,NAVINFLUOR.NS,0.9165,0.5,MEDIUM,-0.2733,-0.1905,1,0,TRAIN
2025-11-13,RAND_TOP5,DN,GLAXO.NS,0.7995,0.75,HIGH,-0.6053,-0.2646,1,0,TRAIN
2025-11-13,RAND_TOP5,DN,SAPPHIRE.NS,0.801,0.625,HIGH,-1.2455,5.3234,1,0,TRAIN
2025-11-13,RAND_TOP5,DN,NCC.NS,0.7197,0.625,HIGH,-0.0271,-1.2651,1,0,TRAIN
2025-11-14,KNOW_TOP5,DN,TATASTEEL.NS,0.7729,0.875,HIGH,-0.6255,-0.6025,1,0,TRAIN
2025-11-14,KNOW_TOP5,DN,ENDURANCE.NS,0.7411,0.875,HIGH,0.0112,1.88,0,0,TRAIN
2025-11-14,KNOW_TOP5,DN,DIVISLAB.NS,0.7315,0.875,HIGH,0.1075,-0.8831,0,0,TRAIN
2025-11-14,KNOW_TOP5,DN,SHRIRAMFIN.NS,0.8432,0.75,HIGH,1.0626,1.0812,0,0,TRAIN
2025-11-14,KNOW_TOP5,DN,BRITANNIA.NS,0.8394,0.75,HIGH,0.4652,1.2234,0,0,TRAIN
2025-11-14,V3_TOP5,DN,INTELLECT.NS,0.8745,0.625,HIGH,0.5965,4.8729,0,0,TRAIN
2025-11-14,V3_TOP5,DN,SHRIRAMFIN.NS,0.8432,0.75,HIGH,1.0626,1.0812,0,0,TRAIN
2025-11-14,V3_TOP5,DN,BRITANNIA.NS,0.8394,0.75,HIGH,0.4652,1.2234,0,0,TRAIN
2025-11-14,V3_TOP5,DN,BAJFINANCE.NS,0.8256,0.5,MEDIUM,0.8149,-1.2666,0,0,TRAIN
2025-11-14,V3_TOP5,DN,GLAXO.NS,0.8187,0.625,HIGH,0.5526,1.5972,0,0,TRAIN
2025-11-14,RAND_TOP5,DN,BAJFINANCE.NS,0.8256,0.5,MEDIUM,0.8149,-1.2666,0,0,TRAIN
2025-11-14,RAND_TOP5,DN,INTELLECT.NS,0.8745,0.625,HIGH,0.5965,4.8729,0,0,TRAIN
2025-11-14,RAND_TOP5,DN,MAPMYINDIA.NS,0.7539,0.625,HIGH,0.3723,0.1241,0,0,TRAIN
2025-11-14,RAND_TOP5,DN,POLICYBZR.NS,0.769,0.375,MEDIUM,4.4346,6.4477,0,0,TRAIN
2025-11-14,RAND_TOP5,DN,M&MFIN.NS,0.7214,0.75,HIGH,1.7982,6.8686,0,0,TRAIN
2025-11-17,KNOW_TOP5,DN,MPHASIS.NS,0.7765,0.875,HIGH,-1.1232,1.9229,1,0,TRAIN
2025-11-17,KNOW_TOP5,DN,SAIL.NS,0.8567,0.75,HIGH,-1.7194,-2.2218,1,0,TRAIN
2025-11-17,KNOW_TOP5,DN,BRITANNIA.NS,0.8209,0.75,HIGH,0.1629,-0.1972,0,0,TRAIN
2025-11-17,KNOW_TOP5,DN,MIDHANI.NS,0.7961,0.75,HIGH,-2.3533,-2.2287,1,1,TRAIN
2025-11-17,KNOW_TOP5,DN,ENDURANCE.NS,0.7842,0.75,HIGH,-2.6577,2.453,1,1,TRAIN
2025-11-17,V3_TOP5,DN,NAVINFLUOR.NS,0.8685,0.625,HIGH,0.3915,-0.3998,0,0,TRAIN
2025-11-17,V3_TOP5,DN,SHRIRAMFIN.NS,0.8683,0.625,HIGH,0.2812,1.0637,0,0,TRAIN
2025-11-17,V3_TOP5,DN,SAIL.NS,0.8567,0.75,HIGH,-1.7194,-2.2218,1,0,TRAIN
2025-11-17,V3_TOP5,DN,BAJFINANCE.NS,0.8466,0.5,MEDIUM,-1.2855,0.1753,1,0,TRAIN
2025-11-17,V3_TOP5,DN,BRITANNIA.NS,0.8209,0.75,HIGH,0.1629,-0.1972,0,0,TRAIN
2025-11-17,RAND_TOP5,DN,BAJFINANCE.NS,0.8466,0.5,MEDIUM,-1.2855,0.1753,1,0,TRAIN
2025-11-17,RAND_TOP5,DN,NAVINFLUOR.NS,0.8685,0.625,HIGH,0.3915,-0.3998,0,0,TRAIN
2025-11-17,RAND_TOP5,DN,MPHASIS.NS,0.7765,0.875,HIGH,-1.1232,1.9229,1,0,TRAIN
2025-11-17,RAND_TOP5,DN,TATASTEEL.NS,0.7825,0.75,HIGH,-0.4158,-0.41,1,0,TRAIN
2025-11-17,RAND_TOP5,DN,CHOLAFIN.NS,0.7164,0.75,HIGH,-0.2589,0.2059,1,0,TRAIN
2025-11-18,KNOW_TOP5,DN,AJANTPHARM.NS,0.7781,0.875,HIGH,2.4246,1.1228,0,0,TRAIN
2025-11-18,KNOW_TOP5,DN,NATIONALUM.NS,0.8919,0.75,HIGH,-0.2721,-2.5729,1,0,TRAIN
2025-11-18,KNOW_TOP5,DN,CRAFTSMAN.NS,0.8562,0.75,HIGH,1.0362,0.5517,0,0,TRAIN
2025-11-18,KNOW_TOP5,DN,MIDHANI.NS,0.8536,0.75,HIGH,-0.3402,-1.9847,1,0,TRAIN
2025-11-18,KNOW_TOP5,DN,HFCL.NS,0.8192,0.75,HIGH,-0.7131,-3.5926,1,0,TRAIN
2025-11-18,V3_TOP5,DN,NATIONALUM.NS,0.8919,0.75,HIGH,-0.2721,-2.5729,1,0,TRAIN
2025-11-18,V3_TOP5,DN,SAIL.NS,0.8605,0.625,HIGH,0.7847,-3.4701,0,0,TRAIN
2025-11-18,V3_TOP5,DN,SHRIRAMFIN.NS,0.8582,0.5,MEDIUM,-0.2621,0.378,1,0,TRAIN
2025-11-18,V3_TOP5,DN,CRAFTSMAN.NS,0.8562,0.75,HIGH,1.0362,0.5517,0,0,TRAIN
2025-11-18,V3_TOP5,DN,MIDHANI.NS,0.8536,0.75,HIGH,-0.3402,-1.9847,1,0,TRAIN
2025-11-18,RAND_TOP5,DN,CRAFTSMAN.NS,0.8562,0.75,HIGH,1.0362,0.5517,0,0,TRAIN
2025-11-18,RAND_TOP5,DN,NATIONALUM.NS,0.8919,0.75,HIGH,-0.2721,-2.5729,1,0,TRAIN
2025-11-18,RAND_TOP5,DN,NAVINFLUOR.NS,0.7874,0.5,MEDIUM,-0.0581,-0.8877,1,0,TRAIN
2025-11-18,RAND_TOP5,DN,ENDURANCE.NS,0.7904,0.625,HIGH,4.6499,3.5677,0,0,TRAIN
2025-11-18,RAND_TOP5,DN,M&M.NS,0.7272,0.75,HIGH,0.7497,1.4832,0,0,TRAIN
2025-11-19,KNOW_TOP5,DN,NATIONALUM.NS,0.8895,0.75,HIGH,0.3975,-2.159,0,0,TRAIN
2025-11-19,KNOW_TOP5,DN,MIDHANI.NS,0.8515,0.75,HIGH,0.4694,-6.9559,0,0,TRAIN
2025-11-19,KNOW_TOP5,DN,TEJASNET.NS,0.8505,0.75,HIGH,-0.3909,-5.3948,1,0,TRAIN
2025-11-19,KNOW_TOP5,DN,COCHINSHIP.NS,0.8182,0.75,HIGH,1.4947,-1.8772,0,0,TRAIN
2025-11-19,KNOW_TOP5,DN,ROUTE.NS,0.8029,0.75,HIGH,-0.2865,-5.6645,1,0,TRAIN
2025-11-19,V3_TOP5,DN,NATIONALUM.NS,0.8895,0.75,HIGH,0.3975,-2.159,0,0,TRAIN
2025-11-19,V3_TOP5,DN,MIDHANI.NS,0.8515,0.75,HIGH,0.4694,-6.9559,0,0,TRAIN
2025-11-19,V3_TOP5,DN,TEJASNET.NS,0.8505,0.75,HIGH,-0.3909,-5.3948,1,0,TRAIN
2025-11-19,V3_TOP5,DN,COCHINSHIP.NS,0.8182,0.75,HIGH,1.4947,-1.8772,0,0,TRAIN
2025-11-19,V3_TOP5,DN,CRAFTSMAN.NS,0.8155,0.5,MEDIUM,-0.0959,-1.7192,1,0,TRAIN
2025-11-19,RAND_TOP5,DN,COCHINSHIP.NS,0.8182,0.75,HIGH,1.4947,-1.8772,0,0,TRAIN
2025-11-19,RAND_TOP5,DN,NATIONALUM.NS,0.8895,0.75,HIGH,0.3975,-2.159,0,0,TRAIN
2025-11-19,RAND_TOP5,DN,ENDURANCE.NS,0.7721,0.625,HIGH,0.5737,-2.3678,0,0,TRAIN
2025-11-19,RAND_TOP5,DN,HFCL.NS,0.774,0.75,HIGH,-0.5285,-3.5642,1,0,TRAIN
2025-11-19,RAND_TOP5,DN,TORNTPHARM.NS,0.7011,0.75,HIGH,-0.268,-0.3484,1,0,TRAIN
2025-11-20,KNOW_TOP5,DN,BIOCON.NS,0.8637,0.875,HIGH,0.4302,-0.4808,0,0,TRAIN
2025-11-20,KNOW_TOP5,DN,FINPIPE.NS,0.7633,0.875,HIGH,0.9892,2.873,0,0,TRAIN
2025-11-20,KNOW_TOP5,DN,ROUTE.NS,0.8214,0.75,HIGH,-1.2821,-1.5399,1,0,TRAIN
2025-11-20,KNOW_TOP5,DN,INDUSINDBK.NS,0.801,0.75,HIGH,2.0678,1.266,0,0,TRAIN
2025-11-20,KNOW_TOP5,DN,ASIANPAINT.NS,0.7867,0.75,HIGH,0.5875,0.5595,0,0,TRAIN
2025-11-20,V3_TOP5,DN,NATIONALUM.NS,0.9023,0.625,HIGH,-2.6939,-1.4168,1,1,TRAIN
2025-11-20,V3_TOP5,DN,BIOCON.NS,0.8637,0.875,HIGH,0.4302,-0.4808,0,0,TRAIN
2025-11-20,V3_TOP5,DN,MIDHANI.NS,0.8447,0.625,HIGH,-2.1096,-6.6969,1,1,TRAIN
2025-11-20,V3_TOP5,DN,ROUTE.NS,0.8214,0.75,HIGH,-1.2821,-1.5399,1,0,TRAIN
2025-11-20,V3_TOP5,DN,INDUSINDBK.NS,0.801,0.75,HIGH,2.0678,1.266,0,0,TRAIN
2025-11-20,RAND_TOP5,DN,ROUTE.NS,0.8214,0.75,HIGH,-1.2821,-1.5399,1,0,TRAIN
2025-11-20,RAND_TOP5,DN,NATIONALUM.NS,0.9023,0.625,HIGH,-2.6939,-1.4168,1,1,TRAIN
2025-11-20,RAND_TOP5,DN,MOIL.NS,0.7539,0.625,HIGH,-1.8973,-2.9363,1,0,TRAIN
2025-11-20,RAND_TOP5,DN,GNFC.NS,0.7629,0.75,HIGH,0.1118,-1.3421,0,0,TRAIN
2025-11-20,RAND_TOP5,DN,ZENSARTECH.NS,0.7218,0.625,HIGH,-1.4314,-0.4794,1,0,TRAIN
2025-11-21,KNOW_TOP5,DN,NATIONALUM.NS,0.8588,0.75,HIGH,0.1516,2.9919,0,0,TRAIN
2025-11-21,KNOW_TOP5,DN,DATAPATTNS.NS,0.8314,0.75,HIGH,-2.8794,-2.8596,1,1,TRAIN
2025-11-21,KNOW_TOP5,DN,GRSE.NS,0.821,0.75,HIGH,-3.7275,-2.098,1,1,TRAIN
2025-11-21,KNOW_TOP5,DN,MUTHOOTFIN.NS,0.7833,0.75,HIGH,-0.5941,2.4642,1,0,TRAIN
2025-11-21,KNOW_TOP5,DN,STLTECH.NS,0.7481,0.75,HIGH,1.4426,2.3854,0,0,TRAIN
2025-11-21,V3_TOP5,DN,BDL.NS,0.8646,0.625,HIGH,-2.36,-1.6593,1,1,TRAIN
2025-11-21,V3_TOP5,DN,NATIONALUM.NS,0.8588,0.75,HIGH,0.1516,2.9919,0,0,TRAIN
2025-11-21,V3_TOP5,DN,PARAS.NS,0.8555,0.625,HIGH,-1.7327,-0.3881,1,0,TRAIN
2025-11-21,V3_TOP5,DN,DATAPATTNS.NS,0.8314,0.75,HIGH,-2.8794,-2.8596,1,1,TRAIN
2025-11-21,V3_TOP5,DN,GRSE.NS,0.821,0.75,HIGH,-3.7275,-2.098,1,1,TRAIN
2025-11-21,RAND_TOP5,DN,DATAPATTNS.NS,0.8314,0.75,HIGH,-2.8794,-2.8596,1,1,TRAIN
2025-11-21,RAND_TOP5,DN,BDL.NS,0.8646,0.625,HIGH,-2.36,-1.6593,1,1,TRAIN
2025-11-21,RAND_TOP5,DN,ONMOBILE.NS,0.767,0.625,HIGH,-2.7255,0.138,1,1,TRAIN
2025-11-21,RAND_TOP5,DN,MOIL.NS,0.7766,0.625,HIGH,-2.7475,0.6293,1,1,TRAIN
2025-11-21,RAND_TOP5,DN,TEJASNET.NS,0.7275,0.75,HIGH,-3.806,-4.3128,1,1,TRAIN
2025-11-24,KNOW_TOP5,DN,IDEAFORGE.NS,0.8608,0.75,HIGH,0.5074,0.5398,0,0,TRAIN
2025-11-24,KNOW_TOP5,DN,BDL.NS,0.8464,0.75,HIGH,-0.9885,1.8619,1,0,TRAIN
2025-11-24,KNOW_TOP5,DN,GRSE.NS,0.8375,0.75,HIGH,-0.0664,2.7066,1,0,TRAIN
2025-11-24,KNOW_TOP5,DN,PARAS.NS,0.8333,0.75,HIGH,0.2186,1.46,0,0,TRAIN
2025-11-24,KNOW_TOP5,DN,AMBER.NS,0.8081,0.75,HIGH,1.3417,0.8448,0,0,TRAIN
2025-11-24,V3_TOP5,DN,IDEAFORGE.NS,0.8608,0.75,HIGH,0.5074,0.5398,0,0,TRAIN
2025-11-24,V3_TOP5,DN,BDL.NS,0.8464,0.75,HIGH,-0.9885,1.8619,1,0,TRAIN
2025-11-24,V3_TOP5,DN,TEJASNET.NS,0.8397,0.625,HIGH,-1.5083,4.0909,1,0,TRAIN
2025-11-24,V3_TOP5,DN,GRSE.NS,0.8375,0.75,HIGH,-0.0664,2.7066,1,0,TRAIN
2025-11-24,V3_TOP5,DN,PARAS.NS,0.8333,0.75,HIGH,0.2186,1.46,0,0,TRAIN
2025-11-24,RAND_TOP5,DN,GRSE.NS,0.8375,0.75,HIGH,-0.0664,2.7066,1,0,TRAIN
2025-11-24,RAND_TOP5,DN,IDEAFORGE.NS,0.8608,0.75,HIGH,0.5074,0.5398,0,0,TRAIN
2025-11-24,RAND_TOP5,DN,AMBER.NS,0.8081,0.75,HIGH,1.3417,0.8448,0,0,TRAIN
2025-11-24,RAND_TOP5,DN,BIOCON.NS,0.8163,0.625,HIGH,-0.506,1.1132,1,0,TRAIN
2025-11-24,RAND_TOP5,DN,PRESTIGE.NS,0.7459,0.75,HIGH,1.508,2.3417,0,0,TRAIN
2025-11-25,KNOW_TOP5,DN,GRSE.NS,0.836,0.75,HIGH,1.7601,3.0663,0,0,TRAIN
2025-11-25,KNOW_TOP5,DN,BIOCON.NS,0.8319,0.75,HIGH,1.3223,1.2969,0,0,TRAIN
2025-11-25,KNOW_TOP5,DN,BDL.NS,0.8262,0.75,HIGH,1.7232,3.5011,0,0,TRAIN
2025-11-25,KNOW_TOP5,DN,ONMOBILE.NS,0.8216,0.75,HIGH,0.9214,-0.0348,0,0,TRAIN
2025-11-25,KNOW_TOP5,DN,FINEORG.NS,0.8132,0.75,HIGH,1.2268,0.195,0,0,TRAIN
2025-11-25,V3_TOP5,DN,DATAPATTNS.NS,0.8863,0.625,HIGH,-0.1561,0.8281,1,0,TRAIN
2025-11-25,V3_TOP5,DN,TEJASNET.NS,0.8382,0.625,HIGH,0.9964,3.6711,0,0,TRAIN
2025-11-25,V3_TOP5,DN,GRSE.NS,0.836,0.75,HIGH,1.7601,3.0663,0,0,TRAIN
2025-11-25,V3_TOP5,DN,BIOCON.NS,0.8319,0.75,HIGH,1.3223,1.2969,0,0,TRAIN
2025-11-25,V3_TOP5,DN,BDL.NS,0.8262,0.75,HIGH,1.7232,3.5011,0,0,TRAIN
2025-11-25,RAND_TOP5,DN,BIOCON.NS,0.8319,0.75,HIGH,1.3223,1.2969,0,0,TRAIN
2025-11-25,RAND_TOP5,DN,DATAPATTNS.NS,0.8863,0.625,HIGH,-0.1561,0.8281,1,0,TRAIN
2025-11-25,RAND_TOP5,DN,PARAS.NS,0.7828,0.625,HIGH,1.1472,1.0134,0,0,TRAIN
2025-11-25,RAND_TOP5,DN,HAL.NS,0.7939,0.75,HIGH,1.7156,2.2694,0,0,TRAIN
2025-11-25,RAND_TOP5,DN,MRPL.NS,0.7037,0.625,HIGH,-3.1184,-4.6625,1,1,TRAIN
2025-11-26,KNOW_TOP5,DN,JPPOWER.NS,0.9031,0.75,HIGH,-2.9657,-2.3413,1,1,TRAIN
2025-11-26,KNOW_TOP5,DN,DEEPAKFERT.NS,0.7606,0.75,HIGH,-0.9629,-2.4574,1,0,TRAIN
2025-11-26,KNOW_TOP5,DN,CENTUM.NS,0.7558,0.75,HIGH,-0.9282,-2.822,1,0,TRAIN
2025-11-26,KNOW_TOP5,DN,PRESTIGE.NS,0.7457,0.75,HIGH,0.1019,-0.5156,0,0,TRAIN
2025-11-26,KNOW_TOP5,DN,ASIANPAINT.NS,0.7306,0.75,HIGH,0.1775,-0.2227,0,0,TRAIN
2025-11-26,V3_TOP5,DN,JPPOWER.NS,0.9031,0.75,HIGH,-2.9657,-2.3413,1,1,TRAIN
2025-11-26,V3_TOP5,DN,DATAPATTNS.NS,0.881,0.625,HIGH,0.809,-0.4317,0,0,TRAIN
2025-11-26,V3_TOP5,DN,FINEORG.NS,0.8302,0.5,MEDIUM,-0.224,-2.5627,1,0,TRAIN
2025-11-26,V3_TOP5,DN,LTTS.NS,0.8181,0.5,MEDIUM,2.5562,3.9477,0,0,TRAIN
2025-11-26,V3_TOP5,DN,HAL.NS,0.7867,0.625,HIGH,-0.7659,0.2855,1,0,TRAIN
2025-11-26,RAND_TOP5,DN,LTTS.NS,0.8181,0.5,MEDIUM,2.5562,3.9477,0,0,TRAIN
2025-11-26,RAND_TOP5,DN,JPPOWER.NS,0.9031,0.75,HIGH,-2.9657,-2.3413,1,1,TRAIN
2025-11-26,RAND_TOP5,DN,BDL.NS,0.7691,0.625,HIGH,1.1361,2.8704,0,0,TRAIN
2025-11-26,RAND_TOP5,DN,BIOCON.NS,0.7713,0.5,MEDIUM,0.3012,-0.9913,0,0,TRAIN
2025-11-26,RAND_TOP5,DN,HCLTECH.NS,0.7284,0.625,HIGH,0.6861,1.5452,0,0,TRAIN
2025-11-27,KNOW_TOP5,DN,JPPOWER.NS,0.9005,0.75,HIGH,0.7507,2.7882,0,0,TRAIN
2025-11-27,KNOW_TOP5,DN,WHIRLPOOL.NS,0.8575,0.75,HIGH,0.7802,-5.0667,0,0,TRAIN
2025-11-27,KNOW_TOP5,DN,RADICO.NS,0.8478,0.75,HIGH,1.5157,1.6265,0,0,TRAIN
2025-11-27,KNOW_TOP5,DN,OLECTRA.NS,0.8005,0.75,HIGH,-1.5821,-2.6446,1,0,TRAIN
2025-11-27,KNOW_TOP5,DN,SOLARINDS.NS,0.7459,0.75,HIGH,-0.6066,-0.3445,1,0,TRAIN
2025-11-27,V3_TOP5,DN,JPPOWER.NS,0.9005,0.75,HIGH,0.7507,2.7882,0,0,TRAIN
2025-11-27,V3_TOP5,DN,GRSE.NS,0.8839,0.5,MEDIUM,0.2836,-6.3512,0,0,TRAIN
2025-11-27,V3_TOP5,DN,DATAPATTNS.NS,0.8688,0.375,MEDIUM,0.1753,-2.3739,0,0,TRAIN
2025-11-27,V3_TOP5,DN,IDEAFORGE.NS,0.8684,0.625,HIGH,-0.4832,-1.1705,1,0,TRAIN
2025-11-27,V3_TOP5,DN,WHIRLPOOL.NS,0.8575,0.75,HIGH,0.7802,-5.0667,0,0,TRAIN
2025-11-27,RAND_TOP5,DN,IDEAFORGE.NS,0.8684,0.625,HIGH,-0.4832,-1.1705,1,0,TRAIN
2025-11-27,RAND_TOP5,DN,JPPOWER.NS,0.9005,0.75,HIGH,0.7507,2.7882,0,0,TRAIN
2025-11-27,RAND_TOP5,DN,OLECTRA.NS,0.8005,0.75,HIGH,-1.5821,-2.6446,1,0,TRAIN
2025-11-27,RAND_TOP5,DN,FINEORG.NS,0.8107,0.625,HIGH,-0.797,-1.2416,1,0,TRAIN
2025-11-27,RAND_TOP5,DN,COCHINSHIP.NS,0.7444,0.5,MEDIUM,-0.5907,-2.1539,1,0,TRAIN
2025-11-28,KNOW_TOP5,DN,JYOTHYLAB.NS,0.7027,0.875,HIGH,-1.5164,-2.7329,1,0,TRAIN
2025-11-28,KNOW_TOP5,DN,JPPOWER.NS,0.9002,0.75,HIGH,-0.1064,3.0335,1,0,TRAIN
2025-11-28,KNOW_TOP5,DN,WHIRLPOOL.NS,0.814,0.75,HIGH,-7.6299,-8.3668,1,1,TRAIN
2025-11-28,KNOW_TOP5,DN,TATACOMM.NS,0.7899,0.75,HIGH,1.1789,2.738,0,0,TRAIN
2025-11-28,KNOW_TOP5,DN,MARICO.NS,0.7592,0.75,HIGH,0.2161,-0.9409,0,0,TRAIN
2025-11-28,V3_TOP5,DN,JPPOWER.NS,0.9002,0.75,HIGH,-0.1064,3.0335,1,0,TRAIN
2025-11-28,V3_TOP5,DN,WHIRLPOOL.NS,0.814,0.75,HIGH,-7.6299,-8.3668,1,1,TRAIN
2025-11-28,V3_TOP5,DN,ERIS.NS,0.8121,0.625,HIGH,-0.8713,-2.1437,1,0,TRAIN
2025-11-28,V3_TOP5,DN,FINEORG.NS,0.7959,0.625,HIGH,-1.5593,0.0837,1,0,TRAIN
2025-11-28,V3_TOP5,DN,TATACOMM.NS,0.7899,0.75,HIGH,1.1789,2.738,0,0,TRAIN
2025-11-28,RAND_TOP5,DN,FINEORG.NS,0.7959,0.625,HIGH,-1.5593,0.0837,1,0,TRAIN
2025-11-28,RAND_TOP5,DN,JPPOWER.NS,0.9002,0.75,HIGH,-0.1064,3.0335,1,0,TRAIN
2025-11-28,RAND_TOP5,DN,MARICO.NS,0.7592,0.75,HIGH,0.2161,-0.9409,0,0,TRAIN
2025-11-28,RAND_TOP5,DN,DATAPATTNS.NS,0.7664,0.25,LOW,-1.4037,-2.7703,1,0,TRAIN
2025-11-28,RAND_TOP5,DN,MIDHANI.NS,0.7118,0.625,HIGH,-2.1448,-4.8372,1,1,TRAIN
2025-12-01,KNOW_TOP5,DN,GAIL.NS,0.7427,0.875,HIGH,-0.2337,-2.725,1,0,TRAIN
2025-12-01,KNOW_TOP5,DN,JPPOWER.NS,0.8828,0.75,HIGH,2.1311,1.3319,0,0,TRAIN
2025-12-01,KNOW_TOP5,DN,WHIRLPOOL.NS,0.8478,0.75,HIGH,1.9792,-1.131,0,0,TRAIN
2025-12-01,KNOW_TOP5,DN,ERIS.NS,0.8437,0.75,HIGH,-0.7461,-1.3658,1,0,TRAIN
2025-12-01,KNOW_TOP5,DN,FINEORG.NS,0.8153,0.75,HIGH,1.1288,3.4393,0,0,TRAIN
2025-12-01,V3_TOP5,DN,JPPOWER.NS,0.8828,0.75,HIGH,2.1311,1.3319,0,0,TRAIN
2025-12-01,V3_TOP5,DN,WHIRLPOOL.NS,0.8478,0.75,HIGH,1.9792,-1.131,0,0,TRAIN
2025-12-01,V3_TOP5,DN,ERIS.NS,0.8437,0.75,HIGH,-0.7461,-1.3658,1,0,TRAIN
2025-12-01,V3_TOP5,DN,SUNDRMFAST.NS,0.8245,0.625,HIGH,-0.7932,-2.1239,1,0,TRAIN
2025-12-01,V3_TOP5,DN,RAJESHEXPO.NS,0.8224,0.5,MEDIUM,1.567,0.5756,0,0,TRAIN
2025-12-01,RAND_TOP5,DN,SUNDRMFAST.NS,0.8245,0.625,HIGH,-0.7932,-2.1239,1,0,TRAIN
2025-12-01,RAND_TOP5,DN,JPPOWER.NS,0.8828,0.75,HIGH,2.1311,1.3319,0,0,TRAIN
2025-12-01,RAND_TOP5,DN,TATACOMM.NS,0.758,0.625,HIGH,0.637,0.5554,0,0,TRAIN
2025-12-01,RAND_TOP5,DN,NOCIL.NS,0.775,0.75,HIGH,-1.1188,-2.5202,1,0,TRAIN
2025-12-01,RAND_TOP5,DN,SAPPHIRE.NS,0.7218,0.75,HIGH,0.0649,3.1935,0,0,TRAIN
2025-12-02,KNOW_TOP5,DN,WHIRLPOOL.NS,0.882,0.75,HIGH,-2.723,-5.9808,1,1,TRAIN
2025-12-02,KNOW_TOP5,DN,ERIS.NS,0.8599,0.75,HIGH,-0.5415,-1.1467,1,0,TRAIN
2025-12-02,KNOW_TOP5,DN,METROBRAND.NS,0.7923,0.75,HIGH,-2.115,-3.2702,1,1,TRAIN
2025-12-02,KNOW_TOP5,DN,NOCIL.NS,0.7844,0.75,HIGH,-0.8873,1.2327,1,0,TRAIN
2025-12-02,KNOW_TOP5,DN,PAGEIND.NS,0.7385,0.75,HIGH,-0.9706,-0.3989,1,0,TRAIN
2025-12-02,V3_TOP5,DN,WHIRLPOOL.NS,0.882,0.75,HIGH,-2.723,-5.9808,1,1,TRAIN
2025-12-02,V3_TOP5,DN,JPPOWER.NS,0.8753,0.5,MEDIUM,0.9911,-1.3041,0,0,TRAIN
2025-12-02,V3_TOP5,DN,ERIS.NS,0.8599,0.75,HIGH,-0.5415,-1.1467,1,0,TRAIN
2025-12-02,V3_TOP5,DN,RADICO.NS,0.8091,0.5,MEDIUM,1.5288,-0.302,0,0,TRAIN
2025-12-02,V3_TOP5,DN,METROBRAND.NS,0.7923,0.75,HIGH,-2.115,-3.2702,1,1,TRAIN
2025-12-02,RAND_TOP5,DN,RADICO.NS,0.8091,0.5,MEDIUM,1.5288,-0.302,0,0,TRAIN
2025-12-02,RAND_TOP5,DN,WHIRLPOOL.NS,0.882,0.75,HIGH,-2.723,-5.9808,1,1,TRAIN
2025-12-02,RAND_TOP5,DN,GRSE.NS,0.7469,0.625,HIGH,-1.8517,-5.2714,1,0,TRAIN
2025-12-02,RAND_TOP5,DN,M&MFIN.NS,0.7471,0.5,MEDIUM,-2.6027,0.6986,1,1,TRAIN
2025-12-02,RAND_TOP5,DN,SAPPHIRE.NS,0.7144,0.625,HIGH,3.8686,-0.6813,0,0,TRAIN
2025-12-03,KNOW_TOP5,DN,PNB.NS,0.6998,0.875,HIGH,-0.2254,-3.172,1,0,TRAIN
2025-12-03,KNOW_TOP5,DN,CANBK.NS,0.6991,0.875,HIGH,0.8968,-2.218,0,0,TRAIN
2025-12-03,KNOW_TOP5,DN,ABBOTINDIA.NS,0.6949,0.875,HIGH,-0.1385,-0.5711,1,0,TRAIN
2025-12-03,KNOW_TOP5,DN,WHIRLPOOL.NS,0.8853,0.75,HIGH,-0.3359,-6.9015,1,0,TRAIN
2025-12-03,KNOW_TOP5,DN,GAIL.NS,0.8292,0.75,HIGH,0.2114,-2.0321,0,0,TRAIN
2025-12-03,V3_TOP5,DN,WHIRLPOOL.NS,0.8853,0.75,HIGH,-0.3359,-6.9015,1,0,TRAIN
2025-12-03,V3_TOP5,DN,GAIL.NS,0.8292,0.75,HIGH,0.2114,-2.0321,0,0,TRAIN
2025-12-03,V3_TOP5,DN,RATEGAIN.NS,0.8177,0.625,HIGH,-0.2987,-3.8033,1,0,TRAIN
2025-12-03,V3_TOP5,DN,METROBRAND.NS,0.8123,0.75,HIGH,-1.4253,-0.0908,1,0,TRAIN
2025-12-03,V3_TOP5,DN,GRSE.NS,0.7964,0.75,HIGH,-0.3515,-7.6755,1,0,TRAIN
2025-12-03,RAND_TOP5,DN,METROBRAND.NS,0.8123,0.75,HIGH,-1.4253,-0.0908,1,0,TRAIN
2025-12-03,RAND_TOP5,DN,WHIRLPOOL.NS,0.8853,0.75,HIGH,-0.3359,-6.9015,1,0,TRAIN
2025-12-03,RAND_TOP5,DN,RVNL.NS,0.7411,0.75,HIGH,0.2407,-1.4439,0,0,TRAIN
2025-12-03,RAND_TOP5,DN,FINPIPE.NS,0.7437,0.75,HIGH,-1.0333,-4.1043,1,0,TRAIN
2025-12-03,RAND_TOP5,DN,JYOTHYLAB.NS,0.6906,0.75,HIGH,0.5482,-3.0666,0,0,TRAIN
2025-12-04,KNOW_TOP5,DN,SHRIRAMFIN.NS,0.7006,0.875,HIGH,3.2301,2.2399,0,0,TRAIN
2025-12-04,KNOW_TOP5,DN,M&MFIN.NS,0.8954,0.75,HIGH,5.9222,1.8444,0,0,TRAIN
2025-12-04,KNOW_TOP5,DN,METROBRAND.NS,0.849,0.75,HIGH,0.2487,-0.0368,0,0,TRAIN
2025-12-04,KNOW_TOP5,DN,JSWENERGY.NS,0.7841,0.75,HIGH,0.4567,-1.881,0,0,TRAIN
2025-12-04,KNOW_TOP5,DN,MOIL.NS,0.7785,0.75,HIGH,-0.2597,-2.6734,1,0,TRAIN
2025-12-04,V3_TOP5,DN,M&MFIN.NS,0.8954,0.75,HIGH,5.9222,1.8444,0,0,TRAIN
2025-12-04,V3_TOP5,DN,METROBRAND.NS,0.849,0.75,HIGH,0.2487,-0.0368,0,0,TRAIN
2025-12-04,V3_TOP5,DN,GAIL.NS,0.8261,0.625,HIGH,-0.3809,-1.6058,1,0,TRAIN
2025-12-04,V3_TOP5,DN,COROMANDEL.NS,0.7865,0.625,HIGH,-0.1389,2.8044,1,0,TRAIN
2025-12-04,V3_TOP5,DN,JSWENERGY.NS,0.7841,0.75,HIGH,0.4567,-1.881,0,0,TRAIN
2025-12-04,RAND_TOP5,DN,COROMANDEL.NS,0.7865,0.625,HIGH,-0.1389,2.8044,1,0,TRAIN
2025-12-04,RAND_TOP5,DN,M&MFIN.NS,0.8954,0.75,HIGH,5.9222,1.8444,0,0,TRAIN
2025-12-04,RAND_TOP5,DN,RATEGAIN.NS,0.7628,0.625,HIGH,-2.8062,-2.4262,1,1,TRAIN
2025-12-04,RAND_TOP5,DN,PNB.NS,0.7667,0.75,HIGH,1.8238,-1.4222,0,0,TRAIN
2025-12-04,RAND_TOP5,DN,MANAPPURAM.NS,0.6961,0.75,HIGH,1.9686,0.3281,0,0,TRAIN
2025-12-05,KNOW_TOP5,DN,METROBRAND.NS,0.8416,0.75,HIGH,1.1024,9.0308,0,0,TRAIN
2025-12-05,KNOW_TOP5,DN,JSWENERGY.NS,0.8327,0.75,HIGH,-1.7534,-2.3379,1,0,TRAIN
2025-12-05,KNOW_TOP5,DN,RATEGAIN.NS,0.8132,0.75,HIGH,-0.7293,-1.0677,1,0,TRAIN
2025-12-05,KNOW_TOP5,DN,HINDUNILVR.NS,0.776,0.75,HIGH,-1.0519,-1.5779,1,0,TRAIN
2025-12-05,KNOW_TOP5,DN,BEML.NS,0.7697,0.75,HIGH,-4.0344,-2.0406,1,1,TRAIN
2025-12-05,V3_TOP5,DN,METROBRAND.NS,0.8416,0.75,HIGH,1.1024,9.0308,0,0,TRAIN
2025-12-05,V3_TOP5,DN,JSWENERGY.NS,0.8327,0.75,HIGH,-1.7534,-2.3379,1,0,TRAIN
2025-12-05,V3_TOP5,DN,M&MFIN.NS,0.8199,0.625,HIGH,-4.394,-5.5503,1,1,TRAIN
2025-12-05,V3_TOP5,DN,WHIRLPOOL.NS,0.8171,0.625,HIGH,-3.6756,-2.7909,1,1,TRAIN
2025-12-05,V3_TOP5,DN,COROMANDEL.NS,0.8168,0.625,HIGH,0.626,-0.7303,0,0,TRAIN
2025-12-05,RAND_TOP5,DN,WHIRLPOOL.NS,0.8171,0.625,HIGH,-3.6756,-2.7909,1,1,TRAIN
2025-12-05,RAND_TOP5,DN,METROBRAND.NS,0.8416,0.75,HIGH,1.1024,9.0308,0,0,TRAIN
2025-12-05,RAND_TOP5,DN,BEML.NS,0.7697,0.75,HIGH,-4.0344,-2.0406,1,1,TRAIN
2025-12-05,RAND_TOP5,DN,INTELLECT.NS,0.7714,0.625,HIGH,-3.172,-3.5413,1,1,TRAIN
2025-12-05,RAND_TOP5,DN,ABBOTINDIA.NS,0.706,0.625,HIGH,-0.7601,-3.3166,1,0,TRAIN
2025-12-08,KNOW_TOP5,DN,BEML.NS,0.8301,0.75,HIGH,2.5772,2.2604,0,0,TRAIN
2025-12-08,KNOW_TOP5,DN,PNB.NS,0.8038,0.75,HIGH,1.5776,1.3534,0,0,TRAIN
2025-12-08,KNOW_TOP5,DN,DEEPAKFERT.NS,0.7885,0.75,HIGH,1.2484,-0.2837,0,0,TRAIN
2025-12-08,KNOW_TOP5,DN,GODREJPROP.NS,0.7447,0.75,HIGH,3.4378,3.0631,0,0,TRAIN
2025-12-08,KNOW_TOP5,DN,CANBK.NS,0.7439,0.75,HIGH,2.3453,2.7723,0,0,TRAIN
2025-12-08,V3_TOP5,DN,JSWENERGY.NS,0.8323,0.625,HIGH,-0.5839,0.8703,1,0,TRAIN
2025-12-08,V3_TOP5,DN,BEML.NS,0.8301,0.75,HIGH,2.5772,2.2604,0,0,TRAIN
2025-12-08,V3_TOP5,DN,PNB.NS,0.8038,0.75,HIGH,1.5776,1.3534,0,0,TRAIN
2025-12-08,V3_TOP5,DN,M&MFIN.NS,0.7924,0.625,HIGH,0.5692,-3.1588,0,0,TRAIN
2025-12-08,V3_TOP5,DN,DEEPAKFERT.NS,0.7885,0.75,HIGH,1.2484,-0.2837,0,0,TRAIN
2025-12-08,RAND_TOP5,DN,M&MFIN.NS,0.7924,0.625,HIGH,0.5692,-3.1588,0,0,TRAIN
2025-12-08,RAND_TOP5,DN,JSWENERGY.NS,0.8323,0.625,HIGH,-0.5839,0.8703,1,0,TRAIN
2025-12-08,RAND_TOP5,DN,GRSE.NS,0.7522,0.625,HIGH,3.4862,1.3031,0,0,TRAIN
2025-12-08,RAND_TOP5,DN,BDL.NS,0.7675,0.625,HIGH,0.3022,-0.6816,0,0,TRAIN
2025-12-08,RAND_TOP5,DN,DATAPATTNS.NS,0.7306,0.625,HIGH,1.3991,0.6223,0,0,TRAIN
2025-12-09,KNOW_TOP5,DN,JSWENERGY.NS,0.8232,0.875,HIGH,-0.0111,6.8706,1,0,TRAIN
2025-12-09,KNOW_TOP5,DN,BDL.NS,0.8019,0.875,HIGH,-1.8986,-1.226,1,0,TRAIN
2025-12-09,KNOW_TOP5,DN,MAZDOCK.NS,0.7983,0.875,HIGH,-2.0088,-1.2213,1,1,TRAIN
2025-12-09,KNOW_TOP5,DN,KALYANKJIL.NS,0.7483,0.875,HIGH,-2.6724,1.257,1,1,TRAIN
2025-12-09,KNOW_TOP5,DN,MAPMYINDIA.NS,0.8108,0.75,HIGH,-0.9987,0.1888,1,0,TRAIN
2025-12-09,V3_TOP5,DN,NATCOPHARM.NS,0.8479,0.625,HIGH,-2.8338,1.4393,1,1,TRAIN
2025-12-09,V3_TOP5,DN,JSWENERGY.NS,0.8232,0.875,HIGH,-0.0111,6.8706,1,0,TRAIN
2025-12-09,V3_TOP5,DN,MAPMYINDIA.NS,0.8108,0.75,HIGH,-0.9987,0.1888,1,0,TRAIN
2025-12-09,V3_TOP5,DN,BDL.NS,0.8019,0.875,HIGH,-1.8986,-1.226,1,0,TRAIN
2025-12-09,V3_TOP5,DN,MAZDOCK.NS,0.7983,0.875,HIGH,-2.0088,-1.2213,1,1,TRAIN
2025-12-09,RAND_TOP5,DN,BDL.NS,0.8019,0.875,HIGH,-1.8986,-1.226,1,0,TRAIN
2025-12-09,RAND_TOP5,DN,NATCOPHARM.NS,0.8479,0.625,HIGH,-2.8338,1.4393,1,1,TRAIN
2025-12-09,RAND_TOP5,DN,JINDALPOLY.NS,0.7679,0.75,HIGH,1.4068,2.3172,0,0,TRAIN
2025-12-09,RAND_TOP5,DN,PNB.NS,0.7711,0.625,HIGH,-0.5686,-0.017,1,0,TRAIN
2025-12-09,RAND_TOP5,DN,SOBHA.NS,0.7304,0.75,HIGH,1.4721,1.6193,0,0,TRAIN
2025-12-10,KNOW_TOP5,DN,KALYANKJIL.NS,0.7053,0.875,HIGH,2.0295,4.211,0,0,TRAIN
2025-12-10,KNOW_TOP5,DN,ONMOBILE.NS,0.8908,0.75,HIGH,-0.5206,3.8779,1,0,TRAIN
2025-12-10,KNOW_TOP5,DN,TEJASNET.NS,0.8787,0.75,HIGH,0.9424,1.6464,0,0,TRAIN
2025-12-10,KNOW_TOP5,DN,MAPMYINDIA.NS,0.8256,0.75,HIGH,-0.123,2.0052,1,0,TRAIN
2025-12-10,KNOW_TOP5,DN,MAZDOCK.NS,0.7816,0.75,HIGH,1.1644,0.3567,0,0,TRAIN
2025-12-10,V3_TOP5,DN,ONMOBILE.NS,0.8908,0.75,HIGH,-0.5206,3.8779,1,0,TRAIN
2025-12-10,V3_TOP5,DN,TEJASNET.NS,0.8787,0.75,HIGH,0.9424,1.6464,0,0,TRAIN
2025-12-10,V3_TOP5,DN,NATCOPHARM.NS,0.8514,0.625,HIGH,5.7695,4.3458,0,0,TRAIN
2025-12-10,V3_TOP5,DN,MAPMYINDIA.NS,0.8256,0.75,HIGH,-0.123,2.0052,1,0,TRAIN
2025-12-10,V3_TOP5,DN,MAZDOCK.NS,0.7816,0.75,HIGH,1.1644,0.3567,0,0,TRAIN
2025-12-10,RAND_TOP5,DN,MAPMYINDIA.NS,0.8256,0.75,HIGH,-0.123,2.0052,1,0,TRAIN
2025-12-10,RAND_TOP5,DN,ONMOBILE.NS,0.8908,0.75,HIGH,-0.5206,3.8779,1,0,TRAIN
2025-12-10,RAND_TOP5,DN,BDL.NS,0.7531,0.75,HIGH,0.9355,0.1643,0,0,TRAIN
2025-12-10,RAND_TOP5,DN,JINDALPOLY.NS,0.7585,0.75,HIGH,1.0609,0.7957,0,0,TRAIN
2025-12-10,RAND_TOP5,DN,DATAPATTNS.NS,0.7155,0.75,HIGH,2.371,2.4851,0,0,TRAIN
2025-12-11,KNOW_TOP5,DN,DEEPAKFERT.NS,0.7525,0.875,HIGH,0.504,-0.7073,0,0,TRAIN
2025-12-11,KNOW_TOP5,DN,MAPMYINDIA.NS,0.77,0.75,HIGH,1.3241,1.1578,0,0,TRAIN
2025-12-11,KNOW_TOP5,DN,HINDUNILVR.NS,0.7658,0.75,HIGH,-1.9518,-1.0626,1,0,TRAIN
2025-12-11,KNOW_TOP5,DN,SOBHA.NS,0.7342,0.75,HIGH,3.0497,4.3577,0,0,TRAIN
2025-12-11,KNOW_TOP5,DN,NCC.NS,0.7276,0.75,HIGH,-0.174,-1.92,1,0,TRAIN
2025-12-11,V3_TOP5,DN,TEJASNET.NS,0.8741,0.625,HIGH,2.8758,0.4722,0,0,TRAIN
2025-12-11,V3_TOP5,DN,NATCOPHARM.NS,0.8423,0.625,HIGH,-1.2969,0.425,1,0,TRAIN
2025-12-11,V3_TOP5,DN,HFCL.NS,0.8116,0.625,HIGH,-0.4189,-2.1095,1,0,TRAIN
2025-12-11,V3_TOP5,DN,MAPMYINDIA.NS,0.77,0.75,HIGH,1.3241,1.1578,0,0,TRAIN
2025-12-11,V3_TOP5,DN,HINDUNILVR.NS,0.7658,0.75,HIGH,-1.9518,-1.0626,1,0,TRAIN
2025-12-11,RAND_TOP5,DN,MAPMYINDIA.NS,0.77,0.75,HIGH,1.3241,1.1578,0,0,TRAIN
2025-12-11,RAND_TOP5,DN,TEJASNET.NS,0.8741,0.625,HIGH,2.8758,0.4722,0,0,TRAIN
2025-12-11,RAND_TOP5,DN,JSWSTEEL.NS,0.7367,0.625,HIGH,1.8183,-2.0626,0,0,TRAIN
2025-12-11,RAND_TOP5,DN,DEEPAKFERT.NS,0.7525,0.875,HIGH,0.504,-0.7073,0,0,TRAIN
2025-12-11,RAND_TOP5,DN,PERSISTENT.NS,0.7037,0.75,HIGH,2.1357,0.951,0,0,TRAIN
2025-12-12,KNOW_TOP5,DN,BDL.NS,0.7851,0.75,HIGH,-0.5178,-6.0714,1,0,TRAIN
2025-12-12,KNOW_TOP5,DN,HFCL.NS,0.7844,0.75,HIGH,-0.8413,-3.0499,1,0,TRAIN
2025-12-12,KNOW_TOP5,DN,MAZDOCK.NS,0.7757,0.75,HIGH,-0.4433,-4.1526,1,0,TRAIN
2025-12-12,KNOW_TOP5,DN,ASIANPAINT.NS,0.7691,0.75,HIGH,0.557,0.7559,0,0,TRAIN
2025-12-12,KNOW_TOP5,DN,HEROMOTOCO.NS,0.7586,0.75,HIGH,-0.0084,-2.3993,1,0,TRAIN
2025-12-12,V3_TOP5,DN,NATCOPHARM.NS,0.8524,0.625,HIGH,-0.0497,1.8385,1,0,TRAIN
2025-12-12,V3_TOP5,DN,M&MFIN.NS,0.8087,0.5,MEDIUM,0.6357,1.618,0,0,TRAIN
2025-12-12,V3_TOP5,DN,TEJASNET.NS,0.8,0.625,HIGH,-2.1175,-5.6118,1,1,TRAIN
2025-12-12,V3_TOP5,DN,BDL.NS,0.7851,0.75,HIGH,-0.5178,-6.0714,1,0,TRAIN
2025-12-12,V3_TOP5,DN,HFCL.NS,0.7844,0.75,HIGH,-0.8413,-3.0499,1,0,TRAIN
2025-12-12,RAND_TOP5,DN,BDL.NS,0.7851,0.75,HIGH,-0.5178,-6.0714,1,0,TRAIN
2025-12-12,RAND_TOP5,DN,NATCOPHARM.NS,0.8524,0.625,HIGH,-0.0497,1.8385,1,0,TRAIN
2025-12-12,RAND_TOP5,DN,COFORGE.NS,0.756,0.75,HIGH,1.0265,-0.3404,0,0,TRAIN
2025-12-12,RAND_TOP5,DN,HEROMOTOCO.NS,0.7586,0.75,HIGH,-0.0084,-2.3993,1,0,TRAIN
2025-12-12,RAND_TOP5,DN,OFSS.NS,0.6973,0.625,HIGH,-0.2816,-3.4731,1,0,TRAIN
2025-12-15,KNOW_TOP5,DN,VGUARD.NS,0.7522,0.75,HIGH,-0.9556,-0.4399,1,0,TRAIN
2025-12-15,KNOW_TOP5,DN,AJANTPHARM.NS,0.679,0.75,HIGH,-1.7373,-1.5821,1,0,TRAIN
2025-12-15,KNOW_TOP5,DN,PETRONET.NS,0.6715,0.75,HIGH,-1.4336,0.0931,1,0,TRAIN
2025-12-15,KNOW_TOP5,DN,M&M.NS,0.6686,0.75,HIGH,0.3603,-0.5931,0,0,TRAIN
2025-12-15,KNOW_TOP5,DN,BSE.NS,0.8196,0.625,HIGH,-1.6233,1.2836,1,0,TRAIN
2025-12-15,V3_TOP5,DN,BSE.NS,0.8196,0.625,HIGH,-1.6233,1.2836,1,0,TRAIN
2025-12-15,V3_TOP5,DN,HEROMOTOCO.NS,0.7924,0.625,HIGH,-0.2181,-3.5406,1,0,TRAIN
2025-12-15,V3_TOP5,DN,ASIANPAINT.NS,0.7675,0.625,HIGH,0.3849,-0.7374,0,0,TRAIN
2025-12-15,V3_TOP5,DN,VGUARD.NS,0.7522,0.75,HIGH,-0.9556,-0.4399,1,0,TRAIN
2025-12-15,V3_TOP5,DN,COFORGE.NS,0.745,0.375,MEDIUM,-0.1711,-0.8128,1,0,TRAIN
2025-12-15,RAND_TOP5,DN,VGUARD.NS,0.7522,0.75,HIGH,-0.9556,-0.4399,1,0,TRAIN
2025-12-15,RAND_TOP5,DN,BSE.NS,0.8196,0.625,HIGH,-1.6233,1.2836,1,0,TRAIN
2025-12-15,RAND_TOP5,DN,NATCOPHARM.NS,0.6843,0.375,MEDIUM,1.7952,1.0661,0,0,TRAIN
2025-12-15,RAND_TOP5,DN,PERSISTENT.NS,0.6861,0.5,MEDIUM,-0.5478,0.3335,1,0,TRAIN
2025-12-15,RAND_TOP5,DN,SOBHA.NS,0.6604,0.625,HIGH,2.3924,0.3557,0,0,TRAIN
2025-12-16,KNOW_TOP5,DN,POLICYBZR.NS,0.8181,0.875,HIGH,-3.0486,3.7572,1,1,TRAIN
2025-12-16,KNOW_TOP5,DN,BATAINDIA.NS,0.7896,0.75,HIGH,-1.0117,0.1844,1,0,TRAIN
2025-12-16,KNOW_TOP5,DN,BSE.NS,0.7575,0.75,HIGH,0.944,3.0277,0,0,TRAIN
2025-12-16,KNOW_TOP5,DN,ATUL.NS,0.7333,0.75,HIGH,2.0227,4.2972,0,0,TRAIN
2025-12-16,KNOW_TOP5,DN,GRSE.NS,0.7329,0.75,HIGH,-2.406,0.31,1,1,TRAIN
2025-12-16,V3_TOP5,DN,POLICYBZR.NS,0.8181,0.875,HIGH,-3.0486,3.7572,1,1,TRAIN
2025-12-16,V3_TOP5,DN,COROMANDEL.NS,0.79,0.5,MEDIUM,-2.2901,1.9099,1,1,TRAIN
2025-12-16,V3_TOP5,DN,BATAINDIA.NS,0.7896,0.75,HIGH,-1.0117,0.1844,1,0,TRAIN
2025-12-16,V3_TOP5,DN,VGUARD.NS,0.7606,0.625,HIGH,1.072,1.3629,0,0,TRAIN
2025-12-16,V3_TOP5,DN,BSE.NS,0.7575,0.75,HIGH,0.944,3.0277,0,0,TRAIN
2025-12-16,RAND_TOP5,DN,VGUARD.NS,0.7606,0.625,HIGH,1.072,1.3629,0,0,TRAIN
2025-12-16,RAND_TOP5,DN,POLICYBZR.NS,0.8181,0.875,HIGH,-3.0486,3.7572,1,1,TRAIN
2025-12-16,RAND_TOP5,DN,AXISBANK.NS,0.7263,0.75,HIGH,0.4182,0.9019,0,0,TRAIN
2025-12-16,RAND_TOP5,DN,GRSE.NS,0.7329,0.75,HIGH,-2.406,0.31,1,1,TRAIN
2025-12-16,RAND_TOP5,DN,ROUTE.NS,0.6812,0.25,LOW,-2.1638,3.5008,1,1,TRAIN
2025-12-17,KNOW_TOP5,DN,POLICYBZR.NS,0.8746,0.875,HIGH,3.932,6.6346,0,0,TRAIN
2025-12-17,KNOW_TOP5,DN,METROBRAND.NS,0.8732,0.75,HIGH,1.7391,4.9094,0,0,TRAIN
2025-12-17,KNOW_TOP5,DN,CENTUM.NS,0.8049,0.75,HIGH,-1.9927,4.6541,1,0,TRAIN
2025-12-17,KNOW_TOP5,DN,SJVN.NS,0.7589,0.75,HIGH,-1.855,1.7434,1,0,TRAIN
2025-12-17,KNOW_TOP5,DN,LTTS.NS,0.7483,0.75,HIGH,1.5529,3.3089,0,0,TRAIN
2025-12-17,V3_TOP5,DN,POLICYBZR.NS,0.8746,0.875,HIGH,3.932,6.6346,0,0,TRAIN
2025-12-17,V3_TOP5,DN,METROBRAND.NS,0.8732,0.75,HIGH,1.7391,4.9094,0,0,TRAIN
2025-12-17,V3_TOP5,DN,CENTUM.NS,0.8049,0.75,HIGH,-1.9927,4.6541,1,0,TRAIN
2025-12-17,V3_TOP5,DN,BDL.NS,0.7778,0.5,MEDIUM,1.3743,7.4983,0,0,TRAIN
2025-12-17,V3_TOP5,DN,BATAINDIA.NS,0.7709,0.625,HIGH,0.0852,0.9315,0,0,TRAIN
2025-12-17,RAND_TOP5,DN,BDL.NS,0.7778,0.5,MEDIUM,1.3743,7.4983,0,0,TRAIN
2025-12-17,RAND_TOP5,DN,POLICYBZR.NS,0.8746,0.875,HIGH,3.932,6.6346,0,0,TRAIN
2025-12-17,RAND_TOP5,DN,AJANTPHARM.NS,0.7306,0.5,MEDIUM,0.0,3.8649,0,0,TRAIN
2025-12-17,RAND_TOP5,DN,SUDARSCHEM.NS,0.7421,0.625,HIGH,-0.8973,2.6085,1,0,TRAIN
2025-12-17,RAND_TOP5,DN,AXISBANK.NS,0.685,0.625,HIGH,0.4164,0.694,0,0,TRAIN
2025-12-18,KNOW_TOP5,DN,GRSE.NS,0.7027,0.875,HIGH,3.375,8.9326,0,0,TRAIN
2025-12-18,KNOW_TOP5,DN,CENTUM.NS,0.8745,0.75,HIGH,0.3965,10.7746,0,0,TRAIN
2025-12-18,KNOW_TOP5,DN,IRCON.NS,0.8331,0.75,HIGH,1.9599,12.8591,0,0,TRAIN
2025-12-18,KNOW_TOP5,DN,SUDARSCHEM.NS,0.7385,0.75,HIGH,2.1689,3.2849,0,0,TRAIN
2025-12-18,KNOW_TOP5,DN,OFSS.NS,0.7086,0.75,HIGH,2.1011,2.0163,0,0,TRAIN
2025-12-18,V3_TOP5,DN,CENTUM.NS,0.8745,0.75,HIGH,0.3965,10.7746,0,0,TRAIN
2025-12-18,V3_TOP5,DN,POLICYBZR.NS,0.8672,0.625,HIGH,2.971,4.3393,0,0,TRAIN
2025-12-18,V3_TOP5,DN,METROBRAND.NS,0.8481,0.625,HIGH,2.1368,4.2913,0,0,TRAIN
2025-12-18,V3_TOP5,DN,IRCON.NS,0.8331,0.75,HIGH,1.9599,12.8591,0,0,TRAIN
2025-12-18,V3_TOP5,DN,NAVINFLUOR.NS,0.7833,0.625,HIGH,0.6457,4.4081,0,0,TRAIN
2025-12-18,RAND_TOP5,DN,IRCON.NS,0.8331,0.75,HIGH,1.9599,12.8591,0,0,TRAIN
2025-12-18,RAND_TOP5,DN,CENTUM.NS,0.8745,0.75,HIGH,0.3965,10.7746,0,0,TRAIN
2025-12-18,RAND_TOP5,DN,LTTS.NS,0.7136,0.625,HIGH,-0.7975,3.1792,1,0,TRAIN
2025-12-18,RAND_TOP5,DN,COCHINSHIP.NS,0.735,0.625,HIGH,2.8019,9.342,0,0,TRAIN
2025-12-18,RAND_TOP5,DN,SYMPHONY.NS,0.6885,0.75,HIGH,-0.6799,-0.6208,1,0,TRAIN
2025-12-19,KNOW_TOP5,DN,CHOLAFIN.NS,0.7563,0.875,HIGH,-3.8347,3.0156,1,1,TRAIN
2025-12-19,KNOW_TOP5,DN,EMAMILTD.NS,0.7507,0.875,HIGH,0.857,-0.4911,0,0,TRAIN
2025-12-19,KNOW_TOP5,DN,CENTUM.NS,0.8359,0.75,HIGH,6.3602,10.1304,0,0,TRAIN
2025-12-19,KNOW_TOP5,DN,RATNAMANI.NS,0.767,0.75,HIGH,1.2973,0.7662,0,0,TRAIN
2025-12-19,KNOW_TOP5,DN,OLECTRA.NS,0.757,0.75,HIGH,0.6722,6.3133,0,0,TRAIN
2025-12-19,V3_TOP5,DN,CENTUM.NS,0.8359,0.75,HIGH,6.3602,10.1304,0,0,TRAIN
2025-12-19,V3_TOP5,DN,NAVINFLUOR.NS,0.8296,0.625,HIGH,0.6587,0.4962,0,0,TRAIN
2025-12-19,V3_TOP5,DN,METROBRAND.NS,0.8102,0.375,MEDIUM,0.9589,1.9177,0,0,TRAIN
2025-12-19,V3_TOP5,DN,IRCON.NS,0.7976,0.625,HIGH,2.5237,11.6051,0,0,TRAIN
2025-12-19,V3_TOP5,DN,POLICYBZR.NS,0.7859,0.375,MEDIUM,-0.36,1.4506,1,0,TRAIN
2025-12-19,RAND_TOP5,DN,IRCON.NS,0.7976,0.625,HIGH,2.5237,11.6051,0,0,TRAIN
2025-12-19,RAND_TOP5,DN,CENTUM.NS,0.8359,0.75,HIGH,6.3602,10.1304,0,0,TRAIN
2025-12-19,RAND_TOP5,DN,CHOLAFIN.NS,0.7563,0.875,HIGH,-3.8347,3.0156,1,1,TRAIN
2025-12-19,RAND_TOP5,DN,OLECTRA.NS,0.757,0.75,HIGH,0.6722,6.3133,0,0,TRAIN
2025-12-19,RAND_TOP5,DN,MUTHOOTFIN.NS,0.6843,0.75,HIGH,0.2433,0.6215,0,0,TRAIN
2025-12-22,KNOW_TOP5,DN,SYMPHONY.NS,0.7194,0.875,HIGH,-0.7908,1.6761,1,0,TRAIN
2025-12-22,KNOW_TOP5,DN,OLECTRA.NS,0.8475,0.75,HIGH,1.2255,4.6146,0,0,TRAIN
2025-12-22,KNOW_TOP5,DN,CHOLAFIN.NS,0.8145,0.75,HIGH,5.9057,7.1361,0,0,TRAIN
2025-12-22,KNOW_TOP5,DN,HFCL.NS,0.7922,0.75,HIGH,3.6122,-3.878,0,0,TRAIN
2025-12-22,KNOW_TOP5,DN,IOC.NS,0.7782,0.75,HIGH,-0.2383,-2.053,1,0,TRAIN
2025-12-22,V3_TOP5,DN,OLECTRA.NS,0.8475,0.75,HIGH,1.2255,4.6146,0,0,TRAIN
2025-12-22,V3_TOP5,DN,NAVINFLUOR.NS,0.8213,0.625,HIGH,3.0594,-1.8526,0,0,TRAIN
2025-12-22,V3_TOP5,DN,CHOLAFIN.NS,0.8145,0.75,HIGH,5.9057,7.1361,0,0,TRAIN
2025-12-22,V3_TOP5,DN,POLICYBZR.NS,0.8051,0.625,HIGH,1.6949,1.4505,0,0,TRAIN
2025-12-22,V3_TOP5,DN,JSWENERGY.NS,0.7946,0.5,MEDIUM,1.3989,0.094,0,0,TRAIN
2025-12-22,RAND_TOP5,DN,POLICYBZR.NS,0.8051,0.625,HIGH,1.6949,1.4505,0,0,TRAIN
2025-12-22,RAND_TOP5,DN,OLECTRA.NS,0.8475,0.75,HIGH,1.2255,4.6146,0,0,TRAIN
2025-12-22,RAND_TOP5,DN,IRCON.NS,0.742,0.5,MEDIUM,7.9651,13.9659,0,0,TRAIN
2025-12-22,RAND_TOP5,DN,GODREJPROP.NS,0.7431,0.625,HIGH,-0.5368,-1.3692,1,0,TRAIN
2025-12-22,RAND_TOP5,DN,RATNAMANI.NS,0.7167,0.5,MEDIUM,-0.2664,-0.6446,1,0,TRAIN
2025-12-23,KNOW_TOP5,DN,COFORGE.NS,0.8598,0.75,HIGH,-2.3874,-5.4432,1,1,TRAIN
2025-12-23,KNOW_TOP5,DN,EMAMILTD.NS,0.7861,0.75,HIGH,-0.9299,2.042,1,0,TRAIN
2025-12-23,KNOW_TOP5,DN,BLUESTARCO.NS,0.7534,0.75,HIGH,0.6227,-1.9701,0,0,TRAIN
2025-12-23,KNOW_TOP5,DN,SYMPHONY.NS,0.7505,0.75,HIGH,0.4759,1.517,0,0,TRAIN
2025-12-23,KNOW_TOP5,DN,PRESTIGE.NS,0.7317,0.75,HIGH,0.8225,-0.8599,0,0,TRAIN
2025-12-23,V3_TOP5,DN,COFORGE.NS,0.8598,0.75,HIGH,-2.3874,-5.4432,1,1,TRAIN
2025-12-23,V3_TOP5,DN,CHOLAFIN.NS,0.79,0.625,HIGH,1.1498,1.2094,0,0,TRAIN
2025-12-23,V3_TOP5,DN,EMAMILTD.NS,0.7861,0.75,HIGH,-0.9299,2.042,1,0,TRAIN
2025-12-23,V3_TOP5,DN,IOC.NS,0.7822,0.625,HIGH,-1.2862,-0.7901,1,0,TRAIN
2025-12-23,V3_TOP5,DN,AMBER.NS,0.7656,0.625,HIGH,0.0827,-2.4269,0,0,TRAIN
2025-12-23,RAND_TOP5,DN,IOC.NS,0.7822,0.625,HIGH,-1.2862,-0.7901,1,0,TRAIN
2025-12-23,RAND_TOP5,DN,COFORGE.NS,0.8598,0.75,HIGH,-2.3874,-5.4432,1,1,TRAIN
2025-12-23,RAND_TOP5,DN,SYMPHONY.NS,0.7505,0.75,HIGH,0.4759,1.517,0,0,TRAIN
2025-12-23,RAND_TOP5,DN,NAVINFLUOR.NS,0.7532,0.5,MEDIUM,-3.1253,-3.0098,1,1,TRAIN
2025-12-23,RAND_TOP5,DN,HINDZINC.NS,0.6915,0.375,MEDIUM,2.468,1.4349,0,0,TRAIN
2025-12-24,KNOW_TOP5,DN,ENDURANCE.NS,0.7564,0.875,HIGH,-1.2509,-0.6932,1,0,TRAIN
2025-12-24,KNOW_TOP5,DN,COFORGE.NS,0.8557,0.75,HIGH,-3.706,-4.7649,1,1,TRAIN
2025-12-24,KNOW_TOP5,DN,IOC.NS,0.8007,0.75,HIGH,-0.5398,0.2482,1,0,TRAIN
2025-12-24,KNOW_TOP5,DN,EMAMILTD.NS,0.7946,0.75,HIGH,-0.3871,2.216,1,0,TRAIN
2025-12-24,KNOW_TOP5,DN,BRITANNIA.NS,0.7561,0.75,HIGH,0.0415,-0.2819,0,0,TRAIN
2025-12-24,V3_TOP5,DN,COFORGE.NS,0.8557,0.75,HIGH,-3.706,-4.7649,1,1,TRAIN
2025-12-24,V3_TOP5,DN,IOC.NS,0.8007,0.75,HIGH,-0.5398,0.2482,1,0,TRAIN
2025-12-24,V3_TOP5,DN,EMAMILTD.NS,0.7946,0.75,HIGH,-0.3871,2.216,1,0,TRAIN
2025-12-24,V3_TOP5,DN,BLUESTARCO.NS,0.7682,0.5,MEDIUM,-0.7595,-3.9046,1,0,TRAIN
2025-12-24,V3_TOP5,DN,ENDURANCE.NS,0.7564,0.875,HIGH,-1.2509,-0.6932,1,0,TRAIN
2025-12-24,RAND_TOP5,DN,BLUESTARCO.NS,0.7682,0.5,MEDIUM,-0.7595,-3.9046,1,0,TRAIN
2025-12-24,RAND_TOP5,DN,COFORGE.NS,0.8557,0.75,HIGH,-3.706,-4.7649,1,1,TRAIN
2025-12-24,RAND_TOP5,DN,TATASTEEL.NS,0.7165,0.5,MEDIUM,-0.5586,3.3692,1,0,TRAIN
2025-12-24,RAND_TOP5,DN,NAVINFLUOR.NS,0.7352,0.5,MEDIUM,-1.6939,4.4688,1,0,TRAIN
2025-12-24,RAND_TOP5,DN,PERSISTENT.NS,0.6635,0.5,MEDIUM,-0.8186,-2.6682,1,0,TRAIN
2025-12-26,KNOW_TOP5,DN,CERA.NS,0.7522,0.875,HIGH,-0.7721,1.0519,1,0,TRAIN
2025-12-26,KNOW_TOP5,DN,MPHASIS.NS,0.7457,0.875,HIGH,-1.3436,-2.0838,1,0,TRAIN
2025-12-26,KNOW_TOP5,DN,COFORGE.NS,0.8751,0.75,HIGH,0.5976,-0.6156,0,0,TRAIN
2025-12-26,KNOW_TOP5,DN,BLUESTARCO.NS,0.7985,0.75,HIGH,-1.8312,-1.8822,1,0,TRAIN
2025-12-26,KNOW_TOP5,DN,BSE.NS,0.7647,0.75,HIGH,-0.7814,-0.6342,1,0,TRAIN
2025-12-26,V3_TOP5,DN,COFORGE.NS,0.8751,0.75,HIGH,0.5976,-0.6156,0,0,TRAIN
2025-12-26,V3_TOP5,DN,BLUESTARCO.NS,0.7985,0.75,HIGH,-1.8312,-1.8822,1,0,TRAIN
2025-12-26,V3_TOP5,DN,ENDURANCE.NS,0.7786,0.625,HIGH,1.2158,1.5727,0,0,TRAIN
2025-12-26,V3_TOP5,DN,BSE.NS,0.7647,0.75,HIGH,-0.7814,-0.6342,1,0,TRAIN
2025-12-26,V3_TOP5,DN,ERIS.NS,0.7622,0.5,MEDIUM,-0.0066,-1.3304,1,0,TRAIN
2025-12-26,RAND_TOP5,DN,BSE.NS,0.7647,0.75,HIGH,-0.7814,-0.6342,1,0,TRAIN
2025-12-26,RAND_TOP5,DN,COFORGE.NS,0.8751,0.75,HIGH,0.5976,-0.6156,0,0,TRAIN
2025-12-26,RAND_TOP5,DN,PERSISTENT.NS,0.733,0.625,HIGH,-1.1428,-0.4523,1,0,TRAIN
2025-12-26,RAND_TOP5,DN,MPHASIS.NS,0.7457,0.875,HIGH,-1.3436,-2.0838,1,0,TRAIN
2025-12-26,RAND_TOP5,DN,VOLTAS.NS,0.6836,0.625,HIGH,-0.0724,-1.4409,1,0,TRAIN
2025-12-29,KNOW_TOP5,DN,COFORGE.NS,0.88,0.75,HIGH,-1.6872,-1.6337,1,0,TRAIN
2025-12-29,KNOW_TOP5,DN,ENDURANCE.NS,0.7631,0.75,HIGH,-0.6432,-1.4569,1,0,TRAIN
2025-12-29,KNOW_TOP5,DN,CLEAN.NS,0.7618,0.75,HIGH,1.6191,-1.3607,0,0,TRAIN
2025-12-29,KNOW_TOP5,DN,PFIZER.NS,0.7606,0.75,HIGH,-0.6574,-0.8751,1,0,TRAIN
2025-12-29,KNOW_TOP5,DN,BLUESTARCO.NS,0.7505,0.75,HIGH,-1.3629,2.3447,1,0,TRAIN
2025-12-29,V3_TOP5,DN,COFORGE.NS,0.88,0.75,HIGH,-1.6872,-1.6337,1,0,TRAIN
2025-12-29,V3_TOP5,DN,ENDURANCE.NS,0.7631,0.75,HIGH,-0.6432,-1.4569,1,0,TRAIN
2025-12-29,V3_TOP5,DN,CLEAN.NS,0.7618,0.75,HIGH,1.6191,-1.3607,0,0,TRAIN
2025-12-29,V3_TOP5,DN,PFIZER.NS,0.7606,0.75,HIGH,-0.6574,-0.8751,1,0,TRAIN
2025-12-29,V3_TOP5,DN,BLUESTARCO.NS,0.7505,0.75,HIGH,-1.3629,2.3447,1,0,TRAIN
2025-12-29,RAND_TOP5,DN,PFIZER.NS,0.7606,0.75,HIGH,-0.6574,-0.8751,1,0,TRAIN
2025-12-29,RAND_TOP5,DN,COFORGE.NS,0.88,0.75,HIGH,-1.6872,-1.6337,1,0,TRAIN
2025-12-29,RAND_TOP5,DN,MGL.NS,0.7015,0.75,HIGH,-0.936,0.5616,1,0,TRAIN
2025-12-29,RAND_TOP5,DN,MPHASIS.NS,0.7123,0.75,HIGH,-0.5903,0.5796,1,0,TRAIN
2025-12-29,RAND_TOP5,DN,FEDERALBNK.NS,0.6761,0.625,HIGH,1.7878,1.2742,0,0,TRAIN
2025-12-30,KNOW_TOP5,DN,COROMANDEL.NS,0.8644,0.875,HIGH,1.3369,1.9495,0,0,TRAIN
2025-12-30,KNOW_TOP5,DN,COFORGE.NS,0.851,0.875,HIGH,0.4895,-0.278,0,0,TRAIN
2025-12-30,KNOW_TOP5,DN,PERSISTENT.NS,0.7841,0.875,HIGH,1.4394,1.7225,0,0,TRAIN
2025-12-30,KNOW_TOP5,DN,INFY.NS,0.7552,0.875,HIGH,-0.3823,1.1593,1,0,TRAIN
2025-12-30,KNOW_TOP5,DN,PFIZER.NS,0.7332,0.875,HIGH,1.2402,-0.7997,0,0,TRAIN
2025-12-30,V3_TOP5,DN,IDEAFORGE.NS,0.8759,0.625,HIGH,0.9257,0.9903,0,0,TRAIN
2025-12-30,V3_TOP5,DN,COROMANDEL.NS,0.8644,0.875,HIGH,1.3369,1.9495,0,0,TRAIN
2025-12-30,V3_TOP5,DN,COFORGE.NS,0.851,0.875,HIGH,0.4895,-0.278,0,0,TRAIN
2025-12-30,V3_TOP5,DN,KPITTECH.NS,0.7976,0.75,HIGH,0.9297,0.5079,0,0,TRAIN
2025-12-30,V3_TOP5,DN,PERSISTENT.NS,0.7841,0.875,HIGH,1.4394,1.7225,0,0,TRAIN
2025-12-30,RAND_TOP5,DN,KPITTECH.NS,0.7976,0.75,HIGH,0.9297,0.5079,0,0,TRAIN
2025-12-30,RAND_TOP5,DN,IDEAFORGE.NS,0.8759,0.625,HIGH,0.9257,0.9903,0,0,TRAIN
2025-12-30,RAND_TOP5,DN,STLTECH.NS,0.75,0.625,HIGH,1.2062,1.6377,0,0,TRAIN
2025-12-30,RAND_TOP5,DN,KEI.NS,0.7539,0.75,HIGH,2.4744,4.0689,0,0,TRAIN
2025-12-30,RAND_TOP5,DN,INTELLECT.NS,0.7127,0.75,HIGH,2.7187,1.6873,0,0,TRAIN
2025-12-31,KNOW_TOP5,DN,MASTEK.NS,0.7299,0.875,HIGH,2.906,2.3746,0,0,TRAIN
2025-12-31,KNOW_TOP5,DN,CLEAN.NS,0.7233,0.875,HIGH,-1.9462,-1.3127,1,0,TRAIN
2025-12-31,KNOW_TOP5,DN,RAJESHEXPO.NS,0.9,0.75,HIGH,-2.7009,-5.4727,1,1,TRAIN
2025-12-31,KNOW_TOP5,DN,COROMANDEL.NS,0.8765,0.75,HIGH,-0.15,1.4472,1,0,TRAIN
2025-12-31,KNOW_TOP5,DN,POLICYBZR.NS,0.8162,0.75,HIGH,-1.0846,-2.936,1,0,TRAIN
2025-12-31,V3_TOP5,DN,RAJESHEXPO.NS,0.9,0.75,HIGH,-2.7009,-5.4727,1,1,TRAIN
2025-12-31,V3_TOP5,DN,COROMANDEL.NS,0.8765,0.75,HIGH,-0.15,1.4472,1,0,TRAIN
2025-12-31,V3_TOP5,DN,CENTUM.NS,0.825,0.625,HIGH,-2.0199,-4.2881,1,1,TRAIN
2025-12-31,V3_TOP5,DN,POLICYBZR.NS,0.8162,0.75,HIGH,-1.0846,-2.936,1,0,TRAIN
2025-12-31,V3_TOP5,DN,KPITTECH.NS,0.8042,0.75,HIGH,-0.7932,-1.8337,1,0,TRAIN
2025-12-31,RAND_TOP5,DN,POLICYBZR.NS,0.8162,0.75,HIGH,-1.0846,-2.936,1,0,TRAIN
2025-12-31,RAND_TOP5,DN,RAJESHEXPO.NS,0.9,0.75,HIGH,-2.7009,-5.4727,1,1,TRAIN
2025-12-31,RAND_TOP5,DN,COCHINSHIP.NS,0.7353,0.625,HIGH,0.1543,0.6111,0,0,TRAIN
2025-12-31,RAND_TOP5,DN,GRANULES.NS,0.7404,0.75,HIGH,3.4586,1.1278,0,0,TRAIN
2025-12-31,RAND_TOP5,DN,STLTECH.NS,0.7022,0.375,MEDIUM,-0.6783,-1.0853,1,0,TRAIN
2026-01-01,KNOW_TOP5,DN,HINDZINC.NS,0.9088,0.75,HIGH,2.7535,5.0903,0,0,TRAIN
2026-01-01,KNOW_TOP5,DN,COROMANDEL.NS,0.8706,0.75,HIGH,0.7556,2.205,0,0,TRAIN
2026-01-01,KNOW_TOP5,DN,DEEPAKNTR.NS,0.8354,0.75,HIGH,0.576,-4.4554,0,0,TRAIN
2026-01-01,KNOW_TOP5,DN,POLICYBZR.NS,0.8266,0.75,HIGH,-1.3291,-3.4334,1,0,TRAIN
2026-01-01,KNOW_TOP5,DN,ITC.NS,0.7917,0.75,HIGH,-3.7928,-5.8815,1,1,TRAIN
2026-01-01,V3_TOP5,DN,HINDZINC.NS,0.9088,0.75,HIGH,2.7535,5.0903,0,0,TRAIN
2026-01-01,V3_TOP5,DN,COROMANDEL.NS,0.8706,0.75,HIGH,0.7556,2.205,0,0,TRAIN
2026-01-01,V3_TOP5,DN,DEEPAKNTR.NS,0.8354,0.75,HIGH,0.576,-4.4554,0,0,TRAIN
2026-01-01,V3_TOP5,DN,POLICYBZR.NS,0.8266,0.75,HIGH,-1.3291,-3.4334,1,0,TRAIN
2026-01-01,V3_TOP5,DN,CENTUM.NS,0.8088,0.625,HIGH,-0.9915,-4.3022,1,0,TRAIN
2026-01-01,RAND_TOP5,DN,POLICYBZR.NS,0.8266,0.75,HIGH,-1.3291,-3.4334,1,0,TRAIN
2026-01-01,RAND_TOP5,DN,HINDZINC.NS,0.9088,0.75,HIGH,2.7535,5.0903,0,0,TRAIN
2026-01-01,RAND_TOP5,DN,COCHINSHIP.NS,0.7573,0.625,HIGH,0.3944,-1.0724,0,0,TRAIN
2026-01-01,RAND_TOP5,DN,SOLARINDS.NS,0.7779,0.75,HIGH,1.3973,5.6715,0,0,TRAIN
2026-01-01,RAND_TOP5,DN,MANAPPURAM.NS,0.6988,0.5,MEDIUM,-0.9392,-1.8625,1,0,TRAIN
2026-01-02,KNOW_TOP5,DN,RADICO.NS,0.8614,0.875,HIGH,0.3361,3.6552,0,0,TRAIN
2026-01-02,KNOW_TOP5,DN,ABBOTINDIA.NS,0.7273,0.875,HIGH,0.1067,1.28,0,0,TRAIN
2026-01-02,KNOW_TOP5,DN,DEEPAKNTR.NS,0.878,0.75,HIGH,-2.402,-4.1669,1,1,TRAIN
2026-01-02,KNOW_TOP5,DN,ITC.NS,0.8222,0.75,HIGH,-0.1,-2.5139,1,0,TRAIN
2026-01-02,KNOW_TOP5,DN,POLICYBZR.NS,0.7935,0.75,HIGH,-0.55,-3.4965,1,0,TRAIN
2026-01-02,V3_TOP5,DN,RVNL.NS,0.9349,0.5,MEDIUM,-1.3257,-2.3097,1,0,TRAIN
2026-01-02,V3_TOP5,DN,IRFC.NS,0.9187,0.5,MEDIUM,-0.6849,-0.3425,1,0,TRAIN
2026-01-02,V3_TOP5,DN,HINDZINC.NS,0.8893,0.5,MEDIUM,-0.0318,0.1908,1,0,TRAIN
2026-01-02,V3_TOP5,DN,DEEPAKNTR.NS,0.878,0.75,HIGH,-2.402,-4.1669,1,1,TRAIN
2026-01-02,V3_TOP5,DN,RADICO.NS,0.8614,0.875,HIGH,0.3361,3.6552,0,0,TRAIN
2026-01-02,RAND_TOP5,DN,DEEPAKNTR.NS,0.878,0.75,HIGH,-2.402,-4.1669,1,1,TRAIN
2026-01-02,RAND_TOP5,DN,RVNL.NS,0.9349,0.5,MEDIUM,-1.3257,-2.3097,1,0,TRAIN
2026-01-02,RAND_TOP5,DN,IRCON.NS,0.8011,0.5,MEDIUM,-1.2275,-1.0044,1,0,TRAIN
2026-01-02,RAND_TOP5,DN,COROMANDEL.NS,0.8075,0.625,HIGH,0.8377,1.6403,0,0,TRAIN
2026-01-02,RAND_TOP5,DN,BEML.NS,0.7373,0.5,MEDIUM,1.5502,0.1669,0,0,TRAIN
2026-01-05,KNOW_TOP5,DN,SAPPHIRE.NS,0.8882,0.875,HIGH,-2.6912,-5.4464,1,1,TRAIN
2026-01-05,KNOW_TOP5,DN,ITC.NS,0.828,0.875,HIGH,-2.0732,-2.5164,1,1,TRAIN
2026-01-05,KNOW_TOP5,DN,IRCTC.NS,0.7679,0.875,HIGH,-0.6439,-2.8273,1,0,TRAIN
2026-01-05,KNOW_TOP5,DN,RADICO.NS,0.8355,0.75,HIGH,0.773,-0.8117,0,0,TRAIN
2026-01-05,KNOW_TOP5,DN,CENTUM.NS,0.7495,0.75,HIGH,-2.0344,-1.1223,1,1,TRAIN
2026-01-05,V3_TOP5,DN,RAJESHEXPO.NS,0.8952,0.625,HIGH,1.8895,-1.083,0,0,TRAIN
2026-01-05,V3_TOP5,DN,RVNL.NS,0.89,0.625,HIGH,-0.7479,-5.1108,1,0,TRAIN
2026-01-05,V3_TOP5,DN,SAPPHIRE.NS,0.8882,0.875,HIGH,-2.6912,-5.4464,1,1,TRAIN
2026-01-05,V3_TOP5,DN,DEEPAKNTR.NS,0.8446,0.625,HIGH,-2.6647,-3.2275,1,1,TRAIN
2026-01-05,V3_TOP5,DN,RADICO.NS,0.8355,0.75,HIGH,0.773,-0.8117,0,0,TRAIN
2026-01-05,RAND_TOP5,DN,DEEPAKNTR.NS,0.8446,0.625,HIGH,-2.6647,-3.2275,1,1,TRAIN
2026-01-05,RAND_TOP5,DN,RAJESHEXPO.NS,0.8952,0.625,HIGH,1.8895,-1.083,0,0,TRAIN
2026-01-05,RAND_TOP5,DN,IRFC.NS,0.7916,0.5,MEDIUM,-0.2978,-2.6097,1,0,TRAIN
2026-01-05,RAND_TOP5,DN,IDEA.NS,0.8148,0.625,HIGH,1.3998,0.6124,0,0,TRAIN
2026-01-05,RAND_TOP5,DN,POLICYBZR.NS,0.7488,0.75,HIGH,-1.5914,-4.4074,1,0,TRAIN
2026-01-06,KNOW_TOP5,DN,SAPPHIRE.NS,0.889,0.875,HIGH,0.5487,-2.6339,0,0,TRAIN
2026-01-06,KNOW_TOP5,DN,RVNL.NS,0.8624,0.75,HIGH,-0.2512,-7.2844,1,0,TRAIN
2026-01-06,KNOW_TOP5,DN,ITC.NS,0.8502,0.75,HIGH,-0.3504,-1.5477,1,0,TRAIN
2026-01-06,KNOW_TOP5,DN,IDEA.NS,0.8216,0.75,HIGH,-1.1217,-2.8473,1,0,TRAIN
2026-01-06,KNOW_TOP5,DN,DEEPAKNTR.NS,0.8098,0.75,HIGH,0.8797,-1.8517,0,0,TRAIN
2026-01-06,V3_TOP5,DN,SAPPHIRE.NS,0.889,0.875,HIGH,0.5487,-2.6339,0,0,TRAIN
2026-01-06,V3_TOP5,DN,M&MFIN.NS,0.8727,0.625,HIGH,-3.8333,-6.9053,1,1,TRAIN
2026-01-06,V3_TOP5,DN,RVNL.NS,0.8624,0.75,HIGH,-0.2512,-7.2844,1,0,TRAIN
2026-01-06,V3_TOP5,DN,RADICO.NS,0.8573,0.625,HIGH,2.5155,-5.8429,0,0,TRAIN
2026-01-06,V3_TOP5,DN,ITC.NS,0.8502,0.75,HIGH,-0.3504,-1.5477,1,0,TRAIN
2026-01-06,RAND_TOP5,DN,RADICO.NS,0.8573,0.625,HIGH,2.5155,-5.8429,0,0,TRAIN
2026-01-06,RAND_TOP5,DN,SAPPHIRE.NS,0.889,0.875,HIGH,0.5487,-2.6339,0,0,TRAIN
2026-01-06,RAND_TOP5,DN,NMDC.NS,0.7536,0.375,MEDIUM,2.7304,-4.042,0,0,TRAIN
2026-01-06,RAND_TOP5,DN,IRFC.NS,0.7599,0.5,MEDIUM,0.6446,-4.6927,0,0,TRAIN
2026-01-06,RAND_TOP5,DN,MGL.NS,0.7273,0.625,HIGH,-1.1914,-1.4706,1,0,TRAIN
2026-01-07,KNOW_TOP5,DN,GALAXYSURF.NS,0.7369,0.875,HIGH,-0.7296,-2.9644,1,0,TRAIN
2026-01-07,KNOW_TOP5,DN,RELIANCE.NS,0.7177,0.875,HIGH,-2.2337,-1.3961,1,1,TRAIN
2026-01-07,KNOW_TOP5,DN,M&MFIN.NS,0.8718,0.75,HIGH,-1.375,-1.7917,1,0,TRAIN
2026-01-07,KNOW_TOP5,DN,ITC.NS,0.8478,0.75,HIGH,-0.1026,-0.8352,1,0,TRAIN
2026-01-07,KNOW_TOP5,DN,IRCON.NS,0.7869,0.75,HIGH,-4.3062,-7.6936,1,1,TRAIN
2026-01-07,V3_TOP5,DN,SAPPHIRE.NS,0.8796,0.625,HIGH,-3.3617,-3.0561,1,1,TRAIN
2026-01-07,V3_TOP5,DN,M&MFIN.NS,0.8718,0.75,HIGH,-1.375,-1.7917,1,0,TRAIN
2026-01-07,V3_TOP5,DN,ITC.NS,0.8478,0.75,HIGH,-0.1026,-0.8352,1,0,TRAIN
2026-01-07,V3_TOP5,DN,DEEPAKNTR.NS,0.81,0.625,HIGH,-1.4453,-3.9944,1,0,TRAIN
2026-01-07,V3_TOP5,DN,RVNL.NS,0.7924,0.625,HIGH,-4.155,-7.2048,1,1,TRAIN
2026-01-07,RAND_TOP5,DN,DEEPAKNTR.NS,0.81,0.625,HIGH,-1.4453,-3.9944,1,0,TRAIN
2026-01-07,RAND_TOP5,DN,SAPPHIRE.NS,0.8796,0.625,HIGH,-3.3617,-3.0561,1,1,TRAIN
2026-01-07,RAND_TOP5,DN,STLTECH.NS,0.7692,0.75,HIGH,-2.6894,-6.6076,1,1,TRAIN
2026-01-07,RAND_TOP5,DN,CRAFTSMAN.NS,0.7788,0.625,HIGH,-1.7807,-3.9777,1,0,TRAIN
2026-01-07,RAND_TOP5,DN,RATEGAIN.NS,0.7248,0.5,MEDIUM,-1.8586,-5.0219,1,0,TRAIN
2026-01-08,KNOW_TOP5,DN,MOIL.NS,0.8303,0.875,HIGH,-3.4132,-2.4093,1,1,TRAIN
2026-01-08,KNOW_TOP5,DN,JINDALSTEL.NS,0.8007,0.875,HIGH,-0.3256,-0.2762,1,0,TRAIN
2026-01-08,KNOW_TOP5,DN,RVNL.NS,0.8609,0.75,HIGH,-3.0215,-3.6053,1,1,TRAIN
2026-01-08,KNOW_TOP5,DN,MRPL.NS,0.7947,0.75,HIGH,-2.398,1.795,1,1,TRAIN
2026-01-08,KNOW_TOP5,DN,JINDALPOLY.NS,0.7932,0.75,HIGH,-1.0262,-6.2242,1,0,TRAIN
2026-01-08,V3_TOP5,DN,SAPPHIRE.NS,0.882,0.625,HIGH,0.2033,2.3944,0,0,TRAIN
2026-01-08,V3_TOP5,DN,RVNL.NS,0.8609,0.75,HIGH,-3.0215,-3.6053,1,1,TRAIN
2026-01-08,V3_TOP5,DN,M&MFIN.NS,0.8422,0.625,HIGH,-1.8448,2.1828,1,0,TRAIN
2026-01-08,V3_TOP5,DN,AJANTPHARM.NS,0.8418,0.625,HIGH,-2.6,-3.7979,1,1,TRAIN
2026-01-08,V3_TOP5,DN,MOIL.NS,0.8303,0.875,HIGH,-3.4132,-2.4093,1,1,TRAIN
2026-01-08,RAND_TOP5,DN,AJANTPHARM.NS,0.8418,0.625,HIGH,-2.6,-3.7979,1,1,TRAIN
2026-01-08,RAND_TOP5,DN,SAPPHIRE.NS,0.882,0.625,HIGH,0.2033,2.3944,0,0,TRAIN
2026-01-08,RAND_TOP5,DN,MRPL.NS,0.7947,0.75,HIGH,-2.398,1.795,1,1,TRAIN
2026-01-08,RAND_TOP5,DN,JINDALSTEL.NS,0.8007,0.875,HIGH,-0.3256,-0.2762,1,0,TRAIN
2026-01-08,RAND_TOP5,DN,MAPMYINDIA.NS,0.7566,0.75,HIGH,-2.5099,-4.7944,1,1,TRAIN
2026-01-09,KNOW_TOP5,DN,MANAPPURAM.NS,0.7816,0.875,HIGH,2.9211,8.0987,0,0,TRAIN
2026-01-09,KNOW_TOP5,DN,MOIL.NS,0.8524,0.75,HIGH,0.5494,3.6674,0,0,TRAIN
2026-01-09,KNOW_TOP5,DN,ZYDUSWELL.NS,0.8357,0.75,HIGH,-0.798,-0.236,1,0,TRAIN
2026-01-09,KNOW_TOP5,DN,IRCON.NS,0.8355,0.75,HIGH,0.0122,0.745,0,0,TRAIN
2026-01-09,KNOW_TOP5,DN,SJVN.NS,0.8287,0.75,HIGH,3.0718,0.7424,0,0,TRAIN
2026-01-09,V3_TOP5,DN,MOIL.NS,0.8524,0.75,HIGH,0.5494,3.6674,0,0,TRAIN
2026-01-09,V3_TOP5,DN,SAPPHIRE.NS,0.8502,0.625,HIGH,0.1127,1.0144,0,0,TRAIN
2026-01-09,V3_TOP5,DN,ZYDUSWELL.NS,0.8357,0.75,HIGH,-0.798,-0.236,1,0,TRAIN
2026-01-09,V3_TOP5,DN,IRCON.NS,0.8355,0.75,HIGH,0.0122,0.745,0,0,TRAIN
2026-01-09,V3_TOP5,DN,AJANTPHARM.NS,0.8354,0.625,HIGH,-1.2696,-2.1052,1,0,TRAIN
2026-01-09,RAND_TOP5,DN,IRCON.NS,0.8355,0.75,HIGH,0.0122,0.745,0,0,TRAIN
2026-01-09,RAND_TOP5,DN,MOIL.NS,0.8524,0.75,HIGH,0.5494,3.6674,0,0,TRAIN
2026-01-09,RAND_TOP5,DN,SUZLON.NS,0.8058,0.75,HIGH,0.0,-0.3862,0,0,TRAIN
2026-01-09,RAND_TOP5,DN,M&MFIN.NS,0.8191,0.75,HIGH,1.4491,1.8508,0,0,TRAIN
2026-01-09,RAND_TOP5,DN,NCC.NS,0.7599,0.625,HIGH,-0.1345,0.888,1,0,TRAIN
2026-01-12,KNOW_TOP5,DN,RATEGAIN.NS,0.782,0.875,HIGH,1.5655,2.0106,0,0,TRAIN
2026-01-12,KNOW_TOP5,DN,ZYDUSWELL.NS,0.8682,0.75,HIGH,0.0567,0.5665,0,0,TRAIN
2026-01-12,KNOW_TOP5,DN,AJANTPHARM.NS,0.8112,0.75,HIGH,0.0403,-0.8463,0,0,TRAIN
2026-01-12,KNOW_TOP5,DN,HFCL.NS,0.801,0.75,HIGH,-0.8071,1.9307,1,0,TRAIN
2026-01-12,KNOW_TOP5,DN,ADANIENSOL.NS,0.7811,0.75,HIGH,-1.935,-2.9761,1,0,TRAIN
2026-01-12,V3_TOP5,DN,SJVN.NS,0.8782,0.5,MEDIUM,-1.3784,-2.26,1,0,TRAIN
2026-01-12,V3_TOP5,DN,ZYDUSWELL.NS,0.8682,0.75,HIGH,0.0567,0.5665,0,0,TRAIN
2026-01-12,V3_TOP5,DN,CRAFTSMAN.NS,0.8484,0.625,HIGH,2.5482,4.7295,0,0,TRAIN
2026-01-12,V3_TOP5,DN,MOIL.NS,0.8223,0.625,HIGH,0.4873,3.101,0,0,TRAIN
2026-01-12,V3_TOP5,DN,IRCON.NS,0.8153,0.625,HIGH,-0.9281,0.7327,1,0,TRAIN
2026-01-12,RAND_TOP5,DN,MOIL.NS,0.8223,0.625,HIGH,0.4873,3.101,0,0,TRAIN
2026-01-12,RAND_TOP5,DN,SJVN.NS,0.8782,0.5,MEDIUM,-1.3784,-2.26,1,0,TRAIN
2026-01-12,RAND_TOP5,DN,ADANIENSOL.NS,0.7811,0.75,HIGH,-1.935,-2.9761,1,0,TRAIN
2026-01-12,RAND_TOP5,DN,RATEGAIN.NS,0.782,0.875,HIGH,1.5655,2.0106,0,0,TRAIN
2026-01-12,RAND_TOP5,DN,JINDALSTEL.NS,0.7383,0.625,HIGH,-1.2312,1.6904,1,0,TRAIN
2026-01-13,KNOW_TOP5,DN,SUZLON.NS,0.82,0.875,HIGH,0.6572,-0.4929,0,0,TRAIN
2026-01-13,KNOW_TOP5,DN,TEJASNET.NS,0.8112,0.875,HIGH,-1.2517,-2.8362,1,0,TRAIN
2026-01-13,KNOW_TOP5,DN,ADANIENSOL.NS,0.7556,0.875,HIGH,-1.0617,-2.5523,1,0,TRAIN
2026-01-13,KNOW_TOP5,DN,DLF.NS,0.7461,0.875,HIGH,-0.2069,-0.3909,1,0,TRAIN
2026-01-13,KNOW_TOP5,DN,ADANIGREEN.NS,0.711,0.875,HIGH,-0.1495,-0.7046,1,0,TRAIN
2026-01-13,V3_TOP5,DN,HFCL.NS,0.8807,0.75,HIGH,2.7601,8.5195,0,0,TRAIN
2026-01-13,V3_TOP5,DN,MOIL.NS,0.8659,0.625,HIGH,2.601,1.3226,0,0,TRAIN
2026-01-13,V3_TOP5,DN,JINDALPOLY.NS,0.8449,0.75,HIGH,-1.5939,-5.7214,1,0,TRAIN
2026-01-13,V3_TOP5,DN,SJVN.NS,0.8383,0.625,HIGH,-0.894,-3.7144,1,0,TRAIN
2026-01-13,V3_TOP5,DN,CRAFTSMAN.NS,0.821,0.5,MEDIUM,2.1271,1.0603,0,0,TRAIN
2026-01-13,RAND_TOP5,DN,SJVN.NS,0.8383,0.625,HIGH,-0.894,-3.7144,1,0,TRAIN
2026-01-13,RAND_TOP5,DN,HFCL.NS,0.8807,0.75,HIGH,2.7601,8.5195,0,0,TRAIN
2026-01-13,RAND_TOP5,DN,AMBER.NS,0.8032,0.625,HIGH,-0.5207,-0.0081,1,0,TRAIN
2026-01-13,RAND_TOP5,DN,GODREJPROP.NS,0.8037,0.75,HIGH,-0.3939,0.5429,1,0,TRAIN
2026-01-13,RAND_TOP5,DN,RECLTD.NS,0.7111,0.625,HIGH,0.8177,1.1175,0,0,TRAIN
2026-01-14,KNOW_TOP5,DN,GODREJPROP.NS,0.8064,0.875,HIGH,0.0,-3.9329,0,0,TRAIN
2026-01-14,KNOW_TOP5,DN,KALYANKJIL.NS,0.7944,0.875,HIGH,0.0,-4.4858,0,0,TRAIN
2026-01-14,KNOW_TOP5,DN,DLF.NS,0.7164,0.875,HIGH,0.0,-1.4131,0,0,TRAIN
2026-01-14,KNOW_TOP5,DN,PRESTIGE.NS,0.7037,0.875,HIGH,0.0,0.3733,0,0,TRAIN
2026-01-14,KNOW_TOP5,DN,LT.NS,0.7005,0.875,HIGH,0.0,0.1035,0,0,TRAIN
2026-01-14,V3_TOP5,DN,TEJASNET.NS,0.8613,0.75,HIGH,0.0,-5.7983,0,0,TRAIN
2026-01-14,V3_TOP5,DN,HFCL.NS,0.839,0.625,HIGH,0.0,2.5617,0,0,TRAIN
2026-01-14,V3_TOP5,DN,SJVN.NS,0.8269,0.5,MEDIUM,0.0,-5.3233,0,0,TRAIN
2026-01-14,V3_TOP5,DN,INTELLECT.NS,0.81,0.75,HIGH,0.0,-1.5682,0,0,TRAIN
2026-01-14,V3_TOP5,DN,GODREJPROP.NS,0.8064,0.875,HIGH,0.0,-3.9329,0,0,TRAIN
2026-01-14,RAND_TOP5,DN,INTELLECT.NS,0.81,0.75,HIGH,0.0,-1.5682,0,0,TRAIN
2026-01-14,RAND_TOP5,DN,TEJASNET.NS,0.8613,0.75,HIGH,0.0,-5.7983,0,0,TRAIN
2026-01-14,RAND_TOP5,DN,BOSCHLTD.NS,0.7577,0.625,HIGH,0.0,-2.523,0,0,TRAIN
2026-01-14,RAND_TOP5,DN,ADANIENSOL.NS,0.7672,0.75,HIGH,0.0,-1.5391,0,0,TRAIN
2026-01-14,RAND_TOP5,DN,SUZLON.NS,0.7118,0.625,HIGH,0.0,-2.1016,0,0,TRAIN
2026-01-16,KNOW_TOP5,DN,KALYANKJIL.NS,0.801,0.875,HIGH,-1.8503,-15.1765,1,0,TRAIN
2026-01-16,KNOW_TOP5,DN,CESC.NS,0.7224,0.875,HIGH,-2.2603,-6.8131,1,1,TRAIN
2026-01-16,KNOW_TOP5,DN,POLYCAB.NS,0.6902,0.875,HIGH,4.1634,-2.0572,0,0,TRAIN
2026-01-16,KNOW_TOP5,DN,LT.NS,0.6807,0.875,HIGH,0.3475,-2.3312,0,0,TRAIN
2026-01-16,KNOW_TOP5,DN,TEJASNET.NS,0.8517,0.75,HIGH,-4.262,-10.4975,1,1,TRAIN
2026-01-16,V3_TOP5,DN,TEJASNET.NS,0.8517,0.75,HIGH,-4.262,-10.4975,1,1,TRAIN
2026-01-16,V3_TOP5,DN,KALYANKJIL.NS,0.801,0.875,HIGH,-1.8503,-15.1765,1,0,TRAIN
2026-01-16,V3_TOP5,DN,SOBHA.NS,0.7971,0.625,HIGH,-2.2327,-11.4909,1,1,TRAIN
2026-01-16,V3_TOP5,DN,SOLARINDS.NS,0.7833,0.625,HIGH,0.7012,-2.3062,0,0,TRAIN
2026-01-16,V3_TOP5,DN,GODREJPROP.NS,0.7676,0.625,HIGH,-4.828,-12.9487,1,1,TRAIN
2026-01-16,RAND_TOP5,DN,SOLARINDS.NS,0.7833,0.625,HIGH,0.7012,-2.3062,0,0,TRAIN
2026-01-16,RAND_TOP5,DN,TEJASNET.NS,0.8517,0.75,HIGH,-4.262,-10.4975,1,1,TRAIN
2026-01-16,RAND_TOP5,DN,IDEA.NS,0.732,0.5,MEDIUM,-2.1257,-6.4695,1,1,TRAIN
2026-01-16,RAND_TOP5,DN,RADICO.NS,0.7407,0.625,HIGH,-1.854,-2.0304,1,0,TRAIN
2026-01-16,RAND_TOP5,DN,BOSCHLTD.NS,0.6983,0.625,HIGH,-0.8823,-4.6287,1,0,TRAIN
2026-01-19,KNOW_TOP5,DN,SOBHA.NS,0.8236,0.875,HIGH,-8.6124,-10.0121,1,1,TRAIN
2026-01-19,KNOW_TOP5,DN,IDEA.NS,0.8604,0.75,HIGH,-4.3437,-3.8716,1,1,TRAIN
2026-01-19,KNOW_TOP5,DN,KALYANKJIL.NS,0.8466,0.75,HIGH,-1.6127,-18.59,1,0,TRAIN
2026-01-19,KNOW_TOP5,DN,WIPRO.NS,0.8405,0.75,HIGH,-2.4598,-2.1549,1,1,TRAIN
2026-01-19,KNOW_TOP5,DN,CESC.NS,0.7689,0.75,HIGH,-3.2915,-5.7552,1,1,TRAIN
2026-01-19,V3_TOP5,DN,IDEA.NS,0.8604,0.75,HIGH,-4.3437,-3.8716,1,1,TRAIN
2026-01-19,V3_TOP5,DN,KALYANKJIL.NS,0.8466,0.75,HIGH,-1.6127,-18.59,1,0,TRAIN
2026-01-19,V3_TOP5,DN,WIPRO.NS,0.8405,0.75,HIGH,-2.4598,-2.1549,1,1,TRAIN
2026-01-19,V3_TOP5,DN,SOBHA.NS,0.8236,0.875,HIGH,-8.6124,-10.0121,1,1,TRAIN
2026-01-19,V3_TOP5,DN,SJVN.NS,0.7718,0.625,HIGH,-3.6366,-2.6838,1,1,TRAIN
2026-01-19,RAND_TOP5,DN,SOBHA.NS,0.8236,0.875,HIGH,-8.6124,-10.0121,1,1,TRAIN
2026-01-19,RAND_TOP5,DN,IDEA.NS,0.8604,0.75,HIGH,-4.3437,-3.8716,1,1,TRAIN
2026-01-19,RAND_TOP5,DN,JINDALPOLY.NS,0.7095,0.625,HIGH,-3.7941,1.4038,1,1,TRAIN
2026-01-19,RAND_TOP5,DN,LTTS.NS,0.7233,0.75,HIGH,-1.1395,0.2946,1,0,TRAIN
2026-01-19,RAND_TOP5,DN,DIVISLAB.NS,0.6782,0.625,HIGH,-2.0684,-1.1238,1,1,TRAIN
2026-01-20,KNOW_TOP5,DN,YESBANK.NS,0.745,0.875,HIGH,-0.1843,-3.5945,1,0,TRAIN
2026-01-20,KNOW_TOP5,DN,POLYCAB.NS,0.7365,0.875,HIGH,-1.4065,-4.9827,1,0,TRAIN
2026-01-20,KNOW_TOP5,DN,SUNPHARMA.NS,0.6969,0.875,HIGH,-0.0558,1.1216,1,0,TRAIN
2026-01-20,KNOW_TOP5,DN,SOBHA.NS,0.8837,0.75,HIGH,-0.938,1.2604,1,0,TRAIN
2026-01-20,KNOW_TOP5,DN,WIPRO.NS,0.832,0.75,HIGH,-0.1459,-0.6253,1,0,TRAIN
2026-01-20,V3_TOP5,DN,SOBHA.NS,0.8837,0.75,HIGH,-0.938,1.2604,1,0,TRAIN
2026-01-20,V3_TOP5,DN,WIPRO.NS,0.832,0.75,HIGH,-0.1459,-0.6253,1,0,TRAIN
2026-01-20,V3_TOP5,DN,KALYANKJIL.NS,0.831,0.75,HIGH,-12.1608,-18.6621,1,1,TRAIN
2026-01-20,V3_TOP5,DN,SJVN.NS,0.8022,0.625,HIGH,-0.6127,-1.3229,1,0,TRAIN
2026-01-20,V3_TOP5,DN,ONMOBILE.NS,0.7863,0.75,HIGH,-3.3178,-5.1804,1,1,TRAIN
2026-01-20,RAND_TOP5,DN,SJVN.NS,0.8022,0.625,HIGH,-0.6127,-1.3229,1,0,TRAIN
2026-01-20,RAND_TOP5,DN,SOBHA.NS,0.8837,0.75,HIGH,-0.938,1.2604,1,0,TRAIN
2026-01-20,RAND_TOP5,DN,CESC.NS,0.7392,0.75,HIGH,-1.413,-4.5992,1,0,TRAIN
2026-01-20,RAND_TOP5,DN,YESBANK.NS,0.745,0.875,HIGH,-0.1843,-3.5945,1,0,TRAIN
2026-01-20,RAND_TOP5,DN,LTTS.NS,0.7192,0.5,MEDIUM,1.9028,0.3137,0,0,TRAIN
2026-01-21,KNOW_TOP5,DN,SOBHA.NS,0.8758,0.875,HIGH,-0.5992,1.3242,1,0,TRAIN
2026-01-21,KNOW_TOP5,DN,CROMPTON.NS,0.7394,0.875,HIGH,-1.1195,-4.3488,1,0,TRAIN
2026-01-21,KNOW_TOP5,DN,KALYANKJIL.NS,0.8831,0.75,HIGH,-5.8,-6.9726,1,1,TRAIN
2026-01-21,KNOW_TOP5,DN,ONMOBILE.NS,0.8471,0.75,HIGH,2.0068,-4.696,0,0,TRAIN
2026-01-21,KNOW_TOP5,DN,SJVN.NS,0.8147,0.75,HIGH,1.6113,0.2662,0,0,TRAIN
2026-01-21,V3_TOP5,DN,KALYANKJIL.NS,0.8831,0.75,HIGH,-5.8,-6.9726,1,1,TRAIN
2026-01-21,V3_TOP5,DN,SOBHA.NS,0.8758,0.875,HIGH,-0.5992,1.3242,1,0,TRAIN
2026-01-21,V3_TOP5,DN,ONMOBILE.NS,0.8471,0.75,HIGH,2.0068,-4.696,0,0,TRAIN
2026-01-21,V3_TOP5,DN,SJVN.NS,0.8147,0.75,HIGH,1.6113,0.2662,0,0,TRAIN
2026-01-21,V3_TOP5,DN,SRF.NS,0.7961,0.75,HIGH,2.204,0.198,0,0,TRAIN
2026-01-21,RAND_TOP5,DN,SJVN.NS,0.8147,0.75,HIGH,1.6113,0.2662,0,0,TRAIN
2026-01-21,RAND_TOP5,DN,KALYANKJIL.NS,0.8831,0.75,HIGH,-5.8,-6.9726,1,1,TRAIN
2026-01-21,RAND_TOP5,DN,WIPRO.NS,0.7662,0.75,HIGH,0.4592,-1.9829,0,0,TRAIN
2026-01-21,RAND_TOP5,DN,DATAPATTNS.NS,0.7691,0.75,HIGH,3.5535,3.7341,0,0,TRAIN
2026-01-21,RAND_TOP5,DN,VOLTAS.NS,0.7256,0.75,HIGH,0.2247,3.0993,0,0,TRAIN
2026-01-22,KNOW_TOP5,DN,KALYANKJIL.NS,0.8901,0.75,HIGH,-1.6999,-1.4991,1,0,TRAIN
2026-01-22,KNOW_TOP5,DN,SOBHA.NS,0.8826,0.75,HIGH,2.8355,5.3881,0,0,TRAIN
2026-01-22,KNOW_TOP5,DN,LAURUSLABS.NS,0.7961,0.75,HIGH,1.0539,-0.6761,0,0,TRAIN
2026-01-22,KNOW_TOP5,DN,GODREJPROP.NS,0.7942,0.75,HIGH,-4.8877,-4.3261,1,1,TRAIN
2026-01-22,KNOW_TOP5,DN,KEI.NS,0.7918,0.75,HIGH,-1.0706,0.7977,1,0,TRAIN
2026-01-22,V3_TOP5,DN,KALYANKJIL.NS,0.8901,0.75,HIGH,-1.6999,-1.4991,1,0,TRAIN
2026-01-22,V3_TOP5,DN,SOBHA.NS,0.8826,0.75,HIGH,2.8355,5.3881,0,0,TRAIN
2026-01-22,V3_TOP5,DN,ONMOBILE.NS,0.8355,0.625,HIGH,-3.856,-3.4035,1,1,TRAIN
2026-01-22,V3_TOP5,DN,LAURUSLABS.NS,0.7961,0.75,HIGH,1.0539,-0.6761,0,0,TRAIN
2026-01-22,V3_TOP5,DN,GODREJPROP.NS,0.7942,0.75,HIGH,-4.8877,-4.3261,1,1,TRAIN
2026-01-22,RAND_TOP5,DN,LAURUSLABS.NS,0.7961,0.75,HIGH,1.0539,-0.6761,0,0,TRAIN
2026-01-22,RAND_TOP5,DN,KALYANKJIL.NS,0.8901,0.75,HIGH,-1.6999,-1.4991,1,0,TRAIN
2026-01-22,RAND_TOP5,DN,SRF.NS,0.7843,0.75,HIGH,-0.8114,2.9643,1,0,TRAIN
2026-01-22,RAND_TOP5,DN,OIL.NS,0.785,0.625,HIGH,-0.1718,12.384,1,0,TRAIN
2026-01-22,RAND_TOP5,DN,BSE.NS,0.7436,0.625,HIGH,-0.8565,4.1682,1,0,TRAIN
2026-01-23,KNOW_TOP5,DN,ADANIGREEN.NS,0.8726,0.75,HIGH,3.4032,11.1284,0,0,TRAIN
2026-01-23,KNOW_TOP5,DN,GODREJPROP.NS,0.8595,0.75,HIGH,-1.5118,1.6416,1,0,TRAIN
2026-01-23,KNOW_TOP5,DN,ONMOBILE.NS,0.8461,0.75,HIGH,-2.8238,-1.2277,1,1,TRAIN
2026-01-23,KNOW_TOP5,DN,KEI.NS,0.8199,0.75,HIGH,-0.0525,5.2033,1,0,TRAIN
2026-01-23,KNOW_TOP5,DN,WIPRO.NS,0.7981,0.75,HIGH,-1.5101,0.5872,1,0,TRAIN
2026-01-23,V3_TOP5,DN,KALYANKJIL.NS,0.8777,0.625,HIGH,0.463,0.3268,0,0,TRAIN
2026-01-23,V3_TOP5,DN,ADANIGREEN.NS,0.8726,0.75,HIGH,3.4032,11.1284,0,0,TRAIN
2026-01-23,V3_TOP5,DN,GODREJPROP.NS,0.8595,0.75,HIGH,-1.5118,1.6416,1,0,TRAIN
2026-01-23,V3_TOP5,DN,RBLBANK.NS,0.8532,0.625,HIGH,2.3389,2.6334,0,0,TRAIN
2026-01-23,V3_TOP5,DN,ONMOBILE.NS,0.8461,0.75,HIGH,-2.8238,-1.2277,1,1,TRAIN
2026-01-23,RAND_TOP5,DN,RBLBANK.NS,0.8532,0.625,HIGH,2.3389,2.6334,0,0,TRAIN
2026-01-23,RAND_TOP5,DN,KALYANKJIL.NS,0.8777,0.625,HIGH,0.463,0.3268,0,0,TRAIN
2026-01-23,RAND_TOP5,DN,PNBHOUSING.NS,0.7959,0.75,HIGH,1.6002,3.582,0,0,TRAIN
2026-01-23,RAND_TOP5,DN,WIPRO.NS,0.7981,0.75,HIGH,-1.5101,0.5872,1,0,TRAIN
2026-01-23,RAND_TOP5,DN,ADANIENSOL.NS,0.7282,0.75,HIGH,4.4789,12.4769,0,0,TRAIN
2026-01-27,KNOW_TOP5,DN,KEI.NS,0.8221,0.875,HIGH,1.9421,5.6738,0,0,TRAIN
2026-01-27,KNOW_TOP5,DN,PRESTIGE.NS,0.7471,0.875,HIGH,2.1552,4.9928,0,0,TRAIN
2026-01-27,KNOW_TOP5,DN,KALYANKJIL.NS,0.88,0.75,HIGH,-0.2575,-1.9653,1,0,TRAIN
2026-01-27,KNOW_TOP5,DN,ADANIGREEN.NS,0.8587,0.75,HIGH,2.9784,6.6575,0,0,TRAIN
2026-01-27,KNOW_TOP5,DN,GODREJPROP.NS,0.8536,0.75,HIGH,2.1345,3.8804,0,0,TRAIN
2026-01-27,V3_TOP5,DN,KALYANKJIL.NS,0.88,0.75,HIGH,-0.2575,-1.9653,1,0,TRAIN
2026-01-27,V3_TOP5,DN,TEJASNET.NS,0.8661,0.625,HIGH,14.4859,15.0768,0,0,TRAIN
2026-01-27,V3_TOP5,DN,ADANIGREEN.NS,0.8587,0.75,HIGH,2.9784,6.6575,0,0,TRAIN
2026-01-27,V3_TOP5,DN,GODREJPROP.NS,0.8536,0.75,HIGH,2.1345,3.8804,0,0,TRAIN
2026-01-27,V3_TOP5,DN,ONMOBILE.NS,0.838,0.75,HIGH,3.3902,0.4633,0,0,TRAIN
2026-01-27,RAND_TOP5,DN,GODREJPROP.NS,0.8536,0.75,HIGH,2.1345,3.8804,0,0,TRAIN
2026-01-27,RAND_TOP5,DN,KALYANKJIL.NS,0.88,0.75,HIGH,-0.2575,-1.9653,1,0,TRAIN
2026-01-27,RAND_TOP5,DN,PNBHOUSING.NS,0.8079,0.625,HIGH,2.4412,-0.3635,0,0,TRAIN
2026-01-27,RAND_TOP5,DN,TATACOMM.NS,0.8089,0.75,HIGH,-1.7221,0.9189,1,0,TRAIN
2026-01-27,RAND_TOP5,DN,WELCORP.NS,0.7216,0.625,HIGH,3.6365,1.0251,0,0,TRAIN
2026-01-28,KNOW_TOP5,DN,JSWENERGY.NS,0.7437,0.875,HIGH,2.8571,1.1765,0,0,TRAIN
2026-01-28,KNOW_TOP5,DN,TATACOMM.NS,0.8588,0.75,HIGH,-0.0523,2.6677,1,0,TRAIN
2026-01-28,KNOW_TOP5,DN,KALYANKJIL.NS,0.839,0.75,HIGH,0.1223,-0.6659,0,0,TRAIN
2026-01-28,KNOW_TOP5,DN,ADANIGREEN.NS,0.8388,0.75,HIGH,4.3626,2.558,0,0,TRAIN
2026-01-28,KNOW_TOP5,DN,BIKAJI.NS,0.8034,0.75,HIGH,-0.272,-0.9293,1,0,TRAIN
2026-01-28,V3_TOP5,DN,TATACOMM.NS,0.8588,0.75,HIGH,-0.0523,2.6677,1,0,TRAIN
2026-01-28,V3_TOP5,DN,KALYANKJIL.NS,0.839,0.75,HIGH,0.1223,-0.6659,0,0,TRAIN
2026-01-28,V3_TOP5,DN,ADANIGREEN.NS,0.8388,0.75,HIGH,4.3626,2.558,0,0,TRAIN
2026-01-28,V3_TOP5,DN,BIKAJI.NS,0.8034,0.75,HIGH,-0.272,-0.9293,1,0,TRAIN
2026-01-28,V3_TOP5,DN,PNBHOUSING.NS,0.7917,0.625,HIGH,-0.479,-4.8667,1,0,TRAIN
2026-01-28,RAND_TOP5,DN,BIKAJI.NS,0.8034,0.75,HIGH,-0.272,-0.9293,1,0,TRAIN
2026-01-28,RAND_TOP5,DN,TATACOMM.NS,0.8588,0.75,HIGH,-0.0523,2.6677,1,0,TRAIN
2026-01-28,RAND_TOP5,DN,KEI.NS,0.75,0.5,MEDIUM,3.2533,5.1739,0,0,TRAIN
2026-01-28,RAND_TOP5,DN,ASIANPAINT.NS,0.7602,0.625,HIGH,-3.814,-4.3714,1,1,TRAIN
2026-01-28,RAND_TOP5,DN,PNB.NS,0.6972,0.75,HIGH,0.6024,-1.992,0,0,TRAIN
2026-01-29,KNOW_TOP5,DN,RADICO.NS,0.7473,0.875,HIGH,4.694,2.4618,0,0,TRAIN
2026-01-29,KNOW_TOP5,DN,M&M.NS,0.7299,0.875,HIGH,1.4005,4.24,0,0,TRAIN
2026-01-29,KNOW_TOP5,DN,GODREJCP.NS,0.7027,0.875,HIGH,-0.1039,-0.7704,1,0,TRAIN
2026-01-29,KNOW_TOP5,DN,MARUTI.NS,0.6961,0.875,HIGH,0.6689,1.9308,0,0,TRAIN
2026-01-29,KNOW_TOP5,DN,ASIANPAINT.NS,0.8466,0.75,HIGH,0.5091,0.4139,0,0,TRAIN
2026-01-29,V3_TOP5,DN,ASIANPAINT.NS,0.8466,0.75,HIGH,0.5091,0.4139,0,0,TRAIN
2026-01-29,V3_TOP5,DN,MASTEK.NS,0.8388,0.5,MEDIUM,1.1091,3.6971,0,0,TRAIN
2026-01-29,V3_TOP5,DN,INDIAMART.NS,0.8289,0.75,HIGH,1.2228,4.2385,0,0,TRAIN
2026-01-29,V3_TOP5,DN,NOCIL.NS,0.7879,0.625,HIGH,3.134,7.1022,0,0,TRAIN
2026-01-29,V3_TOP5,DN,RATEGAIN.NS,0.7731,0.625,HIGH,6.1844,12.2647,0,0,TRAIN
2026-01-29,RAND_TOP5,DN,NOCIL.NS,0.7879,0.625,HIGH,3.134,7.1022,0,0,TRAIN
2026-01-29,RAND_TOP5,DN,ASIANPAINT.NS,0.8466,0.75,HIGH,0.5091,0.4139,0,0,TRAIN
2026-01-29,RAND_TOP5,DN,RADICO.NS,0.7473,0.875,HIGH,4.694,2.4618,0,0,TRAIN
2026-01-29,RAND_TOP5,DN,PNBHOUSING.NS,0.749,0.625,HIGH,-2.2698,-2.2222,1,1,TRAIN
2026-01-29,RAND_TOP5,DN,ADANIGREEN.NS,0.7024,0.5,MEDIUM,-0.7569,8.5352,1,0,TRAIN
2026-01-30,KNOW_TOP5,DN,HINDZINC.NS,0.8784,0.875,HIGH,-2.9276,1.7104,1,1,TRAIN
2026-01-30,KNOW_TOP5,DN,GODREJCP.NS,0.7296,0.875,HIGH,1.3864,0.1386,0,0,TRAIN
2026-01-30,KNOW_TOP5,DN,CANBK.NS,0.7281,0.875,HIGH,-0.6444,0.0543,1,0,TRAIN
2026-01-30,KNOW_TOP5,DN,DEEPAKFERT.NS,0.851,0.75,HIGH,-8.1644,-1.0987,1,1,TRAIN
2026-01-30,KNOW_TOP5,DN,ASIANPAINT.NS,0.8358,0.75,HIGH,-1.0831,1.0048,1,0,TRAIN
2026-01-30,V3_TOP5,DN,HINDZINC.NS,0.8784,0.875,HIGH,-2.9276,1.7104,1,1,TRAIN
2026-01-30,V3_TOP5,DN,DEEPAKFERT.NS,0.851,0.75,HIGH,-8.1644,-1.0987,1,1,TRAIN
2026-01-30,V3_TOP5,DN,ASIANPAINT.NS,0.8358,0.75,HIGH,-1.0831,1.0048,1,0,TRAIN
2026-01-30,V3_TOP5,DN,RATEGAIN.NS,0.7969,0.625,HIGH,4.264,2.7365,0,0,TRAIN
2026-01-30,V3_TOP5,DN,ADANIGREEN.NS,0.7887,0.625,HIGH,-0.9797,11.9852,1,0,TRAIN
2026-01-30,RAND_TOP5,DN,RATEGAIN.NS,0.7969,0.625,HIGH,4.264,2.7365,0,0,TRAIN
2026-01-30,RAND_TOP5,DN,HINDZINC.NS,0.8784,0.875,HIGH,-2.9276,1.7104,1,1,TRAIN
2026-01-30,RAND_TOP5,DN,ADANIENSOL.NS,0.7567,0.625,HIGH,-1.1399,10.4325,1,0,TRAIN
2026-01-30,RAND_TOP5,DN,JSWENERGY.NS,0.7596,0.625,HIGH,-1.8051,1.9682,1,0,TRAIN
2026-01-30,RAND_TOP5,DN,INDIAMART.NS,0.6992,0.375,MEDIUM,0.3724,3.3244,0,0,TRAIN
2026-02-02,KNOW_TOP5,DN,HINDZINC.NS,0.8961,0.875,HIGH,2.9749,0.1147,0,0,TRAIN
2026-02-02,KNOW_TOP5,DN,VEDL.NS,0.817,0.875,HIGH,2.2705,-0.8249,0,0,TRAIN
2026-02-02,KNOW_TOP5,DN,NATIONALUM.NS,0.7484,0.875,HIGH,0.3111,-1.5824,0,0,TRAIN
2026-02-02,KNOW_TOP5,DN,SHRIRAMFIN.NS,0.7403,0.875,HIGH,3.9809,3.1078,0,0,TRAIN
2026-02-02,KNOW_TOP5,DN,HINDALCO.NS,0.7316,0.875,HIGH,2.6652,0.532,0,0,TRAIN
2026-02-02,V3_TOP5,DN,HINDZINC.NS,0.8961,0.875,HIGH,2.9749,0.1147,0,0,TRAIN
2026-02-02,V3_TOP5,DN,DEEPAKFERT.NS,0.8824,0.75,HIGH,5.0846,4.9711,0,0,TRAIN
2026-02-02,V3_TOP5,DN,MUTHOOTFIN.NS,0.8297,0.75,HIGH,2.5204,1.2362,0,0,TRAIN
2026-02-02,V3_TOP5,DN,POLICYBZR.NS,0.8193,0.75,HIGH,-6.4735,-0.6717,1,1,TRAIN
2026-02-02,V3_TOP5,DN,VEDL.NS,0.817,0.875,HIGH,2.2705,-0.8249,0,0,TRAIN
2026-02-02,RAND_TOP5,DN,POLICYBZR.NS,0.8193,0.75,HIGH,-6.4735,-0.6717,1,1,TRAIN
2026-02-02,RAND_TOP5,DN,HINDZINC.NS,0.8961,0.875,HIGH,2.9749,0.1147,0,0,TRAIN
2026-02-02,RAND_TOP5,DN,BANKBARODA.NS,0.765,0.75,HIGH,2.8098,4.629,0,0,TRAIN
2026-02-02,RAND_TOP5,DN,CLEAN.NS,0.7877,0.75,HIGH,2.7948,1.2442,0,0,TRAIN
2026-02-02,RAND_TOP5,DN,JSWENERGY.NS,0.6925,0.625,HIGH,1.6944,4.9723,0,0,TRAIN
2026-02-03,KNOW_TOP5,DN,NATIONALUM.NS,0.8658,1.0,HIGH,1.0921,-4.3683,0,0,TRAIN
2026-02-03,KNOW_TOP5,DN,BDL.NS,0.8676,0.875,HIGH,-1.0697,-3.7706,1,0,TRAIN
2026-02-03,KNOW_TOP5,DN,CANBK.NS,0.7454,0.875,HIGH,0.1086,-0.0204,0,0,TRAIN
2026-02-03,KNOW_TOP5,DN,COCHINSHIP.NS,0.7193,0.875,HIGH,-0.4176,-1.2198,1,0,TRAIN
2026-02-03,KNOW_TOP5,DN,DEEPAKFERT.NS,0.8763,0.75,HIGH,2.4831,-2.1592,0,0,TRAIN
2026-02-03,V3_TOP5,DN,HINDZINC.NS,0.8966,0.625,HIGH,1.7509,-3.072,0,0,TRAIN
2026-02-03,V3_TOP5,DN,DEEPAKFERT.NS,0.8763,0.75,HIGH,2.4831,-2.1592,0,0,TRAIN
2026-02-03,V3_TOP5,DN,VEDL.NS,0.8693,0.625,HIGH,1.7983,-0.6808,0,0,TRAIN
2026-02-03,V3_TOP5,DN,BDL.NS,0.8676,0.875,HIGH,-1.0697,-3.7706,1,0,TRAIN
2026-02-03,V3_TOP5,DN,NATIONALUM.NS,0.8658,1.0,HIGH,1.0921,-4.3683,0,0,TRAIN
2026-02-03,RAND_TOP5,DN,BDL.NS,0.8676,0.875,HIGH,-1.0697,-3.7706,1,0,TRAIN
2026-02-03,RAND_TOP5,DN,HINDZINC.NS,0.8966,0.625,HIGH,1.7509,-3.072,0,0,TRAIN
2026-02-03,RAND_TOP5,DN,CLEAN.NS,0.7792,0.625,HIGH,-2.5181,-3.0168,1,1,TRAIN
2026-02-03,RAND_TOP5,DN,BANKBARODA.NS,0.7908,0.75,HIGH,1.9096,1.3315,0,0,TRAIN
2026-02-03,RAND_TOP5,DN,COCHINSHIP.NS,0.7193,0.875,HIGH,-0.4176,-1.2198,1,0,TRAIN
2026-02-04,KNOW_TOP5,DN,HAL.NS,0.8389,0.875,HIGH,-4.3063,-2.0417,1,1,TRAIN
2026-02-04,KNOW_TOP5,DN,TECHM.NS,0.75,0.875,HIGH,0.0547,-1.4344,0,0,TRAIN
2026-02-04,KNOW_TOP5,DN,BDL.NS,0.88,0.75,HIGH,-2.3543,-0.0613,1,1,TRAIN
2026-02-04,KNOW_TOP5,DN,NATIONALUM.NS,0.8768,0.75,HIGH,-2.9475,-2.5874,1,1,TRAIN
2026-02-04,KNOW_TOP5,DN,DEEPAKFERT.NS,0.8616,0.75,HIGH,-2.5283,3.2944,1,1,TRAIN
2026-02-04,V3_TOP5,DN,BDL.NS,0.88,0.75,HIGH,-2.3543,-0.0613,1,1,TRAIN
2026-02-04,V3_TOP5,DN,NATIONALUM.NS,0.8768,0.75,HIGH,-2.9475,-2.5874,1,1,TRAIN
2026-02-04,V3_TOP5,DN,HINDZINC.NS,0.8708,0.375,MEDIUM,-4.4505,-1.5878,1,1,TRAIN
2026-02-04,V3_TOP5,DN,DEEPAKFERT.NS,0.8616,0.75,HIGH,-2.5283,3.2944,1,1,TRAIN
2026-02-04,V3_TOP5,DN,VEDL.NS,0.8488,0.5,MEDIUM,-4.7397,-1.1704,1,1,TRAIN
2026-02-04,RAND_TOP5,DN,DEEPAKFERT.NS,0.8616,0.75,HIGH,-2.5283,3.2944,1,1,TRAIN
2026-02-04,RAND_TOP5,DN,BDL.NS,0.88,0.75,HIGH,-2.3543,-0.0613,1,1,TRAIN
2026-02-04,RAND_TOP5,DN,MUTHOOTFIN.NS,0.7957,0.625,HIGH,-3.8396,1.5611,1,1,TRAIN
2026-02-04,RAND_TOP5,DN,PARAS.NS,0.7961,0.75,HIGH,-0.9623,1.5305,1,0,TRAIN
2026-02-04,RAND_TOP5,DN,MOIL.NS,0.7355,0.625,HIGH,-2.6763,-5.518,1,1,TRAIN
2026-02-05,KNOW_TOP5,DN,INFY.NS,0.7478,0.875,HIGH,-0.8617,-1.4735,1,0,TRAIN
2026-02-05,KNOW_TOP5,DN,NATIONALUM.NS,0.8918,0.75,HIGH,-2.5285,1.3192,1,1,TRAIN
2026-02-05,KNOW_TOP5,DN,BDL.NS,0.8748,0.75,HIGH,-0.3848,2.0969,1,0,TRAIN
2026-02-05,KNOW_TOP5,DN,VEDL.NS,0.8624,0.75,HIGH,2.4191,5.3342,0,0,TRAIN
2026-02-05,KNOW_TOP5,DN,HAL.NS,0.8507,0.75,HIGH,0.793,3.2908,0,0,TRAIN
2026-02-05,V3_TOP5,DN,NATIONALUM.NS,0.8918,0.75,HIGH,-2.5285,1.3192,1,1,TRAIN
2026-02-05,V3_TOP5,DN,HINDZINC.NS,0.8767,0.625,HIGH,-0.3029,1.1297,1,0,TRAIN
2026-02-05,V3_TOP5,DN,BDL.NS,0.8748,0.75,HIGH,-0.3848,2.0969,1,0,TRAIN
2026-02-05,V3_TOP5,DN,VEDL.NS,0.8624,0.75,HIGH,2.4191,5.3342,0,0,TRAIN
2026-02-05,V3_TOP5,DN,MUTHOOTFIN.NS,0.8542,0.625,HIGH,3.504,8.4721,0,0,TRAIN
2026-02-05,RAND_TOP5,DN,VEDL.NS,0.8624,0.75,HIGH,2.4191,5.3342,0,0,TRAIN
2026-02-05,RAND_TOP5,DN,NATIONALUM.NS,0.8918,0.75,HIGH,-2.5285,1.3192,1,1,TRAIN
2026-02-05,RAND_TOP5,DN,DEEPAKFERT.NS,0.8083,0.625,HIGH,-2.0534,5.0796,1,1,TRAIN
2026-02-05,RAND_TOP5,DN,HINDALCO.NS,0.8114,0.625,HIGH,0.759,3.5758,0,0,TRAIN
2026-02-05,RAND_TOP5,DN,TECHM.NS,0.737,0.625,HIGH,-1.5976,-0.0972,1,0,TRAIN
2026-02-06,KNOW_TOP5,DN,BDL.NS,0.882,0.75,HIGH,2.7436,1.1195,0,0,TRAIN
2026-02-06,KNOW_TOP5,DN,GRSE.NS,0.8583,0.75,HIGH,4.7181,3.423,0,0,TRAIN
2026-02-06,KNOW_TOP5,DN,HAL.NS,0.8524,0.75,HIGH,1.5612,1.6103,0,0,TRAIN
2026-02-06,KNOW_TOP5,DN,NATIONALUM.NS,0.8466,0.75,HIGH,2.9748,3.6797,0,0,TRAIN
2026-02-06,KNOW_TOP5,DN,RATNAMANI.NS,0.8378,0.75,HIGH,0.0,-2.8549,0,0,TRAIN
2026-02-06,V3_TOP5,DN,BDL.NS,0.882,0.75,HIGH,2.7436,1.1195,0,0,TRAIN
2026-02-06,V3_TOP5,DN,GRSE.NS,0.8583,0.75,HIGH,4.7181,3.423,0,0,TRAIN
2026-02-06,V3_TOP5,DN,HAL.NS,0.8524,0.75,HIGH,1.5612,1.6103,0,0,TRAIN
2026-02-06,V3_TOP5,DN,NATIONALUM.NS,0.8466,0.75,HIGH,2.9748,3.6797,0,0,TRAIN
2026-02-06,V3_TOP5,DN,MOIL.NS,0.842,0.625,HIGH,0.7213,1.0579,0,0,TRAIN
2026-02-06,RAND_TOP5,DN,NATIONALUM.NS,0.8466,0.75,HIGH,2.9748,3.6797,0,0,TRAIN
2026-02-06,RAND_TOP5,DN,BDL.NS,0.882,0.75,HIGH,2.7436,1.1195,0,0,TRAIN
2026-02-06,RAND_TOP5,DN,OIL.NS,0.7872,0.625,HIGH,-1.448,-3.6199,1,0,TRAIN
2026-02-06,RAND_TOP5,DN,COCHINSHIP.NS,0.7961,0.625,HIGH,2.3019,1.5838,0,0,TRAIN
2026-02-06,RAND_TOP5,DN,INTELLECT.NS,0.7349,0.625,HIGH,1.4861,-1.828,0,0,TRAIN
2026-02-09,KNOW_TOP5,DN,RATNAMANI.NS,0.7887,0.875,HIGH,-0.0299,16.0112,1,0,TRAIN
2026-02-09,KNOW_TOP5,DN,TATACHEM.NS,0.7216,0.875,HIGH,0.8951,-1.5153,0,0,TRAIN
2026-02-09,KNOW_TOP5,DN,HAL.NS,0.8257,0.75,HIGH,0.9029,0.6754,0,0,TRAIN
2026-02-09,KNOW_TOP5,DN,COFORGE.NS,0.8233,0.75,HIGH,0.1097,-8.2489,0,0,TRAIN
2026-02-09,KNOW_TOP5,DN,MOIL.NS,0.8043,0.75,HIGH,1.0185,-0.6206,0,0,TRAIN
2026-02-09,V3_TOP5,DN,GRSE.NS,0.8588,0.5,MEDIUM,0.0278,-0.7357,0,0,TRAIN
2026-02-09,V3_TOP5,DN,HAL.NS,0.8257,0.75,HIGH,0.9029,0.6754,0,0,TRAIN
2026-02-09,V3_TOP5,DN,COFORGE.NS,0.8233,0.75,HIGH,0.1097,-8.2489,0,0,TRAIN
2026-02-09,V3_TOP5,DN,MOIL.NS,0.8043,0.75,HIGH,1.0185,-0.6206,0,0,TRAIN
2026-02-09,V3_TOP5,DN,NATIONALUM.NS,0.7996,0.625,HIGH,0.9447,1.2322,0,0,TRAIN
2026-02-09,RAND_TOP5,DN,MOIL.NS,0.8043,0.75,HIGH,1.0185,-0.6206,0,0,TRAIN
2026-02-09,RAND_TOP5,DN,GRSE.NS,0.8588,0.5,MEDIUM,0.0278,-0.7357,0,0,TRAIN
2026-02-09,RAND_TOP5,DN,PERSISTENT.NS,0.7498,0.75,HIGH,-0.0426,-7.2,1,0,TRAIN
2026-02-09,RAND_TOP5,DN,OIL.NS,0.7513,0.625,HIGH,-0.2449,-3.1017,1,0,TRAIN
2026-02-09,RAND_TOP5,DN,TATACHEM.NS,0.7216,0.875,HIGH,0.8951,-1.5153,0,0,TRAIN
2026-02-10,KNOW_TOP5,DN,AUROPHARMA.NS,0.8329,0.875,HIGH,2.0016,1.9126,0,0,TRAIN
2026-02-10,KNOW_TOP5,DN,COFORGE.NS,0.8175,0.875,HIGH,-1.9729,-12.1986,1,0,TRAIN
2026-02-10,KNOW_TOP5,DN,RATNAMANI.NS,0.7262,0.875,HIGH,-2.8258,12.3814,1,1,TRAIN
2026-02-10,KNOW_TOP5,DN,ROUTE.NS,0.6983,0.875,HIGH,-0.0433,-4.785,1,0,TRAIN
2026-02-10,KNOW_TOP5,DN,PERSISTENT.NS,0.762,0.75,HIGH,-2.5287,-6.7007,1,1,TRAIN
2026-02-10,V3_TOP5,DN,AUROPHARMA.NS,0.8329,0.875,HIGH,2.0016,1.9126,0,0,TRAIN
2026-02-10,V3_TOP5,DN,HAL.NS,0.8197,0.5,MEDIUM,-0.8469,1.058,1,0,TRAIN
2026-02-10,V3_TOP5,DN,COFORGE.NS,0.8175,0.875,HIGH,-1.9729,-12.1986,1,0,TRAIN
2026-02-10,V3_TOP5,DN,TIINDIA.NS,0.8046,0.5,MEDIUM,0.4757,2.4604,0,0,TRAIN
2026-02-10,V3_TOP5,DN,GRSE.NS,0.7973,0.5,MEDIUM,-1.2642,-3.2838,1,0,TRAIN
2026-02-10,RAND_TOP5,DN,TIINDIA.NS,0.8046,0.5,MEDIUM,0.4757,2.4604,0,0,TRAIN
2026-02-10,RAND_TOP5,DN,AUROPHARMA.NS,0.8329,0.875,HIGH,2.0016,1.9126,0,0,TRAIN
2026-02-10,RAND_TOP5,DN,INFY.NS,0.7536,0.75,HIGH,-1.7292,-8.5926,1,0,TRAIN
2026-02-10,RAND_TOP5,DN,JPPOWER.NS,0.7543,0.625,HIGH,1.1842,-1.6447,0,0,TRAIN
2026-02-10,RAND_TOP5,DN,TCS.NS,0.6974,0.625,HIGH,-2.5062,-9.797,1,1,TRAIN
2026-02-11,KNOW_TOP5,DN,RATNAMANI.NS,0.7583,0.875,HIGH,19.4205,10.5631,0,0,TRAIN
2026-02-11,KNOW_TOP5,DN,OIL.NS,0.8417,0.75,HIGH,-0.9181,-3.2238,1,0,TRAIN
2026-02-11,KNOW_TOP5,DN,AUROPHARMA.NS,0.8112,0.75,HIGH,0.9855,3.3141,0,0,TRAIN
2026-02-11,KNOW_TOP5,DN,RECLTD.NS,0.7571,0.75,HIGH,-0.9182,-0.1271,1,0,TRAIN
2026-02-11,KNOW_TOP5,DN,IDEAFORGE.NS,0.712,0.75,HIGH,-0.4604,-3.9193,1,0,TRAIN
2026-02-11,V3_TOP5,DN,OIL.NS,0.8417,0.75,HIGH,-0.9181,-3.2238,1,0,TRAIN
2026-02-11,V3_TOP5,DN,TIINDIA.NS,0.8412,0.375,MEDIUM,2.4978,2.2121,0,0,TRAIN
2026-02-11,V3_TOP5,DN,JPPOWER.NS,0.8127,0.5,MEDIUM,-0.3251,-2.9909,1,0,TRAIN
2026-02-11,V3_TOP5,DN,AUROPHARMA.NS,0.8112,0.75,HIGH,0.9855,3.3141,0,0,TRAIN
2026-02-11,V3_TOP5,DN,ADANIPORTS.NS,0.7914,0.625,HIGH,-0.6244,-0.8562,1,0,TRAIN
2026-02-11,RAND_TOP5,DN,AUROPHARMA.NS,0.8112,0.75,HIGH,0.9855,3.3141,0,0,TRAIN
2026-02-11,RAND_TOP5,DN,OIL.NS,0.8417,0.75,HIGH,-0.9181,-3.2238,1,0,TRAIN
2026-02-11,RAND_TOP5,DN,GRSE.NS,0.7488,0.5,MEDIUM,0.5073,-2.138,0,0,TRAIN
2026-02-11,RAND_TOP5,DN,RATEGAIN.NS,0.7556,0.625,HIGH,-3.4162,-8.8787,1,1,TRAIN
2026-02-11,RAND_TOP5,DN,NCC.NS,0.664,0.5,MEDIUM,-0.6098,-3.6906,1,0,TRAIN
2026-02-12,KNOW_TOP5,DN,COFORGE.NS,0.7863,0.75,HIGH,-4.1998,-3.0039,1,1,TRAIN
2026-02-12,KNOW_TOP5,DN,ADANIPORTS.NS,0.7785,0.75,HIGH,-1.6001,1.464,1,0,TRAIN
2026-02-12,KNOW_TOP5,DN,PERSISTENT.NS,0.7568,0.75,HIGH,0.4952,3.2282,0,0,TRAIN
2026-02-12,KNOW_TOP5,DN,RATEGAIN.NS,0.7534,0.75,HIGH,-4.0711,1.357,1,1,TRAIN
2026-02-12,KNOW_TOP5,DN,ZENSARTECH.NS,0.7398,0.75,HIGH,1.9936,1.2222,0,0,TRAIN
2026-02-12,V3_TOP5,DN,COFORGE.NS,0.7863,0.75,HIGH,-4.1998,-3.0039,1,1,TRAIN
2026-02-12,V3_TOP5,DN,ADANIPORTS.NS,0.7785,0.75,HIGH,-1.6001,1.464,1,0,TRAIN
2026-02-12,V3_TOP5,DN,OIL.NS,0.7736,0.625,HIGH,-4.1276,-2.1375,1,1,TRAIN
2026-02-12,V3_TOP5,DN,PERSISTENT.NS,0.7568,0.75,HIGH,0.4952,3.2282,0,0,TRAIN
2026-02-12,V3_TOP5,DN,RATEGAIN.NS,0.7534,0.75,HIGH,-4.0711,1.357,1,1,TRAIN
2026-02-12,RAND_TOP5,DN,PERSISTENT.NS,0.7568,0.75,HIGH,0.4952,3.2282,0,0,TRAIN
2026-02-12,RAND_TOP5,DN,COFORGE.NS,0.7863,0.75,HIGH,-4.1998,-3.0039,1,1,TRAIN
2026-02-12,RAND_TOP5,DN,PFC.NS,0.7356,0.75,HIGH,-2.4358,1.5589,1,1,TRAIN
2026-02-12,RAND_TOP5,DN,ZENSARTECH.NS,0.7398,0.75,HIGH,1.9936,1.2222,0,0,TRAIN
2026-02-12,RAND_TOP5,DN,MASTEK.NS,0.6937,0.75,HIGH,-2.2063,-3.0554,1,1,TRAIN
2026-02-13,KNOW_TOP5,DN,SYMPHONY.NS,0.7829,0.875,HIGH,-1.9149,-3.0604,1,0,TRAIN
2026-02-13,KNOW_TOP5,DN,HINDALCO.NS,0.6993,0.875,HIGH,-0.1705,-1.0726,1,0,TRAIN
2026-02-13,KNOW_TOP5,DN,OIL.NS,0.824,0.75,HIGH,1.8781,-0.3954,0,0,TRAIN
2026-02-13,KNOW_TOP5,DN,COFORGE.NS,0.7642,0.75,HIGH,2.2544,0.8078,0,0,TRAIN
2026-02-13,KNOW_TOP5,DN,M&MFIN.NS,0.7591,0.75,HIGH,1.6784,5.7917,0,0,TRAIN
2026-02-13,V3_TOP5,DN,OIL.NS,0.824,0.75,HIGH,1.8781,-0.3954,0,0,TRAIN
2026-02-13,V3_TOP5,DN,SYMPHONY.NS,0.7829,0.875,HIGH,-1.9149,-3.0604,1,0,TRAIN
2026-02-13,V3_TOP5,DN,COFORGE.NS,0.7642,0.75,HIGH,2.2544,0.8078,0,0,TRAIN
2026-02-13,V3_TOP5,DN,M&MFIN.NS,0.7591,0.75,HIGH,1.6784,5.7917,0,0,TRAIN
2026-02-13,V3_TOP5,DN,NMDC.NS,0.7459,0.75,HIGH,1.2967,0.8309,0,0,TRAIN
2026-02-13,RAND_TOP5,DN,M&MFIN.NS,0.7591,0.75,HIGH,1.6784,5.7917,0,0,TRAIN
2026-02-13,RAND_TOP5,DN,OIL.NS,0.824,0.75,HIGH,1.8781,-0.3954,0,0,TRAIN
2026-02-13,RAND_TOP5,DN,INFY.NS,0.73,0.625,HIGH,-0.2556,0.336,1,0,TRAIN
2026-02-13,RAND_TOP5,DN,RECLTD.NS,0.7315,0.5,MEDIUM,1.9026,5.0159,0,0,TRAIN
2026-02-13,RAND_TOP5,DN,NCC.NS,0.6923,0.625,HIGH,-1.2374,-1.4283,1,0,TRAIN
2026-02-16,KNOW_TOP5,DN,MUTHOOTFIN.NS,0.8602,0.875,HIGH,-0.0658,-2.4956,1,0,TRAIN
2026-02-16,KNOW_TOP5,DN,RAJESHEXPO.NS,0.8448,0.875,HIGH,-1.4317,-3.9579,1,0,TRAIN
2026-02-16,KNOW_TOP5,DN,BSE.NS,0.8415,0.875,HIGH,-2.2214,-2.2534,1,1,TRAIN
2026-02-16,KNOW_TOP5,DN,SYMPHONY.NS,0.7868,0.875,HIGH,0.1046,-4.2066,0,0,TRAIN
2026-02-16,KNOW_TOP5,DN,LTTS.NS,0.7219,0.875,HIGH,-0.1961,-2.0435,1,0,TRAIN
2026-02-16,V3_TOP5,DN,MUTHOOTFIN.NS,0.8602,0.875,HIGH,-0.0658,-2.4956,1,0,TRAIN
2026-02-16,V3_TOP5,DN,RAJESHEXPO.NS,0.8448,0.875,HIGH,-1.4317,-3.9579,1,0,TRAIN
2026-02-16,V3_TOP5,DN,BSE.NS,0.8415,0.875,HIGH,-2.2214,-2.2534,1,1,TRAIN
2026-02-16,V3_TOP5,DN,DEEPAKFERT.NS,0.8209,0.75,HIGH,1.0255,-1.9924,0,0,TRAIN
2026-02-16,V3_TOP5,DN,NAVINFLUOR.NS,0.7997,0.625,HIGH,-0.112,2.2325,1,0,TRAIN
2026-02-16,RAND_TOP5,DN,DEEPAKFERT.NS,0.8209,0.75,HIGH,1.0255,-1.9924,0,0,TRAIN
2026-02-16,RAND_TOP5,DN,MUTHOOTFIN.NS,0.8602,0.875,HIGH,-0.0658,-2.4956,1,0,TRAIN
2026-02-16,RAND_TOP5,DN,MAPMYINDIA.NS,0.7741,0.75,HIGH,0.1562,-2.9756,0,0,TRAIN
2026-02-16,RAND_TOP5,DN,HINDALCO.NS,0.7766,0.75,HIGH,-1.912,-0.1984,1,0,TRAIN
2026-02-16,RAND_TOP5,DN,KPITTECH.NS,0.7164,0.625,HIGH,-0.1136,-3.726,1,0,TRAIN
2026-02-17,KNOW_TOP5,DN,BSE.NS,0.891,0.875,HIGH,2.9793,-0.1021,0,0,TRAIN
2026-02-17,KNOW_TOP5,DN,RAJESHEXPO.NS,0.8743,0.875,HIGH,-0.5522,-5.2218,1,0,TRAIN
2026-02-17,KNOW_TOP5,DN,SYMPHONY.NS,0.8119,0.875,HIGH,-1.2711,-3.7379,1,0,TRAIN
2026-02-17,KNOW_TOP5,DN,MAPMYINDIA.NS,0.7731,0.875,HIGH,0.6843,-3.6986,0,0,TRAIN
2026-02-17,KNOW_TOP5,DN,MUTHOOTFIN.NS,0.8803,0.75,HIGH,-1.1156,-1.0269,1,0,TRAIN
2026-02-17,V3_TOP5,DN,BSE.NS,0.891,0.875,HIGH,2.9793,-0.1021,0,0,TRAIN
2026-02-17,V3_TOP5,DN,MUTHOOTFIN.NS,0.8803,0.75,HIGH,-1.1156,-1.0269,1,0,TRAIN
2026-02-17,V3_TOP5,DN,RAJESHEXPO.NS,0.8743,0.875,HIGH,-0.5522,-5.2218,1,0,TRAIN
2026-02-17,V3_TOP5,DN,NATIONALUM.NS,0.8226,0.625,HIGH,0.9388,0.1027,0,0,TRAIN
2026-02-17,V3_TOP5,DN,HINDALCO.NS,0.816,0.75,HIGH,1.028,5.123,0,0,TRAIN
2026-02-17,RAND_TOP5,DN,NATIONALUM.NS,0.8226,0.625,HIGH,0.9388,0.1027,0,0,TRAIN
2026-02-17,RAND_TOP5,DN,BSE.NS,0.891,0.875,HIGH,2.9793,-0.1021,0,0,TRAIN
2026-02-17,RAND_TOP5,DN,SUDARSCHEM.NS,0.7621,0.625,HIGH,-0.2664,-1.9302,1,0,TRAIN
2026-02-17,RAND_TOP5,DN,MAPMYINDIA.NS,0.7731,0.875,HIGH,0.6843,-3.6986,0,0,TRAIN
2026-02-17,RAND_TOP5,DN,RAILTEL.NS,0.7226,0.75,HIGH,1.2291,-1.563,0,0,TRAIN
2026-02-18,KNOW_TOP5,DN,RAJESHEXPO.NS,0.875,0.875,HIGH,-2.0218,-4.5205,1,1,TRAIN
2026-02-18,KNOW_TOP5,DN,WIPRO.NS,0.7769,0.875,HIGH,-0.3491,-2.8592,1,0,TRAIN
2026-02-18,KNOW_TOP5,DN,SYMPHONY.NS,0.7466,0.875,HIGH,-3.0747,-0.435,1,1,TRAIN
2026-02-18,KNOW_TOP5,DN,MUTHOOTFIN.NS,0.8908,0.75,HIGH,-1.3307,0.4715,1,0,TRAIN
2026-02-18,KNOW_TOP5,DN,TECHM.NS,0.8017,0.75,HIGH,-1.6946,-4.2464,1,0,TRAIN
2026-02-18,V3_TOP5,DN,MUTHOOTFIN.NS,0.8908,0.75,HIGH,-1.3307,0.4715,1,0,TRAIN
2026-02-18,V3_TOP5,DN,BSE.NS,0.8891,0.625,HIGH,-2.9249,-3.495,1,1,TRAIN
2026-02-18,V3_TOP5,DN,RAJESHEXPO.NS,0.875,0.875,HIGH,-2.0218,-4.5205,1,1,TRAIN
2026-02-18,V3_TOP5,DN,TECHM.NS,0.8017,0.75,HIGH,-1.6946,-4.2464,1,0,TRAIN
2026-02-18,V3_TOP5,DN,HINDALCO.NS,0.7891,0.625,HIGH,0.7117,1.8849,0,0,TRAIN
2026-02-18,RAND_TOP5,DN,TECHM.NS,0.8017,0.75,HIGH,-1.6946,-4.2464,1,0,TRAIN
2026-02-18,RAND_TOP5,DN,MUTHOOTFIN.NS,0.8908,0.75,HIGH,-1.3307,0.4715,1,0,TRAIN
2026-02-18,RAND_TOP5,DN,MAPMYINDIA.NS,0.7755,0.75,HIGH,-3.7853,-4.1552,1,1,TRAIN
2026-02-18,RAND_TOP5,DN,WIPRO.NS,0.7769,0.875,HIGH,-0.3491,-2.8592,1,0,TRAIN
2026-02-18,RAND_TOP5,DN,INFY.NS,0.7354,0.75,HIGH,-0.2329,-3.3632,1,0,TRAIN
2026-02-19,KNOW_TOP5,DN,RAJESHEXPO.NS,0.8587,0.875,HIGH,-2.7288,-4.0532,1,1,TRAIN
2026-02-19,KNOW_TOP5,DN,ALKEM.NS,0.7692,0.875,HIGH,0.279,2.2038,0,0,TRAIN
2026-02-19,KNOW_TOP5,DN,MUTHOOTFIN.NS,0.8942,0.75,HIGH,1.4395,2.4363,0,0,TRAIN
2026-02-19,KNOW_TOP5,DN,BSE.NS,0.8888,0.75,HIGH,-0.0693,0.3538,1,0,TRAIN
2026-02-19,KNOW_TOP5,DN,MAPMYINDIA.NS,0.8255,0.75,HIGH,-0.5901,-3.8448,1,0,TRAIN
2026-02-19,V3_TOP5,DN,MUTHOOTFIN.NS,0.8942,0.75,HIGH,1.4395,2.4363,0,0,TRAIN
2026-02-19,V3_TOP5,DN,BSE.NS,0.8888,0.75,HIGH,-0.0693,0.3538,1,0,TRAIN
2026-02-19,V3_TOP5,DN,RAJESHEXPO.NS,0.8587,0.875,HIGH,-2.7288,-4.0532,1,1,TRAIN
2026-02-19,V3_TOP5,DN,MAPMYINDIA.NS,0.8255,0.75,HIGH,-0.5901,-3.8448,1,0,TRAIN
2026-02-19,V3_TOP5,DN,KALYANKJIL.NS,0.8056,0.625,HIGH,-0.8771,0.5312,1,0,TRAIN
2026-02-19,RAND_TOP5,DN,MAPMYINDIA.NS,0.8255,0.75,HIGH,-0.5901,-3.8448,1,0,TRAIN
2026-02-19,RAND_TOP5,DN,MUTHOOTFIN.NS,0.8942,0.75,HIGH,1.4395,2.4363,0,0,TRAIN
2026-02-19,RAND_TOP5,DN,MOTHERSON.NS,0.756,0.75,HIGH,-0.3542,1.2935,1,0,TRAIN
2026-02-19,RAND_TOP5,DN,NATIONALUM.NS,0.7583,0.625,HIGH,0.3234,0.8527,0,0,TRAIN
2026-02-19,RAND_TOP5,DN,POLICYBZR.NS,0.7126,0.75,HIGH,3.2892,1.9926,0,0,TRAIN
2026-02-20,KNOW_TOP5,DN,RAJESHEXPO.NS,0.8746,0.875,HIGH,0.1836,-3.597,0,0,VAL
2026-02-20,KNOW_TOP5,DN,BSE.NS,0.8754,0.75,HIGH,-0.5183,1.2119,1,0,VAL
2026-02-20,KNOW_TOP5,DN,AMBER.NS,0.8136,0.75,HIGH,1.562,5.15,0,0,VAL
2026-02-20,KNOW_TOP5,DN,MOTHERSON.NS,0.8087,0.75,HIGH,1.0817,2.9516,0,0,VAL
2026-02-20,KNOW_TOP5,DN,MAPMYINDIA.NS,0.7983,0.75,HIGH,0.2069,-5.8464,0,0,VAL
2026-02-20,V3_TOP5,DN,BSE.NS,0.8754,0.75,HIGH,-0.5183,1.2119,1,0,VAL
2026-02-20,V3_TOP5,DN,RAJESHEXPO.NS,0.8746,0.875,HIGH,0.1836,-3.597,0,0,VAL
2026-02-20,V3_TOP5,DN,KALYANKJIL.NS,0.8475,0.625,HIGH,0.2368,1.1216,0,0,VAL
2026-02-20,V3_TOP5,DN,NAUKRI.NS,0.8202,0.625,HIGH,-0.4745,-2.9401,1,0,VAL
2026-02-20,V3_TOP5,DN,AMBER.NS,0.8136,0.75,HIGH,1.562,5.15,0,0,VAL
2026-02-20,RAND_TOP5,DN,NAUKRI.NS,0.8202,0.625,HIGH,-0.4745,-2.9401,1,0,VAL
2026-02-20,RAND_TOP5,DN,BSE.NS,0.8754,0.75,HIGH,-0.5183,1.2119,1,0,VAL
2026-02-20,RAND_TOP5,DN,BATAINDIA.NS,0.7712,0.625,HIGH,0.0554,-1.7736,0,0,VAL
2026-02-20,RAND_TOP5,DN,PERSISTENT.NS,0.7919,0.75,HIGH,-2.2486,-7.0896,1,1,VAL
2026-02-20,RAND_TOP5,DN,APOLLOTYRE.NS,0.7138,0.625,HIGH,-0.4063,1.7349,1,0,VAL
2026-02-23,KNOW_TOP5,DN,NAUKRI.NS,0.7751,0.875,HIGH,-4.8425,-1.7482,1,1,VAL
2026-02-23,KNOW_TOP5,DN,HAL.NS,0.7717,0.875,HIGH,-1.8085,-0.4099,1,0,VAL
2026-02-23,KNOW_TOP5,DN,APOLLOTYRE.NS,0.6891,0.875,HIGH,0.2756,1.6207,0,0,VAL
2026-02-23,KNOW_TOP5,DN,IDFCFIRSTB.NS,0.8884,0.75,HIGH,1.3278,3.9549,0,0,VAL
2026-02-23,KNOW_TOP5,DN,RAJESHEXPO.NS,0.7976,0.75,HIGH,-1.5424,-4.5575,1,0,VAL
2026-02-23,V3_TOP5,DN,IDFCFIRSTB.NS,0.8884,0.75,HIGH,1.3278,3.9549,0,0,VAL
2026-02-23,V3_TOP5,DN,PERSISTENT.NS,0.8751,0.625,HIGH,-6.3385,-3.9377,1,1,VAL
2026-02-23,V3_TOP5,DN,KALYANKJIL.NS,0.8336,0.625,HIGH,1.1812,1.2309,0,0,VAL
2026-02-23,V3_TOP5,DN,CROMPTON.NS,0.8016,0.625,HIGH,-1.1414,-1.115,1,0,VAL
2026-02-23,V3_TOP5,DN,RAJESHEXPO.NS,0.7976,0.75,HIGH,-1.5424,-4.5575,1,0,VAL
2026-02-23,RAND_TOP5,DN,CROMPTON.NS,0.8016,0.625,HIGH,-1.1414,-1.115,1,0,VAL
2026-02-23,RAND_TOP5,DN,IDFCFIRSTB.NS,0.8884,0.75,HIGH,1.3278,3.9549,0,0,VAL
2026-02-23,RAND_TOP5,DN,MPHASIS.NS,0.7816,0.625,HIGH,-3.7579,-2.0911,1,1,VAL
2026-02-23,RAND_TOP5,DN,AUROPHARMA.NS,0.7836,0.75,HIGH,1.1994,6.0925,0,0,VAL
2026-02-23,RAND_TOP5,DN,APOLLOTYRE.NS,0.6891,0.875,HIGH,0.2756,1.6207,0,0,VAL
2026-02-24,KNOW_TOP5,DN,M&MFIN.NS,0.7012,0.875,HIGH,3.7296,2.6464,0,0,VAL
2026-02-24,KNOW_TOP5,DN,IDFCFIRSTB.NS,0.8898,0.75,HIGH,-1.0568,3.5367,1,0,VAL
2026-02-24,KNOW_TOP5,DN,PERSISTENT.NS,0.8733,0.75,HIGH,1.4801,1.523,0,0,VAL
2026-02-24,KNOW_TOP5,DN,RATEGAIN.NS,0.8294,0.75,HIGH,-0.7602,3.1871,1,0,VAL
2026-02-24,KNOW_TOP5,DN,WHIRLPOOL.NS,0.8205,0.75,HIGH,1.7252,1.9464,0,0,VAL
2026-02-24,V3_TOP5,DN,IDFCFIRSTB.NS,0.8898,0.75,HIGH,-1.0568,3.5367,1,0,VAL
2026-02-24,V3_TOP5,DN,PERSISTENT.NS,0.8733,0.75,HIGH,1.4801,1.523,0,0,VAL
2026-02-24,V3_TOP5,DN,RATEGAIN.NS,0.8294,0.75,HIGH,-0.7602,3.1871,1,0,VAL
2026-02-24,V3_TOP5,DN,WHIRLPOOL.NS,0.8205,0.75,HIGH,1.7252,1.9464,0,0,VAL
2026-02-24,V3_TOP5,DN,TECHM.NS,0.8184,0.75,HIGH,1.219,0.9217,0,0,VAL
2026-02-24,RAND_TOP5,DN,WHIRLPOOL.NS,0.8205,0.75,HIGH,1.7252,1.9464,0,0,VAL
2026-02-24,RAND_TOP5,DN,IDFCFIRSTB.NS,0.8898,0.75,HIGH,-1.0568,3.5367,1,0,VAL
2026-02-24,RAND_TOP5,DN,MPHASIS.NS,0.7871,0.75,HIGH,1.5565,3.3063,0,0,VAL
2026-02-24,RAND_TOP5,DN,COFORGE.NS,0.7961,0.75,HIGH,0.0577,-2.1779,0,0,VAL
2026-02-24,RAND_TOP5,DN,SJVN.NS,0.7354,0.5,MEDIUM,1.3075,-1.5636,0,0,VAL
2026-02-25,KNOW_TOP5,DN,IDFCFIRSTB.NS,0.8914,0.875,HIGH,3.6884,2.2216,0,0,VAL
2026-02-25,KNOW_TOP5,DN,COFORGE.NS,0.815,0.875,HIGH,-1.0306,-4.1388,1,0,VAL
2026-02-25,KNOW_TOP5,DN,PRESTIGE.NS,0.715,0.875,HIGH,0.549,-3.0548,0,0,VAL
2026-02-25,KNOW_TOP5,DN,PERSISTENT.NS,0.8811,0.75,HIGH,1.0674,-1.2175,0,0,VAL
2026-02-25,KNOW_TOP5,DN,RATNAMANI.NS,0.8462,0.75,HIGH,-1.949,-1.0616,1,0,VAL
2026-02-25,V3_TOP5,DN,IDFCFIRSTB.NS,0.8914,0.875,HIGH,3.6884,2.2216,0,0,VAL
2026-02-25,V3_TOP5,DN,PERSISTENT.NS,0.8811,0.75,HIGH,1.0674,-1.2175,0,0,VAL
2026-02-25,V3_TOP5,DN,RATNAMANI.NS,0.8462,0.75,HIGH,-1.949,-1.0616,1,0,VAL
2026-02-25,V3_TOP5,DN,COFORGE.NS,0.815,0.875,HIGH,-1.0306,-4.1388,1,0,VAL
2026-02-25,V3_TOP5,DN,FINPIPE.NS,0.7955,0.5,MEDIUM,0.5213,-2.0689,0,0,VAL
2026-02-25,RAND_TOP5,DN,COFORGE.NS,0.815,0.875,HIGH,-1.0306,-4.1388,1,0,VAL
2026-02-25,RAND_TOP5,DN,IDFCFIRSTB.NS,0.8914,0.875,HIGH,3.6884,2.2216,0,0,VAL
2026-02-25,RAND_TOP5,DN,RAILTEL.NS,0.7451,0.625,HIGH,-1.5588,-7.5579,1,0,VAL
2026-02-25,RAND_TOP5,DN,MAPMYINDIA.NS,0.7505,0.625,HIGH,0.1337,-3.5155,0,0,VAL
2026-02-25,RAND_TOP5,DN,PRESTIGE.NS,0.715,0.875,HIGH,0.549,-3.0548,0,0,VAL
2026-02-26,KNOW_TOP5,DN,COFORGE.NS,0.8826,0.875,HIGH,-1.2163,-2.5325,1,0,VAL
2026-02-26,KNOW_TOP5,DN,INFY.NS,0.849,0.75,HIGH,0.8533,1.4196,0,0,VAL
2026-02-26,KNOW_TOP5,DN,TECHM.NS,0.8402,0.75,HIGH,-0.2937,-0.7784,1,0,VAL
2026-02-26,KNOW_TOP5,DN,MASTEK.NS,0.8282,0.75,HIGH,-0.1701,-1.7199,1,0,VAL
2026-02-26,KNOW_TOP5,DN,HCLTECH.NS,0.8184,0.75,HIGH,1.1358,-0.6917,0,0,VAL
2026-02-26,V3_TOP5,DN,IDFCFIRSTB.NS,0.8934,0.625,HIGH,0.9202,-3.777,0,0,VAL
2026-02-26,V3_TOP5,DN,COFORGE.NS,0.8826,0.875,HIGH,-1.2163,-2.5325,1,0,VAL
2026-02-26,V3_TOP5,DN,PERSISTENT.NS,0.8789,0.625,HIGH,-1.0143,-1.5142,1,0,VAL
2026-02-26,V3_TOP5,DN,INFY.NS,0.849,0.75,HIGH,0.8533,1.4196,0,0,VAL
2026-02-26,V3_TOP5,DN,TECHM.NS,0.8402,0.75,HIGH,-0.2937,-0.7784,1,0,VAL
2026-02-26,RAND_TOP5,DN,INFY.NS,0.849,0.75,HIGH,0.8533,1.4196,0,0,VAL
2026-02-26,RAND_TOP5,DN,IDFCFIRSTB.NS,0.8934,0.625,HIGH,0.9202,-3.777,0,0,VAL
2026-02-26,RAND_TOP5,DN,KPITTECH.NS,0.8042,0.625,HIGH,-2.8474,-7.2509,1,1,VAL
2026-02-26,RAND_TOP5,DN,RAILTEL.NS,0.8164,0.625,HIGH,0.3359,-10.8925,0,0,VAL
2026-02-26,RAND_TOP5,DN,RATEGAIN.NS,0.7402,0.625,HIGH,3.2576,-6.7688,0,0,VAL
2026-02-27,KNOW_TOP5,DN,TATACOMM.NS,0.8151,0.875,HIGH,-3.3177,-8.507,1,1,VAL
2026-02-27,KNOW_TOP5,DN,MANAPPURAM.NS,0.7031,0.875,HIGH,-0.4413,-5.6311,1,0,VAL
2026-02-27,KNOW_TOP5,DN,IRCTC.NS,0.8459,0.75,HIGH,-0.1053,-1.3344,1,0,VAL
2026-02-27,KNOW_TOP5,DN,NAVINFLUOR.NS,0.8027,0.75,HIGH,0.1998,3.9639,0,0,VAL
2026-02-27,KNOW_TOP5,DN,RBLBANK.NS,0.7724,0.75,HIGH,-2.0641,-3.018,1,1,VAL
2026-02-27,V3_TOP5,DN,IDFCFIRSTB.NS,0.8916,0.5,MEDIUM,-2.3136,-4.1916,1,1,VAL
2026-02-27,V3_TOP5,DN,COFORGE.NS,0.8707,0.625,HIGH,-1.9481,-2.7914,1,0,VAL
2026-02-27,V3_TOP5,DN,IRCTC.NS,0.8459,0.75,HIGH,-0.1053,-1.3344,1,0,VAL
2026-02-27,V3_TOP5,DN,RATNAMANI.NS,0.8355,0.625,HIGH,-2.8542,-3.1026,1,1,VAL
2026-02-27,V3_TOP5,DN,KPITTECH.NS,0.83,0.625,HIGH,-2.1852,-6.9511,1,1,VAL
2026-02-27,RAND_TOP5,DN,RATNAMANI.NS,0.8355,0.625,HIGH,-2.8542,-3.1026,1,1,VAL
2026-02-27,RAND_TOP5,DN,IDFCFIRSTB.NS,0.8916,0.5,MEDIUM,-2.3136,-4.1916,1,1,VAL
2026-02-27,RAND_TOP5,DN,RBLBANK.NS,0.7724,0.75,HIGH,-2.0641,-3.018,1,1,VAL
2026-02-27,RAND_TOP5,DN,NAVINFLUOR.NS,0.8027,0.75,HIGH,0.1998,3.9639,0,0,VAL
2026-02-27,RAND_TOP5,DN,HCLTECH.NS,0.7065,0.625,HIGH,-1.303,-2.5196,1,0,VAL
2026-03-02,KNOW_TOP5,DN,LT.NS,0.7784,0.875,HIGH,-4.527,-2.8746,1,1,VAL
2026-03-02,KNOW_TOP5,DN,RAJESHEXPO.NS,0.8464,0.75,HIGH,-4.9993,-14.2332,1,1,VAL
2026-03-02,KNOW_TOP5,DN,RAILTEL.NS,0.8296,0.75,HIGH,-5.1099,-0.9027,1,1,VAL
2026-03-02,KNOW_TOP5,DN,RATEGAIN.NS,0.8124,0.75,HIGH,-3.2,-2.8152,1,1,VAL
2026-03-02,KNOW_TOP5,DN,TATACOMM.NS,0.7978,0.75,HIGH,-3.9948,-5.6847,1,1,VAL
2026-03-02,V3_TOP5,DN,RAJESHEXPO.NS,0.8464,0.75,HIGH,-4.9993,-14.2332,1,1,VAL
2026-03-02,V3_TOP5,DN,IRCTC.NS,0.835,0.625,HIGH,-2.7243,-2.8386,1,1,VAL
2026-03-02,V3_TOP5,DN,RAILTEL.NS,0.8296,0.75,HIGH,-5.1099,-0.9027,1,1,VAL
2026-03-02,V3_TOP5,DN,RATEGAIN.NS,0.8124,0.75,HIGH,-3.2,-2.8152,1,1,VAL
2026-03-02,V3_TOP5,DN,TATACOMM.NS,0.7978,0.75,HIGH,-3.9948,-5.6847,1,1,VAL
2026-03-02,RAND_TOP5,DN,RATEGAIN.NS,0.8124,0.75,HIGH,-3.2,-2.8152,1,1,VAL
2026-03-02,RAND_TOP5,DN,RAJESHEXPO.NS,0.8464,0.75,HIGH,-4.9993,-14.2332,1,1,VAL
2026-03-02,RAND_TOP5,DN,GODREJAGRO.NS,0.7607,0.75,HIGH,-1.3078,-2.0892,1,0,VAL
2026-03-02,RAND_TOP5,DN,LT.NS,0.7784,0.875,HIGH,-4.527,-2.8746,1,1,VAL
2026-03-02,RAND_TOP5,DN,SOBHA.NS,0.7126,0.625,HIGH,-1.5593,-0.1839,1,0,VAL
2026-03-04,KNOW_TOP5,DN,PNB.NS,0.7512,0.875,HIGH,0.6839,-5.1907,0,0,VAL
2026-03-04,KNOW_TOP5,DN,CANBK.NS,0.7333,0.875,HIGH,1.0753,-4.7778,0,0,VAL
2026-03-04,KNOW_TOP5,DN,RBLBANK.NS,0.7039,0.875,HIGH,1.3233,-2.663,0,0,VAL
2026-03-04,KNOW_TOP5,DN,RVNL.NS,0.8476,0.75,HIGH,-0.9927,-2.0741,1,0,VAL
2026-03-04,KNOW_TOP5,DN,PETRONET.NS,0.8432,0.75,HIGH,4.6607,-0.5179,0,0,VAL
2026-03-04,V3_TOP5,DN,FINEORG.NS,0.8699,0.625,HIGH,1.3134,0.3494,0,0,VAL
2026-03-04,V3_TOP5,DN,RVNL.NS,0.8476,0.75,HIGH,-0.9927,-2.0741,1,0,VAL
2026-03-04,V3_TOP5,DN,PETRONET.NS,0.8432,0.75,HIGH,4.6607,-0.5179,0,0,VAL
2026-03-04,V3_TOP5,DN,RAILTEL.NS,0.8415,0.625,HIGH,1.2565,1.2924,0,0,VAL
2026-03-04,V3_TOP5,DN,CENTUM.NS,0.8305,0.75,HIGH,4.0357,6.0059,0,0,VAL
2026-03-04,RAND_TOP5,DN,RAILTEL.NS,0.8415,0.625,HIGH,1.2565,1.2924,0,0,VAL
2026-03-04,RAND_TOP5,DN,FINEORG.NS,0.8699,0.625,HIGH,1.3134,0.3494,0,0,VAL
2026-03-04,RAND_TOP5,DN,LT.NS,0.767,0.75,HIGH,4.0205,-1.0431,0,0,VAL
2026-03-04,RAND_TOP5,DN,ADANIGREEN.NS,0.7891,0.625,HIGH,1.445,-2.0414,0,0,VAL
2026-03-04,RAND_TOP5,DN,TATACOMM.NS,0.7124,0.625,HIGH,-1.4297,0.0405,1,0,VAL
2026-03-05,KNOW_TOP5,DN,RVNL.NS,0.8486,0.875,HIGH,2.4172,1.5577,0,0,VAL
2026-03-05,KNOW_TOP5,DN,SYMPHONY.NS,0.7696,0.875,HIGH,-0.6319,4.377,1,0,VAL
2026-03-05,KNOW_TOP5,DN,GODREJCP.NS,0.701,0.875,HIGH,-1.3953,-1.8368,1,0,VAL
2026-03-05,KNOW_TOP5,DN,PETRONET.NS,0.8138,0.75,HIGH,-0.9043,-1.0067,1,0,VAL
2026-03-05,KNOW_TOP5,DN,RAJESHEXPO.NS,0.7894,0.75,HIGH,-4.9716,-12.7248,1,1,VAL
2026-03-05,V3_TOP5,DN,FINEORG.NS,0.8554,0.625,HIGH,-1.0023,-0.2269,1,0,VAL
2026-03-05,V3_TOP5,DN,RVNL.NS,0.8486,0.875,HIGH,2.4172,1.5577,0,0,VAL
2026-03-05,V3_TOP5,DN,PETRONET.NS,0.8138,0.75,HIGH,-0.9043,-1.0067,1,0,VAL
2026-03-05,V3_TOP5,DN,RAJESHEXPO.NS,0.7894,0.75,HIGH,-4.9716,-12.7248,1,1,VAL
2026-03-05,V3_TOP5,DN,COROMANDEL.NS,0.78,0.75,HIGH,-1.9966,0.4652,1,0,VAL
2026-03-05,RAND_TOP5,DN,RAJESHEXPO.NS,0.7894,0.75,HIGH,-4.9716,-12.7248,1,1,VAL
2026-03-05,RAND_TOP5,DN,FINEORG.NS,0.8554,0.625,HIGH,-1.0023,-0.2269,1,0,VAL
2026-03-05,RAND_TOP5,DN,TATACOMM.NS,0.7546,0.625,HIGH,-0.3352,1.0263,1,0,VAL
2026-03-05,RAND_TOP5,DN,CANBK.NS,0.763,0.75,HIGH,-1.7103,-4.2017,1,0,VAL
2026-03-05,RAND_TOP5,DN,JINDALSTEL.NS,0.7095,0.625,HIGH,-0.3041,0.2703,1,0,VAL
2026-03-06,KNOW_TOP5,DN,COROMANDEL.NS,0.8303,0.875,HIGH,-1.1324,-0.0791,1,0,VAL
2026-03-06,KNOW_TOP5,DN,PETRONET.NS,0.8107,0.875,HIGH,-4.0806,-0.2583,1,1,VAL
2026-03-06,KNOW_TOP5,DN,BPCL.NS,0.7687,0.875,HIGH,-6.1233,-7.8526,1,1,VAL
2026-03-06,KNOW_TOP5,DN,TATACOMM.NS,0.7403,0.875,HIGH,1.8329,1.7986,0,0,VAL
2026-03-06,KNOW_TOP5,DN,RVNL.NS,0.8539,0.75,HIGH,-3.4266,-3.0769,1,1,VAL
2026-03-06,V3_TOP5,DN,RVNL.NS,0.8539,0.75,HIGH,-3.4266,-3.0769,1,1,VAL
2026-03-06,V3_TOP5,DN,COROMANDEL.NS,0.8303,0.875,HIGH,-1.1324,-0.0791,1,0,VAL
2026-03-06,V3_TOP5,DN,PETRONET.NS,0.8107,0.875,HIGH,-4.0806,-0.2583,1,1,VAL
2026-03-06,V3_TOP5,DN,ADANIGREEN.NS,0.7888,0.75,HIGH,-0.4951,-1.0193,1,0,VAL
2026-03-06,V3_TOP5,DN,RAJESHEXPO.NS,0.7879,0.75,HIGH,-4.9962,-3.6336,1,1,VAL
2026-03-06,RAND_TOP5,DN,ADANIGREEN.NS,0.7888,0.75,HIGH,-0.4951,-1.0193,1,0,VAL
2026-03-06,RAND_TOP5,DN,RVNL.NS,0.8539,0.75,HIGH,-3.4266,-3.0769,1,1,VAL
2026-03-06,RAND_TOP5,DN,BPCL.NS,0.7687,0.875,HIGH,-6.1233,-7.8526,1,1,VAL
2026-03-06,RAND_TOP5,DN,BANKBARODA.NS,0.7694,0.75,HIGH,-2.4716,-2.0484,1,1,VAL
2026-03-06,RAND_TOP5,DN,LT.NS,0.7238,0.75,HIGH,-2.7267,-2.8103,1,1,VAL
2026-03-09,KNOW_TOP5,DN,KEI.NS,0.7169,1.0,HIGH,-5.2719,-9.5939,1,1,VAL
2026-03-09,KNOW_TOP5,DN,PETRONET.NS,0.8573,0.875,HIGH,4.1465,6.5159,0,0,VAL
2026-03-09,KNOW_TOP5,DN,UNIONBANK.NS,0.8296,0.875,HIGH,4.0433,1.6978,0,0,VAL
2026-03-09,KNOW_TOP5,DN,LT.NS,0.7505,0.875,HIGH,0.8823,-3.191,0,0,VAL
2026-03-09,KNOW_TOP5,DN,RVNL.NS,0.849,0.75,HIGH,2.6792,1.231,0,0,VAL
2026-03-09,V3_TOP5,DN,PETRONET.NS,0.8573,0.875,HIGH,4.1465,6.5159,0,0,VAL
2026-03-09,V3_TOP5,DN,RVNL.NS,0.849,0.75,HIGH,2.6792,1.231,0,0,VAL
2026-03-09,V3_TOP5,DN,BPCL.NS,0.8442,0.75,HIGH,-1.5854,-1.4495,1,0,VAL
2026-03-09,V3_TOP5,DN,UNIONBANK.NS,0.8296,0.875,HIGH,4.0433,1.6978,0,0,VAL
2026-03-09,V3_TOP5,DN,IOC.NS,0.8294,0.75,HIGH,-0.7939,-0.6575,1,0,VAL
2026-03-09,RAND_TOP5,DN,UNIONBANK.NS,0.8296,0.875,HIGH,4.0433,1.6978,0,0,VAL
2026-03-09,RAND_TOP5,DN,PETRONET.NS,0.8573,0.875,HIGH,4.1465,6.5159,0,0,VAL
2026-03-09,RAND_TOP5,DN,BOSCHLTD.NS,0.7648,0.625,HIGH,1.519,-0.9335,0,0,VAL
2026-03-09,RAND_TOP5,DN,GAIL.NS,0.7721,0.75,HIGH,0.8793,2.262,0,0,VAL
2026-03-09,RAND_TOP5,DN,RAILTEL.NS,0.7318,0.625,HIGH,2.2151,1.7544,0,0,VAL
2026-03-10,KNOW_TOP5,DN,KEI.NS,0.8641,0.875,HIGH,-4.7609,-8.3535,1,1,VAL
2026-03-10,KNOW_TOP5,DN,BPCL.NS,0.8636,0.875,HIGH,-0.2608,-2.0252,1,0,VAL
2026-03-10,KNOW_TOP5,DN,IOC.NS,0.8386,0.875,HIGH,0.4314,-2.1258,0,0,VAL
2026-03-10,KNOW_TOP5,DN,POLYCAB.NS,0.8184,0.875,HIGH,-3.8003,-6.8561,1,1,VAL
2026-03-10,KNOW_TOP5,DN,GAIL.NS,0.7769,0.875,HIGH,-1.5437,-1.6701,1,0,VAL
2026-03-10,V3_TOP5,DN,KEI.NS,0.8641,0.875,HIGH,-4.7609,-8.3535,1,1,VAL
2026-03-10,V3_TOP5,DN,BPCL.NS,0.8636,0.875,HIGH,-0.2608,-2.0252,1,0,VAL
2026-03-10,V3_TOP5,DN,SAIL.NS,0.8449,0.75,HIGH,2.6962,0.0334,0,0,VAL
2026-03-10,V3_TOP5,DN,IOC.NS,0.8386,0.875,HIGH,0.4314,-2.1258,0,0,VAL
2026-03-10,V3_TOP5,DN,IDFCFIRSTB.NS,0.8376,0.75,HIGH,-1.6501,-6.9868,1,0,VAL
2026-03-10,RAND_TOP5,DN,IOC.NS,0.8386,0.875,HIGH,0.4314,-2.1258,0,0,VAL
2026-03-10,RAND_TOP5,DN,KEI.NS,0.8641,0.875,HIGH,-4.7609,-8.3535,1,1,VAL
2026-03-10,RAND_TOP5,DN,BOSCHLTD.NS,0.7779,0.75,HIGH,-1.1378,-5.9071,1,0,VAL
2026-03-10,RAND_TOP5,DN,TIINDIA.NS,0.7793,0.75,HIGH,-2.9537,-7.0308,1,1,VAL
2026-03-10,RAND_TOP5,DN,RAJESHEXPO.NS,0.7303,0.75,HIGH,4.9272,0.7968,0,0,VAL
2026-03-11,KNOW_TOP5,DN,ASHOKLEY.NS,0.7274,0.875,HIGH,-3.3521,-6.4389,1,1,VAL
2026-03-11,KNOW_TOP5,DN,AMBER.NS,0.7029,0.875,HIGH,-5.1793,-10.6664,1,1,VAL
2026-03-11,KNOW_TOP5,DN,PARAS.NS,0.867,0.75,HIGH,-1.7626,-6.8082,1,0,VAL
2026-03-11,KNOW_TOP5,DN,KEI.NS,0.8643,0.75,HIGH,0.2083,-3.402,0,0,VAL
2026-03-11,KNOW_TOP5,DN,IDFCFIRSTB.NS,0.8451,0.75,HIGH,-2.0859,-5.0635,1,1,VAL
2026-03-11,V3_TOP5,DN,PARAS.NS,0.867,0.75,HIGH,-1.7626,-6.8082,1,0,VAL
2026-03-11,V3_TOP5,DN,KEI.NS,0.8643,0.75,HIGH,0.2083,-3.402,0,0,VAL
2026-03-11,V3_TOP5,DN,IDFCFIRSTB.NS,0.8451,0.75,HIGH,-2.0859,-5.0635,1,1,VAL
2026-03-11,V3_TOP5,DN,POLYCAB.NS,0.8398,0.75,HIGH,0.3432,-4.0716,0,0,VAL
2026-03-11,V3_TOP5,DN,BPCL.NS,0.8342,0.75,HIGH,0.3999,-6.1837,0,0,VAL
2026-03-11,RAND_TOP5,DN,POLYCAB.NS,0.8398,0.75,HIGH,0.3432,-4.0716,0,0,VAL
2026-03-11,RAND_TOP5,DN,PARAS.NS,0.867,0.75,HIGH,-1.7626,-6.8082,1,0,VAL
2026-03-11,RAND_TOP5,DN,IOC.NS,0.7551,0.625,HIGH,-0.2926,-7.2651,1,0,VAL
2026-03-11,RAND_TOP5,DN,IDEAFORGE.NS,0.7755,0.75,HIGH,-1.6047,-9.3743,1,0,VAL
2026-03-11,RAND_TOP5,DN,KPITTECH.NS,0.682,0.75,HIGH,-1.6844,-7.4405,1,0,VAL
2026-03-12,KNOW_TOP5,DN,CHOLAFIN.NS,0.7836,0.875,HIGH,-0.7929,0.19,1,0,VAL
2026-03-12,KNOW_TOP5,DN,PARAS.NS,0.849,0.75,HIGH,-4.4632,-3.6408,1,1,VAL
2026-03-12,KNOW_TOP5,DN,TVSMOTOR.NS,0.827,0.75,HIGH,-2.8662,2.0277,1,1,VAL
2026-03-12,KNOW_TOP5,DN,AMBER.NS,0.825,0.75,HIGH,-6.9774,-2.1863,1,1,VAL
2026-03-12,KNOW_TOP5,DN,ASHOKLEY.NS,0.8081,0.75,HIGH,-4.3817,-1.3224,1,1,VAL
2026-03-12,V3_TOP5,DN,KEI.NS,0.8571,0.625,HIGH,-3.9723,-2.6212,1,1,VAL
2026-03-12,V3_TOP5,DN,IDFCFIRSTB.NS,0.8515,0.625,HIGH,-3.4115,-1.7289,1,1,VAL
2026-03-12,V3_TOP5,DN,PARAS.NS,0.849,0.75,HIGH,-4.4632,-3.6408,1,1,VAL
2026-03-12,V3_TOP5,DN,POLYCAB.NS,0.8441,0.625,HIGH,-3.5077,-3.8699,1,1,VAL
2026-03-12,V3_TOP5,DN,TVSMOTOR.NS,0.827,0.75,HIGH,-2.8662,2.0277,1,1,VAL
2026-03-12,RAND_TOP5,DN,POLYCAB.NS,0.8441,0.625,HIGH,-3.5077,-3.8699,1,1,VAL
2026-03-12,RAND_TOP5,DN,KEI.NS,0.8571,0.625,HIGH,-3.9723,-2.6212,1,1,VAL
2026-03-12,RAND_TOP5,DN,CHOLAFIN.NS,0.7836,0.875,HIGH,-0.7929,0.19,1,0,VAL
2026-03-12,RAND_TOP5,DN,TIINDIA.NS,0.7855,0.75,HIGH,-3.5887,-2.8945,1,1,VAL
2026-03-12,RAND_TOP5,DN,DATAPATTNS.NS,0.7114,0.75,HIGH,-3.5114,-0.9454,1,1,VAL
2026-03-13,KNOW_TOP5,DN,PARAS.NS,0.8773,0.75,HIGH,-0.7043,2.3633,1,0,VAL
2026-03-13,KNOW_TOP5,DN,AMBER.NS,0.858,0.75,HIGH,1.2799,6.2675,0,0,VAL
2026-03-13,KNOW_TOP5,DN,IRCON.NS,0.85,0.75,HIGH,-3.3712,-0.3609,1,1,VAL
2026-03-13,KNOW_TOP5,DN,LT.NS,0.8271,0.75,HIGH,0.884,4.9113,0,0,VAL
2026-03-13,KNOW_TOP5,DN,POLYCAB.NS,0.8239,0.75,HIGH,-0.9244,2.5162,1,0,VAL
2026-03-13,V3_TOP5,DN,PARAS.NS,0.8773,0.75,HIGH,-0.7043,2.3633,1,0,VAL
2026-03-13,V3_TOP5,DN,AMBER.NS,0.858,0.75,HIGH,1.2799,6.2675,0,0,VAL
2026-03-13,V3_TOP5,DN,IRCON.NS,0.85,0.75,HIGH,-3.3712,-0.3609,1,1,VAL
2026-03-13,V3_TOP5,DN,IDFCFIRSTB.NS,0.8337,0.625,HIGH,0.3836,4.2992,0,0,VAL
2026-03-13,V3_TOP5,DN,LT.NS,0.8271,0.75,HIGH,0.884,4.9113,0,0,VAL
2026-03-13,RAND_TOP5,DN,IDFCFIRSTB.NS,0.8337,0.625,HIGH,0.3836,4.2992,0,0,VAL
2026-03-13,RAND_TOP5,DN,PARAS.NS,0.8773,0.75,HIGH,-0.7043,2.3633,1,0,VAL
2026-03-13,RAND_TOP5,DN,KEI.NS,0.7956,0.625,HIGH,0.3848,5.5796,0,0,VAL
2026-03-13,RAND_TOP5,DN,TVSMOTOR.NS,0.81,0.75,HIGH,1.513,7.4688,0,0,VAL
2026-03-13,RAND_TOP5,DN,DATAPATTNS.NS,0.7326,0.75,HIGH,-3.7045,2.7061,1,1,VAL
2026-03-16,KNOW_TOP5,DN,TIINDIA.NS,0.6865,0.875,HIGH,2.2128,4.4462,0,0,VAL
2026-03-16,KNOW_TOP5,DN,PARAS.NS,0.878,0.75,HIGH,1.5762,-0.6462,0,0,VAL
2026-03-16,KNOW_TOP5,DN,POLYCAB.NS,0.8196,0.75,HIGH,0.5542,0.7437,0,0,VAL
2026-03-16,KNOW_TOP5,DN,MOIL.NS,0.7703,0.75,HIGH,19.996,17.8996,0,0,VAL
2026-03-16,KNOW_TOP5,DN,DATAPATTNS.NS,0.7457,0.75,HIGH,6.6087,5.1843,0,0,VAL
2026-03-16,V3_TOP5,DN,PARAS.NS,0.878,0.75,HIGH,1.5762,-0.6462,0,0,VAL
2026-03-16,V3_TOP5,DN,IRCON.NS,0.8481,0.625,HIGH,0.5484,-1.3113,0,0,VAL
2026-03-16,V3_TOP5,DN,POLYCAB.NS,0.8196,0.75,HIGH,0.5542,0.7437,0,0,VAL
2026-03-16,V3_TOP5,DN,IDEAFORGE.NS,0.8043,0.625,HIGH,11.7834,8.0,0,0,VAL
2026-03-16,V3_TOP5,DN,AMBER.NS,0.7843,0.625,HIGH,3.8217,2.2746,0,0,VAL
2026-03-16,RAND_TOP5,DN,IDEAFORGE.NS,0.8043,0.625,HIGH,11.7834,8.0,0,0,VAL
2026-03-16,RAND_TOP5,DN,PARAS.NS,0.878,0.75,HIGH,1.5762,-0.6462,0,0,VAL
2026-03-16,RAND_TOP5,DN,DATAPATTNS.NS,0.7457,0.75,HIGH,6.6087,5.1843,0,0,VAL
2026-03-16,RAND_TOP5,DN,MOIL.NS,0.7703,0.75,HIGH,19.996,17.8996,0,0,VAL
2026-03-16,RAND_TOP5,DN,LAURUSLABS.NS,0.6976,0.75,HIGH,0.8222,-1.6549,0,0,VAL
2026-03-17,KNOW_TOP5,DN,DEEPAKFERT.NS,0.7112,0.875,HIGH,3.7273,-0.1045,0,0,VAL
2026-03-17,KNOW_TOP5,DN,IRCON.NS,0.8701,0.75,HIGH,2.553,-2.2447,0,0,VAL
2026-03-17,KNOW_TOP5,DN,LT.NS,0.7755,0.75,HIGH,1.8375,-3.0484,0,0,VAL
2026-03-17,KNOW_TOP5,DN,AMBER.NS,0.7556,0.75,HIGH,1.0623,-1.8221,0,0,VAL
2026-03-17,KNOW_TOP5,DN,SUDARSCHEM.NS,0.6993,0.75,HIGH,3.501,3.0697,0,0,VAL
2026-03-17,V3_TOP5,DN,IRCON.NS,0.8701,0.75,HIGH,2.553,-2.2447,0,0,VAL
2026-03-17,V3_TOP5,DN,PARAS.NS,0.8587,0.625,HIGH,1.4896,-2.6767,0,0,VAL
2026-03-17,V3_TOP5,DN,TVSMOTOR.NS,0.7786,0.625,HIGH,2.3139,-0.8534,0,0,VAL
2026-03-17,V3_TOP5,DN,LT.NS,0.7755,0.75,HIGH,1.8375,-3.0484,0,0,VAL
2026-03-17,V3_TOP5,DN,AMBER.NS,0.7556,0.75,HIGH,1.0623,-1.8221,0,0,VAL
2026-03-17,RAND_TOP5,DN,LT.NS,0.7755,0.75,HIGH,1.8375,-3.0484,0,0,VAL
2026-03-17,RAND_TOP5,DN,IRCON.NS,0.8701,0.75,HIGH,2.553,-2.2447,0,0,VAL
2026-03-17,RAND_TOP5,DN,DEEPAKFERT.NS,0.7112,0.875,HIGH,3.7273,-0.1045,0,0,VAL
2026-03-17,RAND_TOP5,DN,ASHOKLEY.NS,0.725,0.625,HIGH,1.4252,-4.0997,0,0,VAL
2026-03-17,RAND_TOP5,DN,MARUTI.NS,0.6806,0.75,HIGH,0.5859,-2.86,0,0,VAL
2026-03-18,KNOW_TOP5,DN,BLUESTARCO.NS,0.792,0.75,HIGH,-4.7318,-10.909,1,1,VAL
2026-03-18,KNOW_TOP5,DN,IOC.NS,0.7669,0.75,HIGH,-3.7364,-6.8524,1,1,VAL
2026-03-18,KNOW_TOP5,DN,DEEPAKFERT.NS,0.7626,0.75,HIGH,-3.1429,-7.5578,1,1,VAL
2026-03-18,KNOW_TOP5,DN,HINDZINC.NS,0.7505,0.75,HIGH,-5.8501,-9.2913,1,1,VAL
2026-03-18,KNOW_TOP5,DN,VEDL.NS,0.7302,0.75,HIGH,-2.0103,-4.8969,1,1,VAL
2026-03-18,V3_TOP5,DN,IRCON.NS,0.8343,0.625,HIGH,-4.2929,-11.183,1,1,VAL
2026-03-18,V3_TOP5,DN,RADICO.NS,0.8232,0.625,HIGH,-4.2698,-3.8048,1,1,VAL
2026-03-18,V3_TOP5,DN,BLUESTARCO.NS,0.792,0.75,HIGH,-4.7318,-10.909,1,1,VAL
2026-03-18,V3_TOP5,DN,LT.NS,0.7879,0.5,MEDIUM,-4.8061,-7.3589,1,1,VAL
2026-03-18,V3_TOP5,DN,IOC.NS,0.7669,0.75,HIGH,-3.7364,-6.8524,1,1,VAL
2026-03-18,RAND_TOP5,DN,LT.NS,0.7879,0.5,MEDIUM,-4.8061,-7.3589,1,1,VAL
2026-03-18,RAND_TOP5,DN,IRCON.NS,0.8343,0.625,HIGH,-4.2929,-11.183,1,1,VAL
2026-03-18,RAND_TOP5,DN,VEDL.NS,0.7302,0.75,HIGH,-2.0103,-4.8969,1,1,VAL
2026-03-18,RAND_TOP5,DN,NATIONALUM.NS,0.7367,0.625,HIGH,-2.7473,-9.7769,1,1,VAL
2026-03-18,RAND_TOP5,DN,COCHINSHIP.NS,0.6935,0.5,MEDIUM,-3.5767,-10.1069,1,1,VAL
2026-03-19,KNOW_TOP5,DN,SHRIRAMFIN.NS,0.8054,0.875,HIGH,-1.1792,-4.8642,1,0,VAL
2026-03-19,KNOW_TOP5,DN,IRCON.NS,0.8473,0.75,HIGH,-0.4026,-4.4774,1,0,VAL
2026-03-19,KNOW_TOP5,DN,RADICO.NS,0.8234,0.75,HIGH,2.5636,1.6692,0,0,VAL
2026-03-19,KNOW_TOP5,DN,HINDZINC.NS,0.8116,0.75,HIGH,1.6991,-1.7979,0,0,VAL
2026-03-19,KNOW_TOP5,DN,BPCL.NS,0.7687,0.75,HIGH,0.6294,-1.3112,0,0,VAL
2026-03-19,V3_TOP5,DN,PETRONET.NS,0.848,0.625,HIGH,-4.8735,-10.6886,1,1,VAL
2026-03-19,V3_TOP5,DN,IRCON.NS,0.8473,0.75,HIGH,-0.4026,-4.4774,1,0,VAL
2026-03-19,V3_TOP5,DN,BLUESTARCO.NS,0.8315,0.625,HIGH,-1.4364,-3.8996,1,0,VAL
2026-03-19,V3_TOP5,DN,RADICO.NS,0.8234,0.75,HIGH,2.5636,1.6692,0,0,VAL
2026-03-19,V3_TOP5,DN,HINDZINC.NS,0.8116,0.75,HIGH,1.6991,-1.7979,0,0,VAL
2026-03-19,RAND_TOP5,DN,RADICO.NS,0.8234,0.75,HIGH,2.5636,1.6692,0,0,VAL
2026-03-19,RAND_TOP5,DN,PETRONET.NS,0.848,0.625,HIGH,-4.8735,-10.6886,1,1,VAL
2026-03-19,RAND_TOP5,DN,SUDARSCHEM.NS,0.7833,0.625,HIGH,5.5054,0.7531,0,0,VAL
2026-03-19,RAND_TOP5,DN,IOC.NS,0.7847,0.625,HIGH,1.3102,-2.8235,0,0,VAL
2026-03-19,RAND_TOP5,DN,AJANTPHARM.NS,0.7039,0.75,HIGH,-1.3316,-2.7413,1,0,VAL
2026-03-20,KNOW_TOP5,DN,SHRIRAMFIN.NS,0.851,0.875,HIGH,-6.4884,1.8538,1,1,VAL
2026-03-20,KNOW_TOP5,DN,NATIONALUM.NS,0.7628,0.875,HIGH,-5.0882,-0.3256,1,1,VAL
2026-03-20,KNOW_TOP5,DN,GNFC.NS,0.7537,0.875,HIGH,-5.7978,-2.0513,1,1,VAL
2026-03-20,KNOW_TOP5,DN,PETRONET.NS,0.8835,0.75,HIGH,-7.6072,-3.0274,1,1,VAL
2026-03-20,KNOW_TOP5,DN,BPCL.NS,0.8138,0.75,HIGH,-5.7331,-1.1293,1,1,VAL
2026-03-20,V3_TOP5,DN,PETRONET.NS,0.8835,0.75,HIGH,-7.6072,-3.0274,1,1,VAL
2026-03-20,V3_TOP5,DN,SHRIRAMFIN.NS,0.851,0.875,HIGH,-6.4884,1.8538,1,1,VAL
2026-03-20,V3_TOP5,DN,BPCL.NS,0.8138,0.75,HIGH,-5.7331,-1.1293,1,1,VAL
2026-03-20,V3_TOP5,DN,IOC.NS,0.8052,0.75,HIGH,-4.4882,-2.8216,1,1,VAL
2026-03-20,V3_TOP5,DN,RADICO.NS,0.7985,0.625,HIGH,-2.0259,3.2513,1,1,VAL
2026-03-20,RAND_TOP5,DN,IOC.NS,0.8052,0.75,HIGH,-4.4882,-2.8216,1,1,VAL
2026-03-20,RAND_TOP5,DN,PETRONET.NS,0.8835,0.75,HIGH,-7.6072,-3.0274,1,1,VAL
2026-03-20,RAND_TOP5,DN,GNFC.NS,0.7537,0.875,HIGH,-5.7978,-2.0513,1,1,VAL
2026-03-20,RAND_TOP5,DN,MGL.NS,0.7554,0.75,HIGH,-6.0697,-2.8953,1,1,VAL
2026-03-20,RAND_TOP5,DN,NCC.NS,0.7123,0.75,HIGH,-5.9037,-0.2845,1,1,VAL
2026-03-23,KNOW_TOP5,DN,MUTHOOTFIN.NS,0.7229,0.875,HIGH,1.271,4.975,0,0,VAL
2026-03-23,KNOW_TOP5,DN,PETRONET.NS,0.8941,0.75,HIGH,1.6173,3.4237,0,0,VAL
2026-03-23,KNOW_TOP5,DN,SHRIRAMFIN.NS,0.8712,0.75,HIGH,2.9509,2.9737,0,0,VAL
2026-03-23,KNOW_TOP5,DN,GNFC.NS,0.8027,0.75,HIGH,1.995,0.5346,0,0,VAL
2026-03-23,KNOW_TOP5,DN,BLUESTARCO.NS,0.8025,0.75,HIGH,2.7636,3.3372,0,0,VAL
2026-03-23,V3_TOP5,DN,PETRONET.NS,0.8941,0.75,HIGH,1.6173,3.4237,0,0,VAL
2026-03-23,V3_TOP5,DN,SHRIRAMFIN.NS,0.8712,0.75,HIGH,2.9509,2.9737,0,0,VAL
2026-03-23,V3_TOP5,DN,GNFC.NS,0.8027,0.75,HIGH,1.995,0.5346,0,0,VAL
2026-03-23,V3_TOP5,DN,BLUESTARCO.NS,0.8025,0.75,HIGH,2.7636,3.3372,0,0,VAL
2026-03-23,V3_TOP5,DN,HDFCBANK.NS,0.7897,0.75,HIGH,2.7884,1.6193,0,0,VAL
2026-03-23,RAND_TOP5,DN,BLUESTARCO.NS,0.8025,0.75,HIGH,2.7636,3.3372,0,0,VAL
2026-03-23,RAND_TOP5,DN,PETRONET.NS,0.8941,0.75,HIGH,1.6173,3.4237,0,0,VAL
2026-03-23,RAND_TOP5,DN,MGL.NS,0.7601,0.625,HIGH,1.5412,3.5007,0,0,VAL
2026-03-23,RAND_TOP5,DN,VOLTAS.NS,0.7692,0.75,HIGH,4.0681,5.7065,0,0,VAL
2026-03-23,RAND_TOP5,DN,HINDALCO.NS,0.6869,0.75,HIGH,1.7138,3.1479,0,0,VAL
2026-03-24,KNOW_TOP5,DN,PFC.NS,0.7527,0.875,HIGH,1.1787,-4.8276,0,0,VAL
2026-03-24,KNOW_TOP5,DN,HINDZINC.NS,0.752,0.875,HIGH,4.1545,1.0261,0,0,VAL
2026-03-24,KNOW_TOP5,DN,GAIL.NS,0.7471,0.875,HIGH,1.1114,0.0291,0,0,VAL
2026-03-24,KNOW_TOP5,DN,MUTHOOTFIN.NS,0.7444,0.875,HIGH,5.2295,0.1553,0,0,VAL
2026-03-24,KNOW_TOP5,DN,SHRIRAMFIN.NS,0.84,0.75,HIGH,5.799,-3.4861,0,0,VAL
2026-03-24,V3_TOP5,DN,SHRIRAMFIN.NS,0.84,0.75,HIGH,5.799,-3.4861,0,0,VAL
2026-03-24,V3_TOP5,DN,PETRONET.NS,0.8152,0.75,HIGH,3.2865,2.7077,0,0,VAL
2026-03-24,V3_TOP5,DN,NATIONALUM.NS,0.8086,0.75,HIGH,3.5669,8.8679,0,0,VAL
2026-03-24,V3_TOP5,DN,BLUESTARCO.NS,0.798,0.75,HIGH,4.7242,-3.3135,0,0,VAL
2026-03-24,V3_TOP5,DN,FINPIPE.NS,0.7855,0.75,HIGH,1.2653,-6.5383,0,0,VAL
2026-03-24,RAND_TOP5,DN,BLUESTARCO.NS,0.798,0.75,HIGH,4.7242,-3.3135,0,0,VAL
2026-03-24,RAND_TOP5,DN,SHRIRAMFIN.NS,0.84,0.75,HIGH,5.799,-3.4861,0,0,VAL
2026-03-24,RAND_TOP5,DN,PFC.NS,0.7527,0.875,HIGH,1.1787,-4.8276,0,0,VAL
2026-03-24,RAND_TOP5,DN,RAJESHEXPO.NS,0.7559,0.625,HIGH,4.9617,-5.2681,0,0,VAL
2026-03-24,RAND_TOP5,DN,ONMOBILE.NS,0.7297,0.75,HIGH,-0.9559,-11.9487,1,0,VAL
2026-03-25,KNOW_TOP5,DN,FINPIPE.NS,0.7727,0.875,HIGH,-2.9729,-2.105,1,1,VAL
2026-03-25,KNOW_TOP5,DN,PFC.NS,0.8261,0.75,HIGH,-1.8466,-1.4252,1,0,VAL
2026-03-25,KNOW_TOP5,DN,GAIL.NS,0.7929,0.75,HIGH,-1.444,1.056,1,0,VAL
2026-03-25,KNOW_TOP5,DN,BDL.NS,0.7911,0.75,HIGH,-3.8318,1.8356,1,1,VAL
2026-03-25,KNOW_TOP5,DN,SAPPHIRE.NS,0.78,0.75,HIGH,-0.4564,-2.8882,1,0,VAL
2026-03-25,V3_TOP5,DN,PFC.NS,0.8261,0.75,HIGH,-1.8466,-1.4252,1,0,VAL
2026-03-25,V3_TOP5,DN,SHRIRAMFIN.NS,0.8145,0.625,HIGH,-5.4603,-5.8002,1,1,VAL
2026-03-25,V3_TOP5,DN,GAIL.NS,0.7929,0.75,HIGH,-1.444,1.056,1,0,VAL
2026-03-25,V3_TOP5,DN,BDL.NS,0.7911,0.75,HIGH,-3.8318,1.8356,1,1,VAL
2026-03-25,V3_TOP5,DN,PETRONET.NS,0.7877,0.625,HIGH,-1.4609,3.2139,1,0,VAL
2026-03-25,RAND_TOP5,DN,BDL.NS,0.7911,0.75,HIGH,-3.8318,1.8356,1,1,VAL
2026-03-25,RAND_TOP5,DN,PFC.NS,0.8261,0.75,HIGH,-1.8466,-1.4252,1,0,VAL
2026-03-25,RAND_TOP5,DN,ONMOBILE.NS,0.7677,0.75,HIGH,-2.1935,-4.8476,1,1,VAL
2026-03-25,RAND_TOP5,DN,FINPIPE.NS,0.7727,0.875,HIGH,-2.9729,-2.105,1,1,VAL
2026-03-25,RAND_TOP5,DN,LTTS.NS,0.6929,0.75,HIGH,-0.0625,3.862,1,0,VAL
2026-03-27,KNOW_TOP5,DN,TORNTPOWER.NS,0.734,0.875,HIGH,-3.4386,-1.4864,1,1,VAL
2026-03-27,KNOW_TOP5,DN,FINPIPE.NS,0.7789,0.75,HIGH,-4.8782,0.9135,1,1,VAL
2026-03-27,KNOW_TOP5,DN,PRESTIGE.NS,0.7704,0.75,HIGH,-3.9478,-1.7735,1,1,VAL
2026-03-27,KNOW_TOP5,DN,GNFC.NS,0.7415,0.75,HIGH,-4.9416,3.4241,1,1,VAL
2026-03-27,KNOW_TOP5,DN,HDFCBANK.NS,0.7044,0.75,HIGH,-3.2597,-0.7009,1,1,VAL
2026-03-27,V3_TOP5,DN,JPPOWER.NS,0.8939,0.625,HIGH,-4.6843,1.9009,1,1,VAL
2026-03-27,V3_TOP5,DN,MOIL.NS,0.833,0.625,HIGH,2.8504,6.4633,0,0,VAL
2026-03-27,V3_TOP5,DN,ONMOBILE.NS,0.8002,0.625,HIGH,-9.1052,-1.5923,1,1,VAL
2026-03-27,V3_TOP5,DN,FINPIPE.NS,0.7789,0.75,HIGH,-4.8782,0.9135,1,1,VAL
2026-03-27,V3_TOP5,DN,PRESTIGE.NS,0.7704,0.75,HIGH,-3.9478,-1.7735,1,1,VAL
2026-03-27,RAND_TOP5,DN,FINPIPE.NS,0.7789,0.75,HIGH,-4.8782,0.9135,1,1,VAL
2026-03-27,RAND_TOP5,DN,JPPOWER.NS,0.8939,0.625,HIGH,-4.6843,1.9009,1,1,VAL
2026-03-27,RAND_TOP5,DN,TORNTPOWER.NS,0.734,0.875,HIGH,-3.4386,-1.4864,1,1,VAL
2026-03-27,RAND_TOP5,DN,GNFC.NS,0.7415,0.75,HIGH,-4.9416,3.4241,1,1,VAL
2026-03-27,RAND_TOP5,DN,CASTROLIND.NS,0.6903,0.625,HIGH,-0.891,1.6221,1,0,VAL
2026-03-30,KNOW_TOP5,DN,JPPOWER.NS,0.8895,0.75,HIGH,6.4103,7.8348,0,0,VAL
2026-03-30,KNOW_TOP5,DN,OLECTRA.NS,0.8865,0.75,HIGH,6.1682,6.8202,0,0,VAL
2026-03-30,KNOW_TOP5,DN,ONMOBILE.NS,0.8471,0.75,HIGH,7.0318,3.701,0,0,VAL
2026-03-30,KNOW_TOP5,DN,CANBK.NS,0.7924,0.75,HIGH,3.1187,5.7189,0,0,VAL
2026-03-30,KNOW_TOP5,DN,BANKBARODA.NS,0.786,0.75,HIGH,1.7892,4.9111,0,0,VAL
2026-03-30,V3_TOP5,DN,JPPOWER.NS,0.8895,0.75,HIGH,6.4103,7.8348,0,0,VAL
2026-03-30,V3_TOP5,DN,OLECTRA.NS,0.8865,0.75,HIGH,6.1682,6.8202,0,0,VAL
2026-03-30,V3_TOP5,DN,ONMOBILE.NS,0.8471,0.75,HIGH,7.0318,3.701,0,0,VAL
2026-03-30,V3_TOP5,DN,MAPMYINDIA.NS,0.8446,0.625,HIGH,7.7955,9.8053,0,0,VAL
2026-03-30,V3_TOP5,DN,ROUTE.NS,0.8348,0.625,HIGH,8.59,11.6458,0,0,VAL
2026-03-30,RAND_TOP5,DN,MAPMYINDIA.NS,0.8446,0.625,HIGH,7.7955,9.8053,0,0,VAL
2026-03-30,RAND_TOP5,DN,JPPOWER.NS,0.8895,0.75,HIGH,6.4103,7.8348,0,0,VAL
2026-03-30,RAND_TOP5,DN,UNIONBANK.NS,0.7659,0.75,HIGH,4.5311,6.0414,0,0,VAL
2026-03-30,RAND_TOP5,DN,FINPIPE.NS,0.7797,0.75,HIGH,6.0687,6.4955,0,0,VAL
2026-03-30,RAND_TOP5,DN,SJVN.NS,0.7287,0.75,HIGH,6.1721,6.8508,0,0,VAL
2026-04-01,KNOW_TOP5,DN,ONMOBILE.NS,0.8402,0.75,HIGH,1.1526,-2.9737,0,0,VAL
2026-04-01,KNOW_TOP5,DN,JINDALPOLY.NS,0.8249,0.75,HIGH,4.9959,15.749,0,0,VAL
2026-04-01,KNOW_TOP5,DN,BANKBARODA.NS,0.7661,0.75,HIGH,-0.98,2.4084,1,0,VAL
2026-04-01,KNOW_TOP5,DN,ASHOKLEY.NS,0.7539,0.75,HIGH,-0.4493,2.5619,1,0,VAL
2026-04-01,KNOW_TOP5,DN,PRESTIGE.NS,0.7437,0.75,HIGH,0.6201,6.7429,0,0,VAL
2026-04-01,V3_TOP5,DN,ONMOBILE.NS,0.8402,0.75,HIGH,1.1526,-2.9737,0,0,VAL
2026-04-01,V3_TOP5,DN,JINDALPOLY.NS,0.8249,0.75,HIGH,4.9959,15.749,0,0,VAL
2026-04-01,V3_TOP5,DN,OLECTRA.NS,0.8008,0.375,MEDIUM,-0.5605,0.0195,1,0,VAL
2026-04-01,V3_TOP5,DN,BANKBARODA.NS,0.7661,0.75,HIGH,-0.98,2.4084,1,0,VAL
2026-04-01,V3_TOP5,DN,NOCIL.NS,0.7641,0.375,MEDIUM,0.8674,-1.5149,0,0,VAL
2026-04-01,RAND_TOP5,DN,BANKBARODA.NS,0.7661,0.75,HIGH,-0.98,2.4084,1,0,VAL
2026-04-01,RAND_TOP5,DN,ONMOBILE.NS,0.8402,0.75,HIGH,1.1526,-2.9737,0,0,VAL
2026-04-01,RAND_TOP5,DN,FINPIPE.NS,0.7439,0.5,MEDIUM,0.0189,-0.0692,0,0,VAL
2026-04-01,RAND_TOP5,DN,JPPOWER.NS,0.7498,0.5,MEDIUM,0.4685,1.7403,0,0,VAL
2026-04-01,RAND_TOP5,DN,MOIL.NS,0.6649,0.25,LOW,-0.4921,1.2218,1,0,VAL
2026-04-02,KNOW_TOP5,DN,BANKBARODA.NS,0.7918,0.875,HIGH,4.0872,10.5866,0,0,VAL
2026-04-02,KNOW_TOP5,DN,M&MFIN.NS,0.7635,0.875,HIGH,-1.3677,4.0505,1,0,VAL
2026-04-02,KNOW_TOP5,DN,ASHOKLEY.NS,0.74,0.875,HIGH,1.664,16.1951,0,0,VAL
2026-04-02,KNOW_TOP5,DN,BLUESTARCO.NS,0.6925,0.875,HIGH,2.4275,5.9609,0,0,VAL
2026-04-02,KNOW_TOP5,DN,CANBK.NS,0.7895,0.75,HIGH,2.7314,9.5639,0,0,VAL
2026-04-02,V3_TOP5,DN,OLECTRA.NS,0.8808,0.625,HIGH,1.1813,6.4503,0,0,VAL
2026-04-02,V3_TOP5,DN,ALKYLAMINE.NS,0.8622,0.5,MEDIUM,0.3487,4.6854,0,0,VAL
2026-04-02,V3_TOP5,DN,BANKBARODA.NS,0.7918,0.875,HIGH,4.0872,10.5866,0,0,VAL
2026-04-02,V3_TOP5,DN,CANBK.NS,0.7895,0.75,HIGH,2.7314,9.5639,0,0,VAL
2026-04-02,V3_TOP5,DN,M&MFIN.NS,0.7635,0.875,HIGH,-1.3677,4.0505,1,0,VAL
2026-04-02,RAND_TOP5,DN,CANBK.NS,0.7895,0.75,HIGH,2.7314,9.5639,0,0,VAL
2026-04-02,RAND_TOP5,DN,OLECTRA.NS,0.8808,0.625,HIGH,1.1813,6.4503,0,0,VAL
2026-04-02,RAND_TOP5,DN,ROUTE.NS,0.7252,0.375,MEDIUM,1.0453,6.3698,0,0,VAL
2026-04-02,RAND_TOP5,DN,BIOCON.NS,0.7252,0.75,HIGH,0.6949,-0.78,0,0,VAL
2026-04-02,RAND_TOP5,DN,VOLTAS.NS,0.6863,0.75,HIGH,1.3437,2.3798,0,0,VAL
2026-04-06,KNOW_TOP5,DN,M&MFIN.NS,0.8049,0.875,HIGH,-1.3333,5.28,1,0,VAL
2026-04-06,KNOW_TOP5,DN,SRF.NS,0.7192,0.875,HIGH,-1.5531,-1.397,1,0,VAL
2026-04-06,KNOW_TOP5,DN,ENDURANCE.NS,0.7024,0.875,HIGH,0.7451,8.1047,0,0,VAL
2026-04-06,KNOW_TOP5,DN,BIOCON.NS,0.7682,0.75,HIGH,-4.2113,-2.6197,1,1,VAL
2026-04-06,KNOW_TOP5,DN,CRAFTSMAN.NS,0.767,0.75,HIGH,-0.5456,9.2457,1,0,VAL
2026-04-06,V3_TOP5,DN,ALKYLAMINE.NS,0.8206,0.625,HIGH,0.8008,3.0447,0,0,VAL
2026-04-06,V3_TOP5,DN,VOLTAS.NS,0.8083,0.625,HIGH,-2.5399,2.5479,1,1,VAL
2026-04-06,V3_TOP5,DN,M&MFIN.NS,0.8049,0.875,HIGH,-1.3333,5.28,1,0,VAL
2026-04-06,V3_TOP5,DN,OLECTRA.NS,0.7823,0.5,MEDIUM,-0.591,9.6062,1,0,VAL
2026-04-06,V3_TOP5,DN,CANBK.NS,0.7735,0.5,MEDIUM,-0.7662,5.6701,1,0,VAL
2026-04-06,RAND_TOP5,DN,OLECTRA.NS,0.7823,0.5,MEDIUM,-0.591,9.6062,1,0,VAL
2026-04-06,RAND_TOP5,DN,ALKYLAMINE.NS,0.8206,0.625,HIGH,0.8008,3.0447,0,0,VAL
2026-04-06,RAND_TOP5,DN,UNIONBANK.NS,0.7413,0.625,HIGH,-1.2865,6.0705,1,0,VAL
2026-04-06,RAND_TOP5,DN,ASHOKLEY.NS,0.7507,0.625,HIGH,1.3385,12.9017,0,0,VAL
2026-04-06,RAND_TOP5,DN,JPPOWER.NS,0.7142,0.5,MEDIUM,0.3963,11.0304,0,0,VAL
2026-04-07,KNOW_TOP5,DN,M&MFIN.NS,0.7547,0.875,HIGH,6.9189,8.8649,0,0,VAL
2026-04-07,KNOW_TOP5,DN,BLUESTARCO.NS,0.7266,0.875,HIGH,5.1217,9.7046,0,0,VAL
2026-04-07,KNOW_TOP5,DN,DRREDDY.NS,0.7118,0.875,HIGH,-0.3929,3.0181,1,0,VAL
2026-04-07,KNOW_TOP5,DN,EICHERMOT.NS,0.6756,0.875,HIGH,7.9555,12.3912,0,0,VAL
2026-04-07,KNOW_TOP5,DN,VOLTAS.NS,0.8308,0.75,HIGH,3.6551,7.8184,0,0,VAL
2026-04-07,V3_TOP5,DN,VOLTAS.NS,0.8308,0.75,HIGH,3.6551,7.8184,0,0,VAL
2026-04-07,V3_TOP5,DN,BIOCON.NS,0.8108,0.75,HIGH,2.8672,2.5143,0,0,VAL
2026-04-07,V3_TOP5,DN,UNIONBANK.NS,0.7729,0.625,HIGH,8.0172,9.9779,0,0,VAL
2026-04-07,V3_TOP5,DN,M&MFIN.NS,0.7547,0.875,HIGH,6.9189,8.8649,0,0,VAL
2026-04-07,V3_TOP5,DN,IDEA.NS,0.7392,0.75,HIGH,6.6049,7.1842,0,0,VAL
2026-04-07,RAND_TOP5,DN,M&MFIN.NS,0.7547,0.875,HIGH,6.9189,8.8649,0,0,VAL
2026-04-07,RAND_TOP5,DN,VOLTAS.NS,0.8308,0.75,HIGH,3.6551,7.8184,0,0,VAL
2026-04-07,RAND_TOP5,DN,ASHOKLEY.NS,0.719,0.5,MEDIUM,12.7836,16.4062,0,0,VAL
2026-04-07,RAND_TOP5,DN,SUNPHARMA.NS,0.7246,0.625,HIGH,-0.1979,-3.6729,1,0,VAL
2026-04-07,RAND_TOP5,DN,CANBK.NS,0.6798,0.5,MEDIUM,7.4743,8.2156,0,0,VAL
2026-04-08,KNOW_TOP5,DN,OIL.NS,0.6461,0.875,HIGH,2.5711,3.9656,0,0,VAL
2026-04-08,KNOW_TOP5,DN,BIOCON.NS,0.7092,0.75,HIGH,-1.1721,-1.3722,1,0,VAL
2026-04-08,KNOW_TOP5,DN,SUNPHARMA.NS,0.6862,0.75,HIGH,0.1458,-3.6393,0,0,VAL
2026-04-08,KNOW_TOP5,DN,DRREDDY.NS,0.6739,0.75,HIGH,1.7207,3.7351,0,0,VAL
2026-04-08,KNOW_TOP5,DN,NATIONALUM.NS,0.6589,0.75,HIGH,3.0489,4.4733,0,0,VAL
2026-04-08,V3_TOP5,DN,NAVINFLUOR.NS,0.7717,0.5,MEDIUM,1.2126,2.9118,0,0,VAL
2026-04-08,V3_TOP5,DN,VOLTAS.NS,0.7662,0.625,HIGH,1.5101,7.6534,0,0,VAL
2026-04-08,V3_TOP5,DN,CENTUM.NS,0.7609,0.625,HIGH,2.7476,4.7054,0,0,VAL
2026-04-08,V3_TOP5,DN,BIOCON.NS,0.7092,0.75,HIGH,-1.1721,-1.3722,1,0,VAL
2026-04-08,V3_TOP5,DN,OFSS.NS,0.705,0.375,MEDIUM,0.5223,-0.2159,0,0,VAL
2026-04-08,RAND_TOP5,DN,BIOCON.NS,0.7092,0.75,HIGH,-1.1721,-1.3722,1,0,VAL
2026-04-08,RAND_TOP5,DN,NAVINFLUOR.NS,0.7717,0.5,MEDIUM,1.2126,2.9118,0,0,VAL
2026-04-08,RAND_TOP5,DN,MOIL.NS,0.6746,0.25,LOW,0.9241,2.6042,0,0,VAL
2026-04-08,RAND_TOP5,DN,BLUESTARCO.NS,0.6833,0.375,MEDIUM,2.2354,6.8297,0,0,VAL
2026-04-08,RAND_TOP5,DN,TORNTPHARM.NS,0.629,0.625,HIGH,1.6207,3.7675,0,0,VAL
2026-04-09,KNOW_TOP5,DN,BIOCON.NS,0.7256,0.75,HIGH,0.8389,1.3451,0,0,VAL
2026-04-09,KNOW_TOP5,DN,SRF.NS,0.6956,0.75,HIGH,3.0669,4.1962,0,0,VAL
2026-04-09,KNOW_TOP5,DN,MRPL.NS,0.6749,0.75,HIGH,-0.9192,-0.2497,1,0,VAL
2026-04-09,KNOW_TOP5,DN,CENTUM.NS,0.8022,0.625,HIGH,2.5721,4.2808,0,0,VAL
2026-04-09,KNOW_TOP5,DN,WHIRLPOOL.NS,0.752,0.625,HIGH,0.7464,2.6156,0,0,VAL
2026-04-09,V3_TOP5,DN,CENTUM.NS,0.8022,0.625,HIGH,2.5721,4.2808,0,0,VAL
2026-04-09,V3_TOP5,DN,WHIRLPOOL.NS,0.752,0.625,HIGH,0.7464,2.6156,0,0,VAL
2026-04-09,V3_TOP5,DN,BIOCON.NS,0.7256,0.75,HIGH,0.8389,1.3451,0,0,VAL
2026-04-09,V3_TOP5,DN,RVNL.NS,0.7032,0.375,MEDIUM,0.7954,5.2157,0,0,VAL
2026-04-09,V3_TOP5,DN,NAVINFLUOR.NS,0.7017,0.25,LOW,0.7498,1.4262,0,0,VAL
2026-04-09,RAND_TOP5,DN,RVNL.NS,0.7032,0.375,MEDIUM,0.7954,5.2157,0,0,VAL
2026-04-09,RAND_TOP5,DN,CENTUM.NS,0.8022,0.625,HIGH,2.5721,4.2808,0,0,VAL
2026-04-09,RAND_TOP5,DN,AUROPHARMA.NS,0.6895,0.5,MEDIUM,0.6714,2.4993,0,0,VAL
2026-04-09,RAND_TOP5,DN,SRF.NS,0.6956,0.75,HIGH,3.0669,4.1962,0,0,VAL
2026-04-09,RAND_TOP5,DN,DEEPAKFERT.NS,0.6503,0.375,MEDIUM,2.8916,14.5429,0,0,VAL
2026-04-10,KNOW_TOP5,DN,SUNPHARMA.NS,0.6968,0.75,HIGH,-0.1632,2.3083,1,0,VAL
2026-04-10,KNOW_TOP5,DN,INFY.NS,0.6945,0.75,HIGH,-1.2147,2.0658,1,0,VAL
2026-04-10,KNOW_TOP5,DN,TECHM.NS,0.6938,0.75,HIGH,-0.3333,3.5273,1,0,VAL
2026-04-10,KNOW_TOP5,DN,ONGC.NS,0.6541,0.75,HIGH,0.3665,-1.3089,0,0,VAL
2026-04-10,KNOW_TOP5,DN,NAUKRI.NS,0.6481,0.75,HIGH,0.3784,5.7322,0,0,VAL
2026-04-10,V3_TOP5,DN,TATACHEM.NS,0.75,0.5,MEDIUM,4.0151,2.4279,0,0,VAL
2026-04-10,V3_TOP5,DN,CENTUM.NS,0.7359,0.5,MEDIUM,-0.65,8.1694,1,0,VAL
2026-04-10,V3_TOP5,DN,AUROPHARMA.NS,0.7043,0.5,MEDIUM,-0.7114,2.7494,1,0,VAL
2026-04-10,V3_TOP5,DN,CASTROLIND.NS,0.7024,0.375,MEDIUM,-0.4737,0.6465,1,0,VAL
2026-04-10,V3_TOP5,DN,SUNPHARMA.NS,0.6968,0.75,HIGH,-0.1632,2.3083,1,0,VAL
2026-04-10,RAND_TOP5,DN,CASTROLIND.NS,0.7024,0.375,MEDIUM,-0.4737,0.6465,1,0,VAL
2026-04-10,RAND_TOP5,DN,TATACHEM.NS,0.75,0.5,MEDIUM,4.0151,2.4279,0,0,VAL
2026-04-10,RAND_TOP5,DN,WHIRLPOOL.NS,0.6837,0.5,MEDIUM,-0.9578,2.2408,1,0,VAL
2026-04-10,RAND_TOP5,DN,OFSS.NS,0.6893,0.5,MEDIUM,-1.227,7.2034,1,0,VAL
2026-04-10,RAND_TOP5,DN,GODREJAGRO.NS,0.6477,0.25,LOW,-0.8694,2.5914,1,0,VAL
2026-04-13,KNOW_TOP5,DN,JINDALPOLY.NS,0.8258,0.75,HIGH,-1.6142,-3.5269,1,0,VAL
2026-04-13,KNOW_TOP5,DN,POLICYBZR.NS,0.6913,0.75,HIGH,1.8995,10.1583,0,0,VAL
2026-04-13,KNOW_TOP5,DN,INFY.NS,0.6575,0.75,HIGH,2.2321,3.2816,0,0,VAL
2026-04-13,KNOW_TOP5,DN,RBLBANK.NS,0.7829,0.625,HIGH,1.1389,-0.174,0,0,VAL
2026-04-13,KNOW_TOP5,DN,KALYANKJIL.NS,0.6988,0.625,HIGH,0.1925,-3.3511,0,0,VAL
2026-04-13,V3_TOP5,DN,JINDALPOLY.NS,0.8258,0.75,HIGH,-1.6142,-3.5269,1,0,VAL
2026-04-13,V3_TOP5,DN,RBLBANK.NS,0.7829,0.625,HIGH,1.1389,-0.174,0,0,VAL
2026-04-13,V3_TOP5,DN,ZYDUSWELL.NS,0.7563,0.5,MEDIUM,-1.574,-3.5825,1,0,VAL
2026-04-13,V3_TOP5,DN,KALYANKJIL.NS,0.6988,0.625,HIGH,0.1925,-3.3511,0,0,VAL
2026-04-13,V3_TOP5,DN,WHIRLPOOL.NS,0.6966,0.625,HIGH,2.8403,8.235,0,0,VAL
2026-04-13,RAND_TOP5,DN,KALYANKJIL.NS,0.6988,0.625,HIGH,0.1925,-3.3511,0,0,VAL
2026-04-13,RAND_TOP5,DN,JINDALPOLY.NS,0.8258,0.75,HIGH,-1.6142,-3.5269,1,0,VAL
2026-04-13,RAND_TOP5,DN,OFSS.NS,0.6832,0.625,HIGH,5.276,11.557,0,0,VAL
2026-04-13,RAND_TOP5,DN,AUROPHARMA.NS,0.689,0.625,HIGH,2.5452,3.4483,0,0,VAL
2026-04-13,RAND_TOP5,DN,GRANULES.NS,0.6569,0.625,HIGH,3.2021,3.6844,0,0,VAL
2026-04-15,KNOW_TOP5,DN,OIL.NS,0.65,0.875,HIGH,-0.1835,1.8241,1,0,VAL
2026-04-15,KNOW_TOP5,DN,JINDALPOLY.NS,0.8278,0.75,HIGH,-2.1508,-1.3787,1,1,VAL
2026-04-15,KNOW_TOP5,DN,NATCOPHARM.NS,0.6646,0.625,HIGH,-0.4306,0.7833,1,0,VAL
2026-04-15,KNOW_TOP5,DN,HCLTECH.NS,0.6621,0.625,HIGH,-0.0758,-1.5848,1,0,VAL
2026-04-15,KNOW_TOP5,DN,PAGEIND.NS,0.6617,0.625,HIGH,1.2319,5.1328,0,0,VAL
2026-04-15,V3_TOP5,DN,JINDALPOLY.NS,0.8278,0.75,HIGH,-2.1508,-1.3787,1,1,VAL
2026-04-15,V3_TOP5,DN,ZYDUSWELL.NS,0.7484,0.5,MEDIUM,-1.4422,-2.0014,1,0,VAL
2026-04-15,V3_TOP5,DN,RBLBANK.NS,0.7458,0.375,MEDIUM,-1.1886,-0.6881,1,0,VAL
2026-04-15,V3_TOP5,DN,FINEORG.NS,0.7264,0.5,MEDIUM,5.5884,7.6134,0,0,VAL
2026-04-15,V3_TOP5,DN,CASTROLIND.NS,0.6822,0.375,MEDIUM,0.3166,1.1999,0,0,VAL
2026-04-15,RAND_TOP5,DN,FINEORG.NS,0.7264,0.5,MEDIUM,5.5884,7.6134,0,0,VAL
2026-04-15,RAND_TOP5,DN,JINDALPOLY.NS,0.8278,0.75,HIGH,-2.1508,-1.3787,1,1,VAL
2026-04-15,RAND_TOP5,DN,NATCOPHARM.NS,0.6646,0.625,HIGH,-0.4306,0.7833,1,0,VAL
2026-04-15,RAND_TOP5,DN,INTELLECT.NS,0.6652,0.375,MEDIUM,1.3118,-1.464,0,0,VAL
2026-04-15,RAND_TOP5,DN,SAIL.NS,0.6487,0.5,MEDIUM,2.6176,3.4501,0,0,VAL
2026-04-16,KNOW_TOP5,DN,HEROMOTOCO.NS,0.6978,0.875,HIGH,1.3761,1.9285,0,0,VAL
2026-04-16,KNOW_TOP5,DN,JINDALPOLY.NS,0.8546,0.75,HIGH,0.2114,2.5926,0,0,VAL
2026-04-16,KNOW_TOP5,DN,SHRIRAMFIN.NS,0.8314,0.75,HIGH,1.3884,2.2048,0,0,VAL
2026-04-16,KNOW_TOP5,DN,KALYANKJIL.NS,0.8293,0.75,HIGH,-3.0547,-5.7234,1,1,VAL
2026-04-16,KNOW_TOP5,DN,TEJASNET.NS,0.7587,0.75,HIGH,-1.7814,-5.8531,1,0,VAL
2026-04-16,V3_TOP5,DN,JINDALPOLY.NS,0.8546,0.75,HIGH,0.2114,2.5926,0,0,VAL
2026-04-16,V3_TOP5,DN,SHRIRAMFIN.NS,0.8314,0.75,HIGH,1.3884,2.2048,0,0,VAL
2026-04-16,V3_TOP5,DN,KALYANKJIL.NS,0.8293,0.75,HIGH,-3.0547,-5.7234,1,1,VAL
2026-04-16,V3_TOP5,DN,BAJFINANCE.NS,0.7965,0.625,HIGH,0.2594,3.6373,0,0,VAL
2026-04-16,V3_TOP5,DN,RBLBANK.NS,0.7858,0.625,HIGH,-0.1108,1.4245,1,0,VAL
2026-04-16,RAND_TOP5,DN,BAJFINANCE.NS,0.7965,0.625,HIGH,0.2594,3.6373,0,0,VAL
2026-04-16,RAND_TOP5,DN,JINDALPOLY.NS,0.8546,0.75,HIGH,0.2114,2.5926,0,0,VAL
2026-04-16,RAND_TOP5,DN,HDFCBANK.NS,0.7316,0.625,HIGH,0.5594,2.0492,0,0,VAL
2026-04-16,RAND_TOP5,DN,TEJASNET.NS,0.7587,0.75,HIGH,-1.7814,-5.8531,1,0,VAL
2026-04-16,RAND_TOP5,DN,NATCOPHARM.NS,0.7087,0.75,HIGH,3.0272,-2.8662,0,0,VAL
2026-04-17,KNOW_TOP5,DN,JINDALPOLY.NS,0.8699,0.75,HIGH,0.5765,-0.0492,0,0,VAL
2026-04-17,KNOW_TOP5,DN,KALYANKJIL.NS,0.8479,0.75,HIGH,-2.1905,-2.9519,1,1,VAL
2026-04-17,KNOW_TOP5,DN,RBLBANK.NS,0.7624,0.625,HIGH,0.618,0.6655,0,0,VAL
2026-04-17,KNOW_TOP5,DN,TEJASNET.NS,0.7279,0.625,HIGH,-2.2848,-3.91,1,1,VAL
2026-04-17,KNOW_TOP5,DN,BOSCHLTD.NS,0.7962,0.5,MEDIUM,0.7599,1.0132,0,0,VAL
2026-04-17,V3_TOP5,DN,JINDALPOLY.NS,0.8699,0.75,HIGH,0.5765,-0.0492,0,0,VAL
2026-04-17,V3_TOP5,DN,KALYANKJIL.NS,0.8479,0.75,HIGH,-2.1905,-2.9519,1,1,VAL
2026-04-17,V3_TOP5,DN,ASHOKLEY.NS,0.7964,0.375,MEDIUM,0.6751,2.3973,0,0,VAL
2026-04-17,V3_TOP5,DN,BOSCHLTD.NS,0.7962,0.5,MEDIUM,0.7599,1.0132,0,0,VAL
2026-04-17,V3_TOP5,DN,UNIONBANK.NS,0.7803,0.375,MEDIUM,0.2012,2.7209,0,0,VAL
2026-04-17,RAND_TOP5,DN,BOSCHLTD.NS,0.7962,0.5,MEDIUM,0.7599,1.0132,0,0,VAL
2026-04-17,RAND_TOP5,DN,JINDALPOLY.NS,0.8699,0.75,HIGH,0.5765,-0.0492,0,0,VAL
2026-04-17,RAND_TOP5,DN,MARUTI.NS,0.7573,0.5,MEDIUM,-0.0223,-0.8623,1,0,VAL
2026-04-17,RAND_TOP5,DN,RBLBANK.NS,0.7624,0.625,HIGH,0.618,0.6655,0,0,VAL
2026-04-17,RAND_TOP5,DN,MPHASIS.NS,0.7033,0.5,MEDIUM,-1.8358,-5.3286,1,0,VAL
2026-04-20,KNOW_TOP5,DN,TEJASNET.NS,0.784,0.75,HIGH,-1.9043,-3.0613,1,0,VAL
2026-04-20,KNOW_TOP5,DN,MUTHOOTFIN.NS,0.7625,0.75,HIGH,2.2372,0.8552,0,0,VAL
2026-04-20,KNOW_TOP5,DN,JINDALPOLY.NS,0.8107,0.625,HIGH,1.7895,-0.7549,0,0,VAL
2026-04-20,KNOW_TOP5,DN,KALYANKJIL.NS,0.7974,0.625,HIGH,-0.5749,-1.1138,1,0,VAL
2026-04-20,KNOW_TOP5,DN,RATEGAIN.NS,0.7218,0.625,HIGH,-0.0966,2.7739,1,0,VAL
2026-04-20,V3_TOP5,DN,ASHOKLEY.NS,0.8493,0.375,MEDIUM,0.3694,-3.0291,0,0,VAL
2026-04-20,V3_TOP5,DN,CHOLAFIN.NS,0.8351,0.5,MEDIUM,1.2681,-1.6504,0,0,VAL
2026-04-20,V3_TOP5,DN,JINDALPOLY.NS,0.8107,0.625,HIGH,1.7895,-0.7549,0,0,VAL
2026-04-20,V3_TOP5,DN,EICHERMOT.NS,0.7979,0.375,MEDIUM,-0.0345,-2.0779,1,0,VAL
2026-04-20,V3_TOP5,DN,KALYANKJIL.NS,0.7974,0.625,HIGH,-0.5749,-1.1138,1,0,VAL
2026-04-20,RAND_TOP5,DN,EICHERMOT.NS,0.7979,0.375,MEDIUM,-0.0345,-2.0779,1,0,VAL
2026-04-20,RAND_TOP5,DN,ASHOKLEY.NS,0.8493,0.375,MEDIUM,0.3694,-3.0291,0,0,VAL
2026-04-20,RAND_TOP5,DN,MOTHERSON.NS,0.782,0.5,MEDIUM,1.2257,3.2714,0,0,VAL
2026-04-20,RAND_TOP5,DN,TEJASNET.NS,0.784,0.75,HIGH,-1.9043,-3.0613,1,0,VAL
2026-04-20,RAND_TOP5,DN,RATEGAIN.NS,0.7218,0.625,HIGH,-0.0966,2.7739,1,0,VAL
2026-04-21,KNOW_TOP5,DN,TEJASNET.NS,0.7907,0.75,HIGH,0.2457,0.9952,0,0,VAL
2026-04-21,KNOW_TOP5,DN,ERIS.NS,0.693,0.75,HIGH,-1.686,-0.1817,1,0,VAL
2026-04-21,KNOW_TOP5,DN,RAJESHEXPO.NS,0.8509,0.625,HIGH,4.994,8.626,0,0,VAL
2026-04-21,KNOW_TOP5,DN,KALYANKJIL.NS,0.7816,0.625,HIGH,-0.2048,-2.3609,1,0,VAL
2026-04-21,KNOW_TOP5,DN,NATCOPHARM.NS,0.7527,0.625,HIGH,1.4541,3.5571,0,0,VAL
2026-04-21,V3_TOP5,DN,RAJESHEXPO.NS,0.8509,0.625,HIGH,4.994,8.626,0,0,VAL
2026-04-21,V3_TOP5,DN,TEJASNET.NS,0.7907,0.75,HIGH,0.2457,0.9952,0,0,VAL
2026-04-21,V3_TOP5,DN,ZYDUSWELL.NS,0.7851,0.5,MEDIUM,-0.6809,-3.1281,1,0,VAL
2026-04-21,V3_TOP5,DN,ASHOKLEY.NS,0.7841,0.5,MEDIUM,1.3363,-3.7993,0,0,VAL
2026-04-21,V3_TOP5,DN,KALYANKJIL.NS,0.7816,0.625,HIGH,-0.2048,-2.3609,1,0,VAL
2026-04-21,RAND_TOP5,DN,ASHOKLEY.NS,0.7841,0.5,MEDIUM,1.3363,-3.7993,0,0,VAL
2026-04-21,RAND_TOP5,DN,RAJESHEXPO.NS,0.8509,0.625,HIGH,4.994,8.626,0,0,VAL
2026-04-21,RAND_TOP5,DN,TVSMOTOR.NS,0.7472,0.625,HIGH,-2.4516,-7.0483,1,1,VAL
2026-04-21,RAND_TOP5,DN,ADANIGREEN.NS,0.7485,0.5,MEDIUM,4.2565,7.4609,0,0,VAL
2026-04-21,RAND_TOP5,DN,MUTHOOTFIN.NS,0.7024,0.375,MEDIUM,-0.6454,-3.2325,1,0,VAL
2026-04-22,KNOW_TOP5,DN,HCLTECH.NS,0.8217,0.75,HIGH,-0.5991,-4.4425,1,0,VAL
2026-04-22,KNOW_TOP5,DN,PERSISTENT.NS,0.7859,0.75,HIGH,-0.1597,-5.0421,1,0,VAL
2026-04-22,KNOW_TOP5,DN,TEJASNET.NS,0.7854,0.75,HIGH,-1.4217,1.4708,1,0,VAL
2026-04-22,KNOW_TOP5,DN,COFORGE.NS,0.7593,0.75,HIGH,-1.23,-2.7027,1,0,VAL
2026-04-22,KNOW_TOP5,DN,MPHASIS.NS,0.7525,0.75,HIGH,-2.3166,-2.8357,1,1,VAL
2026-04-22,V3_TOP5,DN,RAILTEL.NS,0.8718,0.625,HIGH,-1.3239,-2.3493,1,0,VAL
2026-04-22,V3_TOP5,DN,RAJESHEXPO.NS,0.8274,0.5,MEDIUM,4.9931,4.7157,0,0,VAL
2026-04-22,V3_TOP5,DN,HCLTECH.NS,0.8217,0.75,HIGH,-0.5991,-4.4425,1,0,VAL
2026-04-22,V3_TOP5,DN,PERSISTENT.NS,0.7859,0.75,HIGH,-0.1597,-5.0421,1,0,VAL
2026-04-22,V3_TOP5,DN,TEJASNET.NS,0.7854,0.75,HIGH,-1.4217,1.4708,1,0,VAL
2026-04-22,RAND_TOP5,DN,PERSISTENT.NS,0.7859,0.75,HIGH,-0.1597,-5.0421,1,0,VAL
2026-04-22,RAND_TOP5,DN,RAILTEL.NS,0.8718,0.625,HIGH,-1.3239,-2.3493,1,0,VAL
2026-04-22,RAND_TOP5,DN,MPHASIS.NS,0.7525,0.75,HIGH,-2.3166,-2.8357,1,1,VAL
2026-04-22,RAND_TOP5,DN,KALYANKJIL.NS,0.7559,0.625,HIGH,-0.338,-0.1448,1,0,VAL
2026-04-22,RAND_TOP5,DN,CHOLAFIN.NS,0.704,0.5,MEDIUM,-1.418,-0.313,1,0,VAL
2026-04-23,KNOW_TOP5,DN,TVSMOTOR.NS,0.7901,0.875,HIGH,-0.7059,-0.4868,1,0,VAL
2026-04-23,KNOW_TOP5,DN,M&M.NS,0.714,0.875,HIGH,-0.3052,1.3256,1,0,VAL
2026-04-23,KNOW_TOP5,DN,SBILIFE.NS,0.707,0.875,HIGH,-3.2383,-1.0831,1,1,VAL
2026-04-23,KNOW_TOP5,DN,HCLTECH.NS,0.8077,0.75,HIGH,-5.8234,-6.387,1,1,VAL
2026-04-23,KNOW_TOP5,DN,METROBRAND.NS,0.7971,0.75,HIGH,-1.1943,-0.8578,1,0,VAL
2026-04-23,V3_TOP5,DN,RAILTEL.NS,0.861,0.625,HIGH,-3.4535,1.5587,1,1,VAL
2026-04-23,V3_TOP5,DN,HCLTECH.NS,0.8077,0.75,HIGH,-5.8234,-6.387,1,1,VAL
2026-04-23,V3_TOP5,DN,MPHASIS.NS,0.8036,0.625,HIGH,-4.4444,-0.2942,1,1,VAL
2026-04-23,V3_TOP5,DN,METROBRAND.NS,0.7971,0.75,HIGH,-1.1943,-0.8578,1,0,VAL
2026-04-23,V3_TOP5,DN,COFORGE.NS,0.7961,0.625,HIGH,-5.7103,-1.614,1,1,VAL
2026-04-23,RAND_TOP5,DN,METROBRAND.NS,0.7971,0.75,HIGH,-1.1943,-0.8578,1,0,VAL
2026-04-23,RAND_TOP5,DN,RAILTEL.NS,0.861,0.625,HIGH,-3.4535,1.5587,1,1,VAL
2026-04-23,RAND_TOP5,DN,JPPOWER.NS,0.7709,0.625,HIGH,-2.9678,0.3521,1,1,VAL
2026-04-23,RAND_TOP5,DN,UNIONBANK.NS,0.778,0.75,HIGH,-1.508,-5.1361,1,0,VAL
2026-04-23,RAND_TOP5,DN,SBILIFE.NS,0.707,0.875,HIGH,-3.2383,-1.0831,1,1,VAL
2026-04-24,KNOW_TOP5,DN,ZENSARTECH.NS,0.7731,0.875,HIGH,2.2854,-2.7612,0,0,VAL
2026-04-24,KNOW_TOP5,DN,UNIONBANK.NS,0.7566,0.875,HIGH,-0.5085,-5.4746,1,0,VAL
2026-04-24,KNOW_TOP5,DN,PERSISTENT.NS,0.7527,0.875,HIGH,1.4787,1.2323,0,0,VAL
2026-04-24,KNOW_TOP5,DN,COFORGE.NS,0.7461,0.875,HIGH,4.4748,4.6138,0,0,VAL
2026-04-24,KNOW_TOP5,DN,SBILIFE.NS,0.7313,0.875,HIGH,2.6288,2.674,0,0,VAL
2026-04-24,V3_TOP5,DN,HCLTECH.NS,0.8211,0.75,HIGH,2.0778,-0.2493,0,0,VAL
2026-04-24,V3_TOP5,DN,INFY.NS,0.792,0.75,HIGH,1.3598,1.1173,0,0,VAL
2026-04-24,V3_TOP5,DN,IRCON.NS,0.785,0.75,HIGH,2.5097,2.0636,0,0,VAL
2026-04-24,V3_TOP5,DN,ZENSARTECH.NS,0.7731,0.875,HIGH,2.2854,-2.7612,0,0,VAL
2026-04-24,V3_TOP5,DN,MPHASIS.NS,0.7694,0.75,HIGH,4.095,3.4424,0,0,VAL
2026-04-24,RAND_TOP5,DN,ZENSARTECH.NS,0.7731,0.875,HIGH,2.2854,-2.7612,0,0,VAL
2026-04-24,RAND_TOP5,DN,HCLTECH.NS,0.8211,0.75,HIGH,2.0778,-0.2493,0,0,VAL
2026-04-24,RAND_TOP5,DN,COFORGE.NS,0.7461,0.875,HIGH,4.4748,4.6138,0,0,VAL
2026-04-24,RAND_TOP5,DN,PERSISTENT.NS,0.7527,0.875,HIGH,1.4787,1.2323,0,0,VAL
2026-04-24,RAND_TOP5,DN,TECHM.NS,0.7092,0.875,HIGH,2.7678,7.4568,0,0,VAL
2026-04-27,KNOW_TOP5,DN,INFY.NS,0.8328,0.875,HIGH,-1.5552,0.9827,1,0,VAL
2026-04-27,KNOW_TOP5,DN,SHRIRAMFIN.NS,0.7876,0.75,HIGH,-2.1957,-3.827,1,1,VAL
2026-04-27,KNOW_TOP5,DN,UNIONBANK.NS,0.7575,0.75,HIGH,-3.1914,-5.7694,1,1,VAL
2026-04-27,KNOW_TOP5,DN,PERSISTENT.NS,0.7502,0.75,HIGH,-0.2906,-0.3633,1,0,VAL
2026-04-27,KNOW_TOP5,DN,ASIANPAINT.NS,0.7241,0.75,HIGH,-0.9094,-1.6377,1,0,VAL
2026-04-27,V3_TOP5,DN,HCLTECH.NS,0.8383,0.625,HIGH,-2.6217,-2.3693,1,1,VAL
2026-04-27,V3_TOP5,DN,INFY.NS,0.8328,0.875,HIGH,-1.5552,0.9827,1,0,VAL
2026-04-27,V3_TOP5,DN,RADICO.NS,0.8039,0.5,MEDIUM,2.5276,3.2485,0,0,VAL
2026-04-27,V3_TOP5,DN,MPHASIS.NS,0.7956,0.5,MEDIUM,0.2384,0.521,0,0,VAL
2026-04-27,V3_TOP5,DN,SHRIRAMFIN.NS,0.7876,0.75,HIGH,-2.1957,-3.827,1,1,VAL
2026-04-27,RAND_TOP5,DN,MPHASIS.NS,0.7956,0.5,MEDIUM,0.2384,0.521,0,0,VAL
2026-04-27,RAND_TOP5,DN,HCLTECH.NS,0.8383,0.625,HIGH,-2.6217,-2.3693,1,1,VAL
2026-04-27,RAND_TOP5,DN,UNIONBANK.NS,0.7575,0.75,HIGH,-3.1914,-5.7694,1,1,VAL
2026-04-27,RAND_TOP5,DN,KEI.NS,0.7621,0.625,HIGH,1.5628,-0.6382,0,0,VAL
2026-04-27,RAND_TOP5,DN,NAUKRI.NS,0.7093,0.625,HIGH,0.3697,-2.8025,0,0,VAL
2026-04-28,KNOW_TOP5,DN,UNIONBANK.NS,0.8246,0.875,HIGH,-1.8595,-2.6631,1,0,VAL
2026-04-28,KNOW_TOP5,DN,ZENSARTECH.NS,0.8159,0.875,HIGH,-1.3253,-2.7168,1,0,VAL
2026-04-28,KNOW_TOP5,DN,RECLTD.NS,0.7323,0.875,HIGH,-3.2597,-5.7211,1,1,VAL
2026-04-28,KNOW_TOP5,DN,DEEPAKFERT.NS,0.8374,0.75,HIGH,1.7065,3.8026,0,0,VAL
2026-04-28,KNOW_TOP5,DN,COFORGE.NS,0.7679,0.75,HIGH,0.2581,-0.4164,0,0,VAL
2026-04-28,V3_TOP5,DN,SHRIRAMFIN.NS,0.8411,0.625,HIGH,0.3777,-1.668,0,0,VAL
2026-04-28,V3_TOP5,DN,DEEPAKFERT.NS,0.8374,0.75,HIGH,1.7065,3.8026,0,0,VAL
2026-04-28,V3_TOP5,DN,HCLTECH.NS,0.8355,0.625,HIGH,0.3512,0.2592,0,0,VAL
2026-04-28,V3_TOP5,DN,UNIONBANK.NS,0.8246,0.875,HIGH,-1.8595,-2.6631,1,0,VAL
2026-04-28,V3_TOP5,DN,ZENSARTECH.NS,0.8159,0.875,HIGH,-1.3253,-2.7168,1,0,VAL
2026-04-28,RAND_TOP5,DN,UNIONBANK.NS,0.8246,0.875,HIGH,-1.8595,-2.6631,1,0,VAL
2026-04-28,RAND_TOP5,DN,SHRIRAMFIN.NS,0.8411,0.625,HIGH,0.3777,-1.668,0,0,VAL
2026-04-28,RAND_TOP5,DN,TVSMOTOR.NS,0.7457,0.75,HIGH,1.6591,-0.0858,0,0,VAL
2026-04-28,RAND_TOP5,DN,STLTECH.NS,0.75,0.375,MEDIUM,4.5909,3.3914,0,0,VAL
2026-04-28,RAND_TOP5,DN,IRCON.NS,0.7102,0.5,MEDIUM,-0.3963,-1.1239,1,0,VAL
2026-04-29,KNOW_TOP5,DN,ZENSARTECH.NS,0.856,0.75,HIGH,-1.4102,-2.1585,1,0,VAL
2026-04-29,KNOW_TOP5,DN,MRPL.NS,0.8341,0.75,HIGH,-3.3068,-7.9698,1,1,VAL
2026-04-29,KNOW_TOP5,DN,RECLTD.NS,0.8065,0.75,HIGH,-2.5444,-2.7644,1,1,VAL
2026-04-29,KNOW_TOP5,DN,UNIONBANK.NS,0.793,0.75,HIGH,-0.8188,-2.1158,1,0,VAL
2026-04-29,KNOW_TOP5,DN,TIINDIA.NS,0.768,0.75,HIGH,-0.5801,-1.9932,1,0,VAL
2026-04-29,V3_TOP5,DN,ZENSARTECH.NS,0.856,0.75,HIGH,-1.4102,-2.1585,1,0,VAL
2026-04-29,V3_TOP5,DN,MRPL.NS,0.8341,0.75,HIGH,-3.3068,-7.9698,1,1,VAL
2026-04-29,V3_TOP5,DN,SUDARSCHEM.NS,0.8293,0.625,HIGH,2.9615,6.1877,0,0,VAL
2026-04-29,V3_TOP5,DN,RECLTD.NS,0.8065,0.75,HIGH,-2.5444,-2.7644,1,1,VAL
2026-04-29,V3_TOP5,DN,DEEPAKNTR.NS,0.8014,0.5,MEDIUM,0.7424,1.6356,0,0,VAL
2026-04-29,RAND_TOP5,DN,RECLTD.NS,0.8065,0.75,HIGH,-2.5444,-2.7644,1,1,VAL
2026-04-29,RAND_TOP5,DN,ZENSARTECH.NS,0.856,0.75,HIGH,-1.4102,-2.1585,1,0,VAL
2026-04-29,RAND_TOP5,DN,HAVELLS.NS,0.7819,0.625,HIGH,-0.9501,0.3273,1,0,VAL
2026-04-29,RAND_TOP5,DN,MOTHERSON.NS,0.7911,0.625,HIGH,-1.6472,-2.4586,1,0,VAL
2026-04-29,RAND_TOP5,DN,INFY.NS,0.7336,0.5,MEDIUM,1.2248,0.0771,0,0,VAL
2026-04-30,KNOW_TOP5,DN,ADANIENSOL.NS,0.8128,0.875,HIGH,0.0,5.0177,0,0,VAL
2026-04-30,KNOW_TOP5,DN,NATIONALUM.NS,0.7405,0.875,HIGH,0.0,3.5813,0,0,VAL
2026-04-30,KNOW_TOP5,DN,PARAS.NS,0.8507,0.75,HIGH,0.0,0.0378,0,0,VAL
2026-04-30,KNOW_TOP5,DN,ZENSARTECH.NS,0.79,0.75,HIGH,0.0,-0.146,0,0,VAL
2026-04-30,KNOW_TOP5,DN,ONMOBILE.NS,0.7732,0.75,HIGH,0.0,-3.5643,0,0,VAL
2026-04-30,V3_TOP5,DN,MRPL.NS,0.878,0.625,HIGH,0.0,-7.0486,0,0,VAL
2026-04-30,V3_TOP5,DN,RAJESHEXPO.NS,0.8674,0.625,HIGH,0.0,-0.0252,0,0,VAL
2026-04-30,V3_TOP5,DN,PARAS.NS,0.8507,0.75,HIGH,0.0,0.0378,0,0,VAL
2026-04-30,V3_TOP5,DN,DATAPATTNS.NS,0.8277,0.5,MEDIUM,0.0,3.3858,0,0,VAL
2026-04-30,V3_TOP5,DN,ADANIENSOL.NS,0.8128,0.875,HIGH,0.0,5.0177,0,0,VAL
2026-04-30,RAND_TOP5,DN,DATAPATTNS.NS,0.8277,0.5,MEDIUM,0.0,3.3858,0,0,VAL
2026-04-30,RAND_TOP5,DN,MRPL.NS,0.878,0.625,HIGH,0.0,-7.0486,0,0,VAL
2026-04-30,RAND_TOP5,DN,ONMOBILE.NS,0.7732,0.75,HIGH,0.0,-3.5643,0,0,VAL
2026-04-30,RAND_TOP5,DN,COLPAL.NS,0.7221,0.75,HIGH,0.0,3.9452,0,0,VAL
2026-04-30,RAND_TOP5,DN,MOTHERSON.NS,0.7434,0.625,HIGH,0.0,-0.8003,0,0,VAL
2026-05-04,KNOW_TOP5,DN,JPPOWER.NS,0.7723,0.875,HIGH,1.0493,1.7314,0,0,VAL
2026-05-04,KNOW_TOP5,DN,RAJESHEXPO.NS,0.8749,0.75,HIGH,-0.501,2.0623,1,0,VAL
2026-05-04,KNOW_TOP5,DN,ONMOBILE.NS,0.87,0.75,HIGH,-1.278,8.5757,1,0,VAL
2026-05-04,KNOW_TOP5,DN,SUZLON.NS,0.8537,0.75,HIGH,-0.2001,1.2555,1,0,VAL
2026-05-04,KNOW_TOP5,DN,VBL.NS,0.8522,0.75,HIGH,0.9768,0.7597,0,0,VAL
2026-05-04,V3_TOP5,DN,RAJESHEXPO.NS,0.8749,0.75,HIGH,-0.501,2.0623,1,0,VAL
2026-05-04,V3_TOP5,DN,ONMOBILE.NS,0.87,0.75,HIGH,-1.278,8.5757,1,0,VAL
2026-05-04,V3_TOP5,DN,SUZLON.NS,0.8537,0.75,HIGH,-0.2001,1.2555,1,0,VAL
2026-05-04,V3_TOP5,DN,VBL.NS,0.8522,0.75,HIGH,0.9768,0.7597,0,0,VAL
2026-05-04,V3_TOP5,DN,TORNTPOWER.NS,0.852,0.625,HIGH,0.6206,-0.6671,0,0,VAL
2026-05-04,RAND_TOP5,DN,VBL.NS,0.8522,0.75,HIGH,0.9768,0.7597,0,0,VAL
2026-05-04,RAND_TOP5,DN,RAJESHEXPO.NS,0.8749,0.75,HIGH,-0.501,2.0623,1,0,VAL
2026-05-04,RAND_TOP5,DN,SYMPHONY.NS,0.8225,0.625,HIGH,-2.2922,-1.898,1,1,VAL
2026-05-04,RAND_TOP5,DN,GRSE.NS,0.8305,0.75,HIGH,4.9707,11.3559,0,0,VAL
2026-05-04,RAND_TOP5,DN,M&MFIN.NS,0.7689,0.625,HIGH,0.576,8.1139,0,0,VAL
2026-05-05,KNOW_TOP5,DN,CESC.NS,0.8585,0.875,HIGH,-1.0006,-1.3217,1,0,VAL
2026-05-05,KNOW_TOP5,DN,RAJESHEXPO.NS,0.8952,0.75,HIGH,1.3174,2.3664,0,0,VAL
2026-05-05,KNOW_TOP5,DN,ONMOBILE.NS,0.8852,0.75,HIGH,11.0131,7.3546,0,0,VAL
2026-05-05,KNOW_TOP5,DN,SUZLON.NS,0.8107,0.75,HIGH,-0.9663,0.2188,1,0,VAL
2026-05-05,KNOW_TOP5,DN,VOLTAS.NS,0.8017,0.75,HIGH,0.2689,-3.7139,0,0,VAL
2026-05-05,V3_TOP5,DN,RAJESHEXPO.NS,0.8952,0.75,HIGH,1.3174,2.3664,0,0,VAL
2026-05-05,V3_TOP5,DN,ONMOBILE.NS,0.8852,0.75,HIGH,11.0131,7.3546,0,0,VAL
2026-05-05,V3_TOP5,DN,CESC.NS,0.8585,0.875,HIGH,-1.0006,-1.3217,1,0,VAL
2026-05-05,V3_TOP5,DN,ADANIENSOL.NS,0.8562,0.625,HIGH,-0.1632,-3.9728,1,0,VAL
2026-05-05,V3_TOP5,DN,MRPL.NS,0.8425,0.625,HIGH,0.6678,7.8336,0,0,VAL
2026-05-05,RAND_TOP5,DN,ADANIENSOL.NS,0.8562,0.625,HIGH,-0.1632,-3.9728,1,0,VAL
2026-05-05,RAND_TOP5,DN,RAJESHEXPO.NS,0.8952,0.75,HIGH,1.3174,2.3664,0,0,VAL
2026-05-05,RAND_TOP5,DN,TORNTPOWER.NS,0.8079,0.625,HIGH,-0.0404,-0.5938,1,0,VAL
2026-05-05,RAND_TOP5,DN,SUZLON.NS,0.8107,0.75,HIGH,-0.9663,0.2188,1,0,VAL
2026-05-05,RAND_TOP5,DN,DRREDDY.NS,0.7791,0.625,HIGH,3.1309,1.7857,0,0,VAL
2026-05-06,KNOW_TOP5,DN,RADICO.NS,0.8561,0.875,HIGH,1.4834,3.9467,0,0,VAL
2026-05-06,KNOW_TOP5,DN,EXIDEIND.NS,0.7764,0.875,HIGH,3.6252,0.2843,0,0,VAL
2026-05-06,KNOW_TOP5,DN,JYOTHYLAB.NS,0.8544,0.75,HIGH,0.4078,-7.8656,0,0,VAL
2026-05-06,KNOW_TOP5,DN,WHIRLPOOL.NS,0.8333,0.75,HIGH,0.9126,-6.1662,0,0,VAL
2026-05-06,KNOW_TOP5,DN,SAPPHIRE.NS,0.8277,0.75,HIGH,0.422,-3.985,0,0,VAL
2026-05-06,V3_TOP5,DN,GRSE.NS,0.8977,0.625,HIGH,2.4098,-2.6283,0,0,VAL
2026-05-06,V3_TOP5,DN,RAJESHEXPO.NS,0.859,0.625,HIGH,1.2423,-3.7187,0,0,VAL
2026-05-06,V3_TOP5,DN,RADICO.NS,0.8561,0.875,HIGH,1.4834,3.9467,0,0,VAL
2026-05-06,V3_TOP5,DN,JYOTHYLAB.NS,0.8544,0.75,HIGH,0.4078,-7.8656,0,0,VAL
2026-05-06,V3_TOP5,DN,WHIRLPOOL.NS,0.8333,0.75,HIGH,0.9126,-6.1662,0,0,VAL
2026-05-06,RAND_TOP5,DN,JYOTHYLAB.NS,0.8544,0.75,HIGH,0.4078,-7.8656,0,0,VAL
2026-05-06,RAND_TOP5,DN,GRSE.NS,0.8977,0.625,HIGH,2.4098,-2.6283,0,0,VAL
2026-05-06,RAND_TOP5,DN,RBLBANK.NS,0.8143,0.75,HIGH,2.9477,0.4913,0,0,VAL
2026-05-06,RAND_TOP5,DN,VBL.NS,0.8196,0.75,HIGH,0.3242,-1.5031,0,0,VAL
2026-05-06,RAND_TOP5,DN,DRREDDY.NS,0.7787,0.5,MEDIUM,-0.2593,-2.3722,1,0,VAL
2026-05-07,KNOW_TOP5,DN,KPITTECH.NS,0.8392,0.875,HIGH,0.8995,-1.4668,0,0,VAL
2026-05-07,KNOW_TOP5,DN,OFSS.NS,0.9194,0.75,HIGH,-1.6108,-5.1377,1,0,VAL
2026-05-07,KNOW_TOP5,DN,JYOTHYLAB.NS,0.8675,0.75,HIGH,1.1219,-11.5474,0,0,VAL
2026-05-07,KNOW_TOP5,DN,SAPPHIRE.NS,0.8314,0.75,HIGH,-2.2714,-8.0802,1,1,VAL
2026-05-07,KNOW_TOP5,DN,TORNTPOWER.NS,0.8267,0.75,HIGH,0.6949,-6.7095,0,0,VAL
2026-05-07,V3_TOP5,DN,OFSS.NS,0.9194,0.75,HIGH,-1.6108,-5.1377,1,0,VAL
2026-05-07,V3_TOP5,DN,JYOTHYLAB.NS,0.8675,0.75,HIGH,1.1219,-11.5474,0,0,VAL
2026-05-07,V3_TOP5,DN,KPITTECH.NS,0.8392,0.875,HIGH,0.8995,-1.4668,0,0,VAL
2026-05-07,V3_TOP5,DN,CESC.NS,0.8334,0.625,HIGH,-1.1789,-3.2742,1,0,VAL
2026-05-07,V3_TOP5,DN,SAPPHIRE.NS,0.8314,0.75,HIGH,-2.2714,-8.0802,1,1,VAL
2026-05-07,RAND_TOP5,DN,CESC.NS,0.8334,0.625,HIGH,-1.1789,-3.2742,1,0,VAL
2026-05-07,RAND_TOP5,DN,OFSS.NS,0.9194,0.75,HIGH,-1.6108,-5.1377,1,0,VAL
2026-05-07,RAND_TOP5,DN,OIL.NS,0.785,0.75,HIGH,0.2981,8.4134,0,0,VAL
2026-05-07,RAND_TOP5,DN,SYMPHONY.NS,0.801,0.625,HIGH,-1.8049,-5.4457,1,0,VAL
2026-05-07,RAND_TOP5,DN,VBL.NS,0.7341,0.625,HIGH,-0.3427,-4.3576,1,0,VAL
2026-05-08,KNOW_TOP5,DN,OFSS.NS,0.9019,0.75,HIGH,-1.1342,-4.462,1,0,VAL
2026-05-08,KNOW_TOP5,DN,KPITTECH.NS,0.8323,0.75,HIGH,0.5897,-2.5372,0,0,VAL
2026-05-08,KNOW_TOP5,DN,SYMPHONY.NS,0.7696,0.75,HIGH,-1.5485,-2.1528,1,0,VAL
2026-05-08,KNOW_TOP5,DN,TATACHEM.NS,0.7674,0.75,HIGH,-2.5846,-1.7209,1,1,VAL
2026-05-08,KNOW_TOP5,DN,SOBHA.NS,0.7653,0.75,HIGH,-0.7647,-2.8062,1,0,VAL
2026-05-08,V3_TOP5,DN,OFSS.NS,0.9019,0.75,HIGH,-1.1342,-4.462,1,0,VAL
2026-05-08,V3_TOP5,DN,SAPPHIRE.NS,0.8408,0.625,HIGH,-2.1663,-4.0551,1,1,VAL
2026-05-08,V3_TOP5,DN,KPITTECH.NS,0.8323,0.75,HIGH,0.5897,-2.5372,0,0,VAL
2026-05-08,V3_TOP5,DN,JYOTHYLAB.NS,0.8321,0.625,HIGH,-9.2578,-14.7093,1,1,VAL
2026-05-08,V3_TOP5,DN,OIL.NS,0.7986,0.625,HIGH,0.3963,11.6469,0,0,VAL
2026-05-08,RAND_TOP5,DN,JYOTHYLAB.NS,0.8321,0.625,HIGH,-9.2578,-14.7093,1,1,VAL
2026-05-08,RAND_TOP5,DN,OFSS.NS,0.9019,0.75,HIGH,-1.1342,-4.462,1,0,VAL
2026-05-08,RAND_TOP5,DN,TATACHEM.NS,0.7674,0.75,HIGH,-2.5846,-1.7209,1,1,VAL
2026-05-08,RAND_TOP5,DN,SYMPHONY.NS,0.7696,0.75,HIGH,-1.5485,-2.1528,1,0,VAL
2026-05-08,RAND_TOP5,DN,DATAPATTNS.NS,0.7369,0.5,MEDIUM,0.9407,2.2615,0,0,VAL
2026-05-11,KNOW_TOP5,DN,JYOTHYLAB.NS,0.8738,0.875,HIGH,-3.6046,-6.6821,1,1,VAL
2026-05-11,KNOW_TOP5,DN,SHYAMMETL.NS,0.771,0.875,HIGH,-3.229,1.2503,1,1,VAL
2026-05-11,KNOW_TOP5,DN,SUNDRMFAST.NS,0.767,0.875,HIGH,-0.8161,2.1062,1,0,VAL
2026-05-11,KNOW_TOP5,DN,SAPPHIRE.NS,0.8314,0.75,HIGH,-3.8611,-3.3882,1,1,VAL
2026-05-11,KNOW_TOP5,DN,GODREJPROP.NS,0.8109,0.75,HIGH,-4.5645,-3.3885,1,1,VAL
2026-05-11,V3_TOP5,DN,JYOTHYLAB.NS,0.8738,0.875,HIGH,-3.6046,-6.6821,1,1,VAL
2026-05-11,V3_TOP5,DN,OFSS.NS,0.8396,0.625,HIGH,-2.4785,-3.6257,1,1,VAL
2026-05-11,V3_TOP5,DN,SAPPHIRE.NS,0.8314,0.75,HIGH,-3.8611,-3.3882,1,1,VAL
2026-05-11,V3_TOP5,DN,GODREJPROP.NS,0.8109,0.75,HIGH,-4.5645,-3.3885,1,1,VAL
2026-05-11,V3_TOP5,DN,KPITTECH.NS,0.8099,0.75,HIGH,-2.9177,-3.3336,1,1,VAL
2026-05-11,RAND_TOP5,DN,GODREJPROP.NS,0.8109,0.75,HIGH,-4.5645,-3.3885,1,1,VAL
2026-05-11,RAND_TOP5,DN,JYOTHYLAB.NS,0.8738,0.875,HIGH,-3.6046,-6.6821,1,1,VAL
2026-05-11,RAND_TOP5,DN,SHYAMMETL.NS,0.771,0.875,HIGH,-3.229,1.2503,1,1,VAL
2026-05-11,RAND_TOP5,DN,CESC.NS,0.7787,0.75,HIGH,-0.8296,1.3461,1,0,VAL
2026-05-11,RAND_TOP5,DN,IDEAFORGE.NS,0.7238,0.625,HIGH,-7.8722,6.665,1,1,VAL
2026-05-12,KNOW_TOP5,DN,JYOTHYLAB.NS,0.8534,0.875,HIGH,-2.4929,-4.0892,1,1,VAL
2026-05-12,KNOW_TOP5,DN,ADANIENSOL.NS,0.7958,0.875,HIGH,2.6396,1.5028,0,0,VAL
2026-05-12,KNOW_TOP5,DN,SHYAMMETL.NS,0.7354,0.875,HIGH,2.5544,3.9827,0,0,VAL
2026-05-12,KNOW_TOP5,DN,IDEAFORGE.NS,0.9548,0.75,HIGH,5.2553,11.7527,0,0,VAL
2026-05-12,KNOW_TOP5,DN,CHOLAFIN.NS,0.7947,0.75,HIGH,0.8712,-0.9417,0,0,VAL
2026-05-12,V3_TOP5,DN,IDEAFORGE.NS,0.9548,0.75,HIGH,5.2553,11.7527,0,0,VAL
2026-05-12,V3_TOP5,DN,JYOTHYLAB.NS,0.8534,0.875,HIGH,-2.4929,-4.0892,1,1,VAL
2026-05-12,V3_TOP5,DN,ADANIENSOL.NS,0.7958,0.875,HIGH,2.6396,1.5028,0,0,VAL
2026-05-12,V3_TOP5,DN,CHOLAFIN.NS,0.7947,0.75,HIGH,0.8712,-0.9417,0,0,VAL
2026-05-12,V3_TOP5,DN,KPITTECH.NS,0.7801,0.75,HIGH,-0.1966,-1.1727,1,0,VAL
2026-05-12,RAND_TOP5,DN,CHOLAFIN.NS,0.7947,0.75,HIGH,0.8712,-0.9417,0,0,VAL
2026-05-12,RAND_TOP5,DN,IDEAFORGE.NS,0.9548,0.75,HIGH,5.2553,11.7527,0,0,VAL
2026-05-12,RAND_TOP5,DN,GRSE.NS,0.7578,0.75,HIGH,2.2248,-3.776,0,0,VAL
2026-05-12,RAND_TOP5,DN,TORNTPOWER.NS,0.7736,0.75,HIGH,-8.7944,-8.2374,1,1,VAL
2026-05-12,RAND_TOP5,DN,GODREJCP.NS,0.7248,0.75,HIGH,0.0291,0.8736,0,0,VAL
2026-05-13,KNOW_TOP5,DN,MGL.NS,0.7373,0.875,HIGH,1.9582,1.1271,0,0,VAL
2026-05-13,KNOW_TOP5,DN,KALYANKJIL.NS,0.8337,0.75,HIGH,1.5757,-2.6168,0,0,VAL
2026-05-13,KNOW_TOP5,DN,CHOLAFIN.NS,0.8293,0.75,HIGH,-0.4763,-2.9658,1,0,VAL
2026-05-13,KNOW_TOP5,DN,TORNTPOWER.NS,0.8205,0.75,HIGH,0.0412,4.557,0,0,VAL
2026-05-13,KNOW_TOP5,DN,JYOTHYLAB.NS,0.8178,0.75,HIGH,-0.7176,-3.6107,1,0,VAL
2026-05-13,V3_TOP5,DN,IDEAFORGE.NS,0.8839,0.625,HIGH,9.9987,6.0433,0,0,VAL
2026-05-13,V3_TOP5,DN,KALYANKJIL.NS,0.8337,0.75,HIGH,1.5757,-2.6168,0,0,VAL
2026-05-13,V3_TOP5,DN,CHOLAFIN.NS,0.8293,0.75,HIGH,-0.4763,-2.9658,1,0,VAL
2026-05-13,V3_TOP5,DN,TORNTPOWER.NS,0.8205,0.75,HIGH,0.0412,4.557,0,0,VAL
2026-05-13,V3_TOP5,DN,ALKYLAMINE.NS,0.8188,0.625,HIGH,6.9225,4.5396,0,0,VAL
2026-05-13,RAND_TOP5,DN,TORNTPOWER.NS,0.8205,0.75,HIGH,0.0412,4.557,0,0,VAL
2026-05-13,RAND_TOP5,DN,IDEAFORGE.NS,0.8839,0.625,HIGH,9.9987,6.0433,0,0,VAL
2026-05-13,RAND_TOP5,DN,INTELLECT.NS,0.7805,0.75,HIGH,-3.8003,-4.1401,1,1,VAL
2026-05-13,RAND_TOP5,DN,SHRIRAMFIN.NS,0.7866,0.75,HIGH,1.5806,1.4285,0,0,VAL
2026-05-13,RAND_TOP5,DN,ONMOBILE.NS,0.7156,0.75,HIGH,-1.0002,-1.278,1,0,VAL
2026-05-14,KNOW_TOP5,DN,BEML.NS,0.7742,0.875,HIGH,-2.4708,-0.3818,1,1,OOS
2026-05-14,KNOW_TOP5,DN,PARAS.NS,0.7219,0.875,HIGH,-3.7988,-2.5602,1,1,OOS
2026-05-14,KNOW_TOP5,DN,TEJASNET.NS,0.8975,0.75,HIGH,-2.6853,1.0152,1,1,OOS
2026-05-14,KNOW_TOP5,DN,GRSE.NS,0.8568,0.75,HIGH,-0.7208,-1.7336,1,0,OOS
2026-05-14,KNOW_TOP5,DN,INTELLECT.NS,0.8284,0.75,HIGH,-1.0092,0.5046,1,0,OOS
2026-05-14,V3_TOP5,DN,TEJASNET.NS,0.8975,0.75,HIGH,-2.6853,1.0152,1,1,OOS
2026-05-14,V3_TOP5,DN,GRSE.NS,0.8568,0.75,HIGH,-0.7208,-1.7336,1,0,OOS
2026-05-14,V3_TOP5,DN,INTELLECT.NS,0.8284,0.75,HIGH,-1.0092,0.5046,1,0,OOS
2026-05-14,V3_TOP5,DN,JYOTHYLAB.NS,0.8039,0.625,HIGH,-0.9261,-3.5464,1,0,OOS
2026-05-14,V3_TOP5,DN,ROUTE.NS,0.8002,0.75,HIGH,-0.553,2.6365,1,0,OOS
2026-05-14,RAND_TOP5,DN,JYOTHYLAB.NS,0.8039,0.625,HIGH,-0.9261,-3.5464,1,0,OOS
2026-05-14,RAND_TOP5,DN,TEJASNET.NS,0.8975,0.75,HIGH,-2.6853,1.0152,1,1,OOS
2026-05-14,RAND_TOP5,DN,BEML.NS,0.7742,0.875,HIGH,-2.4708,-0.3818,1,1,OOS
2026-05-14,RAND_TOP5,DN,KALYANKJIL.NS,0.7757,0.625,HIGH,-2.2022,-4.6676,1,1,OOS
2026-05-14,RAND_TOP5,DN,PARAS.NS,0.7219,0.875,HIGH,-3.7988,-2.5602,1,1,OOS
2026-05-15,KNOW_TOP5,DN,CRAFTSMAN.NS,0.8503,0.875,HIGH,-0.4018,1.3294,1,0,OOS
2026-05-15,KNOW_TOP5,DN,OLECTRA.NS,0.8053,0.875,HIGH,-2.6662,-1.3654,1,1,OOS
2026-05-15,KNOW_TOP5,DN,RATNAMANI.NS,0.7797,0.875,HIGH,-8.428,-5.7028,1,1,OOS
2026-05-15,KNOW_TOP5,DN,HAL.NS,0.7778,0.875,HIGH,-1.3611,-1.3611,1,0,OOS
2026-05-15,KNOW_TOP5,DN,TEJASNET.NS,0.8882,0.75,HIGH,-2.0303,4.6326,1,1,OOS
2026-05-15,V3_TOP5,DN,TEJASNET.NS,0.8882,0.75,HIGH,-2.0303,4.6326,1,1,OOS
2026-05-15,V3_TOP5,DN,KALYANKJIL.NS,0.8635,0.75,HIGH,-1.9686,-2.6908,1,0,OOS
2026-05-15,V3_TOP5,DN,CRAFTSMAN.NS,0.8503,0.875,HIGH,-0.4018,1.3294,1,0,OOS
2026-05-15,V3_TOP5,DN,GRSE.NS,0.8424,0.75,HIGH,-3.8795,-1.4334,1,1,OOS
2026-05-15,V3_TOP5,DN,INTELLECT.NS,0.8257,0.75,HIGH,0.6627,0.4879,0,0,OOS
2026-05-15,RAND_TOP5,DN,GRSE.NS,0.8424,0.75,HIGH,-3.8795,-1.4334,1,1,OOS
2026-05-15,RAND_TOP5,DN,TEJASNET.NS,0.8882,0.75,HIGH,-2.0303,4.6326,1,1,OOS
2026-05-15,RAND_TOP5,DN,RATNAMANI.NS,0.7797,0.875,HIGH,-8.428,-5.7028,1,1,OOS
2026-05-15,RAND_TOP5,DN,CHOLAFIN.NS,0.792,0.75,HIGH,-1.1899,-1.772,1,0,OOS
2026-05-15,RAND_TOP5,DN,PARAS.NS,0.7355,0.625,HIGH,-1.3074,1.1216,1,0,OOS
2026-05-18,KNOW_TOP5,DN,RATNAMANI.NS,0.8686,0.875,HIGH,2.6962,2.53,0,0,OOS
2026-05-18,KNOW_TOP5,DN,CERA.NS,0.8044,0.875,HIGH,3.8679,4.1288,0,0,OOS
2026-05-18,KNOW_TOP5,DN,HAL.NS,0.7797,0.875,HIGH,0.1549,1.0147,0,0,OOS
2026-05-18,KNOW_TOP5,DN,CENTUM.NS,0.7099,0.875,HIGH,-0.0412,11.0913,1,0,OOS
2026-05-18,KNOW_TOP5,DN,HFCL.NS,0.8865,0.75,HIGH,-1.0881,1.4747,1,0,OOS
2026-05-18,V3_TOP5,DN,HFCL.NS,0.8865,0.75,HIGH,-1.0881,1.4747,1,0,OOS
2026-05-18,V3_TOP5,DN,AMBER.NS,0.878,0.75,HIGH,-0.3495,5.361,1,0,OOS
2026-05-18,V3_TOP5,DN,RATNAMANI.NS,0.8686,0.875,HIGH,2.6962,2.53,0,0,OOS
2026-05-18,V3_TOP5,DN,TEJASNET.NS,0.8519,0.75,HIGH,5.9537,6.6407,0,0,OOS
2026-05-18,V3_TOP5,DN,MAPMYINDIA.NS,0.8457,0.75,HIGH,2.9283,-4.5948,0,0,OOS
2026-05-18,RAND_TOP5,DN,TEJASNET.NS,0.8519,0.75,HIGH,5.9537,6.6407,0,0,OOS
2026-05-18,RAND_TOP5,DN,HFCL.NS,0.8865,0.75,HIGH,-1.0881,1.4747,1,0,OOS
2026-05-18,RAND_TOP5,DN,COCHINSHIP.NS,0.7911,0.75,HIGH,-1.5791,1.1563,1,0,OOS
2026-05-18,RAND_TOP5,DN,CERA.NS,0.8044,0.875,HIGH,3.8679,4.1288,0,0,OOS
2026-05-18,RAND_TOP5,DN,ENDURANCE.NS,0.7151,0.625,HIGH,0.7322,3.8113,0,0,OOS
2026-05-19,KNOW_TOP5,DN,AMBER.NS,0.8829,0.875,HIGH,-1.1082,3.2335,1,0,OOS
2026-05-19,KNOW_TOP5,DN,TVSMOTOR.NS,0.7468,0.875,HIGH,2.3908,4.0842,0,0,OOS
2026-05-19,KNOW_TOP5,DN,HFCL.NS,0.933,0.75,HIGH,0.8468,7.2664,0,0,OOS
2026-05-19,KNOW_TOP5,DN,HAL.NS,0.778,0.75,HIGH,-0.1546,0.8123,1,0,OOS
2026-05-19,KNOW_TOP5,DN,COCHINSHIP.NS,0.7468,0.75,HIGH,1.2218,2.8531,0,0,OOS
2026-05-19,V3_TOP5,DN,HFCL.NS,0.933,0.75,HIGH,0.8468,7.2664,0,0,OOS
2026-05-19,V3_TOP5,DN,AMBER.NS,0.8829,0.875,HIGH,-1.1082,3.2335,1,0,OOS
2026-05-19,V3_TOP5,DN,RATNAMANI.NS,0.8668,0.625,HIGH,0.2724,1.2318,0,0,OOS
2026-05-19,V3_TOP5,DN,MAPMYINDIA.NS,0.8355,0.625,HIGH,-5.6538,-10.9508,1,1,OOS
2026-05-19,V3_TOP5,DN,STLTECH.NS,0.815,0.625,HIGH,0.9978,10.0399,0,0,OOS
2026-05-19,RAND_TOP5,DN,MAPMYINDIA.NS,0.8355,0.625,HIGH,-5.6538,-10.9508,1,1,OOS
2026-05-19,RAND_TOP5,DN,HFCL.NS,0.933,0.75,HIGH,0.8468,7.2664,0,0,OOS
2026-05-19,RAND_TOP5,DN,NATCOPHARM.NS,0.7559,0.625,HIGH,2.246,3.4309,0,0,OOS
2026-05-19,RAND_TOP5,DN,OLECTRA.NS,0.7606,0.625,HIGH,0.0984,-0.9757,0,0,OOS
2026-05-19,RAND_TOP5,DN,TATACONSUM.NS,0.7183,0.75,HIGH,-0.1817,-1.5773,1,0,OOS
2026-05-20,KNOW_TOP5,DN,AMBER.NS,0.8809,0.875,HIGH,6.9154,5.8444,0,0,OOS
2026-05-20,KNOW_TOP5,DN,BASF.NS,0.82,0.875,HIGH,-1.1094,-2.9943,1,0,OOS
2026-05-20,KNOW_TOP5,DN,MAPMYINDIA.NS,0.8842,0.75,HIGH,-1.7545,-5.0441,1,0,OOS
2026-05-20,KNOW_TOP5,DN,MIDHANI.NS,0.8107,0.75,HIGH,0.9281,4.5027,0,0,OOS
2026-05-20,KNOW_TOP5,DN,HAL.NS,0.798,0.75,HIGH,1.0147,2.2975,0,0,OOS
2026-05-20,V3_TOP5,DN,HFCL.NS,0.9257,0.625,HIGH,1.7296,16.8652,0,0,OOS
2026-05-20,V3_TOP5,DN,MAPMYINDIA.NS,0.8842,0.75,HIGH,-1.7545,-5.0441,1,0,OOS
2026-05-20,V3_TOP5,DN,AMBER.NS,0.8809,0.875,HIGH,6.9154,5.8444,0,0,OOS
2026-05-20,V3_TOP5,DN,RATNAMANI.NS,0.8532,0.625,HIGH,-0.4331,-0.0787,1,0,OOS
2026-05-20,V3_TOP5,DN,STLTECH.NS,0.8351,0.625,HIGH,3.7664,14.3986,0,0,OOS
2026-05-20,RAND_TOP5,DN,RATNAMANI.NS,0.8532,0.625,HIGH,-0.4331,-0.0787,1,0,OOS
2026-05-20,RAND_TOP5,DN,HFCL.NS,0.9257,0.625,HIGH,1.7296,16.8652,0,0,OOS
2026-05-20,RAND_TOP5,DN,CENTUM.NS,0.7747,0.625,HIGH,7.838,5.7935,0,0,OOS
2026-05-20,RAND_TOP5,DN,HAL.NS,0.798,0.75,HIGH,1.0147,2.2975,0,0,OOS
2026-05-20,RAND_TOP5,DN,NCC.NS,0.728,0.625,HIGH,0.4091,2.9249,0,0,OOS
2026-05-21,KNOW_TOP5,DN,TATACONSUM.NS,0.7149,0.875,HIGH,-0.2594,-0.6109,1,0,OOS
2026-05-21,KNOW_TOP5,DN,BASF.NS,0.8366,0.75,HIGH,-2.6149,-2.5647,1,1,OOS
2026-05-21,KNOW_TOP5,DN,ADANIGREEN.NS,0.7994,0.75,HIGH,0.3019,7.3038,0,0,OOS
2026-05-21,KNOW_TOP5,DN,AJANTPHARM.NS,0.7782,0.75,HIGH,-1.3241,-1.6544,1,0,OOS
2026-05-21,KNOW_TOP5,DN,MUTHOOTFIN.NS,0.7751,0.75,HIGH,0.7333,1.7967,0,0,OOS
2026-05-21,V3_TOP5,DN,HFCL.NS,0.9071,0.5,MEDIUM,4.5573,14.1446,0,0,OOS
2026-05-21,V3_TOP5,DN,MAPMYINDIA.NS,0.8773,0.625,HIGH,-3.9288,-5.9323,1,1,OOS
2026-05-21,V3_TOP5,DN,STLTECH.NS,0.8371,0.625,HIGH,4.9982,15.7563,0,0,OOS
2026-05-21,V3_TOP5,DN,BASF.NS,0.8366,0.75,HIGH,-2.6149,-2.5647,1,1,OOS
2026-05-21,V3_TOP5,DN,AMBER.NS,0.8349,0.625,HIGH,-2.3617,-2.9853,1,1,OOS
2026-05-21,RAND_TOP5,DN,BASF.NS,0.8366,0.75,HIGH,-2.6149,-2.5647,1,1,OOS
2026-05-21,RAND_TOP5,DN,HFCL.NS,0.9071,0.5,MEDIUM,4.5573,14.1446,0,0,OOS
2026-05-21,RAND_TOP5,DN,AJANTPHARM.NS,0.7782,0.75,HIGH,-1.3241,-1.6544,1,0,OOS
2026-05-21,RAND_TOP5,DN,ADANIGREEN.NS,0.7994,0.75,HIGH,0.3019,7.3038,0,0,OOS
2026-05-21,RAND_TOP5,DN,WELCORP.NS,0.7263,0.5,MEDIUM,-3.9618,-0.842,1,1,OOS
2026-05-22,KNOW_TOP5,DN,DEEPAKNTR.NS,0.7604,0.875,HIGH,0.3506,-1.4369,0,0,OOS
2026-05-22,KNOW_TOP5,DN,TATACONSUM.NS,0.7394,0.875,HIGH,-0.386,1.074,1,0,OOS
2026-05-22,KNOW_TOP5,DN,WELCORP.NS,0.7045,0.875,HIGH,1.5734,7.4677,0,0,OOS
2026-05-22,KNOW_TOP5,DN,VGUARD.NS,0.6961,0.875,HIGH,0.4916,3.3596,0,0,OOS
2026-05-22,KNOW_TOP5,DN,AMBER.NS,0.8847,0.75,HIGH,1.3929,2.1334,0,0,OOS
2026-05-22,V3_TOP5,DN,AMBER.NS,0.8847,0.75,HIGH,1.3929,2.1334,0,0,OOS
2026-05-22,V3_TOP5,DN,MAPMYINDIA.NS,0.8835,0.625,HIGH,0.6041,-1.7833,0,0,OOS
2026-05-22,V3_TOP5,DN,BASF.NS,0.8416,0.625,HIGH,0.7279,-1.7022,0,0,OOS
2026-05-22,V3_TOP5,DN,ONMOBILE.NS,0.7825,0.625,HIGH,1.8171,1.8171,0,0,OOS
2026-05-22,V3_TOP5,DN,GNFC.NS,0.7801,0.75,HIGH,1.668,1.8851,0,0,OOS
2026-05-22,RAND_TOP5,DN,ONMOBILE.NS,0.7825,0.625,HIGH,1.8171,1.8171,0,0,OOS
2026-05-22,RAND_TOP5,DN,AMBER.NS,0.8847,0.75,HIGH,1.3929,2.1334,0,0,OOS
2026-05-22,RAND_TOP5,DN,DEEPAKNTR.NS,0.7604,0.875,HIGH,0.3506,-1.4369,0,0,OOS
2026-05-22,RAND_TOP5,DN,CIPLA.NS,0.7649,0.75,HIGH,1.0506,1.3579,0,0,OOS
2026-05-22,RAND_TOP5,DN,WELCORP.NS,0.7045,0.875,HIGH,1.5734,7.4677,0,0,OOS
2026-05-25,KNOW_TOP5,DN,BASF.NS,0.8404,0.75,HIGH,-0.6714,-2.4125,1,0,OOS
2026-05-25,KNOW_TOP5,DN,TATACONSUM.NS,0.7351,0.75,HIGH,0.0337,1.4656,0,0,OOS
2026-05-25,KNOW_TOP5,DN,OIL.NS,0.7326,0.75,HIGH,1.9791,1.1294,0,0,OOS
2026-05-25,KNOW_TOP5,DN,BOSCHLTD.NS,0.6971,0.75,HIGH,-1.3082,-0.7574,1,0,OOS
2026-05-25,KNOW_TOP5,DN,VGUARD.NS,0.6748,0.75,HIGH,2.5603,2.8539,0,0,OOS
2026-05-25,V3_TOP5,DN,BASF.NS,0.8404,0.75,HIGH,-0.6714,-2.4125,1,0,OOS
2026-05-25,V3_TOP5,DN,VINATIORGA.NS,0.84,0.5,MEDIUM,-0.3659,-1.0529,1,0,OOS
2026-05-25,V3_TOP5,DN,GNFC.NS,0.8291,0.625,HIGH,0.4271,0.2136,0,0,OOS
2026-05-25,V3_TOP5,DN,AJANTPHARM.NS,0.7958,0.625,HIGH,0.5063,-1.9698,0,0,OOS
2026-05-25,V3_TOP5,DN,BIOCON.NS,0.7814,0.625,HIGH,1.4184,0.4999,0,0,OOS
2026-05-25,RAND_TOP5,DN,AJANTPHARM.NS,0.7958,0.625,HIGH,0.5063,-1.9698,0,0,OOS
2026-05-25,RAND_TOP5,DN,BASF.NS,0.8404,0.75,HIGH,-0.6714,-2.4125,1,0,OOS
2026-05-25,RAND_TOP5,DN,ALKYLAMINE.NS,0.7369,0.5,MEDIUM,-0.848,-3.0539,1,0,OOS
2026-05-25,RAND_TOP5,DN,MAPMYINDIA.NS,0.7637,0.625,HIGH,-2.6734,-2.3731,1,1,OOS
2026-05-25,RAND_TOP5,DN,BOSCHLTD.NS,0.6971,0.75,HIGH,-1.3082,-0.7574,1,0,OOS
2026-05-26,KNOW_TOP5,DN,POLICYBZR.NS,0.7954,0.75,HIGH,-0.2348,-4.8351,1,0,OOS
2026-05-26,KNOW_TOP5,DN,BASF.NS,0.7751,0.75,HIGH,-1.7529,-2.6265,1,0,OOS
2026-05-26,KNOW_TOP5,DN,PFIZER.NS,0.7607,0.75,HIGH,-0.4136,-0.9328,1,0,OOS
2026-05-26,KNOW_TOP5,DN,BIKAJI.NS,0.75,0.75,HIGH,-0.1722,1.7452,1,0,OOS
2026-05-26,KNOW_TOP5,DN,DEEPAKNTR.NS,0.7351,0.75,HIGH,-0.7122,-2.6113,1,0,OOS
2026-05-26,V3_TOP5,DN,MAPMYINDIA.NS,0.8807,0.625,HIGH,0.3085,-2.7349,0,0,OOS
2026-05-26,V3_TOP5,DN,GNFC.NS,0.8775,0.625,HIGH,-0.2127,-2.5036,1,0,OOS
2026-05-26,V3_TOP5,DN,ZYDUSWELL.NS,0.7956,0.625,HIGH,0.0832,5.4048,0,0,OOS
2026-05-26,V3_TOP5,DN,POLICYBZR.NS,0.7954,0.75,HIGH,-0.2348,-4.8351,1,0,OOS
2026-05-26,V3_TOP5,DN,BASF.NS,0.7751,0.75,HIGH,-1.7529,-2.6265,1,0,OOS
2026-05-26,RAND_TOP5,DN,POLICYBZR.NS,0.7954,0.75,HIGH,-0.2348,-4.8351,1,0,OOS
2026-05-26,RAND_TOP5,DN,MAPMYINDIA.NS,0.8807,0.625,HIGH,0.3085,-2.7349,0,0,OOS
2026-05-26,RAND_TOP5,DN,DEEPAKNTR.NS,0.7351,0.75,HIGH,-0.7122,-2.6113,1,0,OOS
2026-05-26,RAND_TOP5,DN,BIKAJI.NS,0.75,0.75,HIGH,-0.1722,1.7452,1,0,OOS
2026-05-26,RAND_TOP5,DN,AJANTPHARM.NS,0.6958,0.625,HIGH,-2.4636,-5.4309,1,1,OOS
2026-05-27,KNOW_TOP5,DN,ZYDUSWELL.NS,0.7771,0.75,HIGH,0.0,2.6898,0,0,OOS
2026-05-27,KNOW_TOP5,DN,DEEPAKNTR.NS,0.7538,0.75,HIGH,0.0,-2.6067,0,0,OOS
2026-05-27,KNOW_TOP5,DN,RVNL.NS,0.7478,0.75,HIGH,0.0,-4.2568,0,0,OOS
2026-05-27,KNOW_TOP5,DN,BIKAJI.NS,0.7409,0.75,HIGH,0.0,4.249,0,0,OOS
2026-05-27,KNOW_TOP5,DN,PFIZER.NS,0.734,0.75,HIGH,0.0,-2.3212,0,0,OOS
2026-05-27,V3_TOP5,DN,ERIS.NS,0.8672,0.5,MEDIUM,0.0,2.0432,0,0,OOS
2026-05-27,V3_TOP5,DN,GNFC.NS,0.8275,0.625,HIGH,0.0,-3.2646,0,0,OOS
2026-05-27,V3_TOP5,DN,ZYDUSWELL.NS,0.7771,0.75,HIGH,0.0,2.6898,0,0,OOS
2026-05-27,V3_TOP5,DN,COFORGE.NS,0.7737,0.625,HIGH,0.0,5.2434,0,0,OOS
2026-05-27,V3_TOP5,DN,DEEPAKNTR.NS,0.7538,0.75,HIGH,0.0,-2.6067,0,0,OOS
2026-05-27,RAND_TOP5,DN,COFORGE.NS,0.7737,0.625,HIGH,0.0,5.2434,0,0,OOS
2026-05-27,RAND_TOP5,DN,ERIS.NS,0.8672,0.5,MEDIUM,0.0,2.0432,0,0,OOS
2026-05-27,RAND_TOP5,DN,BSE.NS,0.7359,0.5,MEDIUM,0.0,-4.2793,0,0,OOS
2026-05-27,RAND_TOP5,DN,BIKAJI.NS,0.7409,0.75,HIGH,0.0,4.249,0,0,OOS
2026-05-27,RAND_TOP5,DN,LTTS.NS,0.7172,0.625,HIGH,0.0,-3.0387,0,0,OOS
2026-05-29,KNOW_TOP5,DN,DEEPAKFERT.NS,0.8438,0.875,HIGH,0.0355,-0.2269,0,0,OOS
2026-05-29,KNOW_TOP5,DN,BEML.NS,0.7524,0.875,HIGH,-0.1335,2.0262,1,0,OOS
2026-05-29,KNOW_TOP5,DN,OIL.NS,0.7138,0.875,HIGH,1.3861,3.1083,0,0,OOS
2026-05-29,KNOW_TOP5,DN,AJANTPHARM.NS,0.6983,0.875,HIGH,0.0717,0.0102,0,0,OOS
2026-05-29,KNOW_TOP5,DN,DIVISLAB.NS,0.6899,0.875,HIGH,-1.7024,-1.3574,1,0,OOS
2026-05-29,V3_TOP5,DN,SUDARSCHEM.NS,0.8802,0.75,HIGH,-3.3475,-5.5544,1,1,OOS
2026-05-29,V3_TOP5,DN,DEEPAKFERT.NS,0.8438,0.875,HIGH,0.0355,-0.2269,0,0,OOS
2026-05-29,V3_TOP5,DN,TATACOMM.NS,0.8177,0.625,HIGH,-1.1399,-1.5929,1,0,OOS
2026-05-29,V3_TOP5,DN,TORNTPOWER.NS,0.8102,0.75,HIGH,-0.5703,1.1547,1,0,OOS
2026-05-29,V3_TOP5,DN,NATCOPHARM.NS,0.7976,0.75,HIGH,-8.1307,-8.0126,1,1,OOS
2026-05-29,RAND_TOP5,DN,TORNTPOWER.NS,0.8102,0.75,HIGH,-0.5703,1.1547,1,0,OOS
2026-05-29,RAND_TOP5,DN,SUDARSCHEM.NS,0.8802,0.75,HIGH,-3.3475,-5.5544,1,1,OOS
2026-05-29,RAND_TOP5,DN,ONGC.NS,0.7714,0.75,HIGH,-0.4145,0.8855,1,0,OOS
2026-05-29,RAND_TOP5,DN,PAGEIND.NS,0.774,0.625,HIGH,-2.5396,-1.6494,1,1,OOS
2026-05-29,RAND_TOP5,DN,POLICYBZR.NS,0.6874,0.875,HIGH,-1.8267,-7.2834,1,0,OOS
2026-06-01,KNOW_TOP5,DN,NAVINFLUOR.NS,0.8088,0.875,HIGH,0.7644,1.3146,0,0,OOS
2026-06-01,KNOW_TOP5,DN,ASHOKLEY.NS,0.7749,0.875,HIGH,-0.4874,-3.5652,1,0,OOS
2026-06-01,KNOW_TOP5,DN,CHOLAFIN.NS,0.6964,0.875,HIGH,-0.6765,-0.4622,1,0,OOS
2026-06-01,KNOW_TOP5,DN,TORNTPHARM.NS,0.6869,0.875,HIGH,-0.7471,-0.2414,1,0,OOS
2026-06-01,KNOW_TOP5,DN,SUDARSCHEM.NS,0.8795,0.75,HIGH,-1.0313,-2.0682,1,0,OOS
2026-06-01,V3_TOP5,DN,SUDARSCHEM.NS,0.8795,0.75,HIGH,-1.0313,-2.0682,1,0,OOS
2026-06-01,V3_TOP5,DN,DATAPATTNS.NS,0.8331,0.75,HIGH,4.8256,9.1799,0,0,OOS
2026-06-01,V3_TOP5,DN,NATCOPHARM.NS,0.8244,0.75,HIGH,0.6429,-1.5643,0,0,OOS
2026-06-01,V3_TOP5,DN,NAVINFLUOR.NS,0.8088,0.875,HIGH,0.7644,1.3146,0,0,OOS
2026-06-01,V3_TOP5,DN,ASHOKLEY.NS,0.7749,0.875,HIGH,-0.4874,-3.5652,1,0,OOS
2026-06-01,RAND_TOP5,DN,NAVINFLUOR.NS,0.8088,0.875,HIGH,0.7644,1.3146,0,0,OOS
2026-06-01,RAND_TOP5,DN,SUDARSCHEM.NS,0.8795,0.75,HIGH,-1.0313,-2.0682,1,0,OOS
2026-06-01,RAND_TOP5,DN,BDL.NS,0.737,0.75,HIGH,0.1744,0.7309,0,0,OOS
2026-06-01,RAND_TOP5,DN,BSE.NS,0.7452,0.75,HIGH,-3.3124,-0.8164,1,1,OOS
2026-06-01,RAND_TOP5,DN,GLENMARK.NS,0.7024,0.75,HIGH,-0.7541,-0.9358,1,0,OOS
2026-06-02,KNOW_TOP5,DN,BSE.NS,0.8348,0.875,HIGH,0.8698,-1.32,0,0,OOS
2026-06-02,KNOW_TOP5,DN,RAJESHEXPO.NS,0.8,0.875,HIGH,2.4157,-7.5562,0,0,OOS
2026-06-02,KNOW_TOP5,DN,ASHOKLEY.NS,0.7649,0.875,HIGH,-2.1536,-2.5226,1,1,OOS
2026-06-02,KNOW_TOP5,DN,GLENMARK.NS,0.7217,0.875,HIGH,-0.4852,-0.8423,1,0,OOS
2026-06-02,KNOW_TOP5,DN,TATACOMM.NS,0.9092,0.75,HIGH,1.4427,3.4886,0,0,OOS
2026-06-02,V3_TOP5,DN,TATACOMM.NS,0.9092,0.75,HIGH,1.4427,3.4886,0,0,OOS
2026-06-02,V3_TOP5,DN,SUDARSCHEM.NS,0.8788,0.75,HIGH,-1.265,-1.1814,1,0,OOS
2026-06-02,V3_TOP5,DN,BSE.NS,0.8348,0.875,HIGH,0.8698,-1.32,0,0,OOS
2026-06-02,V3_TOP5,DN,NATCOPHARM.NS,0.8132,0.625,HIGH,-0.511,-4.8866,1,0,OOS
2026-06-02,V3_TOP5,DN,RAJESHEXPO.NS,0.8,0.875,HIGH,2.4157,-7.5562,0,0,OOS
2026-06-02,RAND_TOP5,DN,NATCOPHARM.NS,0.8132,0.625,HIGH,-0.511,-4.8866,1,0,OOS
2026-06-02,RAND_TOP5,DN,TATACOMM.NS,0.9092,0.75,HIGH,1.4427,3.4886,0,0,OOS
2026-06-02,RAND_TOP5,DN,BDL.NS,0.728,0.75,HIGH,1.7329,0.1078,0,0,OOS
2026-06-02,RAND_TOP5,DN,NHPC.NS,0.7361,0.75,HIGH,3.8871,3.7073,0,0,OOS
2026-06-02,RAND_TOP5,DN,TATACHEM.NS,0.7013,0.75,HIGH,-2.4861,-2.5471,1,1,OOS
2026-06-03,KNOW_TOP5,DN,ASHOKLEY.NS,0.8241,0.875,HIGH,-0.96,-3.305,1,0,OOS
2026-06-03,KNOW_TOP5,DN,NATCOPHARM.NS,0.8007,0.875,HIGH,-1.6907,-7.084,1,0,OOS
2026-06-03,KNOW_TOP5,DN,GLENMARK.NS,0.7841,0.875,HIGH,0.3036,0.115,0,0,OOS
2026-06-03,KNOW_TOP5,DN,SUDARSCHEM.NS,0.8705,0.75,HIGH,0.2201,-2.5906,0,0,OOS
2026-06-03,KNOW_TOP5,DN,RAJESHEXPO.NS,0.7744,0.75,HIGH,-4.9918,-14.2439,1,1,OOS
2026-06-03,V3_TOP5,DN,JPPOWER.NS,0.8956,0.625,HIGH,-1.5003,-4.2421,1,0,OOS
2026-06-03,V3_TOP5,DN,SUDARSCHEM.NS,0.8705,0.75,HIGH,0.2201,-2.5906,0,0,OOS
2026-06-03,V3_TOP5,DN,ASHOKLEY.NS,0.8241,0.875,HIGH,-0.96,-3.305,1,0,OOS
2026-06-03,V3_TOP5,DN,NATCOPHARM.NS,0.8007,0.875,HIGH,-1.6907,-7.084,1,0,OOS
2026-06-03,V3_TOP5,DN,GLENMARK.NS,0.7841,0.875,HIGH,0.3036,0.115,0,0,OOS
2026-06-03,RAND_TOP5,DN,NATCOPHARM.NS,0.8007,0.875,HIGH,-1.6907,-7.084,1,0,OOS
2026-06-03,RAND_TOP5,DN,JPPOWER.NS,0.8956,0.625,HIGH,-1.5003,-4.2421,1,0,OOS
2026-06-03,RAND_TOP5,DN,BSE.NS,0.7458,0.625,HIGH,1.6969,-1.243,0,0,OOS
2026-06-03,RAND_TOP5,DN,NHPC.NS,0.7634,0.75,HIGH,1.3582,-2.1172,0,0,OOS
2026-06-03,RAND_TOP5,DN,CHOLAFIN.NS,0.7149,0.75,HIGH,1.0472,-0.9928,0,0,OOS
2026-06-04,KNOW_TOP5,DN,FINPIPE.NS,0.8777,0.75,HIGH,-0.0058,0.052,1,0,OOS
2026-06-04,KNOW_TOP5,DN,RAJESHEXPO.NS,0.8595,0.75,HIGH,-4.9942,-14.2513,1,1,OOS
2026-06-04,KNOW_TOP5,DN,SUDARSCHEM.NS,0.8459,0.75,HIGH,-0.1352,0.6082,1,0,OOS
2026-06-04,KNOW_TOP5,DN,ASHOKLEY.NS,0.8325,0.75,HIGH,0.5885,-0.4431,0,0,OOS
2026-06-04,KNOW_TOP5,DN,NATCOPHARM.NS,0.7942,0.75,HIGH,-2.7539,-5.8452,1,1,OOS
2026-06-04,V3_TOP5,DN,FINPIPE.NS,0.8777,0.75,HIGH,-0.0058,0.052,1,0,OOS
2026-06-04,V3_TOP5,DN,JPPOWER.NS,0.8723,0.625,HIGH,-0.0525,-2.416,1,0,OOS
2026-06-04,V3_TOP5,DN,RAJESHEXPO.NS,0.8595,0.75,HIGH,-4.9942,-14.2513,1,1,OOS
2026-06-04,V3_TOP5,DN,SUDARSCHEM.NS,0.8459,0.75,HIGH,-0.1352,0.6082,1,0,OOS
2026-06-04,V3_TOP5,DN,ASHOKLEY.NS,0.8325,0.75,HIGH,0.5885,-0.4431,0,0,OOS
2026-06-04,RAND_TOP5,DN,SUDARSCHEM.NS,0.8459,0.75,HIGH,-0.1352,0.6082,1,0,OOS
2026-06-04,RAND_TOP5,DN,FINPIPE.NS,0.8777,0.75,HIGH,-0.0058,0.052,1,0,OOS
2026-06-04,RAND_TOP5,DN,POLICYBZR.NS,0.7772,0.625,HIGH,-0.1432,-2.5386,1,0,OOS
2026-06-04,RAND_TOP5,DN,JINDALPOLY.NS,0.7871,0.75,HIGH,-1.3489,1.5308,1,0,OOS
2026-06-04,RAND_TOP5,DN,VEDL.NS,0.707,0.625,HIGH,-3.6336,-6.4885,1,1,OOS
2026-06-05,KNOW_TOP5,DN,BSE.NS,0.8022,0.875,HIGH,0.9485,1.2758,0,0,OOS
2026-06-05,KNOW_TOP5,DN,NATIONALUM.NS,0.8476,0.75,HIGH,-4.4225,-4.9406,1,1,OOS
2026-06-05,KNOW_TOP5,DN,LTTS.NS,0.8182,0.75,HIGH,-1.4785,3.5889,1,0,OOS
2026-06-05,KNOW_TOP5,DN,GLENMARK.NS,0.7886,0.75,HIGH,0.4755,-1.0064,0,0,OOS
2026-06-05,KNOW_TOP5,DN,MOTHERSON.NS,0.7842,0.75,HIGH,-3.1694,-0.9404,1,1,OOS
2026-06-05,V3_TOP5,DN,RAJESHEXPO.NS,0.8813,0.625,HIGH,-4.9934,-14.251,1,1,OOS
2026-06-05,V3_TOP5,DN,JPPOWER.NS,0.8617,0.5,MEDIUM,-2.7325,-5.4125,1,1,OOS
2026-06-05,V3_TOP5,DN,NATIONALUM.NS,0.8476,0.75,HIGH,-4.4225,-4.9406,1,1,OOS
2026-06-05,V3_TOP5,DN,LTTS.NS,0.8182,0.75,HIGH,-1.4785,3.5889,1,0,OOS
2026-06-05,V3_TOP5,DN,BSE.NS,0.8022,0.875,HIGH,0.9485,1.2758,0,0,OOS
2026-06-05,RAND_TOP5,DN,LTTS.NS,0.8182,0.75,HIGH,-1.4785,3.5889,1,0,OOS
2026-06-05,RAND_TOP5,DN,RAJESHEXPO.NS,0.8813,0.625,HIGH,-4.9934,-14.251,1,1,OOS
2026-06-05,RAND_TOP5,DN,TATACHEM.NS,0.7791,0.75,HIGH,-0.1807,0.1529,1,0,OOS
2026-06-05,RAND_TOP5,DN,NHPC.NS,0.783,0.75,HIGH,-1.9474,-3.0679,1,0,OOS
2026-06-05,RAND_TOP5,DN,ALKEM.NS,0.7218,0.625,HIGH,1.9994,0.914,0,0,OOS
2026-06-08,KNOW_TOP5,DN,WIPRO.NS,0.8665,0.75,HIGH,-0.0495,-2.4153,1,0,OOS
2026-06-08,KNOW_TOP5,DN,HINDALCO.NS,0.8092,0.75,HIGH,1.346,-3.5862,0,0,OOS
2026-06-08,KNOW_TOP5,DN,MOTHERSON.NS,0.7638,0.75,HIGH,3.6328,1.2445,0,0,OOS
2026-06-08,KNOW_TOP5,DN,EXIDEIND.NS,0.7593,0.75,HIGH,1.8269,-0.0648,0,0,OOS
2026-06-08,KNOW_TOP5,DN,CENTUM.NS,0.7547,0.75,HIGH,1.5804,2.6279,0,0,OOS
2026-06-08,V3_TOP5,DN,RAJESHEXPO.NS,0.8908,0.625,HIGH,-5.0,-14.2537,1,1,OOS
2026-06-08,V3_TOP5,DN,NATIONALUM.NS,0.876,0.625,HIGH,1.5071,-2.0095,0,0,OOS
2026-06-08,V3_TOP5,DN,WIPRO.NS,0.8665,0.75,HIGH,-0.0495,-2.4153,1,0,OOS
2026-06-08,V3_TOP5,DN,HINDALCO.NS,0.8092,0.75,HIGH,1.346,-3.5862,0,0,OOS
2026-06-08,V3_TOP5,DN,TCS.NS,0.7968,0.625,HIGH,-0.0186,-0.7344,1,0,OOS
2026-06-08,RAND_TOP5,DN,HINDALCO.NS,0.8092,0.75,HIGH,1.346,-3.5862,0,0,OOS
2026-06-08,RAND_TOP5,DN,RAJESHEXPO.NS,0.8908,0.625,HIGH,-5.0,-14.2537,1,1,OOS
2026-06-08,RAND_TOP5,DN,EXIDEIND.NS,0.7593,0.75,HIGH,1.8269,-0.0648,0,0,OOS
2026-06-08,RAND_TOP5,DN,MOTHERSON.NS,0.7638,0.75,HIGH,3.6328,1.2445,0,0,OOS
2026-06-08,RAND_TOP5,DN,HINDZINC.NS,0.74,0.625,HIGH,1.3759,-1.9784,0,0,OOS
2026-06-09,KNOW_TOP5,DN,SOBHA.NS,0.7154,0.875,HIGH,-0.2768,2.4992,1,0,OOS
2026-06-09,KNOW_TOP5,DN,HFCL.NS,0.9123,0.75,HIGH,-4.9997,-3.4549,1,1,OOS
2026-06-09,KNOW_TOP5,DN,WIPRO.NS,0.8716,0.75,HIGH,-1.5082,-0.8422,1,0,OOS
2026-06-09,KNOW_TOP5,DN,TCS.NS,0.8436,0.75,HIGH,0.1348,0.4835,0,0,OOS
2026-06-09,KNOW_TOP5,DN,RATEGAIN.NS,0.8255,0.75,HIGH,4.4104,4.3371,0,0,OOS
2026-06-09,V3_TOP5,DN,HFCL.NS,0.9123,0.75,HIGH,-4.9997,-3.4549,1,1,OOS
2026-06-09,V3_TOP5,DN,WIPRO.NS,0.8716,0.75,HIGH,-1.5082,-0.8422,1,0,OOS
2026-06-09,V3_TOP5,DN,RAJESHEXPO.NS,0.8664,0.625,HIGH,-4.9938,-14.252,1,1,OOS
2026-06-09,V3_TOP5,DN,NATIONALUM.NS,0.8627,0.625,HIGH,-2.0188,-1.8364,1,1,OOS
2026-06-09,V3_TOP5,DN,TCS.NS,0.8436,0.75,HIGH,0.1348,0.4835,0,0,OOS
2026-06-09,RAND_TOP5,DN,NATIONALUM.NS,0.8627,0.625,HIGH,-2.0188,-1.8364,1,1,OOS
2026-06-09,RAND_TOP5,DN,HFCL.NS,0.9123,0.75,HIGH,-4.9997,-3.4549,1,1,OOS
2026-06-09,RAND_TOP5,DN,KPITTECH.NS,0.7973,0.625,HIGH,-3.0682,-0.9456,1,1,OOS
2026-06-09,RAND_TOP5,DN,COFORGE.NS,0.8112,0.75,HIGH,-0.6586,-3.1728,1,0,OOS
2026-06-09,RAND_TOP5,DN,MOTHERSON.NS,0.7448,0.625,HIGH,-1.2842,-0.4581,1,0,OOS
2026-06-10,KNOW_TOP5,DN,HINDALCO.NS,0.7877,0.875,HIGH,-1.4433,-2.444,1,0,OOS
2026-06-10,KNOW_TOP5,DN,STLTECH.NS,0.9248,0.75,HIGH,-2.3955,4.5419,1,1,OOS
2026-06-10,KNOW_TOP5,DN,HFCL.NS,0.9119,0.75,HIGH,-3.2109,6.7057,1,1,OOS
2026-06-10,KNOW_TOP5,DN,NATIONALUM.NS,0.8725,0.75,HIGH,-1.4755,1.6483,1,0,OOS
2026-06-10,KNOW_TOP5,DN,OIL.NS,0.8362,0.75,HIGH,0.468,-2.3751,0,0,OOS
2026-06-10,V3_TOP5,DN,STLTECH.NS,0.9248,0.75,HIGH,-2.3955,4.5419,1,1,OOS
2026-06-10,V3_TOP5,DN,HFCL.NS,0.9119,0.75,HIGH,-3.2109,6.7057,1,1,OOS
2026-06-10,V3_TOP5,DN,RAJESHEXPO.NS,0.8879,0.625,HIGH,-4.9965,-5.2327,1,1,OOS
2026-06-10,V3_TOP5,DN,NATIONALUM.NS,0.8725,0.75,HIGH,-1.4755,1.6483,1,0,OOS
2026-06-10,V3_TOP5,DN,WIPRO.NS,0.864,0.625,HIGH,-0.8718,1.3693,1,0,OOS
2026-06-10,RAND_TOP5,DN,NATIONALUM.NS,0.8725,0.75,HIGH,-1.4755,1.6483,1,0,OOS
2026-06-10,RAND_TOP5,DN,STLTECH.NS,0.9248,0.75,HIGH,-2.3955,4.5419,1,1,OOS
2026-06-10,RAND_TOP5,DN,HINDALCO.NS,0.7877,0.875,HIGH,-1.4433,-2.444,1,0,OOS
2026-06-10,RAND_TOP5,DN,NMDC.NS,0.8104,0.75,HIGH,0.0226,0.0226,0,0,OOS
2026-06-10,RAND_TOP5,DN,KALYANKJIL.NS,0.7379,0.75,HIGH,-2.3324,13.0794,1,1,OOS
2026-06-11,KNOW_TOP5,DN,STLTECH.NS,0.9418,0.875,HIGH,2.683,9.905,0,0,OOS
2026-06-11,KNOW_TOP5,DN,OFSS.NS,0.7502,0.875,HIGH,0.6691,2.5363,0,0,OOS
2026-06-11,KNOW_TOP5,DN,CRAFTSMAN.NS,0.7348,0.875,HIGH,1.4217,6.0677,0,0,OOS
2026-06-11,KNOW_TOP5,DN,HFCL.NS,0.8976,0.75,HIGH,4.9976,15.457,0,0,OOS
2026-06-11,KNOW_TOP5,DN,NATIONALUM.NS,0.8442,0.75,HIGH,1.6865,-1.0658,0,0,OOS
2026-06-11,V3_TOP5,DN,STLTECH.NS,0.9418,0.875,HIGH,2.683,9.905,0,0,OOS
2026-06-11,V3_TOP5,DN,HFCL.NS,0.8976,0.75,HIGH,4.9976,15.457,0,0,OOS
2026-06-11,V3_TOP5,DN,RAJESHEXPO.NS,0.8779,0.625,HIGH,-4.9981,4.737,1,1,OOS
2026-06-11,V3_TOP5,DN,WIPRO.NS,0.8638,0.5,MEDIUM,1.5617,2.9881,0,0,OOS
2026-06-11,V3_TOP5,DN,TEJASNET.NS,0.861,0.625,HIGH,4.4202,1.3775,0,0,OOS
2026-06-11,RAND_TOP5,DN,WIPRO.NS,0.8638,0.5,MEDIUM,1.5617,2.9881,0,0,OOS
2026-06-11,RAND_TOP5,DN,STLTECH.NS,0.9418,0.875,HIGH,2.683,9.905,0,0,OOS
2026-06-11,RAND_TOP5,DN,OLECTRA.NS,0.8155,0.625,HIGH,3.4813,1.4372,0,0,OOS
2026-06-11,RAND_TOP5,DN,KALYANKJIL.NS,0.8359,0.625,HIGH,4.217,14.4347,0,0,OOS
2026-06-11,RAND_TOP5,DN,OFSS.NS,0.7502,0.875,HIGH,0.6691,2.5363,0,0,OOS
2026-06-12,KNOW_TOP5,DN,RAJESHEXPO.NS,0.8752,0.75,HIGH,4.9993,15.7571,0,0,OOS
2026-06-12,KNOW_TOP5,DN,WIPRO.NS,0.838,0.75,HIGH,0.6884,2.4037,0,0,OOS
2026-06-12,KNOW_TOP5,DN,OIL.NS,0.8334,0.75,HIGH,-0.1436,-0.1795,1,0,OOS
2026-06-12,KNOW_TOP5,DN,COALINDIA.NS,0.8224,0.75,HIGH,0.124,2.7621,0,0,OOS
2026-06-12,KNOW_TOP5,DN,INFY.NS,0.8212,0.75,HIGH,1.6571,3.6994,0,0,OOS
2026-06-12,V3_TOP5,DN,STLTECH.NS,0.9332,0.625,HIGH,4.3091,5.6455,0,0,OOS
2026-06-12,V3_TOP5,DN,IDEAFORGE.NS,0.8897,0.625,HIGH,-0.489,6.9037,1,0,OOS
2026-06-12,V3_TOP5,DN,RAJESHEXPO.NS,0.8752,0.75,HIGH,4.9993,15.7571,0,0,OOS
2026-06-12,V3_TOP5,DN,KALYANKJIL.NS,0.8562,0.625,HIGH,11.095,11.1095,0,0,OOS
2026-06-12,V3_TOP5,DN,WIPRO.NS,0.838,0.75,HIGH,0.6884,2.4037,0,0,OOS
2026-06-12,RAND_TOP5,DN,KALYANKJIL.NS,0.8562,0.625,HIGH,11.095,11.1095,0,0,OOS
2026-06-12,RAND_TOP5,DN,STLTECH.NS,0.9332,0.625,HIGH,4.3091,5.6455,0,0,OOS
2026-06-12,RAND_TOP5,DN,ADANIENSOL.NS,0.7779,0.625,HIGH,0.1544,0.094,0,0,OOS
2026-06-12,RAND_TOP5,DN,INFY.NS,0.8212,0.75,HIGH,1.6571,3.6994,0,0,OOS
2026-06-12,RAND_TOP5,DN,COFORGE.NS,0.7267,0.75,HIGH,2.5819,7.2045,0,0,OOS
2026-06-15,KNOW_TOP5,DN,ONGC.NS,0.719,0.875,HIGH,1.8674,0.6772,0,0,OOS
2026-06-15,KNOW_TOP5,DN,OIL.NS,0.8082,0.75,HIGH,0.5872,0.815,0,0,OOS
2026-06-15,KNOW_TOP5,DN,ZENSARTECH.NS,0.7712,0.75,HIGH,2.9497,2.6281,0,0,OOS
2026-06-15,KNOW_TOP5,DN,TECHM.NS,0.7709,0.75,HIGH,1.4871,1.5502,0,0,OOS
2026-06-15,KNOW_TOP5,DN,SAPPHIRE.NS,0.762,0.75,HIGH,4.7391,6.5552,0,0,OOS
2026-06-15,V3_TOP5,DN,IDEAFORGE.NS,0.8928,0.625,HIGH,4.9951,6.3479,0,0,OOS
2026-06-15,V3_TOP5,DN,INFY.NS,0.8087,0.625,HIGH,0.7666,-0.652,0,0,OOS
2026-06-15,V3_TOP5,DN,OIL.NS,0.8082,0.75,HIGH,0.5872,0.815,0,0,OOS
2026-06-15,V3_TOP5,DN,RAJESHEXPO.NS,0.7899,0.625,HIGH,4.9981,15.7547,0,0,OOS
2026-06-15,V3_TOP5,DN,ZENSARTECH.NS,0.7712,0.75,HIGH,2.9497,2.6281,0,0,OOS
2026-06-15,RAND_TOP5,DN,RAJESHEXPO.NS,0.7899,0.625,HIGH,4.9981,15.7547,0,0,OOS
2026-06-15,RAND_TOP5,DN,IDEAFORGE.NS,0.8928,0.625,HIGH,4.9951,6.3479,0,0,OOS
2026-06-15,RAND_TOP5,DN,COALINDIA.NS,0.7344,0.75,HIGH,1.5539,1.7903,0,0,OOS
2026-06-15,RAND_TOP5,DN,ADANIENSOL.NS,0.7506,0.625,HIGH,-0.0536,2.1047,1,0,OOS
2026-06-15,RAND_TOP5,DN,ZYDUSWELL.NS,0.6995,0.625,HIGH,2.2329,1.0614,0,0,OOS
2026-06-16,KNOW_TOP5,DN,LAURUSLABS.NS,0.7317,1.0,HIGH,-0.4795,2.6518,1,0,OOS
2026-06-16,KNOW_TOP5,DN,HINDALCO.NS,0.7041,0.75,HIGH,2.5957,2.8094,0,0,OOS
2026-06-16,KNOW_TOP5,DN,TATACOMM.NS,0.6707,0.75,HIGH,-0.7212,3.9298,1,0,OOS
2026-06-16,KNOW_TOP5,DN,OIL.NS,0.8002,0.625,HIGH,-0.6196,-0.3574,1,0,OOS
2026-06-16,KNOW_TOP5,DN,ALKYLAMINE.NS,0.7658,0.625,HIGH,1.5713,3.193,0,0,OOS
2026-06-16,V3_TOP5,DN,IDEAFORGE.NS,0.9057,0.5,MEDIUM,2.3182,2.577,0,0,OOS
2026-06-16,V3_TOP5,DN,DATAPATTNS.NS,0.8224,0.5,MEDIUM,6.5285,7.7011,0,0,OOS
2026-06-16,V3_TOP5,DN,OLECTRA.NS,0.8144,0.5,MEDIUM,6.6514,19.671,0,0,OOS
2026-06-16,V3_TOP5,DN,OIL.NS,0.8002,0.625,HIGH,-0.6196,-0.3574,1,0,OOS
2026-06-16,V3_TOP5,DN,MIDHANI.NS,0.7812,0.375,MEDIUM,2.2321,-0.4669,0,0,OOS
2026-06-16,RAND_TOP5,DN,OIL.NS,0.8002,0.625,HIGH,-0.6196,-0.3574,1,0,OOS
2026-06-16,RAND_TOP5,DN,IDEAFORGE.NS,0.9057,0.5,MEDIUM,2.3182,2.577,0,0,OOS
2026-06-16,RAND_TOP5,DN,LAURUSLABS.NS,0.7317,1.0,HIGH,-0.4795,2.6518,1,0,OOS
2026-06-16,RAND_TOP5,DN,SOLARINDS.NS,0.7385,0.625,HIGH,3.302,6.8229,0,0,OOS
2026-06-16,RAND_TOP5,DN,NMDC.NS,0.669,0.625,HIGH,-0.1022,0.3746,1,0,OOS
2026-06-17,KNOW_TOP5,DN,JINDALPOLY.NS,0.7397,0.875,HIGH,0.6336,-2.476,0,0,OOS
2026-06-17,KNOW_TOP5,DN,LAURUSLABS.NS,0.6754,0.875,HIGH,-0.073,4.8255,1,0,OOS
2026-06-17,KNOW_TOP5,DN,TATACOMM.NS,0.7113,0.75,HIGH,2.2213,8.5219,0,0,OOS
2026-06-17,KNOW_TOP5,DN,ATUL.NS,0.6498,0.75,HIGH,0.6971,1.4098,0,0,OOS
2026-06-17,KNOW_TOP5,DN,CIPLA.NS,0.6378,0.75,HIGH,0.3479,4.8046,0,0,OOS
2026-06-17,V3_TOP5,DN,MRPL.NS,0.858,0.5,MEDIUM,-1.2417,-4.1597,1,0,OOS
2026-06-17,V3_TOP5,DN,IDEAFORGE.NS,0.8171,0.375,MEDIUM,-1.0064,-4.0954,1,0,OOS
2026-06-17,V3_TOP5,DN,TECHM.NS,0.7653,0.5,MEDIUM,-1.0052,-1.86,1,0,OOS
2026-06-17,V3_TOP5,DN,JINDALPOLY.NS,0.7397,0.875,HIGH,0.6336,-2.476,0,0,OOS
2026-06-17,V3_TOP5,DN,AJANTPHARM.NS,0.7267,0.5,MEDIUM,-0.1883,3.5819,1,0,OOS
2026-06-17,RAND_TOP5,DN,JINDALPOLY.NS,0.7397,0.875,HIGH,0.6336,-2.476,0,0,OOS
2026-06-17,RAND_TOP5,DN,MRPL.NS,0.858,0.5,MEDIUM,-1.2417,-4.1597,1,0,OOS
2026-06-17,RAND_TOP5,DN,LAURUSLABS.NS,0.6754,0.875,HIGH,-0.073,4.8255,1,0,OOS
2026-06-17,RAND_TOP5,DN,ADANIGREEN.NS,0.6804,0.625,HIGH,2.7971,5.7375,0,0,OOS
2026-06-17,RAND_TOP5,DN,SOLARINDS.NS,0.6381,0.375,MEDIUM,1.7586,5.6367,0,0,OOS
2026-06-18,KNOW_TOP5,DN,ALKYLAMINE.NS,0.8249,0.75,HIGH,3.0259,0.6532,0,0,OOS
2026-06-18,KNOW_TOP5,DN,LAURUSLABS.NS,0.7336,0.75,HIGH,3.2218,8.197,0,0,OOS
2026-06-18,KNOW_TOP5,DN,TATACHEM.NS,0.6603,0.75,HIGH,-0.4777,-0.273,1,0,OOS
2026-06-18,KNOW_TOP5,DN,CIPLA.NS,0.6317,0.75,HIGH,-0.273,5.7248,1,0,OOS
2026-06-18,KNOW_TOP5,DN,JINDALPOLY.NS,0.756,0.625,HIGH,-0.5861,-7.4825,1,0,OOS
2026-06-18,V3_TOP5,DN,ALKYLAMINE.NS,0.8249,0.75,HIGH,3.0259,0.6532,0,0,OOS
2026-06-18,V3_TOP5,DN,TECHM.NS,0.8142,0.5,MEDIUM,-2.6318,-2.2173,1,1,OOS
2026-06-18,V3_TOP5,DN,JINDALPOLY.NS,0.756,0.625,HIGH,-0.5861,-7.4825,1,0,OOS
2026-06-18,V3_TOP5,DN,MRPL.NS,0.7354,0.375,MEDIUM,-3.0678,-3.6336,1,1,OOS
2026-06-18,V3_TOP5,DN,LAURUSLABS.NS,0.7336,0.75,HIGH,3.2218,8.197,0,0,OOS
2026-06-18,RAND_TOP5,DN,MRPL.NS,0.7354,0.375,MEDIUM,-3.0678,-3.6336,1,1,OOS
2026-06-18,RAND_TOP5,DN,ALKYLAMINE.NS,0.8249,0.75,HIGH,3.0259,0.6532,0,0,OOS
2026-06-18,RAND_TOP5,DN,DEEPAKFERT.NS,0.6991,0.5,MEDIUM,2.4644,3.7491,0,0,OOS
2026-06-18,RAND_TOP5,DN,TATACOMM.NS,0.7009,0.5,MEDIUM,2.4099,4.1813,0,0,OOS
2026-06-18,RAND_TOP5,DN,NMDC.NS,0.656,0.25,LOW,-0.1243,-3.6937,1,0,OOS
2026-06-19,KNOW_TOP5,DN,MRPL.NS,0.8761,0.75,HIGH,0.1167,1.323,0,0,OOS
2026-06-19,KNOW_TOP5,DN,JINDALPOLY.NS,0.7797,0.75,HIGH,-2.5186,-4.1709,1,1,OOS
2026-06-19,KNOW_TOP5,DN,TCS.NS,0.778,0.75,HIGH,0.1318,-0.7529,0,0,OOS
2026-06-19,KNOW_TOP5,DN,LTTS.NS,0.7189,0.75,HIGH,0.2101,-0.2642,0,0,OOS
2026-06-19,KNOW_TOP5,DN,TECHM.NS,0.7096,0.75,HIGH,1.8161,3.689,0,0,OOS
2026-06-19,V3_TOP5,DN,MRPL.NS,0.8761,0.75,HIGH,0.1167,1.323,0,0,OOS
2026-06-19,V3_TOP5,DN,INFY.NS,0.7938,0.625,HIGH,1.3316,0.4946,0,0,OOS
2026-06-19,V3_TOP5,DN,JINDALPOLY.NS,0.7797,0.75,HIGH,-2.5186,-4.1709,1,1,OOS
2026-06-19,V3_TOP5,DN,TCS.NS,0.778,0.75,HIGH,0.1318,-0.7529,0,0,OOS
2026-06-19,V3_TOP5,DN,IDEA.NS,0.7682,0.375,MEDIUM,-0.6702,-4.0885,1,0,OOS
2026-06-19,RAND_TOP5,DN,TCS.NS,0.778,0.75,HIGH,0.1318,-0.7529,0,0,OOS
2026-06-19,RAND_TOP5,DN,MRPL.NS,0.8761,0.75,HIGH,0.1167,1.323,0,0,OOS
2026-06-19,RAND_TOP5,DN,LTTS.NS,0.7189,0.75,HIGH,0.2101,-0.2642,0,0,OOS
2026-06-19,RAND_TOP5,DN,CENTUM.NS,0.7274,0.625,HIGH,4.6454,2.5968,0,0,OOS
2026-06-19,RAND_TOP5,DN,IDFCFIRSTB.NS,0.6682,0.375,MEDIUM,2.5547,0.6609,0,0,OOS
2026-06-22,KNOW_TOP5,DN,VBL.NS,0.7345,0.875,HIGH,-1.6863,-1.0332,1,0,OOS
2026-06-22,KNOW_TOP5,DN,MRPL.NS,0.8792,0.75,HIGH,-0.6996,-0.285,1,0,OOS
2026-06-22,KNOW_TOP5,DN,IDEA.NS,0.8163,0.75,HIGH,-2.4966,-5.1282,1,1,OOS
2026-06-22,KNOW_TOP5,DN,SHRIRAMFIN.NS,0.8054,0.75,HIGH,0.0504,3.923,0,0,OOS
2026-06-22,KNOW_TOP5,DN,JINDALPOLY.NS,0.7911,0.75,HIGH,-4.5326,-3.9203,1,1,OOS
2026-06-22,V3_TOP5,DN,MRPL.NS,0.8792,0.75,HIGH,-0.6996,-0.285,1,0,OOS
2026-06-22,V3_TOP5,DN,IDEA.NS,0.8163,0.75,HIGH,-2.4966,-5.1282,1,1,OOS
2026-06-22,V3_TOP5,DN,SHRIRAMFIN.NS,0.8054,0.75,HIGH,0.0504,3.923,0,0,OOS
2026-06-22,V3_TOP5,DN,JINDALPOLY.NS,0.7911,0.75,HIGH,-4.5326,-3.9203,1,1,OOS
2026-06-22,V3_TOP5,DN,SAIL.NS,0.7879,0.75,HIGH,-3.2428,-2.322,1,1,OOS
2026-06-22,RAND_TOP5,DN,JINDALPOLY.NS,0.7911,0.75,HIGH,-4.5326,-3.9203,1,1,OOS
2026-06-22,RAND_TOP5,DN,MRPL.NS,0.8792,0.75,HIGH,-0.6996,-0.285,1,0,OOS
2026-06-22,RAND_TOP5,DN,M&MFIN.NS,0.7428,0.625,HIGH,-0.9185,11.7707,1,0,OOS
2026-06-22,RAND_TOP5,DN,COROMANDEL.NS,0.7428,0.625,HIGH,0.2566,0.6389,0,0,OOS
2026-06-22,RAND_TOP5,DN,INDUSINDBK.NS,0.7034,0.75,HIGH,-1.6937,-0.228,1,0,OOS
2026-06-23,KNOW_TOP5,DN,JINDALPOLY.NS,0.8188,0.875,HIGH,2.9722,0.6414,0,0,OOS
2026-06-23,KNOW_TOP5,DN,HINDZINC.NS,0.7309,0.875,HIGH,-0.887,-5.2579,1,0,OOS
2026-06-23,KNOW_TOP5,DN,MOIL.NS,0.73,0.875,HIGH,-1.4447,-1.4975,1,0,OOS
2026-06-23,KNOW_TOP5,DN,STLTECH.NS,0.8323,0.75,HIGH,-3.812,0.9962,1,1,OOS
2026-06-23,KNOW_TOP5,DN,INFY.NS,0.8297,0.75,HIGH,2.6523,1.1561,0,0,OOS
2026-06-23,V3_TOP5,DN,STLTECH.NS,0.8323,0.75,HIGH,-3.812,0.9962,1,1,OOS
2026-06-23,V3_TOP5,DN,INFY.NS,0.8297,0.75,HIGH,2.6523,1.1561,0,0,OOS
2026-06-23,V3_TOP5,DN,MRPL.NS,0.8295,0.625,HIGH,1.9179,0.4175,0,0,OOS
2026-06-23,V3_TOP5,DN,JINDALPOLY.NS,0.8188,0.875,HIGH,2.9722,0.6414,0,0,OOS
2026-06-23,V3_TOP5,DN,WIPRO.NS,0.7785,0.625,HIGH,-0.0057,0.2923,1,0,OOS
2026-06-23,RAND_TOP5,DN,JINDALPOLY.NS,0.8188,0.875,HIGH,2.9722,0.6414,0,0,OOS
2026-06-23,RAND_TOP5,DN,STLTECH.NS,0.8323,0.75,HIGH,-3.812,0.9962,1,1,OOS
2026-06-23,RAND_TOP5,DN,DLF.NS,0.7631,0.75,HIGH,0.9472,1.4697,0,0,OOS
2026-06-23,RAND_TOP5,DN,COROMANDEL.NS,0.7696,0.625,HIGH,-0.4717,0.3814,1,0,OOS
2026-06-23,RAND_TOP5,DN,HCLTECH.NS,0.735,0.75,HIGH,0.3966,-0.7932,0,0,OOS
2026-06-24,KNOW_TOP5,DN,STLTECH.NS,0.8872,0.875,HIGH,4.9987,6.916,0,0,OOS
2026-06-24,KNOW_TOP5,DN,WIPRO.NS,0.8022,0.875,HIGH,0.298,0.5731,0,0,OOS
2026-06-24,KNOW_TOP5,DN,IDEA.NS,0.7576,0.875,HIGH,-1.747,0.8386,1,0,OOS
2026-06-24,KNOW_TOP5,DN,MOIL.NS,0.743,0.875,HIGH,-0.0536,0.1251,1,0,OOS
2026-06-24,KNOW_TOP5,DN,IDEAFORGE.NS,0.8592,0.75,HIGH,0.893,-0.7952,0,0,OOS
2026-06-24,V3_TOP5,DN,STLTECH.NS,0.8872,0.875,HIGH,4.9987,6.916,0,0,OOS
2026-06-24,V3_TOP5,DN,IDEAFORGE.NS,0.8592,0.75,HIGH,0.893,-0.7952,0,0,OOS
2026-06-24,V3_TOP5,DN,RATEGAIN.NS,0.8375,0.625,HIGH,-2.2379,0.4883,1,1,OOS
2026-06-24,V3_TOP5,DN,INFY.NS,0.8285,0.5,MEDIUM,-1.4575,-1.8834,1,0,OOS
2026-06-24,V3_TOP5,DN,DATAPATTNS.NS,0.8226,0.75,HIGH,-2.4567,-3.2034,1,1,OOS
2026-06-24,RAND_TOP5,DN,INFY.NS,0.8285,0.5,MEDIUM,-1.4575,-1.8834,1,0,OOS
2026-06-24,RAND_TOP5,DN,STLTECH.NS,0.8872,0.875,HIGH,4.9987,6.916,0,0,OOS
2026-06-24,RAND_TOP5,DN,WIPRO.NS,0.8022,0.875,HIGH,0.298,0.5731,0,0,OOS
2026-06-24,RAND_TOP5,DN,VEDL.NS,0.8027,0.625,HIGH,-3.2207,0.7078,1,1,OOS
2026-06-24,RAND_TOP5,DN,INDIAMART.NS,0.7415,0.75,HIGH,-0.9422,-2.3658,1,0,OOS
2026-06-25,KNOW_TOP5,DN,MUTHOOTFIN.NS,0.8221,0.875,HIGH,0.0,-0.9354,0,0,OOS
2026-06-25,KNOW_TOP5,DN,KEI.NS,0.7692,0.875,HIGH,0.0,3.0277,0,0,OOS
2026-06-25,KNOW_TOP5,DN,TIINDIA.NS,0.7689,0.875,HIGH,0.0,-0.8088,0,0,OOS
2026-06-25,KNOW_TOP5,DN,PARAS.NS,0.9148,0.75,HIGH,0.0,4.4823,0,0,OOS
2026-06-25,KNOW_TOP5,DN,DATAPATTNS.NS,0.8565,0.75,HIGH,0.0,-0.1065,0,0,OOS
2026-06-25,V3_TOP5,DN,PARAS.NS,0.9148,0.75,HIGH,0.0,4.4823,0,0,OOS
2026-06-25,V3_TOP5,DN,BATAINDIA.NS,0.8827,0.625,HIGH,0.0,-4.356,0,0,OOS
2026-06-25,V3_TOP5,DN,DATAPATTNS.NS,0.8565,0.75,HIGH,0.0,-0.1065,0,0,OOS
2026-06-25,V3_TOP5,DN,IDEAFORGE.NS,0.8536,0.625,HIGH,0.0,-1.1034,0,0,OOS
2026-06-25,V3_TOP5,DN,RATEGAIN.NS,0.8515,0.75,HIGH,0.0,6.9207,0,0,OOS
2026-06-25,RAND_TOP5,DN,IDEAFORGE.NS,0.8536,0.625,HIGH,0.0,-1.1034,0,0,OOS
2026-06-25,RAND_TOP5,DN,PARAS.NS,0.9148,0.75,HIGH,0.0,4.4823,0,0,OOS
2026-06-25,RAND_TOP5,DN,HINDZINC.NS,0.8032,0.75,HIGH,0.0,2.9148,0,0,OOS
2026-06-25,RAND_TOP5,DN,IRFC.NS,0.8044,0.75,HIGH,0.0,-1.3512,0,0,OOS
2026-06-25,RAND_TOP5,DN,DLF.NS,0.7628,0.625,HIGH,0.0,-0.2092,0,0,OOS
2026-06-29,KNOW_TOP5,DN,RATNAMANI.NS,0.7913,0.875,HIGH,-2.3422,-3.3266,1,1,OOS
2026-06-29,KNOW_TOP5,DN,PARAS.NS,0.8937,0.75,HIGH,8.9737,13.6022,0,0,OOS
2026-06-29,KNOW_TOP5,DN,PERSISTENT.NS,0.8216,0.75,HIGH,0.6514,6.5628,0,0,OOS
2026-06-29,KNOW_TOP5,DN,IRFC.NS,0.8166,0.75,HIGH,-0.0883,0.2428,1,0,OOS
2026-06-29,KNOW_TOP5,DN,BATAINDIA.NS,0.813,0.75,HIGH,-1.7737,0.3231,1,0,OOS
2026-06-29,V3_TOP5,DN,PARAS.NS,0.8937,0.75,HIGH,8.9737,13.6022,0,0,OOS
2026-06-29,V3_TOP5,DN,NOCIL.NS,0.8659,0.625,HIGH,-1.5064,-1.8624,1,0,OOS
2026-06-29,V3_TOP5,DN,GNFC.NS,0.85,0.5,MEDIUM,-0.5581,-2.2509,1,0,OOS
2026-06-29,V3_TOP5,DN,MGL.NS,0.8252,0.625,HIGH,2.8019,0.1138,0,0,OOS
2026-06-29,V3_TOP5,DN,PERSISTENT.NS,0.8216,0.75,HIGH,0.6514,6.5628,0,0,OOS
2026-06-29,RAND_TOP5,DN,MGL.NS,0.8252,0.625,HIGH,2.8019,0.1138,0,0,OOS
2026-06-29,RAND_TOP5,DN,PARAS.NS,0.8937,0.75,HIGH,8.9737,13.6022,0,0,OOS
2026-06-29,RAND_TOP5,DN,CLEAN.NS,0.8058,0.75,HIGH,-0.9508,1.2373,1,0,OOS
2026-06-29,RAND_TOP5,DN,GRSE.NS,0.8101,0.75,HIGH,1.8075,3.4917,0,0,OOS
2026-06-29,RAND_TOP5,DN,DATAPATTNS.NS,0.7612,0.625,HIGH,0.6641,4.1278,0,0,OOS
2026-06-30,KNOW_TOP5,DN,RATNAMANI.NS,0.8276,0.875,HIGH,-1.2032,0.0996,1,0,OOS
2026-06-30,KNOW_TOP5,DN,IRFC.NS,0.7983,0.875,HIGH,0.718,0.0442,0,0,OOS
2026-06-30,KNOW_TOP5,DN,EICHERMOT.NS,0.7459,0.875,HIGH,0.926,3.7605,0,0,OOS
2026-06-30,KNOW_TOP5,DN,RAJESHEXPO.NS,0.8978,0.75,HIGH,-4.9009,3.4851,1,1,OOS
2026-06-30,KNOW_TOP5,DN,NOCIL.NS,0.8872,0.75,HIGH,-0.5673,2.4637,1,0,OOS
2026-06-30,V3_TOP5,DN,RAJESHEXPO.NS,0.8978,0.75,HIGH,-4.9009,3.4851,1,1,OOS
2026-06-30,V3_TOP5,DN,NOCIL.NS,0.8872,0.75,HIGH,-0.5673,2.4637,1,0,OOS
2026-06-30,V3_TOP5,DN,PARAS.NS,0.8588,0.5,MEDIUM,-0.865,0.384,1,0,OOS
2026-06-30,V3_TOP5,DN,BATAINDIA.NS,0.8572,0.75,HIGH,-0.2705,1.8496,1,0,OOS
2026-06-30,V3_TOP5,DN,RATNAMANI.NS,0.8276,0.875,HIGH,-1.2032,0.0996,1,0,OOS
2026-06-30,RAND_TOP5,DN,BATAINDIA.NS,0.8572,0.75,HIGH,-0.2705,1.8496,1,0,OOS
2026-06-30,RAND_TOP5,DN,RAJESHEXPO.NS,0.8978,0.75,HIGH,-4.9009,3.4851,1,1,OOS
2026-06-30,RAND_TOP5,DN,GNFC.NS,0.7931,0.75,HIGH,-2.3555,-2.6132,1,1,OOS
2026-06-30,RAND_TOP5,DN,IRFC.NS,0.7983,0.875,HIGH,0.718,0.0442,0,0,OOS
2026-06-30,RAND_TOP5,DN,BDL.NS,0.7361,0.625,HIGH,0.7746,1.4469,0,0,OOS
2026-07-01,KNOW_TOP5,DN,RAJESHEXPO.NS,0.8971,0.875,HIGH,4.9931,11.5896,0,0,OOS
2026-07-01,KNOW_TOP5,DN,COFORGE.NS,0.7891,0.875,HIGH,5.1944,8.1126,0,0,OOS
2026-07-01,KNOW_TOP5,DN,TECHM.NS,0.721,0.875,HIGH,4.3386,3.2521,0,0,OOS
2026-07-01,KNOW_TOP5,DN,KPITTECH.NS,0.8899,0.75,HIGH,0.2242,0.0807,0,0,OOS
2026-07-01,KNOW_TOP5,DN,PERSISTENT.NS,0.8399,0.75,HIGH,5.7826,8.9049,0,0,OOS
2026-07-01,V3_TOP5,DN,RAJESHEXPO.NS,0.8971,0.875,HIGH,4.9931,11.5896,0,0,OOS
2026-07-01,V3_TOP5,DN,KPITTECH.NS,0.8899,0.75,HIGH,0.2242,0.0807,0,0,OOS
2026-07-01,V3_TOP5,DN,PERSISTENT.NS,0.8399,0.75,HIGH,5.7826,8.9049,0,0,OOS
2026-07-01,V3_TOP5,DN,RATNAMANI.NS,0.8345,0.75,HIGH,0.1976,3.8551,0,0,OOS
2026-07-01,V3_TOP5,DN,BATAINDIA.NS,0.828,0.75,HIGH,2.4117,1.0262,0,0,OOS
2026-07-01,RAND_TOP5,DN,RATNAMANI.NS,0.8345,0.75,HIGH,0.1976,3.8551,0,0,OOS
2026-07-01,RAND_TOP5,DN,RAJESHEXPO.NS,0.8971,0.875,HIGH,4.9931,11.5896,0,0,OOS
2026-07-01,RAND_TOP5,DN,GNFC.NS,0.7778,0.75,HIGH,0.6691,-1.8093,0,0,OOS
2026-07-01,RAND_TOP5,DN,MUTHOOTFIN.NS,0.7797,0.75,HIGH,1.1939,7.6401,0,0,OOS
2026-07-01,RAND_TOP5,DN,HCLTECH.NS,0.7372,0.625,HIGH,4.2448,9.6693,0,0,OOS
2026-07-02,KNOW_TOP5,DN,KPITTECH.NS,0.8956,0.875,HIGH,-0.0268,0.6442,1,0,OOS
2026-07-02,KNOW_TOP5,DN,VINATIORGA.NS,0.8119,0.875,HIGH,1.7768,4.2074,0,0,OOS
2026-07-02,KNOW_TOP5,DN,HFCL.NS,0.9112,0.75,HIGH,4.8341,10.4844,0,0,OOS
2026-07-02,KNOW_TOP5,DN,RATNAMANI.NS,0.8405,0.75,HIGH,1.1188,4.7611,0,0,OOS
2026-07-02,KNOW_TOP5,DN,STLTECH.NS,0.7845,0.75,HIGH,2.524,-1.1909,0,0,OOS
2026-07-02,V3_TOP5,DN,HFCL.NS,0.9112,0.75,HIGH,4.8341,10.4844,0,0,OOS
2026-07-02,V3_TOP5,DN,KPITTECH.NS,0.8956,0.875,HIGH,-0.0268,0.6442,1,0,OOS
2026-07-02,V3_TOP5,DN,RAJESHEXPO.NS,0.8842,0.5,MEDIUM,3.6431,6.3591,0,0,OOS
2026-07-02,V3_TOP5,DN,RATNAMANI.NS,0.8405,0.75,HIGH,1.1188,4.7611,0,0,OOS
2026-07-02,V3_TOP5,DN,GALAXYSURF.NS,0.8332,0.625,HIGH,3.4519,1.9228,0,0,OOS
2026-07-02,RAND_TOP5,DN,RATNAMANI.NS,0.8405,0.75,HIGH,1.1188,4.7611,0,0,OOS
2026-07-02,RAND_TOP5,DN,HFCL.NS,0.9112,0.75,HIGH,4.8341,10.4844,0,0,OOS
2026-07-02,RAND_TOP5,DN,VINATIORGA.NS,0.8119,0.875,HIGH,1.7768,4.2074,0,0,OOS
2026-07-02,RAND_TOP5,DN,IGL.NS,0.8175,0.625,HIGH,-1.1617,-2.2593,1,0,OOS
2026-07-02,RAND_TOP5,DN,GNFC.NS,0.7235,0.625,HIGH,-0.9267,-3.8753,1,0,OOS
2026-07-03,KNOW_TOP5,DN,KPITTECH.NS,0.892,0.875,HIGH,-0.1164,-0.725,1,0,OOS
2026-07-03,KNOW_TOP5,DN,UNIONBANK.NS,0.7203,0.875,HIGH,-1.2324,-5.3345,1,0,OOS
2026-07-03,KNOW_TOP5,DN,MGL.NS,0.7577,0.75,HIGH,-0.2392,-3.0746,1,0,OOS
2026-07-03,KNOW_TOP5,DN,TATACOMM.NS,0.7461,0.75,HIGH,-0.771,-1.0752,1,0,OOS
2026-07-03,KNOW_TOP5,DN,POLICYBZR.NS,0.7097,0.75,HIGH,-0.6599,-1.8037,1,0,OOS
2026-07-03,V3_TOP5,DN,KPITTECH.NS,0.892,0.875,HIGH,-0.1164,-0.725,1,0,OOS
2026-07-03,V3_TOP5,DN,PERSISTENT.NS,0.8203,0.625,HIGH,0.7068,1.8536,0,0,OOS
2026-07-03,V3_TOP5,DN,IGL.NS,0.7884,0.625,HIGH,-1.1494,-2.5132,1,0,OOS
2026-07-03,V3_TOP5,DN,COFORGE.NS,0.7883,0.5,MEDIUM,1.2227,-1.2363,0,0,OOS
2026-07-03,V3_TOP5,DN,HFCL.NS,0.7835,0.5,MEDIUM,4.8816,0.1212,0,0,OOS
2026-07-03,RAND_TOP5,DN,COFORGE.NS,0.7883,0.5,MEDIUM,1.2227,-1.2363,0,0,OOS
2026-07-03,RAND_TOP5,DN,KPITTECH.NS,0.892,0.875,HIGH,-0.1164,-0.725,1,0,OOS
2026-07-03,RAND_TOP5,DN,MGL.NS,0.7577,0.75,HIGH,-0.2392,-3.0746,1,0,OOS
2026-07-03,RAND_TOP5,DN,STLTECH.NS,0.7608,0.625,HIGH,1.4476,-8.4345,0,0,OOS
2026-07-03,RAND_TOP5,DN,DEEPAKNTR.NS,0.7133,0.625,HIGH,2.8304,0.8472,0,0,OOS
2026-07-06,KNOW_TOP5,DN,KPITTECH.NS,0.8937,0.75,HIGH,0.7885,-1.7652,0,0,OOS
2026-07-06,KNOW_TOP5,DN,FINEORG.NS,0.8465,0.75,HIGH,-2.6764,-3.2701,1,1,OOS
2026-07-06,KNOW_TOP5,DN,POLICYBZR.NS,0.7698,0.75,HIGH,1.7271,-0.5188,0,0,OOS
2026-07-06,KNOW_TOP5,DN,MOTHERSON.NS,0.7681,0.75,HIGH,-1.3487,-1.7409,1,0,OOS
2026-07-06,KNOW_TOP5,DN,TATACOMM.NS,0.7589,0.75,HIGH,0.7875,-1.1416,0,0,OOS
2026-07-06,V3_TOP5,DN,KPITTECH.NS,0.8937,0.75,HIGH,0.7885,-1.7652,0,0,OOS
2026-07-06,V3_TOP5,DN,FINEORG.NS,0.8465,0.75,HIGH,-2.6764,-3.2701,1,1,OOS
2026-07-06,V3_TOP5,DN,STLTECH.NS,0.7987,0.625,HIGH,-4.9987,-5.2636,1,1,OOS
2026-07-06,V3_TOP5,DN,AJANTPHARM.NS,0.7886,0.5,MEDIUM,-1.7489,-1.9535,1,0,OOS
2026-07-06,V3_TOP5,DN,IGL.NS,0.7732,0.625,HIGH,0.0394,-0.2956,0,0,OOS
2026-07-06,RAND_TOP5,DN,AJANTPHARM.NS,0.7886,0.5,MEDIUM,-1.7489,-1.9535,1,0,OOS
2026-07-06,RAND_TOP5,DN,KPITTECH.NS,0.8937,0.75,HIGH,0.7885,-1.7652,0,0,OOS
2026-07-06,RAND_TOP5,DN,TATACOMM.NS,0.7589,0.75,HIGH,0.7875,-1.1416,0,0,OOS
2026-07-06,RAND_TOP5,DN,KEI.NS,0.7671,0.625,HIGH,-2.7614,-4.6372,1,1,OOS
2026-07-06,RAND_TOP5,DN,OFSS.NS,0.7331,0.5,MEDIUM,0.2348,0.5691,0,0,OOS
2026-07-07,KNOW_TOP5,DN,MOTHERSON.NS,0.7614,0.875,HIGH,-1.8972,-0.1255,1,0,OOS
2026-07-07,KNOW_TOP5,DN,COCHINSHIP.NS,0.7604,0.875,HIGH,-2.8775,-1.916,1,1,OOS
2026-07-07,KNOW_TOP5,DN,KALYANKJIL.NS,0.7362,0.875,HIGH,5.4686,34.2213,0,0,OOS
2026-07-07,KNOW_TOP5,DN,STLTECH.NS,0.8486,0.75,HIGH,-4.9919,-2.3116,1,1,OOS
2026-07-07,KNOW_TOP5,DN,AJANTPHARM.NS,0.8477,0.75,HIGH,-1.0771,1.0288,1,0,OOS
2026-07-07,V3_TOP5,DN,KPITTECH.NS,0.8763,0.5,MEDIUM,-1.3869,-0.1156,1,0,OOS
2026-07-07,V3_TOP5,DN,STLTECH.NS,0.8486,0.75,HIGH,-4.9919,-2.3116,1,1,OOS
2026-07-07,V3_TOP5,DN,AJANTPHARM.NS,0.8477,0.75,HIGH,-1.0771,1.0288,1,0,OOS
2026-07-07,V3_TOP5,DN,FINEORG.NS,0.8346,0.625,HIGH,-2.44,-0.01,1,1,OOS
2026-07-07,V3_TOP5,DN,OLECTRA.NS,0.8233,0.625,HIGH,-1.4903,0.5509,1,0,OOS
2026-07-07,RAND_TOP5,DN,FINEORG.NS,0.8346,0.625,HIGH,-2.44,-0.01,1,1,OOS
2026-07-07,RAND_TOP5,DN,KPITTECH.NS,0.8763,0.5,MEDIUM,-1.3869,-0.1156,1,0,OOS
2026-07-07,RAND_TOP5,DN,NHPC.NS,0.7594,0.625,HIGH,-0.1014,1.1789,1,0,OOS
2026-07-07,RAND_TOP5,DN,COCHINSHIP.NS,0.7604,0.875,HIGH,-2.8775,-1.916,1,1,OOS
2026-07-07,RAND_TOP5,DN,BANKBARODA.NS,0.7188,0.625,HIGH,-2.9857,1.2508,1,1,OOS
2026-07-08,KNOW_TOP5,DN,BEML.NS,0.7117,0.875,HIGH,2.2464,6.1761,0,0,OOS
2026-07-08,KNOW_TOP5,DN,COCHINSHIP.NS,0.709,0.875,HIGH,0.1852,0.5484,0,0,OOS
2026-07-08,KNOW_TOP5,DN,POLICYBZR.NS,0.8595,0.75,HIGH,0.64,2.0544,0,0,OOS
2026-07-08,KNOW_TOP5,DN,PAGEIND.NS,0.8095,0.75,HIGH,-1.9317,-3.5253,1,0,OOS
2026-07-08,KNOW_TOP5,DN,ZYDUSWELL.NS,0.7641,0.75,HIGH,2.0718,5.8493,0,0,OOS
2026-07-08,V3_TOP5,DN,POLICYBZR.NS,0.8595,0.75,HIGH,0.64,2.0544,0,0,OOS
2026-07-08,V3_TOP5,DN,STLTECH.NS,0.8165,0.625,HIGH,4.9607,-1.8934,0,0,OOS
2026-07-08,V3_TOP5,DN,PAGEIND.NS,0.8095,0.75,HIGH,-1.9317,-3.5253,1,0,OOS
2026-07-08,V3_TOP5,DN,ZYDUSWELL.NS,0.7641,0.75,HIGH,2.0718,5.8493,0,0,OOS
2026-07-08,V3_TOP5,DN,UNIONBANK.NS,0.7597,0.625,HIGH,1.8589,10.3634,0,0,OOS
2026-07-08,RAND_TOP5,DN,ZYDUSWELL.NS,0.7641,0.75,HIGH,2.0718,5.8493,0,0,OOS
2026-07-08,RAND_TOP5,DN,POLICYBZR.NS,0.8595,0.75,HIGH,0.64,2.0544,0,0,OOS
2026-07-08,RAND_TOP5,DN,FINEORG.NS,0.7308,0.75,HIGH,1.8758,2.993,0,0,OOS
2026-07-08,RAND_TOP5,DN,BANKBARODA.NS,0.7408,0.75,HIGH,1.7259,4.242,0,0,OOS
2026-07-08,RAND_TOP5,DN,MGL.NS,0.6813,0.75,HIGH,2.6328,1.874,0,0,OOS
2026-07-09,KNOW_TOP5,DN,DRREDDY.NS,0.7822,0.875,HIGH,-1.985,-1.8354,1,0,OOS
2026-07-09,KNOW_TOP5,DN,SOLARINDS.NS,0.7771,0.875,HIGH,4.9252,5.2186,0,0,OOS
2026-07-09,KNOW_TOP5,DN,MAZDOCK.NS,0.7539,0.875,HIGH,1.9934,-0.5437,0,0,OOS
2026-07-09,KNOW_TOP5,DN,COCHINSHIP.NS,0.7417,0.875,HIGH,0.8033,-1.1303,0,0,OOS
2026-07-09,KNOW_TOP5,DN,POLICYBZR.NS,0.8568,0.75,HIGH,0.5024,-0.3561,0,0,OOS
2026-07-09,V3_TOP5,DN,ZYDUSWELL.NS,0.8575,0.625,HIGH,3.6658,0.7699,0,0,OOS
2026-07-09,V3_TOP5,DN,POLICYBZR.NS,0.8568,0.75,HIGH,0.5024,-0.3561,0,0,OOS
2026-07-09,V3_TOP5,DN,PAGEIND.NS,0.8177,0.75,HIGH,-3.0038,-0.2093,1,1,OOS
2026-07-09,V3_TOP5,DN,ZENSARTECH.NS,0.8122,0.75,HIGH,13.6008,17.9928,0,0,OOS
2026-07-09,V3_TOP5,DN,DRREDDY.NS,0.7822,0.875,HIGH,-1.985,-1.8354,1,0,OOS
2026-07-09,RAND_TOP5,DN,ZENSARTECH.NS,0.8122,0.75,HIGH,13.6008,17.9928,0,0,OOS
2026-07-09,RAND_TOP5,DN,ZYDUSWELL.NS,0.8575,0.625,HIGH,3.6658,0.7699,0,0,OOS
2026-07-09,RAND_TOP5,DN,MAZDOCK.NS,0.7539,0.875,HIGH,1.9934,-0.5437,0,0,OOS
2026-07-09,RAND_TOP5,DN,UNIONBANK.NS,0.7583,0.625,HIGH,4.6102,8.5273,0,0,OOS
2026-07-09,RAND_TOP5,DN,OLECTRA.NS,0.6983,0.625,HIGH,1.9771,-1.2751,0,0,OOS
2026-07-10,KNOW_TOP5,DN,DRREDDY.NS,0.864,0.75,HIGH,-0.7876,-1.1894,1,0,OOS
2026-07-10,KNOW_TOP5,DN,PAGEIND.NS,0.8473,0.75,HIGH,1.4215,2.5384,0,0,OOS
2026-07-10,KNOW_TOP5,DN,DEEPAKFERT.NS,0.7428,0.75,HIGH,-0.8387,1.4808,1,0,OOS
2026-07-10,KNOW_TOP5,DN,SHRIRAMFIN.NS,0.7318,0.75,HIGH,0.3831,-0.9865,0,0,OOS
2026-07-10,KNOW_TOP5,DN,VEDL.NS,0.7229,0.75,HIGH,-1.064,-4.4029,1,0,OOS
2026-07-10,V3_TOP5,DN,DRREDDY.NS,0.864,0.75,HIGH,-0.7876,-1.1894,1,0,OOS
2026-07-10,V3_TOP5,DN,PAGEIND.NS,0.8473,0.75,HIGH,1.4215,2.5384,0,0,OOS
2026-07-10,V3_TOP5,DN,ZENSARTECH.NS,0.8329,0.625,HIGH,6.2863,0.9543,0,0,OOS
2026-07-10,V3_TOP5,DN,INTELLECT.NS,0.8279,0.625,HIGH,2.5766,-0.4415,0,0,OOS
2026-07-10,V3_TOP5,DN,ASHOKLEY.NS,0.8145,0.5,MEDIUM,1.0985,-0.6159,0,0,OOS
2026-07-10,RAND_TOP5,DN,INTELLECT.NS,0.8279,0.625,HIGH,2.5766,-0.4415,0,0,OOS
2026-07-10,RAND_TOP5,DN,DRREDDY.NS,0.864,0.75,HIGH,-0.7876,-1.1894,1,0,OOS
2026-07-10,RAND_TOP5,DN,SHRIRAMFIN.NS,0.7318,0.75,HIGH,0.3831,-0.9865,0,0,OOS
2026-07-10,RAND_TOP5,DN,DEEPAKFERT.NS,0.7428,0.75,HIGH,-0.8387,1.4808,1,0,OOS
2026-07-10,RAND_TOP5,DN,SOLARINDS.NS,0.6791,0.625,HIGH,-0.4387,0.2687,1,0,OOS
2026-07-13,KNOW_TOP5,DN,BDL.NS,0.6917,0.875,HIGH,-1.9189,-3.0703,1,0,OOS
2026-07-13,KNOW_TOP5,DN,DRREDDY.NS,0.8376,0.75,HIGH,0.9478,-0.8181,0,0,OOS
2026-07-13,KNOW_TOP5,DN,MARUTI.NS,0.807,0.75,HIGH,-1.5042,0.6426,1,0,OOS
2026-07-13,KNOW_TOP5,DN,DEEPAKFERT.NS,0.7767,0.75,HIGH,1.8898,5.7949,0,0,OOS
2026-07-13,KNOW_TOP5,DN,STLTECH.NS,0.7507,0.75,HIGH,3.03,4.4775,0,0,OOS
2026-07-13,V3_TOP5,DN,DRREDDY.NS,0.8376,0.75,HIGH,0.9478,-0.8181,0,0,OOS
2026-07-13,V3_TOP5,DN,PAGEIND.NS,0.835,0.625,HIGH,1.4391,1.2639,0,0,OOS
2026-07-13,V3_TOP5,DN,MANAPPURAM.NS,0.8123,0.625,HIGH,-1.1002,-2.0045,1,0,OOS
2026-07-13,V3_TOP5,DN,ASHOKLEY.NS,0.8074,0.5,MEDIUM,-2.5311,-2.7321,1,1,OOS
2026-07-13,V3_TOP5,DN,MARUTI.NS,0.807,0.75,HIGH,-1.5042,0.6426,1,0,OOS
2026-07-13,RAND_TOP5,DN,ASHOKLEY.NS,0.8074,0.5,MEDIUM,-2.5311,-2.7321,1,1,OOS
2026-07-13,RAND_TOP5,DN,DRREDDY.NS,0.8376,0.75,HIGH,0.9478,-0.8181,0,0,OOS
2026-07-13,RAND_TOP5,DN,PARAS.NS,0.7412,0.75,HIGH,-1.813,-2.2458,1,0,OOS
2026-07-13,RAND_TOP5,DN,STLTECH.NS,0.7507,0.75,HIGH,3.03,4.4775,0,0,OOS
2026-07-13,RAND_TOP5,DN,MAZDOCK.NS,0.7005,0.75,HIGH,-1.7772,-1.719,1,0,OOS
2026-07-14,KNOW_TOP5,DN,SHRIRAMFIN.NS,0.7412,0.875,HIGH,1.9627,2.0712,0,0,OOS
2026-07-14,KNOW_TOP5,DN,RAJESHEXPO.NS,0.8951,0.75,HIGH,-2.4111,-4.4778,1,1,OOS
2026-07-14,KNOW_TOP5,DN,MARUTI.NS,0.8155,0.75,HIGH,0.6969,2.3278,0,0,OOS
2026-07-14,KNOW_TOP5,DN,HFCL.NS,0.8066,0.75,HIGH,4.8407,0.1833,0,0,OOS
2026-07-14,KNOW_TOP5,DN,APOLLOTYRE.NS,0.7917,0.75,HIGH,0.27,1.1272,0,0,OOS
2026-07-14,V3_TOP5,DN,RAJESHEXPO.NS,0.8951,0.75,HIGH,-2.4111,-4.4778,1,1,OOS
2026-07-14,V3_TOP5,DN,ASHOKLEY.NS,0.8203,0.625,HIGH,0.857,0.0258,0,0,OOS
2026-07-14,V3_TOP5,DN,MARUTI.NS,0.8155,0.75,HIGH,0.6969,2.3278,0,0,OOS
2026-07-14,V3_TOP5,DN,INTELLECT.NS,0.8117,0.625,HIGH,-0.3167,0.2903,1,0,OOS
2026-07-14,V3_TOP5,DN,DRREDDY.NS,0.8101,0.625,HIGH,-1.3401,-2.8085,1,0,OOS
2026-07-14,RAND_TOP5,DN,INTELLECT.NS,0.8117,0.625,HIGH,-0.3167,0.2903,1,0,OOS
2026-07-14,RAND_TOP5,DN,RAJESHEXPO.NS,0.8951,0.75,HIGH,-2.4111,-4.4778,1,1,OOS
2026-07-14,RAND_TOP5,DN,CHOLAFIN.NS,0.7688,0.75,HIGH,1.829,1.8854,0,0,OOS
2026-07-14,RAND_TOP5,DN,MANAPPURAM.NS,0.7902,0.625,HIGH,0.1524,-0.8077,0,0,OOS
2026-07-14,RAND_TOP5,DN,BAJFINANCE.NS,0.7105,0.625,HIGH,1.4604,4.9374,0,0,OOS
2026-07-15,KNOW_TOP5,DN,RAJESHEXPO.NS,0.8966,0.75,HIGH,-1.0589,-0.4668,1,0,OOS
2026-07-15,KNOW_TOP5,DN,DRREDDY.NS,0.8298,0.75,HIGH,-0.4148,-0.5205,1,0,OOS
2026-07-15,KNOW_TOP5,DN,M&MFIN.NS,0.7961,0.75,HIGH,-0.954,-0.7386,1,0,OOS
2026-07-15,KNOW_TOP5,DN,MUTHOOTFIN.NS,0.7883,0.75,HIGH,-0.6664,-1.1074,1,0,OOS
2026-07-15,KNOW_TOP5,DN,KPITTECH.NS,0.7578,0.75,HIGH,-0.0453,1.7404,1,0,OOS
2026-07-15,V3_TOP5,DN,RAJESHEXPO.NS,0.8966,0.75,HIGH,-1.0589,-0.4668,1,0,OOS
2026-07-15,V3_TOP5,DN,DRREDDY.NS,0.8298,0.75,HIGH,-0.4148,-0.5205,1,0,OOS
2026-07-15,V3_TOP5,DN,APOLLOTYRE.NS,0.8076,0.625,HIGH,1.1827,0.3981,0,0,OOS
2026-07-15,V3_TOP5,DN,M&MFIN.NS,0.7961,0.75,HIGH,-0.954,-0.7386,1,0,OOS
2026-07-15,V3_TOP5,DN,NAUKRI.NS,0.7917,0.625,HIGH,1.7749,0.468,0,0,OOS
2026-07-15,RAND_TOP5,DN,M&MFIN.NS,0.7961,0.75,HIGH,-0.954,-0.7386,1,0,OOS
2026-07-15,RAND_TOP5,DN,RAJESHEXPO.NS,0.8966,0.75,HIGH,-1.0589,-0.4668,1,0,OOS
2026-07-15,RAND_TOP5,DN,KPITTECH.NS,0.7578,0.75,HIGH,-0.0453,1.7404,1,0,OOS
2026-07-15,RAND_TOP5,DN,MANAPPURAM.NS,0.7721,0.625,HIGH,-1.0651,2.5867,1,0,OOS
2026-07-15,RAND_TOP5,DN,HCLTECH.NS,0.7041,0.375,MEDIUM,1.661,4.5634,0,0,OOS
2026-07-16,KNOW_TOP5,DN,BAJAJFINSV.NS,0.7771,0.875,HIGH,0.8376,3.3721,0,0,OOS
2026-07-16,KNOW_TOP5,DN,DLF.NS,0.7535,0.875,HIGH,3.0397,3.9423,0,0,OOS
2026-07-16,KNOW_TOP5,DN,PRESTIGE.NS,0.7461,0.875,HIGH,3.1248,3.9715,0,0,OOS
2026-07-16,KNOW_TOP5,DN,HAVELLS.NS,0.6667,0.875,HIGH,1.4266,4.015,0,0,OOS
2026-07-16,KNOW_TOP5,DN,RAJESHEXPO.NS,0.8917,0.75,HIGH,-1.0702,5.6272,1,0,OOS
2026-07-16,V3_TOP5,DN,RAJESHEXPO.NS,0.8917,0.75,HIGH,-1.0702,5.6272,1,0,OOS
2026-07-16,V3_TOP5,DN,ICICIGI.NS,0.8696,0.75,HIGH,-0.7144,0.0123,1,0,OOS
2026-07-16,V3_TOP5,DN,ALKYLAMINE.NS,0.8333,0.625,HIGH,-3.2926,-2.7632,1,1,OOS
2026-07-16,V3_TOP5,DN,M&MFIN.NS,0.8012,0.75,HIGH,0.7302,8.6997,0,0,OOS
2026-07-16,V3_TOP5,DN,BAJAJFINSV.NS,0.7771,0.875,HIGH,0.8376,3.3721,0,0,OOS
2026-07-16,RAND_TOP5,DN,M&MFIN.NS,0.8012,0.75,HIGH,0.7302,8.6997,0,0,OOS
2026-07-16,RAND_TOP5,DN,RAJESHEXPO.NS,0.8917,0.75,HIGH,-1.0702,5.6272,1,0,OOS
2026-07-16,RAND_TOP5,DN,GODREJCP.NS,0.7534,0.5,MEDIUM,1.3425,-0.3309,0,0,OOS
2026-07-16,RAND_TOP5,DN,DLF.NS,0.7535,0.875,HIGH,3.0397,3.9423,0,0,OOS
2026-07-16,RAND_TOP5,DN,DRREDDY.NS,0.6713,0.625,HIGH,-1.0781,-1.5028,1,0,OOS
2026-07-17,KNOW_TOP5,DN,ICICIGI.NS,0.87,0.875,HIGH,0.5831,-1.7802,0,0,OOS
2026-07-17,KNOW_TOP5,DN,NAUKRI.NS,0.802,0.75,HIGH,0.358,0.1727,0,0,OOS
2026-07-17,KNOW_TOP5,DN,JINDALPOLY.NS,0.7915,0.75,HIGH,1.0925,-1.7298,0,0,OOS
2026-07-17,KNOW_TOP5,DN,WELCORP.NS,0.7808,0.75,HIGH,2.1688,1.9159,0,0,OOS
2026-07-17,KNOW_TOP5,DN,DLF.NS,0.7766,0.75,HIGH,0.1198,-2.4409,0,0,OOS
2026-07-17,V3_TOP5,DN,RAJESHEXPO.NS,0.8737,0.625,HIGH,1.6866,3.8153,0,0,OOS
2026-07-17,V3_TOP5,DN,ICICIGI.NS,0.87,0.875,HIGH,0.5831,-1.7802,0,0,OOS
2026-07-17,V3_TOP5,DN,MANAPPURAM.NS,0.8273,0.625,HIGH,3.5797,7.6049,0,0,OOS
2026-07-17,V3_TOP5,DN,ALKYLAMINE.NS,0.8061,0.625,HIGH,0.2244,-0.1916,0,0,OOS
2026-07-17,V3_TOP5,DN,NAUKRI.NS,0.802,0.75,HIGH,0.358,0.1727,0,0,OOS
2026-07-17,RAND_TOP5,DN,ALKYLAMINE.NS,0.8061,0.625,HIGH,0.2244,-0.1916,0,0,OOS
2026-07-17,RAND_TOP5,DN,RAJESHEXPO.NS,0.8737,0.625,HIGH,1.6866,3.8153,0,0,OOS
2026-07-17,RAND_TOP5,DN,NATIONALUM.NS,0.7707,0.75,HIGH,0.8826,0.7355,0,0,OOS
2026-07-17,RAND_TOP5,DN,DLF.NS,0.7766,0.75,HIGH,0.1198,-2.4409,0,0,OOS
2026-07-17,RAND_TOP5,DN,IDEAFORGE.NS,0.7251,0.75,HIGH,1.6059,2.1215,0,0,OOS
2026-07-20,KNOW_TOP5,DN,MAPMYINDIA.NS,0.9362,0.75,HIGH,-2.4385,-1.381,1,1,OOS
2026-07-20,KNOW_TOP5,DN,ROUTE.NS,0.8752,0.75,HIGH,2.4457,6.8036,0,0,OOS
2026-07-20,KNOW_TOP5,DN,COFORGE.NS,0.7998,0.75,HIGH,-0.8889,-4.4779,1,0,OOS
2026-07-20,KNOW_TOP5,DN,SOBHA.NS,0.7752,0.75,HIGH,0.0412,-5.4682,0,0,OOS
2026-07-20,KNOW_TOP5,DN,NATCOPHARM.NS,0.7665,0.75,HIGH,1.1834,-3.3766,0,0,OOS
2026-07-20,V3_TOP5,DN,MAPMYINDIA.NS,0.9362,0.75,HIGH,-2.4385,-1.381,1,1,OOS
2026-07-20,V3_TOP5,DN,ROUTE.NS,0.8752,0.75,HIGH,2.4457,6.8036,0,0,OOS
2026-07-20,V3_TOP5,DN,ZENSARTECH.NS,0.8678,0.5,MEDIUM,-2.3653,-7.4665,1,1,OOS
2026-07-20,V3_TOP5,DN,ICICIGI.NS,0.8598,0.625,HIGH,0.148,-0.1603,0,0,OOS
2026-07-20,V3_TOP5,DN,COFORGE.NS,0.7998,0.75,HIGH,-0.8889,-4.4779,1,0,OOS
2026-07-20,RAND_TOP5,DN,ICICIGI.NS,0.8598,0.625,HIGH,0.148,-0.1603,0,0,OOS
2026-07-20,RAND_TOP5,DN,MAPMYINDIA.NS,0.9362,0.75,HIGH,-2.4385,-1.381,1,1,OOS
2026-07-20,RAND_TOP5,DN,NATCOPHARM.NS,0.7665,0.75,HIGH,1.1834,-3.3766,0,0,OOS
2026-07-20,RAND_TOP5,DN,SOBHA.NS,0.7752,0.75,HIGH,0.0412,-5.4682,0,0,OOS
2026-07-20,RAND_TOP5,DN,MASTEK.NS,0.7364,0.75,HIGH,0.1376,-3.7152,0,0,OOS
2026-07-21,KNOW_TOP5,DN,SOBHA.NS,0.7519,0.875,HIGH,-2.0806,-6.4547,1,1,OOS
2026-07-21,KNOW_TOP5,DN,GRANULES.NS,0.7216,0.875,HIGH,-2.5009,-4.8133,1,1,OOS
2026-07-21,KNOW_TOP5,DN,AXISBANK.NS,0.7212,0.875,HIGH,-1.5737,-2.4559,1,0,OOS
2026-07-21,KNOW_TOP5,DN,MAPMYINDIA.NS,0.9146,0.75,HIGH,-2.4153,4.3775,1,1,OOS
2026-07-21,KNOW_TOP5,DN,SUDARSCHEM.NS,0.8672,0.75,HIGH,-2.2947,-1.2848,1,1,OOS
2026-07-21,V3_TOP5,DN,MAPMYINDIA.NS,0.9146,0.75,HIGH,-2.4153,4.3775,1,1,OOS
2026-07-21,V3_TOP5,DN,SUDARSCHEM.NS,0.8672,0.75,HIGH,-2.2947,-1.2848,1,1,OOS
2026-07-21,V3_TOP5,DN,ICICIGI.NS,0.8631,0.625,HIGH,-2.4938,2.3276,1,1,OOS
2026-07-21,V3_TOP5,DN,WELCORP.NS,0.8468,0.625,HIGH,-1.0498,-1.9645,1,0,OOS
2026-07-21,V3_TOP5,DN,ADANIGREEN.NS,0.8286,0.625,HIGH,-4.5139,-9.5207,1,1,OOS
2026-07-21,RAND_TOP5,DN,WELCORP.NS,0.8468,0.625,HIGH,-1.0498,-1.9645,1,0,OOS
2026-07-21,RAND_TOP5,DN,MAPMYINDIA.NS,0.9146,0.75,HIGH,-2.4153,4.3775,1,1,OOS
2026-07-21,RAND_TOP5,DN,BSE.NS,0.7751,0.625,HIGH,-0.8679,-3.1195,1,0,OOS
2026-07-21,RAND_TOP5,DN,COFORGE.NS,0.7805,0.75,HIGH,-1.5127,-0.6225,1,0,OOS
2026-07-21,RAND_TOP5,DN,ALKYLAMINE.NS,0.7219,0.625,HIGH,-0.7349,-2.5804,1,0,OOS
2026-07-22,KNOW_TOP5,DN,ADANIGREEN.NS,0.8027,0.875,HIGH,-6.2759,-4.9311,1,1,OOS
2026-07-22,KNOW_TOP5,DN,GRANULES.NS,0.7485,0.875,HIGH,-0.1464,-1.2884,1,0,OOS
2026-07-22,KNOW_TOP5,DN,SUDARSCHEM.NS,0.8726,0.75,HIGH,-1.5043,2.5184,1,0,OOS
2026-07-22,KNOW_TOP5,DN,ICICIGI.NS,0.8701,0.75,HIGH,2.2419,6.1572,0,0,OOS
2026-07-22,KNOW_TOP5,DN,MAPMYINDIA.NS,0.87,0.75,HIGH,3.5858,8.3972,0,0,OOS
2026-07-22,V3_TOP5,DN,SUDARSCHEM.NS,0.8726,0.75,HIGH,-1.5043,2.5184,1,0,OOS
2026-07-22,V3_TOP5,DN,ICICIGI.NS,0.8701,0.75,HIGH,2.2419,6.1572,0,0,OOS
2026-07-22,V3_TOP5,DN,MAPMYINDIA.NS,0.87,0.75,HIGH,3.5858,8.3972,0,0,OOS
2026-07-22,V3_TOP5,DN,BLUESTARCO.NS,0.8136,0.625,HIGH,-1.6138,-1.0538,1,0,OOS
2026-07-22,V3_TOP5,DN,WELCORP.NS,0.8047,0.625,HIGH,0.062,-0.7445,0,0,OOS
2026-07-22,RAND_TOP5,DN,BLUESTARCO.NS,0.8136,0.625,HIGH,-1.6138,-1.0538,1,0,OOS
2026-07-22,RAND_TOP5,DN,SUDARSCHEM.NS,0.8726,0.75,HIGH,-1.5043,2.5184,1,0,OOS
2026-07-22,RAND_TOP5,DN,VOLTAS.NS,0.7876,0.75,HIGH,0.1682,0.8639,0,0,OOS
2026-07-22,RAND_TOP5,DN,NATIONALUM.NS,0.7881,0.5,MEDIUM,1.0514,-0.8908,0,0,OOS
2026-07-22,RAND_TOP5,DN,AMBER.NS,0.7529,0.75,HIGH,-0.6552,-2.6541,1,0,OOS
2026-07-23,KNOW_TOP5,DN,HFCL.NS,0.8486,0.875,HIGH,-4.908,-8.9947,1,1,OOS
2026-07-23,KNOW_TOP5,DN,INDIAMART.NS,0.7481,0.875,HIGH,-1.7145,-2.6583,1,0,OOS
2026-07-23,KNOW_TOP5,DN,MAPMYINDIA.NS,0.8918,0.75,HIGH,3.2583,5.0192,0,0,OOS
2026-07-23,KNOW_TOP5,DN,SUDARSCHEM.NS,0.8663,0.75,HIGH,2.5766,1.7194,0,0,OOS
2026-07-23,KNOW_TOP5,DN,ADANIGREEN.NS,0.841,0.75,HIGH,1.1015,-0.1522,0,0,OOS
2026-07-23,V3_TOP5,DN,MAPMYINDIA.NS,0.8918,0.75,HIGH,3.2583,5.0192,0,0,OOS
2026-07-23,V3_TOP5,DN,SUDARSCHEM.NS,0.8663,0.75,HIGH,2.5766,1.7194,0,0,OOS
2026-07-23,V3_TOP5,DN,HFCL.NS,0.8486,0.875,HIGH,-4.908,-8.9947,1,1,OOS
2026-07-23,V3_TOP5,DN,ADANIGREEN.NS,0.841,0.75,HIGH,1.1015,-0.1522,0,0,OOS
2026-07-23,V3_TOP5,DN,OFSS.NS,0.8249,0.75,HIGH,-1.7615,4.5283,1,0,OOS
2026-07-23,RAND_TOP5,DN,ADANIGREEN.NS,0.841,0.75,HIGH,1.1015,-0.1522,0,0,OOS
2026-07-23,RAND_TOP5,DN,MAPMYINDIA.NS,0.8918,0.75,HIGH,3.2583,5.0192,0,0,OOS
2026-07-23,RAND_TOP5,DN,AMBER.NS,0.7995,0.625,HIGH,-2.2678,-2.9744,1,1,OOS
2026-07-23,RAND_TOP5,DN,SOBHA.NS,0.8068,0.75,HIGH,-1.0028,-2.3036,1,0,OOS
2026-07-23,RAND_TOP5,DN,RATEGAIN.NS,0.7536,0.75,HIGH,2.6448,3.5397,0,0,OOS
2026-07-24,KNOW_TOP5,DN,INFY.NS,0.7841,0.875,HIGH,3.6795,11.0193,0,0,OOS
2026-07-24,KNOW_TOP5,DN,OFSS.NS,0.8518,0.75,HIGH,4.1025,7.2756,0,0,OOS
2026-07-24,KNOW_TOP5,DN,MRPL.NS,0.8336,0.75,HIGH,-4.3947,-3.7349,1,1,OOS
2026-07-24,KNOW_TOP5,DN,SRF.NS,0.822,0.75,HIGH,-1.0583,-0.7843,1,0,OOS
2026-07-24,KNOW_TOP5,DN,ADANIGREEN.NS,0.8198,0.75,HIGH,0.3297,-1.5769,0,0,OOS
2026-07-24,V3_TOP5,DN,MAPMYINDIA.NS,0.886,0.5,MEDIUM,1.3428,4.1178,0,0,OOS
2026-07-24,V3_TOP5,DN,OFSS.NS,0.8518,0.75,HIGH,4.1025,7.2756,0,0,OOS
2026-07-24,V3_TOP5,DN,MRPL.NS,0.8336,0.75,HIGH,-4.3947,-3.7349,1,1,OOS
2026-07-24,V3_TOP5,DN,MASTEK.NS,0.8296,0.5,MEDIUM,2.407,12.5909,0,0,OOS
2026-07-24,V3_TOP5,DN,MPHASIS.NS,0.8237,0.625,HIGH,1.9492,3.1992,0,0,OOS
2026-07-24,RAND_TOP5,DN,MASTEK.NS,0.8296,0.5,MEDIUM,2.407,12.5909,0,0,OOS
2026-07-24,RAND_TOP5,DN,MAPMYINDIA.NS,0.886,0.5,MEDIUM,1.3428,4.1178,0,0,OOS
2026-07-24,RAND_TOP5,DN,KALYANKJIL.NS,0.8033,0.75,HIGH,-1.5605,9.5981,1,0,OOS
2026-07-24,RAND_TOP5,DN,HFCL.NS,0.8138,0.75,HIGH,-2.1895,-1.6713,1,1,OOS
2026-07-24,RAND_TOP5,DN,SOBHA.NS,0.7367,0.625,HIGH,-0.0807,0.1028,1,0,OOS
2026-07-27,KNOW_TOP5,DN,SRF.NS,0.8458,0.875,HIGH,-0.1176,-1.2024,1,0,OOS
2026-07-27,KNOW_TOP5,DN,KALYANKJIL.NS,0.8422,0.75,HIGH,7.7488,12.3982,0,0,OOS
2026-07-27,KNOW_TOP5,DN,AMBER.NS,0.825,0.75,HIGH,-0.9821,1.6551,1,0,OOS
2026-07-27,KNOW_TOP5,DN,ADANIGREEN.NS,0.8211,0.75,HIGH,-1.5646,-2.9292,1,0,OOS
2026-07-27,KNOW_TOP5,DN,DRREDDY.NS,0.7865,0.75,HIGH,-1.3208,-0.5214,1,0,OOS
2026-07-27,V3_TOP5,DN,MRPL.NS,0.8784,0.625,HIGH,-1.3926,2.8036,1,0,OOS
2026-07-27,V3_TOP5,DN,SRF.NS,0.8458,0.875,HIGH,-0.1176,-1.2024,1,0,OOS
2026-07-27,V3_TOP5,DN,KALYANKJIL.NS,0.8422,0.75,HIGH,7.7488,12.3982,0,0,OOS
2026-07-27,V3_TOP5,DN,AMBER.NS,0.825,0.75,HIGH,-0.9821,1.6551,1,0,OOS
2026-07-27,V3_TOP5,DN,ADANIGREEN.NS,0.8211,0.75,HIGH,-1.5646,-2.9292,1,0,OOS
2026-07-27,RAND_TOP5,DN,AMBER.NS,0.825,0.75,HIGH,-0.9821,1.6551,1,0,OOS
2026-07-27,RAND_TOP5,DN,MRPL.NS,0.8784,0.625,HIGH,-1.3926,2.8036,1,0,OOS
2026-07-27,RAND_TOP5,DN,DRREDDY.NS,0.7865,0.75,HIGH,-1.3208,-0.5214,1,0,OOS
2026-07-27,RAND_TOP5,DN,MPHASIS.NS,0.7913,0.375,MEDIUM,3.4638,0.6002,0,0,OOS
2026-07-27,RAND_TOP5,DN,SOBHA.NS,0.723,0.75,HIGH,-1.2342,-1.2342,1,0,OOS
2026-07-28,KNOW_TOP5,DN,EXIDEIND.NS,0.7069,0.875,HIGH,2.8932,None,0,0,OOS
2026-07-28,KNOW_TOP5,DN,MRPL.NS,0.8905,0.75,HIGH,2.1121,None,0,0,OOS
2026-07-28,KNOW_TOP5,DN,HFCL.NS,0.8444,0.75,HIGH,2.7443,None,0,0,OOS
2026-07-28,KNOW_TOP5,DN,JPPOWER.NS,0.8,0.75,HIGH,0.7092,None,0,0,OOS
2026-07-28,KNOW_TOP5,DN,JINDALPOLY.NS,0.7849,0.75,HIGH,1.0871,None,0,0,OOS
2026-07-28,V3_TOP5,DN,MRPL.NS,0.8905,0.75,HIGH,2.1121,None,0,0,OOS
2026-07-28,V3_TOP5,DN,SRF.NS,0.8495,0.5,MEDIUM,0.3949,None,0,0,OOS
2026-07-28,V3_TOP5,DN,HFCL.NS,0.8444,0.75,HIGH,2.7443,None,0,0,OOS
2026-07-28,V3_TOP5,DN,JPPOWER.NS,0.8,0.75,HIGH,0.7092,None,0,0,OOS
2026-07-28,V3_TOP5,DN,METROBRAND.NS,0.7966,0.625,HIGH,0.6433,None,0,0,OOS
2026-07-28,RAND_TOP5,DN,JPPOWER.NS,0.8,0.75,HIGH,0.7092,None,0,0,OOS
2026-07-28,RAND_TOP5,DN,MRPL.NS,0.8905,0.75,HIGH,2.1121,None,0,0,OOS
2026-07-28,RAND_TOP5,DN,UNIONBANK.NS,0.7832,0.625,HIGH,1.6881,None,0,0,OOS
2026-07-28,RAND_TOP5,DN,ADANIGREEN.NS,0.7837,0.75,HIGH,-0.3411,None,1,0,OOS
2026-07-28,RAND_TOP5,DN,AMBER.NS,0.7183,0.625,HIGH,2.809,None,0,0,OOS
2026-07-29,KNOW_TOP5,DN,STLTECH.NS,0.8209,0.875,HIGH,2.0387,None,0,0,OOS
2026-07-29,KNOW_TOP5,DN,HFCL.NS,0.833,0.75,HIGH,-4.5826,None,1,1,OOS
2026-07-29,KNOW_TOP5,DN,TORNTPHARM.NS,0.8133,0.75,HIGH,-0.1312,None,1,0,OOS
2026-07-29,KNOW_TOP5,DN,SRF.NS,0.8079,0.75,HIGH,-1.4751,None,1,0,OOS
2026-07-29,KNOW_TOP5,DN,ADANIGREEN.NS,0.7293,0.75,HIGH,-1.0487,None,1,0,OOS
2026-07-29,V3_TOP5,DN,MRPL.NS,0.8898,0.5,MEDIUM,2.099,None,0,0,OOS
2026-07-29,V3_TOP5,DN,HFCL.NS,0.833,0.75,HIGH,-4.5826,None,1,1,OOS
2026-07-29,V3_TOP5,DN,STLTECH.NS,0.8209,0.875,HIGH,2.0387,None,0,0,OOS
2026-07-29,V3_TOP5,DN,TORNTPHARM.NS,0.8133,0.75,HIGH,-0.1312,None,1,0,OOS
2026-07-29,V3_TOP5,DN,SRF.NS,0.8079,0.75,HIGH,-1.4751,None,1,0,OOS
2026-07-29,RAND_TOP5,DN,TORNTPHARM.NS,0.8133,0.75,HIGH,-0.1312,None,1,0,OOS
2026-07-29,RAND_TOP5,DN,MRPL.NS,0.8898,0.5,MEDIUM,2.099,None,0,0,OOS
2026-07-29,RAND_TOP5,DN,ADANIGREEN.NS,0.7293,0.75,HIGH,-1.0487,None,1,0,OOS
2026-07-29,RAND_TOP5,DN,JPPOWER.NS,0.7576,0.625,HIGH,1.6432,None,0,0,OOS
2026-07-29,RAND_TOP5,DN,SOBHA.NS,0.6759,0.5,MEDIUM,-1.4153,None,1,0,OOS
