trading_date,direction,rank,symbol,v3_score,atr_pct,mom_5d,t1_date,t1_ret_pct,t3_date,t3_ret_pct
2025-09-16,UP,1,COCHINSHIP.NS,0.9621,3.5542,11.7889,2025-09-17,3.7824,2025-09-19,4.3478
2025-09-16,UP,2,PARAS.NS,0.9621,3.4443,14.616,2025-09-17,1.2387,2025-09-19,1.2657
2025-09-16,UP,3,MIDHANI.NS,0.9434,3.1443,9.3388,2025-09-17,0.3893,2025-09-19,-0.9734
2025-09-16,UP,4,HFCL.NS,0.9141,2.8624,9.135,2025-09-17,-1.7526,2025-09-19,-0.0523
2025-09-16,UP,5,MOTHERSON.NS,0.9085,2.8685,11.2022,2025-09-17,-0.5005,2025-09-19,-0.7371
2025-09-16,UP,6,BDL.NS,0.8932,2.7797,12.7186,2025-09-17,1.2212,2025-09-19,1.6573
2025-09-16,UP,7,RADICO.NS,0.8917,2.6872,8.5832,2025-09-17,0.551,2025-09-19,1.9403
2025-09-16,UP,8,IRCON.NS,0.8862,3.3125,6.7247,2025-09-17,0.9773,2025-09-19,-0.0108
2025-09-16,UP,9,DATAPATTNS.NS,0.8735,3.7084,7.8608,2025-09-17,3.9137,2025-09-19,3.5516
2025-09-16,UP,10,PERSISTENT.NS,0.859,2.6839,7.0064,2025-09-17,0.8196,2025-09-19,0.2823
2025-09-16,UP,11,RVNL.NS,0.858,2.9385,6.769,2025-09-17,1.6624,2025-09-19,2.4091
2025-09-16,UP,12,RAILTEL.NS,0.8529,3.3299,8.9175,2025-09-17,0.9951,2025-09-19,-0.7936
2025-09-16,UP,13,SOBHA.NS,0.85,3.0061,11.2246,2025-09-17,1.1451,2025-09-19,0.3649
2025-09-16,UP,14,TIINDIA.NS,0.8444,3.1589,8.0247,2025-09-17,-0.5111,2025-09-19,-2.1942
2025-09-16,UP,15,MGL.NS,0.8434,2.3317,7.3132,2025-09-17,-0.1174,2025-09-19,-1.3571
2025-09-16,UP,16,GRSE.NS,0.8342,4.4263,3.7102,2025-09-17,6.6918,2025-09-19,6.7615
2025-09-16,UP,17,JSWENERGY.NS,0.8248,2.3417,6.7082,2025-09-17,-0.9351,2025-09-19,1.0092
2025-09-16,UP,18,NHPC.NS,0.8248,2.0765,12.7784,2025-09-17,-1.58,2025-09-19,-0.8915
2025-09-16,UP,19,IDEA.NS,0.8233,4.1562,9.216,2025-09-17,-2.1411,2025-09-19,5.7935
2025-09-16,UP,20,NCC.NS,0.8192,2.5146,5.0754,2025-09-17,-0.1758,2025-09-19,0.3933
2025-09-16,DN,1,M&M.NS,0.8993,2.8364,-2.3889,2025-09-17,0.6984,2025-09-19,-0.4407
2025-09-16,DN,2,TVSMOTOR.NS,0.8613,2.2233,-1.8619,2025-09-17,0.0057,2025-09-19,0.8429
2025-09-16,DN,3,EICHERMOT.NS,0.8311,2.2761,0.771,2025-09-17,-0.5341,2025-09-19,0.664
2025-09-16,DN,4,JPPOWER.NS,0.8235,3.7249,-0.8831,2025-09-17,-0.1572,2025-09-19,-2.0964
2025-09-16,DN,5,ENDURANCE.NS,0.8112,3.6682,-1.9791,2025-09-17,-1.427,2025-09-19,-1.4612
2025-09-16,DN,6,BAJAJ-AUTO.NS,0.7981,2.3017,-3.3092,2025-09-17,0.1268,2025-09-19,-1.1133
2025-09-16,DN,7,WHIRLPOOL.NS,0.7872,2.9354,-0.6928,2025-09-17,-1.4761,2025-09-19,-1.7552
2025-09-16,DN,8,RBLBANK.NS,0.787,3.0517,-2.249,2025-09-17,-1.0849,2025-09-19,1.3842
2025-09-16,DN,9,ASHOKLEY.NS,0.7846,2.7432,-0.385,2025-09-17,1.6575,2025-09-19,4.7198
2025-09-16,DN,10,CENTUM.NS,0.7838,5.5145,-3.801,2025-09-17,0.1225,2025-09-19,5.1654
2025-09-16,DN,11,GLENMARK.NS,0.78,2.4224,-1.857,2025-09-17,-1.6659,2025-09-19,0.3948
2025-09-16,DN,12,BSE.NS,0.7711,3.6872,-6.54,2025-09-17,0.4774,2025-09-19,-0.7593
2025-09-16,DN,13,MANAPPURAM.NS,0.7635,2.6137,1.5432,2025-09-17,-1.0976,2025-09-19,-3.2421
2025-09-16,DN,14,MOIL.NS,0.7616,3.489,1.2103,2025-09-17,-0.408,2025-09-19,0.0563
2025-09-16,DN,15,MUTHOOTFIN.NS,0.7577,2.2014,1.5633,2025-09-17,-1.5493,2025-09-19,-1.7903
2025-09-16,DN,16,BOSCHLTD.NS,0.756,2.1561,-3.7956,2025-09-17,-0.3632,2025-09-19,-0.3257
2025-09-16,DN,17,HEROMOTOCO.NS,0.7454,2.2678,-1.9821,2025-09-17,0.6396,2025-09-19,1.7306
2025-09-16,DN,18,EXIDEIND.NS,0.7133,2.4228,-2.0035,2025-09-17,0.1435,2025-09-19,-0.8847
2025-09-16,DN,19,RATEGAIN.NS,0.7104,4.0523,4.878,2025-09-17,-0.21,2025-09-19,-0.5678
2025-09-16,DN,20,ZYDUSWELL.NS,0.7085,3.9893,5.9968,2025-09-17,-1.6442,2025-09-19,-1.5946
2025-09-17,UP,1,ONMOBILE.NS,0.992,4.0531,15.7175,2025-09-18,0.6871,2025-09-22,4.0748
2025-09-17,UP,2,COCHINSHIP.NS,0.9833,3.6472,15.0499,2025-09-18,0.8939,2025-09-22,1.7138
2025-09-17,UP,3,DATAPATTNS.NS,0.9773,3.7536,11.7418,2025-09-18,-1.2682,2025-09-22,-1.9511
2025-09-17,UP,4,GRSE.NS,0.9655,4.3676,7.9034,2025-09-18,0.8757,2025-09-22,2.4889
2025-09-17,UP,5,PARAS.NS,0.9543,3.4518,12.7299,2025-09-18,-1.0162,2025-09-22,-1.8185
2025-09-17,UP,6,IDEAFORGE.NS,0.9452,4.55,7.6939,2025-09-18,-0.2055,2025-09-22,-1.2514
2025-09-17,UP,7,IRCON.NS,0.9292,3.3461,8.2605,2025-09-18,-0.5989,2025-09-22,-2.6575
2025-09-17,UP,8,RVNL.NS,0.9116,2.9656,8.2021,2025-09-18,0.4712,2025-09-22,-0.5266
2025-09-17,UP,9,RAILTEL.NS,0.9092,3.4565,9.5655,2025-09-18,-0.8231,2025-09-22,-3.355
2025-09-17,UP,10,BEML.NS,0.9063,3.1086,8.3327,2025-09-18,-1.1014,2025-09-22,-1.7123
2025-09-17,UP,11,MIDHANI.NS,0.8932,3.0602,8.4516,2025-09-18,-1.6362,2025-09-22,-2.7875
2025-09-17,UP,12,BDL.NS,0.8659,2.6389,8.5455,2025-09-18,-0.8864,2025-09-22,0.1908
2025-09-17,UP,13,HFCL.NS,0.8638,2.8716,6.2818,2025-09-18,3.3546,2025-09-22,-0.3594
2025-09-17,UP,14,MAZDOCK.NS,0.8384,2.3535,8.7722,2025-09-18,-0.4137,2025-09-22,-0.6874
2025-09-17,UP,15,VEDL.NS,0.8343,2.5485,5.1764,2025-09-18,-0.1096,2025-09-22,0.5042
2025-09-17,UP,16,PRESTIGE.NS,0.8292,2.5755,5.9159,2025-09-18,-1.5293,2025-09-22,-2.2306
2025-09-17,UP,17,MOTHERSON.NS,0.8208,2.9926,8.6879,2025-09-18,-0.3292,2025-09-22,0.5579
2025-09-17,UP,18,COROMANDEL.NS,0.807,3.2087,4.8993,2025-09-18,-0.9753,2025-09-22,-2.3374
2025-09-17,UP,19,TATACHEM.NS,0.7993,2.1095,6.3651,2025-09-18,-1.5819,2025-09-22,-3.104
2025-09-17,UP,20,AMBER.NS,0.7971,2.8041,5.3183,2025-09-18,-0.3198,2025-09-22,0.2775
2025-09-17,DN,1,OFSS.NS,0.8835,3.1135,-1.5057,2025-09-18,0.5479,2025-09-22,-0.7507
2025-09-17,DN,2,SAPPHIRE.NS,0.858,3.3353,-3.2661,2025-09-18,0.5446,2025-09-22,-2.6918
2025-09-17,DN,3,RATEGAIN.NS,0.8543,4.0279,0.6275,2025-09-18,-0.5456,2025-09-22,2.5565
2025-09-17,DN,4,GLENMARK.NS,0.8391,2.5397,-4.1532,2025-09-18,3.2315,2025-09-22,-1.2045
2025-09-17,DN,5,JPPOWER.NS,0.8167,3.4871,-1.0903,2025-09-18,-1.1549,2025-09-22,-2.7822
2025-09-17,DN,6,M&M.NS,0.8146,2.7461,0.799,2025-09-18,0.2477,2025-09-22,-1.3322
2025-09-17,DN,7,ENDURANCE.NS,0.8125,3.4967,-5.2841,2025-09-18,1.0866,2025-09-22,-0.8575
2025-09-17,DN,8,WHIRLPOOL.NS,0.7987,2.9778,-2.0587,2025-09-18,-0.4621,2025-09-22,-0.9243
2025-09-17,DN,9,BAJAJ-AUTO.NS,0.7795,2.243,-1.7309,2025-09-18,-0.0991,2025-09-22,-0.3247
2025-09-17,DN,10,EICHERMOT.NS,0.7788,2.1951,0.7899,2025-09-18,0.4934,2025-09-22,0.8055
2025-09-17,DN,11,GALAXYSURF.NS,0.7495,2.6543,-1.7648,2025-09-18,0.1691,2025-09-22,-0.558
2025-09-17,DN,12,INFY.NS,0.746,2.032,-0.6655,2025-09-18,1.1955,2025-09-22,-1.5042
2025-09-17,DN,13,BSE.NS,0.7442,3.575,-2.5017,2025-09-18,-0.5204,2025-09-22,-2.4256
2025-09-17,DN,14,ZYDUSWELL.NS,0.7437,4.0878,3.6712,2025-09-18,1.0201,2025-09-22,-3.4986
2025-09-17,DN,15,BRITANNIA.NS,0.7418,2.1888,-1.6374,2025-09-18,0.0492,2025-09-22,-0.6724
2025-09-17,DN,16,COLPAL.NS,0.7361,2.2821,-2.4757,2025-09-18,0.7582,2025-09-22,-0.1278
2025-09-17,DN,17,WELCORP.NS,0.732,3.0158,0.8151,2025-09-18,0.5502,2025-09-22,0.2021
2025-09-17,DN,18,BATAINDIA.NS,0.7276,2.8013,1.5649,2025-09-18,-1.0563,2025-09-22,-2.5336
2025-09-17,DN,19,POLICYBZR.NS,0.7275,2.891,-1.8804,2025-09-18,-0.3008,2025-09-22,0.0891
2025-09-17,DN,20,NOCIL.NS,0.7255,2.6577,-2.1694,2025-09-18,-0.5105,2025-09-22,-0.5269
2025-09-18,UP,1,GRSE.NS,0.9846,4.4656,11.4676,2025-09-19,-0.8034,2025-09-23,2.0713
2025-09-18,UP,2,COCHINSHIP.NS,0.9802,3.613,15.516,2025-09-19,-0.346,2025-09-23,-1.1534
2025-09-18,UP,3,ONMOBILE.NS,0.978,4.1592,16.2332,2025-09-19,-1.3966,2025-09-23,7.0782
2025-09-18,UP,4,HFCL.NS,0.9473,2.9118,10.4724,2025-09-19,-1.5714,2025-09-23,-2.9624
2025-09-18,UP,5,DATAPATTNS.NS,0.9234,3.7756,9.9693,2025-09-19,0.9316,2025-09-23,-2.1349
2025-09-18,UP,6,PARAS.NS,0.9,3.4371,13.1881,2025-09-19,1.0537,2025-09-23,-3.6812
2025-09-18,UP,7,IRCON.NS,0.8517,3.3958,9.7597,2025-09-19,-0.3819,2025-09-23,-3.5557
2025-09-18,UP,8,RVNL.NS,0.8473,2.9734,8.1605,2025-09-19,0.2621,2025-09-23,-1.3517
2025-09-18,UP,9,RADICO.NS,0.8212,2.5627,4.6403,2025-09-19,1.3951,2025-09-23,-1.7572
2025-09-18,UP,10,PRESTIGE.NS,0.8168,2.634,4.4968,2025-09-19,-0.6323,2025-09-23,-1.4794
2025-09-18,UP,11,NATCOPHARM.NS,0.8051,2.21,4.2499,2025-09-19,-0.0057,2025-09-23,-3.2568
2025-09-18,UP,12,IDEAFORGE.NS,0.7993,4.1109,7.874,2025-09-19,0.1965,2025-09-23,-0.262
2025-09-18,UP,13,BDL.NS,0.7934,2.6616,8.6798,2025-09-19,1.329,2025-09-23,-0.9191
2025-09-18,UP,14,AMBER.NS,0.7834,2.8239,4.6027,2025-09-19,0.3087,2025-09-23,0.4782
2025-09-18,UP,15,M&MFIN.NS,0.7817,2.172,5.3223,2025-09-19,1.259,2025-09-23,-1.1016
2025-09-18,UP,16,BEML.NS,0.781,3.1283,7.4912,2025-09-19,0.0299,2025-09-23,-0.4616
2025-09-18,UP,17,RAILTEL.NS,0.7715,3.4044,9.4111,2025-09-19,-0.9557,2025-09-23,-3.8104
2025-09-18,UP,18,MAZDOCK.NS,0.7522,2.3518,6.8027,2025-09-19,0.0134,2025-09-23,-1.5111
2025-09-18,UP,19,RATNAMANI.NS,0.75,2.0838,4.3897,2025-09-19,-2.6973,2025-09-23,-1.2176
2025-09-18,UP,20,SOBHA.NS,0.7483,2.9189,4.6167,2025-09-19,-2.0929,2025-09-23,-3.1425
2025-09-18,DN,1,RATEGAIN.NS,0.8779,4.0338,0.2987,2025-09-19,0.1881,2025-09-23,4.3025
2025-09-18,DN,2,OFSS.NS,0.8569,3.0685,0.4104,2025-09-19,-1.7112,2025-09-23,-0.7738
2025-09-18,DN,3,NATIONALUM.NS,0.8549,2.9614,-0.2799,2025-09-19,-1.029,2025-09-23,-2.3199
2025-09-18,DN,4,GLENMARK.NS,0.8464,2.5839,-0.9071,2025-09-19,-1.1004,2025-09-23,-4.3445
2025-09-18,DN,5,SAPPHIRE.NS,0.8454,3.2,-2.5339,2025-09-19,-1.4856,2025-09-23,-5.2925
2025-09-18,DN,6,NOCIL.NS,0.8038,2.6718,-3.0747,2025-09-19,-0.0331,2025-09-23,0.5131
2025-09-18,DN,7,ZYDUSWELL.NS,0.8005,4.1316,2.0612,2025-09-19,-0.9599,2025-09-23,-9.042
2025-09-18,DN,8,RAJESHEXPO.NS,0.7755,3.148,1.2198,2025-09-19,-1.1856,2025-09-23,-6.0451
2025-09-18,DN,9,EXIDEIND.NS,0.7603,2.3446,0.5796,2025-09-19,-2.505,2025-09-23,-5.1511
2025-09-18,DN,10,BRITANNIA.NS,0.757,2.0057,-3.1744,2025-09-19,-0.5082,2025-09-23,-2.7293
2025-09-18,DN,11,GLAXO.NS,0.7505,2.556,-3.7852,2025-09-19,-0.519,2025-09-23,0.2286
2025-09-18,DN,12,M&M.NS,0.7505,2.6185,1.2932,2025-09-19,-1.3755,2025-09-23,-0.7578
2025-09-18,DN,13,SAIL.NS,0.7486,2.3432,1.0317,2025-09-19,2.2676,2025-09-23,3.0936
2025-09-18,DN,14,JPPOWER.NS,0.741,3.1447,-1.362,2025-09-19,-0.7966,2025-09-23,-2.7084
2025-09-18,DN,15,GALAXYSURF.NS,0.73,2.4602,-2.5056,2025-09-19,1.515,2025-09-23,-2.6839
2025-09-18,DN,16,SRF.NS,0.7175,1.9368,-1.6078,2025-09-19,-0.0102,2025-09-23,-1.1677
2025-09-18,DN,17,MASTEK.NS,0.7134,3.5836,-1.6757,2025-09-19,-1.7773,2025-09-23,-7.0443
2025-09-18,DN,18,BAJAJ-AUTO.NS,0.7113,2.1913,-0.4225,2025-09-19,-1.1405,2025-09-23,-0.9972
2025-09-18,DN,19,GODREJCP.NS,0.7098,2.3781,-2.2187,2025-09-19,0.0404,2025-09-23,-3.7306
2025-09-18,DN,20,AUROPHARMA.NS,0.7074,2.2803,1.7761,2025-09-19,-0.8592,2025-09-23,-1.6831
2025-09-19,UP,1,SUDARSCHEM.NS,0.9265,3.0293,7.6519,2025-09-22,2.6587,2025-09-24,3.1267
2025-09-19,UP,2,CENTUM.NS,0.9226,5.0918,4.6718,2025-09-22,-0.7698,2025-09-24,1.6455
2025-09-19,UP,3,RADICO.NS,0.8823,2.5382,6.3255,2025-09-22,-0.8157,2025-09-24,-2.7256
2025-09-19,UP,4,ONMOBILE.NS,0.86,4.4906,16.0874,2025-09-22,4.8286,2025-09-24,6.6956
2025-09-19,UP,5,ASHOKLEY.NS,0.858,2.7372,5.0712,2025-09-22,-1.0434,2025-09-24,0.9724
2025-09-19,UP,6,COCHINSHIP.NS,0.8556,3.4388,8.8847,2025-09-22,1.1627,2025-09-24,-0.3051
2025-09-19,UP,7,GODREJPROP.NS,0.8148,2.1277,7.319,2025-09-22,-1.9346,2025-09-24,-5.8782
2025-09-19,UP,8,CANBK.NS,0.8041,2.0441,6.1283,2025-09-22,0.9426,2025-09-24,4.3733
2025-09-19,UP,9,M&MFIN.NS,0.8017,2.1955,6.7072,2025-09-22,0.2418,2025-09-24,-2.5557
2025-09-19,UP,10,CHOLAFIN.NS,0.7983,2.0747,5.1974,2025-09-22,2.4577,2025-09-24,2.4703
2025-09-19,UP,11,RVNL.NS,0.7971,2.7819,7.4978,2025-09-22,-1.2519,2025-09-24,-4.3472
2025-09-19,UP,12,PARAS.NS,0.7964,3.3368,8.0607,2025-09-22,-1.8448,2025-09-24,-5.1801
2025-09-19,UP,13,ADANIGREEN.NS,0.7874,2.3205,4.9913,2025-09-22,11.7833,2025-09-24,6.2627
2025-09-19,UP,14,PRESTIGE.NS,0.7801,2.6397,4.4525,2025-09-22,-0.0803,2025-09-24,-2.8418
2025-09-19,UP,15,IRCON.NS,0.7782,3.2276,7.4811,2025-09-22,-1.6956,2025-09-24,-5.5457
2025-09-19,UP,16,LAURUSLABS.NS,0.7689,2.2154,4.0232,2025-09-22,-3.0362,2025-09-24,-2.3978
2025-09-19,UP,17,PGHH.NS,0.7684,1.9337,4.3946,2025-09-22,-1.7709,2025-09-24,-1.0524
2025-09-19,UP,18,ADANIENSOL.NS,0.7672,2.4047,5.6935,2025-09-22,6.8688,2025-09-24,1.351
2025-09-19,UP,19,BANKBARODA.NS,0.766,1.754,6.1479,2025-09-22,-0.3729,2025-09-24,0.9084
2025-09-19,UP,20,CESC.NS,0.7604,2.3541,5.8728,2025-09-22,-0.7494,2025-09-24,-1.3395
2025-09-19,DN,1,NATIONALUM.NS,0.8881,2.9024,-3.0692,2025-09-22,-0.3119,2025-09-24,-2.604
2025-09-19,DN,2,BEML.NS,0.8832,3.0751,-1.4524,2025-09-22,-0.6474,2025-09-24,-1.0606
2025-09-19,DN,3,SAPPHIRE.NS,0.8566,3.2988,-3.1934,2025-09-22,-1.7593,2025-09-24,-3.2831
2025-09-19,DN,4,GLENMARK.NS,0.8452,2.6332,-2.2181,2025-09-22,-3.2323,2025-09-24,-3.1939
2025-09-19,DN,5,OFSS.NS,0.8076,3.1164,0.4343,2025-09-22,0.4269,2025-09-24,0.4824
2025-09-19,DN,6,BAJFINANCE.NS,0.7996,1.9166,-1.0765,2025-09-22,1.4157,2025-09-24,3.7584
2025-09-19,DN,7,BATAINDIA.NS,0.7713,2.7268,-1.7074,2025-09-22,-0.8483,2025-09-24,-1.9391
2025-09-19,DN,8,ZYDUSWELL.NS,0.7587,3.9903,1.6752,2025-09-22,-3.5472,2025-09-24,-5.8538
2025-09-19,DN,9,NOCIL.NS,0.7547,2.7763,-1.2373,2025-09-22,0.0166,2025-09-24,-0.0993
2025-09-19,DN,10,BRITANNIA.NS,0.7469,1.9783,-2.8414,2025-09-22,-0.2142,2025-09-24,-1.6311
2025-09-19,DN,11,RAJESHEXPO.NS,0.7312,3.439,2.3344,2025-09-22,-4.0389,2025-09-24,-5.7029
2025-09-19,DN,12,METROBRAND.NS,0.7271,3.4851,1.7935,2025-09-22,-2.2882,2025-09-24,-2.6695
2025-09-19,DN,13,WHIRLPOOL.NS,0.7269,3.021,-1.0137,2025-09-22,-0.6428,2025-09-24,-3.1245
2025-09-19,DN,14,M&M.NS,0.7168,2.5037,0.0613,2025-09-22,-0.2032,2025-09-24,-0.4788
2025-09-19,DN,15,MOIL.NS,0.7163,3.4017,0.3244,2025-09-22,-0.3656,2025-09-24,1.9404
2025-09-19,DN,16,HINDZINC.NS,0.7161,2.1221,-2.1385,2025-09-22,1.3685,2025-09-24,-0.0331
2025-09-19,DN,17,MUTHOOTFIN.NS,0.7106,2.1383,0.2973,2025-09-22,3.84,2025-09-24,5.2268
2025-09-19,DN,18,INFY.NS,0.7086,1.9891,0.957,2025-09-22,-2.6425,2025-09-24,-2.9607
2025-09-19,DN,19,ROUTE.NS,0.7049,2.2516,-1.847,2025-09-22,-1.6947,2025-09-24,-1.648
2025-09-19,DN,20,GRSE.NS,0.6976,4.2817,0.9063,2025-09-22,2.422,2025-09-24,4.203
2025-09-22,UP,1,ONMOBILE.NS,0.9668,4.6577,20.3214,2025-09-23,3.5928,2025-09-25,4.0227
2025-09-22,UP,2,ADANIGREEN.NS,0.9582,2.8968,16.768,2025-09-23,-1.7966,2025-09-25,-6.3013
2025-09-22,UP,3,GRSE.NS,0.9452,4.2358,7.0958,2025-09-23,0.4647,2025-09-25,1.8176
2025-09-22,UP,4,ADANIENSOL.NS,0.9404,2.8041,11.9752,2025-09-23,-1.3121,2025-09-25,-4.6085
2025-09-22,UP,5,SUDARSCHEM.NS,0.8921,2.9948,8.4396,2025-09-23,0.6739,2025-09-25,-4.8163
2025-09-22,UP,6,RATEGAIN.NS,0.8892,3.6811,3.7534,2025-09-23,1.1476,2025-09-25,0.722
2025-09-22,UP,7,NAUKRI.NS,0.851,2.4532,4.0285,2025-09-23,-1.6788,2025-09-25,-4.1687
2025-09-22,UP,8,CHOLAFIN.NS,0.8471,2.1472,7.3994,2025-09-23,-0.3804,2025-09-25,-2.2822
2025-09-22,UP,9,COCHINSHIP.NS,0.8442,3.2997,6.3669,2025-09-23,-1.9502,2025-09-25,0.208
2025-09-22,UP,10,CENTUM.NS,0.8416,5.085,4.8347,2025-09-23,-0.5516,2025-09-25,-2.2418
2025-09-22,UP,11,BLUESTARCO.NS,0.8385,2.0923,5.7011,2025-09-23,-1.6426,2025-09-25,-3.4806
2025-09-22,UP,12,MUTHOOTFIN.NS,0.8075,2.1659,3.7658,2025-09-23,0.4331,2025-09-25,0.1313
2025-09-22,UP,13,M&MFIN.NS,0.8038,2.2075,7.4602,2025-09-23,-2.5668,2025-09-25,-3.6693
2025-09-22,UP,14,ASHOKLEY.NS,0.8017,2.6626,4.0914,2025-09-23,3.3137,2025-09-25,0.7388
2025-09-22,UP,15,CANBK.NS,0.7959,2.0352,5.6528,2025-09-23,2.549,2025-09-25,2.162
2025-09-22,UP,16,INTELLECT.NS,0.7952,3.6191,4.4775,2025-09-23,-0.8907,2025-09-25,-1.1985
2025-09-22,UP,17,IDEA.NS,0.7692,4.8016,3.0713,2025-09-23,3.9333,2025-09-25,3.4565
2025-09-22,UP,18,POLYCAB.NS,0.7687,1.6978,5.6138,2025-09-23,-0.4832,2025-09-25,-3.2585
2025-09-22,UP,19,MRPL.NS,0.7389,2.2834,2.3483,2025-09-23,-0.5929,2025-09-25,-0.1386
2025-09-22,UP,20,TORNTPHARM.NS,0.7385,1.6676,3.5196,2025-09-23,-0.1204,2025-09-25,-3.4
2025-09-22,DN,1,ZYDUSWELL.NS,0.881,4.3015,-2.2666,2025-09-23,-4.783,2025-09-25,-4.7026
2025-09-22,DN,2,RAILTEL.NS,0.876,3.0806,-3.0648,2025-09-23,-1.2905,2025-09-25,-1.768
2025-09-22,DN,3,RAJESHEXPO.NS,0.8682,3.7484,-3.3133,2025-09-23,-0.9159,2025-09-25,-2.7425
2025-09-22,DN,4,GLENMARK.NS,0.8339,2.9544,-3.8914,2025-09-23,-0.0496,2025-09-25,0.6393
2025-09-22,DN,5,MPHASIS.NS,0.8269,2.8673,-2.9532,2025-09-23,-3.008,2025-09-25,-4.7329
2025-09-22,DN,6,PERSISTENT.NS,0.8255,3.2537,-1.7246,2025-09-23,-0.5786,2025-09-25,-3.1967
2025-09-22,DN,7,COFORGE.NS,0.8133,2.7749,-2.1319,2025-09-23,-2.854,2025-09-25,-7.3155
2025-09-22,DN,8,BEML.NS,0.8021,3.1059,-1.2864,2025-09-23,0.1571,2025-09-25,0.7093
2025-09-22,DN,9,NATIONALUM.NS,0.7866,2.7069,-2.6985,2025-09-23,-0.9955,2025-09-25,-2.5268
2025-09-22,DN,10,TATACOMM.NS,0.7725,2.6922,-1.0417,2025-09-23,0.1452,2025-09-25,0.3569
2025-09-22,DN,11,SAPPHIRE.NS,0.7647,3.0198,-4.621,2025-09-23,-2.1426,2025-09-25,-1.487
2025-09-22,DN,12,NOCIL.NS,0.7608,2.6683,-3.1063,2025-09-23,0.5297,2025-09-25,-0.1435
2025-09-22,DN,13,WELCORP.NS,0.7559,2.7516,-3.4044,2025-09-23,-1.031,2025-09-25,-2.174
2025-09-22,DN,14,SOBHA.NS,0.747,3.0643,0.069,2025-09-23,-1.1092,2025-09-25,-2.2622
2025-09-22,DN,15,BATAINDIA.NS,0.744,2.657,-2.873,2025-09-23,-0.057,2025-09-25,-3.4224
2025-09-22,DN,16,LUPIN.NS,0.7313,1.9999,-2.0332,2025-09-23,0.1297,2025-09-25,-2.0405
2025-09-22,DN,17,BAJFINANCE.NS,0.7301,1.9502,-0.3317,2025-09-23,1.8877,2025-09-25,0.621
2025-09-22,DN,18,BRITANNIA.NS,0.7192,1.9654,-2.5032,2025-09-23,-2.0226,2025-09-25,-1.7007
2025-09-22,DN,19,FINPIPE.NS,0.7183,2.3218,-2.1154,2025-09-23,-2.1287,2025-09-25,-1.8326
2025-09-22,DN,20,OFSS.NS,0.7044,3.1844,0.9587,2025-09-23,0.5245,2025-09-25,-1.6287
2025-09-23,UP,1,ONMOBILE.NS,0.9966,4.8508,18.1611,2025-09-24,-1.7489,2025-09-26,2.7864
2025-09-23,UP,2,ADANIGREEN.NS,0.9743,3.2534,14.5366,2025-09-24,-3.1994,2025-09-26,-7.4285
2025-09-23,UP,3,ADANIENSOL.NS,0.9466,3.0371,10.5851,2025-09-24,-3.9023,2025-09-26,-4.9616
2025-09-23,UP,4,ASHOKLEY.NS,0.9182,2.6268,7.0611,2025-09-24,-1.2358,2025-09-26,-1.4649
2025-09-23,UP,5,DEEPAKFERT.NS,0.91,2.5757,6.546,2025-09-24,4.063,2025-09-26,0.8561
2025-09-23,UP,6,GRSE.NS,0.8857,4.2048,9.8553,2025-09-24,1.2683,2025-09-26,-2.585
2025-09-23,UP,7,MOIL.NS,0.8425,2.9387,1.9696,2025-09-24,0.0276,2025-09-26,-2.2075
2025-09-23,UP,8,NAUKRI.NS,0.8393,2.6298,3.0686,2025-09-24,-0.617,2025-09-26,-5.5743
2025-09-23,UP,9,CANBK.NS,0.8391,2.1481,7.657,2025-09-24,0.8285,2025-09-26,-3.1337
2025-09-23,UP,10,PNBHOUSING.NS,0.8364,2.1326,7.3169,2025-09-24,-0.2075,2025-09-26,-3.1006
2025-09-23,UP,11,SUDARSCHEM.NS,0.832,2.8983,8.0096,2025-09-24,-0.2166,2025-09-26,-8.1507
2025-09-23,UP,12,IDEAFORGE.NS,0.8083,3.93,4.1125,2025-09-24,0.0657,2025-09-26,-6.3614
2025-09-23,UP,13,OLECTRA.NS,0.7932,3.2974,2.3834,2025-09-24,-1.5619,2025-09-26,-7.0257
2025-09-23,UP,14,CENTUM.NS,0.7745,5.0662,3.7803,2025-09-24,3.0021,2025-09-26,-6.3263
2025-09-23,UP,15,BPCL.NS,0.7689,2.0365,3.8178,2025-09-24,-0.0151,2025-09-26,-1.8311
2025-09-23,UP,16,IDEA.NS,0.7684,5.0049,9.8237,2025-09-24,-1.4908,2025-09-26,-8.0275
2025-09-23,UP,17,LAURUSLABS.NS,0.7602,2.4014,1.6986,2025-09-24,-0.033,2025-09-26,-8.5435
2025-09-23,UP,18,MARUTI.NS,0.7473,1.873,3.3648,2025-09-24,0.9443,2025-09-26,1.1741
2025-09-23,UP,19,NMDC.NS,0.7456,1.842,3.526,2025-09-24,-1.1524,2025-09-26,-3.9821
2025-09-23,UP,20,TORNTPHARM.NS,0.7437,1.677,3.281,2025-09-24,-1.0105,2025-09-26,-2.4784
2025-09-23,DN,1,PERSISTENT.NS,0.8667,3.2685,-4.5533,2025-09-24,-0.935,2025-09-26,-5.5243
2025-09-23,DN,2,ZYDUSWELL.NS,0.8602,4.5685,-9.625,2025-09-24,2.5116,2025-09-26,1.794
2025-09-23,DN,3,COFORGE.NS,0.8529,2.9417,-6.2767,2025-09-24,-2.68,2025-09-26,-7.7583
2025-09-23,DN,4,RAJESHEXPO.NS,0.8458,3.8472,-5.3803,2025-09-24,-0.8257,2025-09-26,-5.1721
2025-09-23,DN,5,RAILTEL.NS,0.8413,3.1068,-3.6529,2025-09-24,-2.1702,2025-09-26,-1.1766
2025-09-23,DN,6,MPHASIS.NS,0.8296,3.0148,-6.2392,2025-09-24,-0.9289,2025-09-26,-4.4893
2025-09-23,DN,7,PARAS.NS,0.8269,3.6466,-3.4791,2025-09-24,-0.5189,2025-09-26,-2.5526
2025-09-23,DN,8,TATACOMM.NS,0.8008,2.7194,-3.4135,2025-09-24,-0.0423,2025-09-26,-2.5131
2025-09-23,DN,9,SAPPHIRE.NS,0.7803,3.2598,-6.2644,2025-09-24,0.6046,2025-09-26,-1.6013
2025-09-23,DN,10,MASTEK.NS,0.7641,3.6821,-8.3497,2025-09-24,-3.3438,2025-09-26,-5.4828
2025-09-23,DN,11,TECHM.NS,0.7476,2.257,-3.8916,2025-09-24,-1.3248,2025-09-26,-4.3617
2025-09-23,DN,12,NHPC.NS,0.7462,2.265,-2.2345,2025-09-24,-0.3925,2025-09-26,-3.4515
2025-09-23,DN,13,HFCL.NS,0.7454,3.0433,-1.4648,2025-09-24,0.438,2025-09-26,-4.3005
2025-09-23,DN,14,OFSS.NS,0.7264,3.176,-0.4211,2025-09-24,-0.4668,2025-09-26,-6.4697
2025-09-23,DN,15,SOBHA.NS,0.7246,3.2037,-0.711,2025-09-24,-0.2598,2025-09-26,-2.2749
2025-09-23,DN,16,METROBRAND.NS,0.7243,3.4976,-1.2369,2025-09-24,-0.1174,2025-09-26,-4.5867
2025-09-23,DN,17,EMAMILTD.NS,0.7226,2.7169,-4.4102,2025-09-24,0.1908,2025-09-26,-3.2434
2025-09-23,DN,18,HCLTECH.NS,0.7226,1.9808,-3.5938,2025-09-24,0.8742,2025-09-26,-2.4129
2025-09-23,DN,19,NATIONALUM.NS,0.7194,2.625,-3.5292,2025-09-24,-1.3168,2025-09-26,-3.9552
2025-09-23,DN,20,CLEAN.NS,0.7117,2.7439,-3.5352,2025-09-24,-0.415,2025-09-26,-2.764
2025-09-24,UP,1,ADANIGREEN.NS,0.9718,3.5149,11.823,2025-09-25,-1.4335,2025-09-29,-5.4691
2025-09-24,UP,2,IDEA.NS,0.9556,4.9809,10.5534,2025-09-25,1.0477,2025-09-29,-4.0745
2025-09-24,UP,3,CENTUM.NS,0.9502,4.9533,6.7651,2025-09-25,-4.5647,2025-09-29,-7.5141
2025-09-24,UP,4,ADANIENSOL.NS,0.949,3.3195,7.5685,2025-09-25,0.5849,2025-09-29,-1.9404
2025-09-24,UP,5,SUDARSCHEM.NS,0.9466,2.7716,6.8442,2025-09-25,-5.2483,2025-09-29,-10.8846
2025-09-24,UP,6,DEEPAKFERT.NS,0.94,2.7133,8.003,2025-09-25,-2.1262,2025-09-29,-5.0307
2025-09-24,UP,7,ASHOKLEY.NS,0.8937,2.5753,4.014,2025-09-25,-1.2723,2025-09-29,0.1125
2025-09-24,UP,8,GRSE.NS,0.8726,4.0206,4.271,2025-09-25,0.0774,2025-09-29,-8.1479
2025-09-24,UP,9,RATEGAIN.NS,0.8527,3.4159,2.728,2025-09-25,0.5539,2025-09-29,-4.7951
2025-09-24,UP,10,CANBK.NS,0.8257,2.095,5.729,2025-09-25,-1.196,2025-09-29,-1.9771
2025-09-24,UP,11,MOIL.NS,0.816,2.7094,2.4156,2025-09-25,-0.6069,2025-09-29,-0.6483
2025-09-24,UP,12,SHYAMMETL.NS,0.8114,2.5487,0.5747,2025-09-25,0.1687,2025-09-29,-1.0775
2025-09-24,UP,13,PNBHOUSING.NS,0.808,2.1242,5.8649,2025-09-25,2.0058,2025-09-29,-2.2306
2025-09-24,UP,14,LAURUSLABS.NS,0.8012,2.3609,1.7674,2025-09-25,-1.4729,2025-09-29,-7.5625
2025-09-24,UP,15,CHOLAFIN.NS,0.7845,2.1246,3.61,2025-09-25,-2.2942,2025-09-29,-2.3617
2025-09-24,UP,16,APOLLOTYRE.NS,0.7801,2.2062,2.327,2025-09-25,-0.2931,2025-09-29,-5.8925
2025-09-24,UP,17,SAIL.NS,0.7796,2.0799,2.7043,2025-09-25,0.132,2025-09-29,-3.3959
2025-09-24,UP,18,MUTHOOTFIN.NS,0.7782,2.0263,4.9692,2025-09-25,-1.1884,2025-09-29,-0.7642
2025-09-24,UP,19,BANKBARODA.NS,0.7532,1.7545,3.4487,2025-09-25,-0.6093,2025-09-29,-0.1494
2025-09-24,UP,20,JSWSTEEL.NS,0.751,1.6491,3.4293,2025-09-25,-0.0522,2025-09-29,-2.341
2025-09-24,DN,1,COFORGE.NS,0.8512,2.9967,-9.4146,2025-09-25,-1.9653,2025-09-29,-4.3741
2025-09-24,DN,2,RAJESHEXPO.NS,0.847,3.8291,-6.7617,2025-09-25,-1.0263,2025-09-29,-5.3671
2025-09-24,DN,3,RAILTEL.NS,0.8458,3.1662,-6.6725,2025-09-25,1.7239,2025-09-29,-0.2005
2025-09-24,DN,4,PARAS.NS,0.8389,3.6087,-5.1548,2025-09-25,0.1692,2025-09-29,-5.4279
2025-09-24,DN,5,PERSISTENT.NS,0.8243,3.2512,-6.2144,2025-09-25,-1.7143,2025-09-29,-6.1832
2025-09-24,DN,6,ZYDUSWELL.NS,0.8216,4.4316,-5.8064,2025-09-25,-2.3677,2025-09-29,0.1647
2025-09-24,DN,7,MPHASIS.NS,0.8175,3.0371,-7.9648,2025-09-25,-0.8574,2025-09-29,-2.2912
2025-09-24,DN,8,DATAPATTNS.NS,0.798,3.6331,-4.6094,2025-09-25,0.5442,2025-09-29,-7.177
2025-09-24,DN,9,METROBRAND.NS,0.7937,3.2426,-3.4136,2025-09-25,-1.5281,2025-09-29,-3.0719
2025-09-24,DN,10,BHARATFORG.NS,0.784,2.5558,-4.6981,2025-09-25,-0.1406,2025-09-29,0.4136
2025-09-24,DN,11,CLEAN.NS,0.7823,2.7578,-5.687,2025-09-25,-0.7271,2025-09-29,-2.0129
2025-09-24,DN,12,TECHM.NS,0.7748,2.3729,-6.1272,2025-09-25,-0.5577,2025-09-29,-2.8711
2025-09-24,DN,13,BDL.NS,0.766,2.9321,-3.5824,2025-09-25,-0.6703,2025-09-29,-4.3092
2025-09-24,DN,14,TATACHEM.NS,0.7654,2.424,-4.079,2025-09-25,-1.2342,2025-09-29,-4.0191
2025-09-24,DN,15,DLF.NS,0.7539,2.2393,-6.7137,2025-09-25,-1.7174,2025-09-29,-1.5675
2025-09-24,DN,16,PRESTIGE.NS,0.7488,2.7519,-4.9326,2025-09-25,-2.4289,2025-09-29,-3.3001
2025-09-24,DN,17,MASTEK.NS,0.7444,3.9695,-9.7939,2025-09-25,-1.5717,2025-09-29,-0.7768
2025-09-24,DN,18,SOBHA.NS,0.7286,3.2379,-2.0901,2025-09-25,-0.9085,2025-09-29,-3.4689
2025-09-24,DN,19,BEL.NS,0.7264,2.107,-4.0636,2025-09-25,1.9471,2025-09-29,1.1379
2025-09-24,DN,20,IRCON.NS,0.7234,2.9728,-6.4699,2025-09-25,-1.0805,2025-09-29,-3.3215
2025-09-25,UP,1,IDEA.NS,0.9476,4.4437,10.7143,2025-09-26,-7.6037,2025-09-30,-6.3364
2025-09-25,UP,2,ADANIGREEN.NS,0.9184,3.698,10.2819,2025-09-26,-2.9781,2025-09-30,-4.8817
2025-09-25,UP,3,INTELLECT.NS,0.9109,3.6882,1.8557,2025-09-26,-6.9099,2025-09-30,-8.0002
2025-09-25,UP,4,ADANIENSOL.NS,0.8857,3.3749,6.7574,2025-09-26,-1.6775,2025-09-30,-2.4547
2025-09-25,UP,5,PNBHOUSING.NS,0.8633,2.2882,5.393,2025-09-26,-4.8086,2025-09-30,-4.8637
2025-09-25,UP,6,HINDZINC.NS,0.8396,2.2718,2.6162,2025-09-26,-3.7815,2025-09-30,3.3637
2025-09-25,UP,7,GRSE.NS,0.8367,4.2711,3.4458,2025-09-26,-3.8794,2025-09-30,-6.9123
2025-09-25,UP,8,OIL.NS,0.8284,1.9347,3.9208,2025-09-26,-1.0969,2025-09-30,-0.2411
2025-09-25,UP,9,DEEPAKFERT.NS,0.8279,2.7515,6.5955,2025-09-26,-0.9763,2025-09-30,-2.8965
2025-09-25,UP,10,CANBK.NS,0.8226,2.1263,5.2249,2025-09-26,-2.7668,2025-09-30,1.8692
2025-09-25,UP,11,RATEGAIN.NS,0.8163,3.3944,3.8636,2025-09-26,-1.9543,2025-09-30,-2.7013
2025-09-25,UP,12,CENTUM.NS,0.8104,4.9983,3.7776,2025-09-26,-4.7066,2025-09-30,-2.8502
2025-09-25,UP,13,VGUARD.NS,0.8027,2.5062,-0.0405,2025-09-26,0.2163,2025-09-30,1.5414
2025-09-25,UP,14,AMBER.NS,0.801,2.3857,2.1487,2025-09-26,-3.2707,2025-09-30,-4.1417
2025-09-25,UP,15,SUDARSCHEM.NS,0.7961,3.3064,0.4882,2025-09-26,-2.8528,2025-09-30,-7.3922
2025-09-25,UP,16,COCHINSHIP.NS,0.767,3.3344,1.0223,2025-09-26,-2.735,2025-09-30,-7.1254
2025-09-25,UP,17,RBLBANK.NS,0.7585,2.3974,1.5671,2025-09-26,-1.1254,2025-09-30,0.6535
2025-09-25,UP,18,KEI.NS,0.7532,2.2872,0.2048,2025-09-26,-2.6119,2025-09-30,-2.2992
2025-09-25,UP,19,VEDL.NS,0.7524,2.3441,1.3168,2025-09-26,-2.9676,2025-09-30,0.8989
2025-09-25,UP,20,VINATIORGA.NS,0.7498,2.0771,0.4423,2025-09-26,-0.3476,2025-09-30,0.5794
2025-09-25,DN,1,COFORGE.NS,0.8578,3.0065,-12.7816,2025-09-26,-3.318,2025-09-30,-0.0189
2025-09-25,DN,2,PERSISTENT.NS,0.8561,3.1903,-8.352,2025-09-26,-2.9691,2025-09-30,-5.4875
2025-09-25,DN,3,RAJESHEXPO.NS,0.8493,3.8375,-7.7771,2025-09-26,-3.3912,2025-09-30,-4.0525
2025-09-25,DN,4,MPHASIS.NS,0.825,2.9584,-9.4381,2025-09-26,-2.76,2025-09-30,-2.3037
2025-09-25,DN,5,LTTS.NS,0.8126,2.5006,-6.1834,2025-09-26,-1.5021,2025-09-30,-0.1674
2025-09-25,DN,6,PARAS.NS,0.809,3.6946,-4.0189,2025-09-26,-2.2097,2025-09-30,-5.5735
2025-09-25,DN,7,MASTEK.NS,0.8087,3.931,-11.5647,2025-09-26,-0.6516,2025-09-30,0.6332
2025-09-25,DN,8,RAILTEL.NS,0.8087,3.2815,-4.2757,2025-09-26,-0.6963,2025-09-30,-2.207
2025-09-25,DN,9,KALYANKJIL.NS,0.8017,2.7009,-10.1845,2025-09-26,-1.4593,2025-09-30,-1.7836
2025-09-25,DN,10,TECHM.NS,0.783,2.2769,-6.8614,2025-09-26,-2.5341,2025-09-30,-3.0465
2025-09-25,DN,11,BHARATFORG.NS,0.7743,2.5541,-4.8321,2025-09-26,-2.1701,2025-09-30,0.4224
2025-09-25,DN,12,ZENSARTECH.NS,0.7726,2.6758,-5.5908,2025-09-26,-3.5556,2025-09-30,-4.9629
2025-09-25,DN,13,SOBHA.NS,0.7688,3.1714,-4.2718,2025-09-26,-1.122,2025-09-30,-1.1669
2025-09-25,DN,14,BDL.NS,0.7427,3.0745,-3.3723,2025-09-26,-3.7342,2025-09-30,-4.0298
2025-09-25,DN,15,IRCON.NS,0.7374,3.0994,-6.9231,2025-09-26,-1.8378,2025-09-30,-1.1848
2025-09-25,DN,16,MOTHERSON.NS,0.7283,2.9831,-3.3034,2025-09-26,0.2657,2025-09-30,0.2562
2025-09-25,DN,17,WIPRO.NS,0.7252,2.0177,-5.8109,2025-09-26,-2.5826,2025-09-30,-1.0868
2025-09-25,DN,18,GODREJPROP.NS,0.7223,2.4543,-5.7578,2025-09-26,-0.4981,2025-09-30,0.0712
2025-09-25,DN,19,CLEAN.NS,0.7199,2.533,-6.2945,2025-09-26,-1.6436,2025-09-30,-1.8669
2025-09-25,DN,20,WHIRLPOOL.NS,0.7133,3.1299,-6.47,2025-09-26,-1.3131,2025-09-30,-4.6277
2025-09-26,UP,1,ONMOBILE.NS,0.9097,5.3548,11.6208,2025-09-29,-2.2206,2025-10-01,-1.6438
2025-09-26,UP,2,DEEPAKFERT.NS,0.8486,2.7693,5.0985,2025-09-29,-2.011,2025-10-01,1.012
2025-09-26,UP,3,HINDZINC.NS,0.8457,2.6052,-0.8719,2025-09-29,3.7965,2025-10-01,7.181
2025-09-26,UP,4,RATNAMANI.NS,0.8019,2.6458,0.0166,2025-09-29,-0.1077,2025-10-01,0.0249
2025-09-26,UP,5,GRSE.NS,0.794,4.5997,0.238,2025-09-29,-4.5146,2025-10-01,1.2522
2025-09-26,UP,6,ADANIGREEN.NS,0.792,4.0212,1.6203,2025-09-29,-1.1505,2025-10-01,1.6517
2025-09-26,UP,7,RATEGAIN.NS,0.7862,3.4664,1.6427,2025-09-29,-3.4324,2025-10-01,6.6261
2025-09-26,UP,8,ICICIGI.NS,0.7831,1.8415,1.5005,2025-09-29,0.5016,2025-10-01,0.5069
2025-09-26,UP,9,MOIL.NS,0.7732,2.5798,-0.3375,2025-09-29,1.6225,2025-10-01,3.9503
2025-09-26,UP,10,DEEPAKNTR.NS,0.7684,2.3039,2.3647,2025-09-29,-0.8007,2025-10-01,-0.3733
2025-09-26,UP,11,SHYAMMETL.NS,0.7529,2.5257,-0.1046,2025-09-29,0.1819,2025-10-01,1.8848
2025-09-26,UP,12,JSWSTEEL.NS,0.7382,1.7055,0.7125,2025-09-29,-0.7605,2025-10-01,1.353
2025-09-26,UP,13,ASHOKLEY.NS,0.7357,2.3045,0.7382,2025-09-29,0.3452,2025-10-01,-0.4932
2025-09-26,UP,14,GODREJAGRO.NS,0.7333,2.2198,-2.1262,2025-09-29,-0.3912,2025-10-01,-2.8639
2025-09-26,UP,15,BAJFINANCE.NS,0.7331,2.0313,-0.7406,2025-09-29,0.5938,2025-10-01,0.2639
2025-09-26,UP,16,LT.NS,0.7329,1.5444,1.472,2025-09-29,-1.102,2025-10-01,-1.5873
2025-09-26,UP,17,CERA.NS,0.7314,1.961,-1.349,2025-09-29,-0.3398,2025-10-01,-1.1894
2025-09-26,UP,18,CRAFTSMAN.NS,0.728,2.4101,0.0369,2025-09-29,-0.8924,2025-10-01,-0.9293
2025-09-26,UP,19,MUTHOOTFIN.NS,0.7217,2.0128,2.9098,2025-09-29,1.4701,2025-10-01,4.1122
2025-09-26,UP,20,CANBK.NS,0.721,2.3392,0.2717,2025-09-29,2.0325,2025-10-01,4.8103
2025-09-26,DN,1,COFORGE.NS,0.8643,3.2606,-14.304,2025-09-29,0.8905,2025-10-01,4.0494
2025-09-26,DN,2,PERSISTENT.NS,0.8391,3.2872,-10.0799,2025-09-29,-1.6259,2025-10-01,0.0889
2025-09-26,DN,3,ZENSARTECH.NS,0.8329,2.9913,-9.7173,2025-09-29,-3.2089,2025-10-01,-0.7296
2025-09-26,DN,4,BDL.NS,0.8316,3.3921,-8.2005,2025-09-29,0.0734,2025-10-01,2.9376
2025-09-26,DN,5,LAURUSLABS.NS,0.8246,3.0411,-10.707,2025-09-29,1.0393,2025-10-01,4.7699
2025-09-26,DN,6,PARAS.NS,0.8179,3.8994,-7.1185,2025-09-29,-3.4542,2025-10-01,-0.5397
2025-09-26,DN,7,MPHASIS.NS,0.8155,3.0346,-11.7376,2025-09-29,1.3511,2025-10-01,1.8392
2025-09-26,DN,8,INTELLECT.NS,0.8133,4.3637,-7.0678,2025-09-29,-2.9154,2025-10-01,-1.009
2025-09-26,DN,9,KALYANKJIL.NS,0.7944,2.8701,-10.8721,2025-09-29,-1.6455,2025-10-01,2.0842
2025-09-26,DN,10,TECHM.NS,0.7942,2.3965,-9.4028,2025-09-29,0.2131,2025-10-01,0.5896
2025-09-26,DN,11,GODREJPROP.NS,0.7638,2.4987,-8.7451,2025-09-29,2.0076,2025-10-01,3.7188
2025-09-26,DN,12,GALAXYSURF.NS,0.7609,3.0055,-9.2077,2025-09-29,0.5357,2025-10-01,1.9505
2025-09-26,DN,13,SUZLON.NS,0.7609,2.3814,-8.4768,2025-09-29,0.0,2025-10-01,-0.1809
2025-09-26,DN,14,HFCL.NS,0.7575,3.4545,-5.653,2025-09-29,2.7323,2025-10-01,1.8308
2025-09-26,DN,15,LTTS.NS,0.7505,2.5719,-6.5932,2025-09-29,-1.7689,2025-10-01,3.1486
2025-09-26,DN,16,MASTEK.NS,0.7493,3.9307,-10.5511,2025-09-29,1.4687,2025-10-01,2.0137
2025-09-26,DN,17,IDEA.NS,0.7482,5.3527,-4.5238,2025-09-29,2.7431,2025-10-01,6.2344
2025-09-26,DN,18,RAJESHEXPO.NS,0.7478,3.4899,-9.8356,2025-09-29,-1.0295,2025-10-01,0.4764
2025-09-26,DN,19,DATAPATTNS.NS,0.7471,3.889,-7.1778,2025-09-29,-4.2751,2025-10-01,-0.904
2025-09-26,DN,20,WIPRO.NS,0.7389,2.1379,-7.867,2025-09-29,1.6501,2025-10-01,2.2566
2025-09-29,UP,1,MRPL.NS,0.9087,2.6567,3.2569,2025-09-30,-0.9843,2025-10-03,6.9271
2025-09-29,UP,2,HINDZINC.NS,0.8937,2.6769,1.5024,2025-09-30,3.4967,2025-10-03,5.4382
2025-09-29,UP,3,VINATIORGA.NS,0.8738,2.2686,5.3404,2025-09-30,-2.8594,2025-10-03,-5.5453
2025-09-29,UP,4,PGHH.NS,0.8548,2.1699,5.0244,2025-09-30,-0.4854,2025-10-03,0.8653
2025-09-29,UP,5,BPCL.NS,0.8284,2.1602,3.9029,2025-09-30,0.4584,2025-10-03,1.0204
2025-09-29,UP,6,HFCL.NS,0.813,3.569,-1.0421,2025-09-30,-1.6066,2025-10-03,2.4301
2025-09-29,UP,7,TEJASNET.NS,0.8125,2.7442,-1.0003,2025-09-30,-1.4229,2025-10-03,-0.5304
2025-09-29,UP,8,DEEPAKFERT.NS,0.788,2.956,3.2471,2025-09-30,0.0733,2025-10-03,4.7708
2025-09-29,UP,9,OIL.NS,0.7774,2.062,1.9548,2025-09-30,-0.8268,2025-10-03,-0.6111
2025-09-29,UP,10,COROMANDEL.NS,0.7589,3.1271,-1.5178,2025-09-30,0.4423,2025-10-03,2.8144
2025-09-29,UP,11,RBLBANK.NS,0.7548,2.4787,3.0033,2025-09-30,-0.198,2025-10-03,-0.6839
2025-09-29,UP,12,MOIL.NS,0.75,2.6427,1.6511,2025-09-30,2.8183,2025-10-03,8.7602
2025-09-29,UP,13,INDUSINDBK.NS,0.7425,2.0795,-1.4844,2025-09-30,1.6796,2025-10-03,3.3177
2025-09-29,UP,14,PETRONET.NS,0.7346,1.6796,0.9605,2025-09-30,0.0898,2025-10-03,0.1436
2025-09-29,UP,15,VOLTAS.NS,0.7312,2.1478,-0.1235,2025-09-30,-1.5278,2025-10-03,-1.0258
2025-09-29,UP,16,PNBHOUSING.NS,0.7209,2.7371,1.2805,2025-09-30,-0.7413,2025-10-03,2.0688
2025-09-29,UP,17,IDEA.NS,0.72,5.2358,-1.7878,2025-09-30,-1.335,2025-10-03,7.0388
2025-09-29,UP,18,SHYAMMETL.NS,0.719,2.5486,-1.029,2025-09-30,0.4841,2025-10-03,6.8104
2025-09-29,UP,19,CANBK.NS,0.7087,2.4041,1.3544,2025-09-30,2.6809,2025-10-03,4.4987
2025-09-29,UP,20,TATACOMM.NS,0.7079,2.8607,-2.4139,2025-09-30,0.0186,2025-10-03,0.0496
2025-09-29,DN,1,ADANIGREEN.NS,0.8991,4.2332,-10.1376,2025-09-30,-0.821,2025-10-03,3.3757
2025-09-29,DN,2,ADANIENSOL.NS,0.8674,3.4471,-7.0034,2025-09-30,0.0574,2025-10-03,5.1161
2025-09-29,DN,3,PARAS.NS,0.8543,4.3493,-8.6415,2025-09-30,0.0149,2025-10-03,8.1992
2025-09-29,DN,4,GRSE.NS,0.8399,5.1157,-6.5507,2025-09-30,1.4236,2025-10-03,9.2557
2025-09-29,DN,5,BDL.NS,0.8356,3.4125,-7.913,2025-09-30,-0.3803,2025-10-03,4.1364
2025-09-29,DN,6,COCHINSHIP.NS,0.8293,4.1966,-7.8475,2025-09-30,0.9932,2025-10-03,5.0508
2025-09-29,DN,7,DATAPATTNS.NS,0.8288,4.5149,-9.6937,2025-09-30,0.3148,2025-10-03,11.5645
2025-09-29,DN,8,ZENSARTECH.NS,0.8212,3.3487,-7.4972,2025-09-30,1.8078,2025-10-03,1.4209
2025-09-29,DN,9,OFSS.NS,0.8171,3.6021,-6.6582,2025-09-30,-0.5974,2025-10-03,6.0153
2025-09-29,DN,10,INTELLECT.NS,0.8094,4.2365,-10.707,2025-09-30,1.7965,2025-10-03,2.9977
2025-09-29,DN,11,COFORGE.NS,0.805,3.224,-9.5929,2025-09-30,2.4997,2025-10-03,3.9235
2025-09-29,DN,12,KALYANKJIL.NS,0.7882,3.0122,-11.2716,2025-09-30,1.3384,2025-10-03,9.7814
2025-09-29,DN,13,PERSISTENT.NS,0.7825,3.343,-7.5982,2025-09-30,-0.9855,2025-10-03,4.0714
2025-09-29,DN,14,SUDARSCHEM.NS,0.7803,3.8434,-10.4783,2025-09-30,-1.5351,2025-10-03,-1.3284
2025-09-29,DN,15,MAZDOCK.NS,0.7779,2.9417,-7.5695,2025-09-30,0.378,2025-10-03,4.7326
2025-09-29,DN,16,LAURUSLABS.NS,0.7731,3.1304,-6.954,2025-09-30,0.1011,2025-10-03,2.7885
2025-09-29,DN,17,SUZLON.NS,0.7726,2.4408,-7.7591,2025-09-30,-0.4161,2025-10-03,-1.4834
2025-09-29,DN,18,NATCOPHARM.NS,0.7531,2.6644,-7.9931,2025-09-30,0.0189,2025-10-03,3.4134
2025-09-29,DN,19,M&MFIN.NS,0.7476,2.63,-5.9604,2025-09-30,0.861,2025-10-03,1.0258
2025-09-29,DN,20,NAUKRI.NS,0.7401,2.7468,-7.1877,2025-09-30,-0.494,2025-10-03,1.3756
2025-09-30,UP,1,HINDZINC.NS,0.9225,2.7612,4.5395,2025-10-01,-0.228,2025-10-06,1.8758
2025-09-30,UP,2,NATIONALUM.NS,0.9074,2.7063,2.4085,2025-10-01,0.2946,2025-10-06,1.5336
2025-09-30,UP,3,RBLBANK.NS,0.8603,2.3998,3.0861,2025-10-01,-0.7394,2025-10-06,-0.5951
2025-09-30,UP,4,VEDL.NS,0.8555,2.6445,1.881,2025-10-01,-0.204,2025-10-06,1.0734
2025-09-30,UP,5,MOIL.NS,0.8246,2.6513,2.1799,2025-10-01,-0.5131,2025-10-06,6.3732
2025-09-30,UP,6,COROMANDEL.NS,0.816,3.322,-0.3236,2025-10-01,0.1156,2025-10-06,4.541
2025-09-30,UP,7,MRPL.NS,0.8136,2.7046,2.8503,2025-10-01,0.3916,2025-10-06,11.1605
2025-09-30,UP,8,VINATIORGA.NS,0.8043,2.5058,1.3782,2025-10-01,-0.3168,2025-10-06,-2.6267
2025-09-30,UP,9,METROBRAND.NS,0.7911,3.4173,0.9941,2025-10-01,-3.1388,2025-10-06,-2.8133
2025-09-30,UP,10,VGUARD.NS,0.7505,2.8552,2.4976,2025-10-01,-1.4381,2025-10-06,-2.6631
2025-09-30,UP,11,MGL.NS,0.7419,2.5001,-1.0014,2025-10-01,-1.3976,2025-10-06,-0.9188
2025-09-30,UP,12,OIL.NS,0.7402,2.0688,2.2865,2025-10-01,-0.6042,2025-10-06,1.305
2025-09-30,UP,13,HINDALCO.NS,0.7361,1.9349,2.1518,2025-10-01,0.525,2025-10-06,1.9358
2025-09-30,UP,14,CANBK.NS,0.727,2.3852,1.4848,2025-10-01,0.0404,2025-10-06,2.4654
2025-09-30,UP,15,PETRONET.NS,0.7251,1.7358,1.0328,2025-10-01,-1.5423,2025-10-06,0.538
2025-09-30,UP,16,BPCL.NS,0.7206,2.1682,2.7996,2025-10-01,0.0147,2025-10-06,1.163
2025-09-30,UP,17,JINDALSTEL.NS,0.7163,2.0937,0.0988,2025-10-01,0.1175,2025-10-06,-0.738
2025-09-30,UP,18,PFIZER.NS,0.7144,2.1481,0.199,2025-10-01,2.2836,2025-10-06,3.7232
2025-09-30,UP,19,INDIAMART.NS,0.7127,2.3517,-1.4471,2025-10-01,1.8036,2025-10-06,0.8318
2025-09-30,UP,20,HEROMOTOCO.NS,0.7112,1.9937,1.8993,2025-10-01,-0.7309,2025-10-06,1.9918
2025-09-30,DN,1,ADANIGREEN.NS,0.897,4.2905,-9.2448,2025-10-01,3.686,2025-10-06,3.1699
2025-09-30,DN,2,KPITTECH.NS,0.8732,3.5815,-12.1629,2025-10-01,5.056,2025-10-06,5.3749
2025-09-30,DN,3,ADANIENSOL.NS,0.847,3.3763,-5.7129,2025-10-01,2.763,2025-10-06,6.2367
2025-09-30,DN,4,DATAPATTNS.NS,0.8397,4.6246,-8.0734,2025-10-01,3.1968,2025-10-06,11.4654
2025-09-30,DN,5,GRSE.NS,0.8364,4.9891,-5.6588,2025-10-01,4.551,2025-10-06,8.5129
2025-09-30,DN,6,IDEA.NS,0.8359,5.3506,-6.7661,2025-10-01,4.797,2025-10-06,4.182
2025-09-30,DN,7,SUDARSCHEM.NS,0.8208,4.1009,-12.4426,2025-10-01,0.8769,2025-10-06,-0.2998
2025-09-30,DN,8,LAURUSLABS.NS,0.8096,3.0941,-7.4996,2025-10-01,3.5876,2025-10-06,2.5184
2025-09-30,DN,9,COCHINSHIP.NS,0.8077,4.2308,-5.0811,2025-10-01,4.0232,2025-10-06,3.5427
2025-09-30,DN,10,KALYANKJIL.NS,0.7691,3.2137,-8.213,2025-10-01,2.4213,2025-10-06,6.8347
2025-09-30,DN,11,MAZDOCK.NS,0.7627,2.9513,-6.0555,2025-10-01,2.9006,2025-10-06,4.5808
2025-09-30,DN,12,BDL.NS,0.762,3.3107,-6.4059,2025-10-01,3.2548,2025-10-06,4.4133
2025-09-30,DN,13,IDEAFORGE.NS,0.7541,4.4741,-5.3762,2025-10-01,0.9321,2025-10-06,-1.8642
2025-09-30,DN,14,SUZLON.NS,0.7445,2.4614,-6.2979,2025-10-01,0.2361,2025-10-06,-1.7075
2025-09-30,DN,15,RVNL.NS,0.7414,3.0238,-5.0755,2025-10-01,1.4582,2025-10-06,2.1063
2025-09-30,DN,16,ROUTE.NS,0.7388,2.9328,-6.3974,2025-10-01,0.8085,2025-10-06,-0.9854
2025-09-30,DN,17,OFSS.NS,0.7359,3.0393,-7.6999,2025-10-01,3.8201,2025-10-06,8.2173
2025-09-30,DN,18,PNBHOUSING.NS,0.7283,2.765,-3.1567,2025-10-01,2.1654,2025-10-06,3.6417
2025-09-30,DN,19,JINDALPOLY.NS,0.7273,3.2569,-7.9772,2025-10-01,1.6699,2025-10-06,2.3086
2025-09-30,DN,20,WHIRLPOOL.NS,0.723,3.3412,-9.8191,2025-10-01,-1.5782,2025-10-06,-0.6632
2025-10-01,UP,1,RATEGAIN.NS,0.9431,3.8052,5.1214,2025-10-03,2.0426,2025-10-07,3.6232
2025-10-01,UP,2,HINDZINC.NS,0.9033,2.7571,6.2817,2025-10-03,2.1087,2025-10-07,1.7763
2025-10-01,UP,3,GRANULES.NS,0.888,2.7537,2.2325,2025-10-03,2.6997,2025-10-07,2.4417
2025-10-01,UP,4,PFIZER.NS,0.8789,2.5245,2.9171,2025-10-03,1.3881,2025-10-07,1.3978
2025-10-01,UP,5,MRPL.NS,0.8275,2.6255,4.5897,2025-10-03,7.5688,2025-10-07,11.9796
2025-10-01,UP,6,BEML.NS,0.8237,3.7834,0.2019,2025-10-03,1.6556,2025-10-07,0.3913
2025-10-01,UP,7,NATIONALUM.NS,0.823,2.5828,4.0807,2025-10-03,3.1049,2025-10-07,1.1981
2025-10-01,UP,8,RBLBANK.NS,0.8179,2.8148,1.794,2025-10-03,0.2544,2025-10-07,-0.5996
2025-10-01,UP,9,SHRIRAMFIN.NS,0.8053,2.0684,3.7671,2025-10-03,-0.447,2025-10-07,2.7902
2025-10-01,UP,10,COROMANDEL.NS,0.7866,3.3636,0.9055,2025-10-03,2.2434,2025-10-07,1.6615
2025-10-01,UP,11,VEDL.NS,0.7811,2.719,3.657,2025-10-03,1.3123,2025-10-07,1.5059
2025-10-01,UP,12,RAILTEL.NS,0.7718,3.4723,2.5658,2025-10-03,0.9902,2025-10-07,3.6221
2025-10-01,UP,13,ENDURANCE.NS,0.7715,3.2895,0.8462,2025-10-03,2.8728,2025-10-07,4.9207
2025-10-01,UP,14,VGUARD.NS,0.766,2.9461,1.2585,2025-10-03,-0.7566,2025-10-07,-1.6887
2025-10-01,UP,15,INDIAMART.NS,0.7624,2.4074,0.9341,2025-10-03,-1.1464,2025-10-07,-2.1802
2025-10-01,UP,16,MOIL.NS,0.7605,2.7581,1.6276,2025-10-03,6.3246,2025-10-07,2.3344
2025-10-01,UP,17,BPCL.NS,0.7495,2.1679,2.8303,2025-10-03,0.5446,2025-10-07,0.6476
2025-10-01,UP,18,GODREJPROP.NS,0.749,2.6089,0.5597,2025-10-03,0.1281,2025-10-07,2.1129
2025-10-01,UP,19,BEL.NS,0.7464,2.2922,2.7943,2025-10-03,1.5129,2025-10-07,0.9348
2025-10-01,UP,20,PNB.NS,0.7457,2.2574,1.3873,2025-10-03,1.6171,2025-10-07,1.4394
2025-10-01,DN,1,ADANIGREEN.NS,0.8332,4.1373,-2.7893,2025-10-03,0.526,2025-10-07,-0.3757
2025-10-01,DN,2,KPITTECH.NS,0.8146,3.6111,-7.045,2025-10-03,0.3902,2025-10-07,1.5002
2025-10-01,DN,3,SUDARSCHEM.NS,0.8139,3.9984,-11.4831,2025-10-03,-0.6613,2025-10-07,-2.5559
2025-10-01,DN,4,LAURUSLABS.NS,0.8093,3.1172,-4.1495,2025-10-03,-0.8716,2025-10-07,-0.9862
2025-10-01,DN,5,GRSE.NS,0.8039,5.1125,-2.6006,2025-10-03,3.033,2025-10-07,2.5036
2025-10-01,DN,6,APOLLOTYRE.NS,0.7675,2.6523,-5.468,2025-10-03,1.1761,2025-10-07,2.3201
2025-10-01,DN,7,DEEPAKFERT.NS,0.7643,3.1423,-2.1009,2025-10-03,1.6353,2025-10-07,-0.2198
2025-10-01,DN,8,ROUTE.NS,0.7545,3.0117,-5.1753,2025-10-03,-0.4198,2025-10-07,-3.0516
2025-10-01,DN,9,IDEAFORGE.NS,0.7438,4.4012,-4.557,2025-10-03,0.2063,2025-10-07,-3.242
2025-10-01,DN,10,HFCL.NS,0.7421,3.5773,-2.9734,2025-10-03,3.337,2025-10-07,1.4165
2025-10-01,DN,11,JINDALPOLY.NS,0.7294,3.1996,-5.6323,2025-10-03,1.9835,2025-10-07,0.4577
2025-10-01,DN,12,NATCOPHARM.NS,0.7232,2.5669,-5.5783,2025-10-03,1.9838,2025-10-07,0.6013
2025-10-01,DN,13,BAJFINANCE.NS,0.7208,2.0994,-4.0835,2025-10-03,0.2076,2025-10-07,2.9209
2025-10-01,DN,14,PNBHOUSING.NS,0.7153,2.9015,-0.854,2025-10-03,0.6517,2025-10-07,0.8727
2025-10-01,DN,15,ZENSARTECH.NS,0.7153,3.0964,-4.8577,2025-10-03,-1.1122,2025-10-07,-1.0211
2025-10-01,DN,16,COCHINSHIP.NS,0.7142,4.396,-1.7625,2025-10-03,-0.0054,2025-10-07,-1.171
2025-10-01,DN,17,INTELLECT.NS,0.7089,4.0284,-5.1358,2025-10-03,1.0141,2025-10-07,0.6095
2025-10-01,DN,18,BIOCON.NS,0.7065,2.3854,-3.4824,2025-10-03,1.6741,2025-10-07,0.3897
2025-10-01,DN,19,MAZDOCK.NS,0.7041,3.0043,-3.3535,2025-10-03,1.3971,2025-10-07,1.2704
2025-10-01,DN,20,CENTUM.NS,0.7019,4.6413,-6.4233,2025-10-03,-8.7055,2025-10-07,-2.6061
2025-10-03,UP,1,KALYANKJIL.NS,0.9616,3.4702,6.3993,2025-10-06,-1.3817,2025-10-08,-2.0725
2025-10-03,UP,2,MRPL.NS,0.9585,3.0399,10.5628,2025-10-06,2.9358,2025-10-08,2.3291
2025-10-03,UP,3,MOIL.NS,0.944,2.9742,8.715,2025-10-06,0.5617,2025-10-08,-5.1698
2025-10-03,UP,4,DATAPATTNS.NS,0.9261,4.3188,2.9969,2025-10-06,0.2257,2025-10-08,-1.9081
2025-10-03,UP,5,NATIONALUM.NS,0.9133,2.6781,7.5629,2025-10-06,-1.8132,2025-10-08,1.1123
2025-10-03,UP,6,ENDURANCE.NS,0.9046,3.3688,6.5709,2025-10-06,-0.7085,2025-10-08,0.9574
2025-10-03,UP,7,GRANULES.NS,0.9029,2.7813,5.1212,2025-10-06,-0.8254,2025-10-08,-1.5342
2025-10-03,UP,8,RATEGAIN.NS,0.8908,3.8943,6.6777,2025-10-06,0.3961,2025-10-08,-2.5675
2025-10-03,UP,9,SHYAMMETL.NS,0.8616,2.5789,5.4816,2025-10-06,-1.1794,2025-10-08,-4.0534
2025-10-03,UP,10,PARAS.NS,0.8592,4.0399,2.1534,2025-10-06,-0.3582,2025-10-08,-2.0736
2025-10-03,UP,11,HINDZINC.NS,0.8266,2.6944,5.3026,2025-10-06,0.0,2025-10-08,-0.2035
2025-10-03,UP,12,COROMANDEL.NS,0.8227,3.3295,2.8098,2025-10-06,2.129,2025-10-08,-2.5679
2025-10-03,UP,13,JPPOWER.NS,0.8164,2.4374,4.155,2025-10-06,-2.6415,2025-10-08,-3.1267
2025-10-03,UP,14,MIDHANI.NS,0.7944,3.0066,1.7255,2025-10-06,-2.008,2025-10-08,-4.5024
2025-10-03,UP,15,LTTS.NS,0.7732,2.7744,4.0987,2025-10-06,0.2588,2025-10-08,-1.3567
2025-10-03,UP,16,SHRIRAMFIN.NS,0.771,2.0727,5.4023,2025-10-06,3.9718,2025-10-08,3.2673
2025-10-03,UP,17,HINDALCO.NS,0.763,2.0147,4.6537,2025-10-06,-0.4677,2025-10-08,-1.557
2025-10-03,UP,18,PFIZER.NS,0.7599,2.4099,4.9327,2025-10-06,0.0191,2025-10-08,-0.6606
2025-10-03,UP,19,HEROMOTOCO.NS,0.7476,2.1485,3.6605,2025-10-06,0.5585,2025-10-08,-0.6846
2025-10-03,UP,20,BASF.NS,0.7408,2.3462,2.0753,2025-10-06,-0.448,2025-10-08,-0.5205
2025-10-03,DN,1,SUDARSCHEM.NS,0.8829,4.0613,-7.1979,2025-10-06,-0.5086,2025-10-08,-1.7951
2025-10-03,DN,2,KPITTECH.NS,0.8616,3.5767,-7.8044,2025-10-06,-0.0864,2025-10-08,0.2678
2025-10-03,DN,3,COCHINSHIP.NS,0.8613,4.184,-3.3941,2025-10-06,-0.4566,2025-10-08,-3.4757
2025-10-03,DN,4,PNBHOUSING.NS,0.8259,2.8224,-2.1702,2025-10-06,0.7882,2025-10-08,-1.3288
2025-10-03,DN,5,ADANIGREEN.NS,0.8222,4.2051,-0.8568,2025-10-06,-1.0184,2025-10-08,-2.3545
2025-10-03,DN,6,LAURUSLABS.NS,0.7959,3.1504,-3.5645,2025-10-06,-0.162,2025-10-08,-1.2205
2025-10-03,DN,7,APOLLOTYRE.NS,0.7667,2.5951,-4.075,2025-10-06,0.3276,2025-10-08,2.9061
2025-10-03,DN,8,KEI.NS,0.7597,2.6944,-2.9029,2025-10-06,2.3407,2025-10-08,5.3923
2025-10-03,DN,9,SUZLON.NS,0.7418,2.5589,-3.8489,2025-10-06,-0.6427,2025-10-08,-3.1032
2025-10-03,DN,10,ZENSARTECH.NS,0.7408,3.1209,-5.3241,2025-10-06,-0.5854,2025-10-08,1.322
2025-10-03,DN,11,ONMOBILE.NS,0.7368,5.9072,1.8745,2025-10-06,-1.7531,2025-10-08,-0.3332
2025-10-03,DN,12,RATNAMANI.NS,0.7319,2.6256,-3.3804,2025-10-06,-1.6106,2025-10-08,-3.155
2025-10-03,DN,13,IDEAFORGE.NS,0.72,4.1317,-3.1615,2025-10-06,-2.9706,2025-10-08,-4.6078
2025-10-03,DN,14,CENTUM.NS,0.707,5.512,-10.4834,2025-10-06,5.5912,2025-10-08,5.9898
2025-10-03,DN,15,CESC.NS,0.7038,2.8983,-0.5441,2025-10-06,0.0541,2025-10-08,-0.0842
2025-10-03,DN,16,TATACOMM.NS,0.7014,2.8203,-2.7128,2025-10-06,2.7699,2025-10-08,4.6722
2025-10-03,DN,17,GRSE.NS,0.6964,4.6249,0.276,2025-10-06,0.7341,2025-10-08,-1.4976
2025-10-03,DN,18,POLICYBZR.NS,0.6947,3.1209,-2.8952,2025-10-06,1.4643,2025-10-08,3.746
2025-10-03,DN,19,VINATIORGA.NS,0.6882,2.7336,-2.2016,2025-10-06,0.1422,2025-10-08,0.2784
2025-10-03,DN,20,NAVINFLUOR.NS,0.6814,2.8133,-3.1417,2025-10-06,-0.5587,2025-10-08,1.2674
2025-10-06,UP,1,MRPL.NS,0.9668,3.1671,15.8725,2025-10-07,1.1314,2025-10-09,-1.5378
2025-10-06,UP,2,MOIL.NS,0.9439,3.0474,11.1456,2025-10-07,-4.2904,2025-10-09,-1.0409
2025-10-06,UP,3,BSE.NS,0.9202,2.7806,8.5503,2025-10-07,0.5997,2025-10-09,5.0634
2025-10-06,UP,4,KALYANKJIL.NS,0.8873,3.6962,6.4831,2025-10-07,0.4842,2025-10-09,-0.4945
2025-10-06,UP,5,DATAPATTNS.NS,0.8749,4.0833,7.0361,2025-10-07,-0.6932,2025-10-09,-0.5912
2025-10-06,UP,6,COFORGE.NS,0.8502,3.1602,8.0533,2025-10-07,1.4497,2025-10-09,3.4709
2025-10-06,UP,7,SHRIRAMFIN.NS,0.8466,2.1749,10.7912,2025-10-07,-0.6925,2025-10-09,-0.3574
2025-10-06,UP,8,NATIONALUM.NS,0.8363,2.7802,8.261,2025-10-07,-0.0368,2025-10-09,5.7103
2025-10-06,UP,9,PARAS.NS,0.82,3.8104,4.0875,2025-10-07,-1.7146,2025-10-09,-0.3526
2025-10-06,UP,10,PERSISTENT.NS,0.8063,3.0427,4.8132,2025-10-07,1.5783,2025-10-09,3.0062
2025-10-06,UP,11,RATEGAIN.NS,0.8015,3.89,9.235,2025-10-07,1.1484,2025-10-09,-2.8885
2025-10-06,UP,12,MANAPPURAM.NS,0.7949,2.7392,5.0018,2025-10-07,0.0688,2025-10-09,1.2038
2025-10-06,UP,13,HINDZINC.NS,0.7932,2.6966,9.4411,2025-10-07,-0.3255,2025-10-09,4.2218
2025-10-06,UP,14,BANKBARODA.NS,0.7871,2.205,7.3053,2025-10-07,-1.7817,2025-10-09,-0.919
2025-10-06,UP,15,SHYAMMETL.NS,0.7866,2.6726,5.7426,2025-10-07,-3.3356,2025-10-09,-1.4228
2025-10-06,UP,16,COROMANDEL.NS,0.7859,3.3294,7.4907,2025-10-07,-2.642,2025-10-09,-4.5395
2025-10-06,UP,17,PNB.NS,0.7846,2.2993,6.2622,2025-10-07,-0.323,2025-10-09,-0.2095
2025-10-06,UP,18,LTTS.NS,0.7785,2.8403,5.9597,2025-10-07,0.0279,2025-10-09,-0.6092
2025-10-06,UP,19,POLICYBZR.NS,0.7746,3.1285,2.88,2025-10-07,2.2951,2025-10-09,0.597
2025-10-06,UP,20,LAURUSLABS.NS,0.7668,3.1506,3.6886,2025-10-07,0.0463,2025-10-09,0.2433
2025-10-06,DN,1,ONMOBILE.NS,0.9495,6.179,-2.2206,2025-10-07,2.7135,2025-10-09,-2.6397
2025-10-06,DN,2,SUDARSCHEM.NS,0.8498,4.1374,-4.9586,2025-10-07,-1.4058,2025-10-09,-2.4207
2025-10-06,DN,3,KPITTECH.NS,0.8385,3.6094,-4.6257,2025-10-07,1.193,2025-10-09,0.4928
2025-10-06,DN,4,ADANIGREEN.NS,0.7996,4.3023,1.1457,2025-10-07,0.1227,2025-10-09,-0.7457
2025-10-06,DN,5,GODREJAGRO.NS,0.7956,2.9581,-5.7628,2025-10-07,-0.0741,2025-10-09,-1.0822
2025-10-06,DN,6,DEEPAKFERT.NS,0.7793,3.3208,1.3124,2025-10-07,-0.5156,2025-10-09,-2.5585
2025-10-06,DN,7,COCHINSHIP.NS,0.7718,4.0606,-1.1311,2025-10-07,-0.7124,2025-10-09,-3.6589
2025-10-06,DN,8,RATNAMANI.NS,0.7639,2.754,-1.5536,2025-10-07,1.0815,2025-10-09,-1.5234
2025-10-06,DN,9,DEEPAKNTR.NS,0.7387,2.2396,-0.2489,2025-10-07,-2.2671,2025-10-09,-3.4169
2025-10-06,DN,10,ZYDUSWELL.NS,0.7337,4.6434,-6.2202,2025-10-07,-0.4422,2025-10-09,0.2653
2025-10-06,DN,11,MARUTI.NS,0.7329,1.8127,-1.7684,2025-10-07,0.6876,2025-10-09,-0.0813
2025-10-06,DN,12,LT.NS,0.7213,1.7722,0.2011,2025-10-07,-0.1953,2025-10-09,0.8617
2025-10-06,DN,13,SOBHA.NS,0.6944,3.3583,-4.6168,2025-10-07,-0.068,2025-10-09,-1.9579
2025-10-06,DN,14,CLEAN.NS,0.6941,2.8061,-2.997,2025-10-07,-0.7303,2025-10-09,-2.8555
2025-10-06,DN,15,FINPIPE.NS,0.6898,2.7668,-4.2261,2025-10-07,-1.9405,2025-10-09,-2.7027
2025-10-06,DN,16,RBLBANK.NS,0.6894,2.8742,1.1933,2025-10-07,-0.7438,2025-10-09,4.0276
2025-10-06,DN,17,VINATIORGA.NS,0.6749,2.6596,-1.7209,2025-10-07,1.6327,2025-10-09,-0.0828
2025-10-06,DN,18,ZENSARTECH.NS,0.6739,3.2073,-2.4083,2025-10-07,0.6814,2025-10-09,3.8571
2025-10-06,DN,19,ROUTE.NS,0.669,2.9542,-1.97,2025-10-07,-1.2951,2025-10-09,-2.8389
2025-10-06,DN,20,APOLLOTYRE.NS,0.6686,2.4775,-1.0836,2025-10-07,0.8005,2025-10-09,2.1382
2025-10-07,UP,1,RATEGAIN.NS,0.9635,3.9662,14.4166,2025-10-08,-4.0538,2025-10-10,-4.8548
2025-10-07,UP,2,MRPL.NS,0.9315,3.3939,11.3116,2025-10-08,-1.7015,2025-10-10,-3.6375
2025-10-07,UP,3,ENDURANCE.NS,0.9207,3.274,7.8779,2025-10-08,-1.0132,2025-10-10,-2.1078
2025-10-07,UP,4,IRCON.NS,0.8945,2.6608,7.9771,2025-10-08,-1.9222,2025-10-10,-3.264
2025-10-07,UP,5,COFORGE.NS,0.8832,3.1718,8.6522,2025-10-08,1.6128,2025-10-10,2.1227
2025-10-07,UP,6,NOCIL.NS,0.8793,2.6904,6.8964,2025-10-08,-1.4114,2025-10-10,-1.936
2025-10-07,UP,7,IDEA.NS,0.8591,5.2754,11.4078,2025-10-08,-1.5251,2025-10-10,-1.5251
2025-10-07,UP,8,KALYANKJIL.NS,0.8565,3.7201,8.7888,2025-10-08,-1.179,2025-10-10,-0.5844
2025-10-07,UP,9,BSE.NS,0.8502,2.8636,6.3793,2025-10-08,0.5826,2025-10-10,6.8932
2025-10-07,UP,10,DIVISLAB.NS,0.8255,2.263,7.1435,2025-10-08,0.2621,2025-10-10,6.0611
2025-10-07,UP,11,DATAPATTNS.NS,0.819,4.0642,11.0412,2025-10-08,-1.4458,2025-10-10,-0.5918
2025-10-07,UP,12,POLICYBZR.NS,0.8171,3.2408,4.6546,2025-10-08,-0.0453,2025-10-10,-1.1105
2025-10-07,UP,13,GRSE.NS,0.7998,4.5913,8.6942,2025-10-08,-0.9888,2025-10-10,-1.8595
2025-10-07,UP,14,IGL.NS,0.7935,2.2173,6.477,2025-10-08,-1.2675,2025-10-10,-1.7899
2025-10-07,UP,15,RAILTEL.NS,0.7906,2.901,6.4944,2025-10-08,-1.6849,2025-10-10,-3.4452
2025-10-07,UP,16,OFSS.NS,0.7808,2.5154,10.3981,2025-10-08,-1.5323,2025-10-10,-1.2805
2025-10-07,UP,17,MGL.NS,0.7692,2.4757,4.2871,2025-10-08,-2.634,2025-10-10,-1.4236
2025-10-07,UP,18,MOIL.NS,0.7632,3.4189,4.6786,2025-10-08,-1.4721,2025-10-10,2.6658
2025-10-07,UP,19,PERSISTENT.NS,0.7632,2.8755,8.2271,2025-10-08,-0.1442,2025-10-10,1.641
2025-10-07,UP,20,NATIONALUM.NS,0.7563,2.7595,6.4538,2025-10-08,3.0175,2025-10-10,3.3307
2025-10-07,DN,1,KPITTECH.NS,0.838,3.6462,-3.2485,2025-10-08,-0.8287,2025-10-10,-1.4011
2025-10-07,DN,2,GODREJAGRO.NS,0.8375,2.9714,-5.4628,2025-10-08,-0.3412,2025-10-10,-1.9435
2025-10-07,DN,3,PGHH.NS,0.8119,2.5882,0.4573,2025-10-08,0.063,2025-10-10,0.091
2025-10-07,DN,4,JINDALSTEL.NS,0.7784,2.5194,-0.9249,2025-10-08,-1.4027,2025-10-10,-1.7897
2025-10-07,DN,5,RBLBANK.NS,0.7732,2.8266,-1.5299,2025-10-08,4.7158,2025-10-10,6.5984
2025-10-07,DN,6,ONMOBILE.NS,0.7645,6.0014,2.7135,2025-10-08,-1.2347,2025-10-10,-0.4164
2025-10-07,DN,7,ZYDUSWELL.NS,0.7613,4.544,-7.4409,2025-10-08,1.932,2025-10-10,1.2658
2025-10-07,DN,8,ASHOKLEY.NS,0.7511,2.4545,-1.8186,2025-10-08,-0.329,2025-10-10,-1.6306
2025-10-07,DN,9,DEEPAKNTR.NS,0.744,2.3296,-1.7234,2025-10-08,-0.3718,2025-10-10,-0.7048
2025-10-07,DN,10,SBIN.NS,0.7347,1.6827,-0.6948,2025-10-08,-0.7459,2025-10-10,1.8446
2025-10-07,DN,11,RATNAMANI.NS,0.7339,2.7067,-0.3816,2025-10-08,-2.6228,2025-10-10,-2.5479
2025-10-07,DN,12,VINATIORGA.NS,0.7291,2.6576,-3.8666,2025-10-08,-1.4726,2025-10-10,0.2154
2025-10-07,DN,13,CLEAN.NS,0.7262,2.7263,-4.0452,2025-10-08,-0.8582,2025-10-10,1.1318
2025-10-07,DN,14,BPCL.NS,0.7113,2.2312,1.1239,2025-10-08,0.9359,2025-10-10,-0.9359
2025-10-07,DN,15,VGUARD.NS,0.707,2.8554,-0.8583,2025-10-08,-2.075,2025-10-10,-4.26
2025-10-07,DN,16,PNBHOUSING.NS,0.7011,2.8876,2.293,2025-10-08,-1.5449,2025-10-10,-4.0899
2025-10-07,DN,17,DEEPAKFERT.NS,0.6967,3.3958,2.8585,2025-10-08,0.0389,2025-10-10,-3.0252
2025-10-07,DN,18,TATACONSUM.NS,0.6951,2.1122,-0.276,2025-10-08,0.0179,2025-10-10,0.5804
2025-10-07,DN,19,VBL.NS,0.6875,2.0219,-2.5902,2025-10-08,-1.1705,2025-10-10,0.8295
2025-10-07,DN,20,SUDARSCHEM.NS,0.6817,4.2062,-3.2103,2025-10-08,0.1144,2025-10-10,0.0457
2025-10-08,UP,1,IDEA.NS,0.9892,5.4441,11.1931,2025-10-09,-0.1106,2025-10-13,-3.4292
2025-10-08,UP,2,COFORGE.NS,0.9206,3.2094,7.7121,2025-10-09,0.3735,2025-10-13,0.1342
2025-10-08,UP,3,KPITTECH.NS,0.9124,3.564,5.7484,2025-10-09,0.1378,2025-10-13,-0.4997
2025-10-08,UP,4,BSE.NS,0.8761,2.9221,9.999,2025-10-09,3.8321,2025-10-13,10.3288
2025-10-08,UP,5,MPHASIS.NS,0.8627,2.7783,5.4618,2025-10-09,0.2643,2025-10-13,-1.7716
2025-10-08,UP,6,ENDURANCE.NS,0.8586,3.3016,6.3998,2025-10-09,0.6265,2025-10-13,-2.3861
2025-10-08,UP,7,KALYANKJIL.NS,0.8553,3.5733,6.0863,2025-10-09,0.2075,2025-10-13,-1.4836
2025-10-08,UP,8,PARAS.NS,0.851,3.5973,5.9398,2025-10-09,1.3929,2025-10-13,-0.4432
2025-10-08,UP,9,MRPL.NS,0.8488,3.4488,10.5053,2025-10-09,-0.9541,2025-10-13,-2.7872
2025-10-08,UP,10,DIVISLAB.NS,0.8359,2.3294,7.5754,2025-10-09,0.1879,2025-10-13,7.1154
2025-10-08,UP,11,IRCON.NS,0.7988,2.6806,4.7432,2025-10-09,-0.7091,2025-10-13,-2.8924
2025-10-08,UP,12,DATAPATTNS.NS,0.7981,3.8429,9.0923,2025-10-09,1.5713,2025-10-13,-2.2868
2025-10-08,UP,13,GRSE.NS,0.7974,4.3452,6.1089,2025-10-09,1.4309,2025-10-13,-2.9065
2025-10-08,UP,14,RATEGAIN.NS,0.7962,4.3583,6.8244,2025-10-09,0.0653,2025-10-13,-3.6878
2025-10-08,UP,15,TATACOMM.NS,0.7928,2.6031,4.7046,2025-10-09,0.4499,2025-10-13,6.4528
2025-10-08,UP,16,PERSISTENT.NS,0.7907,2.7797,9.1467,2025-10-09,1.5522,2025-10-13,1.2558
2025-10-08,UP,17,JPPOWER.NS,0.7816,2.8063,3.0981,2025-10-09,-0.1113,2025-10-13,2.1146
2025-10-08,UP,18,INDIAMART.NS,0.7754,2.678,3.4459,2025-10-09,-1.042,2025-10-13,-1.604
2025-10-08,UP,19,NATIONALUM.NS,0.7734,2.7719,4.5588,2025-10-09,2.6518,2025-10-13,0.787
2025-10-08,UP,20,OFSS.NS,0.7699,2.6486,9.3598,2025-10-09,1.3276,2025-10-13,0.0816
2025-10-08,DN,1,RATNAMANI.NS,0.8141,2.8678,-2.9662,2025-10-09,0.047,2025-10-13,-0.8166
2025-10-08,DN,2,JINDALSTEL.NS,0.7898,2.5128,-4.188,2025-10-09,2.0703,2025-10-13,-1.1381
2025-10-08,DN,3,VGUARD.NS,0.7847,3.0041,-5.1132,2025-10-09,-1.6419,2025-10-13,-0.8981
2025-10-08,DN,4,MOIL.NS,0.7783,3.5277,0.3106,2025-10-09,4.9401,2025-10-13,1.7634
2025-10-08,DN,5,GODREJAGRO.NS,0.7694,3.065,-2.6731,2025-10-09,-0.6699,2025-10-13,-0.268
2025-10-08,DN,6,SAIL.NS,0.7614,2.6577,-2.0523,2025-10-09,3.5985,2025-10-13,0.5998
2025-10-08,DN,7,PGHH.NS,0.7452,2.6206,1.011,2025-10-09,-0.6579,2025-10-13,-0.7629
2025-10-08,DN,8,PFC.NS,0.7281,2.0473,-2.4985,2025-10-09,0.5875,2025-10-13,0.775
2025-10-08,DN,9,VINATIORGA.NS,0.7242,2.6678,-2.4942,2025-10-09,-0.2186,2025-10-13,0.1654
2025-10-08,DN,10,ASHOKLEY.NS,0.7227,2.4303,-2.313,2025-10-09,-0.5238,2025-10-13,-1.3992
2025-10-08,DN,11,METROBRAND.NS,0.7117,3.2663,-2.4955,2025-10-09,-3.2032,2025-10-13,-3.0681
2025-10-08,DN,12,CENTUM.NS,0.6967,5.6159,-2.338,2025-10-09,0.2724,2025-10-13,-0.752
2025-10-08,DN,13,JYOTHYLAB.NS,0.6959,2.0176,-1.5702,2025-10-09,0.6607,2025-10-13,0.1611
2025-10-08,DN,14,CLEAN.NS,0.6947,2.6609,-4.3146,2025-10-09,-1.2938,2025-10-13,1.3508
2025-10-08,DN,15,HINDZINC.NS,0.6868,2.6904,1.6686,2025-10-09,4.4343,2025-10-13,3.0683
2025-10-08,DN,16,SOBHA.NS,0.6775,3.2325,-5.1768,2025-10-09,-1.3341,2025-10-13,-0.9783
2025-10-08,DN,17,DABUR.NS,0.6708,2.3832,-2.2695,2025-10-09,1.0934,2025-10-13,1.5828
2025-10-08,DN,18,BIKAJI.NS,0.6696,2.3947,-2.4995,2025-10-09,1.0268,2025-10-13,0.7098
2025-10-08,DN,19,MGL.NS,0.6668,2.7142,-1.2431,2025-10-09,0.9382,2025-10-13,1.2197
2025-10-08,DN,20,BPCL.NS,0.6656,2.2933,1.6046,2025-10-09,-0.3187,2025-10-13,-2.0719
2025-10-09,UP,1,JINDALPOLY.NS,0.9524,3.6752,5.3581,2025-10-10,-1.3459,2025-10-14,-3.5267
2025-10-09,UP,2,BSE.NS,0.9332,2.9813,11.9535,2025-10-10,2.3517,2025-10-14,5.0682
2025-10-09,UP,3,IDEA.NS,0.9207,5.545,5.9859,2025-10-10,0.1107,2025-10-14,-7.4197
2025-10-09,UP,4,MOIL.NS,0.9005,3.5549,5.8089,2025-10-10,-0.7055,2025-10-14,-3.5274
2025-10-09,UP,5,CESC.NS,0.8733,2.9184,4.8531,2025-10-10,0.5345,2025-10-14,-1.6564
2025-10-09,UP,6,NATIONALUM.NS,0.8572,2.8652,7.0163,2025-10-10,-2.2871,2025-10-14,-2.457
2025-10-09,UP,7,GRANULES.NS,0.8264,3.0639,4.3306,2025-10-10,0.4239,2025-10-14,0.68
2025-10-09,UP,8,DATAPATTNS.NS,0.8168,3.8338,7.3739,2025-10-10,-0.6938,2025-10-14,-2.3328
2025-10-09,UP,9,COFORGE.NS,0.8084,3.1726,7.4525,2025-10-10,0.1279,2025-10-14,-1.1395
2025-10-09,UP,10,HINDZINC.NS,0.8038,2.8313,6.4194,2025-10-10,-2.7233,2025-10-14,-1.2884
2025-10-09,UP,11,PRESTIGE.NS,0.8026,2.8921,2.6457,2025-10-10,2.4449,2025-10-14,1.3077
2025-10-09,UP,12,MPHASIS.NS,0.7957,2.7055,4.3181,2025-10-10,-0.8549,2025-10-14,-2.205
2025-10-09,UP,13,POLICYBZR.NS,0.7897,3.3264,3.5744,2025-10-10,0.5589,2025-10-14,-1.5613
2025-10-09,UP,14,ADANIENSOL.NS,0.7697,3.4298,3.9717,2025-10-10,-0.6545,2025-10-14,0.1931
2025-10-09,UP,15,ENDURANCE.NS,0.7695,3.2796,4.5083,2025-10-10,-1.7214,2025-10-14,-5.5453
2025-10-09,UP,16,OFSS.NS,0.7647,2.6542,6.7343,2025-10-10,-1.0578,2025-10-14,-3.8823
2025-10-09,UP,17,TATASTEEL.NS,0.7642,1.9365,5.3191,2025-10-10,-1.4511,2025-10-14,-3.35
2025-10-09,UP,18,MRPL.NS,0.762,3.5626,9.0241,2025-10-10,-1.0252,2025-10-14,-2.9792
2025-10-09,UP,19,NOCIL.NS,0.7591,2.7977,4.3571,2025-10-10,-0.1157,2025-10-14,1.0025
2025-10-09,UP,20,M&MFIN.NS,0.7579,2.6073,2.9078,2025-10-10,0.2666,2025-10-14,2.1681
2025-10-09,DN,1,RATEGAIN.NS,0.8491,4.4798,-0.5125,2025-10-10,-0.8996,2025-10-14,-4.3674
2025-10-09,DN,2,GODREJAGRO.NS,0.8147,3.0488,-4.0342,2025-10-10,-0.9442,2025-10-14,-1.6261
2025-10-09,DN,3,VGUARD.NS,0.7861,3.1256,-5.3094,2025-10-10,-0.5992,2025-10-14,0.2283
2025-10-09,DN,4,STLTECH.NS,0.7807,4.0946,-2.624,2025-10-10,-1.4023,2025-10-14,-4.8572
2025-10-09,DN,5,PGHH.NS,0.7479,2.7235,0.5668,2025-10-10,0.6904,2025-10-14,0.3664
2025-10-09,DN,6,ONMOBILE.NS,0.7399,5.4486,-3.2107,2025-10-10,5.0591,2025-10-14,4.847
2025-10-09,DN,7,JINDALSTEL.NS,0.7387,2.4821,-2.3192,2025-10-10,-2.4128,2025-10-14,-4.2584
2025-10-09,DN,8,VINATIORGA.NS,0.7385,2.7007,-2.3982,2025-10-10,1.9361,2025-10-14,-0.598
2025-10-09,DN,9,RATNAMANI.NS,0.7202,2.6754,-3.0774,2025-10-10,0.0299,2025-10-14,-0.9017
2025-10-09,DN,10,JYOTHYLAB.NS,0.7123,2.0307,-1.8076,2025-10-10,0.4162,2025-10-14,-0.6083
2025-10-09,DN,11,ATUL.NS,0.7111,2.5173,-3.2005,2025-10-10,0.7264,2025-10-14,-2.8889
2025-10-09,DN,12,PNBHOUSING.NS,0.709,2.9718,-0.7027,2025-10-10,-2.5682,2025-10-14,-3.7667
2025-10-09,DN,13,CLEAN.NS,0.7046,2.7061,-5.432,2025-10-10,3.3443,2025-10-14,0.8481
2025-10-09,DN,14,LUPIN.NS,0.6994,2.4009,-1.1962,2025-10-10,0.0868,2025-10-14,-1.037
2025-10-09,DN,15,ADANIPORTS.NS,0.6988,1.949,-1.9048,2025-10-10,0.9888,2025-10-14,2.3932
2025-10-09,DN,16,MASTEK.NS,0.6959,3.4735,-4.1154,2025-10-10,1.8367,2025-10-14,0.3164
2025-10-09,DN,17,DEEPAKFERT.NS,0.6954,3.2322,-2.2688,2025-10-10,-0.9921,2025-10-14,-6.3492
2025-10-09,DN,18,BHARATFORG.NS,0.6946,2.466,-0.8445,2025-10-10,0.8848,2025-10-14,1.1246
2025-10-09,DN,19,PFC.NS,0.6918,2.0114,-2.1403,2025-10-10,0.3728,2025-10-14,-1.0811
2025-10-09,DN,20,COCHINSHIP.NS,0.6755,3.7299,-4.104,2025-10-10,-0.4985,2025-10-14,-0.0392
2025-10-10,UP,1,TATACOMM.NS,0.944,2.9611,15.888,2025-10-13,-3.8499,2025-10-15,4.5396
2025-10-10,UP,2,BSE.NS,0.9293,3.056,13.9295,2025-10-13,3.8155,2025-10-15,2.9895
2025-10-10,UP,3,CENTUM.NS,0.9192,5.261,9.5234,2025-10-13,-3.9541,2025-10-15,-5.9998
2025-10-10,UP,4,PRESTIGE.NS,0.8998,2.931,5.98,2025-10-13,-0.4317,2025-10-15,3.3547
2025-10-10,UP,5,ZENSARTECH.NS,0.8837,2.9313,5.0579,2025-10-13,-2.5856,2025-10-15,-5.3027
2025-10-10,UP,6,DIVISLAB.NS,0.8817,2.4668,10.3733,2025-10-13,1.2588,2025-10-15,1.5214
2025-10-10,UP,7,NAVINFLUOR.NS,0.8474,2.8044,3.0696,2025-10-13,1.4469,2025-10-15,3.0183
2025-10-10,UP,8,YESBANK.NS,0.8421,2.2143,9.8398,2025-10-13,0.125,2025-10-15,-2.8333
2025-10-10,UP,9,INTELLECT.NS,0.8394,3.651,2.2361,2025-10-13,-2.3211,2025-10-15,-1.3093
2025-10-10,UP,10,RBLBANK.NS,0.832,2.9835,5.6905,2025-10-13,-0.5487,2025-10-15,2.7263
2025-10-10,UP,11,NATCOPHARM.NS,0.8293,2.5893,2.8266,2025-10-13,-0.7094,2025-10-15,-3.0208
2025-10-10,UP,12,VOLTAS.NS,0.8291,2.4614,4.1826,2025-10-13,-2.7376,2025-10-15,-0.3669
2025-10-10,UP,13,COFORGE.NS,0.8264,3.154,6.7696,2025-10-13,-0.3658,2025-10-15,2.5025
2025-10-10,UP,14,IDEA.NS,0.8204,4.9384,2.4943,2025-10-13,-3.4292,2025-10-15,-3.208
2025-10-10,UP,15,CESC.NS,0.8161,2.7906,2.9039,2025-10-13,-0.2337,2025-10-15,2.9446
2025-10-10,UP,16,LAURUSLABS.NS,0.8149,3.2221,1.4287,2025-10-13,-0.2794,2025-10-15,-0.1654
2025-10-10,UP,17,BLUESTARCO.NS,0.8144,2.6525,2.6274,2025-10-13,-1.9188,2025-10-15,-1.8367
2025-10-10,UP,18,IDFCFIRSTB.NS,0.7769,1.9002,7.8071,2025-10-13,-0.9674,2025-10-15,-1.9616
2025-10-10,UP,19,GODREJPROP.NS,0.762,2.6801,2.8972,2025-10-13,0.239,2025-10-15,2.089
2025-10-10,UP,20,TCS.NS,0.7536,1.8881,4.3558,2025-10-13,-0.6968,2025-10-15,-1.9318
2025-10-10,DN,1,RATEGAIN.NS,0.9247,4.567,-3.381,2025-10-13,-2.877,2025-10-15,-6.8082
2025-10-10,DN,2,SHYAMMETL.NS,0.8506,3.1787,-4.0328,2025-10-13,-0.6226,2025-10-15,-1.7227
2025-10-10,DN,3,MOIL.NS,0.8401,3.6623,-1.1871,2025-10-13,-2.3382,2025-10-15,-0.1033
2025-10-10,DN,4,GODREJAGRO.NS,0.8245,3.0762,-4.2726,2025-10-13,1.3617,2025-10-15,-1.2104
2025-10-10,DN,5,STLTECH.NS,0.8124,4.1773,-5.2751,2025-10-13,1.2166,2025-10-15,1.525
2025-10-10,DN,6,MRPL.NS,0.7908,3.6243,0.3138,2025-10-13,-0.8342,2025-10-15,-1.2165
2025-10-10,DN,7,DEEPAKFERT.NS,0.7887,3.2904,-4.7952,2025-10-13,-0.8617,2025-10-15,-5.177
2025-10-10,DN,8,JINDALSTEL.NS,0.7815,2.6571,-5.6944,2025-10-13,-0.7486,2025-10-15,-1.3593
2025-10-10,DN,9,KALYANKJIL.NS,0.7548,3.4569,-1.4833,2025-10-13,-2.0728,2025-10-15,-1.6191
2025-10-10,DN,10,VGUARD.NS,0.7546,3.0921,-5.1593,2025-10-13,1.3636,2025-10-15,1.7081
2025-10-10,DN,11,MIDHANI.NS,0.7513,3.2323,-3.0681,2025-10-13,-2.4833,2025-10-15,-0.579
2025-10-10,DN,12,PNBHOUSING.NS,0.7312,3.0949,-3.8793,2025-10-13,-0.041,2025-10-15,-0.5565
2025-10-10,DN,13,HEROMOTOCO.NS,0.7227,2.3377,-0.9098,2025-10-13,1.0727,2025-10-15,0.6818
2025-10-10,DN,14,IDEAFORGE.NS,0.7202,4.3879,-6.3824,2025-10-13,-1.0368,2025-10-15,0.2513
2025-10-10,DN,15,SAIL.NS,0.7147,2.8886,-2.0673,2025-10-13,0.2572,2025-10-15,-1.4224
2025-10-10,DN,16,BPCL.NS,0.7013,2.4136,-0.8344,2025-10-13,-0.2214,2025-10-15,-0.2362
2025-10-10,DN,17,PFC.NS,0.6988,2.0588,-2.0257,2025-10-13,-0.1857,2025-10-15,0.2848
2025-10-10,DN,18,BASF.NS,0.6928,2.374,-2.048,2025-10-13,-1.1892,2025-10-15,-2.9903
2025-10-10,DN,19,ADANIGREEN.NS,0.6845,4.0083,-0.5606,2025-10-13,-1.2215,2025-10-15,-1.9261
2025-10-10,DN,20,HINDZINC.NS,0.6824,3.183,1.3835,2025-10-13,1.4549,2025-10-15,2.9902
2025-10-13,UP,1,BSE.NS,0.951,3.2437,11.6371,2025-10-14,-1.1187,2025-10-16,1.3409
2025-10-13,UP,2,TATACOMM.NS,0.9246,3.2108,8.4233,2025-10-14,4.1375,2025-10-16,9.6263
2025-10-13,UP,3,RBLBANK.NS,0.9229,3.0382,5.225,2025-10-14,0.5172,2025-10-16,5.7759
2025-10-13,UP,4,DIVISLAB.NS,0.8976,2.5021,12.5204,2025-10-14,0.0763,2025-10-16,0.6788
2025-10-13,UP,5,MAPMYINDIA.NS,0.881,2.5668,6.1224,2025-10-14,8.9669,2025-10-16,3.3151
2025-10-13,UP,6,PRESTIGE.NS,0.8576,2.8915,4.7557,2025-10-14,-0.6813,2025-10-16,5.0972
2025-10-13,UP,7,TORNTPOWER.NS,0.8524,2.2637,6.9667,2025-10-14,0.8725,2025-10-16,4.2069
2025-10-13,UP,8,NAVINFLUOR.NS,0.8476,2.7204,5.1484,2025-10-14,1.7922,2025-10-16,5.1562
2025-10-13,UP,9,YESBANK.NS,0.8461,2.2145,9.5759,2025-10-14,-2.9546,2025-10-16,-3.7869
2025-10-13,UP,10,PFIZER.NS,0.8434,2.5648,5.8581,2025-10-14,-2.5228,2025-10-16,-3.7616
2025-10-13,UP,11,HFCL.NS,0.839,3.3045,2.6464,2025-10-14,-1.9238,2025-10-16,1.1909
2025-10-13,UP,12,ZYDUSWELL.NS,0.8027,4.0855,0.8291,2025-10-14,-1.7761,2025-10-16,3.1027
2025-10-13,UP,13,FEDERALBNK.NS,0.7912,1.8486,9.9969,2025-10-14,1.136,2025-10-16,0.6948
2025-10-13,UP,14,AUROPHARMA.NS,0.7844,2.3047,3.6753,2025-10-14,-1.0556,2025-10-16,-2.683
2025-10-13,UP,15,HINDZINC.NS,0.7539,3.1345,2.8586,2025-10-14,0.0198,2025-10-16,0.2275
2025-10-13,UP,16,JPPOWER.NS,0.7473,3.0012,1.6058,2025-10-14,-2.1798,2025-10-16,-1.8529
2025-10-13,UP,17,NATIONALUM.NS,0.7439,3.0342,3.79,2025-10-14,-0.6522,2025-10-16,0.6478
2025-10-13,UP,18,NOCIL.NS,0.7407,2.8554,2.3601,2025-10-14,-0.7523,2025-10-16,-0.1028
2025-10-13,UP,19,KEI.NS,0.74,2.5373,4.3541,2025-10-14,1.1643,2025-10-16,-3.2239
2025-10-13,UP,20,GODREJPROP.NS,0.7361,2.6471,1.9645,2025-10-14,-1.8837,2025-10-16,5.1695
2025-10-13,DN,1,RATEGAIN.NS,0.9067,4.599,-6.5309,2025-10-14,-0.6407,2025-10-16,-0.0904
2025-10-13,DN,2,MRPL.NS,0.8956,3.5932,-3.3602,2025-10-14,-1.1497,2025-10-16,0.659
2025-10-13,DN,3,MOIL.NS,0.8831,3.8152,-4.0366,2025-10-14,-0.5159,2025-10-16,0.4101
2025-10-13,DN,4,PNBHOUSING.NS,0.8182,3.0597,-4.6701,2025-10-14,-1.1896,2025-10-16,-1.1544
2025-10-13,DN,5,SHYAMMETL.NS,0.81,3.1234,-3.4919,2025-10-14,0.2754,2025-10-16,-1.0531
2025-10-13,DN,6,DEEPAKFERT.NS,0.7805,3.3464,-4.3565,2025-10-14,-4.5886,2025-10-16,-2.8974
2025-10-13,DN,7,KALYANKJIL.NS,0.7788,3.5526,-2.1737,2025-10-14,-1.1268,2025-10-16,2.6011
2025-10-13,DN,8,AXISBANK.NS,0.7598,2.1364,-1.9129,2025-10-14,-1.076,2025-10-16,0.5632
2025-10-13,DN,9,MIDHANI.NS,0.7593,3.2845,-3.5382,2025-10-14,-0.2639,2025-10-16,-0.3562
2025-10-13,DN,10,JINDALSTEL.NS,0.751,2.619,-4.5743,2025-10-14,-1.1513,2025-10-16,1.5085
2025-10-13,DN,11,STLTECH.NS,0.7449,4.0001,-2.1534,2025-10-14,-4.664,2025-10-16,-0.8972
2025-10-13,DN,12,DATAPATTNS.NS,0.7343,4.065,-4.3671,2025-10-14,1.5234,2025-10-16,0.5188
2025-10-13,DN,13,SAPPHIRE.NS,0.728,3.3375,-5.766,2025-10-14,-0.6998,2025-10-16,3.2657
2025-10-13,DN,14,BDL.NS,0.7268,3.1044,-3.1877,2025-10-14,-1.3648,2025-10-16,-0.2981
2025-10-13,DN,15,BATAINDIA.NS,0.7041,2.4978,-5.8428,2025-10-14,-2.1584,2025-10-16,-0.1131
2025-10-13,DN,16,GRSE.NS,0.7025,4.0983,-5.0576,2025-10-14,-1.658,2025-10-16,0.284
2025-10-13,DN,17,OLECTRA.NS,0.6985,2.9536,-5.5225,2025-10-14,-1.8355,2025-10-16,-2.1539
2025-10-13,DN,18,BPCL.NS,0.6856,2.3556,-1.6444,2025-10-14,-1.6275,2025-10-16,-0.6066
2025-10-13,DN,19,BASF.NS,0.6795,2.4069,-2.7772,2025-10-14,-1.2145,2025-10-16,1.2982
2025-10-13,DN,20,BHARATFORG.NS,0.6739,2.4507,-0.6804,2025-10-14,-0.2691,2025-10-16,3.1806
2025-10-14,UP,1,TATACOMM.NS,0.9678,3.3746,12.6376,2025-10-15,4.4056,2025-10-17,2.8997
2025-10-14,UP,2,BSE.NS,0.9565,3.44,9.7302,2025-10-15,0.3268,2025-10-17,1.5235
2025-10-14,UP,3,MAPMYINDIA.NS,0.9519,3.0749,14.8548,2025-10-15,-4.1299,2025-10-17,-5.3612
2025-10-14,UP,4,RBLBANK.NS,0.9445,3.1671,6.5619,2025-10-15,2.7616,2025-10-17,2.7444
2025-10-14,UP,5,HINDZINC.NS,0.8812,3.3401,3.2149,2025-10-15,1.4931,2025-10-17,-1.0679
2025-10-14,UP,6,NAVINFLUOR.NS,0.8791,2.6853,7.0821,2025-10-15,-0.239,2025-10-17,4.3485
2025-10-14,UP,7,BIKAJI.NS,0.8329,2.5709,3.0181,2025-10-15,-2.6971,2025-10-17,-2.4513
2025-10-14,UP,8,LAURUSLABS.NS,0.8267,3.0021,1.6852,2025-10-15,-0.3018,2025-10-17,2.5172
2025-10-14,UP,9,PRESTIGE.NS,0.8197,2.9928,4.7694,2025-10-15,4.5148,2025-10-17,6.3981
2025-10-14,UP,10,TORNTPOWER.NS,0.8175,2.2447,4.4194,2025-10-15,1.1508,2025-10-17,1.3129
2025-10-14,UP,11,KEI.NS,0.8,2.4775,3.8153,2025-10-15,1.3481,2025-10-17,-5.2891
2025-10-14,UP,12,YESBANK.NS,0.7998,2.4534,4.9505,2025-10-15,0.0,2025-10-17,-4.5883
2025-10-14,UP,13,FEDERALBNK.NS,0.7853,1.8902,8.1689,2025-10-15,0.4131,2025-10-17,-1.4203
2025-10-14,UP,14,GRANULES.NS,0.78,2.9756,2.5364,2025-10-15,-0.2018,2025-10-17,-0.0789
2025-10-14,UP,15,M&MFIN.NS,0.7779,2.5595,1.7522,2025-10-15,2.2265,2025-10-17,4.4008
2025-10-14,UP,16,MOTHERSON.NS,0.7779,2.5308,0.8932,2025-10-15,-0.257,2025-10-17,-0.3332
2025-10-14,UP,17,HFCL.NS,0.763,3.52,0.6446,2025-10-15,3.0558,2025-10-17,0.6939
2025-10-14,UP,18,CESC.NS,0.7579,2.735,2.9135,2025-10-15,5.238,2025-10-17,1.7798
2025-10-14,UP,19,VEDL.NS,0.7507,2.6649,1.7378,2025-10-15,0.6249,2025-10-17,-1.2499
2025-10-14,UP,20,HCLTECH.NS,0.7459,1.828,4.3254,2025-10-15,0.0201,2025-10-17,-0.6152
2025-10-14,DN,1,MRPL.NS,0.9094,3.7946,-5.5399,2025-10-15,0.773,2025-10-17,-0.0993
2025-10-14,DN,2,RATEGAIN.NS,0.8973,4.614,-8.1842,2025-10-15,-3.4289,2025-10-17,-1.3503
2025-10-14,DN,3,STLTECH.NS,0.82,4.5395,-5.7095,2025-10-15,5.2118,2025-10-17,2.7968
2025-10-14,DN,4,RAILTEL.NS,0.801,3.2651,-8.0724,2025-10-15,2.0927,2025-10-17,0.7113
2025-10-14,DN,5,OFSS.NS,0.789,2.8496,-4.0986,2025-10-15,-2.1564,2025-10-17,-1.8939
2025-10-14,DN,6,METROBRAND.NS,0.7822,3.6734,-6.2589,2025-10-15,1.726,2025-10-17,1.3135
2025-10-14,DN,7,IGL.NS,0.7728,2.6277,-3.8252,2025-10-15,0.1134,2025-10-17,-1.6391
2025-10-14,DN,8,BATAINDIA.NS,0.7685,2.7048,-7.7087,2025-10-15,-0.0445,2025-10-17,2.3217
2025-10-14,DN,9,KALYANKJIL.NS,0.7555,3.552,-3.7421,2025-10-15,1.6083,2025-10-17,4.3455
2025-10-14,DN,10,ENDURANCE.NS,0.7524,3.4822,-5.9166,2025-10-15,1.8117,2025-10-17,4.6895
2025-10-14,DN,11,POLICYBZR.NS,0.7476,3.3064,-3.1955,2025-10-15,-2.0192,2025-10-17,-3.6111
2025-10-14,DN,12,IDEA.NS,0.747,5.3828,-8.9325,2025-10-15,4.6651,2025-10-17,4.067
2025-10-14,DN,13,DEEPAKFERT.NS,0.7236,3.4519,-8.2723,2025-10-15,0.2472,2025-10-17,2.048
2025-10-14,DN,14,PETRONET.NS,0.7226,2.2253,-3.7211,2025-10-15,1.0114,2025-10-17,-0.4515
2025-10-14,DN,15,IRCON.NS,0.7207,2.7307,-5.8708,2025-10-15,0.9949,2025-10-17,-1.6581
2025-10-14,DN,16,PNBHOUSING.NS,0.7137,2.964,-5.2697,2025-10-15,0.682,2025-10-17,-0.5041
2025-10-14,DN,17,GRSE.NS,0.7087,4.1783,-5.4604,2025-10-15,2.2206,2025-10-17,1.3269
2025-10-14,DN,18,BASF.NS,0.7058,2.4376,-3.9498,2025-10-15,-0.6158,2025-10-17,1.0041
2025-10-14,DN,19,SAIL.NS,0.7043,3.2117,-3.093,2025-10-15,1.1804,2025-10-17,-0.0699
2025-10-14,DN,20,CENTUM.NS,0.7007,5.8531,-4.0137,2025-10-15,0.5401,2025-10-17,1.0206
2025-10-15,UP,1,TATACOMM.NS,0.9814,3.614,15.7412,2025-10-16,0.8286,2025-10-20,-2.5574
2025-10-15,UP,2,MAPMYINDIA.NS,0.9599,3.5525,10.8626,2025-10-16,-1.1024,2025-10-20,-1.493
2025-10-15,UP,3,PRESTIGE.NS,0.9336,2.9931,10.7148,2025-10-16,1.247,2025-10-20,2.4761
2025-10-15,UP,4,SOBHA.NS,0.8971,3.319,3.0923,2025-10-16,2.6279,2025-10-20,2.9995
2025-10-15,UP,5,BEML.NS,0.8954,3.3351,4.6386,2025-10-16,-1.011,2025-10-20,-2.8629
2025-10-15,UP,6,CESC.NS,0.8809,2.7299,6.0232,2025-10-16,-0.7037,2025-10-20,1.6629
2025-10-15,UP,7,MOIL.NS,0.8679,3.8361,4.0921,2025-10-16,-1.8363,2025-10-20,-4.0217
2025-10-15,UP,8,RBLBANK.NS,0.8647,3.3014,4.5732,2025-10-16,2.4036,2025-10-20,9.0469
2025-10-15,UP,9,ICICIGI.NS,0.8534,2.3052,7.5715,2025-10-16,-0.5049,2025-10-20,-0.4554
2025-10-15,UP,10,M&MFIN.NS,0.8478,2.5511,6.0256,2025-10-16,-0.1872,2025-10-20,1.0209
2025-10-15,UP,11,PERSISTENT.NS,0.8377,2.7633,8.7583,2025-10-16,2.0421,2025-10-20,2.098
2025-10-15,UP,12,INTELLECT.NS,0.8338,3.9194,2.0723,2025-10-16,-2.2413,2025-10-20,-4.3671
2025-10-15,UP,13,HFCL.NS,0.8256,3.4924,5.4766,2025-10-16,0.1165,2025-10-20,-1.0618
2025-10-15,UP,14,GODREJPROP.NS,0.8234,2.6139,5.0261,2025-10-16,3.2637,2025-10-20,7.3141
2025-10-15,UP,15,HINDZINC.NS,0.8222,3.2708,4.6279,2025-10-16,-1.2666,2025-10-20,-5.2221
2025-10-15,UP,16,CHOLAFIN.NS,0.8147,2.5057,5.6679,2025-10-16,-1.784,2025-10-20,-1.4779
2025-10-15,UP,17,ALKYLAMINE.NS,0.807,2.6727,2.5306,2025-10-16,1.4735,2025-10-20,-0.0105
2025-10-15,UP,18,TORNTPOWER.NS,0.8034,2.2077,6.9143,2025-10-16,2.1303,2025-10-20,-0.4199
2025-10-15,UP,19,NAVINFLUOR.NS,0.7872,2.6848,4.8517,2025-10-16,3.5523,2025-10-20,5.5219
2025-10-15,UP,20,GRANULES.NS,0.7633,3.0349,3.6629,2025-10-16,0.2197,2025-10-20,-0.5362
2025-10-15,DN,1,MRPL.NS,0.8991,3.8781,-3.1621,2025-10-16,1.0486,2025-10-20,6.6362
2025-10-15,DN,2,RATEGAIN.NS,0.8865,4.775,-7.5862,2025-10-16,4.1241,2025-10-20,1.0212
2025-10-15,DN,3,OFSS.NS,0.8403,3.0669,-4.7065,2025-10-16,0.4511,2025-10-20,-1.9584
2025-10-15,DN,4,RAILTEL.NS,0.7908,3.1772,-4.5402,2025-10-16,-0.1206,2025-10-20,-1.0048
2025-10-15,DN,5,BATAINDIA.NS,0.7894,2.7676,-6.4363,2025-10-16,2.1358,2025-10-20,3.6576
2025-10-15,DN,6,DATAPATTNS.NS,0.7687,4.0489,-3.0203,2025-10-16,1.2791,2025-10-20,3.144
2025-10-15,DN,7,ENDURANCE.NS,0.765,3.4232,-3.2317,2025-10-16,3.7429,2025-10-20,4.9174
2025-10-15,DN,8,IDEA.NS,0.7638,5.3143,-3.208,2025-10-16,1.1429,2025-10-20,2.1714
2025-10-15,DN,9,IGL.NS,0.7594,2.6365,-2.4801,2025-10-16,0.8163,2025-10-20,-2.2412
2025-10-15,DN,10,BASF.NS,0.7582,2.4436,-4.4799,2025-10-16,3.179,2025-10-20,0.8307
2025-10-15,DN,11,METROBRAND.NS,0.7292,3.6134,-3.9663,2025-10-16,0.1407,2025-10-20,-4.4032
2025-10-15,DN,12,ROUTE.NS,0.7261,3.1379,-4.6965,2025-10-16,-0.2515,2025-10-20,-1.7333
2025-10-15,DN,13,KPITTECH.NS,0.6964,3.5739,0.4307,2025-10-16,-0.3345,2025-10-20,-1.6469
2025-10-15,DN,14,AMBER.NS,0.6962,2.8362,-1.0984,2025-10-16,1.1106,2025-10-20,1.1843
2025-10-15,DN,15,STLTECH.NS,0.6919,4.5805,0.5515,2025-10-16,-1.1983,2025-10-20,-0.8101
2025-10-15,DN,16,GRSE.NS,0.6913,4.108,-2.396,2025-10-16,-0.2405,2025-10-20,0.6758
2025-10-15,DN,17,GODREJAGRO.NS,0.6894,3.2452,-2.7987,2025-10-16,0.9419,2025-10-20,1.409
2025-10-15,DN,18,AXISBANK.NS,0.6892,2.1314,-0.9317,2025-10-16,2.2828,2025-10-20,4.8222
2025-10-15,DN,19,POLICYBZR.NS,0.6879,3.0541,-5.1071,2025-10-16,1.0095,2025-10-20,-1.8458
2025-10-15,DN,20,PARAS.NS,0.6868,3.5445,-1.02,2025-10-16,-0.0569,2025-10-20,1.1372
2025-10-16,UP,1,TATACOMM.NS,0.9666,3.8021,16.1775,2025-10-17,-2.2523,2025-10-21,-2.8408
2025-10-16,UP,2,WHIRLPOOL.NS,0.9498,3.2569,8.1898,2025-10-17,11.8436,2025-10-21,12.9019
2025-10-16,UP,3,SOBHA.NS,0.9108,3.2798,7.232,2025-10-17,-1.3385,2025-10-21,-0.1487
2025-10-16,UP,4,RBLBANK.NS,0.9084,3.3531,6.9934,2025-10-17,-2.3635,2025-10-21,5.8354
2025-10-16,UP,5,ZYDUSWELL.NS,0.8865,3.7059,3.6825,2025-10-17,-1.9779,2025-10-21,3.9345
2025-10-16,UP,6,GODREJPROP.NS,0.8853,2.5682,8.5553,2025-10-17,1.4012,2025-10-21,3.9995
2025-10-16,UP,7,NAVINFLUOR.NS,0.8853,2.5952,10.2712,2025-10-17,1.0103,2025-10-21,2.5466
2025-10-16,UP,8,ALKYLAMINE.NS,0.8608,2.6898,4.9132,2025-10-17,-0.223,2025-10-21,-0.9802
2025-10-16,UP,9,PRESTIGE.NS,0.8543,2.8603,7.202,2025-10-17,0.5481,2025-10-21,0.9724
2025-10-16,UP,10,PERSISTENT.NS,0.8404,2.6937,9.2829,2025-10-17,-1.4688,2025-10-21,-0.7087
2025-10-16,UP,11,MAPMYINDIA.NS,0.8373,3.5801,8.7758,2025-10-17,-0.184,2025-10-21,0.0649
2025-10-16,UP,12,CRAFTSMAN.NS,0.825,2.5429,3.2021,2025-10-17,-0.897,2025-10-21,-1.0955
2025-10-16,UP,13,MASTEK.NS,0.8226,2.893,2.5544,2025-10-17,-4.0285,2025-10-21,-4.9263
2025-10-16,UP,14,BSE.NS,0.8207,3.4177,7.6817,2025-10-17,-0.9405,2025-10-21,-0.8529
2025-10-16,UP,15,BHARATFORG.NS,0.8156,2.4276,4.6225,2025-10-17,-1.8653,2025-10-21,-1.723
2025-10-16,UP,16,TORNTPOWER.NS,0.8149,2.2679,7.8275,2025-10-17,-1.9288,2025-10-21,-1.3756
2025-10-16,UP,17,ONMOBILE.NS,0.7981,4.3659,9.0124,2025-10-17,-2.2787,2025-10-21,-0.264
2025-10-16,UP,18,NESTLEIND.NS,0.7745,1.9208,7.476,2025-10-17,1.0105,2025-10-21,0.8382
2025-10-16,UP,19,CHOLAFIN.NS,0.7726,2.5487,2.8802,2025-10-17,-0.8273,2025-10-21,0.1319
2025-10-16,UP,20,SRF.NS,0.757,2.0,6.4433,2025-10-17,-0.6458,2025-10-21,-1.3166
2025-10-16,DN,1,MRPL.NS,0.8648,4.2781,-1.2041,2025-10-17,-1.8943,2025-10-21,4.7845
2025-10-16,DN,2,MOIL.NS,0.8646,3.9238,-2.6296,2025-10-17,-2.806,2025-10-21,-1.2647
2025-10-16,DN,3,HINDZINC.NS,0.8335,3.2437,-1.0835,2025-10-17,-1.2729,2025-10-21,-4.5096
2025-10-16,DN,4,OFSS.NS,0.8239,2.9362,-5.5308,2025-10-17,-0.1819,2025-10-21,-2.0008
2025-10-16,DN,5,RATEGAIN.NS,0.8226,4.6818,-3.8378,2025-10-17,-1.8936,2025-10-21,-1.2825
2025-10-16,DN,6,NATIONALUM.NS,0.8201,3.0097,-1.1806,2025-10-17,-0.6569,2025-10-21,0.2248
2025-10-16,DN,7,DATAPATTNS.NS,0.8129,3.8702,-3.2992,2025-10-17,2.7492,2025-10-21,4.0378
2025-10-16,DN,8,SAIL.NS,0.801,3.2229,-3.7227,2025-10-17,-2.0551,2025-10-21,-1.0884
2025-10-16,DN,9,PARAS.NS,0.7612,3.4226,-2.4353,2025-10-17,0.3342,2025-10-21,1.7138
2025-10-16,DN,10,IGL.NS,0.7606,2.5891,-2.2195,2025-10-17,-2.546,2025-10-21,-2.9251
2025-10-16,DN,11,TATASTEEL.NS,0.7606,2.3493,-1.3717,2025-10-17,-1.023,2025-10-21,-0.7011
2025-10-16,DN,12,KEI.NS,0.7534,3.0707,-1.8396,2025-10-17,-0.9946,2025-10-21,-0.6902
2025-10-16,DN,13,IDEA.NS,0.7508,5.2381,-1.9934,2025-10-17,-1.6949,2025-10-21,1.6949
2025-10-16,DN,14,MIDHANI.NS,0.7493,3.1458,-4.1381,2025-10-17,0.715,2025-10-21,1.205
2025-10-16,DN,15,VEDL.NS,0.7482,2.5323,-1.0533,2025-10-17,-1.0541,2025-10-21,-0.7201
2025-10-16,DN,16,GRSE.NS,0.7373,3.8729,-4.0044,2025-10-17,-0.6353,2025-10-21,1.1213
2025-10-16,DN,17,IDFCFIRSTB.NS,0.7298,2.1024,-2.26,2025-10-17,0.1254,2025-10-21,6.9369
2025-10-16,DN,18,BASF.NS,0.7222,2.5439,-1.5172,2025-10-17,-1.5014,2025-10-21,-1.3077
2025-10-16,DN,19,RAILTEL.NS,0.7179,2.9817,-2.8285,2025-10-17,-1.2341,2025-10-21,-0.5902
2025-10-16,DN,20,SOLARINDS.NS,0.7086,2.3508,-1.4327,2025-10-17,0.1639,2025-10-21,0.513
2025-10-17,UP,1,WHIRLPOOL.NS,0.9843,3.5663,18.3754,2025-10-20,-1.9142,2025-10-23,1.0835
2025-10-17,UP,2,M&MFIN.NS,0.8889,2.6943,6.3807,2025-10-20,-1.083,2025-10-23,-0.6331
2025-10-17,UP,3,SAPPHIRE.NS,0.8853,3.3243,3.2772,2025-10-20,-0.5549,2025-10-23,0.5722
2025-10-17,UP,4,GODREJPROP.NS,0.8826,2.6729,6.898,2025-10-20,2.4864,2025-10-23,1.905
2025-10-17,UP,5,MAPMYINDIA.NS,0.8652,3.7989,8.257,2025-10-20,-0.2114,2025-10-23,-1.7998
2025-10-17,UP,6,NESTLEIND.NS,0.8027,2.0761,7.5031,2025-10-20,-0.318,2025-10-23,-1.2951
2025-10-17,UP,7,NAVINFLUOR.NS,0.7944,2.4729,7.7556,2025-10-20,0.8828,2025-10-23,-1.1235
2025-10-17,UP,8,MUTHOOTFIN.NS,0.7903,2.0288,5.6258,2025-10-20,-0.3689,2025-10-23,-4.5704
2025-10-17,UP,9,SOBHA.NS,0.7899,3.2779,5.0826,2025-10-20,1.7237,2025-10-23,0.5505
2025-10-17,UP,10,ALKYLAMINE.NS,0.7756,2.6371,4.3783,2025-10-20,-1.2423,2025-10-23,-2.0167
2025-10-17,UP,11,ONMOBILE.NS,0.7754,4.6708,1.3985,2025-10-20,1.0948,2025-10-23,4.1945
2025-10-17,UP,12,KALYANKJIL.NS,0.7732,3.1416,1.0312,2025-10-20,1.0309,2025-10-23,0.8778
2025-10-17,UP,13,ASIANPAINT.NS,0.7696,1.7522,7.1618,2025-10-20,0.327,2025-10-23,-0.2153
2025-10-17,UP,14,RADICO.NS,0.7669,2.1085,4.0189,2025-10-20,4.7032,2025-10-23,5.6233
2025-10-17,UP,15,PRESTIGE.NS,0.7546,2.8664,5.2171,2025-10-20,0.6623,2025-10-23,1.811
2025-10-17,UP,16,PERSISTENT.NS,0.7461,2.6724,7.4286,2025-10-20,1.5463,2025-10-23,1.3934
2025-10-17,UP,17,DATAPATTNS.NS,0.7447,3.8468,0.0535,2025-10-20,-0.8836,2025-10-23,-0.3171
2025-10-17,UP,18,M&M.NS,0.7432,1.8268,5.566,2025-10-20,-1.3188,2025-10-23,-0.6471
2025-10-17,UP,19,TVSMOTOR.NS,0.7362,1.8449,4.6901,2025-10-20,-0.0547,2025-10-23,-1.5545
2025-10-17,UP,20,CRAFTSMAN.NS,0.7295,2.4445,2.9246,2025-10-20,-0.6825,2025-10-23,-1.0535
2025-10-17,DN,1,YESBANK.NS,0.8645,2.7416,-7.2917,2025-10-20,1.7528,2025-10-23,2.1124
2025-10-17,DN,2,MOIL.NS,0.8261,4.0352,-4.6893,2025-10-20,0.5964,2025-10-23,0.1762
2025-10-17,DN,3,IGL.NS,0.807,2.8108,-3.6775,2025-10-20,-0.4994,2025-10-23,3.136
2025-10-17,DN,4,MRPL.NS,0.7978,4.346,-2.0716,2025-10-20,7.5673,2025-10-23,3.6417
2025-10-17,DN,5,RATEGAIN.NS,0.7814,4.7502,-4.8023,2025-10-20,-1.1074,2025-10-23,0.0692
2025-10-17,DN,6,AUROPHARMA.NS,0.7508,2.3479,-2.5922,2025-10-20,-0.1453,2025-10-23,-0.1726
2025-10-17,DN,7,NATCOPHARM.NS,0.7428,2.6001,-2.3173,2025-10-20,0.9017,2025-10-23,0.9683
2025-10-17,DN,8,KEI.NS,0.7362,2.9785,-3.4384,2025-10-20,0.3486,2025-10-23,-1.2079
2025-10-17,DN,9,JPPOWER.NS,0.7357,2.9672,-3.0319,2025-10-20,-0.1675,2025-10-23,0.4467
2025-10-17,DN,10,IDFCFIRSTB.NS,0.7343,2.058,-3.426,2025-10-20,7.0256,2025-10-23,9.8497
2025-10-17,DN,11,CENTUM.NS,0.7341,4.8797,-5.5506,2025-10-20,-0.6918,2025-10-23,-1.5056
2025-10-17,DN,12,ZENSARTECH.NS,0.7327,3.0508,-1.9971,2025-10-20,-0.1278,2025-10-23,2.3508
2025-10-17,DN,13,OFSS.NS,0.7234,2.7032,-4.6945,2025-10-20,-2.2208,2025-10-23,-2.8301
2025-10-17,DN,14,WIPRO.NS,0.7176,2.0296,-3.1363,2025-10-20,0.1411,2025-10-23,1.4114
2025-10-17,DN,15,INFY.NS,0.7085,1.8409,-4.8716,2025-10-20,1.374,2025-10-23,6.0648
2025-10-17,DN,16,TATACOMM.NS,0.7078,3.9164,3.0318,2025-10-20,-1.1314,2025-10-23,-3.8767
2025-10-17,DN,17,IDEA.NS,0.7017,4.803,-3.7611,2025-10-20,2.7586,2025-10-23,9.4253
2025-10-17,DN,18,PETRONET.NS,0.6937,2.2354,-2.0785,2025-10-20,1.2337,2025-10-23,1.2518
2025-10-17,DN,19,IRCON.NS,0.6928,2.5693,-4.3082,2025-10-20,0.7099,2025-10-23,0.2426
2025-10-17,DN,20,VEDL.NS,0.6862,2.4817,-1.6902,2025-10-20,-0.0316,2025-10-23,1.9407
2025-10-20,UP,1,WHIRLPOOL.NS,0.9755,3.7042,16.638,2025-10-21,2.9163,2025-10-24,0.9353
2025-10-20,UP,2,RBLBANK.NS,0.9748,3.6977,12.6379,2025-10-21,-0.6123,2025-10-24,-3.2757
2025-10-20,UP,3,MRPL.NS,0.9639,4.2222,6.225,2025-10-21,-0.7061,2025-10-24,-4.1048
2025-10-20,UP,4,SOBHA.NS,0.9567,3.4124,7.2337,2025-10-21,-0.509,2025-10-24,-1.1211
2025-10-20,UP,5,GODREJPROP.NS,0.8726,2.6255,9.2947,2025-10-21,0.0742,2025-10-24,-0.1745
2025-10-20,UP,6,CESC.NS,0.8637,2.9719,4.9016,2025-10-21,0.776,2025-10-24,3.0816
2025-10-20,UP,7,RADICO.NS,0.8493,2.2543,8.6167,2025-10-21,1.4564,2025-10-24,-1.0662
2025-10-20,UP,8,ZYDUSWELL.NS,0.8238,3.7404,2.9054,2025-10-21,4.1338,2025-10-24,3.3241
2025-10-20,UP,9,NAVINFLUOR.NS,0.8072,2.5419,7.1564,2025-10-21,0.6325,2025-10-24,-1.8898
2025-10-20,UP,10,SAPPHIRE.NS,0.795,3.0963,2.9069,2025-10-21,2.7201,2025-10-24,-0.1221
2025-10-20,UP,11,PERSISTENT.NS,0.7743,2.605,9.6628,2025-10-21,-0.7631,2025-10-24,-0.32
2025-10-20,UP,12,LAURUSLABS.NS,0.7714,2.3919,5.3014,2025-10-21,0.353,2025-10-24,0.6246
2025-10-20,UP,13,M&MFIN.NS,0.7671,2.6264,4.4144,2025-10-21,1.1454,2025-10-24,0.4379
2025-10-20,UP,14,SYMPHONY.NS,0.763,2.1878,3.7793,2025-10-21,1.1902,2025-10-24,-1.3212
2025-10-20,UP,15,APOLLOTYRE.NS,0.7541,2.2048,4.4607,2025-10-21,1.6075,2025-10-24,-1.4201
2025-10-20,UP,16,ENDURANCE.NS,0.7428,3.1481,4.0086,2025-10-21,-0.5732,2025-10-24,-1.9827
2025-10-20,UP,17,ALKYLAMINE.NS,0.7418,2.5414,2.5752,2025-10-21,0.4895,2025-10-24,-1.5105
2025-10-20,UP,18,TATACONSUM.NS,0.7401,1.8847,5.3178,2025-10-21,-0.153,2025-10-24,-1.7936
2025-10-20,UP,19,KALYANKJIL.NS,0.7397,2.9977,4.2334,2025-10-21,-0.5658,2025-10-24,0.0808
2025-10-20,UP,20,VOLTAS.NS,0.7363,2.3557,4.8096,2025-10-21,0.7614,2025-10-24,-0.2353
2025-10-20,DN,1,YESBANK.NS,0.886,2.8363,-5.7844,2025-10-21,0.4859,2025-10-24,0.1325
2025-10-20,DN,2,PFIZER.NS,0.8467,2.7139,-3.7074,2025-10-21,0.5071,2025-10-24,0.3099
2025-10-20,DN,3,HINDZINC.NS,0.8216,3.2528,-3.788,2025-10-21,-0.5243,2025-10-24,0.0617
2025-10-20,DN,4,NOCIL.NS,0.8197,2.9893,-2.7062,2025-10-21,0.6286,2025-10-24,4.8064
2025-10-20,DN,5,IGL.NS,0.8111,2.7028,-4.2206,2025-10-21,0.111,2025-10-24,1.9161
2025-10-20,DN,6,JPPOWER.NS,0.8002,2.9602,-2.5613,2025-10-21,0.7271,2025-10-24,0.4474
2025-10-20,DN,7,TEJASNET.NS,0.7865,2.8554,-9.0035,2025-10-21,1.6583,2025-10-24,-0.1853
2025-10-20,DN,8,AUROPHARMA.NS,0.7841,2.2818,-3.2899,2025-10-21,0.1001,2025-10-24,-1.3098
2025-10-20,DN,9,OFSS.NS,0.7839,2.8125,-6.6489,2025-10-21,0.4077,2025-10-24,-0.2388
2025-10-20,DN,10,INDIAMART.NS,0.7774,2.7602,-2.66,2025-10-21,1.7989,2025-10-24,1.5462
2025-10-20,DN,11,KEI.NS,0.7757,3.0098,-3.8524,2025-10-21,-0.041,2025-10-24,-0.4776
2025-10-20,DN,12,BSE.NS,0.765,3.3702,0.731,2025-10-21,-0.2526,2025-10-24,-0.7658
2025-10-20,DN,13,METROBRAND.NS,0.7577,3.6976,-5.2891,2025-10-21,0.4242,2025-10-24,-1.6104
2025-10-20,DN,14,SAIL.NS,0.7365,3.122,-2.0149,2025-10-21,0.0847,2025-10-24,-0.2927
2025-10-20,DN,15,NATIONALUM.NS,0.7303,2.9712,0.2884,2025-10-21,0.584,2025-10-24,4.4552
2025-10-20,DN,16,NMDC.NS,0.7005,2.2803,-2.4757,2025-10-21,0.4918,2025-10-24,-1.3955
2025-10-20,DN,17,AMBER.NS,0.6954,2.6258,-0.9847,2025-10-21,0.0061,2025-10-24,0.9278
2025-10-20,DN,18,JSWENERGY.NS,0.6954,2.3338,-3.5357,2025-10-21,0.5522,2025-10-24,1.1329
2025-10-20,DN,19,ATUL.NS,0.6945,2.8809,-1.2094,2025-10-21,1.2665,2025-10-24,-0.3968
2025-10-20,DN,20,DIVISLAB.NS,0.6935,2.2184,0.7322,2025-10-21,-0.2574,2025-10-24,-0.1666
2025-10-21,UP,1,WHIRLPOOL.NS,0.9856,3.7833,21.1005,2025-10-23,0.136,2025-10-27,-0.4508
2025-10-21,UP,2,ZYDUSWELL.NS,0.9087,3.4677,9.097,2025-10-23,0.4706,2025-10-27,0.1535
2025-10-21,UP,3,IDEA.NS,0.8856,4.4762,7.6555,2025-10-23,5.7778,2025-10-27,10.7778
2025-10-21,UP,4,RBLBANK.NS,0.8394,3.6809,11.3722,2025-10-23,-2.0792,2025-10-27,-0.8009
2025-10-21,UP,5,SAPPHIRE.NS,0.8365,3.1501,6.451,2025-10-23,-1.5447,2025-10-27,-3.4799
2025-10-21,UP,6,GODREJPROP.NS,0.8308,2.612,11.4757,2025-10-23,-0.6409,2025-10-27,1.1685
2025-10-21,UP,7,CESC.NS,0.8067,2.7868,7.8182,2025-10-23,0.3601,2025-10-27,-0.2216
2025-10-21,UP,8,RADICO.NS,0.7827,2.2579,13.4236,2025-10-23,-0.5693,2025-10-27,-2.668
2025-10-21,UP,9,MRPL.NS,0.726,4.1886,6.7017,2025-10-23,-2.9642,2025-10-27,-0.4918
2025-10-21,UP,10,APOLLOTYRE.NS,0.7154,2.2012,7.1666,2025-10-23,-0.2329,2025-10-27,-1.8635
2025-10-21,UP,11,STLTECH.NS,0.701,4.1658,3.658,2025-10-23,-1.8844,2025-10-27,2.4839
2025-10-21,UP,12,WELCORP.NS,0.6942,2.4419,3.0483,2025-10-23,-0.6822,2025-10-27,2.6876
2025-10-21,UP,13,ATUL.NS,0.6894,2.9151,3.121,2025-10-23,-1.0088,2025-10-27,-1.9593
2025-10-21,UP,14,SYMPHONY.NS,0.6817,2.038,5.7997,2025-10-23,-1.5593,2025-10-27,-2.6923
2025-10-21,UP,15,HFCL.NS,0.65,3.0918,3.0291,2025-10-23,-0.6605,2025-10-27,-0.4663
2025-10-21,UP,16,IDFCFIRSTB.NS,0.6481,2.2581,5.4533,2025-10-23,2.8527,2025-10-27,1.6413
2025-10-21,UP,17,DATAPATTNS.NS,0.6413,3.3947,3.0083,2025-10-23,-1.5517,2025-10-27,-1.8015
2025-10-21,UP,18,BAJAJFINSV.NS,0.6279,1.7443,7.4131,2025-10-23,0.3458,2025-10-27,0.0507
2025-10-21,UP,19,UNIONBANK.NS,0.6135,2.443,3.4015,2025-10-23,0.84,2025-10-27,2.3295
2025-10-21,UP,20,CIPLA.NS,0.6087,1.7282,7.17,2025-10-23,-1.112,2025-10-27,-4.7848
2025-10-21,DN,1,TEJASNET.NS,0.7913,2.8225,-6.2217,2025-10-23,-1.6404,2025-10-27,-0.8111
2025-10-21,DN,2,HINDZINC.NS,0.7829,3.1164,-4.3113,2025-10-23,-0.3513,2025-10-27,-0.3203
2025-10-21,DN,3,INFY.NS,0.7288,1.8425,-1.1746,2025-10-23,3.8101,2025-10-27,2.1801
2025-10-21,DN,4,POLYCAB.NS,0.7128,2.2279,-0.0394,2025-10-23,-1.1374,2025-10-27,0.8087
2025-10-21,DN,5,JSWENERGY.NS,0.6827,2.2797,-2.3935,2025-10-23,0.9847,2025-10-27,0.2367
2025-10-21,DN,6,FINEORG.NS,0.6692,2.4058,-1.5366,2025-10-23,-0.8759,2025-10-27,0.0045
2025-10-21,DN,7,ICICIBANK.NS,0.6577,1.4715,-0.1517,2025-10-23,-1.3242,2025-10-27,-0.3184
2025-10-21,DN,8,FEDERALBNK.NS,0.6553,2.1431,5.57,2025-10-23,0.1847,2025-10-27,2.9019
2025-10-21,DN,9,MUTHOOTFIN.NS,0.6428,2.0429,1.7525,2025-10-23,-2.8277,2025-10-27,-3.9332
2025-10-21,DN,10,ROUTE.NS,0.5567,2.4479,-0.6734,2025-10-23,-1.1729,2025-10-27,-0.8
2025-10-21,DN,11,HFCL.NS,0.5537,3.0918,3.0291,2025-10-23,-0.6605,2025-10-27,-0.4663
2025-10-21,DN,12,RBLBANK.NS,0.5475,3.6809,11.3722,2025-10-23,-2.0792,2025-10-27,-0.8009
2025-10-21,DN,13,CANBK.NS,0.5474,2.2498,1.5173,2025-10-23,-0.6923,2025-10-27,1.5812
2025-10-21,DN,14,BASF.NS,0.5452,2.3621,1.2027,2025-10-23,-1.6712,2025-10-27,-2.3723
2025-10-21,DN,15,SUZLON.NS,0.5404,2.1291,0.4263,2025-10-23,0.646,2025-10-27,-0.8675
2025-10-21,DN,16,PNB.NS,0.5349,2.1082,2.0821,2025-10-23,0.4674,2025-10-27,1.6657
2025-10-21,DN,17,IDFCFIRSTB.NS,0.5212,2.2581,5.4533,2025-10-23,2.8527,2025-10-27,1.6413
2025-10-21,DN,18,MANAPPURAM.NS,0.5096,2.3543,0.8282,2025-10-23,-1.4505,2025-10-27,-3.3904
2025-10-21,DN,19,MIDHANI.NS,0.5038,2.7738,1.1113,2025-10-23,-0.5757,2025-10-27,-0.1832
2025-10-21,DN,20,PARAS.NS,0.5,2.852,2.1862,2025-10-23,-1.3144,2025-10-27,1.3144
2025-10-23,UP,1,ZENSARTECH.NS,0.9473,2.9665,5.9236,2025-10-24,0.4868,2025-10-28,-0.0999
2025-10-23,UP,2,ZYDUSWELL.NS,0.9348,3.5969,5.7278,2025-10-24,-1.2424,2025-10-28,0.5906
2025-10-23,UP,3,RADICO.NS,0.9229,2.4988,11.2342,2025-10-24,-1.9279,2025-10-28,-2.8934
2025-10-23,UP,4,IDFCFIRSTB.NS,0.8886,2.3411,8.2089,2025-10-24,-0.9625,2025-10-28,0.304
2025-10-23,UP,5,RATNAMANI.NS,0.8708,2.5873,5.0443,2025-10-24,0.9505,2025-10-28,2.8267
2025-10-23,UP,6,WHIRLPOOL.NS,0.857,3.9716,18.2925,2025-10-24,-2.058,2025-10-28,-1.3006
2025-10-23,UP,7,BHARATFORG.NS,0.8401,2.3745,5.4762,2025-10-24,-1.2461,2025-10-28,0.6153
2025-10-23,UP,8,AXISBANK.NS,0.8304,2.1994,7.6265,2025-10-24,-1.3425,2025-10-28,-0.993
2025-10-23,UP,9,LAURUSLABS.NS,0.8297,2.2134,6.752,2025-10-24,-0.8562,2025-10-28,2.7023
2025-10-23,UP,10,RBLBANK.NS,0.8203,3.6018,6.1259,2025-10-24,-0.6134,2025-10-28,2.2649
2025-10-23,UP,11,NAUKRI.NS,0.8128,2.3673,3.3713,2025-10-24,-0.1449,2025-10-28,0.4276
2025-10-23,UP,12,IDEA.NS,0.8029,4.3442,8.8,2025-10-24,1.0504,2025-10-28,-0.8403
2025-10-23,UP,13,GODREJPROP.NS,0.7865,2.6185,6.7054,2025-10-24,0.3949,2025-10-28,0.7811
2025-10-23,UP,14,WELCORP.NS,0.785,2.5449,2.3391,2025-10-24,-1.2316,2025-10-28,4.9739
2025-10-23,UP,15,APOLLOTYRE.NS,0.7836,2.248,5.5772,2025-10-24,-2.7532,2025-10-28,-1.8387
2025-10-23,UP,16,MASTEK.NS,0.7809,2.9919,1.8939,2025-10-24,-2.3798,2025-10-28,-0.0046
2025-10-23,UP,17,RAJESHEXPO.NS,0.7785,2.3015,3.3358,2025-10-24,-1.8563,2025-10-28,-2.8253
2025-10-23,UP,18,SAPPHIRE.NS,0.7756,3.25,3.4606,2025-10-24,-1.2414,2025-10-28,-3.4828
2025-10-23,UP,19,ENDURANCE.NS,0.7717,3.0118,4.6238,2025-10-24,-1.7076,2025-10-28,-1.055
2025-10-23,UP,20,ATUL.NS,0.7693,2.8281,2.9481,2025-10-24,-0.6401,2025-10-28,-0.379
2025-10-23,DN,1,MAPMYINDIA.NS,0.9165,3.8654,-3.061,2025-10-24,0.5355,2025-10-28,0.138
2025-10-23,DN,2,MOIL.NS,0.865,3.7952,-4.4226,2025-10-24,1.1636,2025-10-28,-0.6359
2025-10-23,DN,3,YESBANK.NS,0.8609,2.7383,-2.5729,2025-10-24,-0.2201,2025-10-28,0.044
2025-10-23,DN,4,KEI.NS,0.8514,3.0926,-7.6777,2025-10-24,1.0904,2025-10-28,-0.4263
2025-10-23,DN,5,TEJASNET.NS,0.8353,2.9252,-7.8152,2025-10-24,-0.176,2025-10-28,0.7783
2025-10-23,DN,6,ICICIGI.NS,0.8196,2.2881,-2.0344,2025-10-24,0.7427,2025-10-28,2.0109
2025-10-23,DN,7,HINDZINC.NS,0.7833,3.0851,-6.0503,2025-10-24,0.9437,2025-10-28,-2.2711
2025-10-23,DN,8,DIVISLAB.NS,0.7678,2.2716,-0.1141,2025-10-24,0.4189,2025-10-28,-1.9344
2025-10-23,DN,9,BSE.NS,0.765,3.3042,1.2702,2025-10-24,-0.5025,2025-10-28,-2.7256
2025-10-23,DN,10,NMDC.NS,0.7582,2.3434,-3.2851,2025-10-24,0.0,2025-10-28,0.5931
2025-10-23,DN,11,MUTHOOTFIN.NS,0.7572,2.3181,-2.3985,2025-10-24,-0.5971,2025-10-28,-0.0031
2025-10-23,DN,12,GRANULES.NS,0.7548,2.6762,-2.0568,2025-10-24,1.3282,2025-10-28,2.2974
2025-10-23,DN,13,NOCIL.NS,0.7461,2.8423,-1.1879,2025-10-24,3.4199,2025-10-28,0.2909
2025-10-23,DN,14,POLYCAB.NS,0.7343,2.3404,-1.828,2025-10-24,-0.0732,2025-10-28,-0.1131
2025-10-23,DN,15,CHOLAFIN.NS,0.7336,2.2683,-0.8066,2025-10-24,2.9026,2025-10-28,2.2853
2025-10-23,DN,16,WIPRO.NS,0.7261,1.9323,-2.362,2025-10-24,-0.5403,2025-10-28,-0.7859
2025-10-23,DN,17,JSWENERGY.NS,0.7171,2.289,-2.2813,2025-10-24,-0.4032,2025-10-28,0.5719
2025-10-23,DN,18,AUROPHARMA.NS,0.7167,2.22,-0.8927,2025-10-24,-1.2829,2025-10-28,0.0273
2025-10-23,DN,19,HFCL.NS,0.7092,3.1496,-0.6863,2025-10-24,1.3559,2025-10-28,-1.3559
2025-10-23,DN,20,HDFCLIFE.NS,0.7056,1.9609,-2.2992,2025-10-24,-1.1699,2025-10-28,0.4505
2025-10-24,UP,1,IDEA.NS,0.9671,4.3436,8.7006,2025-10-27,3.6383,2025-10-29,-2.7027
2025-10-24,UP,2,IDEAFORGE.NS,0.9424,2.8831,4.362,2025-10-27,0.3332,2025-10-29,0.8279
2025-10-24,UP,3,RATNAMANI.NS,0.9278,2.672,5.5433,2025-10-27,5.1212,2025-10-29,-0.4626
2025-10-24,UP,4,PARAS.NS,0.9159,2.8933,3.1788,2025-10-27,-0.1241,2025-10-29,-2.6466
2025-10-24,UP,5,CESC.NS,0.9037,2.7539,5.5384,2025-10-27,-2.4533,2025-10-29,-1.6464
2025-10-24,UP,6,NATIONALUM.NS,0.9022,2.5486,4.0822,2025-10-27,0.7497,2025-10-29,0.8471
2025-10-24,UP,7,RADICO.NS,0.8949,2.652,7.4085,2025-10-27,-0.1863,2025-10-29,-1.736
2025-10-24,UP,8,LAURUSLABS.NS,0.8937,2.3995,6.1351,2025-10-27,1.4842,2025-10-29,3.8104
2025-10-24,UP,9,ZENSARTECH.NS,0.8812,2.9596,3.8777,2025-10-27,0.3665,2025-10-29,-0.4224
2025-10-24,UP,10,STLTECH.NS,0.879,3.5664,2.5709,2025-10-27,-0.3664,2025-10-29,2.5231
2025-10-24,UP,11,INTELLECT.NS,0.8707,3.4209,2.6011,2025-10-27,4.6896,2025-10-29,3.1014
2025-10-24,UP,12,PNBHOUSING.NS,0.8666,2.2795,7.5765,2025-10-27,2.2374,2025-10-29,3.4333
2025-10-24,UP,13,BDL.NS,0.8424,2.5476,2.5982,2025-10-27,-0.4016,2025-10-29,-1.1788
2025-10-24,UP,14,IDFCFIRSTB.NS,0.8415,2.4132,8.9288,2025-10-27,-0.2174,2025-10-29,1.4706
2025-10-24,UP,15,FEDERALBNK.NS,0.8402,2.2591,6.014,2025-10-27,2.92,2025-10-29,3.3026
2025-10-24,UP,16,NOCIL.NS,0.8132,2.8916,2.0751,2025-10-27,-0.7803,2025-10-29,-1.173
2025-10-24,UP,17,VEDL.NS,0.808,2.1705,3.444,2025-10-27,1.9471,2025-10-29,4.1566
2025-10-24,UP,18,SHRIRAMFIN.NS,0.8039,2.0741,6.3866,2025-10-27,0.5801,2025-10-29,3.2148
2025-10-24,UP,19,NAUKRI.NS,0.8015,2.4921,2.1728,2025-10-27,-0.9508,2025-10-29,0.8201
2025-10-24,UP,20,CHOLAFIN.NS,0.7939,2.3057,3.9266,2025-10-27,-0.0692,2025-10-29,-1.3383
2025-10-24,DN,1,TATACOMM.NS,0.9286,4.3592,-3.8198,2025-10-27,2.3892,2025-10-29,0.7226
2025-10-24,DN,2,BSE.NS,0.8633,3.2938,-1.363,2025-10-27,1.4222,2025-10-29,-1.1192
2025-10-24,DN,3,TEJASNET.NS,0.8451,2.8853,-8.8725,2025-10-27,1.021,2025-10-29,0.659
2025-10-24,DN,4,YESBANK.NS,0.8205,2.7822,-1.9464,2025-10-27,0.4411,2025-10-29,0.0882
2025-10-24,DN,5,MUTHOOTFIN.NS,0.7928,2.3803,-3.2247,2025-10-27,-0.5438,2025-10-29,0.6354
2025-10-24,DN,6,MASTEK.NS,0.7746,3.1536,-2.5506,2025-10-27,4.0017,2025-10-29,2.8017
2025-10-24,DN,7,TORNTPOWER.NS,0.7742,2.328,-0.8822,2025-10-27,-0.3092,2025-10-29,-0.9202
2025-10-24,DN,8,PERSISTENT.NS,0.7739,2.5575,-0.2653,2025-10-27,0.8943,2025-10-29,1.1174
2025-10-24,DN,9,WIPRO.NS,0.77,1.954,-4.267,2025-10-27,0.3827,2025-10-29,-0.2881
2025-10-24,DN,10,ICICIGI.NS,0.7605,2.2902,-0.8059,2025-10-27,-0.3761,2025-10-29,1.8055
2025-10-24,DN,11,JSWENERGY.NS,0.7532,2.2915,-3.1808,2025-10-27,-0.3389,2025-10-29,0.6213
2025-10-24,DN,12,CRAFTSMAN.NS,0.7466,2.4922,-4.1394,2025-10-27,-0.5906,2025-10-29,-0.7286
2025-10-24,DN,13,MOTHERSON.NS,0.7274,2.5089,-0.9509,2025-10-27,0.64,2025-10-29,1.3929
2025-10-24,DN,14,ADANIPORTS.NS,0.7258,1.8954,-3.4133,2025-10-27,-0.5878,2025-10-29,1.8055
2025-10-24,DN,15,SRF.NS,0.7176,2.0678,-3.3856,2025-10-27,-2.0312,2025-10-29,-1.7586
2025-10-24,DN,16,HINDZINC.NS,0.7103,3.0049,-3.9471,2025-10-27,-0.904,2025-10-29,-0.6369
2025-10-24,DN,17,DIVISLAB.NS,0.7097,2.1733,-0.1136,2025-10-27,-1.5623,2025-10-29,-1.2286
2025-10-24,DN,18,METROBRAND.NS,0.7071,3.4375,-6.0749,2025-10-27,3.6167,2025-10-29,0.2816
2025-10-24,DN,19,ALKYLAMINE.NS,0.7027,2.4437,-2.9509,2025-10-27,1.7581,2025-10-29,1.7421
2025-10-24,DN,20,NESTLEIND.NS,0.6947,2.2548,0.423,2025-10-27,0.078,2025-10-29,-0.702
2025-10-27,UP,1,INTELLECT.NS,0.9796,3.7066,8.1242,2025-10-28,-1.9765,2025-10-30,0.1914
2025-10-27,UP,2,RATNAMANI.NS,0.9569,3.2962,7.6236,2025-10-28,-3.1037,2025-10-30,-5.8686
2025-10-27,UP,3,MRPL.NS,0.9433,3.9025,6.2824,2025-10-28,2.124,2025-10-30,8.5894
2025-10-27,UP,4,MASTEK.NS,0.9128,3.2581,5.6033,2025-10-28,-1.5082,2025-10-30,-1.5309
2025-10-27,UP,5,CESC.NS,0.9052,2.9738,5.698,2025-10-28,-0.7662,2025-10-30,-0.0444
2025-10-27,UP,6,WELCORP.NS,0.9049,2.6741,5.2692,2025-10-28,1.5291,2025-10-30,6.0821
2025-10-27,UP,7,FEDERALBNK.NS,0.8951,2.3625,10.1987,2025-10-28,0.7435,2025-10-30,0.329
2025-10-27,UP,8,INDIAMART.NS,0.8761,2.6118,4.7353,2025-10-28,1.0305,2025-10-30,0.5906
2025-10-27,UP,9,COFORGE.NS,0.8739,2.473,5.5162,2025-10-28,-1.1362,2025-10-30,-1.251
2025-10-27,UP,10,PNBHOUSING.NS,0.8734,2.2989,10.58,2025-10-28,0.6361,2025-10-30,0.7492
2025-10-27,UP,11,RBLBANK.NS,0.87,3.6618,7.5292,2025-10-28,0.9471,2025-10-30,0.9005
2025-10-27,UP,12,POLICYBZR.NS,0.8549,2.6854,6.2238,2025-10-28,1.4634,2025-10-30,5.4361
2025-10-27,UP,13,UNIONBANK.NS,0.8392,2.3519,6.0502,2025-10-28,1.4556,2025-10-30,-1.8212
2025-10-27,UP,14,COROMANDEL.NS,0.8271,2.3056,4.5747,2025-10-28,-0.1693,2025-10-30,-3.145
2025-10-27,UP,15,STLTECH.NS,0.8207,3.6046,3.3425,2025-10-28,-2.5157,2025-10-30,1.3707
2025-10-27,UP,16,IDEAFORGE.NS,0.8091,2.696,5.2086,2025-10-28,-1.4792,2025-10-30,-2.1332
2025-10-27,UP,17,LAURUSLABS.NS,0.8069,2.5026,4.4553,2025-10-28,2.0741,2025-10-30,3.2123
2025-10-27,UP,18,ONMOBILE.NS,0.8042,4.1263,4.877,2025-10-28,-0.0542,2025-10-30,-0.3525
2025-10-27,UP,19,VEDL.NS,0.8025,2.1213,6.5816,2025-10-28,-0.5542,2025-10-30,0.3365
2025-10-27,UP,20,ZYDUSWELL.NS,0.8002,3.6397,6.1944,2025-10-28,0.9092,2025-10-30,-0.3371
2025-10-27,DN,1,NAVINFLUOR.NS,0.8162,2.8119,-1.2155,2025-10-28,-0.965,2025-10-30,-1.3851
2025-10-27,DN,2,TEJASNET.NS,0.8155,2.7531,-7.7158,2025-10-28,-0.0643,2025-10-30,-1.47
2025-10-27,DN,3,MUTHOOTFIN.NS,0.8102,2.3366,-5.656,2025-10-28,1.1475,2025-10-30,1.4463
2025-10-27,DN,4,ICICIGI.NS,0.79,2.3168,-0.7296,2025-10-28,1.6412,2025-10-30,1.3945
2025-10-27,DN,5,WHIRLPOOL.NS,0.7877,4.1367,0.4912,2025-10-28,-0.7188,2025-10-30,2.1348
2025-10-27,DN,6,NESTLEIND.NS,0.7858,2.2319,-0.5041,2025-10-28,-0.9353,2025-10-30,-0.2416
2025-10-27,DN,7,DIVISLAB.NS,0.77,2.2584,-1.986,2025-10-28,-0.7935,2025-10-30,2.5424
2025-10-27,DN,8,SAPPHIRE.NS,0.7692,3.4232,-1.4045,2025-10-28,-1.5477,2025-10-30,6.0148
2025-10-27,DN,9,SRF.NS,0.7655,2.2885,-4.7328,2025-10-28,0.2749,2025-10-30,-1.2685
2025-10-27,DN,10,CRAFTSMAN.NS,0.7623,2.4904,-3.843,2025-10-28,-0.5169,2025-10-30,2.6773
2025-10-27,DN,11,EXIDEIND.NS,0.7493,2.1384,-5.2376,2025-10-28,0.1974,2025-10-30,0.8159
2025-10-27,DN,12,COLPAL.NS,0.748,1.8923,-3.4331,2025-10-28,0.7309,2025-10-30,1.7505
2025-10-27,DN,13,HINDZINC.NS,0.7377,3.0035,-3.5882,2025-10-28,-2.3015,2025-10-30,-0.9745
2025-10-27,DN,14,TATACOMM.NS,0.7374,4.2115,0.7473,2025-10-28,-1.7823,2025-10-30,-1.4166
2025-10-27,DN,15,ADANIPORTS.NS,0.7323,1.885,-3.9746,2025-10-28,-0.1901,2025-10-30,2.6257
2025-10-27,DN,16,JSWENERGY.NS,0.7303,2.3175,-2.1172,2025-10-28,1.3224,2025-10-30,1.6624
2025-10-27,DN,17,BRITANNIA.NS,0.7239,1.9627,-2.8111,2025-10-28,-0.8627,2025-10-30,-0.888
2025-10-27,DN,18,ICICIBANK.NS,0.7192,1.4964,-4.1069,2025-10-28,-1.0526,2025-10-30,-1.1034
2025-10-27,DN,19,HINDUNILVR.NS,0.703,1.8325,-3.5296,2025-10-28,-0.5852,2025-10-30,-1.6801
2025-10-27,DN,20,BSE.NS,0.6887,3.0274,0.9897,2025-10-28,-3.6053,2025-10-30,-2.685
2025-10-28,UP,1,WELCORP.NS,0.9347,2.6822,6.4297,2025-10-29,2.3184,2025-10-31,8.9519
2025-10-28,UP,2,DEEPAKFERT.NS,0.933,2.5884,6.7219,2025-10-29,-1.0465,2025-10-31,-1.8297
2025-10-28,UP,3,PNBHOUSING.NS,0.9117,2.5323,7.4038,2025-10-29,0.5303,2025-10-31,-0.5142
2025-10-28,UP,4,OLECTRA.NS,0.8913,2.8441,3.7106,2025-10-29,2.0531,2025-10-31,3.5578
2025-10-28,UP,5,POLICYBZR.NS,0.8728,2.5586,8.0209,2025-10-29,-2.907,2025-10-31,0.5859
2025-10-28,UP,6,RATNAMANI.NS,0.8694,3.5614,7.3518,2025-10-29,-2.2788,2025-10-31,-2.548
2025-10-28,UP,7,INTELLECT.NS,0.8667,3.8745,7.6301,2025-10-29,0.4687,2025-10-31,10.6826
2025-10-28,UP,8,JINDALSTEL.NS,0.8561,2.229,6.7522,2025-10-29,-0.2701,2025-10-31,-0.6241
2025-10-28,UP,9,SUZLON.NS,0.849,2.2437,5.8956,2025-10-29,3.5041,2025-10-31,5.4785
2025-10-28,UP,10,INDIAMART.NS,0.8359,2.5422,6.2406,2025-10-29,0.133,2025-10-31,-0.9071
2025-10-28,UP,11,SAIL.NS,0.8308,2.7002,1.7868,2025-10-29,6.3484,2025-10-31,3.5487
2025-10-28,UP,12,NAUKRI.NS,0.8289,2.3382,5.6576,2025-10-29,0.2454,2025-10-31,-0.534
2025-10-28,UP,13,INDUSINDBK.NS,0.8167,2.3079,5.2649,2025-10-29,0.9628,2025-10-31,-0.6189
2025-10-28,UP,14,UNIONBANK.NS,0.8107,2.3453,4.0614,2025-10-29,-0.646,2025-10-31,1.0879
2025-10-28,UP,15,TATASTEEL.NS,0.8075,2.0496,5.7342,2025-10-29,1.8591,2025-10-31,0.5665
2025-10-28,UP,16,IDEA.NS,0.8024,4.8577,5.5928,2025-10-29,-0.8475,2025-10-31,-7.5212
2025-10-28,UP,17,MASTEK.NS,0.7903,3.3558,6.3942,2025-10-29,0.3598,2025-10-31,-1.3145
2025-10-28,UP,18,HINDALCO.NS,0.79,1.9865,7.9608,2025-10-29,0.8599,2025-10-31,-0.1296
2025-10-28,UP,19,ZYDUSWELL.NS,0.7871,3.6734,5.2418,2025-10-29,-0.0911,2025-10-31,-3.5027
2025-10-28,UP,20,AMBER.NS,0.7755,2.6183,3.4142,2025-10-29,-2.5098,2025-10-31,-5.7468
2025-10-28,DN,1,RADICO.NS,0.8515,2.785,-2.0401,2025-10-29,-0.759,2025-10-31,-1.7815
2025-10-28,DN,2,NAVINFLUOR.NS,0.8498,2.9332,-3.0249,2025-10-29,-0.4002,2025-10-31,13.7935
2025-10-28,DN,3,RBLBANK.NS,0.8375,3.6879,-0.4745,2025-10-29,-0.4614,2025-10-31,0.3845
2025-10-28,DN,4,MUTHOOTFIN.NS,0.8324,2.529,-4.2201,2025-10-29,0.0377,2025-10-31,-0.1037
2025-10-28,DN,5,CIPLA.NS,0.7947,2.1067,-4.3316,2025-10-29,0.829,2025-10-31,-4.2599
2025-10-28,DN,6,SRF.NS,0.7854,2.3129,-4.7863,2025-10-29,0.0033,2025-10-31,-3.2104
2025-10-28,DN,7,NESTLEIND.NS,0.7829,2.298,-1.1203,2025-10-29,0.1574,2025-10-31,0.0472
2025-10-28,DN,8,SAPPHIRE.NS,0.7816,3.5268,-2.3888,2025-10-29,4.1265,2025-10-31,2.1972
2025-10-28,DN,9,BATAINDIA.NS,0.7757,2.6443,-5.4773,2025-10-29,-2.1798,2025-10-31,-2.7611
2025-10-28,DN,10,CRAFTSMAN.NS,0.7612,2.4956,-3.6827,2025-10-29,0.38,2025-10-31,3.6141
2025-10-28,DN,11,BSE.NS,0.7556,3.2049,-2.983,2025-10-29,1.1406,2025-10-31,2.4507
2025-10-28,DN,12,GODREJPROP.NS,0.7322,2.7799,0.2094,2025-10-29,0.6401,2025-10-31,-0.3745
2025-10-28,DN,13,PERSISTENT.NS,0.7272,2.4221,-0.3046,2025-10-29,1.1018,2025-10-31,1.5394
2025-10-28,DN,14,APOLLOTYRE.NS,0.719,2.8026,-0.4931,2025-10-29,0.2081,2025-10-31,-0.5946
2025-10-28,DN,15,POLYCAB.NS,0.7187,2.4933,-2.1307,2025-10-29,3.0027,2025-10-31,2.5832
2025-10-28,DN,16,CESC.NS,0.7134,2.982,-0.2177,2025-10-29,1.6057,2025-10-31,0.6826
2025-10-28,DN,17,ADANIPORTS.NS,0.7112,1.9254,-3.347,2025-10-29,2.6024,2025-10-31,2.3697
2025-10-28,DN,18,EXIDEIND.NS,0.7017,2.032,-4.5506,2025-10-29,1.0244,2025-10-31,0.3152
2025-10-28,DN,19,WHIRLPOOL.NS,0.6994,4.0751,1.7159,2025-10-29,2.172,2025-10-31,1.296
2025-10-28,DN,20,ICICIGI.NS,0.6964,2.2759,0.3928,2025-10-29,0.5399,2025-10-31,-1.2531
2025-10-29,UP,1,SAIL.NS,0.9632,2.9562,8.157,2025-10-30,-2.4902,2025-11-03,-1.8356
2025-10-29,UP,2,ADANIGREEN.NS,0.9288,2.6431,6.9808,2025-10-30,2.4717,2025-11-03,-0.6651
2025-10-29,UP,3,OLECTRA.NS,0.912,2.8478,6.009,2025-10-30,0.3277,2025-11-03,-0.8257
2025-10-29,UP,4,VBL.NS,0.9095,2.4754,7.8355,2025-10-30,-2.0587,2025-11-03,-4.178
2025-10-29,UP,5,STLTECH.NS,0.8951,3.8354,5.4561,2025-10-30,-1.4864,2025-11-03,-1.3889
2025-10-29,UP,6,SUZLON.NS,0.8876,2.3298,7.4013,2025-10-30,0.5499,2025-11-03,1.8044
2025-10-29,UP,7,MRPL.NS,0.8802,3.9491,5.9551,2025-10-30,1.9822,2025-11-03,5.7521
2025-10-29,UP,8,M&MFIN.NS,0.8761,2.7676,5.7286,2025-10-30,-0.5513,2025-11-03,0.3623
2025-10-29,UP,9,IDEAFORGE.NS,0.8741,3.0082,4.5759,2025-10-30,-2.6134,2025-11-03,-3.3744
2025-10-29,UP,10,INTELLECT.NS,0.8737,3.9411,6.0612,2025-10-30,1.7349,2025-11-03,16.435
2025-10-29,UP,11,VEDL.NS,0.8722,2.2624,8.5252,2025-10-30,-1.7919,2025-11-03,-0.6199
2025-10-29,UP,12,WELCORP.NS,0.8666,2.6462,6.6749,2025-10-30,2.117,2025-11-03,5.0609
2025-10-29,UP,13,JINDALSTEL.NS,0.8549,2.3385,6.021,2025-10-30,-0.0374,2025-11-03,0.5978
2025-10-29,UP,14,POLICYBZR.NS,0.8322,2.7902,5.3165,2025-10-30,7.0268,2025-11-03,5.0366
2025-10-29,UP,15,TATASTEEL.NS,0.8251,2.0724,7.1825,2025-10-30,-0.4536,2025-11-03,-1.3608
2025-10-29,UP,16,IOC.NS,0.8239,2.1754,5.8133,2025-10-30,0.2575,2025-11-03,2.8451
2025-10-29,UP,17,ADANIENSOL.NS,0.8102,2.4037,3.3211,2025-10-30,-0.1964,2025-11-03,2.7906
2025-10-29,UP,18,MPHASIS.NS,0.8071,2.2803,4.8856,2025-10-30,0.6644,2025-11-03,-3.1448
2025-10-29,UP,19,COROMANDEL.NS,0.8046,2.378,3.4695,2025-10-30,-3.566,2025-11-03,-4.8967
2025-10-29,UP,20,DEEPAKFERT.NS,0.7959,2.7403,4.4242,2025-10-30,-1.1506,2025-11-03,-1.1972
2025-10-29,DN,1,RADICO.NS,0.8888,2.9153,-4.1792,2025-10-30,-0.6131,2025-11-03,0.9323
2025-10-29,DN,2,NAVINFLUOR.NS,0.8353,2.8312,-4.0201,2025-10-30,-0.0241,2025-11-03,18.632
2025-10-29,DN,3,CIPLA.NS,0.8085,2.0506,-4.9591,2025-10-30,-2.5931,2025-11-03,-4.402
2025-10-29,DN,4,BATAINDIA.NS,0.8017,2.7723,-7.5933,2025-10-30,-0.4643,2025-11-03,-0.6035
2025-10-29,DN,5,APOLLOTYRE.NS,0.8001,2.6569,-1.8635,2025-10-30,-0.5044,2025-11-03,0.7714
2025-10-29,DN,6,RBLBANK.NS,0.795,3.4302,-0.3234,2025-10-30,0.4172,2025-11-03,1.5915
2025-10-29,DN,7,MUTHOOTFIN.NS,0.7779,2.5141,-2.7941,2025-10-30,0.2576,2025-11-03,0.2325
2025-10-29,DN,8,SAPPHIRE.NS,0.7732,3.6162,-1.0525,2025-10-30,3.414,2025-11-03,-1.7327
2025-10-29,DN,9,WHIRLPOOL.NS,0.7684,4.0533,0.9803,2025-10-30,0.6874,2025-11-03,-2.3313
2025-10-29,DN,10,CRAFTSMAN.NS,0.7678,2.5574,-3.7838,2025-10-30,2.8201,2025-11-03,4.9757
2025-10-29,DN,11,BOSCHLTD.NS,0.7661,2.0064,-4.6429,2025-10-30,-0.4548,2025-11-03,-0.9497
2025-10-29,DN,12,NESTLEIND.NS,0.7635,2.2416,-1.1109,2025-10-30,0.542,2025-11-03,-0.4949
2025-10-29,DN,13,SRF.NS,0.7537,2.3468,-3.8183,2025-10-30,-1.5424,2025-11-03,-1.9717
2025-10-29,DN,14,TVSMOTOR.NS,0.7461,2.2299,-4.3572,2025-10-30,-0.2058,2025-11-03,0.3315
2025-10-29,DN,15,GODREJPROP.NS,0.7456,2.7276,0.7761,2025-10-30,-0.5365,2025-11-03,-0.1644
2025-10-29,DN,16,DRREDDY.NS,0.7293,2.0614,-2.9332,2025-10-30,-3.8932,2025-11-03,-4.3888
2025-10-29,DN,17,VOLTAS.NS,0.7227,2.3471,-2.5416,2025-10-30,0.0705,2025-11-03,-3.7426
2025-10-29,DN,18,CESC.NS,0.7109,2.949,0.6038,2025-10-30,-0.8645,2025-11-03,-0.9526
2025-10-29,DN,19,ENDURANCE.NS,0.71,2.9746,-3.6796,2025-10-30,0.4225,2025-11-03,0.926
2025-10-29,DN,20,NATCOPHARM.NS,0.7085,2.203,-1.6508,2025-10-30,0.6279,2025-11-03,0.4106
2025-10-30,UP,1,MRPL.NS,0.9792,4.1667,11.3562,2025-10-31,2.3496,2025-11-04,8.2052
2025-10-30,UP,2,POLICYBZR.NS,0.9635,2.9036,10.4822,2025-10-31,-3.2041,2025-11-04,-1.1602
2025-10-30,UP,3,ADANIGREEN.NS,0.9476,2.8926,9.1318,2025-10-31,-0.0088,2025-11-04,-4.7101
2025-10-30,UP,4,INTELLECT.NS,0.9464,4.0169,8.6404,2025-10-31,8.2876,2025-11-04,14.4113
2025-10-30,UP,5,WELCORP.NS,0.9362,2.7244,9.6814,2025-10-31,4.2758,2025-11-04,-0.1404
2025-10-30,UP,6,OLECTRA.NS,0.9133,2.8506,7.7638,2025-10-31,1.143,2025-11-04,-0.7903
2025-10-30,UP,7,SAIL.NS,0.8896,3.014,5.961,2025-10-31,-0.1459,2025-11-04,0.8245
2025-10-30,UP,8,SAPPHIRE.NS,0.8754,3.7113,3.931,2025-10-31,-5.0929,2025-11-04,-5.491
2025-10-30,UP,9,M&MFIN.NS,0.8691,2.8259,5.8685,2025-10-31,-0.0475,2025-11-04,0.9186
2025-10-30,UP,10,CANBK.NS,0.8643,2.3951,5.2677,2025-10-31,3.0853,2025-11-04,5.0493
2025-10-30,UP,11,CENTUM.NS,0.8604,3.4728,2.5782,2025-10-31,-2.2333,2025-11-04,-4.3343
2025-10-30,UP,12,IOC.NS,0.8575,2.217,8.9195,2025-10-31,1.4617,2025-11-04,3.5105
2025-10-30,UP,13,BPCL.NS,0.8486,2.2471,7.9384,2025-10-31,-0.2237,2025-11-04,4.2925
2025-10-30,UP,14,IDEAFORGE.NS,0.8454,3.1947,3.0187,2025-10-31,-0.7403,2025-11-04,-2.1592
2025-10-30,UP,15,POLYCAB.NS,0.8386,2.5439,4.3426,2025-10-31,-1.7973,2025-11-04,-3.6329
2025-10-30,UP,16,STLTECH.NS,0.8367,3.9533,5.8839,2025-10-31,-3.1495,2025-11-04,-0.8657
2025-10-30,UP,17,SUZLON.NS,0.8341,2.3696,7.2987,2025-10-31,1.3502,2025-11-04,2.5295
2025-10-30,UP,18,VBL.NS,0.8034,2.6216,4.2316,2025-10-31,-3.2148,2025-11-04,-2.9366
2025-10-30,UP,19,OIL.NS,0.7865,2.1014,4.1567,2025-10-31,-0.322,2025-11-04,-0.7476
2025-10-30,UP,20,PNBHOUSING.NS,0.7816,2.497,5.7662,2025-10-31,-0.626,2025-11-04,-0.3103
2025-10-30,DN,1,RADICO.NS,0.8729,2.9649,-4.2214,2025-10-31,-0.4198,2025-11-04,1.7458
2025-10-30,DN,2,CIPLA.NS,0.8461,2.4168,-6.3826,2025-10-31,-2.5193,2025-11-04,-2.3895
2025-10-30,DN,3,DRREDDY.NS,0.8396,2.3802,-6.0341,2025-10-31,-0.3826,2025-11-04,-0.183
2025-10-30,DN,4,APOLLOTYRE.NS,0.7803,2.6534,-2.1306,2025-10-31,-0.2982,2025-11-04,3.8469
2025-10-30,DN,5,BATAINDIA.NS,0.7686,2.6706,-8.1877,2025-10-31,-0.1306,2025-11-04,-0.5504
2025-10-30,DN,6,BOSCHLTD.NS,0.7551,2.0444,-4.3936,2025-10-31,0.0941,2025-11-04,1.72
2025-10-30,DN,7,ZYDUSWELL.NS,0.7464,3.5831,-0.6517,2025-10-31,-2.296,2025-11-04,-5.0841
2025-10-30,DN,8,NAVINFLUOR.NS,0.7349,2.7875,-1.4768,2025-10-31,14.2783,2025-11-04,21.6645
2025-10-30,DN,9,HFCL.NS,0.7343,3.2266,-2.6467,2025-10-31,-1.5535,2025-11-04,3.0802
2025-10-30,DN,10,RATNAMANI.NS,0.7325,3.7883,-0.1074,2025-10-31,0.3144,2025-11-04,1.2494
2025-10-30,DN,11,HINDUNILVR.NS,0.7275,1.867,-5.0738,2025-10-31,-0.166,2025-11-04,-0.9678
2025-10-30,DN,12,WHIRLPOOL.NS,0.7221,3.9854,1.5364,2025-10-31,-1.5342,2025-11-04,-3.2726
2025-10-30,DN,13,INFY.NS,0.721,1.8825,-2.2702,2025-10-31,-0.7698,2025-11-04,-1.7338
2025-10-30,DN,14,SRF.NS,0.7128,2.4756,-3.1293,2025-10-31,-1.6974,2025-11-04,-1.3217
2025-10-30,DN,15,CLEAN.NS,0.7116,2.4166,-4.3986,2025-10-31,-0.6108,2025-11-04,-3.064
2025-10-30,DN,16,ENDURANCE.NS,0.7065,2.9546,-3.5572,2025-10-31,-0.4768,2025-11-04,1.746
2025-10-30,DN,17,IDFCFIRSTB.NS,0.7046,2.3665,-0.038,2025-10-31,3.5981,2025-11-04,2.7873
2025-10-30,DN,18,CESC.NS,0.699,2.8716,-0.6237,2025-10-31,-0.0444,2025-11-04,1.1164
2025-10-30,DN,19,RAJESHEXPO.NS,0.6973,2.3297,-1.8617,2025-10-31,0.9041,2025-11-04,0.8487
2025-10-30,DN,20,AMBER.NS,0.6969,2.7978,-2.5843,2025-10-31,-0.606,2025-11-04,-3.5619
2025-10-31,UP,1,INTELLECT.NS,0.9836,4.011,13.5828,2025-11-03,5.6903,2025-11-06,-0.0265
2025-10-31,UP,2,MRPL.NS,0.9787,4.4518,14.5138,2025-11-03,1.3161,2025-11-06,2.0793
2025-10-31,UP,3,NAVINFLUOR.NS,0.9763,3.2803,12.477,2025-11-03,3.8348,2025-11-06,6.9206
2025-10-31,UP,4,WELCORP.NS,0.9679,2.9585,15.7974,2025-11-03,-1.3357,2025-11-06,-7.3829
2025-10-31,UP,5,OLECTRA.NS,0.913,2.9199,9.5973,2025-11-03,-2.2667,2025-11-06,-1.4982
2025-10-31,UP,6,ADANIGREEN.NS,0.9101,2.9574,10.5615,2025-11-03,-3.0526,2025-11-06,-6.9737
2025-10-31,UP,7,CANBK.NS,0.9022,2.5826,8.9817,2025-11-03,1.9052,2025-11-06,1.6425
2025-10-31,UP,8,UNIONBANK.NS,0.8961,2.9456,4.867,2025-11-03,1.4865,2025-11-06,0.9955
2025-10-31,UP,9,POLICYBZR.NS,0.887,3.1374,5.9145,2025-11-03,1.389,2025-11-06,-1.5683
2025-10-31,UP,10,SUZLON.NS,0.8539,2.3488,10.1821,2025-11-03,-0.1012,2025-11-06,0.5228
2025-10-31,UP,11,SAIL.NS,0.8514,2.9229,5.7083,2025-11-03,0.8184,2025-11-06,0.7746
2025-10-31,UP,12,SOBHA.NS,0.8459,2.9805,5.4669,2025-11-03,2.3354,2025-11-06,2.2118
2025-10-31,UP,13,IOC.NS,0.8411,2.2079,10.3279,2025-11-03,1.1031,2025-11-06,1.4888
2025-10-31,UP,14,ADANIENSOL.NS,0.8237,2.5274,4.4427,2025-11-03,0.8467,2025-11-06,-1.8303
2025-10-31,UP,15,AUROPHARMA.NS,0.7978,2.0565,4.9677,2025-11-03,1.7297,2025-11-06,0.1493
2025-10-31,UP,16,DEEPAKFERT.NS,0.7978,2.7861,3.3823,2025-11-03,-0.409,2025-11-06,-4.1901
2025-10-31,UP,17,PNB.NS,0.7915,2.1657,5.0881,2025-11-03,0.5127,2025-11-06,-1.9774
2025-10-31,UP,18,BANKBARODA.NS,0.7901,2.1295,4.583,2025-11-03,4.5977,2025-11-06,2.8556
2025-10-31,UP,19,M&MFIN.NS,0.7766,2.885,5.836,2025-11-03,0.9666,2025-11-06,-1.1567
2025-10-31,UP,20,POLYCAB.NS,0.7746,2.6415,2.5423,2025-11-03,-1.006,2025-11-06,-1.4603
2025-10-31,DN,1,RADICO.NS,0.8478,3.0437,-2.7484,2025-11-03,1.9831,2025-11-06,1.7372
2025-10-31,DN,2,DRREDDY.NS,0.8384,2.3386,-6.6999,2025-11-03,-0.1336,2025-11-06,0.6346
2025-10-31,DN,3,IDEA.NS,0.8208,5.8747,-9.2516,2025-11-03,9.2784,2025-11-06,6.1856
2025-10-31,DN,4,CIPLA.NS,0.8041,2.3746,-5.2449,2025-11-03,0.6794,2025-11-06,0.0133
2025-10-31,DN,5,CESC.NS,0.7942,2.8252,-2.5399,2025-11-03,-0.0445,2025-11-06,-2.4228
2025-10-31,DN,6,STLTECH.NS,0.763,4.1664,-2.1817,2025-11-03,3.354,2025-11-06,-4.1628
2025-10-31,DN,7,RATNAMANI.NS,0.7583,3.9111,-0.7369,2025-11-03,2.3631,2025-11-06,-0.2021
2025-10-31,DN,8,HFCL.NS,0.7575,3.1269,-5.4412,2025-11-03,5.4414,2025-11-06,1.6052
2025-10-31,DN,9,SRF.NS,0.7519,2.5917,-4.9156,2025-11-03,1.2831,2025-11-06,-1.0647
2025-10-31,DN,10,BATAINDIA.NS,0.7425,2.5747,-8.1109,2025-11-03,-0.0093,2025-11-06,-1.8588
2025-10-31,DN,11,ZYDUSWELL.NS,0.7408,3.734,-1.7117,2025-11-03,0.6714,2025-11-06,-6.8821
2025-10-31,DN,12,INFY.NS,0.7365,1.8658,-2.8255,2025-11-03,0.2159,2025-11-06,-1.0524
2025-10-31,DN,13,BAJFINANCE.NS,0.7208,2.096,-4.3083,2025-11-03,0.0288,2025-11-06,-0.0863
2025-10-31,DN,14,BOSCHLTD.NS,0.7092,2.0357,-3.4729,2025-11-03,-0.5907,2025-11-06,-0.6041
2025-10-31,DN,15,BAJAJFINSV.NS,0.7007,1.9712,-3.2971,2025-11-03,-0.3208,2025-11-06,-1.2019
2025-10-31,DN,16,PFIZER.NS,0.6976,2.4669,-2.4714,2025-11-03,-0.5279,2025-11-06,-2.7165
2025-10-31,DN,17,IDEAFORGE.NS,0.6932,2.9914,-2.5341,2025-11-03,-0.0414,2025-11-06,-5.8421
2025-10-31,DN,18,MPHASIS.NS,0.6879,2.764,-1.9334,2025-11-03,0.7163,2025-11-06,0.3437
2025-10-31,DN,19,VOLTAS.NS,0.685,2.3345,-4.01,2025-11-03,-1.2937,2025-11-06,-6.5915
2025-10-31,DN,20,AMBER.NS,0.6841,2.8019,-3.4249,2025-11-03,-0.983,2025-11-06,-2.5384
2025-11-03,UP,1,INTELLECT.NS,0.9895,4.3403,14.6686,2025-11-04,-0.0334,2025-11-07,-5.4508
2025-11-03,UP,2,NAVINFLUOR.NS,0.9892,3.5325,17.0171,2025-11-04,2.5315,2025-11-07,1.0753
2025-11-03,UP,3,MRPL.NS,0.9392,4.6503,12.6035,2025-11-04,4.3478,2025-11-07,2.3133
2025-11-03,UP,4,ADANIGREEN.NS,0.9309,3.3614,8.6619,2025-11-04,-1.701,2025-11-07,-4.1079
2025-11-03,UP,5,SHRIRAMFIN.NS,0.9088,2.5636,10.6795,2025-11-04,0.0063,2025-11-07,2.4986
2025-11-03,UP,6,WELCORP.NS,0.9076,3.1848,9.1404,2025-11-04,-2.9386,2025-11-07,-4.8539
2025-11-03,UP,7,RATEGAIN.NS,0.8995,3.1711,4.3297,2025-11-04,1.2849,2025-11-07,-0.7901
2025-11-03,UP,8,CRAFTSMAN.NS,0.8971,2.7626,4.8299,2025-11-04,0.5005,2025-11-07,-0.3386
2025-11-03,UP,9,CANBK.NS,0.8877,2.6586,8.1081,2025-11-04,0.0,2025-11-07,0.7665
2025-11-03,UP,10,SUZLON.NS,0.8525,2.4223,10.296,2025-11-04,1.266,2025-11-07,-3.1398
2025-11-03,UP,11,BANKBARODA.NS,0.8463,2.2886,6.4133,2025-11-04,-1.0646,2025-11-07,-0.7383
2025-11-03,UP,12,BPCL.NS,0.8429,2.2218,7.0845,2025-11-04,1.5383,2025-11-07,-0.0408
2025-11-03,UP,13,SAIL.NS,0.8404,2.9318,6.2125,2025-11-04,0.1522,2025-11-07,2.1961
2025-11-03,UP,14,SOBHA.NS,0.8338,3.0031,5.5704,2025-11-04,-2.2458,2025-11-07,2.7047
2025-11-03,UP,15,AJANTPHARM.NS,0.8277,2.1735,6.1134,2025-11-04,2.8078,2025-11-07,-0.5986
2025-11-03,UP,16,OLECTRA.NS,0.8225,2.9895,5.9952,2025-11-04,0.3634,2025-11-07,0.1454
2025-11-03,UP,17,ADANIENSOL.NS,0.8066,2.5668,5.0933,2025-11-04,-0.8697,2025-11-07,-3.4136
2025-11-03,UP,18,AUROPHARMA.NS,0.8047,2.0813,5.8372,2025-11-04,-0.82,2025-11-07,-3.0036
2025-11-03,UP,19,IOC.NS,0.8007,2.1506,8.0735,2025-11-04,0.9062,2025-11-07,0.8526
2025-11-03,UP,20,UNIONBANK.NS,0.7843,2.902,4.0839,2025-11-04,0.4374,2025-11-07,1.6039
2025-11-03,DN,1,RATNAMANI.NS,0.8885,3.948,-3.3412,2025-11-04,-1.398,2025-11-07,-2.9249
2025-11-03,DN,2,DRREDDY.NS,0.8338,2.3184,-6.8753,2025-11-04,0.3344,2025-11-07,0.786
2025-11-03,DN,3,COROMANDEL.NS,0.8221,3.256,-4.4815,2025-11-04,1.1473,2025-11-07,0.1026
2025-11-03,DN,4,MPHASIS.NS,0.8184,2.7669,-3.6175,2025-11-04,-0.6321,2025-11-07,-1.7312
2025-11-03,DN,5,ZENSARTECH.NS,0.7983,3.1259,-6.4422,2025-11-04,-2.6194,2025-11-07,-7.706
2025-11-03,DN,6,ZYDUSWELL.NS,0.7891,3.7508,-1.9716,2025-11-04,-3.5015,2025-11-07,-6.138
2025-11-03,DN,7,CIPLA.NS,0.7855,2.3954,-4.577,2025-11-04,-0.5425,2025-11-07,-0.3837
2025-11-03,DN,8,BOSCHLTD.NS,0.7696,2.1038,-5.0763,2025-11-04,2.2282,2025-11-07,-0.5807
2025-11-03,DN,9,COFORGE.NS,0.7652,2.4487,-1.9556,2025-11-04,-1.5489,2025-11-07,-3.0421
2025-11-03,DN,10,RADICO.NS,0.7447,3.0183,-0.6347,2025-11-04,0.1879,2025-11-07,3.673
2025-11-03,DN,11,BATAINDIA.NS,0.7417,2.4168,-8.2061,2025-11-04,-0.411,2025-11-07,-0.8034
2025-11-03,DN,12,BAJAJFINSV.NS,0.7338,1.983,-4.0826,2025-11-04,-0.4035,2025-11-07,0.9848
2025-11-03,DN,13,PARAS.NS,0.7255,2.6886,-3.4021,2025-11-04,-0.9001,2025-11-07,-3.329
2025-11-03,DN,14,MASTEK.NS,0.7228,3.0613,-1.2856,2025-11-04,-1.5693,2025-11-07,-3.3778
2025-11-03,DN,15,AMBER.NS,0.7152,2.7696,-6.1173,2025-11-04,-2.0107,2025-11-07,-9.18
2025-11-03,DN,16,KPITTECH.NS,0.7066,2.3177,-3.5626,2025-11-04,-0.7388,2025-11-07,-0.945
2025-11-03,DN,17,IDEAFORGE.NS,0.699,2.9297,-2.898,2025-11-04,-1.3886,2025-11-07,-4.1969
2025-11-03,DN,18,WHIRLPOOL.NS,0.6966,4.2698,-0.9273,2025-11-04,-0.283,2025-11-07,-2.7788
2025-11-03,DN,19,HINDALCO.NS,0.692,2.0652,0.7552,2025-11-04,-1.865,2025-11-07,-6.7044
2025-11-03,DN,20,BAJFINANCE.NS,0.6797,2.0851,-3.8086,2025-11-04,1.3326,2025-11-07,2.2529
2025-11-04,UP,1,MRPL.NS,0.9914,4.7798,15.0556,2025-11-06,-3.4447,2025-11-10,-3.0412
2025-11-04,UP,2,NAVINFLUOR.NS,0.963,3.5918,21.1485,2025-11-06,0.4294,2025-11-10,-1.0157
2025-11-04,UP,3,CRAFTSMAN.NS,0.9125,2.7672,5.902,2025-11-06,-0.8056,2025-11-10,-0.5566
2025-11-04,UP,4,RATEGAIN.NS,0.9037,3.1194,6.5072,2025-11-06,-0.5249,2025-11-10,-1.5894
2025-11-04,UP,5,INTELLECT.NS,0.8863,4.2075,16.9417,2025-11-06,-5.3774,2025-11-10,-8.2248
2025-11-04,UP,6,AJANTPHARM.NS,0.8767,2.2774,9.3075,2025-11-06,-1.6049,2025-11-10,-3.1371
2025-11-04,UP,7,SHRIRAMFIN.NS,0.8725,2.6347,10.0594,2025-11-06,-0.5022,2025-11-10,3.0885
2025-11-04,UP,8,APOLLOTYRE.NS,0.8716,2.7561,3.5382,2025-11-06,-3.1684,2025-11-10,-0.067
2025-11-04,UP,9,SUZLON.NS,0.8701,2.5659,6.7058,2025-11-06,-0.6334,2025-11-10,-4.2674
2025-11-04,UP,10,SOBHA.NS,0.8559,3.2115,4.7619,2025-11-06,2.1739,2025-11-10,1.7725
2025-11-04,UP,11,ADANIENSOL.NS,0.8382,2.6738,7.0234,2025-11-06,-1.8004,2025-11-10,-2.7133
2025-11-04,UP,12,ADANIGREEN.NS,0.837,3.434,8.1856,2025-11-06,-2.384,2025-11-10,-4.1513
2025-11-04,UP,13,CANBK.NS,0.836,2.6044,7.4011,2025-11-06,-0.2579,2025-11-10,1.0315
2025-11-04,UP,14,SAIL.NS,0.8321,2.8333,4.5551,2025-11-06,-0.1954,2025-11-10,4.458
2025-11-04,UP,15,BPCL.NS,0.8181,2.1307,9.4819,2025-11-06,-1.3407,2025-11-10,-2.0914
2025-11-04,UP,16,IOC.NS,0.8076,2.0823,9.5327,2025-11-06,-0.5199,2025-11-10,0.0827
2025-11-04,UP,17,WELCORP.NS,0.8034,3.2523,4.3378,2025-11-06,-3.287,2025-11-10,-1.3299
2025-11-04,UP,18,KALYANKJIL.NS,0.7794,2.2996,3.5056,2025-11-06,-1.8657,2025-11-10,-2.3345
2025-11-04,UP,19,HFCL.NS,0.7745,3.0596,1.7314,2025-11-06,-2.9622,2025-11-10,-3.5728
2025-11-04,UP,20,STLTECH.NS,0.7635,3.9896,3.0864,2025-11-06,-6.3706,2025-11-10,-3.7176
2025-11-04,DN,1,ZYDUSWELL.NS,0.8355,3.9887,-6.2563,2025-11-06,-4.1469,2025-11-10,-0.3024
2025-11-04,DN,2,COROMANDEL.NS,0.8118,3.2437,-3.2218,2025-11-06,-0.8622,2025-11-10,-0.1245
2025-11-04,DN,3,DRREDDY.NS,0.8078,2.197,-6.9335,2025-11-06,0.4333,2025-11-10,-0.1083
2025-11-04,DN,4,RATNAMANI.NS,0.7994,4.1,-1.6397,2025-11-06,-1.1236,2025-11-10,-0.6211
2025-11-04,DN,5,ZENSARTECH.NS,0.788,3.1833,-8.022,2025-11-06,-4.4423,2025-11-10,-1.8136
2025-11-04,DN,6,HEROMOTOCO.NS,0.7711,2.2482,-5.357,2025-11-06,0.3202,2025-11-10,0.9512
2025-11-04,DN,7,COFORGE.NS,0.7695,2.4379,-2.3649,2025-11-06,-0.1754,2025-11-10,-0.532
2025-11-04,DN,8,HINDALCO.NS,0.7646,2.0258,-2.0673,2025-11-06,-5.172,2025-11-10,-5.5569
2025-11-04,DN,9,MPHASIS.NS,0.7598,2.7814,-2.2714,2025-11-06,0.2639,2025-11-10,0.347
2025-11-04,DN,10,NAUKRI.NS,0.7412,2.3498,-3.3918,2025-11-06,-0.8889,2025-11-10,0.2764
2025-11-04,DN,11,IDEAFORGE.NS,0.7365,2.9619,-2.8087,2025-11-06,-4.4767,2025-11-10,-3.1841
2025-11-04,DN,12,AMBER.NS,0.7208,2.8058,-8.5498,2025-11-06,0.4489,2025-11-10,-10.016
2025-11-04,DN,13,ALKYLAMINE.NS,0.7127,2.8569,-2.9156,2025-11-06,-1.4524,2025-11-10,-3.3144
2025-11-04,DN,14,COALINDIA.NS,0.7125,1.733,-3.5386,2025-11-06,-1.1654,2025-11-10,1.0065
2025-11-04,DN,15,TIINDIA.NS,0.6983,2.5688,-4.2553,2025-11-06,-0.4979,2025-11-10,-0.4077
2025-11-04,DN,16,BAJAJFINSV.NS,0.6929,2.0155,-3.1305,2025-11-06,-0.4823,2025-11-10,2.1754
2025-11-04,DN,17,MASTEK.NS,0.6858,3.0516,-1.3468,2025-11-06,-1.1969,2025-11-10,0.893
2025-11-04,DN,18,INFY.NS,0.6738,1.7888,-2.153,2025-11-06,-0.0817,2025-11-10,3.1065
2025-11-04,DN,19,CIPLA.NS,0.6733,2.3938,-4.1324,2025-11-06,-0.1197,2025-11-10,0.5455
2025-11-04,DN,20,INDUSINDBK.NS,0.6704,2.2747,-1.1941,2025-11-06,-0.5062,2025-11-10,1.1579
2025-11-06,UP,1,SYMPHONY.NS,0.9241,3.0337,2.6686,2025-11-07,-3.9787,2025-11-11,-3.8242
2025-11-06,UP,2,INTELLECT.NS,0.9037,4.5708,10.137,2025-11-07,-0.0441,2025-11-11,-3.0268
2025-11-06,UP,3,SOBHA.NS,0.8946,2.9152,6.0921,2025-11-07,2.8288,2025-11-11,-2.5266
2025-11-06,UP,4,MRPL.NS,0.8863,5.1648,6.5487,2025-11-07,1.5483,2025-11-11,4.9982
2025-11-06,UP,5,NAVINFLUOR.NS,0.8793,3.643,22.1575,2025-11-07,-1.8418,2025-11-11,-0.9373
2025-11-06,UP,6,SHRIRAMFIN.NS,0.8746,2.6999,7.3194,2025-11-07,3.0095,2025-11-11,5.0221
2025-11-06,UP,7,RATEGAIN.NS,0.8629,3.1757,5.0185,2025-11-07,-1.5318,2025-11-11,-3.3568
2025-11-06,UP,8,BRITANNIA.NS,0.8159,2.1333,2.751,2025-11-07,2.3946,2025-11-11,-1.0476
2025-11-06,UP,9,BPCL.NS,0.7973,2.2383,5.7024,2025-11-07,-0.2174,2025-11-11,1.685
2025-11-06,UP,10,TATACONSUM.NS,0.7934,2.4194,1.1299,2025-11-07,-1.9489,2025-11-11,-2.873
2025-11-06,UP,11,MANAPPURAM.NS,0.7849,2.6851,-0.9221,2025-11-07,-1.2226,2025-11-11,0.3285
2025-11-06,UP,12,RADICO.NS,0.7849,2.9218,0.689,2025-11-07,3.9235,2025-11-11,2.8155
2025-11-06,UP,13,POLICYBZR.NS,0.7778,3.4877,1.9728,2025-11-07,1.5022,2025-11-11,2.2192
2025-11-06,UP,14,CRAFTSMAN.NS,0.7768,2.8092,4.6512,2025-11-07,-0.0295,2025-11-11,5.9505
2025-11-06,UP,15,AJANTPHARM.NS,0.772,2.3516,4.3422,2025-11-07,-1.7362,2025-11-11,0.3426
2025-11-06,UP,16,GODREJCP.NS,0.772,2.1285,3.5417,2025-11-07,-2.1117,2025-11-11,-0.6632
2025-11-06,UP,17,SUZLON.NS,0.771,2.7045,2.4403,2025-11-07,-3.741,2025-11-11,-3.0029
2025-11-06,UP,18,DABUR.NS,0.7637,2.112,3.0804,2025-11-07,-0.9643,2025-11-11,-0.7161
2025-11-06,UP,19,ASIANPAINT.NS,0.7576,1.9042,2.5288,2025-11-07,0.4188,2025-11-11,2.0861
2025-11-06,UP,20,CANBK.NS,0.7498,2.5254,8.1308,2025-11-07,1.027,2025-11-11,1.1706
2025-11-06,DN,1,HINDALCO.NS,0.8429,2.6065,-7.9241,2025-11-07,0.2537,2025-11-11,0.6786
2025-11-06,DN,2,ZYDUSWELL.NS,0.8268,4.2418,-10.0618,2025-11-07,1.4759,2025-11-11,3.3236
2025-11-06,DN,3,ADANIGREEN.NS,0.8234,3.7368,-4.6827,2025-11-07,-0.066,2025-11-11,-1.537
2025-11-06,DN,4,VBL.NS,0.8175,2.9277,-4.7633,2025-11-07,-0.3497,2025-11-11,-0.2649
2025-11-06,DN,5,STLTECH.NS,0.7968,4.4134,-8.5608,2025-11-07,1.9542,2025-11-11,0.8527
2025-11-06,DN,6,BLUESTARCO.NS,0.7939,3.3948,-9.1395,2025-11-07,-1.837,2025-11-11,-0.3024
2025-11-06,DN,7,COROMANDEL.NS,0.77,3.267,-4.635,2025-11-07,-0.1721,2025-11-11,1.293
2025-11-06,DN,8,IDEAFORGE.NS,0.7698,3.2194,-8.9817,2025-11-07,1.7052,2025-11-11,2.2442
2025-11-06,DN,9,ZENSARTECH.NS,0.7571,3.446,-12.2505,2025-11-07,-0.8175,2025-11-11,3.6537
2025-11-06,DN,10,SHYAMMETL.NS,0.7473,3.0238,-8.3433,2025-11-07,2.5319,2025-11-11,1.8468
2025-11-06,DN,11,WHIRLPOOL.NS,0.7458,4.3618,-4.3226,2025-11-07,-0.7554,2025-11-11,-8.3173
2025-11-06,DN,12,RECLTD.NS,0.7302,2.2313,-5.9266,2025-11-07,0.6203,2025-11-11,-0.1792
2025-11-06,DN,13,DEEPAKFERT.NS,0.729,2.9009,-4.9485,2025-11-07,-0.1889,2025-11-11,-4.4574
2025-11-06,DN,14,NCC.NS,0.7263,2.5435,-8.592,2025-11-07,-0.1176,2025-11-11,-3.452
2025-11-06,DN,15,NOCIL.NS,0.7254,2.9343,-5.6448,2025-11-07,-0.0398,2025-11-11,-3.8821
2025-11-06,DN,16,POWERGRID.NS,0.719,1.8941,-8.5153,2025-11-07,0.6662,2025-11-11,-0.9437
2025-11-06,DN,17,MPHASIS.NS,0.7071,2.7424,-3.5031,2025-11-07,-1.3663,2025-11-11,0.1298
2025-11-06,DN,18,NAUKRI.NS,0.699,2.4371,-4.4849,2025-11-07,1.4019,2025-11-11,1.0702
2025-11-06,DN,19,BEML.NS,0.6973,3.2838,-7.8586,2025-11-07,1.0016,2025-11-11,1.5754
2025-11-06,DN,20,ONMOBILE.NS,0.6963,3.943,-7.064,2025-11-07,-4.4754,2025-11-11,-7.1313
2025-11-07,UP,1,BSE.NS,0.962,3.1091,9.6406,2025-11-10,-1.9789,2025-11-12,3.6254
2025-11-07,UP,2,RADICO.NS,0.9212,3.0277,5.2851,2025-11-10,-1.5494,2025-11-12,-0.2477
2025-11-07,UP,3,SHRIRAMFIN.NS,0.911,2.7759,10.5791,2025-11-10,0.5819,2025-11-12,0.7534
2025-11-07,UP,4,SOBHA.NS,0.9059,3.0059,7.8894,2025-11-10,-3.1331,2025-11-12,-5.2845
2025-11-07,UP,5,UNIONBANK.NS,0.8859,2.9256,7.715,2025-11-10,0.6132,2025-11-12,1.9504
2025-11-07,UP,6,NAVINFLUOR.NS,0.8427,3.6722,19.9365,2025-11-10,0.4105,2025-11-12,0.8963
2025-11-07,UP,7,IDFCFIRSTB.NS,0.8249,2.689,3.218,2025-11-10,-0.3191,2025-11-12,0.135
2025-11-07,UP,8,BRITANNIA.NS,0.8237,2.1681,5.0858,2025-11-10,-0.3898,2025-11-12,-4.5067
2025-11-07,UP,9,APOLLOTYRE.NS,0.8141,3.1855,2.4652,2025-11-10,1.2806,2025-11-12,3.2887
2025-11-07,UP,10,SAIL.NS,0.8093,2.9732,2.8822,2025-11-10,2.3688,2025-11-12,1.766
2025-11-07,UP,11,MRPL.NS,0.7961,4.8897,6.0955,2025-11-10,-1.1131,2025-11-12,1.1711
2025-11-07,UP,12,CANBK.NS,0.7727,2.5957,5.8545,2025-11-10,0.263,2025-11-12,2.0616
2025-11-07,UP,13,RATEGAIN.NS,0.7659,3.0687,5.6959,2025-11-10,0.4689,2025-11-12,1.5631
2025-11-07,UP,14,M&M.NS,0.7656,1.9449,5.3711,2025-11-10,-0.7127,2025-11-12,1.737
2025-11-07,UP,15,INTELLECT.NS,0.7632,4.5501,8.2111,2025-11-10,-2.9664,2025-11-12,1.3508
2025-11-07,UP,16,BANKBARODA.NS,0.7461,2.3945,5.9762,2025-11-10,-0.467,2025-11-12,-1.4011
2025-11-07,UP,17,ENDURANCE.NS,0.7378,2.9693,0.1297,2025-11-10,-0.9594,2025-11-12,2.1254
2025-11-07,UP,18,LUPIN.NS,0.7337,1.9688,1.3362,2025-11-10,0.9332,2025-11-12,3.1494
2025-11-07,UP,19,GODREJCP.NS,0.7278,2.2279,0.7816,2025-11-10,0.4368,2025-11-12,1.2569
2025-11-07,UP,20,GLAXO.NS,0.7268,2.4813,-1.2892,2025-11-10,-1.8586,2025-11-12,-3.1377
2025-11-07,DN,1,ADANIGREEN.NS,0.8654,3.8195,-7.0432,2025-11-10,-1.7456,2025-11-12,1.0379
2025-11-07,DN,2,AMBER.NS,0.8539,4.0473,-10.6178,2025-11-10,-2.9127,2025-11-12,-0.3113
2025-11-07,DN,3,HINDALCO.NS,0.8398,2.6203,-8.2371,2025-11-10,-0.6579,2025-11-12,0.5061
2025-11-07,DN,4,WHIRLPOOL.NS,0.8102,4.2958,-5.6936,2025-11-10,-4.0896,2025-11-12,-8.4403
2025-11-07,DN,5,POLICYBZR.NS,0.8032,3.551,-3.2909,2025-11-10,0.8241,2025-11-12,0.1402
2025-11-07,DN,6,MPHASIS.NS,0.799,2.8321,-5.4498,2025-11-10,1.4693,2025-11-12,3.2822
2025-11-07,DN,7,BLUESTARCO.NS,0.7944,3.5492,-10.6586,2025-11-10,1.0783,2025-11-12,2.5846
2025-11-07,DN,8,SAPPHIRE.NS,0.7851,4.1898,-10.3185,2025-11-10,-1.8868,2025-11-12,-6.4003
2025-11-07,DN,9,STLTECH.NS,0.7768,4.5541,-5.3673,2025-11-10,0.8625,2025-11-12,-1.7425
2025-11-07,DN,10,ZYDUSWELL.NS,0.7605,4.1381,-7.6773,2025-11-10,2.4981,2025-11-12,2.3537
2025-11-07,DN,11,NCC.NS,0.7593,2.7465,-8.3009,2025-11-10,-3.7274,2025-11-12,-4.3572
2025-11-07,DN,12,SUDARSCHEM.NS,0.7593,3.9099,-8.7657,2025-11-10,-1.1615,2025-11-12,-4.1907
2025-11-07,DN,13,PNBHOUSING.NS,0.7539,2.7335,-4.1089,2025-11-10,0.3124,2025-11-12,0.3236
2025-11-07,DN,14,SYMPHONY.NS,0.7534,3.3987,-3.5265,2025-11-10,-0.5658,2025-11-12,-1.1538
2025-11-07,DN,15,COFORGE.NS,0.7378,2.3926,-3.734,2025-11-10,0.9999,2025-11-12,5.0282
2025-11-07,DN,16,ZENSARTECH.NS,0.7373,3.4181,-13.2168,2025-11-10,3.5978,2025-11-12,6.2782
2025-11-07,DN,17,PFC.NS,0.7351,2.3734,-6.1227,2025-11-10,-0.7758,2025-11-12,-1.3018
2025-11-07,DN,18,ONMOBILE.NS,0.7332,4.2627,-11.4286,2025-11-10,-1.0292,2025-11-12,-0.0922
2025-11-07,DN,19,BEML.NS,0.7322,3.284,-9.5205,2025-11-10,0.0498,2025-11-12,0.1246
2025-11-07,DN,20,WELCORP.NS,0.7318,3.4552,-2.1109,2025-11-10,0.6563,2025-11-12,0.7942
2025-11-10,UP,1,IDEA.NS,0.9583,5.9549,8.8202,2025-11-11,7.7895,2025-11-13,10.2105
2025-11-10,UP,2,NATIONALUM.NS,0.9279,2.7116,9.9171,2025-11-11,3.2251,2025-11-13,4.3946
2025-11-10,UP,3,BSE.NS,0.9012,3.2029,5.9016,2025-11-11,0.7199,2025-11-13,5.1385
2025-11-10,UP,4,SHRIRAMFIN.NS,0.8811,2.8016,9.6408,2025-11-11,1.364,2025-11-13,-0.8647
2025-11-10,UP,5,MANAPPURAM.NS,0.8585,2.7266,3.1354,2025-11-11,-1.0973,2025-11-13,-1.4751
2025-11-10,UP,6,SAIL.NS,0.8556,2.938,5.4731,2025-11-11,0.0416,2025-11-13,0.2633
2025-11-10,UP,7,GRSE.NS,0.8529,2.3163,4.945,2025-11-11,3.8546,2025-11-13,2.5089
2025-11-10,UP,8,CHOLAFIN.NS,0.8345,2.7527,3.3946,2025-11-11,-0.7182,2025-11-13,-2.4966
2025-11-10,UP,9,TORNTPHARM.NS,0.8272,2.0432,7.2301,2025-11-11,0.2174,2025-11-13,0.2253
2025-11-10,UP,10,VEDL.NS,0.8044,2.5658,5.2781,2025-11-11,0.8179,2025-11-13,1.9246
2025-11-10,UP,11,BRITANNIA.NS,0.7932,2.1591,5.0887,2025-11-11,-2.9836,2025-11-13,-4.5977
2025-11-10,UP,12,KPITTECH.NS,0.7927,2.282,2.2457,2025-11-11,1.6431,2025-11-13,3.8394
2025-11-10,UP,13,COROMANDEL.NS,0.7859,3.2227,1.9533,2025-11-11,0.5447,2025-11-13,2.0359
2025-11-10,UP,14,CRAFTSMAN.NS,0.7857,2.7937,1.6392,2025-11-11,5.6852,2025-11-13,0.6039
2025-11-10,UP,15,UNIONBANK.NS,0.7837,2.9004,3.7466,2025-11-11,-1.0503,2025-11-13,-1.5171
2025-11-10,UP,16,MUTHOOTFIN.NS,0.7735,2.3985,4.7032,2025-11-11,1.8358,2025-11-13,1.95
2025-11-10,UP,17,RATNAMANI.NS,0.766,3.9227,0.3052,2025-11-11,0.9868,2025-11-13,1.5541
2025-11-10,UP,18,RATEGAIN.NS,0.7636,2.9391,5.7423,2025-11-11,-2.3115,2025-11-13,2.1336
2025-11-10,UP,19,APOLLOTYRE.NS,0.7604,3.0302,4.0877,2025-11-11,-0.3065,2025-11-13,2.8544
2025-11-10,UP,20,RADICO.NS,0.7556,2.9405,4.0907,2025-11-11,0.4909,2025-11-13,-2.2242
2025-11-10,DN,1,AMBER.NS,0.8779,4.2319,-12.6921,2025-11-11,1.8243,2025-11-13,1.5036
2025-11-10,DN,2,ADANIGREEN.NS,0.8769,4.065,-8.6579,2025-11-11,0.2785,2025-11-13,3.4092
2025-11-10,DN,3,WELCORP.NS,0.8722,3.5094,-5.5087,2025-11-11,0.8821,2025-11-13,1.7095
2025-11-10,DN,4,HINDALCO.NS,0.8272,2.6385,-7.3893,2025-11-11,1.0889,2025-11-13,3.4068
2025-11-10,DN,5,SYMPHONY.NS,0.808,3.31,-4.1185,2025-11-11,0.7308,2025-11-13,-0.8926
2025-11-10,DN,6,NCC.NS,0.8061,2.9798,-11.4611,2025-11-11,0.4042,2025-11-13,-2.0475
2025-11-10,DN,7,INTELLECT.NS,0.8024,4.8059,-3.0348,2025-11-11,-0.0182,2025-11-13,1.9379
2025-11-10,DN,8,DEEPAKFERT.NS,0.8005,3.2054,-6.731,2025-11-11,-1.8545,2025-11-13,2.0558
2025-11-10,DN,9,SUZLON.NS,0.786,2.9477,-3.1535,2025-11-11,0.6791,2025-11-13,0.2612
2025-11-10,DN,10,TEJASNET.NS,0.7803,2.9774,-5.164,2025-11-11,0.1087,2025-11-13,3.8838
2025-11-10,DN,11,SAPPHIRE.NS,0.7699,4.2825,-7.2889,2025-11-11,-3.6576,2025-11-13,-6.1463
2025-11-10,DN,12,BLUESTARCO.NS,0.7646,3.6343,-8.5579,2025-11-11,0.4798,2025-11-13,0.9088
2025-11-10,DN,13,BEML.NS,0.7505,3.2761,-8.7368,2025-11-11,0.518,2025-11-13,-1.1257
2025-11-10,DN,14,SUDARSCHEM.NS,0.7398,3.9377,-7.4883,2025-11-11,-1.1375,2025-11-13,0.5453
2025-11-10,DN,15,PFC.NS,0.7383,2.3787,-6.4352,2025-11-11,-0.6096,2025-11-13,-1.1662
2025-11-10,DN,16,ADANIENSOL.NS,0.7349,2.8265,-2.7429,2025-11-11,3.1434,2025-11-13,6.4901
2025-11-10,DN,17,POWERGRID.NS,0.7337,1.9881,-6.9235,2025-11-11,-0.2051,2025-11-13,0.6152
2025-11-10,DN,18,PNBHOUSING.NS,0.7284,2.7552,-3.2034,2025-11-11,-0.0501,2025-11-13,1.5129
2025-11-10,DN,19,NOCIL.NS,0.7252,2.9667,-6.5913,2025-11-11,-2.2518,2025-11-13,3.0796
2025-11-10,DN,20,ZENSARTECH.NS,0.7245,3.3651,-9.3787,2025-11-11,0.8786,2025-11-13,0.8371
2025-11-11,UP,1,IDEA.NS,0.9786,5.8803,7.3375,2025-11-12,1.2695,2025-11-14,6.8359
2025-11-11,UP,2,NATIONALUM.NS,0.9257,2.7729,11.3132,2025-11-12,0.4856,2025-11-14,-1.1631
2025-11-11,UP,3,CRAFTSMAN.NS,0.9117,3.1322,5.623,2025-11-12,-1.4424,2025-11-14,-5.9856
2025-11-11,UP,4,GRSE.NS,0.884,2.4116,8.2407,2025-11-12,1.102,2025-11-14,3.9915
2025-11-11,UP,5,BHARATFORG.NS,0.8633,2.564,4.5797,2025-11-12,-0.92,2025-11-14,-0.3851
2025-11-11,UP,6,BRITANNIA.NS,0.86,2.6156,2.2335,2025-11-12,-1.1848,2025-11-14,-2.4704
2025-11-11,UP,7,KPITTECH.NS,0.8316,2.4412,4.1667,2025-11-12,2.6227,2025-11-14,0.8
2025-11-11,UP,8,BSE.NS,0.8133,3.237,3.7633,2025-11-12,4.9618,2025-11-14,6.9359
2025-11-11,UP,9,MANAPPURAM.NS,0.8124,2.8062,2.6321,2025-11-12,-0.3092,2025-11-14,2.2736
2025-11-11,UP,10,TORNTPHARM.NS,0.8107,2.0967,5.4433,2025-11-12,-0.0314,2025-11-14,0.1568
2025-11-11,UP,11,HFCL.NS,0.8063,3.0195,1.0192,2025-11-12,-1.8391,2025-11-14,-3.1162
2025-11-11,UP,12,MASTEK.NS,0.7925,2.892,1.353,2025-11-12,2.4065,2025-11-14,1.4802
2025-11-11,UP,13,DATAPATTNS.NS,0.792,2.8352,0.189,2025-11-12,1.2878,2025-11-14,12.4787
2025-11-11,UP,14,MRPL.NS,0.7879,4.7988,5.7892,2025-11-12,-2.1531,2025-11-14,-3.6557
2025-11-11,UP,15,ASHOKLEY.NS,0.783,2.0934,4.4411,2025-11-12,-2.4035,2025-11-14,1.5201
2025-11-11,UP,16,CHOLAFIN.NS,0.7796,2.8624,1.3558,2025-11-12,-1.3205,2025-11-14,-1.5616
2025-11-11,UP,17,MUTHOOTFIN.NS,0.7777,2.3979,6.2277,2025-11-12,-1.9001,2025-11-14,9.9224
2025-11-11,UP,18,PARAS.NS,0.7714,2.9193,0.3858,2025-11-12,0.1352,2025-11-14,9.0094
2025-11-11,UP,19,COROMANDEL.NS,0.7527,3.1616,1.5717,2025-11-12,0.3168,2025-11-14,1.1387
2025-11-11,UP,20,M&M.NS,0.7524,1.8894,5.6412,2025-11-12,0.1387,2025-11-14,-1.347
2025-11-11,DN,1,INTELLECT.NS,0.8899,4.8448,-8.2721,2025-11-12,4.4681,2025-11-14,-0.8372
2025-11-11,DN,2,ADANIGREEN.NS,0.8493,4.0687,-5.5194,2025-11-12,2.5474,2025-11-14,2.3559
2025-11-11,DN,3,SAPPHIRE.NS,0.8434,4.7428,-10.7891,2025-11-12,-0.9785,2025-11-14,-3.7965
2025-11-11,DN,4,WELCORP.NS,0.8163,3.6556,-3.3846,2025-11-12,-0.7386,2025-11-14,-0.2281
2025-11-11,DN,5,AMBER.NS,0.809,4.2745,-10.2168,2025-11-12,0.8398,2025-11-14,3.2403
2025-11-11,DN,6,GLAXO.NS,0.8063,2.7475,-7.6972,2025-11-12,1.2276,2025-11-14,0.1252
2025-11-11,DN,7,NCC.NS,0.8027,3.0026,-11.7886,2025-11-12,-1.0541,2025-11-14,-2.4684
2025-11-11,DN,8,SYMPHONY.NS,0.7961,3.1547,-4.6117,2025-11-12,-1.3125,2025-11-14,-1.6226
2025-11-11,DN,9,DEEPAKFERT.NS,0.7951,3.3052,-8.0848,2025-11-12,2.036,2025-11-14,3.3836
2025-11-11,DN,10,HINDALCO.NS,0.7893,2.6029,-6.309,2025-11-12,0.0819,2025-11-14,1.2472
2025-11-11,DN,11,BLUESTARCO.NS,0.7842,3.6559,-7.9766,2025-11-12,1.0056,2025-11-14,-0.6573
2025-11-11,DN,12,SUDARSCHEM.NS,0.7816,4.0082,-8.4451,2025-11-12,-1.9494,2025-11-14,-1.5025
2025-11-11,DN,13,OLECTRA.NS,0.7743,3.493,-6.9843,2025-11-12,1.3781,2025-11-14,-0.0497
2025-11-11,DN,14,SUZLON.NS,0.7729,2.9797,-2.397,2025-11-12,1.1415,2025-11-14,-0.2421
2025-11-11,DN,15,STLTECH.NS,0.7648,4.6982,-6.4822,2025-11-12,-0.6694,2025-11-14,4.8529
2025-11-11,DN,16,ROUTE.NS,0.7568,2.7912,-7.1631,2025-11-12,5.3199,2025-11-14,2.9836
2025-11-11,DN,17,SHYAMMETL.NS,0.7529,3.3324,-5.1487,2025-11-12,1.0353,2025-11-14,0.117
2025-11-11,DN,18,PFC.NS,0.7519,2.4762,-7.0402,2025-11-12,0.08,2025-11-14,-0.1067
2025-11-11,DN,19,DIVISLAB.NS,0.7499,2.2528,-3.8874,2025-11-12,-0.2982,2025-11-14,-0.4282
2025-11-11,DN,20,CLEAN.NS,0.749,2.9803,-8.5624,2025-11-12,1.4009,2025-11-14,-0.7543
2025-11-12,UP,1,BSE.NS,0.96,3.4232,11.1672,2025-11-13,-0.5477,2025-11-17,1.3151
2025-11-12,UP,2,GRSE.NS,0.8983,2.6392,10.187,2025-11-13,-2.3717,2025-11-17,2.5385
2025-11-12,UP,3,NATIONALUM.NS,0.88,2.844,14.4382,2025-11-13,0.6443,2025-11-17,-2.3188
2025-11-12,UP,4,KPITTECH.NS,0.8644,2.5608,7.6943,2025-11-13,-0.4501,2025-11-17,-2.2744
2025-11-12,UP,5,INDUSINDBK.NS,0.8571,2.3662,9.39,2025-11-13,-0.1099,2025-11-17,-1.1974
2025-11-12,UP,6,BHARATFORG.NS,0.828,2.6259,4.8532,2025-11-13,-0.0288,2025-11-17,-0.3959
2025-11-12,UP,7,DATAPATTNS.NS,0.8254,2.9117,3.3957,2025-11-13,7.5639,2025-11-17,10.5186
2025-11-12,UP,8,BIOCON.NS,0.8166,2.307,6.6754,2025-11-13,2.7347,2025-11-17,3.7078
2025-11-12,UP,9,MASTEK.NS,0.811,2.9076,5.4467,2025-11-13,-0.4389,2025-11-17,3.5914
2025-11-12,UP,10,SOLARINDS.NS,0.8095,2.4765,3.3764,2025-11-13,-2.3076,2025-11-17,-1.2354
2025-11-12,UP,11,NAUKRI.NS,0.8073,2.5683,2.8162,2025-11-13,-2.1142,2025-11-17,-3.2113
2025-11-12,UP,12,ASIANPAINT.NS,0.799,1.9388,11.3846,2025-11-13,3.957,2025-11-17,4.2638
2025-11-12,UP,13,NMDC.NS,0.7876,2.2471,3.9181,2025-11-13,0.2721,2025-11-17,-0.8292
2025-11-12,UP,14,MPHASIS.NS,0.7793,2.7603,2.1398,2025-11-13,-0.1345,2025-11-17,-4.8517
2025-11-12,UP,15,BDL.NS,0.7754,2.7403,3.4636,2025-11-13,-0.9462,2025-11-17,3.7262
2025-11-12,UP,16,GNFC.NS,0.7666,1.8742,4.6645,2025-11-13,-0.5968,2025-11-17,-3.5615
2025-11-12,UP,17,TORNTPHARM.NS,0.7649,2.0092,6.9818,2025-11-13,0.0392,2025-11-17,-0.136
2025-11-12,UP,18,HEROMOTOCO.NS,0.7573,2.253,4.2381,2025-11-13,-0.4608,2025-11-17,4.7795
2025-11-12,UP,19,TEJASNET.NS,0.7473,2.6522,1.3753,2025-11-13,-4.2884,2025-11-17,-5.1261
2025-11-12,UP,20,INFY.NS,0.7402,1.7953,5.7088,2025-11-13,-0.638,2025-11-17,-2.842
2025-11-12,DN,1,INTELLECT.NS,0.8749,4.9701,-4.1416,2025-11-13,-2.4042,2025-11-17,-4.5122
2025-11-12,DN,2,NAVINFLUOR.NS,0.861,3.6097,-0.5367,2025-11-13,0.2574,2025-11-17,-0.3238
2025-11-12,DN,3,SAPPHIRE.NS,0.8293,4.6189,-11.1813,2025-11-13,-1.6206,2025-11-17,-0.6917
2025-11-12,DN,4,GLAXO.NS,0.802,2.8355,-5.71,2025-11-13,-0.4867,2025-11-17,-0.5425
2025-11-12,DN,5,SUZLON.NS,0.7996,2.9497,-2.5171,2025-11-13,-1.539,2025-11-17,-1.3338
2025-11-12,DN,6,SYMPHONY.NS,0.7966,3.1858,-4.9853,2025-11-13,-0.303,2025-11-17,-0.8923
2025-11-12,DN,7,DIVISLAB.NS,0.7856,2.248,-4.1811,2025-11-13,1.1273,2025-11-17,-0.023
2025-11-12,DN,8,ADANIGREEN.NS,0.7843,4.2305,-1.4359,2025-11-13,0.5603,2025-11-17,1.6623
2025-11-12,DN,9,NCC.NS,0.7834,3.0858,-9.197,2025-11-13,-1.4026,2025-11-17,-1.3758
2025-11-12,DN,10,POLICYBZR.NS,0.7834,3.5432,-2.0185,2025-11-13,-2.8887,2025-11-17,1.6459
2025-11-12,DN,11,SUDARSCHEM.NS,0.781,4.1107,-11.1657,2025-11-13,3.7242,2025-11-17,0.708
2025-11-12,DN,12,BLUESTARCO.NS,0.7795,3.5996,-6.237,2025-11-13,-0.5729,2025-11-17,-0.5061
2025-11-12,DN,13,DEEPAKFERT.NS,0.7795,3.2961,-7.3978,2025-11-13,1.9093,2025-11-17,3.6104
2025-11-12,DN,14,OLECTRA.NS,0.762,3.4826,-6.0438,2025-11-13,-0.4134,2025-11-17,-1.3524
2025-11-12,DN,15,WELCORP.NS,0.7613,3.6367,-1.1948,2025-11-13,1.5704,2025-11-17,-0.7715
2025-11-12,DN,16,MRPL.NS,0.7572,5.1798,-0.8015,2025-11-13,-0.5043,2025-11-17,5.163
2025-11-12,DN,17,VBL.NS,0.7549,2.9898,-2.4841,2025-11-13,-1.3717,2025-11-17,0.5225
2025-11-12,DN,18,HINDALCO.NS,0.7534,2.6709,-4.4503,2025-11-13,2.2092,2025-11-17,1.605
2025-11-12,DN,19,VGUARD.NS,0.7512,2.7584,-4.8748,2025-11-13,-0.2393,2025-11-17,-1.1826
2025-11-12,DN,20,M&MFIN.NS,0.7478,3.0409,-2.9033,2025-11-13,0.1616,2025-11-17,1.5678
2025-11-13,UP,1,DATAPATTNS.NS,0.958,3.1255,14.9055,2025-11-14,3.2397,2025-11-18,3.6958
2025-11-13,UP,2,PARAS.NS,0.9097,3.0619,7.2601,2025-11-14,6.56,2025-11-18,2.4139
2025-11-13,UP,3,STLTECH.NS,0.8847,4.52,3.9439,2025-11-14,1.7347,2025-11-18,-2.0082
2025-11-13,UP,4,BSE.NS,0.8837,3.5256,12.4089,2025-11-14,2.4419,2025-11-18,2.6773
2025-11-13,UP,5,IDEA.NS,0.8735,5.8603,12.945,2025-11-14,4.489,2025-11-18,2.5788
2025-11-13,UP,6,INDUSINDBK.NS,0.8602,2.5268,9.8257,2025-11-14,-1.7604,2025-11-18,-1.7951
2025-11-13,UP,7,NATIONALUM.NS,0.86,2.8787,16.5142,2025-11-14,-2.2704,2025-11-18,-4.232
2025-11-13,UP,8,MOTHERSON.NS,0.8347,2.6391,5.0135,2025-11-14,0.6506,2025-11-18,-0.1558
2025-11-13,UP,9,GRSE.NS,0.8335,2.8792,6.4082,2025-11-14,5.3568,2025-11-18,3.9203
2025-11-13,UP,10,ASHOKLEY.NS,0.8235,2.5283,6.5,2025-11-14,-1.4294,2025-11-18,-2.1142
2025-11-13,UP,11,ADANIENSOL.NS,0.8206,3.1529,5.5002,2025-11-14,0.2399,2025-11-18,0.514
2025-11-13,UP,12,BIOCON.NS,0.8066,2.4032,8.2555,2025-11-14,-1.4029,2025-11-18,1.1031
2025-11-13,UP,13,ASIANPAINT.NS,0.8012,2.0587,10.6228,2025-11-14,0.9377,2025-11-18,0.9238
2025-11-13,UP,14,VEDL.NS,0.8005,2.7116,4.8817,2025-11-14,-0.8025,2025-11-18,-3.5687
2025-11-13,UP,15,HINDZINC.NS,0.7978,2.2624,5.9932,2025-11-14,-1.6458,2025-11-18,-3.8873
2025-11-13,UP,16,BDL.NS,0.7947,2.7303,5.549,2025-11-14,6.3179,2025-11-18,2.655
2025-11-13,UP,17,SAIL.NS,0.7896,3.0626,4.938,2025-11-14,-1.8864,2025-11-18,-4.0216
2025-11-13,UP,18,VOLTAS.NS,0.7823,2.9295,3.4432,2025-11-14,1.0472,2025-11-18,3.538
2025-11-13,UP,19,NMDC.NS,0.7799,2.133,5.8397,2025-11-14,-1.0854,2025-11-18,-2.1579
2025-11-13,UP,20,MASTEK.NS,0.776,2.5845,6.2556,2025-11-14,-0.4676,2025-11-18,1.8303
2025-11-13,DN,1,NAVINFLUOR.NS,0.9165,3.4926,-0.7071,2025-11-14,-0.2733,2025-11-18,-0.1905
2025-11-13,DN,2,AMBER.NS,0.8558,4.0814,-9.0712,2025-11-14,3.5664,2025-11-18,3.2856
2025-11-13,DN,3,INTELLECT.NS,0.8486,5.1841,-1.1295,2025-11-14,-2.7401,2025-11-18,-2.865
2025-11-13,DN,4,SUZLON.NS,0.8143,2.9958,-3.4055,2025-11-14,0.1737,2025-11-18,-1.181
2025-11-13,DN,5,DIVISLAB.NS,0.8124,2.3237,-4.213,2025-11-14,-1.2436,2025-11-18,-1.82
2025-11-13,DN,6,OLECTRA.NS,0.808,3.5428,-6.8249,2025-11-14,-0.9992,2025-11-18,-2.8075
2025-11-13,DN,7,BRITANNIA.NS,0.8019,2.7301,-2.6939,2025-11-14,-0.8203,2025-11-18,-0.1965
2025-11-13,DN,8,SAPPHIRE.NS,0.801,4.6146,-10.7885,2025-11-14,-1.2455,2025-11-18,5.3234
2025-11-13,DN,9,GLAXO.NS,0.7995,2.9007,-4.2602,2025-11-14,-0.6053,2025-11-18,-0.2646
2025-11-13,DN,10,POLICYBZR.NS,0.7896,3.684,-1.2917,2025-11-14,0.2248,2025-11-18,3.7816
2025-11-13,DN,11,BAJFINANCE.NS,0.767,2.6702,-3.5032,2025-11-14,1.303,2025-11-18,0.8156
2025-11-13,DN,12,SYMPHONY.NS,0.757,3.0773,-5.3742,2025-11-14,-0.0113,2025-11-18,-1.7843
2025-11-13,DN,13,BANKBARODA.NS,0.739,2.5117,-1.0826,2025-11-14,1.2357,2025-11-18,1.8358
2025-11-13,DN,14,ENDURANCE.NS,0.7383,3.7146,-5.0078,2025-11-14,-0.2043,2025-11-18,-2.8458
2025-11-13,DN,15,CERA.NS,0.7279,2.6456,-8.0605,2025-11-14,-1.2135,2025-11-18,-0.1055
2025-11-13,DN,16,VGUARD.NS,0.7262,2.7186,-4.0358,2025-11-14,-0.8609,2025-11-18,-1.383
2025-11-13,DN,17,NCC.NS,0.7197,3.1475,-5.8096,2025-11-14,-0.0271,2025-11-18,-1.2651
2025-11-13,DN,18,VBL.NS,0.718,2.9801,-3.9949,2025-11-14,1.4128,2025-11-18,1.0817
2025-11-13,DN,19,CLEAN.NS,0.7041,2.9436,-4.0461,2025-11-14,-2.1774,2025-11-18,-1.009
2025-11-13,DN,20,SHRIRAMFIN.NS,0.7012,2.9159,2.7129,2025-11-14,-0.5774,2025-11-18,0.7617
2025-11-14,UP,1,DATAPATTNS.NS,0.9601,3.191,18.5192,2025-11-17,-0.4773,2025-11-19,-1.4674
2025-11-14,UP,2,PARAS.NS,0.9429,2.962,13.1983,2025-11-17,-1.6321,2025-11-19,-5.8624
2025-11-14,UP,3,GRSE.NS,0.9217,2.9443,12.5481,2025-11-17,-0.3107,2025-11-19,-2.3368
2025-11-14,UP,4,BDL.NS,0.92,2.8393,11.4734,2025-11-17,-1.5058,2025-11-19,-4.7713
2025-11-14,UP,5,MUTHOOTFIN.NS,0.9042,2.622,15.3437,2025-11-17,0.9368,2025-11-19,-0.6415
2025-11-14,UP,6,MOTHERSON.NS,0.8798,2.7605,5.8189,2025-11-17,0.1639,2025-11-19,2.1122
2025-11-14,UP,7,ADANIENSOL.NS,0.8736,3.2468,6.5844,2025-11-17,-0.2246,2025-11-19,-1.719
2025-11-14,UP,8,STLTECH.NS,0.8466,4.3499,3.7202,2025-11-17,-2.6795,2025-11-19,-5.4263
2025-11-14,UP,9,VOLTAS.NS,0.8433,3.2555,2.2247,2025-11-17,1.7026,2025-11-19,3.7679
2025-11-14,UP,10,GLENMARK.NS,0.8384,2.6237,4.6426,2025-11-17,-1.4085,2025-11-19,-2.8909
2025-11-14,UP,11,MANAPPURAM.NS,0.82,2.8556,3.8795,2025-11-17,0.5335,2025-11-19,-0.2845
2025-11-14,UP,12,NATIONALUM.NS,0.8089,2.8523,11.8604,2025-11-17,-0.6893,2025-11-19,-2.2737
2025-11-14,UP,13,ZENSARTECH.NS,0.8005,3.1741,3.8988,2025-11-17,-0.0828,2025-11-19,-2.1177
2025-11-14,UP,14,AUROPHARMA.NS,0.7966,2.4277,8.7827,2025-11-17,1.1779,2025-11-19,1.0879
2025-11-14,UP,15,INDUSINDBK.NS,0.7929,2.7157,6.397,2025-11-17,0.6838,2025-11-19,-1.0197
2025-11-14,UP,16,AMBER.NS,0.7882,4.0566,2.0617,2025-11-17,0.9151,2025-11-19,0.4745
2025-11-14,UP,17,ASHOKLEY.NS,0.783,2.6999,4.9405,2025-11-17,0.1282,2025-11-19,-1.8886
2025-11-14,UP,18,ASIANPAINT.NS,0.7704,2.1072,11.1944,2025-11-17,-0.6365,2025-11-19,-0.437
2025-11-14,UP,19,KPITTECH.NS,0.7687,2.6247,6.0017,2025-11-17,-0.5073,2025-11-19,-1.5628
2025-11-14,UP,20,HEROMOTOCO.NS,0.7665,2.2253,4.5789,2025-11-17,4.6944,2025-11-19,6.1027
2025-11-14,DN,1,INTELLECT.NS,0.8745,5.1964,-3.7962,2025-11-17,0.5965,2025-11-19,4.8729
2025-11-14,DN,2,SHRIRAMFIN.NS,0.8432,2.936,-0.8636,2025-11-17,1.0626,2025-11-19,1.0812
2025-11-14,DN,3,BRITANNIA.NS,0.8394,2.776,-5.7491,2025-11-17,0.4652,2025-11-19,1.2234
2025-11-14,DN,4,BAJFINANCE.NS,0.8256,2.6787,-4.5097,2025-11-17,0.8149,2025-11-19,-1.2666
2025-11-14,DN,5,GLAXO.NS,0.8187,2.9587,-4.1926,2025-11-17,0.5526,2025-11-19,1.5972
2025-11-14,DN,6,OLECTRA.NS,0.8165,3.5994,-7.1655,2025-11-17,0.0569,2025-11-19,-1.393
2025-11-14,DN,7,TATASTEEL.NS,0.7729,2.5196,-3.9202,2025-11-17,-0.6255,2025-11-19,-0.6025
2025-11-14,DN,8,POLICYBZR.NS,0.769,3.6413,-2.5339,2025-11-17,4.4346,2025-11-19,6.4477
2025-11-14,DN,9,MAPMYINDIA.NS,0.7539,2.9616,-6.7805,2025-11-17,0.3723,2025-11-19,0.1241
2025-11-14,DN,10,BANKBARODA.NS,0.7535,2.5271,-0.7957,2025-11-17,0.4185,2025-11-19,2.2842
2025-11-14,DN,11,SOBHA.NS,0.752,3.3123,-7.4888,2025-11-17,2.8403,2025-11-19,-0.2796
2025-11-14,DN,12,UNIONBANK.NS,0.7494,3.0533,-0.3523,2025-11-17,0.8641,2025-11-19,1.1259
2025-11-14,DN,13,ENDURANCE.NS,0.7411,3.6685,-5.9421,2025-11-17,0.0112,2025-11-19,1.88
2025-11-14,DN,14,NCC.NS,0.7362,3.1627,-5.7242,2025-11-17,0.0543,2025-11-19,-1.7922
2025-11-14,DN,15,DIVISLAB.NS,0.7315,2.365,-2.1783,2025-11-17,0.1075,2025-11-19,-0.8831
2025-11-14,DN,16,SAPPHIRE.NS,0.7246,4.683,-9.064,2025-11-17,2.2172,2025-11-19,7.0586
2025-11-14,DN,17,M&MFIN.NS,0.7214,3.0629,-1.4685,2025-11-17,1.7982,2025-11-19,6.8686
2025-11-14,DN,18,BATAINDIA.NS,0.7209,2.2727,-3.2771,2025-11-17,-1.217,2025-11-19,-1.4799
2025-11-14,DN,19,CERA.NS,0.7076,2.6997,-6.3365,2025-11-17,0.0623,2025-11-19,0.6053
2025-11-14,DN,20,SAIL.NS,0.7008,3.1667,0.7021,2025-11-17,-0.4648,2025-11-19,-1.4085
2025-11-17,UP,1,IDEAFORGE.NS,0.9738,3.5067,9.53,2025-11-18,-3.6072,2025-11-20,-2.1901
2025-11-17,UP,2,IDEA.NS,0.9614,5.1235,15.0526,2025-11-18,-1.7383,2025-11-20,-6.9533
2025-11-17,UP,3,DATAPATTNS.NS,0.9495,3.3783,16.6957,2025-11-18,0.9236,2025-11-20,0.606
2025-11-17,UP,4,PARAS.NS,0.9415,3.269,9.2201,2025-11-18,-2.2963,2025-11-20,-0.8959
2025-11-17,UP,5,CENTUM.NS,0.9311,4.0199,5.6689,2025-11-18,-1.5859,2025-11-20,-1.4998
2025-11-17,UP,6,MRPL.NS,0.9053,5.0944,7.5922,2025-11-18,-2.7953,2025-11-20,-5.0621
2025-11-17,UP,7,MUTHOOTFIN.NS,0.8633,2.615,12.989,2025-11-18,-1.7179,2025-11-20,-1.6753
2025-11-17,UP,8,MASTEK.NS,0.8558,2.4769,8.2669,2025-11-18,-2.1315,2025-11-20,-2.1657
2025-11-17,UP,9,RAJESHEXPO.NS,0.8541,2.465,7.3326,2025-11-18,-0.0315,2025-11-20,0.4519
2025-11-17,UP,10,GRSE.NS,0.8512,3.0687,7.6645,2025-11-18,-1.0561,2025-11-20,1.1426
2025-11-17,UP,11,HEROMOTOCO.NS,0.8352,2.3103,8.1911,2025-11-18,0.0172,2025-11-20,3.4664
2025-11-17,UP,12,BIOCON.NS,0.8279,2.5979,10.1531,2025-11-18,0.1544,2025-11-20,-6.129
2025-11-17,UP,13,RAILTEL.NS,0.8274,2.5299,4.3236,2025-11-18,-2.2918,2025-11-20,-4.0483
2025-11-17,UP,14,IRCON.NS,0.8192,2.6911,3.4062,2025-11-18,-0.3502,2025-11-20,-1.9467
2025-11-17,UP,15,BDL.NS,0.8175,2.9601,4.9591,2025-11-18,-1.9692,2025-11-20,-2.0447
2025-11-17,UP,16,DEEPAKFERT.NS,0.8131,3.2208,3.7593,2025-11-18,-2.1337,2025-11-20,0.2009
2025-11-17,UP,17,ADANIGREEN.NS,0.8032,4.4061,4.5424,2025-11-18,-1.0105,2025-11-20,-2.6272
2025-11-17,UP,18,AMBER.NS,0.8032,3.9853,6.0857,2025-11-18,-1.1755,2025-11-20,-2.5123
2025-11-17,UP,19,FINEORG.NS,0.799,2.0799,7.9023,2025-11-18,2.3715,2025-11-20,0.6844
2025-11-17,UP,20,MOTHERSON.NS,0.7978,2.7865,7.2843,2025-11-18,-0.9635,2025-11-20,1.7997
2025-11-17,DN,1,NAVINFLUOR.NS,0.8685,3.4313,0.1585,2025-11-18,0.3915,2025-11-20,-0.3998
2025-11-17,DN,2,SHRIRAMFIN.NS,0.8683,2.9479,-0.3897,2025-11-18,0.2812,2025-11-20,1.0637
2025-11-17,DN,3,SAIL.NS,0.8567,3.23,-2.0854,2025-11-18,-1.7194,2025-11-20,-2.2218
2025-11-17,DN,4,BAJFINANCE.NS,0.8466,2.6414,-5.3641,2025-11-18,-1.2855,2025-11-20,0.1753
2025-11-17,DN,5,BRITANNIA.NS,0.8209,2.5506,-4.9401,2025-11-18,0.1629,2025-11-20,-0.1972
2025-11-17,DN,6,MIDHANI.NS,0.7961,2.9989,-4.4065,2025-11-18,-2.3533,2025-11-20,-2.2287
2025-11-17,DN,7,ENDURANCE.NS,0.7842,3.6713,-5.0203,2025-11-18,-2.6577,2025-11-20,2.453
2025-11-17,DN,8,TATASTEEL.NS,0.7825,2.5013,-4.579,2025-11-18,-0.4158,2025-11-20,-0.41
2025-11-17,DN,9,MPHASIS.NS,0.7765,3.0169,-3.1518,2025-11-18,-1.1232,2025-11-20,1.9229
2025-11-17,DN,10,OLECTRA.NS,0.7675,3.5633,-4.7239,2025-11-18,-1.8824,2025-11-20,-1.6764
2025-11-17,DN,11,NATIONALUM.NS,0.7579,2.9395,1.3211,2025-11-18,-1.3269,2025-11-20,-1.2042
2025-11-17,DN,12,VEDL.NS,0.7559,2.6244,0.2309,2025-11-18,-1.9393,2025-11-20,-2.1217
2025-11-17,DN,13,MAPMYINDIA.NS,0.7432,2.8888,-6.9613,2025-11-18,-0.3356,2025-11-20,0.2414
2025-11-17,DN,14,VGUARD.NS,0.7408,2.7263,-2.2423,2025-11-18,-0.4417,2025-11-20,-0.8691
2025-11-17,DN,15,CRAFTSMAN.NS,0.7277,3.433,-0.081,2025-11-18,-1.135,2025-11-20,-0.2064
2025-11-17,DN,16,COCHINSHIP.NS,0.718,2.8925,-1.903,2025-11-18,-0.6796,2025-11-20,0.1742
2025-11-17,DN,17,CHOLAFIN.NS,0.7164,2.6559,-3.1179,2025-11-18,-0.2589,2025-11-20,0.2059
2025-11-17,DN,18,UNIONBANK.NS,0.7138,2.9692,-0.1037,2025-11-18,-0.6295,2025-11-20,-0.5776
2025-11-17,DN,19,DIVISLAB.NS,0.6909,2.2984,-2.5854,2025-11-18,-0.6903,2025-11-20,-0.8591
2025-11-17,DN,20,M&MFIN.NS,0.6899,3.0702,0.2233,2025-11-18,2.7689,2025-11-20,10.3119
2025-11-18,UP,1,CENTUM.NS,0.949,4.2894,5.8591,2025-11-19,1.3767,2025-11-21,-1.5717
2025-11-18,UP,2,DATAPATTNS.NS,0.9276,3.4173,12.9757,2025-11-19,-1.9008,2025-11-21,-2.7614
2025-11-18,UP,3,SAPPHIRE.NS,0.9236,4.4536,2.6027,2025-11-19,0.3815,2025-11-21,-2.7274
2025-11-18,UP,4,RATEGAIN.NS,0.9137,3.2799,8.3422,2025-11-19,-0.301,2025-11-21,-4.2349
2025-11-18,UP,5,IDEAFORGE.NS,0.8892,3.646,4.6589,2025-11-19,-0.8841,2025-11-21,-1.429
2025-11-18,UP,6,BIOCON.NS,0.8817,2.5939,9.4781,2025-11-19,-2.7277,2025-11-21,-5.8705
2025-11-18,UP,7,BSE.NS,0.8697,3.4781,7.1818,2025-11-19,2.2653,2025-11-21,0.8539
2025-11-18,UP,8,FINEORG.NS,0.8442,2.2683,11.749,2025-11-19,-0.873,2025-11-21,-3.3768
2025-11-18,UP,9,HEROMOTOCO.NS,0.8365,2.313,7.0512,2025-11-19,1.3277,2025-11-21,3.5003
2025-11-18,UP,10,PARAS.NS,0.8325,3.4205,4.768,2025-11-19,-2.0514,2025-11-21,-1.997
2025-11-18,UP,11,IDEA.NS,0.8257,4.9016,4.8828,2025-11-19,-0.4655,2025-11-21,-7.1695
2025-11-18,UP,12,RAJESHEXPO.NS,0.8228,2.5236,6.167,2025-11-19,-0.7254,2025-11-21,-2.1553
2025-11-18,UP,13,ROUTE.NS,0.8166,3.3413,3.1176,2025-11-19,-1.7895,2025-11-21,-3.3264
2025-11-18,UP,14,SUNDRMFAST.NS,0.8111,2.5518,3.3099,2025-11-19,-2.5083,2025-11-21,-3.3562
2025-11-18,UP,15,VOLTAS.NS,0.8108,3.2474,6.1666,2025-11-19,1.2715,2025-11-21,0.838
2025-11-18,UP,16,GRANULES.NS,0.7981,2.6195,4.8557,2025-11-19,-1.3358,2025-11-21,-3.0724
2025-11-18,UP,17,GLENMARK.NS,0.795,3.033,1.4032,2025-11-19,-0.1085,2025-11-21,0.076
2025-11-18,UP,18,AUROPHARMA.NS,0.7947,2.3919,6.0863,2025-11-19,-0.2824,2025-11-21,-2.6951
2025-11-18,UP,19,ATUL.NS,0.781,1.9008,6.757,2025-11-19,-0.1058,2025-11-21,-2.8474
2025-11-18,UP,20,M&MFIN.NS,0.7601,3.1246,1.6208,2025-11-19,2.1524,2025-11-21,6.0855
2025-11-18,DN,1,NATIONALUM.NS,0.8919,2.9885,-3.1469,2025-11-19,-0.2721,2025-11-21,-2.5729
2025-11-18,DN,2,SAIL.NS,0.8605,3.3122,-3.8089,2025-11-19,0.7847,2025-11-21,-3.4701
2025-11-18,DN,3,SHRIRAMFIN.NS,0.8582,2.9492,-1.4538,2025-11-19,-0.2621,2025-11-21,0.378
2025-11-18,DN,4,CRAFTSMAN.NS,0.8562,3.5107,-6.5292,2025-11-19,1.0362,2025-11-21,0.5517
2025-11-18,DN,5,MIDHANI.NS,0.8536,3.1988,-8.1032,2025-11-19,-0.3402,2025-11-21,-1.9847
2025-11-18,DN,6,HFCL.NS,0.8192,3.4446,-5.083,2025-11-19,-0.7131,2025-11-21,-3.5926
2025-11-18,DN,7,VEDL.NS,0.8107,2.7246,-2.5103,2025-11-19,0.2154,2025-11-21,-2.8001
2025-11-18,DN,8,ENDURANCE.NS,0.7904,3.7811,-6.6902,2025-11-19,4.6499,2025-11-21,3.5677
2025-11-18,DN,9,NAVINFLUOR.NS,0.7874,3.3826,0.0415,2025-11-19,-0.0581,2025-11-21,-0.8877
2025-11-18,DN,10,AJANTPHARM.NS,0.7781,2.6385,-4.6361,2025-11-19,2.4246,2025-11-21,1.1228
2025-11-18,DN,11,VBL.NS,0.7595,2.9202,-2.6987,2025-11-19,-0.7316,2025-11-21,-2.2385
2025-11-18,DN,12,MOIL.NS,0.7531,3.0536,-7.8965,2025-11-19,-1.2082,2025-11-21,-5.1674
2025-11-18,DN,13,MPHASIS.NS,0.7526,2.9805,-4.2844,2025-11-19,2.0764,2025-11-21,3.3327
2025-11-18,DN,14,BRITANNIA.NS,0.7418,2.4535,-1.857,2025-11-19,0.5908,2025-11-21,-0.4623
2025-11-18,DN,15,COCHINSHIP.NS,0.7387,2.8939,-2.5363,2025-11-19,-0.6257,2025-11-21,-0.7427
2025-11-18,DN,16,TATASTEEL.NS,0.7274,2.3966,-4.7448,2025-11-19,0.4407,2025-11-21,-2.5805
2025-11-18,DN,17,M&M.NS,0.7272,2.0256,-1.4484,2025-11-19,0.7497,2025-11-21,1.4832
2025-11-18,DN,18,INFY.NS,0.7077,1.7799,-2.8687,2025-11-19,3.68,2025-11-21,3.9424
2025-11-18,DN,19,BEL.NS,0.7034,2.2384,-1.4978,2025-11-19,0.5464,2025-11-21,-1.081
2025-11-18,DN,20,MRPL.NS,0.6992,5.2694,0.0224,2025-11-19,-2.4104,2025-11-21,-4.5462
2025-11-19,UP,1,JPPOWER.NS,0.9507,3.0235,12.7364,2025-11-20,6.7588,2025-11-24,-4.4894
2025-11-19,UP,2,SAPPHIRE.NS,0.9279,4.1638,4.0119,2025-11-20,-0.532,2025-11-24,-3.2681
2025-11-19,UP,3,M&MFIN.NS,0.9012,2.6874,6.6268,2025-11-20,5.0781,2025-11-24,8.3978
2025-11-19,UP,4,DEEPAKFERT.NS,0.8964,2.9602,4.0052,2025-11-20,-0.1794,2025-11-24,-5.8592
2025-11-19,UP,5,MOTHERSON.NS,0.8925,2.8664,5.8912,2025-11-20,-0.1427,2025-11-24,-2.6213
2025-11-19,UP,6,CENTUM.NS,0.8883,4.1837,6.0346,2025-11-20,-1.2717,2025-11-24,-6.5821
2025-11-19,UP,7,POLICYBZR.NS,0.8862,3.4412,3.6052,2025-11-20,-0.3674,2025-11-24,-3.7499
2025-11-19,UP,8,FINEORG.NS,0.8641,2.3987,9.0507,2025-11-20,-0.7818,2025-11-24,-3.5892
2025-11-19,UP,9,DATAPATTNS.NS,0.8279,3.5787,9.4191,2025-11-20,1.6169,2025-11-24,-3.7313
2025-11-19,UP,10,SUDARSCHEM.NS,0.8252,4.7153,0.5625,2025-11-20,-0.3279,2025-11-24,-3.5876
2025-11-19,UP,11,VOLTAS.NS,0.8165,3.1006,4.7996,2025-11-20,0.7134,2025-11-24,-3.3671
2025-11-19,UP,12,RATEGAIN.NS,0.7985,3.2898,4.3826,2025-11-20,0.3159,2025-11-24,-3.1665
2025-11-19,UP,13,ERIS.NS,0.7927,2.6307,2.2664,2025-11-20,3.6439,2025-11-24,4.5378
2025-11-19,UP,14,HEROMOTOCO.NS,0.7903,2.2894,6.189,2025-11-20,2.0931,2025-11-24,1.7953
2025-11-19,UP,15,IDEA.NS,0.7859,4.9379,3.0858,2025-11-20,-4.8644,2025-11-24,-6.6417
2025-11-19,UP,16,LTTS.NS,0.784,2.0098,6.1921,2025-11-20,-2.4482,2025-11-24,-2.6509
2025-11-19,UP,17,PRESTIGE.NS,0.7782,2.7967,0.9464,2025-11-20,-0.0058,2025-11-24,-5.0079
2025-11-19,UP,18,BHARATFORG.NS,0.7684,2.5076,4.1031,2025-11-20,-0.7468,2025-11-24,-2.351
2025-11-19,UP,19,BSE.NS,0.768,3.5134,4.4282,2025-11-20,-0.0966,2025-11-24,-3.3157
2025-11-19,UP,20,INTELLECT.NS,0.7546,4.8756,-0.453,2025-11-20,-3.9639,2025-11-24,-4.069
2025-11-19,DN,1,NATIONALUM.NS,0.8895,3.0289,-3.8771,2025-11-20,0.3975,2025-11-24,-2.159
2025-11-19,DN,2,MIDHANI.NS,0.8515,3.0898,-9.5587,2025-11-20,0.4694,2025-11-24,-6.9559
2025-11-19,DN,3,TEJASNET.NS,0.8505,3.2077,-6.8378,2025-11-20,-0.3909,2025-11-24,-5.3948
2025-11-19,DN,4,COCHINSHIP.NS,0.8182,2.8894,-5.173,2025-11-20,1.4947,2025-11-24,-1.8772
2025-11-19,DN,5,CRAFTSMAN.NS,0.8155,3.3683,-4.1785,2025-11-20,-0.0959,2025-11-24,-1.7192
2025-11-19,DN,6,ROUTE.NS,0.8029,3.3754,-3.8432,2025-11-20,-0.2865,2025-11-24,-5.6645
2025-11-19,DN,7,INDUSINDBK.NS,0.7924,2.605,-2.869,2025-11-20,-1.2149,2025-11-24,-0.4228
2025-11-19,DN,8,HFCL.NS,0.774,3.3706,-3.9943,2025-11-20,-0.5285,2025-11-24,-3.5642
2025-11-19,DN,9,ENDURANCE.NS,0.7721,3.6104,-6.1681,2025-11-20,0.5737,2025-11-24,-2.3678
2025-11-19,DN,10,ZENSARTECH.NS,0.7701,3.4098,-4.3091,2025-11-20,1.4235,2025-11-24,1.0218
2025-11-19,DN,11,GNFC.NS,0.7687,2.2448,-4.9283,2025-11-20,-0.4252,2025-11-24,-1.2048
2025-11-19,DN,12,SOLARINDS.NS,0.7456,2.8253,-1.9526,2025-11-20,1.0283,2025-11-24,-3.2008
2025-11-19,DN,13,UNIONBANK.NS,0.7389,2.9352,-1.1581,2025-11-20,-0.8351,2025-11-24,-2.2592
2025-11-19,DN,14,SHRIRAMFIN.NS,0.7387,2.8382,-0.541,2025-11-20,1.0452,2025-11-24,1.2408
2025-11-19,DN,15,MPHASIS.NS,0.7318,2.8435,-3.967,2025-11-20,0.9839,2025-11-24,1.9015
2025-11-19,DN,16,MOIL.NS,0.7138,2.931,-7.9104,2025-11-20,-2.1512,2025-11-24,-6.6451
2025-11-19,DN,17,TORNTPHARM.NS,0.7011,2.1868,-2.4369,2025-11-20,-0.268,2025-11-24,-0.3484
2025-11-19,DN,18,PAGEIND.NS,0.6954,2.2316,-4.6906,2025-11-20,-0.6313,2025-11-24,0.1288
2025-11-19,DN,19,SOBHA.NS,0.6948,3.3379,-2.6004,2025-11-20,-0.7965,2025-11-24,-3.3452
2025-11-19,DN,20,GRSE.NS,0.69,3.2165,0.4544,2025-11-20,3.241,2025-11-24,-4.1528
2025-11-20,UP,1,JPPOWER.NS,0.9799,3.4691,20.6243,2025-11-21,-7.5323,2025-11-25,-9.1959
2025-11-20,UP,2,RADICO.NS,0.9206,2.9632,5.676,2025-11-21,-2.8177,2025-11-25,-2.4792
2025-11-20,UP,3,M&MFIN.NS,0.9182,2.7018,11.8606,2025-11-21,-1.1685,2025-11-25,3.9671
2025-11-20,UP,4,ERIS.NS,0.9066,2.7855,9.9796,2025-11-21,-0.2156,2025-11-25,-1.0482
2025-11-20,UP,5,GRSE.NS,0.892,3.3295,6.2295,2025-11-21,-3.5672,2025-11-25,-7.2233
2025-11-20,UP,6,NATCOPHARM.NS,0.8646,2.6984,5.223,2025-11-21,-0.5177,2025-11-25,-4.0607
2025-11-20,UP,7,IDEAFORGE.NS,0.8641,3.3768,6.8182,2025-11-21,-2.8571,2025-11-25,-5.6839
2025-11-20,UP,8,HEROMOTOCO.NS,0.8417,2.327,8.9135,2025-11-21,0.05,2025-11-25,1.3668
2025-11-20,UP,9,PARAS.NS,0.8369,3.8319,3.8817,2025-11-21,-3.3818,2025-11-25,-4.8483
2025-11-20,UP,10,ENDURANCE.NS,0.833,3.6851,2.2551,2025-11-21,-1.5986,2025-11-25,-2.0782
2025-11-20,UP,11,METROBRAND.NS,0.8274,2.9507,3.4058,2025-11-21,0.2803,2025-11-25,1.1563
2025-11-20,UP,12,CENTUM.NS,0.8233,4.0343,4.852,2025-11-21,-1.6578,2025-11-25,-4.5997
2025-11-20,UP,13,RAJESHEXPO.NS,0.8027,2.7017,3.2797,2025-11-21,-2.6262,2025-11-25,-1.9147
2025-11-20,UP,14,DATAPATTNS.NS,0.7876,3.7385,3.3695,2025-11-21,-2.4544,2025-11-25,-5.0957
2025-11-20,UP,15,SAPPHIRE.NS,0.7876,3.8109,5.1627,2025-11-21,-2.5788,2025-11-25,-0.8405
2025-11-20,UP,16,BSE.NS,0.7818,3.6118,4.9018,2025-11-21,-1.2848,2025-11-25,-1.896
2025-11-20,UP,17,EICHERMOT.NS,0.7757,2.1477,3.946,2025-11-21,0.1263,2025-11-25,1.3052
2025-11-20,UP,18,POLICYBZR.NS,0.774,3.0959,6.295,2025-11-21,-1.7951,2025-11-25,-4.2302
2025-11-20,UP,19,VOLTAS.NS,0.7716,3.0726,5.6025,2025-11-21,-1.1333,2025-11-25,-3.9312
2025-11-20,UP,20,LTTS.NS,0.7682,2.2166,4.1979,2025-11-21,-1.5215,2025-11-25,-1.5815
2025-11-20,DN,1,NATIONALUM.NS,0.9023,3.0363,-4.1129,2025-11-21,-2.6939,2025-11-25,-1.4168
2025-11-20,DN,2,BIOCON.NS,0.8637,3.0766,-5.2398,2025-11-21,0.4302,2025-11-25,-0.4808
2025-11-20,DN,3,MIDHANI.NS,0.8447,3.1209,-7.6732,2025-11-21,-2.1096,2025-11-25,-6.6969
2025-11-20,DN,4,ROUTE.NS,0.8214,3.2641,-4.7646,2025-11-21,-1.2821,2025-11-25,-1.5399
2025-11-20,DN,5,INDUSINDBK.NS,0.801,2.6693,-3.9435,2025-11-21,2.0678,2025-11-25,1.266
2025-11-20,DN,6,ASIANPAINT.NS,0.7867,2.2646,-0.6807,2025-11-21,0.5875,2025-11-25,0.5595
2025-11-20,DN,7,FINPIPE.NS,0.7633,2.4249,-3.842,2025-11-21,0.9892,2025-11-25,2.873
2025-11-20,DN,8,GNFC.NS,0.7629,2.2304,-4.7642,2025-11-21,0.1118,2025-11-25,-1.3421
2025-11-20,DN,9,MOIL.NS,0.7539,3.1611,-8.7775,2025-11-21,-1.8973,2025-11-25,-2.9363
2025-11-20,DN,10,TEJASNET.NS,0.7517,3.2673,-3.0441,2025-11-21,-1.2657,2025-11-25,-6.456
2025-11-20,DN,11,TORNTPHARM.NS,0.7484,2.1699,-2.7365,2025-11-21,-0.9378,2025-11-25,0.6395
2025-11-20,DN,12,ASHOKLEY.NS,0.7416,2.5526,-2.7724,2025-11-21,-1.0599,2025-11-25,-0.2804
2025-11-20,DN,13,WELCORP.NS,0.7405,3.2958,-4.8484,2025-11-21,-1.7268,2025-11-25,-1.9929
2025-11-20,DN,14,JINDALPOLY.NS,0.7311,2.3315,-3.6043,2025-11-21,-1.1598,2025-11-25,-3.0525
2025-11-20,DN,15,ADANIENSOL.NS,0.7298,3.1753,-2.7218,2025-11-21,-1.8921,2025-11-25,-2.2242
2025-11-20,DN,16,VEDL.NS,0.729,2.4795,-3.7481,2025-11-21,-2.6189,2025-11-25,-1.0005
2025-11-20,DN,17,ZENSARTECH.NS,0.7218,3.5362,-1.2623,2025-11-21,-1.4314,2025-11-25,-0.4794
2025-11-20,DN,18,NOCIL.NS,0.7175,3.0795,-5.0542,2025-11-21,0.4909,2025-11-25,3.0047
2025-11-20,DN,19,PRESTIGE.NS,0.7156,2.8202,-2.165,2025-11-21,-1.6713,2025-11-25,-3.5698
2025-11-20,DN,20,HFCL.NS,0.7153,3.2629,-3.0255,2025-11-21,-2.3842,2025-11-25,-3.6649
2025-11-21,UP,1,JPPOWER.NS,0.9914,4.2479,12.6689,2025-11-24,-3.2484,2025-11-26,-3.948
2025-11-21,UP,2,M&MFIN.NS,0.9292,2.8901,10.9833,2025-11-24,4.3789,2025-11-26,2.1311
2025-11-21,UP,3,ERIS.NS,0.8923,2.7684,7.4561,2025-11-24,1.0804,2025-11-26,-2.9652
2025-11-21,UP,4,GODREJAGRO.NS,0.8816,3.189,1.3845,2025-11-24,-1.7309,2025-11-26,3.627
2025-11-21,UP,5,VOLTAS.NS,0.8593,3.0582,3.3237,2025-11-24,-2.9517,2025-11-26,-0.6305
2025-11-21,UP,6,NATCOPHARM.NS,0.8416,2.6794,6.4173,2025-11-24,-2.7232,2025-11-26,7.2387
2025-11-21,UP,7,RADICO.NS,0.8371,3.3317,0.4049,2025-11-24,-0.5194,2025-11-26,0.6385
2025-11-21,UP,8,TATACOMM.NS,0.8275,2.5327,2.5027,2025-11-24,-2.0876,2025-11-26,-3.6389
2025-11-21,UP,9,TATACONSUM.NS,0.8134,2.3467,2.1852,2025-11-24,0.2451,2025-11-26,0.186
2025-11-21,UP,10,HEROMOTOCO.NS,0.7995,2.2741,8.3777,2025-11-24,-0.3415,2025-11-26,2.2324
2025-11-21,UP,11,POLICYBZR.NS,0.7983,3.0795,4.1528,2025-11-24,-1.6291,2025-11-26,-1.3088
2025-11-21,UP,12,EICHERMOT.NS,0.7957,2.0514,6.5646,2025-11-24,1.738,2025-11-26,0.897
2025-11-21,UP,13,SAPPHIRE.NS,0.7715,3.5756,3.7429,2025-11-24,-0.1765,2025-11-26,-0.1961
2025-11-21,UP,14,METROBRAND.NS,0.7694,2.8059,4.3193,2025-11-24,0.4892,2025-11-26,2.6555
2025-11-21,UP,15,IDEAFORGE.NS,0.749,3.605,3.1744,2025-11-24,-3.4001,2025-11-26,-2.2945
2025-11-21,UP,16,NAUKRI.NS,0.7431,2.585,1.2769,2025-11-24,0.4402,2025-11-26,0.0821
2025-11-21,UP,17,ENDURANCE.NS,0.7397,3.7278,0.8264,2025-11-24,-1.3477,2025-11-26,-0.9231
2025-11-21,UP,18,GLAXO.NS,0.7289,2.4889,0.7461,2025-11-24,-0.8367,2025-11-26,-0.3443
2025-11-21,UP,19,BLUESTARCO.NS,0.7251,3.2684,0.4467,2025-11-24,0.5067,2025-11-26,-0.0225
2025-11-21,UP,20,M&M.NS,0.7232,2.0541,1.3789,2025-11-24,-1.5682,2025-11-26,-1.6855
2025-11-21,DN,1,BDL.NS,0.8646,3.2841,-6.2647,2025-11-24,-2.36,2025-11-26,-1.6593
2025-11-21,DN,2,NATIONALUM.NS,0.8588,3.2078,-4.5283,2025-11-24,0.1516,2025-11-26,2.9919
2025-11-21,DN,3,PARAS.NS,0.8555,4.1348,-5.8102,2025-11-24,-1.7327,2025-11-26,-0.3881
2025-11-21,DN,4,DATAPATTNS.NS,0.8314,4.034,-2.3317,2025-11-24,-2.8794,2025-11-26,-2.8596
2025-11-21,DN,5,GRSE.NS,0.821,3.6535,-2.7683,2025-11-24,-3.7275,2025-11-26,-2.098
2025-11-21,DN,6,BIOCON.NS,0.803,3.0283,-3.478,2025-11-24,-0.4032,2025-11-26,0.4032
2025-11-21,DN,7,MUTHOOTFIN.NS,0.7833,2.4965,-2.405,2025-11-24,-0.5941,2025-11-26,2.4642
2025-11-21,DN,8,MOIL.NS,0.7766,3.2705,-8.4972,2025-11-24,-2.7475,2025-11-26,0.6293
2025-11-21,DN,9,ONMOBILE.NS,0.767,4.4518,-7.9987,2025-11-24,-2.7255,2025-11-26,0.138
2025-11-21,DN,10,HFCL.NS,0.7541,3.3715,-5.5497,2025-11-24,-0.6839,2025-11-26,0.0977
2025-11-21,DN,11,STLTECH.NS,0.7481,4.5365,-10.9114,2025-11-24,1.4426,2025-11-26,2.3854
2025-11-21,DN,12,ASIANPAINT.NS,0.7476,2.2931,-1.0253,2025-11-24,0.0904,2025-11-26,-0.0904
2025-11-21,DN,13,HINDZINC.NS,0.7421,2.4602,-5.9029,2025-11-24,-0.9383,2025-11-26,2.6075
2025-11-21,DN,14,RATEGAIN.NS,0.7396,3.5706,-2.3762,2025-11-24,0.8113,2025-11-26,5.599
2025-11-21,DN,15,IDEA.NS,0.7315,5.015,-8.8665,2025-11-24,0.1003,2025-11-26,1.1033
2025-11-21,DN,16,IGL.NS,0.7285,2.9132,-5.2948,2025-11-24,-1.1966,2025-11-26,-1.0775
2025-11-21,DN,17,TEJASNET.NS,0.7275,3.3865,-3.4539,2025-11-24,-3.806,2025-11-26,-4.3128
2025-11-21,DN,18,ZENSARTECH.NS,0.7256,3.4863,-2.1453,2025-11-24,1.0503,2025-11-26,3.6656
2025-11-21,DN,19,AMBER.NS,0.7196,3.6975,-2.4403,2025-11-24,-2.1192,2025-11-26,1.473
2025-11-21,DN,20,TORNTPHARM.NS,0.7194,2.1381,-3.792,2025-11-24,0.8653,2025-11-26,1.8798
2025-11-24,UP,1,M&MFIN.NS,0.9122,3.0206,13.7969,2025-11-25,0.7831,2025-11-27,1.7061
2025-11-24,UP,2,JPPOWER.NS,0.8849,4.6082,8.5202,2025-11-25,1.4979,2025-11-27,-3.6674
2025-11-24,UP,3,CLEAN.NS,0.8624,2.9944,2.064,2025-11-25,-2.9652,2025-11-27,-3.772
2025-11-24,UP,4,APOLLOTYRE.NS,0.8289,3.1958,2.7529,2025-11-25,-1.155,2025-11-27,-1.7419
2025-11-24,UP,5,NOCIL.NS,0.8234,3.0791,0.3443,2025-11-25,-0.4231,2025-11-27,-1.7096
2025-11-24,UP,6,METROBRAND.NS,0.8151,2.8456,5.5026,2025-11-25,0.3825,2025-11-27,1.3647
2025-11-24,UP,7,ERIS.NS,0.8091,2.7456,7.5008,2025-11-25,-1.8943,2025-11-27,-4.2577
2025-11-24,UP,8,MPHASIS.NS,0.8024,2.4624,2.849,2025-11-25,1.1536,2025-11-27,0.9475
2025-11-24,UP,9,EICHERMOT.NS,0.7902,2.0916,6.7583,2025-11-25,-0.5511,2025-11-27,-3.5751
2025-11-24,UP,10,BHARATFORG.NS,0.7823,2.5775,2.0597,2025-11-25,-0.177,2025-11-27,1.5012
2025-11-24,UP,11,PERSISTENT.NS,0.7799,2.0125,4.2181,2025-11-25,-0.0628,2025-11-27,0.902
2025-11-24,UP,12,NAUKRI.NS,0.7797,2.5398,1.0584,2025-11-25,-1.0622,2025-11-27,-0.5125
2025-11-24,UP,13,NATCOPHARM.NS,0.7536,2.7871,2.479,2025-11-25,-0.8618,2025-11-27,4.9331
2025-11-24,UP,14,COROMANDEL.NS,0.7522,2.2708,4.0047,2025-11-25,0.1347,2025-11-27,2.8553
2025-11-24,UP,15,INFY.NS,0.7486,2.0257,2.6798,2025-11-25,-1.124,2025-11-27,1.1886
2025-11-24,UP,16,SAPPHIRE.NS,0.7457,3.589,1.3134,2025-11-25,1.9643,2025-11-27,-0.8643
2025-11-24,UP,17,SUNDRMFAST.NS,0.7411,2.7211,2.7685,2025-11-25,-2.2838,2025-11-27,-3.3168
2025-11-24,UP,18,TECHM.NS,0.7364,1.8781,2.8841,2025-11-25,0.0,2025-11-27,1.0102
2025-11-24,UP,19,VOLTAS.NS,0.7227,3.2751,-1.4048,2025-11-25,0.1255,2025-11-27,3.2039
2025-11-24,UP,20,BRITANNIA.NS,0.7175,2.4897,-0.2573,2025-11-25,0.8856,2025-11-27,0.1891
2025-11-24,DN,1,IDEAFORGE.NS,0.8608,4.0072,-8.2152,2025-11-25,0.5074,2025-11-27,0.5398
2025-11-24,DN,2,BDL.NS,0.8464,3.4341,-7.0777,2025-11-25,-0.9885,2025-11-27,1.8619
2025-11-24,DN,3,TEJASNET.NS,0.8397,3.7146,-7.1017,2025-11-25,-1.5083,2025-11-27,4.0909
2025-11-24,DN,4,GRSE.NS,0.8375,4.0001,-6.1009,2025-11-25,-0.0664,2025-11-27,2.7066
2025-11-24,DN,5,PARAS.NS,0.8333,4.2934,-5.9066,2025-11-25,0.2186,2025-11-27,1.46
2025-11-24,DN,6,DATAPATTNS.NS,0.8272,4.2772,-4.6891,2025-11-25,0.1768,2025-11-27,0.8296
2025-11-24,DN,7,ONMOBILE.NS,0.8203,4.6956,-10.6905,2025-11-25,2.0039,2025-11-27,2.199
2025-11-24,DN,8,BIOCON.NS,0.8163,3.0668,-6.1052,2025-11-25,-0.506,2025-11-27,1.1132
2025-11-24,DN,9,AMBER.NS,0.8081,3.8475,-5.3738,2025-11-25,1.3417,2025-11-27,0.8448
2025-11-24,DN,10,MOIL.NS,0.7787,3.4136,-10.6599,2025-11-25,1.7361,2025-11-27,8.3807
2025-11-24,DN,11,HAL.NS,0.772,2.5367,-7.3011,2025-11-25,-0.0787,2025-11-27,0.8571
2025-11-24,DN,12,MUTHOOTFIN.NS,0.7715,2.524,-3.8851,2025-11-25,1.8537,2025-11-27,4.0422
2025-11-24,DN,13,MIDHANI.NS,0.7641,3.5512,-9.4546,2025-11-25,0.7491,2025-11-27,1.0702
2025-11-24,DN,14,BEML.NS,0.7567,3.5614,-9.2099,2025-11-25,0.9651,2025-11-27,1.0912
2025-11-24,DN,15,ROUTE.NS,0.7567,3.4335,-6.8553,2025-11-25,4.0732,2025-11-27,3.3645
2025-11-24,DN,16,MRPL.NS,0.7522,5.0135,-9.0998,2025-11-25,-0.6174,2025-11-27,-3.9444
2025-11-24,DN,17,PRESTIGE.NS,0.7459,3.1495,-6.953,2025-11-25,1.508,2025-11-27,2.3417
2025-11-24,DN,18,CENTUM.NS,0.7266,4.1193,-6.798,2025-11-25,0.8235,2025-11-27,0.4496
2025-11-24,DN,19,DEEPAKFERT.NS,0.7254,3.345,-5.5005,2025-11-25,0.9603,2025-11-27,1.041
2025-11-24,DN,20,MASTEK.NS,0.7195,2.8657,-3.7494,2025-11-25,-0.8805,2025-11-27,-1.5253
2025-11-25,UP,1,JPPOWER.NS,0.9801,4.7764,11.3946,2025-11-26,-2.1883,2025-11-28,-4.3766
2025-11-25,UP,2,CRAFTSMAN.NS,0.9598,3.4173,4.6817,2025-11-26,1.1394,2025-11-28,0.0499
2025-11-25,UP,3,ERIS.NS,0.9167,2.9854,4.8486,2025-11-26,-2.1488,2025-11-28,-3.432
2025-11-25,UP,4,M&MFIN.NS,0.8846,3.1596,11.598,2025-11-26,-2.9138,2025-11-28,3.1913
2025-11-25,UP,5,NOCIL.NS,0.8282,3.1516,1.3797,2025-11-26,0.7809,2025-11-28,-1.9581
2025-11-25,UP,6,COFORGE.NS,0.8032,2.4068,2.6565,2025-11-26,2.151,2025-11-28,4.2037
2025-11-25,UP,7,GLENMARK.NS,0.8012,2.9987,2.1001,2025-11-26,2.1153,2025-11-28,3.4387
2025-11-25,UP,8,RVNL.NS,0.7875,2.7419,0.5293,2025-11-26,0.2168,2025-11-28,0.3716
2025-11-25,UP,9,EICHERMOT.NS,0.7762,2.0448,5.9285,2025-11-26,-0.2771,2025-11-28,-2.2858
2025-11-25,UP,10,MPHASIS.NS,0.7728,2.4126,5.2172,2025-11-26,0.1073,2025-11-28,0.5076
2025-11-25,UP,11,ENDURANCE.NS,0.7608,3.6867,3.063,2025-11-26,-0.4378,2025-11-28,-1.9145
2025-11-25,UP,12,METROBRAND.NS,0.7532,2.7581,2.4485,2025-11-26,1.7665,2025-11-28,1.3682
2025-11-25,UP,13,FEDERALBNK.NS,0.7507,1.853,4.6951,2025-11-26,0.1484,2025-11-28,0.7539
2025-11-25,UP,14,INFY.NS,0.7343,2.0585,2.9736,2025-11-26,1.7836,2025-11-28,1.9273
2025-11-25,UP,15,ZENSARTECH.NS,0.7301,3.0106,1.7475,2025-11-26,2.674,2025-11-28,4.6778
2025-11-25,UP,16,ABBOTINDIA.NS,0.7199,2.1756,1.8203,2025-11-26,-0.5959,2025-11-28,-0.4304
2025-11-25,UP,17,LTTS.NS,0.7191,2.5322,4.6214,2025-11-26,0.3073,2025-11-28,4.1663
2025-11-25,UP,18,AJANTPHARM.NS,0.7135,2.2876,2.0788,2025-11-26,1.0322,2025-11-28,2.0564
2025-11-25,UP,19,FINPIPE.NS,0.7083,2.7716,0.0162,2025-11-26,-0.3295,2025-11-28,-3.4518
2025-11-25,UP,20,EMAMILTD.NS,0.7032,2.7003,-0.703,2025-11-26,-0.291,2025-11-28,2.8998
2025-11-25,DN,1,DATAPATTNS.NS,0.8863,4.3511,-5.3943,2025-11-26,-0.1561,2025-11-28,0.8281
2025-11-25,DN,2,TEJASNET.NS,0.8382,3.6374,-7.3289,2025-11-26,0.9964,2025-11-28,3.6711
2025-11-25,DN,3,GRSE.NS,0.836,4.188,-5.1617,2025-11-26,1.7601,2025-11-28,3.0663
2025-11-25,DN,4,BIOCON.NS,0.8319,3.0124,-6.7244,2025-11-26,1.3223,2025-11-28,1.2969
2025-11-25,DN,5,BDL.NS,0.8262,3.3243,-6.1481,2025-11-26,1.7232,2025-11-28,3.5011
2025-11-25,DN,6,ONMOBILE.NS,0.8216,4.8753,-7.5984,2025-11-26,0.9214,2025-11-28,-0.0348
2025-11-25,DN,7,FINEORG.NS,0.8132,2.7559,-6.1043,2025-11-26,1.2268,2025-11-28,0.195
2025-11-25,DN,8,HAL.NS,0.7939,2.542,-7.6187,2025-11-26,1.7156,2025-11-28,2.2694
2025-11-25,DN,9,PARAS.NS,0.7828,4.3086,-3.4846,2025-11-26,1.1472,2025-11-28,1.0134
2025-11-25,DN,10,IGL.NS,0.7703,3.1944,-6.5826,2025-11-26,2.2479,2025-11-28,2.3249
2025-11-25,DN,11,RATEGAIN.NS,0.7617,3.3788,-3.6819,2025-11-26,4.9927,2025-11-28,3.2631
2025-11-25,DN,12,STLTECH.NS,0.7505,4.4596,-7.8835,2025-11-26,2.8022,2025-11-28,-0.9372
2025-11-25,DN,13,ASIANPAINT.NS,0.7419,2.3184,-1.0392,2025-11-26,-0.0626,2025-11-28,-0.0487
2025-11-25,DN,14,JINDALPOLY.NS,0.7414,2.7125,-4.8967,2025-11-26,0.8805,2025-11-28,-0.4689
2025-11-25,DN,15,AMBER.NS,0.7316,3.8106,-2.9636,2025-11-26,2.2976,2025-11-28,0.6024
2025-11-25,DN,16,IRCON.NS,0.7167,2.7824,-4.2108,2025-11-26,0.6093,2025-11-28,0.056
2025-11-25,DN,17,MRPL.NS,0.7037,4.694,-7.0632,2025-11-26,-3.1184,2025-11-28,-4.6625
2025-11-25,DN,18,CENTUM.NS,0.7022,4.0496,-4.5162,2025-11-26,0.5626,2025-11-28,-1.4794
2025-11-25,DN,19,IDEA.NS,0.7015,4.2431,-6.4246,2025-11-26,0.2985,2025-11-28,-0.8955
2025-11-25,DN,20,OLECTRA.NS,0.6988,3.6502,-8.13,2025-11-26,1.1426,2025-11-28,-1.4657
2025-11-26,UP,1,NATCOPHARM.NS,0.965,3.1309,11.7148,2025-11-27,-4.8145,2025-12-01,-2.6094
2025-11-26,UP,2,GODREJAGRO.NS,0.9382,3.0109,4.8306,2025-11-27,0.6715,2025-12-01,2.1152
2025-11-26,UP,3,CRAFTSMAN.NS,0.9365,3.4427,4.7886,2025-11-27,-0.7182,2025-12-01,-0.8027
2025-11-26,UP,4,ZENSARTECH.NS,0.8848,2.6976,3.6364,2025-11-27,1.598,2025-12-01,1.4484
2025-11-26,UP,5,METROBRAND.NS,0.8717,2.7357,6.065,2025-11-27,-0.7743,2025-12-01,-0.5276
2025-11-26,UP,6,GLENMARK.NS,0.8232,2.9251,4.3731,2025-11-27,1.1815,2025-12-01,1.0618
2025-11-26,UP,7,SHRIRAMFIN.NS,0.7918,2.2206,4.7124,2025-11-27,1.29,2025-12-01,-0.5895
2025-11-26,UP,8,RATEGAIN.NS,0.7903,3.4234,1.4323,2025-11-27,-1.7097,2025-12-01,-4.6307
2025-11-26,UP,9,M&MFIN.NS,0.7857,3.3116,6.0634,2025-11-27,3.9445,2025-12-01,5.1594
2025-11-26,UP,10,ASHOKLEY.NS,0.7848,2.5733,2.3993,2025-11-27,7.2508,2025-12-01,7.62
2025-11-26,UP,11,MPHASIS.NS,0.7826,2.4167,3.1875,2025-11-27,-0.3107,2025-12-01,1.1463
2025-11-26,UP,12,NOCIL.NS,0.7756,3.047,2.3084,2025-11-27,-2.0569,2025-12-01,-3.2363
2025-11-26,UP,13,EMAMILTD.NS,0.7469,2.5338,0.5772,2025-11-27,2.6748,2025-12-01,2.2663
2025-11-26,UP,14,RBLBANK.NS,0.7449,2.2947,2.5517,2025-11-27,-1.811,2025-12-01,-3.2913
2025-11-26,UP,15,INDUSINDBK.NS,0.7432,2.8178,1.3221,2025-11-27,0.7935,2025-12-01,-0.4173
2025-11-26,UP,16,FINPIPE.NS,0.743,2.6816,0.5888,2025-11-27,-2.0595,2025-12-01,-4.4442
2025-11-26,UP,17,HDFCLIFE.NS,0.7401,1.6979,3.4752,2025-11-27,-1.238,2025-12-01,-2.6411
2025-11-26,UP,18,RVNL.NS,0.7353,2.6664,1.0776,2025-11-27,0.2936,2025-12-01,-0.6026
2025-11-26,UP,19,RADICO.NS,0.7345,3.306,1.9972,2025-11-27,-4.0619,2025-12-01,-2.3376
2025-11-26,UP,20,VBL.NS,0.728,1.9357,2.409,2025-11-27,0.3867,2025-12-01,4.0064
2025-11-26,DN,1,JPPOWER.NS,0.9031,5.0097,-5.1801,2025-11-27,-2.9657,2025-12-01,-2.3413
2025-11-26,DN,2,DATAPATTNS.NS,0.881,4.2819,-3.7117,2025-11-27,0.809,2025-12-01,-0.4317
2025-11-26,DN,3,FINEORG.NS,0.8302,2.8648,-4.1154,2025-11-27,-0.224,2025-12-01,-2.5627
2025-11-26,DN,4,LTTS.NS,0.8181,2.5447,-3.6959,2025-11-27,2.5562,2025-12-01,3.9477
2025-11-26,DN,5,HAL.NS,0.7867,2.4498,-4.7722,2025-11-27,-0.7659,2025-12-01,0.2855
2025-11-26,DN,6,GRSE.NS,0.7745,4.0532,-2.5306,2025-11-27,0.9972,2025-12-01,-0.8267
2025-11-26,DN,7,OLECTRA.NS,0.7734,3.5422,-7.4888,2025-11-27,-1.0129,2025-12-01,-2.5789
2025-11-26,DN,8,BIOCON.NS,0.7713,2.9893,-2.8408,2025-11-27,0.3012,2025-12-01,-0.9913
2025-11-26,DN,9,BDL.NS,0.7691,3.1177,-3.2015,2025-11-27,1.1361,2025-12-01,2.8704
2025-11-26,DN,10,DEEPAKFERT.NS,0.7606,3.1051,-3.9545,2025-11-27,-0.9629,2025-12-01,-2.4574
2025-11-26,DN,11,MASTEK.NS,0.7576,2.7562,-2.8112,2025-11-27,-0.997,2025-12-01,-2.0476
2025-11-26,DN,12,CENTUM.NS,0.7558,3.9755,-5.283,2025-11-27,-0.9282,2025-12-01,-2.822
2025-11-26,DN,13,PRESTIGE.NS,0.7457,3.1504,-2.8824,2025-11-27,0.1019,2025-12-01,-0.5156
2025-11-26,DN,14,IDEA.NS,0.7363,4.2234,-5.7063,2025-11-27,0.2976,2025-12-01,-1.4881
2025-11-26,DN,15,ASIANPAINT.NS,0.7306,2.0571,-0.6808,2025-11-27,0.1775,2025-12-01,-0.2227
2025-11-26,DN,16,BASF.NS,0.7287,2.3646,-4.7865,2025-11-27,-0.6668,2025-12-01,-1.967
2025-11-26,DN,17,HCLTECH.NS,0.7284,2.0097,-2.6886,2025-11-27,0.6861,2025-12-01,1.5452
2025-11-26,DN,18,AMBER.NS,0.7278,3.5978,-1.4708,2025-11-27,-2.7253,2025-12-01,-3.143
2025-11-26,DN,19,BSE.NS,0.7229,3.339,-0.4002,2025-11-27,1.4688,2025-12-01,-0.0035
2025-11-26,DN,20,IGL.NS,0.7164,3.1116,-3.5486,2025-11-27,-0.7579,2025-12-01,-0.1556
2025-11-27,UP,1,MOIL.NS,0.9512,3.4523,3.4031,2025-11-28,-1.398,2025-12-02,-3.4222
2025-11-27,UP,2,ASHOKLEY.NS,0.9476,2.8554,9.2382,2025-11-28,-1.0203,2025-12-02,0.1565
2025-11-27,UP,3,GODREJAGRO.NS,0.9447,2.8806,4.9895,2025-11-28,-0.8588,2025-12-02,-0.4586
2025-11-27,UP,4,GLENMARK.NS,0.8818,2.9229,3.5144,2025-11-28,0.1132,2025-12-02,1.7798
2025-11-27,UP,5,MOTHERSON.NS,0.8738,2.8195,3.6875,2025-11-28,0.155,2025-12-02,2.6953
2025-11-27,UP,6,ZENSARTECH.NS,0.8505,2.6509,3.8146,2025-11-28,0.348,2025-12-02,-1.8004
2025-11-27,UP,7,KPITTECH.NS,0.8393,2.739,1.8636,2025-11-28,0.2871,2025-12-02,2.8386
2025-11-27,UP,8,EMAMILTD.NS,0.8296,2.6356,1.6564,2025-11-28,0.5116,2025-12-02,-1.0989
2025-11-27,UP,9,COFORGE.NS,0.8192,2.3431,3.4722,2025-11-28,-0.0785,2025-12-02,0.1937
2025-11-27,UP,10,INDUSINDBK.NS,0.8192,2.7486,3.382,2025-11-28,0.1283,2025-12-02,-0.8339
2025-11-27,UP,11,COROMANDEL.NS,0.8027,2.1812,4.5178,2025-11-28,0.6507,2025-12-02,-0.9929
2025-11-27,UP,12,NATCOPHARM.NS,0.7968,3.6825,1.5472,2025-11-28,-0.6231,2025-12-02,5.6415
2025-11-27,UP,13,LAURUSLABS.NS,0.7954,2.2763,1.631,2025-11-28,2.806,2025-12-02,1.6946
2025-11-27,UP,14,NATIONALUM.NS,0.7862,2.9128,1.4401,2025-11-28,-0.5166,2025-12-02,1.4618
2025-11-27,UP,15,FINPIPE.NS,0.7859,2.7993,0.4223,2025-11-28,-1.0957,2025-12-02,-3.2594
2025-11-27,UP,16,RVNL.NS,0.7765,2.7092,1.7079,2025-11-28,-0.1387,2025-12-02,-2.049
2025-11-27,UP,17,MPHASIS.NS,0.7684,2.3612,1.8647,2025-11-28,0.7129,2025-12-02,1.6694
2025-11-27,UP,18,M&MFIN.NS,0.7675,3.1732,4.9192,2025-11-28,2.2549,2025-12-02,0.3712
2025-11-27,UP,19,CRAFTSMAN.NS,0.7597,3.4205,4.1359,2025-11-28,-0.3617,2025-12-02,-1.3475
2025-11-27,UP,20,PAGEIND.NS,0.758,2.1476,0.9465,2025-11-28,-1.5669,2025-12-02,-3.4035
2025-11-27,DN,1,JPPOWER.NS,0.9005,5.3734,-13.817,2025-11-28,0.7507,2025-12-02,2.7882
2025-11-27,DN,2,GRSE.NS,0.8839,4.088,-4.6489,2025-11-28,0.2836,2025-12-02,-6.3512
2025-11-27,DN,3,DATAPATTNS.NS,0.8688,4.2603,-4.4772,2025-11-28,0.1753,2025-12-02,-2.3739
2025-11-27,DN,4,IDEAFORGE.NS,0.8684,3.7026,-5.6535,2025-11-28,-0.4832,2025-12-02,-1.1705
2025-11-27,DN,5,WHIRLPOOL.NS,0.8575,3.8078,-10.447,2025-11-28,0.7802,2025-12-02,-5.0667
2025-11-27,DN,6,RADICO.NS,0.8478,3.4403,-6.1698,2025-11-28,1.5157,2025-12-02,1.6265
2025-11-27,DN,7,PARAS.NS,0.828,3.9615,-3.6697,2025-11-28,-0.2225,2025-12-02,-1.8074
2025-11-27,DN,8,FINEORG.NS,0.8107,2.8733,-3.5763,2025-11-28,-0.797,2025-12-02,-1.2416
2025-11-27,DN,9,OLECTRA.NS,0.8005,3.5942,-8.2141,2025-11-28,-1.5821,2025-12-02,-2.6446
2025-11-27,DN,10,BDL.NS,0.7896,2.9844,-3.3719,2025-11-28,0.6049,2025-12-02,1.3825
2025-11-27,DN,11,DEEPAKFERT.NS,0.7888,3.1856,-4.7082,2025-11-28,-0.6965,2025-12-02,-4.1791
2025-11-27,DN,12,MASTEK.NS,0.7743,2.7742,-3.1193,2025-11-28,-0.0361,2025-12-02,-0.569
2025-11-27,DN,13,HAL.NS,0.7738,2.4106,-4.9485,2025-11-28,1.3205,2025-12-02,0.5643
2025-11-27,DN,14,ERIS.NS,0.7654,2.9727,-3.432,2025-11-28,-1.0482,2025-12-02,-2.6422
2025-11-27,DN,15,RAJESHEXPO.NS,0.7587,2.9326,-2.5844,2025-11-28,0.1718,2025-12-02,2.3361
2025-11-27,DN,16,SOLARINDS.NS,0.7459,2.8057,-4.2864,2025-11-28,-0.6066,2025-12-02,-0.3445
2025-11-27,DN,17,COCHINSHIP.NS,0.7444,2.9402,-2.8237,2025-11-28,-0.5907,2025-12-02,-2.1539
2025-11-27,DN,18,DEEPAKNTR.NS,0.7335,2.0349,-8.4903,2025-11-28,-0.0641,2025-12-02,-2.2442
2025-11-27,DN,19,MRPL.NS,0.724,4.6604,-8.0296,2025-11-28,-1.3605,2025-12-02,-0.7863
2025-11-27,DN,20,CENTUM.NS,0.7126,3.705,-4.9535,2025-11-28,-1.1126,2025-12-02,-4.1869
2025-11-28,UP,1,ASHOKLEY.NS,0.9481,2.9557,9.2819,2025-12-01,1.3787,2025-12-03,2.9029
2025-11-28,UP,2,MOTHERSON.NS,0.8918,2.8127,5.929,2025-12-01,0.2063,2025-12-03,0.2235
2025-11-28,UP,3,HINDZINC.NS,0.8742,2.2575,5.8695,2025-12-01,3.0194,2025-12-03,3.9571
2025-11-28,UP,4,LAURUSLABS.NS,0.8565,2.2675,5.4334,2025-12-01,-0.1891,2025-12-03,-1.4399
2025-11-28,UP,5,COFORGE.NS,0.8469,2.2794,6.1864,2025-12-01,-0.3196,2025-12-03,0.1991
2025-11-28,UP,6,VEDL.NS,0.8374,2.0913,5.9629,2025-12-01,1.3878,2025-12-03,1.2928
2025-11-28,UP,7,VBL.NS,0.8333,2.0158,7.5729,2025-12-01,0.5399,2025-12-03,-0.841
2025-11-28,UP,8,M&MFIN.NS,0.8331,3.2194,8.5535,2025-12-01,-1.0623,2025-12-03,-4.3969
2025-11-28,UP,9,GLENMARK.NS,0.8147,2.851,5.5309,2025-12-01,-0.2312,2025-12-03,1.0122
2025-11-28,UP,10,MOIL.NS,0.8133,3.38,3.9294,2025-12-01,-2.3926,2025-12-03,-2.2153
2025-11-28,UP,11,CRAFTSMAN.NS,0.8094,3.2071,4.1593,2025-12-01,0.2776,2025-12-03,0.4128
2025-11-28,UP,12,COROMANDEL.NS,0.7973,2.2288,5.2722,2025-12-01,0.4282,2025-12-03,-2.6867
2025-11-28,UP,13,GRANULES.NS,0.7874,2.759,2.1867,2025-12-01,2.2748,2025-12-03,2.1939
2025-11-28,UP,14,KPITTECH.NS,0.7848,2.4746,4.577,2025-12-01,2.9287,2025-12-03,2.9696
2025-11-28,UP,15,RVNL.NS,0.7797,2.6689,3.2166,2025-12-01,-0.7559,2025-12-03,-3.8414
2025-11-28,UP,16,SRF.NS,0.7705,2.0916,3.132,2025-12-01,-0.1469,2025-12-03,-3.3239
2025-11-28,UP,17,GLAXO.NS,0.7655,2.2987,2.8664,2025-12-01,-2.8838,2025-12-03,-1.9693
2025-11-28,UP,18,ZENSARTECH.NS,0.7594,2.4207,5.6887,2025-12-01,-0.4936,2025-12-03,-1.5007
2025-11-28,UP,19,CHOLAFIN.NS,0.7582,2.1054,4.5972,2025-12-01,-0.6394,2025-12-03,-3.8652
2025-11-28,UP,20,RATEGAIN.NS,0.7514,3.5576,3.8594,2025-12-01,-3.0333,2025-12-03,-3.4063
2025-11-28,DN,1,JPPOWER.NS,0.9002,5.4702,-6.097,2025-12-01,-0.1064,2025-12-03,3.0335
2025-11-28,DN,2,WHIRLPOOL.NS,0.814,3.4279,-9.1672,2025-12-01,-7.6299,2025-12-03,-8.3668
2025-11-28,DN,3,ERIS.NS,0.8121,3.0463,-4.2377,2025-12-01,-0.8713,2025-12-03,-2.1437
2025-11-28,DN,4,FINEORG.NS,0.7959,2.8239,-2.6333,2025-12-01,-1.5593,2025-12-03,0.0837
2025-11-28,DN,5,TATACOMM.NS,0.7899,2.8273,-5.5026,2025-12-01,1.1789,2025-12-03,2.738
2025-11-28,DN,6,RADICO.NS,0.7865,3.4175,-1.9859,2025-12-01,0.2774,2025-12-03,1.6396
2025-11-28,DN,7,MASTEK.NS,0.7827,2.6678,-2.4286,2025-12-01,-1.0254,2025-12-03,-1.7843
2025-11-28,DN,8,DATAPATTNS.NS,0.7664,4.2605,-1.902,2025-12-01,-1.4037,2025-12-03,-2.7703
2025-11-28,DN,9,MARICO.NS,0.7592,2.056,-3.041,2025-12-01,0.2161,2025-12-03,-0.9409
2025-11-28,DN,10,DEEPAKFERT.NS,0.7353,2.9955,-3.5108,2025-12-01,-0.8183,2025-12-03,-4.3034
2025-11-28,DN,11,DEEPAKNTR.NS,0.729,1.9867,-7.8733,2025-12-01,-0.8212,2025-12-03,-2.3033
2025-11-28,DN,12,GAIL.NS,0.7256,2.0578,-3.7707,2025-12-01,-0.3862,2025-12-03,-3.3051
2025-11-28,DN,13,CENTUM.NS,0.7254,3.6183,-4.4266,2025-12-01,-0.8079,2025-12-03,-1.9795
2025-11-28,DN,14,MRPL.NS,0.7205,4.4463,-7.1764,2025-12-01,2.4674,2025-12-03,0.8541
2025-11-28,DN,15,SOLARINDS.NS,0.72,2.7222,-3.5325,2025-12-01,-0.1808,2025-12-03,-3.2926
2025-11-28,DN,16,ENDURANCE.NS,0.7191,3.298,-2.3925,2025-12-01,1.7401,2025-12-03,0.9419
2025-11-28,DN,17,MIDHANI.NS,0.7118,3.1955,-4.9176,2025-12-01,-2.1448,2025-12-03,-4.8372
2025-11-28,DN,18,JYOTHYLAB.NS,0.7027,1.9056,-3.1472,2025-12-01,-1.5164,2025-12-03,-2.7329
2025-11-28,DN,19,BASF.NS,0.7002,2.1452,-5.4263,2025-12-01,-0.9671,2025-12-03,-1.785
2025-11-28,DN,20,SAPPHIRE.NS,0.6925,3.4336,-2.4706,2025-12-01,-0.9087,2025-12-03,2.9916
2025-12-01,UP,1,TEJASNET.NS,0.9638,3.731,6.1054,2025-12-02,1.6454,2025-12-04,-2.1614
2025-12-01,UP,2,ASHOKLEY.NS,0.9383,2.9262,10.8652,2025-12-02,-0.1871,2025-12-04,-0.0561
2025-12-01,UP,3,NATCOPHARM.NS,0.9245,4.004,7.364,2025-12-02,3.2496,2025-12-04,5.0985
2025-12-01,UP,4,HINDZINC.NS,0.9085,2.3507,10.0991,2025-12-02,-0.8403,2025-12-04,-0.6202
2025-12-01,UP,5,GRANULES.NS,0.8995,2.6154,6.7374,2025-12-02,0.2549,2025-12-04,-0.4132
2025-12-01,UP,6,GODREJAGRO.NS,0.8852,2.6743,7.6828,2025-12-02,-1.8659,2025-12-04,-3.4605
2025-12-01,UP,7,MOIL.NS,0.8546,3.4153,4.3087,2025-12-02,0.348,2025-12-04,-0.9532
2025-12-01,UP,8,JSWSTEEL.NS,0.8505,2.1097,5.642,2025-12-02,-0.5478,2025-12-04,-1.5235
2025-12-01,UP,9,VEDL.NS,0.8415,2.0934,7.7047,2025-12-02,0.9563,2025-12-04,-0.6844
2025-12-01,UP,10,KPITTECH.NS,0.8396,2.4826,5.0075,2025-12-02,-0.3735,2025-12-04,0.922
2025-12-01,UP,11,LAURUSLABS.NS,0.8262,2.268,5.0891,2025-12-02,-0.8937,2025-12-04,-1.5446
2025-12-01,UP,12,ADANIGREEN.NS,0.8192,2.8974,2.9919,2025-12-02,-1.6352,2025-12-04,-2.5202
2025-12-01,UP,13,POLICYBZR.NS,0.8056,2.5281,4.6202,2025-12-02,0.1449,2025-12-04,-0.499
2025-12-01,UP,14,NATIONALUM.NS,0.8039,2.2777,5.0745,2025-12-02,0.5118,2025-12-04,2.066
2025-12-01,UP,15,ADANIENSOL.NS,0.7925,2.4729,2.9841,2025-12-02,-2.217,2025-12-04,-2.7425
2025-12-01,UP,16,KALYANKJIL.NS,0.7854,2.4228,4.6552,2025-12-02,-1.1145,2025-12-04,-3.3238
2025-12-01,UP,17,MOTHERSON.NS,0.7837,2.677,6.7112,2025-12-02,2.3252,2025-12-04,0.8666
2025-12-01,UP,18,SUDARSCHEM.NS,0.7808,4.0954,2.2007,2025-12-02,-0.7243,2025-12-04,-1.7128
2025-12-01,UP,19,TVSMOTOR.NS,0.768,1.8235,6.4013,2025-12-02,0.243,2025-12-04,-0.4206
2025-12-01,UP,20,BANKBARODA.NS,0.7655,1.983,4.8421,2025-12-02,0.4568,2025-12-04,-2.4869
2025-12-01,DN,1,JPPOWER.NS,0.8828,5.5027,-3.0475,2025-12-02,2.1311,2025-12-04,1.3319
2025-12-01,DN,2,WHIRLPOOL.NS,0.8478,3.9303,-16.2962,2025-12-02,1.9792,2025-12-04,-1.131
2025-12-01,DN,3,ERIS.NS,0.8437,3.0681,-6.0867,2025-12-02,-0.7461,2025-12-04,-1.3658
2025-12-01,DN,4,SUNDRMFAST.NS,0.8245,2.9163,-2.9623,2025-12-02,-0.7932,2025-12-04,-2.1239
2025-12-01,DN,5,RAJESHEXPO.NS,0.8224,2.9425,-1.9903,2025-12-02,1.567,2025-12-04,0.5756
2025-12-01,DN,6,FINEORG.NS,0.8153,2.8626,-3.0945,2025-12-02,1.1288,2025-12-04,3.4393
2025-12-01,DN,7,PAGEIND.NS,0.7881,2.3775,-3.7442,2025-12-02,0.5347,2025-12-04,0.2673
2025-12-01,DN,8,NOCIL.NS,0.775,3.1115,-2.8932,2025-12-02,-1.1188,2025-12-04,-2.5202
2025-12-01,DN,9,TATACOMM.NS,0.758,2.8002,-2.3501,2025-12-02,0.637,2025-12-04,0.5554
2025-12-01,DN,10,ASIANPAINT.NS,0.7536,2.0507,-0.4029,2025-12-02,3.0269,2025-12-04,3.1246
2025-12-01,DN,11,GAIL.NS,0.7427,2.0519,-3.1366,2025-12-02,-0.2337,2025-12-04,-2.725
2025-12-01,DN,12,JYOTHYLAB.NS,0.7422,2.0425,-3.0194,2025-12-02,-0.0508,2025-12-04,-0.6937
2025-12-01,DN,13,RVNL.NS,0.74,2.727,-0.9851,2025-12-02,-1.1659,2025-12-04,-2.8758
2025-12-01,DN,14,EICHERMOT.NS,0.7328,2.1191,-1.8323,2025-12-02,-0.1824,2025-12-04,-0.3579
2025-12-01,DN,15,APOLLOTYRE.NS,0.7226,2.7487,-2.2342,2025-12-02,0.5616,2025-12-04,2.7598
2025-12-01,DN,16,M&MFIN.NS,0.722,3.6685,2.8947,2025-12-02,-0.7883,2025-12-04,-5.6809
2025-12-01,DN,17,SAPPHIRE.NS,0.7218,3.1703,-3.186,2025-12-02,0.0649,2025-12-04,3.1935
2025-12-01,DN,18,FINPIPE.NS,0.7194,2.6155,-3.5609,2025-12-02,-0.8451,2025-12-04,-3.3067
2025-12-01,DN,19,MARICO.NS,0.7143,2.0591,-2.3099,2025-12-02,-0.2225,2025-12-04,-0.5981
2025-12-01,DN,20,DEEPAKNTR.NS,0.7119,2.0937,-4.8914,2025-12-02,-1.3715,2025-12-04,-0.7763
2025-12-02,UP,1,NATCOPHARM.NS,0.9865,3.9956,11.8165,2025-12-03,0.3056,2025-12-05,0.1126
2025-12-02,UP,2,ASHOKLEY.NS,0.945,2.9196,9.7168,2025-12-03,1.6938,2025-12-05,0.5375
2025-12-02,UP,3,MOTHERSON.NS,0.8966,2.7239,8.2116,2025-12-03,-2.2556,2025-12-05,-1.8531
2025-12-02,UP,4,BDL.NS,0.8822,2.7011,4.3011,2025-12-03,-2.7732,2025-12-05,-0.8392
2025-12-02,UP,5,MAPMYINDIA.NS,0.8659,2.3486,4.4934,2025-12-03,-1.0145,2025-12-05,-3.597
2025-12-02,UP,6,MOIL.NS,0.8644,3.2989,2.8855,2025-12-03,-0.1659,2025-12-05,-1.5531
2025-12-02,UP,7,TEJASNET.NS,0.8519,3.3135,9.5028,2025-12-03,-2.251,2025-12-05,-5.3352
2025-12-02,UP,8,HINDZINC.NS,0.8495,2.3411,7.1444,2025-12-03,1.7654,2025-12-05,0.4943
2025-12-02,UP,9,JSWSTEEL.NS,0.8317,2.1004,4.4964,2025-12-03,-1.5835,2025-12-05,0.0172
2025-12-02,UP,10,NAUKRI.NS,0.8171,2.3804,4.0991,2025-12-03,-0.6779,2025-12-05,0.1514
2025-12-02,UP,11,GLENMARK.NS,0.8099,2.7942,5.1608,2025-12-03,-0.6419,2025-12-05,-0.5256
2025-12-02,UP,12,GRANULES.NS,0.801,2.5599,4.4514,2025-12-03,-0.3332,2025-12-05,-1.6398
2025-12-02,UP,13,VEDL.NS,0.799,2.0597,6.6878,2025-12-03,-1.0401,2025-12-05,-2.5817
2025-12-02,UP,14,CESC.NS,0.7959,2.2604,3.5003,2025-12-03,1.3701,2025-12-05,0.5897
2025-12-02,UP,15,NMDC.NS,0.7877,1.8869,4.663,2025-12-03,-0.0526,2025-12-05,0.4863
2025-12-02,UP,16,IDEA.NS,0.7757,3.7512,0.796,2025-12-03,4.1461,2025-12-05,6.614
2025-12-02,UP,17,LAURUSLABS.NS,0.7695,2.3539,4.3629,2025-12-03,-0.3627,2025-12-05,0.5783
2025-12-02,UP,18,POLICYBZR.NS,0.7651,2.5693,5.6855,2025-12-03,-1.4574,2025-12-05,1.4735
2025-12-02,UP,19,KPITTECH.NS,0.7611,2.3694,6.9539,2025-12-03,0.4148,2025-12-05,1.077
2025-12-02,UP,20,BANKBARODA.NS,0.7524,2.0281,3.3594,2025-12-03,-3.3345,2025-12-05,-1.4483
2025-12-02,DN,1,WHIRLPOOL.NS,0.882,4.0768,-15.5108,2025-12-03,-2.723,2025-12-05,-5.9808
2025-12-02,DN,2,JPPOWER.NS,0.8753,5.6524,-2.4427,2025-12-03,0.9911,2025-12-05,-1.3041
2025-12-02,DN,3,ERIS.NS,0.8599,3.0734,-4.9876,2025-12-03,-0.5415,2025-12-05,-1.1467
2025-12-02,DN,4,RADICO.NS,0.8091,3.3461,-2.2195,2025-12-03,1.5288,2025-12-05,-0.302
2025-12-02,DN,5,METROBRAND.NS,0.7923,2.963,-2.5546,2025-12-03,-2.115,2025-12-05,-3.2702
2025-12-02,DN,6,NOCIL.NS,0.7844,2.9528,-3.5716,2025-12-03,-0.8873,2025-12-05,1.2327
2025-12-02,DN,7,GAIL.NS,0.7488,2.0759,-2.8965,2025-12-03,-2.7029,2025-12-05,-2.8686
2025-12-02,DN,8,M&MFIN.NS,0.7471,3.6888,1.2904,2025-12-03,-2.6027,2025-12-05,0.6986
2025-12-02,DN,9,GRSE.NS,0.7469,4.2749,-3.7526,2025-12-03,-1.8517,2025-12-05,-5.2714
2025-12-02,DN,10,DEEPAKFERT.NS,0.7428,3.0238,-4.1025,2025-12-03,-0.8253,2025-12-05,-2.1277
2025-12-02,DN,11,PAGEIND.NS,0.7385,2.3449,-2.4134,2025-12-03,-0.9706,2025-12-05,-0.3989
2025-12-02,DN,12,FINPIPE.NS,0.7375,2.6313,-5.564,2025-12-03,-1.4644,2025-12-05,-3.2548
2025-12-02,DN,13,SUNDRMFAST.NS,0.7356,3.1369,-1.4821,2025-12-03,-1.6885,2025-12-05,-0.8521
2025-12-02,DN,14,EICHERMOT.NS,0.7253,2.1411,-1.4684,2025-12-03,-0.4359,2025-12-05,1.3427
2025-12-02,DN,15,RVNL.NS,0.7214,2.5929,-1.5485,2025-12-03,-1.966,2025-12-05,-2.2177
2025-12-02,DN,16,SBILIFE.NS,0.7166,1.7775,-2.4372,2025-12-03,-0.4391,2025-12-05,2.1297
2025-12-02,DN,17,SAPPHIRE.NS,0.7144,3.119,-4.9894,2025-12-03,3.8686,2025-12-05,-0.6813
2025-12-02,DN,18,ENDURANCE.NS,0.7075,3.2389,-1.2801,2025-12-03,0.2932,2025-12-05,-0.0639
2025-12-02,DN,19,ATUL.NS,0.7072,2.0934,-3.1483,2025-12-03,-0.1729,2025-12-05,1.4178
2025-12-02,DN,20,CENTUM.NS,0.7062,3.7892,-4.5422,2025-12-03,1.1656,2025-12-05,-3.4837
2025-12-03,UP,1,ONMOBILE.NS,0.9959,4.8294,8.2343,2025-12-04,-7.2099,2025-12-08,-9.279
2025-12-03,UP,2,ROUTE.NS,0.9679,3.0851,6.3817,2025-12-04,1.9452,2025-12-08,-6.8508
2025-12-03,UP,3,RAJESHEXPO.NS,0.8891,3.0576,2.4376,2025-12-04,-1.9587,2025-12-08,-5.897
2025-12-03,UP,4,BIOCON.NS,0.8812,2.4591,2.8987,2025-12-04,-5.2805,2025-12-08,-6.3902
2025-12-03,UP,5,APOLLOTYRE.NS,0.8807,2.7927,2.6369,2025-12-04,-0.8595,2025-12-08,-2.7747
2025-12-03,UP,6,HINDZINC.NS,0.8725,2.1851,7.2621,2025-12-04,-1.5167,2025-12-08,-2.7657
2025-12-03,UP,7,ASHOKLEY.NS,0.8684,2.6392,9.238,2025-12-04,-1.5365,2025-12-08,-2.108
2025-12-03,UP,8,MOTHERSON.NS,0.8403,2.5055,4.2572,2025-12-04,0.8493,2025-12-08,-1.0895
2025-12-03,UP,9,LTTS.NS,0.8365,2.7822,5.5474,2025-12-04,3.8111,2025-12-08,0.5983
2025-12-03,UP,10,POLICYBZR.NS,0.8229,2.5739,2.9097,2025-12-04,0.8265,2025-12-08,4.0672
2025-12-03,UP,11,TATACOMM.NS,0.8169,2.6742,0.7509,2025-12-04,-0.9706,2025-12-08,-2.8473
2025-12-03,UP,12,SAPPHIRE.NS,0.8111,3.1782,0.6444,2025-12-04,-0.7145,2025-12-08,-6.4496
2025-12-03,UP,13,TEJASNET.NS,0.7906,3.219,5.9819,2025-12-04,-1.5287,2025-12-08,-7.4669
2025-12-03,UP,14,KPITTECH.NS,0.7783,2.3443,5.3394,2025-12-04,0.8819,2025-12-08,-3.0349
2025-12-03,UP,15,CESC.NS,0.7664,2.4021,1.1012,2025-12-04,0.2965,2025-12-08,-3.9521
2025-12-03,UP,16,MOIL.NS,0.765,3.1836,0.9915,2025-12-04,-1.1328,2025-12-08,-5.0446
2025-12-03,UP,17,VEDL.NS,0.7647,2.0465,3.1958,2025-12-04,-0.5912,2025-12-08,-4.0447
2025-12-03,UP,18,GLAXO.NS,0.7616,2.2975,1.1891,2025-12-04,-0.3216,2025-12-08,1.0084
2025-12-03,UP,19,BDL.NS,0.7575,2.8836,-0.3092,2025-12-04,3.0344,2025-12-08,-4.0391
2025-12-03,UP,20,AJANTPHARM.NS,0.7442,2.1039,2.8243,2025-12-04,0.8363,2025-12-08,1.9795
2025-12-03,DN,1,WHIRLPOOL.NS,0.8853,4.2607,-18.1947,2025-12-04,-0.3359,2025-12-08,-6.9015
2025-12-03,DN,2,GAIL.NS,0.8292,2.2431,-8.0417,2025-12-04,0.2114,2025-12-08,-2.0321
2025-12-03,DN,3,RATEGAIN.NS,0.8177,3.9355,-4.9976,2025-12-04,-0.2987,2025-12-08,-3.8033
2025-12-03,DN,4,METROBRAND.NS,0.8123,2.9486,-6.2713,2025-12-04,-1.4253,2025-12-08,-0.0908
2025-12-03,DN,5,GRSE.NS,0.7964,4.2691,-7.1688,2025-12-04,-0.3515,2025-12-08,-7.6755
2025-12-03,DN,6,MANAPPURAM.NS,0.763,2.5096,-4.1696,2025-12-04,-0.5439,2025-12-08,-1.4685
2025-12-03,DN,7,SUNDRMFAST.NS,0.744,3.2676,-2.8435,2025-12-04,0.3531,2025-12-08,-1.2627
2025-12-03,DN,8,FINPIPE.NS,0.7437,2.7554,-6.6392,2025-12-04,-1.0333,2025-12-08,-4.1043
2025-12-03,DN,9,RVNL.NS,0.7411,2.6644,-3.6928,2025-12-04,0.2407,2025-12-08,-1.4439
2025-12-03,DN,10,PNBHOUSING.NS,0.7244,2.414,-4.1325,2025-12-04,0.4783,2025-12-08,-0.5581
2025-12-03,DN,11,NATCOPHARM.NS,0.7135,4.0525,0.8626,2025-12-04,1.4806,2025-12-08,-4.025
2025-12-03,DN,12,ERIS.NS,0.7027,2.8435,-3.4269,2025-12-04,-0.0833,2025-12-08,-1.7487
2025-12-03,DN,13,PNB.NS,0.6998,2.1929,-4.1523,2025-12-04,-0.2254,2025-12-08,-3.172
2025-12-03,DN,14,CANBK.NS,0.6991,2.4488,-2.7171,2025-12-04,0.8968,2025-12-08,-2.218
2025-12-03,DN,15,NOCIL.NS,0.6973,2.6513,-5.1678,2025-12-04,-0.5347,2025-12-08,-0.4025
2025-12-03,DN,16,ABBOTINDIA.NS,0.6949,2.3612,-3.7802,2025-12-04,-0.1385,2025-12-08,-0.5711
2025-12-03,DN,17,JYOTHYLAB.NS,0.6906,1.9237,-5.3357,2025-12-04,0.5482,2025-12-08,-3.0666
2025-12-03,DN,18,PARAS.NS,0.6884,3.8446,-2.8528,2025-12-04,0.8308,2025-12-08,-5.0852
2025-12-03,DN,19,DEEPAKFERT.NS,0.6831,2.9896,-5.8849,2025-12-04,0.8322,2025-12-08,-5.8177
2025-12-03,DN,20,RBLBANK.NS,0.6807,2.291,-4.1575,2025-12-04,-1.9224,2025-12-08,-1.4131
2025-12-04,UP,1,LTTS.NS,0.9565,2.9361,6.8389,2025-12-05,-2.9605,2025-12-09,-2.9071
2025-12-04,UP,2,ROUTE.NS,0.9411,2.9696,8.1977,2025-12-05,-5.2159,2025-12-09,-3.6769
2025-12-04,UP,3,ONMOBILE.NS,0.9007,5.5575,1.1626,2025-12-05,-1.3208,2025-12-09,-2.693
2025-12-04,UP,4,NATCOPHARM.NS,0.8925,4.1183,7.5333,2025-12-05,-1.6487,2025-12-09,-5.9468
2025-12-04,UP,5,POLICYBZR.NS,0.8657,2.6179,2.5211,2025-12-05,2.1302,2025-12-09,5.5547
2025-12-04,UP,6,SAPPHIRE.NS,0.865,3.2292,0.7767,2025-12-05,-3.6923,2025-12-09,-6.9364
2025-12-04,UP,7,NAUKRI.NS,0.8507,2.1707,4.2407,2025-12-05,-0.5372,2025-12-09,-1.4253
2025-12-04,UP,8,APOLLOTYRE.NS,0.8377,2.6661,2.2449,2025-12-05,-1.7245,2025-12-09,-1.1308
2025-12-04,UP,9,HINDZINC.NS,0.8367,2.2201,4.6781,2025-12-05,0.2718,2025-12-09,-1.0669
2025-12-04,UP,10,KPITTECH.NS,0.8152,2.3266,4.1759,2025-12-05,-0.2205,2025-12-09,-5.0165
2025-12-04,UP,11,AJANTPHARM.NS,0.8094,2.1242,3.8645,2025-12-05,0.4603,2025-12-09,-0.2815
2025-12-04,UP,12,BDL.NS,0.8041,2.521,1.562,2025-12-05,-1.0144,2025-12-09,-6.5838
2025-12-04,UP,13,IDEA.NS,0.7814,3.5581,5.638,2025-12-05,1.1236,2025-12-09,0.5618
2025-12-04,UP,14,CESC.NS,0.7768,2.3674,2.9443,2025-12-05,-1.0633,2025-12-09,-5.6235
2025-12-04,UP,15,COFORGE.NS,0.7749,2.2582,2.9316,2025-12-05,0.5951,2025-12-09,-4.7147
2025-12-04,UP,16,MPHASIS.NS,0.7686,2.0249,4.1877,2025-12-05,1.5541,2025-12-09,-1.0177
2025-12-04,UP,17,EXIDEIND.NS,0.7659,1.7737,3.2578,2025-12-05,-0.0526,2025-12-09,-1.8273
2025-12-04,UP,18,JPPOWER.NS,0.7623,5.836,1.9839,2025-12-05,-0.5258,2025-12-09,-1.6299
2025-12-04,UP,19,GRANULES.NS,0.7577,2.2668,3.1788,2025-12-05,-0.9799,2025-12-09,-1.0505
2025-12-04,UP,20,VEDL.NS,0.7488,2.1254,2.0324,2025-12-05,-0.9723,2025-12-09,-2.5489
2025-12-04,DN,1,M&MFIN.NS,0.8954,4.2229,-4.5786,2025-12-05,5.9222,2025-12-09,1.8444
2025-12-04,DN,2,METROBRAND.NS,0.849,3.078,-6.8862,2025-12-05,0.2487,2025-12-09,-0.0368
2025-12-04,DN,3,GAIL.NS,0.8261,2.245,-7.1654,2025-12-05,-0.3809,2025-12-09,-1.6058
2025-12-04,DN,4,COROMANDEL.NS,0.7865,2.6336,-2.6704,2025-12-05,-0.1389,2025-12-09,2.8044
2025-12-04,DN,5,JSWENERGY.NS,0.7841,2.6631,-5.7684,2025-12-05,0.4567,2025-12-09,-1.881
2025-12-04,DN,6,CANBK.NS,0.7794,2.4251,-2.8795,2025-12-05,0.8481,2025-12-09,-0.8142
2025-12-04,DN,7,MOIL.NS,0.7785,3.207,-4.6745,2025-12-05,-0.2597,2025-12-09,-2.6734
2025-12-04,DN,8,PNB.NS,0.7667,2.2266,-4.3224,2025-12-05,1.8238,2025-12-09,-1.4222
2025-12-04,DN,9,RATEGAIN.NS,0.7628,3.8324,-3.6338,2025-12-05,-2.8062,2025-12-09,-2.4262
2025-12-04,DN,10,RAILTEL.NS,0.7609,2.5881,-4.466,2025-12-05,1.1649,2025-12-09,-1.997
2025-12-04,DN,11,RVNL.NS,0.7464,2.538,-3.7436,2025-12-05,-0.4962,2025-12-09,0.096
2025-12-04,DN,12,PNBHOUSING.NS,0.7292,2.4005,-3.1346,2025-12-05,2.4483,2025-12-09,0.0397
2025-12-04,DN,13,FINPIPE.NS,0.7263,2.6957,-5.661,2025-12-05,-0.7919,2025-12-09,-2.7687
2025-12-04,DN,14,GRSE.NS,0.7261,3.9655,-8.4084,2025-12-05,-3.1437,2025-12-09,-4.1198
2025-12-04,DN,15,SHRIRAMFIN.NS,0.7006,2.1127,-4.5525,2025-12-05,3.2301,2025-12-09,2.2399
2025-12-04,DN,16,IRCON.NS,0.6986,2.3637,-5.1268,2025-12-05,-1.6672,2025-12-09,-1.6218
2025-12-04,DN,17,MANAPPURAM.NS,0.6961,2.285,-3.9734,2025-12-05,1.9686,2025-12-09,0.3281
2025-12-04,DN,18,SUZLON.NS,0.6935,2.3346,-7.4276,2025-12-05,1.7502,2025-12-09,3.3432
2025-12-04,DN,19,RBLBANK.NS,0.6896,2.4065,-4.2662,2025-12-05,2.4627,2025-12-09,1.8931
2025-12-04,DN,20,WHIRLPOOL.NS,0.6894,4.3283,-7.962,2025-12-05,-3.0232,2025-12-09,-6.9349
2025-12-05,UP,1,IDEA.NS,0.9764,3.6045,8.4337,2025-12-08,-4.7222,2025-12-10,-0.7407
2025-12-05,UP,2,POLICYBZR.NS,0.8409,2.3569,4.1179,2025-12-08,1.0614,2025-12-10,1.5366
2025-12-05,UP,3,LTTS.NS,0.8178,3.2376,2.3872,2025-12-08,-0.1386,2025-12-10,1.025
2025-12-05,UP,4,ROUTE.NS,0.8127,3.4736,2.0621,2025-12-08,-3.6,2025-12-10,-1.3298
2025-12-05,UP,5,NATCOPHARM.NS,0.795,4.1931,6.4235,2025-12-08,-3.84,2025-12-10,-7.0801
2025-12-05,UP,6,DEEPAKNTR.NS,0.7733,2.1606,0.6673,2025-12-08,-1.5551,2025-12-10,-2.5813
2025-12-05,UP,7,HCLTECH.NS,0.7671,1.8581,3.6202,2025-12-08,0.3327,2025-12-10,-1.0101
2025-12-05,UP,8,SUNDRMFAST.NS,0.7668,3.2711,0.8237,2025-12-08,-2.0956,2025-12-10,-0.4881
2025-12-05,UP,9,TATACOMM.NS,0.7594,2.6906,1.2506,2025-12-08,-1.4201,2025-12-10,-2.2798
2025-12-05,UP,10,AJANTPHARM.NS,0.7534,2.1318,3.1162,2025-12-08,0.6703,2025-12-10,0.5226
2025-12-05,UP,11,MARICO.NS,0.7531,1.7415,2.6833,2025-12-08,-0.9978,2025-12-10,-1.6154
2025-12-05,UP,12,APOLLOTYRE.NS,0.7476,2.5978,1.4494,2025-12-08,-0.211,2025-12-10,-0.1342
2025-12-05,UP,13,COFORGE.NS,0.7416,2.2723,3.6255,2025-12-08,-1.3449,2025-12-10,-7.9731
2025-12-05,UP,14,MPHASIS.NS,0.7389,1.8452,5.058,2025-12-08,-1.9231,2025-12-10,-3.2537
2025-12-05,UP,15,NATIONALUM.NS,0.737,2.138,5.0658,2025-12-08,-1.7573,2025-12-10,-3.7159
2025-12-05,UP,16,INFY.NS,0.7327,1.759,3.5959,2025-12-08,-0.3341,2025-12-10,-1.9428
2025-12-05,UP,17,SBILIFE.NS,0.7279,1.9222,2.9349,2025-12-08,-0.1482,2025-12-10,-0.4546
2025-12-05,UP,18,NMDC.NS,0.7219,1.9002,3.4361,2025-12-08,-2.3542,2025-12-10,-2.6811
2025-12-05,UP,19,PRESTIGE.NS,0.7185,2.6843,0.7393,2025-12-08,-4.7168,2025-12-10,-4.2197
2025-12-05,UP,20,EICHERMOT.NS,0.7135,1.9264,2.1904,2025-12-08,-0.9156,2025-12-10,0.2844
2025-12-05,DN,1,METROBRAND.NS,0.8416,3.0048,-7.0135,2025-12-08,1.1024,2025-12-10,9.0308
2025-12-05,DN,2,JSWENERGY.NS,0.8327,2.7701,-5.464,2025-12-08,-1.7534,2025-12-10,-2.3379
2025-12-05,DN,3,M&MFIN.NS,0.8199,4.3736,-1.1564,2025-12-08,-4.394,2025-12-10,-5.5503
2025-12-05,DN,4,WHIRLPOOL.NS,0.8171,4.5279,-11.4355,2025-12-08,-3.6756,2025-12-10,-2.7909
2025-12-05,DN,5,COROMANDEL.NS,0.8168,2.6785,-3.4339,2025-12-08,0.626,2025-12-10,-0.7303
2025-12-05,DN,6,RATEGAIN.NS,0.8132,3.9613,-6.3974,2025-12-08,-0.7293,2025-12-10,-1.0677
2025-12-05,DN,7,HINDUNILVR.NS,0.776,1.9273,-5.1893,2025-12-08,-1.0519,2025-12-10,-1.5779
2025-12-05,DN,8,INTELLECT.NS,0.7714,3.7212,-5.0697,2025-12-08,-3.172,2025-12-10,-3.5413
2025-12-05,DN,9,BEML.NS,0.7697,3.197,-6.4387,2025-12-08,-4.0344,2025-12-10,-2.0406
2025-12-05,DN,10,AMBER.NS,0.7587,3.1445,-8.613,2025-12-08,-1.699,2025-12-10,0.061
2025-12-05,DN,11,CANBK.NS,0.7423,2.3331,-1.9396,2025-12-08,-3.902,2025-12-10,-2.0721
2025-12-05,DN,12,MOIL.NS,0.7337,3.2131,-3.5741,2025-12-08,-3.7065,2025-12-10,-2.1902
2025-12-05,DN,13,GRSE.NS,0.7329,4.1093,-11.5387,2025-12-08,-4.3425,2025-12-10,-3.092
2025-12-05,DN,14,JINDALSTEL.NS,0.7178,2.1993,-3.6002,2025-12-08,-0.9237,2025-12-10,0.2086
2025-12-05,DN,15,DATAPATTNS.NS,0.7103,3.9439,-6.8837,2025-12-08,-6.4671,2025-12-10,-8.0649
2025-12-05,DN,16,FINPIPE.NS,0.7103,2.7798,-5.3712,2025-12-08,-2.3296,2025-12-10,-3.3879
2025-12-05,DN,17,ABBOTINDIA.NS,0.706,2.2062,-3.7573,2025-12-08,-0.7601,2025-12-10,-3.3166
2025-12-05,DN,18,ZYDUSWELL.NS,0.705,2.7801,-4.7973,2025-12-08,0.6345,2025-12-10,3.6359
2025-12-05,DN,19,BSE.NS,0.7021,2.5853,-2.9803,2025-12-08,-0.6073,2025-12-10,-8.3171
2025-12-05,DN,20,SUZLON.NS,0.7012,2.3966,-4.2029,2025-12-08,0.0773,2025-12-10,-0.3865
2025-12-08,UP,1,IDEA.NS,0.9586,3.9914,3.6254,2025-12-09,4.3732,2025-12-11,9.3294
2025-12-08,UP,2,LTTS.NS,0.8364,3.2827,2.1464,2025-12-09,0.1938,2025-12-11,2.7797
2025-12-08,UP,3,AJANTPHARM.NS,0.8337,2.0873,3.7345,2025-12-09,-1.3994,2025-12-11,-0.2596
2025-12-08,UP,4,POLICYBZR.NS,0.8148,2.3079,2.6991,2025-12-09,2.2676,2025-12-11,1.7869
2025-12-08,UP,5,FINEORG.NS,0.7981,2.5838,0.5701,2025-12-09,-0.8641,2025-12-11,1.0561
2025-12-08,UP,6,SBILIFE.NS,0.7732,1.9445,2.4904,2025-12-09,-0.7176,2025-12-11,-0.6829
2025-12-08,UP,7,GLAXO.NS,0.7689,2.4798,1.9596,2025-12-09,0.5856,2025-12-11,3.0578
2025-12-08,UP,8,SYMPHONY.NS,0.7672,1.8312,1.3318,2025-12-09,1.3143,2025-12-11,-0.7624
2025-12-08,UP,9,COFORGE.NS,0.7524,2.4035,2.5597,2025-12-09,-3.9871,2025-12-11,-5.6321
2025-12-08,UP,10,TECHM.NS,0.7428,1.7321,4.0732,2025-12-09,-1.8972,2025-12-11,-1.4826
2025-12-08,UP,11,BPCL.NS,0.7404,2.1396,1.0028,2025-12-09,-0.6992,2025-12-11,-1.748
2025-12-08,UP,12,KEI.NS,0.7349,2.0991,-0.2873,2025-12-09,-0.5421,2025-12-11,-0.9255
2025-12-08,UP,13,VINATIORGA.NS,0.7333,1.7855,0.9447,2025-12-09,0.4806,2025-12-11,0.0126
2025-12-08,UP,14,HCLTECH.NS,0.7273,1.8612,2.7817,2025-12-09,-1.8358,2025-12-11,-0.9594
2025-12-08,UP,15,MARICO.NS,0.7232,1.7703,1.4396,2025-12-09,0.1645,2025-12-11,-0.6307
2025-12-08,UP,16,WIPRO.NS,0.7115,1.5454,4.435,2025-12-09,-1.5189,2025-12-11,-0.8149
2025-12-08,UP,17,APOLLOTYRE.NS,0.7074,2.3988,0.7747,2025-12-09,0.8168,2025-12-11,-1.2011
2025-12-08,UP,18,TATACOMM.NS,0.7045,2.859,-1.3503,2025-12-09,-0.298,2025-12-11,-2.0146
2025-12-08,UP,19,DEEPAKNTR.NS,0.7041,2.2197,-0.0776,2025-12-09,-1.1848,2025-12-11,-0.7704
2025-12-08,UP,20,ONMOBILE.NS,0.6945,5.8296,-0.0175,2025-12-09,-0.4737,2025-12-11,-2.7895
2025-12-08,DN,1,JSWENERGY.NS,0.8323,3.0367,-7.7166,2025-12-09,-0.5839,2025-12-11,0.8703
2025-12-08,DN,2,BEML.NS,0.8301,3.512,-9.7046,2025-12-09,2.5772,2025-12-11,2.2604
2025-12-08,DN,3,PNB.NS,0.8038,2.5998,-7.4222,2025-12-09,1.5776,2025-12-11,1.3534
2025-12-08,DN,4,M&MFIN.NS,0.7924,4.8297,-4.4849,2025-12-09,0.5692,2025-12-11,-3.1588
2025-12-08,DN,5,DEEPAKFERT.NS,0.7885,3.3358,-9.1271,2025-12-09,1.2484,2025-12-11,-0.2837
2025-12-08,DN,6,AMBER.NS,0.7852,3.3544,-8.7876,2025-12-09,3.5886,2025-12-11,1.0929
2025-12-08,DN,7,KALYANKJIL.NS,0.7708,2.7553,-6.2925,2025-12-09,-0.3579,2025-12-11,-1.0525
2025-12-08,DN,8,BDL.NS,0.7675,2.9654,-7.0052,2025-12-09,0.3022,2025-12-11,-0.6816
2025-12-08,DN,9,GRSE.NS,0.7522,4.4128,-13.5795,2025-12-09,3.4862,2025-12-11,1.3031
2025-12-08,DN,10,TEJASNET.NS,0.7481,3.6641,-8.0615,2025-12-09,-0.4977,2025-12-11,-1.3131
2025-12-08,DN,11,INTELLECT.NS,0.7478,3.855,-7.6909,2025-12-09,1.6331,2025-12-11,1.5157
2025-12-08,DN,12,GODREJPROP.NS,0.7447,2.699,-5.7906,2025-12-09,3.4378,2025-12-11,3.0631
2025-12-08,DN,13,CANBK.NS,0.7439,2.6603,-5.0897,2025-12-09,2.3453,2025-12-11,2.7723
2025-12-08,DN,14,BEL.NS,0.7416,2.3227,-7.3936,2025-12-09,0.7893,2025-12-11,0.2847
2025-12-08,DN,15,MAZDOCK.NS,0.7404,2.6585,-7.0541,2025-12-09,0.2174,2025-12-11,-0.6523
2025-12-08,DN,16,JSWSTEEL.NS,0.738,2.6992,-4.2194,2025-12-09,-1.0097,2025-12-11,-1.2242
2025-12-08,DN,17,DATAPATTNS.NS,0.7306,4.4824,-11.6657,2025-12-09,1.3991,2025-12-11,0.6223
2025-12-08,DN,18,HINDUNILVR.NS,0.7268,2.0404,-6.1067,2025-12-09,-0.3241,2025-12-11,-0.363
2025-12-08,DN,19,VEDL.NS,0.711,2.3353,-4.1346,2025-12-09,0.9584,2025-12-11,3.4817
2025-12-08,DN,20,WELCORP.NS,0.711,2.78,-7.4478,2025-12-09,1.1594,2025-12-11,-0.2444
2025-12-09,UP,1,ERIS.NS,0.9653,3.2047,8.3838,2025-12-10,-5.4135,2025-12-12,-7.5883
2025-12-09,UP,2,IDEA.NS,0.9574,4.0902,6.0217,2025-12-10,-0.1862,2025-12-12,8.3799
2025-12-09,UP,3,SHYAMMETL.NS,0.8077,3.0892,0.9708,2025-12-10,-3.3192,2025-12-12,-1.8985
2025-12-09,UP,4,GLAXO.NS,0.8045,2.5309,1.5717,2025-12-10,1.3324,2025-12-12,1.6255
2025-12-09,UP,5,COROMANDEL.NS,0.8043,2.8591,1.0627,2025-12-10,-3.5725,2025-12-12,-1.7525
2025-12-09,UP,6,SYMPHONY.NS,0.8043,2.0197,3.0915,2025-12-10,-1.0277,2025-12-12,-2.3586
2025-12-09,UP,7,POLICYBZR.NS,0.7971,2.3411,4.876,2025-12-10,-1.7575,2025-12-12,-1.6349
2025-12-09,UP,8,BATAINDIA.NS,0.7866,1.977,2.0214,2025-12-10,-1.1888,2025-12-12,-2.4334
2025-12-09,UP,9,APOLLOTYRE.NS,0.7847,2.3698,1.0303,2025-12-10,-0.7339,2025-12-12,-2.7831
2025-12-09,UP,10,RBLBANK.NS,0.7835,2.6448,0.6121,2025-12-10,-0.6906,2025-12-12,1.1509
2025-12-09,UP,11,ROUTE.NS,0.7825,4.0661,3.5019,2025-12-10,-2.9063,2025-12-12,-2.3135
2025-12-09,UP,12,ONMOBILE.NS,0.761,5.9555,1.2313,2025-12-10,-1.8156,2025-12-12,-0.9342
2025-12-09,UP,13,CHOLAFIN.NS,0.7579,2.4644,1.1451,2025-12-10,0.7394,2025-12-12,0.2542
2025-12-09,UP,14,CRAFTSMAN.NS,0.7397,3.1106,1.7398,2025-12-10,-1.4698,2025-12-12,-0.8479
2025-12-09,UP,15,CENTUM.NS,0.7392,3.9455,-2.126,2025-12-10,1.521,2025-12-12,2.7119
2025-12-09,UP,16,ATUL.NS,0.7333,2.2888,1.366,2025-12-10,0.2047,2025-12-12,1.1173
2025-12-09,UP,17,GODREJAGRO.NS,0.722,2.8322,-0.2094,2025-12-10,0.5875,2025-12-12,-0.6883
2025-12-09,UP,18,SBILIFE.NS,0.7134,2.0102,1.2465,2025-12-10,0.4137,2025-12-12,0.982
2025-12-09,UP,19,ZYDUSWELL.NS,0.7053,2.8303,-0.3995,2025-12-10,0.2005,2025-12-12,0.6016
2025-12-09,UP,20,DEEPAKNTR.NS,0.6909,2.2786,0.1115,2025-12-10,0.1441,2025-12-12,0.1507
2025-12-09,DN,1,NATCOPHARM.NS,0.8479,4.6043,-4.2625,2025-12-10,-2.8338,2025-12-12,1.4393
2025-12-09,DN,2,JSWENERGY.NS,0.8232,3.0205,-6.8057,2025-12-10,-0.0111,2025-12-12,6.8706
2025-12-09,DN,3,MAPMYINDIA.NS,0.8108,2.7894,-5.3378,2025-12-10,-0.9987,2025-12-12,0.1888
2025-12-09,DN,4,BDL.NS,0.8019,3.076,-6.4184,2025-12-10,-1.8986,2025-12-12,-1.226
2025-12-09,DN,5,MAZDOCK.NS,0.7983,2.8407,-6.1142,2025-12-10,-2.0088,2025-12-12,-1.2213
2025-12-09,DN,6,JSWSTEEL.NS,0.7873,2.7784,-4.6644,2025-12-10,-0.993,2025-12-12,1.5978
2025-12-09,DN,7,HINDUNILVR.NS,0.7816,2.0024,-6.9134,2025-12-10,-0.2081,2025-12-12,-1.99
2025-12-09,DN,8,PNB.NS,0.7711,2.5091,-5.9992,2025-12-10,-0.5686,2025-12-12,-0.017
2025-12-09,DN,9,JINDALPOLY.NS,0.7679,3.2068,-6.2094,2025-12-10,1.4068,2025-12-12,2.3172
2025-12-09,DN,10,TEJASNET.NS,0.7644,3.8565,-10.0,2025-12-10,-1.7454,2025-12-12,2.0328
2025-12-09,DN,11,M&MFIN.NS,0.7547,4.771,-3.1781,2025-12-10,-1.7685,2025-12-12,-2.0656
2025-12-09,DN,12,KALYANKJIL.NS,0.7483,2.7924,-5.5755,2025-12-10,-2.6724,2025-12-12,1.257
2025-12-09,DN,13,AMBER.NS,0.7438,3.5097,-5.0983,2025-12-10,-1.7359,2025-12-12,-0.8455
2025-12-09,DN,14,VEDL.NS,0.7412,2.4239,-4.1326,2025-12-10,1.5596,2025-12-12,5.3182
2025-12-09,DN,15,CANBK.NS,0.7323,2.7073,-3.8413,2025-12-10,-0.4309,2025-12-12,0.301
2025-12-09,DN,16,BEML.NS,0.7313,3.5782,-6.1015,2025-12-10,-0.4871,2025-12-12,0.4039
2025-12-09,DN,17,SOBHA.NS,0.7304,2.9057,-8.0034,2025-12-10,1.4721,2025-12-12,1.6193
2025-12-09,DN,18,DATAPATTNS.NS,0.7256,4.517,-9.381,2025-12-10,-3.0645,2025-12-12,-1.1206
2025-12-09,DN,19,STLTECH.NS,0.7146,4.3346,-6.2867,2025-12-10,-1.2739,2025-12-12,3.3594
2025-12-09,DN,20,HFCL.NS,0.7093,3.4104,-4.9632,2025-12-10,-1.7408,2025-12-12,-0.9671
2025-12-10,UP,1,METROBRAND.NS,0.9626,3.1646,7.744,2025-12-11,-1.7695,2025-12-15,-4.4237
2025-12-10,UP,2,ERIS.NS,0.9527,3.5062,3.0746,2025-12-11,-1.1559,2025-12-15,-1.4169
2025-12-10,UP,3,NAVINFLUOR.NS,0.8824,2.883,2.0846,2025-12-11,1.563,2025-12-15,3.2605
2025-12-10,UP,4,CHOLAFIN.NS,0.8348,2.4341,4.5,2025-12-11,-1.4106,2025-12-15,-0.5906
2025-12-10,UP,5,GODREJAGRO.NS,0.8333,3.0749,1.3789,2025-12-11,-1.26,2025-12-15,-2.3782
2025-12-10,UP,6,BIKAJI.NS,0.8331,2.1332,4.2491,2025-12-11,-0.6736,2025-12-15,1.8627
2025-12-10,UP,7,MANAPPURAM.NS,0.8273,2.6522,0.7252,2025-12-11,1.9258,2025-12-15,3.0418
2025-12-10,UP,8,ZYDUSWELL.NS,0.8208,2.8945,1.1913,2025-12-11,0.0118,2025-12-15,0.5416
2025-12-10,UP,9,PNBHOUSING.NS,0.808,2.628,0.7118,2025-12-11,1.7924,2025-12-15,4.2689
2025-12-10,UP,10,ADANIENSOL.NS,0.8007,2.323,1.3461,2025-12-11,1.7353,2025-12-15,3.4502
2025-12-10,UP,11,IDEA.NS,0.7942,3.8913,1.6114,2025-12-11,4.944,2025-12-15,5.8769
2025-12-10,UP,12,GLAXO.NS,0.785,2.6064,2.9537,2025-12-11,1.1106,2025-12-15,-0.5861
2025-12-10,UP,13,POLICYBZR.NS,0.7652,2.4654,4.5566,2025-12-11,1.3105,2025-12-15,0.182
2025-12-10,UP,14,HINDZINC.NS,0.7295,2.5386,1.6356,2025-12-11,1.9506,2025-12-15,10.8066
2025-12-10,UP,15,SRF.NS,0.728,2.04,3.5936,2025-12-11,0.4093,2025-12-15,2.3638
2025-12-10,UP,16,EICHERMOT.NS,0.7263,1.8528,2.0758,2025-12-11,0.3804,2025-12-15,-1.4803
2025-12-10,UP,17,CENTUM.NS,0.7225,3.9431,-1.7822,2025-12-11,4.969,2025-12-15,0.514
2025-12-10,UP,18,RATNAMANI.NS,0.7225,1.8359,2.6596,2025-12-11,0.1232,2025-12-15,-1.4904
2025-12-10,UP,19,SHRIRAMFIN.NS,0.7027,2.515,1.1049,2025-12-11,1.1824,2025-12-15,2.1618
2025-12-10,UP,20,SBILIFE.NS,0.6978,2.0168,2.1137,2025-12-11,-0.3773,2025-12-15,1.0127
2025-12-10,DN,1,ONMOBILE.NS,0.8908,6.0259,-11.3481,2025-12-11,-0.5206,2025-12-15,3.8779
2025-12-10,DN,2,TEJASNET.NS,0.8787,4.0496,-9.5345,2025-12-11,0.9424,2025-12-15,1.6464
2025-12-10,DN,3,NATCOPHARM.NS,0.8514,4.5261,-7.2589,2025-12-11,5.7695,2025-12-15,4.3458
2025-12-10,DN,4,MAPMYINDIA.NS,0.8256,2.8979,-5.3226,2025-12-11,-0.123,2025-12-15,2.0052
2025-12-10,DN,5,MAZDOCK.NS,0.7816,2.9156,-6.805,2025-12-11,1.1644,2025-12-15,0.3567
2025-12-10,DN,6,AMBER.NS,0.7635,3.6288,-6.5466,2025-12-11,-0.6853,2025-12-15,3.5788
2025-12-10,DN,7,KEI.NS,0.7606,2.4679,-5.135,2025-12-11,2.7711,2025-12-15,5.5726
2025-12-10,DN,8,JINDALPOLY.NS,0.7585,3.3838,-4.8068,2025-12-11,1.0609,2025-12-15,0.7957
2025-12-10,DN,9,BDL.NS,0.7531,3.1906,-5.5765,2025-12-11,0.9355,2025-12-15,0.1643
2025-12-10,DN,10,HINDUNILVR.NS,0.7527,1.969,-5.9763,2025-12-11,0.1694,2025-12-15,-0.3563
2025-12-10,DN,11,M&MFIN.NS,0.7505,4.6676,-2.3488,2025-12-11,-1.9732,2025-12-15,0.3313
2025-12-10,DN,12,JSWSTEEL.NS,0.7486,2.8661,-4.0923,2025-12-11,0.7841,2025-12-15,1.6411
2025-12-10,DN,13,SAPPHIRE.NS,0.7367,3.3819,-7.7965,2025-12-11,0.0508,2025-12-15,-0.8723
2025-12-10,DN,14,KPITTECH.NS,0.7326,2.6088,-4.7668,2025-12-11,2.8197,2025-12-15,0.7258
2025-12-10,DN,15,ASHOKLEY.NS,0.7282,2.8529,-2.8886,2025-12-11,1.4683,2025-12-15,5.5756
2025-12-10,DN,16,STLTECH.NS,0.7159,4.5161,-6.8437,2025-12-11,1.8002,2025-12-15,1.4048
2025-12-10,DN,17,DATAPATTNS.NS,0.7155,4.4713,-11.9543,2025-12-11,2.371,2025-12-15,2.4851
2025-12-10,DN,18,COFORGE.NS,0.7143,2.7003,-4.8261,2025-12-11,1.1647,2025-12-15,2.736
2025-12-10,DN,19,KALYANKJIL.NS,0.7053,2.9086,-5.9796,2025-12-11,2.0295,2025-12-15,4.211
2025-12-10,DN,20,HFCL.NS,0.6812,3.5963,-4.0116,2025-12-11,1.2114,2025-12-15,-0.0606
2025-12-11,UP,1,CENTUM.NS,0.9833,4.2333,5.3718,2025-12-12,-3.6163,2025-12-16,-5.0477
2025-12-11,UP,2,METROBRAND.NS,0.9813,3.5984,7.3678,2025-12-12,-0.0515,2025-12-16,-3.3453
2025-12-11,UP,3,IRCON.NS,0.918,2.9303,2.3419,2025-12-12,-0.3803,2025-12-16,-2.8398
2025-12-11,UP,4,NAVINFLUOR.NS,0.9074,2.9521,4.8222,2025-12-12,1.3156,2025-12-16,-0.2151
2025-12-11,UP,5,RBLBANK.NS,0.8882,2.6889,4.2721,2025-12-12,-1.1568,2025-12-16,-3.374
2025-12-11,UP,6,RAILTEL.NS,0.8626,3.3462,0.5295,2025-12-12,-0.918,2025-12-16,-0.1806
2025-12-11,UP,7,SUZLON.NS,0.8579,2.6381,2.3402,2025-12-12,1.8832,2025-12-16,1.2106
2025-12-11,UP,8,PNBHOUSING.NS,0.8537,2.6039,2.0289,2025-12-12,4.1049,2025-12-16,1.472
2025-12-11,UP,9,GLAXO.NS,0.8534,2.6584,4.4329,2025-12-12,-0.8123,2025-12-16,-1.3958
2025-12-11,UP,10,HINDZINC.NS,0.8463,2.544,5.2139,2025-12-12,7.462,2025-12-16,8.6195
2025-12-11,UP,11,MANAPPURAM.NS,0.8426,2.6374,3.2264,2025-12-12,1.5716,2025-12-16,0.1236
2025-12-11,UP,12,CHOLAFIN.NS,0.8406,2.3825,2.6079,2025-12-12,0.9422,2025-12-16,-0.2326
2025-12-11,UP,13,ADANIENSOL.NS,0.8143,2.297,2.8713,2025-12-12,1.1705,2025-12-16,-0.5302
2025-12-11,UP,14,ADANIGREEN.NS,0.7975,2.7841,0.5329,2025-12-12,2.1005,2025-12-16,0.9227
2025-12-11,UP,15,ZYDUSWELL.NS,0.7756,2.7756,2.0788,2025-12-12,0.3885,2025-12-16,0.0824
2025-12-11,UP,16,SHRIRAMFIN.NS,0.7707,2.4308,2.2943,2025-12-12,0.1003,2025-12-16,0.1476
2025-12-11,UP,17,ERIS.NS,0.7559,3.5135,1.9681,2025-12-12,-1.1568,2025-12-16,-2.125
2025-12-11,UP,18,RAJESHEXPO.NS,0.7539,2.9658,1.9767,2025-12-12,-0.0935,2025-12-16,1.6993
2025-12-11,UP,19,MOTHERSON.NS,0.753,2.3366,1.9054,2025-12-12,1.2521,2025-12-16,-0.192
2025-12-11,UP,20,SUDARSCHEM.NS,0.7342,3.1029,-0.0996,2025-12-12,-0.6679,2025-12-16,-4.1467
2025-12-11,DN,1,TEJASNET.NS,0.8741,3.9834,-7.2644,2025-12-12,2.8758,2025-12-16,0.4722
2025-12-11,DN,2,NATCOPHARM.NS,0.8423,4.6829,-3.3395,2025-12-12,-1.2969,2025-12-16,0.425
2025-12-11,DN,3,HFCL.NS,0.8116,3.5618,-5.1511,2025-12-12,-0.4189,2025-12-16,-2.1095
2025-12-11,DN,4,MAPMYINDIA.NS,0.77,2.8491,-3.2934,2025-12-12,1.3241,2025-12-16,1.1578
2025-12-11,DN,5,HINDUNILVR.NS,0.7658,1.9372,-6.3602,2025-12-12,-1.9518,2025-12-16,-1.0626
2025-12-11,DN,6,BDL.NS,0.7579,3.0474,-7.5,2025-12-12,-0.2476,2025-12-16,-4.0894
2025-12-11,DN,7,MAZDOCK.NS,0.7542,2.7639,-6.5766,2025-12-12,-0.3566,2025-12-16,-2.4113
2025-12-11,DN,8,DEEPAKFERT.NS,0.7525,3.5026,-6.86,2025-12-12,0.504,2025-12-16,-0.7073
2025-12-11,DN,9,JSWSTEEL.NS,0.7367,2.7075,-3.9284,2025-12-12,1.8183,2025-12-16,-2.0626
2025-12-11,DN,10,SOBHA.NS,0.7342,3.0375,-8.5906,2025-12-12,3.0497,2025-12-16,4.3577
2025-12-11,DN,11,NCC.NS,0.7276,2.7078,-5.0389,2025-12-12,-0.174,2025-12-16,-1.92
2025-12-11,DN,12,KALYANKJIL.NS,0.7232,2.9207,-4.091,2025-12-12,1.9679,2025-12-16,1.9253
2025-12-11,DN,13,IGL.NS,0.7165,2.9424,-4.9197,2025-12-12,1.3737,2025-12-16,-0.4126
2025-12-11,DN,14,COFORGE.NS,0.714,2.611,-6.3473,2025-12-12,0.5213,2025-12-16,1.3794
2025-12-11,DN,15,DATAPATTNS.NS,0.7118,4.2629,-10.1281,2025-12-12,-0.3572,2025-12-16,-0.8565
2025-12-11,DN,16,HAL.NS,0.7116,2.2016,-3.9139,2025-12-12,-0.4235,2025-12-16,-1.3747
2025-12-11,DN,17,PERSISTENT.NS,0.7037,2.4069,-3.8438,2025-12-12,2.1357,2025-12-16,0.951
2025-12-11,DN,18,SAPPHIRE.NS,0.7002,3.2575,-7.0858,2025-12-12,0.7491,2025-12-16,-2.827
2025-12-11,DN,19,VGUARD.NS,0.6988,2.8563,-2.4112,2025-12-12,0.1971,2025-12-16,-1.0156
2025-12-11,DN,20,SJVN.NS,0.6936,2.9432,-4.3778,2025-12-12,0.3052,2025-12-16,0.6382
2025-12-12,UP,1,HINDZINC.NS,0.9542,2.8468,12.7585,2025-12-15,1.1395,2025-12-17,2.9645
2025-12-12,UP,2,CENTUM.NS,0.9498,4.3822,4.1567,2025-12-15,-0.6514,2025-12-17,-3.8953
2025-12-12,UP,3,JSWENERGY.NS,0.9371,3.0367,4.3836,2025-12-15,0.8814,2025-12-17,-1.4413
2025-12-12,UP,4,NAVINFLUOR.NS,0.9309,2.8752,6.0724,2025-12-15,0.3512,2025-12-17,-3.43
2025-12-12,UP,5,METROBRAND.NS,0.898,3.4752,7.0464,2025-12-15,-2.6519,2025-12-17,-5.2523
2025-12-12,UP,6,PNBHOUSING.NS,0.8953,2.7307,3.6787,2025-12-15,-1.606,2025-12-17,-4.5086
2025-12-12,UP,7,VEDL.NS,0.8522,2.3856,3.6416,2025-12-15,1.067,2025-12-17,4.8197
2025-12-12,UP,8,STLTECH.NS,0.8498,3.8267,1.6673,2025-12-15,-3.1408,2025-12-17,-4.2839
2025-12-12,UP,9,GLAXO.NS,0.846,2.6316,2.1684,2025-12-15,-0.8728,2025-12-17,-0.6998
2025-12-12,UP,10,RAJESHEXPO.NS,0.8443,2.7435,4.1159,2025-12-15,1.7945,2025-12-17,1.7841
2025-12-12,UP,11,ADANIGREEN.NS,0.8438,2.6698,2.2109,2025-12-15,0.7114,2025-12-17,-1.8746
2025-12-12,UP,12,IRCON.NS,0.8436,2.8938,3.6812,2025-12-15,-0.1527,2025-12-17,-3.6205
2025-12-12,UP,13,MOIL.NS,0.8379,3.2835,0.6892,2025-12-15,2.0231,2025-12-17,-2.2817
2025-12-12,UP,14,ADANIENSOL.NS,0.8317,2.2792,3.3151,2025-12-15,0.5092,2025-12-17,-3.3373
2025-12-12,UP,15,MANAPPURAM.NS,0.8317,2.5867,2.8245,2025-12-15,-0.4694,2025-12-17,-0.4694
2025-12-12,UP,16,SRF.NS,0.8262,2.1006,4.7896,2025-12-15,-0.7475,2025-12-17,0.3208
2025-12-12,UP,17,GRANULES.NS,0.8181,2.6545,2.4338,2025-12-15,-0.5048,2025-12-17,0.9051
2025-12-12,UP,18,SUZLON.NS,0.8134,2.5785,2.4739,2025-12-15,0.2263,2025-12-17,-2.037
2025-12-12,UP,19,ZYDUSWELL.NS,0.8002,2.5705,4.0508,2025-12-15,0.1407,2025-12-17,0.0938
2025-12-12,UP,20,SUDARSCHEM.NS,0.7849,3.0966,0.3828,2025-12-15,-1.1139,2025-12-17,-3.8234
2025-12-12,DN,1,NATCOPHARM.NS,0.8524,4.7117,-2.9938,2025-12-15,-0.0497,2025-12-17,1.8385
2025-12-12,DN,2,M&MFIN.NS,0.8087,4.5517,-5.8359,2025-12-15,0.6357,2025-12-17,1.618
2025-12-12,DN,3,TEJASNET.NS,0.8,4.0136,-2.995,2025-12-15,-2.1175,2025-12-17,-5.6118
2025-12-12,DN,4,BDL.NS,0.7851,3.0164,-6.7835,2025-12-15,-0.5178,2025-12-17,-6.0714
2025-12-12,DN,5,HFCL.NS,0.7844,3.5875,-3.5782,2025-12-15,-0.8413,2025-12-17,-3.0499
2025-12-12,DN,6,MAZDOCK.NS,0.7757,2.7517,-6.0238,2025-12-15,-0.4433,2025-12-17,-4.1526
2025-12-12,DN,7,ASIANPAINT.NS,0.7691,1.9203,-6.8621,2025-12-15,0.557,2025-12-17,0.7559
2025-12-12,DN,8,HEROMOTOCO.NS,0.7586,2.1063,-6.1491,2025-12-15,-0.0084,2025-12-17,-2.3993
2025-12-12,DN,9,COFORGE.NS,0.756,2.5643,-6.4159,2025-12-15,1.0265,2025-12-17,-0.3404
2025-12-12,DN,10,NCC.NS,0.749,2.6342,-4.46,2025-12-15,0.6473,2025-12-17,-3.3238
2025-12-12,DN,11,PERSISTENT.NS,0.7382,2.3825,-2.8219,2025-12-15,-0.6155,2025-12-17,-0.8522
2025-12-12,DN,12,JSWSTEEL.NS,0.7257,2.5493,-3.1578,2025-12-15,-0.9507,2025-12-17,-4.1048
2025-12-12,DN,13,SOBHA.NS,0.7238,2.9299,-5.7355,2025-12-15,-1.0969,2025-12-17,-0.3656
2025-12-12,DN,14,BANKBARODA.NS,0.7089,2.4446,-2.7854,2025-12-15,0.2285,2025-12-17,1.1074
2025-12-12,DN,15,NOCIL.NS,0.7052,2.7703,-6.5412,2025-12-15,-1.6365,2025-12-17,-3.7387
2025-12-12,DN,16,CRAFTSMAN.NS,0.701,3.1265,-1.2179,2025-12-15,1.0619,2025-12-17,-0.0214
2025-12-12,DN,17,OFSS.NS,0.6973,2.4861,-2.7862,2025-12-15,-0.2816,2025-12-17,-3.4731
2025-12-12,DN,18,YESBANK.NS,0.6856,2.3723,-3.0088,2025-12-15,-0.7299,2025-12-17,-1.6423
2025-12-12,DN,19,KEI.NS,0.683,2.4264,-2.3154,2025-12-15,2.4784,2025-12-17,0.9712
2025-12-12,DN,20,JINDALPOLY.NS,0.6698,3.2049,-2.9533,2025-12-15,-0.1011,2025-12-17,-2.3658
2025-12-15,UP,1,BEML.NS,0.9597,3.2669,6.0379,2025-12-16,-1.9248,2025-12-18,-4.2232
2025-12-15,UP,2,HINDZINC.NS,0.9582,2.899,15.8222,2025-12-16,-0.0616,2025-12-18,4.2426
2025-12-15,UP,3,MOIL.NS,0.9507,3.1854,6.6805,2025-12-16,-2.818,2025-12-18,-4.6071
2025-12-15,UP,4,AMBER.NS,0.947,3.4331,5.4333,2025-12-16,-0.3235,2025-12-18,-3.1758
2025-12-15,UP,5,RAILTEL.NS,0.928,3.2907,5.9621,2025-12-16,-1.2653,2025-12-18,-2.9324
2025-12-15,UP,6,PNBHOUSING.NS,0.9171,2.9685,5.6004,2025-12-16,-0.9381,2025-12-18,-2.809
2025-12-15,UP,7,JSWENERGY.NS,0.9121,3.0322,7.183,2025-12-16,-1.6343,2025-12-18,-2.9705
2025-12-15,UP,8,RAJESHEXPO.NS,0.9072,2.6798,8.0499,2025-12-16,0.0,2025-12-18,-3.4543
2025-12-15,UP,9,VEDL.NS,0.8745,2.3701,7.4621,2025-12-16,3.6585,2025-12-18,5.415
2025-12-15,UP,10,OLECTRA.NS,0.8708,3.1672,4.5233,2025-12-16,-1.8605,2025-12-18,-7.0568
2025-12-15,UP,11,CENTUM.NS,0.8671,4.4678,5.5356,2025-12-16,-0.8392,2025-12-18,-5.1928
2025-12-15,UP,12,ADANIGREEN.NS,0.852,2.6339,5.4136,2025-12-16,-1.8519,2025-12-18,-3.4937
2025-12-15,UP,13,NAVINFLUOR.NS,0.848,2.9099,10.444,2025-12-16,-1.8555,2025-12-18,-5.4769
2025-12-15,UP,14,MIDHANI.NS,0.8361,3.1857,2.727,2025-12-16,-1.5334,2025-12-18,-3.7428
2025-12-15,UP,15,IDFCFIRSTB.NS,0.8262,2.1632,6.0035,2025-12-16,-0.4889,2025-12-18,-0.0954
2025-12-15,UP,16,GODREJPROP.NS,0.8223,2.5866,4.6934,2025-12-16,-2.1375,2025-12-18,-3.2885
2025-12-15,UP,17,IRCON.NS,0.8119,2.8586,6.8573,2025-12-16,-2.3197,2025-12-18,-4.4035
2025-12-15,UP,18,ASHOKLEY.NS,0.8082,2.8615,4.7338,2025-12-16,0.5575,2025-12-18,2.8474
2025-12-15,UP,19,ADANIENSOL.NS,0.7941,2.2761,5.8251,2025-12-16,-2.1792,2025-12-18,-3.95
2025-12-15,UP,20,TIINDIA.NS,0.7891,2.8278,3.1518,2025-12-16,-0.9556,2025-12-18,-2.5607
2025-12-15,DN,1,BSE.NS,0.8196,3.5114,-5.3559,2025-12-16,-1.6233,2025-12-18,1.2836
2025-12-15,DN,2,HEROMOTOCO.NS,0.7924,2.0849,-3.3647,2025-12-16,-0.2181,2025-12-18,-3.5406
2025-12-15,DN,3,ASIANPAINT.NS,0.7675,1.9194,-5.0575,2025-12-16,0.3849,2025-12-18,-0.7374
2025-12-15,DN,4,VGUARD.NS,0.7522,2.611,-1.9045,2025-12-16,-0.9556,2025-12-18,-0.4399
2025-12-15,DN,5,COFORGE.NS,0.745,2.5321,-4.1665,2025-12-16,-0.1711,2025-12-18,-0.8128
2025-12-15,DN,6,BAJFINANCE.NS,0.6953,2.0511,-1.3348,2025-12-16,-1.4121,2025-12-18,-1.2244
2025-12-15,DN,7,ICICIBANK.NS,0.6919,1.183,-1.7559,2025-12-16,0.0586,2025-12-18,-0.6153
2025-12-15,DN,8,PERSISTENT.NS,0.6861,2.3745,-0.7799,2025-12-16,-0.5478,2025-12-18,0.3335
2025-12-15,DN,9,NATCOPHARM.NS,0.6843,4.7057,0.8299,2025-12-16,1.7952,2025-12-18,1.0661
2025-12-15,DN,10,NAUKRI.NS,0.6804,2.3738,-0.7653,2025-12-16,-1.0796,2025-12-18,-2.0491
2025-12-15,DN,11,AJANTPHARM.NS,0.679,2.0906,-0.6094,2025-12-16,-1.7373,2025-12-18,-1.5821
2025-12-15,DN,12,TCS.NS,0.6772,1.495,-0.1947,2025-12-16,-0.777,2025-12-18,1.5665
2025-12-15,DN,13,SYMPHONY.NS,0.6723,1.9717,-1.0014,2025-12-16,-0.6322,2025-12-18,-2.7874
2025-12-15,DN,14,PETRONET.NS,0.6715,1.7302,-0.8309,2025-12-16,-1.4336,2025-12-18,0.0931
2025-12-15,DN,15,M&M.NS,0.6686,1.7534,-2.0018,2025-12-16,0.3603,2025-12-18,-0.5931
2025-12-15,DN,16,NOCIL.NS,0.6668,2.6527,-5.7248,2025-12-16,-0.5887,2025-12-18,-0.8126
2025-12-15,DN,17,SOBHA.NS,0.6604,2.9041,-2.5622,2025-12-16,2.3924,2025-12-18,0.3557
2025-12-15,DN,18,BHARTIARTL.NS,0.6547,1.5817,-0.7909,2025-12-16,1.5606,2025-12-18,1.0775
2025-12-15,DN,19,POLICYBZR.NS,0.6489,2.5254,0.6531,2025-12-16,-5.4973,2025-12-18,-4.7757
2025-12-15,DN,20,HFCL.NS,0.6478,3.6775,-0.737,2025-12-16,-0.8636,2025-12-18,-2.0909
2025-12-16,UP,1,HINDZINC.NS,0.9283,3.0078,15.5153,2025-12-17,1.8672,2025-12-19,3.7079
2025-12-16,UP,2,VEDL.NS,0.908,2.479,10.3361,2025-12-17,0.0527,2025-12-19,2.1247
2025-12-16,UP,3,SOBHA.NS,0.8795,2.9909,2.9092,2025-12-17,-1.6144,2025-12-19,-0.1975
2025-12-16,UP,4,BIKAJI.NS,0.8582,2.3814,5.9574,2025-12-17,-0.6225,2025-12-19,0.2945
2025-12-16,UP,5,ASHOKLEY.NS,0.8522,2.7588,5.1197,2025-12-17,-0.9598,2025-12-19,3.4635
2025-12-16,UP,6,ONMOBILE.NS,0.8418,5.6836,6.5574,2025-12-17,1.6212,2025-12-19,-0.2151
2025-12-16,UP,7,RAJESHEXPO.NS,0.8367,2.7071,3.8637,2025-12-17,-0.0102,2025-12-19,4.4251
2025-12-16,UP,8,IDEA.NS,0.8295,4.3111,4.7486,2025-12-17,-1.0667,2025-12-19,6.3111
2025-12-16,UP,9,RAILTEL.NS,0.822,3.2801,2.3927,2025-12-17,-0.8292,2025-12-19,0.4975
2025-12-16,UP,10,METROBRAND.NS,0.8208,3.7007,3.8143,2025-12-17,-2.0234,2025-12-19,1.8104
2025-12-16,UP,11,BEML.NS,0.7993,3.38,1.3839,2025-12-17,-1.2947,2025-12-19,0.8495
2025-12-16,UP,12,NAVINFLUOR.NS,0.7957,3.0171,5.6597,2025-12-17,-1.9486,2025-12-19,-3.068
2025-12-16,UP,13,JSWENERGY.NS,0.7886,3.0602,6.0505,2025-12-17,-0.6792,2025-12-19,-0.0522
2025-12-16,UP,14,GODREJCP.NS,0.7845,1.9446,4.7484,2025-12-17,-0.2283,2025-12-19,0.3214
2025-12-16,UP,15,PNBHOUSING.NS,0.7836,2.818,3.4897,2025-12-17,-2.0309,2025-12-19,1.5765
2025-12-16,UP,16,TATASTEEL.NS,0.7826,1.9011,5.7011,2025-12-17,0.3003,2025-12-19,-0.6713
2025-12-16,UP,17,NATIONALUM.NS,0.7768,2.5086,4.2161,2025-12-17,0.9391,2025-12-19,0.596
2025-12-16,UP,18,WHIRLPOOL.NS,0.772,4.4738,3.6765,2025-12-17,-2.1912,2025-12-19,-1.9583
2025-12-16,UP,19,MOIL.NS,0.7717,3.3007,2.3073,2025-12-17,-1.4422,2025-12-19,-0.9205
2025-12-16,UP,20,IDFCFIRSTB.NS,0.7688,2.1362,3.1516,2025-12-17,0.5871,2025-12-19,1.4618
2025-12-16,DN,1,POLICYBZR.NS,0.8181,2.9807,-6.9892,2025-12-17,-3.0486,2025-12-19,3.7572
2025-12-16,DN,2,COROMANDEL.NS,0.79,3.0046,-2.2719,2025-12-17,-2.2901,2025-12-19,1.9099
2025-12-16,DN,3,BATAINDIA.NS,0.7896,2.1205,-3.5867,2025-12-17,-1.0117,2025-12-19,0.1844
2025-12-16,DN,4,VGUARD.NS,0.7606,2.6657,-3.2162,2025-12-17,1.072,2025-12-19,1.3629
2025-12-16,DN,5,BSE.NS,0.7575,3.5691,-4.0467,2025-12-17,0.944,2025-12-19,3.0277
2025-12-16,DN,6,LAURUSLABS.NS,0.7384,2.4836,-1.9679,2025-12-17,0.8689,2025-12-19,4.3843
2025-12-16,DN,7,ATUL.NS,0.7333,2.3657,-1.7569,2025-12-17,2.0227,2025-12-19,4.2972
2025-12-16,DN,8,GRSE.NS,0.7329,4.3909,-6.3737,2025-12-17,-2.406,2025-12-19,0.31
2025-12-16,DN,9,AXISBANK.NS,0.7263,1.743,-4.4126,2025-12-17,0.4182,2025-12-19,0.9019
2025-12-16,DN,10,BDL.NS,0.7222,3.1878,-5.0301,2025-12-17,-2.3089,2025-12-19,1.2909
2025-12-16,DN,11,HFCL.NS,0.7198,3.7139,-2.6484,2025-12-17,-1.3755,2025-12-19,-2.0021
2025-12-16,DN,12,ERIS.NS,0.7147,3.2604,-8.4935,2025-12-17,0.5075,2025-12-19,0.9507
2025-12-16,DN,13,OFSS.NS,0.713,2.4945,-2.8963,2025-12-17,-1.4818,2025-12-19,-0.0639
2025-12-16,DN,14,GODREJAGRO.NS,0.7128,2.7874,-2.7363,2025-12-17,-1.0701,2025-12-19,-1.4757
2025-12-16,DN,15,M&MFIN.NS,0.692,4.3357,-3.339,2025-12-17,2.9567,2025-12-19,10.2459
2025-12-16,DN,16,SYMPHONY.NS,0.6915,1.9363,-2.9034,2025-12-17,-0.4916,2025-12-19,-2.834
2025-12-16,DN,17,ROUTE.NS,0.6812,3.9522,0.5711,2025-12-17,-2.1638,2025-12-19,3.5008
2025-12-16,DN,18,RBLBANK.NS,0.6754,2.7234,-1.1181,2025-12-17,-1.2471,2025-12-19,-0.1497
2025-12-16,DN,19,MASTEK.NS,0.6676,2.836,-0.5657,2025-12-17,-0.7479,2025-12-19,-1.1976
2025-12-16,DN,20,YESBANK.NS,0.6628,2.3223,-2.3615,2025-12-17,0.2791,2025-12-19,0.9302
2025-12-17,UP,1,HINDZINC.NS,0.9635,3.099,12.806,2025-12-18,2.395,2025-12-22,4.8764
2025-12-17,UP,2,VEDL.NS,0.9214,2.5642,8.699,2025-12-18,1.6409,2025-12-22,2.7817
2025-12-17,UP,3,RAILTEL.NS,0.9081,3.4466,3.152,2025-12-18,-0.8665,2025-12-22,3.8614
2025-12-17,UP,4,IGL.NS,0.9062,2.6423,4.3248,2025-12-18,1.707,2025-12-22,1.6084
2025-12-17,UP,5,GRANULES.NS,0.8778,2.5241,4.4787,2025-12-18,0.3709,2025-12-22,3.6312
2025-12-17,UP,6,KALYANKJIL.NS,0.8741,2.7971,3.0714,2025-12-18,-0.8424,2025-12-22,2.2007
2025-12-17,UP,7,IDEA.NS,0.8739,4.4089,3.8246,2025-12-18,1.5274,2025-12-22,6.469
2025-12-17,UP,8,KEI.NS,0.8702,2.4584,4.0199,2025-12-18,-0.4822,2025-12-22,8.1576
2025-12-17,UP,9,BSE.NS,0.8559,3.5585,1.8902,2025-12-18,1.992,2025-12-22,5.5123
2025-12-17,UP,10,NATIONALUM.NS,0.8446,2.4167,6.2548,2025-12-18,-0.0716,2025-12-22,3.8826
2025-12-17,UP,11,ONMOBILE.NS,0.803,5.7359,10.2873,2025-12-18,-3.679,2025-12-22,-3.9069
2025-12-17,UP,12,UNIONBANK.NS,0.7985,2.5386,3.3635,2025-12-18,0.7253,2025-12-22,-0.1568
2025-12-17,UP,13,CANBK.NS,0.7946,2.5041,3.1946,2025-12-18,-0.253,2025-12-22,0.0599
2025-12-17,UP,14,SHRIRAMFIN.NS,0.7931,2.4833,3.2189,2025-12-18,0.6075,2025-12-22,8.1752
2025-12-17,UP,15,BPCL.NS,0.7828,2.1767,3.7167,2025-12-18,-1.3574,2025-12-22,0.4208
2025-12-17,UP,16,JSWENERGY.NS,0.7823,3.0811,5.3419,2025-12-18,-0.6839,2025-12-22,0.7785
2025-12-17,UP,17,RAJESHEXPO.NS,0.7823,2.6669,2.865,2025-12-18,-3.4444,2025-12-22,17.8812
2025-12-17,UP,18,IDFCFIRSTB.NS,0.7798,2.0727,4.5194,2025-12-18,-0.1906,2025-12-22,1.6677
2025-12-17,UP,19,MANAPPURAM.NS,0.7606,2.4005,3.0418,2025-12-18,0.2795,2025-12-22,2.7424
2025-12-17,UP,20,M&MFIN.NS,0.7532,4.1523,1.3107,2025-12-18,3.8243,2025-12-22,12.1126
2025-12-17,DN,1,POLICYBZR.NS,0.8746,3.2311,-8.2116,2025-12-18,3.932,2025-12-22,6.6346
2025-12-17,DN,2,METROBRAND.NS,0.8732,4.0496,-6.9767,2025-12-18,1.7391,2025-12-22,4.9094
2025-12-17,DN,3,CENTUM.NS,0.8049,4.666,-2.7679,2025-12-18,-1.9927,2025-12-22,4.6541
2025-12-17,DN,4,BDL.NS,0.7778,3.3581,-5.4274,2025-12-18,1.3743,2025-12-22,7.4983
2025-12-17,DN,5,BATAINDIA.NS,0.7709,2.1794,-3.4139,2025-12-18,0.0852,2025-12-22,0.9315
2025-12-17,DN,6,SJVN.NS,0.7589,2.7197,-2.9113,2025-12-18,-1.855,2025-12-22,1.7434
2025-12-17,DN,7,LTTS.NS,0.7483,2.8013,-2.4189,2025-12-18,1.5529,2025-12-22,3.3089
2025-12-17,DN,8,SUDARSCHEM.NS,0.7421,3.0788,-5.7157,2025-12-18,-0.8973,2025-12-22,2.6085
2025-12-17,DN,9,AJANTPHARM.NS,0.7306,2.1302,-2.0381,2025-12-18,0.0,2025-12-22,3.8649
2025-12-17,DN,10,HFCL.NS,0.7128,3.7867,-2.2865,2025-12-18,0.1395,2025-12-22,-0.8988
2025-12-17,DN,11,NAVINFLUOR.NS,0.7047,3.0746,-0.6303,2025-12-18,-1.7759,2025-12-22,-0.4905
2025-12-17,DN,12,GRSE.NS,0.702,4.4164,-6.6611,2025-12-18,-0.5727,2025-12-22,8.5906
2025-12-17,DN,13,COCHINSHIP.NS,0.6968,2.4911,-7.1658,2025-12-18,0.2196,2025-12-22,10.8797
2025-12-17,DN,14,GODREJAGRO.NS,0.6948,2.6412,-4.3391,2025-12-18,-1.7446,2025-12-22,-0.4274
2025-12-17,DN,15,CHOLAFIN.NS,0.6879,2.4431,-4.0424,2025-12-18,0.3287,2025-12-22,-5.2943
2025-12-17,DN,16,RATNAMANI.NS,0.6867,2.0688,-5.1363,2025-12-18,0.4718,2025-12-22,0.7098
2025-12-17,DN,17,AXISBANK.NS,0.685,1.6972,-4.2155,2025-12-18,0.4164,2025-12-22,0.694
2025-12-17,DN,18,SOLARINDS.NS,0.6837,2.4321,-5.1461,2025-12-18,-0.3639,2025-12-22,6.8134
2025-12-17,DN,19,COLPAL.NS,0.6791,1.792,-2.5945,2025-12-18,0.1246,2025-12-22,0.9965
2025-12-17,DN,20,HDFCLIFE.NS,0.6766,1.985,-2.2761,2025-12-18,0.4645,2025-12-22,1.1015
2025-12-18,UP,1,ROUTE.NS,0.9929,4.6567,7.1491,2025-12-19,-1.3701,2025-12-23,-2.0482
2025-12-18,UP,2,M&MFIN.NS,0.9571,4.1216,7.3024,2025-12-19,3.1357,2025-12-23,5.7648
2025-12-18,UP,3,HINDZINC.NS,0.9461,3.0609,13.2976,2025-12-19,-0.5742,2025-12-23,2.9807
2025-12-18,UP,4,IGL.NS,0.915,2.6049,6.4339,2025-12-19,-1.056,2025-12-23,-0.1275
2025-12-18,UP,5,VEDL.NS,0.9032,2.6073,9.4698,2025-12-19,0.423,2025-12-23,1.2518
2025-12-18,UP,6,ASHOKLEY.NS,0.8397,2.3651,7.0105,2025-12-19,1.1599,2025-12-23,3.7244
2025-12-18,UP,7,NATIONALUM.NS,0.8368,2.4804,5.6565,2025-12-19,-0.2686,2025-12-23,3.9033
2025-12-18,UP,8,BIOCON.NS,0.8301,2.5931,2.7505,2025-12-19,1.6061,2025-12-23,2.3709
2025-12-18,UP,9,MAPMYINDIA.NS,0.8297,2.9042,2.3156,2025-12-19,0.3551,2025-12-23,4.1712
2025-12-18,UP,10,CROMPTON.NS,0.8017,2.4028,1.6501,2025-12-19,-0.0196,2025-12-23,1.5842
2025-12-18,UP,11,SOBHA.NS,0.7978,3.0725,2.2819,2025-12-19,1.8279,2025-12-23,3.6767
2025-12-18,UP,12,DEEPAKNTR.NS,0.7968,2.2338,3.2492,2025-12-19,5.3397,2025-12-23,7.0837
2025-12-18,UP,13,BLUESTARCO.NS,0.7824,1.975,6.2078,2025-12-19,-3.9469,2025-12-23,-4.7557
2025-12-18,UP,14,AUROPHARMA.NS,0.7806,1.912,3.165,2025-12-19,1.3065,2025-12-23,0.7194
2025-12-18,UP,15,SHRIRAMFIN.NS,0.7642,2.4014,2.6324,2025-12-19,3.7092,2025-12-23,10.1616
2025-12-18,UP,16,IDFCFIRSTB.NS,0.7635,2.144,3.9449,2025-12-19,1.0622,2025-12-23,1.4441
2025-12-18,UP,17,KALYANKJIL.NS,0.7586,2.6662,0.1702,2025-12-19,2.9733,2025-12-23,3.7167
2025-12-18,UP,18,UNIONBANK.NS,0.7475,2.5481,2.4048,2025-12-19,-0.0778,2025-12-23,-1.1612
2025-12-18,UP,19,VOLTAS.NS,0.7446,1.9869,3.5688,2025-12-19,-1.8692,2025-12-23,-1.1486
2025-12-18,UP,20,ENDURANCE.NS,0.7336,2.6999,2.219,2025-12-19,3.0308,2025-12-23,-0.7376
2025-12-18,DN,1,CENTUM.NS,0.8745,4.8185,-9.2165,2025-12-19,0.3965,2025-12-23,10.7746
2025-12-18,DN,2,POLICYBZR.NS,0.8672,3.2759,-5.8365,2025-12-19,2.971,2025-12-23,4.3393
2025-12-18,DN,3,METROBRAND.NS,0.8481,4.1438,-3.6541,2025-12-19,2.1368,2025-12-23,4.2913
2025-12-18,DN,4,IRCON.NS,0.8331,3.0693,-4.9125,2025-12-19,1.9599,2025-12-23,12.8591
2025-12-18,DN,5,NAVINFLUOR.NS,0.7833,3.1001,-3.8971,2025-12-19,0.6457,2025-12-23,4.4081
2025-12-18,DN,6,RBLBANK.NS,0.7591,2.8045,-4.0006,2025-12-19,0.5021,2025-12-23,1.6234
2025-12-18,DN,7,SUDARSCHEM.NS,0.7385,3.0819,-5.323,2025-12-19,2.1689,2025-12-23,3.2849
2025-12-18,DN,8,COCHINSHIP.NS,0.735,2.5425,-5.6919,2025-12-19,2.8019,2025-12-23,9.342
2025-12-18,DN,9,LTTS.NS,0.7136,2.7534,-2.4602,2025-12-19,-0.7975,2025-12-23,3.1792
2025-12-18,DN,10,KPITTECH.NS,0.711,2.6453,-5.8174,2025-12-19,5.4962,2025-12-23,5.9786
2025-12-18,DN,11,OFSS.NS,0.7086,2.57,-4.2786,2025-12-19,2.1011,2025-12-23,2.0163
2025-12-18,DN,12,IDEA.NS,0.7052,4.5891,0.4444,2025-12-19,5.8407,2025-12-23,6.2832
2025-12-18,DN,13,GODREJAGRO.NS,0.7049,2.7883,-4.8086,2025-12-19,1.3583,2025-12-23,1.5714
2025-12-18,DN,14,RAILTEL.NS,0.7042,3.4526,-1.8661,2025-12-19,2.2236,2025-12-23,10.0138
2025-12-18,DN,15,GRSE.NS,0.7027,4.4052,-7.1918,2025-12-19,3.375,2025-12-23,8.9326
2025-12-18,DN,16,RATNAMANI.NS,0.6998,2.1508,-4.806,2025-12-19,-1.0468,2025-12-23,-0.0301
2025-12-18,DN,17,SYMPHONY.NS,0.6885,2.016,-3.0214,2025-12-19,-0.6799,2025-12-23,-0.6208
2025-12-18,DN,18,SUNPHARMA.NS,0.6873,1.6815,-3.392,2025-12-19,-0.0573,2025-12-23,0.5728
2025-12-18,DN,19,COLPAL.NS,0.6868,1.8537,-2.9757,2025-12-19,1.0096,2025-12-23,0.7751
2025-12-18,DN,20,ADANIENSOL.NS,0.6863,2.3862,-2.3309,2025-12-19,1.224,2025-12-23,1.8744
2025-12-19,UP,1,SHRIRAMFIN.NS,0.925,2.6913,6.3325,2025-12-22,3.6764,2025-12-24,7.9849
2025-12-19,UP,2,RAJESHEXPO.NS,0.9238,3.4037,6.2991,2025-12-22,12.8743,2025-12-24,9.5958
2025-12-19,UP,3,M&MFIN.NS,0.901,3.7535,8.8125,2025-12-22,4.6999,2025-12-24,3.4652
2025-12-19,UP,4,DEEPAKNTR.NS,0.8995,2.4351,9.054,2025-12-22,0.7918,2025-12-24,4.4091
2025-12-19,UP,5,KEI.NS,0.8854,2.5509,5.3429,2025-12-22,3.6691,2025-12-24,2.9036
2025-12-19,UP,6,INTELLECT.NS,0.8415,3.0623,2.2913,2025-12-22,-2.4582,2025-12-24,-4.1192
2025-12-19,UP,7,SOBHA.NS,0.8413,3.11,1.0693,2025-12-22,1.2695,2025-12-24,0.8464
2025-12-19,UP,8,VEDL.NS,0.8371,2.5994,6.9904,2025-12-22,0.6964,2025-12-24,2.8456
2025-12-19,UP,9,POLYCAB.NS,0.8221,2.6492,2.2332,2025-12-22,2.2046,2025-12-24,2.5743
2025-12-19,UP,10,BIOCON.NS,0.8201,2.5673,3.1578,2025-12-22,0.1882,2025-12-24,-0.0502
2025-12-19,UP,11,LAURUSLABS.NS,0.8194,2.2374,3.25,2025-12-22,1.8178,2025-12-24,3.7887
2025-12-19,UP,12,COROMANDEL.NS,0.8167,3.5001,1.3711,2025-12-22,1.5773,2025-12-24,1.7596
2025-12-19,UP,13,ENDURANCE.NS,0.8073,2.6165,2.0866,2025-12-22,-1.4504,2025-12-24,-4.2177
2025-12-19,UP,14,ROUTE.NS,0.7961,4.8028,6.5571,2025-12-22,-0.5001,2025-12-24,-1.9308
2025-12-19,UP,15,KALYANKJIL.NS,0.7828,2.6731,1.1579,2025-12-22,0.0928,2025-12-24,0.4847
2025-12-19,UP,16,ATUL.NS,0.7799,2.7194,1.3327,2025-12-22,-0.2664,2025-12-24,0.7991
2025-12-19,UP,17,SJVN.NS,0.7697,2.8977,0.7469,2025-12-22,0.151,2025-12-24,2.9929
2025-12-19,UP,18,AUROPHARMA.NS,0.7607,1.9246,2.5103,2025-12-22,-0.049,2025-12-24,-1.1183
2025-12-19,UP,19,IDFCFIRSTB.NS,0.758,2.1442,2.9044,2025-12-22,0.7912,2025-12-24,-0.5196
2025-12-19,UP,20,MGL.NS,0.7495,2.5413,2.4751,2025-12-22,0.8427,2025-12-24,-1.8158
2025-12-19,DN,1,CENTUM.NS,0.8359,4.6214,-5.4369,2025-12-22,6.3602,2025-12-24,10.1304
2025-12-19,DN,2,NAVINFLUOR.NS,0.8296,3.2024,-4.5325,2025-12-22,0.6587,2025-12-24,0.4962
2025-12-19,DN,3,METROBRAND.NS,0.8102,4.1685,-1.5448,2025-12-22,0.9589,2025-12-24,1.9177
2025-12-19,DN,4,IRCON.NS,0.7976,3.0225,-2.6788,2025-12-22,2.5237,2025-12-24,11.6051
2025-12-19,DN,5,POLICYBZR.NS,0.7859,3.2468,-1.8906,2025-12-22,-0.36,2025-12-24,1.4506
2025-12-19,DN,6,LTTS.NS,0.7811,2.8488,-3.4388,2025-12-22,2.547,2025-12-24,2.0575
2025-12-19,DN,7,RATNAMANI.NS,0.767,2.2441,-6.3096,2025-12-22,1.2973,2025-12-24,0.7662
2025-12-19,DN,8,OLECTRA.NS,0.757,3.4453,-3.1479,2025-12-22,0.6722,2025-12-24,6.3133
2025-12-19,DN,9,CHOLAFIN.NS,0.7563,2.6637,-5.0415,2025-12-22,-3.8347,2025-12-24,3.0156
2025-12-19,DN,10,EMAMILTD.NS,0.7507,2.4238,-3.7624,2025-12-22,0.857,2025-12-24,-0.4911
2025-12-19,DN,11,HFCL.NS,0.7485,3.6806,-3.6659,2025-12-22,-0.2651,2025-12-24,0.1871
2025-12-19,DN,12,PNBHOUSING.NS,0.747,3.1753,-0.9924,2025-12-22,0.9215,2025-12-24,4.1496
2025-12-19,DN,13,JSWENERGY.NS,0.735,3.1193,-0.8192,2025-12-22,0.1464,2025-12-24,1.2755
2025-12-19,DN,14,TEJASNET.NS,0.7294,3.8799,-6.2898,2025-12-22,0.9016,2025-12-24,0.6233
2025-12-19,DN,15,ADANIENSOL.NS,0.7235,2.3826,-2.2792,2025-12-22,1.9884,2025-12-24,0.8399
2025-12-19,DN,16,SYMPHONY.NS,0.7027,2.0162,-3.3761,2025-12-22,0.8571,2025-12-24,0.5357
2025-12-19,DN,17,MUTHOOTFIN.NS,0.6843,1.9701,-1.4697,2025-12-22,0.2433,2025-12-24,0.6215
2025-12-19,DN,18,SAPPHIRE.NS,0.684,3.3227,-3.1169,2025-12-22,4.3401,2025-12-24,9.5083
2025-12-19,DN,19,JINDALSTEL.NS,0.683,2.1207,-3.5843,2025-12-22,0.9571,2025-12-24,0.6448
2025-12-19,DN,20,COCHINSHIP.NS,0.6757,2.5969,-3.1768,2025-12-22,7.6213,2025-12-24,6.5233
2025-12-22,UP,1,IDEAFORGE.NS,0.9919,3.8187,16.0052,2025-12-23,-3.5224,2025-12-26,-2.4929
2025-12-22,UP,2,RAJESHEXPO.NS,0.9919,3.8642,17.8692,2025-12-23,-3.3164,2025-12-26,-7.7557
2025-12-22,UP,3,STLTECH.NS,0.9848,4.4251,9.0918,2025-12-23,-1.3451,2025-12-26,-3.1041
2025-12-22,UP,4,SHRIRAMFIN.NS,0.9382,2.8477,9.2944,2025-12-23,2.4549,2025-12-26,2.717
2025-12-22,UP,5,M&MFIN.NS,0.9301,3.7924,13.207,2025-12-23,-2.0543,2025-12-26,-0.038
2025-12-22,UP,6,COCHINSHIP.NS,0.912,2.8206,4.9572,2025-12-23,-1.1703,2025-12-26,-0.8522
2025-12-22,UP,7,BSE.NS,0.9093,3.5227,4.7793,2025-12-23,-1.3691,2025-12-26,-4.5577
2025-12-22,UP,8,MAZDOCK.NS,0.8973,3.0016,3.9627,2025-12-23,-1.2417,2025-12-26,-0.1336
2025-12-22,UP,9,KEI.NS,0.8904,2.585,6.5669,2025-12-23,-0.7227,2025-12-26,-1.6706
2025-12-22,UP,10,GRSE.NS,0.8887,3.8928,3.281,2025-12-23,-0.2596,2025-12-26,2.8513
2025-12-22,UP,11,SAPPHIRE.NS,0.8743,3.4635,2.7936,2025-12-23,2.7675,2025-12-26,4.6998
2025-12-22,UP,12,SOLARINDS.NS,0.8544,2.6364,3.4765,2025-12-23,-0.5943,2025-12-26,-1.4501
2025-12-22,UP,13,RVNL.NS,0.8444,2.3351,6.1791,2025-12-23,2.812,2025-12-26,16.6767
2025-12-22,UP,14,SOBHA.NS,0.8238,3.0224,3.4875,2025-12-23,0.5392,2025-12-26,-0.2763
2025-12-22,UP,15,IDEA.NS,0.8025,4.6112,4.4053,2025-12-23,1.3502,2025-12-26,0.7595
2025-12-22,UP,16,IGL.NS,0.8025,2.7584,5.5798,2025-12-23,-0.0306,2025-12-26,-1.1795
2025-12-22,UP,17,NATIONALUM.NS,0.8017,2.5589,4.1622,2025-12-23,-0.0517,2025-12-26,5.701
2025-12-22,UP,18,COROMANDEL.NS,0.8012,3.4019,3.1429,2025-12-23,0.5218,2025-12-26,-1.7072
2025-12-22,UP,19,GRANULES.NS,0.7998,2.5825,5.0997,2025-12-23,2.3387,2025-12-26,2.7632
2025-12-22,UP,20,PERSISTENT.NS,0.7941,2.5106,4.2239,2025-12-23,-1.1351,2025-12-26,-4.007
2025-12-22,DN,1,OLECTRA.NS,0.8475,3.5895,-3.0243,2025-12-23,1.2255,2025-12-26,4.6146
2025-12-22,DN,2,NAVINFLUOR.NS,0.8213,3.1371,-4.2399,2025-12-23,3.0594,2025-12-26,-1.8526
2025-12-22,DN,3,CHOLAFIN.NS,0.8145,3.0331,-8.5828,2025-12-23,5.9057,2025-12-26,7.1361
2025-12-22,DN,4,POLICYBZR.NS,0.8051,3.2046,-2.2996,2025-12-23,1.6949,2025-12-26,1.4505
2025-12-22,DN,5,JSWENERGY.NS,0.7946,3.0282,-1.5418,2025-12-23,1.3989,2025-12-26,0.094
2025-12-22,DN,6,HFCL.NS,0.7922,3.7742,-3.1061,2025-12-23,3.6122,2025-12-26,-3.878
2025-12-22,DN,7,IOC.NS,0.7782,2.1539,-2.9012,2025-12-23,-0.2383,2025-12-26,-2.053
2025-12-22,DN,8,GODREJPROP.NS,0.7431,2.7401,-1.8087,2025-12-23,-0.5368,2025-12-26,-1.3692
2025-12-22,DN,9,IRCON.NS,0.742,3.0884,-0.0701,2025-12-23,7.9651,2025-12-26,13.9659
2025-12-22,DN,10,PRESTIGE.NS,0.7397,2.9697,-3.1594,2025-12-23,0.106,2025-12-26,0.4055
2025-12-22,DN,11,TIINDIA.NS,0.7358,2.8572,-1.8884,2025-12-23,-0.0116,2025-12-26,0.1193
2025-12-22,DN,12,EMAMILTD.NS,0.7353,2.3719,-4.0403,2025-12-23,-0.4105,2025-12-26,-1.7185
2025-12-22,DN,13,TATASTEEL.NS,0.7346,1.8978,-2.1114,2025-12-23,0.9928,2025-12-26,-0.0591
2025-12-22,DN,14,COLPAL.NS,0.7267,1.8872,-2.5966,2025-12-23,-0.0949,2025-12-26,-0.9866
2025-12-22,DN,15,MUTHOOTFIN.NS,0.7223,1.9406,-1.7114,2025-12-23,0.4696,2025-12-26,0.1741
2025-12-22,DN,16,SYMPHONY.NS,0.7194,2.3236,-2.6207,2025-12-23,-0.7908,2025-12-26,1.6761
2025-12-22,DN,17,RATNAMANI.NS,0.7167,2.2639,-3.0176,2025-12-23,-0.2664,2025-12-26,-0.6446
2025-12-22,DN,18,ADANIGREEN.NS,0.7039,2.4484,-2.5582,2025-12-23,-0.3821,2025-12-26,-0.2645
2025-12-22,DN,19,TEJASNET.NS,0.6946,3.731,-3.3994,2025-12-23,0.1544,2025-12-26,-0.9928
2025-12-22,DN,20,HINDZINC.NS,0.684,3.1062,6.7688,2025-12-23,0.5441,2025-12-26,5.0041
2025-12-23,UP,1,RAJESHEXPO.NS,0.9805,4.121,13.9601,2025-12-24,0.426,2025-12-29,-9.3579
2025-12-23,UP,2,IDEAFORGE.NS,0.9771,4.0911,13.5948,2025-12-24,0.4498,2025-12-29,-1.5064
2025-12-23,UP,3,M&MFIN.NS,0.971,4.2428,13.0562,2025-12-24,0.8933,2025-12-29,0.0518
2025-12-23,UP,4,IRCON.NS,0.9663,3.5748,10.4515,2025-12-24,0.8269,2025-12-29,2.0496
2025-12-23,UP,5,RAILTEL.NS,0.9512,3.8333,8.1562,2025-12-24,-0.5436,2025-12-29,3.8054
2025-12-23,UP,6,SAPPHIRE.NS,0.9344,3.3474,7.7087,2025-12-24,2.1269,2025-12-29,2.3412
2025-12-23,UP,7,BEML.NS,0.9261,3.3739,7.622,2025-12-24,1.6821,2025-12-29,1.2194
2025-12-23,UP,8,STLTECH.NS,0.9161,4.5923,8.3807,2025-12-24,-1.2014,2025-12-29,-2.8795
2025-12-23,UP,9,CENTUM.NS,0.9137,5.2833,5.9111,2025-12-24,-0.1873,2025-12-29,-2.3557
2025-12-23,UP,10,SHRIRAMFIN.NS,0.9071,2.785,12.8949,2025-12-24,1.6601,2025-12-29,-0.2401
2025-12-23,UP,11,GRSE.NS,0.9005,3.8489,5.7028,2025-12-24,1.3674,2025-12-29,2.5902
2025-12-23,UP,12,RVNL.NS,0.8985,2.4645,10.488,2025-12-24,1.1262,2025-12-29,7.5325
2025-12-23,UP,13,IRFC.NS,0.8876,2.3864,8.3832,2025-12-24,0.0741,2025-12-29,4.0774
2025-12-23,UP,14,IDEA.NS,0.8815,4.4963,6.7556,2025-12-24,0.0833,2025-12-29,-0.4163
2025-12-23,UP,15,MIDHANI.NS,0.881,3.3259,4.7555,2025-12-24,-0.4636,2025-12-29,12.0364
2025-12-23,UP,16,ATUL.NS,0.8744,2.7455,5.747,2025-12-24,-0.5829,2025-12-29,1.018
2025-12-23,UP,17,GRANULES.NS,0.8732,2.6728,7.0987,2025-12-24,-0.3904,2025-12-29,-1.8949
2025-12-23,UP,18,COCHINSHIP.NS,0.8661,2.8931,5.537,2025-12-24,0.1518,2025-12-29,-0.5708
2025-12-23,UP,19,BSE.NS,0.8502,3.4956,5.0501,2025-12-24,-2.4329,2025-12-29,-3.989
2025-12-23,UP,20,MAZDOCK.NS,0.8468,3.0843,4.3688,2025-12-24,1.0783,2025-12-29,0.9589
2025-12-23,DN,1,COFORGE.NS,0.8598,3.0811,-4.639,2025-12-24,-2.3874,2025-12-29,-5.4432
2025-12-23,DN,2,CHOLAFIN.NS,0.79,3.201,-2.1511,2025-12-24,1.1498,2025-12-29,1.2094
2025-12-23,DN,3,EMAMILTD.NS,0.7861,2.3529,-3.8352,2025-12-24,-0.9299,2025-12-29,2.042
2025-12-23,DN,4,IOC.NS,0.7822,2.1275,-2.6648,2025-12-24,-1.2862,2025-12-29,-0.7901
2025-12-23,DN,5,AMBER.NS,0.7656,3.1499,-1.8438,2025-12-24,0.0827,2025-12-29,-2.4269
2025-12-23,DN,6,HEROMOTOCO.NS,0.7566,2.2999,-3.4054,2025-12-24,-0.7921,2025-12-29,-3.0989
2025-12-23,DN,7,BLUESTARCO.NS,0.7534,2.3163,-2.7098,2025-12-24,0.6227,2025-12-29,-1.9701
2025-12-23,DN,8,NAVINFLUOR.NS,0.7532,3.17,0.5556,2025-12-24,-3.1253,2025-12-29,-3.0098
2025-12-23,DN,9,SYMPHONY.NS,0.7505,2.3868,-2.7762,2025-12-24,0.4759,2025-12-29,1.517
2025-12-23,DN,10,PRESTIGE.NS,0.7317,2.9412,-1.419,2025-12-24,0.8225,2025-12-29,-0.8599
2025-12-23,DN,11,TEJASNET.NS,0.722,3.6489,-3.0332,2025-12-24,-0.4296,2025-12-29,0.3304
2025-12-23,DN,12,MUTHOOTFIN.NS,0.7177,1.8642,-1.0086,2025-12-24,-0.0919,2025-12-29,-1.8828
2025-12-23,DN,13,BIKAJI.NS,0.7134,2.2378,-0.0134,2025-12-24,-0.7096,2025-12-29,1.5665
2025-12-23,DN,14,VEDL.NS,0.7073,2.5428,2.9675,2025-12-24,2.0038,2025-12-29,1.1426
2025-12-23,DN,15,BRITANNIA.NS,0.706,1.8214,-0.0824,2025-12-24,-0.5115,2025-12-29,-0.3217
2025-12-23,DN,16,COLPAL.NS,0.7015,1.756,-2.5088,2025-12-24,-0.6125,2025-12-29,-1.714
2025-12-23,DN,17,HINDZINC.NS,0.6915,3.0314,7.4159,2025-12-24,2.468,2025-12-29,1.4349
2025-12-23,DN,18,CERA.NS,0.691,2.299,-0.9995,2025-12-24,-0.9247,2025-12-29,-2.9817
2025-12-23,DN,19,ENDURANCE.NS,0.689,2.8363,-0.5057,2025-12-24,-0.5814,2025-12-29,-0.6314
2025-12-23,DN,20,ADANIGREEN.NS,0.688,2.3917,-1.099,2025-12-24,-0.1868,2025-12-29,-1.4751
2025-12-24,UP,1,IDEAFORGE.NS,0.9786,4.3332,15.7146,2025-12-26,0.6145,2025-12-30,-3.2493
2025-12-24,UP,2,IRCON.NS,0.9623,3.717,12.6956,2025-12-26,4.6924,2025-12-30,0.4628
2025-12-24,UP,3,RAJESHEXPO.NS,0.9571,4.4381,14.4573,2025-12-26,-4.9962,2025-12-30,-14.2519
2025-12-24,UP,4,SAPPHIRE.NS,0.9507,3.3931,10.655,2025-12-26,-0.2415,2025-12-30,-2.0866
2025-12-24,UP,5,BDL.NS,0.9466,3.1167,11.8478,2025-12-26,-0.2228,2025-12-30,-1.7958
2025-12-24,UP,6,BEML.NS,0.9197,3.3131,10.8678,2025-12-26,0.4872,2025-12-30,-1.8898
2025-12-24,UP,7,GRSE.NS,0.9187,3.9426,9.7897,2025-12-26,1.7279,2025-12-30,-1.6097
2025-12-24,UP,8,OLECTRA.NS,0.9153,3.4322,7.5764,2025-12-26,-0.9364,2025-12-30,-3.2733
2025-12-24,UP,9,MOIL.NS,0.9131,3.1597,8.2814,2025-12-26,4.9022,2025-12-30,3.6803
2025-12-24,UP,10,COCHINSHIP.NS,0.9059,2.9233,9.7485,2025-12-26,0.1698,2025-12-30,-2.116
2025-12-24,UP,11,DATAPATTNS.NS,0.9049,3.7907,8.2911,2025-12-26,0.2058,2025-12-30,-3.3379
2025-12-24,UP,12,CENTUM.NS,0.9047,5.3615,8.3638,2025-12-26,2.4268,2025-12-30,-2.8396
2025-12-24,UP,13,RVNL.NS,0.9042,2.5549,12.5142,2025-12-26,12.2216,2025-12-30,4.2378
2025-12-24,UP,14,RAILTEL.NS,0.901,3.9113,8.4676,2025-12-26,6.0266,2025-12-30,2.8591
2025-12-24,UP,15,PNBHOUSING.NS,0.8943,3.0898,7.9846,2025-12-26,-2.3285,2025-12-30,-2.2146
2025-12-24,UP,16,MIDHANI.NS,0.8808,3.4103,6.7913,2025-12-26,2.3286,2025-12-30,13.8108
2025-12-24,UP,17,MANAPPURAM.NS,0.8761,2.4956,9.8865,2025-12-26,-0.3815,2025-12-30,-1.5896
2025-12-24,UP,18,IRFC.NS,0.8759,2.4905,9.3716,2025-12-26,10.0008,2025-12-30,2.5517
2025-12-24,UP,19,MAZDOCK.NS,0.8744,2.9586,7.7951,2025-12-26,0.0433,2025-12-30,-3.0666
2025-12-24,UP,20,RADICO.NS,0.8729,2.9329,7.5993,2025-12-26,0.103,2025-12-30,2.2442
2025-12-24,DN,1,COFORGE.NS,0.8557,3.0554,-5.8004,2025-12-26,-3.706,2025-12-30,-4.7649
2025-12-24,DN,2,IOC.NS,0.8007,2.1428,-4.1568,2025-12-26,-0.5398,2025-12-30,0.2482
2025-12-24,DN,3,EMAMILTD.NS,0.7946,2.413,-3.8876,2025-12-26,-0.3871,2025-12-30,2.216
2025-12-24,DN,4,BLUESTARCO.NS,0.7682,2.3493,-2.7042,2025-12-26,-0.7595,2025-12-30,-3.9046
2025-12-24,DN,5,ENDURANCE.NS,0.7564,2.8443,-1.4804,2025-12-26,-1.2509,2025-12-30,-0.6932
2025-12-24,DN,6,BRITANNIA.NS,0.7561,1.8497,-1.0827,2025-12-26,0.0415,2025-12-30,-0.2819
2025-12-24,DN,7,CERA.NS,0.7552,2.3095,-3.3327,2025-12-26,-1.3143,2025-12-30,-1.7524
2025-12-24,DN,8,NAVINFLUOR.NS,0.7352,3.4127,-0.6512,2025-12-26,-1.6939,2025-12-30,4.4688
2025-12-24,DN,9,TATASTEEL.NS,0.7165,1.861,-0.1585,2025-12-26,-0.5586,2025-12-30,3.3692
2025-12-24,DN,10,GODREJPROP.NS,0.7126,2.7171,-0.4367,2025-12-26,-0.1745,2025-12-30,-1.4157
2025-12-24,DN,11,SYMPHONY.NS,0.6993,2.2647,-1.8309,2025-12-26,2.0012,2025-12-30,2.2321
2025-12-24,DN,12,HINDZINC.NS,0.6968,3.0396,8.0495,2025-12-26,1.9205,2025-12-30,0.072
2025-12-24,DN,13,TATACOMM.NS,0.6901,2.3267,-3.0804,2025-12-26,0.35,2025-12-30,2.275
2025-12-24,DN,14,IGL.NS,0.68,2.6108,0.5136,2025-12-26,-0.1032,2025-12-30,-1.213
2025-12-24,DN,15,VEDL.NS,0.6652,2.4767,4.9754,2025-12-26,0.4681,2025-12-30,1.2371
2025-12-24,DN,16,ADANIGREEN.NS,0.6643,2.3385,-0.5584,2025-12-26,0.3054,2025-12-30,-0.7783
2025-12-24,DN,17,PERSISTENT.NS,0.6635,2.5839,1.1142,2025-12-26,-0.8186,2025-12-30,-2.6682
2025-12-24,DN,18,PGHH.NS,0.6624,1.7328,0.2078,2025-12-26,-0.5529,2025-12-30,-0.2765
2025-12-24,DN,19,HEROMOTOCO.NS,0.6557,2.2186,-2.0371,2025-12-26,-1.0792,2025-12-30,0.2194
2025-12-24,DN,20,TIINDIA.NS,0.648,2.7328,-0.7039,2025-12-26,0.1965,2025-12-30,-1.1673
2025-12-26,UP,1,IRCON.NS,0.9826,4.1076,19.1321,2025-12-29,-3.3238,2025-12-31,-0.5931
2025-12-26,UP,2,RAILTEL.NS,0.9811,4.1922,16.0098,2025-12-29,-1.5598,2025-12-31,-1.7713
2025-12-26,UP,3,RVNL.NS,0.9652,3.06,26.8018,2025-12-29,-5.2455,2025-12-31,-7.9134
2025-12-26,UP,4,MOIL.NS,0.9542,3.4124,14.0513,2025-12-29,-2.083,2025-12-31,1.0141
2025-12-26,UP,5,IRFC.NS,0.9433,2.8873,20.6028,2025-12-29,-5.455,2025-12-31,-6.7495
2025-12-26,UP,6,PARAS.NS,0.9433,3.1401,13.0269,2025-12-29,-2.0331,2025-12-31,-2.0116
2025-12-26,UP,7,BEML.NS,0.9303,3.2126,12.6042,2025-12-29,-0.9377,2025-12-31,-0.911
2025-12-26,UP,8,MIDHANI.NS,0.9197,3.4358,9.147,2025-12-29,9.9969,2025-12-31,7.7997
2025-12-26,UP,9,GRSE.NS,0.9177,3.7892,12.3301,2025-12-29,-0.5128,2025-12-31,-2.0872
2025-12-26,UP,10,BDL.NS,0.9147,3.1391,10.0857,2025-12-29,-0.2842,2025-12-31,-0.7714
2025-12-26,UP,11,COCHINSHIP.NS,0.9035,3.0135,9.6939,2025-12-29,-0.8898,2025-12-31,-1.9369
2025-12-26,UP,12,CENTUM.NS,0.9022,5.2307,13.2503,2025-12-29,-4.4903,2025-12-31,-4.873
2025-12-26,UP,13,SAPPHIRE.NS,0.9015,3.2789,11.6448,2025-12-29,0.4525,2025-12-31,2.0202
2025-12-26,UP,14,MAZDOCK.NS,0.8985,3.0464,7.7778,2025-12-29,-0.1613,2025-12-31,-2.0146
2025-12-26,UP,15,IDEAFORGE.NS,0.8784,4.2431,16.9188,2025-12-29,-2.5463,2025-12-31,-2.95
2025-12-26,UP,16,OLECTRA.NS,0.8719,3.3758,9.1534,2025-12-29,-3.1588,2025-12-31,-3.1346
2025-12-26,UP,17,DATAPATTNS.NS,0.8697,3.5408,6.5749,2025-12-29,-0.9859,2025-12-31,-1.912
2025-12-26,UP,18,DEEPAKNTR.NS,0.8542,2.5181,11.545,2025-12-29,-0.7478,2025-12-31,-1.8978
2025-12-26,UP,19,SJVN.NS,0.847,2.9683,5.3574,2025-12-29,-1.3758,2025-12-31,0.8363
2025-12-26,UP,20,MANAPPURAM.NS,0.8458,2.512,9.1622,2025-12-29,-0.9095,2025-12-31,-1.5318
2025-12-26,DN,1,COFORGE.NS,0.8751,3.406,-9.7854,2025-12-29,0.5976,2025-12-31,-0.6156
2025-12-26,DN,2,BLUESTARCO.NS,0.7985,2.3977,-4.8905,2025-12-29,-1.8312,2025-12-31,-1.8822
2025-12-26,DN,3,ENDURANCE.NS,0.7786,2.8999,-2.5492,2025-12-29,1.2158,2025-12-31,1.5727
2025-12-26,DN,4,BSE.NS,0.7647,3.6175,-1.2636,2025-12-29,-0.7814,2025-12-31,-0.6342
2025-12-26,DN,5,ERIS.NS,0.7622,3.2098,-1.688,2025-12-29,-0.0066,2025-12-31,-1.3304
2025-12-26,DN,6,CLEAN.NS,0.7585,2.2517,-2.7093,2025-12-29,-1.0173,2025-12-31,-0.4262
2025-12-26,DN,7,CERA.NS,0.7522,2.3644,-2.079,2025-12-29,-0.7721,2025-12-31,1.0519
2025-12-26,DN,8,MPHASIS.NS,0.7457,2.2304,-1.2916,2025-12-29,-1.3436,2025-12-31,-2.0838
2025-12-26,DN,9,PERSISTENT.NS,0.733,2.629,-0.2849,2025-12-29,-1.1428,2025-12-31,-0.4523
2025-12-26,DN,10,HFCL.NS,0.7316,4.1205,-4.8747,2025-12-29,5.4986,2025-12-31,10.2814
2025-12-26,DN,11,INDIAMART.NS,0.7296,2.4566,-2.1113,2025-12-29,-0.7626,2025-12-31,0.3294
2025-12-26,DN,12,EMAMILTD.NS,0.7194,2.2586,-2.445,2025-12-29,3.4,2025-12-31,2.7006
2025-12-26,DN,13,IOC.NS,0.7194,2.1718,-0.8964,2025-12-29,1.048,2025-12-31,3.8428
2025-12-26,DN,14,HINDZINC.NS,0.7117,3.0973,7.5488,2025-12-29,-2.8735,2025-12-31,-3.8314
2025-12-26,DN,15,PGHH.NS,0.701,1.7474,-0.3156,2025-12-29,0.7181,2025-12-31,0.1622
2025-12-26,DN,16,VEDL.NS,0.6838,2.4331,3.7641,2025-12-29,-1.3063,2025-12-31,0.5741
2025-12-26,DN,17,VOLTAS.NS,0.6836,2.1691,-1.4696,2025-12-29,-0.0724,2025-12-31,-1.4409
2025-12-26,DN,18,AUROPHARMA.NS,0.6831,2.027,-0.2563,2025-12-29,-0.5057,2025-12-31,-1.9234
2025-12-26,DN,19,BRITANNIA.NS,0.6802,1.7684,-0.1324,2025-12-29,0.1492,2025-12-31,-0.0249
2025-12-26,DN,20,PFIZER.NS,0.6795,1.8044,-0.9489,2025-12-29,-1.8427,2025-12-31,-1.2786
2025-12-29,UP,1,MIDHANI.NS,0.9877,3.6728,17.8974,2025-12-30,1.1129,2026-01-01,-2.4825
2025-12-29,UP,2,RVNL.NS,0.9815,3.7133,15.1809,2025-12-30,-1.9723,2026-01-01,-1.6594
2025-12-29,UP,3,IRFC.NS,0.9608,3.4485,10.8528,2025-12-30,-1.393,2026-01-01,-0.4432
2025-12-29,UP,4,MOIL.NS,0.953,3.5089,10.638,2025-12-30,0.9377,2026-01-01,2.9671
2025-12-29,UP,5,RAILTEL.NS,0.9374,4.1158,11.7162,2025-12-30,-1.4502,2026-01-01,-0.376
2025-12-29,UP,6,IRCON.NS,0.9229,4.4068,12.9585,2025-12-30,-0.7409,2026-01-01,3.0156
2025-12-29,UP,7,GRSE.NS,0.9121,3.7745,8.1055,2025-12-30,-2.7825,2026-01-01,-1.663
2025-12-29,UP,8,PARAS.NS,0.9103,3.2183,7.006,2025-12-30,-0.6357,2026-01-01,-0.0438
2025-12-29,UP,9,MAZDOCK.NS,0.8963,2.8923,5.3609,2025-12-30,-2.952,2026-01-01,-2.3884
2025-12-29,UP,10,NATIONALUM.NS,0.8933,2.8142,8.0431,2025-12-30,5.2177,2026-01-01,4.553
2025-12-29,UP,11,BEML.NS,0.8889,3.1646,8.0167,2025-12-30,-1.4413,2026-01-01,-0.6454
2025-12-29,UP,12,SAIL.NS,0.8865,2.4893,6.4967,2025-12-30,5.1682,2026-01-01,10.7092
2025-12-29,UP,13,BDL.NS,0.886,2.9295,7.3265,2025-12-30,-1.2961,2026-01-01,0.5293
2025-12-29,UP,14,COCHINSHIP.NS,0.8692,3.0445,5.7547,2025-12-30,-1.4047,2026-01-01,-0.9039
2025-12-29,UP,15,WELCORP.NS,0.8589,2.4912,6.3537,2025-12-30,-4.4564,2026-01-01,-3.3317
2025-12-29,UP,16,NMDC.NS,0.853,2.3848,5.9502,2025-12-30,3.1791,2026-01-01,3.4884
2025-12-29,UP,17,HINDZINC.NS,0.8502,3.5036,5.0616,2025-12-30,1.0913,2026-01-01,-1.067
2025-12-29,UP,18,HFCL.NS,0.8239,4.0236,1.1385,2025-12-30,-2.0817,2026-01-01,6.276
2025-12-29,UP,19,SAPPHIRE.NS,0.8236,3.3138,9.7381,2025-12-30,-2.2916,2026-01-01,3.793
2025-12-29,UP,20,NCC.NS,0.8209,2.5224,2.7004,2025-12-30,-3.1916,2026-01-01,0.9431
2025-12-29,DN,1,COFORGE.NS,0.88,3.4732,-8.784,2025-12-30,-1.6872,2026-01-01,-1.6337
2025-12-29,DN,2,ENDURANCE.NS,0.7631,2.717,-4.2659,2025-12-30,-0.6432,2026-01-01,-1.4569
2025-12-29,DN,3,CLEAN.NS,0.7618,2.3151,-3.2872,2025-12-30,1.6191,2026-01-01,-1.3607
2025-12-29,DN,4,PFIZER.NS,0.7606,1.9394,-2.715,2025-12-30,-0.6574,2026-01-01,-0.8751
2025-12-29,DN,5,BLUESTARCO.NS,0.7505,2.4795,-2.7956,2025-12-30,-1.3629,2026-01-01,2.3447
2025-12-29,DN,6,CERA.NS,0.7374,2.2564,-2.8442,2025-12-30,0.3307,2026-01-01,1.9062
2025-12-29,DN,7,PERSISTENT.NS,0.7224,2.5161,-2.0368,2025-12-30,-0.7305,2026-01-01,0.867
2025-12-29,DN,8,MPHASIS.NS,0.7123,2.2203,-2.6953,2025-12-30,-0.5903,2026-01-01,0.5796
2025-12-29,DN,9,MGL.NS,0.7015,2.3967,-2.5369,2025-12-30,-0.936,2026-01-01,0.5616
2025-12-29,DN,10,KPITTECH.NS,0.6985,2.6138,-2.9724,2025-12-30,-2.2303,2026-01-01,-2.104
2025-12-29,DN,11,MRPL.NS,0.697,3.1145,-2.7054,2025-12-30,-1.6989,2026-01-01,6.4281
2025-12-29,DN,12,COROMANDEL.NS,0.6893,3.5539,0.2247,2025-12-30,-5.3854,2026-01-01,-4.2643
2025-12-29,DN,13,SUDARSCHEM.NS,0.6872,2.8834,-3.4522,2025-12-30,-0.5123,2026-01-01,0.587
2025-12-29,DN,14,INTELLECT.NS,0.6865,2.8056,-5.3246,2025-12-30,-5.2331,2026-01-01,-4.9875
2025-12-29,DN,15,VEDL.NS,0.6836,2.5556,1.9773,2025-12-30,2.0991,2026-01-01,1.6102
2025-12-29,DN,16,BSE.NS,0.683,3.4224,-2.1044,2025-12-30,-1.7996,2026-01-01,-0.0114
2025-12-29,DN,17,FEDERALBNK.NS,0.6761,1.6438,-1.848,2025-12-30,1.7878,2026-01-01,1.2742
2025-12-29,DN,18,AUROPHARMA.NS,0.6724,1.8921,-2.0406,2025-12-30,-1.1499,2026-01-01,-0.5916
2025-12-29,DN,19,ZENSARTECH.NS,0.6724,2.0845,-3.8301,2025-12-30,-2.6995,2026-01-01,-1.6758
2025-12-29,DN,20,ALKYLAMINE.NS,0.6667,2.301,-1.3551,2025-12-30,-1.8338,2026-01-01,1.985
2025-12-30,UP,1,MIDHANI.NS,0.9859,3.6979,14.7135,2025-12-31,-3.0761,2026-01-02,0.2258
2025-12-30,UP,2,NAVINFLUOR.NS,0.9317,3.517,4.3002,2025-12-31,-3.5281,2026-01-02,-3.8051
2025-12-30,UP,3,SAIL.NS,0.8932,2.6273,8.4269,2025-12-31,4.2334,2026-01-02,4.5738
2025-12-30,UP,4,RVNL.NS,0.892,3.8365,8.3759,2025-12-31,-0.8603,2026-01-02,1.5263
2025-12-30,UP,5,NATIONALUM.NS,0.89,2.9408,9.0596,2025-12-31,-0.7265,2026-01-02,4.3272
2025-12-30,UP,6,RADICO.NS,0.872,3.0903,3.2132,2025-12-31,-2.2986,2026-01-02,-8.3472
2025-12-30,UP,7,CHOLAFIN.NS,0.861,2.8458,7.3569,2025-12-31,0.0411,2026-01-02,4.6782
2025-12-30,UP,8,MOIL.NS,0.8593,3.4496,9.4219,2025-12-31,2.2047,2026-01-02,4.0488
2025-12-30,UP,9,IRFC.NS,0.8485,3.4421,6.4872,2025-12-31,0.0241,2026-01-02,3.1222
2025-12-30,UP,10,NMDC.NS,0.8261,2.4141,6.2277,2025-12-31,-0.2877,2026-01-02,1.3428
2025-12-30,UP,11,RATEGAIN.NS,0.8237,2.8402,2.9159,2025-12-31,2.0733,2026-01-02,2.3906
2025-12-30,UP,12,RAILTEL.NS,0.8215,4.1374,7.421,2025-12-31,1.2536,2026-01-02,2.5072
2025-12-30,UP,13,IRCON.NS,0.8212,4.3451,9.3616,2025-12-31,3.592,2026-01-02,4.5076
2025-12-30,UP,14,BDL.NS,0.809,3.0323,2.1776,2025-12-31,0.8181,2026-01-02,2.7774
2025-12-30,UP,15,MANAPPURAM.NS,0.7959,2.4413,5.2533,2025-12-31,-0.323,2026-01-02,0.5169
2025-12-30,UP,16,CRAFTSMAN.NS,0.791,3.0793,1.4892,2025-12-31,7.4553,2026-01-02,11.983
2025-12-30,UP,17,EMAMILTD.NS,0.7878,2.5568,0.8497,2025-12-31,0.0852,2026-01-02,-1.0603
2025-12-30,UP,18,OLECTRA.NS,0.779,3.163,2.1467,2025-12-31,-0.7943,2026-01-02,3.26
2025-12-30,UP,19,HFCL.NS,0.7668,4.2058,-0.7037,2025-12-31,6.7559,2026-01-02,6.6614
2025-12-30,UP,20,INDIAMART.NS,0.7571,2.3865,1.2984,2025-12-31,-1.0414,2026-01-02,-3.0753
2025-12-30,DN,1,IDEAFORGE.NS,0.8759,4.2027,-6.2374,2025-12-31,0.9257,2026-01-02,0.9903
2025-12-30,DN,2,COROMANDEL.NS,0.8644,3.9679,-6.6452,2025-12-31,1.3369,2026-01-02,1.9495
2025-12-30,DN,3,COFORGE.NS,0.851,3.3407,-11.4411,2025-12-31,0.4895,2026-01-02,-0.278
2025-12-30,DN,4,KPITTECH.NS,0.7976,2.7005,-5.4991,2025-12-31,0.9297,2026-01-02,0.5079
2025-12-30,DN,5,PERSISTENT.NS,0.7841,2.5479,-5.7972,2025-12-31,1.4394,2026-01-02,1.7225
2025-12-30,DN,6,COCHINSHIP.NS,0.7732,2.9706,-3.1147,2025-12-31,0.3531,2026-01-02,0.9044
2025-12-30,DN,7,INFY.NS,0.7552,1.687,-4.0246,2025-12-31,-0.3823,2026-01-02,1.1593
2025-12-30,DN,8,KEI.NS,0.7539,2.5329,-2.006,2025-12-31,2.4744,2026-01-02,4.0689
2025-12-30,DN,9,STLTECH.NS,0.75,3.859,-4.0824,2025-12-31,1.2062,2026-01-02,1.6377
2025-12-30,DN,10,IGL.NS,0.7434,2.5865,-2.2774,2025-12-31,1.6668,2026-01-02,1.5467
2025-12-30,DN,11,BSE.NS,0.7427,3.1826,-7.0077,2025-12-31,1.9837,2026-01-02,3.3127
2025-12-30,DN,12,PFIZER.NS,0.7332,2.0885,-3.2691,2025-12-31,1.2402,2026-01-02,-0.7997
2025-12-30,DN,13,ZENSARTECH.NS,0.7307,2.2509,-7.1648,2025-12-31,1.4124,2026-01-02,0.7927
2025-12-30,DN,14,MAZDOCK.NS,0.7183,3.0621,-3.238,2025-12-31,1.129,2026-01-02,1.3036
2025-12-30,DN,15,CERA.NS,0.7168,2.1908,-3.2452,2025-12-31,1.5025,2026-01-02,1.9387
2025-12-30,DN,16,SOLARINDS.NS,0.7154,2.5874,-4.691,2025-12-31,1.8623,2026-01-02,2.5607
2025-12-30,DN,17,INTELLECT.NS,0.7127,3.1131,-8.0179,2025-12-31,2.7187,2026-01-02,1.6873
2025-12-30,DN,18,SUDARSCHEM.NS,0.712,2.6844,-5.2166,2025-12-31,1.6736,2026-01-02,2.9932
2025-12-30,DN,19,ENDURANCE.NS,0.7039,2.5823,-3.4818,2025-12-31,1.0023,2026-01-02,-0.936
2025-12-30,DN,20,AUROPHARMA.NS,0.6995,1.987,-3.1196,2025-12-31,-0.2782,2026-01-02,2.453
2025-12-31,UP,1,CRAFTSMAN.NS,0.9716,3.3487,8.4709,2026-01-01,0.4292,2026-01-05,4.064
2025-12-31,UP,2,SAIL.NS,0.9463,2.7912,10.7603,2026-01-01,0.9933,2026-01-05,2.626
2025-12-31,UP,3,ZYDUSWELL.NS,0.9338,2.7442,6.1034,2026-01-01,2.1227,2026-01-05,6.1813
2025-12-31,UP,4,MRPL.NS,0.9294,3.2428,3.6615,2026-01-01,0.9538,2026-01-05,-1.7562
2025-12-31,UP,5,MOIL.NS,0.926,3.4983,8.095,2026-01-01,-0.1899,2026-01-05,-0.2849
2025-12-31,UP,6,RATEGAIN.NS,0.9157,2.8873,5.2896,2026-01-01,1.4891,2026-01-05,0.8963
2025-12-31,UP,7,NATIONALUM.NS,0.8782,2.9555,8.3233,2026-01-01,0.0955,2026-01-05,5.2498
2025-12-31,UP,8,HFCL.NS,0.8767,4.5329,2.3091,2026-01-01,1.6669,2026-01-05,-0.8703
2025-12-31,UP,9,DEEPAKFERT.NS,0.8583,3.0645,2.7871,2026-01-01,-3.3875,2026-01-05,-2.7115
2025-12-31,UP,10,JINDALSTEL.NS,0.8478,2.1317,4.0687,2026-01-01,1.3855,2026-01-05,2.6381
2025-12-31,UP,11,RBLBANK.NS,0.8385,2.1883,4.0184,2026-01-01,-0.1583,2026-01-05,0.0792
2025-12-31,UP,12,MIDHANI.NS,0.8368,3.8642,9.7986,2026-01-01,-0.495,2026-01-05,2.1983
2025-12-31,UP,13,JSWSTEEL.NS,0.8324,1.9047,6.1999,2026-01-01,0.5752,2026-01-05,1.8115
2025-12-31,UP,14,BPCL.NS,0.8277,2.1317,3.7838,2026-01-01,-0.651,2026-01-05,-1.5885
2025-12-31,UP,15,SAPPHIRE.NS,0.8265,3.3698,3.9384,2026-01-01,2.198,2026-01-05,-8.9282
2025-12-31,UP,16,TATASTEEL.NS,0.8243,1.9218,5.3716,2026-01-01,1.0051,2026-01-05,3.1319
2025-12-31,UP,17,IRCON.NS,0.8216,4.3151,4.9321,2026-01-01,0.1858,2026-01-05,-0.3546
2025-12-31,UP,18,EMAMILTD.NS,0.8118,2.585,1.3517,2026-01-01,-0.6905,2026-01-05,-0.3311
2025-12-31,UP,19,SYMPHONY.NS,0.8042,1.9723,4.9197,2026-01-01,3.9519,2026-01-05,4.3488
2025-12-31,UP,20,CASTROLIND.NS,0.7806,2.4224,3.5605,2026-01-01,-0.914,2026-01-05,-0.4726
2025-12-31,DN,1,RAJESHEXPO.NS,0.9,5.9612,-17.6576,2026-01-01,-2.7009,2026-01-05,-5.4727
2025-12-31,DN,2,COROMANDEL.NS,0.8765,3.9266,-5.8882,2026-01-01,-0.15,2026-01-05,1.4472
2025-12-31,DN,3,CENTUM.NS,0.825,5.3375,-2.7469,2026-01-01,-2.0199,2026-01-05,-4.2881
2025-12-31,DN,4,POLICYBZR.NS,0.8162,3.0777,-4.6186,2026-01-01,-1.0846,2026-01-05,-2.936
2025-12-31,DN,5,KPITTECH.NS,0.8042,2.6092,-4.6903,2026-01-01,-0.7932,2026-01-05,-1.8337
2025-12-31,DN,6,HINDZINC.NS,0.7804,3.4918,0.4346,2026-01-01,-0.0816,2026-01-05,2.6369
2025-12-31,DN,7,INFY.NS,0.743,1.6679,-3.1709,2026-01-01,0.8914,2026-01-05,-0.5571
2025-12-31,DN,8,GRANULES.NS,0.7404,2.4538,-2.6513,2026-01-01,3.4586,2026-01-05,1.1278
2025-12-31,DN,9,COCHINSHIP.NS,0.7353,2.8574,-1.6213,2026-01-01,0.1543,2026-01-05,0.6111
2025-12-31,DN,10,MASTEK.NS,0.7299,2.555,-5.3882,2026-01-01,2.906,2026-01-05,2.3746
2025-12-31,DN,11,ZENSARTECH.NS,0.7284,2.2206,-4.8929,2026-01-01,-0.3553,2026-01-05,0.8314
2025-12-31,DN,12,CLEAN.NS,0.7233,2.283,-3.3964,2026-01-01,-1.9462,2026-01-05,-1.3127
2025-12-31,DN,13,MAPMYINDIA.NS,0.7119,2.9743,-0.2022,2026-01-01,0.2026,2026-01-05,-0.4805
2025-12-31,DN,14,MPHASIS.NS,0.7113,2.1023,-5.0095,2026-01-01,1.3399,2026-01-05,0.3833
2025-12-31,DN,15,LTTS.NS,0.711,2.6419,-4.9828,2026-01-01,-1.8421,2026-01-05,-1.0331
2025-12-31,DN,16,NAVINFLUOR.NS,0.7034,3.5509,-2.3666,2026-01-01,0.2111,2026-01-05,0.2956
2025-12-31,DN,17,STLTECH.NS,0.7022,3.8614,-1.6018,2026-01-01,-0.6783,2026-01-05,-1.0853
2025-12-31,DN,18,SOLARINDS.NS,0.6998,2.5891,-2.3356,2026-01-01,-0.7019,2026-01-05,3.9096
2025-12-31,DN,19,WIPRO.NS,0.6974,1.395,-2.9919,2026-01-01,1.5459,2026-01-05,0.0076
2025-12-31,DN,20,COFORGE.NS,0.6971,3.1436,-6.5835,2026-01-01,-0.433,2026-01-05,-1.2628
2026-01-01,UP,1,CRAFTSMAN.NS,0.9678,3.4311,9.4459,2026-01-02,3.7682,2026-01-06,3.8718
2026-01-01,UP,2,HFCL.NS,0.9578,4.5539,7.2852,2026-01-02,-1.7266,2026-01-06,0.798
2026-01-01,UP,3,ZYDUSWELL.NS,0.9518,2.9302,8.8766,2026-01-02,1.5617,2026-01-06,3.0479
2026-01-01,UP,4,MRPL.NS,0.9422,3.3415,5.0873,2026-01-02,-1.4139,2026-01-06,-3.4597
2026-01-01,UP,5,RATEGAIN.NS,0.9322,2.8938,8.0,2026-01-02,-1.161,2026-01-06,-3.3048
2026-01-01,UP,6,SAIL.NS,0.9279,2.8802,12.5901,2026-01-02,-0.6602,2026-01-06,-1.354
2026-01-01,UP,7,AJANTPHARM.NS,0.9078,2.6949,7.4566,2026-01-02,0.3676,2026-01-06,-3.199
2026-01-01,UP,8,SYMPHONY.NS,0.8739,2.1128,8.5494,2026-01-02,-0.0764,2026-01-06,0.2127
2026-01-01,UP,9,ADANIENSOL.NS,0.8595,2.2622,5.0023,2026-01-02,1.099,2026-01-06,-0.2198
2026-01-01,UP,10,JINDALSTEL.NS,0.8339,2.1741,6.9469,2026-01-02,1.1138,2026-01-06,1.067
2026-01-01,UP,11,INDUSINDBK.NS,0.8221,2.1039,4.9702,2026-01-02,1.3761,2026-01-06,2.7016
2026-01-01,UP,12,BPCL.NS,0.8188,2.1784,4.2635,2026-01-02,-0.0131,2026-01-06,-2.8047
2026-01-01,UP,13,NATIONALUM.NS,0.8133,2.9448,6.5357,2026-01-02,4.9905,2026-01-06,10.2034
2026-01-01,UP,14,ASHOKLEY.NS,0.8126,2.2095,5.4589,2026-01-02,2.1095,2026-01-06,0.6869
2026-01-01,UP,15,JSWENERGY.NS,0.809,2.3058,3.6441,2026-01-02,1.7231,2026-01-06,2.5598
2026-01-01,UP,16,SAPPHIRE.NS,0.797,3.4812,4.0108,2026-01-02,-4.0731,2026-01-06,-13.2851
2026-01-01,UP,17,TATASTEEL.NS,0.7693,1.8119,6.9501,2026-01-02,0.5443,2026-01-06,2.3696
2026-01-01,UP,18,MOIL.NS,0.7686,3.5554,5.7648,2026-01-02,1.9981,2026-01-06,3.4525
2026-01-01,UP,19,JSWSTEEL.NS,0.7555,1.8938,7.349,2026-01-02,0.7853,2026-01-06,0.4097
2026-01-01,UP,20,OIL.NS,0.7427,1.8185,4.561,2026-01-02,0.3041,2026-01-06,-0.4678
2026-01-01,DN,1,HINDZINC.NS,0.9088,3.4066,-2.0645,2026-01-02,2.7535,2026-01-06,5.0903
2026-01-01,DN,2,COROMANDEL.NS,0.8706,3.8987,-5.7083,2026-01-02,0.7556,2026-01-06,2.205
2026-01-01,DN,3,DEEPAKNTR.NS,0.8354,2.813,-2.2522,2026-01-02,0.576,2026-01-06,-4.4554
2026-01-01,DN,4,POLICYBZR.NS,0.8266,3.1126,-5.7663,2026-01-02,-1.3291,2026-01-06,-3.4334
2026-01-01,DN,5,CENTUM.NS,0.8088,5.0491,-4.5326,2026-01-02,-0.9915,2026-01-06,-4.3022
2026-01-01,DN,6,ITC.NS,0.7917,1.7285,-10.514,2026-01-02,-3.7928,2026-01-06,-5.8815
2026-01-01,DN,7,RADICO.NS,0.7874,3.3151,-1.4537,2026-01-02,-4.908,2026-01-06,-3.8508
2026-01-01,DN,8,SOLARINDS.NS,0.7779,2.6955,-2.5551,2026-01-02,1.3973,2026-01-06,5.6715
2026-01-01,DN,9,COCHINSHIP.NS,0.7573,2.8526,-1.6189,2026-01-02,0.3944,2026-01-06,-1.0724
2026-01-01,DN,10,CLEAN.NS,0.742,2.3811,-4.2257,2026-01-02,1.2573,2026-01-06,0.7218
2026-01-01,DN,11,BEML.NS,0.7394,3.0696,-1.0975,2026-01-02,0.563,2026-01-06,0.2436
2026-01-01,DN,12,KPITTECH.NS,0.7367,2.5244,-4.4443,2026-01-02,0.3783,2026-01-06,-2.0031
2026-01-01,DN,13,MAZDOCK.NS,0.709,2.9478,-2.5036,2026-01-02,0.7187,2026-01-06,0.7954
2026-01-01,DN,14,INFY.NS,0.7063,1.647,-2.02,2026-01-02,0.6504,2026-01-06,-1.0799
2026-01-01,DN,15,INTELLECT.NS,0.706,3.1673,-6.1819,2026-01-02,1.4244,2026-01-06,-0.1319
2026-01-01,DN,16,OLECTRA.NS,0.7003,2.9717,-3.9136,2026-01-02,3.948,2026-01-06,-0.3998
2026-01-01,DN,17,MANAPPURAM.NS,0.6988,2.4105,-0.1431,2026-01-02,-0.9392,2026-01-06,-1.8625
2026-01-01,DN,18,STLTECH.NS,0.6872,4.1359,-1.0809,2026-01-02,1.1122,2026-01-06,-3.2585
2026-01-01,DN,19,LTTS.NS,0.6867,2.6931,-4.95,2026-01-02,0.6073,2026-01-06,-1.7717
2026-01-01,DN,20,CROMPTON.NS,0.6817,2.1636,-3.1663,2026-01-02,1.1434,2026-01-06,4.2728
2026-01-02,UP,1,SJVN.NS,0.9372,2.7775,12.0043,2026-01-05,5.5515,2026-01-07,-0.0361
2026-01-02,UP,2,AJANTPHARM.NS,0.9145,2.8792,9.9791,2026-01-05,-1.2342,2026-01-07,-3.228
2026-01-02,UP,3,CRAFTSMAN.NS,0.9056,3.5828,8.5914,2026-01-05,-0.1435,2026-01-07,-2.5894
2026-01-02,UP,4,ZYDUSWELL.NS,0.8833,3.1026,11.098,2026-01-05,2.3754,2026-01-07,0.4878
2026-01-02,UP,5,TORNTPOWER.NS,0.8539,2.2499,7.7124,2026-01-05,0.3144,2026-01-07,-0.1858
2026-01-02,UP,6,BOSCHLTD.NS,0.8461,1.9723,9.9428,2026-01-05,-0.6342,2026-01-07,-0.6976
2026-01-02,UP,7,ASHOKLEY.NS,0.8418,2.2282,8.0719,2026-01-05,-0.5403,2026-01-07,-1.409
2026-01-02,UP,8,JINDALSTEL.NS,0.8399,2.1376,9.5084,2026-01-05,0.1203,2026-01-07,-0.5184
2026-01-02,UP,9,SAIL.NS,0.8278,2.848,11.4495,2026-01-05,2.292,2026-01-07,1.9665
2026-01-02,UP,10,HFCL.NS,0.8237,4.6413,10.1838,2026-01-05,-0.7825,2026-01-07,2.7905
2026-01-02,UP,11,BLUESTARCO.NS,0.8152,2.6053,2.9594,2026-01-05,1.8061,2026-01-07,1.4647
2026-01-02,UP,12,RATEGAIN.NS,0.8068,2.9633,7.4321,2026-01-05,0.5837,2026-01-07,-1.1314
2026-01-02,UP,13,INDUSINDBK.NS,0.8024,2.1062,6.1893,2026-01-05,-0.277,2026-01-07,-0.5097
2026-01-02,UP,14,VOLTAS.NS,0.794,2.3698,3.5551,2026-01-05,3.2583,2026-01-07,5.4118
2026-01-02,UP,15,JSWENERGY.NS,0.7925,2.0604,6.5186,2026-01-05,1.2239,2026-01-07,0.3819
2026-01-02,UP,16,NATIONALUM.NS,0.7913,2.834,7.6422,2026-01-05,0.1514,2026-01-07,6.7514
2026-01-02,UP,17,MIDHANI.NS,0.7899,4.0566,11.4721,2026-01-05,-1.1685,2026-01-07,1.8865
2026-01-02,UP,18,SYMPHONY.NS,0.7899,2.1811,6.3385,2026-01-05,0.4585,2026-01-07,1.6648
2026-01-02,UP,19,RECLTD.NS,0.7838,2.1542,6.5948,2026-01-05,0.0919,2026-01-07,1.2085
2026-01-02,UP,20,CESC.NS,0.7833,2.0023,5.2704,2026-01-05,-1.0891,2026-01-07,-2.3892
2026-01-02,DN,1,RVNL.NS,0.9349,3.9263,-5.6966,2026-01-05,-1.3257,2026-01-07,-2.3097
2026-01-02,DN,2,IRFC.NS,0.9187,3.4497,-3.8611,2026-01-05,-0.6849,2026-01-07,-0.3425
2026-01-02,DN,3,HINDZINC.NS,0.8893,3.0108,-1.264,2026-01-05,-0.0318,2026-01-07,0.1908
2026-01-02,DN,4,DEEPAKNTR.NS,0.878,2.8031,-3.0648,2026-01-05,-2.402,2026-01-07,-4.1669
2026-01-02,DN,5,RADICO.NS,0.8614,3.7397,-6.3867,2026-01-05,0.3361,2026-01-07,3.6552
2026-01-02,DN,6,ITC.NS,0.8222,2.0915,-13.3861,2026-01-05,-0.1,2026-01-07,-2.5139
2026-01-02,DN,7,IDEA.NS,0.8217,5.3541,-1.34,2026-01-05,-2.9711,2026-01-07,-2.7165
2026-01-02,DN,8,COROMANDEL.NS,0.8075,3.6872,-3.1722,2026-01-05,0.8377,2026-01-07,1.6403
2026-01-02,DN,9,IRCON.NS,0.8011,4.074,0.2854,2026-01-05,-1.2275,2026-01-07,-1.0044
2026-01-02,DN,10,POLICYBZR.NS,0.7935,3.1004,-6.6827,2026-01-05,-0.55,2026-01-07,-3.4965
2026-01-02,DN,11,CASTROLIND.NS,0.7884,2.5356,-1.0234,2026-01-05,0.0731,2026-01-07,-0.7206
2026-01-02,DN,12,SAPPHIRE.NS,0.7869,3.9739,0.0159,2026-01-05,-7.1032,2026-01-07,-9.1071
2026-01-02,DN,13,COCHINSHIP.NS,0.7824,2.8615,-1.3982,2026-01-05,0.0614,2026-01-07,-1.2769
2026-01-02,DN,14,RAILTEL.NS,0.7819,3.8188,-0.5552,2026-01-05,-1.5951,2026-01-07,-1.9806
2026-01-02,DN,15,CENTUM.NS,0.7708,4.8813,-7.7186,2026-01-05,-1.3367,2026-01-07,-0.6
2026-01-02,DN,16,PARAS.NS,0.7686,3.0029,-2.1047,2026-01-05,2.7715,2026-01-07,1.309
2026-01-02,DN,17,BEML.NS,0.7373,3.022,-1.0229,2026-01-05,1.5502,2026-01-07,0.1669
2026-01-02,DN,18,MANAPPURAM.NS,0.737,2.5275,-0.7021,2026-01-05,-1.3016,2026-01-07,2.8121
2026-01-02,DN,19,KPITTECH.NS,0.7304,2.5039,-3.4403,2026-01-05,-1.4217,2026-01-07,3.5029
2026-01-02,DN,20,ABBOTINDIA.NS,0.7273,1.9683,-2.6985,2026-01-05,0.1067,2026-01-07,1.28
2026-01-05,UP,1,SJVN.NS,0.9638,3.0389,19.8714,2026-01-06,-3.7536,2026-01-08,-8.591
2026-01-05,UP,2,SOBHA.NS,0.8891,2.7083,7.389,2026-01-06,-1.801,2026-01-08,-0.4312
2026-01-05,UP,3,BLUESTARCO.NS,0.8739,2.85,6.7741,2026-01-06,-1.3684,2026-01-08,-1.6064
2026-01-05,UP,4,SAIL.NS,0.8674,2.9211,12.4991,2026-01-06,-2.9234,2026-01-08,-2.9102
2026-01-05,UP,5,VOLTAS.NS,0.8543,2.5001,7.0067,2026-01-06,0.6365,2026-01-08,-0.5214
2026-01-05,UP,6,CRAFTSMAN.NS,0.8442,3.5937,13.8022,2026-01-06,0.2437,2026-01-08,-4.1865
2026-01-05,UP,7,TORNTPOWER.NS,0.8171,2.2556,9.3047,2026-01-06,0.3704,2026-01-08,-3.1415
2026-01-05,UP,8,NHPC.NS,0.8135,2.0602,8.9465,2026-01-06,-0.1554,2026-01-08,-1.781
2026-01-05,UP,9,BOSCHLTD.NS,0.8133,2.0323,9.9354,2026-01-06,-0.5361,2026-01-08,-1.302
2026-01-05,UP,10,AJANTPHARM.NS,0.8118,3.0704,8.2745,2026-01-06,-2.3483,2026-01-08,-2.5542
2026-01-05,UP,11,ZYDUSWELL.NS,0.8111,3.1889,13.7504,2026-01-06,-0.8908,2026-01-08,-5.8421
2026-01-05,UP,12,UNIONBANK.NS,0.7959,1.802,8.8569,2026-01-06,2.0818,2026-01-08,-0.5543
2026-01-05,UP,13,NATIONALUM.NS,0.7889,2.8999,9.9369,2026-01-06,4.8065,2026-01-08,0.8162
2026-01-05,UP,14,JSWENERGY.NS,0.7809,2.1094,9.7103,2026-01-06,-0.3966,2026-01-08,-3.3275
2026-01-05,UP,15,FINPIPE.NS,0.7664,1.9744,7.2322,2026-01-06,-1.5799,2026-01-08,-3.5193
2026-01-05,UP,16,PRESTIGE.NS,0.7647,2.2438,4.7832,2026-01-06,-0.8338,2026-01-08,-4.6608
2026-01-05,UP,17,ASHOKLEY.NS,0.7565,2.2829,7.3405,2026-01-06,-0.8575,2026-01-08,-1.7256
2026-01-05,UP,18,GODREJPROP.NS,0.756,1.8921,6.327,2026-01-06,0.1742,2026-01-08,-1.3699
2026-01-05,UP,19,MUTHOOTFIN.NS,0.7406,2.0387,4.9378,2026-01-06,0.5024,2026-01-08,-1.7138
2026-01-05,UP,20,JPPOWER.NS,0.7391,2.4505,4.0912,2026-01-06,-1.909,2026-01-08,-3.6496
2026-01-05,DN,1,RAJESHEXPO.NS,0.8952,6.7878,-14.1281,2026-01-06,1.8895,2026-01-08,-1.083
2026-01-05,DN,2,RVNL.NS,0.89,4.2105,-1.7954,2026-01-06,-0.7479,2026-01-08,-5.1108
2026-01-05,DN,3,SAPPHIRE.NS,0.8882,4.766,-7.5069,2026-01-06,-2.6912,2026-01-08,-5.4464
2026-01-05,DN,4,DEEPAKNTR.NS,0.8446,2.8379,-4.6804,2026-01-06,-2.6647,2026-01-08,-3.2275
2026-01-05,DN,5,RADICO.NS,0.8355,3.7707,-4.465,2026-01-06,0.773,2026-01-08,-0.8117
2026-01-05,DN,6,MIDHANI.NS,0.8326,4.1799,0.1569,2026-01-06,-1.3248,2026-01-08,0.3989
2026-01-05,DN,7,ITC.NS,0.828,2.1764,-13.1396,2026-01-06,-2.0732,2026-01-08,-2.5164
2026-01-05,DN,8,IDEA.NS,0.8148,5.4806,-4.4314,2026-01-06,1.3998,2026-01-08,0.6124
2026-01-05,DN,9,IRFC.NS,0.7916,3.5546,0.9893,2026-01-06,-0.2978,2026-01-08,-2.6097
2026-01-05,DN,10,COROMANDEL.NS,0.7751,3.6777,-2.7329,2026-01-06,0.5959,2026-01-08,-1.2178
2026-01-05,DN,11,IGL.NS,0.7729,2.6455,-2.3013,2026-01-06,-0.1312,2026-01-08,-2.6073
2026-01-05,DN,12,M&MFIN.NS,0.7689,4.2909,-0.5694,2026-01-06,-2.5638,2026-01-08,-7.5872
2026-01-05,DN,13,IRCTC.NS,0.7679,1.9497,-3.3824,2026-01-06,-0.6439,2026-01-08,-2.8273
2026-01-05,DN,14,HINDZINC.NS,0.7677,3.0277,1.6248,2026-01-06,2.3067,2026-01-08,-6.0213
2026-01-05,DN,15,CENTUM.NS,0.7495,4.995,-4.6716,2026-01-06,-2.0344,2026-01-08,-1.1223
2026-01-05,DN,16,MANAPPURAM.NS,0.7491,2.619,-1.095,2026-01-06,0.3745,2026-01-08,0.7815
2026-01-05,DN,17,POLICYBZR.NS,0.7488,3.0401,-6.8594,2026-01-06,-1.5914,2026-01-08,-4.4074
2026-01-05,DN,18,RAILTEL.NS,0.7488,3.8758,-0.5908,2026-01-06,0.2296,2026-01-08,-4.5252
2026-01-05,DN,19,LTTS.NS,0.7476,2.7377,-2.3548,2026-01-06,-2.5747,2026-01-08,0.1223
2026-01-05,DN,20,COCHINSHIP.NS,0.7466,2.986,-0.4519,2026-01-06,-1.5215,2026-01-08,-3.0429
2026-01-06,UP,1,SJVN.NS,0.9517,3.4241,15.2774,2026-01-07,-1.6003,2026-01-09,-7.385
2026-01-06,UP,2,VOLTAS.NS,0.902,2.5102,10.0318,2026-01-07,1.4399,2026-01-09,-1.3053
2026-01-06,UP,3,INDUSINDBK.NS,0.8632,2.2505,8.6453,2026-01-07,-1.7938,2026-01-09,-3.5001
2026-01-06,UP,4,CRAFTSMAN.NS,0.8441,3.6429,12.0947,2026-01-07,-2.6865,2026-01-09,-4.9928
2026-01-06,UP,5,HFCL.NS,0.8407,4.9703,9.4016,2026-01-07,0.2159,2026-01-09,-6.5928
2026-01-06,UP,6,NATIONALUM.NS,0.8334,3.0945,9.5073,2026-01-07,1.7018,2026-01-09,0.3894
2026-01-06,UP,7,BLUESTARCO.NS,0.828,2.9522,6.7681,2026-01-07,1.0474,2026-01-09,-1.2229
2026-01-06,UP,8,BDL.NS,0.8246,2.8692,6.0429,2026-01-07,-0.1945,2026-01-09,-1.4263
2026-01-06,UP,9,RECLTD.NS,0.8022,2.1875,8.9499,2026-01-07,0.6269,2026-01-09,-5.0281
2026-01-06,UP,10,APOLLOTYRE.NS,0.8005,2.2199,5.1407,2026-01-07,-0.3754,2026-01-09,-2.9066
2026-01-06,UP,11,UNIONBANK.NS,0.7983,1.8988,9.2911,2026-01-07,0.356,2026-01-09,-2.0997
2026-01-06,UP,12,SOBHA.NS,0.7871,2.6952,6.1634,2026-01-07,-1.2528,2026-01-09,0.5618
2026-01-06,UP,13,BOSCHLTD.NS,0.7837,2.0836,9.6692,2026-01-07,0.4748,2026-01-09,-2.4769
2026-01-06,UP,14,MOIL.NS,0.7766,3.57,5.5324,2026-01-07,-1.1956,2026-01-09,-11.5097
2026-01-06,UP,15,AJANTPHARM.NS,0.7744,3.2867,4.3089,2026-01-07,0.3375,2026-01-09,-2.8055
2026-01-06,UP,16,ZYDUSWELL.NS,0.7744,3.3266,12.8302,2026-01-07,-0.9615,2026-01-09,-7.013
2026-01-06,UP,17,TORNTPOWER.NS,0.7707,2.1925,11.2427,2026-01-07,-0.8659,2026-01-09,-6.2243
2026-01-06,UP,18,AMBER.NS,0.7693,2.4152,7.0716,2026-01-07,-0.8125,2026-01-09,-5.6355
2026-01-06,UP,19,SOLARINDS.NS,0.7627,2.7514,6.8839,2026-01-07,3.6714,2026-01-09,2.6058
2026-01-06,UP,20,SYMPHONY.NS,0.7524,2.394,6.4053,2026-01-07,1.3716,2026-01-09,-1.6709
2026-01-06,DN,1,SAPPHIRE.NS,0.889,5.0367,-7.8852,2026-01-07,0.5487,2026-01-09,-2.6339
2026-01-06,DN,2,M&MFIN.NS,0.8727,4.5336,-7.4308,2026-01-07,-3.8333,2026-01-09,-6.9053
2026-01-06,DN,3,RVNL.NS,0.8624,4.4057,-0.5689,2026-01-07,-0.2512,2026-01-09,-7.2844
2026-01-06,DN,4,RADICO.NS,0.8573,3.7354,-7.3282,2026-01-07,2.5155,2026-01-09,-5.8429
2026-01-06,DN,5,ITC.NS,0.8502,2.3945,-14.5157,2026-01-07,-0.3504,2026-01-09,-1.5477
2026-01-06,DN,6,IDEA.NS,0.8216,5.3864,-3.8972,2026-01-07,-1.1217,2026-01-09,-2.8473
2026-01-06,DN,7,DEEPAKNTR.NS,0.8098,2.9226,-6.2734,2026-01-07,0.8797,2026-01-09,-1.8517
2026-01-06,DN,8,IRFC.NS,0.7599,3.6764,2.1109,2026-01-07,0.6446,2026-01-09,-4.6927
2026-01-06,DN,9,NMDC.NS,0.7536,2.4127,0.5515,2026-01-07,2.7304,2026-01-09,-4.042
2026-01-06,DN,10,OLECTRA.NS,0.7534,3.391,-1.0591,2026-01-07,1.6391,2026-01-09,-3.3032
2026-01-06,DN,11,MANAPPURAM.NS,0.7486,2.6162,-0.42,2026-01-07,3.7794,2026-01-09,-7.2668
2026-01-06,DN,12,HINDZINC.NS,0.7399,3.0005,2.8466,2026-01-07,-2.037,2026-01-09,-5.699
2026-01-06,DN,13,RAILTEL.NS,0.7396,3.9247,1.1037,2026-01-07,-0.6199,2026-01-09,-7.3989
2026-01-06,DN,14,IRCTC.NS,0.7388,2.0108,-1.6485,2026-01-07,0.2384,2026-01-09,-4.9985
2026-01-06,DN,15,LTTS.NS,0.7371,2.9362,-3.0664,2026-01-07,2.0965,2026-01-09,1.2319
2026-01-06,DN,16,SHRIRAMFIN.NS,0.7327,2.7285,2.3739,2026-01-07,-0.6782,2026-01-09,-2.7178
2026-01-06,DN,17,MGL.NS,0.7273,2.7976,-3.3204,2026-01-07,-1.1914,2026-01-09,-1.4706
2026-01-06,DN,18,CENTUM.NS,0.7256,5.0786,-5.9697,2026-01-07,2.8389,2026-01-09,-4.4911
2026-01-06,DN,19,NAVINFLUOR.NS,0.7176,3.5491,-6.2821,2026-01-07,1.4954,2026-01-09,-0.9129
2026-01-06,DN,20,CASTROLIND.NS,0.7123,2.6532,0.9223,2026-01-07,-0.1418,2026-01-09,-0.9139
2026-01-07,UP,1,BLUESTARCO.NS,0.916,3.0588,6.4714,2026-01-08,-1.2753,2026-01-12,-2.6808
2026-01-07,UP,2,NATIONALUM.NS,0.9129,3.1693,12.1858,2026-01-08,-5.4169,2026-01-12,-0.7232
2026-01-07,UP,3,SOLARINDS.NS,0.9032,2.9128,8.7822,2026-01-08,0.9304,2026-01-12,-2.1459
2026-01-07,UP,4,VOLTAS.NS,0.8964,2.5466,10.7552,2026-01-08,-2.5537,2026-01-12,-2.6134
2026-01-07,UP,5,KALYANKJIL.NS,0.883,2.327,7.2937,2026-01-08,-1.7187,2026-01-12,-3.7158
2026-01-07,UP,6,IDEA.NS,0.8689,5.3977,6.5056,2026-01-08,0.349,2026-01-12,-1.8325
2026-01-07,UP,7,BOSCHLTD.NS,0.8204,2.1887,8.6154,2026-01-08,-1.239,2026-01-12,-3.7936
2026-01-07,UP,8,SJVN.NS,0.818,3.5478,11.0353,2026-01-08,-3.4815,2026-01-12,-2.9876
2026-01-07,UP,9,NATCOPHARM.NS,0.8027,2.274,4.7672,2026-01-08,-3.8474,2026-01-12,-9.3278
2026-01-07,UP,10,RECLTD.NS,0.7988,2.1897,7.9737,2026-01-08,-3.5951,2026-01-12,-3.8287
2026-01-07,UP,11,YESBANK.NS,0.7939,1.7599,8.7963,2026-01-08,-3.3191,2026-01-12,-2.2979
2026-01-07,UP,12,KPITTECH.NS,0.79,2.639,3.0704,2026-01-08,-2.3335,2026-01-12,-2.9706
2026-01-07,UP,13,PERSISTENT.NS,0.782,2.3095,3.8504,2026-01-08,-1.0593,2026-01-12,-2.8863
2026-01-07,UP,14,AUROPHARMA.NS,0.7801,2.1167,4.4294,2026-01-08,-2.3717,2026-01-12,-5.0591
2026-01-07,UP,15,BDL.NS,0.7728,2.8335,4.9778,2026-01-08,-0.3832,2026-01-12,-0.4222
2026-01-07,UP,16,SOBHA.NS,0.7709,2.7593,4.7831,2026-01-08,2.6813,2026-01-12,1.3276
2026-01-07,UP,17,CROMPTON.NS,0.768,2.4252,4.44,2026-01-08,-2.2016,2026-01-12,-4.6688
2026-01-07,UP,18,COALINDIA.NS,0.767,2.0718,8.183,2026-01-08,-1.4827,2026-01-12,0.1506
2026-01-07,UP,19,ALKEM.NS,0.76,1.9012,5.4481,2026-01-08,-0.2325,2026-01-12,1.0419
2026-01-07,UP,20,INTELLECT.NS,0.76,3.2695,2.1009,2026-01-08,-4.8719,2026-01-12,-7.8424
2026-01-07,DN,1,SAPPHIRE.NS,0.8796,4.9281,-10.8928,2026-01-08,-3.3617,2026-01-12,-3.0561
2026-01-07,DN,2,M&MFIN.NS,0.8718,4.8919,-10.67,2026-01-08,-1.375,2026-01-12,-1.7917
2026-01-07,DN,3,ITC.NS,0.8478,2.4291,-15.3226,2026-01-08,-0.1026,2026-01-12,-0.8352
2026-01-07,DN,4,DEEPAKNTR.NS,0.81,2.925,-5.3069,2026-01-08,-1.4453,2026-01-12,-3.9944
2026-01-07,DN,5,RVNL.NS,0.7924,4.5118,0.042,2026-01-08,-4.155,2026-01-12,-7.2048
2026-01-07,DN,6,IRCON.NS,0.7869,4.2518,-0.1295,2026-01-08,-4.3062,2026-01-12,-7.6936
2026-01-07,DN,7,MRPL.NS,0.7845,3.6751,-3.427,2026-01-08,-2.8606,2026-01-12,-4.3999
2026-01-07,DN,8,CRAFTSMAN.NS,0.7788,3.856,1.5151,2026-01-08,-1.7807,2026-01-12,-3.9777
2026-01-07,DN,9,STLTECH.NS,0.7692,4.3823,-3.7984,2026-01-08,-2.6894,2026-01-12,-6.6076
2026-01-07,DN,10,RADICO.NS,0.7648,3.617,-2.7619,2026-01-08,-3.9878,2026-01-12,-11.7077
2026-01-07,DN,11,SHRIRAMFIN.NS,0.7633,2.6453,-0.0351,2026-01-08,-0.2962,2026-01-12,-2.3146
2026-01-07,DN,12,CASTROLIND.NS,0.7609,2.6694,-1.262,2026-01-08,-0.7364,2026-01-12,-1.5517
2026-01-07,DN,13,SAIL.NS,0.7604,3.2097,2.2995,2026-01-08,-2.6003,2026-01-12,-0.7648
2026-01-07,DN,14,GALAXYSURF.NS,0.7369,2.1677,-4.3671,2026-01-08,-0.7296,2026-01-12,-2.9644
2026-01-07,DN,15,MOIL.NS,0.731,3.6341,2.0214,2026-01-08,-7.2739,2026-01-12,-9.9468
2026-01-07,DN,16,OIL.NS,0.7261,2.2484,-1.4021,2026-01-08,-2.0196,2026-01-12,1.7208
2026-01-07,DN,17,RATEGAIN.NS,0.7248,3.1154,-0.8241,2026-01-08,-1.8586,2026-01-12,-5.0219
2026-01-07,DN,18,MGL.NS,0.7245,2.7452,-6.5575,2026-01-08,-0.1696,2026-01-12,0.6782
2026-01-07,DN,19,DEEPAKFERT.NS,0.7223,3.1394,-4.0479,2026-01-08,-1.1579,2026-01-12,-2.1538
2026-01-07,DN,20,RELIANCE.NS,0.7177,1.6625,-4.2155,2026-01-08,-2.2337,2026-01-12,-1.3961
2026-01-08,UP,1,SOLARINDS.NS,0.9318,2.9974,10.5704,2026-01-09,-1.9402,2026-01-13,-5.62
2026-01-08,UP,2,SOBHA.NS,0.89,2.8483,7.3352,2026-01-09,-0.8216,2026-01-13,-2.3756
2026-01-08,UP,3,DATAPATTNS.NS,0.8842,3.0518,3.1985,2026-01-09,-1.2591,2026-01-13,-3.4607
2026-01-08,UP,4,KALYANKJIL.NS,0.8738,2.5387,5.7001,2026-01-09,-0.9574,2026-01-13,-3.1946
2026-01-08,UP,5,NATIONALUM.NS,0.8714,3.6368,6.0076,2026-01-09,4.3628,2026-01-13,7.1664
2026-01-08,UP,6,APOLLOTYRE.NS,0.8534,2.3017,5.2104,2026-01-09,-2.9907,2026-01-13,0.1058
2026-01-08,UP,7,KPITTECH.NS,0.8284,2.9896,1.4701,2026-01-09,0.1779,2026-01-13,-0.5677
2026-01-08,UP,8,BDL.NS,0.808,2.8407,3.5167,2026-01-09,-0.8542,2026-01-13,-0.7238
2026-01-08,UP,9,SJVN.NS,0.801,3.9218,7.1983,2026-01-09,-2.4838,2026-01-13,-0.8737
2026-01-08,UP,10,ZENSARTECH.NS,0.7879,2.2678,2.4674,2026-01-09,-1.2597,2026-01-13,-0.7029
2026-01-08,UP,11,ALKEM.NS,0.785,1.8545,6.0309,2026-01-09,0.1036,2026-01-13,1.217
2026-01-08,UP,12,IDEAFORGE.NS,0.7847,4.4491,2.9193,2026-01-09,-0.6699,2026-01-13,-2.062
2026-01-08,UP,13,YESBANK.NS,0.7823,2.0058,5.7236,2026-01-09,0.5282,2026-01-13,0.3081
2026-01-08,UP,14,BEL.NS,0.7692,2.0123,4.5135,2026-01-09,0.7218,2026-01-13,-0.4691
2026-01-08,UP,15,BOSCHLTD.NS,0.759,2.2633,6.9729,2026-01-09,-1.7201,2026-01-13,-1.9529
2026-01-08,UP,16,TORNTPOWER.NS,0.7522,2.4281,2.4642,2026-01-09,-2.8242,2026-01-13,-0.9708
2026-01-08,UP,17,VOLTAS.NS,0.7398,2.5715,6.1258,2026-01-09,-0.1566,2026-01-13,-0.5718
2026-01-08,UP,18,DABUR.NS,0.7388,1.9891,3.9004,2026-01-09,0.5679,2026-01-13,0.5005
2026-01-08,UP,19,BLUESTARCO.NS,0.7383,3.112,2.6521,2026-01-09,-0.9839,2026-01-13,-1.4292
2026-01-08,UP,20,IDEA.NS,0.735,5.2174,-0.8621,2026-01-09,-2.087,2026-01-13,-6.087
2026-01-08,DN,1,SAPPHIRE.NS,0.882,5.1509,-15.7404,2026-01-09,0.2033,2026-01-13,2.3944
2026-01-08,DN,2,RVNL.NS,0.8609,5.0347,-5.242,2026-01-09,-3.0215,2026-01-13,-3.6053
2026-01-08,DN,3,M&MFIN.NS,0.8422,4.9158,-12.149,2026-01-09,-1.8448,2026-01-13,2.1828
2026-01-08,DN,4,AJANTPHARM.NS,0.8418,3.3714,-3.4032,2026-01-09,-2.6,2026-01-13,-3.7979
2026-01-08,DN,5,MOIL.NS,0.8303,4.3812,-5.2195,2026-01-09,-3.4132,2026-01-13,-2.4093
2026-01-08,DN,6,IRCON.NS,0.8253,4.7288,-4.6073,2026-01-09,-3.5517,2026-01-13,-4.4352
2026-01-08,DN,7,HFCL.NS,0.8007,5.3929,-2.8729,2026-01-09,-3.0624,2026-01-13,-6.3639
2026-01-08,DN,8,JINDALSTEL.NS,0.8007,2.5447,-5.1292,2026-01-09,-0.3256,2026-01-13,-0.2762
2026-01-08,DN,9,MRPL.NS,0.7947,3.7848,-7.0758,2026-01-09,-2.398,2026-01-13,1.795
2026-01-08,DN,10,JINDALPOLY.NS,0.7932,3.5933,-6.6632,2026-01-09,-1.0262,2026-01-13,-6.2242
2026-01-08,DN,11,SHRIRAMFIN.NS,0.7904,2.6988,-2.6282,2026-01-09,-1.7625,2026-01-13,-1.3949
2026-01-08,DN,12,ZYDUSWELL.NS,0.7895,4.0036,-2.1002,2026-01-09,-2.1232,2026-01-13,-2.8493
2026-01-08,DN,13,RATEGAIN.NS,0.7801,3.255,-4.0954,2026-01-09,-2.6216,2026-01-13,-1.7081
2026-01-08,DN,14,SAIL.NS,0.7796,3.5134,-1.3405,2026-01-09,-0.5394,2026-01-13,0.8876
2026-01-08,DN,15,STLTECH.NS,0.7762,4.5159,-5.7463,2026-01-09,-2.7533,2026-01-13,-3.8298
2026-01-08,DN,16,RAILTEL.NS,0.7624,4.1636,-4.7311,2026-01-09,-2.7872,2026-01-13,-3.7493
2026-01-08,DN,17,MAPMYINDIA.NS,0.7566,3.1565,-5.154,2026-01-09,-2.5099,2026-01-13,-4.7944
2026-01-08,DN,18,SHYAMMETL.NS,0.7541,2.5028,-4.6861,2026-01-09,-0.081,2026-01-13,1.3148
2026-01-08,DN,19,NCC.NS,0.7524,3.1584,-5.3644,2026-01-09,-2.8114,2026-01-13,-2.0137
2026-01-08,DN,20,MGL.NS,0.7512,2.8038,-6.0544,2026-01-09,-0.1132,2026-01-13,0.3963
2026-01-09,UP,1,SOLARINDS.NS,0.9031,3.2733,6.9309,2026-01-12,-1.1296,2026-01-14,-2.3956
2026-01-09,UP,2,NATIONALUM.NS,0.8949,3.809,5.3739,2026-01-12,0.5746,2026-01-14,7.3265
2026-01-09,UP,3,GRSE.NS,0.8932,3.6622,0.7058,2026-01-12,1.0676,2026-01-14,-0.9453
2026-01-09,UP,4,SOBHA.NS,0.8729,2.9095,4.468,2026-01-12,-0.5009,2026-01-14,-0.5009
2026-01-09,UP,5,DATAPATTNS.NS,0.8647,3.2896,1.1023,2026-01-12,-1.2676,2026-01-14,-2.7201
2026-01-09,UP,6,MAZDOCK.NS,0.8594,3.1339,0.2405,2026-01-12,0.8278,2026-01-14,-1.1878
2026-01-09,UP,7,ZENSARTECH.NS,0.8558,2.5011,1.437,2026-01-12,0.4017,2026-01-14,0.0564
2026-01-09,UP,8,BDL.NS,0.8522,3.0253,1.7057,2026-01-12,0.8221,2026-01-14,-0.4538
2026-01-09,UP,9,PARAS.NS,0.8145,3.2916,-0.5192,2026-01-12,0.3602,2026-01-14,-1.279
2026-01-09,UP,10,COROMANDEL.NS,0.7988,2.9532,1.2412,2026-01-12,-0.8317,2026-01-14,0.5242
2026-01-09,UP,11,ENDURANCE.NS,0.7891,2.1273,3.2202,2026-01-12,-1.865,2026-01-14,-3.8749
2026-01-09,UP,12,BEL.NS,0.7841,1.9783,3.8447,2026-01-12,-0.2269,2026-01-14,-0.2508
2026-01-09,UP,13,ALKEM.NS,0.772,1.8821,3.6924,2026-01-12,1.1726,2026-01-14,0.5432
2026-01-09,UP,14,UNIONBANK.NS,0.772,2.2583,3.5482,2026-01-12,1.06,2026-01-14,10.4832
2026-01-09,UP,15,PERSISTENT.NS,0.7669,2.4199,2.0272,2026-01-12,-1.4259,2026-01-14,-2.2285
2026-01-09,UP,16,IDEAFORGE.NS,0.7657,4.6131,1.1511,2026-01-12,0.2002,2026-01-14,-3.4668
2026-01-09,UP,17,COFORGE.NS,0.7522,3.108,1.8966,2026-01-12,0.9217,2026-01-14,0.0
2026-01-09,UP,18,KALYANKJIL.NS,0.7483,2.5005,2.2594,2026-01-12,-1.085,2026-01-14,-5.2279
2026-01-09,UP,19,KPITTECH.NS,0.737,2.7348,1.2676,2026-01-12,-0.8288,2026-01-14,-0.2537
2026-01-09,UP,20,HAVELLS.NS,0.7341,1.8768,1.7362,2026-01-12,-0.9898,2026-01-14,-1.8977
2026-01-09,DN,1,MOIL.NS,0.8524,4.7757,-10.2479,2026-01-12,0.5494,2026-01-14,3.6674
2026-01-09,DN,2,SAPPHIRE.NS,0.8502,5.0164,-11.9841,2026-01-12,0.1127,2026-01-14,1.0144
2026-01-09,DN,3,ZYDUSWELL.NS,0.8357,4.1475,-5.6522,2026-01-12,-0.798,2026-01-14,-0.236
2026-01-09,DN,4,IRCON.NS,0.8355,5.0857,-8.6318,2026-01-12,0.0122,2026-01-14,0.745
2026-01-09,DN,5,AJANTPHARM.NS,0.8354,3.4893,-6.2593,2026-01-12,-1.2696,2026-01-14,-2.1052
2026-01-09,DN,6,CRAFTSMAN.NS,0.8315,4.1661,-4.898,2026-01-12,-1.6468,2026-01-14,3.0049
2026-01-09,DN,7,SJVN.NS,0.8287,3.9632,-5.9128,2026-01-12,3.0718,2026-01-14,0.7424
2026-01-09,DN,8,M&MFIN.NS,0.8191,4.9252,-13.5128,2026-01-12,1.4491,2026-01-14,1.8508
2026-01-09,DN,9,SUZLON.NS,0.8058,2.8049,-9.3589,2026-01-12,0.0,2026-01-14,-0.3862
2026-01-09,DN,10,HFCL.NS,0.7886,5.7614,-4.1931,2026-01-12,-2.6198,2026-01-14,-0.7397
2026-01-09,DN,11,RAILTEL.NS,0.7877,4.4098,-8.6668,2026-01-12,0.0,2026-01-14,2.7361
2026-01-09,DN,12,ADANIENSOL.NS,0.7862,2.8368,-9.1975,2026-01-12,-1.0098,2026-01-14,-3.9559
2026-01-09,DN,13,MANAPPURAM.NS,0.7816,3.9319,-8.1311,2026-01-12,2.9211,2026-01-14,8.0987
2026-01-09,DN,14,JINDALSTEL.NS,0.7783,2.529,-6.4797,2026-01-12,1.2966,2026-01-14,3.009
2026-01-09,DN,15,STLTECH.NS,0.7756,4.5176,-9.3497,2026-01-12,-1.3092,2026-01-14,0.149
2026-01-09,DN,16,RATEGAIN.NS,0.7626,3.3993,-5.5127,2026-01-12,-0.6178,2026-01-14,1.3804
2026-01-09,DN,17,NCC.NS,0.7599,3.3324,-7.951,2026-01-12,-0.1345,2026-01-14,0.888
2026-01-09,DN,18,RVNL.NS,0.7529,5.3055,-9.1978,2026-01-12,-0.1656,2026-01-14,1.8362
2026-01-09,DN,19,JINDALPOLY.NS,0.7374,3.5364,-7.5633,2026-01-12,-1.668,2026-01-14,-6.7621
2026-01-09,DN,20,OLECTRA.NS,0.7355,3.649,-7.3478,2026-01-12,-1.721,2026-01-14,-3.6063
2026-01-12,UP,1,CENTUM.NS,0.9891,5.3714,4.2611,2026-01-13,-0.0515,2026-01-15,None
2026-01-12,UP,2,BSE.NS,0.893,2.6525,4.3644,2026-01-13,1.4835,2026-01-15,1.6556
2026-01-12,UP,3,NATIONALUM.NS,0.8721,3.7433,5.8192,2026-01-13,2.0997,2026-01-15,6.7133
2026-01-12,UP,4,IDEA.NS,0.8301,5.6698,-1.5748,2026-01-13,-4.0,2026-01-15,-1.5111
2026-01-12,UP,5,DIVISLAB.NS,0.7981,2.2341,1.9172,2026-01-13,-0.7555,2026-01-15,-2.0045
2026-01-12,UP,6,MAZDOCK.NS,0.7881,2.9158,0.2585,2026-01-13,-1.5786,2026-01-15,-1.999
2026-01-12,UP,7,ALKEM.NS,0.7857,1.9498,5.6641,2026-01-13,-0.0597,2026-01-15,None
2026-01-12,UP,8,COFORGE.NS,0.7663,3.0683,3.3557,2026-01-13,0.6717,2026-01-15,-0.9133
2026-01-12,UP,9,HCLTECH.NS,0.7597,1.754,3.7323,2026-01-13,-0.1559,2026-01-15,0.054
2026-01-12,UP,10,HINDZINC.NS,0.7575,3.5359,-0.0557,2026-01-13,0.2547,2026-01-15,4.1305
2026-01-12,UP,11,COALINDIA.NS,0.7551,2.5445,1.1346,2026-01-13,-0.7865,2026-01-15,-0.0231
2026-01-12,UP,12,SOLARINDS.NS,0.7549,3.0752,2.4429,2026-01-13,-2.653,2026-01-15,None
2026-01-12,UP,13,GRSE.NS,0.7546,3.5524,-0.8633,2026-01-13,-1.2498,2026-01-15,-1.9916
2026-01-12,UP,14,ZENSARTECH.NS,0.7417,2.5548,0.3876,2026-01-13,0.1615,2026-01-15,-0.344
2026-01-12,UP,15,ENDURANCE.NS,0.7359,2.1775,0.9692,2026-01-13,0.5713,2026-01-15,-2.0481
2026-01-12,UP,16,KPITTECH.NS,0.733,2.7917,1.8766,2026-01-13,0.0853,2026-01-15,0.5799
2026-01-12,UP,17,ASIANPAINT.NS,0.7296,1.768,2.8697,2026-01-13,-0.3487,2026-01-15,-2.8484
2026-01-12,UP,18,ATUL.NS,0.7184,2.2492,0.2185,2026-01-13,-0.8642,2026-01-15,-2.7621
2026-01-12,UP,19,PERSISTENT.NS,0.7109,2.3347,1.9584,2026-01-13,0.5059,2026-01-15,-0.8142
2026-01-12,UP,20,OIL.NS,0.7056,2.5594,1.3575,2026-01-13,5.2397,2026-01-15,7.6128
2026-01-12,DN,1,SJVN.NS,0.8782,4.1865,-8.1232,2026-01-13,-1.3784,2026-01-15,-2.26
2026-01-12,DN,2,ZYDUSWELL.NS,0.8682,4.2229,-8.5768,2026-01-13,0.0567,2026-01-15,0.5665
2026-01-12,DN,3,CRAFTSMAN.NS,0.8484,4.3007,-6.3297,2026-01-13,2.5482,2026-01-15,None
2026-01-12,DN,4,MOIL.NS,0.8223,4.7633,-7.8639,2026-01-13,0.4873,2026-01-15,3.101
2026-01-12,DN,5,IRCON.NS,0.8153,5.0999,-7.485,2026-01-13,-0.9281,2026-01-15,0.7327
2026-01-12,DN,6,AJANTPHARM.NS,0.8112,3.5177,-6.2929,2026-01-13,0.0403,2026-01-15,None
2026-01-12,DN,7,HFCL.NS,0.801,5.982,-5.9673,2026-01-13,-0.8071,2026-01-15,1.9307
2026-01-12,DN,8,RATEGAIN.NS,0.782,3.5136,-6.6414,2026-01-13,1.5655,2026-01-15,None
2026-01-12,DN,9,ADANIENSOL.NS,0.7811,2.9213,-8.9961,2026-01-13,-1.935,2026-01-15,-2.9761
2026-01-12,DN,10,TEJASNET.NS,0.7799,3.8268,-16.0049,2026-01-13,-0.5561,2026-01-15,-1.8008
2026-01-12,DN,11,RVNL.NS,0.7755,5.1937,-8.1302,2026-01-13,-0.4372,2026-01-15,2.0051
2026-01-12,DN,12,AMBER.NS,0.7697,2.9705,-8.8424,2026-01-13,0.4413,2026-01-15,-0.0817
2026-01-12,DN,13,SUZLON.NS,0.7694,2.8528,-8.3287,2026-01-13,-1.0366,2026-01-15,-0.3862
2026-01-12,DN,14,JINDALPOLY.NS,0.7524,3.616,-8.5142,2026-01-13,-3.6447,2026-01-15,-5.1805
2026-01-12,DN,15,GODREJPROP.NS,0.74,2.6418,-9.1046,2026-01-13,-2.6932,2026-01-15,-3.0764
2026-01-12,DN,16,OLECTRA.NS,0.7391,3.611,-8.3918,2026-01-13,-0.5896,2026-01-15,-1.9183
2026-01-12,DN,17,JINDALSTEL.NS,0.7383,2.5587,-5.3809,2026-01-13,-1.2312,2026-01-15,1.6904
2026-01-12,DN,18,JYOTHYLAB.NS,0.7381,2.8077,-8.9476,2026-01-13,0.1538,2026-01-15,-1.2885
2026-01-12,DN,19,RAILTEL.NS,0.7301,4.3651,-7.1863,2026-01-13,-0.9897,2026-01-15,2.7361
2026-01-12,DN,20,BOSCHLTD.NS,0.7259,2.5994,-3.855,2026-01-13,0.6506,2026-01-15,-0.5443
2026-01-13,UP,1,CENTUM.NS,0.9671,5.1094,6.3715,2026-01-14,-0.0815,2026-01-16,-1.0684
2026-01-13,UP,2,ALKYLAMINE.NS,0.9451,3.4524,3.8687,2026-01-14,1.9741,2026-01-16,-0.9746
2026-01-13,UP,3,OIL.NS,0.9015,2.6529,5.252,2026-01-14,2.255,2026-01-16,0.1674
2026-01-13,UP,4,NAVINFLUOR.NS,0.8968,3.4086,4.121,2026-01-14,0.7348,2026-01-16,2.814
2026-01-13,UP,5,MANAPPURAM.NS,0.878,4.1262,-0.0649,2026-01-14,0.3084,2026-01-16,1.9315
2026-01-13,UP,6,BSE.NS,0.8576,2.609,4.6447,2026-01-14,0.1695,2026-01-16,-0.8227
2026-01-13,UP,7,ZENSARTECH.NS,0.849,2.5657,1.595,2026-01-14,-0.5046,2026-01-16,0.2383
2026-01-13,UP,8,COFORGE.NS,0.8046,2.6485,3.1018,2026-01-14,-1.5745,2026-01-16,1.393
2026-01-13,UP,9,NATIONALUM.NS,0.7898,3.7593,3.0862,2026-01-14,4.5187,2026-01-16,1.1752
2026-01-13,UP,10,HCLTECH.NS,0.7724,1.9322,3.0131,2026-01-14,0.2102,2026-01-16,1.982
2026-01-13,UP,11,VEDL.NS,0.7712,2.4023,2.4849,2026-01-14,6.0499,2026-01-16,7.1406
2026-01-13,UP,12,ALKEM.NS,0.7702,1.9759,3.6778,2026-01-14,-0.5628,2026-01-16,-0.4605
2026-01-13,UP,13,ONGC.NS,0.7427,2.1858,0.7813,2026-01-14,1.8254,2026-01-16,1.3906
2026-01-13,UP,14,APOLLOTYRE.NS,0.7302,2.5552,0.1925,2026-01-14,1.4313,2026-01-16,-2.2959
2026-01-13,UP,15,KPITTECH.NS,0.729,2.8131,2.9564,2026-01-14,0.4942,2026-01-16,1.1588
2026-01-13,UP,16,MGL.NS,0.7278,2.594,-0.968,2026-01-14,-1.4662,2026-01-16,-0.1316
2026-01-13,UP,17,COROMANDEL.NS,0.7215,2.8725,1.6646,2026-01-14,-1.3141,2026-01-16,-1.2673
2026-01-13,UP,18,ENDURANCE.NS,0.719,2.1554,0.7122,2026-01-14,-2.6045,2026-01-16,-2.3881
2026-01-13,UP,19,TECHM.NS,0.7156,1.8406,0.8116,2026-01-14,-1.6287,2026-01-16,3.4493
2026-01-13,UP,20,SAIL.NS,0.7127,3.5004,0.9014,2026-01-14,3.1673,2026-01-16,1.0896
2026-01-13,DN,1,HFCL.NS,0.8807,6.0272,-9.774,2026-01-14,2.7601,2026-01-16,8.5195
2026-01-13,DN,2,MOIL.NS,0.8659,4.6227,-10.5899,2026-01-14,2.601,2026-01-16,1.3226
2026-01-13,DN,3,JINDALPOLY.NS,0.8449,4.5404,-12.4453,2026-01-14,-1.5939,2026-01-16,-5.7214
2026-01-13,DN,4,SJVN.NS,0.8383,4.1506,-5.8559,2026-01-14,-0.894,2026-01-16,-3.7144
2026-01-13,DN,5,CRAFTSMAN.NS,0.821,4.3699,-4.1763,2026-01-14,2.1271,2026-01-16,1.0603
2026-01-13,DN,6,SUZLON.NS,0.82,3.0851,-8.9055,2026-01-14,0.6572,2026-01-16,-0.4929
2026-01-13,DN,7,TEJASNET.NS,0.8112,4.1335,-15.6654,2026-01-14,-1.2517,2026-01-16,-2.8362
2026-01-13,DN,8,GODREJPROP.NS,0.8037,2.9764,-11.7064,2026-01-14,-0.3939,2026-01-16,0.5429
2026-01-13,DN,9,AMBER.NS,0.8032,2.9999,-8.3787,2026-01-14,-0.5207,2026-01-16,-0.0081
2026-01-13,DN,10,RVNL.NS,0.7756,5.1214,-7.8426,2026-01-14,2.4531,2026-01-16,1.4991
2026-01-13,DN,11,JINDALSTEL.NS,0.762,2.6662,-6.3901,2026-01-14,2.9581,2026-01-16,3.1757
2026-01-13,DN,12,ADANIENSOL.NS,0.7556,3.0896,-10.6886,2026-01-14,-1.0617,2026-01-16,-2.5523
2026-01-13,DN,13,DLF.NS,0.7461,2.4459,-7.6313,2026-01-14,-0.2069,2026-01-16,-0.3909
2026-01-13,DN,14,IRCON.NS,0.7246,4.4988,-8.4678,2026-01-14,1.6764,2026-01-16,0.1479
2026-01-13,DN,15,PRESTIGE.NS,0.718,2.8314,-8.1962,2026-01-14,-1.1531,2026-01-16,0.3624
2026-01-13,DN,16,TORNTPOWER.NS,0.7117,2.7341,-4.4358,2026-01-14,-0.104,2026-01-16,0.8318
2026-01-13,DN,17,RECLTD.NS,0.7111,2.7041,-4.1661,2026-01-14,0.8177,2026-01-16,1.1175
2026-01-13,DN,18,ADANIGREEN.NS,0.711,2.3952,-8.1126,2026-01-14,-0.1495,2026-01-16,-0.7046
2026-01-13,DN,19,AJANTPHARM.NS,0.6944,3.4767,-4.0008,2026-01-14,-0.8863,2026-01-16,-1.8201
2026-01-13,DN,20,VGUARD.NS,0.689,2.9331,-5.9769,2026-01-14,-3.2583,2026-01-16,-2.3798
2026-01-14,UP,1,MRPL.NS,0.9782,4.3457,7.8532,2026-01-15,0.0,2026-01-19,-9.5358
2026-01-14,UP,2,ALKYLAMINE.NS,0.9326,3.613,6.7867,2026-01-15,0.0,2026-01-19,-2.6055
2026-01-14,UP,3,OIL.NS,0.9326,2.8143,9.4646,2026-01-15,0.0,2026-01-19,-4.8472
2026-01-14,UP,4,HINDZINC.NS,0.9324,3.6479,3.8413,2026-01-15,0.0,2026-01-19,0.9477
2026-01-14,UP,5,CENTUM.NS,0.9311,5.0976,3.3508,2026-01-15,None,2026-01-19,-3.2722
2026-01-14,UP,6,VEDL.NS,0.8797,2.5702,8.6066,2026-01-15,0.0,2026-01-19,-0.1406
2026-01-14,UP,7,UNIONBANK.NS,0.8787,2.6704,7.7797,2026-01-15,0.0,2026-01-19,-1.0264
2026-01-14,UP,8,NAVINFLUOR.NS,0.8772,3.2902,3.3408,2026-01-15,None,2026-01-19,1.3345
2026-01-14,UP,9,INDUSINDBK.NS,0.8762,2.6295,5.1957,2026-01-15,0.0,2026-01-19,0.5611
2026-01-14,UP,10,CRAFTSMAN.NS,0.852,4.3649,0.5637,2026-01-15,None,2026-01-19,-3.1338
2026-01-14,UP,11,NATIONALUM.NS,0.8441,3.7794,5.9416,2026-01-15,0.0,2026-01-19,-1.3117
2026-01-14,UP,12,SAIL.NS,0.8414,3.4932,1.3766,2026-01-15,0.0,2026-01-19,-1.7974
2026-01-14,UP,13,ZENSARTECH.NS,0.8189,2.6059,0.7166,2026-01-15,0.0,2026-01-19,1.3948
2026-01-14,UP,14,ONGC.NS,0.8162,2.2614,3.8359,2026-01-15,0.0,2026-01-19,-2.0626
2026-01-14,UP,15,TATASTEEL.NS,0.8096,2.3669,2.9652,2026-01-15,0.0,2026-01-19,-0.5178
2026-01-14,UP,16,APOLLOTYRE.NS,0.7973,2.5828,2.0095,2026-01-15,0.0,2026-01-19,-3.3905
2026-01-14,UP,17,PNB.NS,0.7708,2.1571,2.387,2026-01-15,0.0,2026-01-19,-0.4896
2026-01-14,UP,18,SHYAMMETL.NS,0.7564,2.4077,1.1667,2026-01-15,0.0,2026-01-19,-2.1811
2026-01-14,UP,19,BSE.NS,0.7544,2.5648,3.348,2026-01-15,0.0,2026-01-19,-3.8811
2026-01-14,UP,20,MGL.NS,0.7221,2.6973,-1.2434,2026-01-15,0.0,2026-01-19,4.731
2026-01-14,DN,1,TEJASNET.NS,0.8613,4.289,-17.4349,2026-01-15,0.0,2026-01-19,-5.7983
2026-01-14,DN,2,HFCL.NS,0.839,5.9607,-7.4835,2026-01-15,0.0,2026-01-19,2.5617
2026-01-14,DN,3,SJVN.NS,0.8269,4.1962,-5.1801,2026-01-15,0.0,2026-01-19,-5.3233
2026-01-14,DN,4,INTELLECT.NS,0.81,4.1711,-7.7012,2026-01-15,0.0,2026-01-19,-1.5682
2026-01-14,DN,5,GODREJPROP.NS,0.8064,2.9333,-12.4778,2026-01-15,0.0,2026-01-19,-3.9329
2026-01-14,DN,6,MOIL.NS,0.7987,4.4686,-7.1543,2026-01-15,0.0,2026-01-19,-1.2604
2026-01-14,DN,7,KALYANKJIL.NS,0.7944,3.0629,-7.7484,2026-01-15,0.0,2026-01-19,-4.4858
2026-01-14,DN,8,ADANIENSOL.NS,0.7672,3.1344,-10.7305,2026-01-15,0.0,2026-01-19,-1.5391
2026-01-14,DN,9,BOSCHLTD.NS,0.7577,2.7891,-4.3173,2026-01-15,0.0,2026-01-19,-2.523
2026-01-14,DN,10,AMBER.NS,0.7564,2.9975,-8.1091,2026-01-15,0.0,2026-01-19,-0.5398
2026-01-14,DN,11,RECLTD.NS,0.744,2.7652,-3.9844,2026-01-15,0.0,2026-01-19,0.0541
2026-01-14,DN,12,ADANIGREEN.NS,0.7321,2.4049,-8.2319,2026-01-15,0.0,2026-01-19,-2.2773
2026-01-14,DN,13,VGUARD.NS,0.723,3.1616,-7.8082,2026-01-15,0.0,2026-01-19,2.3609
2026-01-14,DN,14,MIDHANI.NS,0.7176,4.8736,-3.0952,2026-01-15,0.0,2026-01-19,3.4222
2026-01-14,DN,15,NATCOPHARM.NS,0.7172,2.9518,-5.7235,2026-01-15,0.0,2026-01-19,-5.1797
2026-01-14,DN,16,DLF.NS,0.7164,2.457,-7.4227,2026-01-15,0.0,2026-01-19,-1.4131
2026-01-14,DN,17,SUZLON.NS,0.7118,3.0285,-7.3535,2026-01-15,0.0,2026-01-19,-2.1016
2026-01-14,DN,18,PRESTIGE.NS,0.7037,2.9063,-7.3665,2026-01-15,0.0,2026-01-19,0.3733
2026-01-14,DN,19,JINDALPOLY.NS,0.7025,4.4413,-11.253,2026-01-15,0.0,2026-01-19,-4.424
2026-01-14,DN,20,LT.NS,0.7005,1.9654,-7.0051,2026-01-15,0.0,2026-01-19,0.1035
2026-01-16,UP,1,MRPL.NS,0.979,4.981,8.6638,2026-01-19,-5.2955,2026-01-21,0.595
2026-01-16,UP,2,FEDERALBNK.NS,0.9073,2.7012,5.8559,2026-01-19,3.4968,2026-01-21,2.1647
2026-01-16,UP,3,RBLBANK.NS,0.9024,2.6846,6.1131,2026-01-19,-6.7006,2026-01-21,-8.3487
2026-01-16,UP,4,UNIONBANK.NS,0.8844,2.9026,8.5603,2026-01-19,0.7267,2026-01-21,-2.0891
2026-01-16,UP,5,NAVINFLUOR.NS,0.8732,3.2863,6.6522,2026-01-19,-0.7147,2026-01-21,-5.7663
2026-01-16,UP,6,INDUSINDBK.NS,0.8712,2.4719,8.1156,2026-01-19,-0.4246,2026-01-21,-4.8959
2026-01-16,UP,7,VEDL.NS,0.8578,2.3881,11.9456,2026-01-19,-1.1572,2026-01-21,-0.8862
2026-01-16,UP,8,OIL.NS,0.8512,2.8896,6.8087,2026-01-19,-2.8641,2026-01-21,-3.3657
2026-01-16,UP,9,HFCL.NS,0.8502,5.0374,4.8235,2026-01-19,-2.8815,2026-01-21,-8.8209
2026-01-16,UP,10,MANAPPURAM.NS,0.8432,3.5589,9.8478,2026-01-19,0.1433,2026-01-21,-4.9204
2026-01-16,UP,11,INDIAMART.NS,0.8288,2.2549,6.6934,2026-01-19,-4.1328,2026-01-21,-1.066
2026-01-16,UP,12,HINDZINC.NS,0.8066,3.2525,5.1612,2026-01-19,3.5515,2026-01-21,9.3767
2026-01-16,UP,13,BSE.NS,0.7839,2.6059,5.2145,2026-01-19,-2.9195,2026-01-21,-6.4051
2026-01-16,UP,14,CENTUM.NS,0.7822,5.2181,4.2643,2026-01-19,-2.3073,2026-01-21,-5.2652
2026-01-16,UP,15,PNB.NS,0.78,2.0016,7.6973,2026-01-19,-3.2563,2026-01-21,-6.3237
2026-01-16,UP,16,TECHM.NS,0.7637,2.0238,5.5808,2026-01-19,2.8614,2026-01-21,0.9698
2026-01-16,UP,17,CANBK.NS,0.7598,2.3129,4.3776,2026-01-19,-0.1718,2026-01-21,-4.054
2026-01-16,UP,18,BPCL.NS,0.7576,2.6117,2.5554,2026-01-19,-0.5369,2026-01-21,-3.0975
2026-01-16,UP,19,OFSS.NS,0.7561,2.0384,4.7647,2026-01-19,0.3895,2026-01-21,-3.5932
2026-01-16,UP,20,JINDALSTEL.NS,0.7515,2.6047,3.2268,2026-01-19,1.2178,2026-01-21,-0.1438
2026-01-16,DN,1,TEJASNET.NS,0.8517,4.0917,-12.5375,2026-01-19,-4.262,2026-01-21,-10.4975
2026-01-16,DN,2,KALYANKJIL.NS,0.801,3.0542,-7.7727,2026-01-19,-1.8503,2026-01-21,-15.1765
2026-01-16,DN,3,SOBHA.NS,0.7971,3.3219,-2.7259,2026-01-19,-2.2327,2026-01-21,-11.4909
2026-01-16,DN,4,SOLARINDS.NS,0.7833,3.447,-4.5867,2026-01-19,0.7012,2026-01-21,-2.3062
2026-01-16,DN,5,GODREJPROP.NS,0.7676,2.9846,-5.1469,2026-01-19,-4.828,2026-01-21,-12.9487
2026-01-16,DN,6,RATNAMANI.NS,0.7454,2.6919,-6.8168,2026-01-19,1.5884,2026-01-21,-3.3061
2026-01-16,DN,7,ERIS.NS,0.7432,2.6233,-5.3115,2026-01-19,-0.6126,2026-01-21,-4.7009
2026-01-16,DN,8,RADICO.NS,0.7407,4.4551,-6.1148,2026-01-19,-1.854,2026-01-21,-2.0304
2026-01-16,DN,9,IDEA.NS,0.732,6.0602,-3.9076,2026-01-19,-2.1257,2026-01-21,-6.4695
2026-01-16,DN,10,JINDALPOLY.NS,0.731,4.5168,-10.6728,2026-01-19,-0.2397,2026-01-21,-7.3429
2026-01-16,DN,11,NATCOPHARM.NS,0.7273,3.1355,-3.4599,2026-01-19,-1.5883,2026-01-21,-2.2865
2026-01-16,DN,12,SUDARSCHEM.NS,0.7241,2.7525,-6.2185,2026-01-19,-1.3465,2026-01-21,0.9731
2026-01-16,DN,13,CESC.NS,0.7224,2.5791,-5.8863,2026-01-19,-2.2603,2026-01-21,-6.8131
2026-01-16,DN,14,LTTS.NS,0.7198,3.038,-10.0634,2026-01-19,-1.2024,2026-01-21,-0.4697
2026-01-16,DN,15,AJANTPHARM.NS,0.7093,3.3302,-5.5489,2026-01-19,0.1753,2026-01-21,1.2011
2026-01-16,DN,16,DIVISLAB.NS,0.708,2.3109,-5.7508,2026-01-19,-1.5394,2026-01-21,-3.6241
2026-01-16,DN,17,BOSCHLTD.NS,0.6983,2.7807,-3.053,2026-01-19,-0.8823,2026-01-21,-4.6287
2026-01-16,DN,18,POLYCAB.NS,0.6902,2.5441,-7.3325,2026-01-19,4.1634,2026-01-21,-2.0572
2026-01-16,DN,19,CIPLA.NS,0.6837,1.8554,-4.6531,2026-01-19,-0.3721,2026-01-21,-1.9964
2026-01-16,DN,20,LT.NS,0.6807,1.9819,-4.1936,2026-01-19,0.3475,2026-01-21,-2.3312
2026-01-19,UP,1,NAVINFLUOR.NS,0.9282,3.2959,7.2651,2026-01-20,-2.8466,2026-01-22,-3.1902
2026-01-19,UP,2,WELCORP.NS,0.9204,2.8163,6.2589,2026-01-20,-3.7004,2026-01-22,-3.6369
2026-01-19,UP,3,FEDERALBNK.NS,0.9121,2.6763,10.5971,2026-01-20,-2.306,2026-01-22,0.8938
2026-01-19,UP,4,UNIONBANK.NS,0.8944,2.8357,8.2022,2026-01-20,-0.9581,2026-01-22,-1.4935
2026-01-19,UP,5,HINDZINC.NS,0.874,3.2778,5.1174,2026-01-20,3.0815,2026-01-22,1.1887
2026-01-19,UP,6,MASTEK.NS,0.8522,2.2973,9.6494,2026-01-20,0.7201,2026-01-22,-4.3888
2026-01-19,UP,7,MRPL.NS,0.8471,5.5173,2.059,2026-01-20,-2.6806,2026-01-22,7.7068
2026-01-19,UP,8,TECHM.NS,0.8252,2.1683,8.3349,2026-01-20,-2.3162,2026-01-22,-1.7983
2026-01-19,UP,9,LAURUSLABS.NS,0.824,2.6758,1.8692,2026-01-20,-2.5595,2026-01-22,-5.3543
2026-01-19,UP,10,PNB.NS,0.824,2.4382,3.9704,2026-01-20,-1.7806,2026-01-22,-2.2569
2026-01-19,UP,11,MGL.NS,0.8158,2.5325,2.732,2026-01-20,-0.0455,2026-01-22,1.6485
2026-01-19,UP,12,INDUSINDBK.NS,0.8041,2.5547,4.8981,2026-01-20,-4.701,2026-01-22,-4.9853
2026-01-19,UP,13,CENTUM.NS,0.7976,5.1685,7.6412,2026-01-20,-1.2342,2026-01-22,-0.0799
2026-01-19,UP,14,VEDL.NS,0.7976,2.4018,7.5636,2026-01-20,-0.4446,2026-01-22,0.5705
2026-01-19,UP,15,MANAPPURAM.NS,0.7949,3.572,6.8831,2026-01-20,-4.007,2026-01-22,-4.5317
2026-01-19,UP,16,HFCL.NS,0.7745,5.149,4.5419,2026-01-20,-4.1477,2026-01-22,-5.5858
2026-01-19,UP,17,JINDALSTEL.NS,0.7738,2.5037,3.1464,2026-01-20,-1.4968,2026-01-22,1.9326
2026-01-19,UP,18,OFSS.NS,0.7532,2.048,5.36,2026-01-20,-2.0712,2026-01-22,-1.1701
2026-01-19,UP,19,CANBK.NS,0.7512,2.2108,4.5594,2026-01-20,-2.0273,2026-01-22,-1.3898
2026-01-19,UP,20,INDIAMART.NS,0.7427,2.4689,1.885,2026-01-20,-2.397,2026-01-22,0.7747
2026-01-19,DN,1,IDEA.NS,0.8604,6.1986,-5.8667,2026-01-20,-4.3437,2026-01-22,-3.8716
2026-01-19,DN,2,KALYANKJIL.NS,0.8466,3.3835,-8.4862,2026-01-20,-1.6127,2026-01-22,-18.59
2026-01-19,DN,3,WIPRO.NS,0.8405,2.7767,-6.5184,2026-01-20,-2.4598,2026-01-22,-2.1549
2026-01-19,DN,4,SOBHA.NS,0.8236,3.5356,-4.1099,2026-01-20,-8.6124,2026-01-22,-10.0121
2026-01-19,DN,5,SJVN.NS,0.7718,4.5721,-7.4631,2026-01-20,-3.6366,2026-01-22,-2.6838
2026-01-19,DN,6,CESC.NS,0.7689,2.7321,-6.7683,2026-01-20,-3.2915,2026-01-22,-5.7552
2026-01-19,DN,7,GODREJPROP.NS,0.7291,3.4463,-6.8883,2026-01-20,-5.7348,2026-01-22,-9.8676
2026-01-19,DN,8,LTTS.NS,0.7233,2.9791,-10.3399,2026-01-20,-1.1395,2026-01-22,0.2946
2026-01-19,DN,9,JINDALPOLY.NS,0.7095,4.599,-9.3754,2026-01-20,-3.7941,2026-01-22,1.4038
2026-01-19,DN,10,ERIS.NS,0.7073,2.638,-4.2948,2026-01-20,-4.2659,2026-01-22,-1.7521
2026-01-19,DN,11,VOLTAS.NS,0.7019,2.4952,-4.7541,2026-01-20,-5.2989,2026-01-22,-7.5014
2026-01-19,DN,12,SOLARINDS.NS,0.6995,3.4429,-2.0165,2026-01-20,-2.5455,2026-01-22,-0.1857
2026-01-19,DN,13,SUDARSCHEM.NS,0.6973,2.8105,-5.649,2026-01-20,1.9958,2026-01-22,2.8847
2026-01-19,DN,14,PETRONET.NS,0.6937,2.6054,-2.183,2026-01-20,-2.2496,2026-01-22,-1.7854
2026-01-19,DN,15,CIPLA.NS,0.6837,1.8797,-4.9754,2026-01-20,-0.9983,2026-01-22,-1.5729
2026-01-19,DN,16,METROBRAND.NS,0.6784,3.9627,-4.9756,2026-01-20,-3.6301,2026-01-22,-2.0146
2026-01-19,DN,17,DIVISLAB.NS,0.6782,2.2801,-5.3273,2026-01-20,-2.0684,2026-01-22,-1.1238
2026-01-19,DN,18,POLYCAB.NS,0.674,2.6278,-2.7658,2026-01-20,-4.6306,2026-01-22,-5.6484
2026-01-19,DN,19,RADICO.NS,0.6723,4.5732,-3.6764,2026-01-20,-2.9604,2026-01-22,5.2617
2026-01-19,DN,20,BOSCHLTD.NS,0.6711,2.7644,-3.0536,2026-01-20,-2.5609,2026-01-22,-2.1912
2026-01-20,UP,1,HINDZINC.NS,0.9531,3.4411,8.0813,2026-01-21,2.4679,2026-01-23,2.6368
2026-01-20,UP,2,WELCORP.NS,0.8998,3.0907,2.4166,2026-01-21,-1.0875,2026-01-23,-3.691
2026-01-20,UP,3,DEEPAKNTR.NS,0.8339,2.4747,2.0494,2026-01-21,-0.7858,2026-01-23,-2.4822
2026-01-20,UP,4,MASTEK.NS,0.832,2.461,9.2884,2026-01-21,-2.1765,2026-01-23,-9.7266
2026-01-20,UP,5,FEDERALBNK.NS,0.824,2.8754,9.6069,2026-01-21,1.043,2026-01-23,1.9396
2026-01-20,UP,6,MGL.NS,0.799,2.5558,3.1485,2026-01-21,0.8018,2026-01-23,-1.8679
2026-01-20,UP,7,RATEGAIN.NS,0.7938,3.3063,-0.2456,2026-01-21,-2.7694,2026-01-23,-5.3773
2026-01-20,UP,8,PNB.NS,0.7863,2.5642,1.0039,2026-01-21,-1.4153,2026-01-23,-4.4685
2026-01-20,UP,9,UNIONBANK.NS,0.768,2.9375,5.7404,2026-01-21,-1.8551,2026-01-23,-1.6844
2026-01-20,UP,10,HFCL.NS,0.7649,4.8258,1.0211,2026-01-21,-2.0531,2026-01-23,-3.506
2026-01-20,UP,11,FINPIPE.NS,0.7639,2.2468,1.4841,2026-01-21,-0.8877,2026-01-23,-1.121
2026-01-20,UP,12,VEDL.NS,0.7514,2.4832,5.43,2026-01-21,0.7219,2026-01-23,1.8383
2026-01-20,UP,13,CANBK.NS,0.7481,2.3044,1.8693,2026-01-21,-1.9001,2026-01-23,-1.2168
2026-01-20,UP,14,NAVINFLUOR.NS,0.7404,3.1056,2.6002,2026-01-21,-2.307,2026-01-23,-0.3284
2026-01-20,UP,15,JINDALSTEL.NS,0.738,2.4462,2.869,2026-01-21,0.1539,2026-01-23,2.2889
2026-01-20,UP,16,MIDHANI.NS,0.7183,4.0595,1.2742,2026-01-21,-1.9234,2026-01-23,-4.6421
2026-01-20,UP,17,INDUSINDBK.NS,0.7091,2.8204,-0.593,2026-01-21,0.221,2026-01-23,-1.4031
2026-01-20,UP,18,BPCL.NS,0.7087,2.4966,0.0282,2026-01-21,-0.915,2026-01-23,-1.7033
2026-01-20,UP,19,TECHM.NS,0.705,2.2912,3.9448,2026-01-21,0.4885,2026-01-23,1.3464
2026-01-20,UP,20,STLTECH.NS,0.7048,3.6947,-1.453,2026-01-21,1.1359,2026-01-23,-3.4622
2026-01-20,DN,1,SOBHA.NS,0.8837,4.5063,-11.9272,2026-01-21,-0.938,2026-01-23,1.2604
2026-01-20,DN,2,WIPRO.NS,0.832,2.9438,-9.1976,2026-01-21,-0.1459,2026-01-23,-0.6253
2026-01-20,DN,3,KALYANKJIL.NS,0.831,3.5774,-8.8808,2026-01-21,-12.1608,2026-01-23,-18.6621
2026-01-20,DN,4,SJVN.NS,0.8022,4.8183,-9.582,2026-01-21,-0.6127,2026-01-23,-1.3229
2026-01-20,DN,5,ONMOBILE.NS,0.7863,4.3226,-9.42,2026-01-21,-3.3178,2026-01-23,-5.1804
2026-01-20,DN,6,CROMPTON.NS,0.7548,3.0241,-7.5949,2026-01-21,-0.5779,2026-01-23,-3.5531
2026-01-20,DN,7,DATAPATTNS.NS,0.75,4.2392,-13.1545,2026-01-21,-1.5951,2026-01-23,-3.0259
2026-01-20,DN,8,YESBANK.NS,0.745,3.1205,-4.7828,2026-01-21,-0.1843,2026-01-23,-3.5945
2026-01-20,DN,9,CESC.NS,0.7392,2.9717,-8.0575,2026-01-21,-1.413,2026-01-23,-4.5992
2026-01-20,DN,10,ALKYLAMINE.NS,0.7375,3.9633,-3.9853,2026-01-21,3.0129,2026-01-23,1.0086
2026-01-20,DN,11,POLYCAB.NS,0.7365,2.9724,-6.36,2026-01-21,-1.4065,2026-01-23,-4.9827
2026-01-20,DN,12,VOLTAS.NS,0.7349,2.9147,-9.338,2026-01-21,-2.5447,2026-01-23,-0.6721
2026-01-20,DN,13,OIL.NS,0.7341,3.0519,-4.2197,2026-01-21,1.0606,2026-01-23,1.5618
2026-01-20,DN,14,SAPPHIRE.NS,0.7221,4.5315,-9.486,2026-01-21,-1.901,2026-01-23,-9.8708
2026-01-20,DN,15,BSE.NS,0.7219,2.9033,-6.3065,2026-01-21,-0.9271,2026-01-23,1.206
2026-01-20,DN,16,BOSCHLTD.NS,0.7216,2.8973,-6.1469,2026-01-21,-1.2509,2026-01-23,-0.8714
2026-01-20,DN,17,LTTS.NS,0.7192,2.9371,-11.3903,2026-01-21,1.9028,2026-01-23,0.3137
2026-01-20,DN,18,IDEAFORGE.NS,0.7149,3.9482,-9.533,2026-01-21,-0.4489,2026-01-23,-5.1861
2026-01-20,DN,19,GODREJPROP.NS,0.6995,3.9999,-9.7988,2026-01-21,-2.9681,2026-01-23,-9.0577
2026-01-20,DN,20,SUNPHARMA.NS,0.6969,2.3405,-6.6466,2026-01-21,-0.0558,2026-01-23,1.1216
2026-01-21,UP,1,HINDZINC.NS,0.9053,3.4447,6.6264,2026-01-22,-4.2004,2026-01-27,4.2506
2026-01-21,UP,2,INDIAMART.NS,0.885,2.7482,7.0986,2026-01-22,-2.3492,2026-01-27,-3.4576
2026-01-21,UP,3,VGUARD.NS,0.8645,2.7381,2.0307,2026-01-22,0.2104,2026-01-27,1.9417
2026-01-21,UP,4,NOCIL.NS,0.856,2.9238,-0.1305,2026-01-22,-3.5872,2026-01-27,-6.6517
2026-01-21,UP,5,NAUKRI.NS,0.8196,2.4849,2.0754,2026-01-22,-1.0053,2026-01-27,-4.0438
2026-01-21,UP,6,PERSISTENT.NS,0.8118,2.7778,-0.51,2026-01-22,1.2576,2026-01-27,-0.4165
2026-01-21,UP,7,MPHASIS.NS,0.8075,2.6163,0.3622,2026-01-22,0.4002,2026-01-27,0.2573
2026-01-21,UP,8,WELCORP.NS,0.806,3.239,1.584,2026-01-22,1.1661,2026-01-27,-3.7982
2026-01-21,UP,9,STLTECH.NS,0.7988,3.4766,-1.5836,2026-01-22,0.7667,2026-01-27,-6.8683
2026-01-21,UP,10,FEDERALBNK.NS,0.7894,2.9635,11.8493,2026-01-22,2.2093,2026-01-27,3.2054
2026-01-21,UP,11,OFSS.NS,0.7425,2.4346,1.8922,2026-01-22,2.9126,2026-01-27,4.3331
2026-01-21,UP,12,DABUR.NS,0.7401,2.3447,0.4769,2026-01-22,1.7726,2026-01-27,-0.5424
2026-01-21,UP,13,ICICIGI.NS,0.7353,2.4836,-1.2435,2026-01-22,-0.5396,2026-01-27,-1.5644
2026-01-21,UP,14,RADICO.NS,0.7338,4.328,-3.2617,2026-01-22,5.4512,2026-01-27,3.234
2026-01-21,UP,15,SUDARSCHEM.NS,0.7319,2.9565,-2.1385,2026-01-22,0.5211,2026-01-27,-1.8098
2026-01-21,UP,16,POLICYBZR.NS,0.729,2.8031,1.5504,2026-01-22,3.0594,2026-01-27,-2.0376
2026-01-21,UP,17,ADANIENSOL.NS,0.7251,3.081,-2.5255,2026-01-22,2.8355,2026-01-27,-5.5821
2026-01-21,UP,18,AJANTPHARM.NS,0.7196,3.2182,-0.6409,2026-01-22,0.1659,2026-01-27,-0.5455
2026-01-21,UP,19,MASTEK.NS,0.7179,2.6002,6.4182,2026-01-22,-2.9604,2026-01-27,-9.2029
2026-01-21,UP,20,INTELLECT.NS,0.714,3.5888,-2.2185,2026-01-22,3.2188,2026-01-27,0.1174
2026-01-21,DN,1,KALYANKJIL.NS,0.8831,5.0948,-17.4542,2026-01-22,-5.8,2026-01-27,-6.9726
2026-01-21,DN,2,SOBHA.NS,0.8758,4.5859,-11.8085,2026-01-22,-0.5992,2026-01-27,1.3242
2026-01-21,DN,3,ONMOBILE.NS,0.8471,4.8121,-12.8694,2026-01-22,2.0068,2026-01-27,-4.696
2026-01-21,DN,4,SJVN.NS,0.8147,4.9421,-9.3254,2026-01-22,1.6113,2026-01-27,0.2662
2026-01-21,DN,5,SRF.NS,0.7961,2.9229,-11.7117,2026-01-22,2.204,2026-01-27,0.198
2026-01-21,DN,6,LAURUSLABS.NS,0.7918,3.3946,-9.4085,2026-01-22,1.8119,2026-01-27,1.2451
2026-01-21,DN,7,HAVELLS.NS,0.7737,3.0341,-8.4267,2026-01-22,-0.3191,2026-01-27,-2.0593
2026-01-21,DN,8,DATAPATTNS.NS,0.7691,4.4408,-14.109,2026-01-22,3.5535,2026-01-27,3.7341
2026-01-21,DN,9,WIPRO.NS,0.7662,2.9549,-7.9362,2026-01-22,0.4592,2026-01-27,-1.9829
2026-01-21,DN,10,UNIONBANK.NS,0.7576,3.2105,-3.7932,2026-01-22,1.3394,2026-01-27,1.5887
2026-01-21,DN,11,BSE.NS,0.7531,3.0242,-7.3322,2026-01-22,3.0356,2026-01-27,5.0365
2026-01-21,DN,12,KEI.NS,0.7481,3.0972,-10.156,2026-01-22,-2.3075,2026-01-27,-3.4042
2026-01-21,DN,13,OIL.NS,0.7461,3.0067,-5.3384,2026-01-22,0.6689,2026-01-27,3.4598
2026-01-21,DN,14,CROMPTON.NS,0.7394,3.0678,-8.8143,2026-01-22,-1.1195,2026-01-27,-4.3488
2026-01-21,DN,15,GODREJPROP.NS,0.7278,4.3298,-12.13,2026-01-22,-1.4595,2026-01-27,-7.6928
2026-01-21,DN,16,GRANULES.NS,0.7271,3.5718,-9.0132,2026-01-22,6.2785,2026-01-27,7.7295
2026-01-21,DN,17,VOLTAS.NS,0.7256,3.1586,-10.3688,2026-01-22,0.2247,2026-01-27,3.0993
2026-01-21,DN,18,YESBANK.NS,0.7246,3.2087,-5.6209,2026-01-22,-0.1385,2026-01-27,-2.9548
2026-01-21,DN,19,MRPL.NS,0.7111,5.1628,-3.9091,2026-01-22,1.3998,2026-01-27,2.7537
2026-01-21,DN,20,SAPPHIRE.NS,0.7053,4.5271,-10.1763,2026-01-22,-3.7019,2026-01-27,-9.6646
2026-01-22,UP,1,RADICO.NS,0.956,4.6756,2.731,2026-01-23,-0.8303,2026-01-28,-8.0354
2026-01-22,UP,2,FEDERALBNK.NS,0.8841,3.107,14.3204,2026-01-23,-1.2934,2026-01-28,0.7973
2026-01-22,UP,3,OFSS.NS,0.8531,2.5955,4.8599,2026-01-23,0.7471,2026-01-28,1.4626
2026-01-22,UP,4,WELCORP.NS,0.8423,3.3442,2.7686,2026-01-23,-3.7544,2026-01-28,-1.4491
2026-01-22,UP,5,POLICYBZR.NS,0.8295,2.7541,4.0097,2026-01-23,-2.3737,2026-01-28,-3.5868
2026-01-22,UP,6,TECHM.NS,0.8024,2.3663,6.226,2026-01-23,0.8119,2026-01-28,4.4743
2026-01-22,UP,7,NAUKRI.NS,0.7959,2.8036,1.0492,2026-01-23,-1.4096,2026-01-28,-1.4854
2026-01-22,UP,8,HINDZINC.NS,0.7901,3.8833,2.1477,2026-01-23,4.5567,2026-01-28,5.9783
2026-01-22,UP,9,INDIAMART.NS,0.7877,2.9991,4.5826,2026-01-23,-0.7868,2026-01-28,-1.135
2026-01-22,UP,10,MASTEK.NS,0.7783,3.0341,3.2678,2026-01-23,-4.9029,2026-01-28,-4.7181
2026-01-22,UP,11,DRREDDY.NS,0.7604,2.1121,2.6127,2026-01-23,1.4867,2026-01-28,0.4107
2026-01-22,UP,12,INTELLECT.NS,0.7556,3.5476,0.9289,2026-01-23,-3.519,2026-01-28,-1.4563
2026-01-22,UP,13,JINDALSTEL.NS,0.749,2.508,3.3919,2026-01-23,-1.1524,2026-01-28,4.0335
2026-01-22,UP,14,JINDALPOLY.NS,0.7476,5.3701,-3.0823,2026-01-23,-3.9037,2026-01-28,-1.7835
2026-01-22,UP,15,PERSISTENT.NS,0.7452,2.8767,0.7412,2026-01-23,-2.6185,2026-01-28,-1.7008
2026-01-22,UP,16,IDFCFIRSTB.NS,0.7442,2.36,1.3603,2026-01-23,-1.4371,2026-01-28,-1.5083
2026-01-22,UP,17,DABUR.NS,0.7362,2.1136,2.2579,2026-01-23,-1.2087,2026-01-28,-1.8274
2026-01-22,UP,18,ASHOKLEY.NS,0.7341,2.6743,1.8139,2026-01-23,1.419,2026-01-28,2.654
2026-01-22,UP,19,ADANIENSOL.NS,0.7331,3.091,0.2385,2026-01-23,-12.1215,2026-01-28,-4.628
2026-01-22,UP,20,COLPAL.NS,0.7222,2.0748,4.1724,2026-01-23,-0.6102,2026-01-28,-1.1562
2026-01-22,DN,1,KALYANKJIL.NS,0.8901,5.8005,-22.2419,2026-01-23,-1.6999,2026-01-28,-1.4991
2026-01-22,DN,2,SOBHA.NS,0.8826,4.6864,-13.2761,2026-01-23,2.8355,2026-01-28,5.3881
2026-01-22,DN,3,ONMOBILE.NS,0.8355,4.671,-11.1208,2026-01-23,-3.856,2026-01-28,-3.4035
2026-01-22,DN,4,LAURUSLABS.NS,0.7961,3.4947,-7.7671,2026-01-23,1.0539,2026-01-28,-0.6761
2026-01-22,DN,5,GODREJPROP.NS,0.7942,4.4398,-13.4124,2026-01-23,-4.8877,2026-01-28,-4.3261
2026-01-22,DN,6,KEI.NS,0.7918,3.4885,-12.2292,2026-01-23,-1.0706,2026-01-28,0.7977
2026-01-22,DN,7,DATAPATTNS.NS,0.7865,4.4394,-11.0568,2026-01-23,-4.8356,2026-01-28,13.831
2026-01-22,DN,8,OIL.NS,0.785,3.0776,-4.7052,2026-01-23,-0.1718,2026-01-28,12.384
2026-01-22,DN,9,SRF.NS,0.7843,2.9753,-9.7658,2026-01-23,-0.8114,2026-01-28,2.9643
2026-01-22,DN,10,RBLBANK.NS,0.78,3.6148,-5.0641,2026-01-23,-2.5658,2026-01-28,0.3883
2026-01-22,DN,11,WIPRO.NS,0.7787,2.8658,-7.5135,2026-01-23,-0.935,2026-01-28,-1.3713
2026-01-22,DN,12,HAVELLS.NS,0.778,3.1543,-8.7189,2026-01-23,-1.8905,2026-01-28,-1.9058
2026-01-22,DN,13,TATACOMM.NS,0.7604,3.3659,-11.7302,2026-01-23,0.7946,2026-01-28,-1.1952
2026-01-22,DN,14,NATCOPHARM.NS,0.7594,3.5665,-6.4129,2026-01-23,-0.3354,2026-01-28,-1.9467
2026-01-22,DN,15,UNIONBANK.NS,0.7538,3.2363,-2.5046,2026-01-23,-1.15,2026-01-28,4.0909
2026-01-22,DN,16,YESBANK.NS,0.7478,3.0942,-5.7516,2026-01-23,-3.2825,2026-01-28,-0.6935
2026-01-22,DN,17,BSE.NS,0.7436,3.0572,-4.5192,2026-01-23,-0.8565,2026-01-28,4.1682
2026-01-22,DN,18,PNBHOUSING.NS,0.7309,3.2395,-11.7692,2026-01-23,-5.5623,2026-01-28,-1.7088
2026-01-22,DN,19,CROMPTON.NS,0.7275,3.0839,-9.8351,2026-01-23,-1.8942,2026-01-28,-1.8506
2026-01-22,DN,20,SAPPHIRE.NS,0.7167,4.5205,-13.5015,2026-01-23,-4.5924,2026-01-28,-2.0382
2026-01-23,UP,1,HINDZINC.NS,0.9558,3.9625,9.557,2026-01-27,4.079,2026-01-29,2.3615
2026-01-23,UP,2,RADICO.NS,0.9553,4.6954,2.4524,2026-01-27,-1.2829,2026-01-29,-8.8015
2026-01-23,UP,3,POLICYBZR.NS,0.8597,3.0673,3.3272,2026-01-27,-2.6346,2026-01-29,-1.7146
2026-01-23,UP,4,ASHOKLEY.NS,0.8573,2.7649,4.7381,2026-01-27,0.0104,2026-01-29,0.5596
2026-01-23,UP,5,NATIONALUM.NS,0.84,3.6239,2.5028,2026-01-27,3.7637,2026-01-29,15.7021
2026-01-23,UP,6,SUDARSCHEM.NS,0.8049,3.2306,0.0113,2026-01-27,-0.8655,2026-01-29,-1.3747
2026-01-23,UP,7,JINDALSTEL.NS,0.7934,2.7642,1.9848,2026-01-27,1.6077,2026-01-29,9.0259
2026-01-23,UP,8,SAIL.NS,0.7893,3.4801,-0.2276,2026-01-27,4.3817,2026-01-29,5.4687
2026-01-23,UP,9,DRREDDY.NS,0.7867,2.1736,5.1127,2026-01-27,0.3399,2026-01-29,-2.1609
2026-01-23,UP,10,FEDERALBNK.NS,0.7466,3.1874,3.0712,2026-01-27,2.2976,2026-01-29,3.249
2026-01-23,UP,11,M&MFIN.NS,0.7408,3.3234,1.2635,2026-01-27,0.9566,2026-01-29,3.771
2026-01-23,UP,12,SHRIRAMFIN.NS,0.718,2.3847,0.8137,2026-01-27,-0.2491,2026-01-29,1.9182
2026-01-23,UP,13,MRPL.NS,0.7058,5.2041,2.737,2026-01-27,0.6113,2026-01-29,13.861
2026-01-23,UP,14,ZENSARTECH.NS,0.6971,2.9904,-1.4474,2026-01-27,-4.2214,2026-01-29,-5.1366
2026-01-23,UP,15,GLAXO.NS,0.6925,2.8974,-1.3644,2026-01-27,1.1844,2026-01-29,2.2997
2026-01-23,UP,16,DABUR.NS,0.6871,2.1532,0.8648,2026-01-27,-1.079,2026-01-29,-1.6474
2026-01-23,UP,17,IDFCFIRSTB.NS,0.6862,2.4796,-0.9548,2026-01-27,0.6145,2026-01-29,0.5784
2026-01-23,UP,18,HINDUNILVR.NS,0.6857,1.9207,2.0802,2026-01-27,-0.3569,2026-01-29,-2.3615
2026-01-23,UP,19,SOLARINDS.NS,0.676,3.5946,-1.379,2026-01-27,0.8532,2026-01-29,5.2852
2026-01-23,UP,20,WELCORP.NS,0.6752,3.6056,-0.8482,2026-01-27,-1.1976,2026-01-29,1.7178
2026-01-23,DN,1,KALYANKJIL.NS,0.8777,5.8872,-21.4545,2026-01-27,0.463,2026-01-29,0.3268
2026-01-23,DN,2,ADANIGREEN.NS,0.8726,4.5327,-16.9122,2026-01-27,3.4032,2026-01-29,11.1284
2026-01-23,DN,3,GODREJPROP.NS,0.8595,4.8283,-18.4119,2026-01-27,-1.5118,2026-01-29,1.6416
2026-01-23,DN,4,RBLBANK.NS,0.8532,3.689,-11.0906,2026-01-27,2.3389,2026-01-29,2.6334
2026-01-23,DN,5,ONMOBILE.NS,0.8461,5.1624,-13.2896,2026-01-27,-2.8238,2026-01-29,-1.2277
2026-01-23,DN,6,KEI.NS,0.8199,3.6789,-12.8807,2026-01-27,-0.0525,2026-01-29,5.2033
2026-01-23,DN,7,SOBHA.NS,0.8092,4.6968,-9.5266,2026-01-27,-0.8757,2026-01-29,1.7513
2026-01-23,DN,8,WIPRO.NS,0.7981,2.8254,-10.8618,2026-01-27,-1.5101,2026-01-29,0.5872
2026-01-23,DN,9,PNBHOUSING.NS,0.7959,3.7829,-15.507,2026-01-27,1.6002,2026-01-29,3.582
2026-01-23,DN,10,TEJASNET.NS,0.7837,6.2302,-16.6644,2026-01-27,-2.5983,2026-01-29,7.1534
2026-01-23,DN,11,SRF.NS,0.783,3.0285,-10.362,2026-01-27,-1.1608,2026-01-29,3.9135
2026-01-23,DN,12,DATAPATTNS.NS,0.7799,4.6647,-14.1424,2026-01-27,5.2646,2026-01-29,17.4112
2026-01-23,DN,13,MANAPPURAM.NS,0.7796,4.11,-6.1306,2026-01-27,0.1187,2026-01-29,0.7294
2026-01-23,DN,14,YESBANK.NS,0.7735,3.2778,-10.8269,2026-01-27,0.478,2026-01-29,1.8642
2026-01-23,DN,15,HAVELLS.NS,0.7672,3.2867,-9.7539,2026-01-27,0.1476,2026-01-29,-1.0179
2026-01-23,DN,16,TATACOMM.NS,0.7672,3.4213,-11.0794,2026-01-27,-0.2564,2026-01-29,-2.0254
2026-01-23,DN,17,ADANIENSOL.NS,0.7282,4.4314,-10.5645,2026-01-27,4.4789,2026-01-29,12.4769
2026-01-23,DN,18,ADANIPORTS.NS,0.725,2.8372,-7.9823,2026-01-27,4.2418,2026-01-29,8.3614
2026-01-23,DN,19,DLF.NS,0.7223,3.3077,-9.4483,2026-01-27,3.5857,2026-01-29,8.5139
2026-01-23,DN,20,IDEAFORGE.NS,0.7112,4.4819,-11.1283,2026-01-27,1.5699,2026-01-29,6.7281
2026-01-27,UP,1,HINDZINC.NS,0.9125,3.9427,10.1151,2026-01-28,-2.6128,2026-01-30,-13.5726
2026-01-27,UP,2,RADICO.NS,0.9026,4.7391,3.0485,2026-01-28,-6.0602,2026-01-30,-3.2798
2026-01-27,UP,3,GRANULES.NS,0.887,3.7811,0.8885,2026-01-28,-2.4521,2026-01-30,-1.4678
2026-01-27,UP,4,METROBRAND.NS,0.8851,4.2113,0.9313,2026-01-28,-3.3613,2026-01-30,-1.0922
2026-01-27,UP,5,SAIL.NS,0.8613,3.3891,3.9145,2026-01-28,0.1157,2026-01-30,-2.8478
2026-01-27,UP,6,GRSE.NS,0.8478,3.8036,0.3531,2026-01-28,5.4909,2026-01-30,15.7732
2026-01-27,UP,7,MRPL.NS,0.8137,5.1743,9.1449,2026-01-28,4.8737,2026-01-30,12.9133
2026-01-27,UP,8,COCHINSHIP.NS,0.7897,3.1149,1.1086,2026-01-28,6.5524,2026-01-30,8.9817
2026-01-27,UP,9,SUDARSCHEM.NS,0.7743,3.3966,0.4989,2026-01-28,0.913,2026-01-30,3.0244
2026-01-27,UP,10,BSE.NS,0.7697,3.1128,1.2653,2026-01-28,2.1838,2026-01-30,1.2965
2026-01-27,UP,11,ASHOKLEY.NS,0.7567,2.8349,2.6705,2026-01-28,1.2073,2026-01-30,1.9119
2026-01-27,UP,12,MOIL.NS,0.7512,3.8178,1.3635,2026-01-28,4.751,2026-01-30,4.7081
2026-01-27,UP,13,JSWSTEEL.NS,0.7445,2.2019,3.2007,2026-01-28,-0.27,2026-01-30,-0.6219
2026-01-27,UP,14,OIL.NS,0.7291,3.0527,2.9257,2026-01-28,9.3524,2026-01-30,13.7108
2026-01-27,UP,15,NATIONALUM.NS,0.7178,3.3876,4.3266,2026-01-28,5.6032,2026-01-30,0.221
2026-01-27,UP,16,PARAS.NS,0.7142,3.4456,-1.375,2026-01-28,6.204,2026-01-30,10.4097
2026-01-27,UP,17,DRREDDY.NS,0.7063,2.1979,6.22,2026-01-28,-1.3954,2026-01-30,-1.7503
2026-01-27,UP,18,JINDALSTEL.NS,0.7031,2.7786,2.3778,2026-01-28,3.581,2026-01-30,4.7469
2026-01-27,UP,19,HINDALCO.NS,0.7012,2.2824,2.3299,2026-01-28,3.7792,2026-01-30,0.078
2026-01-27,UP,20,CRAFTSMAN.NS,0.699,3.6962,-0.4406,2026-01-28,2.7673,2026-01-30,-3.3485
2026-01-27,DN,1,KALYANKJIL.NS,0.88,6.1341,-19.6034,2026-01-28,-0.2575,2026-01-30,-1.9653
2026-01-27,DN,2,TEJASNET.NS,0.8661,6.5146,-15.2161,2026-01-28,14.4859,2026-01-30,15.0768
2026-01-27,DN,3,ADANIGREEN.NS,0.8587,4.6436,-12.5711,2026-01-28,2.9784,2026-01-30,6.6575
2026-01-27,DN,4,GODREJPROP.NS,0.8536,5.093,-15.569,2026-01-28,2.1345,2026-01-30,3.8804
2026-01-27,DN,5,ONMOBILE.NS,0.838,5.3996,-13.6074,2026-01-28,3.3902,2026-01-30,0.4633
2026-01-27,DN,6,MASTEK.NS,0.8252,3.6947,-10.5394,2026-01-28,1.8327,2026-01-30,3.8427
2026-01-27,DN,7,KEI.NS,0.8221,3.7327,-11.884,2026-01-28,1.9421,2026-01-30,5.6738
2026-01-27,DN,8,TATACOMM.NS,0.8089,3.4691,-11.6799,2026-01-28,-1.7221,2026-01-30,0.9189
2026-01-27,DN,9,PNBHOUSING.NS,0.8079,3.873,-14.1148,2026-01-28,2.4412,2026-01-30,-0.3635
2026-01-27,DN,10,MANAPPURAM.NS,0.7978,4.1802,-6.1536,2026-01-28,-1.1522,2026-01-30,-3.5412
2026-01-27,DN,11,LAURUSLABS.NS,0.7728,3.8578,-5.8812,2026-01-28,-0.12,2026-01-30,-3.5193
2026-01-27,DN,12,ENDURANCE.NS,0.7651,3.2181,-8.3768,2026-01-28,2.6006,2026-01-30,3.9715
2026-01-27,DN,13,PRESTIGE.NS,0.7471,3.6458,-7.5574,2026-01-28,2.1552,2026-01-30,4.9928
2026-01-27,DN,14,HAVELLS.NS,0.7459,3.1123,-10.9322,2026-01-28,-0.1629,2026-01-30,-0.3026
2026-01-27,DN,15,SOBHA.NS,0.7452,4.4144,-8.2708,2026-01-28,3.3876,2026-01-30,5.8772
2026-01-27,DN,16,JSWENERGY.NS,0.7293,3.6262,-9.5199,2026-01-28,1.4089,2026-01-30,4.4881
2026-01-27,DN,17,WELCORP.NS,0.7216,3.6776,-8.3656,2026-01-28,3.6365,2026-01-30,1.0251
2026-01-27,DN,18,POLYCAB.NS,0.7207,3.279,-8.7894,2026-01-28,2.3943,2026-01-30,3.658
2026-01-27,DN,19,BIKAJI.NS,0.7156,3.5438,-7.0619,2026-01-28,2.2085,2026-01-30,1.5985
2026-01-27,DN,20,ZENSARTECH.NS,0.7089,3.3222,-6.2109,2026-01-28,1.9556,2026-01-30,-3.6741
2026-01-28,UP,1,DATAPATTNS.NS,0.9846,4.9961,15.9957,2026-01-29,-1.8425,2026-02-02,-2.0302
2026-01-28,UP,2,MRPL.NS,0.9778,5.4148,17.6171,2026-01-29,7.91,2026-02-02,8.2271
2026-01-28,UP,3,STLTECH.NS,0.9702,4.5771,13.0188,2026-01-29,-3.4403,2026-02-02,6.6196
2026-01-28,UP,4,GRSE.NS,0.9317,3.8702,10.5226,2026-01-29,2.6323,2026-02-02,2.5728
2026-01-28,UP,5,OIL.NS,0.9215,3.3122,14.3357,2026-01-29,4.9439,2026-02-02,-1.4679
2026-01-28,UP,6,PARAS.NS,0.9073,3.6204,9.4683,2026-01-29,2.0858,2026-02-02,-4.1861
2026-01-28,UP,7,COCHINSHIP.NS,0.9024,3.2798,12.9445,2026-01-29,-0.7825,2026-02-02,-6.8334
2026-01-28,UP,8,TEJASNET.NS,0.8944,6.4729,3.3689,2026-01-29,-3.908,2026-02-02,-3.1854
2026-01-28,UP,9,OLECTRA.NS,0.8851,3.8536,5.2001,2026-01-29,-2.444,2026-02-02,-1.0107
2026-01-28,UP,10,SOLARINDS.NS,0.8805,3.5827,10.4795,2026-01-29,-4.2325,2026-02-02,-5.1523
2026-01-28,UP,11,BEML.NS,0.8671,3.5944,6.0205,2026-01-29,-2.2154,2026-02-02,-4.5462
2026-01-28,UP,12,MOIL.NS,0.8612,3.8417,9.368,2026-01-29,3.5109,2026-02-02,-10.2869
2026-01-28,UP,13,ATUL.NS,0.8483,3.1201,8.5533,2026-01-29,0.6261,2026-02-02,-3.0249
2026-01-28,UP,14,MAZDOCK.NS,0.8422,3.2373,7.4304,2026-01-29,0.463,2026-02-02,-3.121
2026-01-28,UP,15,NATIONALUM.NS,0.8332,3.4373,13.1495,2026-01-29,5.5891,2026-02-02,-8.9745
2026-01-28,UP,16,RVNL.NS,0.83,3.5819,6.931,2026-01-29,-0.3066,2026-02-02,-5.7518
2026-01-28,UP,17,CRAFTSMAN.NS,0.8205,3.857,4.9933,2026-01-29,-5.9512,2026-02-02,-3.7082
2026-01-28,UP,18,BEL.NS,0.819,2.623,10.6632,2026-01-29,-1.8764,2026-02-02,-3.0684
2026-01-28,UP,19,BDL.NS,0.8154,3.1278,8.0449,2026-01-29,-2.5032,2026-02-02,-15.5287
2026-01-28,UP,20,IRCON.NS,0.8066,3.7599,5.3194,2026-01-29,-1.0566,2026-02-02,-5.5271
2026-01-28,DN,1,TATACOMM.NS,0.8588,3.7153,-10.6763,2026-01-29,-0.0523,2026-02-02,2.6677
2026-01-28,DN,2,KALYANKJIL.NS,0.839,5.7325,-18.496,2026-01-29,0.1223,2026-02-02,-0.6659
2026-01-28,DN,3,ADANIGREEN.NS,0.8388,4.669,-6.8274,2026-01-29,4.3626,2026-02-02,2.558
2026-01-28,DN,4,BIKAJI.NS,0.8034,3.7355,-4.5573,2026-01-29,-0.272,2026-02-02,-0.9293
2026-01-28,DN,5,PNBHOUSING.NS,0.7917,3.8213,-10.8587,2026-01-29,-0.479,2026-02-02,-4.8667
2026-01-28,DN,6,LAURUSLABS.NS,0.7793,3.851,-3.5249,2026-01-29,-2.5726,2026-02-02,-4.5095
2026-01-28,DN,7,GODREJPROP.NS,0.7693,4.9622,-8.5207,2026-01-29,1.045,2026-02-02,0.6321
2026-01-28,DN,8,ASIANPAINT.NS,0.7602,3.1514,-6.122,2026-01-29,-3.814,2026-02-02,-4.3714
2026-01-28,DN,9,KEI.NS,0.75,3.6496,-4.6881,2026-01-29,3.2533,2026-02-02,5.1739
2026-01-28,DN,10,JSWENERGY.NS,0.7437,3.6222,-6.8566,2026-01-29,2.8571,2026-02-02,1.1765
2026-01-28,DN,11,RATEGAIN.NS,0.7378,4.1063,-9.0853,2026-01-29,-2.4454,2026-02-02,8.0047
2026-01-28,DN,12,MANAPPURAM.NS,0.7344,4.071,-3.3626,2026-01-29,1.7827,2026-02-02,-4.2167
2026-01-28,DN,13,ONMOBILE.NS,0.7183,5.4422,-4.7342,2026-01-29,-1.6904,2026-02-02,-2.6884
2026-01-28,DN,14,AMBER.NS,0.7156,3.1872,-6.9451,2026-01-29,-1.1934,2026-02-02,6.8579
2026-01-28,DN,15,ZENSARTECH.NS,0.7112,3.2564,-2.0704,2026-01-29,-2.8553,2026-02-02,-2.3394
2026-01-28,DN,16,ENDURANCE.NS,0.7049,3.2225,-3.2091,2026-01-29,-1.1483,2026-02-02,0.6848
2026-01-28,DN,17,PNB.NS,0.6972,3.1033,-1.0098,2026-01-29,0.6024,2026-02-02,-1.992
2026-01-28,DN,18,TATACONSUM.NS,0.6946,2.6715,-4.4895,2026-01-29,-2.1735,2026-02-02,-0.5655
2026-01-28,DN,19,HINDZINC.NS,0.6861,4.1347,4.0323,2026-01-29,0.9884,2026-02-02,-13.852
2026-01-28,DN,20,WELCORP.NS,0.6807,3.5834,-1.3841,2026-01-29,-0.6617,2026-02-02,0.9223
2026-01-29,UP,1,MRPL.NS,0.9752,5.4098,16.2855,2026-01-30,-0.2261,2026-02-03,1.3338
2026-01-29,UP,2,MIDHANI.NS,0.9573,4.2147,14.2731,2026-01-30,-3.1613,2026-02-03,-6.5419
2026-01-29,UP,3,DATAPATTNS.NS,0.9495,5.084,15.7042,2026-01-30,4.2654,2026-02-03,1.721
2026-01-29,UP,4,GRSE.NS,0.9417,3.7908,13.6713,2026-01-30,6.9323,2026-02-03,-1.5048
2026-01-29,UP,5,OIL.NS,0.9376,3.3983,18.7291,2026-01-30,-0.9131,2026-02-03,-5.0219
2026-01-29,UP,6,STLTECH.NS,0.9138,5.4722,7.905,2026-01-30,6.4351,2026-02-03,24.6597
2026-01-29,UP,7,PARAS.NS,0.9022,3.5969,12.2264,2026-01-30,1.836,2026-02-03,-5.7294
2026-01-29,UP,8,NATIONALUM.NS,0.893,3.3303,18.6307,2026-01-30,-10.1201,2026-02-03,-13.5245
2026-01-29,UP,9,RVNL.NS,0.8905,3.6316,7.679,2026-01-30,0.5711,2026-02-03,-4.9202
2026-01-29,UP,10,COCHINSHIP.NS,0.8663,3.2747,9.739,2026-01-30,3.0866,2026-02-03,-6.316
2026-01-29,UP,11,MOIL.NS,0.8621,3.4437,13.9056,2026-01-30,-3.4314,2026-02-03,-12.9603
2026-01-29,UP,12,SHYAMMETL.NS,0.8201,2.9101,9.5008,2026-01-30,-1.6652,2026-02-03,-2.1878
2026-01-29,UP,13,BEL.NS,0.8129,2.8146,10.3936,2026-01-30,1.0124,2026-02-03,-1.2486
2026-01-29,UP,14,NMDC.NS,0.8087,2.9753,7.5788,2026-01-30,-4.0071,2026-02-03,-3.487
2026-01-29,UP,15,BEML.NS,0.8083,3.6811,6.0514,2026-01-30,0.9051,2026-02-03,-2.1925
2026-01-29,UP,16,BDL.NS,0.799,3.3556,7.8565,2026-01-30,0.49,2026-02-03,-13.8891
2026-01-29,UP,17,VEDL.NS,0.7966,2.8293,13.2565,2026-01-30,-11.0654,2026-02-03,-11.8353
2026-01-29,UP,18,ONGC.NS,0.7871,2.4015,13.6238,2026-01-30,-2.3349,2026-02-03,-6.6778
2026-01-29,UP,19,JINDALSTEL.NS,0.7811,2.6191,11.3501,2026-01-30,-2.3801,2026-02-03,-0.8537
2026-01-29,UP,20,SRF.NS,0.7726,2.9928,5.342,2026-01-30,-0.1277,2026-02-03,3.2732
2026-01-29,DN,1,ASIANPAINT.NS,0.8466,3.4703,-9.2105,2026-01-30,0.5091,2026-02-03,0.4139
2026-01-29,DN,2,MASTEK.NS,0.8388,3.5827,-6.7482,2026-01-30,1.1091,2026-02-03,3.6971
2026-01-29,DN,3,INDIAMART.NS,0.8289,3.3253,-3.9433,2026-01-30,1.2228,2026-02-03,4.2385
2026-01-29,DN,4,NOCIL.NS,0.7879,3.4726,-6.855,2026-01-30,3.134,2026-02-03,7.1022
2026-01-29,DN,5,RATEGAIN.NS,0.7731,4.3133,-8.7823,2026-01-30,6.1844,2026-02-03,12.2647
2026-01-29,DN,6,TATACOMM.NS,0.7701,3.7205,-5.5137,2026-01-30,2.7411,2026-02-03,3.5784
2026-01-29,DN,7,ZENSARTECH.NS,0.7667,3.4077,-4.2741,2026-01-30,-2.7447,2026-02-03,0.6058
2026-01-29,DN,8,PNBHOUSING.NS,0.749,3.7128,-9.5696,2026-01-30,-2.2698,2026-02-03,-2.2222
2026-01-29,DN,9,RADICO.NS,0.7473,5.2922,-4.6286,2026-01-30,4.694,2026-02-03,2.4618
2026-01-29,DN,10,TATACONSUM.NS,0.7354,2.8089,-4.847,2026-01-30,2.4115,2026-02-03,4.3533
2026-01-29,DN,11,M&M.NS,0.7299,2.7038,-4.7533,2026-01-30,1.4005,2026-02-03,4.24
2026-01-29,DN,12,HINDZINC.NS,0.7255,3.9235,2.5303,2026-01-30,-12.1225,2026-02-03,-12.1574
2026-01-29,DN,13,ENDURANCE.NS,0.7223,3.2958,-2.8601,2026-01-30,2.5134,2026-02-03,5.9477
2026-01-29,DN,14,SUDARSCHEM.NS,0.7131,3.4325,-2.3141,2026-01-30,3.5563,2026-02-03,7.233
2026-01-29,DN,15,SUNDRMFAST.NS,0.7066,2.6975,-3.8581,2026-01-30,6.4722,2026-02-03,9.5238
2026-01-29,DN,16,GODREJCP.NS,0.7027,2.6777,-5.4969,2026-01-30,-0.1039,2026-02-03,-0.7704
2026-01-29,DN,17,ADANIGREEN.NS,0.7024,4.5329,-2.2647,2026-01-30,-0.7569,2026-02-03,8.5352
2026-01-29,DN,18,METROBRAND.NS,0.7005,5.2449,-2.567,2026-01-30,2.5078,2026-02-03,0.7319
2026-01-29,DN,19,MARUTI.NS,0.6961,2.6814,-8.0406,2026-01-30,0.6689,2026-02-03,1.9308
2026-01-29,DN,20,JSWENERGY.NS,0.6908,3.5053,-3.9347,2026-01-30,0.1743,2026-02-03,0.0327
2026-01-30,UP,1,STLTECH.NS,0.9772,5.6995,13.9749,2026-02-02,3.7424,2026-02-04,21.6737
2026-01-30,UP,2,GRSE.NS,0.9618,3.9226,20.0886,2026-02-02,-6.5372,2026-02-04,-8.7476
2026-01-30,UP,3,DATAPATTNS.NS,0.956,5.1803,16.4995,2026-02-02,-4.2743,2026-02-04,-1.9912
2026-01-30,UP,4,IDEAFORGE.NS,0.9255,4.545,7.4505,2026-02-02,-7.1289,2026-02-04,-5.4713
2026-01-30,UP,5,OIL.NS,0.9034,3.4618,16.8633,2026-02-02,-5.2446,2026-02-04,-0.5784
2026-01-30,UP,6,PARAS.NS,0.8966,3.5246,9.9668,2026-02-02,-7.8358,2026-02-04,-7.4149
2026-01-30,UP,7,MOIL.NS,0.8846,3.9058,7.4923,2026-02-02,-10.2501,2026-02-04,-9.1021
2026-01-30,UP,8,RATNAMANI.NS,0.8829,4.0946,11.7964,2026-02-02,-6.4014,2026-02-04,-6.5052
2026-01-30,UP,9,HFCL.NS,0.876,4.6005,10.0048,2026-02-02,-3.1191,2026-02-04,0.3498
2026-01-30,UP,10,BEML.NS,0.8755,3.73,6.6742,2026-02-02,-3.2592,2026-02-04,-1.6993
2026-01-30,UP,11,COCHINSHIP.NS,0.8755,3.242,10.793,2026-02-02,-8.9102,2026-02-04,-9.5006
2026-01-30,UP,12,TEJASNET.NS,0.8678,6.7708,5.4782,2026-02-02,-3.6825,2026-02-04,2.4208
2026-01-30,UP,13,MIDHANI.NS,0.8673,4.4856,9.6581,2026-02-02,-5.0633,2026-02-04,-3.531
2026-01-30,UP,14,NATIONALUM.NS,0.8558,4.227,5.7186,2026-02-02,-4.0861,2026-02-04,-2.7371
2026-01-30,UP,15,SYMPHONY.NS,0.8457,3.1345,7.9708,2026-02-02,1.809,2026-02-04,2.4752
2026-01-30,UP,16,BLUESTARCO.NS,0.8358,3.1235,6.295,2026-02-02,1.1723,2026-02-04,3.484
2026-01-30,UP,17,IDEA.NS,0.8329,4.1693,9.725,2026-02-02,-3.2229,2026-02-04,1.6115
2026-01-30,UP,18,SHYAMMETL.NS,0.8288,3.0757,6.5319,2026-02-02,-2.4759,2026-02-04,0.0759
2026-01-30,UP,19,MAZDOCK.NS,0.8149,3.0607,8.607,2026-02-02,-5.6551,2026-02-04,-5.5152
2026-01-30,UP,20,MRPL.NS,0.8007,5.4168,14.4209,2026-02-02,0.5211,2026-02-04,3.6196
2026-01-30,DN,1,HINDZINC.NS,0.8784,5.2466,-5.9484,2026-02-02,-2.9276,2026-02-04,1.7104
2026-01-30,DN,2,DEEPAKFERT.NS,0.851,4.0139,-10.6919,2026-02-02,-8.1644,2026-02-04,-1.0987
2026-01-30,DN,3,ASIANPAINT.NS,0.8358,3.3763,-10.1894,2026-02-02,-1.0831,2026-02-04,1.0048
2026-01-30,DN,4,RATEGAIN.NS,0.7969,4.4075,-5.3063,2026-02-02,4.264,2026-02-04,2.7365
2026-01-30,DN,5,ADANIGREEN.NS,0.7887,4.3437,-5.7503,2026-02-02,-0.9797,2026-02-04,11.9852
2026-01-30,DN,6,MASTEK.NS,0.7837,3.6527,-2.8375,2026-02-02,0.9312,2026-02-04,0.8824
2026-01-30,DN,7,RADICO.NS,0.7774,5.0471,-5.3134,2026-02-02,-2.6484,2026-02-04,-2.6378
2026-01-30,DN,8,JSWENERGY.NS,0.7596,3.4619,-6.6112,2026-02-02,-1.8051,2026-02-04,1.9682
2026-01-30,DN,9,ADANIENSOL.NS,0.7567,4.4064,-3.2439,2026-02-02,-1.1399,2026-02-04,10.4325
2026-01-30,DN,10,ZENSARTECH.NS,0.7365,3.4149,-9.982,2026-02-02,3.3682,2026-02-04,0.2461
2026-01-30,DN,11,GODREJCP.NS,0.7296,2.6712,-7.3756,2026-02-02,1.3864,2026-02-04,0.1386
2026-01-30,DN,12,CANBK.NS,0.7281,3.1819,-4.6936,2026-02-02,-0.6444,2026-02-04,0.0543
2026-01-30,DN,13,CRAFTSMAN.NS,0.7264,4.3163,-4.0205,2026-02-02,2.3849,2026-02-04,7.2639
2026-01-30,DN,14,WELCORP.NS,0.7212,3.7215,-3.9323,2026-02-02,3.531,2026-02-04,11.8546
2026-01-30,DN,15,POLICYBZR.NS,0.72,3.4633,-3.5052,2026-02-02,-5.5122,2026-02-04,-12.9707
2026-01-30,DN,16,M&M.NS,0.7038,2.85,-3.9707,2026-02-02,0.915,2026-02-04,4.1436
2026-01-30,DN,17,INDIAMART.NS,0.6992,3.4068,-0.4296,2026-02-02,0.3724,2026-02-04,3.3244
2026-01-30,DN,18,ONMOBILE.NS,0.6853,5.4241,-6.1381,2026-02-02,0.1467,2026-02-04,11.2765
2026-01-30,DN,19,BIKAJI.NS,0.6834,3.7861,-2.2075,2026-02-02,-0.3344,2026-02-04,-0.0304
2026-01-30,DN,20,MPHASIS.NS,0.6784,3.0591,-1.8184,2026-02-02,0.087,2026-02-04,-2.5698
2026-02-02,UP,1,STLTECH.NS,0.9923,5.9322,24.8218,2026-02-03,12.8977,2026-02-05,21.5626
2026-02-02,UP,2,DATAPATTNS.NS,0.98,5.7378,17.1867,2026-02-03,1.9159,2026-02-05,-1.3333
2026-02-02,UP,3,MRPL.NS,0.9517,5.7325,14.1956,2026-02-03,1.0369,2026-02-05,2.8908
2026-02-02,UP,4,GRSE.NS,0.9155,4.623,15.6032,2026-02-03,-1.4476,2026-02-05,-5.5893
2026-02-02,UP,5,IDEA.NS,0.8744,4.4866,8.862,2026-02-03,5.5504,2026-02-05,3.9778
2026-02-02,UP,6,ADANIGREEN.NS,0.8739,4.534,9.2068,2026-02-03,10.4449,2026-02-05,14.598
2026-02-02,UP,7,GODREJAGRO.NS,0.8592,3.3445,8.0117,2026-02-03,-1.0377,2026-02-05,-0.0632
2026-02-02,UP,8,BEML.NS,0.8428,4.149,5.5306,2026-02-03,0.1958,2026-02-05,0.5644
2026-02-02,UP,9,PARAS.NS,0.842,4.3842,5.4499,2026-02-03,0.4415,2026-02-05,-0.51
2026-02-02,UP,10,ADANIENSOL.NS,0.8372,4.6139,8.8471,2026-02-03,10.1515,2026-02-05,14.3398
2026-02-02,UP,11,SYMPHONY.NS,0.8297,3.2368,10.5706,2026-02-03,-1.1385,2026-02-05,-0.2181
2026-02-02,UP,12,IDEAFORGE.NS,0.815,5.2172,6.8029,2026-02-03,1.0616,2026-02-05,-0.8516
2026-02-02,UP,13,KEI.NS,0.8128,3.5672,7.1601,2026-02-03,7.0396,2026-02-05,8.9024
2026-02-02,UP,14,CRAFTSMAN.NS,0.8082,4.3492,4.0703,2026-02-03,2.95,2026-02-05,4.5985
2026-02-02,UP,15,OIL.NS,0.8065,3.9882,10.9249,2026-02-03,1.1587,2026-02-05,3.145
2026-02-02,UP,16,AMBER.NS,0.7973,3.0999,7.7891,2026-02-03,3.2422,2026-02-05,6.6761
2026-02-02,UP,17,HFCL.NS,0.7961,5.0259,8.7889,2026-02-03,3.0841,2026-02-05,6.8903
2026-02-02,UP,18,MIDHANI.NS,0.7906,5.1509,8.0528,2026-02-03,1.6561,2026-02-05,1.586
2026-02-02,UP,19,MAZDOCK.NS,0.7829,3.7021,5.4566,2026-02-03,0.9475,2026-02-05,-1.1947
2026-02-02,UP,20,VGUARD.NS,0.7829,3.2722,10.1608,2026-02-03,1.1529,2026-02-05,-1.1529
2026-02-02,DN,1,HINDZINC.NS,0.8961,5.8972,-12.6807,2026-02-03,2.9749,2026-02-05,0.1147
2026-02-02,DN,2,DEEPAKFERT.NS,0.8824,4.8216,-17.8026,2026-02-03,5.0846,2026-02-05,4.9711
2026-02-02,DN,3,MUTHOOTFIN.NS,0.8297,3.7843,-7.0395,2026-02-03,2.5204,2026-02-05,1.2362
2026-02-02,DN,4,POLICYBZR.NS,0.8193,4.0669,-6.6073,2026-02-03,-6.4735,2026-02-05,-0.6717
2026-02-02,DN,5,VEDL.NS,0.817,4.3842,-3.4349,2026-02-03,2.2705,2026-02-05,-0.8249
2026-02-02,DN,6,ASIANPAINT.NS,0.8053,3.3106,-11.1588,2026-02-03,0.9992,2026-02-05,1.2531
2026-02-02,DN,7,BDL.NS,0.7877,5.0429,-5.8097,2026-02-03,-0.6108,2026-02-05,-3.9888
2026-02-02,DN,8,CLEAN.NS,0.7877,2.9073,-6.4076,2026-02-03,2.7948,2026-02-05,1.2442
2026-02-02,DN,9,BANKBARODA.NS,0.765,3.1559,-6.2637,2026-02-03,2.8098,2026-02-05,4.629
2026-02-02,DN,10,NATIONALUM.NS,0.7484,5.0128,-0.2563,2026-02-03,0.3111,2026-02-05,-1.5824
2026-02-02,DN,11,DRREDDY.NS,0.7444,2.5104,-4.2975,2026-02-03,4.4736,2026-02-05,5.277
2026-02-02,DN,12,RADICO.NS,0.744,5.0959,-7.0493,2026-02-03,0.5303,2026-02-05,0.5085
2026-02-02,DN,13,SHRIRAMFIN.NS,0.7403,3.0098,-4.1303,2026-02-03,3.9809,2026-02-05,3.1078
2026-02-02,DN,14,HINDALCO.NS,0.7316,3.2229,-2.0836,2026-02-03,2.6652,2026-02-05,0.532
2026-02-02,DN,15,GRANULES.NS,0.7034,4.1555,-2.1593,2026-02-03,3.437,2026-02-05,4.8661
2026-02-02,DN,16,UNIONBANK.NS,0.6936,4.0007,-0.9492,2026-02-03,1.9167,2026-02-05,3.9677
2026-02-02,DN,17,JSWENERGY.NS,0.6925,3.5129,-5.4747,2026-02-03,1.6944,2026-02-05,4.9723
2026-02-02,DN,18,MARUTI.NS,0.6826,2.8469,-7.014,2026-02-03,2.767,2026-02-05,4.6927
2026-02-02,DN,19,GODREJCP.NS,0.6809,2.7128,-5.6675,2026-02-03,-2.0255,2026-02-05,0.0085
2026-02-02,DN,20,KPITTECH.NS,0.6795,3.6963,-10.4083,2026-02-03,-0.8713,2026-02-05,-3.9059
2026-02-03,UP,1,STLTECH.NS,0.9971,6.2511,44.4341,2026-02-04,3.8857,2026-02-06,6.4146
2026-02-03,UP,2,ADANIGREEN.NS,0.9563,4.7381,16.6437,2026-02-04,2.3978,2026-02-06,4.2646
2026-02-03,UP,3,ADANIENSOL.NS,0.9464,4.6146,14.7568,2026-02-04,1.4111,2026-02-06,4.4438
2026-02-03,UP,4,GODREJPROP.NS,0.9169,4.4579,11.9573,2026-02-04,0.7238,2026-02-06,0.0235
2026-02-03,UP,5,KEI.NS,0.9133,3.8402,14.764,2026-02-04,1.2892,2026-02-06,2.1891
2026-02-03,UP,6,HFCL.NS,0.8961,4.9058,12.42,2026-02-04,0.4816,2026-02-06,3.488
2026-02-03,UP,7,WELCORP.NS,0.8903,3.9684,12.1078,2026-02-04,0.797,2026-02-06,1.9277
2026-02-03,UP,8,FINEORG.NS,0.8734,3.8183,11.7486,2026-02-04,-0.0929,2026-02-06,-2.3911
2026-02-03,UP,9,AMBER.NS,0.8606,3.4996,12.4047,2026-02-04,3.1727,2026-02-06,7.2092
2026-02-03,UP,10,ADANIPORTS.NS,0.835,3.2943,12.237,2026-02-04,2.4236,2026-02-06,1.3
2026-02-03,UP,11,ATUL.NS,0.8329,4.1036,7.3979,2026-02-04,0.7335,2026-02-06,2.9897
2026-02-03,UP,12,DATAPATTNS.NS,0.8225,5.767,13.4587,2026-02-04,0.4604,2026-02-06,4.4924
2026-02-03,UP,13,SUNDRMFAST.NS,0.8208,3.8944,7.9848,2026-02-04,-3.0006,2026-02-06,-5.0214
2026-02-03,UP,14,ONMOBILE.NS,0.8186,5.082,6.1908,2026-02-04,5.2746,2026-02-06,-0.8923
2026-02-03,UP,15,ENDURANCE.NS,0.8181,3.4309,7.4547,2026-02-04,-2.4521,2026-02-06,-2.4999
2026-02-03,UP,16,NAVINFLUOR.NS,0.8152,3.9157,6.9841,2026-02-04,0.8598,2026-02-06,2.1814
2026-02-03,UP,17,MOTHERSON.NS,0.8121,3.3601,10.6228,2026-02-04,1.0715,2026-02-06,-2.6541
2026-02-03,UP,18,SOLARINDS.NS,0.8118,3.9668,8.0448,2026-02-04,-1.6023,2026-02-06,-5.7565
2026-02-03,UP,19,OLECTRA.NS,0.8114,4.2903,7.1993,2026-02-04,0.5195,2026-02-06,-3.4382
2026-02-03,UP,20,BLUESTARCO.NS,0.8106,3.5592,9.0135,2026-02-04,3.4327,2026-02-06,3.4712
2026-02-03,DN,1,HINDZINC.NS,0.8966,6.0031,-13.607,2026-02-04,1.7509,2026-02-06,-3.072
2026-02-03,DN,2,DEEPAKFERT.NS,0.8763,4.8526,-11.898,2026-02-04,2.4831,2026-02-06,-2.1592
2026-02-03,DN,3,VEDL.NS,0.8693,4.6178,-4.2243,2026-02-04,1.7983,2026-02-06,-0.6808
2026-02-03,DN,4,BDL.NS,0.8676,5.4331,-10.2967,2026-02-04,-1.0697,2026-02-06,-3.7706
2026-02-03,DN,5,NATIONALUM.NS,0.8658,5.4046,-3.5751,2026-02-04,1.0921,2026-02-06,-4.3683
2026-02-03,DN,6,MUTHOOTFIN.NS,0.8415,4.089,-6.2885,2026-02-04,2.6902,2026-02-06,2.2074
2026-02-03,DN,7,POLICYBZR.NS,0.8176,4.9689,-10.2896,2026-02-04,-1.5184,2026-02-06,2.9273
2026-02-03,DN,8,BANKBARODA.NS,0.7908,3.3787,-5.4967,2026-02-04,1.9096,2026-02-06,1.3315
2026-02-03,DN,9,CLEAN.NS,0.7792,3.1355,-3.8875,2026-02-04,-2.5181,2026-02-06,-3.0168
2026-02-03,DN,10,ASIANPAINT.NS,0.7703,3.5438,-7.5034,2026-02-04,1.1006,2026-02-06,-1.0264
2026-02-03,DN,11,UNIONBANK.NS,0.7573,4.2842,-0.4566,2026-02-04,0.9747,2026-02-06,2.1329
2026-02-03,DN,12,CANBK.NS,0.7454,3.7993,-4.7699,2026-02-04,0.1086,2026-02-06,-0.0204
2026-02-03,DN,13,HINDALCO.NS,0.7449,3.3209,-0.681,2026-02-04,1.0102,2026-02-06,-1.3347
2026-02-03,DN,14,MOIL.NS,0.7425,5.0796,-5.6239,2026-02-04,0.8491,2026-02-06,-5.398
2026-02-03,DN,15,METROBRAND.NS,0.7287,5.2899,-2.8058,2026-02-04,-0.3681,2026-02-06,0.3294
2026-02-03,DN,16,GRANULES.NS,0.7229,4.1398,-1.2606,2026-02-04,1.9063,2026-02-06,-1.4166
2026-02-03,DN,17,COCHINSHIP.NS,0.7193,4.3473,-0.9586,2026-02-04,-0.4176,2026-02-06,-1.2198
2026-02-03,DN,18,DRREDDY.NS,0.7099,2.7094,-0.3549,2026-02-04,0.3885,2026-02-06,0.4695
2026-02-03,DN,19,TATASTEEL.NS,0.705,3.2714,0.338,2026-02-04,1.2803,2026-02-06,2.1407
2026-02-03,DN,20,FEDERALBNK.NS,0.7048,3.4176,0.193,2026-02-04,0.6655,2026-02-06,0.4553
2026-02-04,UP,1,STLTECH.NS,0.9655,6.4341,25.0483,2026-02-05,3.6476,2026-02-09,10.425
2026-02-04,UP,2,ONMOBILE.NS,0.914,5.0346,8.1263,2026-02-05,-2.4863,2026-02-09,-4.4076
2026-02-04,UP,3,SAPPHIRE.NS,0.9002,4.6084,6.8106,2026-02-05,7.2443,2026-02-09,5.4887
2026-02-04,UP,4,NOCIL.NS,0.8942,3.9535,11.9099,2026-02-05,-2.1643,2026-02-09,3.5153
2026-02-04,UP,5,ADANIGREEN.NS,0.886,4.909,15.9861,2026-02-05,1.3306,2026-02-09,2.9546
2026-02-04,UP,6,TIINDIA.NS,0.8541,3.4655,15.6399,2026-02-05,-9.6989,2026-02-09,-10.3928
2026-02-04,UP,7,BLUESTARCO.NS,0.8529,3.5919,10.5025,2026-02-05,-0.968,2026-02-09,3.021
2026-02-04,UP,8,ADANIPORTS.NS,0.8498,3.4345,13.4597,2026-02-05,0.1467,2026-02-09,-0.3954
2026-02-04,UP,9,IDEA.NS,0.8437,4.2605,14.0704,2026-02-05,-0.9692,2026-02-09,2.0264
2026-02-04,UP,10,ADANIENSOL.NS,0.836,4.7387,12.0351,2026-02-05,2.3579,2026-02-09,4.4882
2026-02-04,UP,11,RAJESHEXPO.NS,0.8316,4.1098,7.4114,2026-02-05,1.4441,2026-02-09,1.8262
2026-02-04,UP,12,HFCL.NS,0.8181,4.8698,6.7276,2026-02-05,3.1954,2026-02-09,4.9237
2026-02-04,UP,13,MRPL.NS,0.814,5.6196,11.5631,2026-02-05,-0.1859,2026-02-09,6.1882
2026-02-04,UP,14,SUNDRMFAST.NS,0.814,4.1212,4.4281,2026-02-05,-2.7199,2026-02-09,-2.4516
2026-02-04,UP,15,KEI.NS,0.8135,3.8714,14.029,2026-02-05,0.4454,2026-02-09,3.9744
2026-02-04,UP,16,CROMPTON.NS,0.8068,3.3066,8.2786,2026-02-05,1.053,2026-02-09,7.7276
2026-02-04,UP,17,AMBER.NS,0.7969,3.5334,13.8226,2026-02-05,0.1487,2026-02-09,10.2973
2026-02-04,UP,18,NAVINFLUOR.NS,0.7894,3.8203,6.1055,2026-02-05,-0.9709,2026-02-09,4.1598
2026-02-04,UP,19,GODREJPROP.NS,0.7882,4.5594,10.4109,2026-02-05,-1.2794,2026-02-09,5.2404
2026-02-04,UP,20,RATEGAIN.NS,0.7821,4.5451,6.4224,2026-02-05,-3.729,2026-02-09,-5.518
2026-02-04,DN,1,BDL.NS,0.88,5.4941,-16.9427,2026-02-05,-2.3543,2026-02-09,-0.0613
2026-02-04,DN,2,NATIONALUM.NS,0.8768,5.1509,-7.6942,2026-02-05,-2.9475,2026-02-09,-2.5874
2026-02-04,DN,3,HINDZINC.NS,0.8708,5.616,-9.736,2026-02-05,-4.4505,2026-02-09,-1.5878
2026-02-04,DN,4,DEEPAKFERT.NS,0.8616,4.9183,-10.8588,2026-02-05,-2.5283,2026-02-09,3.2944
2026-02-04,DN,5,VEDL.NS,0.8488,4.2875,-6.6884,2026-02-05,-4.7397,2026-02-09,-1.1704
2026-02-04,DN,6,HAL.NS,0.8389,4.0492,-8.7997,2026-02-05,-4.3063,2026-02-09,-2.0417
2026-02-04,DN,7,POLICYBZR.NS,0.8036,5.0068,-12.897,2026-02-05,7.8408,2026-02-09,6.4032
2026-02-04,DN,8,PARAS.NS,0.7961,4.5218,-3.7485,2026-02-05,-0.9623,2026-02-09,1.5305
2026-02-04,DN,9,MUTHOOTFIN.NS,0.7957,4.1473,-5.9108,2026-02-05,-3.8396,2026-02-09,1.5611
2026-02-04,DN,10,COCHINSHIP.NS,0.779,4.3042,-7.4373,2026-02-05,-1.2848,2026-02-09,1.4778
2026-02-04,DN,11,BEL.NS,0.7731,3.4161,-3.0464,2026-02-05,-1.4344,2026-02-09,-0.4326
2026-02-04,DN,12,CLEAN.NS,0.7628,3.3283,-6.7113,2026-02-05,1.0358,2026-02-09,-0.2433
2026-02-04,DN,13,HINDALCO.NS,0.7608,3.2344,-3.331,2026-02-05,-3.0572,2026-02-09,-0.0725
2026-02-04,DN,14,INFY.NS,0.7502,2.9105,-7.8428,2026-02-05,-1.0158,2026-02-09,-2.5133
2026-02-04,DN,15,TECHM.NS,0.75,3.1857,-6.6708,2026-02-05,0.0547,2026-02-09,-1.4344
2026-02-04,DN,16,NAUKRI.NS,0.7365,3.8546,-8.6084,2026-02-05,-1.8519,2026-02-09,-0.9007
2026-02-04,DN,17,MOIL.NS,0.7355,4.8736,-9.1393,2026-02-05,-2.6763,2026-02-09,-5.518
2026-02-04,DN,18,DATAPATTNS.NS,0.7241,5.8436,0.3064,2026-02-05,-3.6317,2026-02-09,7.1221
2026-02-04,DN,19,BANKBARODA.NS,0.7215,3.3473,-5.0131,2026-02-05,-0.1375,2026-02-09,-0.086
2026-02-04,DN,20,ONGC.NS,0.7173,3.235,-0.6069,2026-02-05,0.8429,2026-02-09,-0.1311
2026-02-05,UP,1,STLTECH.NS,0.9924,6.8345,34.2274,2026-02-06,-1.1706,2026-02-10,17.4172
2026-02-05,UP,2,SAPPHIRE.NS,0.9662,4.844,18.5769,2026-02-06,-1.0714,2026-02-10,4.3592
2026-02-05,UP,3,RAJESHEXPO.NS,0.9012,4.2369,11.2864,2026-02-06,-4.3315,2026-02-10,4.481
2026-02-05,UP,4,RATEGAIN.NS,0.8904,5.0781,5.0221,2026-02-06,-3.7413,2026-02-10,-2.0648
2026-02-05,UP,5,GODREJPROP.NS,0.8855,4.9254,7.8711,2026-02-06,0.5918,2026-02-10,7.7524
2026-02-05,UP,6,IDEA.NS,0.8814,4.4865,11.8408,2026-02-06,-1.0676,2026-02-10,2.1352
2026-02-05,UP,7,WELCORP.NS,0.8762,4.2355,12.8507,2026-02-06,-1.6455,2026-02-10,-0.5366
2026-02-05,UP,8,ONMOBILE.NS,0.876,5.5162,7.2509,2026-02-06,-3.4576,2026-02-10,-0.734
2026-02-05,UP,9,HFCL.NS,0.8691,5.2307,7.9459,2026-02-06,-0.197,2026-02-10,1.7593
2026-02-05,UP,10,ADANIENSOL.NS,0.8672,4.8873,10.6498,2026-02-06,0.6179,2026-02-10,0.524
2026-02-05,UP,11,ADANIGREEN.NS,0.8578,4.9963,12.6164,2026-02-06,0.486,2026-02-10,1.1529
2026-02-05,UP,12,AMBER.NS,0.8449,3.7609,15.3687,2026-02-06,3.7581,2026-02-10,17.3607
2026-02-05,UP,13,ADANIPORTS.NS,0.8029,3.5619,10.749,2026-02-06,-1.2419,2026-02-10,-0.9871
2026-02-05,UP,14,CROMPTON.NS,0.7983,3.4496,11.2449,2026-02-06,-0.6487,2026-02-10,6.0941
2026-02-05,UP,15,BHARATFORG.NS,0.789,3.4143,9.4096,2026-02-06,-0.998,2026-02-10,2.5934
2026-02-05,UP,16,KEI.NS,0.789,4.0553,10.928,2026-02-06,0.4411,2026-02-10,3.3221
2026-02-05,UP,17,INDIAMART.NS,0.7831,3.7366,4.9418,2026-02-06,-1.945,2026-02-10,-1.3974
2026-02-05,UP,18,BLUESTARCO.NS,0.764,3.8265,7.4747,2026-02-06,1.015,2026-02-10,4.6348
2026-02-05,UP,19,PAGEIND.NS,0.7637,2.9802,7.9509,2026-02-06,-0.2245,2026-02-10,-2.9181
2026-02-05,UP,20,WHIRLPOOL.NS,0.7478,2.7444,7.5666,2026-02-06,2.6792,2026-02-10,6.1332
2026-02-05,DN,1,NATIONALUM.NS,0.8918,5.752,-15.1568,2026-02-06,-2.5285,2026-02-10,1.3192
2026-02-05,DN,2,HINDZINC.NS,0.8767,6.4155,-14.5973,2026-02-06,-0.3029,2026-02-10,1.1297
2026-02-05,DN,3,BDL.NS,0.8748,5.9289,-16.8158,2026-02-06,-0.3848,2026-02-10,2.0969
2026-02-05,DN,4,VEDL.NS,0.8624,4.9761,-14.5038,2026-02-06,2.4191,2026-02-10,5.3342
2026-02-05,DN,5,MUTHOOTFIN.NS,0.8542,4.6935,-12.5351,2026-02-06,3.504,2026-02-10,8.4721
2026-02-05,DN,6,HAL.NS,0.8507,4.7006,-12.2908,2026-02-06,0.793,2026-02-10,3.2908
2026-02-05,DN,7,OIL.NS,0.8218,4.3065,-3.1569,2026-02-06,-0.2508,2026-02-10,-1.9358
2026-02-05,DN,8,HINDALCO.NS,0.8114,3.6514,-8.6519,2026-02-06,0.759,2026-02-10,3.5758
2026-02-05,DN,9,DEEPAKFERT.NS,0.8083,5.3399,-8.6765,2026-02-06,-2.0534,2026-02-10,5.0796
2026-02-05,DN,10,PARAS.NS,0.8015,4.7614,-6.6224,2026-02-06,-1.5913,2026-02-10,1.8438
2026-02-05,DN,11,GRSE.NS,0.7973,5.4089,-5.6441,2026-02-06,-1.5457,2026-02-10,3.1282
2026-02-05,DN,12,MIDHANI.NS,0.7555,5.1563,-6.6065,2026-02-06,-2.1,2026-02-10,4.3935
2026-02-05,DN,13,MOIL.NS,0.7498,5.2702,-14.5704,2026-02-06,-3.615,2026-02-10,-1.9311
2026-02-05,DN,14,INFY.NS,0.7478,3.1063,-8.3941,2026-02-06,-0.8617,2026-02-10,-1.4735
2026-02-05,DN,15,COCHINSHIP.NS,0.7456,4.4893,-7.9059,2026-02-06,0.4855,2026-02-10,3.0818
2026-02-05,DN,16,ONGC.NS,0.7397,3.326,-2.2477,2026-02-06,-0.0929,2026-02-10,1.0958
2026-02-05,DN,17,TECHM.NS,0.737,3.3102,-6.9102,2026-02-06,-1.5976,2026-02-10,-0.0972
2026-02-05,DN,18,BEL.NS,0.735,3.6482,-2.6097,2026-02-06,-0.7508,2026-02-10,1.0164
2026-02-05,DN,19,DATAPATTNS.NS,0.7316,6.3837,-1.522,2026-02-06,7.9334,2026-02-10,12.5619
2026-02-05,DN,20,AXISBANK.NS,0.7213,3.3674,-2.4272,2026-02-06,0.8267,2026-02-10,1.9615
2026-02-06,UP,1,SAPPHIRE.NS,0.9359,5.0313,13.5004,2026-02-09,-0.5717,2026-02-11,4.0904
2026-02-06,UP,2,ONMOBILE.NS,0.8998,5.8438,4.7579,2026-02-09,1.5406,2026-02-11,4.6218
2026-02-06,UP,3,STLTECH.NS,0.8939,6.9386,24.6356,2026-02-09,7.8008,2026-02-11,8.4119
2026-02-06,UP,4,AMBER.NS,0.8895,3.8522,16.1652,2026-02-09,6.1446,2026-02-11,15.9036
2026-02-06,UP,5,ADANIENSOL.NS,0.8841,4.84,13.7349,2026-02-09,1.4543,2026-02-11,1.582
2026-02-06,UP,6,NCC.NS,0.849,4.0629,6.8565,2026-02-09,1.0098,2026-02-11,-0.4282
2026-02-06,UP,7,JINDALPOLY.NS,0.8446,4.9345,8.515,2026-02-09,0.1292,2026-02-11,3.1599
2026-02-06,UP,8,GODREJPROP.NS,0.8427,4.9565,7.8006,2026-02-09,5.9772,2026-02-11,8.9599
2026-02-06,UP,9,ADANIPORTS.NS,0.8407,3.6831,9.2196,2026-02-09,0.7094,2026-02-11,0.1741
2026-02-06,UP,10,MGL.NS,0.8171,3.163,9.4795,2026-02-09,2.4813,2026-02-11,2.3946
2026-02-06,UP,11,SAIL.NS,0.8061,3.9844,6.2132,2026-02-09,-1.3332,2026-02-11,0.9968
2026-02-06,UP,12,RAJESHEXPO.NS,0.8056,4.4606,6.3809,2026-02-09,4.9213,2026-02-11,10.0046
2026-02-06,UP,13,MANAPPURAM.NS,0.798,4.3073,5.7088,2026-02-09,1.9276,2026-02-11,0.5484
2026-02-06,UP,14,KALYANKJIL.NS,0.7937,5.6833,5.1431,2026-02-09,15.0164,2026-02-11,12.2814
2026-02-06,UP,15,ADANIGREEN.NS,0.779,4.9736,14.0268,2026-02-09,1.1113,2026-02-11,2.3563
2026-02-06,UP,16,CRAFTSMAN.NS,0.7729,4.4545,7.0657,2026-02-09,0.0511,2026-02-11,3.638
2026-02-06,UP,17,NAVINFLUOR.NS,0.7639,3.8455,5.2222,2026-02-09,2.8126,2026-02-11,0.2259
2026-02-06,UP,18,PFC.NS,0.7637,3.2732,10.5048,2026-02-09,-0.9542,2026-02-11,-0.7991
2026-02-06,UP,19,MOTHERSON.NS,0.7629,3.768,4.6058,2026-02-09,5.3429,2026-02-11,10.2202
2026-02-06,UP,20,PAGEIND.NS,0.7607,3.1908,7.7739,2026-02-09,-1.9826,2026-02-11,-3.3746
2026-02-06,DN,1,BDL.NS,0.882,5.9411,-17.54,2026-02-09,2.7436,2026-02-11,1.1195
2026-02-06,DN,2,GRSE.NS,0.8583,5.5735,-13.125,2026-02-09,4.7181,2026-02-11,3.423
2026-02-06,DN,3,HAL.NS,0.8524,4.6085,-11.9474,2026-02-09,1.5612,2026-02-11,1.6103
2026-02-06,DN,4,NATIONALUM.NS,0.8466,5.9244,-7.9907,2026-02-09,2.9748,2026-02-11,3.6797
2026-02-06,DN,5,MOIL.NS,0.842,5.5927,-14.7328,2026-02-09,0.7213,2026-02-11,1.0579
2026-02-06,DN,6,RATNAMANI.NS,0.8378,5.3436,-9.6134,2026-02-09,0.0,2026-02-11,-2.8549
2026-02-06,DN,7,PARAS.NS,0.8144,4.7678,-9.765,2026-02-09,4.1748,2026-02-11,2.4567
2026-02-06,DN,8,COCHINSHIP.NS,0.7961,4.4767,-10.2295,2026-02-09,2.3019,2026-02-11,1.5838
2026-02-06,DN,9,OIL.NS,0.7872,4.2649,-2.5096,2026-02-09,-1.448,2026-02-11,-3.6199
2026-02-06,DN,10,POLICYBZR.NS,0.7705,5.6601,-9.042,2026-02-09,1.8074,2026-02-11,3.3025
2026-02-06,DN,11,CLEAN.NS,0.759,3.5958,-7.4042,2026-02-09,0.2697,2026-02-11,-1.7623
2026-02-06,DN,12,NAUKRI.NS,0.7554,4.4384,-9.5246,2026-02-09,4.149,2026-02-11,3.6536
2026-02-06,DN,13,BEML.NS,0.7488,5.2227,-9.8891,2026-02-09,8.8908,2026-02-11,9.2865
2026-02-06,DN,14,ZYDUSWELL.NS,0.7463,4.6844,-13.317,2026-02-09,4.7735,2026-02-11,6.5234
2026-02-06,DN,15,MAZDOCK.NS,0.7429,4.0852,-6.6268,2026-02-09,2.9179,2026-02-11,1.1738
2026-02-06,DN,16,COFORGE.NS,0.7415,3.9706,-6.5183,2026-02-09,0.2135,2026-02-11,-1.6559
2026-02-06,DN,17,INTELLECT.NS,0.7349,4.8964,-16.7779,2026-02-09,1.4861,2026-02-11,-1.828
2026-02-06,DN,18,MUTHOOTFIN.NS,0.7327,4.8771,-3.2745,2026-02-09,2.0409,2026-02-11,6.1822
2026-02-06,DN,19,IDEAFORGE.NS,0.7295,5.3811,-7.7573,2026-02-09,1.4329,2026-02-11,-0.5051
2026-02-06,DN,20,IRCON.NS,0.7283,4.4961,-6.5976,2026-02-09,2.1478,2026-02-11,2.1217
2026-02-09,UP,1,KALYANKJIL.NS,0.9877,5.5513,19.658,2026-02-10,-0.7888,2026-02-12,-1.109
2026-02-09,UP,2,DEEPAKFERT.NS,0.9474,5.5157,11.2417,2026-02-10,-0.8437,2026-02-12,-3.1615
2026-02-09,UP,3,GODREJPROP.NS,0.9286,4.7431,15.467,2026-02-10,1.0769,2026-02-12,1.1269
2026-02-09,UP,4,STLTECH.NS,0.9248,6.8739,29.5115,2026-02-10,10.2107,2026-02-12,8.1461
2026-02-09,UP,5,RAJESHEXPO.NS,0.8846,4.3227,12.2592,2026-02-10,4.089,2026-02-12,1.8872
2026-02-09,UP,6,AMBER.NS,0.8716,3.8871,17.4862,2026-02-10,6.5621,2026-02-12,10.4498
2026-02-09,UP,7,CROMPTON.NS,0.8673,3.5282,16.6408,2026-02-10,-0.4792,2026-02-12,0.5629
2026-02-09,UP,8,ONMOBILE.NS,0.8596,5.931,6.216,2026-02-10,1.2611,2026-02-12,4.9458
2026-02-09,UP,9,NAVINFLUOR.NS,0.8519,3.7576,11.8116,2026-02-10,-3.9406,2026-02-12,-0.1667
2026-02-09,UP,10,VOLTAS.NS,0.8293,3.8364,13.2725,2026-02-10,-1.8165,2026-02-12,2.1891
2026-02-09,UP,11,NOCIL.NS,0.8243,4.2349,12.5028,2026-02-10,1.3517,2026-02-12,2.3771
2026-02-09,UP,12,ATUL.NS,0.8183,4.3868,9.5254,2026-02-10,1.7302,2026-02-12,1.4929
2026-02-09,UP,13,M&MFIN.NS,0.8113,4.0963,10.2658,2026-02-10,0.7438,2026-02-12,-2.7828
2026-02-09,UP,14,BSE.NS,0.8082,3.7675,10.4938,2026-02-10,6.3348,2026-02-12,5.2963
2026-02-09,UP,15,MGL.NS,0.7995,3.1034,12.4738,2026-02-10,-0.618,2026-02-12,-2.3705
2026-02-09,UP,16,SHRIRAMFIN.NS,0.7957,3.5049,10.4563,2026-02-10,-1.3268,2026-02-12,1.8914
2026-02-09,UP,17,WHIRLPOOL.NS,0.787,3.0654,15.5213,2026-02-10,-2.5912,2026-02-12,-2.0454
2026-02-09,UP,18,MANAPPURAM.NS,0.7786,4.241,9.7709,2026-02-10,0.7336,2026-02-12,0.6358
2026-02-09,UP,19,SAPPHIRE.NS,0.776,5.0018,14.611,2026-02-10,6.096,2026-02-12,2.9358
2026-02-09,UP,20,SBIN.NS,0.7716,2.874,11.4027,2026-02-10,-0.1658,2026-02-12,4.0489
2026-02-09,DN,1,GRSE.NS,0.8588,5.5255,-2.6631,2026-02-10,0.0278,2026-02-12,-0.7357
2026-02-09,DN,2,HAL.NS,0.8257,4.5964,-4.7872,2026-02-10,0.9029,2026-02-12,0.6754
2026-02-09,DN,3,COFORGE.NS,0.8233,4.0004,-7.1274,2026-02-10,0.1097,2026-02-12,-8.2489
2026-02-09,DN,4,MOIL.NS,0.8043,5.5561,-4.3094,2026-02-10,1.0185,2026-02-12,-0.6206
2026-02-09,DN,5,NATIONALUM.NS,0.7996,5.853,-1.2172,2026-02-10,0.9447,2026-02-12,1.2322
2026-02-09,DN,6,RATNAMANI.NS,0.7887,5.2252,-3.4317,2026-02-10,-0.0299,2026-02-12,16.0112
2026-02-09,DN,7,INFY.NS,0.762,2.9751,-8.1134,2026-02-10,0.0401,2026-02-12,-7.4272
2026-02-09,DN,8,OIL.NS,0.7513,4.3115,1.3966,2026-02-10,-0.2449,2026-02-12,-3.1017
2026-02-09,DN,9,PERSISTENT.NS,0.7498,3.9739,-3.4114,2026-02-10,-0.0426,2026-02-12,-7.2
2026-02-09,DN,10,SYMPHONY.NS,0.7453,3.8264,1.5854,2026-02-10,0.3142,2026-02-12,-2.1367
2026-02-09,DN,11,BEL.NS,0.7418,3.6033,-0.4099,2026-02-10,0.0,2026-02-12,1.5093
2026-02-09,DN,12,SUNDRMFAST.NS,0.7365,4.4255,-1.3461,2026-02-10,0.2265,2026-02-12,1.4076
2026-02-09,DN,13,NAUKRI.NS,0.7327,4.4454,-4.8493,2026-02-10,1.444,2026-02-12,-2.3783
2026-02-09,DN,14,RATEGAIN.NS,0.732,5.3173,-6.9022,2026-02-10,-0.2104,2026-02-12,-3.8795
2026-02-09,DN,15,ZENSARTECH.NS,0.7298,4.1145,-7.0004,2026-02-10,-0.352,2026-02-12,-7.7114
2026-02-09,DN,16,PARAS.NS,0.7279,4.7489,1.9942,2026-02-10,-0.6567,2026-02-12,-2.7239
2026-02-09,DN,17,TATACHEM.NS,0.7216,3.4312,-2.3603,2026-02-10,0.8951,2026-02-12,-1.5153
2026-02-09,DN,18,OLECTRA.NS,0.7207,4.6157,-1.8842,2026-02-10,0.3879,2026-02-12,-2.4217
2026-02-09,DN,19,IDEAFORGE.NS,0.7144,5.3729,0.7466,2026-02-10,0.7411,2026-02-12,-2.3622
2026-02-09,DN,20,COCHINSHIP.NS,0.7113,4.5198,0.8201,2026-02-10,0.2755,2026-02-12,-1.5744
2026-02-10,UP,1,KALYANKJIL.NS,0.9663,5.5856,13.0095,2026-02-11,-1.6018,2026-02-13,-3.6529
2026-02-10,UP,2,SAPPHIRE.NS,0.9361,4.788,20.4554,2026-02-11,-1.3263,2026-02-13,-3.7938
2026-02-10,UP,3,AMBER.NS,0.9106,3.9797,21.2642,2026-02-11,2.4699,2026-02-13,2.9825
2026-02-10,UP,4,RAJESHEXPO.NS,0.8762,4.1226,11.2861,2026-02-11,0.7263,2026-02-13,-5.6778
2026-02-10,UP,5,BSE.NS,0.876,3.7935,10.955,2026-02-11,0.0914,2026-02-13,-4.6909
2026-02-10,UP,6,M&MFIN.NS,0.8618,4.0515,8.3736,2026-02-11,-2.6349,2026-02-13,-7.472
2026-02-10,UP,7,MUTHOOTFIN.NS,0.8517,4.8657,7.1133,2026-02-11,1.3189,2026-02-13,-7.6224
2026-02-10,UP,8,NOCIL.NS,0.8514,4.2075,10.7949,2026-02-11,-2.1089,2026-02-13,-0.5979
2026-02-10,UP,9,VOLTAS.NS,0.8481,3.8469,7.9523,2026-02-11,2.0941,2026-02-13,3.3749
2026-02-10,UP,10,STLTECH.NS,0.8471,7.102,26.429,2026-02-11,-8.7503,2026-02-13,-1.1557
2026-02-10,UP,11,CROMPTON.NS,0.8327,3.4333,12.45,2026-02-11,1.6739,2026-02-13,2.2395
2026-02-10,UP,12,TATASTEEL.NS,0.8269,3.3948,7.8163,2026-02-11,-0.2019,2026-02-13,-2.322
2026-02-10,UP,13,GLAXO.NS,0.8226,3.5359,7.7034,2026-02-11,2.9128,2026-02-13,-1.0866
2026-02-10,UP,14,POLICYBZR.NS,0.8171,5.7557,2.9068,2026-02-11,3.3231,2026-02-13,1.2761
2026-02-10,UP,15,DEEPAKFERT.NS,0.7976,5.3964,4.9661,2026-02-11,-0.7106,2026-02-13,-3.6185
2026-02-10,UP,16,PFIZER.NS,0.795,3.2675,6.2816,2026-02-11,4.7775,2026-02-13,1.5441
2026-02-10,UP,17,TATACOMM.NS,0.795,3.9386,5.9054,2026-02-11,1.5804,2026-02-13,-1.1868
2026-02-10,UP,18,GODREJAGRO.NS,0.7894,3.7007,8.5712,2026-02-11,-0.6803,2026-02-13,9.381
2026-02-10,UP,19,MANAPPURAM.NS,0.787,4.113,6.0773,2026-02-11,-2.0715,2026-02-13,-2.0392
2026-02-10,UP,20,TORNTPOWER.NS,0.7865,3.1895,8.2245,2026-02-11,-3.6682,2026-02-13,-1.3756
2026-02-10,DN,1,AUROPHARMA.NS,0.8329,4.1989,-8.3191,2026-02-11,2.0016,2026-02-13,1.9126
2026-02-10,DN,2,HAL.NS,0.8197,4.3168,-6.7578,2026-02-11,-0.8469,2026-02-13,1.058
2026-02-10,DN,3,COFORGE.NS,0.8175,3.9514,-9.4095,2026-02-11,-1.9729,2026-02-13,-12.1986
2026-02-10,DN,4,TIINDIA.NS,0.8046,4.7879,-2.5846,2026-02-11,0.4757,2026-02-13,2.4604
2026-02-10,DN,5,GRSE.NS,0.7973,5.4246,-1.2058,2026-02-11,-1.2642,2026-02-13,-3.2838
2026-02-10,DN,6,SUNDRMFAST.NS,0.7632,4.3006,-5.1643,2026-02-11,1.7596,2026-02-13,-0.339
2026-02-10,DN,7,PERSISTENT.NS,0.762,3.9524,-6.4665,2026-02-11,-2.5287,2026-02-13,-6.7007
2026-02-10,DN,8,JPPOWER.NS,0.7543,4.8496,-1.5544,2026-02-11,1.1842,2026-02-13,-1.6447
2026-02-10,DN,9,INFY.NS,0.7536,2.9577,-9.5531,2026-02-11,-1.7292,2026-02-13,-8.5926
2026-02-10,DN,10,RATEGAIN.NS,0.7486,5.2779,-8.3829,2026-02-11,-0.2699,2026-02-13,-7.5982
2026-02-10,DN,11,OIL.NS,0.7298,4.2951,-0.0102,2026-02-11,-1.9638,2026-02-13,-6.8733
2026-02-10,DN,12,RATNAMANI.NS,0.7262,5.0328,-4.5463,2026-02-11,-2.8258,2026-02-13,12.3814
2026-02-10,DN,13,ZENSARTECH.NS,0.7245,4.0505,-7.3967,2026-02-11,-1.4691,2026-02-13,-5.5391
2026-02-10,DN,14,NAUKRI.NS,0.7147,4.4377,-4.5095,2026-02-11,-1.8923,2026-02-13,-4.4545
2026-02-10,DN,15,ADANIPORTS.NS,0.7119,3.658,1.5613,2026-02-11,-0.0836,2026-02-13,-2.2963
2026-02-10,DN,16,ROUTE.NS,0.6983,4.512,-2.5511,2026-02-11,-0.0433,2026-02-13,-4.785
2026-02-10,DN,17,TCS.NS,0.6974,2.6127,-7.4629,2026-02-11,-2.5062,2026-02-13,-9.797
2026-02-10,DN,18,STLTECH.NS,0.6942,7.102,26.429,2026-02-11,-8.7503,2026-02-13,-1.1557
2026-02-10,DN,19,RECLTD.NS,0.693,3.5062,-4.4832,2026-02-11,-0.52,2026-02-13,-2.5014
2026-02-10,DN,20,BEL.NS,0.6895,3.5763,-0.3759,2026-02-11,0.0572,2026-02-13,-0.4002
2026-02-11,UP,1,AMBER.NS,0.8812,3.8833,20.4382,2026-02-12,1.1499,2026-02-16,0.9745
2026-02-11,UP,2,GLAXO.NS,0.8573,3.5181,12.1391,2026-02-12,-1.141,2026-02-16,-3.7788
2026-02-11,UP,3,BSE.NS,0.8568,3.8117,9.6951,2026-02-12,-1.067,2026-02-16,-11.7245
2026-02-11,UP,4,MUTHOOTFIN.NS,0.8568,4.6847,5.6829,2026-02-12,3.3993,2026-02-16,-11.0597
2026-02-11,UP,5,PFIZER.NS,0.8473,3.3984,9.5773,2026-02-12,-1.4699,2026-02-16,-3.4745
2026-02-11,UP,6,WHIRLPOOL.NS,0.8383,3.2782,15.1568,2026-02-12,-3.008,2026-02-16,-1.9325
2026-02-11,UP,7,TATACOMM.NS,0.8305,3.4815,9.0321,2026-02-12,0.1174,2026-02-16,-4.7966
2026-02-11,UP,8,KALYANKJIL.NS,0.8273,4.8308,10.266,2026-02-12,1.2999,2026-02-16,0.0234
2026-02-11,UP,9,DATAPATTNS.NS,0.8188,5.8894,8.1761,2026-02-12,-1.7439,2026-02-16,-0.1518
2026-02-11,UP,10,SBIN.NS,0.8166,2.9235,10.7377,2026-02-12,0.8031,2026-02-16,2.1304
2026-02-11,UP,11,RAJESHEXPO.NS,0.8088,4.2064,6.7596,2026-02-12,-2.8211,2026-02-16,-11.0368
2026-02-11,UP,12,POLICYBZR.NS,0.8078,5.6225,7.9658,2026-02-12,-0.0643,2026-02-16,-3.3256
2026-02-11,UP,13,DIVISLAB.NS,0.8005,3.3273,5.4835,2026-02-12,-3.1551,2026-02-16,-3.711
2026-02-11,UP,14,SAPPHIRE.NS,0.7951,4.7828,10.435,2026-02-12,-1.6746,2026-02-16,-4.077
2026-02-11,UP,15,CRAFTSMAN.NS,0.7924,4.1917,3.4465,2026-02-12,-1.7921,2026-02-16,-4.705
2026-02-11,UP,16,ENDURANCE.NS,0.7866,3.3428,6.5601,2026-02-12,-1.8987,2026-02-16,-4.5491
2026-02-11,UP,17,SJVN.NS,0.7844,3.4265,4.5958,2026-02-12,2.0677,2026-02-16,0.5557
2026-02-11,UP,18,ATUL.NS,0.7807,4.1545,5.4848,2026-02-12,-0.5327,2026-02-16,-1.7482
2026-02-11,UP,19,TATASTEEL.NS,0.7763,3.4058,6.2385,2026-02-12,0.2505,2026-02-16,-0.8575
2026-02-11,UP,20,EICHERMOT.NS,0.7656,2.9092,6.7812,2026-02-12,2.2134,2026-02-16,3.082
2026-02-11,DN,1,OIL.NS,0.8417,4.4683,-5.492,2026-02-12,-0.9181,2026-02-16,-3.2238
2026-02-11,DN,2,TIINDIA.NS,0.8412,4.692,-7.0979,2026-02-12,2.4978,2026-02-16,2.2121
2026-02-11,DN,3,JPPOWER.NS,0.8127,4.8625,-4.5313,2026-02-12,-0.3251,2026-02-16,-2.9909
2026-02-11,DN,4,AUROPHARMA.NS,0.8112,4.0717,-5.4506,2026-02-12,0.9855,2026-02-16,3.3141
2026-02-11,DN,5,ADANIPORTS.NS,0.7914,3.5452,-0.9248,2026-02-12,-0.6244,2026-02-16,-0.8562
2026-02-11,DN,6,RATNAMANI.NS,0.7583,5.2309,-6.0844,2026-02-12,19.4205,2026-02-16,10.5631
2026-02-11,DN,7,RECLTD.NS,0.7571,3.4589,-7.2458,2026-02-12,-0.9182,2026-02-16,-0.1271
2026-02-11,DN,8,RATEGAIN.NS,0.7556,5.2083,-5.9712,2026-02-12,-3.4162,2026-02-16,-8.8787
2026-02-11,DN,9,GRSE.NS,0.7488,5.442,-1.5382,2026-02-12,0.5073,2026-02-16,-2.138
2026-02-11,DN,10,TEJASNET.NS,0.7466,6.5698,-2.8649,2026-02-12,-1.7697,2026-02-16,-2.33
2026-02-11,DN,11,IDEAFORGE.NS,0.712,5.2389,-2.9112,2026-02-12,-0.4604,2026-02-16,-3.9193
2026-02-11,DN,12,MASTEK.NS,0.6995,4.3426,-8.641,2026-02-12,-5.2952,2026-02-16,-9.4372
2026-02-11,DN,13,PFC.NS,0.6942,3.4705,0.3015,2026-02-12,-1.2745,2026-02-16,-0.9739
2026-02-11,DN,14,SYMPHONY.NS,0.694,3.7207,-0.1956,2026-02-12,-1.038,2026-02-16,-8.8545
2026-02-11,DN,15,SUZLON.NS,0.6905,3.4237,-4.8021,2026-02-12,-1.203,2026-02-16,-2.4694
2026-02-11,DN,16,IDFCFIRSTB.NS,0.6761,2.6924,-3.0303,2026-02-12,-0.4966,2026-02-16,0.4239
2026-02-11,DN,17,NCC.NS,0.664,4.2032,0.4189,2026-02-12,-0.6098,2026-02-16,-3.6906
2026-02-11,DN,18,MOIL.NS,0.6639,5.2815,-5.2022,2026-02-12,-0.9516,2026-02-16,-2.4901
2026-02-11,DN,19,COFORGE.NS,0.6615,3.7749,-5.7934,2026-02-12,-6.5049,2026-02-16,-8.4123
2026-02-11,DN,20,SUNDRMFAST.NS,0.6607,4.148,-0.5103,2026-02-12,-0.5711,2026-02-16,-3.2468
2026-02-12,UP,1,RATNAMANI.NS,0.978,5.2474,14.3785,2026-02-13,-3.1578,2026-02-17,-7.3352
2026-02-12,UP,2,GODREJAGRO.NS,0.929,4.1813,14.3115,2026-02-13,2.8752,2026-02-17,1.9352
2026-02-12,UP,3,MUTHOOTFIN.NS,0.9251,4.548,13.6386,2026-02-13,-11.8223,2026-02-17,-14.0402
2026-02-12,UP,4,AMBER.NS,0.8676,3.8878,21.6423,2026-02-13,-0.6423,2026-02-17,0.4303
2026-02-12,UP,5,SJVN.NS,0.8639,3.5642,9.4057,2026-02-13,-2.9248,2026-02-17,-1.8106
2026-02-12,UP,6,MOTHERSON.NS,0.831,3.7614,9.7115,2026-02-13,-1.115,2026-02-17,-0.0603
2026-02-12,UP,7,BHARATFORG.NS,0.8176,3.6449,9.7572,2026-02-13,0.7008,2026-02-17,1.4189
2026-02-12,UP,8,SHRIRAMFIN.NS,0.8173,3.5025,9.1532,2026-02-13,-1.57,2026-02-17,-0.7204
2026-02-12,UP,9,ATUL.NS,0.8132,4.2306,5.9966,2026-02-13,0.0905,2026-02-17,0.3621
2026-02-12,UP,10,KALYANKJIL.NS,0.8132,4.384,14.9807,2026-02-13,-3.341,2026-02-17,-2.6936
2026-02-12,UP,11,HAL.NS,0.812,4.271,3.0579,2026-02-13,1.2864,2026-02-17,2.1328
2026-02-12,UP,12,FINPIPE.NS,0.8107,3.1653,9.5312,2026-02-13,-1.3641,2026-02-17,-0.1725
2026-02-12,UP,13,NAVINFLUOR.NS,0.808,4.1668,5.0056,2026-02-13,-4.2963,2026-02-17,-5.2452
2026-02-12,UP,14,VOLTAS.NS,0.7998,3.697,7.6395,2026-02-13,-0.6772,2026-02-17,-0.3972
2026-02-12,UP,15,SBIN.NS,0.7912,2.9125,11.0759,2026-02-13,0.52,2026-02-17,1.7612
2026-02-12,UP,16,DATAPATTNS.NS,0.7902,5.9711,10.2952,2026-02-13,-0.521,2026-02-17,1.2216
2026-02-12,UP,17,ERIS.NS,0.789,3.5454,6.878,2026-02-13,-6.3559,2026-02-17,-11.6658
2026-02-12,UP,18,TIINDIA.NS,0.788,4.7373,5.4501,2026-02-13,-0.5097,2026-02-17,-1.9392
2026-02-12,UP,19,MANAPPURAM.NS,0.7871,4.0696,4.7159,2026-02-13,-1.9439,2026-02-17,-0.6804
2026-02-12,UP,20,NOCIL.NS,0.7739,4.217,8.3204,2026-02-13,-1.5935,2026-02-17,-3.1415
2026-02-12,DN,1,COFORGE.NS,0.7863,4.2239,-11.1451,2026-02-13,-4.1998,2026-02-17,-3.0039
2026-02-12,DN,2,ADANIPORTS.NS,0.7785,3.4648,-1.6877,2026-02-13,-1.6001,2026-02-17,1.464
2026-02-12,DN,3,OIL.NS,0.7736,4.6203,-4.7442,2026-02-13,-4.1276,2026-02-17,-2.1375
2026-02-12,DN,4,PERSISTENT.NS,0.7568,4.14,-8.8371,2026-02-13,0.4952,2026-02-17,3.2282
2026-02-12,DN,5,RATEGAIN.NS,0.7534,5.3374,-5.6657,2026-02-13,-4.0711,2026-02-17,1.357
2026-02-12,DN,6,AUROPHARMA.NS,0.7422,4.0541,-2.0058,2026-02-13,-1.0623,2026-02-17,2.4873
2026-02-12,DN,7,RECLTD.NS,0.7398,3.3881,-8.2177,2026-02-13,-1.0835,2026-02-17,2.2526
2026-02-12,DN,8,ZENSARTECH.NS,0.7398,4.475,-10.0359,2026-02-13,1.9936,2026-02-17,1.2222
2026-02-12,DN,9,PFC.NS,0.7356,3.5884,-1.0723,2026-02-13,-2.4358,2026-02-17,1.5589
2026-02-12,DN,10,TCS.NS,0.7351,3.2755,-8.0695,2026-02-13,-2.1054,2026-02-17,-1.1891
2026-02-12,DN,11,INFY.NS,0.722,3.625,-8.8278,2026-02-13,-1.2193,2026-02-17,0.3752
2026-02-12,DN,12,TEJASNET.NS,0.7195,6.5509,-1.7697,2026-02-13,-1.3211,2026-02-17,0.4204
2026-02-12,DN,13,CLEAN.NS,0.718,3.871,-4.5205,2026-02-13,-2.2638,2026-02-17,-3.6091
2026-02-12,DN,14,ADANIENSOL.NS,0.714,4.5795,1.1222,2026-02-13,-3.4024,2026-02-17,0.7235
2026-02-12,DN,15,HCLTECH.NS,0.7093,3.202,-8.3168,2026-02-13,-1.4159,2026-02-17,0.4403
2026-02-12,DN,16,WIPRO.NS,0.6966,3.2366,-6.1314,2026-02-13,-2.2777,2026-02-17,-1.5474
2026-02-12,DN,17,MASTEK.NS,0.6937,4.4813,-13.5914,2026-02-13,-2.2063,2026-02-17,-3.0554
2026-02-12,DN,18,RAJESHEXPO.NS,0.6925,4.3966,2.271,2026-02-13,-3.6395,2026-02-17,-9.7649
2026-02-12,DN,19,SYMPHONY.NS,0.6909,3.8499,-0.3679,2026-02-13,-6.1005,2026-02-17,-7.8022
2026-02-12,DN,20,ROUTE.NS,0.6661,4.5331,-2.0941,2026-02-13,-3.3184,2026-02-17,-4.9115
2026-02-13,UP,1,RATNAMANI.NS,0.9812,5.9491,12.3478,2026-02-16,-4.398,2026-02-18,10.813
2026-02-13,UP,2,GODREJAGRO.NS,0.9293,4.274,17.6301,2026-02-16,-1.9963,2026-02-18,-1.5817
2026-02-13,UP,3,HAL.NS,0.8603,4.2628,3.5624,2026-02-16,0.3252,2026-02-18,0.9187
2026-02-13,UP,4,BHARATFORG.NS,0.8488,3.6708,11.6404,2026-02-16,-0.6556,2026-02-18,1.8749
2026-02-13,UP,5,MOTHERSON.NS,0.8154,3.7668,11.1431,2026-02-16,0.7999,2026-02-18,2.0265
2026-02-13,UP,6,METROBRAND.NS,0.8101,4.3772,3.3118,2026-02-16,0.1308,2026-02-18,-0.0748
2026-02-13,UP,7,BEML.NS,0.7986,5.2941,7.3266,2026-02-16,-0.9102,2026-02-18,1.6821
2026-02-13,UP,8,FINPIPE.NS,0.7923,3.2844,9.7076,2026-02-16,0.106,2026-02-18,1.367
2026-02-13,UP,9,NAUKRI.NS,0.7832,4.3723,0.9466,2026-02-16,-1.3934,2026-02-18,-1.9104
2026-02-13,UP,10,KALYANKJIL.NS,0.7825,4.55,9.9408,2026-02-16,2.1529,2026-02-18,0.0837
2026-02-13,UP,11,EICHERMOT.NS,0.7752,2.8,12.365,2026-02-16,-0.6758,2026-02-18,-0.6882
2026-02-13,UP,12,BLUESTARCO.NS,0.774,3.658,6.1832,2026-02-16,-1.0915,2026-02-18,0.9764
2026-02-13,UP,13,SBIN.NS,0.7704,2.8325,12.3968,2026-02-16,0.7926,2026-02-18,1.6936
2026-02-13,UP,14,TIINDIA.NS,0.77,4.6915,7.9962,2026-02-16,0.2321,2026-02-18,-1.0966
2026-02-13,UP,15,AMBER.NS,0.769,3.8436,16.4834,2026-02-16,0.4719,2026-02-18,2.0622
2026-02-13,UP,16,SUDARSCHEM.NS,0.7538,4.381,1.1043,2026-02-16,-0.9517,2026-02-18,-0.8165
2026-02-13,UP,17,SJVN.NS,0.7531,3.707,6.103,2026-02-16,1.4869,2026-02-18,-0.0261
2026-02-13,UP,18,GODREJPROP.NS,0.7488,4.1123,6.2831,2026-02-16,1.4447,2026-02-18,4.3452
2026-02-13,UP,19,ONMOBILE.NS,0.7488,5.2644,3.6214,2026-02-16,0.56,2026-02-18,0.9847
2026-02-13,UP,20,BSE.NS,0.7423,4.0322,4.4287,2026-02-16,-7.2951,2026-02-18,-6.6539
2026-02-13,DN,1,OIL.NS,0.824,4.9627,-8.4465,2026-02-16,1.8781,2026-02-18,-0.3954
2026-02-13,DN,2,SYMPHONY.NS,0.7829,4.4969,-5.7829,2026-02-16,-1.9149,2026-02-18,-3.0604
2026-02-13,DN,3,COFORGE.NS,0.7642,4.4453,-11.9146,2026-02-16,2.2544,2026-02-18,0.8078
2026-02-13,DN,4,M&MFIN.NS,0.7591,4.3856,-4.4684,2026-02-16,1.6784,2026-02-18,5.7917
2026-02-13,DN,5,NMDC.NS,0.7459,4.0017,-5.5304,2026-02-16,1.2967,2026-02-18,0.8309
2026-02-13,DN,6,PFC.NS,0.7378,3.637,-4.449,2026-02-16,2.8086,2026-02-18,4.9682
2026-02-13,DN,7,TCS.NS,0.7344,3.6669,-8.4784,2026-02-16,0.5349,2026-02-18,0.1003
2026-02-13,DN,8,RECLTD.NS,0.7315,3.4407,-6.8725,2026-02-16,1.9026,2026-02-18,5.0159
2026-02-13,DN,9,INFY.NS,0.73,4.1445,-9.1567,2026-02-16,-0.2556,2026-02-18,0.336
2026-02-13,DN,10,WIPRO.NS,0.7274,3.4578,-7.2079,2026-02-16,-0.3877,2026-02-18,-0.9996
2026-02-13,DN,11,HCLTECH.NS,0.7264,3.5356,-8.6905,2026-02-16,0.4535,2026-02-18,0.8246
2026-02-13,DN,12,NAVINFLUOR.NS,0.719,4.5096,-1.7686,2026-02-16,-0.8804,2026-02-18,1.3087
2026-02-13,DN,13,KPITTECH.NS,0.7065,5.0357,-10.0897,2026-02-16,2.1585,2026-02-18,-0.0116
2026-02-13,DN,14,AUROPHARMA.NS,0.7038,4.1064,-3.8119,2026-02-16,3.4043,2026-02-18,1.2221
2026-02-13,DN,15,HINDALCO.NS,0.6993,4.1207,-3.5595,2026-02-16,-0.1705,2026-02-18,-1.0726
2026-02-13,DN,16,MUTHOOTFIN.NS,0.6942,5.9073,-3.1883,2026-02-16,-2.4511,2026-02-18,-3.6028
2026-02-13,DN,17,NCC.NS,0.6923,3.983,-2.9015,2026-02-16,-1.2374,2026-02-18,-1.4283
2026-02-13,DN,18,RATEGAIN.NS,0.6844,6.3775,-5.9888,2026-02-16,-1.6519,2026-02-18,2.8201
2026-02-13,DN,19,COALINDIA.NS,0.6832,3.2697,-5.5106,2026-02-16,3.3134,2026-02-18,2.213
2026-02-13,DN,20,MASTEK.NS,0.6817,4.5306,-13.1289,2026-02-16,-2.2161,2026-02-18,-1.6107
2026-02-16,UP,1,NATCOPHARM.NS,0.859,3.506,4.2396,2026-02-17,0.3687,2026-02-19,0.7771
2026-02-16,UP,2,RATNAMANI.NS,0.8557,6.4302,7.4067,2026-02-17,0.0883,2026-02-19,15.0929
2026-02-16,UP,3,BHARATFORG.NS,0.8485,3.7108,8.6142,2026-02-17,1.3778,2026-02-19,1.783
2026-02-16,UP,4,SJVN.NS,0.8254,3.6931,6.1383,2026-02-17,-0.3341,2026-02-19,-3.4314
2026-02-16,UP,5,GALAXYSURF.NS,0.8197,4.104,1.3952,2026-02-17,5.0789,2026-02-19,1.5141
2026-02-16,UP,6,HAL.NS,0.8087,4.1812,2.3021,2026-02-17,0.5087,2026-02-19,-2.2124
2026-02-16,UP,7,CENTUM.NS,0.8065,4.6868,0.3982,2026-02-17,-1.357,2026-02-19,-4.1837
2026-02-16,UP,8,GODREJAGRO.NS,0.8022,4.2972,9.6093,2026-02-17,1.1047,2026-02-19,0.4309
2026-02-16,UP,9,TORNTPHARM.NS,0.7883,2.6265,6.6121,2026-02-17,-0.0727,2026-02-19,-0.8237
2026-02-16,UP,10,EICHERMOT.NS,0.7803,2.6867,11.3265,2026-02-17,0.3058,2026-02-19,-1.4169
2026-02-16,UP,11,GLENMARK.NS,0.7749,3.1491,2.8414,2026-02-17,0.4088,2026-02-19,-0.6796
2026-02-16,UP,12,ONMOBILE.NS,0.7652,5.0088,2.6207,2026-02-17,-0.8641,2026-02-19,-0.2688
2026-02-16,UP,13,JINDALPOLY.NS,0.7488,3.8406,8.787,2026-02-17,8.0556,2026-02-19,5.09
2026-02-16,UP,14,MOTHERSON.NS,0.7433,3.7882,6.35,2026-02-17,0.2645,2026-02-19,-1.8366
2026-02-16,UP,15,BLUESTARCO.NS,0.7373,3.6676,1.9824,2026-02-17,1.3668,2026-02-19,-0.3189
2026-02-16,UP,16,TORNTPOWER.NS,0.7311,3.5234,3.097,2026-02-17,1.0194,2026-02-19,1.4408
2026-02-16,UP,17,TATAPOWER.NS,0.7219,2.505,3.6344,2026-02-17,-0.9683,2026-02-19,-3.3499
2026-02-16,UP,18,ONGC.NS,0.7211,3.6876,1.8567,2026-02-17,0.1105,2026-02-19,1.1416
2026-02-16,UP,19,FINPIPE.NS,0.7199,3.3172,5.7365,2026-02-17,1.1009,2026-02-19,-0.8257
2026-02-16,UP,20,POWERGRID.NS,0.7114,2.787,3.7101,2026-02-17,0.0832,2026-02-19,-1.9468
2026-02-16,DN,1,MUTHOOTFIN.NS,0.8602,6.1562,-7.4501,2026-02-17,-0.0658,2026-02-19,-2.4956
2026-02-16,DN,2,RAJESHEXPO.NS,0.8448,4.9205,-6.7266,2026-02-17,-1.4317,2026-02-19,-3.9579
2026-02-16,DN,3,BSE.NS,0.8415,4.8013,-6.0467,2026-02-17,-2.2214,2026-02-19,-2.2534
2026-02-16,DN,4,DEEPAKFERT.NS,0.8209,5.2921,-5.0714,2026-02-17,1.0255,2026-02-19,-1.9924
2026-02-16,DN,5,NAVINFLUOR.NS,0.7997,4.4285,-5.2971,2026-02-17,-0.112,2026-02-19,2.2325
2026-02-16,DN,6,SYMPHONY.NS,0.7868,4.5988,-9.8665,2026-02-17,0.1046,2026-02-19,-4.2066
2026-02-16,DN,7,M&MFIN.NS,0.7776,4.3373,-5.2193,2026-02-17,4.0184,2026-02-19,2.6654
2026-02-16,DN,8,HINDALCO.NS,0.7766,4.0183,-5.8906,2026-02-17,-1.912,2026-02-19,-0.1984
2026-02-16,DN,9,MAPMYINDIA.NS,0.7741,4.9443,-10.1559,2026-02-17,0.1562,2026-02-19,-2.9756
2026-02-16,DN,10,INTELLECT.NS,0.749,5.6612,-11.3256,2026-02-17,2.6597,2026-02-19,2.4258
2026-02-16,DN,11,OIL.NS,0.7464,4.8043,-5.3566,2026-02-17,0.194,2026-02-19,2.7814
2026-02-16,DN,12,HFCL.NS,0.7455,4.8157,-4.485,2026-02-17,4.5217,2026-02-19,3.4493
2026-02-16,DN,13,BASF.NS,0.7433,3.5126,-7.4458,2026-02-17,0.5725,2026-02-19,-2.2816
2026-02-16,DN,14,CLEAN.NS,0.7353,3.9474,-6.8989,2026-02-17,0.1209,2026-02-19,-0.9876
2026-02-16,DN,15,SUDARSCHEM.NS,0.7333,4.4702,-5.0438,2026-02-17,0.404,2026-02-19,0.8625
2026-02-16,DN,16,LTTS.NS,0.7219,3.2239,-9.8077,2026-02-17,-0.1961,2026-02-19,-2.0435
2026-02-16,DN,17,KPITTECH.NS,0.7164,4.9699,-8.6826,2026-02-17,-0.1136,2026-02-19,-3.726
2026-02-16,DN,18,HCLTECH.NS,0.6908,3.4962,-8.7516,2026-02-17,1.4229,2026-02-19,-0.7799
2026-02-16,DN,19,NCC.NS,0.6888,3.962,-5.0617,2026-02-17,1.3995,2026-02-19,0.1999
2026-02-16,DN,20,NATIONALUM.NS,0.6769,5.7631,-4.6002,2026-02-17,-2.167,2026-02-19,-2.3823
2026-02-17,UP,1,AUROPHARMA.NS,0.9189,4.2411,5.5689,2026-02-18,-2.2836,2026-02-20,-2.3511
2026-02-17,UP,2,JINDALPOLY.NS,0.9133,4.0341,17.454,2026-02-18,-3.6128,2026-02-20,-2.1756
2026-02-17,UP,3,BHARATFORG.NS,0.8512,3.6,8.5006,2026-02-18,1.1535,2026-02-20,1.6446
2026-02-17,UP,4,NATCOPHARM.NS,0.8277,3.5383,4.4572,2026-02-18,0.6556,2026-02-20,0.7912
2026-02-17,UP,5,UNIONBANK.NS,0.8277,3.3009,5.3721,2026-02-18,2.2341,2026-02-20,2.6947
2026-02-17,UP,6,RATNAMANI.NS,0.8068,6.46,7.5337,2026-02-18,15.8085,2026-02-20,16.2914
2026-02-17,UP,7,BANKBARODA.NS,0.7968,3.0962,4.4429,2026-02-18,0.6265,2026-02-20,1.9126
2026-02-17,UP,8,FINPIPE.NS,0.7944,3.308,6.7155,2026-02-18,0.1571,2026-02-20,-0.5864
2026-02-17,UP,9,TIINDIA.NS,0.7942,4.5493,0.9883,2026-02-18,0.3451,2026-02-20,4.9986
2026-02-17,UP,10,GALAXYSURF.NS,0.7927,4.5116,1.6079,2026-02-18,-0.7634,2026-02-20,-3.9284
2026-02-17,UP,11,STLTECH.NS,0.7833,7.8462,3.6957,2026-02-18,-2.9271,2026-02-20,-2.0576
2026-02-17,UP,12,ADANIGREEN.NS,0.782,4.0256,3.9354,2026-02-18,-1.6424,2026-02-20,-4.7748
2026-02-17,UP,13,COROMANDEL.NS,0.7667,2.9404,4.4607,2026-02-18,-0.4768,2026-02-20,-4.0128
2026-02-17,UP,14,RBLBANK.NS,0.7607,2.5047,5.0701,2026-02-18,1.1016,2026-02-20,2.0946
2026-02-17,UP,15,RADICO.NS,0.7524,3.5149,2.124,2026-02-18,-1.2224,2026-02-20,-4.1137
2026-02-17,UP,16,SJVN.NS,0.7454,3.5406,6.5247,2026-02-18,-1.1605,2026-02-20,-2.9014
2026-02-17,UP,17,SBIN.NS,0.7427,2.8065,6.0572,2026-02-18,0.4533,2026-02-20,0.2225
2026-02-17,UP,18,HAL.NS,0.7371,3.7959,1.9025,2026-02-18,0.0824,2026-02-20,-1.8269
2026-02-17,UP,19,WHIRLPOOL.NS,0.7354,3.5873,5.8014,2026-02-18,-0.428,2026-02-20,-0.4708
2026-02-17,UP,20,RATEGAIN.NS,0.7299,6.231,-2.3697,2026-02-18,-2.6864,2026-02-20,-5.3468
2026-02-17,DN,1,BSE.NS,0.891,4.9575,-13.6066,2026-02-18,2.9793,2026-02-20,-0.1021
2026-02-17,DN,2,MUTHOOTFIN.NS,0.8803,6.111,-9.9459,2026-02-18,-1.1156,2026-02-20,-1.0269
2026-02-17,DN,3,RAJESHEXPO.NS,0.8743,5.0284,-11.6736,2026-02-18,-0.5522,2026-02-20,-5.2218
2026-02-17,DN,4,NATIONALUM.NS,0.8226,5.6655,-7.541,2026-02-18,0.9388,2026-02-20,0.1027
2026-02-17,DN,5,HINDALCO.NS,0.816,3.9394,-8.1329,2026-02-18,1.028,2026-02-20,5.123
2026-02-17,DN,6,SYMPHONY.NS,0.8119,4.5484,-10.0548,2026-02-18,-1.2711,2026-02-20,-3.7379
2026-02-17,DN,7,KPITTECH.NS,0.7983,4.9049,-9.6857,2026-02-18,-2.013,2026-02-20,-4.9926
2026-02-17,DN,8,MAPMYINDIA.NS,0.7731,4.6916,-11.0829,2026-02-18,0.6843,2026-02-20,-3.6986
2026-02-17,DN,9,SUDARSCHEM.NS,0.7621,4.4328,-5.6821,2026-02-18,-0.2664,2026-02-20,-1.9302
2026-02-17,DN,10,DEEPAKFERT.NS,0.7566,5.2066,-3.2819,2026-02-18,-0.2514,2026-02-20,-3.2773
2026-02-17,DN,11,BATAINDIA.NS,0.7481,3.5344,-8.6822,2026-02-18,-0.2206,2026-02-20,-3.207
2026-02-17,DN,12,NMDC.NS,0.7408,3.8277,-7.1,2026-02-18,1.3413,2026-02-20,1.3919
2026-02-17,DN,13,LTTS.NS,0.7379,3.207,-10.0331,2026-02-18,-0.4699,2026-02-20,-3.2721
2026-02-17,DN,14,M&MFIN.NS,0.7373,4.4364,-2.1385,2026-02-18,0.026,2026-02-20,-2.6665
2026-02-17,DN,15,HINDZINC.NS,0.7371,5.3298,-5.9252,2026-02-18,0.7142,2026-02-20,1.4197
2026-02-17,DN,16,VEDL.NS,0.7233,4.7083,-3.1805,2026-02-18,1.4666,2026-02-20,2.1326
2026-02-17,DN,17,RAILTEL.NS,0.7226,3.7318,-5.0022,2026-02-18,1.2291,2026-02-20,-1.563
2026-02-17,DN,18,TATASTEEL.NS,0.7219,3.4856,-2.3701,2026-02-18,2.9299,2026-02-20,2.6
2026-02-17,DN,19,CLEAN.NS,0.7136,4.0059,-6.5467,2026-02-18,2.06,2026-02-20,-4.5763
2026-02-17,DN,20,TECHM.NS,0.7066,3.8831,-7.3453,2026-02-18,-1.2469,2026-02-20,-4.3903
2026-02-18,UP,1,RATNAMANI.NS,0.9978,6.51,28.1545,2026-02-19,-0.7056,2026-02-23,2.3573
2026-02-18,UP,2,TORNTPOWER.NS,0.8692,3.4571,6.9509,2026-02-19,-2.3104,2026-02-23,0.5563
2026-02-18,UP,3,AUROPHARMA.NS,0.8522,4.5705,1.1338,2026-02-19,1.0176,2026-02-23,-0.7761
2026-02-18,UP,4,UNIONBANK.NS,0.8517,3.2291,7.087,2026-02-19,-1.859,2026-02-23,2.4183
2026-02-18,UP,5,STLTECH.NS,0.835,7.8052,10.3132,2026-02-19,-1.1355,2026-02-23,5.728
2026-02-18,UP,6,HFCL.NS,0.8291,4.2331,2.9867,2026-02-19,-3.266,2026-02-23,-5.5563
2026-02-18,UP,7,BHARATFORG.NS,0.8233,3.5343,5.6669,2026-02-19,-0.7452,2026-02-23,3.421
2026-02-18,UP,8,JINDALPOLY.NS,0.8187,4.5255,9.9749,2026-02-19,0.9008,2026-02-23,10.0124
2026-02-18,UP,9,NATCOPHARM.NS,0.807,3.6986,4.6662,2026-02-19,-0.2471,2026-02-23,0.2807
2026-02-18,UP,10,PNB.NS,0.7879,2.6733,4.2796,2026-02-19,-1.615,2026-02-23,1.6384
2026-02-18,UP,11,BDL.NS,0.7779,4.5764,1.2942,2026-02-19,-1.8935,2026-02-23,-1.8165
2026-02-18,UP,12,RBLBANK.NS,0.774,2.4708,5.5052,2026-02-19,2.0718,2026-02-23,-1.504
2026-02-18,UP,13,MANAPPURAM.NS,0.7704,4.119,2.512,2026-02-19,-1.4348,2026-02-23,-2.0313
2026-02-18,UP,14,CANBK.NS,0.7682,2.8705,4.4189,2026-02-19,-1.6585,2026-02-23,2.9617
2026-02-18,UP,15,ITC.NS,0.7663,2.589,4.4619,2026-02-19,-1.9401,2026-02-23,-2.1206
2026-02-18,UP,16,BANKBARODA.NS,0.7655,2.9739,4.7905,2026-02-19,-0.2294,2026-02-23,2.6872
2026-02-18,UP,17,GRSE.NS,0.7629,4.5143,0.8697,2026-02-19,-2.2673,2026-02-23,-2.3591
2026-02-18,UP,18,COROMANDEL.NS,0.7432,2.9803,3.5473,2026-02-19,-2.0139,2026-02-23,-2.8237
2026-02-18,UP,19,FINPIPE.NS,0.7383,3.3174,5.3933,2026-02-19,-2.0595,2026-02-23,-2.4306
2026-02-18,UP,20,GALAXYSURF.NS,0.7371,4.4139,1.9689,2026-02-19,-2.6493,2026-02-23,-0.7948
2026-02-18,DN,1,MUTHOOTFIN.NS,0.8908,5.9523,-12.1097,2026-02-19,-1.3307,2026-02-23,0.4715
2026-02-18,DN,2,BSE.NS,0.8891,4.8558,-11.1139,2026-02-19,-2.9249,2026-02-23,-3.495
2026-02-18,DN,3,RAJESHEXPO.NS,0.875,4.9274,-12.7947,2026-02-19,-2.0218,2026-02-23,-4.5205
2026-02-18,DN,4,TECHM.NS,0.8017,3.9626,-7.9295,2026-02-19,-1.6946,2026-02-23,-4.2464
2026-02-18,DN,5,HINDALCO.NS,0.7891,3.7825,-6.9051,2026-02-19,0.7117,2026-02-23,1.8849
2026-02-18,DN,6,HINDZINC.NS,0.7879,5.151,-6.8889,2026-02-19,-0.1965,2026-02-23,0.9569
2026-02-18,DN,7,KPITTECH.NS,0.782,4.621,-10.1939,2026-02-19,-1.6365,2026-02-23,-5.6755
2026-02-18,DN,8,WIPRO.NS,0.7769,3.6501,-7.7716,2026-02-19,-0.3491,2026-02-23,-2.8592
2026-02-18,DN,9,MAPMYINDIA.NS,0.7755,4.9553,-8.86,2026-02-19,-3.7853,2026-02-23,-4.1552
2026-02-18,DN,10,NATIONALUM.NS,0.7748,5.2069,-6.4319,2026-02-19,-1.1481,2026-02-23,-1.4823
2026-02-18,DN,11,BATAINDIA.NS,0.7692,3.5554,-7.5193,2026-02-19,-1.3681,2026-02-23,-2.9392
2026-02-18,DN,12,SUDARSCHEM.NS,0.7558,4.3648,-5.2727,2026-02-19,0.7251,2026-02-23,-1.7336
2026-02-18,DN,13,COFORGE.NS,0.7551,4.6922,-9.708,2026-02-19,-0.8596,2026-02-23,-6.1043
2026-02-18,DN,14,TCS.NS,0.7502,3.7152,-7.3854,2026-02-19,-0.6308,2026-02-23,-0.6902
2026-02-18,DN,15,SYMPHONY.NS,0.7466,4.1803,-9.919,2026-02-19,-3.0747,2026-02-23,-0.435
2026-02-18,DN,16,VEDL.NS,0.7371,4.4079,-3.3017,2026-02-19,-0.2729,2026-02-23,0.4794
2026-02-18,DN,17,INFY.NS,0.7354,4.4806,-6.6716,2026-02-19,-0.2329,2026-02-23,-3.3632
2026-02-18,DN,18,ALKEM.NS,0.7306,3.0538,-7.2326,2026-02-19,-1.5922,2026-02-23,0.485
2026-02-18,DN,19,POLICYBZR.NS,0.7306,5.1127,-3.3835,2026-02-19,-2.4368,2026-02-23,-0.3995
2026-02-18,DN,20,ONGC.NS,0.7187,3.3339,-3.6417,2026-02-19,3.7982,2026-02-23,4.1761
2026-02-19,UP,1,NATCOPHARM.NS,0.9117,3.8404,5.7689,2026-02-20,0.3828,2026-02-24,6.3661
2026-02-19,UP,2,AUROPHARMA.NS,0.8803,4.3788,1.1659,2026-02-20,-1.0756,2026-02-24,-0.5976
2026-02-19,UP,3,GALAXYSURF.NS,0.8687,4.6514,2.1818,2026-02-20,-0.5547,2026-02-24,1.6328
2026-02-19,UP,4,RATNAMANI.NS,0.8439,5.8116,6.5565,2026-02-20,1.1305,2026-02-24,0.4199
2026-02-19,UP,5,OIL.NS,0.8396,4.1236,0.3896,2026-02-20,-0.2412,2026-02-24,-0.944
2026-02-19,UP,6,UNIONBANK.NS,0.8206,3.3076,4.7072,2026-02-20,2.3533,2026-02-24,5.8569
2026-02-19,UP,7,INTELLECT.NS,0.7937,5.8583,-1.4483,2026-02-20,0.4708,2026-02-24,-0.5564
2026-02-19,UP,8,COCHINSHIP.NS,0.7927,3.5672,1.4529,2026-02-20,-0.3022,2026-02-24,-2.1219
2026-02-19,UP,9,JINDALPOLY.NS,0.7917,4.5826,10.6632,2026-02-20,0.5849,2026-02-24,13.4325
2026-02-19,UP,10,MRPL.NS,0.7917,4.5405,1.3761,2026-02-20,-1.2903,2026-02-24,1.6052
2026-02-19,UP,11,TORNTPOWER.NS,0.7867,3.6322,2.6759,2026-02-20,2.4119,2026-02-24,3.2963
2026-02-19,UP,12,PNB.NS,0.7813,2.7206,4.2493,2026-02-20,2.7676,2026-02-24,3.9096
2026-02-19,UP,13,DATAPATTNS.NS,0.7784,4.4134,4.6959,2026-02-20,2.4228,2026-02-24,6.304
2026-02-19,UP,14,INFY.NS,0.7767,4.4775,-1.1183,2026-02-20,-1.2623,2026-02-24,-6.9318
2026-02-19,UP,15,BANKBARODA.NS,0.7655,2.8975,5.0371,2026-02-20,1.5109,2026-02-24,2.8412
2026-02-19,UP,16,RBLBANK.NS,0.765,2.5302,4.9054,2026-02-20,-1.0675,2026-02-24,-1.9696
2026-02-19,UP,17,M&MFIN.NS,0.7566,4.2097,0.0923,2026-02-20,-1.3838,2026-02-24,-3.8877
2026-02-19,UP,18,CRAFTSMAN.NS,0.7527,3.3308,0.9657,2026-02-20,-0.1553,2026-02-24,-2.1614
2026-02-19,UP,19,HFCL.NS,0.7468,4.3229,-0.3351,2026-02-20,-0.0981,2026-02-24,-2.7739
2026-02-19,UP,20,IDFCFIRSTB.NS,0.7328,2.7674,1.0103,2026-02-20,0.6387,2026-02-24,-14.4734
2026-02-19,DN,1,MUTHOOTFIN.NS,0.8942,5.6558,-16.1302,2026-02-20,1.4395,2026-02-24,2.4363
2026-02-19,DN,2,BSE.NS,0.8888,4.9737,-12.7832,2026-02-20,-0.0693,2026-02-24,0.3538
2026-02-19,DN,3,RAJESHEXPO.NS,0.8587,5.0054,-12.0776,2026-02-20,-2.7288,2026-02-24,-4.0532
2026-02-19,DN,4,MAPMYINDIA.NS,0.8255,5.2352,-12.9921,2026-02-20,-0.5901,2026-02-24,-3.8448
2026-02-19,DN,5,KALYANKJIL.NS,0.8056,4.6316,-6.4162,2026-02-20,-0.8771,2026-02-24,0.5312
2026-02-19,DN,6,HINDALCO.NS,0.7706,3.3831,-6.0919,2026-02-20,3.3181,2026-02-24,1.8992
2026-02-19,DN,7,ALKEM.NS,0.7692,3.1782,-8.4064,2026-02-20,0.279,2026-02-24,2.2038
2026-02-19,DN,8,NATIONALUM.NS,0.7583,4.5102,-8.0065,2026-02-20,0.3234,2026-02-24,0.8527
2026-02-19,DN,9,MOTHERSON.NS,0.756,3.9355,-2.1546,2026-02-20,-0.3542,2026-02-24,1.2935
2026-02-19,DN,10,SJVN.NS,0.7539,3.5477,-4.862,2026-02-20,0.2129,2026-02-24,-1.2643
2026-02-19,DN,11,NAVINFLUOR.NS,0.7498,4.1948,-3.0211,2026-02-20,2.1603,2026-02-24,-0.9393
2026-02-19,DN,12,BATAINDIA.NS,0.7493,3.5052,-6.6018,2026-02-20,-1.6475,2026-02-24,-3.2041
2026-02-19,DN,13,CENTUM.NS,0.7476,4.7144,-7.7875,2026-02-20,10.807,2026-02-24,21.1522
2026-02-19,DN,14,AMBER.NS,0.7312,3.777,-1.0148,2026-02-20,-0.7138,2026-02-24,2.907
2026-02-19,DN,15,SHRIRAMFIN.NS,0.7255,3.5027,-2.5951,2026-02-20,0.4361,2026-02-24,0.6637
2026-02-19,DN,16,BASF.NS,0.7231,3.8359,-5.7998,2026-02-20,0.6506,2026-02-24,-0.5605
2026-02-19,DN,17,POLICYBZR.NS,0.7126,5.1166,-5.6771,2026-02-20,3.2892,2026-02-24,1.9926
2026-02-19,DN,18,NOCIL.NS,0.7028,4.4989,-2.1268,2026-02-20,0.299,2026-02-24,-1.9338
2026-02-19,DN,19,PFIZER.NS,0.6982,3.5666,-2.5462,2026-02-20,-1.1881,2026-02-24,1.8734
2026-02-19,DN,20,HINDZINC.NS,0.6968,4.1982,-6.3492,2026-02-20,0.8988,2026-02-24,2.2684
2026-02-20,UP,1,CENTUM.NS,0.9857,4.9288,10.2163,2026-02-23,5.1282,2026-02-25,5.5687
2026-02-20,UP,2,DATAPATTNS.NS,0.9488,4.5273,7.794,2026-02-23,2.5732,2026-02-25,2.8815
2026-02-20,UP,3,INTELLECT.NS,0.8914,5.0138,3.7266,2026-02-23,-0.3976,2026-02-25,-2.3005
2026-02-20,UP,4,OIL.NS,0.8783,3.8241,4.4591,2026-02-23,-0.3785,2026-02-25,-1.1145
2026-02-20,UP,5,BDL.NS,0.8451,3.2727,5.3715,2026-02-23,-2.6557,2026-02-25,-5.3114
2026-02-20,UP,6,GRANULES.NS,0.8441,3.0,6.5262,2026-02-23,0.0334,2026-02-25,0.1502
2026-02-20,UP,7,TORNTPOWER.NS,0.8333,3.3929,4.5125,2026-02-23,0.5103,2026-02-25,2.4271
2026-02-20,UP,8,PNB.NS,0.8155,2.5366,9.1192,2026-02-23,0.5247,2026-02-25,0.7331
2026-02-20,UP,9,CANBK.NS,0.8148,2.7093,8.7325,2026-02-23,1.4856,2026-02-25,3.1009
2026-02-20,UP,10,GALAXYSURF.NS,0.7877,4.6811,3.6661,2026-02-23,2.4734,2026-02-25,3.3891
2026-02-20,UP,11,UNIONBANK.NS,0.7833,2.8909,8.4475,2026-02-23,1.959,2026-02-25,2.7426
2026-02-20,UP,12,ONGC.NS,0.7786,2.8697,4.2072,2026-02-23,-1.0766,2026-02-25,-0.4306
2026-02-20,UP,13,BANKBARODA.NS,0.7778,2.3736,7.5144,2026-02-23,1.3914,2026-02-25,2.2003
2026-02-20,UP,14,KEI.NS,0.7635,3.0865,4.1429,2026-02-23,0.204,2026-02-25,3.9529
2026-02-20,UP,15,CESC.NS,0.7584,2.8483,3.3925,2026-02-23,0.1866,2026-02-25,2.9788
2026-02-20,UP,16,RATNAMANI.NS,0.752,5.658,11.275,2026-02-23,1.9323,2026-02-25,-3.7248
2026-02-20,UP,17,IRCTC.NS,0.7411,2.3096,4.502,2026-02-23,-0.9066,2026-02-25,-6.1057
2026-02-20,UP,18,TIINDIA.NS,0.7355,4.4175,3.49,2026-02-23,-1.7867,2026-02-25,1.2723
2026-02-20,UP,19,NAVINFLUOR.NS,0.7342,3.995,3.5216,2026-02-23,1.8924,2026-02-25,-1.4634
2026-02-20,UP,20,NATCOPHARM.NS,0.7333,3.7581,8.2357,2026-02-23,0.1458,2026-02-25,9.7006
2026-02-20,DN,1,BSE.NS,0.8754,4.4596,-9.447,2026-02-23,-0.5183,2026-02-25,1.2119
2026-02-20,DN,2,RAJESHEXPO.NS,0.8746,5.1168,-11.2466,2026-02-23,0.1836,2026-02-25,-3.597
2026-02-20,DN,3,KALYANKJIL.NS,0.8475,4.5515,-4.0306,2026-02-23,0.2368,2026-02-25,1.1216
2026-02-20,DN,4,NAUKRI.NS,0.8202,4.4188,-5.8102,2026-02-23,-0.4745,2026-02-25,-2.9401
2026-02-20,DN,5,AMBER.NS,0.8136,3.6361,-1.086,2026-02-23,1.562,2026-02-25,5.15
2026-02-20,DN,6,MOTHERSON.NS,0.8087,3.8352,-1.4018,2026-02-23,1.0817,2026-02-25,2.9516
2026-02-20,DN,7,MAPMYINDIA.NS,0.7983,4.8544,-9.9174,2026-02-23,0.2069,2026-02-25,-5.8464
2026-02-20,DN,8,PERSISTENT.NS,0.7919,4.8963,-7.0633,2026-02-23,-2.2486,2026-02-25,-7.0896
2026-02-20,DN,9,BATAINDIA.NS,0.7712,3.4795,-4.7345,2026-02-23,0.0554,2026-02-25,-1.7736
2026-02-20,DN,10,MUTHOOTFIN.NS,0.768,4.9302,-3.5164,2026-02-23,0.3815,2026-02-25,1.289
2026-02-20,DN,11,TECHM.NS,0.7537,4.1683,-5.0508,2026-02-23,-1.0982,2026-02-25,-6.5276
2026-02-20,DN,12,SRF.NS,0.7502,3.3798,-5.0928,2026-02-23,-1.599,2026-02-25,-2.7593
2026-02-20,DN,13,SUDARSCHEM.NS,0.7426,4.1898,-2.4711,2026-02-23,-0.0665,2026-02-25,-1.3528
2026-02-20,DN,14,CROMPTON.NS,0.7405,3.5847,-0.7812,2026-02-23,0.0113,2026-02-25,-0.8025
2026-02-20,DN,15,NOCIL.NS,0.7325,4.5802,-0.2445,2026-02-23,-0.5764,2026-02-25,-1.7955
2026-02-20,DN,16,BASF.NS,0.7217,3.7237,-2.1896,2026-02-23,-0.0588,2026-02-25,-1.318
2026-02-20,DN,17,APOLLOTYRE.NS,0.7138,3.2793,-7.005,2026-02-23,-0.4063,2026-02-25,1.7349
2026-02-20,DN,18,ERIS.NS,0.6946,3.8412,-5.0905,2026-02-23,0.7673,2026-02-25,2.8159
2026-02-20,DN,19,CLEAN.NS,0.6933,3.5667,-5.8897,2026-02-23,2.4611,2026-02-25,1.329
2026-02-20,DN,20,BHARATFORG.NS,0.693,3.4948,2.3695,2026-02-23,2.9213,2026-02-25,6.8539
2026-02-23,UP,1,CENTUM.NS,0.9843,4.8521,11.6159,2026-02-24,4.0027,2026-02-26,0.2245
2026-02-23,UP,2,JINDALPOLY.NS,0.9623,4.679,14.58,2026-02-24,4.0376,2026-02-26,12.1224
2026-02-23,UP,3,DATAPATTNS.NS,0.8947,4.3022,8.2379,2026-02-24,1.1857,2026-02-26,5.9515
2026-02-23,UP,4,STLTECH.NS,0.8599,6.7018,8.8948,2026-02-24,-1.4857,2026-02-26,-1.8258
2026-02-23,UP,5,JYOTHYLAB.NS,0.8457,2.9097,4.793,2026-02-24,1.5484,2026-02-26,0.9965
2026-02-23,UP,6,MGL.NS,0.8401,3.1797,5.2574,2026-02-24,2.5619,2026-02-26,3.499
2026-02-23,UP,7,NAVINFLUOR.NS,0.835,3.54,6.4175,2026-02-24,-4.8349,2026-02-26,-2.4814
2026-02-23,UP,8,INTELLECT.NS,0.8331,4.3765,2.4989,2026-02-24,-0.6273,2026-02-26,-0.0998
2026-02-23,UP,9,RATNAMANI.NS,0.8283,5.4847,18.6431,2026-02-24,-2.585,2026-02-26,-7.3907
2026-02-23,UP,10,KEI.NS,0.8162,2.6037,6.2918,2026-02-24,0.321,2026-02-26,5.1073
2026-02-23,UP,11,M&MFIN.NS,0.8082,3.501,2.8819,2026-02-24,-4.09,2026-02-26,1.6965
2026-02-23,UP,12,FINEORG.NS,0.8072,2.6567,5.7933,2026-02-24,4.837,2026-02-26,1.3297
2026-02-23,UP,13,UNIONBANK.NS,0.8058,2.6295,8.0234,2026-02-24,1.4359,2026-02-26,1.9011
2026-02-23,UP,14,PNB.NS,0.7957,2.3122,8.0451,2026-02-24,0.5834,2026-02-26,0.1612
2026-02-23,UP,15,ENDURANCE.NS,0.7824,3.1179,2.6643,2026-02-24,5.0963,2026-02-26,3.5384
2026-02-23,UP,16,IRCTC.NS,0.758,2.3307,4.2298,2026-02-24,-3.9096,2026-02-26,-6.9591
2026-02-23,UP,17,GRANULES.NS,0.7548,2.8071,6.2217,2026-02-24,0.0584,2026-02-26,-1.3767
2026-02-23,UP,18,GALAXYSURF.NS,0.7483,3.9419,3.4479,2026-02-24,-0.2671,2026-02-26,1.1812
2026-02-23,UP,19,OLECTRA.NS,0.7449,2.8813,1.8388,2026-02-24,-1.5943,2026-02-26,-3.0542
2026-02-23,UP,20,TORNTPOWER.NS,0.7399,3.2781,4.4176,2026-02-24,0.3515,2026-02-26,1.868
2026-02-23,DN,1,IDFCFIRSTB.NS,0.8884,4.2211,-15.5229,2026-02-24,1.3278,2026-02-26,3.9549
2026-02-23,DN,2,PERSISTENT.NS,0.8751,4.6273,-10.8295,2026-02-24,-6.3385,2026-02-26,-3.9377
2026-02-23,DN,3,KALYANKJIL.NS,0.8336,4.1571,-5.8307,2026-02-24,1.1812,2026-02-26,1.2309
2026-02-23,DN,4,CROMPTON.NS,0.8016,3.371,-2.6407,2026-02-24,-1.1414,2026-02-26,-1.115
2026-02-23,DN,5,RAJESHEXPO.NS,0.7976,5.149,-6.4071,2026-02-24,-1.5424,2026-02-26,-4.5575
2026-02-23,DN,6,SJVN.NS,0.7903,3.2801,-4.9865,2026-02-24,0.3517,2026-02-26,0.1758
2026-02-23,DN,7,MOTHERSON.NS,0.7897,3.323,-1.1261,2026-02-24,0.5657,2026-02-26,3.4322
2026-02-23,DN,8,AUROPHARMA.NS,0.7836,4.0128,-2.8702,2026-02-24,1.1994,2026-02-26,6.0925
2026-02-23,DN,9,MPHASIS.NS,0.7816,3.9184,-6.1629,2026-02-24,-3.7579,2026-02-26,-2.0911
2026-02-23,DN,10,NAUKRI.NS,0.7751,4.1874,-4.9325,2026-02-24,-4.8425,2026-02-26,-1.7482
2026-02-23,DN,11,HAL.NS,0.7717,3.3821,-4.7491,2026-02-24,-1.8085,2026-02-26,-0.4099
2026-02-23,DN,12,FINPIPE.NS,0.7703,3.4038,-1.2015,2026-02-24,-2.1483,2026-02-26,-0.825
2026-02-23,DN,13,AMBER.NS,0.7526,3.2561,-0.0129,2026-02-24,2.0528,2026-02-26,2.2201
2026-02-23,DN,14,COFORGE.NS,0.7469,5.1086,-7.4327,2026-02-24,-5.9581,2026-02-26,-6.8735
2026-02-23,DN,15,ONMOBILE.NS,0.7329,4.3658,-1.3249,2026-02-24,0.3697,2026-02-26,-0.1557
2026-02-23,DN,16,TECHM.NS,0.7111,3.7125,-4.7465,2026-02-24,-6.6278,2026-02-26,-5.4896
2026-02-23,DN,17,APOLLOTYRE.NS,0.6891,3.2044,-5.373,2026-02-24,0.2756,2026-02-26,1.6207
2026-02-23,DN,18,SHRIRAMFIN.NS,0.6885,2.6755,-1.9071,2026-02-24,-0.2818,2026-02-26,3.7475
2026-02-23,DN,19,ADANIGREEN.NS,0.688,3.3758,-2.1084,2026-02-24,1.1336,2026-02-26,-0.4534
2026-02-23,DN,20,BSE.NS,0.68,4.0955,-2.8275,2026-02-24,0.9467,2026-02-26,2.774
2026-02-24,UP,1,CENTUM.NS,0.9682,5.1908,17.6804,2026-02-25,-3.4458,2026-02-27,-4.3126
2026-02-24,UP,2,NATCOPHARM.NS,0.8927,3.5648,6.7989,2026-02-25,3.5297,2026-02-27,4.6198
2026-02-24,UP,3,MGL.NS,0.8925,3.1445,7.7298,2026-02-25,0.6706,2026-02-27,2.2464
2026-02-24,UP,4,ENDURANCE.NS,0.8893,3.1963,6.324,2026-02-25,-0.3426,2026-02-27,-0.8678
2026-02-24,UP,5,FINEORG.NS,0.8845,2.9731,7.1542,2026-02-25,0.2299,2026-02-27,-3.3249
2026-02-24,UP,6,DATAPATTNS.NS,0.8816,4.1881,9.9528,2026-02-25,-0.8748,2026-02-27,3.6317
2026-02-24,UP,7,ERIS.NS,0.8813,3.5967,3.7775,2026-02-25,-0.3178,2026-02-27,-1.8995
2026-02-24,UP,8,JYOTHYLAB.NS,0.8558,3.132,4.9399,2026-02-25,1.5287,2026-02-27,-0.9032
2026-02-24,UP,9,JINDALPOLY.NS,0.8371,4.8722,10.3194,2026-02-25,15.4424,2026-02-27,11.5162
2026-02-24,UP,10,TIINDIA.NS,0.833,3.726,4.0606,2026-02-25,2.1852,2026-02-27,7.4414
2026-02-24,UP,11,TORNTPOWER.NS,0.8083,3.2453,3.7271,2026-02-25,1.5501,2026-02-27,1.5955
2026-02-24,UP,12,SAIL.NS,0.8012,3.2102,1.8503,2026-02-25,2.9654,2026-02-27,3.4524
2026-02-24,UP,13,RATNAMANI.NS,0.7896,5.7733,15.4743,2026-02-25,-3.0436,2026-02-27,-1.2544
2026-02-24,UP,14,PETRONET.NS,0.749,2.2789,3.8092,2026-02-25,1.9321,2026-02-27,5.017
2026-02-24,UP,15,HINDALCO.NS,0.7442,3.1045,3.6794,2026-02-25,1.5766,2026-02-27,0.2005
2026-02-24,UP,16,KEI.NS,0.7437,2.4995,4.6675,2026-02-25,3.4093,2026-02-27,6.2623
2026-02-24,UP,17,UNIONBANK.NS,0.7405,2.6258,6.21,2026-02-25,-0.658,2026-02-27,0.8225
2026-02-24,UP,18,PNB.NS,0.735,2.3566,4.9752,2026-02-25,-0.374,2026-02-27,-1.2135
2026-02-24,UP,19,NMDC.NS,0.7335,2.9402,2.2397,2026-02-25,1.3119,2026-02-27,1.1634
2026-02-24,UP,20,POLYCAB.NS,0.724,1.856,4.8889,2026-02-25,2.8077,2026-02-27,6.0341
2026-02-24,DN,1,IDFCFIRSTB.NS,0.8898,4.4164,-14.853,2026-02-25,-1.0568,2026-02-27,3.5367
2026-02-24,DN,2,PERSISTENT.NS,0.8733,4.8056,-17.1642,2026-02-25,1.4801,2026-02-27,1.523
2026-02-24,DN,3,RATEGAIN.NS,0.8294,6.1752,-11.376,2026-02-25,-0.7602,2026-02-27,3.1871
2026-02-24,DN,4,WHIRLPOOL.NS,0.8205,3.7142,-3.2526,2026-02-25,1.7252,2026-02-27,1.9464
2026-02-24,DN,5,TECHM.NS,0.8184,3.9075,-11.7076,2026-02-25,1.219,2026-02-27,0.9217
2026-02-24,DN,6,FINPIPE.NS,0.8098,3.5208,-4.3767,2026-02-25,0.8267,2026-02-27,1.4235
2026-02-24,DN,7,NAUKRI.NS,0.8029,4.2244,-9.8964,2026-02-25,2.4855,2026-02-27,1.1494
2026-02-24,DN,8,COFORGE.NS,0.7961,5.094,-12.083,2026-02-25,0.0577,2026-02-27,-2.1779
2026-02-24,DN,9,MPHASIS.NS,0.7871,3.7337,-9.8248,2026-02-25,1.5565,2026-02-27,3.3063
2026-02-24,DN,10,HCLTECH.NS,0.7854,3.4696,-9.6722,2026-02-25,2.9122,2026-02-27,3.7261
2026-02-24,DN,11,ROUTE.NS,0.7684,4.4457,-8.4143,2026-02-25,-0.7176,2026-02-27,2.6784
2026-02-24,DN,12,INFY.NS,0.7677,3.9284,-8.3166,2026-02-25,1.1446,2026-02-27,1.9287
2026-02-24,DN,13,KPITTECH.NS,0.7631,4.5618,-13.5107,2026-02-25,3.7081,2026-02-27,1.3938
2026-02-24,DN,14,ZENSARTECH.NS,0.7587,4.3909,-7.9637,2026-02-25,1.0048,2026-02-27,5.0893
2026-02-24,DN,15,GODREJPROP.NS,0.7536,3.6729,-4.0323,2026-02-25,1.5305,2026-02-27,-2.2421
2026-02-24,DN,16,LTTS.NS,0.7432,3.764,-10.3346,2026-02-25,4.0462,2026-02-27,11.5543
2026-02-24,DN,17,SJVN.NS,0.7354,3.1492,-4.3327,2026-02-25,1.3075,2026-02-27,-1.5636
2026-02-24,DN,18,AUROPHARMA.NS,0.7274,3.6696,-1.8792,2026-02-25,4.045,2026-02-27,4.8093
2026-02-24,DN,19,CROMPTON.NS,0.7088,3.1853,-3.0013,2026-02-25,0.3315,2026-02-27,-1.7452
2026-02-24,DN,20,M&MFIN.NS,0.7012,3.7159,-5.1379,2026-02-25,3.7296,2026-02-27,2.6464
2026-02-25,UP,1,JINDALPOLY.NS,0.9951,5.3937,32.1288,2026-02-26,-6.6452,2026-03-02,-1.677
2026-02-25,UP,2,NATCOPHARM.NS,0.9262,3.6342,9.8484,2026-02-26,-0.6185,2026-03-02,-2.2439
2026-02-25,UP,3,CENTUM.NS,0.9064,5.7696,14.1763,2026-02-26,-0.1937,2026-03-02,0.9835
2026-02-25,UP,4,ENDURANCE.NS,0.8598,3.1961,7.9997,2026-02-26,-1.1436,2026-03-02,-0.811
2026-02-25,UP,5,VEDL.NS,0.8547,2.8251,7.3451,2026-02-26,1.3259,2026-03-02,-0.6114
2026-02-25,UP,6,AUROPHARMA.NS,0.8424,3.6378,4.4757,2026-02-26,0.7594,2026-03-02,-0.0908
2026-02-25,UP,7,MRPL.NS,0.8365,3.5711,5.2881,2026-02-26,-1.4793,2026-03-02,-5.7921
2026-02-25,UP,8,SAIL.NS,0.8338,3.0879,3.5927,2026-02-26,0.3517,2026-03-02,0.4002
2026-02-25,UP,9,FINEORG.NS,0.8319,2.998,8.2192,2026-02-26,-3.5671,2026-03-02,-8.5246
2026-02-25,UP,10,JYOTHYLAB.NS,0.8245,3.0925,6.8686,2026-02-26,-2.041,2026-03-02,-5.345
2026-02-25,UP,11,NATIONALUM.NS,0.8088,3.0573,4.5778,2026-02-26,0.4169,2026-03-02,0.8477
2026-02-25,UP,12,MGL.NS,0.8049,3.1581,6.1517,2026-02-26,0.2415,2026-03-02,0.5246
2026-02-25,UP,13,KEI.NS,0.7912,2.5159,7.3173,2026-02-26,1.3167,2026-03-02,5.2994
2026-02-25,UP,14,ALKEM.NS,0.7772,2.6927,2.9466,2026-02-26,2.2578,2026-03-02,-1.0489
2026-02-25,UP,15,LAURUSLABS.NS,0.7662,2.8486,3.7496,2026-02-26,1.5237,2026-03-02,-1.0545
2026-02-25,UP,16,DATAPATTNS.NS,0.7556,4.1995,5.9522,2026-02-26,5.6341,2026-03-02,4.3542
2026-02-25,UP,17,HEROMOTOCO.NS,0.7502,2.719,2.6019,2026-02-26,0.8627,2026-03-02,-2.5447
2026-02-25,UP,18,CESC.NS,0.7498,2.4857,3.8878,2026-02-26,-0.1749,2026-03-02,-4.1047
2026-02-25,UP,19,POLYCAB.NS,0.7495,1.943,6.622,2026-02-26,1.8866,2026-03-02,2.3956
2026-02-25,UP,20,HINDALCO.NS,0.7473,2.9184,4.2424,2026-02-26,0.416,2026-03-02,0.2774
2026-02-25,DN,1,IDFCFIRSTB.NS,0.8914,4.5378,-17.0074,2026-02-26,3.6884,2026-03-02,2.2216
2026-02-25,DN,2,PERSISTENT.NS,0.8811,5.0065,-14.309,2026-02-26,1.0674,2026-03-02,-1.2175
2026-02-25,DN,3,RATNAMANI.NS,0.8462,6.0712,-3.3234,2026-02-26,-1.949,2026-03-02,-1.0616
2026-02-25,DN,4,COFORGE.NS,0.815,5.2413,-11.6477,2026-02-26,-1.0306,2026-03-02,-4.1388
2026-02-25,DN,5,FINPIPE.NS,0.7955,3.4524,-3.7374,2026-02-26,0.5213,2026-03-02,-2.0689
2026-02-25,DN,6,RATEGAIN.NS,0.7792,5.9608,-9.6219,2026-02-26,0.6973,2026-03-02,-3.0151
2026-02-25,DN,7,TECHM.NS,0.7772,3.9821,-9.5029,2026-02-26,0.0,2026-03-02,-1.2043
2026-02-25,DN,8,MAPMYINDIA.NS,0.7505,4.8338,-9.9449,2026-02-26,0.1337,2026-03-02,-3.5155
2026-02-25,DN,9,RAILTEL.NS,0.7451,3.2447,-4.7969,2026-02-26,-1.5588,2026-03-02,-7.5579
2026-02-25,DN,10,NAUKRI.NS,0.7444,4.0726,-6.7989,2026-02-26,0.7477,2026-03-02,-4.2849
2026-02-25,DN,11,MPHASIS.NS,0.7426,3.8103,-7.3159,2026-02-26,0.1727,2026-03-02,-0.093
2026-02-25,DN,12,GODREJPROP.NS,0.739,3.521,-4.6311,2026-02-26,0.0,2026-03-02,-3.5766
2026-02-25,DN,13,CROMPTON.NS,0.7221,3.1995,-3.3832,2026-02-26,-0.3038,2026-03-02,-3.741
2026-02-25,DN,14,ZENSARTECH.NS,0.7203,4.3669,-6.1873,2026-02-26,2.091,2026-03-02,4.7163
2026-02-25,DN,15,INFY.NS,0.7184,3.9548,-6.0858,2026-02-26,-0.0775,2026-03-02,-0.093
2026-02-25,DN,16,HCLTECH.NS,0.7181,3.4781,-6.066,2026-02-26,-0.341,2026-03-02,-0.5224
2026-02-25,DN,17,PRESTIGE.NS,0.715,3.273,-7.0891,2026-02-26,0.549,2026-03-02,-3.0548
2026-02-25,DN,18,KALYANKJIL.NS,0.7123,3.9649,-3.0354,2026-02-26,0.3451,2026-03-02,-0.9736
2026-02-25,DN,19,WHIRLPOOL.NS,0.6938,3.4357,-1.1605,2026-02-26,-1.8155,2026-03-02,-0.5979
2026-02-25,DN,20,IRFC.NS,0.6922,2.2147,-7.7222,2026-02-26,-1.272,2026-03-02,-4.9923
2026-02-26,UP,1,JINDALPOLY.NS,0.9868,6.1032,22.2473,2026-02-27,3.4752,2026-03-04,11.584
2026-02-26,UP,2,TEJASNET.NS,0.975,4.3015,12.2863,2026-02-27,17.464,2026-03-04,34.6584
2026-02-26,UP,3,DATAPATTNS.NS,0.9397,3.9724,11.3109,2026-02-27,-1.0297,2026-03-04,-3.6164
2026-02-26,UP,4,TIINDIA.NS,0.8463,2.9256,9.3236,2026-02-27,1.2168,2026-03-04,1.8674
2026-02-26,UP,5,LAURUSLABS.NS,0.8343,2.847,7.0065,2026-02-27,-1.5511,2026-03-04,-5.6875
2026-02-26,UP,6,JYOTHYLAB.NS,0.8164,3.2423,6.0226,2026-02-27,-0.3617,2026-03-04,-2.3901
2026-02-26,UP,7,CENTUM.NS,0.8025,5.793,16.7509,2026-02-27,-0.7054,2026-03-04,-2.2432
2026-02-26,UP,8,ENDURANCE.NS,0.7998,3.2949,8.0203,2026-02-27,0.6238,2026-03-04,-5.3002
2026-02-26,UP,9,WELCORP.NS,0.7995,2.5605,5.237,2026-02-27,0.0424,2026-03-04,-3.5762
2026-02-26,UP,10,KEI.NS,0.7985,2.5526,9.6419,2026-02-27,1.4234,2026-03-04,-0.6009
2026-02-26,UP,11,HEROMOTOCO.NS,0.7946,2.6772,6.8797,2026-02-27,-1.3306,2026-03-04,-4.9594
2026-02-26,UP,12,CHOLAFIN.NS,0.785,2.6792,4.2646,2026-02-27,-0.9896,2026-03-04,-5.4059
2026-02-26,UP,13,SAIL.NS,0.7811,3.0007,6.2323,2026-02-27,0.1208,2026-03-04,-5.9755
2026-02-26,UP,14,VEDL.NS,0.7706,2.5948,9.066,2026-02-27,-2.5832,2026-03-04,-4.9427
2026-02-26,UP,15,BHARATFORG.NS,0.76,2.9461,8.7476,2026-02-27,-0.0418,2026-03-04,-3.6715
2026-02-26,UP,16,POLYCAB.NS,0.7569,1.97,9.3597,2026-02-27,1.2285,2026-03-04,-2.6099
2026-02-26,UP,17,UNIONBANK.NS,0.7556,2.7339,6.3423,2026-02-27,0.3622,2026-03-04,-5.1652
2026-02-26,UP,18,IDEAFORGE.NS,0.752,3.2577,3.3593,2026-02-27,-2.732,2026-03-04,6.83
2026-02-26,UP,19,CESC.NS,0.7473,2.4418,5.3471,2026-02-27,-1.0202,2026-03-04,-4.6627
2026-02-26,UP,20,AUROPHARMA.NS,0.7466,3.6659,4.2086,2026-02-27,-0.0246,2026-03-04,-2.0726
2026-02-26,DN,1,IDFCFIRSTB.NS,0.8934,4.5392,-12.256,2026-02-27,0.9202,2026-03-04,-3.777
2026-02-26,DN,2,COFORGE.NS,0.8826,5.1215,-11.8001,2026-02-27,-1.2163,2026-03-04,-2.5325
2026-02-26,DN,3,PERSISTENT.NS,0.8789,4.8976,-9.2005,2026-02-27,-1.0143,2026-03-04,-1.5142
2026-02-26,DN,4,INFY.NS,0.849,3.8621,-5.9394,2026-02-27,0.8533,2026-03-04,1.4196
2026-02-26,DN,5,TECHM.NS,0.8402,3.9297,-7.9429,2026-02-27,-0.2937,2026-03-04,-0.7784
2026-02-26,DN,6,MASTEK.NS,0.8282,4.6098,-7.3164,2026-02-27,-0.1701,2026-03-04,-1.7199
2026-02-26,DN,7,HCLTECH.NS,0.8184,3.4854,-5.302,2026-02-27,1.1358,2026-03-04,-0.6917
2026-02-26,DN,8,RAILTEL.NS,0.8164,3.3212,-4.8836,2026-02-27,0.3359,2026-03-04,-10.8925
2026-02-26,DN,9,KPITTECH.NS,0.8042,4.5132,-6.3481,2026-02-27,-2.8474,2026-03-04,-7.2509
2026-02-26,DN,10,SUDARSCHEM.NS,0.7961,3.901,-4.0485,2026-02-27,-1.021,2026-03-04,-6.7351
2026-02-26,DN,11,RBLBANK.NS,0.7921,2.8748,-1.714,2026-02-27,-2.1723,2026-03-04,-6.3638
2026-02-26,DN,12,ZENSARTECH.NS,0.7836,4.4199,-2.6441,2026-02-27,1.9128,2026-03-04,0.0541
2026-02-26,DN,13,IRCTC.NS,0.7775,2.7361,-5.4284,2026-02-27,-4.2693,2026-03-04,-6.9754
2026-02-26,DN,14,WHIRLPOOL.NS,0.7679,3.5961,-1.1438,2026-02-27,2.0705,2026-03-04,-0.3543
2026-02-26,DN,15,MPHASIS.NS,0.765,3.7466,-4.8471,2026-02-27,1.5476,2026-03-04,0.252
2026-02-26,DN,16,WIPRO.NS,0.7534,3.1089,-4.7962,2026-02-27,-0.0597,2026-03-04,-2.7501
2026-02-26,DN,17,RATEGAIN.NS,0.7402,5.7279,-5.9099,2026-02-27,3.2576,2026-03-04,-6.7688
2026-02-26,DN,18,IRFC.NS,0.7255,2.2689,-7.3173,2026-02-27,0.31,2026-03-04,-5.3182
2026-02-26,DN,19,CROMPTON.NS,0.719,3.1997,-1.2787,2026-02-27,-1.7714,2026-03-04,-6.5333
2026-02-26,DN,20,RAJESHEXPO.NS,0.702,5.1134,-6.9915,2026-02-27,-4.7553,2026-03-04,-12.7823
2026-02-27,UP,1,TEJASNET.NS,0.9856,4.506,33.3894,2026-03-02,11.208,2026-03-05,12.9746
2026-02-27,UP,2,JINDALPOLY.NS,0.9584,6.2447,25.76,2026-03-02,1.7847,2026-03-05,19.7372
2026-02-27,UP,3,LTTS.NS,0.8897,3.8773,3.4093,2026-03-02,-1.9702,2026-03-05,-6.1183
2026-02-27,UP,4,JPPOWER.NS,0.851,3.0023,4.0246,2026-03-02,-5.1148,2026-03-05,-9.0492
2026-02-27,UP,5,OFSS.NS,0.8236,3.1402,4.3583,2026-03-02,-1.2118,2026-03-05,-2.0557
2026-02-27,UP,6,MGL.NS,0.8144,2.542,7.6136,2026-03-02,-1.0248,2026-03-05,-10.1082
2026-02-27,UP,7,TIINDIA.NS,0.8103,2.8969,6.4815,2026-03-02,3.058,2026-03-05,1.0351
2026-02-27,UP,8,ENDURANCE.NS,0.8055,3.3164,7.971,2026-03-02,-0.2855,2026-03-05,-5.7369
2026-02-27,UP,9,DATAPATTNS.NS,0.7983,4.0879,7.5588,2026-03-02,-0.1838,2026-03-05,4.6415
2026-02-27,UP,10,CLEAN.NS,0.7978,3.2015,3.3894,2026-03-02,0.9658,2026-03-05,5.1282
2026-02-27,UP,11,LAURUSLABS.NS,0.7901,2.8451,5.5741,2026-03-02,-1.0039,2026-03-05,-2.7793
2026-02-27,UP,12,NATCOPHARM.NS,0.7897,3.7622,10.8557,2026-03-02,-3.2625,2026-03-05,1.2443
2026-02-27,UP,13,SAIL.NS,0.7764,2.9652,4.3843,2026-03-02,-0.0724,2026-03-05,-5.7691
2026-02-27,UP,14,POLYCAB.NS,0.7659,1.9723,9.4231,2026-03-02,-0.7201,2026-03-05,-0.54
2026-02-27,UP,15,WELCORP.NS,0.7635,2.5278,5.3287,2026-03-02,-0.9209,2026-03-05,-0.3938
2026-02-27,UP,16,KEI.NS,0.7608,2.5441,6.8209,2026-03-02,2.4722,2026-03-05,-3.1474
2026-02-27,UP,17,AUROPHARMA.NS,0.7548,3.5919,5.3158,2026-03-02,-0.8194,2026-03-05,0.4179
2026-02-27,UP,18,HEROMOTOCO.NS,0.7538,2.6657,4.4831,2026-03-02,-2.0753,2026-03-05,-2.1278
2026-02-27,UP,19,IOC.NS,0.7498,2.0887,7.8716,2026-03-02,-4.4594,2026-03-05,-8.4974
2026-02-27,UP,20,PETRONET.NS,0.7452,2.3434,5.4623,2026-03-02,-4.5609,2026-03-05,-9.3847
2026-02-27,DN,1,IDFCFIRSTB.NS,0.8916,4.5775,-12.0105,2026-03-02,-2.3136,2026-03-05,-4.1916
2026-02-27,DN,2,COFORGE.NS,0.8707,5.2978,-11.5471,2026-03-02,-1.9481,2026-03-05,-2.7914
2026-02-27,DN,3,IRCTC.NS,0.8459,3.2294,-11.7387,2026-03-02,-0.1053,2026-03-05,-1.3344
2026-02-27,DN,4,RATNAMANI.NS,0.8355,6.2643,-1.9483,2026-03-02,-2.8542,2026-03-05,-3.1026
2026-02-27,DN,5,KPITTECH.NS,0.83,4.8697,-7.6969,2026-03-02,-2.1852,2026-03-05,-6.9511
2026-02-27,DN,6,TATACOMM.NS,0.8151,3.6356,-5.2884,2026-03-02,-3.3177,2026-03-05,-8.507
2026-02-27,DN,7,MASTEK.NS,0.8034,4.5307,-7.3983,2026-03-02,-1.6282,2026-03-05,3.0923
2026-02-27,DN,8,NAVINFLUOR.NS,0.8027,3.9565,-4.1296,2026-03-02,0.1998,2026-03-05,3.9639
2026-02-27,DN,9,RBLBANK.NS,0.7724,2.9755,-2.8116,2026-03-02,-2.0641,2026-03-05,-3.018
2026-02-27,DN,10,TECHM.NS,0.7517,4.1201,-6.8021,2026-03-02,-0.9132,2026-03-05,-1.8044
2026-02-27,DN,11,NOCIL.NS,0.7501,4.1169,-4.2536,2026-03-02,-4.2834,2026-03-05,-6.3387
2026-02-27,DN,12,IRFC.NS,0.7459,2.3557,-7.4455,2026-03-02,-4.0657,2026-03-05,-4.5389
2026-02-27,DN,13,INFY.NS,0.7442,3.8893,-3.924,2026-03-02,-0.8615,2026-03-05,0.4384
2026-02-27,DN,14,PERSISTENT.NS,0.7216,5.1191,-7.0503,2026-03-02,-1.2592,2026-03-05,-1.929
2026-02-27,DN,15,PRESTIGE.NS,0.7204,3.2417,-6.3215,2026-03-02,-1.1271,2026-03-05,-1.2491
2026-02-27,DN,16,RATEGAIN.NS,0.7149,5.5621,-3.3857,2026-03-02,-6.7252,2026-03-05,-9.4833
2026-02-27,DN,17,HCLTECH.NS,0.7065,3.4724,-3.2997,2026-03-02,-1.303,2026-03-05,-2.5196
2026-02-27,DN,18,MANAPPURAM.NS,0.7031,3.3312,-7.5856,2026-03-02,-0.4413,2026-03-05,-5.6311
2026-02-27,DN,19,STLTECH.NS,0.7016,6.6928,-0.4752,2026-03-02,8.3365,2026-03-05,9.015
2026-02-27,DN,20,CRAFTSMAN.NS,0.7002,3.0798,-6.3697,2026-03-02,1.8801,2026-03-05,0.9102
2026-03-02,UP,1,TEJASNET.NS,0.9896,5.2322,48.4533,2026-03-04,3.0844,2026-03-06,-4.0541
2026-03-02,UP,2,IDEAFORGE.NS,0.9629,4.0716,7.7787,2026-03-04,2.7872,2026-03-06,-0.034
2026-03-02,UP,3,TIINDIA.NS,0.9131,3.2895,11.7341,2026-03-04,-2.3435,2026-03-06,-4.0422
2026-03-02,UP,4,PARAS.NS,0.8631,2.9504,5.2479,2026-03-04,7.483,2026-03-06,11.7016
2026-03-02,UP,5,KEI.NS,0.857,2.8932,9.2389,2026-03-04,-4.3604,2026-03-06,-5.4745
2026-03-02,UP,6,OIL.NS,0.8532,3.3757,3.0185,2026-03-04,0.8298,2026-03-06,-0.7274
2026-03-02,UP,7,DATAPATTNS.NS,0.841,4.2933,4.6678,2026-03-04,-2.4342,2026-03-06,8.9536
2026-03-02,UP,8,JINDALPOLY.NS,0.8328,6.4996,18.0894,2026-03-04,5.9456,2026-03-06,22.4755
2026-03-02,UP,9,LAURUSLABS.NS,0.8255,2.9759,4.7146,2026-03-04,-3.23,2026-03-06,-3.6432
2026-03-02,UP,10,MIDHANI.NS,0.8155,3.6477,0.0145,2026-03-04,-2.1066,2026-03-06,2.528
2026-03-02,UP,11,ERIS.NS,0.8058,3.6281,0.5692,2026-03-04,-0.1691,2026-03-06,0.0221
2026-03-02,UP,12,SOLARINDS.NS,0.7939,2.6398,4.6298,2026-03-04,3.8173,2026-03-06,8.3137
2026-03-02,UP,13,IDFCFIRSTB.NS,0.791,4.8571,2.4843,2026-03-04,-2.3962,2026-03-06,-2.5077
2026-03-02,UP,14,ZENSARTECH.NS,0.7757,4.676,-0.2894,2026-03-04,-2.4543,2026-03-06,-1.6362
2026-03-02,UP,15,SAIL.NS,0.7714,3.1463,5.6868,2026-03-04,-6.0209,2026-03-06,-6.4315
2026-03-02,UP,16,WELCORP.NS,0.7709,2.9117,4.4053,2026-03-04,-2.7212,2026-03-06,-1.0518
2026-03-02,UP,17,ONGC.NS,0.7687,2.7539,2.3762,2026-03-04,-1.8604,2026-03-06,-1.1517
2026-03-02,UP,18,NATCOPHARM.NS,0.7653,4.2043,7.0829,2026-03-04,-0.3294,2026-03-06,6.6353
2026-03-02,UP,19,BASF.NS,0.7638,2.9973,0.5012,2026-03-04,-2.7191,2026-03-06,-4.4269
2026-03-02,UP,20,NATIONALUM.NS,0.7609,3.0827,7.0512,2026-03-04,2.9351,2026-03-06,9.1773
2026-03-02,DN,1,RAJESHEXPO.NS,0.8464,5.5754,-12.3767,2026-03-04,-4.9993,2026-03-06,-14.2332
2026-03-02,DN,2,IRCTC.NS,0.835,3.3715,-11.0251,2026-03-04,-2.7243,2026-03-06,-2.8386
2026-03-02,DN,3,RAILTEL.NS,0.8296,3.3384,-11.2069,2026-03-04,-5.1099,2026-03-06,-0.9027
2026-03-02,DN,4,RATEGAIN.NS,0.8124,6.3161,-7.8481,2026-03-04,-3.2,2026-03-06,-2.8152
2026-03-02,DN,5,TATACOMM.NS,0.7978,3.5009,-8.1529,2026-03-04,-3.9948,2026-03-06,-5.6847
2026-03-02,DN,6,IRFC.NS,0.7973,2.7834,-11.2164,2026-03-04,-1.6106,2026-03-06,0.1309
2026-03-02,DN,7,MAPMYINDIA.NS,0.7947,4.8692,-9.3439,2026-03-04,-0.1287,2026-03-06,-1.099
2026-03-02,DN,8,LT.NS,0.7784,2.3963,-7.9536,2026-03-04,-4.527,2026-03-06,-2.8746
2026-03-02,DN,9,GODREJAGRO.NS,0.7607,3.8769,-5.7227,2026-03-04,-1.3078,2026-03-06,-2.0892
2026-03-02,DN,10,FINEORG.NS,0.7606,3.7105,-3.8795,2026-03-04,-4.551,2026-03-06,-4.2667
2026-03-02,DN,11,NOCIL.NS,0.7602,4.439,-7.8235,2026-03-04,-2.5014,2026-03-06,-1.9303
2026-03-02,DN,12,COFORGE.NS,0.7422,5.5984,-9.7983,2026-03-04,0.6278,2026-03-06,0.0172
2026-03-02,DN,13,ADANIGREEN.NS,0.7391,3.7894,-6.8841,2026-03-04,-3.4973,2026-03-06,-4.997
2026-03-02,DN,14,RVNL.NS,0.735,2.8636,-6.1873,2026-03-04,-5.8107,2026-03-06,-4.4916
2026-03-02,DN,15,MASTEK.NS,0.7243,4.5264,-6.457,2026-03-04,0.077,2026-03-06,0.154
2026-03-02,DN,16,SYMPHONY.NS,0.716,3.7723,-6.0404,2026-03-04,-3.7705,2026-03-06,-5.1279
2026-03-02,DN,17,SOBHA.NS,0.7126,3.3697,-10.1447,2026-03-04,-1.5593,2026-03-06,-0.1839
2026-03-02,DN,18,PRESTIGE.NS,0.7036,3.4706,-7.4955,2026-03-04,-1.9241,2026-03-06,-3.0349
2026-03-02,DN,19,CENTUM.NS,0.6934,6.1611,1.4066,2026-03-04,-3.3828,2026-03-06,5.3416
2026-03-02,DN,20,SANOFI.NS,0.6879,1.9997,-5.8107,2026-03-04,-0.8991,2026-03-06,-1.9614
2026-03-04,UP,1,TEJASNET.NS,0.9898,5.6189,57.6183,2026-03-05,-1.451,2026-03-09,-14.7203
2026-03-04,UP,2,IDEAFORGE.NS,0.9629,4.2273,10.9318,2026-03-05,-3.9242,2026-03-09,-1.1905
2026-03-04,UP,3,PARAS.NS,0.9165,3.4003,13.973,2026-03-05,-0.5409,2026-03-09,-0.3467
2026-03-04,UP,4,JINDALPOLY.NS,0.8927,6.4475,20.2551,2026-03-05,11.0359,2026-03-09,22.2974
2026-03-04,UP,5,NATIONALUM.NS,0.8755,3.253,8.8921,2026-03-05,6.0107,2026-03-09,3.909
2026-03-04,UP,6,OIL.NS,0.8692,3.4386,4.2143,2026-03-05,-2.6417,2026-03-09,-3.668
2026-03-04,UP,7,SOLARINDS.NS,0.8148,2.7434,9.3682,2026-03-05,1.0191,2026-03-09,3.1261
2026-03-04,UP,8,WELCORP.NS,0.8029,3.0775,2.4472,2026-03-05,3.3442,2026-03-09,-1.9424
2026-03-04,UP,9,KEI.NS,0.8022,3.2867,4.1414,2026-03-05,-1.1749,2026-03-09,-3.806
2026-03-04,UP,10,MPHASIS.NS,0.8,4.0894,1.9883,2026-03-05,-1.5702,2026-03-09,-3.5065
2026-03-04,UP,11,ZENSARTECH.NS,0.7881,4.8439,3.1727,2026-03-05,-1.0551,2026-03-09,-1.8216
2026-03-04,UP,12,INFY.NS,0.7871,3.8315,2.501,2026-03-05,-0.1224,2026-03-09,0.5813
2026-03-04,UP,13,LTTS.NS,0.7765,4.3686,5.3548,2026-03-05,-0.5939,2026-03-09,-6.1317
2026-03-04,UP,14,PERSISTENT.NS,0.7614,5.3729,1.0103,2026-03-05,-1.4313,2026-03-09,1.5714
2026-03-04,UP,15,BEL.NS,0.759,2.4889,2.7123,2026-03-05,2.9428,2026-03-09,2.3498
2026-03-04,UP,16,STLTECH.NS,0.7427,6.2541,1.1023,2026-03-05,3.9538,2026-03-09,4.3791
2026-03-04,UP,17,SHYAMMETL.NS,0.7374,3.1848,-2.2867,2026-03-05,-0.739,2026-03-09,-5.0807
2026-03-04,UP,18,HCLTECH.NS,0.733,3.5285,1.8519,2026-03-05,-0.7258,2026-03-09,-0.3959
2026-03-04,UP,19,GALAXYSURF.NS,0.7303,3.8225,0.1957,2026-03-05,0.6167,2026-03-09,-4.2605
2026-03-04,UP,20,M&MFIN.NS,0.7267,3.8061,-0.6719,2026-03-05,0.704,2026-03-09,-3.9619
2026-03-04,DN,1,FINEORG.NS,0.8699,4.0488,-12.4869,2026-03-05,1.3134,2026-03-09,0.3494
2026-03-04,DN,2,RVNL.NS,0.8476,3.5961,-12.3115,2026-03-05,-0.9927,2026-03-09,-2.0741
2026-03-04,DN,3,PETRONET.NS,0.8432,3.7972,-9.0761,2026-03-05,4.6607,2026-03-09,-0.5179
2026-03-04,DN,4,RAILTEL.NS,0.8415,3.7157,-13.8816,2026-03-05,1.2565,2026-03-09,1.2924
2026-03-04,DN,5,CENTUM.NS,0.8305,6.5129,-5.7945,2026-03-05,4.0357,2026-03-09,6.0059
2026-03-04,DN,6,RAJESHEXPO.NS,0.8121,5.7077,-15.4533,2026-03-05,-4.9966,2026-03-09,-14.2304
2026-03-04,DN,7,IRCTC.NS,0.8017,3.5943,-9.9276,2026-03-05,1.5358,2026-03-09,-2.4663
2026-03-04,DN,8,ADANIGREEN.NS,0.7891,4.0369,-11.1479,2026-03-05,1.445,2026-03-09,-2.0414
2026-03-04,DN,9,LT.NS,0.767,2.987,-8.842,2026-03-05,4.0205,2026-03-09,-1.0431
2026-03-04,DN,10,IRFC.NS,0.7522,2.913,-10.6908,2026-03-05,1.1357,2026-03-09,-0.1739
2026-03-04,DN,11,PNB.NS,0.7512,2.9773,-7.3724,2026-03-05,0.6839,2026-03-09,-5.1907
2026-03-04,DN,12,RATNAMANI.NS,0.7491,6.6186,-3.5301,2026-03-05,-0.8169,2026-03-09,-3.3967
2026-03-04,DN,13,CANBK.NS,0.7333,3.0364,-6.4319,2026-03-05,1.0753,2026-03-09,-4.7778
2026-03-04,DN,14,SYMPHONY.NS,0.7313,4.0288,-8.7806,2026-03-05,-0.7836,2026-03-09,0.1698
2026-03-04,DN,15,ENDURANCE.NS,0.726,3.8631,-6.7039,2026-03-05,0.1597,2026-03-09,-3.2335
2026-03-04,DN,16,GAIL.NS,0.7167,2.5119,-7.8935,2026-03-05,1.3712,2026-03-09,-3.6414
2026-03-04,DN,17,TATACOMM.NS,0.7124,3.7646,-8.6271,2026-03-05,-1.4297,2026-03-09,0.0405
2026-03-04,DN,18,OLECTRA.NS,0.7121,3.4276,-11.546,2026-03-05,2.5323,2026-03-09,-1.6716
2026-03-04,DN,19,RBLBANK.NS,0.7039,3.327,-6.1196,2026-03-05,1.3233,2026-03-09,-2.663
2026-03-04,DN,20,MANAPPURAM.NS,0.6983,3.7114,-11.8081,2026-03-05,-0.7242,2026-03-09,-4.6054
2026-03-05,UP,1,TEJASNET.NS,0.9761,6.1963,54.9402,2026-03-06,-5.5544,2026-03-10,-5.6864
2026-03-05,UP,2,PARAS.NS,0.9519,3.8954,13.6349,2026-03-06,4.49,2026-03-10,-1.9522
2026-03-05,UP,3,DATAPATTNS.NS,0.9464,4.6984,9.3988,2026-03-06,3.9295,2026-03-10,2.4589
2026-03-05,UP,4,NATIONALUM.NS,0.9092,3.4808,10.0472,2026-03-06,0.0505,2026-03-10,-1.8184
2026-03-05,UP,5,MAZDOCK.NS,0.8944,3.3487,5.1256,2026-03-06,5.0754,2026-03-10,5.509
2026-03-05,UP,6,MASTEK.NS,0.8872,4.0187,0.8208,2026-03-06,-4.4319,2026-03-10,-3.7953
2026-03-05,UP,7,IDEAFORGE.NS,0.8749,4.6507,6.3186,2026-03-06,1.2276,2026-03-10,1.8357
2026-03-05,UP,8,STLTECH.NS,0.8742,6.0274,4.3538,2026-03-06,4.4776,2026-03-10,3.8091
2026-03-05,UP,9,CLEAN.NS,0.8512,3.3776,7.2658,2026-03-06,-2.2385,2026-03-10,-2.9437
2026-03-05,UP,10,JINDALPOLY.NS,0.8447,6.5002,15.6649,2026-03-06,4.1125,2026-03-10,17.3035
2026-03-05,UP,11,HFCL.NS,0.8415,4.0596,-0.242,2026-03-06,-0.6279,2026-03-10,-0.3853
2026-03-05,UP,12,NAVINFLUOR.NS,0.8297,3.8001,1.1508,2026-03-06,1.0377,2026-03-10,0.5458
2026-03-05,UP,13,BDL.NS,0.8285,3.2055,3.2076,2026-03-06,5.9425,2026-03-10,8.1056
2026-03-05,UP,14,GRSE.NS,0.8237,3.5888,-0.586,2026-03-06,4.7362,2026-03-10,4.263
2026-03-05,UP,15,SOLARINDS.NS,0.8184,2.8234,9.0051,2026-03-06,3.2786,2026-03-10,0.334
2026-03-05,UP,16,WELCORP.NS,0.8082,3.1048,3.1044,2026-03-06,-1.5754,2026-03-10,-1.3017
2026-03-05,UP,17,BSE.NS,0.7995,3.9765,-0.4075,2026-03-06,-0.3549,2026-03-10,3.5924
2026-03-05,UP,18,HINDALCO.NS,0.7983,3.3203,1.8722,2026-03-06,0.4136,2026-03-10,0.1728
2026-03-05,UP,19,BEL.NS,0.7877,2.5994,4.712,2026-03-06,1.837,2026-03-10,0.7283
2026-03-05,UP,20,ZENSARTECH.NS,0.787,4.5994,1.0685,2026-03-06,1.914,2026-03-10,2.3332
2026-03-05,DN,1,FINEORG.NS,0.8554,3.9588,-11.5409,2026-03-06,-1.0023,2026-03-10,-0.2269
2026-03-05,DN,2,RVNL.NS,0.8486,3.7562,-12.0749,2026-03-06,2.4172,2026-03-10,1.5577
2026-03-05,DN,3,PETRONET.NS,0.8138,3.7926,-6.6422,2026-03-06,-0.9043,2026-03-10,-1.0067
2026-03-05,DN,4,RAJESHEXPO.NS,0.7894,6.1443,-17.8151,2026-03-06,-4.9716,2026-03-10,-12.7248
2026-03-05,DN,5,COROMANDEL.NS,0.78,3.4574,-10.7096,2026-03-06,-1.9966,2026-03-10,0.4652
2026-03-05,DN,6,RAILTEL.NS,0.7737,3.7,-11.1793,2026-03-06,3.1377,2026-03-10,2.2514
2026-03-05,DN,7,SYMPHONY.NS,0.7696,4.0498,-9.1056,2026-03-06,-0.6319,2026-03-10,4.377
2026-03-05,DN,8,CANBK.NS,0.763,3.0907,-6.5563,2026-03-06,-1.7103,2026-03-10,-4.2017
2026-03-05,DN,9,TATACOMM.NS,0.7546,3.8637,-10.3093,2026-03-06,-0.3352,2026-03-10,1.0263
2026-03-05,DN,10,ADANIGREEN.NS,0.7488,4.0246,-8.256,2026-03-06,-2.9563,2026-03-10,-3.1259
2026-03-05,DN,11,GAIL.NS,0.7237,2.523,-7.8059,2026-03-06,-0.6508,2026-03-10,-4.109
2026-03-05,DN,12,BOSCHLTD.NS,0.7181,2.8782,-9.1332,2026-03-06,0.316,2026-03-10,-3.4607
2026-03-05,DN,13,ENDURANCE.NS,0.7163,3.7297,-6.2336,2026-03-06,-2.2798,2026-03-10,-1.4548
2026-03-05,DN,14,PNB.NS,0.7162,2.9846,-6.3888,2026-03-06,-2.365,2026-03-10,-3.8216
2026-03-05,DN,15,IRCTC.NS,0.7114,3.5972,-7.2537,2026-03-06,-1.6283,2026-03-10,-2.4913
2026-03-05,DN,16,SAIL.NS,0.7097,3.9257,-5.3235,2026-03-06,-0.7749,2026-03-10,-4.041
2026-03-05,DN,17,JINDALSTEL.NS,0.7095,2.7884,-6.514,2026-03-06,-0.3041,2026-03-10,0.2703
2026-03-05,DN,18,GODREJCP.NS,0.701,2.4739,-8.4855,2026-03-06,-1.3953,2026-03-10,-1.8368
2026-03-05,DN,19,LT.NS,0.6969,3.1407,-6.044,2026-03-06,-2.2012,2026-03-10,-4.0285
2026-03-05,DN,20,MUTHOOTFIN.NS,0.6964,4.1158,-5.6554,2026-03-06,-2.0415,2026-03-10,-0.7017
2026-03-06,UP,1,JINDALPOLY.NS,0.9677,6.5037,28.9935,2026-03-09,5.7916,2026-03-11,17.5376
2026-03-06,UP,2,PARAS.NS,0.9619,4.0726,17.6281,2026-03-09,-4.1102,2026-03-11,-9.1479
2026-03-06,UP,3,MRPL.NS,0.9328,4.0315,4.7733,2026-03-09,-7.9981,2026-03-11,-9.5038
2026-03-06,UP,4,MAZDOCK.NS,0.9279,3.5701,9.7793,2026-03-09,-3.4346,2026-03-11,-1.4483
2026-03-06,UP,5,DATAPATTNS.NS,0.9041,4.9412,7.6335,2026-03-09,0.0573,2026-03-11,-3.0935
2026-03-06,UP,6,BDL.NS,0.8934,3.3795,6.5415,2026-03-09,-1.5626,2026-03-11,0.2432
2026-03-06,UP,7,GRSE.NS,0.8934,3.6949,2.1745,2026-03-09,-2.0648,2026-03-11,-2.9367
2026-03-06,UP,8,IDEAFORGE.NS,0.8694,4.9076,3.8978,2026-03-09,1.5981,2026-03-11,-1.8248
2026-03-06,UP,9,TEJASNET.NS,0.8675,7.0745,25.3335,2026-03-09,-8.3754,2026-03-11,1.1504
2026-03-06,UP,10,PERSISTENT.NS,0.8641,4.9271,-0.0837,2026-03-09,0.1172,2026-03-11,-0.6238
2026-03-06,UP,11,STLTECH.NS,0.8604,5.7521,10.186,2026-03-09,-3.8941,2026-03-11,5.1186
2026-03-06,UP,12,IRCON.NS,0.8558,3.2776,1.261,2026-03-09,-5.4849,2026-03-11,-6.6621
2026-03-06,UP,13,NATIONALUM.NS,0.8536,3.369,9.6457,2026-03-09,-2.0321,2026-03-11,0.4039
2026-03-06,UP,14,SOLARINDS.NS,0.8417,2.9454,10.1563,2026-03-09,-1.155,2026-03-11,-4.2041
2026-03-06,UP,15,OIL.NS,0.8308,3.5176,2.3339,2026-03-09,-2.1569,2026-03-11,-0.3715
2026-03-06,UP,16,RADICO.NS,0.8291,3.0274,2.4474,2026-03-09,-0.553,2026-03-11,4.5936
2026-03-06,UP,17,MIDHANI.NS,0.8277,3.6721,-0.0849,2026-03-09,-4.4353,2026-03-11,-4.7612
2026-03-06,UP,18,COCHINSHIP.NS,0.8257,3.6095,-0.6996,2026-03-09,-2.3955,2026-03-11,-1.9862
2026-03-06,UP,19,MASTEK.NS,0.8138,4.168,-1.6443,2026-03-09,-0.237,2026-03-11,1.153
2026-03-06,UP,20,CENTUM.NS,0.7813,6.4607,6.5841,2026-03-09,-2.7735,2026-03-11,0.0455
2026-03-06,DN,1,RVNL.NS,0.8539,3.966,-10.1477,2026-03-09,-3.4266,2026-03-11,-3.0769
2026-03-06,DN,2,COROMANDEL.NS,0.8303,3.6868,-13.2284,2026-03-09,-1.1324,2026-03-11,-0.0791
2026-03-06,DN,3,PETRONET.NS,0.8107,3.7682,-8.3912,2026-03-09,-4.0806,2026-03-11,-0.2583
2026-03-06,DN,4,ADANIGREEN.NS,0.7888,4.0266,-11.1341,2026-03-09,-0.4951,2026-03-11,-1.0193
2026-03-06,DN,5,RAJESHEXPO.NS,0.7879,6.3823,-21.2597,2026-03-09,-4.9962,2026-03-11,-3.6336
2026-03-06,DN,6,FINEORG.NS,0.782,3.7436,-9.1882,2026-03-09,0.0514,2026-03-11,0.0117
2026-03-06,DN,7,CANBK.NS,0.775,3.1616,-8.1256,2026-03-09,-4.1515,2026-03-11,-4.4941
2026-03-06,DN,8,BANKBARODA.NS,0.7694,2.7461,-8.969,2026-03-09,-2.4716,2026-03-11,-2.0484
2026-03-06,DN,9,BPCL.NS,0.7687,2.9817,-8.614,2026-03-09,-6.1233,2026-03-11,-7.8526
2026-03-06,DN,10,IOC.NS,0.7619,2.9163,-9.5404,2026-03-09,-4.4226,2026-03-11,-4.7724
2026-03-06,DN,11,PNB.NS,0.7507,3.1197,-8.5607,2026-03-09,-3.5538,2026-03-11,-2.9084
2026-03-06,DN,12,OLECTRA.NS,0.7449,3.5348,-10.0555,2026-03-09,-1.8449,2026-03-11,-0.8096
2026-03-06,DN,13,GODREJCP.NS,0.7432,2.5422,-9.8935,2026-03-09,-3.2509,2026-03-11,-2.2569
2026-03-06,DN,14,UNIONBANK.NS,0.7432,3.4645,-6.3958,2026-03-09,-5.0835,2026-03-11,-4.0975
2026-03-06,DN,15,TATACOMM.NS,0.7403,3.8522,-12.2628,2026-03-09,1.8329,2026-03-11,1.7986
2026-03-06,DN,16,SAIL.NS,0.7267,3.8545,-6.3863,2026-03-09,-3.4981,2026-03-11,-0.6841
2026-03-06,DN,17,LT.NS,0.7238,3.2707,-7.8549,2026-03-09,-2.7267,2026-03-11,-2.8103
2026-03-06,DN,18,ENDURANCE.NS,0.7233,3.792,-7.3114,2026-03-09,-1.1339,2026-03-11,1.3623
2026-03-06,DN,19,CHOLAFIN.NS,0.7078,3.3143,-6.9676,2026-03-09,-2.6625,2026-03-11,-4.2366
2026-03-06,DN,20,BOSCHLTD.NS,0.7063,2.8252,-9.2678,2026-03-09,-5.2047,2026-03-11,-4.8598
2026-03-09,UP,1,JINDALPOLY.NS,0.9774,6.7347,31.8812,2026-03-10,6.5018,2026-03-12,15.5564
2026-03-09,UP,2,MAZDOCK.NS,0.9284,3.9877,7.2857,2026-03-10,3.9841,2026-03-12,2.3586
2026-03-09,UP,3,DATAPATTNS.NS,0.9277,5.032,8.8157,2026-03-10,-1.4714,2026-03-12,-4.6147
2026-03-09,UP,4,PARAS.NS,0.9163,4.78,12.6607,2026-03-10,-2.1432,2026-03-12,-6.9237
2026-03-09,UP,5,IDEAFORGE.NS,0.8961,5.1189,8.523,2026-03-10,-0.9817,2026-03-12,-4.9197
2026-03-09,UP,6,NATIONALUM.NS,0.8716,3.6349,9.4473,2026-03-10,0.1675,2026-03-12,5.4239
2026-03-09,UP,7,BDL.NS,0.849,3.5931,5.5564,2026-03-10,3.6615,2026-03-12,1.0408
2026-03-09,UP,8,STLTECH.NS,0.8371,6.4041,9.461,2026-03-10,3.3861,2026-03-12,15.2663
2026-03-09,UP,9,SOLARINDS.NS,0.8357,3.1319,10.9079,2026-03-10,-1.716,2026-03-12,-3.018
2026-03-09,UP,10,GRSE.NS,0.8044,3.8615,1.5201,2026-03-10,1.647,2026-03-12,-1.9141
2026-03-09,UP,11,PERSISTENT.NS,0.7871,5.0192,1.0585,2026-03-10,0.9366,2026-03-12,-1.4363
2026-03-09,UP,12,OIL.NS,0.7782,3.9922,-2.0355,2026-03-10,-0.7383,2026-03-12,1.1075
2026-03-09,UP,13,HFCL.NS,0.7731,4.3369,-0.1606,2026-03-10,2.0614,2026-03-12,8.8743
2026-03-09,UP,14,INDIAMART.NS,0.7466,2.6962,2.4156,2026-03-10,-0.1786,2026-03-12,-3.8104
2026-03-09,UP,15,CENTUM.NS,0.7456,6.3821,4.3642,2026-03-10,2.2583,2026-03-12,-0.0684
2026-03-09,UP,16,HINDALCO.NS,0.7367,3.1874,2.2332,2026-03-10,1.19,2026-03-12,2.5811
2026-03-09,UP,17,RADICO.NS,0.7291,3.1332,3.8536,2026-03-10,0.3961,2026-03-12,3.8487
2026-03-09,UP,18,BEL.NS,0.7282,2.7792,2.8446,2026-03-10,1.3119,2026-03-12,-0.8309
2026-03-09,UP,19,NAVINFLUOR.NS,0.7228,3.8423,2.0938,2026-03-10,2.3875,2026-03-12,-2.6223
2026-03-09,UP,20,COFORGE.NS,0.7221,4.8236,-1.4589,2026-03-10,-2.5075,2026-03-12,-5.1861
2026-03-09,DN,1,PETRONET.NS,0.8573,4.1478,-13.8683,2026-03-10,4.1465,2026-03-12,6.5159
2026-03-09,DN,2,RVNL.NS,0.849,4.2464,-12.6916,2026-03-10,2.6792,2026-03-12,1.231
2026-03-09,DN,3,BPCL.NS,0.8442,3.6874,-14.0763,2026-03-10,-1.5854,2026-03-12,-1.4495
2026-03-09,DN,4,UNIONBANK.NS,0.8296,3.8586,-11.4748,2026-03-10,4.0433,2026-03-12,1.6978
2026-03-09,DN,5,IOC.NS,0.8294,3.4527,-14.0022,2026-03-10,-0.7939,2026-03-12,-0.6575
2026-03-09,DN,6,SAIL.NS,0.8112,4.3406,-9.7701,2026-03-10,0.214,2026-03-12,2.7622
2026-03-09,DN,7,CANBK.NS,0.785,3.4798,-11.0949,2026-03-10,1.6868,2026-03-12,0.3073
2026-03-09,DN,8,GAIL.NS,0.7721,2.9923,-12.1217,2026-03-10,0.8793,2026-03-12,2.262
2026-03-09,DN,9,BOSCHLTD.NS,0.7648,3.2821,-13.2464,2026-03-10,1.519,2026-03-12,-0.9335
2026-03-09,DN,10,JPPOWER.NS,0.7643,3.7397,-12.3279,2026-03-10,1.1219,2026-03-12,5.9835
2026-03-09,DN,11,LTTS.NS,0.7638,4.3406,-11.3484,2026-03-10,1.1883,2026-03-12,0.5042
2026-03-09,DN,12,PNB.NS,0.7638,3.4954,-11.1017,2026-03-10,2.1378,2026-03-12,1.3383
2026-03-09,DN,13,BANKBARODA.NS,0.7629,3.0414,-10.5296,2026-03-10,2.2045,2026-03-12,0.3992
2026-03-09,DN,14,CHOLAFIN.NS,0.7621,3.9631,-8.5394,2026-03-10,2.4574,2026-03-12,-3.5944
2026-03-09,DN,15,RAJESHEXPO.NS,0.7587,6.5313,-21.4589,2026-03-10,-3.3289,2026-03-12,0.8765
2026-03-09,DN,16,LT.NS,0.7505,3.6154,-10.1956,2026-03-10,0.8823,2026-03-12,-3.191
2026-03-09,DN,17,RAILTEL.NS,0.7318,4.1885,-10.043,2026-03-10,2.2151,2026-03-12,1.7544
2026-03-09,DN,18,FINEORG.NS,0.7313,3.7848,-9.1608,2026-03-10,0.7315,2026-03-12,1.3298
2026-03-09,DN,19,MGL.NS,0.7313,3.7938,-14.5516,2026-03-10,0.1535,2026-03-12,0.7579
2026-03-09,DN,20,KEI.NS,0.7169,3.7408,-5.7259,2026-03-10,-5.2719,2026-03-12,-9.5939
2026-03-10,UP,1,MAZDOCK.NS,0.9626,4.15,12.3224,2026-03-11,-1.8533,2026-03-13,-6.2085
2026-03-10,UP,2,JINDALPOLY.NS,0.9425,6.5224,37.9931,2026-03-11,4.3202,2026-03-13,7.3871
2026-03-10,UP,3,BDL.NS,0.9027,3.719,9.1798,2026-03-11,-1.7625,2026-03-13,-5.2297
2026-03-10,UP,4,MRPL.NS,0.868,5.0587,2.7001,2026-03-11,-3.4504,2026-03-13,-7.9855
2026-03-10,UP,5,GRSE.NS,0.8515,3.8783,5.9518,2026-03-11,-2.4962,2026-03-13,-8.0659
2026-03-10,UP,6,HFCL.NS,0.8398,4.0549,3.4222,2026-03-11,3.223,2026-03-13,3.0941
2026-03-10,UP,7,DATAPATTNS.NS,0.8369,5.3043,7.4119,2026-03-11,-1.7026,2026-03-13,-6.5896
2026-03-10,UP,8,PARAS.NS,0.8262,5.2036,4.8148,2026-03-11,-3.1786,2026-03-13,-9.1303
2026-03-10,UP,9,ADANIENSOL.NS,0.8194,3.2903,4.2477,2026-03-11,-2.131,2026-03-13,-2.1014
2026-03-10,UP,10,DEEPAKFERT.NS,0.7833,3.8976,0.0562,2026-03-11,1.7298,2026-03-13,-3.7096
2026-03-10,UP,11,BSE.NS,0.782,3.3157,8.2085,2026-03-11,-0.811,2026-03-13,-2.2233
2026-03-10,UP,12,SHRIRAMFIN.NS,0.782,3.6652,0.9881,2026-03-11,-2.9354,2026-03-13,-5.5791
2026-03-10,UP,13,IRCON.NS,0.7765,3.9508,2.9073,2026-03-11,-2.1474,2026-03-13,-7.0985
2026-03-10,UP,14,RADICO.NS,0.7718,3.1661,5.8835,2026-03-11,4.7602,2026-03-13,1.3611
2026-03-10,UP,15,SOLARINDS.NS,0.7709,3.4147,5.2255,2026-03-11,-1.3927,2026-03-13,-3.1861
2026-03-10,UP,16,SUZLON.NS,0.7689,3.4999,1.221,2026-03-11,0.4101,2026-03-13,-0.0965
2026-03-10,UP,17,OLECTRA.NS,0.7646,3.8399,-0.9349,2026-03-11,-3.4263,2026-03-13,-5.5818
2026-03-10,UP,18,VGUARD.NS,0.7641,3.2704,1.4602,2026-03-11,-0.4745,2026-03-13,1.2178
2026-03-10,UP,19,PERSISTENT.NS,0.7629,4.8261,3.3059,2026-03-11,-1.6612,2026-03-13,-3.9168
2026-03-10,UP,20,NATIONALUM.NS,0.7595,3.6252,7.1379,2026-03-11,2.3151,2026-03-13,-0.3601
2026-03-10,DN,1,KEI.NS,0.8641,4.4334,-12.8506,2026-03-11,-4.7609,2026-03-13,-8.3535
2026-03-10,DN,2,BPCL.NS,0.8636,3.9353,-13.047,2026-03-11,-0.2608,2026-03-13,-2.0252
2026-03-10,DN,3,SAIL.NS,0.8449,4.2998,-9.5114,2026-03-11,2.6962,2026-03-13,0.0334
2026-03-10,DN,4,IOC.NS,0.8386,3.6482,-10.7029,2026-03-11,0.4314,2026-03-13,-2.1258
2026-03-10,DN,5,IDFCFIRSTB.NS,0.8376,5.3038,-6.2831,2026-03-11,-1.6501,2026-03-13,-6.9868
2026-03-10,DN,6,POLYCAB.NS,0.8184,3.4563,-9.6567,2026-03-11,-3.8003,2026-03-13,-6.8561
2026-03-10,DN,7,PETRONET.NS,0.8063,4.2116,-6.01,2026-03-11,-0.1551,2026-03-13,-1.3099
2026-03-10,DN,8,TIINDIA.NS,0.7793,3.8938,-6.8191,2026-03-11,-2.9537,2026-03-13,-7.0308
2026-03-10,DN,9,BOSCHLTD.NS,0.7779,3.2853,-9.3017,2026-03-11,-1.1378,2026-03-13,-5.9071
2026-03-10,DN,10,GAIL.NS,0.7769,3.0365,-8.9538,2026-03-11,-1.5437,2026-03-13,-1.6701
2026-03-10,DN,11,MGL.NS,0.7575,3.8509,-13.5343,2026-03-11,0.5173,2026-03-13,-0.8526
2026-03-10,DN,12,TATASTEEL.NS,0.7551,3.4839,-7.5873,2026-03-11,-0.1333,2026-03-13,-5.8923
2026-03-10,DN,13,CANBK.NS,0.7524,3.3638,-7.3522,2026-03-11,-2.0103,2026-03-13,-5.3349
2026-03-10,DN,14,CHOLAFIN.NS,0.7456,3.9002,-4.8013,2026-03-11,-3.9768,2026-03-13,-6.6527
2026-03-10,DN,15,LTTS.NS,0.7386,4.2978,-8.4921,2026-03-11,-1.6948,2026-03-13,8.8644
2026-03-10,DN,16,UNIONBANK.NS,0.7345,3.7221,-5.9708,2026-03-11,-2.8878,2026-03-13,-6.6667
2026-03-10,DN,17,RAJESHEXPO.NS,0.7303,6.5829,-21.2307,2026-03-11,4.9272,2026-03-13,0.7968
2026-03-10,DN,18,JPPOWER.NS,0.7211,3.7299,-6.5653,2026-03-11,1.0355,2026-03-13,2.8107
2026-03-10,DN,19,BANKBARODA.NS,0.7036,2.8375,-6.599,2026-03-11,-1.7323,2026-03-13,-4.5346
2026-03-10,DN,20,ONGC.NS,0.7019,3.5475,-4.6067,2026-03-11,0.5758,2026-03-13,-1.8945
2026-03-11,UP,1,STLTECH.NS,0.9231,6.0612,14.1676,2026-03-12,5.3836,2026-03-16,-3.7045
2026-03-11,UP,2,HFCL.NS,0.9199,3.9778,8.3609,2026-03-12,3.3444,2026-03-16,-1.0963
2026-03-11,UP,3,MAZDOCK.NS,0.9175,4.3785,12.5012,2026-03-12,0.2956,2026-03-16,-4.2814
2026-03-11,UP,4,DEEPAKFERT.NS,0.8993,3.9585,5.761,2026-03-12,-1.8609,2026-03-16,-6.2146
2026-03-11,UP,5,SYMPHONY.NS,0.874,3.7447,7.2487,2026-03-12,-0.6881,2026-03-16,-4.5789
2026-03-11,UP,6,JINDALPOLY.NS,0.8738,6.3962,35.876,2026-03-12,4.0084,2026-03-16,2.3696
2026-03-11,UP,7,SUDARSCHEM.NS,0.8648,3.6736,4.8506,2026-03-12,-1.5575,2026-03-16,-7.6719
2026-03-11,UP,8,NCC.NS,0.8597,4.0726,3.9484,2026-03-12,0.3288,2026-03-16,-4.8118
2026-03-11,UP,9,RADICO.NS,0.8527,3.3466,13.8832,2026-03-12,-1.2612,2026-03-16,-2.3013
2026-03-11,UP,10,ONMOBILE.NS,0.85,3.7991,4.9672,2026-03-12,-1.0559,2026-03-16,-5.4165
2026-03-11,UP,11,BDL.NS,0.8248,3.99,7.1457,2026-03-12,-0.7794,2026-03-16,-5.5882
2026-03-11,UP,12,RATEGAIN.NS,0.8138,4.6032,6.894,2026-03-12,-0.2055,2026-03-16,-4.727
2026-03-11,UP,13,BLUESTARCO.NS,0.8046,3.3221,5.2886,2026-03-12,0.6388,2026-03-16,-7.0579
2026-03-11,UP,14,SHRIRAMFIN.NS,0.799,4.0128,2.1485,2026-03-12,0.0,2026-03-16,-3.848
2026-03-11,UP,15,CENTUM.NS,0.7869,6.4658,9.0794,2026-03-12,-2.8842,2026-03-16,-5.338
2026-03-11,UP,16,DATAPATTNS.NS,0.7854,5.495,8.2174,2026-03-12,-1.5134,2026-03-16,-8.492
2026-03-11,UP,17,VGUARD.NS,0.7847,3.4846,4.7611,2026-03-12,1.2871,2026-03-16,2.2247
2026-03-11,UP,18,WELCORP.NS,0.7779,3.5736,4.6643,2026-03-12,1.4114,2026-03-16,-4.4084
2026-03-11,UP,19,GRSE.NS,0.7765,4.1922,5.8155,2026-03-12,-1.033,2026-03-16,-5.9042
2026-03-11,UP,20,GLENMARK.NS,0.7714,2.7129,11.4232,2026-03-12,-0.7172,2026-03-16,-4.2813
2026-03-11,DN,1,PARAS.NS,0.867,5.7884,-5.5821,2026-03-12,-1.7626,2026-03-16,-6.8082
2026-03-11,DN,2,KEI.NS,0.8643,4.9382,-13.2155,2026-03-12,0.2083,2026-03-16,-3.402
2026-03-11,DN,3,IDFCFIRSTB.NS,0.8451,5.3032,-5.5667,2026-03-12,-2.0859,2026-03-16,-5.0635
2026-03-11,DN,4,POLYCAB.NS,0.8398,3.8269,-10.3151,2026-03-12,0.3432,2026-03-16,-4.0716
2026-03-11,DN,5,BPCL.NS,0.8342,3.939,-8.7963,2026-03-12,0.3999,2026-03-16,-6.1837
2026-03-11,DN,6,TIINDIA.NS,0.8008,4.1799,-7.4014,2026-03-12,-0.6352,2026-03-16,-5.6002
2026-03-11,DN,7,CHOLAFIN.NS,0.7944,4.2759,-5.8176,2026-03-12,-2.0098,2026-03-16,-1.9456
2026-03-11,DN,8,IDEAFORGE.NS,0.7755,5.3848,-4.5194,2026-03-12,-1.6047,2026-03-16,-9.3743
2026-03-11,DN,9,IOC.NS,0.7551,3.6388,-5.7557,2026-03-12,-0.2926,2026-03-16,-7.2651
2026-03-11,DN,10,LTTS.NS,0.7301,4.5033,-6.6261,2026-03-12,1.0364,2026-03-16,7.3449
2026-03-11,DN,11,ASHOKLEY.NS,0.7274,3.9428,-7.8819,2026-03-12,-3.3521,2026-03-16,-6.4389
2026-03-11,DN,12,UNIONBANK.NS,0.7085,3.9137,-5.3419,2026-03-12,0.6522,2026-03-16,-2.9405
2026-03-11,DN,13,AMBER.NS,0.7029,3.8906,-4.5579,2026-03-12,-5.1793,2026-03-16,-10.6664
2026-03-11,DN,14,AXISBANK.NS,0.692,2.5231,-7.0673,2026-03-12,-1.6961,2026-03-16,-3.2728
2026-03-11,DN,15,BHARTIARTL.NS,0.6879,2.7295,-5.1891,2026-03-12,-0.3154,2026-03-16,-1.0072
2026-03-11,DN,16,SAPPHIRE.NS,0.6852,4.8928,-10.5783,2026-03-12,-0.9824,2026-03-16,-4.6489
2026-03-11,DN,17,KPITTECH.NS,0.682,4.8622,-7.254,2026-03-12,-1.6844,2026-03-16,-7.4405
2026-03-11,DN,18,ICICIBANK.NS,0.6782,2.2776,-5.1853,2026-03-12,-2.1706,2026-03-16,-1.6762
2026-03-11,DN,19,ATUL.NS,0.6757,3.4666,-4.6865,2026-03-12,1.6041,2026-03-16,0.8544
2026-03-11,DN,20,BOSCHLTD.NS,0.6733,3.3772,-5.0165,2026-03-12,-1.2928,2026-03-16,-4.2882
2026-03-12,UP,1,STLTECH.NS,0.9458,6.1897,15.7379,2026-03-13,-6.9209,2026-03-17,-12.2884
2026-03-12,UP,2,HFCL.NS,0.898,3.9047,6.2643,2026-03-13,-3.3571,2026-03-17,-3.6659
2026-03-12,UP,3,JPPOWER.NS,0.8801,4.2847,2.1629,2026-03-13,-1.9054,2026-03-17,-1.3409
2026-03-12,UP,4,JINDALPOLY.NS,0.8792,6.5615,27.2764,2026-03-13,-1.0274,2026-03-17,3.2524
2026-03-12,UP,5,SUDARSCHEM.NS,0.8721,3.6401,3.9722,2026-03-13,-2.4728,2026-03-17,-7.6116
2026-03-12,UP,6,JSWENERGY.NS,0.8708,3.4612,8.0918,2026-03-13,-1.0322,2026-03-17,-2.4117
2026-03-12,UP,7,SUZLON.NS,0.8588,3.6548,5.4161,2026-03-13,-2.404,2026-03-17,-2.7339
2026-03-12,UP,8,ONMOBILE.NS,0.8444,3.8509,5.4826,2026-03-13,-4.4664,2026-03-17,-2.4111
2026-03-12,UP,9,RADICO.NS,0.8275,3.4241,11.3427,2026-03-13,-2.0087,2026-03-17,-4.1435
2026-03-12,UP,10,PETRONET.NS,0.8248,4.2046,1.2455,2026-03-13,-3.5052,2026-03-17,-3.0334
2026-03-12,UP,11,CESC.NS,0.8225,3.6135,2.4945,2026-03-13,0.1945,2026-03-17,-2.1892
2026-03-12,UP,12,SYMPHONY.NS,0.8208,3.7746,7.3521,2026-03-13,-2.011,2026-03-17,-3.783
2026-03-12,UP,13,VGUARD.NS,0.7968,3.5434,4.3037,2026-03-13,0.4079,2026-03-17,1.3649
2026-03-12,UP,14,RAILTEL.NS,0.7799,4.4323,1.7905,2026-03-13,-3.1696,2026-03-17,-5.1724
2026-03-12,UP,15,RATEGAIN.NS,0.7797,4.5384,6.4072,2026-03-13,-3.3049,2026-03-17,-5.3545
2026-03-12,UP,16,DEEPAKFERT.NS,0.7775,4.0073,2.9302,2026-03-13,-3.5521,2026-03-17,-7.0326
2026-03-12,UP,17,TATAPOWER.NS,0.7728,2.7184,6.7135,2026-03-13,-1.7904,2026-03-17,-0.3233
2026-03-12,UP,18,AJANTPHARM.NS,0.7664,2.8995,4.8607,2026-03-13,-2.8498,2026-03-17,-3.1704
2026-03-12,UP,19,JINDALSTEL.NS,0.7493,2.9574,3.4628,2026-03-13,-6.6694,2026-03-17,-5.5265
2026-03-12,UP,20,WELCORP.NS,0.7436,3.6753,2.7068,2026-03-13,-5.2176,2026-03-17,-3.5357
2026-03-12,DN,1,KEI.NS,0.8571,5.0378,-12.0008,2026-03-13,-3.9723,2026-03-17,-2.6212
2026-03-12,DN,2,IDFCFIRSTB.NS,0.8515,5.2066,-7.983,2026-03-13,-3.4115,2026-03-17,-1.7289
2026-03-12,DN,3,PARAS.NS,0.849,5.9355,-6.742,2026-03-13,-4.4632,2026-03-17,-3.6408
2026-03-12,DN,4,POLYCAB.NS,0.8441,3.8881,-12.9496,2026-03-13,-3.5077,2026-03-17,-3.8699
2026-03-12,DN,5,TVSMOTOR.NS,0.827,3.7835,-10.3656,2026-03-13,-2.8662,2026-03-17,2.0277
2026-03-12,DN,6,AMBER.NS,0.825,4.2901,-11.4497,2026-03-13,-6.9774,2026-03-17,-2.1863
2026-03-12,DN,7,ASHOKLEY.NS,0.8081,4.1448,-12.1011,2026-03-13,-4.3817,2026-03-17,-1.3224
2026-03-12,DN,8,TIINDIA.NS,0.7855,4.242,-8.3468,2026-03-13,-3.5887,2026-03-17,-2.8945
2026-03-12,DN,9,CHOLAFIN.NS,0.7836,4.3177,-8.562,2026-03-13,-0.7929,2026-03-17,0.19
2026-03-12,DN,10,BPCL.NS,0.7824,3.9331,-9.4353,2026-03-13,-2.1603,2026-03-17,-8.0588
2026-03-12,DN,11,LT.NS,0.7689,3.8989,-7.9035,2026-03-13,-7.5413,2026-03-17,-4.7506
2026-03-12,DN,12,EICHERMOT.NS,0.7588,3.4329,-10.0516,2026-03-13,-3.3618,2026-03-17,-0.939
2026-03-12,DN,13,ADANIPORTS.NS,0.7574,3.6205,-7.19,2026-03-13,-2.0338,2026-03-17,-1.8685
2026-03-12,DN,14,MARUTI.NS,0.7561,3.1534,-9.7399,2026-03-13,-3.228,2026-03-17,-0.2997
2026-03-12,DN,15,M&M.NS,0.7304,3.2132,-9.4624,2026-03-13,-3.3023,2026-03-17,3.2231
2026-03-12,DN,16,INDUSINDBK.NS,0.7179,3.3083,-11.2943,2026-03-13,-2.0389,2026-03-17,-1.263
2026-03-12,DN,17,DATAPATTNS.NS,0.7114,5.6911,-0.8097,2026-03-13,-3.5114,2026-03-17,-0.9454
2026-03-12,DN,18,JYOTHYLAB.NS,0.7088,3.7638,-8.4333,2026-03-13,-4.1248,2026-03-17,-7.9878
2026-03-12,DN,19,IOC.NS,0.7076,3.7761,-6.634,2026-03-13,-2.2602,2026-03-17,-8.4166
2026-03-12,DN,20,VBL.NS,0.6998,3.2096,-7.7846,2026-03-13,-2.372,2026-03-17,-1.1434
2026-03-13,UP,1,LTTS.NS,0.9851,5.1196,7.6144,2026-03-16,-3.067,2026-03-18,-1.8396
2026-03-13,UP,2,HFCL.NS,0.9063,4.4403,3.3458,2026-03-16,-0.9726,2026-03-18,0.917
2026-03-13,UP,3,ZYDUSWELL.NS,0.8971,3.8917,6.0467,2026-03-16,5.3061,2026-03-18,6.209
2026-03-13,UP,4,NOCIL.NS,0.8649,4.2123,-0.4202,2026-03-16,1.0142,2026-03-18,9.6387
2026-03-13,UP,5,ADANIGREEN.NS,0.8534,3.9618,0.3437,2026-03-16,0.6501,2026-03-18,3.4771
2026-03-13,UP,6,CESC.NS,0.849,3.624,4.0112,2026-03-16,-1.9909,2026-03-18,-2.1161
2026-03-13,UP,7,SUDARSCHEM.NS,0.8395,3.9156,2.1794,2026-03-16,-3.8332,2026-03-18,-1.9527
2026-03-13,UP,8,JPPOWER.NS,0.8339,4.63,0.2886,2026-03-16,-2.8777,2026-03-18,7.9137
2026-03-13,UP,9,ATUL.NS,0.8193,4.0278,0.7638,2026-03-16,-3.2178,2026-03-18,-1.7481
2026-03-13,UP,10,SUZLON.NS,0.8173,3.8759,3.5509,2026-03-16,-0.966,2026-03-18,1.5697
2026-03-13,UP,11,JSWENERGY.NS,0.809,3.5551,5.0696,2026-03-16,-1.5206,2026-03-18,-0.7506
2026-03-13,UP,12,VGUARD.NS,0.7949,3.5357,2.6793,2026-03-16,0.5156,2026-03-18,3.7344
2026-03-13,UP,13,ONMOBILE.NS,0.7739,4.3871,-0.8614,2026-03-16,0.0621,2026-03-18,3.7029
2026-03-13,UP,14,SHRIRAMFIN.NS,0.7727,4.3123,-0.3871,2026-03-16,-1.1558,2026-03-18,1.7935
2026-03-13,UP,15,COALINDIA.NS,0.7576,2.8763,6.0279,2026-03-16,-1.4347,2026-03-18,-2.5268
2026-03-13,UP,16,ADANIENSOL.NS,0.7573,3.7586,-0.0202,2026-03-16,0.4233,2026-03-18,4.4745
2026-03-13,UP,17,RATEGAIN.NS,0.7544,4.8051,2.7404,2026-03-16,-1.2677,2026-03-18,3.3063
2026-03-13,UP,18,MUTHOOTFIN.NS,0.7529,3.4928,2.9115,2026-03-16,0.834,2026-03-18,2.9941
2026-03-13,UP,19,STLTECH.NS,0.7473,7.089,3.1109,2026-03-16,-1.8295,2026-03-18,3.2898
2026-03-13,UP,20,PNBHOUSING.NS,0.7439,3.8543,-1.1708,2026-03-16,0.3731,2026-03-18,5.7272
2026-03-13,DN,1,PARAS.NS,0.8773,6.2631,-14.7328,2026-03-16,-0.7043,2026-03-18,2.3633
2026-03-13,DN,2,AMBER.NS,0.858,5.0219,-18.12,2026-03-16,1.2799,2026-03-18,6.2675
2026-03-13,DN,3,IRCON.NS,0.85,4.7102,-11.3848,2026-03-16,-3.3712,2026-03-18,-0.3609
2026-03-13,DN,4,IDFCFIRSTB.NS,0.8337,5.5378,-10.5887,2026-03-16,0.3836,2026-03-18,4.2992
2026-03-13,DN,5,LT.NS,0.8271,4.5744,-12.9323,2026-03-16,0.884,2026-03-18,4.9113
2026-03-13,DN,6,POLYCAB.NS,0.8239,4.1436,-15.8852,2026-03-16,-0.9244,2026-03-18,2.5162
2026-03-13,DN,7,MRPL.NS,0.8237,6.3056,-13.7545,2026-03-16,16.0716,2026-03-18,7.8085
2026-03-13,DN,8,TVSMOTOR.NS,0.81,4.0328,-12.1432,2026-03-16,1.513,2026-03-18,7.4688
2026-03-13,DN,9,KEI.NS,0.7956,5.0847,-15.505,2026-03-16,0.3848,2026-03-18,5.5796
2026-03-13,DN,10,ASHOKLEY.NS,0.762,4.3979,-12.3388,2026-03-16,1.2423,2026-03-18,4.6704
2026-03-13,DN,11,M&M.NS,0.7612,3.4721,-12.045,2026-03-16,3.5823,2026-03-18,9.6721
2026-03-13,DN,12,SAPPHIRE.NS,0.7578,5.5837,-15.9435,2026-03-16,0.3199,2026-03-18,5.5186
2026-03-13,DN,13,BHARATFORG.NS,0.7576,3.9942,-12.9321,2026-03-16,1.3074,2026-03-18,7.7189
2026-03-13,DN,14,EICHERMOT.NS,0.752,3.7781,-11.5412,2026-03-16,1.2832,2026-03-18,4.2501
2026-03-13,DN,15,TIINDIA.NS,0.7493,4.376,-9.7212,2026-03-16,-1.4604,2026-03-18,4.129
2026-03-13,DN,16,MOIL.NS,0.7363,3.5241,-11.1661,2026-03-16,-4.6512,2026-03-18,12.8772
2026-03-13,DN,17,DATAPATTNS.NS,0.7326,5.5805,-7.9113,2026-03-16,-3.7045,2026-03-18,2.7061
2026-03-13,DN,18,CRAFTSMAN.NS,0.728,4.4886,-10.5122,2026-03-16,1.7755,2026-03-18,3.199
2026-03-13,DN,19,MIDHANI.NS,0.7205,4.6124,-11.3221,2026-03-16,-2.2052,2026-03-18,2.7804
2026-03-13,DN,20,MARUTI.NS,0.72,3.4282,-11.0742,2026-03-16,1.3184,2026-03-18,3.6296
2026-03-16,UP,1,MRPL.NS,0.9886,6.4551,8.8091,2026-03-17,-3.1001,2026-03-19,-10.635
2026-03-16,UP,2,LTTS.NS,0.97,5.5574,6.7795,2026-03-17,0.2346,2026-03-19,-0.3429
2026-03-16,UP,3,NOCIL.NS,0.928,4.4831,3.7564,2026-03-17,6.4786,2026-03-19,2.6237
2026-03-16,UP,4,ZYDUSWELL.NS,0.9234,4.0899,13.9759,2026-03-17,-0.8692,2026-03-19,-2.631
2026-03-16,UP,5,JPPOWER.NS,0.8251,4.873,0.9723,2026-03-17,3.5556,2026-03-19,24.0741
2026-03-16,UP,6,SHRIRAMFIN.NS,0.8111,4.4614,0.4862,2026-03-17,1.2702,2026-03-19,-4.254
2026-03-16,UP,7,SUZLON.NS,0.8039,3.9799,3.5083,2026-03-17,0.634,2026-03-19,0.1951
2026-03-16,UP,8,HFCL.NS,0.763,4.5271,4.1959,2026-03-17,0.6595,2026-03-19,-0.8278
2026-03-16,UP,9,SUDARSCHEM.NS,0.7592,4.3818,0.5592,2026-03-17,-1.4932,2026-03-19,-3.7673
2026-03-16,UP,10,VGUARD.NS,0.7592,3.6386,4.5846,2026-03-17,0.4353,2026-03-19,0.7462
2026-03-16,UP,11,CESC.NS,0.7541,3.9563,4.2208,2026-03-17,-0.396,2026-03-19,-1.6161
2026-03-16,UP,12,RATEGAIN.NS,0.7531,4.814,3.5969,2026-03-17,-0.8629,2026-03-19,-0.1746
2026-03-16,UP,13,ONMOBILE.NS,0.7425,4.501,0.918,2026-03-17,2.0881,2026-03-19,1.1577
2026-03-16,UP,14,JSWENERGY.NS,0.7406,3.6983,5.4813,2026-03-17,0.1287,2026-03-19,0.1485
2026-03-16,UP,15,DEEPAKFERT.NS,0.7353,4.4065,0.295,2026-03-17,-2.7169,2026-03-19,-2.2623
2026-03-16,UP,16,RECLTD.NS,0.7341,3.6386,2.4815,2026-03-17,1.5792,2026-03-19,0.2858
2026-03-16,UP,17,PETRONET.NS,0.7268,4.6573,1.7232,2026-03-17,1.5352,2026-03-19,-4.4115
2026-03-16,UP,18,WELCORP.NS,0.7174,4.3344,2.0322,2026-03-17,2.3373,2026-03-19,-0.1005
2026-03-16,UP,19,OLECTRA.NS,0.7164,4.0941,0.707,2026-03-17,0.6797,2026-03-19,11.516
2026-03-16,UP,20,VINATIORGA.NS,0.7159,2.9356,1.716,2026-03-17,0.1077,2026-03-19,0.9691
2026-03-16,DN,1,PARAS.NS,0.878,6.4049,-11.7041,2026-03-17,1.5762,2026-03-19,-0.6462
2026-03-16,DN,2,IRCON.NS,0.8481,5.1106,-9.4031,2026-03-17,0.5484,2026-03-19,-1.3113
2026-03-16,DN,3,POLYCAB.NS,0.8196,4.2239,-13.3864,2026-03-17,0.5542,2026-03-19,0.7437
2026-03-16,DN,4,IDEAFORGE.NS,0.8043,6.2429,-12.4275,2026-03-17,11.7834,2026-03-19,8.0
2026-03-16,DN,5,AMBER.NS,0.7843,5.0028,-10.6969,2026-03-17,3.8217,2026-03-19,2.2746
2026-03-16,DN,6,LT.NS,0.7749,4.6132,-9.7004,2026-03-17,2.1156,2026-03-19,-1.0059
2026-03-16,DN,7,KEI.NS,0.772,5.0527,-12.851,2026-03-17,1.0182,2026-03-19,0.9344
2026-03-16,DN,8,MOIL.NS,0.7703,3.9537,-11.6474,2026-03-17,19.996,2026-03-19,17.8996
2026-03-16,DN,9,DATAPATTNS.NS,0.7457,6.0278,-11.3735,2026-03-17,6.6087,2026-03-19,5.1843
2026-03-16,DN,10,NATIONALUM.NS,0.7452,4.8642,-4.084,2026-03-17,6.1518,2026-03-19,1.276
2026-03-16,DN,11,CRAFTSMAN.NS,0.7341,4.6627,-6.7925,2026-03-17,1.8329,2026-03-19,0.9201
2026-03-16,DN,12,BHARATFORG.NS,0.7258,3.9822,-8.8761,2026-03-17,2.8874,2026-03-19,0.9075
2026-03-16,DN,13,TVSMOTOR.NS,0.7208,4.0189,-6.9739,2026-03-17,3.4728,2026-03-19,2.3527
2026-03-16,DN,14,MIDHANI.NS,0.7082,4.7561,-9.2527,2026-03-17,4.7876,2026-03-19,0.719
2026-03-16,DN,15,HINDZINC.NS,0.7053,3.7149,-7.1565,2026-03-17,2.3415,2026-03-19,-5.1887
2026-03-16,DN,16,VBL.NS,0.7024,3.6052,-6.9903,2026-03-17,-0.1965,2026-03-19,-0.614
2026-03-16,DN,17,LAURUSLABS.NS,0.6976,4.3992,-5.8962,2026-03-17,0.8222,2026-03-19,-1.6549
2026-03-16,DN,18,COCHINSHIP.NS,0.6874,4.231,-8.2428,2026-03-17,1.8656,2026-03-19,2.0004
2026-03-16,DN,19,TIINDIA.NS,0.6865,4.4624,-7.1418,2026-03-17,2.2128,2026-03-19,4.4462
2026-03-16,DN,20,ASHOKLEY.NS,0.6816,4.4804,-7.58,2026-03-17,1.9332,2026-03-19,-2.431
2026-03-17,UP,1,NOCIL.NS,0.9607,4.5648,7.7579,2026-03-18,1.9341,2026-03-20,-0.9154
2026-03-17,UP,2,MOIL.NS,0.9575,4.5079,7.4743,2026-03-18,-1.3439,2026-03-20,-2.0326
2026-03-17,UP,3,JPPOWER.NS,0.9461,5.0838,3.4024,2026-03-18,7.2961,2026-03-20,17.0243
2026-03-17,UP,4,MRPL.NS,0.9233,7.1464,3.4917,2026-03-18,-4.1475,2026-03-20,-4.5768
2026-03-17,UP,5,SAIL.NS,0.8966,4.5733,2.4626,2026-03-18,0.5797,2026-03-20,1.2962
2026-03-17,UP,6,ATUL.NS,0.8633,4.3536,2.3108,2026-03-18,2.4603,2026-03-20,0.7502
2026-03-17,UP,7,LTTS.NS,0.8595,5.1548,5.7731,2026-03-18,1.0292,2026-03-20,-3.1086
2026-03-17,UP,8,IDEAFORGE.NS,0.8211,6.6854,-1.1379,2026-03-18,-1.3675,2026-03-20,-4.7407
2026-03-17,UP,9,ZYDUSWELL.NS,0.8,4.3991,11.4486,2026-03-18,1.7417,2026-03-20,0.628
2026-03-17,UP,10,TATASTEEL.NS,0.7891,3.8735,0.2205,2026-03-18,-0.0102,2026-03-20,0.6857
2026-03-17,UP,11,NATIONALUM.NS,0.7883,4.8553,1.6463,2026-03-18,-1.898,2026-03-20,-6.7443
2026-03-17,UP,12,RECLTD.NS,0.7665,3.5968,0.9868,2026-03-18,3.0649,2026-03-20,-2.1321
2026-03-17,UP,13,MANAPPURAM.NS,0.7573,4.2368,-1.8908,2026-03-18,5.1197,2026-03-20,0.9344
2026-03-17,UP,14,AJANTPHARM.NS,0.7532,3.7261,0.69,2026-03-18,1.1918,2026-03-20,-3.837
2026-03-17,UP,15,TATAPOWER.NS,0.7512,3.0052,5.1272,2026-03-18,-0.1247,2026-03-20,0.3867
2026-03-17,UP,16,ADANIGREEN.NS,0.7432,3.8504,1.3712,2026-03-18,2.6075,2026-03-20,-0.6389
2026-03-17,UP,17,SHYAMMETL.NS,0.7427,3.8662,-1.8002,2026-03-18,1.1835,2026-03-20,2.3091
2026-03-17,UP,18,ONMOBILE.NS,0.7393,4.367,0.3251,2026-03-18,1.5188,2026-03-20,-0.2025
2026-03-17,UP,19,RATNAMANI.NS,0.7393,4.2771,5.7236,2026-03-18,-0.2989,2026-03-20,-4.0644
2026-03-17,UP,20,TORNTPOWER.NS,0.7318,4.0401,-0.558,2026-03-18,0.7552,2026-03-20,0.5058
2026-03-17,DN,1,IRCON.NS,0.8701,5.1274,-9.7382,2026-03-18,2.553,2026-03-20,-2.2447
2026-03-17,DN,2,PARAS.NS,0.8587,6.367,-8.3481,2026-03-18,1.4896,2026-03-20,-2.6767
2026-03-17,DN,3,TVSMOTOR.NS,0.7786,4.0092,-7.7435,2026-03-18,2.3139,2026-03-20,-0.8534
2026-03-17,DN,4,LT.NS,0.7755,4.292,-8.5965,2026-03-18,1.8375,2026-03-20,-3.0484
2026-03-17,DN,5,AMBER.NS,0.7556,4.7865,-9.7169,2026-03-18,1.0623,2026-03-20,-1.8221
2026-03-17,DN,6,SHRIRAMFIN.NS,0.7512,4.4979,-5.485,2026-03-18,1.6922,2026-03-20,-6.5698
2026-03-17,DN,7,EICHERMOT.NS,0.7468,3.8345,-8.3129,2026-03-18,1.7004,2026-03-20,-0.0145
2026-03-17,DN,8,ASHOKLEY.NS,0.725,4.4968,-9.0153,2026-03-18,1.4252,2026-03-20,-4.0997
2026-03-17,DN,9,DEEPAKFERT.NS,0.7112,4.5684,-7.1844,2026-03-18,3.7273,2026-03-20,-0.1045
2026-03-17,DN,10,CRAFTSMAN.NS,0.7041,4.6418,-6.7915,2026-03-18,-0.4265,2026-03-20,-0.0723
2026-03-17,DN,11,SUDARSCHEM.NS,0.6993,4.369,-7.5141,2026-03-18,3.501,2026-03-20,3.0697
2026-03-17,DN,12,M&MFIN.NS,0.6954,4.2504,-11.3391,2026-03-18,0.5003,2026-03-20,-3.5804
2026-03-17,DN,13,COCHINSHIP.NS,0.6944,4.2292,-7.7987,2026-03-18,3.8467,2026-03-20,-1.3313
2026-03-17,DN,14,IDEA.NS,0.685,4.471,-7.5924,2026-03-18,2.0541,2026-03-20,0.973
2026-03-17,DN,15,MOTHERSON.NS,0.683,4.4382,-6.1421,2026-03-18,1.6835,2026-03-20,-3.6605
2026-03-17,DN,16,LAURUSLABS.NS,0.6806,4.2771,-6.6763,2026-03-18,1.5175,2026-03-20,1.9098
2026-03-17,DN,17,MARUTI.NS,0.6806,3.6463,-6.4542,2026-03-18,0.5859,2026-03-20,-2.86
2026-03-17,DN,18,VBL.NS,0.6806,3.5385,-6.9072,2026-03-18,2.1533,2026-03-20,-1.2059
2026-03-17,DN,19,MAZDOCK.NS,0.6803,4.6607,-4.8266,2026-03-18,4.0046,2026-03-20,-1.6171
2026-03-17,DN,20,CLEAN.NS,0.676,4.1601,-8.0723,2026-03-18,3.7923,2026-03-20,1.3125
2026-03-18,UP,1,JPPOWER.NS,0.9761,5.3476,9.8097,2026-03-19,11.6667,2026-03-23,-2.2
2026-03-18,UP,2,MOIL.NS,0.9582,4.8418,5.7055,2026-03-19,-0.4086,2026-03-23,-2.8605
2026-03-18,UP,3,OLECTRA.NS,0.9519,4.3417,17.2561,2026-03-19,-5.2228,2026-03-23,-3.0257
2026-03-18,UP,4,NOCIL.NS,0.9324,4.5794,12.8209,2026-03-19,-5.449,2026-03-23,8.2647
2026-03-18,UP,5,COFORGE.NS,0.8795,4.5274,2.0924,2026-03-19,-3.5071,2026-03-23,-2.7915
2026-03-18,UP,6,MANAPPURAM.NS,0.8696,4.1389,4.6512,2026-03-19,-2.1667,2026-03-23,-6.5556
2026-03-18,UP,7,ALKYLAMINE.NS,0.8585,4.2521,2.1719,2026-03-19,-4.8071,2026-03-23,-8.1994
2026-03-18,UP,8,PFC.NS,0.8406,3.8445,6.23,2026-03-19,-4.7195,2026-03-23,-7.9237
2026-03-18,UP,9,KPITTECH.NS,0.8399,4.471,0.8056,2026-03-19,-4.2644,2026-03-23,-4.2063
2026-03-18,UP,10,LTTS.NS,0.8164,5.0566,8.7041,2026-03-19,-1.589,2026-03-23,-8.6546
2026-03-18,UP,11,METROBRAND.NS,0.8147,3.6325,3.6748,2026-03-19,-4.1149,2026-03-23,-8.0668
2026-03-18,UP,12,IDEAFORGE.NS,0.8126,7.01,-0.0808,2026-03-19,-2.0451,2026-03-23,-8.1225
2026-03-18,UP,13,CERA.NS,0.8048,3.1546,7.0936,2026-03-19,-4.4881,2026-03-23,-8.0127
2026-03-18,UP,14,MRPL.NS,0.8024,7.6349,2.7445,2026-03-19,-3.7855,2026-03-23,-4.6342
2026-03-18,UP,15,PRESTIGE.NS,0.7976,3.8368,3.9245,2026-03-19,-4.0412,2026-03-23,-10.8067
2026-03-18,UP,16,KEI.NS,0.7903,4.8506,1.5969,2026-03-19,-4.0319,2026-03-23,-9.1002
2026-03-18,UP,17,INTELLECT.NS,0.7886,3.7416,2.2046,2026-03-19,-2.3417,2026-03-23,-5.9171
2026-03-18,UP,18,PNBHOUSING.NS,0.7829,3.7569,4.0116,2026-03-19,-2.4268,2026-03-23,-7.0451
2026-03-18,UP,19,MUTHOOTFIN.NS,0.778,3.5092,8.5053,2026-03-19,-3.6877,2026-03-23,-9.2456
2026-03-18,UP,20,RECLTD.NS,0.7684,3.5781,4.5038,2026-03-19,-4.2092,2026-03-23,-9.0792
2026-03-18,DN,1,IRCON.NS,0.8343,5.0856,-5.4024,2026-03-19,-4.2929,2026-03-23,-11.183
2026-03-18,DN,2,RADICO.NS,0.8232,4.2627,-6.3683,2026-03-19,-4.2698,2026-03-23,-3.8048
2026-03-18,DN,3,BLUESTARCO.NS,0.792,4.1822,-6.2593,2026-03-19,-4.7318,2026-03-23,-10.909
2026-03-18,DN,4,LT.NS,0.7879,4.2251,-6.0149,2026-03-19,-4.8061,2026-03-23,-7.3589
2026-03-18,DN,5,IOC.NS,0.7669,4.4494,-7.6947,2026-03-19,-3.7364,2026-03-23,-6.8524
2026-03-18,DN,6,DEEPAKFERT.NS,0.7626,4.5898,-5.3619,2026-03-19,-3.1429,2026-03-23,-7.5578
2026-03-18,DN,7,HINDZINC.NS,0.7505,3.6193,-8.5092,2026-03-19,-5.8501,2026-03-23,-9.2913
2026-03-18,DN,8,NATIONALUM.NS,0.7367,4.8184,-2.5393,2026-03-19,-2.7473,2026-03-23,-9.7769
2026-03-18,DN,9,VEDL.NS,0.7302,3.8975,-5.897,2026-03-19,-2.0103,2026-03-23,-4.8969
2026-03-18,DN,10,GLENMARK.NS,0.7248,3.3164,-3.8016,2026-03-19,-4.0617,2026-03-23,-4.4504
2026-03-18,DN,11,SUDARSCHEM.NS,0.7215,4.3262,-5.8664,2026-03-19,-5.6131,2026-03-23,-6.8815
2026-03-18,DN,12,AMBER.NS,0.7162,4.7789,-6.2671,2026-03-19,-2.5255,2026-03-23,-8.1898
2026-03-18,DN,13,IGL.NS,0.715,3.7637,-3.2827,2026-03-19,-2.3136,2026-03-23,-5.9429
2026-03-18,DN,14,NATCOPHARM.NS,0.713,4.404,-5.7324,2026-03-19,-2.0722,2026-03-23,-3.1684
2026-03-18,DN,15,CRAFTSMAN.NS,0.7092,4.4864,-5.9791,2026-03-19,-0.4719,2026-03-23,-4.951
2026-03-18,DN,16,SOLARINDS.NS,0.7029,4.0884,-5.6218,2026-03-19,-3.9419,2026-03-23,-9.2634
2026-03-18,DN,17,COCHINSHIP.NS,0.6935,4.2071,-3.3409,2026-03-19,-3.5767,2026-03-23,-10.1069
2026-03-18,DN,18,FINPIPE.NS,0.6911,3.9243,-4.2446,2026-03-19,-1.5827,2026-03-23,-5.2777
2026-03-18,DN,19,BPCL.NS,0.6889,4.4875,-6.5682,2026-03-19,-5.8281,2026-03-23,-10.6684
2026-03-18,DN,20,DATAPATTNS.NS,0.6874,5.978,-2.4001,2026-03-19,-1.381,2026-03-23,-6.9473
2026-03-19,UP,1,JPPOWER.NS,0.9938,5.8593,18.2075,2026-03-20,-2.3284,2026-03-24,-10.9851
2026-03-19,UP,2,MOIL.NS,0.9667,5.1242,7.5382,2026-03-20,-0.2906,2026-03-24,-0.9574
2026-03-19,UP,3,OLECTRA.NS,0.9635,4.8097,10.7386,2026-03-20,9.6523,2026-03-24,6.9494
2026-03-19,UP,4,NOCIL.NS,0.886,5.1117,7.7734,2026-03-20,2.8065,2026-03-24,16.3679
2026-03-19,UP,5,MANAPPURAM.NS,0.882,4.1697,3.3653,2026-03-20,-1.855,2026-03-24,-4.3536
2026-03-19,UP,6,TVSMOTOR.NS,0.8355,4.1413,0.9233,2026-03-20,0.2316,2026-03-24,0.7382
2026-03-19,UP,7,MUTHOOTFIN.NS,0.8064,3.7613,1.9235,2026-03-20,0.2873,2026-03-24,-4.5729
2026-03-19,UP,8,KPITTECH.NS,0.7887,4.8018,-1.8399,2026-03-20,0.3111,2026-03-24,0.9258
2026-03-19,UP,9,M&M.NS,0.7855,4.1135,0.4685,2026-03-20,0.6797,2026-03-24,-0.463
2026-03-19,UP,10,LTTS.NS,0.7818,5.1695,5.8795,2026-03-20,-2.5472,2026-03-24,-4.8287
2026-03-19,UP,11,CERA.NS,0.7761,3.5535,1.9409,2026-03-20,-0.1009,2026-03-24,-1.2126
2026-03-19,UP,12,PRESTIGE.NS,0.767,4.1685,1.2214,2026-03-20,-1.5615,2026-03-24,-5.2445
2026-03-19,UP,13,ALKYLAMINE.NS,0.7626,4.7202,-1.4493,2026-03-20,0.5291,2026-03-24,10.0763
2026-03-19,UP,14,OIL.NS,0.7584,4.2239,-0.4694,2026-03-20,-0.3249,2026-03-24,0.1887
2026-03-19,UP,15,PNBHOUSING.NS,0.7522,3.7828,1.0126,2026-03-20,0.4885,2026-03-24,-0.736
2026-03-19,UP,16,SHYAMMETL.NS,0.7505,3.6573,0.7823,2026-03-20,1.1961,2026-03-24,0.1845
2026-03-19,UP,17,KEI.NS,0.7498,5.1884,-2.7021,2026-03-20,-0.5934,2026-03-24,-2.065
2026-03-19,UP,18,POLICYBZR.NS,0.7438,3.565,1.7775,2026-03-20,0.5643,2026-03-24,-1.8338
2026-03-19,UP,19,ROUTE.NS,0.7333,4.118,0.2206,2026-03-20,-1.8868,2026-03-24,-3.5115
2026-03-19,UP,20,VINATIORGA.NS,0.7229,3.14,1.5084,2026-03-20,-1.4433,2026-03-24,-2.4884
2026-03-19,DN,1,PETRONET.NS,0.848,5.3285,-8.7125,2026-03-20,-4.8735,2026-03-24,-10.6886
2026-03-19,DN,2,IRCON.NS,0.8473,5.4236,-9.059,2026-03-20,-0.4026,2026-03-24,-4.4774
2026-03-19,DN,3,BLUESTARCO.NS,0.8315,4.5882,-11.2618,2026-03-20,-1.4364,2026-03-24,-3.8996
2026-03-19,DN,4,RADICO.NS,0.8234,4.6599,-9.2213,2026-03-20,2.5636,2026-03-24,1.6692
2026-03-19,DN,5,HINDZINC.NS,0.8116,4.149,-13.1818,2026-03-20,1.6991,2026-03-24,-1.7979
2026-03-19,DN,6,SHRIRAMFIN.NS,0.8054,5.0394,-7.9384,2026-03-20,-1.1792,2026-03-24,-4.8642
2026-03-19,DN,7,NATIONALUM.NS,0.7882,5.1288,-7.8578,2026-03-20,-2.2546,2026-03-24,-5.9284
2026-03-19,DN,8,IOC.NS,0.7847,4.7147,-10.8829,2026-03-20,1.3102,2026-03-24,-2.8235
2026-03-19,DN,9,SUDARSCHEM.NS,0.7833,4.9271,-9.7445,2026-03-20,5.5054,2026-03-24,0.7531
2026-03-19,DN,10,BPCL.NS,0.7687,5.0362,-12.364,2026-03-20,0.6294,2026-03-24,-1.3112
2026-03-19,DN,11,DEEPAKFERT.NS,0.7446,4.822,-6.5982,2026-03-20,-0.5691,2026-03-24,0.7989
2026-03-19,DN,12,RVNL.NS,0.7443,5.1717,-6.1695,2026-03-20,0.8386,2026-03-24,-1.4866
2026-03-19,DN,13,JINDALSTEL.NS,0.7291,3.9144,-7.0939,2026-03-20,4.2527,2026-03-24,-1.5377
2026-03-19,DN,14,MOTHERSON.NS,0.7227,4.8974,-7.0067,2026-03-20,-0.1432,2026-03-24,-0.5548
2026-03-19,DN,15,FINPIPE.NS,0.7155,4.2061,-7.2115,2026-03-20,-0.0572,2026-03-24,-8.1783
2026-03-19,DN,16,SOLARINDS.NS,0.7131,4.3403,-9.4045,2026-03-20,-1.7099,2026-03-24,-4.5976
2026-03-19,DN,17,AJANTPHARM.NS,0.7039,3.9746,-5.6291,2026-03-20,-1.3316,2026-03-24,-2.7413
2026-03-19,DN,18,VEDL.NS,0.7037,4.1401,-7.5389,2026-03-20,1.0295,2026-03-24,-2.0666
2026-03-19,DN,19,WELCORP.NS,0.7034,4.2484,-5.8336,2026-03-20,1.1132,2026-03-24,0.9057
2026-03-19,DN,20,RAILTEL.NS,0.7027,4.75,-5.7994,2026-03-20,0.3882,2026-03-24,-3.1244
2026-03-20,UP,1,JPPOWER.NS,0.9823,5.9335,17.6978,2026-03-23,-10.3301,2026-03-25,-6.6626
2026-03-20,UP,2,OLECTRA.NS,0.9803,5.1023,24.6408,2026-03-23,-6.6885,2026-03-25,-3.0891
2026-03-20,UP,3,CENTUM.NS,0.967,5.916,11.7561,2026-03-23,-8.1465,2026-03-25,-5.2815
2026-03-20,UP,4,MOIL.NS,0.8463,5.3351,12.0892,2026-03-23,-2.1776,2026-03-25,-0.823
2026-03-20,UP,5,TATASTEEL.NS,0.8143,3.9825,7.2258,2026-03-23,-4.8788,2026-03-25,-0.061
2026-03-20,UP,6,JSWSTEEL.NS,0.7975,3.5494,4.4939,2026-03-23,-5.13,2026-03-25,-1.1628
2026-03-20,UP,7,M&M.NS,0.7946,3.9841,4.6058,2026-03-23,-3.5974,2026-03-25,2.0221
2026-03-20,UP,8,SAIL.NS,0.7941,4.5511,3.7561,2026-03-23,-8.0247,2026-03-25,-2.4498
2026-03-20,UP,9,NOCIL.NS,0.7933,4.9121,6.5739,2026-03-23,11.3782,2026-03-25,11.2114
2026-03-20,UP,10,JINDALSTEL.NS,0.78,3.9353,3.7785,2026-03-23,-6.7678,2026-03-25,-3.6662
2026-03-20,UP,11,ALKYLAMINE.NS,0.7702,4.6937,1.0638,2026-03-23,-4.0712,2026-03-25,6.6796
2026-03-20,UP,12,MIDHANI.NS,0.7628,5.1006,0.767,2026-03-23,-6.803,2026-03-25,-3.3777
2026-03-20,UP,13,IDEA.NS,0.7507,4.5809,0.7551,2026-03-23,-6.8522,2026-03-25,-3.212
2026-03-20,UP,14,AMBER.NS,0.7443,5.0272,3.2346,2026-03-23,-5.4925,2026-03-25,1.3825
2026-03-20,UP,15,GRANULES.NS,0.7441,3.4617,5.1138,2026-03-23,-1.8276,2026-03-25,6.4472
2026-03-20,UP,16,GODREJAGRO.NS,0.7369,3.9313,3.4362,2026-03-23,-6.1172,2026-03-25,-4.7664
2026-03-20,UP,17,PFC.NS,0.7291,4.3556,1.7875,2026-03-23,-3.5969,2026-03-25,-2.2769
2026-03-20,UP,18,PNBHOUSING.NS,0.7259,3.6955,3.6654,2026-03-23,-5.1964,2026-03-25,1.3828
2026-03-20,UP,19,CRAFTSMAN.NS,0.7232,4.3511,3.5661,2026-03-23,-5.2879,2026-03-25,1.9821
2026-03-20,UP,20,TVSMOTOR.NS,0.7217,4.0693,4.142,2026-03-23,-1.4355,2026-03-25,2.3396
2026-03-20,DN,1,PETRONET.NS,0.8835,5.7997,-10.007,2026-03-23,-7.6072,2026-03-25,-3.0274
2026-03-20,DN,2,SHRIRAMFIN.NS,0.851,5.2008,-6.4767,2026-03-23,-6.4884,2026-03-25,1.8538
2026-03-20,DN,3,BPCL.NS,0.8138,5.0655,-9.8653,2026-03-23,-5.7331,2026-03-25,-1.1293
2026-03-20,DN,4,IOC.NS,0.8052,4.7629,-7.6274,2026-03-23,-4.4882,2026-03-25,-2.8216
2026-03-20,DN,5,RADICO.NS,0.7985,4.6672,-4.9855,2026-03-23,-2.0259,2026-03-25,3.2513
2026-03-20,DN,6,BLUESTARCO.NS,0.7837,4.7248,-6.7969,2026-03-23,-5.1212,2026-03-25,2.107
2026-03-20,DN,7,NATIONALUM.NS,0.7628,5.502,-4.8664,2026-03-23,-5.0882,2026-03-25,-0.3256
2026-03-20,DN,8,MGL.NS,0.7554,4.95,-6.5604,2026-03-23,-6.0697,2026-03-25,-2.8953
2026-03-20,DN,9,GNFC.NS,0.7537,4.05,-4.482,2026-03-23,-5.7978,2026-03-25,-2.0513
2026-03-20,DN,10,HINDZINC.NS,0.749,4.1317,-6.7397,2026-03-23,-5.2647,2026-03-25,0.5731
2026-03-20,DN,11,AJANTPHARM.NS,0.7337,4.1903,-4.1543,2026-03-23,-3.7147,2026-03-25,-0.8538
2026-03-20,DN,12,FINPIPE.NS,0.7333,4.161,-5.3085,2026-03-23,-3.6992,2026-03-25,-6.9633
2026-03-20,DN,13,SOLARINDS.NS,0.7204,4.5362,-9.2415,2026-03-23,-3.8967,2026-03-25,-0.3402
2026-03-20,DN,14,SUDARSCHEM.NS,0.7175,5.0507,-2.3612,2026-03-23,-6.4919,2026-03-25,-2.9844
2026-03-20,DN,15,VOLTAS.NS,0.7175,4.2625,-6.3428,2026-03-23,-5.5342,2026-03-25,3.3447
2026-03-20,DN,16,DEEPAKFERT.NS,0.7131,4.839,-3.7094,2026-03-23,-4.0119,2026-03-25,9.9609
2026-03-20,DN,17,NCC.NS,0.7123,4.2098,-2.5575,2026-03-23,-5.9037,2026-03-25,-0.2845
2026-03-20,DN,18,RAJESHEXPO.NS,0.7108,6.6953,-14.583,2026-03-23,-4.9995,2026-03-25,-5.2654
2026-03-20,DN,19,CESC.NS,0.7074,4.1789,-4.3761,2026-03-23,-2.645,2026-03-25,-0.3143
2026-03-20,DN,20,PGHH.NS,0.7074,3.1663,-7.7457,2026-03-23,-2.5858,2026-03-25,-0.546
2026-03-23,UP,1,NOCIL.NS,0.9648,5.0558,17.5082,2026-03-24,1.6278,2026-03-27,-1.5904
2026-03-23,UP,2,JPPOWER.NS,0.9631,7.0796,8.6667,2026-03-24,1.636,2026-03-27,0.409
2026-03-23,UP,3,OLECTRA.NS,0.931,5.7199,14.1011,2026-03-24,4.5264,2026-03-27,0.1709
2026-03-23,UP,4,MOIL.NS,0.7998,5.4902,14.997,2026-03-24,1.5425,2026-03-27,-3.4531
2026-03-23,UP,5,KPITTECH.NS,0.7793,4.404,4.3279,2026-03-24,0.8646,2026-03-27,0.1138
2026-03-23,UP,6,CENTUM.NS,0.7734,6.5367,1.4791,2026-03-24,3.1774,2026-03-27,2.1826
2026-03-23,UP,7,MANAPPURAM.NS,0.7727,4.258,0.4379,2026-03-24,0.1387,2026-03-27,0.654
2026-03-23,UP,8,COFORGE.NS,0.7712,4.51,1.8323,2026-03-24,0.8815,2026-03-27,4.0258
2026-03-23,UP,9,SHYAMMETL.NS,0.7599,3.5136,2.1472,2026-03-24,1.2278,2026-03-27,-0.9707
2026-03-23,UP,10,TATASTEEL.NS,0.7564,4.2028,0.123,2026-03-24,1.9341,2026-03-27,3.2324
2026-03-23,UP,11,DATAPATTNS.NS,0.7436,6.2511,-0.7526,2026-03-24,5.3798,2026-03-27,2.6167
2026-03-23,UP,12,PERSISTENT.NS,0.7411,3.7951,1.8475,2026-03-24,4.0047,2026-03-27,3.7104
2026-03-23,UP,13,TATACOMM.NS,0.7328,3.9681,-2.0538,2026-03-24,1.757,2026-03-27,1.1063
2026-03-23,UP,14,SAIL.NS,0.7323,5.1404,-1.1404,2026-03-24,1.8806,2026-03-27,2.3979
2026-03-23,UP,15,TECHM.NS,0.7209,2.917,3.3221,2026-03-24,3.5188,2026-03-27,0.5491
2026-03-23,UP,16,ALKYLAMINE.NS,0.7204,4.8047,-1.5881,2026-03-24,14.1439,2026-03-27,4.2843
2026-03-23,UP,17,LT.NS,0.7096,4.6284,-3.6606,2026-03-24,5.2178,2026-03-27,6.633
2026-03-23,UP,18,HCLTECH.NS,0.7091,2.725,2.258,2026-03-24,1.082,2026-03-27,0.4269
2026-03-23,UP,19,MIDHANI.NS,0.7084,5.4279,-3.9706,2026-03-24,2.229,2026-03-27,-2.3141
2026-03-23,UP,20,JINDALSTEL.NS,0.6998,4.5006,-2.3654,2026-03-24,1.3018,2026-03-27,2.2781
2026-03-23,DN,1,PETRONET.NS,0.8941,6.4392,-15.9873,2026-03-24,1.6173,2026-03-27,3.4237
2026-03-23,DN,2,SHRIRAMFIN.NS,0.8712,5.7813,-11.5222,2026-03-24,2.9509,2026-03-27,2.9737
2026-03-23,DN,3,GNFC.NS,0.8027,4.4688,-8.1997,2026-03-24,1.995,2026-03-27,0.5346
2026-03-23,DN,4,BLUESTARCO.NS,0.8025,5.1041,-10.1436,2026-03-24,2.7636,2026-03-27,3.3372
2026-03-23,DN,5,HDFCBANK.NS,0.7897,3.5793,-11.4739,2026-03-24,2.7884,2026-03-27,1.6193
2026-03-23,DN,6,BPCL.NS,0.7855,5.3604,-11.0346,2026-03-24,4.0361,2026-03-27,4.202
2026-03-23,DN,7,RADICO.NS,0.7756,4.6503,-7.8093,2026-03-24,1.1778,2026-03-27,1.289
2026-03-23,DN,8,VOLTAS.NS,0.7692,4.643,-11.0353,2026-03-24,4.0681,2026-03-27,5.7065
2026-03-23,DN,9,MGL.NS,0.7601,5.4672,-10.0772,2026-03-24,1.5412,2026-03-27,3.5007
2026-03-23,DN,10,GAIL.NS,0.753,4.6123,-7.2984,2026-03-24,1.6765,2026-03-27,1.322
2026-03-23,DN,11,NCC.NS,0.7362,4.5814,-6.7329,2026-03-24,2.9254,2026-03-27,3.5377
2026-03-23,DN,12,HFCL.NS,0.7333,5.2629,-6.7069,2026-03-24,4.6473,2026-03-27,6.422
2026-03-23,DN,13,MUTHOOTFIN.NS,0.7229,4.1975,-7.3014,2026-03-24,1.271,2026-03-27,4.975
2026-03-23,DN,14,RAJESHEXPO.NS,0.7133,6.8485,-14.9914,2026-03-24,-4.9938,2026-03-27,-5.2626
2026-03-23,DN,15,BDL.NS,0.7086,4.935,-9.7741,2026-03-24,1.3466,2026-03-27,-1.8645
2026-03-23,DN,16,HINDZINC.NS,0.7012,4.5041,-8.6541,2026-03-24,1.9276,2026-03-27,4.5217
2026-03-23,DN,17,HINDALCO.NS,0.6869,4.3588,-8.7825,2026-03-24,1.7138,2026-03-27,3.1479
2026-03-23,DN,18,DABUR.NS,0.6835,3.1876,-9.0444,2026-03-24,0.9704,2026-03-27,0.5391
2026-03-23,DN,19,RVNL.NS,0.682,5.2961,-6.168,2026-03-24,3.2767,2026-03-27,5.5145
2026-03-23,DN,20,MOTHERSON.NS,0.6805,4.9931,-5.9389,2026-03-24,4.2593,2026-03-27,2.6175
2026-03-24,UP,1,OLECTRA.NS,0.9875,5.8032,18.4605,2026-03-25,-0.64,2026-03-30,-9.7258
2026-03-24,UP,2,ALKYLAMINE.NS,0.9701,5.154,10.6099,2026-03-25,-2.573,2026-03-30,-12.9427
2026-03-24,UP,3,NOCIL.NS,0.9581,5.6814,12.155,2026-03-25,-1.749,2026-03-30,-5.7318
2026-03-24,UP,4,DEEPAKFERT.NS,0.8716,4.5604,1.2699,2026-03-25,8.4686,2026-03-30,-1.3083
2026-03-24,UP,5,CENTUM.NS,0.8316,6.4774,3.2075,2026-03-25,-0.0565,2026-03-30,-2.3803
2026-03-24,UP,6,JPPOWER.NS,0.8248,6.8794,6.6524,2026-03-25,2.4145,2026-03-30,-5.835
2026-03-24,UP,7,PERSISTENT.NS,0.7949,3.7012,8.4846,2026-03-25,0.3073,2026-03-30,-0.7428
2026-03-24,UP,8,GRANULES.NS,0.7939,3.567,6.0052,2026-03-25,3.7437,2026-03-30,2.3171
2026-03-24,UP,9,JYOTHYLAB.NS,0.7801,3.7719,-0.2846,2026-03-25,2.0219,2026-03-30,-6.1608
2026-03-24,UP,10,TIINDIA.NS,0.7723,3.971,3.7441,2026-03-25,4.4304,2026-03-30,-1.9972
2026-03-24,UP,11,COFORGE.NS,0.7654,4.5028,3.3709,2026-03-25,4.7743,2026-03-30,0.4144
2026-03-24,UP,12,POLYCAB.NS,0.7627,4.3806,-1.4233,2026-03-25,1.1395,2026-03-30,-3.1283
2026-03-24,UP,13,LT.NS,0.7586,4.1917,-0.7339,2026-03-25,3.7676,2026-03-30,-0.3611
2026-03-24,UP,14,MAPMYINDIA.NS,0.7583,4.7759,0.023,2026-03-25,2.5783,2026-03-30,-7.7924
2026-03-24,UP,15,MPHASIS.NS,0.7446,3.5981,2.0587,2026-03-25,0.7228,2026-03-30,-3.014
2026-03-24,UP,16,LAURUSLABS.NS,0.7422,4.0478,2.4672,2026-03-25,3.113,2026-03-30,0.0101
2026-03-24,UP,17,TECHM.NS,0.7422,2.8877,6.7745,2026-03-25,-1.6891,2026-03-30,-3.3992
2026-03-24,UP,18,CLEAN.NS,0.7338,4.0872,1.733,2026-03-25,-0.0428,2026-03-30,-6.4291
2026-03-24,UP,19,MASTEK.NS,0.7287,4.7381,-1.938,2026-03-25,1.264,2026-03-30,-6.2709
2026-03-24,UP,20,SRF.NS,0.7277,3.9191,-1.0568,2026-03-25,3.9044,2026-03-30,-1.3594
2026-03-24,DN,1,SHRIRAMFIN.NS,0.84,5.5295,-10.0538,2026-03-25,5.799,2026-03-30,-3.4861
2026-03-24,DN,2,PETRONET.NS,0.8152,5.4908,-15.9194,2026-03-25,3.2865,2026-03-30,2.7077
2026-03-24,DN,3,NATIONALUM.NS,0.8086,5.5014,-10.2493,2026-03-25,3.5669,2026-03-30,8.8679
2026-03-24,DN,4,BLUESTARCO.NS,0.798,4.9137,-8.23,2026-03-25,4.7242,2026-03-30,-3.3135
2026-03-24,DN,5,FINPIPE.NS,0.7855,4.6969,-8.8823,2026-03-25,1.2653,2026-03-30,-6.5383
2026-03-24,DN,6,HDFCBANK.NS,0.7782,3.4561,-9.5168,2026-03-25,2.2748,2026-03-30,-4.36
2026-03-24,DN,7,GRSE.NS,0.7635,5.3914,-8.5625,2026-03-25,1.0209,2026-03-30,-8.4548
2026-03-24,DN,8,RAJESHEXPO.NS,0.7559,7.0006,-17.6613,2026-03-25,4.9617,2026-03-30,-5.2681
2026-03-24,DN,9,PFC.NS,0.7527,4.6932,-4.6167,2026-03-25,1.1787,2026-03-30,-4.8276
2026-03-24,DN,10,BDL.NS,0.7522,4.8974,-9.4618,2026-03-25,0.6899,2026-03-30,-6.6008
2026-03-24,DN,11,HINDZINC.NS,0.752,4.2055,-9.0235,2026-03-25,4.1545,2026-03-30,1.0261
2026-03-24,DN,12,GAIL.NS,0.7471,4.2358,-6.7971,2026-03-25,1.1114,2026-03-30,0.0291
2026-03-24,DN,13,HINDALCO.NS,0.7446,4.2081,-8.7546,2026-03-25,1.6381,2026-03-30,3.4868
2026-03-24,DN,14,MUTHOOTFIN.NS,0.7444,4.0858,-7.7211,2026-03-25,5.2295,2026-03-30,0.1553
2026-03-24,DN,15,RECLTD.NS,0.7436,4.3441,-5.0044,2026-03-25,2.1509,2026-03-30,-4.894
2026-03-24,DN,16,VOLTAS.NS,0.7395,4.4308,-8.3286,2026-03-25,5.1225,2026-03-30,-2.2502
2026-03-24,DN,17,ONMOBILE.NS,0.7297,5.0821,-6.7841,2026-03-25,-0.9559,2026-03-30,-11.9487
2026-03-24,DN,18,MOIL.NS,0.6892,5.4253,-2.6877,2026-03-25,-0.1554,2026-03-30,-2.2096
2026-03-24,DN,19,BSE.NS,0.6848,3.7887,-5.6396,2026-03-25,3.0044,2026-03-30,-4.3622
2026-03-24,DN,20,CASTROLIND.NS,0.6838,1.5993,-6.8104,2026-03-25,2.4514,2026-03-30,-0.1496
2026-03-25,UP,1,DEEPAKFERT.NS,0.9621,4.7316,5.8989,2026-03-27,-4.8546,2026-04-01,-1.071
2026-03-25,UP,2,ALKYLAMINE.NS,0.898,5.4477,2.0887,2026-03-27,-6.2251,2026-04-01,-4.5636
2026-03-25,UP,3,NOCIL.NS,0.867,6.2555,8.1026,2026-03-27,-1.4428,2026-04-01,2.2548
2026-03-25,UP,4,RADICO.NS,0.8411,4.5639,1.3765,2026-03-27,-3.8879,2026-04-01,-2.2934
2026-03-25,UP,5,GRANULES.NS,0.8392,3.5638,7.1362,2026-03-27,-0.7472,2026-04-01,-0.151
2026-03-25,UP,6,COFORGE.NS,0.8015,4.3081,2.7473,2026-03-27,-1.582,2026-04-01,-0.791
2026-03-25,UP,7,MAPMYINDIA.NS,0.7808,4.6783,1.2382,2026-03-27,-5.3411,2026-04-01,-3.1026
2026-03-25,UP,8,UNIONBANK.NS,0.7675,4.1335,1.3546,2026-03-27,-2.6841,2026-04-01,-4.8137
2026-03-25,UP,9,WELCORP.NS,0.7635,4.0666,1.7041,2026-03-27,-2.1782,2026-04-01,-0.9275
2026-03-25,UP,10,AMBER.NS,0.7591,5.0561,-1.5109,2026-03-27,-2.1419,2026-04-01,-2.4754
2026-03-25,UP,11,LT.NS,0.7574,3.9473,1.1475,2026-03-27,-2.3347,2026-04-01,-1.1454
2026-03-25,UP,12,BAJFINANCE.NS,0.7567,3.8221,0.3011,2026-03-27,-4.4123,2026-04-01,-7.4143
2026-03-25,UP,13,KALYANKJIL.NS,0.75,3.6412,0.5775,2026-03-27,-0.8932,2026-04-01,-1.2122
2026-03-25,UP,14,LAURUSLABS.NS,0.7498,3.9905,4.0777,2026-03-27,-1.4362,2026-04-01,1.4949
2026-03-25,UP,15,SHYAMMETL.NS,0.734,3.4094,1.0425,2026-03-27,-3.0827,2026-04-01,0.2831
2026-03-25,UP,16,MPHASIS.NS,0.733,3.4195,0.3908,2026-03-27,-0.7082,2026-04-01,0.2111
2026-03-25,UP,17,AUROPHARMA.NS,0.7197,2.9646,3.0575,2026-03-27,0.4894,2026-04-01,2.6227
2026-03-25,UP,18,PERSISTENT.NS,0.7094,3.5823,4.8993,2026-03-27,-0.5884,2026-04-01,2.4408
2026-03-25,UP,19,CRAFTSMAN.NS,0.7062,4.184,2.3448,2026-03-27,-1.7733,2026-04-01,-2.9933
2026-03-25,UP,20,PAGEIND.NS,0.7057,2.6418,2.8846,2026-03-27,-2.5433,2026-04-01,-0.046
2026-03-25,DN,1,PFC.NS,0.8261,4.4819,-6.6628,2026-03-27,-1.8466,2026-04-01,-1.4252
2026-03-25,DN,2,SHRIRAMFIN.NS,0.8145,5.4132,-6.4213,2026-03-27,-5.4603,2026-04-01,-5.8002
2026-03-25,DN,3,GAIL.NS,0.7929,4.1754,-7.784,2026-03-27,-1.444,2026-04-01,1.056
2026-03-25,DN,4,BDL.NS,0.7911,4.7732,-10.453,2026-03-27,-3.8318,2026-04-01,1.8356
2026-03-25,DN,5,PETRONET.NS,0.7877,5.0973,-14.3176,2026-03-27,-1.4609,2026-04-01,3.2139
2026-03-25,DN,6,SAPPHIRE.NS,0.78,6.0037,-6.7343,2026-03-27,-0.4564,2026-04-01,-2.8882
2026-03-25,DN,7,RECLTD.NS,0.7732,4.1153,-5.8469,2026-03-27,-2.8227,2026-04-01,-1.7089
2026-03-25,DN,8,FINPIPE.NS,0.7727,4.6694,-8.4882,2026-03-27,-2.9729,2026-04-01,-2.105
2026-03-25,DN,9,ONMOBILE.NS,0.7677,5.164,-9.0565,2026-03-27,-2.1935,2026-04-01,-4.8476
2026-03-25,DN,10,HDFCBANK.NS,0.7675,3.4888,-7.206,2026-03-27,-3.3363,2026-04-01,-5.1195
2026-03-25,DN,11,PRESTIGE.NS,0.7507,4.3581,-7.0607,2026-03-27,-4.5029,2026-04-01,-6.7747
2026-03-25,DN,12,GNFC.NS,0.7323,4.2459,-5.2068,2026-03-27,-3.3108,2026-04-01,-1.8686
2026-03-25,DN,13,MAZDOCK.NS,0.731,4.8619,-8.181,2026-03-27,-4.1225,2026-04-01,2.7617
2026-03-25,DN,14,GRSE.NS,0.7239,4.9226,-9.0111,2026-03-27,-4.9885,2026-04-01,8.3739
2026-03-25,DN,15,CERA.NS,0.7131,3.7939,-5.0942,2026-03-27,-1.8569,2026-04-01,-1.288
2026-03-25,DN,16,ADANIENSOL.NS,0.6958,4.2227,-4.4661,2026-03-27,-3.4733,2026-04-01,-3.4128
2026-03-25,DN,17,LTTS.NS,0.6929,5.1853,-4.948,2026-03-27,-0.0625,2026-04-01,3.862
2026-03-25,DN,18,SYMPHONY.NS,0.686,4.3766,-8.3859,2026-03-27,-4.5333,2026-04-01,-3.1827
2026-03-25,DN,19,RAILTEL.NS,0.6852,4.7194,-4.8327,2026-03-27,-3.0878,2026-04-01,-1.8676
2026-03-25,DN,20,AJANTPHARM.NS,0.6847,4.1552,-5.7809,2026-03-27,-2.5001,2026-04-01,-2.191
2026-03-27,UP,1,DEEPAKFERT.NS,0.8646,5.2436,4.0274,2026-03-30,-4.3712,2026-04-02,4.4395
2026-03-27,UP,2,LAURUSLABS.NS,0.8597,3.9807,6.7626,2026-03-30,-1.596,2026-04-02,3.3803
2026-03-27,UP,3,RADICO.NS,0.8502,4.4299,1.781,2026-03-30,-0.4128,2026-04-02,-0.6439
2026-03-27,UP,4,UNIONBANK.NS,0.8498,4.3583,1.9284,2026-03-30,-6.4281,2026-04-02,-1.9888
2026-03-27,UP,5,OFSS.NS,0.8097,3.3319,9.0838,2026-03-30,-3.1093,2026-04-02,0.655
2026-03-27,UP,6,CENTUM.NS,0.7752,6.0,2.8799,2026-03-30,-1.4299,2026-04-02,1.1482
2026-03-27,UP,7,BPCL.NS,0.7643,4.9826,-1.1538,2026-03-30,-0.6013,2026-04-02,-1.6095
2026-03-27,UP,8,NOCIL.NS,0.7621,6.4131,12.683,2026-03-30,-2.6491,2026-04-02,4.6518
2026-03-27,UP,9,LICHSGFIN.NS,0.7619,3.401,4.6639,2026-03-30,-2.1342,2026-04-02,2.2429
2026-03-27,UP,10,ALKYLAMINE.NS,0.7607,6.1818,0.568,2026-03-30,-4.7118,2026-04-02,2.0503
2026-03-27,UP,11,KALYANKJIL.NS,0.7546,3.7852,3.9481,2026-03-30,-3.2059,2026-04-02,1.545
2026-03-27,UP,12,SUDARSCHEM.NS,0.7468,5.7048,-0.7141,2026-03-30,-2.2298,2026-04-02,-0.3204
2026-03-27,UP,13,BHARATFORG.NS,0.7422,4.2921,0.7416,2026-03-30,-2.9274,2026-04-02,-4.7823
2026-03-27,UP,14,ERIS.NS,0.7386,3.2574,4.2528,2026-03-30,-3.259,2026-04-02,-0.6563
2026-03-27,UP,15,HFCL.NS,0.7381,4.9463,0.1132,2026-03-30,-4.0984,2026-04-02,1.3567
2026-03-27,UP,16,STLTECH.NS,0.7291,7.9023,0.687,2026-03-30,-5.249,2026-04-02,-4.4592
2026-03-27,UP,17,HCLTECH.NS,0.7221,2.9647,4.0098,2026-03-30,-1.6711,2026-04-02,2.7704
2026-03-27,UP,18,COFORGE.NS,0.7218,4.416,4.7972,2026-03-30,-2.6208,2026-04-02,6.0016
2026-03-27,UP,19,ONGC.NS,0.7063,2.8906,4.7752,2026-03-30,0.9576,2026-04-02,1.862
2026-03-27,UP,20,GLENMARK.NS,0.7039,3.6835,3.4803,2026-03-30,-1.7876,2026-04-02,-3.6259
2026-03-27,DN,1,JPPOWER.NS,0.8939,7.3756,-12.0597,2026-03-30,-4.6843,2026-04-02,1.9009
2026-03-27,DN,2,MOIL.NS,0.833,5.9511,-5.8301,2026-03-30,2.8504,2026-04-02,6.4633
2026-03-27,DN,3,ONMOBILE.NS,0.8002,5.4561,-8.8698,2026-03-30,-9.1052,2026-04-02,-1.5923
2026-03-27,DN,4,FINPIPE.NS,0.7789,4.8229,-9.7808,2026-03-30,-4.8782,2026-04-02,0.9135
2026-03-27,DN,5,PRESTIGE.NS,0.7704,4.6427,-7.5079,2026-03-30,-3.9478,2026-04-02,-1.7735
2026-03-27,DN,6,ROUTE.NS,0.7621,4.8775,-7.6205,2026-03-30,-5.6848,2026-04-02,4.2097
2026-03-27,DN,7,ADANIENSOL.NS,0.742,4.4419,-4.904,2026-03-30,-2.2071,2026-04-02,-1.5063
2026-03-27,DN,8,GNFC.NS,0.7415,4.5488,-5.9756,2026-03-30,-4.9416,2026-04-02,3.4241
2026-03-27,DN,9,TORNTPOWER.NS,0.734,4.504,-6.5381,2026-03-30,-3.4386,2026-04-02,-1.4864
2026-03-27,DN,10,HDFCBANK.NS,0.7044,3.6574,-5.2618,2026-03-30,-3.2597,2026-04-02,-0.7009
2026-03-27,DN,11,PFC.NS,0.7029,4.3822,-3.8485,2026-03-30,-4.1667,2026-04-02,1.5783
2026-03-27,DN,12,SYMPHONY.NS,0.7022,4.7776,-8.8017,2026-03-30,-3.5859,2026-04-02,2.0171
2026-03-27,DN,13,RATNAMANI.NS,0.7005,4.9016,-5.7823,2026-03-30,-0.4206,2026-04-02,1.9945
2026-03-27,DN,14,PETRONET.NS,0.6968,5.1628,-9.101,2026-03-30,0.9139,2026-04-02,3.4484
2026-03-27,DN,15,RECLTD.NS,0.6934,4.1866,-4.4841,2026-03-30,-4.1922,2026-04-02,1.994
2026-03-27,DN,16,BDL.NS,0.6913,4.8,-9.612,2026-03-30,-3.5447,2026-04-02,4.2836
2026-03-27,DN,17,CASTROLIND.NS,0.6903,1.7608,-6.249,2026-03-30,-0.891,2026-04-02,1.6221
2026-03-27,DN,18,GRSE.NS,0.6845,5.0087,-9.905,2026-03-30,-4.6219,2026-04-02,9.036
2026-03-27,DN,19,SAIL.NS,0.683,4.7309,-3.9856,2026-03-30,3.3795,2026-04-02,5.933
2026-03-27,DN,20,IDEAFORGE.NS,0.6828,6.0916,-9.1177,2026-03-30,-3.5042,2026-04-02,2.8423
2026-03-30,UP,1,NATIONALUM.NS,0.9179,4.8183,4.7761,2026-04-01,3.4577,2026-04-06,5.6333
2026-03-30,UP,2,HINDALCO.NS,0.8108,3.7497,1.1667,2026-04-01,2.2783,2026-04-06,4.8618
2026-03-30,UP,3,WELCORP.NS,0.8044,4.2152,1.101,2026-04-01,1.858,2026-04-06,6.14
2026-03-30,UP,4,DEEPAKFERT.NS,0.774,5.3571,0.0495,2026-04-01,8.7294,2026-04-06,8.2013
2026-03-30,UP,5,ERIS.NS,0.7733,3.3897,0.9573,2026-04-01,1.0022,2026-04-06,2.4746
2026-03-30,UP,6,COROMANDEL.NS,0.7696,4.5596,-0.0628,2026-04-01,0.466,2026-04-06,-0.9216
2026-03-30,UP,7,NOCIL.NS,0.762,6.6439,6.7033,2026-04-01,6.5751,2026-04-06,5.7744
2026-03-30,UP,8,ATUL.NS,0.7458,3.607,1.9776,2026-04-01,1.0678,2026-04-06,-3.4467
2026-03-30,UP,9,PERSISTENT.NS,0.7458,3.372,3.4028,2026-04-01,3.5246,2026-04-06,8.8616
2026-03-30,UP,10,LICHSGFIN.NS,0.7407,3.4276,1.8719,2026-04-01,4.0989,2026-04-06,4.5028
2026-03-30,UP,11,NATCOPHARM.NS,0.7336,4.1382,1.5638,2026-04-01,2.8434,2026-04-06,5.5789
2026-03-30,UP,12,OFSS.NS,0.7213,3.5486,2.2948,2026-04-01,2.2582,2026-04-06,4.249
2026-03-30,UP,13,SAIL.NS,0.7211,4.6446,-2.6363,2026-04-01,2.9058,2026-04-06,5.9569
2026-03-30,UP,14,BASF.NS,0.7159,4.1189,-2.9829,2026-04-01,1.8143,2026-04-06,2.4211
2026-03-30,UP,15,BAJFINANCE.NS,0.7118,4.4708,-3.4917,2026-04-01,1.9649,2026-04-06,6.1506
2026-03-30,UP,16,COFORGE.NS,0.7096,4.3862,2.3318,2026-04-01,3.5166,2026-04-06,9.4644
2026-03-30,UP,17,ONGC.NS,0.7076,2.4868,7.2532,2026-04-01,1.1944,2026-04-06,-0.9837
2026-03-30,UP,18,SRF.NS,0.7054,4.1041,-0.6722,2026-04-01,4.8072,2026-04-06,-0.1723
2026-03-30,UP,19,GRANULES.NS,0.702,3.3987,4.9835,2026-04-01,1.2411,2026-04-06,3.804
2026-03-30,UP,20,CRAFTSMAN.NS,0.698,4.3608,0.9404,2026-04-01,-1.9923,2026-04-06,-2.8021
2026-03-30,DN,1,JPPOWER.NS,0.8895,7.8755,-14.1809,2026-04-01,6.4103,2026-04-06,7.8348
2026-03-30,DN,2,OLECTRA.NS,0.8865,6.9288,-11.951,2026-04-01,6.1682,2026-04-06,6.8202
2026-03-30,DN,3,ONMOBILE.NS,0.8471,6.3286,-17.7557,2026-04-01,7.0318,2026-04-06,3.701
2026-03-30,DN,4,MAPMYINDIA.NS,0.8446,5.702,-12.515,2026-04-01,7.7955,2026-04-06,9.8053
2026-03-30,DN,5,ROUTE.NS,0.8348,5.3752,-11.1966,2026-04-01,8.59,2026-04-06,11.6458
2026-03-30,DN,6,CANBK.NS,0.7924,4.277,-9.5207,2026-04-01,3.1187,2026-04-06,5.7189
2026-03-30,DN,7,BANKBARODA.NS,0.786,3.9926,-11.5556,2026-04-01,1.7892,2026-04-06,4.9111
2026-03-30,DN,8,FINPIPE.NS,0.7797,5.2003,-14.1327,2026-04-01,6.0687,2026-04-06,6.4955
2026-03-30,DN,9,UNIONBANK.NS,0.7659,4.625,-7.5607,2026-04-01,4.5311,2026-04-06,6.0414
2026-03-30,DN,10,MIDHANI.NS,0.7581,6.0072,-14.2245,2026-04-01,6.8959,2026-04-06,13.2557
2026-03-30,DN,11,PRESTIGE.NS,0.7578,4.8545,-9.75,2026-04-01,1.6334,2026-04-06,5.0333
2026-03-30,DN,12,PFC.NS,0.7569,4.7468,-8.078,2026-04-01,4.7958,2026-04-06,6.9565
2026-03-30,DN,13,INDUSINDBK.NS,0.7498,4.2746,-8.0809,2026-04-01,4.4123,2026-04-06,4.4853
2026-03-30,DN,14,PNB.NS,0.7483,4.026,-9.8359,2026-04-01,3.4208,2026-04-06,5.9069
2026-03-30,DN,15,ADANIENSOL.NS,0.7319,4.4879,-7.4265,2026-04-01,2.3211,2026-04-06,6.0381
2026-03-30,DN,16,SUDARSCHEM.NS,0.7311,5.8387,-7.9934,2026-04-01,4.1132,2026-04-06,1.8125
2026-03-30,DN,17,SJVN.NS,0.7287,4.3049,-9.6033,2026-04-01,6.1721,2026-04-06,6.8508
2026-03-30,DN,18,GRSE.NS,0.7223,5.6175,-13.504,2026-04-01,19.5914,2026-04-06,14.5326
2026-03-30,DN,19,ASHOKLEY.NS,0.7152,4.9518,-8.7394,2026-04-01,-3.257,2026-04-06,-2.0891
2026-03-30,DN,20,IDEA.NS,0.713,4.7814,-8.6724,2026-04-01,1.2896,2026-04-06,2.6964
2026-04-01,UP,1,GRSE.NS,0.9741,5.6224,10.4438,2026-04-02,-4.4081,2026-04-07,-2.2888
2026-04-01,UP,2,DEEPAKFERT.NS,0.9241,5.1666,13.3299,2026-04-02,0.4452,2026-04-07,-0.3642
2026-04-01,UP,3,MASTEK.NS,0.8863,4.9194,5.8368,2026-04-02,3.0752,2026-04-07,4.5855
2026-04-01,UP,4,BEML.NS,0.8837,5.0679,5.5536,2026-04-02,0.386,2026-04-07,2.9049
2026-04-01,UP,5,COCHINSHIP.NS,0.8837,5.2128,5.468,2026-04-02,-1.8004,2026-04-07,0.7022
2026-04-01,UP,6,SAIL.NS,0.881,4.5822,8.9346,2026-04-02,-0.4236,2026-04-07,3.0805
2026-04-01,UP,7,NATIONALUM.NS,0.8527,4.7896,14.2102,2026-04-02,0.5883,2026-04-07,3.0792
2026-04-01,UP,8,MAZDOCK.NS,0.8524,4.7882,5.0528,2026-04-02,-2.3121,2026-04-07,0.4271
2026-04-01,UP,9,HFCL.NS,0.849,5.1726,8.9938,2026-04-02,-1.0349,2026-04-07,0.2346
2026-04-01,UP,10,PETRONET.NS,0.8317,4.8528,8.3302,2026-04-02,-1.237,2026-04-07,-1.0858
2026-04-01,UP,11,BDL.NS,0.8234,4.8592,3.9189,2026-04-02,-1.5201,2026-04-07,2.658
2026-04-01,UP,12,IRCON.NS,0.8217,5.09,8.8164,2026-04-02,-0.3509,2026-04-07,0.2632
2026-04-01,UP,13,RAILTEL.NS,0.8051,4.8931,4.1374,2026-04-02,-0.0872,2026-04-07,1.9221
2026-04-01,UP,14,CRAFTSMAN.NS,0.7844,4.6505,4.4528,2026-04-02,-0.7166,2026-04-07,-1.3674
2026-04-01,UP,15,PARAS.NS,0.7824,5.1307,9.2713,2026-04-02,-0.5088,2026-04-07,0.2974
2026-04-01,UP,16,HINDZINC.NS,0.7788,4.2834,7.5464,2026-04-02,-1.6589,2026-04-07,2.7267
2026-04-01,UP,17,HINDALCO.NS,0.759,3.7582,7.6584,2026-04-02,1.2879,2026-04-07,5.5163
2026-04-01,UP,18,LAURUSLABS.NS,0.7537,3.8224,8.0508,2026-04-02,0.3947,2026-04-07,1.7953
2026-04-01,UP,19,LTTS.NS,0.7529,5.1064,8.0765,2026-04-02,0.707,2026-04-07,0.5445
2026-04-01,UP,20,SRF.NS,0.7473,4.1864,6.8451,2026-04-02,-5.4438,2026-04-07,-6.2304
2026-04-01,DN,1,ONMOBILE.NS,0.8402,6.2702,-6.6695,2026-04-02,1.1526,2026-04-07,-2.9737
2026-04-01,DN,2,JINDALPOLY.NS,0.8249,7.6502,-19.1115,2026-04-02,4.9959,2026-04-07,15.749
2026-04-01,DN,3,OLECTRA.NS,0.8008,6.6715,0.1807,2026-04-02,-0.5605,2026-04-07,0.0195
2026-04-01,DN,4,BANKBARODA.NS,0.7661,3.938,-5.2162,2026-04-02,-0.98,2026-04-07,2.4084
2026-04-01,DN,5,NOCIL.NS,0.7641,6.5573,2.1018,2026-04-02,0.8674,2026-04-07,-1.5149
2026-04-01,DN,6,CANBK.NS,0.7593,4.2661,-1.7444,2026-04-02,-0.2042,2026-04-07,1.7361
2026-04-01,DN,7,ASHOKLEY.NS,0.7539,5.4361,-7.9454,2026-04-02,-0.4493,2026-04-07,2.5619
2026-04-01,DN,8,JPPOWER.NS,0.7498,7.7166,1.8405,2026-04-02,0.4685,2026-04-07,1.7403
2026-04-01,DN,9,FINPIPE.NS,0.7439,5.0191,-5.4231,2026-04-02,0.0189,2026-04-07,-0.0692
2026-04-01,DN,10,PRESTIGE.NS,0.7437,4.7889,-2.8593,2026-04-02,0.6201,2026-04-07,6.7429
2026-04-01,DN,11,MAPMYINDIA.NS,0.7073,5.6767,0.2962,2026-04-02,1.407,2026-04-07,2.3276
2026-04-01,DN,12,DLF.NS,0.7061,4.079,-0.9713,2026-04-02,2.4522,2026-04-07,4.7769
2026-04-01,DN,13,HAVELLS.NS,0.7017,3.9054,-3.6637,2026-04-02,-0.4469,2026-04-07,4.0644
2026-04-01,DN,14,MIDHANI.NS,0.7017,5.9878,-1.6165,2026-04-02,1.1934,2026-04-07,7.4023
2026-04-01,DN,15,PNB.NS,0.6973,4.0515,-1.4685,2026-04-02,0.4615,2026-04-07,0.5577
2026-04-01,DN,16,SBIN.NS,0.6924,3.5195,-1.3664,2026-04-02,0.059,2026-04-07,1.238
2026-04-01,DN,17,MOIL.NS,0.6649,5.7199,3.2954,2026-04-02,-0.4921,2026-04-07,1.2218
2026-04-01,DN,18,COLPAL.NS,0.6561,3.3216,-1.5953,2026-04-02,0.5386,2026-04-07,1.6871
2026-04-01,DN,19,PFC.NS,0.6559,4.5027,-0.0754,2026-04-02,1.1441,2026-04-07,2.439
2026-04-01,DN,20,ROUTE.NS,0.6529,5.2634,1.3133,2026-04-02,1.7505,2026-04-07,3.5453
2026-04-02,UP,1,GRSE.NS,0.9278,5.8668,4.6543,2026-04-06,0.1862,2026-04-08,9.8479
2026-04-02,UP,2,COFORGE.NS,0.8885,4.485,9.3055,2026-04-06,0.5604,2026-04-08,4.6975
2026-04-02,UP,3,SAIL.NS,0.8733,4.6206,6.4709,2026-04-06,3.4029,2026-04-08,5.9616
2026-04-02,UP,4,TATACHEM.NS,0.8667,3.9944,7.2028,2026-04-06,-2.7075,2026-04-08,-0.6059
2026-04-02,UP,5,BATAINDIA.NS,0.8023,4.5722,2.6717,2026-04-06,1.4228,2026-04-08,7.1521
2026-04-02,UP,6,NATIONALUM.NS,0.7888,4.8256,13.2948,2026-04-06,1.5057,2026-04-08,-0.4107
2026-04-02,UP,7,BOSCHLTD.NS,0.7863,3.4897,6.8318,2026-04-06,4.1232,2026-04-08,11.8251
2026-04-02,UP,8,FINEORG.NS,0.785,3.8511,4.7686,2026-04-06,-0.7838,2026-04-08,2.9427
2026-04-02,UP,9,DEEPAKFERT.NS,0.7828,5.1743,7.7846,2026-04-06,-0.9267,2026-04-08,5.6963
2026-04-02,UP,10,RAJESHEXPO.NS,0.7805,6.2222,2.8639,2026-04-06,4.9725,2026-04-08,15.6852
2026-04-02,UP,11,RATEGAIN.NS,0.7783,5.3003,2.6308,2026-04-06,1.0334,2026-04-08,11.844
2026-04-02,UP,12,HINDALCO.NS,0.778,3.7864,7.2076,2026-04-06,1.2224,2026-04-08,3.8799
2026-04-02,UP,13,VEDL.NS,0.7735,4.0048,5.5325,2026-04-06,0.3417,2026-04-08,4.908
2026-04-02,UP,14,BEML.NS,0.77,5.1212,2.4675,2026-04-06,1.828,2026-04-08,6.9815
2026-04-02,UP,15,ADANIGREEN.NS,0.7665,4.3404,1.9594,2026-04-06,7.6051,2026-04-08,20.2862
2026-04-02,UP,16,NATCOPHARM.NS,0.7655,3.9372,8.1916,2026-04-06,0.0973,2026-04-08,8.2624
2026-04-02,UP,17,GALAXYSURF.NS,0.7627,4.7626,6.0342,2026-04-06,1.5647,2026-04-08,7.8354
2026-04-02,UP,18,MASTEK.NS,0.7553,5.1231,5.3282,2026-04-06,-1.2398,2026-04-08,5.125
2026-04-02,UP,19,SOLARINDS.NS,0.753,4.3667,4.4209,2026-04-06,1.4799,2026-04-08,4.2185
2026-04-02,UP,20,IRCON.NS,0.751,5.1079,5.3448,2026-04-06,0.7843,2026-04-08,7.4744
2026-04-02,DN,1,OLECTRA.NS,0.8808,6.6608,-4.6947,2026-04-06,1.1813,2026-04-08,6.4503
2026-04-02,DN,2,ALKYLAMINE.NS,0.8622,6.3695,-6.7647,2026-04-06,0.3487,2026-04-08,4.6854
2026-04-02,DN,3,BANKBARODA.NS,0.7918,4.0437,-7.7412,2026-04-06,4.0872,2026-04-08,10.5866
2026-04-02,DN,4,CANBK.NS,0.7895,4.344,-4.5888,2026-04-06,2.7314,2026-04-08,9.5639
2026-04-02,DN,5,M&MFIN.NS,0.7635,4.9135,-6.8746,2026-04-06,-1.3677,2026-04-08,4.0505
2026-04-02,DN,6,HEROMOTOCO.NS,0.75,3.7842,-4.5974,2026-04-06,1.8358,2026-04-08,5.5073
2026-04-02,DN,7,ASHOKLEY.NS,0.74,5.1964,-11.1829,2026-04-06,1.664,2026-04-08,16.1951
2026-04-02,DN,8,BIOCON.NS,0.7252,3.8039,-4.4709,2026-04-06,0.6949,2026-04-08,-0.78
2026-04-02,DN,9,ROUTE.NS,0.7252,5.4466,-0.2281,2026-04-06,1.0453,2026-04-08,6.3698
2026-04-02,DN,10,JPPOWER.NS,0.7251,7.7758,0.6707,2026-04-06,0.8661,2026-04-08,9.527
2026-04-02,DN,11,SRF.NS,0.7212,4.507,-2.2455,2026-04-06,0.7326,2026-04-08,0.7864
2026-04-02,DN,12,EICHERMOT.NS,0.7173,3.612,-3.2237,2026-04-06,-0.8046,2026-04-08,7.2411
2026-04-02,DN,13,PIDILITIND.NS,0.7103,3.5181,-4.3987,2026-04-06,1.3819,2026-04-08,6.3913
2026-04-02,DN,14,TORNTPHARM.NS,0.708,3.2045,-6.329,2026-04-06,0.612,2026-04-08,1.0534
2026-04-02,DN,15,BAJFINANCE.NS,0.7057,4.3906,-2.609,2026-04-06,2.9026,2026-04-08,10.667
2026-04-02,DN,16,BLUESTARCO.NS,0.6925,5.5402,-8.2598,2026-04-06,2.4275,2026-04-08,5.9609
2026-04-02,DN,17,VOLTAS.NS,0.6863,5.2753,-5.1225,2026-04-06,1.3437,2026-04-08,2.3798
2026-04-02,DN,18,PRESTIGE.NS,0.6855,4.8245,-4.1199,2026-04-06,2.7083,2026-04-08,14.6528
2026-04-02,DN,19,IDFCFIRSTB.NS,0.6808,3.6426,-3.0118,2026-04-06,1.4281,2026-04-08,9.3823
2026-04-02,DN,20,ADANIENSOL.NS,0.674,4.5697,-2.6569,2026-04-06,5.2836,2026-04-08,13.9868
2026-04-06,UP,1,ZYDUSWELL.NS,0.9478,6.3856,11.2239,2026-04-07,-2.5032,2026-04-09,-3.8971
2026-04-06,UP,2,GRSE.NS,0.9248,6.0737,3.7896,2026-04-07,2.027,2026-04-09,11.6884
2026-04-06,UP,3,ADANIGREEN.NS,0.9022,4.2364,7.8824,2026-04-07,0.4614,2026-04-09,13.4025
2026-04-06,UP,4,SAIL.NS,0.8791,4.7071,5.7544,2026-04-07,0.1122,2026-04-09,1.8138
2026-04-06,UP,5,BDL.NS,0.8536,4.7625,3.5865,2026-04-07,0.9228,2026-04-09,8.2394
2026-04-06,UP,6,RAJESHEXPO.NS,0.8515,6.0506,2.8745,2026-04-07,4.9771,2026-04-09,14.1017
2026-04-06,UP,7,KALYANKJIL.NS,0.8451,3.9228,7.2732,2026-04-07,-1.4274,2026-04-09,6.1258
2026-04-06,UP,8,NATIONALUM.NS,0.8177,4.5745,11.04,2026-04-07,0.9562,2026-04-09,1.1033
2026-04-06,UP,9,BOSCHLTD.NS,0.8073,3.4583,10.102,2026-04-07,-0.0448,2026-04-09,9.8924
2026-04-06,UP,10,MIDHANI.NS,0.7956,5.9337,0.5416,2026-04-07,1.3712,2026-04-09,4.6197
2026-04-06,UP,11,COCHINSHIP.NS,0.7893,5.4743,1.2525,2026-04-07,1.0571,2026-04-09,6.7471
2026-04-06,UP,12,BSE.NS,0.7818,4.0283,3.1866,2026-04-07,-1.0562,2026-04-09,9.2244
2026-04-06,UP,13,ZENSARTECH.NS,0.7682,3.8176,3.2795,2026-04-07,-0.8685,2026-04-09,0.2533
2026-04-06,UP,14,NMDC.NS,0.7595,3.4398,4.5601,2026-04-07,0.4177,2026-04-09,3.7346
2026-04-06,UP,15,GODREJPROP.NS,0.758,4.2766,1.2653,2026-04-07,1.281,2026-04-09,6.9919
2026-04-06,UP,16,COFORGE.NS,0.7568,4.333,4.9093,2026-04-07,0.8523,2026-04-09,3.6633
2026-04-06,UP,17,TITAN.NS,0.7558,3.1785,5.1197,2026-04-07,-0.365,2026-04-09,4.5618
2026-04-06,UP,18,MOIL.NS,0.7532,5.7028,3.5097,2026-04-07,-0.3675,2026-04-09,0.3341
2026-04-06,UP,19,HFCL.NS,0.7454,4.9406,2.7492,2026-04-07,-0.3293,2026-04-09,9.2344
2026-04-06,UP,20,MAZDOCK.NS,0.735,4.8605,2.5622,2026-04-07,0.6224,2026-04-09,5.2643
2026-04-06,DN,1,ALKYLAMINE.NS,0.8206,6.4494,-3.9687,2026-04-07,0.8008,2026-04-09,3.0447
2026-04-06,DN,2,VOLTAS.NS,0.8083,5.1923,-8.533,2026-04-07,-2.5399,2026-04-09,2.5479
2026-04-06,DN,3,M&MFIN.NS,0.8049,5.0806,-10.9405,2026-04-07,-1.3333,2026-04-09,5.28
2026-04-06,DN,4,OLECTRA.NS,0.7823,6.5484,-2.9478,2026-04-07,-0.591,2026-04-09,9.6062
2026-04-06,DN,5,CANBK.NS,0.7735,4.1891,-4.4093,2026-04-07,-0.7662,2026-04-09,5.6701
2026-04-06,DN,6,BIOCON.NS,0.7682,3.8219,-6.4928,2026-04-07,-4.2113,2026-04-09,-2.6197
2026-04-06,DN,7,CRAFTSMAN.NS,0.767,4.5376,-3.7949,2026-04-07,-0.5456,2026-04-09,9.2457
2026-04-06,DN,8,ASHOKLEY.NS,0.7507,5.0361,-11.7227,2026-04-07,1.3385,2026-04-09,12.9017
2026-04-06,DN,9,UNIONBANK.NS,0.7413,4.4633,-3.4383,2026-04-07,-1.2865,2026-04-09,6.0705
2026-04-06,DN,10,BAJFINANCE.NS,0.7328,4.2957,-3.6137,2026-04-07,0.4995,2026-04-09,6.1585
2026-04-06,DN,11,PIDILITIND.NS,0.7272,3.5327,-5.2539,2026-04-07,0.302,2026-04-09,4.3525
2026-04-06,DN,12,BLUESTARCO.NS,0.7231,5.4377,-10.2717,2026-04-07,-1.5906,2026-04-09,5.7621
2026-04-06,DN,13,SRF.NS,0.7192,4.176,-5.2296,2026-04-07,-1.5531,2026-04-09,-1.397
2026-04-06,DN,14,TORNTPHARM.NS,0.7182,3.2134,-6.6527,2026-04-07,0.9896,2026-04-09,2.0665
2026-04-06,DN,15,BANKBARODA.NS,0.7167,3.905,-4.7451,2026-04-07,-0.6391,2026-04-09,5.5744
2026-04-06,DN,16,EICHERMOT.NS,0.715,3.474,-5.6704,2026-04-07,0.144,2026-04-09,8.3611
2026-04-06,DN,17,JPPOWER.NS,0.7142,7.3693,-0.8513,2026-04-07,0.3963,2026-04-09,11.0304
2026-04-06,DN,18,TIINDIA.NS,0.7038,4.1249,-3.7094,2026-04-07,0.2052,2026-04-09,6.2101
2026-04-06,DN,19,ENDURANCE.NS,0.7024,4.213,-5.6534,2026-04-07,0.7451,2026-04-09,8.1047
2026-04-06,DN,20,SUNPHARMA.NS,0.6903,2.7701,-5.6143,2026-04-07,1.3809,2026-04-09,1.3277
2026-04-07,UP,1,RAJESHEXPO.NS,0.9707,5.8789,13.6745,2026-04-08,4.9802,2026-04-10,14.1194
2026-04-07,UP,2,GRSE.NS,0.9333,5.8697,11.4533,2026-04-08,7.4654,2026-04-10,10.1722
2026-04-07,UP,3,MIDHANI.NS,0.9148,5.5855,8.1693,2026-04-08,3.3172,2026-04-10,6.3607
2026-04-07,UP,4,ADANIGREEN.NS,0.8581,4.1405,11.1532,2026-04-08,11.2714,2026-04-10,17.2908
2026-04-07,UP,5,SHYAMMETL.NS,0.8419,4.1183,6.6991,2026-04-08,2.0137,2026-04-10,2.0624
2026-04-07,UP,6,SAIL.NS,0.8382,4.4115,9.6607,2026-04-08,2.3596,2026-04-10,3.362
2026-04-07,UP,7,COCHINSHIP.NS,0.8325,5.2697,7.2565,2026-04-08,2.3591,2026-04-10,8.6499
2026-04-07,UP,8,PRESTIGE.NS,0.8278,4.8248,4.2036,2026-04-08,8.0763,2026-04-10,8.2072
2026-04-07,UP,9,BOSCHLTD.NS,0.8219,3.4641,12.9326,2026-04-08,7.4451,2026-04-10,11.6161
2026-04-07,UP,10,RATEGAIN.NS,0.82,5.0731,8.224,2026-04-08,8.8015,2026-04-10,10.8023
2026-04-07,UP,11,NATCOPHARM.NS,0.817,3.8337,10.5957,2026-04-08,2.7762,2026-04-10,2.014
2026-04-07,UP,12,MOIL.NS,0.8126,5.7071,8.297,2026-04-08,-0.2179,2026-04-10,2.4979
2026-04-07,UP,13,VEDL.NS,0.8037,3.7574,9.8322,2026-04-08,1.1427,2026-04-10,4.4725
2026-04-07,UP,14,KALYANKJIL.NS,0.7938,4.1959,6.695,2026-04-08,7.5299,2026-04-10,8.3987
2026-04-07,UP,15,NATIONALUM.NS,0.7872,4.1738,10.9838,2026-04-08,-2.8172,2026-04-10,1.275
2026-04-07,UP,16,COROMANDEL.NS,0.7813,4.5395,4.1431,2026-04-08,5.2265,2026-04-10,7.156
2026-04-07,UP,17,ZYDUSWELL.NS,0.7813,5.9217,11.3203,2026-04-08,-2.9601,2026-04-10,-1.3794
2026-04-07,UP,18,MASTEK.NS,0.7805,5.0776,9.502,2026-04-08,3.6069,2026-04-10,3.5938
2026-04-07,UP,19,BDL.NS,0.7803,4.6184,8.7079,2026-04-08,4.4907,2026-04-10,8.9004
2026-04-07,UP,20,MPHASIS.NS,0.7796,3.6369,9.9717,2026-04-08,0.975,2026-04-10,-0.0601
2026-04-07,DN,1,VOLTAS.NS,0.8308,5.1801,-7.7423,2026-04-08,3.6551,2026-04-10,7.8184
2026-04-07,DN,2,BIOCON.NS,0.8108,4.1422,-8.1194,2026-04-08,2.8672,2026-04-10,2.5143
2026-04-07,DN,3,UNIONBANK.NS,0.7729,4.4188,-2.0515,2026-04-08,8.0172,2026-04-10,9.9779
2026-04-07,DN,4,M&MFIN.NS,0.7547,4.9743,-8.0974,2026-04-08,6.9189,2026-04-10,8.8649
2026-04-07,DN,5,IDEA.NS,0.7392,4.7591,-2.9246,2026-04-08,6.6049,2026-04-10,7.1842
2026-04-07,DN,6,ERIS.NS,0.7382,3.9776,-1.9017,2026-04-08,2.6304,2026-04-10,4.2573
2026-04-07,DN,7,BLUESTARCO.NS,0.7266,5.1574,-8.0408,2026-04-08,5.1217,2026-04-10,9.7046
2026-04-07,DN,8,SUNPHARMA.NS,0.7246,2.7586,-4.215,2026-04-08,-0.1979,2026-04-10,-3.6729
2026-04-07,DN,9,ASHOKLEY.NS,0.719,4.8879,-6.2297,2026-04-08,12.7836,2026-04-10,16.4062
2026-04-07,DN,10,CENTUM.NS,0.716,6.1774,-3.3056,2026-04-08,-1.4825,2026-04-10,3.828
2026-04-07,DN,11,DRREDDY.NS,0.7118,3.165,-6.6786,2026-04-08,-0.3929,2026-04-10,3.0181
2026-04-07,DN,12,TORNTPHARM.NS,0.7094,3.1909,-5.0239,2026-04-08,-0.5455,2026-04-10,2.5646
2026-04-07,DN,13,RVNL.NS,0.7039,4.4581,-1.0566,2026-04-08,5.2362,2026-04-10,5.2591
2026-04-07,DN,14,M&M.NS,0.6904,3.6551,-1.141,2026-04-08,6.7684,2026-04-10,8.4215
2026-04-07,DN,15,HDFCLIFE.NS,0.6879,3.2141,-4.6706,2026-04-08,2.8537,2026-04-10,3.8594
2026-04-07,DN,16,NAVINFLUOR.NS,0.6833,3.9883,-3.8563,2026-04-08,4.1226,2026-04-10,6.1754
2026-04-07,DN,17,CANBK.NS,0.6798,4.0195,-0.7206,2026-04-08,7.4743,2026-04-10,8.2156
2026-04-07,DN,18,GLENMARK.NS,0.6793,4.0074,-2.5985,2026-04-08,2.8097,2026-04-10,2.3225
2026-04-07,DN,19,EICHERMOT.NS,0.6756,3.3749,-3.0243,2026-04-08,7.9555,2026-04-10,12.3912
2026-04-07,DN,20,MUTHOOTFIN.NS,0.6727,4.0311,-0.8928,2026-04-08,8.0798,2026-04-10,10.2579
2026-04-08,UP,1,RAJESHEXPO.NS,0.9611,5.5504,25.6158,2026-04-09,3.5357,2026-04-13,14.1329
2026-04-08,UP,2,RATEGAIN.NS,0.9476,5.0632,25.9728,2026-04-09,0.1178,2026-04-13,0.9965
2026-04-08,UP,3,GRSE.NS,0.9449,5.7681,25.5779,2026-04-09,1.8649,2026-04-13,1.7962
2026-04-08,UP,4,ADANIGREEN.NS,0.9437,4.4179,27.6057,2026-04-09,1.4471,2026-04-13,5.4193
2026-04-08,UP,5,PRESTIGE.NS,0.9164,4.8315,17.2481,2026-04-09,-0.106,2026-04-13,-1.2341
2026-04-08,UP,6,SHRIRAMFIN.NS,0.8986,4.9816,17.326,2026-04-09,-2.629,2026-04-13,-1.8667
2026-04-08,UP,7,GALAXYSURF.NS,0.8826,4.2733,17.8529,2026-04-09,1.423,2026-04-13,1.0476
2026-04-08,UP,8,KALYANKJIL.NS,0.8725,4.2123,18.5289,2026-04-09,0.1234,2026-04-13,-0.8753
2026-04-08,UP,9,BSE.NS,0.8652,4.0688,17.8908,2026-04-09,2.965,2026-04-13,4.4253
2026-04-08,UP,10,ADANIENSOL.NS,0.8558,4.3547,14.8037,2026-04-09,0.5078,2026-04-13,9.5034
2026-04-08,UP,11,JPPOWER.NS,0.8389,7.1776,17.094,2026-04-09,2.2506,2026-04-13,4.5012
2026-04-08,UP,12,BOSCHLTD.NS,0.8357,3.6395,25.013,2026-04-09,2.3236,2026-04-13,1.8923
2026-04-08,UP,13,ASHOKLEY.NS,0.8319,4.9149,11.9055,2026-04-09,-1.2175,2026-04-13,-0.2435
2026-04-08,UP,14,MIDHANI.NS,0.8174,5.3527,18.6171,2026-04-09,-0.1091,2026-04-13,3.8342
2026-04-08,UP,15,COCHINSHIP.NS,0.8048,5.1457,15.6483,2026-04-09,3.1961,2026-04-13,4.0006
2026-04-08,UP,16,CHOLAFIN.NS,0.8043,4.0524,14.7339,2026-04-09,-1.364,2026-04-13,-3.0303
2026-04-08,UP,17,DLF.NS,0.7973,4.0431,13.6382,2026-04-09,-1.7282,2026-04-13,-0.7768
2026-04-08,UP,18,RAILTEL.NS,0.7954,4.4699,15.6197,2026-04-09,-0.7486,2026-04-13,-0.0562
2026-04-08,UP,19,MOTHERSON.NS,0.7804,4.3156,12.4001,2026-04-09,-1.0245,2026-04-13,0.8467
2026-04-08,UP,20,BEML.NS,0.7751,4.7982,15.8171,2026-04-09,1.053,2026-04-13,2.3392
2026-04-08,DN,1,NAVINFLUOR.NS,0.7717,4.0784,-1.6389,2026-04-09,1.2126,2026-04-13,2.9118
2026-04-08,DN,2,VOLTAS.NS,0.7662,4.9816,-0.6285,2026-04-09,1.5101,2026-04-13,7.6534
2026-04-08,DN,3,CENTUM.NS,0.7609,6.3757,-3.3572,2026-04-09,2.7476,2026-04-13,4.7054
2026-04-08,DN,4,BIOCON.NS,0.7092,3.9196,-3.0756,2026-04-09,-1.1721,2026-04-13,-1.3722
2026-04-08,DN,5,OFSS.NS,0.705,3.5898,6.6706,2026-04-09,0.5223,2026-04-13,-0.2159
2026-04-08,DN,6,TECHM.NS,0.6931,3.3352,4.8699,2026-04-09,0.7028,2026-04-13,-1.1024
2026-04-08,DN,7,SUNPHARMA.NS,0.6862,2.8245,-2.4243,2026-04-09,0.1458,2026-04-13,-3.6393
2026-04-08,DN,8,BLUESTARCO.NS,0.6833,5.0292,0.5401,2026-04-09,2.2354,2026-04-13,6.8297
2026-04-08,DN,9,MOIL.NS,0.6746,5.6764,5.0662,2026-04-09,0.9241,2026-04-13,2.6042
2026-04-08,DN,10,DRREDDY.NS,0.6739,3.1865,-5.0602,2026-04-09,1.7207,2026-04-13,3.7351
2026-04-08,DN,11,HDFCLIFE.NS,0.6667,3.2861,1.3038,2026-04-09,-1.1867,2026-04-13,3.4765
2026-04-08,DN,12,NATIONALUM.NS,0.6589,4.2886,3.639,2026-04-09,3.0489,2026-04-13,4.4733
2026-04-08,DN,13,SRF.NS,0.6568,4.028,-0.1189,2026-04-09,-1.4496,2026-04-13,0.3326
2026-04-08,DN,14,OIL.NS,0.6461,3.9656,-3.4704,2026-04-09,2.5711,2026-04-13,3.9656
2026-04-08,DN,15,GLENMARK.NS,0.6349,3.9081,1.9609,2026-04-09,-0.2024,2026-04-13,0.9018
2026-04-08,DN,16,ASIANPAINT.NS,0.6324,3.1455,5.4129,2026-04-09,-0.5608,2026-04-13,3.0669
2026-04-08,DN,17,TORNTPHARM.NS,0.629,3.0337,-4.5259,2026-04-09,1.6207,2026-04-13,3.7675
2026-04-08,DN,18,MRPL.NS,0.6278,6.3331,-0.1891,2026-04-09,-1.8162,2026-04-13,-4.8189
2026-04-08,DN,19,GRANULES.NS,0.6236,3.4428,3.8524,2026-04-09,-1.3658,2026-04-13,-1.847
2026-04-08,DN,20,AUROPHARMA.NS,0.623,3.046,2.3996,2026-04-09,0.3519,2026-04-13,0.307
2026-04-09,UP,1,STLTECH.NS,0.9798,6.1253,21.5341,2026-04-10,4.8332,2026-04-15,15.574
2026-04-09,UP,2,RAJESHEXPO.NS,0.9512,5.6636,25.5585,2026-04-10,4.9933,2026-04-15,15.7452
2026-04-09,UP,3,JPPOWER.NS,0.911,7.0451,12.5167,2026-04-10,2.32,2026-04-15,12.1356
2026-04-09,UP,4,ADANIGREEN.NS,0.901,4.3542,22.607,2026-04-10,3.906,2026-04-15,4.9304
2026-04-09,UP,5,ASHOKLEY.NS,0.8973,5.0106,14.2646,2026-04-10,4.4841,2026-04-15,2.9933
2026-04-09,UP,6,OLECTRA.NS,0.8705,6.5891,10.2793,2026-04-10,4.6805,2026-04-15,8.4151
2026-04-09,UP,7,KALYANKJIL.NS,0.87,4.2832,15.2415,2026-04-10,0.6837,2026-04-15,-0.807
2026-04-09,UP,8,BOSCHLTD.NS,0.8661,3.788,20.0261,2026-04-10,1.523,2026-04-15,0.8431
2026-04-09,UP,9,RATEGAIN.NS,0.8644,5.2641,15.209,2026-04-10,1.7191,2026-04-15,3.9631
2026-04-09,UP,10,BSE.NS,0.8471,4.019,13.5932,2026-04-10,0.7306,2026-04-15,4.0922
2026-04-09,UP,11,ADANIENSOL.NS,0.8378,4.3036,12.7692,2026-04-10,7.3372,2026-04-15,8.5655
2026-04-09,UP,12,BDL.NS,0.8361,4.5309,10.1005,2026-04-10,1.539,2026-04-15,2.3086
2026-04-09,UP,13,MIDHANI.NS,0.8234,5.1367,10.844,2026-04-10,3.0582,2026-04-15,8.8001
2026-04-09,UP,14,WELCORP.NS,0.8078,3.7266,14.7197,2026-04-10,1.2794,2026-04-15,10.8461
2026-04-09,UP,15,PRESTIGE.NS,0.8063,4.8566,15.2415,2026-04-10,0.2274,2026-04-15,1.7432
2026-04-09,UP,16,COROMANDEL.NS,0.791,4.2765,11.8622,2026-04-10,0.396,2026-04-15,-2.6418
2026-04-09,UP,17,IDEAFORGE.NS,0.7898,5.0017,9.5299,2026-04-10,1.5819,2026-04-15,6.3394
2026-04-09,UP,18,HFCL.NS,0.7851,4.5822,9.8524,2026-04-10,6.0168,2026-04-15,10.6896
2026-04-09,UP,19,CHOLAFIN.NS,0.7844,4.0567,11.6118,2026-04-10,3.1374,2026-04-15,1.1415
2026-04-09,UP,20,MOTHERSON.NS,0.7771,4.3548,8.6229,2026-04-10,4.4996,2026-04-15,5.6886
2026-04-09,DN,1,CENTUM.NS,0.8022,6.262,-4.2189,2026-04-10,2.5721,2026-04-15,4.2808
2026-04-09,DN,2,WHIRLPOOL.NS,0.752,4.1363,-0.7648,2026-04-10,0.7464,2026-04-15,2.6156
2026-04-09,DN,3,BIOCON.NS,0.7256,3.9568,-5.3395,2026-04-10,0.8389,2026-04-15,1.3451
2026-04-09,DN,4,RVNL.NS,0.7032,4.379,3.8917,2026-04-10,0.7954,2026-04-15,5.2157
2026-04-09,DN,5,NAVINFLUOR.NS,0.7017,4.1,1.6738,2026-04-10,0.7498,2026-04-15,1.4262
2026-04-09,DN,6,ASIANPAINT.NS,0.7,3.1422,1.9678,2026-04-10,4.0139,2026-04-15,6.7633
2026-04-09,DN,7,PETRONET.NS,0.6983,4.8037,5.2311,2026-04-10,-0.2322,2026-04-15,-0.1179
2026-04-09,DN,8,SRF.NS,0.6956,4.0905,-6.0817,2026-04-10,3.0669,2026-04-15,4.1962
2026-04-09,DN,9,AUROPHARMA.NS,0.6895,3.0631,-0.1267,2026-04-10,0.6714,2026-04-15,2.4993
2026-04-09,DN,10,GRSE.NS,0.6815,5.7936,6.9639,2026-04-10,0.6419,2026-04-15,1.6762
2026-04-09,DN,11,MRPL.NS,0.6749,5.901,-4.2902,2026-04-10,-0.9192,2026-04-15,-0.2497
2026-04-09,DN,12,GODREJAGRO.NS,0.6629,3.9974,2.7666,2026-04-10,0.9286,2026-04-15,3.1862
2026-04-09,DN,13,ADANIPORTS.NS,0.662,3.7772,4.4752,2026-04-10,1.9276,2026-04-15,4.4494
2026-04-09,DN,14,OFSS.NS,0.6598,3.5172,4.8598,2026-04-10,0.4988,2026-04-15,4.5029
2026-04-09,DN,15,VOLTAS.NS,0.6595,5.0154,2.7367,2026-04-10,2.469,2026-04-15,9.2141
2026-04-09,DN,16,CLEAN.NS,0.6528,4.1805,2.4145,2026-04-10,1.0462,2026-04-15,4.9941
2026-04-09,DN,17,DEEPAKFERT.NS,0.6503,5.0724,7.0724,2026-04-10,2.8916,2026-04-15,14.5429
2026-04-09,DN,18,GRANULES.NS,0.6412,3.5383,1.1782,2026-04-10,-0.5586,2026-04-15,2.6987
2026-04-09,DN,19,LICHSGFIN.NS,0.6355,3.0984,3.249,2026-04-10,-0.1221,2026-04-15,-0.526
2026-04-09,DN,20,RELIANCE.NS,0.6332,2.6837,-2.863,2026-04-10,1.5188,2026-04-15,1.0602
2026-04-10,UP,1,STLTECH.NS,0.9745,5.7947,30.0231,2026-04-13,4.9996,2026-04-16,10.8684
2026-04-10,UP,2,OLECTRA.NS,0.96,5.8678,16.0916,2026-04-13,2.4404,2026-04-16,2.4995
2026-04-10,UP,3,ADANIENSOL.NS,0.9337,4.2429,22.9715,2026-04-13,1.5027,2026-04-16,5.5877
2026-04-10,UP,4,ASHOKLEY.NS,0.9279,4.936,19.9272,2026-04-13,-3.3479,2026-04-16,-0.7246
2026-04-10,UP,5,PRESTIGE.NS,0.9226,4.6739,14.7917,2026-04-13,-1.3536,2026-04-16,1.1721
2026-04-10,UP,6,HFCL.NS,0.9206,4.4609,17.6799,2026-04-13,1.8957,2026-04-16,8.3886
2026-04-10,UP,7,ADANIGREEN.NS,0.915,4.2689,26.7932,2026-04-13,0.0092,2026-04-16,3.0912
2026-04-10,UP,8,SAPPHIRE.NS,0.8968,5.7935,10.4306,2026-04-13,2.0996,2026-04-16,1.4703
2026-04-10,UP,9,RAJESHEXPO.NS,0.8966,5.4671,25.7562,2026-04-13,4.9927,2026-04-16,15.7526
2026-04-10,UP,10,AMBER.NS,0.8908,4.4947,15.3387,2026-04-13,-0.9179,2026-04-16,6.4803
2026-04-10,UP,11,COROMANDEL.NS,0.8847,4.3024,14.7208,2026-04-13,-2.8402,2026-04-16,-3.5734
2026-04-10,UP,12,GODREJPROP.NS,0.8806,4.1784,13.8036,2026-04-13,-0.5651,2026-04-16,1.8002
2026-04-10,UP,13,COCHINSHIP.NS,0.8653,5.1482,11.4188,2026-04-13,-2.021,2026-04-16,2.2873
2026-04-10,UP,14,BSE.NS,0.859,4.088,15.0733,2026-04-13,0.6827,2026-04-16,5.0439
2026-04-10,UP,15,GRSE.NS,0.8524,5.9349,12.6147,2026-04-13,-0.7048,2026-04-16,2.6774
2026-04-10,UP,16,MOTHERSON.NS,0.8505,4.3105,14.3713,2026-04-13,-2.4967,2026-04-16,0.5403
2026-04-10,UP,17,MIDHANI.NS,0.8347,5.0708,12.8867,2026-04-13,0.863,2026-04-16,10.6435
2026-04-10,UP,18,SOBHA.NS,0.8318,4.535,12.3703,2026-04-13,-0.2231,2026-04-16,1.6386
2026-04-10,UP,19,SHRIRAMFIN.NS,0.8286,5.0602,15.2479,2026-04-13,-2.2821,2026-04-16,-0.4671
2026-04-10,UP,20,CHOLAFIN.NS,0.8277,3.9988,16.5819,2026-04-13,-4.68,2026-04-16,-0.7146
2026-04-10,DN,1,TATACHEM.NS,0.75,4.7564,5.8291,2026-04-13,4.0151,2026-04-16,2.4279
2026-04-10,DN,2,CENTUM.NS,0.7359,5.8091,-0.7439,2026-04-13,-0.65,2026-04-16,8.1694
2026-04-10,DN,3,AUROPHARMA.NS,0.7043,3.0056,1.1772,2026-04-13,-0.7114,2026-04-16,2.7494
2026-04-10,DN,4,CASTROLIND.NS,0.7024,2.3031,0.8431,2026-04-13,-0.4737,2026-04-16,0.6465
2026-04-10,DN,5,SUNPHARMA.NS,0.6968,3.1771,-2.2851,2026-04-13,-0.1632,2026-04-16,2.3083
2026-04-10,DN,6,INFY.NS,0.6945,3.1196,-0.6381,2026-04-13,-1.2147,2026-04-16,2.0658
2026-04-10,DN,7,TECHM.NS,0.6938,3.195,-0.0902,2026-04-13,-0.3333,2026-04-16,3.5273
2026-04-10,DN,8,OFSS.NS,0.6893,3.325,3.7326,2026-04-13,-1.227,2026-04-16,7.2034
2026-04-10,DN,9,WHIRLPOOL.NS,0.6837,3.9851,1.9217,2026-04-13,-0.9578,2026-04-16,2.2408
2026-04-10,DN,10,COFORGE.NS,0.6818,4.1592,0.8983,2026-04-13,0.5718,2026-04-16,7.2613
2026-04-10,DN,11,PETRONET.NS,0.6818,4.7555,6.3018,2026-04-13,-2.29,2026-04-16,0.277
2026-04-10,DN,12,LICHSGFIN.NS,0.6761,3.1069,2.7542,2026-04-13,-2.1255,2026-04-16,0.6019
2026-04-10,DN,13,ONGC.NS,0.6541,2.8646,-0.2437,2026-04-13,0.3665,2026-04-16,-1.3089
2026-04-10,DN,14,BIOCON.NS,0.6534,3.8378,-1.1204,2026-04-13,-1.0327,2026-04-16,0.6168
2026-04-10,DN,15,JINDALPOLY.NS,0.6528,6.5339,-0.3043,2026-04-13,-4.2597,2026-04-16,-7.8312
2026-04-10,DN,16,NAUKRI.NS,0.6481,3.5988,-0.2918,2026-04-13,0.3784,2026-04-16,5.7322
2026-04-10,DN,17,GODREJAGRO.NS,0.6477,3.9739,3.9758,2026-04-13,-0.8694,2026-04-16,2.5914
2026-04-10,DN,18,OIL.NS,0.642,3.7692,-1.8432,2026-04-13,1.2412,2026-04-16,-1.8884
2026-04-10,DN,19,DEEPAKNTR.NS,0.6381,4.0941,6.0971,2026-04-13,0.8004,2026-04-16,4.9258
2026-04-10,DN,20,ERIS.NS,0.6364,3.722,2.9502,2026-04-13,1.3636,2026-04-16,6.8616
2026-04-13,UP,1,OLECTRA.NS,0.9628,5.7592,17.5362,2026-04-15,1.1004,2026-04-17,0.9892
2026-04-13,UP,2,HFCL.NS,0.9473,4.7807,18.0022,2026-04-15,2.4651,2026-04-17,11.0349
2026-04-13,UP,3,STLTECH.NS,0.9469,5.6977,28.8983,2026-04-15,4.9963,2026-04-17,8.3615
2026-04-13,UP,4,TATACHEM.NS,0.9469,5.378,13.1415,2026-04-15,0.2369,2026-04-17,-1.1915
2026-04-13,UP,5,ADANIENSOL.NS,0.9249,4.3955,18.5555,2026-04-15,-0.3531,2026-04-17,7.1897
2026-04-13,UP,6,AMBER.NS,0.9145,4.6165,12.0765,2026-04-15,4.5692,2026-04-17,10.8658
2026-04-13,UP,7,JPPOWER.NS,0.9058,5.8581,13.4742,2026-04-15,9.7206,2026-04-17,11.7579
2026-04-13,UP,8,RAJESHEXPO.NS,0.8973,5.5443,25.7804,2026-04-15,4.9983,2026-04-17,9.606
2026-04-13,UP,9,VOLTAS.NS,0.8857,4.8126,8.754,2026-04-15,2.9818,2026-04-17,5.7653
2026-04-13,UP,10,MOTHERSON.NS,0.8824,4.3195,10.0222,2026-04-15,3.7276,2026-04-17,4.9702
2026-04-13,UP,11,PARAS.NS,0.8761,4.9051,9.714,2026-04-15,6.9344,2026-04-17,14.6267
2026-04-13,UP,12,WELCORP.NS,0.8742,3.9497,16.5662,2026-04-15,4.6892,2026-04-17,7.1258
2026-04-13,UP,13,BLUESTARCO.NS,0.8679,4.8807,10.5149,2026-04-15,4.3295,2026-04-17,7.8671
2026-04-13,UP,14,PRESTIGE.NS,0.8621,4.7495,10.2519,2026-04-15,2.9053,2026-04-17,4.0092
2026-04-13,UP,15,ADANIGREEN.NS,0.8592,4.355,17.8428,2026-04-15,0.9766,2026-04-17,3.8555
2026-04-13,UP,16,RATEGAIN.NS,0.849,4.9979,11.803,2026-04-15,3.0586,2026-04-17,4.7
2026-04-13,UP,17,ONMOBILE.NS,0.835,5.7339,9.2791,2026-04-15,2.7433,2026-04-17,3.7666
2026-04-13,UP,18,SUZLON.NS,0.8287,3.8409,10.2669,2026-04-15,7.1304,2026-04-17,15.4165
2026-04-13,UP,19,ASHOKLEY.NS,0.8157,4.9779,14.015,2026-04-15,1.9877,2026-04-17,1.5808
2026-04-13,UP,20,CHOLAFIN.NS,0.8123,4.1956,8.1826,2026-04-15,2.8795,2026-04-17,4.7638
2026-04-13,DN,1,JINDALPOLY.NS,0.8258,6.5247,-9.0943,2026-04-15,-1.6142,2026-04-17,-3.5269
2026-04-13,DN,2,RBLBANK.NS,0.7829,3.4969,-0.6444,2026-04-15,1.1389,2026-04-17,-0.174
2026-04-13,DN,3,ZYDUSWELL.NS,0.7563,6.1117,1.659,2026-04-15,-1.574,2026-04-17,-3.5825
2026-04-13,DN,4,KALYANKJIL.NS,0.6988,4.2778,5.0672,2026-04-15,0.1925,2026-04-17,-3.3511
2026-04-13,DN,5,WHIRLPOOL.NS,0.6966,4.0032,0.2378,2026-04-15,2.8403,2026-04-17,8.235
2026-04-13,DN,6,CASTROLIND.NS,0.6918,2.3828,-0.3182,2026-04-15,0.8064,2026-04-17,2.072
2026-04-13,DN,7,POLICYBZR.NS,0.6913,3.6717,-1.1565,2026-04-15,1.8995,2026-04-17,10.1583
2026-04-13,DN,8,AUROPHARMA.NS,0.689,2.9791,-0.0448,2026-04-15,2.5452,2026-04-17,3.4483
2026-04-13,DN,9,OFSS.NS,0.6832,3.2885,2.102,2026-04-15,5.276,2026-04-17,11.557
2026-04-13,DN,10,PNBHOUSING.NS,0.6804,4.1196,3.5848,2026-04-15,2.3504,2026-04-17,9.1006
2026-04-13,DN,11,INTELLECT.NS,0.6775,4.4327,-0.0383,2026-04-15,5.8048,2026-04-17,6.5179
2026-04-13,DN,12,LICHSGFIN.NS,0.6763,3.1373,0.541,2026-04-15,1.7584,2026-04-17,3.7763
2026-04-13,DN,13,CENTUM.NS,0.6716,5.8476,0.3588,2026-04-15,2.331,2026-04-17,10.2856
2026-04-13,DN,14,TECHM.NS,0.6588,3.0723,-0.9727,2026-04-15,3.3719,2026-04-17,5.2947
2026-04-13,DN,15,COFORGE.NS,0.6581,4.1019,0.9097,2026-04-15,4.1744,2026-04-17,6.9439
2026-04-13,DN,16,INFY.NS,0.6575,3.017,-2.2508,2026-04-15,2.2321,2026-04-17,3.2816
2026-04-13,DN,17,GRANULES.NS,0.6569,3.5951,-1.8012,2026-04-15,3.2021,2026-04-17,3.6844
2026-04-13,DN,18,PETRONET.NS,0.6536,4.5764,3.9368,2026-04-15,2.4609,2026-04-17,3.2812
2026-04-13,DN,19,GODREJAGRO.NS,0.6524,3.9576,2.4424,2026-04-15,3.1335,2026-04-17,4.8621
2026-04-13,DN,20,PAGEIND.NS,0.6486,3.0564,3.1655,2026-04-15,1.8968,2026-04-17,5.9275
2026-04-15,UP,1,DEEPAKFERT.NS,0.9776,5.3182,23.0922,2026-04-16,-1.1137,2026-04-20,1.3942
2026-04-15,UP,2,JPPOWER.NS,0.9759,5.6044,24.0132,2026-04-16,4.0318,2026-04-20,1.2202
2026-04-15,UP,3,STLTECH.NS,0.9754,5.4675,34.2126,2026-04-16,0.5649,2026-04-20,6.5592
2026-04-15,UP,4,RAILTEL.NS,0.9659,4.8498,25.2483,2026-04-16,0.3386,2026-04-20,-3.1034
2026-04-15,UP,5,PARAS.NS,0.9493,5.0644,17.8165,2026-04-16,2.8946,2026-04-20,3.5305
2026-04-15,UP,6,HFCL.NS,0.9015,4.9413,21.3106,2026-04-16,3.813,2026-04-20,5.8783
2026-04-15,UP,7,WELCORP.NS,0.8844,4.0174,19.735,2026-04-16,2.3227,2026-04-20,2.28
2026-04-15,UP,8,BLUESTARCO.NS,0.869,4.7862,17.1633,2026-04-16,2.46,2026-04-20,4.6595
2026-04-15,UP,9,SUZLON.NS,0.8685,3.8557,18.2431,2026-04-16,2.2797,2026-04-20,6.8594
2026-04-15,UP,10,IRCON.NS,0.8624,4.8909,12.4394,2026-04-16,0.7074,2026-04-20,7.1585
2026-04-15,UP,11,BPCL.NS,0.8507,4.1714,11.894,2026-04-16,-0.8053,2026-04-20,1.8038
2026-04-15,UP,12,VOLTAS.NS,0.8471,4.6305,14.9156,2026-04-16,0.4707,2026-04-20,2.5531
2026-04-15,UP,13,BEML.NS,0.8463,4.7061,12.6275,2026-04-16,1.6593,2026-04-20,1.9047
2026-04-15,UP,14,AMBER.NS,0.8324,4.538,16.6783,2026-04-16,2.7709,2026-04-20,6.3145
2026-04-15,UP,15,METROBRAND.NS,0.8183,4.3076,12.0259,2026-04-16,0.8521,2026-04-20,-1.4403
2026-04-15,UP,16,RATEGAIN.NS,0.8176,4.8477,13.2466,2026-04-16,1.3229,2026-04-20,-0.8529
2026-04-15,UP,17,TATACHEM.NS,0.8171,5.3842,15.3649,2026-04-16,-1.7587,2026-04-20,-2.1201
2026-04-15,UP,18,ADANIENSOL.NS,0.8117,4.4282,18.7478,2026-04-16,4.3931,2026-04-20,7.5353
2026-04-15,UP,19,MOTHERSON.NS,0.8105,4.2192,13.934,2026-04-16,-0.5909,2026-04-20,-0.2914
2026-04-15,UP,20,RVNL.NS,0.8105,4.307,9.8752,2026-04-16,2.3793,2026-04-20,3.2293
2026-04-15,DN,1,JINDALPOLY.NS,0.8278,6.5658,-14.8159,2026-04-16,-2.1508,2026-04-20,-1.3787
2026-04-15,DN,2,ZYDUSWELL.NS,0.7484,6.241,2.6279,2026-04-16,-1.4422,2026-04-20,-2.0014
2026-04-15,DN,3,RBLBANK.NS,0.7458,3.4173,2.2713,2026-04-16,-1.1886,2026-04-20,-0.6881
2026-04-15,DN,4,FINEORG.NS,0.7264,3.9731,5.3303,2026-04-16,5.5884,2026-04-20,7.6134
2026-04-15,DN,5,CASTROLIND.NS,0.6822,2.3709,0.8742,2026-04-16,0.3166,2026-04-20,1.1999
2026-04-15,DN,6,MPHASIS.NS,0.6768,3.7228,3.4878,2026-04-16,1.3489,2026-04-20,0.3196
2026-04-15,DN,7,PERSISTENT.NS,0.6658,3.2875,1.8993,2026-04-16,0.2186,2026-04-20,-2.9753
2026-04-15,DN,8,INTELLECT.NS,0.6652,4.29,3.379,2026-04-16,1.3118,2026-04-20,-1.464
2026-04-15,DN,9,NATCOPHARM.NS,0.6646,3.6483,0.8407,2026-04-16,-0.4306,2026-04-20,0.7833
2026-04-15,DN,10,TECHM.NS,0.6631,2.9716,0.7059,2026-04-16,0.4852,2026-04-20,1.3883
2026-04-15,DN,11,HCLTECH.NS,0.6621,3.1302,0.6729,2026-04-16,-0.0758,2026-04-20,-1.5848
2026-04-15,DN,12,PAGEIND.NS,0.6617,2.9721,4.2523,2026-04-16,1.2319,2026-04-20,5.1328
2026-04-15,DN,13,INFY.NS,0.6607,2.9605,-2.5459,2026-04-16,1.0649,2026-04-20,0.5593
2026-04-15,DN,14,KALYANKJIL.NS,0.6592,4.1977,6.7938,2026-04-16,-0.4972,2026-04-20,-5.6497
2026-04-15,DN,15,MRPL.NS,0.6585,5.1353,-1.9684,2026-04-16,-0.4949,2026-04-20,2.3891
2026-04-15,DN,16,OIL.NS,0.65,3.817,-3.8701,2026-04-16,-0.1835,2026-04-20,1.8241
2026-04-15,DN,17,SAIL.NS,0.6487,4.4068,3.941,2026-04-16,2.6176,2026-04-20,3.4501
2026-04-15,DN,18,POLICYBZR.NS,0.6436,3.6419,1.4318,2026-04-16,4.7211,2026-04-20,9.199
2026-04-15,DN,19,TCS.NS,0.6433,2.6375,0.5945,2026-04-16,0.8611,2026-04-20,0.9668
2026-04-15,DN,20,GRANULES.NS,0.6412,3.5898,2.1681,2026-04-16,-0.2528,2026-04-20,1.808
2026-04-16,UP,1,RAILTEL.NS,0.9539,4.8377,18.7425,2026-04-17,-0.7636,2026-04-21,-3.3682
2026-04-16,UP,2,HFCL.NS,0.9531,4.7793,21.6975,2026-04-17,4.3835,2026-04-21,6.9523
2026-04-16,UP,3,STLTECH.NS,0.9481,5.4769,27.849,2026-04-17,2.6253,2026-04-21,8.6288
2026-04-16,UP,4,JPPOWER.NS,0.9442,5.1504,19.2822,2026-04-17,-2.0908,2026-04-21,-3.1617
2026-04-16,UP,5,CENTUM.NS,0.937,4.6088,14.0002,2026-04-17,1.2938,2026-04-21,-7.5097
2026-04-16,UP,6,PARAS.NS,0.936,4.7541,16.4817,2026-04-17,4.1779,2026-04-21,0.7467
2026-04-16,UP,7,BLUESTARCO.NS,0.9254,4.5751,14.1966,2026-04-17,0.9085,2026-04-21,1.1085
2026-04-16,UP,8,MIDHANI.NS,0.8655,4.7306,13.9027,2026-04-17,1.1494,2026-04-21,3.9819
2026-04-16,UP,9,SUDARSCHEM.NS,0.8522,4.2913,8.4223,2026-04-17,-0.552,2026-04-21,-3.0788
2026-04-16,UP,10,WELCORP.NS,0.8457,3.8838,14.9458,2026-04-17,0.0046,2026-04-21,2.1818
2026-04-16,UP,11,AMBER.NS,0.8449,4.2193,11.0959,2026-04-17,3.1629,2026-04-21,1.8666
2026-04-16,UP,12,ADANIENSOL.NS,0.8386,4.1492,13.9104,2026-04-17,3.0427,2026-04-21,3.4926
2026-04-16,UP,13,METROBRAND.NS,0.8374,4.3394,10.8752,2026-04-17,-1.8001,2026-04-21,-2.6083
2026-04-16,UP,14,ERIS.NS,0.8324,3.7871,8.5556,2026-04-17,-1.3647,2026-04-21,-6.1071
2026-04-16,UP,15,SUZLON.NS,0.8263,3.666,13.6107,2026-04-17,5.3333,2026-04-21,5.6716
2026-04-16,UP,16,VOLTAS.NS,0.8242,4.3218,11.3852,2026-04-17,2.2217,2026-04-21,3.4355
2026-04-16,UP,17,MOIL.NS,0.8217,3.73,9.7446,2026-04-17,0.4133,2026-04-21,-1.3319
2026-04-16,UP,18,RADICO.NS,0.8171,3.515,9.9229,2026-04-17,4.9565,2026-04-21,7.0083
2026-04-16,UP,19,DEEPAKFERT.NS,0.785,5.401,14.2333,2026-04-17,2.6446,2026-04-21,5.648
2026-04-16,UP,20,PFC.NS,0.7826,3.4959,9.8767,2026-04-17,1.2966,2026-04-21,2.6585
2026-04-16,DN,1,JINDALPOLY.NS,0.8546,6.5752,-16.4862,2026-04-17,0.2114,2026-04-21,2.5926
2026-04-16,DN,2,SHRIRAMFIN.NS,0.8314,4.4474,-0.044,2026-04-17,1.3884,2026-04-21,2.2048
2026-04-16,DN,3,KALYANKJIL.NS,0.8293,4.1035,-1.1783,2026-04-17,-3.0547,2026-04-21,-5.7234
2026-04-16,DN,4,BAJFINANCE.NS,0.7965,4.0954,-0.9999,2026-04-17,0.2594,2026-04-21,3.6373
2026-04-16,DN,5,RBLBANK.NS,0.7858,3.3985,-2.1527,2026-04-17,-0.1108,2026-04-21,1.4245
2026-04-16,DN,6,CHOLAFIN.NS,0.7782,4.1149,1.0037,2026-04-17,0.5797,2026-04-21,1.2294
2026-04-16,DN,7,UNIONBANK.NS,0.7625,4.3761,1.5243,2026-04-17,0.2228,2026-04-21,1.5332
2026-04-16,DN,8,TEJASNET.NS,0.7587,5.3648,-1.9174,2026-04-17,-1.7814,2026-04-21,-5.8531
2026-04-16,DN,9,HDFCBANK.NS,0.7316,3.2901,-2.5303,2026-04-17,0.5594,2026-04-21,2.0492
2026-04-16,DN,10,PRESTIGE.NS,0.7285,4.3939,1.2947,2026-04-17,1.4127,2026-04-21,4.8434
2026-04-16,DN,11,CANBK.NS,0.7273,3.7581,1.3219,2026-04-17,0.9502,2026-04-21,2.2903
2026-04-16,DN,12,MARUTI.NS,0.7273,3.1223,-1.9629,2026-04-17,0.8849,2026-04-21,0.9449
2026-04-16,DN,13,PNBHOUSING.NS,0.7195,3.8571,2.3474,2026-04-17,3.3453,2026-04-21,9.5435
2026-04-16,DN,14,GRSE.NS,0.7189,5.5383,5.2636,2026-04-17,3.9957,2026-04-21,3.8231
2026-04-16,DN,15,EICHERMOT.NS,0.7155,3.5649,0.0,2026-04-17,0.8204,2026-04-21,1.5355
2026-04-16,DN,16,ASHOKLEY.NS,0.7128,4.6786,2.4641,2026-04-17,-1.1034,2026-04-21,-0.0679
2026-04-16,DN,17,NATCOPHARM.NS,0.7087,3.626,-2.3057,2026-04-17,3.0272,2026-04-21,-2.8662
2026-04-16,DN,18,GODREJPROP.NS,0.7021,3.9152,2.6554,2026-04-17,0.6524,2026-04-21,3.2963
2026-04-16,DN,19,HEROMOTOCO.NS,0.6978,3.6175,-2.4208,2026-04-17,1.3761,2026-04-21,1.9285
2026-04-16,DN,20,GALAXYSURF.NS,0.6894,4.2642,-1.0532,2026-04-17,1.2343,2026-04-21,2.6894
2026-04-17,UP,1,IRCON.NS,0.9621,4.8165,15.9334,2026-04-20,-2.0687,2026-04-22,0.5883
2026-04-17,UP,2,HFCL.NS,0.9553,4.6744,19.9472,2026-04-20,-2.2934,2026-04-22,5.1105
2026-04-17,UP,3,PARAS.NS,0.9529,4.6552,19.8741,2026-04-20,-3.4172,2026-04-22,0.9702
2026-04-17,UP,4,CENTUM.NS,0.9303,4.3786,12.3871,2026-04-20,-6.5807,2026-04-22,-6.827
2026-04-17,UP,5,SUZLON.NS,0.9175,3.7678,19.6699,2026-04-20,-0.8124,2026-04-22,3.0984
2026-04-17,UP,6,RVNL.NS,0.8998,4.1472,11.0802,2026-04-20,-2.2207,2026-04-22,1.4354
2026-04-17,UP,7,ADANIENSOL.NS,0.8767,4.0491,16.7833,2026-04-20,-0.0318,2026-04-22,8.5966
2026-04-17,UP,8,RADICO.NS,0.8757,3.5821,17.2905,2026-04-20,4.8072,2026-04-22,1.7603
2026-04-17,UP,9,COCHINSHIP.NS,0.8714,4.7929,9.6355,2026-04-20,-1.0377,2026-04-22,1.4093
2026-04-17,UP,10,DEEPAKFERT.NS,0.8684,5.2291,16.2627,2026-04-20,-0.1057,2026-04-22,3.2308
2026-04-17,UP,11,JPPOWER.NS,0.868,5.5208,14.2177,2026-04-20,-0.625,2026-04-22,4.8437
2026-04-17,UP,12,GNFC.NS,0.8675,3.729,14.2824,2026-04-20,-1.7255,2026-04-22,-0.245
2026-04-17,UP,13,SUDARSCHEM.NS,0.8641,4.325,9.096,2026-04-20,-4.6352,2026-04-22,4.2461
2026-04-17,UP,14,RAJESHEXPO.NS,0.8609,5.3366,20.8246,2026-04-20,-2.9451,2026-04-22,-2.961
2026-04-17,UP,15,AMBER.NS,0.858,3.9953,15.5331,2026-04-20,0.2764,2026-04-22,-1.9476
2026-04-17,UP,16,RAILTEL.NS,0.8478,4.8866,18.7245,2026-04-20,-2.6872,2026-04-22,-1.1035
2026-04-17,UP,17,BEML.NS,0.8476,4.2392,10.5884,2026-04-20,-1.5911,2026-04-22,3.3006
2026-04-17,UP,18,VOLTAS.NS,0.8296,4.1822,12.1661,2026-04-20,-0.1458,2026-04-22,2.8817
2026-04-17,UP,19,MIDHANI.NS,0.8289,4.5947,15.3378,2026-04-20,2.4215,2026-04-22,4.4102
2026-04-17,UP,20,CROMPTON.NS,0.7983,3.6074,9.8991,2026-04-20,-0.088,2026-04-22,-0.0306
2026-04-17,DN,1,JINDALPOLY.NS,0.8699,6.2892,-12.2517,2026-04-20,0.5765,2026-04-22,-0.0492
2026-04-17,DN,2,KALYANKJIL.NS,0.8479,4.5115,-4.3152,2026-04-20,-2.1905,2026-04-22,-2.9519
2026-04-17,DN,3,ASHOKLEY.NS,0.7964,4.6601,2.5825,2026-04-20,0.6751,2026-04-22,2.3973
2026-04-17,DN,4,BOSCHLTD.NS,0.7962,3.55,1.9989,2026-04-20,0.7599,2026-04-22,1.0132
2026-04-17,DN,5,UNIONBANK.NS,0.7803,4.2201,2.2849,2026-04-20,0.2012,2026-04-22,2.7209
2026-04-17,DN,6,BAJFINANCE.NS,0.7755,3.8744,0.5536,2026-04-20,1.046,2026-04-22,2.9177
2026-04-17,DN,7,CHOLAFIN.NS,0.7703,4.0451,2.9939,2026-04-20,-0.6143,2026-04-22,-0.8486
2026-04-17,DN,8,RBLBANK.NS,0.7624,3.3309,-0.6767,2026-04-20,0.618,2026-04-22,0.6655
2026-04-17,DN,9,MARUTI.NS,0.7573,3.1337,-1.0008,2026-04-20,-0.0223,2026-04-22,-0.8623
2026-04-17,DN,10,NATCOPHARM.NS,0.7567,3.6304,-0.356,2026-04-20,-1.7549,2026-04-22,-4.3494
2026-04-17,DN,11,PRESTIGE.NS,0.7443,4.2921,2.8346,2026-04-20,1.2529,2026-04-22,3.5893
2026-04-17,DN,12,TVSMOTOR.NS,0.737,3.1238,0.2334,2026-04-20,0.6986,2026-04-22,-2.0103
2026-04-17,DN,13,EICHERMOT.NS,0.7296,3.3899,0.5876,2026-04-20,0.7441,2026-04-22,0.5633
2026-04-17,DN,14,TEJASNET.NS,0.7279,5.134,-3.3466,2026-04-20,-2.2848,2026-04-22,-3.91
2026-04-17,DN,15,GALAXYSURF.NS,0.7182,4.092,-1.2373,2026-04-20,0.6488,2026-04-22,2.047
2026-04-17,DN,16,CANBK.NS,0.7089,3.6168,3.234,2026-04-20,0.2599,2026-04-22,2.0089
2026-04-17,DN,17,MPHASIS.NS,0.7033,3.648,3.2239,2026-04-20,-1.8358,2026-04-22,-5.3286
2026-04-17,DN,18,MUTHOOTFIN.NS,0.7021,3.6533,2.7653,2026-04-20,-1.1228,2026-04-22,0.4368
2026-04-17,DN,19,HEROMOTOCO.NS,0.7015,3.3874,-1.0125,2026-04-20,0.9942,2026-04-22,-0.7934
2026-04-17,DN,20,SHRIRAMFIN.NS,0.6991,4.1947,4.0801,2026-04-20,0.7908,2026-04-22,0.7329
2026-04-20,UP,1,PARAS.NS,0.96,5.0658,14.7156,2026-04-21,0.128,2026-04-23,6.1548
2026-04-20,UP,2,MIDHANI.NS,0.9476,4.838,14.6253,2026-04-21,0.3698,2026-04-23,1.9284
2026-04-20,UP,3,SUZLON.NS,0.8932,3.7673,15.8429,2026-04-21,1.1429,2026-04-23,2.3429
2026-04-20,UP,4,RADICO.NS,0.8874,3.5341,19.6011,2026-04-21,-2.7215,2026-04-23,-4.2184
2026-04-20,UP,5,WHIRLPOOL.NS,0.8852,3.6806,11.5114,2026-04-21,-0.5834,2026-04-23,2.3282
2026-04-20,UP,6,VOLTAS.NS,0.8624,4.0279,9.3037,2026-04-21,1.3352,2026-04-23,0.5216
2026-04-20,UP,7,BLUESTARCO.NS,0.8573,4.3462,11.7751,2026-04-21,-1.0164,2026-04-23,-3.1339
2026-04-20,UP,8,JSWENERGY.NS,0.8527,3.6178,11.0872,2026-04-21,0.6629,2026-04-23,3.3791
2026-04-20,UP,9,MASTEK.NS,0.8498,4.5478,6.1499,2026-04-21,5.0746,2026-04-23,3.7554
2026-04-20,UP,10,GNFC.NS,0.8405,3.8382,11.2717,2026-04-21,0.426,2026-04-23,0.1455
2026-04-20,UP,11,CROMPTON.NS,0.8323,3.68,8.0672,2026-04-21,-0.9838,2026-04-23,-2.9975
2026-04-20,UP,12,IRCON.NS,0.8313,4.7193,10.9736,2026-04-21,1.0826,2026-04-23,1.5249
2026-04-20,UP,13,JYOTHYLAB.NS,0.8061,3.735,7.7907,2026-04-21,2.2115,2026-04-23,6.4616
2026-04-20,UP,14,CESC.NS,0.8056,2.9691,13.903,2026-04-21,-0.3121,2026-04-23,0.4236
2026-04-20,UP,15,DATAPATTNS.NS,0.8051,4.5517,6.0558,2026-04-21,1.6957,2026-04-23,19.2496
2026-04-20,UP,16,HFCL.NS,0.7985,4.9257,10.545,2026-04-21,4.866,2026-04-23,4.7696
2026-04-20,UP,17,SYMPHONY.NS,0.7956,3.7429,6.6856,2026-04-21,-0.859,2026-04-23,-0.2843
2026-04-20,UP,18,OFSS.NS,0.7951,3.2168,11.429,2026-04-21,-1.8744,2026-04-23,8.772
2026-04-20,UP,19,WELCORP.NS,0.7922,3.8323,11.9412,2026-04-21,2.2245,2026-04-23,11.8376
2026-04-20,UP,20,DEEPAKFERT.NS,0.7859,4.8571,12.876,2026-04-21,3.0349,2026-04-23,1.9812
2026-04-20,DN,1,ASHOKLEY.NS,0.8493,4.5826,-1.1572,2026-04-21,0.3694,2026-04-23,-3.0291
2026-04-20,DN,2,CHOLAFIN.NS,0.8351,3.9531,-0.7526,2026-04-21,1.2681,2026-04-23,-1.6504
2026-04-20,DN,3,JINDALPOLY.NS,0.8107,6.1463,-7.1039,2026-04-21,1.7895,2026-04-23,-0.7549
2026-04-20,DN,4,EICHERMOT.NS,0.7979,3.3126,-2.438,2026-04-21,-0.0345,2026-04-23,-2.0779
2026-04-20,DN,5,KALYANKJIL.NS,0.7974,4.3687,-7.0466,2026-04-21,-0.5749,2026-04-23,-1.1138
2026-04-20,DN,6,UNIONBANK.NS,0.7955,4.1105,0.1375,2026-04-21,1.1041,2026-04-23,-5.061
2026-04-20,DN,7,TVSMOTOR.NS,0.7858,3.0463,-2.0313,2026-04-21,-0.2446,2026-04-23,-6.6163
2026-04-20,DN,8,TEJASNET.NS,0.784,5.2954,-6.4494,2026-04-21,-1.9043,2026-04-23,-3.0613
2026-04-20,DN,9,MOTHERSON.NS,0.782,4.0072,0.8432,2026-04-21,1.2257,2026-04-23,3.2714
2026-04-20,DN,10,BOSCHLTD.NS,0.7816,3.5884,1.2323,2026-04-21,0.8203,2026-04-23,-1.0849
2026-04-20,DN,11,MUTHOOTFIN.NS,0.7625,3.4942,-1.1948,2026-04-21,2.2372,2026-04-23,0.8552
2026-04-20,DN,12,HEROMOTOCO.NS,0.7536,3.35,-3.366,2026-04-21,-0.4449,2026-04-23,-4.7421
2026-04-20,DN,13,BAJFINANCE.NS,0.7503,3.7028,-0.7355,2026-04-21,2.2991,2026-04-23,0.0654
2026-04-20,DN,14,MARUTI.NS,0.7466,3.0749,-1.8893,2026-04-21,0.0818,2026-04-23,-2.1561
2026-04-20,DN,15,RBLBANK.NS,0.7416,3.1856,-1.4434,2026-04-21,0.9134,2026-04-23,-1.5906
2026-04-20,DN,16,SHRIRAMFIN.NS,0.7232,3.9058,1.7128,2026-04-21,0.0144,2026-04-23,-3.4301
2026-04-20,DN,17,RATEGAIN.NS,0.7218,4.7333,1.3343,2026-04-21,-0.0966,2026-04-23,2.7739
2026-04-20,DN,18,AXISBANK.NS,0.7062,2.9748,0.2887,2026-04-21,1.6978,2026-04-23,1.0999
2026-04-20,DN,19,COROMANDEL.NS,0.6994,3.8756,-3.708,2026-04-21,-0.9302,2026-04-23,-1.6916
2026-04-20,DN,20,ADANIGREEN.NS,0.693,4.2478,6.2054,2026-04-21,-0.2342,2026-04-23,5.331
2026-04-21,UP,1,PNBHOUSING.NS,0.9549,4.1306,15.644,2026-04-22,1.1388,2026-04-24,5.5714
2026-04-21,UP,2,RADICO.NS,0.9293,3.9183,15.7246,2026-04-22,-0.1908,2026-04-24,-1.9082
2026-04-21,UP,3,MASTEK.NS,0.9205,4.4102,12.5589,2026-04-22,-0.3054,2026-04-24,-3.8568
2026-04-21,UP,4,DEEPAKNTR.NS,0.8766,3.8124,11.633,2026-04-22,6.1223,2026-04-24,2.7663
2026-04-21,UP,5,MIDHANI.NS,0.8666,4.6679,14.0648,2026-04-22,1.566,2026-04-24,-1.0528
2026-04-21,UP,6,IDEAFORGE.NS,0.859,4.8232,10.278,2026-04-22,12.8126,2026-04-24,6.4889
2026-04-21,UP,7,SUZLON.NS,0.8571,3.6468,15.7872,2026-04-22,2.7684,2026-04-24,1.5254
2026-04-21,UP,8,ONMOBILE.NS,0.8559,5.2745,9.1226,2026-04-22,9.9162,2026-04-24,10.8939
2026-04-21,UP,9,DEEPAKFERT.NS,0.8556,4.74,18.1682,2026-04-22,0.2961,2026-04-24,-3.5101
2026-04-21,UP,10,PARAS.NS,0.8332,5.0908,10.8514,2026-04-22,4.4089,2026-04-24,2.3067
2026-04-21,UP,11,HFCL.NS,0.8256,4.9359,13.7674,2026-04-22,2.5859,2026-04-24,2.4325
2026-04-21,UP,12,FINEORG.NS,0.8207,3.4442,10.8677,2026-04-22,0.5755,2026-04-24,-4.0618
2026-04-21,UP,13,JYOTHYLAB.NS,0.8207,3.4829,13.3598,2026-04-22,3.8841,2026-04-24,4.3555
2026-04-21,UP,14,WHIRLPOOL.NS,0.7968,3.7379,11.9329,2026-04-22,1.3041,2026-04-24,3.5155
2026-04-21,UP,15,POLICYBZR.NS,0.7961,3.3426,11.7137,2026-04-22,0.1602,2026-04-24,4.5281
2026-04-21,UP,16,VBL.NS,0.7866,3.2556,12.6568,2026-04-22,2.0305,2026-04-24,1.1029
2026-04-21,UP,17,IRCON.NS,0.7732,4.6175,13.287,2026-04-22,1.613,2026-04-24,-1.9003
2026-04-21,UP,18,RAILTEL.NS,0.7693,4.9807,14.8077,2026-04-22,1.5621,2026-04-24,-3.2436
2026-04-21,UP,19,LTTS.NS,0.7639,3.5316,8.5307,2026-04-22,-2.5313,2026-04-24,-7.2095
2026-04-21,UP,20,CESC.NS,0.7607,3.0455,11.2106,2026-04-22,0.7883,2026-04-24,0.9616
2026-04-21,DN,1,RAJESHEXPO.NS,0.8509,5.7625,1.3016,2026-04-22,4.994,2026-04-24,8.626
2026-04-21,DN,2,TEJASNET.NS,0.7907,5.2226,-8.0443,2026-04-22,0.2457,2026-04-24,0.9952
2026-04-21,DN,3,ZYDUSWELL.NS,0.7851,5.9185,-2.1437,2026-04-22,-0.6809,2026-04-24,-3.1281
2026-04-21,DN,4,ASHOKLEY.NS,0.7841,4.3562,2.6444,2026-04-22,1.3363,2026-04-24,-3.7993
2026-04-21,DN,5,KALYANKJIL.NS,0.7816,4.295,-6.0115,2026-04-22,-0.2048,2026-04-24,-2.3609
2026-04-21,DN,6,NATCOPHARM.NS,0.7527,3.9989,-2.0051,2026-04-22,1.4541,2026-04-24,3.5571
2026-04-21,DN,7,RATEGAIN.NS,0.7497,4.5201,2.0809,2026-04-22,0.8699,2026-04-24,3.6552
2026-04-21,DN,8,ADANIGREEN.NS,0.7485,4.3388,5.9468,2026-04-22,4.2565,2026-04-24,7.4609
2026-04-21,DN,9,TVSMOTOR.NS,0.7472,2.9655,0.3906,2026-04-22,-2.4516,2026-04-24,-7.0483
2026-04-21,DN,10,SAPPHIRE.NS,0.7419,5.5339,2.0853,2026-04-22,-0.3611,2026-04-24,-5.5863
2026-04-21,DN,11,HDFCLIFE.NS,0.7366,3.3993,-0.7915,2026-04-22,-1.6526,2026-04-24,-4.2331
2026-04-21,DN,12,AXISBANK.NS,0.7306,2.9537,1.7804,2026-04-22,0.1379,2026-04-24,-0.8565
2026-04-21,DN,13,OLECTRA.NS,0.7213,4.4396,0.7336,2026-04-22,0.0859,2026-04-24,-1.5752
2026-04-21,DN,14,SHYAMMETL.NS,0.7187,3.8579,-0.7586,2026-04-22,-1.4135,2026-04-24,-0.4247
2026-04-21,DN,15,EXIDEIND.NS,0.7141,3.3345,2.5554,2026-04-22,6.4395,2026-04-24,2.912
2026-04-21,DN,16,BOSCHLTD.NS,0.7069,3.4852,4.0557,2026-04-22,-0.5643,2026-04-24,-3.7008
2026-04-21,DN,17,MUTHOOTFIN.NS,0.7024,3.3465,1.3446,2026-04-22,-0.6454,2026-04-24,-3.2325
2026-04-21,DN,18,ICICIBANK.NS,0.6971,2.7107,2.7607,2026-04-22,-1.4981,2026-04-24,-4.48
2026-04-21,DN,19,ERIS.NS,0.693,4.2053,-1.0143,2026-04-22,-1.686,2026-04-24,-0.1817
2026-04-21,DN,20,TATACOMM.NS,0.6854,3.7262,0.0727,2026-04-22,0.7665,2026-04-24,0.4757
2026-04-22,UP,1,IDEAFORGE.NS,0.9802,4.891,19.4268,2026-04-23,-3.1324,2026-04-27,0.7327
2026-04-22,UP,2,ONMOBILE.NS,0.9737,5.1902,16.7408,2026-04-23,1.5248,2026-04-27,2.2327
2026-04-22,UP,3,DATAPATTNS.NS,0.929,4.6888,10.9266,2026-04-23,8.014,2026-04-27,3.4428
2026-04-22,UP,4,DEEPAKNTR.NS,0.9273,3.9203,14.6394,2026-04-23,-0.7791,2026-04-27,-3.4718
2026-04-22,UP,5,SUDARSCHEM.NS,0.9237,4.5938,11.6991,2026-04-23,-1.0485,2026-04-27,-2.9039
2026-04-22,UP,6,PNBHOUSING.NS,0.9178,3.9229,14.275,2026-04-23,1.7672,2026-04-27,5.7309
2026-04-22,UP,7,ADANIENSOL.NS,0.899,4.2345,16.8168,2026-04-23,-0.5007,2026-04-27,4.9485
2026-04-22,UP,8,JYOTHYLAB.NS,0.8841,3.5549,14.6676,2026-04-23,0.2637,2026-04-27,4.119
2026-04-22,UP,9,GRSE.NS,0.8424,4.9499,9.8172,2026-04-23,2.1932,2026-04-27,1.1924
2026-04-22,UP,10,MASTEK.NS,0.8317,4.4031,7.5661,2026-04-23,-0.953,2026-04-27,-1.5429
2026-04-22,UP,11,HFCL.NS,0.8268,4.8314,13.9015,2026-04-23,-2.6103,2026-04-27,6.2967
2026-04-22,UP,12,EMAMILTD.NS,0.8224,3.1639,11.4723,2026-04-23,-1.2257,2026-04-27,-2.4514
2026-04-22,UP,13,TIINDIA.NS,0.8049,3.4578,9.7786,2026-04-23,2.0632,2026-04-27,-0.9919
2026-04-22,UP,14,WHIRLPOOL.NS,0.8041,3.6622,10.2608,2026-04-23,1.6037,2026-04-27,6.8118
2026-04-22,UP,15,MIDHANI.NS,0.7993,4.3803,10.6841,2026-04-23,-0.013,2026-04-27,-0.9718
2026-04-22,UP,16,MANAPPURAM.NS,0.7946,3.1944,9.6636,2026-04-23,-0.7456,2026-04-27,-2.3216
2026-04-22,UP,17,VBL.NS,0.7934,3.2529,11.0874,2026-04-23,-2.1618,2026-04-27,4.8288
2026-04-22,UP,18,RADICO.NS,0.7927,3.9437,11.5698,2026-04-23,-1.3506,2026-04-27,2.2325
2026-04-22,UP,19,BEML.NS,0.7912,4.119,6.9701,2026-04-23,0.0109,2026-04-27,-0.5025
2026-04-22,UP,20,PARAS.NS,0.7817,4.8326,8.2334,2026-04-23,1.5422,2026-04-27,-1.0894
2026-04-22,DN,1,RAILTEL.NS,0.8718,4.7871,-1.5264,2026-04-23,-1.3239,2026-04-27,-2.3493
2026-04-22,DN,2,RAJESHEXPO.NS,0.8274,5.8346,1.2975,2026-04-23,4.9931,2026-04-27,4.7157
2026-04-22,DN,3,HCLTECH.NS,0.8217,3.8273,-11.438,2026-04-23,-0.5991,2026-04-27,-4.4425
2026-04-22,DN,4,PERSISTENT.NS,0.7859,3.7765,-7.5649,2026-04-23,-0.1597,2026-04-27,-5.0421
2026-04-22,DN,5,TEJASNET.NS,0.7854,4.9297,-9.3142,2026-04-23,-1.4217,2026-04-27,1.4708
2026-04-22,DN,6,TVSMOTOR.NS,0.7741,3.0925,-3.2406,2026-04-23,-4.0347,2026-04-27,-2.953
2026-04-22,DN,7,COFORGE.NS,0.7593,4.2159,-3.6563,2026-04-23,-1.23,2026-04-27,-2.7027
2026-04-22,DN,8,KALYANKJIL.NS,0.7559,4.1452,-6.3842,2026-04-23,-0.338,2026-04-27,-0.1448
2026-04-22,DN,9,MPHASIS.NS,0.7525,3.873,-3.2499,2026-04-23,-2.3166,2026-04-27,-2.8357
2026-04-22,DN,10,LT.NS,0.7448,3.1132,-1.3542,2026-04-23,0.8207,2026-04-27,0.8082
2026-04-22,DN,11,HDFCLIFE.NS,0.7439,3.3577,-5.6835,2026-04-23,-0.894,2026-04-27,-1.1175
2026-04-22,DN,12,M&M.NS,0.7341,2.9694,-3.2796,2026-04-23,-3.2384,2026-04-27,-1.5017
2026-04-22,DN,13,METROBRAND.NS,0.7305,4.1393,-1.2643,2026-04-23,-1.0272,2026-04-27,-0.3471
2026-04-22,DN,14,ASHOKLEY.NS,0.726,4.1495,1.9888,2026-04-23,-4.66,2026-04-27,-5.4031
2026-04-22,DN,15,RATEGAIN.NS,0.7148,4.2453,-0.087,2026-04-23,1.9861,2026-04-27,3.223
2026-04-22,DN,16,ERIS.NS,0.7105,4.1802,-6.7934,2026-04-23,3.1712,2026-04-27,0.3992
2026-04-22,DN,17,CHOLAFIN.NS,0.704,3.5349,0.9674,2026-04-23,-1.418,2026-04-27,-0.313
2026-04-22,DN,18,BSE.NS,0.7017,3.5163,3.1999,2026-04-23,-1.0345,2026-04-27,1.0117
2026-04-22,DN,19,HEROMOTOCO.NS,0.6983,3.2748,-1.8629,2026-04-23,-3.0256,2026-04-27,-2.8136
2026-04-22,DN,20,SAPPHIRE.NS,0.6975,5.3897,0.5352,2026-04-23,-1.9481,2026-04-27,-0.3681
2026-04-23,UP,1,DATAPATTNS.NS,0.9819,4.791,18.4673,2026-04-24,-1.3881,2026-04-28,-1.8186
2026-04-23,UP,2,ONMOBILE.NS,0.9749,5.0676,18.5963,2026-04-24,-0.6258,2026-04-28,-0.59
2026-04-23,UP,3,GRSE.NS,0.8836,4.26,10.4226,2026-04-24,-0.0313,2026-04-28,-0.1493
2026-04-23,UP,4,DEEPAKNTR.NS,0.8824,3.9556,12.923,2026-04-24,-2.402,2026-04-28,-2.8466
2026-04-23,UP,5,WHIRLPOOL.NS,0.8771,3.5773,11.6067,2026-04-24,0.5701,2026-04-28,5.2209
2026-04-23,UP,6,IDEAFORGE.NS,0.8768,4.8405,13.452,2026-04-24,-2.553,2026-04-28,7.2523
2026-04-23,UP,7,JYOTHYLAB.NS,0.8684,3.5379,12.8175,2026-04-24,0.1895,2026-04-28,1.5086
2026-04-23,UP,8,SOBHA.NS,0.8676,3.6573,7.6748,2026-04-24,-0.3936,2026-04-28,0.9279
2026-04-23,UP,9,TIINDIA.NS,0.8664,3.3831,12.129,2026-04-24,-3.826,2026-04-28,-2.7796
2026-04-23,UP,10,CLEAN.NS,0.8626,3.7762,6.5327,2026-04-24,2.0045,2026-04-28,-0.7931
2026-04-23,UP,11,OFSS.NS,0.8609,3.2548,13.0594,2026-04-24,1.7915,2026-04-28,8.8551
2026-04-23,UP,12,WELCORP.NS,0.8527,3.9882,11.7909,2026-04-24,0.2782,2026-04-28,1.852
2026-04-23,UP,13,ADANIGREEN.NS,0.8447,4.2925,8.5128,2026-04-24,1.7831,2026-04-28,2.9486
2026-04-23,UP,14,IRCON.NS,0.8408,4.3317,8.0284,2026-04-24,-2.3277,2026-04-28,0.0845
2026-04-23,UP,15,ADANIENSOL.NS,0.8345,4.2729,11.3406,2026-04-24,3.7245,2026-04-28,5.4509
2026-04-23,UP,16,PNBHOUSING.NS,0.8234,3.7839,12.7489,2026-04-24,2.5701,2026-04-28,3.5525
2026-04-23,UP,17,TORNTPOWER.NS,0.821,3.0192,14.1562,2026-04-24,-2.1589,2026-04-28,1.0305
2026-04-23,UP,18,MRPL.NS,0.8022,3.6323,6.9056,2026-04-24,-0.3369,2026-04-28,-7.1066
2026-04-23,UP,19,POLICYBZR.NS,0.7923,3.294,7.7588,2026-04-24,1.5502,2026-04-28,-0.2035
2026-04-23,UP,20,DRREDDY.NS,0.7671,2.8019,8.9733,2026-04-24,-1.0443,2026-04-28,1.7731
2026-04-23,DN,1,RAILTEL.NS,0.861,4.6531,-3.158,2026-04-24,-3.4535,2026-04-28,1.5587
2026-04-23,DN,2,HCLTECH.NS,0.8077,3.6503,-11.9018,2026-04-24,-5.8234,2026-04-28,-6.387
2026-04-23,DN,3,MPHASIS.NS,0.8036,3.8952,-6.7491,2026-04-24,-4.4444,2026-04-28,-0.2942
2026-04-23,DN,4,METROBRAND.NS,0.7971,4.0953,-3.1042,2026-04-24,-1.1943,2026-04-28,-0.8578
2026-04-23,DN,5,COFORGE.NS,0.7961,4.0021,-7.0515,2026-04-24,-5.7103,2026-04-28,-1.614
2026-04-23,DN,6,RAJESHEXPO.NS,0.7931,5.6742,1.2908,2026-04-24,-1.4609,2026-04-28,-1.2588
2026-04-23,DN,7,TVSMOTOR.NS,0.7901,3.3045,-6.4995,2026-04-24,-0.7059,2026-04-28,-0.4868
2026-04-23,DN,8,UNIONBANK.NS,0.778,4.2875,-4.6581,2026-04-24,-1.508,2026-04-28,-5.1361
2026-04-23,DN,9,JPPOWER.NS,0.7709,5.4685,1.3768,2026-04-24,-2.9678,2026-04-28,0.3521
2026-04-23,DN,10,PERSISTENT.NS,0.7662,3.586,-7.9138,2026-04-24,-6.2762,2026-04-28,-5.1666
2026-04-23,DN,11,ASHOKLEY.NS,0.7597,4.1372,-3.4516,2026-04-24,-0.4278,2026-04-28,-1.8227
2026-04-23,DN,12,CROMPTON.NS,0.7429,3.6124,-2.9045,2026-04-24,-1.2471,2026-04-28,6.4091
2026-04-23,DN,13,TATACHEM.NS,0.7372,4.7609,0.1486,2026-04-24,-2.0418,2026-04-28,13.3461
2026-04-23,DN,14,M&M.NS,0.714,3.0508,-5.4185,2026-04-24,-0.3052,2026-04-28,1.3256
2026-04-23,DN,15,ZENSARTECH.NS,0.7138,3.6008,-3.7569,2026-04-24,-5.3254,2026-04-28,-6.7032
2026-04-23,DN,16,KALYANKJIL.NS,0.7135,4.0053,-6.2344,2026-04-24,-1.8288,2026-04-28,-0.0484
2026-04-23,DN,17,SBILIFE.NS,0.707,3.0187,-7.4239,2026-04-24,-3.2383,2026-04-28,-1.0831
2026-04-23,DN,18,ERIS.NS,0.7056,4.0215,-4.7629,2026-04-24,-1.5906,2026-04-28,-4.8793
2026-04-23,DN,19,CENTUM.NS,0.7038,4.8205,-5.1455,2026-04-24,-2.9356,2026-04-28,0.36
2026-04-23,DN,20,VEDL.NS,0.6959,3.1539,-6.0356,2026-04-24,-1.9916,2026-04-28,0.503
2026-04-24,UP,1,DATAPATTNS.NS,0.9808,4.9837,16.6991,2026-04-27,-2.884,2026-04-29,0.9908
2026-04-24,UP,2,ADANIGREEN.NS,0.9371,4.5222,9.6248,2026-04-27,-0.4936,2026-04-29,0.7283
2026-04-24,UP,3,ONMOBILE.NS,0.9282,5.0956,16.6177,2026-04-27,1.3314,2026-04-29,1.3674
2026-04-24,UP,4,ADANIENSOL.NS,0.8995,4.5704,12.0773,2026-04-27,1.6892,2026-04-29,0.4391
2026-04-24,UP,5,PNBHOUSING.NS,0.8959,3.7793,11.9032,2026-04-27,1.2915,2026-04-29,1.8768
2026-04-24,UP,6,TIINDIA.NS,0.8852,3.8208,6.3974,2026-04-27,0.8657,2026-04-29,-0.1213
2026-04-24,UP,7,GRSE.NS,0.8769,4.2408,6.1468,2026-04-27,-0.9483,2026-04-29,6.7392
2026-04-24,UP,8,WELCORP.NS,0.8701,3.9662,12.0967,2026-04-27,0.4141,2026-04-29,4.9567
2026-04-24,UP,9,CLEAN.NS,0.8689,3.6346,7.836,2026-04-27,-0.802,2026-04-29,0.6734
2026-04-24,UP,10,COCHINSHIP.NS,0.866,3.8145,6.6363,2026-04-27,0.877,2026-04-29,6.5537
2026-04-24,UP,11,SOBHA.NS,0.8561,3.6138,6.3654,2026-04-27,0.9598,2026-04-29,2.3077
2026-04-24,UP,12,WHIRLPOOL.NS,0.8483,3.518,7.0521,2026-04-27,4.5299,2026-04-29,4.362
2026-04-24,UP,13,RATNAMANI.NS,0.8371,3.3464,5.8709,2026-04-27,3.3809,2026-04-29,2.2412
2026-04-24,UP,14,TORNTPOWER.NS,0.8277,3.1526,8.5942,2026-04-27,4.2954,2026-04-29,0.1294
2026-04-24,UP,15,OFSS.NS,0.8252,3.1548,11.9675,2026-04-27,4.5927,2026-04-29,8.2579
2026-04-24,UP,16,NAVINFLUOR.NS,0.8049,3.3074,2.6735,2026-04-27,1.9606,2026-04-29,4.7505
2026-04-24,UP,17,MRPL.NS,0.7947,3.8152,1.7747,2026-04-27,-7.6618,2026-04-29,-7.0287
2026-04-24,UP,18,JYOTHYLAB.NS,0.79,3.46,8.6683,2026-04-27,3.6486,2026-04-29,2.4749
2026-04-24,UP,19,IDEAFORGE.NS,0.7847,5.0927,8.0633,2026-04-27,6.7145,2026-04-29,16.8252
2026-04-24,UP,20,DRREDDY.NS,0.7704,2.8352,6.5874,2026-04-27,1.3211,2026-04-29,0.9642
2026-04-24,DN,1,HCLTECH.NS,0.8211,3.9229,-16.5777,2026-04-27,2.0778,2026-04-29,-0.2493
2026-04-24,DN,2,INFY.NS,0.792,3.4038,-12.4441,2026-04-27,1.3598,2026-04-29,1.1173
2026-04-24,DN,3,IRCON.NS,0.785,4.3936,-2.8897,2026-04-27,2.5097,2026-04-29,2.0636
2026-04-24,DN,4,ZENSARTECH.NS,0.7731,3.9526,-11.0595,2026-04-27,2.2854,2026-04-29,-2.7612
2026-04-24,DN,5,MPHASIS.NS,0.7694,4.0783,-11.6319,2026-04-27,4.095,2026-04-29,3.4424
2026-04-24,DN,6,CROMPTON.NS,0.7593,3.6792,-4.2915,2026-04-27,3.3769,2026-04-29,10.3025
2026-04-24,DN,7,UNIONBANK.NS,0.7566,4.2623,-6.3046,2026-04-27,-0.5085,2026-04-29,-5.4746
2026-04-24,DN,8,PERSISTENT.NS,0.7527,3.9057,-12.8376,2026-04-27,1.4787,2026-04-29,1.2323
2026-04-24,DN,9,COFORGE.NS,0.7461,4.116,-12.5987,2026-04-27,4.4748,2026-04-29,4.6138
2026-04-24,DN,10,CENTUM.NS,0.7408,4.9411,-9.1059,2026-04-27,2.3004,2026-04-29,2.9816
2026-04-24,DN,11,AMBER.NS,0.7369,3.69,-2.5759,2026-04-27,4.6173,2026-04-29,4.2368
2026-04-24,DN,12,RAJESHEXPO.NS,0.734,5.791,0.3959,2026-04-27,1.2144,2026-04-29,-1.5062
2026-04-24,DN,13,SBILIFE.NS,0.7313,3.1674,-10.2491,2026-04-27,2.6288,2026-04-29,2.674
2026-04-24,DN,14,PARAS.NS,0.7285,4.8547,-1.0628,2026-04-27,0.9431,2026-04-29,1.3428
2026-04-24,DN,15,JPPOWER.NS,0.7154,5.8876,0.4687,2026-04-27,1.7626,2026-04-29,4.7175
2026-04-24,DN,16,TVSMOTOR.NS,0.7138,3.2227,-6.6278,2026-04-27,1.8462,2026-04-29,1.8835
2026-04-24,DN,17,TECHM.NS,0.7092,3.4034,-10.1164,2026-04-27,2.7678,2026-04-29,7.4568
2026-04-24,DN,18,BSE.NS,0.6989,3.1656,-2.4211,2026-04-27,2.5711,2026-04-29,5.5049
2026-04-24,DN,19,IGL.NS,0.6939,3.2961,-2.753,2026-04-27,0.164,2026-04-29,1.786
2026-04-24,DN,20,GNFC.NS,0.6901,3.3225,-4.3394,2026-04-27,1.3662,2026-04-29,1.3769
2026-04-27,UP,1,IDEAFORGE.NS,0.9617,5.2678,19.0389,2026-04-28,3.1369,2026-04-30,10.7838
2026-04-27,UP,2,ADANIENSOL.NS,0.9374,4.5012,14.0067,2026-04-28,-0.0244,2026-04-30,-6.5155
2026-04-27,UP,3,HFCL.NS,0.9347,4.8123,14.3516,2026-04-28,0.5155,2026-04-30,8.7543
2026-04-27,UP,4,DATAPATTNS.NS,0.9284,5.2223,14.2029,2026-04-28,2.5201,2026-04-30,3.0706
2026-04-27,UP,5,RATNAMANI.NS,0.885,3.4894,10.988,2026-04-28,-0.6533,2026-04-30,-1.8152
2026-04-27,UP,6,VBL.NS,0.8825,3.5105,11.2099,2026-04-28,-0.0578,2026-04-30,-0.9926
2026-04-27,UP,7,OFSS.NS,0.8801,3.3444,15.8058,2026-04-28,2.2436,2026-04-30,3.9156
2026-04-27,UP,8,M&MFIN.NS,0.8731,3.8705,4.6443,2026-04-28,-1.5895,2026-04-30,-2.2033
2026-04-27,UP,9,PNBHOUSING.NS,0.86,3.6202,15.4673,2026-04-28,-0.3295,2026-04-30,-0.1289
2026-04-27,UP,10,ROUTE.NS,0.8561,3.7286,5.8226,2026-04-28,-0.301,2026-04-30,-0.8371
2026-04-27,UP,11,COCHINSHIP.NS,0.8541,3.7843,8.6996,2026-04-28,0.9706,2026-04-30,3.2216
2026-04-27,UP,12,ONMOBILE.NS,0.8468,4.964,18.6184,2026-04-28,-1.2784,2026-04-30,-1.8643
2026-04-27,UP,13,ADANIGREEN.NS,0.8352,4.3925,6.68,2026-04-28,1.6467,2026-04-30,-0.2074
2026-04-27,UP,14,TORNTPOWER.NS,0.8308,3.3081,10.3468,2026-04-28,-0.9929,2026-04-30,-2.0592
2026-04-27,UP,15,SHYAMMETL.NS,0.8289,3.8046,4.0632,2026-04-28,-0.9479,2026-04-30,-1.3993
2026-04-27,UP,16,JYOTHYLAB.NS,0.8172,3.459,10.5551,2026-04-28,-2.25,2026-04-30,-1.0467
2026-04-27,UP,17,HINDZINC.NS,0.8102,3.3366,6.3866,2026-04-28,-1.8949,2026-04-30,-5.1035
2026-04-27,UP,18,INTELLECT.NS,0.808,3.8831,4.2439,2026-04-28,6.3924,2026-04-30,5.1789
2026-04-27,UP,19,WELCORP.NS,0.8007,3.9851,12.6132,2026-04-28,1.1506,2026-04-30,4.4785
2026-04-27,UP,20,GRSE.NS,0.7913,4.2571,6.8821,2026-04-28,0.8382,2026-04-30,2.7846
2026-04-27,DN,1,HCLTECH.NS,0.8383,3.8593,-14.0097,2026-04-28,-2.6217,2026-04-30,-2.3693
2026-04-27,DN,2,INFY.NS,0.8328,3.385,-10.8411,2026-04-28,-1.5552,2026-04-30,0.9827
2026-04-27,DN,3,RADICO.NS,0.8039,3.9019,-0.7395,2026-04-28,2.5276,2026-04-30,3.2485
2026-04-27,DN,4,MPHASIS.NS,0.7956,4.0724,-6.2929,2026-04-28,0.2384,2026-04-30,0.521
2026-04-27,DN,5,SHRIRAMFIN.NS,0.7876,3.8362,-6.7454,2026-04-28,-2.1957,2026-04-30,-3.827
2026-04-27,DN,6,ZENSARTECH.NS,0.7777,3.8512,-7.7874,2026-04-28,-3.6571,2026-04-30,-6.2745
2026-04-27,DN,7,COFORGE.NS,0.7765,4.1007,-6.6532,2026-04-28,-0.1248,2026-04-30,-0.5406
2026-04-27,DN,8,KEI.NS,0.7621,3.8218,0.166,2026-04-28,1.5628,2026-04-30,-0.6382
2026-04-27,DN,9,UNIONBANK.NS,0.7575,4.0789,-6.9681,2026-04-28,-3.1914,2026-04-30,-5.7694
2026-04-27,DN,10,PERSISTENT.NS,0.7502,3.7972,-9.5339,2026-04-28,-0.2906,2026-04-30,-0.3633
2026-04-27,DN,11,TECHM.NS,0.7374,3.367,-7.1989,2026-04-28,0.8595,2026-04-30,5.544
2026-04-27,DN,12,POLYCAB.NS,0.7353,3.0571,-1.6222,2026-04-28,2.3371,2026-04-30,0.5579
2026-04-27,DN,13,CROMPTON.NS,0.7252,3.5573,-0.9724,2026-04-28,4.233,2026-04-30,5.2884
2026-04-27,DN,14,ASIANPAINT.NS,0.7241,2.8796,-1.2556,2026-04-28,-0.9094,2026-04-30,-1.6377
2026-04-27,DN,15,RECLTD.NS,0.7218,2.9777,-1.2151,2026-04-28,-0.5952,2026-04-30,-6.2822
2026-04-27,DN,16,STLTECH.NS,0.7202,5.2558,2.9967,2026-04-28,1.9159,2026-04-30,5.3723
2026-04-27,DN,17,NAUKRI.NS,0.7093,3.3181,-6.274,2026-04-28,0.3697,2026-04-30,-2.8025
2026-04-27,DN,18,TVSMOTOR.NS,0.707,3.0995,-5.5637,2026-04-28,-1.596,2026-04-30,-1.6805
2026-04-27,DN,19,ASHOKLEY.NS,0.7034,3.9668,-3.785,2026-04-28,-1.0514,2026-04-30,-4.2587
2026-04-27,DN,20,TCS.NS,0.7024,2.7523,-5.1171,2026-04-28,-0.1185,2026-04-30,1.0745
2026-04-28,UP,1,TATACHEM.NS,0.9717,4.4065,13.3461,2026-04-29,-0.2992,2026-05-01,0.854
2026-04-28,UP,2,INTELLECT.NS,0.949,4.0406,11.2841,2026-04-29,-1.8834,2026-05-01,-1.1407
2026-04-28,UP,3,IDEAFORGE.NS,0.9444,5.3324,17.204,2026-04-29,6.1448,2026-05-01,7.4143
2026-04-28,UP,4,DATAPATTNS.NS,0.9155,5.1942,15.1287,2026-04-29,1.4335,2026-05-01,0.537
2026-04-28,UP,5,RATNAMANI.NS,0.9147,3.7453,11.0083,2026-04-29,-0.4521,2026-05-01,None
2026-04-28,UP,6,ADANIENSOL.NS,0.8935,4.6317,13.4474,2026-04-29,-1.2052,2026-05-01,-6.4927
2026-04-28,UP,7,OFSS.NS,0.8688,3.2691,20.6657,2026-04-29,1.233,2026-05-01,1.6353
2026-04-28,UP,8,OLECTRA.NS,0.8679,4.0297,5.233,2026-04-29,-2.2667,2026-05-01,-3.1415
2026-04-28,UP,9,SYMPHONY.NS,0.8676,3.4613,8.9203,2026-04-29,-1.5281,2026-05-01,-3.0733
2026-04-28,UP,10,TATACOMM.NS,0.8384,3.8056,5.6297,2026-04-29,0.2252,2026-05-01,-1.1322
2026-04-28,UP,11,WELCORP.NS,0.8314,4.0027,11.4301,2026-04-29,3.335,2026-05-01,3.2901
2026-04-28,UP,12,EXIDEIND.NS,0.8275,3.4877,6.9499,2026-04-29,2.0211,2026-05-01,1.207
2026-04-28,UP,13,WHIRLPOOL.NS,0.8254,3.6313,8.3025,2026-04-29,-0.2509,2026-05-01,-1.1038
2026-04-28,UP,14,HFCL.NS,0.8184,4.8969,9.6075,2026-04-29,-0.1305,2026-05-01,8.1966
2026-04-28,UP,15,ADANIGREEN.NS,0.8167,4.3847,8.6913,2026-04-29,-0.412,2026-05-01,-1.8241
2026-04-28,UP,16,SJVN.NS,0.8111,3.5439,6.4835,2026-04-29,-1.4549,2026-05-01,-3.4356
2026-04-28,UP,17,RATEGAIN.NS,0.7913,3.935,3.4004,2026-04-29,-1.2492,2026-05-01,2.4133
2026-04-28,UP,18,COCHINSHIP.NS,0.7908,3.7193,8.9087,2026-04-29,4.6119,2026-05-01,2.2293
2026-04-28,UP,19,TORNTPOWER.NS,0.7901,3.4849,8.227,2026-04-29,-3.0315,2026-05-01,-1.077
2026-04-28,UP,20,SHYAMMETL.NS,0.7795,3.5236,6.4972,2026-04-29,0.6779,2026-05-01,-0.4557
2026-04-28,DN,1,SHRIRAMFIN.NS,0.8411,3.983,-8.8061,2026-04-29,0.3777,2026-05-01,-1.668
2026-04-28,DN,2,DEEPAKFERT.NS,0.8374,4.6655,-3.747,2026-04-29,1.7065,2026-05-01,3.8026
2026-04-28,DN,3,HCLTECH.NS,0.8355,3.8557,-17.0136,2026-04-29,0.3512,2026-05-01,0.2592
2026-04-28,DN,4,UNIONBANK.NS,0.8246,4.2389,-10.9207,2026-04-29,-1.8595,2026-05-01,-2.6631
2026-04-28,DN,5,ZENSARTECH.NS,0.8159,4.1854,-12.3392,2026-04-29,-1.3253,2026-05-01,-2.7168
2026-04-28,DN,6,INFY.NS,0.8072,3.2456,-12.2677,2026-04-29,1.3367,2026-05-01,2.5779
2026-04-28,DN,7,COFORGE.NS,0.7679,3.9839,-7.1086,2026-04-29,0.2581,2026-05-01,-0.4164
2026-04-28,DN,8,STLTECH.NS,0.75,5.3432,2.3916,2026-04-29,4.5909,2026-05-01,3.3914
2026-04-28,DN,9,TVSMOTOR.NS,0.7457,3.159,-6.8431,2026-04-29,1.6591,2026-05-01,-0.0858
2026-04-28,DN,10,RAILTEL.NS,0.7445,4.721,1.7795,2026-04-29,-1.7033,2026-05-01,-2.6332
2026-04-28,DN,11,CHOLAFIN.NS,0.7435,3.3836,-3.3224,2026-04-29,1.1,2026-05-01,1.7248
2026-04-28,DN,12,JINDALPOLY.NS,0.7411,5.3641,-7.1213,2026-04-29,4.9982,2026-05-01,7.305
2026-04-28,DN,13,ICICIBANK.NS,0.7399,2.7173,-6.9432,2026-04-29,-0.8514,2026-05-01,-2.2136
2026-04-28,DN,14,ASIANPAINT.NS,0.7394,2.8747,-3.1845,2026-04-29,-0.6213,2026-05-01,-0.735
2026-04-28,DN,15,RECLTD.NS,0.7323,3.1172,-1.9695,2026-04-29,-3.2597,2026-05-01,-5.7211
2026-04-28,DN,16,ASHOKLEY.NS,0.7164,3.9104,-5.1469,2026-04-29,-1.0685,2026-05-01,-3.2414
2026-04-28,DN,17,IRCON.NS,0.7102,4.1475,0.5224,2026-04-29,-0.3963,2026-05-01,-1.1239
2026-04-28,DN,18,NAUKRI.NS,0.7078,3.2515,-6.783,2026-04-29,-1.2891,2026-05-01,-3.1605
2026-04-28,DN,19,LTTS.NS,0.7066,3.6035,-2.0865,2026-04-29,-0.1907,2026-05-01,1.6796
2026-04-28,DN,20,BPCL.NS,0.7059,3.283,-3.2385,2026-04-29,-1.251,2026-05-01,-2.3721
2026-04-29,UP,1,SAPPHIRE.NS,0.992,5.1979,17.4652,2026-04-30,-0.8726,2026-05-04,-6.5809
2026-04-29,UP,2,TATACHEM.NS,0.9188,4.4478,12.6646,2026-04-30,1.1566,2026-05-04,0.7502
2026-04-29,UP,3,GRSE.NS,0.9152,4.5876,9.0461,2026-04-30,-4.6181,2026-05-04,-9.5812
2026-04-29,UP,4,COCHINSHIP.NS,0.915,3.5851,12.046,2026-04-30,-2.2776,2026-05-04,-3.0725
2026-04-29,UP,5,WELCORP.NS,0.9128,3.8665,11.2447,2026-04-30,-0.0434,2026-05-04,-2.241
2026-04-29,UP,6,RATNAMANI.NS,0.9046,3.761,8.5523,2026-04-30,-0.7207,2026-05-04,1.7191
2026-04-29,UP,7,SHYAMMETL.NS,0.8969,3.4651,8.7564,2026-04-30,-1.1259,2026-05-04,2.4556
2026-04-29,UP,8,M&MFIN.NS,0.8742,3.5201,6.6445,2026-04-30,-2.9669,2026-05-04,-5.1218
2026-04-29,UP,9,OFSS.NS,0.8655,3.2655,19.2149,2026-04-30,0.3974,2026-05-04,0.4335
2026-04-29,UP,10,RBLBANK.NS,0.8577,3.1444,7.4138,2026-04-30,-1.3628,2026-05-04,-3.2239
2026-04-29,UP,11,GALAXYSURF.NS,0.8575,3.5627,5.1354,2026-04-30,-3.1851,2026-05-04,-2.8775
2026-04-29,UP,12,INTELLECT.NS,0.8531,4.179,6.3318,2026-04-30,0.757,2026-05-04,-0.3244
2026-04-29,UP,13,DATAPATTNS.NS,0.8514,5.326,7.5699,2026-04-30,-0.8839,2026-05-04,-0.6047
2026-04-29,UP,14,IDEAFORGE.NS,0.8514,5.4491,10.2766,2026-04-30,1.196,2026-05-04,21.4286
2026-04-29,UP,15,DRREDDY.NS,0.8457,2.9999,9.2687,2026-04-30,-0.5189,2026-05-04,-3.2035
2026-04-29,UP,16,CROMPTON.NS,0.8319,3.5377,5.6013,2026-04-30,-1.3224,2026-05-04,0.7029
2026-04-29,UP,17,NAVINFLUOR.NS,0.8094,2.853,7.8427,2026-04-30,0.9248,2026-05-04,0.5623
2026-04-29,UP,18,TATACOMM.NS,0.8031,3.6093,5.0623,2026-04-30,-1.3544,2026-05-04,-2.0347
2026-04-29,UP,19,GRANULES.NS,0.7942,3.153,4.7269,2026-04-30,-0.6884,2026-05-04,-0.1632
2026-04-29,UP,20,IDEA.NS,0.7937,2.8322,7.8616,2026-04-30,-0.6803,2026-05-04,2.2352
2026-04-29,DN,1,ZENSARTECH.NS,0.856,4.2409,-10.1147,2026-04-30,-1.4102,2026-05-04,-2.1585
2026-04-29,DN,2,MRPL.NS,0.8341,4.4734,-7.4458,2026-04-30,-3.3068,2026-05-04,-7.9698
2026-04-29,DN,3,SUDARSCHEM.NS,0.8293,5.0496,-2.5032,2026-04-30,2.9615,2026-05-04,6.1877
2026-04-29,DN,4,RECLTD.NS,0.8065,3.2654,-5.165,2026-04-30,-2.5444,2026-05-04,-2.7644
2026-04-29,DN,5,DEEPAKNTR.NS,0.8014,3.7676,-1.226,2026-04-30,0.7424,2026-05-04,1.6356
2026-04-29,DN,6,UNIONBANK.NS,0.793,4.0182,-13.78,2026-04-30,-0.8188,2026-05-04,-2.1158
2026-04-29,DN,7,DEEPAKFERT.NS,0.7919,4.3962,-2.3935,2026-04-30,2.061,2026-05-04,3.9848
2026-04-29,DN,8,MOTHERSON.NS,0.7911,3.601,-6.4663,2026-04-30,-1.6472,2026-05-04,-2.4586
2026-04-29,DN,9,HAVELLS.NS,0.7819,3.4377,-7.1328,2026-04-30,-0.9501,2026-05-04,0.3273
2026-04-29,DN,10,TIINDIA.NS,0.768,3.607,-1.9607,2026-04-30,-0.5801,2026-05-04,-1.9932
2026-04-29,DN,11,PARAS.NS,0.7585,4.7578,-0.6977,2026-04-30,-2.1016,2026-05-04,-3.5683
2026-04-29,DN,12,EMAMILTD.NS,0.7572,3.1955,-3.2333,2026-04-30,-2.9264,2026-05-04,-0.404
2026-04-29,DN,13,IRCON.NS,0.7546,3.926,-1.4653,2026-04-30,-0.7305,2026-05-04,0.3913
2026-04-29,DN,14,SHRIRAMFIN.NS,0.7527,3.3503,-8.396,2026-04-30,-2.0379,2026-05-04,0.3762
2026-04-29,DN,15,STLTECH.NS,0.7429,5.4119,2.4846,2026-04-30,-1.1468,2026-05-04,3.7321
2026-04-29,DN,16,RVNL.NS,0.7348,3.3406,-1.6623,2026-04-30,-1.5382,2026-05-04,-1.869
2026-04-29,DN,17,INFY.NS,0.7336,3.0817,-7.9694,2026-04-30,1.2248,2026-05-04,0.0771
2026-04-29,DN,18,ASIANPAINT.NS,0.7271,2.5676,-4.5105,2026-04-30,-0.1144,2026-05-04,0.0327
2026-04-29,DN,19,FINEORG.NS,0.7259,3.3642,-7.1648,2026-04-30,-1.9803,2026-05-04,-2.6241
2026-04-29,DN,20,JPPOWER.NS,0.7179,5.4208,0.3477,2026-04-30,-2.3762,2026-05-04,-5.6436
2026-04-30,UP,1,SAPPHIRE.NS,0.992,5.55,18.7536,2026-05-01,0.0,2026-05-05,-9.698
2026-04-30,UP,2,HFCL.NS,0.9822,4.907,18.7008,2026-05-01,0.0,2026-05-05,10.9799
2026-04-30,UP,3,TATACHEM.NS,0.9663,4.6014,14.314,2026-05-01,0.0,2026-05-05,-0.9333
2026-04-30,UP,4,IDEAFORGE.NS,0.9029,5.4896,15.2042,2026-05-01,0.0,2026-05-05,31.9928
2026-04-30,UP,5,CROMPTON.NS,0.8898,3.5822,7.4865,2026-05-01,0.0,2026-05-05,1.1529
2026-04-30,UP,6,STLTECH.NS,0.882,5.3501,6.6377,2026-05-01,0.0,2026-05-05,10.1764
2026-04-30,UP,7,NAVINFLUOR.NS,0.8768,3.1751,8.606,2026-05-01,0.0,2026-05-05,2.6976
2026-04-30,UP,8,SHYAMMETL.NS,0.8459,3.5487,5.6594,2026-05-01,0.0,2026-05-05,2.0601
2026-04-30,UP,9,M&MFIN.NS,0.8376,3.6335,4.5952,2026-05-01,0.0,2026-05-05,-1.6575
2026-04-30,UP,10,SYMPHONY.NS,0.829,3.5841,4.9644,2026-05-01,0.0,2026-05-05,-4.8595
2026-04-30,UP,11,RADICO.NS,0.821,4.0026,6.9986,2026-05-01,0.0,2026-05-05,-2.4598
2026-04-30,UP,12,LTTS.NS,0.8161,3.6283,5.1223,2026-05-01,0.0,2026-05-05,3.1299
2026-04-30,UP,13,KPITTECH.NS,0.8124,3.3552,3.4621,2026-05-01,0.0,2026-05-05,1.772
2026-04-30,UP,14,RATEGAIN.NS,0.8105,3.6111,2.9382,2026-05-01,0.0,2026-05-05,0.3817
2026-04-30,UP,15,RATNAMANI.NS,0.8098,3.7732,7.5291,2026-05-01,None,2026-05-05,3.6711
2026-04-30,UP,16,INTELLECT.NS,0.8022,4.1395,6.3039,2026-05-01,0.0,2026-05-05,1.1605
2026-04-30,UP,17,RBLBANK.NS,0.7993,3.1836,7.7132,2026-05-01,0.0,2026-05-05,-1.0697
2026-04-30,UP,18,JINDALPOLY.NS,0.7837,4.6682,2.2186,2026-05-01,0.0,2026-05-05,3.6106
2026-04-30,UP,19,MPHASIS.NS,0.7671,3.9139,-0.0132,2026-05-01,0.0,2026-05-05,-2.9385
2026-04-30,UP,20,TECHM.NS,0.7651,3.1722,3.6581,2026-05-01,0.0,2026-05-05,-1.4455
2026-04-30,DN,1,MRPL.NS,0.878,4.7628,-10.4059,2026-05-01,0.0,2026-05-05,-7.0486
2026-04-30,DN,2,RAJESHEXPO.NS,0.8674,5.9833,-7.3743,2026-05-01,0.0,2026-05-05,-0.0252
2026-04-30,DN,3,PARAS.NS,0.8507,4.9836,-4.2611,2026-05-01,0.0,2026-05-05,0.0378
2026-04-30,DN,4,DATAPATTNS.NS,0.8277,5.406,-1.2914,2026-05-01,0.0,2026-05-05,3.3858
2026-04-30,DN,5,ADANIENSOL.NS,0.8128,5.1092,-1.3958,2026-05-01,0.0,2026-05-05,5.0177
2026-04-30,DN,6,TIINDIA.NS,0.8036,3.6719,-4.4998,2026-05-01,0.0,2026-05-05,-0.5258
2026-04-30,DN,7,ZENSARTECH.NS,0.79,4.3023,-9.2378,2026-05-01,0.0,2026-05-05,-0.146
2026-04-30,DN,8,RECLTD.NS,0.7883,3.3436,-5.8839,2026-05-01,0.0,2026-05-05,0.5927
2026-04-30,DN,9,ONMOBILE.NS,0.7732,5.0027,-1.18,2026-05-01,0.0,2026-05-05,-3.5643
2026-04-30,DN,10,HINDUNILVR.NS,0.7671,3.0978,-4.8808,2026-05-01,0.0,2026-05-05,3.3986
2026-04-30,DN,11,EMAMILTD.NS,0.7654,3.4204,-4.8994,2026-05-01,0.0,2026-05-05,1.7435
2026-04-30,DN,12,TORNTPOWER.NS,0.7527,3.8158,-0.0576,2026-05-01,0.0,2026-05-05,-0.0749
2026-04-30,DN,13,GODREJCP.NS,0.7517,3.0205,-6.6363,2026-05-01,0.0,2026-05-05,3.2237
2026-04-30,DN,14,RVNL.NS,0.7509,3.3896,-3.1119,2026-05-01,0.0,2026-05-05,0.9407
2026-04-30,DN,15,MOTHERSON.NS,0.7434,3.7344,-4.7241,2026-05-01,0.0,2026-05-05,-0.8003
2026-04-30,DN,16,NATIONALUM.NS,0.7405,3.5786,-9.095,2026-05-01,0.0,2026-05-05,3.5813
2026-04-30,DN,17,DEEPAKNTR.NS,0.7311,3.7867,0.2887,2026-05-01,None,2026-05-05,1.9805
2026-04-30,DN,18,UNIONBANK.NS,0.7227,4.0281,-7.6623,2026-05-01,0.0,2026-05-05,-1.3258
2026-04-30,DN,19,COLPAL.NS,0.7221,2.939,-2.5114,2026-05-01,0.0,2026-05-05,3.9452
2026-04-30,DN,20,BIKAJI.NS,0.7219,3.2244,-1.9561,2026-05-01,None,2026-05-05,0.4951
2026-05-04,UP,1,IDEAFORGE.NS,0.9956,5.3933,32.9333,2026-05-05,10.0,2026-05-07,8.3789
2026-05-04,UP,2,HFCL.NS,0.9481,4.4697,18.1367,2026-05-05,2.166,2026-05-07,16.0267
2026-05-04,UP,3,SUDARSCHEM.NS,0.9092,4.8341,8.4469,2026-05-05,-0.456,2026-05-07,2.4443
2026-05-04,UP,4,SUNDRMFAST.NS,0.9007,3.1892,7.6228,2026-05-05,-2.6674,2026-05-07,-1.4188
2026-05-04,UP,5,CROMPTON.NS,0.8723,3.4276,7.4494,2026-05-05,-0.8815,2026-05-07,4.6051
2026-05-04,UP,6,CESC.NS,0.8706,3.6113,5.6965,2026-05-05,-5.9581,2026-05-07,-6.094
2026-05-04,UP,7,JINDALPOLY.NS,0.8439,4.2744,4.1914,2026-05-05,4.2932,2026-05-07,0.5341
2026-05-04,UP,8,GALAXYSURF.NS,0.8405,3.8523,5.588,2026-05-05,0.1181,2026-05-07,3.2634
2026-05-04,UP,9,CHOLAFIN.NS,0.8282,2.9007,5.049,2026-05-05,1.0918,2026-05-07,3.0314
2026-05-04,UP,10,KPITTECH.NS,0.8189,3.1237,4.522,2026-05-05,0.514,2026-05-07,-5.9723
2026-05-04,UP,11,SAPPHIRE.NS,0.8138,5.3982,10.1404,2026-05-05,-4.1802,2026-05-07,-2.9829
2026-05-04,UP,12,RBLBANK.NS,0.8097,3.1799,5.5627,2026-05-05,0.8328,2026-05-07,4.7093
2026-05-04,UP,13,TATACHEM.NS,0.8085,3.6714,11.5534,2026-05-05,-0.5337,2026-05-07,-0.0496
2026-05-04,UP,14,STLTECH.NS,0.8061,4.6154,10.573,2026-05-05,4.9943,2026-05-07,15.7427
2026-05-04,UP,15,RAILTEL.NS,0.8024,4.3516,3.7832,2026-05-05,1.3242,2026-05-07,3.6304
2026-05-04,UP,16,KEI.NS,0.7995,3.211,3.4692,2026-05-05,-0.7927,2026-05-07,1.026
2026-05-04,UP,17,RATNAMANI.NS,0.7966,3.7878,3.9988,2026-05-05,1.1845,2026-05-07,4.321
2026-05-04,UP,18,DEEPAKFERT.NS,0.7959,4.0876,3.922,2026-05-05,-1.6368,2026-05-07,3.8244
2026-05-04,UP,19,ADANIPORTS.NS,0.7874,2.5225,7.0064,2026-05-05,-1.01,2026-05-07,-0.5624
2026-05-04,UP,20,ADANIGREEN.NS,0.775,3.7206,4.9606,2026-05-05,3.1533,2026-05-07,5.7566
2026-05-04,DN,1,RAJESHEXPO.NS,0.8749,5.2821,-6.6848,2026-05-05,-0.501,2026-05-07,2.0623
2026-05-04,DN,2,ONMOBILE.NS,0.87,4.8554,-4.1371,2026-05-05,-1.278,2026-05-07,8.5757
2026-05-04,DN,3,SUZLON.NS,0.8537,3.3947,-3.4604,2026-05-05,-0.2001,2026-05-07,1.2555
2026-05-04,DN,4,VBL.NS,0.8522,3.4456,-2.3321,2026-05-05,0.9768,2026-05-07,0.7597
2026-05-04,DN,5,TORNTPOWER.NS,0.852,3.7367,-2.7362,2026-05-05,0.6206,2026-05-07,-0.6671
2026-05-04,DN,6,HINDZINC.NS,0.8486,3.2821,-3.5748,2026-05-05,0.9413,2026-05-07,5.1193
2026-05-04,DN,7,ADANIENSOL.NS,0.8379,4.5654,-2.6048,2026-05-05,0.8009,2026-05-07,-0.8081
2026-05-04,DN,8,GRSE.NS,0.8305,5.3383,-2.5636,2026-05-05,4.9707,2026-05-07,11.3559
2026-05-04,DN,9,SYMPHONY.NS,0.8225,3.6392,-3.4598,2026-05-05,-2.2922,2026-05-07,-1.898
2026-05-04,DN,10,PARAS.NS,0.8119,4.6759,-3.1865,2026-05-05,1.5594,2026-05-07,11.1395
2026-05-04,DN,11,MRPL.NS,0.801,4.9149,-7.3388,2026-05-05,-2.339,2026-05-07,-2.5836
2026-05-04,DN,12,RECLTD.NS,0.784,3.135,-6.4939,2026-05-05,0.8204,2026-05-07,1.768
2026-05-04,DN,13,NATIONALUM.NS,0.7808,3.4506,-7.5283,2026-05-05,1.4223,2026-05-07,-1.0544
2026-05-04,DN,14,JYOTHYLAB.NS,0.7726,3.7247,-0.2049,2026-05-05,-0.9892,2026-05-07,-3.5088
2026-05-04,DN,15,JPPOWER.NS,0.7723,6.0373,-2.9037,2026-05-05,1.0493,2026-05-07,1.7314
2026-05-04,DN,16,MASTEK.NS,0.7709,3.5015,-3.4626,2026-05-05,-0.9907,2026-05-07,0.6983
2026-05-04,DN,17,M&MFIN.NS,0.7689,3.6455,-4.3752,2026-05-05,0.576,2026-05-07,8.1139
2026-05-04,DN,18,RVNL.NS,0.7641,3.1682,-3.0397,2026-05-05,1.281,2026-05-07,4.062
2026-05-04,DN,19,DRREDDY.NS,0.7621,2.9893,-3.5444,2026-05-05,-1.243,2026-05-07,1.5848
2026-05-04,DN,20,TIINDIA.NS,0.7525,3.5326,-2.9522,2026-05-05,0.9085,2026-05-07,3.7681
2026-05-05,UP,1,IDEAFORGE.NS,0.9966,5.3205,41.7791,2026-05-06,1.0136,2026-05-08,1.2498
2026-05-05,UP,2,HFCL.NS,0.9689,4.5247,20.0765,2026-05-06,9.8548,2026-05-08,9.614
2026-05-05,UP,3,JINDALPOLY.NS,0.9439,3.9944,11.1793,2026-05-06,-2.6402,2026-05-08,-5.4865
2026-05-05,UP,4,SUNDRMFAST.NS,0.9114,3.3828,5.982,2026-05-06,1.0962,2026-05-08,-1.4052
2026-05-05,UP,5,IDEA.NS,0.874,3.2011,8.5427,2026-05-06,4.6296,2026-05-08,4.0741
2026-05-05,UP,6,IRCON.NS,0.8359,3.4482,3.2028,2026-05-06,0.1951,2026-05-08,-0.3273
2026-05-05,UP,7,SAPPHIRE.NS,0.8357,5.7925,6.5232,2026-05-06,0.824,2026-05-08,-1.0503
2026-05-05,UP,8,LAURUSLABS.NS,0.8265,2.5369,6.7541,2026-05-06,1.1597,2026-05-08,5.515
2026-05-05,UP,9,CHOLAFIN.NS,0.8204,2.797,7.8756,2026-05-06,3.2883,2026-05-08,1.0076
2026-05-05,UP,10,STLTECH.NS,0.801,4.4689,13.913,2026-05-06,4.9877,2026-05-08,15.7482
2026-05-05,UP,11,NAVINFLUOR.NS,0.7993,2.9453,5.7039,2026-05-06,0.5425,2026-05-08,0.5211
2026-05-05,UP,12,M&M.NS,0.7845,2.541,3.9733,2026-05-06,2.803,2026-05-08,3.7249
2026-05-05,UP,13,MANAPPURAM.NS,0.783,2.9002,4.953,2026-05-06,0.8788,2026-05-08,2.8478
2026-05-05,UP,14,SUDARSCHEM.NS,0.7806,4.7916,6.1398,2026-05-06,0.7244,2026-05-08,0.9215
2026-05-05,UP,15,ROUTE.NS,0.7765,2.8944,5.5094,2026-05-06,0.304,2026-05-08,-1.1981
2026-05-05,UP,16,KPITTECH.NS,0.7636,3.0541,5.1807,2026-05-06,-3.0939,2026-05-08,-5.6117
2026-05-05,UP,17,ADANIGREEN.NS,0.7519,3.6954,6.5163,2026-05-06,1.6224,2026-05-08,1.8327
2026-05-05,UP,18,DATAPATTNS.NS,0.7386,5.1003,3.941,2026-05-06,-1.1469,2026-05-08,-2.7607
2026-05-05,UP,19,LTTS.NS,0.734,3.1224,4.862,2026-05-06,1.7381,2026-05-08,1.6792
2026-05-05,UP,20,ADANIPORTS.NS,0.733,2.5027,5.3371,2026-05-06,1.3507,2026-05-08,2.0522
2026-05-05,DN,1,RAJESHEXPO.NS,0.8952,5.1205,-6.217,2026-05-06,1.3174,2026-05-08,2.3664
2026-05-05,DN,2,ONMOBILE.NS,0.8852,4.9933,-4.1367,2026-05-06,11.0131,2026-05-08,7.3546
2026-05-05,DN,3,CESC.NS,0.8585,4.1983,-2.2952,2026-05-06,-1.0006,2026-05-08,-1.3217
2026-05-05,DN,4,ADANIENSOL.NS,0.8562,4.633,-1.8008,2026-05-06,-0.1632,2026-05-08,-3.9728
2026-05-05,DN,5,MRPL.NS,0.8425,4.9882,-10.35,2026-05-06,0.6678,2026-05-08,7.8336
2026-05-05,DN,6,SYMPHONY.NS,0.8285,3.5189,-7.7834,2026-05-06,1.6136,2026-05-08,-1.4088
2026-05-05,DN,7,NATIONALUM.NS,0.8115,3.41,-6.3194,2026-05-06,-1.7045,2026-05-08,-2.8167
2026-05-05,DN,8,SUZLON.NS,0.8107,3.1332,-4.3091,2026-05-06,-0.9663,2026-05-08,0.2188
2026-05-05,DN,9,TORNTPOWER.NS,0.8079,3.6915,-1.1511,2026-05-06,-0.0404,2026-05-08,-0.5938
2026-05-05,DN,10,VOLTAS.NS,0.8017,3.5805,-8.9471,2026-05-06,0.2689,2026-05-08,-3.7139
2026-05-05,DN,11,RADICO.NS,0.7998,3.8852,-1.7739,2026-05-06,0.5481,2026-05-08,4.1421
2026-05-05,DN,12,SJVN.NS,0.7974,3.2312,-2.971,2026-05-06,0.7308,2026-05-08,-0.7182
2026-05-05,DN,13,JPPOWER.NS,0.7936,6.0822,-3.4586,2026-05-06,0.2596,2026-05-08,-0.9346
2026-05-05,DN,14,WHIRLPOOL.NS,0.7893,3.2761,-1.771,2026-05-06,-0.9347,2026-05-08,-2.3648
2026-05-05,DN,15,VBL.NS,0.7862,3.302,-1.321,2026-05-06,-0.5374,2026-05-08,-0.557
2026-05-05,DN,16,MOIL.NS,0.7859,3.119,-6.9127,2026-05-06,1.4075,2026-05-08,2.0385
2026-05-05,DN,17,DRREDDY.NS,0.7791,2.9337,-6.1568,2026-05-06,3.1309,2026-05-08,1.7857
2026-05-05,DN,18,PNBHOUSING.NS,0.7709,3.1526,-0.1389,2026-05-06,2.2071,2026-05-08,4.7116
2026-05-05,DN,19,RECLTD.NS,0.7681,3.0574,-5.1623,2026-05-06,0.7576,2026-05-08,0.8418
2026-05-05,DN,20,TIINDIA.NS,0.7601,3.4784,-2.2859,2026-05-06,-0.5252,2026-05-08,4.0036
2026-05-06,UP,1,IDEAFORGE.NS,0.9824,5.6488,34.9252,2026-05-07,-2.4623,2026-05-11,-2.0991
2026-05-06,UP,2,ALKYLAMINE.NS,0.97,4.0457,14.3442,2026-05-07,-1.3364,2026-05-11,-6.4089
2026-05-06,UP,3,HFCL.NS,0.9698,4.6106,32.0822,2026-05-07,3.379,2026-05-11,4.9484
2026-05-06,UP,4,TEJASNET.NS,0.9548,3.7472,11.1724,2026-05-07,15.1554,2026-05-11,1.8351
2026-05-06,UP,5,COFORGE.NS,0.9237,3.6646,6.3455,2026-05-07,0.3827,2026-05-11,7.4039
2026-05-06,UP,6,STLTECH.NS,0.9157,4.1774,14.3451,2026-05-07,5.0,2026-05-11,15.7478
2026-05-06,UP,7,DEEPAKNTR.NS,0.844,3.3056,8.261,2026-05-07,1.8006,2026-05-11,2.3057
2026-05-06,UP,8,ONMOBILE.NS,0.8425,5.2705,5.0231,2026-05-07,-0.9295,2026-05-11,-6.3715
2026-05-06,UP,9,IDEA.NS,0.8275,3.2996,9.8154,2026-05-07,-0.6195,2026-05-11,7.7876
2026-05-06,UP,10,RATEGAIN.NS,0.8258,3.327,9.7754,2026-05-07,-0.5722,2026-05-11,3.159
2026-05-06,UP,11,AJANTPHARM.NS,0.8176,2.4105,10.4165,2026-05-07,-0.5781,2026-05-11,-1.0367
2026-05-06,UP,12,BASF.NS,0.8019,2.6403,5.5424,2026-05-07,1.4305,2026-05-11,1.8434
2026-05-06,UP,13,YESBANK.NS,0.8014,2.4401,9.1761,2026-05-07,1.7171,2026-05-11,2.5757
2026-05-06,UP,14,INTELLECT.NS,0.8007,3.4362,6.0358,2026-05-07,-0.2868,2026-05-11,-3.066
2026-05-06,UP,15,CHOLAFIN.NS,0.7986,2.7563,10.2105,2026-05-07,-1.326,2026-05-11,-5.1054
2026-05-06,UP,16,SRF.NS,0.7857,2.5138,6.9193,2026-05-07,1.901,2026-05-11,2.9012
2026-05-06,UP,17,AMBER.NS,0.7855,2.8298,7.1703,2026-05-07,2.0897,2026-05-11,-1.4085
2026-05-06,UP,18,ADANIGREEN.NS,0.7812,3.7375,8.6922,2026-05-07,0.8869,2026-05-11,2.5647
2026-05-06,UP,19,KEI.NS,0.7758,3.6186,4.324,2026-05-07,-0.7458,2026-05-11,-0.5555
2026-05-06,UP,20,LAURUSLABS.NS,0.7703,2.59,6.4642,2026-05-07,2.4541,2026-05-11,7.5747
2026-05-06,DN,1,GRSE.NS,0.8977,5.2237,-1.6826,2026-05-07,2.4098,2026-05-11,-2.6283
2026-05-06,DN,2,RAJESHEXPO.NS,0.859,4.8581,-3.3307,2026-05-07,1.2423,2026-05-11,-3.7187
2026-05-06,DN,3,RADICO.NS,0.8561,3.751,-2.929,2026-05-07,1.4834,2026-05-11,3.9467
2026-05-06,DN,4,JYOTHYLAB.NS,0.8544,4.3531,-2.9991,2026-05-07,0.4078,2026-05-11,-7.8656
2026-05-06,DN,5,WHIRLPOOL.NS,0.8333,3.3711,-2.4444,2026-05-07,0.9126,2026-05-11,-6.1662
2026-05-06,DN,6,OFSS.NS,0.828,3.0072,0.0671,2026-05-07,-2.0218,2026-05-11,-4.6934
2026-05-06,DN,7,SAPPHIRE.NS,0.8277,5.6502,-9.7483,2026-05-07,0.422,2026-05-11,-3.985
2026-05-06,DN,8,VBL.NS,0.8196,3.2413,-2.705,2026-05-07,0.3242,2026-05-11,-1.5031
2026-05-06,DN,9,RBLBANK.NS,0.8143,3.2285,-1.568,2026-05-07,2.9477,2026-05-11,0.4913
2026-05-06,DN,10,MRPL.NS,0.8017,4.935,-9.5222,2026-05-07,-0.9121,2026-05-11,2.2643
2026-05-06,DN,11,CESC.NS,0.795,4.1392,-0.9476,2026-05-07,0.8648,2026-05-11,-1.6215
2026-05-06,DN,12,COCHINSHIP.NS,0.7931,3.2502,-1.167,2026-05-07,3.5138,2026-05-11,-2.0877
2026-05-06,DN,13,SYMPHONY.NS,0.7877,3.3391,-4.8413,2026-05-07,-1.191,2026-05-11,-4.4769
2026-05-06,DN,14,ADANIENSOL.NS,0.7859,4.5114,-0.7651,2026-05-07,-1.4354,2026-05-11,-4.7538
2026-05-06,DN,15,SUZLON.NS,0.7852,3.2269,-4.383,2026-05-07,2.4485,2026-05-11,-1.8778
2026-05-06,DN,16,NATIONALUM.NS,0.7792,3.5192,-6.1736,2026-05-07,-0.7502,2026-05-11,-3.3206
2026-05-06,DN,17,DRREDDY.NS,0.7787,3.0838,-1.4137,2026-05-07,-0.2593,2026-05-11,-2.3722
2026-05-06,DN,18,EXIDEIND.NS,0.7764,3.6374,-3.2329,2026-05-07,3.6252,2026-05-11,0.2843
2026-05-06,DN,19,DATAPATTNS.NS,0.7679,5.2913,1.2967,2026-05-07,1.8842,2026-05-11,-0.7072
2026-05-06,DN,20,OIL.NS,0.7671,3.0515,-8.6436,2026-05-07,0.5775,2026-05-11,1.2771
2026-05-07,UP,1,TEJASNET.NS,0.9825,4.2731,28.4837,2026-05-08,-3.5621,2026-05-12,-13.6108
2026-05-07,UP,2,ALKYLAMINE.NS,0.9505,4.296,14.4384,2026-05-08,-1.5965,2026-05-12,-8.2075
2026-05-07,UP,3,PARAS.NS,0.9345,4.0331,9.4743,2026-05-08,-0.3335,2026-05-12,-7.9241
2026-05-07,UP,4,HFCL.NS,0.9269,4.5713,26.0364,2026-05-08,-3.4806,2026-05-12,1.0531
2026-05-07,UP,5,CRAFTSMAN.NS,0.9,3.0483,11.438,2026-05-08,3.9887,2026-05-12,0.5905
2026-05-07,UP,6,BEML.NS,0.891,3.1022,10.7469,2026-05-08,-2.4648,2026-05-12,-10.364
2026-05-07,UP,7,ENDURANCE.NS,0.8847,3.1332,8.8218,2026-05-08,-0.2878,2026-05-12,1.6797
2026-05-07,UP,8,COFORGE.NS,0.8602,3.6462,7.4755,2026-05-08,6.4421,2026-05-12,2.7309
2026-05-07,UP,9,MOTHERSON.NS,0.8532,3.196,7.6066,2026-05-08,1.2267,2026-05-12,-4.7305
2026-05-07,UP,10,IDEAFORGE.NS,0.8464,5.9586,30.0476,2026-05-08,2.7643,2026-05-12,-7.5292
2026-05-07,UP,11,DEEPAKNTR.NS,0.8316,3.2879,7.5576,2026-05-08,1.1594,2026-05-12,-0.3289
2026-05-07,UP,12,POLYCAB.NS,0.8216,2.6309,11.0043,2026-05-08,0.8886,2026-05-12,0.2055
2026-05-07,UP,13,YESBANK.NS,0.8075,2.418,12.9453,2026-05-08,1.9103,2026-05-12,-1.9991
2026-05-07,UP,14,BDL.NS,0.7993,2.7307,7.5361,2026-05-08,-1.2475,2026-05-12,-9.0463
2026-05-07,UP,15,MIDHANI.NS,0.799,3.568,6.1041,2026-05-08,1.825,2026-05-12,-5.8738
2026-05-07,UP,16,LAURUSLABS.NS,0.7837,2.6837,9.5872,2026-05-08,1.8069,2026-05-12,5.0974
2026-05-07,UP,17,ROUTE.NS,0.7782,2.8298,9.5798,2026-05-08,-4.3538,2026-05-12,-11.7718
2026-05-07,UP,18,SRF.NS,0.7774,2.695,10.0333,2026-05-08,0.3428,2026-05-12,-1.8078
2026-05-07,UP,19,AMBER.NS,0.776,2.7994,10.2006,2026-05-08,-0.2036,2026-05-12,-7.6788
2026-05-07,UP,20,KEI.NS,0.7697,3.725,5.2023,2026-05-08,-0.2074,2026-05-12,-2.2132
2026-05-07,DN,1,OFSS.NS,0.9194,3.0546,-2.3441,2026-05-08,-1.6108,2026-05-12,-5.1377
2026-05-07,DN,2,JYOTHYLAB.NS,0.8675,4.21,-2.6878,2026-05-08,1.1219,2026-05-12,-11.5474
2026-05-07,DN,3,KPITTECH.NS,0.8392,3.8845,-4.7955,2026-05-08,0.8995,2026-05-12,-1.4668
2026-05-07,DN,4,CESC.NS,0.8334,4.1488,-0.4906,2026-05-08,-1.1789,2026-05-12,-3.2742
2026-05-07,DN,5,SAPPHIRE.NS,0.8314,5.6033,-8.5696,2026-05-08,-2.2714,2026-05-12,-8.0802
2026-05-07,DN,6,TORNTPOWER.NS,0.8267,3.8294,-1.3537,2026-05-08,0.6949,2026-05-12,-6.7095
2026-05-07,DN,7,BIKAJI.NS,0.8213,3.234,-2.3956,2026-05-08,-0.3782,2026-05-12,-2.3877
2026-05-07,DN,8,SYMPHONY.NS,0.801,3.4191,-4.4757,2026-05-08,-1.8049,2026-05-12,-5.4457
2026-05-07,DN,9,OIL.NS,0.785,2.9985,-7.7323,2026-05-08,0.2981,2026-05-12,8.4134
2026-05-07,DN,10,PNBHOUSING.NS,0.7671,2.9051,0.569,2026-05-08,3.7657,2026-05-12,0.5801
2026-05-07,DN,11,EXIDEIND.NS,0.7606,3.8806,1.0817,2026-05-08,-0.6036,2026-05-12,-4.9801
2026-05-07,DN,12,RADICO.NS,0.7596,3.5345,-0.4703,2026-05-08,2.0605,2026-05-12,0.634
2026-05-07,DN,13,WHIRLPOOL.NS,0.7484,3.0833,-0.7052,2026-05-08,-2.3348,2026-05-12,-11.9399
2026-05-07,DN,14,RBLBANK.NS,0.7423,3.4129,2.7336,2026-05-08,-0.6652,2026-05-12,-5.9291
2026-05-07,DN,15,SHYAMMETL.NS,0.7352,3.2727,1.1788,2026-05-08,2.2001,2026-05-12,-4.5699
2026-05-07,DN,16,TECHM.NS,0.7352,2.9386,-1.717,2026-05-08,1.022,2026-05-12,-3.8185
2026-05-07,DN,17,VBL.NS,0.7341,3.0356,-0.6035,2026-05-08,-0.3427,2026-05-12,-4.3576
2026-05-07,DN,18,MRPL.NS,0.7316,4.8255,-7.2814,2026-05-08,8.1043,2026-05-12,-0.7918
2026-05-07,DN,19,GLENMARK.NS,0.7274,2.7119,-1.442,2026-05-08,-0.2193,2026-05-12,-4.828
2026-05-07,DN,20,SOBHA.NS,0.7261,3.4282,1.2278,2026-05-08,-1.7643,2026-05-12,-3.9076
2026-05-08,UP,1,CRAFTSMAN.NS,0.9601,3.6305,16.8249,2026-05-11,-1.954,2026-05-13,-4.4202
2026-05-08,UP,2,TEJASNET.NS,0.9546,4.7726,23.907,2026-05-11,-8.3009,2026-05-13,-9.1855
2026-05-08,UP,3,IDEAFORGE.NS,0.9331,6.2752,33.6425,2026-05-11,-2.3276,2026-05-13,-5.2877
2026-05-08,UP,4,COFORGE.NS,0.9297,3.7346,14.3992,2026-05-11,0.519,2026-05-13,-5.1897
2026-05-08,UP,5,CENTUM.NS,0.9205,4.3262,9.0172,2026-05-11,-1.5718,2026-05-13,-2.6798
2026-05-08,UP,6,PARAS.NS,0.8865,3.8426,9.1092,2026-05-11,-0.427,2026-05-13,-8.3718
2026-05-08,UP,7,HFCL.NS,0.8826,4.9679,21.6496,2026-05-11,5.1789,2026-05-13,8.7212
2026-05-08,UP,8,STLTECH.NS,0.8778,3.9325,27.5271,2026-05-11,4.9874,2026-05-13,7.767
2026-05-08,UP,9,BASF.NS,0.8594,2.8672,10.651,2026-05-11,-3.8935,2026-05-13,-4.2012
2026-05-08,UP,10,MIDHANI.NS,0.8478,3.5303,8.0405,2026-05-11,-3.3828,2026-05-13,-0.5341
2026-05-08,UP,11,OLECTRA.NS,0.8326,3.4718,7.6349,2026-05-11,2.1854,2026-05-13,-4.4753
2026-05-08,UP,12,CERA.NS,0.8271,2.6279,10.0788,2026-05-11,6.3992,2026-05-13,0.467
2026-05-08,UP,13,INTELLECT.NS,0.8193,3.7724,8.2444,2026-05-11,-5.7573,2026-05-13,-10.6346
2026-05-08,UP,14,BEML.NS,0.8152,3.3505,8.0173,2026-05-11,-2.0606,2026-05-13,-5.2335
2026-05-08,UP,15,ENDURANCE.NS,0.8135,3.1129,8.5085,2026-05-11,3.9543,2026-05-13,0.0316
2026-05-08,UP,16,ALKYLAMINE.NS,0.8099,4.423,12.6113,2026-05-11,-3.6022,2026-05-13,-4.1352
2026-05-08,UP,17,IDEA.NS,0.8068,3.4316,9.9804,2026-05-11,8.363,2026-05-13,14.1459
2026-05-08,UP,18,CLEAN.NS,0.7959,3.2259,9.041,2026-05-11,-3.5438,2026-05-13,-8.5097
2026-05-08,UP,19,YESBANK.NS,0.7944,2.4007,15.1029,2026-05-11,-1.0462,2026-05-13,-3.6181
2026-05-08,UP,20,MOTHERSON.NS,0.7932,3.12,8.9267,2026-05-11,-1.3103,2026-05-13,-4.3248
2026-05-08,DN,1,OFSS.NS,0.9019,3.1211,-3.9171,2026-05-11,-1.1342,2026-05-13,-4.462
2026-05-08,DN,2,SAPPHIRE.NS,0.8408,5.7479,-10.6464,2026-05-11,-2.1663,2026-05-13,-4.0551
2026-05-08,DN,3,KPITTECH.NS,0.8323,3.9057,-3.9391,2026-05-11,0.5897,2026-05-13,-2.5372
2026-05-08,DN,4,JYOTHYLAB.NS,0.8321,4.0991,-1.5961,2026-05-11,-9.2578,2026-05-13,-14.7093
2026-05-08,DN,5,OIL.NS,0.7986,2.9416,-7.4572,2026-05-11,0.3963,2026-05-13,11.6469
2026-05-08,DN,6,TORNTPOWER.NS,0.7795,3.5507,-0.6682,2026-05-11,-2.5226,2026-05-13,-15.501
2026-05-08,DN,7,EXIDEIND.NS,0.7784,3.8322,0.4715,2026-05-11,-2.6363,2026-05-13,-3.5749
2026-05-08,DN,8,SYMPHONY.NS,0.7696,3.3511,-6.1998,2026-05-11,-1.5485,2026-05-13,-2.1528
2026-05-08,DN,9,TATACHEM.NS,0.7674,4.2429,-3.3931,2026-05-11,-2.5846,2026-05-13,-1.7209
2026-05-08,DN,10,SOBHA.NS,0.7653,3.5203,-0.5581,2026-05-11,-0.7647,2026-05-13,-2.8062
2026-05-08,DN,11,JPPOWER.NS,0.7647,5.6791,-3.2454,2026-05-11,-3.4067,2026-05-13,-8.0189
2026-05-08,DN,12,CESC.NS,0.7597,3.9012,-1.6637,2026-05-11,-1.3014,2026-05-13,-2.5541
2026-05-08,DN,13,DRREDDY.NS,0.7514,3.0638,-2.1922,2026-05-11,-1.082,2026-05-13,-2.2104
2026-05-08,DN,14,TCS.NS,0.744,2.4301,-3.2135,2026-05-11,-0.0626,2026-05-13,-5.0785
2026-05-08,DN,15,GLENMARK.NS,0.7386,2.8056,-1.6582,2026-05-11,-0.8071,2026-05-13,-3.7525
2026-05-08,DN,16,RBLBANK.NS,0.7384,3.5085,2.0502,2026-05-11,-1.7324,2026-05-13,-5.1536
2026-05-08,DN,17,DATAPATTNS.NS,0.7369,5.4373,0.5316,2026-05-11,0.9407,2026-05-13,2.2615
2026-05-08,DN,18,MPHASIS.NS,0.7284,3.5059,-2.7452,2026-05-11,-0.5871,2026-05-13,-3.1162
2026-05-08,DN,19,VBL.NS,0.7225,2.9794,-0.9441,2026-05-11,-1.4837,2026-05-13,-3.8715
2026-05-08,DN,20,SUNDRMFAST.NS,0.7207,3.202,-0.0886,2026-05-11,-1.443,2026-05-13,0.4081
2026-05-11,UP,1,MAPMYINDIA.NS,0.9493,3.7575,14.6782,2026-05-12,-6.3649,2026-05-14,-5.5989
2026-05-11,UP,2,RATNAMANI.NS,0.9493,4.6074,12.4059,2026-05-12,-6.1191,2026-05-14,-5.1737
2026-05-11,UP,3,CRAFTSMAN.NS,0.9471,3.9222,14.6764,2026-05-12,-1.34,2026-05-14,-2.7141
2026-05-11,UP,4,COFORGE.NS,0.9284,3.7371,19.4165,2026-05-12,-3.9849,2026-05-14,-7.3153
2026-05-11,UP,5,IDEA.NS,0.909,3.7063,15.7795,2026-05-12,-2.381,2026-05-14,6.486
2026-05-11,UP,6,ENDURANCE.NS,0.8988,3.3724,11.1116,2026-05-12,-1.9057,2026-05-14,-0.3538
2026-05-11,UP,7,CERA.NS,0.8908,2.9965,16.0645,2026-05-12,-3.6655,2026-05-14,-7.5179
2026-05-11,UP,8,TEJASNET.NS,0.8905,5.9345,12.2427,2026-05-12,-2.3108,2026-05-14,-2.8938
2026-05-11,UP,9,OLECTRA.NS,0.8869,3.4252,9.6175,2026-05-12,-7.2993,2026-05-14,-7.6058
2026-05-11,UP,10,RATEGAIN.NS,0.8864,3.8021,8.7513,2026-05-12,-5.9347,2026-05-14,-2.234
2026-05-11,UP,11,PARAS.NS,0.8796,3.8512,10.2959,2026-05-12,-7.2198,2026-05-14,-9.2421
2026-05-11,UP,12,M&MFIN.NS,0.8772,3.8835,10.9447,2026-05-12,-2.9966,2026-05-14,-4.7916
2026-05-11,UP,13,HFCL.NS,0.8738,5.1029,17.788,2026-05-12,-0.458,2026-05-14,2.1083
2026-05-11,UP,14,CENTUM.NS,0.86,4.0753,8.6542,2026-05-12,-3.9236,2026-05-14,-2.4903
2026-05-11,UP,15,TATACONSUM.NS,0.8117,2.6194,9.5312,2026-05-12,-1.4162,2026-05-14,-3.3596
2026-05-11,UP,16,YESBANK.NS,0.8017,2.5677,13.7275,2026-05-12,-2.8194,2026-05-14,-2.2467
2026-05-11,UP,17,WELCORP.NS,0.7944,3.4852,7.2968,2026-05-12,-0.7448,2026-05-14,2.8737
2026-05-11,UP,18,BIOCON.NS,0.7922,2.648,8.2779,2026-05-12,3.0734,2026-05-14,7.3121
2026-05-11,UP,19,NATCOPHARM.NS,0.7896,2.8873,8.2003,2026-05-12,-1.9983,2026-05-14,-0.1327
2026-05-11,UP,20,GRANULES.NS,0.7852,2.999,7.4211,2026-05-12,-3.5138,2026-05-14,-2.6866
2026-05-11,DN,1,JYOTHYLAB.NS,0.8738,5.2099,-11.4595,2026-05-12,-3.6046,2026-05-14,-6.6821
2026-05-11,DN,2,OFSS.NS,0.8396,3.102,-5.0411,2026-05-12,-2.4785,2026-05-14,-3.6257
2026-05-11,DN,3,SAPPHIRE.NS,0.8314,5.7142,-7.2405,2026-05-12,-3.8611,2026-05-14,-3.3882
2026-05-11,DN,4,GODREJPROP.NS,0.8109,3.4291,-5.5532,2026-05-12,-4.5645,2026-05-14,-3.3885
2026-05-11,DN,5,KPITTECH.NS,0.8099,3.9116,-4.567,2026-05-12,-2.9177,2026-05-14,-3.3336
2026-05-11,DN,6,TATACHEM.NS,0.803,4.4733,-5.5104,2026-05-12,1.169,2026-05-14,-0.5582
2026-05-11,DN,7,ADANIENSOL.NS,0.7915,4.9042,-4.1476,2026-05-12,-4.1853,2026-05-14,-1.5891
2026-05-11,DN,8,CESC.NS,0.7787,3.9229,-8.4088,2026-05-12,-0.8296,2026-05-14,1.3461
2026-05-11,DN,9,SHYAMMETL.NS,0.771,3.7857,-3.7111,2026-05-12,-3.229,2026-05-14,1.2503
2026-05-11,DN,10,SUNDRMFAST.NS,0.767,3.2403,-5.42,2026-05-12,-0.8161,2026-05-14,2.1062
2026-05-11,DN,11,LUPIN.NS,0.7636,2.9624,-3.9552,2026-05-12,-0.4654,2026-05-14,0.102
2026-05-11,DN,12,EXIDEIND.NS,0.762,4.0058,-1.7686,2026-05-12,-1.8146,2026-05-14,-0.8506
2026-05-11,DN,13,NOCIL.NS,0.7607,3.9577,-9.8775,2026-05-12,-2.9748,2026-05-14,-2.3215
2026-05-11,DN,14,GODREJCP.NS,0.7464,3.2715,-5.7436,2026-05-12,1.9092,2026-05-14,2.2158
2026-05-11,DN,15,RELIANCE.NS,0.7318,2.317,-5.1193,2026-05-12,-1.7433,2026-05-14,-1.9017
2026-05-11,DN,16,COALINDIA.NS,0.7279,2.4976,-3.2295,2026-05-12,-0.3014,2026-05-14,-2.2392
2026-05-11,DN,17,IDEAFORGE.NS,0.7238,6.3731,8.7825,2026-05-12,-7.8722,2026-05-14,6.665
2026-05-11,DN,18,VOLTAS.NS,0.7114,3.5159,-10.1568,2026-05-12,-2.8243,2026-05-14,-0.995
2026-05-11,DN,19,CHOLAFIN.NS,0.71,3.0277,-0.9149,2026-05-12,-3.9089,2026-05-14,-3.5334
2026-05-11,DN,20,KALYANKJIL.NS,0.7073,3.2135,-6.7989,2026-05-12,-6.0748,2026-05-14,-6.2825
2026-05-12,UP,1,STLTECH.NS,0.9672,4.2326,22.6293,2026-05-13,1.7198,2026-05-15,5.3979
2026-05-12,UP,2,TEJASNET.NS,0.9495,6.66,8.2707,2026-05-13,1.378,2026-05-15,-3.2661
2026-05-12,UP,3,MAPMYINDIA.NS,0.9318,4.4028,7.242,2026-05-13,1.7155,2026-05-15,0.5603
2026-05-12,UP,4,ENDURANCE.NS,0.908,3.5789,9.839,2026-05-13,-1.904,2026-05-15,-1.175
2026-05-12,UP,5,IDEA.NS,0.901,4.037,10.0926,2026-05-13,7.9058,2026-05-15,8.9151
2026-05-12,UP,6,CERA.NS,0.8859,3.2174,10.4351,2026-05-13,-1.9826,2026-05-15,-4.9101
2026-05-12,UP,7,COFORGE.NS,0.8786,3.7499,12.9706,2026-05-13,-1.7646,2026-05-15,-2.9006
2026-05-12,UP,8,CRAFTSMAN.NS,0.8583,4.2226,12.2263,2026-05-13,-1.1913,2026-05-15,-2.5955
2026-05-12,UP,9,HFCL.NS,0.8464,5.253,14.7628,2026-05-13,3.8436,2026-05-15,0.0744
2026-05-12,UP,10,BIOCON.NS,0.8301,2.7439,9.2872,2026-05-13,3.7644,2026-05-15,6.8704
2026-05-12,UP,11,OIL.NS,0.825,3.1964,3.0325,2026-05-13,3.2895,2026-05-15,5.5708
2026-05-12,UP,12,OLECTRA.NS,0.8223,4.2112,1.9343,2026-05-13,0.8425,2026-05-15,-2.5433
2026-05-12,UP,13,RATEGAIN.NS,0.8197,4.4015,2.3227,2026-05-13,1.1552,2026-05-15,1.034
2026-05-12,UP,14,HINDZINC.NS,0.8192,2.995,5.0143,2026-05-13,3.9258,2026-05-15,-0.6387
2026-05-12,UP,15,PARAS.NS,0.7993,4.3931,0.7614,2026-05-13,-0.8181,2026-05-15,-5.8956
2026-05-12,UP,16,RATNAMANI.NS,0.7947,5.3902,4.2923,2026-05-13,-1.028,2026-05-15,-5.8186
2026-05-12,UP,17,DEEPAKNTR.NS,0.7782,3.4897,4.3471,2026-05-13,0.4382,2026-05-15,-1.1849
2026-05-12,UP,18,CENTUM.NS,0.7748,4.2602,4.9396,2026-05-13,2.9121,2026-05-15,2.5477
2026-05-12,UP,19,YESBANK.NS,0.7738,2.804,7.7148,2026-05-13,0.2267,2026-05-15,0.0453
2026-05-12,UP,20,TATACONSUM.NS,0.7711,2.5271,8.6259,2026-05-13,-1.4366,2026-05-15,-1.5164
2026-05-12,DN,1,IDEAFORGE.NS,0.9548,6.8211,-8.8919,2026-05-13,5.2553,2026-05-15,11.7527
2026-05-12,DN,2,JYOTHYLAB.NS,0.8534,5.3719,-13.7983,2026-05-13,-2.4929,2026-05-15,-4.0892
2026-05-12,DN,3,ADANIENSOL.NS,0.7958,5.0539,-8.889,2026-05-13,2.6396,2026-05-15,1.5028
2026-05-12,DN,4,CHOLAFIN.NS,0.7947,3.3614,-5.8163,2026-05-13,0.8712,2026-05-15,-0.9417
2026-05-12,DN,5,KPITTECH.NS,0.7801,4.0968,-7.8252,2026-05-13,-0.1966,2026-05-15,-1.1727
2026-05-12,DN,6,KALYANKJIL.NS,0.7779,3.8054,-11.0182,2026-05-13,-1.7689,2026-05-15,-2.4185
2026-05-12,DN,7,NOCIL.NS,0.7772,4.1091,-11.5119,2026-05-13,1.4609,2026-05-15,-1.1182
2026-05-12,DN,8,TORNTPOWER.NS,0.7736,4.1688,-7.9034,2026-05-13,-8.7944,2026-05-15,-8.2374
2026-05-12,DN,9,GRSE.NS,0.7578,5.8071,-4.2895,2026-05-13,2.2248,2026-05-15,-3.776
2026-05-12,DN,10,ROUTE.NS,0.7508,3.6902,-8.8609,2026-05-13,1.9621,2026-05-15,-1.1969
2026-05-12,DN,11,GLENMARK.NS,0.7456,3.2023,-6.6504,2026-05-13,0.9082,2026-05-15,3.0482
2026-05-12,DN,12,OFSS.NS,0.7425,3.1202,-7.1752,2026-05-13,-0.91,2026-05-15,0.0499
2026-05-12,DN,13,COCHINSHIP.NS,0.7381,4.0251,-5.6127,2026-05-13,2.2895,2026-05-15,-1.3366
2026-05-12,DN,14,SHYAMMETL.NS,0.7354,4.2071,-5.3939,2026-05-13,2.5544,2026-05-15,3.9827
2026-05-12,DN,15,TITAN.NS,0.7286,3.2162,-7.2778,2026-05-13,0.8729,2026-05-15,2.8062
2026-05-12,DN,16,TATACHEM.NS,0.7251,4.6418,-3.8929,2026-05-13,-0.2791,2026-05-15,-2.7718
2026-05-12,DN,17,GODREJCP.NS,0.7248,3.2774,-6.473,2026-05-13,0.0291,2026-05-15,0.8736
2026-05-12,DN,18,RELIANCE.NS,0.7129,2.4434,-6.8051,2026-05-13,-0.3812,2026-05-15,-2.0235
2026-05-12,DN,19,SUDARSCHEM.NS,0.7093,4.6849,-6.8179,2026-05-13,0.4402,2026-05-15,-0.6974
2026-05-12,DN,20,DATAPATTNS.NS,0.6924,4.9022,-3.7299,2026-05-13,3.2911,2026-05-15,-4.5785
2026-05-13,UP,1,MIDHANI.NS,0.9251,4.2081,5.5416,2026-05-14,0.6921,2026-05-18,-5.0597
2026-05-13,UP,2,OIL.NS,0.8785,3.2129,12.6263,2026-05-14,2.0607,2026-05-18,-0.2071
2026-05-13,UP,3,STLTECH.NS,0.8746,4.2203,18.8123,2026-05-14,4.3811,2026-05-18,4.1343
2026-05-13,UP,4,SAIL.NS,0.8729,3.0284,8.2079,2026-05-14,-1.1077,2026-05-18,-4.2621
2026-05-13,UP,5,IDEA.NS,0.8563,4.2534,13.5398,2026-05-14,1.0912,2026-05-18,0.2338
2026-05-13,UP,6,MAPMYINDIA.NS,0.8446,4.3769,7.6903,2026-05-14,-0.8823,2026-05-18,-8.4475
2026-05-13,UP,7,RATNAMANI.NS,0.8424,5.4795,3.4125,2026-05-14,2.0563,2026-05-18,-12.8604
2026-05-13,UP,8,BIOCON.NS,0.8373,2.7915,9.7215,2026-05-14,0.3352,2026-05-18,2.0714
2026-05-13,UP,9,HINDZINC.NS,0.8222,3.1024,5.1213,2026-05-14,0.3223,2026-05-18,-4.587
2026-05-13,UP,10,ENDURANCE.NS,0.8188,3.6783,7.4548,2026-05-14,3.5538,2026-05-18,-0.1186
2026-05-13,UP,11,CENTUM.NS,0.8185,4.2555,7.5076,2026-05-14,-1.3801,2026-05-18,-3.677
2026-05-13,UP,12,PARAS.NS,0.8061,4.6561,-1.3725,2026-05-14,-1.3727,2026-05-18,-6.3598
2026-05-13,UP,13,CERA.NS,0.8029,3.4306,7.9941,2026-05-14,-2.0572,2026-05-18,-4.3123
2026-05-13,UP,14,TIINDIA.NS,0.8022,3.3429,0.8228,2026-05-14,-4.7671,2026-05-18,-4.2843
2026-05-13,UP,15,LAURUSLABS.NS,0.7976,2.7774,8.7381,2026-05-14,2.7333,2026-05-18,3.6548
2026-05-13,UP,16,METROBRAND.NS,0.7961,3.2307,2.3178,2026-05-14,0.3919,2026-05-18,-0.7456
2026-05-13,UP,17,BASF.NS,0.7941,3.5671,1.5173,2026-05-14,0.9455,2026-05-18,-0.7538
2026-05-13,UP,18,BHARATFORG.NS,0.7844,3.4299,3.8478,2026-05-14,0.1542,2026-05-18,-2.8213
2026-05-13,UP,19,NATIONALUM.NS,0.782,3.2648,0.4182,2026-05-14,2.0086,2026-05-18,-1.9106
2026-05-13,UP,20,CRAFTSMAN.NS,0.7722,4.4474,10.4187,2026-05-14,-0.2039,2026-05-18,-1.8172
2026-05-13,DN,1,IDEAFORGE.NS,0.8839,6.8742,-5.0662,2026-05-14,9.9987,2026-05-18,6.0433
2026-05-13,DN,2,KALYANKJIL.NS,0.8337,4.1573,-14.4954,2026-05-14,1.5757,2026-05-18,-2.6168
2026-05-13,DN,3,CHOLAFIN.NS,0.8293,3.3968,-8.0203,2026-05-14,-0.4763,2026-05-18,-2.9658
2026-05-13,DN,4,TORNTPOWER.NS,0.8205,4.8242,-15.9689,2026-05-14,0.0412,2026-05-18,4.557
2026-05-13,DN,5,ALKYLAMINE.NS,0.8188,4.5374,-6.9264,2026-05-14,6.9225,2026-05-18,4.5396
2026-05-13,DN,6,JYOTHYLAB.NS,0.8178,5.4022,-13.4007,2026-05-14,-0.7176,2026-05-18,-3.6107
2026-05-13,DN,7,LUPIN.NS,0.7876,2.9931,-9.3045,2026-05-14,1.9227,2026-05-18,1.6609
2026-05-13,DN,8,SHRIRAMFIN.NS,0.7866,3.4029,-8.3209,2026-05-14,1.5806,2026-05-18,1.4285
2026-05-13,DN,9,INTELLECT.NS,0.7805,4.631,-8.0826,2026-05-14,-3.8003,2026-05-18,-4.1401
2026-05-13,DN,10,ROUTE.NS,0.7805,3.8639,-7.3543,2026-05-14,-2.5594,2026-05-18,-3.6274
2026-05-13,DN,11,JSWENERGY.NS,0.7666,3.556,-10.3363,2026-05-14,0.707,2026-05-18,3.8983
2026-05-13,DN,12,INDUSINDBK.NS,0.7373,2.9468,-5.7301,2026-05-14,1.7255,2026-05-18,-0.0392
2026-05-13,DN,13,MGL.NS,0.7373,3.4254,-10.276,2026-05-14,1.9582,2026-05-18,1.1271
2026-05-13,DN,14,SBIN.NS,0.7359,2.7685,-11.4872,2026-05-14,1.0102,2026-05-18,-3.1646
2026-05-13,DN,15,GODREJPROP.NS,0.7354,3.7146,-7.3158,2026-05-14,0.1676,2026-05-18,-2.5598
2026-05-13,DN,16,NOCIL.NS,0.7324,3.8975,-10.0469,2026-05-14,-0.7762,2026-05-18,-4.2128
2026-05-13,DN,17,ONMOBILE.NS,0.7156,4.7337,-8.7544,2026-05-14,-1.0002,2026-05-18,-1.278
2026-05-13,DN,18,ADANIENSOL.NS,0.7058,5.1808,-6.3313,2026-05-14,0.0683,2026-05-18,0.7662
2026-05-13,DN,19,AMBER.NS,0.7052,3.3767,-4.1679,2026-05-14,-0.1446,2026-05-18,-13.8184
2026-05-13,DN,20,RATEGAIN.NS,0.7,4.2879,-1.8421,2026-05-14,2.7472,2026-05-18,2.9468
2026-05-14,UP,1,IDEA.NS,0.9546,4.3177,15.4942,2026-05-15,-0.1542,2026-05-19,4.2406
2026-05-14,UP,2,OIL.NS,0.9051,3.2585,14.2873,2026-05-15,0.1449,2026-05-19,-3.0625
2026-05-14,UP,3,SAIL.NS,0.8891,3.3522,6.3007,2026-05-15,-3.3554,2026-05-19,-0.0151
2026-05-14,UP,4,METROBRAND.NS,0.8454,3.311,1.9313,2026-05-15,-1.9137,2026-05-19,0.1619
2026-05-14,UP,5,RATNAMANI.NS,0.834,5.5108,2.1754,2026-05-15,-6.7576,2026-05-19,-12.3139
2026-05-14,UP,6,STLTECH.NS,0.8284,4.4681,18.112,2026-05-15,-0.733,2026-05-19,-5.2022
2026-05-14,UP,7,BIOCON.NS,0.8252,2.7387,9.6141,2026-05-15,2.6492,2026-05-19,2.1838
2026-05-14,UP,8,TATACOMM.NS,0.8002,2.6987,3.9285,2026-05-15,1.4431,2026-05-19,-0.5736
2026-05-14,UP,9,IDEAFORGE.NS,0.7971,6.6548,7.0622,2026-05-15,-3.478,2026-05-19,-8.4119
2026-05-14,UP,10,MIDHANI.NS,0.7971,4.2173,1.9821,2026-05-15,-3.2828,2026-05-19,-7.881
2026-05-14,UP,11,ENDURANCE.NS,0.7876,3.6014,3.2884,2026-05-15,-2.7142,2026-05-19,-2.8401
2026-05-14,UP,12,ONGC.NS,0.7825,2.6255,5.988,2026-05-15,-0.5151,2026-05-19,-1.4623
2026-05-14,UP,13,AJANTPHARM.NS,0.7786,2.7025,5.8732,2026-05-15,-2.516,2026-05-19,-0.3375
2026-05-14,UP,14,NATIONALUM.NS,0.7779,3.2125,3.2094,2026-05-15,-3.0856,2026-05-19,-4.2022
2026-05-14,UP,15,CIPLA.NS,0.7718,2.468,5.4614,2026-05-15,-0.3202,2026-05-19,-1.8723
2026-05-14,UP,16,LAURUSLABS.NS,0.767,2.7936,9.0344,2026-05-15,0.6157,2026-05-19,2.2349
2026-05-14,UP,17,ALKYLAMINE.NS,0.7633,4.9473,0.8646,2026-05-15,-1.5657,2026-05-19,0.9314
2026-05-14,UP,18,SOLARINDS.NS,0.7629,2.4705,4.8971,2026-05-15,3.8944,2026-05-19,8.7069
2026-05-14,UP,19,GNFC.NS,0.7609,2.683,3.7514,2026-05-15,-1.077,2026-05-19,5.0005
2026-05-14,UP,20,HFCL.NS,0.7604,5.766,3.6584,2026-05-15,-2.4408,2026-05-19,-8.8528
2026-05-14,DN,1,TEJASNET.NS,0.8975,6.9448,-14.1264,2026-05-15,-2.6853,2026-05-19,1.0152
2026-05-14,DN,2,GRSE.NS,0.8568,5.9281,-12.5541,2026-05-15,-0.7208,2026-05-19,-1.7336
2026-05-14,DN,3,INTELLECT.NS,0.8284,5.0791,-11.3214,2026-05-15,-1.0092,2026-05-19,0.5046
2026-05-14,DN,4,JYOTHYLAB.NS,0.8039,5.349,-14.3714,2026-05-15,-0.9261,2026-05-19,-3.5464
2026-05-14,DN,5,ROUTE.NS,0.8002,3.9512,-12.3431,2026-05-15,-0.553,2026-05-19,2.6365
2026-05-14,DN,6,CHOLAFIN.NS,0.7981,3.4103,-7.2283,2026-05-15,-1.3273,2026-05-19,-3.5543
2026-05-14,DN,7,AMBER.NS,0.7872,3.5329,-6.2652,2026-05-15,2.2682,2026-05-19,-13.9953
2026-05-14,DN,8,KALYANKJIL.NS,0.7757,4.0463,-12.1975,2026-05-15,-2.2022,2026-05-19,-4.6676
2026-05-14,DN,9,BEML.NS,0.7742,3.663,-8.3392,2026-05-15,-2.4708,2026-05-19,-0.3818
2026-05-14,DN,10,TORNTPOWER.NS,0.7648,4.683,-14.8788,2026-05-15,0.5694,2026-05-19,1.5504
2026-05-14,DN,11,NOCIL.NS,0.7425,3.835,-11.3218,2026-05-15,-1.7795,2026-05-19,2.4842
2026-05-14,DN,12,COCHINSHIP.NS,0.7401,3.8094,-9.3404,2026-05-15,-3.0817,2026-05-19,-9.4578
2026-05-14,DN,13,SHRIRAMFIN.NS,0.7308,3.3003,-7.9309,2026-05-15,0.2994,2026-05-19,-0.8288
2026-05-14,DN,14,JSWENERGY.NS,0.7284,3.3541,-10.9568,2026-05-15,0.4388,2026-05-19,3.9684
2026-05-14,DN,15,LUPIN.NS,0.7228,2.8376,-8.207,2026-05-15,0.7971,2026-05-19,1.2931
2026-05-14,DN,16,SBIN.NS,0.7223,2.7951,-10.2656,2026-05-15,-1.7043,2026-05-19,-3.1738
2026-05-14,DN,17,PARAS.NS,0.7219,4.5612,-9.931,2026-05-15,-3.7988,2026-05-19,-2.5602
2026-05-14,DN,18,MGL.NS,0.7214,3.3426,-9.527,2026-05-15,1.8924,2026-05-19,-0.7495
2026-05-14,DN,19,HFCL.NS,0.7138,5.766,3.6584,2026-05-15,-2.4408,2026-05-19,-8.8528
2026-05-14,DN,20,ONMOBILE.NS,0.7104,4.831,-8.8195,2026-05-15,3.4612,2026-05-19,-5.0889
2026-05-15,UP,1,JPPOWER.NS,0.9444,5.8561,2.4109,2026-05-18,-2.5077,2026-05-20,-6.2948
2026-05-15,UP,2,CROMPTON.NS,0.827,3.4932,2.9492,2026-05-18,-2.8647,2026-05-20,-3.7589
2026-05-15,UP,3,BIOCON.NS,0.8262,2.7444,13.0652,2026-05-18,-0.8951,2026-05-20,0.6045
2026-05-15,UP,4,SOLARINDS.NS,0.8248,2.7352,7.507,2026-05-18,4.0718,2026-05-20,5.175
2026-05-15,UP,5,SAIL.NS,0.8223,3.5365,4.0675,2026-05-18,0.1715,2026-05-20,3.4511
2026-05-15,UP,6,POLICYBZR.NS,0.8088,3.2256,2.626,2026-05-18,3.5539,2026-05-20,8.3931
2026-05-15,UP,7,ENDURANCE.NS,0.7944,3.9861,0.775,2026-05-18,-0.8554,2026-05-20,0.1491
2026-05-15,UP,8,ADANIGREEN.NS,0.7929,3.9672,1.7112,2026-05-18,-0.7252,2026-05-20,-1.1458
2026-05-15,UP,9,PFIZER.NS,0.7926,2.7563,2.8202,2026-05-18,-1.9255,2026-05-20,-5.3908
2026-05-15,UP,10,OIL.NS,0.7826,3.3006,14.1127,2026-05-18,-2.3635,2026-05-20,-2.6818
2026-05-15,UP,11,SAPPHIRE.NS,0.7814,5.7129,-2.3405,2026-05-18,0.496,2026-05-20,0.9085
2026-05-15,UP,12,IDEA.NS,0.7787,4.556,15.2135,2026-05-18,-0.695,2026-05-20,4.8649
2026-05-15,UP,13,GNFC.NS,0.7745,2.8219,3.6682,2026-05-18,0.9235,2026-05-20,1.186
2026-05-15,UP,14,DRREDDY.NS,0.7664,2.6868,3.3078,2026-05-18,-0.4115,2026-05-20,-1.1072
2026-05-15,UP,15,NATIONALUM.NS,0.7581,3.4458,0.4105,2026-05-18,-0.7805,2026-05-20,-0.2973
2026-05-15,UP,16,BHARTIARTL.NS,0.7463,2.4284,3.8648,2026-05-18,1.7162,2026-05-20,-0.0262
2026-05-15,UP,17,MAPMYINDIA.NS,0.7461,4.5294,6.0275,2026-05-18,-7.3957,2026-05-20,-10.073
2026-05-15,UP,18,AJANTPHARM.NS,0.7441,2.8983,4.6853,2026-05-18,1.1614,2026-05-20,0.3651
2026-05-15,UP,19,ONGC.NS,0.7404,2.7321,7.217,2026-05-18,-0.7182,2026-05-20,-0.3508
2026-05-15,UP,20,TATACONSUM.NS,0.738,2.6077,4.9141,2026-05-18,-0.2431,2026-05-20,-2.0502
2026-05-15,DN,1,TEJASNET.NS,0.8882,7.2558,-13.3456,2026-05-18,-2.0303,2026-05-20,4.6326
2026-05-15,DN,2,KALYANKJIL.NS,0.8635,4.1141,-16.8414,2026-05-18,-1.9686,2026-05-20,-2.6908
2026-05-15,DN,3,CRAFTSMAN.NS,0.8503,4.7234,-5.7785,2026-05-18,-0.4018,2026-05-20,1.3294
2026-05-15,DN,4,GRSE.NS,0.8424,5.923,-11.9752,2026-05-18,-3.8795,2026-05-20,-1.4334
2026-05-15,DN,5,INTELLECT.NS,0.8257,5.0607,-14.8984,2026-05-18,0.6627,2026-05-20,0.4879
2026-05-15,DN,6,OLECTRA.NS,0.8053,4.4051,-7.6826,2026-05-18,-2.6662,2026-05-20,-1.3654
2026-05-15,DN,7,JYOTHYLAB.NS,0.798,5.1225,-16.1056,2026-05-18,-2.0064,2026-05-20,-4.4232
2026-05-15,DN,8,CHOLAFIN.NS,0.792,3.4645,-7.634,2026-05-18,-1.1899,2026-05-20,-1.772
2026-05-15,DN,9,RATNAMANI.NS,0.7797,5.9518,-6.1337,2026-05-18,-8.428,2026-05-20,-5.7028
2026-05-15,DN,10,HAL.NS,0.7778,3.0905,-8.3937,2026-05-18,-1.3611,2026-05-20,-1.3611
2026-05-15,DN,11,BEML.NS,0.7589,3.8053,-8.3449,2026-05-18,-1.1577,2026-05-20,2.2762
2026-05-15,DN,12,YESBANK.NS,0.7447,3.0552,-3.7925,2026-05-18,-1.1781,2026-05-20,-0.3172
2026-05-15,DN,13,COFORGE.NS,0.7432,3.6664,-6.2861,2026-05-18,5.1478,2026-05-20,9.3752
2026-05-15,DN,14,BASF.NS,0.7373,3.5364,-4.3327,2026-05-18,-0.6174,2026-05-20,-6.0101
2026-05-15,DN,15,PRESTIGE.NS,0.7368,3.3298,-10.9534,2026-05-18,0.0373,2026-05-20,3.3974
2026-05-15,DN,16,CLEAN.NS,0.736,4.1759,-14.1585,2026-05-18,-2.4653,2026-05-20,-1.5522
2026-05-15,DN,17,PARAS.NS,0.7355,4.9101,-13.0625,2026-05-18,-1.3074,2026-05-20,1.1216
2026-05-15,DN,18,IDEAFORGE.NS,0.7302,7.1943,0.5589,2026-05-18,-0.1221,2026-05-20,-7.9822
2026-05-15,DN,19,MGL.NS,0.724,3.5172,-7.2726,2026-05-18,-2.6572,2026-05-20,-1.1033
2026-05-15,DN,20,TITAN.NS,0.7206,3.1118,-7.5383,2026-05-18,0.0144,2026-05-20,-1.5039
2026-05-18,UP,1,JPPOWER.NS,0.908,6.1267,3.3641,2026-05-19,-1.1024,2026-05-21,-2.5722
2026-05-18,UP,2,SAIL.NS,0.8959,3.5898,6.6456,2026-05-19,3.2792,2026-05-21,1.9717
2026-05-18,UP,3,POLICYBZR.NS,0.8553,3.2787,6.4414,2026-05-19,3.2317,2026-05-21,4.0611
2026-05-18,UP,4,SOLARINDS.NS,0.8486,2.8886,10.7975,2026-05-19,0.5383,2026-05-21,2.07
2026-05-18,UP,5,GNFC.NS,0.8309,2.9729,7.0309,2026-05-19,5.1724,2026-05-21,0.5972
2026-05-18,UP,6,VINATIORGA.NS,0.8203,3.9181,1.3429,2026-05-19,-4.2633,2026-05-21,-3.9464
2026-05-18,UP,7,ADANIENSOL.NS,0.7804,4.9478,-0.9027,2026-05-19,0.0903,2026-05-21,1.0465
2026-05-18,UP,8,SAPPHIRE.NS,0.7795,5.8138,0.3171,2026-05-19,2.5512,2026-05-21,1.1647
2026-05-18,UP,9,BHARTIARTL.NS,0.7727,2.4759,10.1318,2026-05-19,-1.2693,2026-05-21,-2.7243
2026-05-18,UP,10,GODREJCP.NS,0.7643,3.1461,0.3462,2026-05-19,0.7492,2026-05-21,0.2859
2026-05-18,UP,11,MANAPPURAM.NS,0.7628,3.3042,0.2128,2026-05-19,3.0056,2026-05-21,5.3251
2026-05-18,UP,12,NATIONALUM.NS,0.7575,3.4854,1.8827,2026-05-19,-0.3746,2026-05-21,1.4858
2026-05-18,UP,13,BSE.NS,0.7493,2.7325,5.1736,2026-05-19,1.7012,2026-05-21,1.6065
2026-05-18,UP,14,SHYAMMETL.NS,0.7478,3.601,1.7034,2026-05-19,2.126,2026-05-21,5.4249
2026-05-18,UP,15,ALKYLAMINE.NS,0.7411,5.2709,3.9616,2026-05-19,3.232,2026-05-21,1.8352
2026-05-18,UP,16,AJANTPHARM.NS,0.736,2.8535,4.892,2026-05-19,1.0609,2026-05-21,-2.0192
2026-05-18,UP,17,CIPLA.NS,0.7254,2.4571,9.2957,2026-05-19,-1.1499,2026-05-21,-1.7038
2026-05-18,UP,18,OIL.NS,0.7229,3.2577,10.9759,2026-05-19,-0.8596,2026-05-21,-0.5039
2026-05-18,UP,19,BLUESTARCO.NS,0.7191,3.4792,-1.6435,2026-05-19,2.9502,2026-05-21,1.7566
2026-05-18,UP,20,BIOCON.NS,0.6981,2.8354,9.1689,2026-05-19,0.4457,2026-05-21,1.0792
2026-05-18,DN,1,HFCL.NS,0.8865,6.6044,-5.9073,2026-05-19,-1.0881,2026-05-21,1.4747
2026-05-18,DN,2,AMBER.NS,0.878,5.3805,-16.2305,2026-05-19,-0.3495,2026-05-21,5.361
2026-05-18,DN,3,RATNAMANI.NS,0.8686,6.7861,-19.0336,2026-05-19,2.6962,2026-05-21,2.53
2026-05-18,DN,4,TEJASNET.NS,0.8519,7.6188,-7.42,2026-05-19,5.9537,2026-05-21,6.6407
2026-05-18,DN,5,MAPMYINDIA.NS,0.8457,5.2041,-12.8041,2026-05-19,2.9283,2026-05-21,-4.5948
2026-05-18,DN,6,GRSE.NS,0.8389,6.2373,-12.2348,2026-05-19,2.9748,2026-05-21,4.2182
2026-05-18,DN,7,OLECTRA.NS,0.8128,4.5322,-12.0657,2026-05-19,1.2368,2026-05-21,0.498
2026-05-18,DN,8,CERA.NS,0.8044,3.6756,-9.6473,2026-05-19,3.8679,2026-05-21,4.1288
2026-05-18,DN,9,COCHINSHIP.NS,0.7911,4.4924,-11.8264,2026-05-19,-1.5791,2026-05-21,1.1563
2026-05-18,DN,10,HAL.NS,0.7797,3.3869,-9.0364,2026-05-19,0.1549,2026-05-21,1.0147
2026-05-18,DN,11,PARAS.NS,0.7729,5.1034,-13.8313,2026-05-19,2.6293,2026-05-21,6.3412
2026-05-18,DN,12,YESBANK.NS,0.7612,3.2849,-3.9207,2026-05-19,0.7336,2026-05-21,-1.1004
2026-05-18,DN,13,BEML.NS,0.7579,4.0212,-7.4999,2026-05-19,3.3382,2026-05-21,4.1926
2026-05-18,DN,14,KALYANKJIL.NS,0.743,4.3681,-10.1506,2026-05-19,-0.5634,2026-05-21,1.9936
2026-05-18,DN,15,CLEAN.NS,0.7319,4.4457,-13.1987,2026-05-19,2.0595,2026-05-21,1.7319
2026-05-18,DN,16,TVSMOTOR.NS,0.7314,3.4703,-8.9299,2026-05-19,-0.2309,2026-05-21,2.7256
2026-05-18,DN,17,ENDURANCE.NS,0.7151,3.999,-3.8876,2026-05-19,0.7322,2026-05-21,3.8113
2026-05-18,DN,18,M&MFIN.NS,0.7145,3.6181,-5.8745,2026-05-19,0.7565,2026-05-21,-4.8227
2026-05-18,DN,19,APOLLOTYRE.NS,0.7104,3.3834,-7.5302,2026-05-19,-0.8663,2026-05-21,-0.8663
2026-05-18,DN,20,CENTUM.NS,0.7099,5.9827,-4.7613,2026-05-19,-0.0412,2026-05-21,11.0913
2026-05-19,UP,1,DEEPAKFERT.NS,0.9104,4.0131,7.5168,2026-05-20,-0.5059,2026-05-22,11.2797
2026-05-19,UP,2,SAIL.NS,0.9059,3.5935,13.0388,2026-05-20,-0.005,2026-05-22,1.0852
2026-05-19,UP,3,POLICYBZR.NS,0.8948,3.3308,12.5678,2026-05-20,1.3963,2026-05-22,-0.6871
2026-05-19,UP,4,RATEGAIN.NS,0.8943,4.2702,8.8295,2026-05-20,-2.0932,2026-05-22,6.0644
2026-05-19,UP,5,GNFC.NS,0.8871,3.1426,16.1225,2026-05-20,-4.6708,2026-05-22,-7.2076
2026-05-19,UP,6,ADANIGREEN.NS,0.8775,4.332,5.3364,2026-05-20,-1.0597,2026-05-22,-1.125
2026-05-19,UP,7,NOCIL.NS,0.8713,4.351,3.1742,2026-05-20,-2.1851,2026-05-22,-2.0569
2026-05-19,UP,8,KPITTECH.NS,0.8493,3.8658,4.4449,2026-05-20,0.9547,2026-05-22,0.9883
2026-05-19,UP,9,SOLARINDS.NS,0.8448,2.967,16.24,2026-05-20,0.5189,2026-05-22,0.0883
2026-05-19,UP,10,IDEA.NS,0.8441,4.5435,13.709,2026-05-20,0.4438,2026-05-22,1.5533
2026-05-19,UP,11,JPPOWER.NS,0.8339,6.0055,7.5342,2026-05-20,-2.8132,2026-05-22,-0.4246
2026-05-19,UP,12,SHYAMMETL.NS,0.8153,3.4369,7.3312,2026-05-20,1.8885,2026-05-22,4.6715
2026-05-19,UP,13,ADANIENSOL.NS,0.8035,4.9425,3.5194,2026-05-20,1.2486,2026-05-22,2.8883
2026-05-19,UP,14,PAGEIND.NS,0.7943,2.5369,10.3035,2026-05-20,-1.0724,2026-05-22,1.9509
2026-05-19,UP,15,VOLTAS.NS,0.7879,3.8396,2.5992,2026-05-20,-0.522,2026-05-22,-2.6485
2026-05-19,UP,16,BSE.NS,0.7854,2.8994,8.7983,2026-05-20,0.6634,2026-05-22,0.0716
2026-05-19,UP,17,ALKYLAMINE.NS,0.7809,5.3397,10.9067,2026-05-20,0.5831,2026-05-22,-2.627
2026-05-19,UP,18,COFORGE.NS,0.775,3.9584,6.9373,2026-05-20,-0.687,2026-05-22,-1.7635
2026-05-19,UP,19,MANAPPURAM.NS,0.7718,3.3857,7.5375,2026-05-20,1.2211,2026-05-22,2.791
2026-05-19,UP,20,MPHASIS.NS,0.7718,3.1563,3.4475,2026-05-20,0.3378,2026-05-22,0.0856
2026-05-19,DN,1,HFCL.NS,0.933,6.8828,-6.5029,2026-05-20,0.8468,2026-05-22,7.2664
2026-05-19,DN,2,AMBER.NS,0.8829,5.4309,-12.6784,2026-05-20,-1.1082,2026-05-22,3.2335
2026-05-19,DN,3,RATNAMANI.NS,0.8668,6.5577,-11.4309,2026-05-20,0.2724,2026-05-22,1.2318
2026-05-19,DN,4,MAPMYINDIA.NS,0.8355,5.2796,-4.1499,2026-05-20,-5.6538,2026-05-22,-10.9508
2026-05-19,DN,5,STLTECH.NS,0.815,5.0112,0.6528,2026-05-20,0.9978,2026-05-22,10.0399
2026-05-19,DN,6,HAL.NS,0.778,3.4221,-5.2335,2026-05-20,-0.1546,2026-05-22,0.8123
2026-05-19,DN,7,CERA.NS,0.7704,3.6498,-2.5816,2026-05-20,-0.433,2026-05-22,-1.1345
2026-05-19,DN,8,OLECTRA.NS,0.7606,4.3715,-3.9685,2026-05-20,0.0984,2026-05-22,-0.9757
2026-05-19,DN,9,NATCOPHARM.NS,0.7559,3.6706,-4.3151,2026-05-20,2.246,2026-05-22,3.4309
2026-05-19,DN,10,COCHINSHIP.NS,0.7468,4.3847,-7.8275,2026-05-20,1.2218,2026-05-22,2.8531
2026-05-19,DN,11,TVSMOTOR.NS,0.7468,3.4389,-7.7956,2026-05-20,2.3908,2026-05-22,4.0842
2026-05-19,DN,12,YESBANK.NS,0.7428,3.2057,-0.408,2026-05-20,0.1365,2026-05-22,-0.4552
2026-05-19,DN,13,PARAS.NS,0.7363,5.0078,-4.684,2026-05-20,-0.1638,2026-05-22,6.4081
2026-05-19,DN,14,TEJASNET.NS,0.7334,7.4894,0.4123,2026-05-20,0.7997,2026-05-22,1.1779
2026-05-19,DN,15,CENTUM.NS,0.7269,5.957,-0.9128,2026-05-20,3.0593,2026-05-22,9.5696
2026-05-19,DN,16,SRF.NS,0.7217,2.9347,-3.0869,2026-05-20,-0.9063,2026-05-22,0.0834
2026-05-19,DN,17,TATACONSUM.NS,0.7183,2.7111,-3.3599,2026-05-20,-0.1817,2026-05-22,-1.5773
2026-05-19,DN,18,BHARATFORG.NS,0.718,3.5759,-2.9117,2026-05-20,1.6637,2026-05-22,2.1752
2026-05-19,DN,19,DABUR.NS,0.7167,2.7732,-4.3212,2026-05-20,-0.4196,2026-05-22,-0.3865
2026-05-19,DN,20,APOLLOTYRE.NS,0.7136,3.2632,-6.7335,2026-05-20,1.0756,2026-05-22,-0.0269
2026-05-20,UP,1,POLICYBZR.NS,0.9101,3.4079,11.8377,2026-05-21,-0.5847,2026-05-25,-2.1038
2026-05-20,UP,2,ERIS.NS,0.8849,3.1805,9.5897,2026-05-21,-4.9582,2026-05-25,-7.1801
2026-05-20,UP,3,TATACOMM.NS,0.8832,3.0975,13.9081,2026-05-21,6.7977,2026-05-25,9.0336
2026-05-20,UP,4,KPITTECH.NS,0.871,3.6375,5.6498,2026-05-21,0.0133,2026-05-25,0.7725
2026-05-20,UP,5,COFORGE.NS,0.8668,4.0938,8.1104,2026-05-21,-1.8042,2026-05-25,-0.3066
2026-05-20,UP,6,GNFC.NS,0.8584,3.5244,6.2251,2026-05-21,0.3362,2026-05-25,-1.0376
2026-05-20,UP,7,SOLARINDS.NS,0.8413,2.956,15.3481,2026-05-21,0.9995,2026-05-25,0.9171
2026-05-20,UP,8,SHYAMMETL.NS,0.8342,3.4139,6.6343,2026-05-21,1.3169,2026-05-25,4.276
2026-05-20,UP,9,ALKYLAMINE.NS,0.8235,5.5001,8.5477,2026-05-21,-1.925,2026-05-25,-1.7618
2026-05-20,UP,10,RATEGAIN.NS,0.8144,4.2229,5.3346,2026-05-21,-1.069,2026-05-25,10.0607
2026-05-20,UP,11,JPPOWER.NS,0.8111,6.2651,4.3305,2026-05-21,1.3654,2026-05-25,3.1131
2026-05-20,UP,12,MGL.NS,0.8089,3.6182,2.7414,2026-05-21,-2.0268,2026-05-25,-0.0651
2026-05-20,UP,13,MOTHERSON.NS,0.8035,3.1956,4.6311,2026-05-21,3.6544,2026-05-25,2.8297
2026-05-20,UP,14,IDEA.NS,0.7975,4.5603,5.8457,2026-05-21,0.2946,2026-05-25,3.3873
2026-05-20,UP,15,BSE.NS,0.7886,2.8583,8.4808,2026-05-21,-0.7514,2026-05-25,1.721
2026-05-20,UP,16,DEEPAKFERT.NS,0.7812,3.869,3.8865,2026-05-21,5.0008,2026-05-25,10.5251
2026-05-20,UP,17,PERSISTENT.NS,0.7688,3.3436,4.935,2026-05-21,-1.2805,2026-05-25,-0.9068
2026-05-20,UP,18,PAGEIND.NS,0.7567,2.5,8.364,2026-05-21,0.2481,2026-05-25,0.6791
2026-05-20,UP,19,OFSS.NS,0.7517,2.8373,8.6801,2026-05-21,0.2783,2026-05-25,-0.0052
2026-05-20,UP,20,ADANIENSOL.NS,0.7433,4.5746,2.1165,2026-05-21,-0.2897,2026-05-25,4.3236
2026-05-20,DN,1,HFCL.NS,0.9257,6.5118,-9.2011,2026-05-21,1.7296,2026-05-25,16.8652
2026-05-20,DN,2,MAPMYINDIA.NS,0.8842,6.3251,-11.0943,2026-05-21,-1.7545,2026-05-25,-5.0441
2026-05-20,DN,3,AMBER.NS,0.8809,5.4295,-15.0714,2026-05-21,6.9154,2026-05-25,5.8444
2026-05-20,DN,4,RATNAMANI.NS,0.8532,6.4898,-10.2671,2026-05-21,-0.4331,2026-05-25,-0.0787
2026-05-20,DN,5,STLTECH.NS,0.8351,5.2376,-0.0617,2026-05-21,3.7664,2026-05-25,14.3986
2026-05-20,DN,6,BASF.NS,0.82,4.3736,-6.1391,2026-05-21,-1.1094,2026-05-25,-2.9943
2026-05-20,DN,7,MIDHANI.NS,0.8107,4.7177,-4.8568,2026-05-21,0.9281,2026-05-25,4.5027
2026-05-20,DN,8,HAL.NS,0.798,3.4384,-6.3224,2026-05-21,1.0147,2026-05-25,2.2975
2026-05-20,DN,9,CENTUM.NS,0.7747,6.0017,-0.7711,2026-05-21,7.838,2026-05-25,5.7935
2026-05-20,DN,10,VGUARD.NS,0.7743,3.7587,-5.2737,2026-05-21,-1.0226,2026-05-25,-0.4707
2026-05-20,DN,11,SAIL.NS,0.7658,3.5592,-1.1276,2026-05-21,-1.2611,2026-05-25,-0.3617
2026-05-20,DN,12,MUTHOOTFIN.NS,0.7592,3.2847,-5.6211,2026-05-21,-1.106,2026-05-25,1.3628
2026-05-20,DN,13,CERA.NS,0.7565,3.8245,-1.0415,2026-05-21,0.6871,2026-05-25,-0.3392
2026-05-20,DN,14,COCHINSHIP.NS,0.7493,4.2588,-8.7895,2026-05-21,1.5387,2026-05-25,1.406
2026-05-20,DN,15,OLECTRA.NS,0.746,4.4608,-4.6771,2026-05-21,-0.8273,2026-05-25,-0.172
2026-05-20,DN,16,HINDZINC.NS,0.74,2.897,-5.4939,2026-05-21,-0.3807,2026-05-25,0.6424
2026-05-20,DN,17,NCC.NS,0.728,3.1368,-8.09,2026-05-21,0.4091,2026-05-25,2.9249
2026-05-20,DN,18,BHARATFORG.NS,0.7249,3.5816,-2.9652,2026-05-21,0.5614,2026-05-25,1.5941
2026-05-20,DN,19,PARAS.NS,0.7168,4.8486,-4.0552,2026-05-21,3.7868,2026-05-25,12.3253
2026-05-20,DN,20,DATAPATTNS.NS,0.7151,5.3967,-8.6292,2026-05-21,2.6186,2026-05-25,6.8308
2026-05-21,UP,1,SUDARSCHEM.NS,0.9568,4.1025,10.8647,2026-05-22,3.1411,2026-05-26,2.1382
2026-05-21,UP,2,CENTUM.NS,0.9476,6.0069,8.5039,2026-05-22,-1.4104,2026-05-26,-1.9362
2026-05-21,UP,3,JPPOWER.NS,0.9161,6.5925,3.9194,2026-05-22,1.0776,2026-05-26,3.0711
2026-05-21,UP,4,DEEPAKFERT.NS,0.9032,4.0833,6.4876,2026-05-22,6.5188,2026-05-26,4.6976
2026-05-21,UP,5,TATACOMM.NS,0.8902,3.4989,14.504,2026-05-22,3.5701,2026-05-26,5.9484
2026-05-21,UP,6,MOTHERSON.NS,0.8763,3.4077,8.6353,2026-05-22,-0.5985,2026-05-26,-0.8613
2026-05-21,UP,7,WHIRLPOOL.NS,0.8678,3.7971,3.1081,2026-05-22,-3.6127,2026-05-26,-2.5472
2026-05-21,UP,8,PARAS.NS,0.8385,5.2332,0.9641,2026-05-22,2.6938,2026-05-26,8.5304
2026-05-21,UP,9,METROBRAND.NS,0.8139,3.4373,5.4937,2026-05-22,-3.565,2026-05-26,-4.4585
2026-05-21,UP,10,MANAPPURAM.NS,0.812,3.577,3.6323,2026-05-22,0.5273,2026-05-26,2.4349
2026-05-21,UP,11,SHYAMMETL.NS,0.8085,3.5105,5.8967,2026-05-22,1.3961,2026-05-26,4.7446
2026-05-21,UP,12,KPITTECH.NS,0.7995,3.7745,5.9097,2026-05-22,0.02,2026-05-26,4.5013
2026-05-21,UP,13,PRESTIGE.NS,0.7963,3.7838,1.1535,2026-05-22,0.2093,2026-05-26,1.198
2026-05-21,UP,14,TIINDIA.NS,0.7856,3.819,7.1337,2026-05-22,0.3566,2026-05-26,1.2831
2026-05-21,UP,15,MASTEK.NS,0.7849,3.3996,6.2646,2026-05-22,-0.4141,2026-05-26,-0.5968
2026-05-21,UP,16,RATEGAIN.NS,0.7827,4.7004,1.4224,2026-05-22,9.5026,2026-05-26,11.9626
2026-05-21,UP,17,ADANIENSOL.NS,0.7771,4.9226,1.7512,2026-05-22,1.9148,2026-05-26,9.0225
2026-05-21,UP,18,PAGEIND.NS,0.7759,2.6828,6.2422,2026-05-22,2.8009,2026-05-26,-0.1954
2026-05-21,UP,19,COFORGE.NS,0.7712,4.4667,8.0339,2026-05-22,0.7335,2026-05-26,3.3261
2026-05-21,UP,20,IDEA.NS,0.7707,4.7409,5.0116,2026-05-22,0.8076,2026-05-26,3.8179
2026-05-21,DN,1,HFCL.NS,0.9071,6.7664,-6.4912,2026-05-22,4.5573,2026-05-26,14.1446
2026-05-21,DN,2,MAPMYINDIA.NS,0.8773,6.5553,-11.8767,2026-05-22,-3.9288,2026-05-26,-5.9323
2026-05-21,DN,3,STLTECH.NS,0.8371,5.3841,-0.6503,2026-05-22,4.9982,2026-05-26,15.7563
2026-05-21,DN,4,BASF.NS,0.8366,4.6179,-8.0498,2026-05-22,-2.6149,2026-05-26,-2.5647
2026-05-21,DN,5,AMBER.NS,0.8349,5.6327,-9.0668,2026-05-22,-2.3617,2026-05-26,-2.9853
2026-05-21,DN,6,RATNAMANI.NS,0.8095,6.4508,-12.4559,2026-05-22,1.3959,2026-05-26,2.167
2026-05-21,DN,7,MIDHANI.NS,0.8004,4.9983,-4.6338,2026-05-22,2.6967,2026-05-26,3.0322
2026-05-21,DN,8,ADANIGREEN.NS,0.7994,4.5935,-4.0074,2026-05-22,0.3019,2026-05-26,7.3038
2026-05-21,DN,9,AJANTPHARM.NS,0.7782,3.3226,-3.3751,2026-05-22,-1.3241,2026-05-26,-1.6544
2026-05-21,DN,10,MUTHOOTFIN.NS,0.7751,3.4986,-7.3178,2026-05-22,0.7333,2026-05-26,1.7967
2026-05-21,DN,11,NCC.NS,0.7598,3.3408,-9.2047,2026-05-22,-0.7469,2026-05-26,1.8877
2026-05-21,DN,12,YESBANK.NS,0.7586,3.7453,-2.7941,2026-05-22,1.3908,2026-05-26,5.8414
2026-05-21,DN,13,NATCOPHARM.NS,0.7574,3.8734,-2.4992,2026-05-22,-0.3917,2026-05-26,0.9963
2026-05-21,DN,14,HAL.NS,0.7401,3.5582,-5.1563,2026-05-22,-0.0458,2026-05-26,1.3111
2026-05-21,DN,15,OIL.NS,0.7323,3.2239,-2.7147,2026-05-22,-0.7448,2026-05-26,-2.2642
2026-05-21,DN,16,HINDZINC.NS,0.7305,3.0491,-6.1561,2026-05-22,0.6687,2026-05-26,3.081
2026-05-21,DN,17,WELCORP.NS,0.7263,3.4243,-2.7276,2026-05-22,-3.9618,2026-05-26,-0.842
2026-05-21,DN,18,CIPLA.NS,0.7233,2.6301,-2.4222,2026-05-22,-0.1926,2026-05-26,1.1128
2026-05-21,DN,19,TATACONSUM.NS,0.7149,2.8502,-2.7192,2026-05-22,-0.2594,2026-05-26,-0.6109
2026-05-21,DN,20,OLECTRA.NS,0.7146,4.6992,-4.353,2026-05-22,-0.2478,2026-05-26,1.5859
2026-05-22,UP,1,RATEGAIN.NS,0.9773,5.1443,14.248,2026-05-25,1.5956,2026-05-27,2.0225
2026-05-22,UP,2,SUDARSCHEM.NS,0.9488,4.0805,16.6245,2026-05-25,3.0553,2026-05-27,-3.3712
2026-05-22,UP,3,DEEPAKFERT.NS,0.9411,4.0917,11.7861,2026-05-25,-1.1805,2026-05-27,-1.7369
2026-05-22,UP,4,PARAS.NS,0.9397,5.1456,7.7781,2026-05-25,5.3879,2026-05-27,4.2672
2026-05-22,UP,5,TATACOMM.NS,0.9057,3.5496,16.9048,2026-05-25,-1.4257,2026-05-27,0.1324
2026-05-22,UP,6,CENTUM.NS,0.897,6.2528,5.8722,2026-05-25,-0.4925,2026-05-27,1.6909
2026-05-22,UP,7,ENDURANCE.NS,0.8675,4.048,6.8001,2026-05-25,2.9172,2026-05-27,1.0177
2026-05-22,UP,8,SHYAMMETL.NS,0.8549,3.4064,8.0422,2026-05-25,1.5035,2026-05-27,2.9806
2026-05-22,UP,9,PRESTIGE.NS,0.8547,3.8094,3.4496,2026-05-25,0.9291,2026-05-27,0.8138
2026-05-22,UP,10,ADANIENSOL.NS,0.8384,4.6275,4.9325,2026-05-25,2.661,2026-05-27,12.5886
2026-05-22,UP,11,COFORGE.NS,0.8131,4.27,8.1897,2026-05-25,0.7858,2026-05-27,0.0937
2026-05-22,UP,12,PERSISTENT.NS,0.8067,3.6228,5.7038,2026-05-25,1.3621,2026-05-27,2.5773
2026-05-22,UP,13,POLICYBZR.NS,0.8052,3.6874,6.166,2026-05-25,-0.0502,2026-05-27,-0.424
2026-05-22,UP,14,PAGEIND.NS,0.8005,2.9057,7.1564,2026-05-25,-2.3064,2026-05-27,-3.3202
2026-05-22,UP,15,MOTHERSON.NS,0.7951,3.4739,4.8183,2026-05-25,-0.1983,2026-05-27,4.5748
2026-05-22,UP,16,MANAPPURAM.NS,0.7933,3.394,5.4155,2026-05-25,0.4782,2026-05-27,1.4347
2026-05-22,UP,17,DATAPATTNS.NS,0.7919,5.2956,2.4042,2026-05-25,3.1816,2026-05-27,4.2698
2026-05-22,UP,18,TIINDIA.NS,0.7754,3.7502,5.6485,2026-05-25,1.2055,2026-05-27,6.6151
2026-05-22,UP,19,NAUKRI.NS,0.7727,3.1145,3.5395,2026-05-25,-2.3362,2026-05-27,4.6516
2026-05-22,UP,20,ASHOKLEY.NS,0.7712,3.382,3.3174,2026-05-25,3.7103,2026-05-27,3.4195
2026-05-22,DN,1,AMBER.NS,0.8847,5.9223,-13.1835,2026-05-25,1.3929,2026-05-27,2.1334
2026-05-22,DN,2,MAPMYINDIA.NS,0.8835,6.9458,-15.1218,2026-05-25,0.6041,2026-05-27,-1.7833
2026-05-22,DN,3,BASF.NS,0.8416,4.7603,-9.4833,2026-05-25,0.7279,2026-05-27,-1.7022
2026-05-22,DN,4,ONMOBILE.NS,0.7825,5.8068,-8.4448,2026-05-25,1.8171,2026-05-27,1.8171
2026-05-22,DN,5,GNFC.NS,0.7801,4.0494,-1.5068,2026-05-25,1.668,2026-05-27,1.8851
2026-05-22,DN,6,NCC.NS,0.7739,3.3469,-9.0304,2026-05-25,3.277,2026-05-27,4.0911
2026-05-22,DN,7,PFIZER.NS,0.7655,3.454,-5.7299,2026-05-25,0.3939,2026-05-27,-1.0319
2026-05-22,DN,8,CIPLA.NS,0.7649,2.5831,-2.2973,2026-05-25,1.0506,2026-05-27,1.3579
2026-05-22,DN,9,DEEPAKNTR.NS,0.7604,4.48,-4.7416,2026-05-25,0.3506,2026-05-27,-1.4369
2026-05-22,DN,10,NATCOPHARM.NS,0.7484,3.7537,-2.4518,2026-05-25,0.2821,2026-05-27,0.5215
2026-05-22,DN,11,OIL.NS,0.746,3.1108,-3.579,2026-05-25,-3.4417,2026-05-27,-2.3512
2026-05-22,DN,12,BIOCON.NS,0.7438,3.1269,0.0349,2026-05-25,-0.0465,2026-05-27,0.4532
2026-05-22,DN,13,TATACONSUM.NS,0.7394,2.7683,-3.4198,2026-05-25,-0.386,2026-05-27,1.074
2026-05-22,DN,14,AJANTPHARM.NS,0.7292,3.2518,-2.1938,2026-05-25,-0.8367,2026-05-27,-2.79
2026-05-22,DN,15,ADANIGREEN.NS,0.7177,4.2953,-1.211,2026-05-25,3.5822,2026-05-27,9.3665
2026-05-22,DN,16,STLTECH.NS,0.7099,5.2298,5.0858,2026-05-25,4.9983,2026-05-27,15.7543
2026-05-22,DN,17,WELCORP.NS,0.7045,3.693,-2.4064,2026-05-25,1.5734,2026-05-27,7.4677
2026-05-22,DN,18,VGUARD.NS,0.6961,3.7845,-4.8198,2026-05-25,0.4916,2026-05-27,3.3596
2026-05-22,DN,19,JPPOWER.NS,0.6956,5.4257,-3.9918,2026-05-25,0.6397,2026-05-27,21.9083
2026-05-22,DN,20,HFCL.NS,0.6955,6.2498,0.2164,2026-05-25,9.8711,2026-05-27,17.347
2026-05-25,UP,1,PARAS.NS,0.9723,5.1367,15.0898,2026-05-26,0.2805,2026-05-28,-1.0634
2026-05-25,UP,2,HFCL.NS,0.9623,5.9919,16.5724,2026-05-26,-0.6387,2026-05-28,6.8042
2026-05-25,UP,3,RATEGAIN.NS,0.9444,5.3676,12.6135,2026-05-26,0.6406,2026-05-28,0.4202
2026-05-25,UP,4,SUDARSCHEM.NS,0.9282,4.1853,21.8287,2026-05-26,-3.9082,2026-05-28,-6.2359
2026-05-25,UP,5,DATAPATTNS.NS,0.9025,5.079,9.1626,2026-05-26,0.1392,2026-05-28,1.0547
2026-05-25,UP,6,DEEPAKFERT.NS,0.8973,4.2411,14.4687,2026-05-26,-0.5355,2026-05-28,-0.563
2026-05-25,UP,7,ENDURANCE.NS,0.887,4.0399,10.864,2026-05-26,-2.4382,2026-05-28,-1.8456
2026-05-25,UP,8,RAJESHEXPO.NS,0.8792,4.2891,6.7872,2026-05-26,4.9996,2026-05-28,8.2528
2026-05-25,UP,9,ASHOKLEY.NS,0.8716,3.4578,8.5616,2026-05-26,-2.1575,2026-05-28,-0.2804
2026-05-25,UP,10,TATACOMM.NS,0.8676,3.7434,16.0393,2026-05-26,3.7758,2026-05-28,1.5806
2026-05-25,UP,11,CENTUM.NS,0.8549,6.3747,8.985,2026-05-26,-0.041,2026-05-28,2.1943
2026-05-25,UP,12,BPCL.NS,0.8529,3.2905,9.7756,2026-05-26,-1.1841,2026-05-28,-0.3569
2026-05-25,UP,13,IDEA.NS,0.8375,4.2023,9.1757,2026-05-26,0.7123,2026-05-28,0.9972
2026-05-25,UP,14,IOC.NS,0.8375,3.0978,9.2102,2026-05-26,-1.0907,2026-05-28,-0.0069
2026-05-25,UP,15,PRESTIGE.NS,0.8299,3.7167,4.3718,2026-05-26,0.0571,2026-05-28,-0.1142
2026-05-25,UP,16,SHYAMMETL.NS,0.8238,3.4599,8.5039,2026-05-26,1.7723,2026-05-28,1.4552
2026-05-25,UP,17,TEJASNET.NS,0.8181,7.6666,8.5299,2026-05-26,5.7918,2026-05-28,4.2832
2026-05-25,UP,18,AMBER.NS,0.8123,5.6935,4.3056,2026-05-26,-2.0036,2026-05-28,0.7304
2026-05-25,UP,19,MIDHANI.NS,0.7956,5.1145,4.726,2026-05-26,-0.4921,2026-05-28,-0.036
2026-05-25,UP,20,ADANIENSOL.NS,0.7897,4.474,5.7216,2026-05-26,4.2014,2026-05-28,9.6703
2026-05-25,DN,1,BASF.NS,0.8404,4.6131,-8.2581,2026-05-26,-0.6714,2026-05-28,-2.4125
2026-05-25,DN,2,VINATIORGA.NS,0.84,4.2013,-3.5575,2026-05-26,-0.3659,2026-05-28,-1.0529
2026-05-25,DN,3,GNFC.NS,0.8291,4.0273,-0.7802,2026-05-26,0.4271,2026-05-28,0.2136
2026-05-25,DN,4,AJANTPHARM.NS,0.7958,3.2762,-4.1256,2026-05-26,0.5063,2026-05-28,-1.9698
2026-05-25,DN,5,BIOCON.NS,0.7814,3.0229,0.8915,2026-05-26,1.4184,2026-05-28,0.4999
2026-05-25,DN,6,CIPLA.NS,0.7792,2.5487,-0.8624,2026-05-26,0.2546,2026-05-28,0.3041
2026-05-25,DN,7,PFIZER.NS,0.7743,3.419,-3.5005,2026-05-26,-1.0108,2026-05-28,-1.4203
2026-05-25,DN,8,MAPMYINDIA.NS,0.7637,6.8814,-7.7894,2026-05-26,-2.6734,2026-05-28,-2.3731
2026-05-25,DN,9,ALKYLAMINE.NS,0.7369,5.7874,2.0047,2026-05-26,-0.848,2026-05-28,-3.0539
2026-05-25,DN,10,TATACONSUM.NS,0.7351,2.7748,-3.5581,2026-05-26,0.0337,2026-05-28,1.4656
2026-05-25,DN,11,ABBOTINDIA.NS,0.7345,2.6568,-0.7878,2026-05-26,-0.3429,2026-05-28,0.1083
2026-05-25,DN,12,OIL.NS,0.7326,3.2225,-4.6438,2026-05-26,1.9791,2026-05-28,1.1294
2026-05-25,DN,13,ONMOBILE.NS,0.7321,5.5411,-3.2833,2026-05-26,-0.3686,2026-05-28,0.0
2026-05-25,DN,14,HINDZINC.NS,0.7231,2.9354,-0.3142,2026-05-26,2.0331,2026-05-28,2.2616
2026-05-25,DN,15,SOLARINDS.NS,0.7213,3.1429,1.9868,2026-05-26,0.555,2026-05-28,1.5019
2026-05-25,DN,16,TITAN.NS,0.7049,3.2683,-0.2518,2026-05-26,-1.2815,2026-05-28,-0.5121
2026-05-25,DN,17,BOSCHLTD.NS,0.6971,3.3659,-2.2743,2026-05-26,-1.3082,2026-05-28,-0.7574
2026-05-25,DN,18,ZYDUSWELL.NS,0.6949,4.1498,-1.8965,2026-05-26,-1.0694,2026-05-28,-0.9871
2026-05-25,DN,19,POLICYBZR.NS,0.6839,3.7048,2.471,2026-05-26,-0.1395,2026-05-28,-0.374
2026-05-25,DN,20,VGUARD.NS,0.6748,3.7566,-3.4179,2026-05-26,2.5603,2026-05-28,2.8539
2026-05-26,UP,1,SUDARSCHEM.NS,0.9837,5.1449,17.0947,2026-05-27,-2.4224,2026-05-29,-6.4945
2026-05-26,UP,2,TATACOMM.NS,0.9529,3.9965,22.0151,2026-05-27,-2.1154,2026-05-29,-2.195
2026-05-26,UP,3,TEJASNET.NS,0.9459,6.8729,8.364,2026-05-27,-1.426,2026-05-29,3.7894
2026-05-26,UP,4,ADANIENSOL.NS,0.929,4.5792,10.0639,2026-05-27,5.2484,2026-05-29,3.4169
2026-05-26,UP,5,PARAS.NS,0.9278,5.1777,12.4558,2026-05-27,-1.3401,2026-05-29,-4.5214
2026-05-26,UP,6,HFCL.NS,0.9198,5.7342,17.1021,2026-05-27,7.4907,2026-05-29,11.2114
2026-05-26,UP,7,RAJESHEXPO.NS,0.9088,4.2598,9.2712,2026-05-27,3.0984,2026-05-29,-0.1013
2026-05-26,UP,8,FINPIPE.NS,0.8312,3.0233,7.4038,2026-05-27,7.7411,2026-05-29,4.5358
2026-05-26,UP,9,APOLLOTYRE.NS,0.8232,3.1832,5.7408,2026-05-27,1.6529,2026-05-29,0.3179
2026-05-26,UP,10,ASHOKLEY.NS,0.8212,3.3432,6.051,2026-05-27,1.9185,2026-05-29,-3.1768
2026-05-26,UP,11,DATAPATTNS.NS,0.821,4.9067,12.8546,2026-05-27,0.9143,2026-05-29,-1.4287
2026-05-26,UP,12,IGL.NS,0.8207,3.3165,5.5037,2026-05-27,-0.8433,2026-05-29,-3.3371
2026-05-26,UP,13,CENTUM.NS,0.8176,6.4988,8.9853,2026-05-27,2.2362,2026-05-29,9.8846
2026-05-26,UP,14,SHYAMMETL.NS,0.8161,3.4558,8.1281,2026-05-27,-0.3115,2026-05-29,-0.5873
2026-05-26,UP,15,NAUKRI.NS,0.8132,3.4494,5.0394,2026-05-27,2.5441,2026-05-29,1.4581
2026-05-26,UP,16,GAIL.NS,0.8093,2.9265,7.3725,2026-05-27,0.8173,2026-05-29,-1.8612
2026-05-26,UP,17,TATACHEM.NS,0.8076,3.3632,6.4792,2026-05-27,-1.1928,2026-05-29,-3.304
2026-05-26,UP,18,JSWENERGY.NS,0.8046,3.0277,8.0371,2026-05-27,4.5226,2026-05-29,3.3073
2026-05-26,UP,19,ADANIGREEN.NS,0.7973,4.0914,5.7773,2026-05-27,2.23,2026-05-29,1.2351
2026-05-26,UP,20,ENDURANCE.NS,0.7876,4.2271,7.3747,2026-05-27,0.6074,2026-05-29,-0.3769
2026-05-26,DN,1,MAPMYINDIA.NS,0.8807,7.0865,-12.8078,2026-05-27,0.3085,2026-05-29,-2.7349
2026-05-26,DN,2,GNFC.NS,0.8775,3.821,-5.2569,2026-05-27,-0.2127,2026-05-29,-2.5036
2026-05-26,DN,3,ZYDUSWELL.NS,0.7956,4.2608,-5.5097,2026-05-27,0.0832,2026-05-29,5.4048
2026-05-26,DN,4,POLICYBZR.NS,0.7954,3.6098,-0.8754,2026-05-27,-0.2348,2026-05-29,-4.8351
2026-05-26,DN,5,BASF.NS,0.7751,4.2854,-8.3598,2026-05-27,-1.7529,2026-05-29,-2.6265
2026-05-26,DN,6,PFIZER.NS,0.7607,3.4154,-3.0008,2026-05-27,-0.4136,2026-05-29,-0.9328
2026-05-26,DN,7,NOCIL.NS,0.7522,4.41,-2.1967,2026-05-27,0.7685,2026-05-29,0.1668
2026-05-26,DN,8,BIKAJI.NS,0.75,3.4065,-5.8017,2026-05-27,-0.1722,2026-05-29,1.7452
2026-05-26,DN,9,DEEPAKNTR.NS,0.7351,4.3136,-4.3582,2026-05-27,-0.7122,2026-05-29,-2.6113
2026-05-26,DN,10,PAGEIND.NS,0.7265,3.1756,-1.0207,2026-05-27,-0.4177,2026-05-29,-0.2872
2026-05-26,DN,11,BOSCHLTD.NS,0.7163,3.3915,-3.4877,2026-05-27,0.5581,2026-05-29,2.2045
2026-05-26,DN,12,ROUTE.NS,0.7151,3.6294,-1.0872,2026-05-27,0.1362,2026-05-29,-1.2645
2026-05-26,DN,13,GLENMARK.NS,0.7065,3.1814,-2.2653,2026-05-27,1.4247,2026-05-29,-3.2534
2026-05-26,DN,14,SAIL.NS,0.7048,3.9576,2.4064,2026-05-27,1.0891,2026-05-29,0.26
2026-05-26,DN,15,SOLARINDS.NS,0.7022,3.0618,2.0038,2026-05-27,0.9416,2026-05-29,-1.2555
2026-05-26,DN,16,CIPLA.NS,0.7003,2.4117,0.5462,2026-05-27,0.0494,2026-05-29,-1.164
2026-05-26,DN,17,AJANTPHARM.NS,0.6958,2.8695,-4.6518,2026-05-27,-2.4636,2026-05-29,-5.4309
2026-05-26,DN,18,INFY.NS,0.6927,2.3887,-2.4396,2026-05-27,-0.668,2026-05-29,-0.5823
2026-05-26,DN,19,CROMPTON.NS,0.6894,3.3682,-1.5497,2026-05-27,-0.2768,2026-05-29,-2.7331
2026-05-26,DN,20,COFORGE.NS,0.6872,3.7165,0.7649,2026-05-27,-2.4178,2026-05-29,-0.0703
2026-05-27,UP,1,JPPOWER.NS,0.9584,4.8941,24.9044,2026-05-28,0.0,2026-06-01,-17.84
2026-05-27,UP,2,ADANIENSOL.NS,0.9571,4.605,14.412,2026-05-28,0.0,2026-06-01,-2.831
2026-05-27,UP,3,RAJESHEXPO.NS,0.9377,4.2335,12.3666,2026-05-28,0.0,2026-06-01,-7.943
2026-05-27,UP,4,HFCL.NS,0.9308,5.6545,24.817,2026-05-28,0.0,2026-06-01,4.8068
2026-05-27,UP,5,FINPIPE.NS,0.9276,3.5236,14.5851,2026-05-28,0.0,2026-06-01,-7.2735
2026-05-27,UP,6,SUDARSCHEM.NS,0.9094,5.3901,13.5162,2026-05-28,0.0,2026-06-01,-7.3811
2026-05-27,UP,7,CENTUM.NS,0.9071,6.3062,8.1149,2026-05-28,0.0,2026-06-01,8.3233
2026-05-27,UP,8,ADANIGREEN.NS,0.9057,4.1633,9.2943,2026-05-28,0.0,2026-06-01,-2.8861
2026-05-27,UP,9,PARAS.NS,0.8882,5.054,11.1308,2026-05-28,0.0,2026-06-01,-3.7973
2026-05-27,UP,10,TIINDIA.NS,0.8707,3.6917,8.0649,2026-05-28,0.0,2026-06-01,-4.7936
2026-05-27,UP,11,AMBER.NS,0.8665,5.2117,6.6175,2026-05-28,0.0,2026-06-01,1.4303
2026-05-27,UP,12,SUZLON.NS,0.8532,3.1238,9.435,2026-05-28,0.0,2026-06-01,-6.2576
2026-05-27,UP,13,JSWENERGY.NS,0.8498,3.1559,12.0927,2026-05-28,0.0,2026-06-01,-3.0894
2026-05-27,UP,14,EXIDEIND.NS,0.8406,2.7754,16.0801,2026-05-28,0.0,2026-06-01,-0.482
2026-05-27,UP,15,DATAPATTNS.NS,0.8325,4.8653,7.9575,2026-05-28,0.0,2026-06-01,-7.2309
2026-05-27,UP,16,MOTHERSON.NS,0.8244,3.4939,7.7476,2026-05-28,0.0,2026-06-01,-0.4494
2026-05-27,UP,17,TATACOMM.NS,0.8116,4.4232,10.7569,2026-05-28,0.0,2026-06-01,-1.2204
2026-05-27,UP,18,APOLLOTYRE.NS,0.7948,3.1073,6.3448,2026-05-28,0.0,2026-06-01,-3.6148
2026-05-27,UP,19,NAUKRI.NS,0.7894,3.4189,6.7286,2026-05-28,0.0,2026-06-01,-0.1591
2026-05-27,UP,20,WELCORP.NS,0.7867,3.6331,4.2682,2026-05-28,0.0,2026-06-01,0.3423
2026-05-27,DN,1,ERIS.NS,0.8672,4.3768,-7.3652,2026-05-28,0.0,2026-06-01,2.0432
2026-05-27,DN,2,GNFC.NS,0.8275,4.0451,-0.8262,2026-05-28,0.0,2026-06-01,-3.2646
2026-05-27,DN,3,ZYDUSWELL.NS,0.7771,4.0985,-6.0677,2026-05-28,0.0,2026-06-01,2.6898
2026-05-27,DN,4,COFORGE.NS,0.7737,3.8925,-0.9912,2026-05-28,0.0,2026-06-01,5.2434
2026-05-27,DN,5,DEEPAKNTR.NS,0.7538,4.3304,-5.9868,2026-05-28,0.0,2026-06-01,-2.6067
2026-05-27,DN,6,BIOCON.NS,0.7478,2.9434,-0.1156,2026-05-28,0.0,2026-06-01,-1.5155
2026-05-27,DN,7,RVNL.NS,0.7478,3.4412,-6.4169,2026-05-28,0.0,2026-06-01,-4.2568
2026-05-27,DN,8,BIKAJI.NS,0.7409,3.3295,-5.7624,2026-05-28,0.0,2026-06-01,4.249
2026-05-27,DN,9,BSE.NS,0.7359,3.1452,0.7064,2026-05-28,0.0,2026-06-01,-4.2793
2026-05-27,DN,10,MAPMYINDIA.NS,0.7342,7.0702,-7.2975,2026-05-28,0.0,2026-06-01,-0.5796
2026-05-27,DN,11,PFIZER.NS,0.734,3.4188,-1.3866,2026-05-28,0.0,2026-06-01,-2.3212
2026-05-27,DN,12,INFY.NS,0.7261,2.3832,-2.8315,2026-05-28,0.0,2026-06-01,3.6727
2026-05-27,DN,13,WHIRLPOOL.NS,0.7236,4.0168,-0.7535,2026-05-28,0.0,2026-06-01,-2.2071
2026-05-27,DN,14,TORNTPOWER.NS,0.7234,4.0224,-4.7666,2026-05-28,0.0,2026-06-01,-1.9646
2026-05-27,DN,15,POLICYBZR.NS,0.7195,3.2168,-2.4699,2026-05-28,0.0,2026-06-01,-6.3537
2026-05-27,DN,16,PAGEIND.NS,0.7191,3.1702,-0.3657,2026-05-28,0.0,2026-06-01,-2.4118
2026-05-27,DN,17,LTTS.NS,0.7172,3.5839,-2.4856,2026-05-28,0.0,2026-06-01,-3.0387
2026-05-27,DN,18,VINATIORGA.NS,0.7151,3.962,-0.3235,2026-05-28,0.0,2026-06-01,-1.3508
2026-05-27,DN,19,ONGC.NS,0.6936,2.7393,-8.1294,2026-05-28,0.0,2026-06-01,-3.5577
2026-05-27,DN,20,SOLARINDS.NS,0.688,2.9991,2.4327,2026-05-28,0.0,2026-06-01,-2.4125
2026-05-29,UP,1,JPPOWER.NS,0.9687,5.6241,16.5778,2026-06-01,-14.0832,2026-06-03,-11.6141
2026-05-29,UP,2,CLEAN.NS,0.9019,3.8307,5.3918,2026-06-01,-1.2414,2026-06-03,-0.5016
2026-05-29,UP,3,CENTUM.NS,0.8682,5.6938,9.2985,2026-06-01,0.7836,2026-06-03,3.0396
2026-05-29,UP,4,HFCL.NS,0.866,5.2851,21.4088,2026-06-01,1.3004,2026-06-03,10.8203
2026-05-29,UP,5,MOTHERSON.NS,0.86,3.7214,7.0201,2026-06-01,-2.724,2026-06-03,-0.0892
2026-05-29,UP,6,RAJESHEXPO.NS,0.8583,4.121,10.1359,2026-06-01,-4.9945,2026-06-03,-7.5636
2026-05-29,UP,7,TEJASNET.NS,0.8539,4.8088,11.161,2026-06-01,1.0953,2026-06-03,9.387
2026-05-29,UP,8,WELCORP.NS,0.8248,3.358,7.7808,2026-06-01,0.0508,2026-06-03,2.6654
2026-05-29,UP,9,ADANIGREEN.NS,0.8034,4.0604,8.3021,2026-06-01,-1.9317,2026-06-03,-3.2466
2026-05-29,UP,10,ADANIENSOL.NS,0.801,4.5176,10.6294,2026-06-01,-1.1102,2026-06-03,-1.3348
2026-05-29,UP,11,SUZLON.NS,0.7964,3.0933,6.0279,2026-06-01,-5.3694,2026-06-03,-4.5447
2026-05-29,UP,12,NATIONALUM.NS,0.7891,2.9685,3.7141,2026-06-01,2.2971,2026-06-03,2.9332
2026-05-29,UP,13,NAUKRI.NS,0.7806,3.6407,3.5434,2026-06-01,0.9095,2026-06-03,1.1106
2026-05-29,UP,14,MGL.NS,0.7803,3.0763,3.8111,2026-06-01,-1.6256,2026-06-03,-1.2968
2026-05-29,UP,15,ZYDUSWELL.NS,0.7789,3.762,3.3952,2026-06-01,-2.4948,2026-06-03,-0.8678
2026-05-29,UP,16,MIDHANI.NS,0.7784,4.786,1.803,2026-06-01,-3.0548,2026-06-03,-0.8677
2026-05-29,UP,17,AMBER.NS,0.7757,4.9775,3.4787,2026-06-01,0.1116,2026-06-03,-1.4051
2026-05-29,UP,18,FINPIPE.NS,0.7723,3.8503,7.5732,2026-06-01,-4.4302,2026-06-03,-5.6439
2026-05-29,UP,19,ERIS.NS,0.7638,4.08,4.1078,2026-06-01,-1.4725,2026-06-03,-0.1358
2026-05-29,UP,20,OFSS.NS,0.7597,3.4363,4.6089,2026-06-01,2.2782,2026-06-03,0.3362
2026-05-29,DN,1,SUDARSCHEM.NS,0.8802,5.5688,-7.4038,2026-06-01,-3.3475,2026-06-03,-5.5544
2026-05-29,DN,2,DEEPAKFERT.NS,0.8438,4.2044,-4.3287,2026-06-01,0.0355,2026-06-03,-0.2269
2026-05-29,DN,3,TATACOMM.NS,0.8177,4.4715,0.0509,2026-06-01,-1.1399,2026-06-03,-1.5929
2026-05-29,DN,4,TORNTPOWER.NS,0.8102,3.9971,-5.2186,2026-06-01,-0.5703,2026-06-03,1.1547
2026-05-29,DN,5,NATCOPHARM.NS,0.7976,4.6968,-13.1487,2026-06-01,-8.1307,2026-06-03,-8.0126
2026-05-29,DN,6,BDL.NS,0.7898,3.6764,-8.221,2026-06-01,-0.0498,2026-06-03,1.8595
2026-05-29,DN,7,RVNL.NS,0.7772,3.4092,-9.4615,2026-06-01,-1.5848,2026-06-03,-2.6197
2026-05-29,DN,8,PAGEIND.NS,0.774,3.0062,-3.1935,2026-06-01,-2.5396,2026-06-03,-1.6494
2026-05-29,DN,9,ONGC.NS,0.7714,2.9618,-8.4828,2026-06-01,-0.4145,2026-06-03,0.8855
2026-05-29,DN,10,METROBRAND.NS,0.7701,3.6562,-4.1366,2026-06-01,0.8103,2026-06-03,1.0153
2026-05-29,DN,11,BEML.NS,0.7524,4.0969,-5.8952,2026-06-01,-0.1335,2026-06-03,2.0262
2026-05-29,DN,12,OIL.NS,0.7138,3.1173,-4.7224,2026-06-01,1.3861,2026-06-03,3.1083
2026-05-29,DN,13,VBL.NS,0.7033,2.5392,-2.1225,2026-06-01,-0.4735,2026-06-03,1.0227
2026-05-29,DN,14,CROMPTON.NS,0.7001,3.3714,-4.6141,2026-06-01,-2.7565,2026-06-03,-3.0233
2026-05-29,DN,15,AJANTPHARM.NS,0.6983,3.2679,-5.7474,2026-06-01,0.0717,2026-06-03,0.0102
2026-05-29,DN,16,DIVISLAB.NS,0.6899,2.4154,-3.1944,2026-06-01,-1.7024,2026-06-03,-1.3574
2026-05-29,DN,17,POLICYBZR.NS,0.6874,3.1978,-5.0156,2026-06-01,-1.8267,2026-06-03,-7.2834
2026-05-29,DN,18,BSE.NS,0.6837,2.993,-1.1374,2026-06-01,-1.9175,2026-06-03,-4.3414
2026-05-29,DN,19,WHIRLPOOL.NS,0.6811,3.7964,-2.749,2026-06-01,1.0091,2026-06-03,-0.4863
2026-05-29,DN,20,MASTEK.NS,0.6769,3.5108,-0.5015,2026-06-01,1.4136,2026-06-03,3.3989
2026-06-01,UP,1,CENTUM.NS,0.9551,5.7289,10.7002,2026-06-02,2.5261,2026-06-04,-0.8174
2026-06-01,UP,2,TEJASNET.NS,0.9403,4.53,11.0033,2026-06-02,2.1289,2026-06-04,14.4174
2026-06-01,UP,3,OFSS.NS,0.8614,3.4106,5.0294,2026-06-02,1.5062,2026-06-04,-0.9126
2026-06-01,UP,4,PERSISTENT.NS,0.8597,3.0017,7.2251,2026-06-02,1.268,2026-06-04,-5.1925
2026-06-01,UP,5,MOTHERSON.NS,0.8572,3.7531,4.3117,2026-06-02,2.2007,2026-06-04,1.7916
2026-06-01,UP,6,JPPOWER.NS,0.8563,7.466,-0.4767,2026-06-02,1.0644,2026-06-04,1.3305
2026-06-01,UP,7,OLECTRA.NS,0.8556,3.6991,0.9765,2026-06-02,4.4369,2026-06-04,7.3704
2026-06-01,UP,8,RATEGAIN.NS,0.8541,4.608,7.0676,2026-06-02,-0.3024,2026-06-04,-0.7914
2026-06-01,UP,9,BIKAJI.NS,0.8517,3.2244,3.8095,2026-06-02,0.0602,2026-06-04,-2.9027
2026-06-01,UP,10,WELCORP.NS,0.8505,3.3703,6.1652,2026-06-02,0.6678,2026-06-04,1.822
2026-06-01,UP,11,COFORGE.NS,0.8483,3.4654,4.5207,2026-06-02,3.9899,2026-06-04,-1.6904
2026-06-01,UP,12,TECHM.NS,0.8307,2.6707,7.5026,2026-06-02,1.8274,2026-06-04,-3.6223
2026-06-01,UP,13,COALINDIA.NS,0.8275,2.954,3.1878,2026-06-02,-0.0952,2026-06-04,1.9149
2026-06-01,UP,14,NMDC.NS,0.8271,3.063,2.4171,2026-06-02,3.1829,2026-06-04,2.5225
2026-06-01,UP,15,ADANIENSOL.NS,0.8268,4.2389,6.5655,2026-06-02,2.2787,2026-06-04,1.5703
2026-06-01,UP,16,CLEAN.NS,0.8002,3.5732,5.6543,2026-06-02,-0.565,2026-06-04,0.1397
2026-06-01,UP,17,NAUKRI.NS,0.7976,3.5403,6.9845,2026-06-02,1.1603,2026-06-04,0.4781
2026-06-01,UP,18,HFCL.NS,0.7937,5.3403,11.9381,2026-06-02,4.2023,2026-06-04,8.1194
2026-06-01,UP,19,INTELLECT.NS,0.7923,3.4831,2.3482,2026-06-02,2.493,2026-06-04,0.3904
2026-06-01,UP,20,ADANIGREEN.NS,0.7901,3.9034,2.537,2026-06-02,0.1728,2026-06-04,-1.6311
2026-06-01,DN,1,SUDARSCHEM.NS,0.8795,5.9,-13.1568,2026-06-02,-1.0313,2026-06-04,-2.0682
2026-06-01,DN,2,DATAPATTNS.NS,0.8331,5.3541,-6.2524,2026-06-02,4.8256,2026-06-04,9.1799
2026-06-01,DN,3,NATCOPHARM.NS,0.8244,5.4117,-20.4348,2026-06-02,0.6429,2026-06-04,-1.5643
2026-06-01,DN,4,NAVINFLUOR.NS,0.8088,3.0486,-6.0036,2026-06-02,0.7644,2026-06-04,1.3146
2026-06-01,DN,5,ASHOKLEY.NS,0.7749,3.5729,-8.7153,2026-06-02,-0.4874,2026-06-04,-3.5652
2026-06-01,DN,6,RVNL.NS,0.7621,3.3091,-11.3379,2026-06-02,-0.3353,2026-06-04,-2.1113
2026-06-01,DN,7,DEEPAKFERT.NS,0.7615,4.2601,-3.1514,2026-06-02,-0.3474,2026-06-04,0.7089
2026-06-01,DN,8,BSE.NS,0.7452,3.1349,-5.234,2026-06-02,-3.3124,2026-06-04,-0.8164
2026-06-01,DN,9,BDL.NS,0.737,3.4415,-9.2075,2026-06-02,0.1744,2026-06-04,0.7309
2026-06-01,DN,10,PARAS.NS,0.7362,4.8632,-4.8203,2026-06-02,4.8128,2026-06-04,9.736
2026-06-01,DN,11,CROMPTON.NS,0.7251,3.5192,-6.8484,2026-06-02,0.0183,2026-06-04,-1.4996
2026-06-01,DN,12,PNBHOUSING.NS,0.7167,2.8144,-7.6087,2026-06-02,-0.6481,2026-06-04,-0.3589
2026-06-01,DN,13,TATACOMM.NS,0.7164,4.6789,0.3409,2026-06-02,-1.8738,2026-06-04,2.229
2026-06-01,DN,14,IOC.NS,0.713,2.9539,-3.5776,2026-06-02,0.0216,2026-06-04,0.1081
2026-06-01,DN,15,BPCL.NS,0.7123,3.0703,-3.6983,2026-06-02,-0.8253,2026-06-04,-0.5727
2026-06-01,DN,16,EICHERMOT.NS,0.7058,2.5526,-4.2285,2026-06-02,0.5774,2026-06-04,0.1338
2026-06-01,DN,17,GLENMARK.NS,0.7024,3.5909,-5.8109,2026-06-02,-0.7541,2026-06-04,-0.9358
2026-06-01,DN,18,CHOLAFIN.NS,0.6964,2.9688,-6.1659,2026-06-02,-0.6765,2026-06-04,-0.4622
2026-06-01,DN,19,METROBRAND.NS,0.6964,3.6897,-3.8547,2026-06-02,-0.4842,2026-06-04,-0.0581
2026-06-01,DN,20,TORNTPHARM.NS,0.6869,2.9157,-4.8594,2026-06-02,-0.7471,2026-06-04,-0.2414
2026-06-02,UP,1,STLTECH.NS,0.9405,4.2835,21.5277,2026-06-03,4.9996,2026-06-05,4.7712
2026-06-02,UP,2,MASTEK.NS,0.938,3.835,5.8633,2026-06-03,-2.639,2026-06-05,-3.9238
2026-06-02,UP,3,COFORGE.NS,0.9156,3.5966,6.7965,2026-06-03,-6.489,2026-06-05,-5.5281
2026-06-02,UP,4,ALKYLAMINE.NS,0.9134,5.3466,2.7853,2026-06-03,3.2664,2026-06-05,-0.1912
2026-06-02,UP,5,OLECTRA.NS,0.9044,3.7732,4.4963,2026-06-03,2.8011,2026-06-05,0.4357
2026-06-02,UP,6,PERSISTENT.NS,0.8824,3.1101,7.1429,2026-06-03,-6.8184,2026-06-05,-7.8969
2026-06-02,UP,7,OFSS.NS,0.872,3.4421,4.6802,2026-06-03,-3.3544,2026-06-05,-3.9441
2026-06-02,UP,8,INTELLECT.NS,0.8666,3.4523,5.3057,2026-06-03,-0.441,2026-06-05,-0.3074
2026-06-02,UP,9,HFCL.NS,0.862,5.3577,17.3918,2026-06-03,4.9858,2026-06-05,-1.4268
2026-06-02,UP,10,MPHASIS.NS,0.8476,3.0639,5.4033,2026-06-03,-4.1546,2026-06-05,-2.4166
2026-06-02,UP,11,ZENSARTECH.NS,0.8473,2.867,6.6017,2026-06-03,-1.9617,2026-06-05,-6.7506
2026-06-02,UP,12,EXIDEIND.NS,0.8446,2.8853,10.9215,2026-06-03,-1.7969,2026-06-05,-1.6492
2026-06-02,UP,13,MOTHERSON.NS,0.8349,3.725,6.678,2026-06-03,0.4969,2026-06-05,-0.9179
2026-06-02,UP,14,NMDC.NS,0.8327,2.9355,5.1175,2026-06-03,0.7659,2026-06-05,-2.5286
2026-06-02,UP,15,CENTUM.NS,0.8317,5.5607,13.5432,2026-06-03,-0.2806,2026-06-05,-3.8917
2026-06-02,UP,16,INFY.NS,0.828,2.5895,8.8293,2026-06-03,-3.7929,2026-06-05,-5.768
2026-06-02,UP,17,BIKAJI.NS,0.8239,3.1908,4.1321,2026-06-03,-2.4049,2026-06-05,-1.5557
2026-06-02,UP,18,TECHM.NS,0.8212,2.7023,7.7261,2026-06-03,-6.3065,2026-06-05,-5.5937
2026-06-02,UP,19,BOSCHLTD.NS,0.81,3.0744,3.8649,2026-06-03,1.4508,2026-06-05,0.0537
2026-06-02,UP,20,ROUTE.NS,0.8041,2.774,4.2895,2026-06-03,-1.5762,2026-06-05,-1.9866
2026-06-02,DN,1,TATACOMM.NS,0.9092,4.8556,-5.1217,2026-06-03,1.4427,2026-06-05,3.4886
2026-06-02,DN,2,SUDARSCHEM.NS,0.8788,5.8194,-10.5567,2026-06-03,-1.265,2026-06-05,-1.1814
2026-06-02,DN,3,BSE.NS,0.8348,3.4607,-10.7056,2026-06-03,0.8698,2026-06-05,-1.32
2026-06-02,DN,4,NATCOPHARM.NS,0.8132,5.3322,-20.801,2026-06-03,-0.511,2026-06-05,-4.8866
2026-06-02,DN,5,RAJESHEXPO.NS,0.8,4.2603,-9.8354,2026-06-03,2.4157,2026-06-05,-7.5562
2026-06-02,DN,6,NAVINFLUOR.NS,0.7824,3.0381,-4.6512,2026-06-03,-0.234,2026-06-05,-0.2765
2026-06-02,DN,7,ASHOKLEY.NS,0.7649,3.5923,-7.1571,2026-06-03,-2.1536,2026-06-05,-2.5226
2026-06-02,DN,8,NHPC.NS,0.7361,2.986,-7.8404,2026-06-03,3.8871,2026-06-05,3.7073
2026-06-02,DN,9,BDL.NS,0.728,3.3443,-9.309,2026-06-03,1.7329,2026-06-05,0.1078
2026-06-02,DN,10,GLENMARK.NS,0.7217,3.6548,-7.0936,2026-06-03,-0.4852,2026-06-05,-0.8423
2026-06-02,DN,11,IGL.NS,0.7217,3.4247,-3.1082,2026-06-03,0.3917,2026-06-05,2.1573
2026-06-02,DN,12,PNBHOUSING.NS,0.7212,2.7869,-8.7955,2026-06-03,-0.3512,2026-06-05,0.1204
2026-06-02,DN,13,SAPPHIRE.NS,0.7112,3.6752,-5.9014,2026-06-03,1.298,2026-06-05,1.9067
2026-06-02,DN,14,DEEPAKFERT.NS,0.7063,3.9696,-2.9682,2026-06-03,0.0854,2026-06-05,1.4299
2026-06-02,DN,15,PGHH.NS,0.7046,2.6172,-4.9478,2026-06-03,-0.9111,2026-06-05,0.1652
2026-06-02,DN,16,DATAPATTNS.NS,0.7017,5.1861,-1.8651,2026-06-03,-0.8646,2026-06-05,4.6557
2026-06-02,DN,17,TATACHEM.NS,0.7013,3.0798,-5.8426,2026-06-03,-2.4861,2026-06-05,-2.5471
2026-06-02,DN,18,CHOLAFIN.NS,0.701,2.9577,-5.3914,2026-06-03,-0.8228,2026-06-05,1.3758
2026-06-02,DN,19,BPCL.NS,0.6878,2.9819,-3.3487,2026-06-03,-0.7812,2026-06-05,0.2038
2026-06-02,DN,20,PETRONET.NS,0.6724,2.6102,-3.9971,2026-06-03,0.3532,2026-06-05,0.1673
2026-06-03,UP,1,TEJASNET.NS,0.978,4.3579,15.1745,2026-06-04,5.7444,2026-06-08,-4.6992
2026-06-03,UP,2,ALKYLAMINE.NS,0.9732,4.6793,8.5579,2026-06-04,-1.9599,2026-06-08,-2.6132
2026-06-03,UP,3,OLECTRA.NS,0.9324,3.7893,7.6071,2026-06-04,0.0076,2026-06-08,-6.1459
2026-06-03,UP,4,MASTEK.NS,0.8949,3.916,3.0568,2026-06-04,-0.5469,2026-06-08,-4.0896
2026-06-03,UP,5,MRPL.NS,0.8727,3.2888,2.4932,2026-06-04,1.5763,2026-06-08,-1.693
2026-06-03,UP,6,WELCORP.NS,0.8678,3.3683,2.9645,2026-06-04,-0.7711,2026-06-08,-4.7397
2026-06-03,UP,7,COFORGE.NS,0.8598,4.0794,2.3408,2026-06-04,1.0979,2026-06-08,0.0141
2026-06-03,UP,8,CENTUM.NS,0.8451,5.4196,10.7481,2026-06-04,-2.9889,2026-06-08,-7.9919
2026-06-03,UP,9,BOSCHLTD.NS,0.8427,3.125,4.787,2026-06-04,-2.0127,2026-06-08,-3.0456
2026-06-03,UP,10,MPHASIS.NS,0.8393,3.3113,2.49,2026-06-04,1.1973,2026-06-08,1.9926
2026-06-03,UP,11,ERIS.NS,0.8283,4.0962,3.4276,2026-06-04,-2.133,2026-06-08,-2.2905
2026-06-03,UP,12,NMDC.NS,0.8256,2.8946,4.0746,2026-06-04,-1.3953,2026-06-08,-6.716
2026-06-03,UP,13,INFY.NS,0.8232,2.8125,5.4056,2026-06-04,-1.7422,2026-06-08,-2.8628
2026-06-03,UP,14,STLTECH.NS,0.8207,3.9547,21.5314,2026-06-04,4.9952,2026-06-08,-5.2046
2026-06-03,UP,15,TECHM.NS,0.8144,3.1564,1.1473,2026-06-04,1.0188,2026-06-08,2.1123
2026-06-03,UP,16,PERSISTENT.NS,0.8051,3.5149,-0.0177,2026-06-04,0.4708,2026-06-08,-0.6376
2026-06-03,UP,17,BIKAJI.NS,0.8046,3.303,1.8031,2026-06-04,-0.5698,2026-06-08,0.67
2026-06-03,UP,18,HFCL.NS,0.791,5.0005,14.6562,2026-06-04,-1.1684,2026-06-08,-10.8019
2026-06-03,UP,19,ZENSARTECH.NS,0.7861,2.9692,3.7553,2026-06-04,-5.5321,2026-06-08,-6.8759
2026-06-03,UP,20,ROUTE.NS,0.7771,2.8191,2.5061,2026-06-04,-0.1895,2026-06-08,-3.1555
2026-06-03,DN,1,JPPOWER.NS,0.8956,7.4828,-15.4788,2026-06-04,-1.5003,2026-06-08,-4.2421
2026-06-03,DN,2,SUDARSCHEM.NS,0.8705,5.8967,-9.4958,2026-06-04,0.2201,2026-06-08,-2.5906
2026-06-03,DN,3,ASHOKLEY.NS,0.8241,3.738,-10.8666,2026-06-04,-0.96,2026-06-08,-3.305
2026-06-03,DN,4,NATCOPHARM.NS,0.8007,5.3795,-20.5222,2026-06-04,-1.6907,2026-06-08,-7.084
2026-06-03,DN,5,GLENMARK.NS,0.7841,3.6759,-8.8431,2026-06-04,0.3036,2026-06-08,0.115
2026-06-03,DN,6,RAJESHEXPO.NS,0.7744,4.2329,-10.4324,2026-06-04,-4.9918,2026-06-08,-14.2439
2026-06-03,DN,7,PGHH.NS,0.7732,2.6189,-8.0672,2026-06-04,1.6292,2026-06-08,-1.7583
2026-06-03,DN,8,NHPC.NS,0.7634,3.0778,-6.9162,2026-06-04,1.3582,2026-06-08,-2.1172
2026-06-03,DN,9,BSE.NS,0.7458,3.4071,-6.6448,2026-06-04,1.6969,2026-06-08,-1.243
2026-06-03,DN,10,SUZLON.NS,0.7432,3.3732,-5.4406,2026-06-04,2.2426,2026-06-08,0.0551
2026-06-03,DN,11,TATACOMM.NS,0.7396,4.5756,-1.6729,2026-06-04,2.6995,2026-06-08,-1.4428
2026-06-03,DN,12,JINDALPOLY.NS,0.7337,3.9026,-7.5635,2026-06-04,1.2895,2026-06-08,-2.0571
2026-06-03,DN,13,TATACHEM.NS,0.7327,3.2199,-7.0751,2026-06-04,0.1042,2026-06-08,-0.2431
2026-06-03,DN,14,ADANIGREEN.NS,0.7224,3.7078,-4.1882,2026-06-04,-0.2942,2026-06-08,4.4133
2026-06-03,DN,15,HINDZINC.NS,0.7217,2.7212,-5.9028,2026-06-04,-1.0974,2026-06-08,-8.9346
2026-06-03,DN,16,DATAPATTNS.NS,0.7171,4.9202,-3.5949,2026-06-04,5.0621,2026-06-08,3.7816
2026-06-03,DN,17,CHOLAFIN.NS,0.7149,3.0061,-6.8769,2026-06-04,1.0472,2026-06-08,-0.9928
2026-06-03,DN,18,OFSS.NS,0.7121,3.6313,-2.9322,2026-06-04,1.0053,2026-06-08,-2.4156
2026-06-03,DN,19,BPCL.NS,0.7093,2.8659,-4.8999,2026-06-04,1.0442,2026-06-08,-2.3793
2026-06-03,DN,20,PNBHOUSING.NS,0.7078,2.8866,-7.8764,2026-06-04,0.6445,2026-06-08,-2.3061
2026-06-04,UP,1,TEJASNET.NS,0.9862,4.696,21.7906,2026-06-05,-4.2778,2026-06-09,-10.2002
2026-06-04,UP,2,OLECTRA.NS,0.9583,3.9874,7.6152,2026-06-05,-2.3083,2026-06-09,-1.612
2026-06-04,UP,3,MIDHANI.NS,0.9553,4.3864,6.4353,2026-06-05,-1.7372,2026-06-09,1.6018
2026-06-04,UP,4,STLTECH.NS,0.9539,3.8603,27.6021,2026-06-05,-4.9647,2026-06-09,-5.9239
2026-06-04,UP,5,PARAS.NS,0.9206,4.727,5.569,2026-06-05,7.4234,2026-06-09,16.262
2026-06-04,UP,6,CENTUM.NS,0.8927,5.2524,7.4379,2026-06-05,-0.6518,2026-06-09,-3.6582
2026-06-04,UP,7,MRPL.NS,0.8398,3.2013,4.1088,2026-06-05,-1.0793,2026-06-09,2.3948
2026-06-04,UP,8,IDEA.NS,0.8388,2.971,5.2891,2026-06-05,0.134,2026-06-09,-5.2914
2026-06-04,UP,9,VOLTAS.NS,0.8342,3.0926,1.9575,2026-06-05,0.9172,2026-06-09,1.3914
2026-06-04,UP,10,MPHASIS.NS,0.8226,3.2305,3.7171,2026-06-05,0.6088,2026-06-09,1.0622
2026-06-04,UP,11,HFCL.NS,0.8146,5.3593,13.3165,2026-06-05,-4.998,2026-06-09,-9.6763
2026-06-04,UP,12,DATAPATTNS.NS,0.8036,4.35,1.2853,2026-06-05,0.4818,2026-06-09,8.7325
2026-06-04,UP,13,BIKAJI.NS,0.8,2.9701,1.223,2026-06-05,1.4483,2026-06-09,1.123
2026-06-04,UP,14,SAPPHIRE.NS,0.7915,3.6567,-0.67,2026-06-05,-1.9018,2026-06-09,-2.0069
2026-06-04,UP,15,PAGEIND.NS,0.7908,3.0339,1.8089,2026-06-05,-1.2617,2026-06-09,0.1802
2026-06-04,UP,16,KALYANKJIL.NS,0.7796,2.9629,2.0719,2026-06-05,2.6926,2026-06-09,-1.947
2026-06-04,UP,17,ALKYLAMINE.NS,0.7772,4.7296,6.4303,2026-06-05,-1.416,2026-06-09,2.8099
2026-06-04,UP,18,TATACOMM.NS,0.7735,4.5629,0.9814,2026-06-05,-0.6647,2026-06-09,-0.5086
2026-06-04,UP,19,MASTEK.NS,0.7709,3.8581,2.4933,2026-06-05,-0.777,2026-06-09,-3.0482
2026-06-04,UP,20,RATNAMANI.NS,0.7658,3.5606,2.0523,2026-06-05,-0.9658,2026-06-09,-2.8859
2026-06-04,DN,1,FINPIPE.NS,0.8777,4.3198,-9.8942,2026-06-05,-0.0058,2026-06-09,0.052
2026-06-04,DN,2,JPPOWER.NS,0.8723,6.7189,-16.7468,2026-06-05,-0.0525,2026-06-09,-2.416
2026-06-04,DN,3,RAJESHEXPO.NS,0.8595,4.6416,-14.9034,2026-06-05,-4.9942,2026-06-09,-14.2513
2026-06-04,DN,4,SUDARSCHEM.NS,0.8459,6.0053,-9.2966,2026-06-05,-0.1352,2026-06-09,0.6082
2026-06-04,DN,5,ASHOKLEY.NS,0.8325,3.6698,-11.7223,2026-06-05,0.5885,2026-06-09,-0.4431
2026-06-04,DN,6,NATCOPHARM.NS,0.7942,5.3702,-21.866,2026-06-05,-2.7539,2026-06-09,-5.8452
2026-06-04,DN,7,GLENMARK.NS,0.7871,3.6995,-8.5664,2026-06-05,-0.6604,2026-06-09,1.3299
2026-06-04,DN,8,JINDALPOLY.NS,0.7871,4.0196,-6.3715,2026-06-05,-1.3489,2026-06-09,1.5308
2026-06-04,DN,9,POLICYBZR.NS,0.7772,3.7614,-13.9231,2026-06-05,-0.1432,2026-06-09,-2.5386
2026-06-04,DN,10,TATACHEM.NS,0.7723,3.2106,-6.9782,2026-06-05,-0.1666,2026-06-09,0.8258
2026-06-04,DN,11,PGHH.NS,0.759,2.569,-6.5695,2026-06-05,-0.5344,2026-06-09,-4.423
2026-06-04,DN,12,NHPC.NS,0.749,3.0366,-5.652,2026-06-05,-1.5108,2026-06-09,-2.7851
2026-06-04,DN,13,NATIONALUM.NS,0.743,3.1712,-4.399,2026-06-05,-4.4203,2026-06-09,-7.2705
2026-06-04,DN,14,BSE.NS,0.7367,3.4664,-5.0607,2026-06-05,-3.8032,2026-06-09,-0.9198
2026-06-04,DN,15,CHOLAFIN.NS,0.732,2.96,-5.9017,2026-06-05,1.1575,2026-06-09,0.6326
2026-06-04,DN,16,PNBHOUSING.NS,0.7255,2.9225,-7.2827,2026-06-05,-0.1701,2026-06-09,-1.0406
2026-06-04,DN,17,VEDL.NS,0.707,3.1516,-7.6685,2026-06-05,-3.6336,2026-06-09,-6.4885
2026-06-04,DN,18,LTTS.NS,0.7017,4.2596,-6.2865,2026-06-05,-1.8154,2026-06-09,4.4497
2026-06-04,DN,19,SUZLON.NS,0.6917,3.3557,-3.32,2026-06-05,-0.5574,2026-06-09,-0.7012
2026-06-04,DN,20,OFSS.NS,0.6828,3.6927,-1.9564,2026-06-05,-1.5993,2026-06-09,-4.5405
2026-06-05,UP,1,PARAS.NS,0.9927,4.9047,17.1844,2026-06-08,0.4791,2026-06-10,8.3685
2026-06-05,UP,2,TEJASNET.NS,0.8961,5.2381,10.7225,2026-06-08,-5.8487,2026-06-10,-4.4082
2026-06-05,UP,3,DATAPATTNS.NS,0.8886,4.2768,4.1923,2026-06-08,-1.6925,2026-06-10,3.3518
2026-06-05,UP,4,OLECTRA.NS,0.8697,4.0335,9.3898,2026-06-08,-3.9355,2026-06-10,-1.1156
2026-06-05,UP,5,NMDC.NS,0.8587,3.0055,5.5802,2026-06-08,-3.563,2026-06-10,-4.7901
2026-06-05,UP,6,STLTECH.NS,0.8483,4.4449,15.4994,2026-06-08,-4.998,2026-06-10,-5.9588
2026-06-05,UP,7,MIDHANI.NS,0.8449,4.3992,3.5421,2026-06-08,-3.375,2026-06-10,-0.4936
2026-06-05,UP,8,MAPMYINDIA.NS,0.8299,4.7913,4.1049,2026-06-08,-1.4706,2026-06-10,0.8144
2026-06-05,UP,9,VOLTAS.NS,0.8255,2.8812,4.2225,2026-06-08,-1.7022,2026-06-10,-0.6393
2026-06-05,UP,10,IDEA.NS,0.8201,2.838,6.862,2026-06-08,-3.6789,2026-06-10,-7.1572
2026-06-05,UP,11,FINEORG.NS,0.8017,2.9305,2.7889,2026-06-08,-1.2935,2026-06-10,-0.7993
2026-06-05,UP,12,COROMANDEL.NS,0.7981,3.1719,2.4635,2026-06-08,-2.5434,2026-06-10,4.6694
2026-06-05,UP,13,ADANIENSOL.NS,0.7905,3.7614,4.3415,2026-06-08,-0.5446,2026-06-10,-2.7486
2026-06-05,UP,14,PRESTIGE.NS,0.7862,3.3984,0.8691,2026-06-08,-3.8737,2026-06-10,-3.8448
2026-06-05,UP,15,ADANIGREEN.NS,0.784,3.3577,3.4092,2026-06-08,-2.3071,2026-06-10,-2.7987
2026-06-05,UP,16,ALKYLAMINE.NS,0.7772,4.6165,7.5092,2026-06-08,0.7604,2026-06-10,1.2167
2026-06-05,UP,17,MRPL.NS,0.7743,3.1984,6.8571,2026-06-08,-2.1627,2026-06-10,5.6294
2026-06-05,UP,18,IDEAFORGE.NS,0.7699,4.9365,11.8343,2026-06-08,-0.6614,2026-06-10,-2.9947
2026-06-05,UP,19,AJANTPHARM.NS,0.7694,3.2241,1.6252,2026-06-08,-0.2587,2026-06-10,3.3059
2026-06-05,UP,20,CANBK.NS,0.7602,2.4446,3.8303,2026-06-08,-2.8717,2026-06-10,-1.7304
2026-06-05,DN,1,RAJESHEXPO.NS,0.8813,4.8668,-16.5638,2026-06-08,-4.9934,2026-06-10,-14.251
2026-06-05,DN,2,JPPOWER.NS,0.8617,6.531,-12.9858,2026-06-08,-2.7325,2026-06-10,-5.4125
2026-06-05,DN,3,NATIONALUM.NS,0.8476,3.5642,-6.7735,2026-06-08,-4.4225,2026-06-10,-4.9406
2026-06-05,DN,4,LTTS.NS,0.8182,4.3717,-6.4008,2026-06-08,-1.4785,2026-06-10,3.5889
2026-06-05,DN,5,BSE.NS,0.8022,3.7951,-6.4181,2026-06-08,0.9485,2026-06-10,1.2758
2026-06-05,DN,6,GLENMARK.NS,0.7886,3.7337,-4.7782,2026-06-08,0.4755,2026-06-10,-1.0064
2026-06-05,DN,7,MOTHERSON.NS,0.7842,3.6525,-1.4958,2026-06-08,-3.1694,2026-06-10,-0.9404
2026-06-05,DN,8,NHPC.NS,0.783,3.0936,-4.9448,2026-06-08,-1.9474,2026-06-10,-3.0679
2026-06-05,DN,9,TATACHEM.NS,0.7791,3.1633,-5.1055,2026-06-08,-0.1807,2026-06-10,0.1529
2026-06-05,DN,10,ASHOKLEY.NS,0.7752,3.5677,-6.5299,2026-06-08,-2.9389,2026-06-10,-2.581
2026-06-05,DN,11,VEDL.NS,0.765,3.4277,-10.4935,2026-06-08,-3.5963,2026-06-10,-5.1648
2026-06-05,DN,12,PERSISTENT.NS,0.7592,3.485,-2.9994,2026-06-08,0.526,2026-06-10,-2.1931
2026-06-05,DN,13,HINDZINC.NS,0.751,2.8972,-10.4511,2026-06-08,-1.9054,2026-06-10,-3.3963
2026-06-05,DN,14,POLICYBZR.NS,0.7493,3.6825,-9.8913,2026-06-08,-1.4471,2026-06-10,-1.597
2026-06-05,DN,15,SUZLON.NS,0.7488,3.288,-2.9479,2026-06-08,-1.591,2026-06-10,-2.2238
2026-06-05,DN,16,ERIS.NS,0.748,3.9408,-2.416,2026-06-08,-0.0073,2026-06-10,0.1245
2026-06-05,DN,17,ALKEM.NS,0.7218,2.8781,-4.4834,2026-06-08,1.9994,2026-06-10,0.914
2026-06-05,DN,18,WIPRO.NS,0.7114,2.9137,-2.8788,2026-06-08,-8.3732,2026-06-10,-9.7999
2026-06-05,DN,19,M&MFIN.NS,0.7095,3.0496,-4.5447,2026-06-08,-3.1396,2026-06-10,-4.3471
2026-06-05,DN,20,SOBHA.NS,0.6968,2.8979,-5.3173,2026-06-08,-3.7167,2026-06-10,-3.4113
2026-06-08,UP,1,PARAS.NS,0.9854,4.9191,18.4469,2026-06-09,7.7118,2026-06-11,2.524
2026-06-08,UP,2,IDEAFORGE.NS,0.9718,5.2441,16.5281,2026-06-09,2.7856,2026-06-11,-7.2277
2026-06-08,UP,3,DATAPATTNS.NS,0.9177,4.2894,7.8492,2026-06-09,10.0741,2026-06-11,1.5382
2026-06-08,UP,4,ZYDUSWELL.NS,0.9034,3.2944,5.8859,2026-06-09,-2.7221,2026-06-11,-4.4222
2026-06-08,UP,5,DEEPAKFERT.NS,0.8971,3.6664,2.9066,2026-06-09,4.6156,2026-06-11,3.4445
2026-06-08,UP,6,FINEORG.NS,0.8748,3.1336,4.4817,2026-06-09,0.9482,2026-06-11,-0.3367
2026-06-08,UP,7,VOLTAS.NS,0.8614,2.958,3.8912,2026-06-09,2.2097,2026-06-11,0.0862
2026-06-08,UP,8,MIDHANI.NS,0.8612,4.6318,3.2001,2026-06-09,7.0096,2026-06-11,0.2851
2026-06-08,UP,9,ADANIENSOL.NS,0.8478,3.918,4.9382,2026-06-09,0.5604,2026-06-11,-6.6034
2026-06-08,UP,10,BEML.NS,0.8206,3.6256,1.2383,2026-06-09,1.3093,2026-06-11,-0.804
2026-06-08,UP,11,SAPPHIRE.NS,0.8143,3.6502,0.2545,2026-06-09,-0.0226,2026-06-11,-5.8548
2026-06-08,UP,12,MRPL.NS,0.8058,3.2078,3.0462,2026-06-09,5.8001,2026-06-11,2.7384
2026-06-08,UP,13,STLTECH.NS,0.7971,4.7989,4.5031,2026-06-09,4.1985,2026-06-11,-3.3826
2026-06-08,UP,14,ALKYLAMINE.NS,0.79,4.743,11.5351,2026-06-09,3.4996,2026-06-11,1.1237
2026-06-08,UP,15,CANBK.NS,0.7859,2.6923,3.0869,2026-06-09,4.2453,2026-06-11,-0.2957
2026-06-08,UP,16,IDEA.NS,0.785,2.9266,3.2258,2026-06-09,-1.8056,2026-06-11,-1.5972
2026-06-08,UP,17,ADANIGREEN.NS,0.7791,3.3129,3.0133,2026-06-09,2.952,2026-06-11,-2.4153
2026-06-08,UP,18,AJANTPHARM.NS,0.7621,3.1319,1.2897,2026-06-09,1.6303,2026-06-11,5.8812
2026-06-08,UP,19,RECLTD.NS,0.7597,2.1206,3.621,2026-06-09,2.5335,2026-06-11,-1.9074
2026-06-08,UP,20,UNIONBANK.NS,0.759,2.6231,1.6242,2026-06-09,3.1844,2026-06-11,-0.3875
2026-06-08,DN,1,RAJESHEXPO.NS,0.8908,5.265,-16.5629,2026-06-09,-5.0,2026-06-11,-14.2537
2026-06-08,DN,2,NATIONALUM.NS,0.876,3.8897,-12.8973,2026-06-09,1.5071,2026-06-11,-2.0095
2026-06-08,DN,3,WIPRO.NS,0.8665,3.6335,-11.9423,2026-06-09,-0.0495,2026-06-11,-2.4153
2026-06-08,DN,4,HINDALCO.NS,0.8092,3.0127,-6.9132,2026-06-09,1.346,2026-06-11,-3.5862
2026-06-08,DN,5,TCS.NS,0.7968,3.089,-6.355,2026-06-09,-0.0186,2026-06-11,-0.7344
2026-06-08,DN,6,KPITTECH.NS,0.7711,3.3865,-3.9181,2026-06-09,0.1125,2026-06-11,-2.4361
2026-06-08,DN,7,COFORGE.NS,0.766,3.7265,-2.7443,2026-06-09,-0.6403,2026-06-11,-1.921
2026-06-08,DN,8,MOTHERSON.NS,0.7638,3.8533,-1.9468,2026-06-09,3.6328,2026-06-11,1.2445
2026-06-08,DN,9,EXIDEIND.NS,0.7593,3.3077,-1.6189,2026-06-09,1.8269,2026-06-11,-0.0648
2026-06-08,DN,10,WELCORP.NS,0.7553,3.4027,-2.2503,2026-06-09,4.827,2026-06-11,3.1784
2026-06-08,DN,11,CENTUM.NS,0.7547,5.5034,-5.9323,2026-06-09,1.5804,2026-06-11,2.6279
2026-06-08,DN,12,OFSS.NS,0.7541,3.4525,-4.2685,2026-06-09,-1.1941,2026-06-11,-5.0277
2026-06-08,DN,13,PERSISTENT.NS,0.7528,3.3757,-6.2384,2026-06-09,-0.9279,2026-06-11,-3.771
2026-06-08,DN,14,NHPC.NS,0.7524,3.1502,-4.7798,2026-06-09,0.6666,2026-06-11,-1.8773
2026-06-08,DN,15,TATACOMM.NS,0.7516,5.1208,-1.8944,2026-06-09,3.673,2026-06-11,3.1588
2026-06-08,DN,16,SOBHA.NS,0.7456,3.181,-6.671,2026-06-09,0.5957,2026-06-11,-1.346
2026-06-08,DN,17,HINDZINC.NS,0.74,2.9792,-11.2176,2026-06-09,1.3759,2026-06-11,-1.9784
2026-06-08,DN,18,VEDL.NS,0.7362,3.5638,-9.7583,2026-06-09,0.6574,2026-06-11,0.2136
2026-06-08,DN,19,NMDC.NS,0.7299,3.284,-3.0096,2026-06-09,0.5023,2026-06-11,-1.2501
2026-06-08,DN,20,M&MFIN.NS,0.7245,3.2922,-4.8628,2026-06-09,1.5138,2026-06-11,-1.7988
2026-06-09,UP,1,PARAS.NS,0.9865,5.0037,21.7231,2026-06-10,0.1299,2026-06-12,5.5815
2026-06-09,UP,2,DATAPATTNS.NS,0.9765,4.2161,13.249,2026-06-10,-4.4905,2026-06-12,-0.2808
2026-06-09,UP,3,MIDHANI.NS,0.9637,4.5028,9.6409,2026-06-10,-3.7637,2026-06-12,-3.3863
2026-06-09,UP,4,DEEPAKFERT.NS,0.9213,3.7111,8.0316,2026-06-10,-1.5606,2026-06-12,2.3706
2026-06-09,UP,5,MRPL.NS,0.9113,3.1772,9.06,2026-06-10,2.0457,2026-06-12,0.4179
2026-06-09,UP,6,JINDALPOLY.NS,0.8873,4.128,2.2514,2026-06-10,4.5529,2026-06-12,12.2481
2026-06-09,UP,7,CERA.NS,0.8676,3.1522,4.1035,2026-06-10,0.5913,2026-06-12,5.2956
2026-06-09,UP,8,AJANTPHARM.NS,0.8576,3.1761,3.6055,2026-06-10,1.9124,2026-06-12,3.7717
2026-06-09,UP,9,ADANIGREEN.NS,0.8488,3.3333,5.8714,2026-06-10,-3.3561,2026-06-12,-3.1802
2026-06-09,UP,10,CANBK.NS,0.8387,2.6902,6.5308,2026-06-10,-2.9452,2026-06-12,-4.247
2026-06-09,UP,11,IDEAFORGE.NS,0.8355,5.3503,16.4073,2026-06-10,-4.9953,2026-06-12,-9.9285
2026-06-09,UP,12,TATACOMM.NS,0.8265,4.6296,3.6512,2026-06-10,0.1417,2026-06-12,-0.4656
2026-06-09,UP,13,MAPMYINDIA.NS,0.8199,4.0132,6.2924,2026-06-10,-1.96,2026-06-12,-4.0283
2026-06-09,UP,14,UNIONBANK.NS,0.7951,2.6385,4.7701,2026-06-10,-2.341,2026-06-12,-0.2288
2026-06-09,UP,15,RBLBANK.NS,0.7833,2.7335,4.8961,2026-06-10,-1.1219,2026-06-12,1.3435
2026-06-09,UP,16,BSE.NS,0.7819,3.7318,1.6379,2026-06-10,-1.6715,2026-06-12,1.121
2026-06-09,UP,17,ZYDUSWELL.NS,0.7701,3.508,2.3001,2026-06-10,-2.4546,2026-06-12,-0.6382
2026-06-09,UP,18,COROMANDEL.NS,0.7596,3.2594,2.7754,2026-06-10,4.0728,2026-06-12,6.065
2026-06-09,UP,19,VOLTAS.NS,0.7564,2.9806,5.1596,2026-06-10,-1.104,2026-06-12,-1.4566
2026-06-09,UP,20,RECLTD.NS,0.7544,2.1199,8.3218,2026-06-10,-0.9372,2026-06-12,-1.1502
2026-06-09,DN,1,HFCL.NS,0.9123,6.2444,-6.2809,2026-06-10,-4.9997,2026-06-12,-3.4549
2026-06-09,DN,2,WIPRO.NS,0.8716,3.6282,-13.4245,2026-06-10,-1.5082,2026-06-12,-0.8422
2026-06-09,DN,3,RAJESHEXPO.NS,0.8664,5.5116,-16.5637,2026-06-10,-4.9938,2026-06-12,-14.252
2026-06-09,DN,4,NATIONALUM.NS,0.8627,3.9231,-11.6252,2026-06-10,-2.0188,2026-06-12,-1.8364
2026-06-09,DN,5,TCS.NS,0.8436,3.146,-12.0928,2026-06-10,0.1348,2026-06-12,0.4835
2026-06-09,DN,6,RATEGAIN.NS,0.8255,4.5903,-3.1363,2026-06-10,4.4104,2026-06-12,4.3371
2026-06-09,DN,7,EXIDEIND.NS,0.8201,3.2938,-3.2738,2026-06-10,-1.6796,2026-06-12,-0.2545
2026-06-09,DN,8,COFORGE.NS,0.8112,3.7282,-7.0747,2026-06-10,-0.6586,2026-06-12,-3.1728
2026-06-09,DN,9,KPITTECH.NS,0.7973,3.4541,-6.5616,2026-06-10,-3.0682,2026-06-12,-0.9456
2026-06-09,DN,10,ZENSARTECH.NS,0.7956,3.4556,-10.7318,2026-06-10,-1.4866,2026-06-12,-2.4453
2026-06-09,DN,11,INFY.NS,0.7885,2.6845,-7.1215,2026-06-10,-2.9653,2026-06-12,-5.4139
2026-06-09,DN,12,NAUKRI.NS,0.7816,3.9233,-3.2588,2026-06-10,-1.1551,2026-06-12,-1.0584
2026-06-09,DN,13,CENTUM.NS,0.7541,5.3175,-6.8,2026-06-10,-1.526,2026-06-12,6.7835
2026-06-09,DN,14,OFSS.NS,0.7532,3.5761,-6.8152,2026-06-10,-1.7584,2026-06-12,-3.2367
2026-06-09,DN,15,PERSISTENT.NS,0.7505,3.4376,-8.2716,2026-06-10,-1.7935,2026-06-12,-4.1251
2026-06-09,DN,16,JSWENERGY.NS,0.7449,3.2778,-3.0839,2026-06-10,-1.7093,2026-06-12,-1.9372
2026-06-09,DN,17,MOTHERSON.NS,0.7448,3.6637,-0.5728,2026-06-10,-1.2842,2026-06-12,-0.4581
2026-06-09,DN,18,NMDC.NS,0.7348,3.1899,-5.5293,2026-06-10,-1.7659,2026-06-12,0.9884
2026-06-09,DN,19,HINDALCO.NS,0.7341,2.8208,-6.0717,2026-06-10,-3.4736,2026-06-12,-5.1175
2026-06-09,DN,20,SOBHA.NS,0.7154,3.1463,-6.2437,2026-06-10,-0.2768,2026-06-12,2.4992
2026-06-10,UP,1,PARAS.NS,0.9737,5.0216,23.965,2026-06-11,-4.9399,2026-06-15,6.5017
2026-06-10,UP,2,DATAPATTNS.NS,0.9715,4.7641,9.1069,2026-06-11,-3.4177,2026-06-15,1.6468
2026-06-10,UP,3,JINDALPOLY.NS,0.9686,4.0344,7.5223,2026-06-11,4.476,2026-06-15,5.5682
2026-06-10,UP,4,DEEPAKFERT.NS,0.9106,3.7891,6.2549,2026-06-11,0.4482,2026-06-15,0.8964
2026-06-10,UP,5,COROMANDEL.NS,0.9029,3.2856,7.7395,2026-06-11,-0.8029,2026-06-15,5.6149
2026-06-10,UP,6,MRPL.NS,0.88,3.3374,6.1365,2026-06-11,-4.8405,2026-06-15,3.2575
2026-06-10,UP,7,CERA.NS,0.8635,3.1695,5.2448,2026-06-11,-0.2556,2026-06-15,6.636
2026-06-10,UP,8,AJANTPHARM.NS,0.8623,3.1799,4.9741,2026-06-11,2.2277,2026-06-15,-0.6667
2026-06-10,UP,9,MIDHANI.NS,0.8481,4.7853,3.9329,2026-06-11,-2.6188,2026-06-15,0.6807
2026-06-10,UP,10,MAPMYINDIA.NS,0.8338,4.1495,5.448,2026-06-11,-2.0573,2026-06-15,0.3894
2026-06-10,UP,11,ADANIGREEN.NS,0.7993,3.4997,3.8879,2026-06-11,-1.9218,2026-06-15,-0.027
2026-06-10,UP,12,TATACHEM.NS,0.7758,3.3761,0.0903,2026-06-11,2.8873,2026-06-15,2.0405
2026-06-10,UP,13,IDEAFORGE.NS,0.7751,5.8552,6.9474,2026-06-11,-4.9962,2026-06-15,-5.6562
2026-06-10,UP,14,ADANIENSOL.NS,0.7722,3.9375,2.8464,2026-06-11,-4.4868,2026-06-15,-2.8458
2026-06-10,UP,15,TATACOMM.NS,0.765,4.1902,2.322,2026-06-11,-0.6368,2026-06-15,-2.2592
2026-06-10,UP,16,CHOLAFIN.NS,0.7452,3.3173,0.136,2026-06-11,-1.202,2026-06-15,12.2912
2026-06-10,UP,17,BEML.NS,0.7444,3.4548,0.7568,2026-06-11,-2.4399,2026-06-15,0.4631
2026-06-10,UP,18,LTTS.NS,0.7394,4.3366,0.8729,2026-06-11,-1.1088,2026-06-15,2.0222
2026-06-10,UP,19,GAIL.NS,0.7338,2.7779,2.5326,2026-06-11,-1.1428,2026-06-15,4.4045
2026-06-10,UP,20,RBLBANK.NS,0.7336,2.7515,2.5129,2026-06-11,0.6023,2026-06-15,4.3984
2026-06-10,DN,1,STLTECH.NS,0.9248,5.2282,-6.1634,2026-06-11,-2.3955,2026-06-15,4.5419
2026-06-10,DN,2,HFCL.NS,0.9119,6.6428,-15.1948,2026-06-11,-3.2109,2026-06-15,6.7057
2026-06-10,DN,3,RAJESHEXPO.NS,0.8879,5.9321,-22.6001,2026-06-11,-4.9965,2026-06-15,-5.2327
2026-06-10,DN,4,NATIONALUM.NS,0.8725,4.0656,-13.9048,2026-06-11,-1.4755,2026-06-15,1.6483
2026-06-10,DN,5,WIPRO.NS,0.864,3.7185,-12.3322,2026-06-11,-0.8718,2026-06-15,1.3693
2026-06-10,DN,6,OIL.NS,0.8362,3.3186,-12.9545,2026-06-11,0.468,2026-06-15,-2.3751
2026-06-10,DN,7,TEJASNET.NS,0.8344,5.787,-3.2411,2026-06-11,4.1213,2026-06-15,5.728
2026-06-10,DN,8,NMDC.NS,0.8104,3.2948,-7.903,2026-06-11,0.0226,2026-06-15,0.0226
2026-06-10,DN,9,HINDALCO.NS,0.7877,3.0398,-8.7453,2026-06-11,-1.4433,2026-06-15,-2.444
2026-06-10,DN,10,INFY.NS,0.786,2.8427,-6.3226,2026-06-11,-2.6805,2026-06-15,-0.9081
2026-06-10,DN,11,OLECTRA.NS,0.7857,4.2726,-3.3909,2026-06-11,-1.8803,2026-06-15,-0.1097
2026-06-10,DN,12,KPITTECH.NS,0.7855,3.7188,-5.3342,2026-06-11,0.5389,2026-06-15,3.2813
2026-06-10,DN,13,ZENSARTECH.NS,0.7802,3.5421,-10.2992,2026-06-11,-3.1602,2026-06-15,-1.3887
2026-06-10,DN,14,EXIDEIND.NS,0.7529,3.3852,-3.1583,2026-06-11,-0.1812,2026-06-15,2.2001
2026-06-10,DN,15,WELCORP.NS,0.7396,3.6705,-3.056,2026-06-11,1.3865,2026-06-15,0.6786
2026-06-10,DN,16,COALINDIA.NS,0.7394,3.1335,-4.5098,2026-06-11,-1.0643,2026-06-15,-1.541
2026-06-10,DN,17,KALYANKJIL.NS,0.7379,3.6653,-4.051,2026-06-11,-2.3324,2026-06-15,13.0794
2026-06-10,DN,18,CESC.NS,0.7312,3.2296,-6.7421,2026-06-11,-0.1249,2026-06-15,0.4816
2026-06-10,DN,19,HINDZINC.NS,0.73,3.1491,-10.3186,2026-06-11,-0.4657,2026-06-15,2.9769
2026-06-10,DN,20,NAUKRI.NS,0.7244,3.9114,-3.4591,2026-06-11,-0.7671,2026-06-15,1.1532
2026-06-11,UP,1,JINDALPOLY.NS,0.9769,3.9646,10.9048,2026-06-12,2.7605,2026-06-16,-1.6536
2026-06-11,UP,2,PARAS.NS,0.9318,5.5433,10.6623,2026-06-12,10.9241,2026-06-16,10.1355
2026-06-11,UP,3,TATACHEM.NS,0.9199,3.5734,2.873,2026-06-12,0.6409,2026-06-16,-1.5853
2026-06-11,UP,4,AJANTPHARM.NS,0.8973,3.1799,6.6391,2026-06-12,-0.3945,2026-06-16,-2.0265
2026-06-11,UP,5,TORNTPHARM.NS,0.8643,2.8961,5.3527,2026-06-12,-0.0219,2026-06-16,-2.3074
2026-06-11,UP,6,DEEPAKFERT.NS,0.8512,3.6323,5.7018,2026-06-12,3.5296,2026-06-16,2.2243
2026-06-11,UP,7,COROMANDEL.NS,0.8425,3.1732,5.8196,2026-06-12,2.7391,2026-06-16,10.4042
2026-06-11,UP,8,NAVINFLUOR.NS,0.7932,3.2057,0.9379,2026-06-12,2.04,2026-06-16,2.2146
2026-06-11,UP,9,DATAPATTNS.NS,0.7835,5.1298,0.3005,2026-06-12,8.1023,2026-06-16,6.4756
2026-06-11,UP,10,ADANIGREEN.NS,0.7772,3.6699,2.1921,2026-06-12,2.1451,2026-06-16,1.9251
2026-06-11,UP,11,RBLBANK.NS,0.7585,2.8365,1.5124,2026-06-12,1.8797,2026-06-16,2.9518
2026-06-11,UP,12,ICICIBANK.NS,0.7483,2.0393,5.2169,2026-06-12,1.8071,2026-06-16,1.3136
2026-06-11,UP,13,BIKAJI.NS,0.7398,2.5167,4.035,2026-06-12,0.3201,2026-06-16,0.2084
2026-06-11,UP,14,LTTS.NS,0.7379,4.1988,0.5807,2026-06-12,1.8231,2026-06-16,5.2201
2026-06-11,UP,15,MAPMYINDIA.NS,0.7289,4.0574,1.3044,2026-06-12,-0.0534,2026-06-16,4.6045
2026-06-11,UP,16,PFIZER.NS,0.7265,2.099,3.4031,2026-06-12,-1.393,2026-06-16,-1.5264
2026-06-11,UP,17,AXISBANK.NS,0.7165,1.9808,5.1065,2026-06-12,2.9606,2026-06-16,3.6742
2026-06-11,UP,18,CERA.NS,0.701,3.1203,5.7819,2026-06-12,4.9449,2026-06-16,6.0381
2026-06-11,UP,19,KOTAKBANK.NS,0.6985,2.1037,3.1062,2026-06-12,2.5296,2026-06-16,3.6863
2026-06-11,UP,20,COLPAL.NS,0.6883,2.3486,1.2073,2026-06-12,2.4845,2026-06-16,3.3668
2026-06-11,DN,1,STLTECH.NS,0.9418,5.6587,-12.7686,2026-06-12,2.683,2026-06-16,9.905
2026-06-11,DN,2,HFCL.NS,0.8976,6.9583,-16.9474,2026-06-12,4.9976,2026-06-16,15.457
2026-06-11,DN,3,RAJESHEXPO.NS,0.8779,6.3383,-22.6039,2026-06-12,-4.9981,2026-06-16,4.737
2026-06-11,DN,4,WIPRO.NS,0.8638,3.6115,-13.1901,2026-06-12,1.5617,2026-06-16,2.9881
2026-06-11,DN,5,TEJASNET.NS,0.861,5.9055,-4.7263,2026-06-12,4.4202,2026-06-16,1.3775
2026-06-11,DN,6,NATIONALUM.NS,0.8442,4.2836,-10.4831,2026-06-12,1.6865,2026-06-16,-1.0658
2026-06-11,DN,7,OIL.NS,0.8415,3.3572,-12.1804,2026-06-12,-2.6901,2026-06-16,-2.2592
2026-06-11,DN,8,KALYANKJIL.NS,0.8359,3.8219,-8.644,2026-06-12,4.217,2026-06-16,14.4347
2026-06-11,DN,9,OLECTRA.NS,0.8155,4.4475,-5.2146,2026-06-12,3.4813,2026-06-16,1.4372
2026-06-11,DN,10,INFY.NS,0.8041,3.0299,-7.2172,2026-06-12,0.1615,2026-06-16,2.6018
2026-06-11,DN,11,COALINDIA.NS,0.8034,3.1688,-7.3601,2026-06-12,-0.6051,2026-06-16,1.0645
2026-06-11,DN,12,NMDC.NS,0.7964,3.3215,-6.5787,2026-06-12,2.7806,2026-06-16,-0.4295
2026-06-11,DN,13,ZENSARTECH.NS,0.7755,3.8126,-8.0469,2026-06-12,2.2584,2026-06-16,4.8329
2026-06-11,DN,14,HINDALCO.NS,0.7743,3.0446,-8.9996,2026-06-12,-0.2636,2026-06-16,-4.0906
2026-06-11,DN,15,JSWENERGY.NS,0.7636,3.5724,-6.4062,2026-06-12,1.2856,2026-06-16,1.7746
2026-06-11,DN,16,EXIDEIND.NS,0.7605,3.4459,-4.4001,2026-06-12,1.6336,2026-06-16,0.752
2026-06-11,DN,17,OFSS.NS,0.7502,3.9162,-8.2442,2026-06-12,0.6691,2026-06-16,2.5363
2026-06-11,DN,18,MIDHANI.NS,0.7449,4.8623,-4.7829,2026-06-12,3.0921,2026-06-16,4.028
2026-06-11,DN,19,IDEAFORGE.NS,0.7441,6.1484,-3.2333,2026-06-12,-0.2067,2026-06-16,4.2657
2026-06-11,DN,20,CRAFTSMAN.NS,0.7348,3.6553,-4.1585,2026-06-12,1.4217,2026-06-16,6.0677
2026-06-12,UP,1,JINDALPOLY.NS,0.9786,4.0552,15.5247,2026-06-15,-1.669,2026-06-17,-8.6907
2026-06-12,UP,2,DATAPATTNS.NS,0.9397,5.0371,7.9072,2026-06-15,-2.6443,2026-06-17,4.9255
2026-06-12,UP,3,ASHOKLEY.NS,0.9317,3.589,4.9281,2026-06-15,3.4438,2026-06-17,4.6704
2026-06-12,UP,4,DEEPAKFERT.NS,0.9161,3.6206,9.0335,2026-06-15,-2.9783,2026-06-17,-0.2637
2026-06-12,UP,5,CHOLAFIN.NS,0.8954,3.3043,4.3175,2026-06-15,5.4525,2026-06-17,7.085
2026-06-12,UP,6,CERA.NS,0.8837,3.225,11.4558,2026-06-15,1.8717,2026-06-17,0.1953
2026-06-12,UP,7,PARAS.NS,0.8611,5.3496,14.2686,2026-06-15,1.0026,2026-06-17,17.1809
2026-06-12,UP,8,CENTUM.NS,0.8524,5.0675,3.5521,2026-06-15,1.2225,2026-06-17,0.8904
2026-06-12,UP,9,TATACHEM.NS,0.8361,3.3964,3.705,2026-06-15,-1.4545,2026-06-17,-2.2723
2026-06-12,UP,10,BSE.NS,0.8281,3.7645,4.1521,2026-06-15,2.1009,2026-06-17,-1.0368
2026-06-12,UP,11,BANKBARODA.NS,0.8041,2.566,4.1904,2026-06-15,0.4732,2026-06-17,2.5842
2026-06-12,UP,12,BOSCHLTD.NS,0.8002,2.7741,4.8872,2026-06-15,0.0256,2026-06-17,0.4352
2026-06-12,UP,13,RBLBANK.NS,0.7959,2.8349,4.1269,2026-06-15,1.8587,2026-06-17,0.9157
2026-06-12,UP,14,SHRIRAMFIN.NS,0.7892,2.7047,3.4279,2026-06-15,4.7856,2026-06-17,5.5029
2026-06-12,UP,15,LTTS.NS,0.7858,3.9409,4.3079,2026-06-15,1.319,2026-06-17,3.0647
2026-06-12,UP,16,IDFCFIRSTB.NS,0.7829,2.4697,5.736,2026-06-15,2.3922,2026-06-17,1.1503
2026-06-12,UP,17,NCC.NS,0.7827,2.742,3.6984,2026-06-15,0.6263,2026-06-17,1.7602
2026-06-12,UP,18,COROMANDEL.NS,0.7762,3.2303,6.673,2026-06-15,3.6312,2026-06-17,6.219
2026-06-12,UP,19,TEJASNET.NS,0.7743,5.7748,3.9309,2026-06-15,-2.7553,2026-06-17,0.526
2026-06-12,UP,20,NAVINFLUOR.NS,0.7656,2.9831,3.8464,2026-06-15,-0.2191,2026-06-17,0.5614
2026-06-12,DN,1,STLTECH.NS,0.9332,5.5886,-5.7489,2026-06-15,4.3091,2026-06-17,5.6455
2026-06-12,DN,2,IDEAFORGE.NS,0.8897,6.2347,-8.0317,2026-06-15,-0.489,2026-06-17,6.9037
2026-06-12,DN,3,RAJESHEXPO.NS,0.8752,6.5455,-22.6071,2026-06-15,4.9993,2026-06-17,15.7571
2026-06-12,DN,4,KALYANKJIL.NS,0.8562,3.8144,-7.2879,2026-06-15,11.095,2026-06-17,11.1095
2026-06-12,DN,5,WIPRO.NS,0.838,3.4227,-9.1899,2026-06-15,0.6884,2026-06-17,2.4037
2026-06-12,DN,6,OIL.NS,0.8334,3.3834,-13.5616,2026-06-15,-0.1436,2026-06-17,-0.1795
2026-06-12,DN,7,COALINDIA.NS,0.8224,3.3033,-6.0978,2026-06-15,0.124,2026-06-17,2.7621
2026-06-12,DN,8,INFY.NS,0.8212,2.9796,-6.7724,2026-06-15,1.6571,2026-06-17,3.6994
2026-06-12,DN,9,ADANIENSOL.NS,0.7779,4.1502,-5.6618,2026-06-15,0.1544,2026-06-17,0.094
2026-06-12,DN,10,ZENSARTECH.NS,0.7736,3.7946,-6.6103,2026-06-15,-0.4196,2026-06-17,1.9214
2026-06-12,DN,11,EXIDEIND.NS,0.7675,3.3723,-1.9021,2026-06-15,0.7399,2026-06-17,-0.9057
2026-06-12,DN,12,JSWENERGY.NS,0.7596,3.6388,-4.2537,2026-06-15,1.2336,2026-06-17,2.2616
2026-06-12,DN,13,NMDC.NS,0.7545,3.2513,-2.1206,2026-06-15,-2.7054,2026-06-17,-3.2223
2026-06-12,DN,14,KPITTECH.NS,0.7466,3.6224,-3.7028,2026-06-15,1.0681,2026-06-17,0.4005
2026-06-12,DN,15,HINDALCO.NS,0.7365,3.0184,-6.4983,2026-06-15,-0.7537,2026-06-17,-1.341
2026-06-12,DN,16,ONGC.NS,0.7346,2.807,-7.0066,2026-06-15,-1.0357,2026-06-17,-0.4874
2026-06-12,DN,17,COFORGE.NS,0.7267,3.8896,-4.7579,2026-06-15,2.5819,2026-06-17,7.2045
2026-06-12,DN,18,MASTEK.NS,0.7248,3.912,-4.9816,2026-06-15,2.5041,2026-06-17,3.7467
2026-06-12,DN,19,OFSS.NS,0.7175,3.7715,-6.1289,2026-06-15,0.4878,2026-06-17,1.2544
2026-06-12,DN,20,NATIONALUM.NS,0.706,4.2325,-4.7637,2026-06-15,1.4595,2026-06-17,-1.8177
2026-06-15,UP,1,JINDALPOLY.NS,0.9668,4.2443,15.8934,2026-06-16,-2.6711,2026-06-18,-6.5526
2026-06-15,UP,2,CHOLAFIN.NS,0.932,3.3891,13.5714,2026-06-16,1.6207,2026-06-18,2.1347
2026-06-15,UP,3,ASHOKLEY.NS,0.924,3.6407,11.8281,2026-06-16,0.5073,2026-06-18,0.4756
2026-06-15,UP,4,MRPL.NS,0.9171,3.893,11.4814,2026-06-16,-2.0302,2026-06-18,-5.8479
2026-06-15,UP,5,PRESTIGE.NS,0.8938,3.3427,10.9144,2026-06-16,3.3005,2026-06-18,3.7487
2026-06-15,UP,6,KALYANKJIL.NS,0.893,4.1067,8.131,2026-06-16,-1.1619,2026-06-18,-0.0131
2026-06-15,UP,7,CENTUM.NS,0.8875,5.0478,9.7972,2026-06-16,0.0331,2026-06-18,-3.7776
2026-06-15,UP,8,CERA.NS,0.8649,3.1269,14.3614,2026-06-16,-0.8148,2026-06-18,-1.5817
2026-06-15,UP,9,SHRIRAMFIN.NS,0.8587,2.8492,11.5987,2026-06-16,0.5097,2026-06-18,0.2049
2026-06-15,UP,10,COROMANDEL.NS,0.8553,3.3339,13.4316,2026-06-16,3.6953,2026-06-18,4.1232
2026-06-15,UP,11,DLF.NS,0.8442,2.8324,9.4691,2026-06-16,2.4168,2026-06-18,4.2721
2026-06-15,UP,12,RATEGAIN.NS,0.844,3.8103,10.5665,2026-06-16,2.4013,2026-06-18,7.8164
2026-06-15,UP,13,GODREJPROP.NS,0.8385,3.2912,6.7448,2026-06-16,1.6023,2026-06-18,2.4912
2026-06-15,UP,14,PARAS.NS,0.8257,5.7148,14.864,2026-06-16,-1.6965,2026-06-18,18.2421
2026-06-15,UP,15,MUTHOOTFIN.NS,0.8248,3.426,6.5909,2026-06-16,0.2152,2026-06-18,0.7057
2026-06-15,UP,16,M&MFIN.NS,0.7966,2.9785,6.0908,2026-06-16,0.0,2026-06-18,-0.6043
2026-06-15,UP,17,BPCL.NS,0.7913,2.6113,8.9251,2026-06-16,0.4829,2026-06-18,1.8352
2026-06-15,UP,18,RBLBANK.NS,0.7909,2.8646,8.0301,2026-06-16,-0.7916,2026-06-18,-0.9124
2026-06-15,UP,19,BSE.NS,0.7841,3.7172,5.3411,2026-06-16,0.8822,2026-06-18,-2.7024
2026-06-15,UP,20,SOBHA.NS,0.7541,3.2132,6.3433,2026-06-16,1.6222,2026-06-18,3.7972
2026-06-15,DN,1,IDEAFORGE.NS,0.8928,6.3149,-7.8722,2026-06-16,4.9951,2026-06-18,6.3479
2026-06-15,DN,2,INFY.NS,0.8087,3.0368,-4.4375,2026-06-16,0.7666,2026-06-18,-0.652
2026-06-15,DN,3,OIL.NS,0.8082,3.3095,-13.264,2026-06-16,0.5872,2026-06-18,0.815
2026-06-15,DN,4,RAJESHEXPO.NS,0.7899,6.4084,-14.467,2026-06-16,4.9981,2026-06-18,15.7547
2026-06-15,DN,5,ZENSARTECH.NS,0.7712,3.8993,-5.0137,2026-06-16,2.9497,2026-06-18,2.6281
2026-06-15,DN,6,TECHM.NS,0.7709,3.2623,-5.1749,2026-06-16,1.4871,2026-06-18,1.5502
2026-06-15,DN,7,SAPPHIRE.NS,0.762,4.4591,-2.1659,2026-06-16,4.7391,2026-06-18,6.5552
2026-06-15,DN,8,ADANIENSOL.NS,0.7506,3.9394,-4.9987,2026-06-16,-0.0536,2026-06-18,2.1047
2026-06-15,DN,9,COALINDIA.NS,0.7344,3.1021,-4.4848,2026-06-16,1.5539,2026-06-18,1.7903
2026-06-15,DN,10,STLTECH.NS,0.7326,5.6728,3.4846,2026-06-16,2.6117,2026-06-18,6.3075
2026-06-15,DN,11,ONGC.NS,0.719,2.8319,-7.935,2026-06-16,1.8674,2026-06-18,0.6772
2026-06-15,DN,12,MPHASIS.NS,0.7139,3.0703,-1.0454,2026-06-16,0.7577,2026-06-18,1.1647
2026-06-15,DN,13,NMDC.NS,0.7135,3.5266,-1.2501,2026-06-16,-0.4295,2026-06-18,0.0678
2026-06-15,DN,14,JPPOWER.NS,0.7113,6.5396,-0.2161,2026-06-16,-2.7071,2026-06-18,-1.6784
2026-06-15,DN,15,SOLARINDS.NS,0.7078,2.925,-4.6207,2026-06-16,-2.1879,2026-06-18,2.8188
2026-06-15,DN,16,HCLTECH.NS,0.7075,2.6215,-2.7795,2026-06-16,3.5469,2026-06-18,3.797
2026-06-15,DN,17,ZYDUSWELL.NS,0.6995,3.649,-4.6132,2026-06-16,2.2329,2026-06-18,1.0614
2026-06-15,DN,18,PERSISTENT.NS,0.688,3.7374,-3.4452,2026-06-16,2.5764,2026-06-18,1.0224
2026-06-15,DN,19,COFORGE.NS,0.6862,3.8655,-1.3088,2026-06-16,4.4421,2026-06-18,5.7398
2026-06-15,DN,20,NTPC.NS,0.6815,2.6655,-3.9459,2026-06-16,2.1402,2026-06-18,3.9787
2026-06-16,UP,1,PRESTIGE.NS,0.9315,3.3665,12.3412,2026-06-17,0.0263,2026-06-19,-1.5647
2026-06-16,UP,2,COROMANDEL.NS,0.9125,3.3479,13.9782,2026-06-17,-1.1555,2026-06-19,-2.1605
2026-06-16,UP,3,CHOLAFIN.NS,0.9077,3.3529,12.3713,2026-06-17,-0.0714,2026-06-19,0.7736
2026-06-16,UP,4,ASHOKLEY.NS,0.8805,3.5764,10.2225,2026-06-17,0.6751,2026-06-19,-1.1609
2026-06-16,UP,5,MGL.NS,0.88,2.8997,11.9441,2026-06-17,1.9652,2026-06-19,1.9737
2026-06-16,UP,6,JINDALPOLY.NS,0.8529,4.4764,7.4265,2026-06-17,-4.5925,2026-06-19,-4.5508
2026-06-16,UP,7,KALYANKJIL.NS,0.845,4.2682,6.6188,2026-06-17,1.1887,2026-06-19,1.3076
2026-06-16,UP,8,DLF.NS,0.8442,2.8728,9.4149,2026-06-17,-0.9137,2026-06-19,-0.7628
2026-06-16,UP,9,GNFC.NS,0.8346,2.8382,7.4572,2026-06-17,4.328,2026-06-19,5.895
2026-06-16,UP,10,COFORGE.NS,0.8214,3.7728,3.7394,2026-06-17,0.0614,2026-06-19,-0.1024
2026-06-16,UP,11,SOBHA.NS,0.8178,3.0443,7.4285,2026-06-17,1.3028,2026-06-19,1.5676
2026-06-16,UP,12,SUZLON.NS,0.8159,3.4493,4.8705,2026-06-17,2.3308,2026-06-19,2.2099
2026-06-16,UP,13,HFCL.NS,0.8099,5.5535,6.1626,2026-06-17,0.6085,2026-06-19,10.9165
2026-06-16,UP,14,RATEGAIN.NS,0.8036,3.7958,12.505,2026-06-17,4.9565,2026-06-19,2.7654
2026-06-16,UP,15,POLICYBZR.NS,0.7986,3.325,6.6453,2026-06-17,1.741,2026-06-19,2.4987
2026-06-16,UP,16,NAVINFLUOR.NS,0.7904,2.8472,7.1319,2026-06-17,0.3896,2026-06-19,2.4332
2026-06-16,UP,17,CENTUM.NS,0.7786,4.9461,8.1247,2026-06-17,-0.3611,2026-06-19,-2.4478
2026-06-16,UP,18,SHRIRAMFIN.NS,0.7661,2.8099,10.3159,2026-06-17,0.174,2026-06-19,-0.3828
2026-06-16,UP,19,M&MFIN.NS,0.7572,3.036,4.5088,2026-06-17,-0.1175,2026-06-19,-1.259
2026-06-16,UP,20,TEJASNET.NS,0.7543,5.9192,7.5571,2026-06-17,3.5432,2026-06-19,8.7633
2026-06-16,DN,1,IDEAFORGE.NS,0.9057,6.0384,-5.8918,2026-06-17,2.3182,2026-06-19,2.577
2026-06-16,DN,2,DATAPATTNS.NS,0.8224,5.48,-1.7813,2026-06-17,6.5285,2026-06-19,7.7011
2026-06-16,DN,3,OLECTRA.NS,0.8144,4.6588,-2.2769,2026-06-17,6.6514,2026-06-19,19.671
2026-06-16,DN,4,OIL.NS,0.8002,3.2825,-11.829,2026-06-17,-0.6196,2026-06-19,-0.3574
2026-06-16,DN,5,MIDHANI.NS,0.7812,4.7294,-2.5092,2026-06-17,2.2321,2026-06-19,-0.4669
2026-06-16,DN,6,ALKYLAMINE.NS,0.7658,4.845,-3.4082,2026-06-17,1.5713,2026-06-19,3.193
2026-06-16,DN,7,STLTECH.NS,0.7571,5.693,1.9086,2026-06-17,-1.2966,2026-06-19,4.7463
2026-06-16,DN,8,SOLARINDS.NS,0.7385,3.0589,-7.4889,2026-06-17,3.302,2026-06-19,6.8229
2026-06-16,DN,9,LAURUSLABS.NS,0.7317,2.6539,-3.3698,2026-06-17,-0.4795,2026-06-19,2.6518
2026-06-16,DN,10,CANBK.NS,0.7231,2.9097,-3.4034,2026-06-17,1.8143,2026-06-19,0.6851
2026-06-16,DN,11,ADANIGREEN.NS,0.7175,3.1983,-3.3887,2026-06-17,-1.1265,2026-06-19,1.3423
2026-06-16,DN,12,ADANIENSOL.NS,0.7082,3.6924,-5.5788,2026-06-17,-0.0067,2026-06-19,1.0932
2026-06-16,DN,13,HINDALCO.NS,0.7041,3.1308,-8.7582,2026-06-17,2.5957,2026-06-19,2.8094
2026-06-16,DN,14,PFC.NS,0.6877,2.5706,-1.8595,2026-06-17,0.9942,2026-06-19,0.8187
2026-06-16,DN,15,PNB.NS,0.6789,2.4068,-1.5321,2026-06-17,0.8336,2026-06-19,0.7409
2026-06-16,DN,16,TATACOMM.NS,0.6707,3.6371,-3.1481,2026-06-17,-0.7212,2026-06-19,3.9298
2026-06-16,DN,17,NMDC.NS,0.669,3.5135,-2.1657,2026-06-17,-0.1022,2026-06-19,0.3746
2026-06-16,DN,18,DEEPAKFERT.NS,0.6674,3.9981,1.0799,2026-06-17,1.0098,2026-06-19,1.8436
2026-06-16,DN,19,INFY.NS,0.6639,3.1255,-3.1094,2026-06-17,1.2329,2026-06-19,-8.0623
2026-06-16,DN,20,TECHM.NS,0.6613,3.2387,-2.4936,2026-06-17,1.0782,2026-06-19,-2.5712
2026-06-17,UP,1,PRESTIGE.NS,0.8947,3.5289,14.5708,2026-06-18,0.4075,2026-06-22,-0.5915
2026-06-17,UP,2,GNFC.NS,0.872,3.0634,13.3002,2026-06-18,0.599,2026-06-22,3.9785
2026-06-17,UP,3,PARAS.NS,0.8691,6.0703,23.5608,2026-06-18,1.9173,2026-06-22,7.2493
2026-06-17,UP,4,YESBANK.NS,0.8636,3.1917,11.1062,2026-06-18,1.4735,2026-06-22,-0.5974
2026-06-17,UP,5,SUZLON.NS,0.8608,3.6359,9.5969,2026-06-18,-1.4004,2026-06-22,0.0675
2026-06-17,UP,6,OLECTRA.NS,0.8553,4.8802,6.1501,2026-06-18,6.768,2026-06-22,12.4216
2026-06-17,UP,7,BDL.NS,0.8533,3.2415,10.6437,2026-06-18,0.1527,2026-06-22,7.3981
2026-06-17,UP,8,APOLLOTYRE.NS,0.8486,2.923,11.3386,2026-06-18,-0.3724,2026-06-22,-0.3375
2026-06-17,UP,9,MGL.NS,0.8462,3.1061,11.8834,2026-06-18,0.1489,2026-06-22,3.0275
2026-06-17,UP,10,RAJESHEXPO.NS,0.8462,5.9113,4.4767,2026-06-18,4.9972,2026-06-22,15.749
2026-06-17,UP,11,CROMPTON.NS,0.8447,3.3928,8.3448,2026-06-18,0.4349,2026-06-22,0.1269
2026-06-17,UP,12,HFCL.NS,0.84,5.8317,12.4298,2026-06-18,4.9966,2026-06-22,10.1667
2026-06-17,UP,13,TEJASNET.NS,0.8282,6.0489,9.2956,2026-06-18,-0.3073,2026-06-22,4.2193
2026-06-17,UP,14,ASHOKLEY.NS,0.8278,3.65,12.7384,2026-06-18,-0.7019,2026-06-22,-1.4915
2026-06-17,UP,15,KEI.NS,0.8254,3.2804,9.2326,2026-06-18,-0.2304,2026-06-22,0.3012
2026-06-17,UP,16,GODREJPROP.NS,0.8175,3.3715,8.943,2026-06-18,1.2246,2026-06-22,0.5927
2026-06-17,UP,17,COCHINSHIP.NS,0.8163,3.3372,6.8366,2026-06-18,-2.0397,2026-06-22,-1.5865
2026-06-17,UP,18,RATEGAIN.NS,0.816,4.0055,13.0934,2026-06-18,0.316,2026-06-22,-1.45
2026-06-17,UP,19,DATAPATTNS.NS,0.8153,5.6195,9.5503,2026-06-18,0.6814,2026-06-22,2.0253
2026-06-17,UP,20,STLTECH.NS,0.8139,6.0806,5.8813,2026-06-18,4.9627,2026-06-22,1.192
2026-06-17,DN,1,MRPL.NS,0.858,4.6164,-1.5585,2026-06-18,-1.2417,2026-06-22,-4.1597
2026-06-17,DN,2,IDEAFORGE.NS,0.8171,6.3014,1.3527,2026-06-18,-1.0064,2026-06-22,-4.0954
2026-06-17,DN,3,TECHM.NS,0.7653,3.3507,-1.1157,2026-06-18,-1.0052,2026-06-22,-1.86
2026-06-17,DN,4,JINDALPOLY.NS,0.7397,5.1631,-1.9703,2026-06-18,0.6336,2026-06-22,-2.476
2026-06-17,DN,5,AJANTPHARM.NS,0.7267,3.5065,0.1463,2026-06-18,-0.1883,2026-06-22,3.5819
2026-06-17,DN,6,ADANIENSOL.NS,0.7124,3.8186,-2.9044,2026-06-18,2.1663,2026-06-22,3.2461
2026-06-17,DN,7,TATACOMM.NS,0.7113,3.941,-3.9826,2026-06-18,2.2213,2026-06-22,8.5219
2026-06-17,DN,8,ADANIGREEN.NS,0.6804,3.3975,-1.1598,2026-06-18,2.7971,2026-06-22,5.7375
2026-06-17,DN,9,LAURUSLABS.NS,0.6754,2.8331,-1.1474,2026-06-18,-0.073,2026-06-22,4.8255
2026-06-17,DN,10,PFC.NS,0.6684,2.6843,0.1043,2026-06-18,-0.5675,2026-06-22,2.1309
2026-06-17,DN,11,ASIANPAINT.NS,0.6567,2.3949,0.8434,2026-06-18,0.6209,2026-06-22,-2.3375
2026-06-17,DN,12,ATUL.NS,0.6498,2.6419,-2.8081,2026-06-18,0.6971,2026-06-22,1.4098
2026-06-17,DN,13,NESTLEIND.NS,0.6478,2.4652,-2.1553,2026-06-18,-0.4903,2026-06-22,-0.3837
2026-06-17,DN,14,SRF.NS,0.6428,2.6253,-1.0461,2026-06-18,-0.0924,2026-06-22,0.5618
2026-06-17,DN,15,MPHASIS.NS,0.6405,3.1102,1.8452,2026-06-18,-0.1538,2026-06-22,-2.5682
2026-06-17,DN,16,HINDALCO.NS,0.6395,3.3379,-3.0213,2026-06-18,0.0595,2026-06-22,0.6251
2026-06-17,DN,17,SOLARINDS.NS,0.6381,3.275,-1.3562,2026-06-18,1.7586,2026-06-22,5.6367
2026-06-17,DN,18,CIPLA.NS,0.6378,2.0602,-1.9027,2026-06-18,0.3479,2026-06-22,4.8046
2026-06-17,DN,19,NMDC.NS,0.6361,3.6218,-0.5088,2026-06-18,0.6023,2026-06-22,0.2159
2026-06-17,DN,20,CANBK.NS,0.635,3.0792,1.3337,2026-06-18,-0.1996,2026-06-22,-0.3106
2026-06-18,UP,1,PARAS.NS,0.9913,6.1341,32.474,2026-06-19,7.5059,2026-06-23,1.7324
2026-06-18,UP,2,RAJESHEXPO.NS,0.9791,5.5869,15.4669,2026-06-19,4.9962,2026-06-23,15.7424
2026-06-18,UP,3,OLECTRA.NS,0.9687,4.7604,15.5062,2026-06-19,5.0947,2026-06-23,3.7951
2026-06-18,UP,4,BATAINDIA.NS,0.9365,3.2875,20.073,2026-06-19,-5.3424,2026-06-23,-7.1148
2026-06-18,UP,5,DATAPATTNS.NS,0.9175,5.4857,14.1998,2026-06-19,0.4165,2026-06-23,0.6018
2026-06-18,UP,6,PRESTIGE.NS,0.9026,3.3823,15.272,2026-06-19,-1.9899,2026-06-23,-0.9819
2026-06-18,UP,7,STLTECH.NS,0.8971,5.968,13.8635,2026-06-19,1.1048,2026-06-23,-6.165
2026-06-18,UP,8,GALAXYSURF.NS,0.8781,3.0474,14.1902,2026-06-19,1.6618,2026-06-23,1.0452
2026-06-18,UP,9,YESBANK.NS,0.8755,3.1145,14.6715,2026-06-19,-0.2747,2026-06-23,-3.6499
2026-06-18,UP,10,GNFC.NS,0.8462,3.0217,14.4892,2026-06-19,0.8976,2026-06-23,-0.5066
2026-06-18,UP,11,GRSE.NS,0.8447,3.0755,11.4033,2026-06-19,-0.9557,2026-06-23,-0.8176
2026-06-18,UP,12,MUTHOOTFIN.NS,0.8413,3.3149,10.1176,2026-06-19,-1.7691,2026-06-23,-1.9733
2026-06-18,UP,13,DLF.NS,0.838,2.9911,13.8011,2026-06-19,-2.5285,2026-06-23,-4.4248
2026-06-18,UP,14,RAILTEL.NS,0.8368,3.3003,9.5756,2026-06-19,-1.0226,2026-06-23,-1.317
2026-06-18,UP,15,RVNL.NS,0.8353,3.0613,11.4272,2026-06-19,-1.45,2026-06-23,-3.0091
2026-06-18,UP,16,HFCL.NS,0.832,5.2229,21.9636,2026-06-19,4.9992,2026-06-23,1.3325
2026-06-18,UP,17,ONMOBILE.NS,0.8091,3.4648,9.2035,2026-06-19,-0.737,2026-06-23,-0.8692
2026-06-18,UP,18,CROMPTON.NS,0.7887,3.003,9.5257,2026-06-19,-0.6676,2026-06-23,-1.6781
2026-06-18,UP,19,AMBER.NS,0.7868,3.2381,9.2661,2026-06-19,-0.9604,2026-06-23,-2.2284
2026-06-18,UP,20,M&MFIN.NS,0.7868,3.1956,7.3812,2026-06-19,-0.6587,2026-06-23,-1.6213
2026-06-18,DN,1,ALKYLAMINE.NS,0.8249,5.0477,-0.9785,2026-06-19,3.0259,2026-06-23,0.6532
2026-06-18,DN,2,TECHM.NS,0.8142,3.3151,-1.1876,2026-06-19,-2.6318,2026-06-23,-2.2173
2026-06-18,DN,3,JINDALPOLY.NS,0.756,4.8582,-5.5757,2026-06-19,-0.5861,2026-06-23,-7.4825
2026-06-18,DN,4,MRPL.NS,0.7354,4.5375,2.1644,2026-06-19,-3.0678,2026-06-23,-3.6336
2026-06-18,DN,5,LAURUSLABS.NS,0.7336,2.7845,-1.5818,2026-06-19,3.2218,2026-06-23,8.197
2026-06-18,DN,6,AJANTPHARM.NS,0.7158,3.1336,-2.2205,2026-06-19,-0.2733,2026-06-23,3.7025
2026-06-18,DN,7,PERSISTENT.NS,0.7084,3.9104,1.3644,2026-06-19,-2.2569,2026-06-23,-2.1051
2026-06-18,DN,8,TATACOMM.NS,0.7009,3.8087,-1.2208,2026-06-19,2.4099,2026-06-23,4.1813
2026-06-18,DN,9,DEEPAKFERT.NS,0.6991,3.7861,1.605,2026-06-19,2.4644,2026-06-23,3.7491
2026-06-18,DN,10,RBLBANK.NS,0.6856,2.9713,2.8265,2026-06-19,2.5999,2026-06-23,0.5416
2026-06-18,DN,11,MPHASIS.NS,0.6813,3.1049,2.5814,2026-06-19,-2.9573,2026-06-23,-3.9373
2026-06-18,DN,12,NESTLEIND.NS,0.6764,2.3963,-1.5536,2026-06-19,1.0283,2026-06-23,-0.5855
2026-06-18,DN,13,ZYDUSWELL.NS,0.6719,3.576,0.8594,2026-06-19,1.5258,2026-06-23,5.0629
2026-06-18,DN,14,BIKAJI.NS,0.662,2.906,-1.7569,2026-06-19,0.053,2026-06-23,-0.0152
2026-06-18,DN,15,TATACHEM.NS,0.6603,3.1827,-1.1535,2026-06-19,-0.4777,2026-06-23,-0.273
2026-06-18,DN,16,INFY.NS,0.6577,3.1378,1.1574,2026-06-19,-6.7494,2026-06-23,-8.7095
2026-06-18,DN,17,NMDC.NS,0.656,3.2443,0.0678,2026-06-19,-0.1243,2026-06-23,-3.6937
2026-06-18,DN,18,NATIONALUM.NS,0.645,4.2158,-0.769,2026-06-19,2.2434,2026-06-23,-3.3583
2026-06-18,DN,19,WELCORP.NS,0.6404,3.2366,0.5758,2026-06-19,1.8606,2026-06-23,1.3597
2026-06-18,DN,20,CIPLA.NS,0.6317,1.8939,-2.0097,2026-06-19,-0.273,2026-06-23,5.7248
2026-06-19,UP,1,PARAS.NS,0.9888,6.2071,28.3917,2026-06-22,-2.1155,2026-06-24,-8.533
2026-06-19,UP,2,OLECTRA.NS,0.9754,4.4827,17.3071,2026-06-22,0.1908,2026-06-24,-1.8549
2026-06-19,UP,3,BATAINDIA.NS,0.9323,3.6865,11.7471,2026-06-22,-2.2335,2026-06-24,-4.3734
2026-06-19,UP,4,COFORGE.NS,0.9038,4.0222,7.029,2026-06-22,1.4078,2026-06-24,2.3645
2026-06-19,UP,5,CRAFTSMAN.NS,0.8952,3.3032,9.9692,2026-06-22,-2.9011,2026-06-24,-4.3033
2026-06-19,UP,6,GALAXYSURF.NS,0.8923,3.1995,14.16,2026-06-22,0.5757,2026-06-24,3.0482
2026-06-19,UP,7,AMBER.NS,0.8816,3.4922,6.3208,2026-06-22,0.2218,2026-06-24,-0.5768
2026-06-19,UP,8,STLTECH.NS,0.8797,5.9683,12.1134,2026-06-22,-4.6458,2026-06-24,-10.7282
2026-06-19,UP,9,FINEORG.NS,0.8746,2.9616,11.8759,2026-06-22,-1.5532,2026-06-24,-0.2876
2026-06-19,UP,10,GNFC.NS,0.8682,3.1219,12.6625,2026-06-22,2.4399,2026-06-24,-1.7
2026-06-19,UP,11,BDL.NS,0.855,2.8501,14.4309,2026-06-22,2.4246,2026-06-24,0.7354
2026-06-19,UP,12,SAPPHIRE.NS,0.8349,4.4278,11.0015,2026-06-22,2.177,2026-06-24,-1.0805
2026-06-19,UP,13,PRESTIGE.NS,0.8218,3.5206,7.9291,2026-06-22,1.0152,2026-06-24,2.9253
2026-06-19,UP,14,SUZLON.NS,0.8175,3.2867,7.48,2026-06-22,0.1858,2026-06-24,-2.1791
2026-06-19,UP,15,RATNAMANI.NS,0.8148,2.9511,7.3784,2026-06-22,-0.6749,2026-06-24,-0.6243
2026-06-19,UP,16,HFCL.NS,0.8141,4.9739,21.9656,2026-06-22,-0.0716,2026-06-24,-2.3091
2026-06-19,UP,17,RAJESHEXPO.NS,0.8141,5.228,27.6142,2026-06-22,4.9944,2026-06-24,4.7277
2026-06-19,UP,18,RATEGAIN.NS,0.8093,3.8134,10.8103,2026-06-22,0.6511,2026-06-24,-0.8644
2026-06-19,UP,19,IDEAFORGE.NS,0.8062,5.9826,7.1741,2026-06-22,-4.3373,2026-06-24,-12.239
2026-06-19,UP,20,SOLARINDS.NS,0.8019,3.1302,5.3025,2026-06-22,2.1549,2026-06-24,-1.0414
2026-06-19,DN,1,MRPL.NS,0.8761,4.74,-4.2358,2026-06-22,0.1167,2026-06-24,1.323
2026-06-19,DN,2,INFY.NS,0.7938,3.6462,-5.8223,2026-06-22,1.3316,2026-06-24,0.4946
2026-06-19,DN,3,JINDALPOLY.NS,0.7797,4.7813,-8.6508,2026-06-22,-2.5186,2026-06-24,-4.1709
2026-06-19,DN,4,TCS.NS,0.778,3.3805,-1.6841,2026-06-22,0.1318,2026-06-24,-0.7529
2026-06-19,DN,5,IDEA.NS,0.7682,3.8012,0.1342,2026-06-22,-0.6702,2026-06-24,-4.0885
2026-06-19,DN,6,ALKYLAMINE.NS,0.7562,4.9409,0.7424,2026-06-22,-0.6448,2026-06-24,-3.4627
2026-06-19,DN,7,BSE.NS,0.7483,3.9463,-0.5172,2026-06-22,0.3109,2026-06-24,-3.3232
2026-06-19,DN,8,CENTUM.NS,0.7274,4.8508,-1.2225,2026-06-22,4.6454,2026-06-24,2.5968
2026-06-19,DN,9,LTTS.NS,0.7189,3.8536,-0.5938,2026-06-22,0.2101,2026-06-24,-0.2642
2026-06-19,DN,10,DEEPAKFERT.NS,0.7157,3.5589,0.5596,2026-06-22,2.5139,2026-06-24,2.5203
2026-06-19,DN,11,TECHM.NS,0.7096,3.5319,-1.3714,2026-06-22,1.8161,2026-06-24,3.689
2026-06-19,DN,12,DEEPAKNTR.NS,0.6986,3.0519,-1.527,2026-06-22,1.648,2026-06-24,0.0486
2026-06-19,DN,13,SRF.NS,0.6965,2.5155,-1.2104,2026-06-22,0.4022,2026-06-24,2.0666
2026-06-19,DN,14,MPHASIS.NS,0.6882,3.4673,-0.1277,2026-06-22,0.5557,2026-06-24,-0.2822
2026-06-19,DN,15,SAIL.NS,0.6785,3.2745,-2.1946,2026-06-22,-2.8881,2026-06-24,-4.7931
2026-06-19,DN,16,NOCIL.NS,0.6761,3.1043,-1.5661,2026-06-22,19.9975,2026-06-24,15.2937
2026-06-19,DN,17,IDFCFIRSTB.NS,0.6682,2.482,2.8497,2026-06-22,2.5547,2026-06-24,0.6609
2026-06-19,DN,18,VEDL.NS,0.6682,3.7008,-2.8581,2026-06-22,1.6789,2026-06-24,-6.0672
2026-06-19,DN,19,GODREJCP.NS,0.6577,2.45,-3.1646,2026-06-22,1.8889,2026-06-24,1.9888
2026-06-19,DN,20,HDFCBANK.NS,0.6522,2.132,0.9515,2026-06-22,0.8464,2026-06-24,1.7184
2026-06-22,UP,1,NOCIL.NS,0.9582,3.6085,16.6881,2026-06-23,-0.8018,2026-06-25,-4.6955
2026-06-22,UP,2,GNFC.NS,0.9345,3.448,14.0308,2026-06-23,-3.7403,2026-06-25,-5.9587
2026-06-22,UP,3,OLECTRA.NS,0.9222,4.2931,19.4667,2026-06-23,-1.4246,2026-06-25,-1.9564
2026-06-22,UP,4,ZYDUSWELL.NS,0.9205,3.438,7.4497,2026-06-23,-1.1835,2026-06-25,-3.4386
2026-06-22,UP,5,TATACOMM.NS,0.9128,3.7743,6.6084,2026-06-23,-1.8674,2026-06-25,-3.3856
2026-06-22,UP,6,HFCL.NS,0.8937,4.9808,16.0765,2026-06-23,-3.4231,2026-06-25,2.6449
2026-06-22,UP,7,PARAS.NS,0.8872,6.3513,24.4281,2026-06-23,-3.3252,2026-06-25,-10.5233
2026-06-22,UP,8,RAJESHEXPO.NS,0.8795,4.927,27.6081,2026-06-23,4.9912,2026-06-25,-5.2354
2026-06-22,UP,9,GRSE.NS,0.8703,3.1879,7.1707,2026-06-23,-2.0415,2026-06-25,-4.7473
2026-06-22,UP,10,COFORGE.NS,0.8568,3.7204,5.8039,2026-06-23,-0.182,2026-06-25,0.6065
2026-06-22,UP,11,BDL.NS,0.8483,2.839,16.285,2026-06-23,-1.1445,2026-06-25,-2.7227
2026-06-22,UP,12,COCHINSHIP.NS,0.8256,3.2541,4.5757,2026-06-23,0.4877,2026-06-25,-1.2192
2026-06-22,UP,13,DEEPAKFERT.NS,0.8159,3.5875,6.2521,2026-06-23,-1.2293,2026-06-25,-2.2588
2026-06-22,UP,14,GALAXYSURF.NS,0.8126,3.1191,11.4047,2026-06-23,-1.1755,2026-06-25,2.857
2026-06-22,UP,15,DATAPATTNS.NS,0.8072,5.1395,9.9582,2026-06-23,-0.7234,2026-06-25,-7.3898
2026-06-22,UP,16,AMBER.NS,0.8007,3.5242,3.7598,2026-06-23,-1.4988,2026-06-25,-3.1303
2026-06-22,UP,17,POLICYBZR.NS,0.7983,3.1152,5.5468,2026-06-23,-2.7804,2026-06-25,-3.2119
2026-06-22,UP,18,ONMOBILE.NS,0.7952,3.2958,4.1392,2026-06-23,0.7296,2026-06-25,9.6006
2026-06-22,UP,19,SOLARINDS.NS,0.7843,3.0522,6.7373,2026-06-23,-1.1605,2026-06-25,-5.4932
2026-06-22,UP,20,FINEORG.NS,0.7836,3.0675,5.6803,2026-06-23,-1.9928,2026-06-25,0.6226
2026-06-22,DN,1,MRPL.NS,0.8792,4.6271,-8.6298,2026-06-23,-0.6996,2026-06-25,-0.285
2026-06-22,DN,2,IDEA.NS,0.8163,3.7739,-0.8696,2026-06-23,-2.4966,2026-06-25,-5.1282
2026-06-22,DN,3,SHRIRAMFIN.NS,0.8054,2.7115,-0.7795,2026-06-23,0.0504,2026-06-25,3.923
2026-06-22,DN,4,JINDALPOLY.NS,0.7911,5.0307,-9.4401,2026-06-23,-4.5326,2026-06-25,-3.9203
2026-06-22,DN,5,SAIL.NS,0.7879,3.5541,-4.197,2026-06-23,-3.2428,2026-06-25,-2.322
2026-06-22,DN,6,INFY.NS,0.7606,3.2798,-6.1239,2026-06-23,-3.3884,2026-06-25,-2.2714
2026-06-22,DN,7,BPCL.NS,0.7481,2.5368,-0.6439,2026-06-23,-0.0162,2026-06-25,0.3727
2026-06-22,DN,8,COROMANDEL.NS,0.7428,3.5518,0.0705,2026-06-23,0.2566,2026-06-25,0.6389
2026-06-22,DN,9,M&MFIN.NS,0.7428,2.9937,-1.3094,2026-06-23,-0.9185,2026-06-25,11.7707
2026-06-22,DN,10,BSE.NS,0.7417,3.7249,-2.2613,2026-06-23,-2.2541,2026-06-25,-3.9824
2026-06-22,DN,11,LTTS.NS,0.7367,3.5997,-1.6817,2026-06-23,-0.4134,2026-06-25,-0.4733
2026-06-22,DN,12,VBL.NS,0.7345,2.8296,-5.1848,2026-06-23,-1.6863,2026-06-25,-1.0332
2026-06-22,DN,13,ASHOKLEY.NS,0.7319,2.9909,-0.3234,2026-06-23,-3.6453,2026-06-25,2.2202
2026-06-22,DN,14,PIDILITIND.NS,0.7152,1.9586,0.0764,2026-06-23,-0.3498,2026-06-25,1.5774
2026-06-22,DN,15,NATIONALUM.NS,0.7114,3.9423,-1.1508,2026-06-23,-5.9664,2026-06-25,-12.118
2026-06-22,DN,16,INTELLECT.NS,0.71,3.2709,-0.8371,2026-06-23,-0.6182,2026-06-25,-0.6847
2026-06-22,DN,17,INDUSINDBK.NS,0.7034,2.6798,-1.302,2026-06-23,-1.6937,2026-06-25,-0.228
2026-06-22,DN,18,IOC.NS,0.7014,2.2787,-0.0761,2026-06-23,-0.8381,2026-06-25,-0.3394
2026-06-22,DN,19,LT.NS,0.6896,1.9222,0.7554,2026-06-23,-0.5213,2026-06-25,0.3594
2026-06-22,DN,20,MPHASIS.NS,0.6894,3.1966,-1.2815,2026-06-23,-1.5569,2026-06-25,-0.7324
2026-06-23,UP,1,NOCIL.NS,0.9722,4.2324,17.0118,2026-06-24,-3.1433,2026-06-26,-3.9252
2026-06-23,UP,2,BASF.NS,0.9171,3.3169,8.1976,2026-06-24,0.3497,2026-06-26,-2.4935
2026-06-23,UP,3,ZYDUSWELL.NS,0.8681,3.5135,3.859,2026-06-24,-0.877,2026-06-26,-2.2822
2026-06-23,UP,4,BDL.NS,0.856,2.9155,12.4444,2026-06-24,-0.5106,2026-06-26,-1.5964
2026-06-23,UP,5,LAURUSLABS.NS,0.8553,2.8412,7.5995,2026-06-24,-1.8096,2026-06-26,-2.0932
2026-06-23,UP,6,TATACOMM.NS,0.8473,4.0007,5.7274,2026-06-24,0.262,2026-06-26,-1.5471
2026-06-23,UP,7,COCHINSHIP.NS,0.8348,3.1911,3.6323,2026-06-24,0.2359,2026-06-26,-1.6986
2026-06-23,UP,8,DATAPATTNS.NS,0.8287,5.3086,7.8999,2026-06-24,-4.3656,2026-06-26,-6.715
2026-06-23,UP,9,SOLARINDS.NS,0.8285,3.1045,7.8585,2026-06-24,-1.9916,2026-06-26,-4.3836
2026-06-23,UP,10,BATAINDIA.NS,0.8266,3.8703,8.0798,2026-06-24,-2.5487,2026-06-26,-2.5351
2026-06-23,UP,11,OLECTRA.NS,0.8254,4.2838,18.1911,2026-06-24,-0.626,2026-06-26,-0.5395
2026-06-23,UP,12,GRANULES.NS,0.8188,3.1051,5.2983,2026-06-24,-2.1764,2026-06-26,-3.0203
2026-06-23,UP,13,AUROPHARMA.NS,0.8176,2.5076,9.8446,2026-06-24,-0.2346,2026-06-26,1.3688
2026-06-23,UP,14,PARAS.NS,0.8169,6.6946,22.3665,2026-06-24,-3.3421,2026-06-26,-7.4456
2026-06-23,UP,15,RAJESHEXPO.NS,0.8027,4.5074,27.5997,2026-06-24,-4.9958,2026-06-26,-9.7404
2026-06-23,UP,16,NATCOPHARM.NS,0.7964,3.2846,4.862,2026-06-24,0.0784,2026-06-26,1.2095
2026-06-23,UP,17,ERIS.NS,0.7961,2.5384,6.1388,2026-06-24,0.3696,2026-06-26,-0.1369
2026-06-23,UP,18,GRSE.NS,0.7935,3.2954,5.2193,2026-06-24,-0.6959,2026-06-26,-2.7621
2026-06-23,UP,19,HFCL.NS,0.7918,5.2838,7.0431,2026-06-24,1.226,2026-06-26,6.2831
2026-06-23,UP,20,BHARATFORG.NS,0.7816,2.5896,6.9572,2026-06-24,-1.3706,2026-06-26,-0.3252
2026-06-23,DN,1,STLTECH.NS,0.8323,6.4336,-2.7853,2026-06-24,-3.812,2026-06-26,0.9962
2026-06-23,DN,2,INFY.NS,0.8297,3.2879,-9.9948,2026-06-24,2.6523,2026-06-26,1.1561
2026-06-23,DN,3,MRPL.NS,0.8295,4.3932,-7.3888,2026-06-24,1.9179,2026-06-26,0.4175
2026-06-23,DN,4,JINDALPOLY.NS,0.8188,5.3785,-11.1721,2026-06-24,2.9722,2026-06-26,0.6414
2026-06-23,DN,5,WIPRO.NS,0.7785,3.1631,-4.478,2026-06-24,-0.0057,2026-06-26,0.2923
2026-06-23,DN,6,SAIL.NS,0.7756,3.7078,-6.5252,2026-06-24,1.324,2026-06-26,0.9516
2026-06-23,DN,7,KALYANKJIL.NS,0.7703,4.0319,-1.4397,2026-06-24,0.8309,2026-06-26,1.2597
2026-06-23,DN,8,COROMANDEL.NS,0.7696,3.4467,-3.248,2026-06-24,-0.4717,2026-06-26,0.3814
2026-06-23,DN,9,DLF.NS,0.7631,2.9949,-2.6935,2026-06-24,0.9472,2026-06-26,1.4697
2026-06-23,DN,10,MUTHOOTFIN.NS,0.7611,3.4002,-1.4936,2026-06-24,0.3302,2026-06-26,-3.0132
2026-06-23,DN,11,SHRIRAMFIN.NS,0.7507,2.6828,-1.2329,2026-06-24,2.5822,2026-06-26,3.8707
2026-06-23,DN,12,PRESTIGE.NS,0.75,3.4399,-0.5522,2026-06-24,1.8774,2026-06-26,2.8823
2026-06-23,DN,13,ASHOKLEY.NS,0.7478,3.106,-4.4416,2026-06-24,2.2778,2026-06-26,6.0874
2026-06-23,DN,14,BSE.NS,0.7444,3.7818,-5.2998,2026-06-24,-1.4004,2026-06-26,-1.7682
2026-06-23,DN,15,VBL.NS,0.7406,2.9192,-6.7923,2026-06-24,0.4759,2026-06-26,0.6643
2026-06-23,DN,16,INDIAMART.NS,0.7396,2.5101,-4.352,2026-06-24,-0.9732,2026-06-26,-1.9063
2026-06-23,DN,17,HCLTECH.NS,0.735,2.6885,-4.2709,2026-06-24,0.3966,2026-06-26,-0.7932
2026-06-23,DN,18,HINDZINC.NS,0.7309,3.3787,-3.1012,2026-06-24,-0.887,2026-06-26,-5.2579
2026-06-23,DN,19,MOIL.NS,0.73,2.8315,-4.6371,2026-06-24,-1.4447,2026-06-26,-1.4975
2026-06-23,DN,20,BPCL.NS,0.7274,2.5743,-1.1375,2026-06-24,2.3173,2026-06-26,0.3889
2026-06-24,UP,1,TATACOMM.NS,0.9466,3.8815,6.7744,2026-06-25,-1.8043,2026-06-29,-1.7303
2026-06-24,UP,2,GALAXYSURF.NS,0.9208,3.4401,13.0682,2026-06-25,0.3891,2026-06-29,-1.5763
2026-06-24,UP,3,OFSS.NS,0.9063,3.0725,10.8423,2026-06-25,4.8335,2026-06-29,3.8783
2026-06-24,UP,4,ONMOBILE.NS,0.8937,3.4483,6.4449,2026-06-25,1.9468,2026-06-29,7.5549
2026-06-24,UP,5,NOCIL.NS,0.8802,4.5949,13.791,2026-06-25,-0.8072,2026-06-29,-0.4254
2026-06-24,UP,6,RAJESHEXPO.NS,0.8722,4.7381,15.4551,2026-06-25,-4.9941,2026-06-29,-9.7434
2026-06-24,UP,7,BASF.NS,0.858,3.1685,7.3235,2026-06-25,-2.8333,2026-06-29,-3.2589
2026-06-24,UP,8,FINEORG.NS,0.8565,3.3139,5.6105,2026-06-25,-0.6546,2026-06-29,1.2048
2026-06-24,UP,9,OLECTRA.NS,0.8425,4.2093,10.1262,2026-06-25,0.0871,2026-06-29,-1.2064
2026-06-24,UP,10,LAURUSLABS.NS,0.8367,2.9024,6.1615,2026-06-25,-0.2888,2026-06-29,3.1701
2026-06-24,UP,11,ZYDUSWELL.NS,0.8329,3.6941,3.8226,2026-06-25,-1.4176,2026-06-29,8.3532
2026-06-24,UP,12,M&MFIN.NS,0.794,3.0676,4.4874,2026-06-25,5.6941,2026-06-29,1.4637
2026-06-24,UP,13,BATAINDIA.NS,0.7886,4.0155,5.3795,2026-06-25,0.014,2026-06-29,-2.6154
2026-06-24,UP,14,DEEPAKNTR.NS,0.7713,3.1329,1.851,2026-06-25,-1.3858,2026-06-29,-4.9538
2026-06-24,UP,15,BDL.NS,0.7693,3.0915,5.6268,2026-06-25,-1.0914,2026-06-29,-3.4984
2026-06-24,UP,16,ENDURANCE.NS,0.7638,2.6702,4.875,2026-06-25,-0.4206,2026-06-29,-1.7487
2026-06-24,UP,17,CHOLAFIN.NS,0.742,2.8553,6.7711,2026-06-25,0.3514,2026-06-29,-1.0542
2026-06-24,UP,18,NAVINFLUOR.NS,0.7365,2.8099,4.8271,2026-06-25,-1.1626,2026-06-29,-2.7538
2026-06-24,UP,19,SUNDRMFAST.NS,0.7345,2.4665,5.0997,2026-06-25,3.0333,2026-06-29,3.0111
2026-06-24,UP,20,EXIDEIND.NS,0.7331,2.5246,2.8579,2026-06-25,-2.428,2026-06-29,-3.2416
2026-06-24,DN,1,STLTECH.NS,0.8872,6.6703,-5.2627,2026-06-25,4.9987,2026-06-29,6.916
2026-06-24,DN,2,IDEAFORGE.NS,0.8592,6.8283,-12.017,2026-06-25,0.893,2026-06-29,-0.7952
2026-06-24,DN,3,RATEGAIN.NS,0.8375,4.0273,-2.9339,2026-06-25,-2.2379,2026-06-29,0.4883
2026-06-24,DN,4,INFY.NS,0.8285,3.2692,-8.7328,2026-06-25,-1.4575,2026-06-29,-1.8834
2026-06-24,DN,5,DATAPATTNS.NS,0.8226,5.6336,-3.1344,2026-06-25,-2.4567,2026-06-29,-3.2034
2026-06-24,DN,6,IRFC.NS,0.8188,2.7861,-7.9052,2026-06-25,-0.7892,2026-06-29,-2.0432
2026-06-24,DN,7,HINDZINC.NS,0.8179,3.4083,-5.3445,2026-06-25,-4.41,2026-06-29,-3.0353
2026-06-24,DN,8,VEDL.NS,0.8027,4.1661,-7.814,2026-06-25,-3.2207,2026-06-29,0.7078
2026-06-24,DN,9,WIPRO.NS,0.8022,3.2046,-5.4155,2026-06-25,0.298,2026-06-29,0.5731
2026-06-24,DN,10,PARAS.NS,0.8002,6.9327,0.2178,2026-06-25,-4.2454,2026-06-29,-8.192
2026-06-24,DN,11,MUTHOOTFIN.NS,0.77,3.4385,-1.9025,2026-06-25,-3.3324,2026-06-29,-3.473
2026-06-24,DN,12,ASHOKLEY.NS,0.763,3.1156,-2.9203,2026-06-25,3.7247,2026-06-29,1.5816
2026-06-24,DN,13,GNFC.NS,0.7597,3.7801,-0.2235,2026-06-25,-1.9982,2026-06-29,-2.0699
2026-06-24,DN,14,IDEA.NS,0.7576,3.7237,-4.0885,2026-06-25,-1.747,2026-06-29,0.8386
2026-06-24,DN,15,APOLLOTYRE.NS,0.7515,2.69,-1.8156,2026-06-25,2.0982,2026-06-29,-0.2726
2026-06-24,DN,16,MOIL.NS,0.743,2.8615,-5.6024,2026-06-25,-0.0536,2026-06-29,0.1251
2026-06-24,DN,17,INDIAMART.NS,0.7415,2.5253,-5.5502,2026-06-25,-0.9422,2026-06-29,-2.3658
2026-06-24,DN,18,NATIONALUM.NS,0.7411,4.3015,-5.7973,2026-06-25,-4.7052,2026-06-29,-0.3299
2026-06-24,DN,19,KALYANKJIL.NS,0.7406,3.9037,-1.7883,2026-06-25,0.4253,2026-06-29,0.4386
2026-06-24,DN,20,VBL.NS,0.7379,2.9279,-6.8652,2026-06-25,0.1875,2026-06-29,-0.5131
2026-06-25,UP,1,OFSS.NS,0.9192,3.1485,16.7562,2026-06-26,0.0,2026-06-30,-1.8133
2026-06-25,UP,2,ONMOBILE.NS,0.9092,3.4988,7.8609,2026-06-26,0.0,2026-06-30,7.6559
2026-06-25,UP,3,M&MFIN.NS,0.9058,3.148,10.9779,2026-06-26,0.0,2026-06-30,-3.8807
2026-06-25,UP,4,MOTHERSON.NS,0.8624,2.9958,4.859,2026-06-26,0.0,2026-06-30,-2.3729
2026-06-25,UP,5,WELCORP.NS,0.8624,3.1034,4.1291,2026-06-26,0.0,2026-06-30,4.5907
2026-06-25,UP,6,ZYDUSWELL.NS,0.8437,3.9092,2.6652,2026-06-26,0.0,2026-06-30,11.0596
2026-06-25,UP,7,TATACHEM.NS,0.8255,3.1498,1.8495,2026-06-26,0.0,2026-06-30,-4.0539
2026-06-25,UP,8,SUNDRMFAST.NS,0.8136,2.4858,7.1264,2026-06-26,0.0,2026-06-30,0.5544
2026-06-25,UP,9,NOCIL.NS,0.8029,4.6853,11.9001,2026-06-26,0.0,2026-06-30,-1.1272
2026-06-25,UP,10,BASF.NS,0.7998,3.3843,5.2777,2026-06-26,0.0,2026-06-30,-1.3306
2026-06-25,UP,11,AUROPHARMA.NS,0.7852,2.3323,7.7232,2026-06-26,0.0,2026-06-30,1.5111
2026-06-25,UP,12,GALAXYSURF.NS,0.7799,3.5947,5.1683,2026-06-26,0.0,2026-06-30,-2.4894
2026-06-25,UP,13,CENTUM.NS,0.7731,4.7231,2.0833,2026-06-26,0.0,2026-06-30,6.2235
2026-06-25,UP,14,PNBHOUSING.NS,0.766,2.63,4.0741,2026-06-26,0.0,2026-06-30,-0.6126
2026-06-25,UP,15,BHARATFORG.NS,0.7602,2.663,6.2082,2026-06-26,0.0,2026-06-30,-0.0559
2026-06-25,UP,16,ENDURANCE.NS,0.7539,2.7659,2.8933,2026-06-26,0.0,2026-06-30,-0.9484
2026-06-25,UP,17,LAURUSLABS.NS,0.7515,2.9212,5.9322,2026-06-26,0.0,2026-06-30,4.6483
2026-06-25,UP,18,TATACOMM.NS,0.7425,3.9524,2.5695,2026-06-26,0.0,2026-06-30,-1.0693
2026-06-25,UP,19,EXIDEIND.NS,0.742,2.7844,1.2862,2026-06-26,0.0,2026-06-30,-0.5644
2026-06-25,UP,20,DEEPAKFERT.NS,0.7342,3.7579,2.6676,2026-06-26,0.0,2026-06-30,-0.5299
2026-06-25,DN,1,PARAS.NS,0.9148,7.1122,-5.8422,2026-06-26,0.0,2026-06-30,4.4823
2026-06-25,DN,2,BATAINDIA.NS,0.8827,4.1453,-9.4696,2026-06-26,0.0,2026-06-30,-4.356
2026-06-25,DN,3,DATAPATTNS.NS,0.8565,5.7468,-6.1536,2026-06-26,0.0,2026-06-30,-0.1065
2026-06-25,DN,4,IDEAFORGE.NS,0.8536,6.7479,-10.3289,2026-06-26,0.0,2026-06-30,-1.1034
2026-06-25,DN,5,RATEGAIN.NS,0.8515,4.2049,-5.4049,2026-06-26,0.0,2026-06-30,6.9207
2026-06-25,DN,6,MUTHOOTFIN.NS,0.8221,3.5872,-4.9271,2026-06-26,0.0,2026-06-30,-0.9354
2026-06-25,DN,7,GNFC.NS,0.8081,4.0126,-2.7995,2026-06-26,0.0,2026-06-30,-0.6309
2026-06-25,DN,8,IRFC.NS,0.8044,2.7779,-8.3491,2026-06-26,0.0,2026-06-30,-1.3512
2026-06-25,DN,9,HINDZINC.NS,0.8032,3.3388,-9.3446,2026-06-26,0.0,2026-06-30,2.9148
2026-06-25,DN,10,INFY.NS,0.791,3.3135,-7.6541,2026-06-26,0.0,2026-06-30,-3.9186
2026-06-25,DN,11,INDIAMART.NS,0.79,2.6228,-8.5279,2026-06-26,0.0,2026-06-30,-2.5059
2026-06-25,DN,12,NATIONALUM.NS,0.7738,4.3988,-9.6805,2026-06-26,0.0,2026-06-30,2.243
2026-06-25,DN,13,GRSE.NS,0.7699,3.2647,-3.5571,2026-06-26,0.0,2026-06-30,0.0514
2026-06-25,DN,14,KEI.NS,0.7692,3.3484,-6.4381,2026-06-26,0.0,2026-06-30,3.0277
2026-06-25,DN,15,TIINDIA.NS,0.7689,3.5429,-6.2183,2026-06-26,0.0,2026-06-30,-0.8088
2026-06-25,DN,16,VEDL.NS,0.766,4.1428,-10.6373,2026-06-26,0.0,2026-06-30,2.6696
2026-06-25,DN,17,DLF.NS,0.7628,3.0027,-3.0201,2026-06-26,0.0,2026-06-30,-0.2092
2026-06-25,DN,18,IDEA.NS,0.7551,3.861,-6.3291,2026-06-26,0.0,2026-06-30,2.845
2026-06-25,DN,19,YESBANK.NS,0.739,2.9525,-2.394,2026-06-26,0.0,2026-06-30,-2.7744
2026-06-25,DN,20,AMBER.NS,0.7176,3.5439,-3.8478,2026-06-26,0.0,2026-06-30,-1.6843
2026-06-29,UP,1,ONMOBILE.NS,0.9555,3.5252,15.6298,2026-06-30,2.0425,2026-07-02,28.9937
2026-06-29,UP,2,M&MFIN.NS,0.9428,3.4933,7.2972,2026-06-30,0.1268,2026-07-02,0.8244
2026-06-29,UP,3,ZYDUSWELL.NS,0.9195,3.5084,6.1318,2026-06-30,1.0449,2026-07-02,4.3902
2026-06-29,UP,4,AJANTPHARM.NS,0.8935,2.9144,6.0978,2026-06-30,1.1376,2026-07-02,-1.1495
2026-06-29,UP,5,WELCORP.NS,0.8661,2.7615,7.5762,2026-06-30,0.7347,2026-07-02,-0.7943
2026-06-29,UP,6,LAURUSLABS.NS,0.8522,2.7147,4.485,2026-06-30,1.1398,2026-07-02,1.8463
2026-06-29,UP,7,MOTHERSON.NS,0.8457,2.7986,3.2293,2026-06-30,-1.6273,2026-07-02,-1.9726
2026-06-29,UP,8,OFSS.NS,0.8341,2.8793,11.7454,2026-06-30,-0.9104,2026-07-02,1.0253
2026-06-29,UP,9,BHARATFORG.NS,0.8207,2.7355,3.1895,2026-06-30,-1.2345,2026-07-02,-1.0134
2026-06-29,UP,10,GRANULES.NS,0.8091,3.0803,2.1069,2026-06-30,2.3213,2026-07-02,3.8878
2026-06-29,UP,11,SAIL.NS,0.8002,3.0417,0.2173,2026-06-30,-0.993,2026-07-02,-4.0575
2026-06-29,UP,12,SHRIRAMFIN.NS,0.799,2.6634,4.0087,2026-06-30,0.92,2026-07-02,3.2973
2026-06-29,UP,13,SUNDRMFAST.NS,0.793,2.3806,4.342,2026-06-30,0.576,2026-07-02,1.9111
2026-06-29,UP,14,TORNTPHARM.NS,0.7913,2.1835,4.5008,2026-06-30,-0.8051,2026-07-02,0.0816
2026-06-29,UP,15,CHOLAFIN.NS,0.7685,2.5785,3.2115,2026-06-30,0.8906,2026-07-02,0.8174
2026-06-29,UP,16,DRREDDY.NS,0.7632,1.8801,6.5856,2026-06-30,-1.352,2026-07-02,-2.1807
2026-06-29,UP,17,ASHOKLEY.NS,0.7627,3.0807,0.1081,2026-06-30,0.2161,2026-07-02,4.6835
2026-06-29,UP,18,NATCOPHARM.NS,0.7502,2.8626,3.9805,2026-06-30,1.2833,2026-07-02,1.6313
2026-06-29,UP,19,LICHSGFIN.NS,0.7397,2.1394,2.2334,2026-06-30,0.5796,2026-07-02,-1.3999
2026-06-29,UP,20,MARICO.NS,0.7339,1.9478,3.3848,2026-06-30,-0.4405,2026-07-02,1.9108
2026-06-29,DN,1,PARAS.NS,0.8937,7.0366,-14.2111,2026-06-30,8.9737,2026-07-02,13.6022
2026-06-29,DN,2,NOCIL.NS,0.8659,4.5652,-4.3287,2026-06-30,-1.5064,2026-07-02,-1.8624
2026-06-29,DN,3,GNFC.NS,0.85,3.7502,-6.0275,2026-06-30,-0.5581,2026-07-02,-2.2509
2026-06-29,DN,4,MGL.NS,0.8252,3.0139,-8.3019,2026-06-30,2.8019,2026-07-02,0.1138
2026-06-29,DN,5,PERSISTENT.NS,0.8216,4.0496,-11.5626,2026-06-30,0.6514,2026-07-02,6.5628
2026-06-29,DN,6,IRFC.NS,0.8166,2.6724,-10.1982,2026-06-30,-0.0883,2026-07-02,0.2428
2026-06-29,DN,7,BATAINDIA.NS,0.813,4.1623,-4.7469,2026-06-30,-1.7737,2026-07-02,0.3231
2026-06-29,DN,8,GRSE.NS,0.8101,3.1641,-6.3903,2026-06-30,1.8075,2026-07-02,3.4917
2026-06-29,DN,9,CLEAN.NS,0.8058,3.5454,-6.4913,2026-06-30,-0.9508,2026-07-02,1.2373
2026-06-29,DN,10,BDL.NS,0.8032,3.1399,-5.0899,2026-06-30,2.4942,2026-07-02,3.7301
2026-06-29,DN,11,RATNAMANI.NS,0.7913,3.4378,-6.6129,2026-06-30,-2.3422,2026-07-02,-3.3266
2026-06-29,DN,12,VEDL.NS,0.7748,3.8909,-6.9642,2026-06-30,-1.3354,2026-07-02,-2.9696
2026-06-29,DN,13,IDEAFORGE.NS,0.7704,5.8838,-8.9894,2026-06-30,0.5796,2026-07-02,4.4516
2026-06-29,DN,14,HINDZINC.NS,0.7688,3.0073,-8.3217,2026-06-30,1.4558,2026-07-02,0.6089
2026-06-29,DN,15,MUTHOOTFIN.NS,0.7685,3.1496,-6.0572,2026-06-30,-0.7911,2026-07-02,-2.3666
2026-06-29,DN,16,NCC.NS,0.7649,2.996,-6.0232,2026-06-30,-1.1538,2026-07-02,0.4268
2026-06-29,DN,17,DATAPATTNS.NS,0.7612,5.0012,-8.0987,2026-06-30,0.6641,2026-07-02,4.1278
2026-06-29,DN,18,AMBER.NS,0.755,3.5917,-6.2417,2026-06-30,1.5783,2026-07-02,-0.1282
2026-06-29,DN,19,NATIONALUM.NS,0.7428,3.8531,-8.0831,2026-06-30,-2.2453,2026-07-02,-4.361
2026-06-29,DN,20,DEEPAKNTR.NS,0.7339,3.2332,-6.4493,2026-06-30,-1.1064,2026-07-02,0.5564
2026-06-30,UP,1,ONMOBILE.NS,0.9637,3.5929,17.1369,2026-07-01,5.3539,2026-07-03,30.236
2026-06-30,UP,2,ZYDUSWELL.NS,0.9293,3.4895,8.5251,2026-07-01,-1.1992,2026-07-03,3.9798
2026-06-30,UP,3,RATEGAIN.NS,0.9151,3.8115,6.1696,2026-07-01,0.4226,2026-07-03,4.66
2026-06-30,UP,4,CENTUM.NS,0.874,4.315,3.1906,2026-07-01,-1.7759,2026-07-03,-4.149
2026-06-30,UP,5,M&MFIN.NS,0.818,3.4787,8.4292,2026-07-01,-0.2058,2026-07-03,5.779
2026-06-30,UP,6,FINEORG.NS,0.8151,3.3053,3.8392,2026-07-01,-1.639,2026-07-03,-1.6862
2026-06-30,UP,7,MARUTI.NS,0.8103,2.3263,4.9364,2026-07-01,1.9837,2026-07-03,1.7783
2026-06-30,UP,8,AJANTPHARM.NS,0.806,3.0041,7.3822,2026-07-01,-2.1971,2026-07-03,-2.8165
2026-06-30,UP,9,KALYANKJIL.NS,0.7995,3.1734,3.6451,2026-07-01,-1.4611,2026-07-03,-1.2025
2026-06-30,UP,10,SUNDRMFAST.NS,0.7933,2.4182,5.7628,2026-07-01,0.3426,2026-07-03,-0.2141
2026-06-30,UP,11,GODREJPROP.NS,0.7873,2.5677,4.2968,2026-07-01,4.9823,2026-07-03,6.9538
2026-06-30,UP,12,OFSS.NS,0.7769,2.8547,9.2573,2026-07-01,0.812,2026-07-03,4.3849
2026-06-30,UP,13,MOTHERSON.NS,0.7764,2.8574,3.1335,2026-07-01,-0.4051,2026-07-03,-1.2221
2026-06-30,UP,14,COROMANDEL.NS,0.77,3.28,0.6122,2026-07-01,-0.5885,2026-07-03,1.4613
2026-06-30,UP,15,BEML.NS,0.7647,2.8463,1.1375,2026-07-01,3.7094,2026-07-03,5.9248
2026-06-30,UP,16,COCHINSHIP.NS,0.7625,3.1392,1.6379,2026-07-01,-0.2321,2026-07-03,1.0743
2026-06-30,UP,17,GRANULES.NS,0.7589,3.0539,3.2043,2026-07-01,-0.2275,2026-07-03,2.5269
2026-06-30,UP,18,RADICO.NS,0.7555,2.1393,6.0932,2026-07-01,0.18,2026-07-03,-1.3484
2026-06-30,UP,19,SOLARINDS.NS,0.7505,3.1749,2.5731,2026-07-01,-0.46,2026-07-03,-0.9735
2026-06-30,UP,20,PRESTIGE.NS,0.7495,3.0405,3.431,2026-07-01,3.8796,2026-07-03,6.6087
2026-06-30,DN,1,RAJESHEXPO.NS,0.8978,5.2611,-14.5781,2026-07-01,-4.9009,2026-07-03,3.4851
2026-06-30,DN,2,NOCIL.NS,0.8872,4.5747,-5.0082,2026-07-01,-0.5673,2026-07-03,2.4637
2026-06-30,DN,3,PARAS.NS,0.8588,6.742,-3.2971,2026-07-01,-0.865,2026-07-03,0.384
2026-06-30,DN,4,BATAINDIA.NS,0.8572,4.1617,-6.7807,2026-07-01,-0.2705,2026-07-03,1.8496
2026-06-30,DN,5,RATNAMANI.NS,0.8276,3.5911,-8.4075,2026-07-01,-1.2032,2026-07-03,0.0996
2026-06-30,DN,6,PERSISTENT.NS,0.8161,3.94,-10.5448,2026-07-01,0.0855,2026-07-03,8.233
2026-06-30,DN,7,MGL.NS,0.8058,3.1629,-3.7623,2026-07-01,-1.0306,2026-07-03,-3.8753
2026-06-30,DN,8,IRFC.NS,0.7983,2.494,-8.2497,2026-07-01,0.718,2026-07-03,0.0442
2026-06-30,DN,9,GNFC.NS,0.7931,3.6871,-2.9209,2026-07-01,-2.3555,2026-07-03,-2.6132
2026-06-30,DN,10,DEEPAKNTR.NS,0.7692,3.2236,-5.5864,2026-07-01,0.1552,2026-07-03,0.7566
2026-06-30,DN,11,NCC.NS,0.7642,2.9726,-5.0545,2026-07-01,0.9446,2026-07-03,0.8771
2026-06-30,DN,12,CLEAN.NS,0.762,3.3714,-5.2632,2026-07-01,-0.1578,2026-07-03,1.6831
2026-06-30,DN,13,BASF.NS,0.7514,3.1205,-3.7909,2026-07-01,-1.085,2026-07-03,1.6732
2026-06-30,DN,14,KPITTECH.NS,0.7495,3.5323,-9.3908,2026-07-01,-16.9757,2026-07-03,-16.8119
2026-06-30,DN,15,EICHERMOT.NS,0.7459,2.5639,-6.6574,2026-07-01,0.926,2026-07-03,3.7605
2026-06-30,DN,16,JYOTHYLAB.NS,0.745,2.6597,-5.4462,2026-07-01,-1.0591,2026-07-03,0.24
2026-06-30,DN,17,BDL.NS,0.7361,3.1648,-1.5964,2026-07-01,0.7746,2026-07-03,1.4469
2026-06-30,DN,18,GRSE.NS,0.7329,3.0862,-2.7122,2026-07-01,0.4548,2026-07-03,0.818
2026-06-30,DN,19,DATAPATTNS.NS,0.7254,4.5239,-6.8143,2026-07-01,0.7042,2026-07-03,0.1155
2026-06-30,DN,20,MUTHOOTFIN.NS,0.7123,3.0077,-3.9204,2026-07-01,-2.7491,2026-07-03,1.9217
2026-07-01,UP,1,ONMOBILE.NS,0.972,3.7248,15.6278,2026-07-02,19.9876,2026-07-06,16.7439
2026-07-01,UP,2,RATEGAIN.NS,0.9217,3.7437,4.9698,2026-07-02,4.6791,2026-07-06,4.5517
2026-07-01,UP,3,BEML.NS,0.8865,2.9347,4.1591,2026-07-02,2.2621,2026-07-06,1.6158
2026-07-01,UP,4,PRESTIGE.NS,0.8807,3.1049,5.4636,2026-07-02,3.0025,2026-07-06,4.8114
2026-07-01,UP,5,ASHOKLEY.NS,0.8783,3.178,4.7834,2026-07-02,1.4847,2026-07-06,2.3411
2026-07-01,UP,6,GODREJPROP.NS,0.8548,2.7119,7.6348,2026-07-02,0.4644,2026-07-06,4.4295
2026-07-01,UP,7,DLF.NS,0.8459,2.913,4.9422,2026-07-02,1.4645,2026-07-06,3.7922
2026-07-01,UP,8,MARUTI.NS,0.837,2.3952,8.6579,2026-07-02,-0.3265,2026-07-06,0.4238
2026-07-01,UP,9,PAGEIND.NS,0.8275,2.5911,6.665,2026-07-02,-1.6625,2026-07-06,-2.5224
2026-07-01,UP,10,GRANULES.NS,0.8114,2.9957,5.2604,2026-07-02,1.7624,2026-07-06,5.2748
2026-07-01,UP,11,ZYDUSWELL.NS,0.8065,3.5356,8.1724,2026-07-02,4.5646,2026-07-06,2.5066
2026-07-01,UP,12,WELCORP.NS,0.8024,2.7714,5.0925,2026-07-02,1.4348,2026-07-06,4.4667
2026-07-01,UP,13,IDEAFORGE.NS,0.7884,5.2746,4.7648,2026-07-02,-1.0918,2026-07-06,-0.2802
2026-07-01,UP,14,SOLARINDS.NS,0.7814,3.0103,4.176,2026-07-02,0.2633,2026-07-06,-0.3815
2026-07-01,UP,15,NESTLEIND.NS,0.7717,2.2095,5.1497,2026-07-02,-0.5228,2026-07-06,1.3688
2026-07-01,UP,16,IDEA.NS,0.7594,3.0738,2.3061,2026-07-02,-1.0929,2026-07-06,-3.7568
2026-07-01,UP,17,COLPAL.NS,0.7539,2.0964,5.4241,2026-07-02,-0.5019,2026-07-06,0.3716
2026-07-01,UP,18,EMAMILTD.NS,0.7437,2.5905,2.6739,2026-07-02,0.5184,2026-07-06,0.4943
2026-07-01,UP,19,DABUR.NS,0.7374,1.806,4.8691,2026-07-02,0.5059,2026-07-06,1.1242
2026-07-01,UP,20,MOTHERSON.NS,0.7348,2.8487,2.0266,2026-07-02,0.0542,2026-07-06,-1.4779
2026-07-01,DN,1,RAJESHEXPO.NS,0.8971,5.5764,-14.4928,2026-07-02,4.9931,2026-07-06,11.5896
2026-07-01,DN,2,KPITTECH.NS,0.8899,5.4306,-24.2511,2026-07-02,0.2242,2026-07-06,0.0807
2026-07-01,DN,3,PERSISTENT.NS,0.8399,3.7582,-12.1396,2026-07-02,5.7826,2026-07-06,8.9049
2026-07-01,DN,4,RATNAMANI.NS,0.8345,3.682,-9.9434,2026-07-02,0.1976,2026-07-06,3.8551
2026-07-01,DN,5,BATAINDIA.NS,0.828,4.2149,-4.6014,2026-07-02,2.4117,2026-07-06,1.0262
2026-07-01,DN,6,GALAXYSURF.NS,0.8169,3.7933,-1.9005,2026-07-02,0.7577,2026-07-06,5.8426
2026-07-01,DN,7,COFORGE.NS,0.7891,3.5034,-8.4919,2026-07-02,5.1944,2026-07-06,8.1126
2026-07-01,DN,8,MUTHOOTFIN.NS,0.7797,3.1087,-6.8692,2026-07-02,1.1939,2026-07-06,7.6401
2026-07-01,DN,9,GNFC.NS,0.7778,3.9228,-4.9104,2026-07-02,0.6691,2026-07-06,-1.8093
2026-07-01,DN,10,DEEPAKNTR.NS,0.7611,3.1342,-5.8595,2026-07-02,1.5238,2026-07-06,3.4478
2026-07-01,DN,11,IGL.NS,0.7587,2.877,-6.6274,2026-07-02,-0.6441,2026-07-06,-2.9271
2026-07-01,DN,12,FINEORG.NS,0.7528,3.5269,-1.1687,2026-07-02,-0.3168,2026-07-06,-1.3726
2026-07-01,DN,13,VINATIORGA.NS,0.7512,2.6778,-4.4247,2026-07-02,-1.8126,2026-07-06,1.4803
2026-07-01,DN,14,BASF.NS,0.751,3.2453,-5.1664,2026-07-02,2.0394,2026-07-06,2.1348
2026-07-01,DN,15,FINPIPE.NS,0.7469,3.014,-4.2635,2026-07-02,0.2787,2026-07-06,-1.183
2026-07-01,DN,16,NCC.NS,0.7452,2.8894,-5.0517,2026-07-02,0.6484,2026-07-06,0.5414
2026-07-01,DN,17,HCLTECH.NS,0.7372,2.8842,-7.155,2026-07-02,4.2448,2026-07-06,9.6693
2026-07-01,DN,18,ENDURANCE.NS,0.73,2.87,-4.3275,2026-07-02,2.6877,2026-07-06,2.1131
2026-07-01,DN,19,TECHM.NS,0.721,2.9275,-6.8008,2026-07-02,4.3386,2026-07-06,3.2521
2026-07-01,DN,20,IOC.NS,0.7203,2.3942,-4.4224,2026-07-02,1.2801,2026-07-06,1.323
2026-07-02,UP,1,ONMOBILE.NS,0.9893,4.2206,36.0897,2026-07-03,3.0252,2026-07-07,-5.484
2026-07-02,UP,2,MAPMYINDIA.NS,0.9786,4.2407,8.767,2026-07-03,2.6248,2026-07-07,4.5278
2026-07-02,UP,3,RATEGAIN.NS,0.9595,3.7471,12.3967,2026-07-03,-0.4391,2026-07-07,0.3491
2026-07-02,UP,4,ZYDUSWELL.NS,0.9534,3.7388,14.7365,2026-07-03,0.6477,2026-07-07,-3.1289
2026-07-02,UP,5,ZENSARTECH.NS,0.9238,3.5749,4.9282,2026-07-03,10.4312,2026-07-07,0.0749
2026-07-02,UP,6,PRESTIGE.NS,0.8961,2.9653,7.5692,2026-07-03,-0.3644,2026-07-07,-0.0478
2026-07-02,UP,7,GRANULES.NS,0.8867,3.0187,8.0476,2026-07-03,0.981,2026-07-07,4.584
2026-07-02,UP,8,BEML.NS,0.8777,2.9153,6.765,2026-07-03,-0.1232,2026-07-07,-1.8425
2026-07-02,UP,9,EXIDEIND.NS,0.8665,2.7083,7.5808,2026-07-03,-0.6558,2026-07-07,-1.1566
2026-07-02,UP,10,PARAS.NS,0.8607,6.1949,8.92,2026-07-03,-3.7059,2026-07-07,-3.6687
2026-07-02,UP,11,APOLLOTYRE.NS,0.859,2.8151,6.0258,2026-07-03,-1.774,2026-07-07,-0.4928
2026-07-02,UP,12,NAUKRI.NS,0.8456,2.8947,4.8322,2026-07-03,0.8283,2026-07-07,12.9903
2026-07-02,UP,13,DLF.NS,0.8357,2.7266,5.9306,2026-07-03,2.6892,2026-07-07,-1.0787
2026-07-02,UP,14,ROUTE.NS,0.8352,2.8998,3.4571,2026-07-03,1.8963,2026-07-07,2.1817
2026-07-02,UP,15,SOLARINDS.NS,0.7956,2.9756,7.0633,2026-07-03,-0.7771,2026-07-07,-2.0955
2026-07-02,UP,16,DEEPAKFERT.NS,0.7697,2.7721,6.25,2026-07-03,-0.9013,2026-07-07,-5.2935
2026-07-02,UP,17,IDEAFORGE.NS,0.768,5.2341,2.7038,2026-07-03,-3.0045,2026-07-07,-0.7792
2026-07-02,UP,18,COCHINSHIP.NS,0.7621,3.0338,4.1758,2026-07-03,0.3159,2026-07-07,-4.8443
2026-07-02,UP,19,MASTEK.NS,0.7621,2.8188,2.4251,2026-07-03,0.4896,2026-07-07,1.6487
2026-07-02,UP,20,ALKYLAMINE.NS,0.7609,3.6091,2.1915,2026-07-03,-0.0492,2026-07-07,-1.7671
2026-07-02,DN,1,HFCL.NS,0.9112,4.7279,-4.8419,2026-07-03,4.8341,2026-07-07,10.4844
2026-07-02,DN,2,KPITTECH.NS,0.8956,5.4562,-24.7509,2026-07-03,-0.0268,2026-07-07,0.6442
2026-07-02,DN,3,RAJESHEXPO.NS,0.8842,5.4405,-5.504,2026-07-03,3.6431,2026-07-07,6.3591
2026-07-02,DN,4,RATNAMANI.NS,0.8405,3.6239,-6.135,2026-07-03,1.1188,2026-07-07,4.7611
2026-07-02,DN,5,GALAXYSURF.NS,0.8332,3.6257,-1.5404,2026-07-03,3.4519,2026-07-07,1.9228
2026-07-02,DN,6,PERSISTENT.NS,0.8286,3.7261,-5.3888,2026-07-03,2.229,2026-07-07,6.641
2026-07-02,DN,7,M&MFIN.NS,0.82,3.2502,-3.2111,2026-07-03,5.0472,2026-07-07,4.4654
2026-07-02,DN,8,IGL.NS,0.8175,2.8292,-8.5573,2026-07-03,-1.1617,2026-07-07,-2.2593
2026-07-02,DN,9,VINATIORGA.NS,0.8119,2.7597,-4.9148,2026-07-03,1.7768,2026-07-07,4.2074
2026-07-02,DN,10,COFORGE.NS,0.7964,3.5325,-3.4162,2026-07-03,1.5327,2026-07-07,5.1529
2026-07-02,DN,11,STLTECH.NS,0.7845,5.9558,-8.2742,2026-07-03,2.524,2026-07-07,-1.1909
2026-07-02,DN,12,FINEORG.NS,0.7768,3.6514,-0.8327,2026-07-03,0.2696,2026-07-07,-3.7073
2026-07-02,DN,13,MOTHERSON.NS,0.7653,2.7112,-2.7157,2026-07-03,-0.874,2026-07-07,-2.8593
2026-07-02,DN,14,MGL.NS,0.7308,3.211,-2.6562,2026-07-03,-1.2944,2026-07-07,-0.8483
2026-07-02,DN,15,TATACOMM.NS,0.7252,3.7963,-2.706,2026-07-03,-1.6151,2026-07-07,-1.6047
2026-07-02,DN,16,OFSS.NS,0.7249,3.0532,0.1048,2026-07-03,2.3849,2026-07-07,1.0104
2026-07-02,DN,17,GNFC.NS,0.7235,3.8352,-2.3224,2026-07-03,-0.9267,2026-07-07,-3.8753
2026-07-02,DN,18,JYOTHYLAB.NS,0.718,2.6699,-3.2385,2026-07-03,-0.918,2026-07-07,-2.0577
2026-07-02,DN,19,EICHERMOT.NS,0.7143,2.4163,-4.5802,2026-07-03,1.2345,2026-07-07,3.9448
2026-07-02,DN,20,ENDURANCE.NS,0.7087,2.8893,-1.3411,2026-07-03,-0.8336,2026-07-07,0.1878
2026-07-03,UP,1,ONMOBILE.NS,0.992,4.659,40.2067,2026-07-06,-5.5604,2026-07-08,-12.8452
2026-07-03,UP,2,ZENSARTECH.NS,0.9742,3.7417,15.8734,2026-07-06,-7.392,2026-07-08,-12.5945
2026-07-03,UP,3,MAPMYINDIA.NS,0.9563,3.9066,11.622,2026-07-06,0.9272,2026-07-08,-0.7353
2026-07-03,UP,4,RATEGAIN.NS,0.9058,3.5488,11.9032,2026-07-06,0.3188,2026-07-08,-2.5716
2026-07-03,UP,5,INTELLECT.NS,0.8763,3.0096,5.3477,2026-07-06,-2.2427,2026-07-08,-4.7268
2026-07-03,UP,6,ROUTE.NS,0.8737,2.8555,5.419,2026-07-06,-0.7227,2026-07-08,-3.5956
2026-07-03,UP,7,GRANULES.NS,0.8614,2.8364,9.1076,2026-07-06,2.4466,2026-07-08,3.0883
2026-07-03,UP,8,NATIONALUM.NS,0.8582,3.7862,4.6515,2026-07-06,0.9925,2026-07-08,0.6185
2026-07-03,UP,9,HCLTECH.NS,0.8527,3.1782,3.4796,2026-07-06,-0.4214,2026-07-08,0.5795
2026-07-03,UP,10,NAUKRI.NS,0.835,2.8692,5.7006,2026-07-06,-0.9182,2026-07-08,13.9516
2026-07-03,UP,11,DLF.NS,0.8333,2.53,8.7793,2026-07-06,-0.3847,2026-07-08,-6.1991
2026-07-03,UP,12,BEML.NS,0.8326,2.8978,6.6335,2026-07-06,-0.5095,2026-07-08,-4.7461
2026-07-03,UP,13,EMAMILTD.NS,0.8256,2.6527,5.8194,2026-07-06,-0.7856,2026-07-08,-3.1187
2026-07-03,UP,14,PRESTIGE.NS,0.8082,2.7921,7.1773,2026-07-06,2.1283,2026-07-08,-1.9604
2026-07-03,UP,15,EXIDEIND.NS,0.8065,2.7433,6.8753,2026-07-06,-0.204,2026-07-08,1.1402
2026-07-03,UP,16,LAURUSLABS.NS,0.806,2.7644,6.3655,2026-07-06,-0.8494,2026-07-08,-4.7397
2026-07-03,UP,17,SOLARINDS.NS,0.8019,3.0649,6.2314,2026-07-06,0.135,2026-07-08,-2.9329
2026-07-03,UP,18,ZYDUSWELL.NS,0.8017,3.6443,15.4796,2026-07-06,-2.599,2026-07-08,-6.4182
2026-07-03,UP,19,COCHINSHIP.NS,0.7778,2.908,4.5049,2026-07-06,-1.1613,2026-07-08,-7.8735
2026-07-03,UP,20,GODREJPROP.NS,0.7763,2.2609,7.8785,2026-07-06,2.5045,2026-07-08,-0.8465
2026-07-03,DN,1,KPITTECH.NS,0.892,5.2915,-24.7711,2026-07-06,-0.1164,2026-07-08,-0.725
2026-07-03,DN,2,PERSISTENT.NS,0.8203,3.7706,-3.28,2026-07-06,0.7068,2026-07-08,1.8536
2026-07-03,DN,3,IGL.NS,0.7884,2.6959,-9.6197,2026-07-06,-1.1494,2026-07-08,-2.5132
2026-07-03,DN,4,COFORGE.NS,0.7883,3.4943,-1.9358,2026-07-06,1.2227,2026-07-08,-1.2363
2026-07-03,DN,5,HFCL.NS,0.7835,4.5642,-0.2419,2026-07-06,4.8816,2026-07-08,0.1212
2026-07-03,DN,6,RAJESHEXPO.NS,0.7829,5.0223,-2.0614,2026-07-06,2.5468,2026-07-08,-1.9154
2026-07-03,DN,7,RATNAMANI.NS,0.7802,3.563,-5.0848,2026-07-06,2.5035,2026-07-08,3.1045
2026-07-03,DN,8,STLTECH.NS,0.7608,5.8153,-5.9591,2026-07-06,1.4476,2026-07-08,-8.4345
2026-07-03,DN,9,MGL.NS,0.7577,3.098,-3.9162,2026-07-06,-0.2392,2026-07-08,-3.0746
2026-07-03,DN,10,NOCIL.NS,0.748,4.2794,1.3087,2026-07-06,-1.6989,2026-07-08,-5.7642
2026-07-03,DN,11,TATACOMM.NS,0.7461,3.7679,-4.2773,2026-07-06,-0.771,2026-07-08,-1.0752
2026-07-03,DN,12,TECHM.NS,0.7423,2.9577,-1.8788,2026-07-06,-0.2553,2026-07-08,1.3261
2026-07-03,DN,13,VINATIORGA.NS,0.7345,2.4859,-3.2253,2026-07-06,1.5493,2026-07-08,-1.2243
2026-07-03,DN,14,GNFC.NS,0.7329,3.8313,-3.2276,2026-07-06,-1.5495,2026-07-08,-5.9524
2026-07-03,DN,15,MOTHERSON.NS,0.7216,2.5989,-3.566,2026-07-06,-0.663,2026-07-08,-3.8619
2026-07-03,DN,16,UNIONBANK.NS,0.7203,2.3348,-6.651,2026-07-06,-1.2324,2026-07-08,-5.3345
2026-07-03,DN,17,DEEPAKNTR.NS,0.7133,2.9583,-3.9633,2026-07-06,2.8304,2026-07-08,0.8472
2026-07-03,DN,18,JYOTHYLAB.NS,0.7126,2.5474,-4.1267,2026-07-06,-0.5777,2026-07-08,-1.5666
2026-07-03,DN,19,POLICYBZR.NS,0.7097,3.3174,-1.4859,2026-07-06,-0.6599,2026-07-08,-1.8037
2026-07-03,DN,20,M&MFIN.NS,0.7075,3.1946,1.674,2026-07-06,-0.6736,2026-07-08,-0.7185
2026-07-06,UP,1,ONMOBILE.NS,0.957,5.2631,25.5065,2026-07-07,-2.8579,2026-07-09,-10.6377
2026-07-06,UP,2,MAPMYINDIA.NS,0.9435,4.0027,15.7834,2026-07-07,0.9186,2026-07-09,12.8979
2026-07-06,UP,3,ZENSARTECH.NS,0.9399,4.4072,10.2792,2026-07-07,-2.1446,2026-07-09,-6.3919
2026-07-06,UP,4,PARAS.NS,0.9353,6.4159,14.8364,2026-07-07,-4.7041,2026-07-09,-10.424
2026-07-06,UP,5,MANAPPURAM.NS,0.9217,2.976,9.7163,2026-07-07,-1.1557,2026-07-09,-3.9439
2026-07-06,UP,6,ADANIENSOL.NS,0.906,2.9904,9.1765,2026-07-07,1.7377,2026-07-09,-0.265
2026-07-06,UP,7,RAJESHEXPO.NS,0.8901,5.3,5.7177,2026-07-07,0.0718,2026-07-09,-4.1564
2026-07-06,UP,8,SUDARSCHEM.NS,0.8623,3.147,5.5051,2026-07-07,-0.5008,2026-07-09,1.4431
2026-07-06,UP,9,BDL.NS,0.8565,3.1093,5.5801,2026-07-07,-0.9861,2026-07-09,-5.9095
2026-07-06,UP,10,PRESTIGE.NS,0.8536,2.6701,10.66,2026-07-07,-1.7728,2026-07-09,-1.7376
2026-07-06,UP,11,BEML.NS,0.8505,2.9708,8.542,2026-07-07,-1.2182,2026-07-09,-2.1076
2026-07-06,UP,12,HFCL.NS,0.8486,4.521,6.6468,2026-07-07,0.4846,2026-07-09,-4.5655
2026-07-06,UP,13,PERSISTENT.NS,0.8483,3.6323,9.708,2026-07-07,3.5837,2026-07-09,2.4195
2026-07-06,UP,14,RATEGAIN.NS,0.8435,3.5024,9.2145,2026-07-07,0.4714,2026-07-09,-0.2436
2026-07-06,UP,15,DLF.NS,0.8295,2.474,9.5242,2026-07-07,-3.2972,2026-07-09,-2.0348
2026-07-06,UP,16,GODREJPROP.NS,0.8266,2.2782,11.819,2026-07-07,-0.1613,2026-07-09,-0.8063
2026-07-06,UP,17,INDUSINDBK.NS,0.8164,2.2296,10.3124,2026-07-07,1.2329,2026-07-09,0.5298
2026-07-06,UP,18,GRANULES.NS,0.8145,2.9309,7.4736,2026-07-07,1.0946,2026-07-09,3.2604
2026-07-06,UP,19,IDEAFORGE.NS,0.8087,4.9569,5.3086,2026-07-07,-1.5867,2026-07-09,0.4567
2026-07-06,UP,20,APOLLOTYRE.NS,0.7971,2.7679,8.2491,2026-07-07,-0.2196,2026-07-09,-3.4479
2026-07-06,DN,1,KPITTECH.NS,0.8937,5.3296,-21.6512,2026-07-07,0.7885,2026-07-09,-1.7652
2026-07-06,DN,2,FINEORG.NS,0.8465,3.4332,-3.6857,2026-07-07,-2.6764,2026-07-09,-3.2701
2026-07-06,DN,3,STLTECH.NS,0.7987,5.7134,-6.3085,2026-07-07,-4.9987,2026-07-09,-5.2636
2026-07-06,DN,4,AJANTPHARM.NS,0.7886,3.2914,-0.3162,2026-07-07,-1.7489,2026-07-09,-1.9535
2026-07-06,DN,5,IGL.NS,0.7732,2.6831,-7.9964,2026-07-07,0.0394,2026-07-09,-0.2956
2026-07-06,DN,6,POLICYBZR.NS,0.7698,3.334,-2.6123,2026-07-07,1.7271,2026-07-09,-0.5188
2026-07-06,DN,7,MOTHERSON.NS,0.7681,2.7263,-3.4737,2026-07-07,-1.3487,2026-07-09,-1.7409
2026-07-06,DN,8,KEI.NS,0.7671,3.5048,-3.6867,2026-07-07,-2.7614,2026-07-09,-4.6372
2026-07-06,DN,9,TATACOMM.NS,0.7589,3.7187,-5.0868,2026-07-07,0.7875,2026-07-09,-1.1416
2026-07-06,DN,10,DRREDDY.NS,0.7573,2.2146,-0.567,2026-07-07,-0.9723,2026-07-09,-7.1935
2026-07-06,DN,11,TCS.NS,0.7539,2.8716,-1.921,2026-07-07,1.8711,2026-07-09,-0.3937
2026-07-06,DN,12,TECHM.NS,0.7483,2.9328,-1.904,2026-07-07,2.915,2026-07-09,1.4077
2026-07-06,DN,13,SAIL.NS,0.7461,3.0314,-3.4241,2026-07-07,-2.1096,2026-07-09,-1.9677
2026-07-06,DN,14,COFORGE.NS,0.7433,3.2757,-0.637,2026-07-07,2.3146,2026-07-09,-0.8975
2026-07-06,DN,15,UNIONBANK.NS,0.7423,2.3005,-7.7223,2026-07-07,0.0,2026-07-09,-2.3715
2026-07-06,DN,16,NHPC.NS,0.7414,2.3875,-2.1086,2026-07-07,-1.2023,2026-07-09,-1.5529
2026-07-06,DN,17,OFSS.NS,0.7331,3.1892,1.807,2026-07-07,0.2348,2026-07-09,0.5691
2026-07-06,DN,18,ATUL.NS,0.7169,2.2689,-2.2471,2026-07-07,-0.4257,2026-07-09,-4.2879
2026-07-06,DN,19,JSWENERGY.NS,0.715,2.6176,-6.6269,2026-07-07,-0.5846,2026-07-09,-2.5484
2026-07-06,DN,20,BHARATFORG.NS,0.7136,2.7998,-1.4833,2026-07-07,-1.2671,2026-07-09,-0.3787
2026-07-07,UP,1,NAUKRI.NS,0.9587,3.2602,18.5532,2026-07-08,1.6861,2026-07-10,3.8467
2026-07-07,UP,2,PERSISTENT.NS,0.9336,3.6494,12.9042,2026-07-08,-2.3604,2026-07-10,3.4618
2026-07-07,UP,3,MPHASIS.NS,0.9229,3.0823,9.8538,2026-07-08,-5.5883,2026-07-10,-2.2193
2026-07-07,UP,4,ADANIENSOL.NS,0.9099,3.0328,10.7014,2026-07-08,0.2726,2026-07-10,0.1817
2026-07-07,UP,5,INTELLECT.NS,0.9031,3.2864,8.7417,2026-07-08,-3.8656,2026-07-10,-2.7181
2026-07-07,UP,6,INFY.NS,0.8988,3.3822,7.1371,2026-07-08,-0.2333,2026-07-10,-0.3545
2026-07-07,UP,7,HCLTECH.NS,0.8821,3.1336,8.9942,2026-07-08,-1.9346,2026-07-10,-0.351
2026-07-07,UP,8,MAPMYINDIA.NS,0.8749,3.856,18.0303,2026-07-08,-2.5425,2026-07-10,13.3508
2026-07-07,UP,9,RAJESHEXPO.NS,0.8592,5.5225,6.1969,2026-07-08,-4.4201,2026-07-10,-3.9381
2026-07-07,UP,10,ZENSARTECH.NS,0.8582,4.5825,9.9694,2026-07-08,-3.5493,2026-07-10,8.6701
2026-07-07,UP,11,RATNAMANI.NS,0.8452,3.4811,3.7052,2026-07-08,-0.4802,2026-07-10,3.4883
2026-07-07,UP,12,INDUSINDBK.NS,0.8372,2.3107,10.6092,2026-07-08,-2.6999,2026-07-10,-0.631
2026-07-07,UP,13,GRANULES.NS,0.8164,2.9649,6.1851,2026-07-08,-0.4632,2026-07-10,3.0456
2026-07-07,UP,14,HFCL.NS,0.8145,4.6303,6.1969,2026-07-08,-4.9991,2026-07-10,-3.8887
2026-07-07,UP,15,PRESTIGE.NS,0.8106,2.8071,6.9475,2026-07-08,-2.271,2026-07-10,3.5798
2026-07-07,UP,16,SUDARSCHEM.NS,0.8058,3.2343,4.7506,2026-07-08,-1.0228,2026-07-10,8.1556
2026-07-07,UP,17,PNBHOUSING.NS,0.8002,2.3301,6.8663,2026-07-08,-3.3793,2026-07-10,0.0811
2026-07-07,UP,18,GODREJPROP.NS,0.7845,2.2721,9.4557,2026-07-08,-3.1129,2026-07-10,4.4002
2026-07-07,UP,19,SOBHA.NS,0.7812,2.7408,5.4915,2026-07-08,-0.2063,2026-07-10,3.9266
2026-07-07,UP,20,ROUTE.NS,0.7809,2.7021,6.9364,2026-07-08,-3.8649,2026-07-10,-1.5766
2026-07-07,DN,1,KPITTECH.NS,0.8763,5.1692,-16.2534,2026-07-08,-1.3869,2026-07-10,-0.1156
2026-07-07,DN,2,STLTECH.NS,0.8486,6.043,-9.3592,2026-07-08,-4.9919,2026-07-10,-2.3116
2026-07-07,DN,3,AJANTPHARM.NS,0.8477,3.4062,-3.1612,2026-07-08,-1.0771,2026-07-10,1.0288
2026-07-07,DN,4,FINEORG.NS,0.8346,3.5584,-5.5856,2026-07-08,-2.44,2026-07-10,-0.01
2026-07-07,DN,5,OLECTRA.NS,0.8233,4.3675,-5.5882,2026-07-08,-1.4903,2026-07-10,0.5509
2026-07-07,DN,6,ZYDUSWELL.NS,0.7854,4.107,0.0782,2026-07-08,-2.7698,2026-07-10,2.8827
2026-07-07,DN,7,MOTHERSON.NS,0.7614,2.9624,-3.2003,2026-07-08,-1.8972,2026-07-10,-0.1255
2026-07-07,DN,8,COCHINSHIP.NS,0.7604,3.1339,-4.1249,2026-07-08,-2.8775,2026-07-10,-1.916
2026-07-07,DN,9,NHPC.NS,0.7594,2.5162,-3.0001,2026-07-08,-0.1014,2026-07-10,1.1789
2026-07-07,DN,10,KEI.NS,0.7546,3.4917,-5.9235,2026-07-08,-1.4787,2026-07-10,0.8519
2026-07-07,DN,11,SAIL.NS,0.737,3.0838,-4.5132,2026-07-08,-2.1973,2026-07-10,1.3823
2026-07-07,DN,12,KALYANKJIL.NS,0.7362,3.3132,-8.2622,2026-07-08,5.4686,2026-07-10,34.2213
2026-07-07,DN,13,VBL.NS,0.7319,2.8107,-4.5907,2026-07-08,-2.0031,2026-07-10,-1.27
2026-07-07,DN,14,POLICYBZR.NS,0.7295,3.3778,-1.2649,2026-07-08,-2.8296,2026-07-10,-1.7164
2026-07-07,DN,15,CENTUM.NS,0.7249,4.1401,-6.0254,2026-07-08,-1.2008,2026-07-10,2.5759
2026-07-07,DN,16,LAURUSLABS.NS,0.7215,2.9226,-2.6361,2026-07-08,-0.555,2026-07-10,4.0883
2026-07-07,DN,17,BANKBARODA.NS,0.7188,2.6182,-9.0125,2026-07-08,-2.9857,2026-07-10,1.2508
2026-07-07,DN,18,TEJASNET.NS,0.7181,4.3867,-10.702,2026-07-08,-2.1117,2026-07-10,3.2361
2026-07-07,DN,19,GNFC.NS,0.7143,3.5307,-5.5116,2026-07-08,-3.0675,2026-07-10,-2.1424
2026-07-07,DN,20,TATACOMM.NS,0.707,3.5866,-3.2325,2026-07-08,-1.0855,2026-07-10,-2.6588
2026-07-08,UP,1,NAUKRI.NS,0.9546,3.3482,18.6654,2026-07-09,1.9381,2026-07-13,1.0221
2026-07-08,UP,2,ALKYLAMINE.NS,0.925,3.724,4.9663,2026-07-09,5.4489,2026-07-13,2.6921
2026-07-08,UP,3,JINDALPOLY.NS,0.9056,3.8534,6.4016,2026-07-09,4.9958,2026-07-13,5.533
2026-07-08,UP,4,ADANIENSOL.NS,0.9019,3.1238,8.8143,2026-07-09,-2.235,2026-07-13,-0.6584
2026-07-08,UP,5,EXIDEIND.NS,0.8801,2.9014,7.9416,2026-07-09,0.9137,2026-07-13,0.4865
2026-07-08,UP,6,M&MFIN.NS,0.8782,3.5138,5.2356,2026-07-09,1.5378,2026-07-13,0.3166
2026-07-08,UP,7,RATNAMANI.NS,0.8752,3.5368,4.4641,2026-07-09,1.6753,2026-07-13,2.5594
2026-07-08,UP,8,MPHASIS.NS,0.8682,3.4862,5.4119,2026-07-09,0.8653,2026-07-13,6.6238
2026-07-08,UP,9,INFY.NS,0.8485,3.2758,8.5253,2026-07-09,-1.7301,2026-07-13,3.1142
2026-07-08,UP,10,MUTHOOTFIN.NS,0.8318,2.9683,5.7772,2026-07-09,-0.84,2026-07-13,-0.8043
2026-07-08,UP,11,INTELLECT.NS,0.825,3.6681,3.2782,2026-07-09,-0.8736,2026-07-13,3.801
2026-07-08,UP,12,MAPMYINDIA.NS,0.818,4.0114,10.12,2026-07-09,14.7888,2026-07-13,27.2103
2026-07-08,UP,13,LTTS.NS,0.8155,3.2182,3.0646,2026-07-09,2.4355,2026-07-13,4.9855
2026-07-08,UP,14,PERSISTENT.NS,0.8124,3.7735,10.145,2026-07-09,1.2664,2026-07-13,8.8668
2026-07-08,UP,15,SUDARSCHEM.NS,0.8107,3.1713,4.294,2026-07-09,3.0073,2026-07-13,13.5163
2026-07-08,UP,16,NATIONALUM.NS,0.809,3.5188,4.5122,2026-07-09,-0.0715,2026-07-13,1.5583
2026-07-08,UP,17,MANAPPURAM.NS,0.8078,3.34,5.0213,2026-07-09,-0.0301,2026-07-13,-0.2406
2026-07-08,UP,18,INDUSINDBK.NS,0.8058,2.6064,5.634,2026-07-09,2.061,2026-07-13,1.8348
2026-07-08,UP,19,COFORGE.NS,0.8049,3.4665,5.4862,2026-07-09,1.57,2026-07-13,6.5703
2026-07-08,UP,20,SOBHA.NS,0.7961,2.8769,2.8928,2026-07-09,1.2817,2026-07-13,4.5755
2026-07-08,DN,1,POLICYBZR.NS,0.8595,3.6105,-7.226,2026-07-09,0.64,2026-07-13,2.0544
2026-07-08,DN,2,STLTECH.NS,0.8165,6.1765,-10.5967,2026-07-09,4.9607,2026-07-13,-1.8934
2026-07-08,DN,3,PAGEIND.NS,0.8095,2.788,-5.0332,2026-07-09,-1.9317,2026-07-13,-3.5253
2026-07-08,DN,4,ZYDUSWELL.NS,0.7641,4.5174,-1.5128,2026-07-09,2.0718,2026-07-13,5.8493
2026-07-08,DN,5,UNIONBANK.NS,0.7597,2.44,-11.7166,2026-07-09,1.8589,2026-07-13,10.3634
2026-07-08,DN,6,MOTHERSON.NS,0.7417,3.14,-4.6505,2026-07-09,1.5286,2026-07-13,2.4245
2026-07-08,DN,7,OLECTRA.NS,0.7413,4.2083,-7.7823,2026-07-09,0.0932,2026-07-13,0.4661
2026-07-08,DN,8,BANKBARODA.NS,0.7408,2.8028,-11.4854,2026-07-09,1.7259,2026-07-13,4.242
2026-07-08,DN,9,FINEORG.NS,0.7308,3.5225,-6.3544,2026-07-09,1.8758,2026-07-13,2.993
2026-07-08,DN,10,AJANTPHARM.NS,0.7298,3.6527,-2.0523,2026-07-09,0.8784,2026-07-13,4.3491
2026-07-08,DN,11,MARUTI.NS,0.7167,2.4151,-3.0844,2026-07-09,-1.5985,2026-07-13,-1.835
2026-07-08,DN,12,ASHOKLEY.NS,0.7153,2.9839,-3.758,2026-07-09,-0.6593,2026-07-13,1.9204
2026-07-08,DN,13,BEML.NS,0.7117,3.2682,-2.7113,2026-07-09,2.2464,2026-07-13,6.1761
2026-07-08,DN,14,COCHINSHIP.NS,0.709,3.0686,-6.6671,2026-07-09,0.1852,2026-07-13,0.5484
2026-07-08,DN,15,KOTAKBANK.NS,0.7083,2.1461,-7.579,2026-07-09,1.9049,2026-07-13,3.9314
2026-07-08,DN,16,TEJASNET.NS,0.7017,4.51,-11.8102,2026-07-09,1.2981,2026-07-13,3.8943
2026-07-08,DN,17,MGL.NS,0.6813,3.1519,-5.8606,2026-07-09,2.6328,2026-07-13,1.874
2026-07-08,DN,18,VBL.NS,0.6799,2.7229,-7.9794,2026-07-09,1.4435,2026-07-13,-1.1485
2026-07-08,DN,19,BIOCON.NS,0.6743,2.6616,-5.0574,2026-07-09,1.6371,2026-07-13,3.5008
2026-07-08,DN,20,EMAMILTD.NS,0.6709,3.0778,-1.8688,2026-07-09,2.0027,2026-07-13,4.9883
2026-07-09,UP,1,KALYANKJIL.NS,0.9824,4.1027,14.1458,2026-07-10,7.4831,2026-07-14,19.5824
2026-07-09,UP,2,MAPMYINDIA.NS,0.9822,4.4573,16.9355,2026-07-10,1.3234,2026-07-14,10.26
2026-07-09,UP,3,ALKYLAMINE.NS,0.9517,3.7158,6.9315,2026-07-10,0.0716,2026-07-14,-4.4255
2026-07-09,UP,4,JINDALPOLY.NS,0.9405,3.8137,10.7585,2026-07-10,4.9993,2026-07-14,-1.7103
2026-07-09,UP,5,NAUKRI.NS,0.9405,3.2703,17.1223,2026-07-10,0.1831,2026-07-14,-1.1566
2026-07-09,UP,6,WELCORP.NS,0.9368,3.5284,6.8788,2026-07-10,0.668,2026-07-14,5.0877
2026-07-09,UP,7,HFCL.NS,0.889,4.8907,4.9318,2026-07-10,1.1971,2026-07-14,-0.885
2026-07-09,UP,8,SUDARSCHEM.NS,0.8802,3.1754,5.0404,2026-07-10,6.0831,2026-07-14,13.1907
2026-07-09,UP,9,JYOTHYLAB.NS,0.828,2.5895,3.9864,2026-07-10,-0.5455,2026-07-14,-0.8431
2026-07-09,UP,10,NATIONALUM.NS,0.8241,3.4304,5.1919,2026-07-10,1.5308,2026-07-14,4.4063
2026-07-09,UP,11,DEEPAKNTR.NS,0.8232,2.8744,3.1035,2026-07-10,1.4064,2026-07-14,2.9669
2026-07-09,UP,12,ADANIENSOL.NS,0.8207,3.3355,3.9566,2026-07-10,2.1934,2026-07-14,4.4362
2026-07-09,UP,13,M&MFIN.NS,0.8154,3.5232,5.8962,2026-07-10,1.2175,2026-07-14,-3.4595
2026-07-09,UP,14,MUTHOOTFIN.NS,0.8061,2.9439,3.6512,2026-07-10,2.3549,2026-07-14,-1.341
2026-07-09,UP,15,GRANULES.NS,0.7959,2.8432,6.8245,2026-07-10,0.8843,2026-07-14,1.4795
2026-07-09,UP,16,PERSISTENT.NS,0.7778,3.4533,5.4425,2026-07-10,4.6378,2026-07-14,6.1947
2026-07-09,UP,17,AMBER.NS,0.7698,2.7244,2.6609,2026-07-10,2.3485,2026-07-14,2.4472
2026-07-09,UP,18,INDUSINDBK.NS,0.7605,2.6126,7.5941,2026-07-10,0.064,2026-07-14,-1.7534
2026-07-09,UP,19,HCLTECH.NS,0.7539,3.012,6.7062,2026-07-10,1.1909,2026-07-14,1.4169
2026-07-09,UP,20,LTTS.NS,0.7529,3.0766,1.6009,2026-07-10,1.8834,2026-07-14,2.3465
2026-07-09,DN,1,ZYDUSWELL.NS,0.8575,4.4757,-3.8607,2026-07-10,3.6658,2026-07-14,0.7699
2026-07-09,DN,2,POLICYBZR.NS,0.8568,3.558,-6.5157,2026-07-10,0.5024,2026-07-14,-0.3561
2026-07-09,DN,3,PAGEIND.NS,0.8177,3.0601,-5.2932,2026-07-10,-3.0038,2026-07-14,-0.2093
2026-07-09,DN,4,ZENSARTECH.NS,0.8122,4.8526,-4.2687,2026-07-10,13.6008,2026-07-14,17.9928
2026-07-09,DN,5,DRREDDY.NS,0.7822,3.0181,-5.6625,2026-07-10,-1.985,2026-07-14,-1.8354
2026-07-09,DN,6,SOLARINDS.NS,0.7771,3.4831,-6.8546,2026-07-10,4.9252,2026-07-14,5.2186
2026-07-09,DN,7,ASHOKLEY.NS,0.7617,3.046,-5.7913,2026-07-10,1.4821,2026-07-14,0.0
2026-07-09,DN,8,UNIONBANK.NS,0.7583,2.4645,-9.8021,2026-07-10,4.6102,2026-07-14,8.5273
2026-07-09,DN,9,MAZDOCK.NS,0.7539,2.6623,-7.1311,2026-07-10,1.9934,2026-07-14,-0.5437
2026-07-09,DN,10,ADANIGREEN.NS,0.7441,3.2221,-4.411,2026-07-10,3.3634,2026-07-14,7.9308
2026-07-09,DN,11,COCHINSHIP.NS,0.7417,3.1076,-7.4113,2026-07-10,0.8033,2026-07-14,-1.1303
2026-07-09,DN,12,BEML.NS,0.7345,3.1437,-2.7263,2026-07-10,2.5604,2026-07-14,2.1695
2026-07-09,DN,13,AJANTPHARM.NS,0.7304,3.7872,-1.127,2026-07-10,1.2396,2026-07-14,3.0596
2026-07-09,DN,14,MARUTI.NS,0.7284,2.5495,-4.3212,2026-07-10,0.9178,2026-07-14,-1.741
2026-07-09,DN,15,DEEPAKFERT.NS,0.7257,3.1298,-7.0961,2026-07-10,-1.2935,2026-07-14,-0.2716
2026-07-09,DN,16,PARAS.NS,0.7195,6.0354,-9.4508,2026-07-10,2.9832,2026-07-14,-1.1917
2026-07-09,DN,17,OLECTRA.NS,0.6983,3.8713,-9.221,2026-07-10,1.9771,2026-07-14,-1.2751
2026-07-09,DN,18,APOLLOTYRE.NS,0.6981,2.7603,-3.7122,2026-07-10,0.1024,2026-07-14,-3.1389
2026-07-09,DN,19,ADANIPORTS.NS,0.6966,2.2495,-4.4127,2026-07-10,1.5555,2026-07-14,1.211
2026-07-09,DN,20,KEI.NS,0.6949,3.5889,-5.0981,2026-07-10,2.8357,2026-07-14,2.2566
2026-07-10,UP,1,KALYANKJIL.NS,0.9874,4.3031,24.6303,2026-07-13,7.2456,2026-07-15,15.1108
2026-07-10,UP,2,IDEAFORGE.NS,0.9542,4.4296,9.6336,2026-07-13,0.7494,2026-07-15,-2.5534
2026-07-10,UP,3,MAPMYINDIA.NS,0.9485,4.6084,15.4527,2026-07-13,9.3737,2026-07-15,8.5337
2026-07-10,UP,4,SUDARSCHEM.NS,0.9367,3.2485,9.7655,2026-07-13,3.8829,2026-07-15,7.0303
2026-07-10,UP,5,MRPL.NS,0.9298,3.0863,8.1896,2026-07-13,1.3847,2026-07-15,-3.0894
2026-07-10,UP,6,WELCORP.NS,0.9254,3.5103,12.0406,2026-07-13,0.4527,2026-07-15,4.1858
2026-07-10,UP,7,ALKYLAMINE.NS,0.914,3.7069,7.0608,2026-07-13,-2.684,2026-07-15,-2.8272
2026-07-10,UP,8,PERSISTENT.NS,0.9108,3.5059,7.927,2026-07-13,2.7405,2026-07-15,0.4333
2026-07-10,UP,9,JINDALPOLY.NS,0.8606,3.5938,15.7708,2026-07-13,-4.274,2026-07-15,-5.9446
2026-07-10,UP,10,SOBHA.NS,0.8436,2.9265,4.7405,2026-07-13,0.4169,2026-07-15,-1.4028
2026-07-10,UP,11,RBLBANK.NS,0.83,2.7256,5.414,2026-07-13,-0.0131,2026-07-15,-2.0623
2026-07-10,UP,12,NAUKRI.NS,0.8276,3.3224,16.3727,2026-07-13,-1.0797,2026-07-15,-1.5033
2026-07-10,UP,13,OFSS.NS,0.8222,3.2005,3.5829,2026-07-13,0.8154,2026-07-15,-0.2232
2026-07-10,UP,14,DEEPAKNTR.NS,0.8089,2.7915,5.5131,2026-07-13,1.4112,2026-07-15,3.2238
2026-07-10,UP,15,NATCOPHARM.NS,0.801,2.8797,5.6581,2026-07-13,-0.4217,2026-07-15,-1.4582
2026-07-10,UP,16,RATNAMANI.NS,0.7993,2.935,7.2159,2026-07-13,-1.3735,2026-07-15,-3.3484
2026-07-10,UP,17,GODREJPROP.NS,0.7911,2.7778,6.8423,2026-07-13,1.3877,2026-07-15,-1.3408
2026-07-10,UP,18,KPITTECH.NS,0.7808,4.5693,0.5549,2026-07-13,2.0828,2026-07-15,-1.8069
2026-07-10,UP,19,PNBHOUSING.NS,0.7773,2.7765,4.3405,2026-07-13,1.0535,2026-07-15,-0.5853
2026-07-10,UP,20,LTTS.NS,0.7771,3.0417,2.2456,2026-07-13,0.5948,2026-07-15,7.0191
2026-07-10,DN,1,DRREDDY.NS,0.864,3.1521,-9.4462,2026-07-13,-0.7876,2026-07-15,-1.1894
2026-07-10,DN,2,PAGEIND.NS,0.8473,3.2319,-7.9556,2026-07-13,1.4215,2026-07-15,2.5384
2026-07-10,DN,3,ZENSARTECH.NS,0.8329,5.0671,-1.521,2026-07-13,6.2863,2026-07-15,0.9543
2026-07-10,DN,4,INTELLECT.NS,0.8279,3.6437,-3.5896,2026-07-13,2.5766,2026-07-15,-0.4415
2026-07-10,DN,5,ASHOKLEY.NS,0.8145,2.9997,-4.174,2026-07-13,1.0985,2026-07-15,-0.6159
2026-07-10,DN,6,ZYDUSWELL.NS,0.8002,4.2523,-0.9778,2026-07-13,0.0338,2026-07-15,-2.7682
2026-07-10,DN,7,MARUTI.NS,0.7842,2.6006,-3.564,2026-07-13,-1.1477,2026-07-15,-1.9561
2026-07-10,DN,8,DEEPAKFERT.NS,0.7428,3.1675,-7.4638,2026-07-13,-0.8387,2026-07-15,1.4808
2026-07-10,DN,9,SHRIRAMFIN.NS,0.7318,2.5148,-1.8334,2026-07-13,0.3831,2026-07-15,-0.9865
2026-07-10,DN,10,VEDL.NS,0.7229,3.0178,-2.7996,2026-07-13,-1.064,2026-07-15,-4.4029
2026-07-10,DN,11,BAJFINANCE.NS,0.7192,2.3731,-1.0568,2026-07-13,0.2058,2026-07-15,0.0784
2026-07-10,DN,12,MAZDOCK.NS,0.7172,2.6165,-4.8553,2026-07-13,-0.7231,2026-07-15,-2.095
2026-07-10,DN,13,ADANIPORTS.NS,0.7049,2.3092,-2.4597,2026-07-13,-0.9737,2026-07-15,0.0547
2026-07-10,DN,14,PARAS.NS,0.6926,6.0222,-3.1607,2026-07-13,-2.2823,2026-07-15,-2.8888
2026-07-10,DN,15,MIDHANI.NS,0.6904,3.3937,-2.793,2026-07-13,-0.8536,2026-07-15,-0.4689
2026-07-10,DN,16,COCHINSHIP.NS,0.6869,2.9317,-6.9615,2026-07-13,-0.4372,2026-07-15,-0.4795
2026-07-10,DN,17,SOLARINDS.NS,0.6791,3.4719,-1.5016,2026-07-13,-0.4387,2026-07-15,0.2687
2026-07-10,DN,18,BEML.NS,0.678,3.1243,-0.1126,2026-07-13,1.2509,2026-07-15,-0.9449
2026-07-10,DN,19,KOTAKBANK.NS,0.6773,2.1773,-4.8267,2026-07-13,1.8671,2026-07-15,0.2119
2026-07-10,DN,20,BIOCON.NS,0.6722,2.7641,-1.9447,2026-07-13,-1.8041,2026-07-15,3.8471
2026-07-13,UP,1,KALYANKJIL.NS,0.9942,4.7034,33.941,2026-07-14,3.7403,2026-07-16,7.04
2026-07-13,UP,2,MAPMYINDIA.NS,0.9854,4.9239,25.1148,2026-07-14,-0.5064,2026-07-16,-0.5233
2026-07-13,UP,3,JINDALPOLY.NS,0.9609,4.0498,9.4904,2026-07-14,-2.2106,2026-07-16,-0.909
2026-07-13,UP,4,ZENSARTECH.NS,0.9592,5.2752,13.0244,2026-07-14,-2.2769,2026-07-16,-1.6198
2026-07-13,UP,5,SUDARSCHEM.NS,0.9381,3.3163,11.7926,2026-07-14,2.7118,2026-07-16,2.9382
2026-07-13,UP,6,MRPL.NS,0.9282,3.1626,9.3601,2026-07-14,-4.7226,2026-07-16,5.2143
2026-07-13,UP,7,MASTEK.NS,0.9228,3.0428,9.5748,2026-07-14,-1.7316,2026-07-16,1.0515
2026-07-13,UP,8,HCLTECH.NS,0.9141,3.2433,7.6706,2026-07-14,-4.4628,2026-07-16,-2.7678
2026-07-13,UP,9,IDEAFORGE.NS,0.9,4.2712,6.2646,2026-07-14,-0.4738,2026-07-16,-6.0
2026-07-13,UP,10,TCS.NS,0.8898,2.977,6.0216,2026-07-14,0.8755,2026-07-16,0.8939
2026-07-13,UP,11,OFSS.NS,0.8867,3.2342,6.097,2026-07-14,-0.8514,2026-07-16,-0.5534
2026-07-13,UP,12,KPITTECH.NS,0.8786,4.5271,2.7688,2026-07-14,-3.1127,2026-07-16,-3.8539
2026-07-13,UP,13,ROUTE.NS,0.866,3.0852,6.0788,2026-07-14,-2.3076,2026-07-16,-2.4706
2026-07-13,UP,14,SHYAMMETL.NS,0.8638,2.7056,7.3918,2026-07-14,0.6412,2026-07-16,1.0832
2026-07-13,UP,15,COFORGE.NS,0.8597,3.4182,3.9814,2026-07-14,-0.4153,2026-07-16,-0.662
2026-07-13,UP,16,LTTS.NS,0.8595,3.1091,4.3015,2026-07-14,-0.1395,2026-07-16,5.5342
2026-07-13,UP,17,PERSISTENT.NS,0.8556,3.5662,10.1065,2026-07-14,-1.2191,2026-07-16,-2.5634
2026-07-13,UP,18,INFY.NS,0.849,2.9268,5.7954,2026-07-14,-0.8797,2026-07-16,-1.832
2026-07-13,UP,19,UNIONBANK.NS,0.849,2.7211,5.7797,2026-07-14,0.1643,2026-07-16,-0.9508
2026-07-13,UP,20,CENTUM.NS,0.8464,3.9358,2.8227,2026-07-14,-3.1675,2026-07-16,-0.4571
2026-07-13,DN,1,DRREDDY.NS,0.8376,3.0845,-9.7522,2026-07-14,0.9478,2026-07-16,-0.8181
2026-07-13,DN,2,PAGEIND.NS,0.835,3.2099,-6.0104,2026-07-14,1.4391,2026-07-16,1.2639
2026-07-13,DN,3,MANAPPURAM.NS,0.8123,3.1209,-4.1462,2026-07-14,-1.1002,2026-07-16,-2.0045
2026-07-13,DN,4,ASHOKLEY.NS,0.8074,2.9752,-4.1536,2026-07-14,-2.5311,2026-07-16,-2.7321
2026-07-13,DN,5,MARUTI.NS,0.807,2.6334,-5.2643,2026-07-14,-1.5042,2026-07-16,0.6426
2026-07-13,DN,6,HFCL.NS,0.8037,4.4349,-4.5877,2026-07-14,-0.8619,2026-07-16,4.5427
2026-07-13,DN,7,DEEPAKFERT.NS,0.7767,3.2675,-5.7189,2026-07-14,1.8898,2026-07-16,5.7949
2026-07-13,DN,8,STLTECH.NS,0.7507,6.2055,-11.4501,2026-07-14,3.03,2026-07-16,4.4775
2026-07-13,DN,9,PARAS.NS,0.7412,6.0258,-9.8572,2026-07-14,-1.813,2026-07-16,-2.2458
2026-07-13,DN,10,CHOLAFIN.NS,0.7342,2.4648,-2.14,2026-07-14,-2.1757,2026-07-16,-1.2038
2026-07-13,DN,11,APOLLOTYRE.NS,0.733,2.7552,-3.2393,2026-07-14,-3.3477,2026-07-16,-1.9405
2026-07-13,DN,12,MIDHANI.NS,0.733,3.4082,-5.2722,2026-07-14,1.0549,2026-07-16,-0.0243
2026-07-13,DN,13,MUTHOOTFIN.NS,0.7097,2.8034,-2.521,2026-07-14,-1.3765,2026-07-16,-2.0402
2026-07-13,DN,14,COCHINSHIP.NS,0.7087,2.9107,-6.2799,2026-07-14,-1.4875,2026-07-16,-0.3471
2026-07-13,DN,15,DATAPATTNS.NS,0.7061,3.8112,-7.4792,2026-07-14,-1.3067,2026-07-16,-2.9951
2026-07-13,DN,16,TVSMOTOR.NS,0.7038,2.594,-0.7584,2026-07-14,-1.863,2026-07-16,-3.0841
2026-07-13,DN,17,MAZDOCK.NS,0.7005,2.5339,-6.6553,2026-07-14,-1.7772,2026-07-16,-1.719
2026-07-13,DN,18,GODREJCP.NS,0.6985,2.3219,-2.8984,2026-07-14,-0.6644,2026-07-16,-1.0293
2026-07-13,DN,19,M&MFIN.NS,0.6929,3.8065,0.2712,2026-07-14,-2.2843,2026-07-16,-3.2612
2026-07-13,DN,20,BDL.NS,0.6917,3.0264,-7.5766,2026-07-14,-1.9189,2026-07-16,-3.0703
2026-07-14,UP,1,KALYANKJIL.NS,0.9909,4.6882,49.3305,2026-07-15,3.4639,2026-07-17,8.4285
2026-07-14,UP,2,WELCORP.NS,0.9628,3.6062,9.2408,2026-07-15,-0.196,2026-07-17,-6.0532
2026-07-14,UP,3,SUDARSCHEM.NS,0.9525,3.3386,15.4021,2026-07-15,0.3095,2026-07-17,-2.6777
2026-07-14,UP,4,BIOCON.NS,0.9333,3.101,7.4711,2026-07-15,-0.6174,2026-07-17,-0.0229
2026-07-14,UP,5,ZENSARTECH.NS,0.9217,5.7045,12.8715,2026-07-15,-2.8036,2026-07-17,-1.8469
2026-07-14,UP,6,MRPL.NS,0.9158,3.4886,7.1472,2026-07-15,0.3249,2026-07-17,11.1685
2026-07-14,UP,7,MAPMYINDIA.NS,0.9057,5.1031,23.3482,2026-07-15,-0.263,2026-07-17,-0.4962
2026-07-14,UP,8,ADANIGREEN.NS,0.8865,3.1416,5.6287,2026-07-15,-3.0601,2026-07-17,-5.6466
2026-07-14,UP,9,IDEAFORGE.NS,0.8488,4.1752,7.4662,2026-07-15,-2.8178,2026-07-17,-6.5822
2026-07-14,UP,10,MASTEK.NS,0.8453,3.1637,4.8476,2026-07-15,-1.8261,2026-07-17,3.0881
2026-07-14,UP,11,TCS.NS,0.8421,2.9119,4.9854,2026-07-15,-0.518,2026-07-17,3.1082
2026-07-14,UP,12,BLUESTARCO.NS,0.8333,2.379,8.7704,2026-07-15,0.441,2026-07-17,-3.3959
2026-07-14,UP,13,NATIONALUM.NS,0.833,3.0987,6.5246,2026-07-15,-0.9318,2026-07-17,-6.8512
2026-07-14,UP,14,SHYAMMETL.NS,0.831,2.7021,7.7319,2026-07-15,-0.2124,2026-07-17,-1.2983
2026-07-14,UP,15,UNIONBANK.NS,0.82,2.8145,5.9536,2026-07-15,1.0019,2026-07-17,-1.2949
2026-07-14,UP,16,ROUTE.NS,0.7943,3.4033,2.5946,2026-07-15,1.484,2026-07-17,-1.4226
2026-07-14,UP,17,DEEPAKNTR.NS,0.7884,2.8472,3.484,2026-07-15,1.6594,2026-07-17,2.3183
2026-07-14,UP,18,CENTUM.NS,0.7837,4.2028,1.8729,2026-07-15,0.8254,2026-07-17,2.4513
2026-07-14,UP,19,LTTS.NS,0.7825,3.1546,2.2289,2026-07-15,6.5349,2026-07-17,3.7108
2026-07-14,UP,20,JINDALPOLY.NS,0.7803,4.0909,8.3468,2026-07-15,0.4759,2026-07-17,-1.9854
2026-07-14,DN,1,RAJESHEXPO.NS,0.8951,5.9437,-7.7018,2026-07-15,-2.4111,2026-07-17,-4.4778
2026-07-14,DN,2,ASHOKLEY.NS,0.8203,3.0773,-5.4642,2026-07-15,0.857,2026-07-17,0.0258
2026-07-14,DN,3,MARUTI.NS,0.8155,2.6604,-7.2156,2026-07-15,0.6969,2026-07-17,2.3278
2026-07-14,DN,4,INTELLECT.NS,0.8117,3.9984,-2.8399,2026-07-15,-0.3167,2026-07-17,0.2903
2026-07-14,DN,5,DRREDDY.NS,0.8101,2.9129,-8.0024,2026-07-15,-1.3401,2026-07-17,-2.8085
2026-07-14,DN,6,HFCL.NS,0.8066,4.3569,-5.8662,2026-07-15,4.8407,2026-07-17,0.1833
2026-07-14,DN,7,APOLLOTYRE.NS,0.7917,2.9907,-6.2727,2026-07-15,0.27,2026-07-17,1.1272
2026-07-14,DN,8,MANAPPURAM.NS,0.7902,3.197,-4.0924,2026-07-15,0.1524,2026-07-17,-0.8077
2026-07-14,DN,9,CHOLAFIN.NS,0.7688,2.464,-4.4189,2026-07-15,1.829,2026-07-17,1.8854
2026-07-14,DN,10,TVSMOTOR.NS,0.7601,2.6292,-2.8093,2026-07-15,0.1081,2026-07-17,0.2716
2026-07-14,DN,11,M&MFIN.NS,0.7527,3.6483,-2.1373,2026-07-15,-0.0461,2026-07-17,-0.2768
2026-07-14,DN,12,MUTHOOTFIN.NS,0.748,2.8272,-3.4598,2026-07-15,-0.0066,2026-07-17,-0.8918
2026-07-14,DN,13,DABUR.NS,0.7432,2.2072,-4.2007,2026-07-15,-0.7251,2026-07-17,-1.6688
2026-07-14,DN,14,SHRIRAMFIN.NS,0.7412,2.6264,-4.9588,2026-07-15,1.9627,2026-07-17,2.0712
2026-07-14,DN,15,GODREJCP.NS,0.7399,2.4162,-3.2446,2026-07-15,-0.8384,2026-07-17,0.9702
2026-07-14,DN,16,M&M.NS,0.7118,2.4438,-3.2255,2026-07-15,-0.3362,2026-07-17,2.777
2026-07-14,DN,17,BAJFINANCE.NS,0.7105,2.3562,-3.4436,2026-07-15,1.4604,2026-07-17,4.9374
2026-07-14,DN,18,PNBHOUSING.NS,0.7105,2.9419,-1.2796,2026-07-15,0.785,2026-07-17,0.3925
2026-07-14,DN,19,EICHERMOT.NS,0.7041,2.3397,-3.4037,2026-07-15,1.7172,2026-07-17,3.9014
2026-07-14,DN,20,HCLTECH.NS,0.7023,3.5717,-0.1284,2026-07-15,0.1114,2026-07-17,3.1885
2026-07-15,UP,1,KALYANKJIL.NS,0.9871,4.8701,46.492,2026-07-16,-0.2737,2026-07-20,3.9956
2026-07-15,UP,2,LTTS.NS,0.9578,3.5434,11.6902,2026-07-16,-0.801,2026-07-20,-4.5264
2026-07-15,UP,3,UNIONBANK.NS,0.9385,3.0564,11.6523,2026-07-16,-2.0942,2026-07-20,2.0594
2026-07-15,UP,4,ROUTE.NS,0.9337,3.5229,8.3029,2026-07-16,-1.6267,2026-07-20,-2.7083
2026-07-15,UP,5,BIOCON.NS,0.9176,3.1014,9.4572,2026-07-16,1.4036,2026-07-20,0.4372
2026-07-15,UP,6,SUDARSCHEM.NS,0.9041,3.3023,16.9555,2026-07-16,-0.0888,2026-07-20,-1.3885
2026-07-15,UP,7,RATEGAIN.NS,0.8898,3.4103,6.5823,2026-07-16,-0.5526,2026-07-20,-2.9421
2026-07-15,UP,8,WELCORP.NS,0.888,3.5321,9.8679,2026-07-16,0.2321,2026-07-20,-3.8272
2026-07-15,UP,9,DEEPAKNTR.NS,0.8871,2.9333,7.9997,2026-07-16,2.64,2026-07-20,-0.4302
2026-07-15,UP,10,MRPL.NS,0.8683,3.5748,6.4418,2026-07-16,10.0718,2026-07-20,8.5413
2026-07-15,UP,11,TEJASNET.NS,0.8573,4.1272,2.7456,2026-07-16,-0.4999,2026-07-20,-1.218
2026-07-15,UP,12,SHYAMMETL.NS,0.8541,2.7324,11.3535,2026-07-16,0.653,2026-07-20,2.0556
2026-07-15,UP,13,HFCL.NS,0.8251,4.1686,3.8838,2026-07-16,0.5828,2026-07-20,-6.7465
2026-07-15,UP,14,MAPMYINDIA.NS,0.82,5.1199,26.2333,2026-07-16,0.2466,2026-07-20,-6.7018
2026-07-15,UP,15,CENTUM.NS,0.819,4.0321,3.9621,2026-07-16,1.9576,2026-07-20,1.7002
2026-07-15,UP,16,DLF.NS,0.8163,3.2779,3.7461,2026-07-16,-1.4671,2026-07-20,1.6496
2026-07-15,UP,17,STLTECH.NS,0.8098,6.2746,2.2531,2026-07-16,0.2407,2026-07-20,-6.7494
2026-07-15,UP,18,ZENSARTECH.NS,0.7912,5.9331,13.7442,2026-07-16,3.5763,2026-07-20,2.5823
2026-07-15,UP,19,ADANIGREEN.NS,0.7888,3.3827,3.3763,2026-07-16,-0.7522,2026-07-20,-1.633
2026-07-15,UP,20,TCS.NS,0.7868,2.9172,6.401,2026-07-16,0.539,2026-07-20,2.8275
2026-07-15,DN,1,RAJESHEXPO.NS,0.8966,5.9596,-5.7618,2026-07-16,-1.0589,2026-07-20,-0.4668
2026-07-15,DN,2,DRREDDY.NS,0.8298,2.8833,-8.8584,2026-07-16,-0.4148,2026-07-20,-0.5205
2026-07-15,DN,3,APOLLOTYRE.NS,0.8076,2.8605,-2.8552,2026-07-16,1.1827,2026-07-20,0.3981
2026-07-15,DN,4,M&MFIN.NS,0.7961,3.4247,-2.0202,2026-07-16,-0.954,2026-07-20,-0.7386
2026-07-15,DN,5,NAUKRI.NS,0.7917,3.1894,0.5895,2026-07-16,1.7749,2026-07-20,0.468
2026-07-15,DN,6,MUTHOOTFIN.NS,0.7883,2.766,-2.1762,2026-07-16,-0.6664,2026-07-20,-1.1074
2026-07-15,DN,7,GODREJCP.NS,0.7757,2.4203,-2.0926,2026-07-16,0.475,2026-07-20,1.1494
2026-07-15,DN,8,MANAPPURAM.NS,0.7721,3.1791,-1.1878,2026-07-16,-1.0651,2026-07-20,2.5867
2026-07-15,DN,9,KPITTECH.NS,0.7578,4.7038,-0.5409,2026-07-16,-0.0453,2026-07-20,1.7404
2026-07-15,DN,10,TVSMOTOR.NS,0.7411,2.4419,-0.7528,2026-07-16,-1.3509,2026-07-20,-0.6118
2026-07-15,DN,11,PARAS.NS,0.7325,5.5533,-4.6615,2026-07-16,-1.6353,2026-07-20,-0.8464
2026-07-15,DN,12,HAVELLS.NS,0.7277,2.3211,-2.517,2026-07-16,-0.5775,2026-07-20,1.945
2026-07-15,DN,13,BAJAJFINSV.NS,0.726,2.3376,-0.2857,2026-07-16,-0.5947,2026-07-20,0.6434
2026-07-15,DN,14,INTELLECT.NS,0.7239,3.943,0.7469,2026-07-16,0.6089,2026-07-20,-0.5229
2026-07-15,DN,15,ATUL.NS,0.7215,2.725,-3.1158,2026-07-16,0.0655,2026-07-20,-0.3028
2026-07-15,DN,16,INFY.NS,0.7093,2.8544,0.6546,2026-07-16,0.5668,2026-07-20,1.0034
2026-07-15,DN,17,HCLTECH.NS,0.7041,3.5745,1.9553,2026-07-16,1.661,2026-07-20,4.5634
2026-07-15,DN,18,EICHERMOT.NS,0.6798,2.2679,-0.1887,2026-07-16,0.1891,2026-07-20,2.1473
2026-07-15,DN,19,ADANIENSOL.NS,0.6685,3.299,1.3591,2026-07-16,0.6853,2026-07-20,3.0691
2026-07-15,DN,20,MARUTI.NS,0.6679,2.3801,-2.6378,2026-07-16,1.4724,2026-07-20,-0.508
2026-07-16,UP,1,MRPL.NS,0.9787,4.1102,15.8004,2026-07-17,0.6692,2026-07-21,1.7193
2026-07-16,UP,2,KALYANKJIL.NS,0.9596,5.1853,23.386,2026-07-17,5.086,2026-07-21,5.5617
2026-07-16,UP,3,ZENSARTECH.NS,0.9554,6.2215,18.7863,2026-07-17,-2.5026,2026-07-21,-3.3023
2026-07-16,UP,4,LTTS.NS,0.9341,4.0098,8.1614,2026-07-17,-1.8648,2026-07-21,-4.994
2026-07-16,UP,5,MASTEK.NS,0.9321,3.4232,9.683,2026-07-17,0.2488,2026-07-21,-1.2216
2026-07-16,UP,6,SUDARSCHEM.NS,0.9002,3.5375,13.4402,2026-07-17,-2.8918,2026-07-21,-1.3055
2026-07-16,UP,7,DEEPAKFERT.NS,0.8956,3.6368,3.5506,2026-07-17,-0.4434,2026-07-21,0.3498
2026-07-16,UP,8,BIOCON.NS,0.8934,3.2716,9.2058,2026-07-17,-0.7942,2026-07-21,-0.0908
2026-07-16,UP,9,DEEPAKNTR.NS,0.8625,3.1351,7.4389,2026-07-17,-1.9405,2026-07-21,-1.9233
2026-07-16,UP,10,TECHM.NS,0.8417,3.0973,5.8894,2026-07-17,4.1449,2026-07-21,4.37
2026-07-16,UP,11,TCS.NS,0.8412,3.0431,7.392,2026-07-17,3.0895,2026-07-21,0.9132
2026-07-16,UP,12,SHYAMMETL.NS,0.84,2.9327,9.7111,2026-07-17,-1.7299,2026-07-21,2.1288
2026-07-16,UP,13,BASF.NS,0.8375,2.7919,9.0616,2026-07-17,-1.83,2026-07-21,1.089
2026-07-16,UP,14,UNIONBANK.NS,0.8306,3.4197,7.3191,2026-07-17,-0.1837,2026-07-21,4.3491
2026-07-16,UP,15,ADANIGREEN.NS,0.8245,3.617,3.841,2026-07-17,-1.9304,2026-07-21,-0.1166
2026-07-16,UP,16,ROUTE.NS,0.8186,3.889,5.6795,2026-07-17,-1.2578,2026-07-21,1.3194
2026-07-16,UP,17,AJANTPHARM.NS,0.8169,3.5927,4.3899,2026-07-17,-0.9673,2026-07-21,3.5478
2026-07-16,UP,18,SOLARINDS.NS,0.8017,3.4119,5.8688,2026-07-17,0.3641,2026-07-21,3.5054
2026-07-16,UP,19,SRF.NS,0.7988,2.5849,4.8025,2026-07-17,-0.5053,2026-07-21,1.7201
2026-07-16,UP,20,ERIS.NS,0.7944,2.7719,4.0839,2026-07-17,-2.2171,2026-07-21,-1.2362
2026-07-16,DN,1,RAJESHEXPO.NS,0.8917,6.228,-6.9494,2026-07-17,-1.0702,2026-07-21,5.6272
2026-07-16,DN,2,ICICIGI.NS,0.8696,3.5151,-9.5225,2026-07-17,-0.7144,2026-07-21,0.0123
2026-07-16,DN,3,ALKYLAMINE.NS,0.8333,4.2734,-3.3511,2026-07-17,-3.2926,2026-07-21,-2.7632
2026-07-16,DN,4,M&MFIN.NS,0.8012,3.6119,-4.4246,2026-07-17,0.7302,2026-07-21,8.6997
2026-07-16,DN,5,BAJAJFINSV.NS,0.7771,2.4638,-2.9763,2026-07-17,0.8376,2026-07-21,3.3721
2026-07-16,DN,6,NAUKRI.NS,0.7736,3.2912,0.4285,2026-07-17,-1.6363,2026-07-21,0.058
2026-07-16,DN,7,STLTECH.NS,0.7605,6.6157,-2.3451,2026-07-17,-3.87,2026-07-21,-2.3275
2026-07-16,DN,8,DLF.NS,0.7535,3.4893,-1.7435,2026-07-17,3.0397,2026-07-21,3.9423
2026-07-16,DN,9,GODREJCP.NS,0.7534,2.5176,-2.7313,2026-07-17,1.3425,2026-07-21,-0.3309
2026-07-16,DN,10,PRESTIGE.NS,0.7461,3.3424,-1.9237,2026-07-17,3.1248,2026-07-21,3.9715
2026-07-16,DN,11,MUTHOOTFIN.NS,0.7431,2.8561,-2.005,2026-07-17,-0.2203,2026-07-21,2.7669
2026-07-16,DN,12,MANAPPURAM.NS,0.7295,3.333,-2.2109,2026-07-17,0.1077,2026-07-21,8.1975
2026-07-16,DN,13,DABUR.NS,0.7078,2.2986,-3.0915,2026-07-17,-0.5239,2026-07-21,-0.7801
2026-07-16,DN,14,BOSCHLTD.NS,0.7066,2.0946,-2.6406,2026-07-17,-0.6203,2026-07-21,-0.5838
2026-07-16,DN,15,BSE.NS,0.6904,2.9399,-3.1716,2026-07-17,-2.8005,2026-07-21,-0.5699
2026-07-16,DN,16,MAPMYINDIA.NS,0.6831,5.3015,10.2413,2026-07-17,-0.4793,2026-07-21,-9.2008
2026-07-16,DN,17,DRREDDY.NS,0.6713,2.9723,-3.5526,2026-07-17,-1.0781,2026-07-21,-1.5028
2026-07-16,DN,18,HAVELLS.NS,0.6667,2.4749,-1.6963,2026-07-17,1.4266,2026-07-21,4.015
2026-07-16,DN,19,TATACONSUM.NS,0.6615,2.3578,-1.6445,2026-07-17,0.0092,2026-07-21,-0.6431
2026-07-16,DN,20,AUROPHARMA.NS,0.6612,2.5879,-2.4568,2026-07-17,-0.9687,2026-07-21,2.0214
2026-07-17,UP,1,TECHM.NS,0.9329,3.1984,8.118,2026-07-20,0.2225,2026-07-22,-0.782
2026-07-17,UP,2,MASTEK.NS,0.9188,3.6017,5.5056,2026-07-20,-1.6022,2026-07-22,-3.2269
2026-07-17,UP,3,BIOCON.NS,0.9056,3.3525,4.4683,2026-07-20,-0.1601,2026-07-22,0.1715
2026-07-17,UP,4,MRPL.NS,0.9034,4.3899,7.3851,2026-07-20,-2.046,2026-07-22,0.0974
2026-07-17,UP,5,TCS.NS,0.8788,3.0778,9.6665,2026-07-20,-0.7889,2026-07-22,-2.6752
2026-07-17,UP,6,LTTS.NS,0.8598,4.0329,4.1822,2026-07-20,-1.9266,2026-07-22,-2.4039
2026-07-17,UP,7,KALYANKJIL.NS,0.8517,5.2751,20.6343,2026-07-20,-0.766,2026-07-22,3.7779
2026-07-17,UP,8,MPHASIS.NS,0.8478,3.3903,3.1138,2026-07-20,0.8019,2026-07-22,-5.0288
2026-07-17,UP,9,DEEPAKFERT.NS,0.8444,3.5777,4.4424,2026-07-20,0.6964,2026-07-22,0.3074
2026-07-17,UP,10,HCLTECH.NS,0.84,3.7634,3.419,2026-07-20,1.4453,2026-07-22,2.7743
2026-07-17,UP,11,BHARATFORG.NS,0.8373,2.8144,3.4719,2026-07-20,0.8446,2026-07-22,-0.2283
2026-07-17,UP,12,ADANIENSOL.NS,0.8202,3.5926,4.1475,2026-07-20,0.4006,2026-07-22,0.1045
2026-07-17,UP,13,FEDERALBNK.NS,0.8176,2.3045,5.8057,2026-07-20,0.5014,2026-07-22,1.2178
2026-07-17,UP,14,CENTUM.NS,0.7954,3.8609,1.7491,2026-07-20,0.0862,2026-07-22,-2.724
2026-07-17,UP,15,BAJFINANCE.NS,0.782,2.4421,3.5081,2026-07-20,0.729,2026-07-22,0.3787
2026-07-17,UP,16,SUDARSCHEM.NS,0.7756,3.8366,3.8429,2026-07-20,1.6383,2026-07-22,-0.6987
2026-07-17,UP,17,ROUTE.NS,0.7673,4.0283,2.7551,2026-07-20,0.1603,2026-07-22,1.0244
2026-07-17,UP,18,EXIDEIND.NS,0.7641,2.6195,2.5448,2026-07-20,0.3332,2026-07-22,2.9067
2026-07-17,UP,19,DIVISLAB.NS,0.7588,2.1771,6.0196,2026-07-20,0.9727,2026-07-22,1.9179
2026-07-17,UP,20,METROBRAND.NS,0.7527,2.9944,1.1042,2026-07-20,-0.224,2026-07-22,-0.8868
2026-07-17,DN,1,RAJESHEXPO.NS,0.8737,6.0993,-8.2203,2026-07-20,1.6866,2026-07-22,3.8153
2026-07-17,DN,2,ICICIGI.NS,0.87,3.5063,-11.7183,2026-07-20,0.5831,2026-07-22,-1.7802
2026-07-17,DN,3,MANAPPURAM.NS,0.8273,3.3382,-4.644,2026-07-20,3.5797,2026-07-22,7.6049
2026-07-17,DN,4,ALKYLAMINE.NS,0.8061,4.2629,-6.6002,2026-07-20,0.2244,2026-07-22,-0.1916
2026-07-17,DN,5,NAUKRI.NS,0.802,3.4651,-1.3953,2026-07-20,0.358,2026-07-22,0.1727
2026-07-17,DN,6,JINDALPOLY.NS,0.7915,4.3363,-8.2486,2026-07-20,1.0925,2026-07-22,-1.7298
2026-07-17,DN,7,WELCORP.NS,0.7808,4.1213,-1.9286,2026-07-20,2.1688,2026-07-22,1.9159
2026-07-17,DN,8,DLF.NS,0.7766,3.5222,-2.6176,2026-07-20,0.1198,2026-07-22,-2.4409
2026-07-17,DN,9,NATIONALUM.NS,0.7707,3.335,-4.213,2026-07-20,0.8826,2026-07-22,0.7355
2026-07-17,DN,10,NATCOPHARM.NS,0.7695,2.9543,-3.9732,2026-07-20,0.5979,2026-07-22,-1.1376
2026-07-17,DN,11,GODREJPROP.NS,0.7693,3.0157,-1.4487,2026-07-20,0.7897,2026-07-22,-0.999
2026-07-17,DN,12,PRESTIGE.NS,0.7669,3.3077,-2.3194,2026-07-20,-1.4117,2026-07-22,-1.7661
2026-07-17,DN,13,RBLBANK.NS,0.7646,2.9524,-3.297,2026-07-20,0.0951,2026-07-22,-3.423
2026-07-17,DN,14,MUTHOOTFIN.NS,0.7559,2.8153,-4.4705,2026-07-20,-0.2241,2026-07-22,1.5421
2026-07-17,DN,15,BAJAJFINSV.NS,0.7499,2.5119,-3.2359,2026-07-20,0.4045,2026-07-22,1.2082
2026-07-17,DN,16,BSE.NS,0.7268,3.0144,-6.029,2026-07-20,1.8454,2026-07-22,1.4071
2026-07-17,DN,17,IDEAFORGE.NS,0.7251,4.8106,-6.3281,2026-07-20,1.6059,2026-07-22,2.1215
2026-07-17,DN,18,SOBHA.NS,0.7188,3.1146,-3.2621,2026-07-20,-0.4309,2026-07-22,-2.4624
2026-07-17,DN,19,PFIZER.NS,0.6988,2.2088,-3.4768,2026-07-20,0.2409,2026-07-22,1.7014
2026-07-17,DN,20,M&MFIN.NS,0.6953,3.1947,-4.8848,2026-07-20,-0.5089,2026-07-22,16.641
2026-07-20,UP,1,SOLARINDS.NS,0.8902,3.0695,4.8028,2026-07-21,0.0893,2026-07-23,-2.139
2026-07-20,UP,2,DEEPAKFERT.NS,0.8363,3.6157,6.0592,2026-07-21,0.0997,2026-07-23,-1.5451
2026-07-20,UP,3,NAVINFLUOR.NS,0.8337,2.8271,2.9396,2026-07-21,0.2608,2026-07-23,-2.3914
2026-07-20,UP,4,MANAPPURAM.NS,0.8273,3.2494,1.6127,2026-07-21,4.3459,2026-07-23,4.5535
2026-07-20,UP,5,BIOCON.NS,0.8166,3.3129,6.2173,2026-07-21,0.8706,2026-07-23,-0.2978
2026-07-20,UP,6,UNIONBANK.NS,0.8127,3.4843,3.2514,2026-07-21,0.1023,2026-07-23,-4.2801
2026-07-20,UP,7,COLPAL.NS,0.8054,2.2878,4.3506,2026-07-21,-0.956,2026-07-23,-1.2919
2026-07-20,UP,8,OIL.NS,0.7973,2.2757,5.2198,2026-07-21,-1.8521,2026-07-23,1.1575
2026-07-20,UP,9,FEDERALBNK.NS,0.7924,2.346,5.4887,2026-07-21,1.511,2026-07-23,1.0406
2026-07-20,UP,10,PNB.NS,0.7878,2.2727,5.0969,2026-07-21,0.2863,2026-07-23,-1.4406
2026-07-20,UP,11,ADANIENSOL.NS,0.7854,3.6059,5.1623,2026-07-21,0.6996,2026-07-23,-2.6424
2026-07-20,UP,12,JSWENERGY.NS,0.7849,2.7052,2.5377,2026-07-21,-0.2642,2026-07-23,-1.8231
2026-07-20,UP,13,BPCL.NS,0.7756,2.4593,3.2678,2026-07-21,0.551,2026-07-23,-2.4402
2026-07-20,UP,14,SHYAMMETL.NS,0.7734,3.2847,2.4919,2026-07-21,0.7251,2026-07-23,-1.4455
2026-07-20,UP,15,BAJFINANCE.NS,0.7622,2.3993,4.0485,2026-07-21,0.4887,2026-07-23,-2.2744
2026-07-20,UP,16,BASF.NS,0.7612,2.8678,4.6436,2026-07-21,3.9873,2026-07-23,0.3065
2026-07-20,UP,17,DIVISLAB.NS,0.7563,2.2445,5.4695,2026-07-21,0.164,2026-07-23,-0.1776
2026-07-20,UP,18,MRPL.NS,0.7527,4.6066,3.7514,2026-07-21,3.1535,2026-07-23,2.9429
2026-07-20,UP,19,TECHM.NS,0.7507,3.1491,4.779,2026-07-21,-0.0063,2026-07-23,-1.3068
2026-07-20,UP,20,RECLTD.NS,0.7476,2.1763,3.5465,2026-07-21,-0.3989,2026-07-23,-1.3893
2026-07-20,DN,1,MAPMYINDIA.NS,0.9362,6.1909,-7.4183,2026-07-21,-2.4385,2026-07-23,-1.381
2026-07-20,DN,2,ROUTE.NS,0.8752,4.1057,-3.5429,2026-07-21,2.4457,2026-07-23,6.8036
2026-07-20,DN,3,ZENSARTECH.NS,0.8678,6.3673,-2.5639,2026-07-21,-2.3653,2026-07-23,-7.4665
2026-07-20,DN,4,ICICIGI.NS,0.8598,3.4027,-9.271,2026-07-21,0.148,2026-07-23,-0.1603
2026-07-20,DN,5,COFORGE.NS,0.7998,3.8685,-2.1741,2026-07-21,-0.8889,2026-07-23,-4.4779
2026-07-20,DN,6,GODREJPROP.NS,0.7918,3.0055,-2.03,2026-07-21,2.1523,2026-07-23,-3.6673
2026-07-20,DN,7,INTELLECT.NS,0.7783,3.978,-3.4498,2026-07-21,1.0513,2026-07-23,-2.3621
2026-07-20,DN,8,SOBHA.NS,0.7752,3.0731,-4.0788,2026-07-21,0.0412,2026-07-23,-5.4682
2026-07-20,DN,9,NATCOPHARM.NS,0.7665,3.1099,-2.9899,2026-07-21,1.1834,2026-07-23,-3.3766
2026-07-20,DN,10,PRESTIGE.NS,0.7662,3.3384,-3.2013,2026-07-21,2.2647,2026-07-23,-2.7021
2026-07-20,DN,11,NAUKRI.NS,0.7601,3.4416,0.0378,2026-07-21,1.3596,2026-07-23,-1.8086
2026-07-20,DN,12,KPITTECH.NS,0.76,4.0468,-2.1362,2026-07-21,0.5791,2026-07-23,-1.8354
2026-07-20,DN,13,RBLBANK.NS,0.7573,3.1037,-3.1923,2026-07-21,-0.3393,2026-07-23,-3.9625
2026-07-20,DN,14,JINDALPOLY.NS,0.7537,4.1056,-3.105,2026-07-21,0.5403,2026-07-23,-4.2552
2026-07-20,DN,15,IDEAFORGE.NS,0.7532,4.695,-5.5317,2026-07-21,-0.8107,2026-07-23,0.4374
2026-07-20,DN,16,HCLTECH.NS,0.7379,3.6366,0.0082,2026-07-21,1.4902,2026-07-23,1.916
2026-07-20,DN,17,MASTEK.NS,0.7364,3.562,-0.32,2026-07-21,0.1376,2026-07-23,-3.7152
2026-07-20,DN,18,BEML.NS,0.7337,3.119,-6.1191,2026-07-21,0.8924,2026-07-23,-2.248
2026-07-20,DN,19,AXISBANK.NS,0.7329,2.5495,-4.8052,2026-07-21,0.1752,2026-07-23,-2.6274
2026-07-20,DN,20,DLF.NS,0.7269,3.5052,-2.0151,2026-07-21,0.7553,2026-07-23,-3.9485
2026-07-21,UP,1,M&MFIN.NS,0.9677,3.6434,7.613,2026-07-22,8.0892,2026-07-24,1.9008
2026-07-21,UP,2,MANAPPURAM.NS,0.9456,3.2602,7.2082,2026-07-22,-0.4407,2026-07-24,0.3412
2026-07-21,UP,3,JPPOWER.NS,0.9192,2.9215,6.5426,2026-07-22,-2.1408,2026-07-24,-4.507
2026-07-21,UP,4,MRPL.NS,0.886,4.612,12.328,2026-07-22,-0.9359,2026-07-24,-3.7207
2026-07-21,UP,5,HCLTECH.NS,0.8828,3.4507,6.2398,2026-07-22,-0.1775,2026-07-24,2.5413
2026-07-21,UP,6,BASF.NS,0.8576,2.8618,6.0909,2026-07-22,-1.7972,2026-07-24,-4.2648
2026-07-21,UP,7,INDUSINDBK.NS,0.8554,2.5493,6.6276,2026-07-22,0.5501,2026-07-24,-6.3379
2026-07-21,UP,8,SHRIRAMFIN.NS,0.8475,2.7327,4.6947,2026-07-22,-0.2544,2026-07-24,-5.3132
2026-07-21,UP,9,TVSMOTOR.NS,0.8475,2.6601,5.0881,2026-07-22,3.0485,2026-07-24,2.0622
2026-07-21,UP,10,RAJESHEXPO.NS,0.8448,5.3873,1.9889,2026-07-22,-2.7672,2026-07-24,-3.1158
2026-07-21,UP,11,HFCL.NS,0.834,4.6651,2.4391,2026-07-22,-0.0321,2026-07-24,-9.6894
2026-07-21,UP,12,TECHM.NS,0.8293,3.1199,6.1982,2026-07-22,-0.996,2026-07-24,-1.0658
2026-07-21,UP,13,EXIDEIND.NS,0.8273,2.7077,5.7218,2026-07-22,0.9922,2026-07-24,-0.1015
2026-07-21,UP,14,SRF.NS,0.8126,2.459,7.0713,2026-07-22,-2.443,2026-07-24,-9.3331
2026-07-21,UP,15,AJANTPHARM.NS,0.803,2.7736,4.8844,2026-07-22,-3.2557,2026-07-24,-5.7562
2026-07-21,UP,16,ADANIENSOL.NS,0.8015,3.596,3.035,2026-07-22,-0.9876,2026-07-24,-2.2623
2026-07-21,UP,17,PNB.NS,0.7837,2.2758,6.7429,2026-07-22,-1.2045,2026-07-24,-1.5168
2026-07-21,UP,18,UNIONBANK.NS,0.7803,3.5635,3.1874,2026-07-22,-3.106,2026-07-24,-3.1855
2026-07-21,UP,19,DEEPAKFERT.NS,0.7719,3.5272,4.1958,2026-07-22,-0.4855,2026-07-24,-2.085
2026-07-21,UP,20,NAVINFLUOR.NS,0.7692,2.7078,3.9019,2026-07-22,-1.1799,2026-07-24,-4.5927
2026-07-21,DN,1,MAPMYINDIA.NS,0.9146,6.2425,-9.2162,2026-07-22,-2.4153,2026-07-24,4.3775
2026-07-21,DN,2,SUDARSCHEM.NS,0.8672,3.7902,-1.088,2026-07-22,-2.2947,2026-07-24,-1.2848
2026-07-21,DN,3,ICICIGI.NS,0.8631,3.3436,-9.1773,2026-07-22,-2.4938,2026-07-24,2.3276
2026-07-21,DN,4,WELCORP.NS,0.8468,3.9479,-3.2375,2026-07-22,-1.0498,2026-07-24,-1.9645
2026-07-21,DN,5,ADANIGREEN.NS,0.8286,3.5425,-3.9015,2026-07-22,-4.5139,2026-07-24,-9.5207
2026-07-21,DN,6,NATIONALUM.NS,0.8212,3.1506,-6.029,2026-07-22,-0.1458,2026-07-24,0.2916
2026-07-21,DN,7,BLUESTARCO.NS,0.8157,2.7526,-2.4854,2026-07-22,-2.4724,2026-07-24,-3.8525
2026-07-21,DN,8,COFORGE.NS,0.7805,3.5614,-2.6393,2026-07-22,-1.5127,2026-07-24,-0.6225
2026-07-21,DN,9,BSE.NS,0.7751,2.9792,-3.3934,2026-07-22,-0.8679,2026-07-24,-3.1195
2026-07-21,DN,10,INFY.NS,0.7744,2.9516,-1.7751,2026-07-22,-1.9935,2026-07-24,-3.0368
2026-07-21,DN,11,IDEAFORGE.NS,0.7635,4.5649,-5.8514,2026-07-22,1.3289,2026-07-24,2.3873
2026-07-21,DN,12,RATEGAIN.NS,0.7615,3.876,-2.7146,2026-07-22,-3.2383,2026-07-24,-2.8066
2026-07-21,DN,13,HDFCBANK.NS,0.7599,2.2992,-5.9241,2026-07-22,-1.09,2026-07-24,-2.4493
2026-07-21,DN,14,SOBHA.NS,0.7519,3.3264,-2.3011,2026-07-22,-2.0806,2026-07-24,-6.4547
2026-07-21,DN,15,RBLBANK.NS,0.7507,3.0258,-2.8443,2026-07-22,-3.1863,2026-07-24,-3.8943
2026-07-21,DN,16,BIOCON.NS,0.7273,3.1675,0.686,2026-07-22,-0.5337,2026-07-24,-1.5103
2026-07-21,DN,17,ALKYLAMINE.NS,0.7219,3.9659,-1.6701,2026-07-22,-0.7349,2026-07-24,-2.5804
2026-07-21,DN,18,GRANULES.NS,0.7216,2.9099,-2.1674,2026-07-22,-2.5009,2026-07-24,-4.8133
2026-07-21,DN,19,AXISBANK.NS,0.7212,2.4951,-4.5082,2026-07-22,-1.5737,2026-07-24,-2.4559
2026-07-21,DN,20,JINDALPOLY.NS,0.7131,4.0595,-0.3792,2026-07-22,-3.3142,2026-07-24,-4.8518
2026-07-22,UP,1,DATAPATTNS.NS,0.9864,4.1903,14.1561,2026-07-23,-3.8743,2026-07-27,-4.2632
2026-07-22,UP,2,M&MFIN.NS,0.9796,3.9091,16.3717,2026-07-23,-2.0627,2026-07-27,-4.0063
2026-07-22,UP,3,MRPL.NS,0.8995,4.7455,10.9164,2026-07-23,0.7386,2026-07-27,-7.0823
2026-07-22,UP,4,MANAPPURAM.NS,0.8964,3.2359,6.5733,2026-07-23,0.6425,2026-07-27,2.7556
2026-07-22,UP,5,TVSMOTOR.NS,0.8748,2.641,8.1748,2026-07-23,0.3122,2026-07-27,-0.7984
2026-07-22,UP,6,INDUSINDBK.NS,0.8408,2.5948,5.9027,2026-07-23,-5.9665,2026-07-27,-5.859
2026-07-22,UP,7,STLTECH.NS,0.8274,6.3407,2.3887,2026-07-23,-0.7415,2026-07-27,0.4431
2026-07-22,UP,8,JPPOWER.NS,0.81,3.0307,3.7015,2026-07-23,-1.7847,2026-07-27,-2.0725
2026-07-22,UP,9,ADANIENSOL.NS,0.8061,3.5126,2.7652,2026-07-23,-2.3544,2026-07-27,-1.2236
2026-07-22,UP,10,SRF.NS,0.8034,2.7022,3.3002,2026-07-23,-8.5275,2026-07-27,-8.0462
2026-07-22,UP,11,BAJAJ-AUTO.NS,0.7917,2.1506,6.5436,2026-07-23,2.5913,2026-07-27,1.682
2026-07-22,UP,12,EXIDEIND.NS,0.7762,2.441,6.8344,2026-07-23,-1.8086,2026-07-27,-4.6556
2026-07-22,UP,13,HCLTECH.NS,0.7689,3.2686,5.9332,2026-07-23,0.5981,2026-07-27,4.7361
2026-07-22,UP,14,MASTEK.NS,0.7641,3.6077,1.6172,2026-07-23,-2.0986,2026-07-27,0.9444
2026-07-22,UP,15,KALYANKJIL.NS,0.7619,5.3766,8.7575,2026-07-23,-1.7614,2026-07-27,-5.2843
2026-07-22,UP,16,NESTLEIND.NS,0.7585,1.9344,4.8582,2026-07-23,-3.0597,2026-07-27,-3.1802
2026-07-22,UP,17,DEEPAKFERT.NS,0.7476,3.359,3.2348,2026-07-23,-1.1633,2026-07-27,2.2265
2026-07-22,UP,18,NAVINFLUOR.NS,0.7396,2.7502,2.2447,2026-07-23,-1.4829,2026-07-27,-1.0014
2026-07-22,UP,19,JSWENERGY.NS,0.7328,2.7741,2.1458,2026-07-23,-0.7744,2026-07-27,-2.1364
2026-07-22,UP,20,COLPAL.NS,0.7175,2.2299,4.7371,2026-07-23,-1.0109,2026-07-27,1.4
2026-07-22,DN,1,SUDARSCHEM.NS,0.8726,3.978,-3.6559,2026-07-23,-1.5043,2026-07-27,2.5184
2026-07-22,DN,2,ICICIGI.NS,0.8701,3.5392,-12.7356,2026-07-23,2.2419,2026-07-27,6.1572
2026-07-22,DN,3,MAPMYINDIA.NS,0.87,6.2897,-11.1754,2026-07-23,3.5858,2026-07-27,8.3972
2026-07-22,DN,4,BLUESTARCO.NS,0.8136,2.942,-5.3139,2026-07-23,-1.6138,2026-07-27,-1.0538
2026-07-22,DN,5,WELCORP.NS,0.8047,3.9756,-4.0652,2026-07-23,0.062,2026-07-27,-0.7445
2026-07-22,DN,6,ADANIGREEN.NS,0.8027,3.854,-5.3427,2026-07-23,-6.2759,2026-07-27,-4.9311
2026-07-22,DN,7,HFCL.NS,0.8009,4.7745,-2.322,2026-07-23,-4.9977,2026-07-27,-11.6384
2026-07-22,DN,8,NATIONALUM.NS,0.7881,3.1302,-5.2835,2026-07-23,1.0514,2026-07-27,-0.8908
2026-07-22,DN,9,VOLTAS.NS,0.7876,2.7834,-5.0385,2026-07-23,0.1682,2026-07-27,0.8639
2026-07-22,DN,10,LTTS.NS,0.7782,3.9428,-4.991,2026-07-23,1.2631,2026-07-27,4.9472
2026-07-22,DN,11,HDFCBANK.NS,0.7779,2.3212,-7.64,2026-07-23,-0.7834,2026-07-27,-1.8057
2026-07-22,DN,12,MPHASIS.NS,0.7709,3.5579,-2.7958,2026-07-23,-1.8207,2026-07-27,2.5904
2026-07-22,DN,13,CHOLAFIN.NS,0.7575,2.7042,-4.2076,2026-07-23,-0.6192,2026-07-27,3.3102
2026-07-22,DN,14,ROUTE.NS,0.7563,3.7538,-1.869,2026-07-23,5.8901,2026-07-27,-4.6645
2026-07-22,DN,15,RATEGAIN.NS,0.7532,3.9579,-8.2685,2026-07-23,-2.1419,2026-07-27,1.0486
2026-07-22,DN,16,UNIONBANK.NS,0.753,3.7962,-1.0094,2026-07-23,-1.3127,2026-07-27,-0.3106
2026-07-22,DN,17,AMBER.NS,0.7529,3.1736,-4.7322,2026-07-23,-0.6552,2026-07-27,-2.6541
2026-07-22,DN,18,RBLBANK.NS,0.7524,3.1786,-4.6406,2026-07-23,-0.4641,2026-07-27,2.0675
2026-07-22,DN,19,AXISBANK.NS,0.75,2.5944,-5.6313,2026-07-23,-1.2435,2026-07-27,-0.8802
2026-07-22,DN,20,GRANULES.NS,0.7485,3.2757,-4.9273,2026-07-23,-0.1464,2026-07-27,-1.2884
2026-07-23,UP,1,RAJESHEXPO.NS,0.9706,5.4139,6.3982,2026-07-24,-3.8179,2026-07-28,-6.0675
2026-07-23,UP,2,DATAPATTNS.NS,0.9597,4.4892,10.9864,2026-07-24,-0.2828,2026-07-28,-4.6939
2026-07-23,UP,3,M&MFIN.NS,0.9189,3.9519,15.0691,2026-07-24,-3.7397,2026-07-28,0.8505
2026-07-23,UP,4,ROUTE.NS,0.908,4.2427,5.6293,2026-07-24,-5.3127,2026-07-28,-8.1772
2026-07-23,UP,5,MANAPPURAM.NS,0.8648,3.1322,8.4128,2026-07-24,0.1419,2026-07-28,2.4968
2026-07-23,UP,6,TVSMOTOR.NS,0.8551,2.6434,9.9986,2026-07-24,-1.2654,2026-07-28,1.8802
2026-07-23,UP,7,BAJAJ-AUTO.NS,0.8104,2.2292,9.2145,2026-07-24,-1.3604,2026-07-28,0.8021
2026-07-23,UP,8,OIL.NS,0.7653,2.2006,6.8343,2026-07-24,-1.9725,2026-07-28,-3.095
2026-07-23,UP,9,STLTECH.NS,0.7638,6.0907,1.3854,2026-07-24,2.7876,2026-07-28,-3.4253
2026-07-23,UP,10,EMAMILTD.NS,0.759,2.7937,2.2853,2026-07-24,-2.006,2026-07-28,-2.1982
2026-07-23,UP,11,HEROMOTOCO.NS,0.7498,1.9441,5.6309,2026-07-24,-3.1447,2026-07-28,-0.3769
2026-07-23,UP,12,ICICIGI.NS,0.7383,3.6208,-0.2956,2026-07-24,2.6436,2026-07-28,4.0025
2026-07-23,UP,13,MRPL.NS,0.7369,4.9543,1.5116,2026-07-24,-3.5237,2026-07-28,-9.048
2026-07-23,UP,14,CRAFTSMAN.NS,0.7342,2.5897,2.3129,2026-07-24,-0.2953,2026-07-28,-0.2309
2026-07-23,UP,15,HAVELLS.NS,0.7296,2.613,3.3573,2026-07-24,1.4051,2026-07-28,1.4216
2026-07-23,UP,16,METROBRAND.NS,0.7155,3.224,-0.5917,2026-07-24,-0.2927,2026-07-28,0.1073
2026-07-23,UP,17,SHRIRAMFIN.NS,0.7133,3.0408,0.1367,2026-07-24,-2.0179,2026-07-28,1.472
2026-07-23,UP,18,TECHM.NS,0.7104,2.8993,3.0126,2026-07-24,0.2378,2026-07-28,5.1035
2026-07-23,UP,19,ATUL.NS,0.7102,2.6975,0.2617,2026-07-24,4.5269,2026-07-28,8.4829
2026-07-23,UP,20,JSWENERGY.NS,0.7063,2.7605,2.5672,2026-07-24,-1.0227,2026-07-28,-2.3504
2026-07-23,DN,1,MAPMYINDIA.NS,0.8918,6.4872,-8.2167,2026-07-24,3.2583,2026-07-28,5.0192
2026-07-23,DN,2,SUDARSCHEM.NS,0.8663,4.1345,-5.0208,2026-07-24,2.5766,2026-07-28,1.7194
2026-07-23,DN,3,HFCL.NS,0.8486,5.204,-7.7413,2026-07-24,-4.908,2026-07-28,-8.9947
2026-07-23,DN,4,ADANIGREEN.NS,0.841,4.3823,-10.6109,2026-07-24,1.1015,2026-07-28,-0.1522
2026-07-23,DN,5,OFSS.NS,0.8249,4.2015,-7.174,2026-07-24,-1.7615,2026-07-28,4.5283
2026-07-23,DN,6,SRF.NS,0.8146,3.5136,-9.2271,2026-07-24,1.6014,2026-07-28,0.408
2026-07-23,DN,7,MASTEK.NS,0.8097,3.8024,-5.0221,2026-07-24,0.6848,2026-07-28,11.5517
2026-07-23,DN,8,SOBHA.NS,0.8068,3.8089,-7.8299,2026-07-24,-1.0028,2026-07-28,-2.3036
2026-07-23,DN,9,AMBER.NS,0.7995,3.1792,-7.3162,2026-07-24,-2.2678,2026-07-28,-2.9744
2026-07-23,DN,10,JINDALPOLY.NS,0.7978,4.4325,-6.377,2026-07-24,-0.0862,2026-07-28,-1.2228
2026-07-23,DN,11,MPHASIS.NS,0.7968,3.5893,-5.085,2026-07-24,2.4951,2026-07-28,8.1124
2026-07-23,DN,12,BLUESTARCO.NS,0.79,2.9675,-6.1894,2026-07-24,0.202,2026-07-28,0.6916
2026-07-23,DN,13,CLEAN.NS,0.7774,3.5722,-5.1409,2026-07-24,-1.077,2026-07-28,0.1715
2026-07-23,DN,14,HDFCBANK.NS,0.7585,2.3281,-7.5529,2026-07-24,-0.5955,2026-07-28,-1.5858
2026-07-23,DN,15,VOLTAS.NS,0.758,2.7673,-4.6364,2026-07-24,1.3051,2026-07-28,0.0687
2026-07-23,DN,16,GRANULES.NS,0.7572,3.3701,-5.6131,2026-07-24,-2.2286,2026-07-28,-0.8387
2026-07-23,DN,17,RATEGAIN.NS,0.7536,4.0083,-9.7345,2026-07-24,2.6448,2026-07-28,3.5397
2026-07-23,DN,18,DEEPAKNTR.NS,0.7529,3.238,-5.0522,2026-07-24,-0.254,2026-07-28,-0.1512
2026-07-23,DN,19,INDIAMART.NS,0.7481,3.2814,-8.0329,2026-07-24,-1.7145,2026-07-28,-2.6583
2026-07-23,DN,20,TEJASNET.NS,0.7437,4.2752,-9.1441,2026-07-24,-0.3821,2026-07-28,-0.6033
2026-07-24,UP,1,STLTECH.NS,0.9737,6.1489,8.407,2026-07-27,-1.551,2026-07-29,-7.8348
2026-07-24,UP,2,DATAPATTNS.NS,0.9643,4.5973,12.2057,2026-07-27,-0.1222,2026-07-29,-3.2261
2026-07-24,UP,3,ICICIGI.NS,0.8952,3.6961,3.0765,2026-07-27,1.1554,2026-07-29,-0.7823
2026-07-24,UP,4,ATUL.NS,0.8882,2.9307,4.1955,2026-07-27,5.9618,2026-07-29,6.1022
2026-07-24,UP,5,IDEAFORGE.NS,0.8833,4.3313,3.1881,2026-07-27,-1.1945,2026-07-29,-2.5441
2026-07-24,UP,6,KPITTECH.NS,0.8804,2.8476,5.2613,2026-07-27,0.3429,2026-07-29,9.525
2026-07-24,UP,7,M&MFIN.NS,0.849,4.1244,9.963,2026-07-27,1.8233,2026-07-29,10.4488
2026-07-24,UP,8,RAJESHEXPO.NS,0.8367,5.1758,3.4431,2026-07-27,-0.5285,2026-07-29,-2.4739
2026-07-24,UP,9,MANAPPURAM.NS,0.8278,2.8434,8.4498,2026-07-27,1.955,2026-07-29,4.8732
2026-07-24,UP,10,TVSMOTOR.NS,0.8203,2.6376,6.9648,2026-07-27,0.1602,2026-07-29,5.3072
2026-07-24,UP,11,ROUTE.NS,0.8196,4.9204,1.2916,2026-07-27,-4.916,2026-07-29,-3.5177
2026-07-24,UP,12,LAURUSLABS.NS,0.807,2.5307,4.6673,2026-07-27,7.0072,2026-07-29,11.2478
2026-07-24,UP,13,TORNTPOWER.NS,0.8041,2.5207,3.1356,2026-07-27,0.4114,2026-07-29,-0.2092
2026-07-24,UP,14,HCLTECH.NS,0.7862,2.9381,5.5736,2026-07-27,1.9591,2026-07-29,5.7671
2026-07-24,UP,15,HINDZINC.NS,0.7626,2.1827,2.6237,2026-07-27,-0.4324,2026-07-29,0.8929
2026-07-24,UP,16,HAVELLS.NS,0.75,2.7456,3.3353,2026-07-27,0.8558,2026-07-29,0.8232
2026-07-24,UP,17,BAJAJ-AUTO.NS,0.7333,2.2263,6.5786,2026-07-27,0.4807,2026-07-29,1.8688
2026-07-24,UP,18,SBILIFE.NS,0.7254,2.4523,1.5962,2026-07-27,0.4412,2026-07-29,1.9531
2026-07-24,UP,19,PARAS.NS,0.7246,4.3179,1.6067,2026-07-27,2.1837,2026-07-29,1.4391
2026-07-24,UP,20,CANBK.NS,0.721,2.7332,0.512,2026-07-27,1.2813,2026-07-29,-0.7402
2026-07-24,DN,1,MAPMYINDIA.NS,0.886,6.3868,-4.7696,2026-07-27,1.3428,2026-07-29,4.1178
2026-07-24,DN,2,OFSS.NS,0.8518,4.3198,-9.5064,2026-07-27,4.1025,2026-07-29,7.2756
2026-07-24,DN,3,MRPL.NS,0.8336,5.3587,-2.7165,2026-07-27,-4.3947,2026-07-29,-3.7349
2026-07-24,DN,4,MASTEK.NS,0.8296,3.8859,-4.609,2026-07-27,2.407,2026-07-29,12.5909
2026-07-24,DN,5,MPHASIS.NS,0.8237,3.8282,-4.4315,2026-07-27,1.9492,2026-07-29,3.1992
2026-07-24,DN,6,SRF.NS,0.822,3.4858,-7.3051,2026-07-27,-1.0583,2026-07-29,-0.7843
2026-07-24,DN,7,ADANIGREEN.NS,0.8198,4.376,-7.8473,2026-07-27,0.3297,2026-07-29,-1.5769
2026-07-24,DN,8,HFCL.NS,0.8138,5.3275,-7.6559,2026-07-27,-2.1895,2026-07-29,-1.6713
2026-07-24,DN,9,KALYANKJIL.NS,0.8033,5.7692,-0.148,2026-07-27,-1.5605,2026-07-29,9.5981
2026-07-24,DN,10,AMBER.NS,0.8031,3.2756,-6.9575,2026-07-27,0.2617,2026-07-29,2.0657
2026-07-24,DN,11,METROBRAND.NS,0.7971,3.2586,-4.6112,2026-07-27,0.959,2026-07-29,1.0471
2026-07-24,DN,12,INFY.NS,0.7841,2.9055,-5.0707,2026-07-27,3.6795,2026-07-29,11.0193
2026-07-24,DN,13,HDFCBANK.NS,0.7756,2.155,-9.3704,2026-07-27,-0.4375,2026-07-29,0.727
2026-07-24,DN,14,INDIAMART.NS,0.7703,3.363,-7.8635,2026-07-27,-0.0114,2026-07-29,-0.5057
2026-07-24,DN,15,RATEGAIN.NS,0.7486,4.0998,-5.2908,2026-07-27,0.5997,2026-07-29,2.5267
2026-07-24,DN,16,AXISBANK.NS,0.7399,2.463,-7.6176,2026-07-27,0.0163,2026-07-29,0.66
2026-07-24,DN,17,SOBHA.NS,0.7367,3.7856,-6.8194,2026-07-27,-0.0807,2026-07-29,0.1028
2026-07-24,DN,18,CHOLAFIN.NS,0.736,2.7475,-4.4601,2026-07-27,3.5259,2026-07-29,4.5523
2026-07-24,DN,19,GODREJPROP.NS,0.7322,3.5526,-3.4918,2026-07-27,2.4696,2026-07-29,6.275
2026-07-24,DN,20,GRANULES.NS,0.7273,3.4037,-5.3644,2026-07-27,1.1097,2026-07-29,0.9957
2026-07-27,UP,1,STLTECH.NS,0.9831,6.44,10.2859,2026-07-28,-4.5643,2026-07-30,-4.4743
2026-07-27,UP,2,ATUL.NS,0.9387,3.1361,11.4586,2026-07-28,-2.0546,2026-07-30,0.1988
2026-07-27,UP,3,SAPPHIRE.NS,0.9297,3.5716,3.2791,2026-07-28,-1.5287,2026-07-30,4.3615
2026-07-27,UP,4,DATAPATTNS.NS,0.8848,4.4201,14.7393,2026-07-28,-4.3067,2026-07-30,-2.553
2026-07-27,UP,5,LAURUSLABS.NS,0.8775,2.6526,9.9108,2026-07-28,2.6555,2026-07-30,3.9629
2026-07-27,UP,6,KPITTECH.NS,0.861,2.8787,4.2766,2026-07-28,2.9477,2026-07-30,0.7775
2026-07-27,UP,7,MANAPPURAM.NS,0.8353,2.8256,6.7487,2026-07-28,0.3891,2026-07-30,2.3621
2026-07-27,UP,8,M&MFIN.NS,0.8277,4.0909,12.5407,2026-07-28,2.8926,2026-07-30,8.1405
2026-07-27,UP,9,IDFCFIRSTB.NS,0.8223,2.586,3.7907,2026-07-28,1.025,2026-07-30,-0.1414
2026-07-27,UP,10,COFORGE.NS,0.8221,3.348,1.3931,2026-07-28,10.3114,2026-07-30,14.296
2026-07-27,UP,11,ICICIGI.NS,0.8159,3.6781,3.663,2026-07-28,0.1666,2026-07-30,-2.564
2026-07-27,UP,12,HCLTECH.NS,0.8142,2.832,6.1082,2026-07-28,1.7517,2026-07-30,4.3831
2026-07-27,UP,13,EMAMILTD.NS,0.7931,2.8573,2.2091,2026-07-28,-1.6904,2026-07-30,-2.596
2026-07-27,UP,14,WHIRLPOOL.NS,0.7833,2.3766,2.7471,2026-07-28,-1.8118,2026-07-30,1.3714
2026-07-27,UP,15,JINDALSTEL.NS,0.7662,2.2272,3.1356,2026-07-28,-1.0603,2026-07-30,2.6274
2026-07-27,UP,16,PIDILITIND.NS,0.765,2.3557,2.9059,2026-07-28,0.5151,2026-07-30,1.1543
2026-07-27,UP,17,MAPMYINDIA.NS,0.7647,6.3728,3.1996,2026-07-28,0.3577,2026-07-30,4.6506
2026-07-27,UP,18,SHRIRAMFIN.NS,0.7551,3.3423,0.2704,2026-07-28,0.2601,2026-07-30,-1.0595
2026-07-27,UP,19,LTTS.NS,0.7547,3.6632,4.4365,2026-07-28,2.893,2026-07-30,1.7438
2026-07-27,UP,20,GRSE.NS,0.7507,2.1163,3.3493,2026-07-28,-1.39,2026-07-30,-2.3154
2026-07-27,DN,1,MRPL.NS,0.8784,5.885,-5.0491,2026-07-28,-1.3926,2026-07-30,2.8036
2026-07-27,DN,2,SRF.NS,0.8458,3.5504,-8.1903,2026-07-28,-0.1176,2026-07-30,-1.2024
2026-07-27,DN,3,KALYANKJIL.NS,0.8422,5.7367,-0.9474,2026-07-28,7.7488,2026-07-30,12.3982
2026-07-27,DN,4,AMBER.NS,0.825,3.1586,-7.361,2026-07-28,-0.9821,2026-07-30,1.6551
2026-07-27,DN,5,ADANIGREEN.NS,0.8211,4.2484,-8.5163,2026-07-28,-1.5646,2026-07-30,-2.9292
2026-07-27,DN,6,OFSS.NS,0.8164,4.3763,-4.5697,2026-07-28,2.2094,2026-07-30,0.4238
2026-07-27,DN,7,UNIONBANK.NS,0.8064,3.6128,-3.3081,2026-07-28,-1.0993,2026-07-30,0.1705
2026-07-27,DN,8,MPHASIS.NS,0.7913,3.7078,-3.3438,2026-07-28,3.4638,2026-07-30,0.6002
2026-07-27,DN,9,DRREDDY.NS,0.7865,3.0941,-5.9112,2026-07-28,-1.3208,2026-07-30,-0.5214
2026-07-27,DN,10,INDIAMART.NS,0.7841,3.2542,-8.9606,2026-07-28,-0.949,2026-07-30,-0.9433
2026-07-27,DN,11,HFCL.NS,0.7765,5.3484,-7.446,2026-07-28,-2.1554,2026-07-30,-4.0771
2026-07-27,DN,12,SHYAMMETL.NS,0.7718,3.6925,-1.8863,2026-07-28,-0.7825,2026-07-30,-1.2366
2026-07-27,DN,13,OIL.NS,0.7528,2.517,-2.5466,2026-07-28,0.5882,2026-07-30,3.371
2026-07-27,DN,14,RATEGAIN.NS,0.752,4.1707,-4.4968,2026-07-28,0.2705,2026-07-30,-1.0322
2026-07-27,DN,15,BLUESTARCO.NS,0.7458,3.025,-4.1475,2026-07-28,0.1217,2026-07-30,2.9333
2026-07-27,DN,16,JINDALPOLY.NS,0.7336,4.337,-4.6304,2026-07-28,-0.8341,2026-07-30,-0.8892
2026-07-27,DN,17,SOBHA.NS,0.723,3.7142,-6.4917,2026-07-28,-1.2342,2026-07-30,-1.2342
2026-07-27,DN,18,ROUTE.NS,0.7223,5.4952,-3.842,2026-07-28,1.9885,2026-07-30,1.6093
2026-07-27,DN,19,ERIS.NS,0.6958,2.933,-4.0867,2026-07-28,-0.9049,2026-07-30,-2.0164
2026-07-27,DN,20,VOLTAS.NS,0.6951,2.8218,-2.8068,2026-07-28,-0.6215,2026-07-30,1.0536
2026-07-28,UP,1,MASTEK.NS,0.9632,3.8806,7.2598,2026-07-29,1.6227,None,None
2026-07-28,UP,2,COFORGE.NS,0.9617,3.3757,12.8514,2026-07-29,1.7141,None,None
2026-07-28,UP,3,ATUL.NS,0.899,3.3394,7.4053,2026-07-29,2.2331,None,None
2026-07-28,UP,4,KPITTECH.NS,0.8734,2.8497,6.7322,2026-07-29,6.0254,None,None
2026-07-28,UP,5,LAURUSLABS.NS,0.8654,2.6141,10.4005,2026-07-29,1.2735,None,None
2026-07-28,UP,6,TCS.NS,0.8602,2.6817,7.9645,2026-07-29,2.0267,None,None
2026-07-28,UP,7,LTTS.NS,0.8593,3.562,8.8586,2026-07-29,-0.3973,None,None
2026-07-28,UP,8,PERSISTENT.NS,0.8585,3.1083,4.0123,2026-07-29,1.0113,None,None
2026-07-28,UP,9,INFY.NS,0.8524,2.8528,2.9995,2026-07-29,4.513,None,None
2026-07-28,UP,10,DATAPATTNS.NS,0.8407,4.703,3.247,2026-07-29,1.2529,None,None
2026-07-28,UP,11,MPHASIS.NS,0.8302,3.5094,1.4033,2026-07-29,-2.1628,None,None
2026-07-28,UP,12,GLAXO.NS,0.8139,2.6126,5.0267,2026-07-29,-0.2355,None,None
2026-07-28,UP,13,RADICO.NS,0.8098,2.2975,4.9237,2026-07-29,1.9605,None,None
2026-07-28,UP,14,IDFCFIRSTB.NS,0.8068,2.4773,5.0086,2026-07-29,-0.8513,None,None
2026-07-28,UP,15,HCLTECH.NS,0.8037,2.8445,6.3816,2026-07-29,1.949,None,None
2026-07-28,UP,16,M&MFIN.NS,0.8034,4.2025,6.76,2026-07-29,5.4217,None,None
2026-07-28,UP,17,POLYCAB.NS,0.7959,2.6773,2.4485,2026-07-29,-0.8168,None,None
2026-07-28,UP,18,TVSMOTOR.NS,0.7924,2.5366,5.3138,2026-07-29,2.0558,None,None
2026-07-28,UP,19,TECHM.NS,0.7871,2.9175,3.7366,2026-07-29,0.5504,None,None
2026-07-28,UP,20,PFIZER.NS,0.78,2.2391,2.5559,2026-07-29,0.9425,None,None
2026-07-28,DN,1,MRPL.NS,0.8905,5.8212,-9.2337,2026-07-29,2.1121,None,None
2026-07-28,DN,2,SRF.NS,0.8495,3.3626,-10.3981,2026-07-29,0.3949,None,None
2026-07-28,DN,3,HFCL.NS,0.8444,5.5679,-13.5707,2026-07-29,2.7443,None,None
2026-07-28,DN,4,JPPOWER.NS,0.8,2.9846,-4.6761,2026-07-29,0.7092,None,None
2026-07-28,DN,5,METROBRAND.NS,0.7966,3.2414,-4.4782,2026-07-29,0.6433,None,None
2026-07-28,DN,6,INDIAMART.NS,0.7924,3.2587,-9.1241,2026-07-29,0.459,None,None
2026-07-28,DN,7,JINDALPOLY.NS,0.7849,4.1904,-5.9342,2026-07-29,1.0871,None,None
2026-07-28,DN,8,ADANIGREEN.NS,0.7837,4.2024,-10.6427,2026-07-29,-0.3411,None,None
2026-07-28,DN,9,UNIONBANK.NS,0.7832,3.4882,-4.4688,2026-07-29,1.6881,None,None
2026-07-28,DN,10,ROUTE.NS,0.7822,5.4334,-4.2712,2026-07-29,-0.5078,None,None
2026-07-28,DN,11,TORNTPHARM.NS,0.7472,3.125,-2.825,2026-07-29,-0.4042,None,None
2026-07-28,DN,12,CENTUM.NS,0.7356,3.7146,-6.9118,2026-07-29,3.5476,None,None
2026-07-28,DN,13,RATNAMANI.NS,0.7288,3.0636,-7.1842,2026-07-29,1.3877,None,None
2026-07-28,DN,14,SOBHA.NS,0.7273,3.6315,-7.6839,2026-07-29,1.4356,None,None
2026-07-28,DN,15,OFSS.NS,0.7269,4.3611,-2.5619,2026-07-29,0.8205,None,None
2026-07-28,DN,16,TEJASNET.NS,0.7239,3.8373,-8.0115,2026-07-29,5.1993,None,None
2026-07-28,DN,17,AMBER.NS,0.7183,3.0394,-5.4185,2026-07-29,2.809,None,None
2026-07-28,DN,18,ERIS.NS,0.7107,2.8986,-5.3878,2026-07-29,2.5669,None,None
2026-07-28,DN,19,EXIDEIND.NS,0.7069,2.981,-4.5214,2026-07-29,2.8932,None,None
2026-07-28,DN,20,SHRIRAMFIN.NS,0.6982,3.0022,-1.9407,2026-07-29,0.3651,None,None
2026-07-29,UP,1,KPITTECH.NS,0.9527,3.2446,15.1108,2026-07-30,-7.6712,None,None
2026-07-29,UP,2,COFORGE.NS,0.9456,3.4334,16.5489,2026-07-30,1.866,None,None
2026-07-29,UP,3,MASTEK.NS,0.9411,3.8404,10.9829,2026-07-30,1.3867,None,None
2026-07-29,UP,4,SAPPHIRE.NS,0.9288,3.8777,7.3261,2026-07-30,0.8158,None,None
2026-07-29,UP,5,ATUL.NS,0.9148,3.2891,10.7699,2026-07-30,0.0662,None,None
2026-07-29,UP,6,INFY.NS,0.8985,2.9144,9.8375,2026-07-30,-0.0433,None,None
2026-07-29,UP,7,SAIL.NS,0.8719,2.7889,5.5439,2026-07-30,-1.1172,None,None
2026-07-29,UP,8,CHOLAFIN.NS,0.8584,3.074,4.3345,2026-07-30,-1.6141,None,None
2026-07-29,UP,9,MAPMYINDIA.NS,0.8517,5.6929,11.3654,2026-07-30,1.8614,None,None
2026-07-29,UP,10,TCS.NS,0.8461,2.7116,10.7911,2026-07-30,-0.6049,None,None
2026-07-29,UP,11,CRAFTSMAN.NS,0.8362,2.6743,5.4574,2026-07-30,1.3518,None,None
2026-07-29,UP,12,MPHASIS.NS,0.8241,3.7301,3.8482,2026-07-30,-0.6183,None,None
2026-07-29,UP,13,LAURUSLABS.NS,0.8202,2.497,12.8977,2026-07-30,0.0,None,None
2026-07-29,UP,14,OFSS.NS,0.8123,4.2606,5.3083,2026-07-30,-2.5466,None,None
2026-07-29,UP,15,WELCORP.NS,0.8039,3.2696,5.286,2026-07-30,-2.475,None,None
2026-07-29,UP,16,RADICO.NS,0.7998,2.4438,5.4563,2026-07-30,-0.1646,None,None
2026-07-29,UP,17,PERSISTENT.NS,0.7852,3.0859,7.541,2026-07-30,0.5727,None,None
2026-07-29,UP,18,CROMPTON.NS,0.7808,2.7179,3.3438,2026-07-30,-1.4948,None,None
2026-07-29,UP,19,ZENSARTECH.NS,0.7796,5.385,7.5384,2026-07-30,-2.6264,None,None
2026-07-29,UP,20,RATEGAIN.NS,0.7791,3.7507,2.9842,2026-07-30,-2.8923,None,None
2026-07-29,DN,1,MRPL.NS,0.8898,5.7052,-6.4411,2026-07-30,2.099,None,None
2026-07-29,DN,2,HFCL.NS,0.833,5.6335,-11.1703,2026-07-30,-4.5826,None,None
2026-07-29,DN,3,STLTECH.NS,0.8209,6.5178,-5.968,2026-07-30,2.0387,None,None
2026-07-29,DN,4,TORNTPHARM.NS,0.8133,3.1397,-3.0774,2026-07-30,-0.1312,None,None
2026-07-29,DN,5,SRF.NS,0.8079,3.2089,-7.7916,2026-07-30,-1.4751,None,None
2026-07-29,DN,6,DATAPATTNS.NS,0.7857,4.6527,-7.2384,2026-07-30,0.5725,None,None
2026-07-29,DN,7,METROBRAND.NS,0.7855,3.0748,-2.75,2026-07-30,-0.2808,None,None
2026-07-29,DN,8,JPPOWER.NS,0.7576,2.8043,-1.8998,2026-07-30,1.6432,None,None
2026-07-29,DN,9,ADANIGREEN.NS,0.7293,4.1455,-6.7378,2026-07-30,-1.0487,None,None
2026-07-29,DN,10,SHRIRAMFIN.NS,0.726,2.9455,-1.3317,2026-07-30,-1.6751,None,None
2026-07-29,DN,11,M&MFIN.NS,0.72,4.283,4.1253,2026-07-30,-0.3048,None,None
2026-07-29,DN,12,OIL.NS,0.7171,2.6417,-0.7204,2026-07-30,2.0094,None,None
2026-07-29,DN,13,SUZLON.NS,0.7094,3.0513,-10.4886,2026-07-30,-0.1054,None,None
2026-07-29,DN,14,EXIDEIND.NS,0.7043,2.9898,-2.7241,2026-07-30,3.9137,None,None
2026-07-29,DN,15,HINDUNILVR.NS,0.6931,2.2904,-1.708,2026-07-30,-0.4675,None,None
2026-07-29,DN,16,INDUSINDBK.NS,0.6792,2.4668,-5.3306,2026-07-30,-0.084,None,None
2026-07-29,DN,17,SOBHA.NS,0.6759,3.5513,-4.3689,2026-07-30,-1.4153,None,None
2026-07-29,DN,18,ADANIENSOL.NS,0.6685,3.2918,-3.2823,2026-07-30,-0.5276,None,None
2026-07-29,DN,19,PGHH.NS,0.6601,1.7532,-4.4558,2026-07-30,-1.413,None,None
2026-07-29,DN,20,BIOCON.NS,0.6551,2.8267,-1.5641,2026-07-30,-1.3338,None,None
2026-07-30,UP,1,SAPPHIRE.NS,0.95,4.2744,8.4963,None,None,None,None
2026-07-30,UP,2,COFORGE.NS,0.9338,3.404,21.3209,None,None,None,None
2026-07-30,UP,3,MASTEK.NS,0.9203,3.6987,14.9339,None,None,None,None
2026-07-30,UP,4,KPITTECH.NS,0.9157,3.9908,7.0521,None,None,None,None
2026-07-30,UP,5,VGUARD.NS,0.9066,3.025,7.5577,None,None,None,None
2026-07-30,UP,6,PERSISTENT.NS,0.8966,3.0607,10.2521,None,None,None,None
2026-07-30,UP,7,MOIL.NS,0.8934,2.7411,8.4557,None,None,None,None
2026-07-30,UP,8,INFY.NS,0.887,2.8903,10.2826,None,None,None,None
2026-07-30,UP,9,MPHASIS.NS,0.8645,3.6955,5.1201,None,None,None,None
2026-07-30,UP,10,CRAFTSMAN.NS,0.863,2.9668,7.8988,None,None,None,None
2026-07-30,UP,11,MGL.NS,0.8373,2.7435,4.7873,None,None,None,None
2026-07-30,UP,12,RBLBANK.NS,0.8257,2.5724,6.8391,None,None,None,None
2026-07-30,UP,13,TECHM.NS,0.814,2.843,7.276,None,None,None,None
2026-07-30,UP,14,RADICO.NS,0.8078,2.5631,7.4115,None,None,None,None
2026-07-30,UP,15,ATUL.NS,0.8056,3.2591,10.9788,None,None,None,None
2026-07-30,UP,16,LAURUSLABS.NS,0.8005,2.4236,13.5816,None,None,None,None
2026-07-30,UP,17,WHIRLPOOL.NS,0.7811,2.5639,4.5345,None,None,None,None
2026-07-30,UP,18,TCS.NS,0.777,2.6935,8.4221,None,None,None,None
2026-07-30,UP,19,KALYANKJIL.NS,0.7554,4.527,8.3675,None,None,None,None
2026-07-30,UP,20,DIVISLAB.NS,0.751,2.2381,7.2553,None,None,None,None
2026-07-30,DN,1,ROUTE.NS,0.8904,5.6526,-8.5186,None,None,None,None
2026-07-30,DN,2,MRPL.NS,0.8692,5.5699,-5.1776,None,None,None,None
2026-07-30,DN,3,TORNTPHARM.NS,0.8397,3.0832,-3.8123,None,None,None,None
2026-07-30,DN,4,STLTECH.NS,0.8123,6.6111,-3.3342,None,None,None,None
2026-07-30,DN,5,HFCL.NS,0.8118,6.0453,-10.7821,None,None,None,None
2026-07-30,DN,6,DATAPATTNS.NS,0.7907,4.647,-2.9473,None,None,None,None
2026-07-30,DN,7,OIL.NS,0.7821,2.6983,-0.4141,None,None,None,None
2026-07-30,DN,8,SUZLON.NS,0.7529,3.1917,-9.5247,None,None,None,None
2026-07-30,DN,9,SHYAMMETL.NS,0.7458,3.4715,-1.6783,None,None,None,None
2026-07-30,DN,10,HINDUNILVR.NS,0.74,2.3388,-2.4933,None,None,None,None
2026-07-30,DN,11,DEEPAKFERT.NS,0.7184,3.7886,-3.0311,None,None,None,None
2026-07-30,DN,12,PGHH.NS,0.7135,1.8626,-5.6434,None,None,None,None
2026-07-30,DN,13,M&MFIN.NS,0.7015,4.2934,5.9943,None,None,None,None
2026-07-30,DN,14,EMAMILTD.NS,0.6958,2.8564,-3.0991,None,None,None,None
2026-07-30,DN,15,BAJAJ-AUTO.NS,0.6949,2.2306,1.3161,None,None,None,None
2026-07-30,DN,16,RAJESHEXPO.NS,0.6941,4.3442,-8.0251,None,None,None,None
2026-07-30,DN,17,TIINDIA.NS,0.6914,3.3225,-4.8044,None,None,None,None
2026-07-30,DN,18,COLPAL.NS,0.6727,2.7022,-0.0479,None,None,None,None
2026-07-30,DN,19,CENTUM.NS,0.6647,3.8452,-3.4699,None,None,None,None
2026-07-30,DN,20,FEDERALBNK.NS,0.6631,2.0855,-0.0705,None,None,None,None
